date,open,high,low,close,volume
2017-01-02,6788.0,6794.0,6750.0,6764.0,820.0
2017-01-03,6768.0,6796.0,6720.0,6776.0,1350.0
2017-01-04,6780.0,6780.0,6750.0,6754.0,450.0
2017-01-05,6760.0,6764.0,6724.0,6734.0,780.0
2017-01-06,6712.0,6760.0,6712.0,6752.0,300.0
2017-01-09,6776.0,6790.0,6732.0,6744.0,670.0
2017-01-10,6702.0,6734.0,6562.0,6602.0,3090.0
2017-01-11,6600.0,6666.0,6592.0,6608.0,1140.0
2017-01-12,6600.0,6644.0,6600.0,6620.0,410.0
2017-01-13,6620.0,6648.0,6610.0,6622.0,460.0
2017-01-16,6612.0,6630.0,6538.0,6576.0,720.0
2017-01-17,6570.0,6634.0,6550.0,6626.0,1300.0
2017-01-19,6840.0,6890.0,6806.0,6852.0,2570.0
2017-01-20,6842.0,6950.0,6842.0,6944.0,2680.0
2017-01-23,6970.0,7078.0,6962.0,7058.0,4000.0
2017-01-24,7030.0,7096.0,6918.0,6918.0,2960.0
2017-01-25,6920.0,6920.0,6680.0,6776.0,6670.0
2017-01-27,6780.0,6792.0,6660.0,6698.0,1950.0
2017-01-30,6712.0,6712.0,6582.0,6626.0,2220.0
2017-01-31,6680.0,6770.0,6638.0,6758.0,2410.0
2017-02-01,6752.0,6880.0,6720.0,6834.0,2100.0
2017-02-02,6858.0,6858.0,6734.0,6794.0,1130.0
2017-02-03,6800.0,6846.0,6750.0,6780.0,820.0
2017-02-06,6800.0,6800.0,6720.0,6750.0,1200.0
2017-02-07,6738.0,6940.0,6738.0,6904.0,3230.0
2017-02-08,6920.0,6936.0,6872.0,6922.0,1240.0
2017-02-09,6910.0,6910.0,6832.0,6862.0,1250.0
2017-02-10,6850.0,6890.0,6780.0,6804.0,2029.9999999999998
2017-02-13,6802.0,6870.0,6800.0,6832.0,900.0
2017-02-14,6858.0,6858.0,6790.0,6844.0,1230.0
2017-02-15,6810.0,7030.0,6800.0,6988.0,3640.0
2017-02-16,6980.0,7050.0,6910.0,6928.0,2470.0
2017-02-17,6906.0,6916.0,6810.0,6834.0,2860.0
2017-02-20,6818.0,6850.0,6780.0,6802.0,1670.0
2017-02-21,6800.0,6840.0,6710.0,6738.0,2810.0
2017-02-22,6740.0,6998.0,6712.0,6892.0,5230.0
2017-02-23,6832.0,6878.0,6760.0,6798.0,1960.0
2017-02-24,6798.0,6798.0,6798.0,6798.0,
2017-02-27,6780.0,6810.0,6664.0,6776.0,3770.0
2017-02-28,6780.0,6960.0,6780.0,6876.0,4830.0
2017-03-01,6842.0,6848.0,6692.0,6758.0,4420.0
2017-03-02,6740.0,6818.0,6740.0,6794.0,1810.0
2017-03-03,6798.0,6928.0,6798.0,6838.0,3280.0
2017-03-06,6820.0,6842.0,6708.0,6742.0,4440.0
2017-03-07,6724.0,6820.0,6610.0,6644.0,6760.0
2017-03-08,6610.0,6670.0,6544.0,6624.0,3670.0
2017-03-09,6646.0,6646.0,6500.0,6558.0,3820.0
2017-03-10,6550.0,6800.0,6550.0,6692.0,7560.0
2017-03-14,6666.0,6670.0,6602.0,6618.0,2660.0
2017-03-15,6612.0,6660.0,6526.0,6550.0,3870.0
2017-03-16,6550.0,6610.0,6514.0,6532.0,2240.0
2017-03-17,6554.0,6576.0,6376.0,6408.0,4059.9999999999995
2017-03-20,6368.0,6440.0,6366.0,6394.0,2050.0
2017-03-21,6400.0,6486.0,6302.0,6348.0,2910.0
2017-03-22,6328.0,6376.0,6222.0,6260.0,3630.0
2017-03-23,6270.0,6510.0,6270.0,6444.0,5110.0
2017-03-24,6440.0,6548.0,6316.0,6352.0,5170.0
2017-03-27,6368.0,6450.0,6312.0,6384.0,2320.0
2017-03-28,6382.0,6420.0,6262.0,6342.0,4300.0
2017-03-29,6342.0,6380.0,6306.0,6328.0,1270.0
2017-03-30,6326.0,6400.0,6290.0,6312.0,1730.0
2017-03-31,6334.0,6366.0,6270.0,6278.0,1870.0
2017-04-03,6304.0,6332.0,6212.0,6304.0,3240.0
2017-04-04,6304.0,6304.0,6304.0,6304.0,
2017-04-06,6322.0,6348.0,6212.0,6212.0,4500.0
2017-04-07,6210.0,6300.0,6148.0,6174.0,4540.0
2017-04-10,6180.0,6238.0,6090.0,6160.0,5560.0
2017-04-11,6148.0,6200.0,6112.0,6138.0,2260.0
2017-04-12,6144.0,6144.0,6050.0,6086.0,250.0
2017-04-13,6150.0,6206.0,6132.0,6172.0,270.0
2017-04-17,6148.0,6150.0,6034.0,6096.0,340.0
2017-04-18,6006.0,6096.0,5976.0,6044.0,150.0
2017-04-19,6050.0,6050.0,5932.0,6010.0,90.0
2017-04-20,5950.0,6044.0,5900.0,5974.0,350.0
2017-04-21,6150.0,6376.0,6150.0,6216.0,6450.0
2017-04-24,6182.0,6272.0,6152.0,6214.0,2410.0
2017-04-25,6220.0,6262.0,6184.0,6220.0,3020.0
2017-04-26,6252.0,6252.0,6150.0,6164.0,3200.0
2017-04-27,6180.0,6198.0,6070.0,6084.0,5350.0
2017-04-28,6080.0,6130.0,6050.0,6058.0,6490.0
2017-05-02,6010.0,6012.0,5816.0,5816.0,7530.0
2017-05-03,5788.0,5788.0,5584.0,5584.0,8170.0
2017-05-04,5522.0,5588.0,5412.0,5446.0,8140.000000000001
2017-05-05,5392.0,5464.0,5300.0,5374.0,7990.0
2017-05-08,5392.0,5462.0,5338.0,5392.0,4100.0
2017-05-09,5420.0,5606.0,5408.0,5600.0,5170.0
2017-05-10,5568.0,5676.0,5488.0,5516.0,6050.0
2017-05-11,5520.0,5610.0,5520.0,5558.0,1670.0
2017-05-12,5668.0,5694.0,5538.0,5660.0,310.0
2017-05-15,5708.0,5708.0,5670.0,5684.0,350.0
2017-05-16,5572.0,5648.0,5568.0,5598.0,250.0
2017-05-17,5680.0,5680.0,5600.0,5622.0,100.0
2017-05-18,5686.0,5686.0,5510.0,5572.0,80.0
2017-05-19,5558.0,5570.0,5540.0,5554.0,140.0
2017-05-22,5606.0,5714.0,5606.0,5652.0,3170.0
2017-05-23,5640.0,5640.0,5452.0,5482.0,3930.0
2017-05-24,5478.0,5480.0,5264.0,5264.0,8570.0
2017-05-25,5234.0,5420.0,5234.0,5392.0,5850.0
2017-05-26,5380.0,5450.0,5348.0,5424.0,3110.0
2017-05-29,5370.0,5386.0,5270.0,5306.0,3810.0
2017-05-30,5300.0,5378.0,5250.0,5330.0,5050.0
2017-05-31,5350.0,5370.0,5262.0,5322.0,2250.0
2017-06-01,5338.0,5380.0,5318.0,5330.0,2110.0
2017-06-02,5330.0,5372.0,5240.0,5310.0,3410.0
2017-06-05,5320.0,5360.0,5280.0,5320.0,6440.0
2017-06-06,5304.0,5530.0,5290.0,5460.0,4870.0
2017-06-07,5422.0,5476.0,5348.0,5358.0,2440.0
2017-06-08,5350.0,5462.0,5338.0,5440.0,4550.0
2017-06-09,5428.0,5598.0,5422.0,5470.0,4970.0
2017-06-12,5490.0,5540.0,5460.0,5510.0,2009.9999999999998
2017-06-13,5540.0,5540.0,5514.0,5534.0,420.0
2017-06-14,5644.0,5720.0,5644.0,5720.0,210.0
2017-06-15,5700.0,5740.0,5630.0,5682.0,50.0
2017-06-16,5574.0,5574.0,5574.0,5574.0,
2017-06-19,5676.0,5676.0,5676.0,5676.0,
2017-06-20,5788.0,5902.0,5788.0,5856.0,700.0
2017-06-21,5910.0,6036.0,5910.0,6016.0,5440.0
2017-06-22,6060.0,6256.0,6060.0,6236.0,6140.0
2017-06-23,6210.0,6250.0,6040.0,6150.0,6730.0
2017-06-27,6182.0,6396.0,6100.0,6374.0,5430.0
2017-06-28,6364.0,6550.0,6364.0,6408.0,4960.0
2017-06-29,6412.0,6412.0,6280.0,6352.0,4380.0
2017-06-30,6358.0,6448.0,6300.0,6378.0,4510.0
2017-07-03,6416.0,6476.0,6340.0,6412.0,3440.0
2017-07-04,6476.0,6498.0,6352.0,6408.0,5260.0
2017-07-05,6376.0,6418.0,6328.0,6372.0,4150.0
2017-07-06,6374.0,6626.0,6330.0,6614.0,5920.0
2017-07-07,6638.0,6874.0,6600.0,6818.0,5300.0
2017-07-10,6894.0,7012.0,6846.0,6916.0,6160.0
2017-07-11,6876.0,7192.0,6870.0,7174.0,2560.0
2017-07-12,7316.0,7454.0,7316.0,7408.0,590.0
2017-07-13,7330.0,7358.0,7200.0,7290.0,220.0
2017-07-14,7208.0,7434.0,7208.0,7322.0,30.0
2017-07-17,7468.0,7468.0,7468.0,7468.0,40.0
2017-07-18,7556.0,7556.0,7396.0,7432.0,100.0
2017-07-19,7402.0,7402.0,7320.0,7360.0,260.0
2017-07-20,7420.0,7420.0,7420.0,7420.0,10.0
2017-07-21,7450.0,7520.0,7172.0,7172.0,9770.0
2017-07-24,7170.0,7244.0,6886.0,7170.0,12590.0
2017-07-25,7190.0,7192.0,6884.0,6924.0,9960.0
2017-07-26,6856.0,7110.0,6786.0,7046.0,9490.0
2017-07-27,7060.0,7144.0,6906.0,7038.0,5410.0
2017-07-28,7030.0,7270.0,7022.0,7244.0,5630.0
2017-07-31,7344.0,7532.0,7344.0,7532.0,8760.0
2017-08-01,7610.0,7682.0,7392.0,7594.0,12080.0
2017-08-02,7562.0,7696.0,7460.0,7574.0,6590.0
2017-08-03,7574.0,7724.0,7510.0,7678.0,6800.0
2017-08-04,7674.0,7756.0,7620.0,7656.0,4510.0
2017-08-07,7726.0,7886.0,7652.0,7698.0,3850.0
2017-08-08,7710.0,7744.0,7640.0,7668.0,2960.0
2017-08-09,7604.0,7646.0,7372.0,7394.0,5350.0
2017-08-10,7380.0,7456.0,7268.0,7328.0,4790.0
2017-08-11,7394.0,7436.0,7294.0,7372.0,1470.0
2017-08-14,7300.0,7462.0,7288.0,7354.0,140.0
2017-08-16,7340.0,7398.0,7314.0,7356.0,190.0
2017-08-17,7330.0,7398.0,7330.0,7380.0,260.0
2017-08-18,7322.0,7500.0,7322.0,7462.0,110.0
2017-08-21,7414.0,7452.0,7324.0,7354.0,3780.0
2017-08-22,7302.0,7410.0,7218.0,7236.0,3480.0
2017-08-23,7254.0,7400.0,7250.0,7354.0,3820.0
2017-08-24,7380.0,7480.0,7360.0,7420.0,4750.0
2017-08-28,7448.0,7500.0,7272.0,7330.0,5270.0
2017-08-29,7320.0,7432.0,7254.0,7324.0,3280.0
2017-08-30,7324.0,7400.0,7324.0,7352.0,1940.0
2017-08-31,7350.0,7386.0,7308.0,7322.0,2810.0
2017-09-01,7330.0,7510.0,7218.0,7484.0,7660.0
2017-09-04,7510.0,7780.0,7510.0,7740.0,4820.0
2017-09-05,7732.0,7868.0,7692.0,7768.0,4550.0
2017-09-06,7798.0,7798.0,7624.0,7642.0,3320.0
2017-09-07,7640.0,7700.0,7550.0,7682.0,1960.0
2017-09-08,7724.0,7758.0,7610.0,7644.0,3370.0
2017-09-11,7610.0,7660.0,7554.0,7600.0,3020.0
2017-09-12,7542.0,7728.0,7542.0,7716.0,640.0
2017-09-13,7714.0,7730.0,7620.0,7690.0,340.0
2017-09-14,7636.0,7660.0,7620.0,7652.0,180.0
2017-09-15,7624.0,7700.0,7620.0,7642.0,390.0
2017-09-18,7560.0,7694.0,7560.0,7610.0,460.0
2017-09-19,7520.0,7534.0,7460.0,7530.0,240.0
2017-09-20,7472.0,7538.0,7436.0,7464.0,3020.0
2017-09-21,7454.0,7498.0,7348.0,7392.0,2190.0
2017-09-22,7362.0,7420.0,7350.0,7374.0,2740.0
2017-09-25,7386.0,7386.0,7084.0,7208.0,5100.0
2017-09-26,7234.0,7310.0,7170.0,7250.0,3530.0
2017-09-27,7210.0,7338.0,7016.0,7232.0,7230.0
2017-09-28,7228.0,7296.0,7192.0,7248.0,3200.0
2017-09-29,7226.0,7392.0,7226.0,7318.0,2480.0
2017-10-03,7428.0,7430.0,7320.0,7356.0,2680.0
2017-10-04,7350.0,7420.0,7326.0,7400.0,2590.0
2017-10-05,7370.0,7452.0,7330.0,7418.0,1540.0
2017-10-06,7394.0,7444.0,7352.0,7394.0,430.0
2017-10-09,7390.0,7420.0,7340.0,7398.0,910.0
2017-10-10,7374.0,7490.0,7374.0,7468.0,1770.0
2017-10-11,7448.0,7616.0,7434.0,7578.0,1470.0
2017-10-12,7670.0,7670.0,7600.0,7616.0,140.0
2017-10-13,7600.0,7600.0,7530.0,7556.0,220.0
2017-10-16,7462.0,7470.0,7380.0,7408.0,1060.0
2017-10-17,7410.0,7468.0,7378.0,7402.0,1210.0
2017-10-18,7380.0,7494.0,7380.0,7462.0,1420.0
2017-10-19,7480.0,7550.0,7462.0,7498.0,680.0
2017-10-23,7480.0,7500.0,7432.0,7462.0,920.0
2017-10-24,7440.0,7470.0,7380.0,7452.0,870.0
2017-10-25,7470.0,7600.0,7426.0,7496.0,3050.0
2017-10-26,7508.0,7508.0,7260.0,7286.0,3700.0
2017-10-27,7300.0,7348.0,7268.0,7324.0,1040.0
2017-10-30,7338.0,7338.0,7076.0,7130.0,2680.0
2017-10-31,7102.0,7102.0,6902.0,7070.0,2670.0
2017-11-01,7036.0,7148.0,7012.0,7054.0,1580.0
2017-11-02,7066.0,7158.0,7066.0,7144.0,1010.0
2017-11-03,7110.0,7230.0,7110.0,7208.0,1280.0
2017-11-06,7212.0,7324.0,7212.0,7258.0,1030.0
2017-11-07,7270.0,7270.0,6968.0,6986.0,2750.0
2017-11-08,7012.0,7098.0,6864.0,7046.0,2150.0
2017-11-09,7120.0,7150.0,6906.0,7054.0,1750.0
2017-11-10,7002.0,7128.0,6914.0,6914.0,1760.0
2017-11-13,6978.0,7030.0,6976.0,7018.0,750.0
2017-11-14,6994.0,6996.0,6952.0,6982.0,20.0
2017-11-15,6900.0,7000.0,6900.0,6972.0,60.0
2017-11-16,7110.0,7110.0,7110.0,7110.0,
2017-11-17,7110.0,7110.0,7110.0,7110.0,
2017-11-20,7100.0,7252.0,7100.0,7252.0,50.0
2017-11-21,7190.0,7248.0,7100.0,7166.0,3200.0
2017-11-22,7152.0,7216.0,7122.0,7140.0,1170.0
2017-11-23,7140.0,7424.0,7112.0,7424.0,4610.0
2017-11-24,7460.0,7572.0,7362.0,7462.0,3490.0
2017-11-27,7572.0,7760.0,7572.0,7760.0,3310.0
2017-11-28,7810.0,7896.0,7670.0,7708.0,3990.0
2017-11-29,7720.0,7750.0,7620.0,7676.0,1710.0
2017-11-30,7660.0,7820.0,7650.0,7780.0,2750.0
2017-12-01,7750.0,7798.0,7490.0,7536.0,2540.0
2017-12-04,7510.0,7582.0,7430.0,7474.0,2009.9999999999998
2017-12-05,7486.0,7522.0,7270.0,7308.0,2470.0
2017-12-06,7368.0,7454.0,7232.0,7420.0,1840.0
2017-12-07,7410.0,7460.0,7378.0,7440.0,1670.0
2017-12-08,7430.0,7440.0,7144.0,7144.0,1410.0
2017-12-11,7004.0,7110.0,6860.0,6928.0,1400.0
2017-12-12,6950.0,7120.0,6950.0,7018.0,90.0
2017-12-14,7140.0,7158.0,7138.0,7146.0,90.0
2017-12-15,7150.0,7200.0,7150.0,7184.0,20.0
2017-12-20,7730.0,7730.0,7730.0,7730.0,
2017-12-21,7720.0,7820.0,7680.0,7710.0,3210.0
2017-12-22,7688.0,7864.0,7654.0,7782.0,2640.0
2017-12-26,7898.0,8066.0,7850.0,7950.0,4670.0
2017-12-27,7880.0,7922.0,7792.0,7844.0,2180.0
2017-12-28,7806.0,7980.0,7806.0,7938.0,1730.0
2017-12-29,7910.0,8020.0,7790.0,7842.0,3040.0
2018-01-01,7876.0,7876.0,7686.0,7792.0,2880.0
2018-01-02,7800.0,7868.0,7658.0,7696.0,1860.0
2018-01-03,7660.0,7750.0,7580.0,7594.0,2710.0
2018-01-04,7590.0,7666.0,7508.0,7550.0,2240.0
2018-01-05,7540.0,7578.0,7450.0,7540.0,2740.0
2018-01-08,7528.0,7778.0,7494.0,7610.0,4120.0
2018-01-09,7626.0,7686.0,7488.0,7508.0,2460.0
2018-01-10,7512.0,7550.0,7382.0,7530.0,3330.0
2018-01-11,7502.0,7618.0,7502.0,7572.0,1670.0
2018-01-12,7600.0,7722.0,7600.0,7638.0,2560.0
2018-01-15,7610.0,7666.0,7520.0,7570.0,1590.0
2018-01-16,7552.0,7562.0,7500.0,7530.0,1320.0
2018-01-17,7520.0,7600.0,7470.0,7564.0,2290.0
2018-01-18,7552.0,7640.0,7502.0,7538.0,1360.0
2018-01-19,7526.0,7574.0,7260.0,7330.0,4200.0
2018-01-22,7322.0,7374.0,7230.0,7322.0,2710.0
2018-01-23,7312.0,7450.0,7312.0,7400.0,2800.0
2018-01-24,7418.0,7452.0,7290.0,7326.0,1970.0
2018-01-25,7290.0,7420.0,7266.0,7356.0,2870.0
2018-01-29,7348.0,7418.0,7210.0,7256.0,2720.0
2018-01-30,7250.0,7260.0,7154.0,7186.0,2420.0
2018-01-31,7200.0,7290.0,7126.0,7234.0,3210.0
2018-02-01,7220.0,7248.0,7130.0,7190.0,1350.0
2018-02-02,7128.0,7218.0,7128.0,7148.0,2300.0
2018-02-05,7150.0,7220.0,7058.0,7104.0,2460.0
2018-02-06,7090.0,7164.0,7040.0,7112.0,2290.0
2018-02-07,7122.0,7388.0,7106.0,7352.0,4910.0
2018-02-08,7370.0,7370.0,7228.0,7244.0,1860.0
2018-02-09,7260.0,7300.0,7182.0,7278.0,1190.0
2018-02-12,7278.0,7398.0,7224.0,7266.0,2560.0
2018-02-14,7250.0,7336.0,7130.0,7216.0,2800.0
2018-02-15,7238.0,7238.0,7162.0,7216.0,1490.0
2018-02-16,7238.0,7294.0,7176.0,7258.0,2070.0
2018-02-19,7226.0,7292.0,7114.0,7114.0,2080.0
2018-02-20,7060.0,7118.0,6900.0,6950.0,5410.0
2018-02-21,6886.0,7070.0,6886.0,6984.0,2490.0
2018-02-22,6950.0,7060.0,6936.0,6994.0,2610.0
2018-02-23,7000.0,7034.0,6862.0,6898.0,3670.0
2018-02-26,6874.0,6874.0,6710.0,6746.0,3220.0
2018-02-27,6750.0,6770.0,6636.0,6660.0,2990.0
2018-02-28,6612.0,6710.0,6552.0,6578.0,3250.0
2018-03-01,6550.0,6620.0,6506.0,6530.0,2900.0
2018-03-05,6550.0,6590.0,6444.0,6470.0,3020.0
2018-03-06,6496.0,6564.0,6454.0,6526.0,2240.0
2018-03-07,6530.0,6786.0,6530.0,6786.0,6250.0
2018-03-08,6806.0,6806.0,6656.0,6736.0,3300.0
2018-03-09,6712.0,6950.0,6690.0,6840.0,5710.0
2018-03-12,6896.0,6964.0,6704.0,6720.0,4590.0
2018-03-13,6666.0,6834.0,6666.0,6764.0,3450.0
2018-03-14,6766.0,6800.0,6742.0,6772.0,2100.0
2018-03-15,6764.0,6828.0,6728.0,6812.0,2070.0
2018-03-16,6884.0,6948.0,6802.0,6924.0,3650.0
2018-03-19,6970.0,7176.0,6948.0,7074.0,8820.0
2018-03-20,7024.0,7024.0,6800.0,6822.0,4870.0
2018-03-21,6814.0,6912.0,6740.0,6812.0,3580.0
2018-03-22,6810.0,6850.0,6764.0,6812.0,1970.0
2018-03-23,6820.0,6820.0,6614.0,6678.0,3360.0
2018-03-26,6666.0,6736.0,6500.0,6662.0,4190.0
2018-03-27,6662.0,6662.0,6534.0,6556.0,1560.0
2018-03-28,6588.0,6686.0,6570.0,6614.0,1990.0
2018-04-02,6648.0,6648.0,6474.0,6518.0,1970.0
2018-04-03,6530.0,6590.0,6492.0,6568.0,1980.0
2018-04-04,6578.0,6586.0,6466.0,6486.0,1960.0
2018-04-05,6500.0,6506.0,6404.0,6444.0,2510.0
2018-04-06,6460.0,6490.0,6400.0,6454.0,2029.9999999999998
2018-04-09,6330.0,6414.0,6316.0,6342.0,4150.0
2018-04-10,6380.0,6494.0,6370.0,6430.0,5220.0
2018-04-11,6400.0,6646.0,6400.0,6598.0,2270.0
2018-04-12,6580.0,6724.0,6580.0,6662.0,320.0
2018-04-13,6648.0,6702.0,6648.0,6694.0,230.0
2018-04-16,6770.0,6770.0,6770.0,6770.0,10.0
2018-04-17,6800.0,6800.0,6700.0,6768.0,60.0
2018-04-18,6806.0,6848.0,6790.0,6794.0,2520.0
2018-04-19,6800.0,6900.0,6800.0,6868.0,50.0
2018-04-20,6800.0,6800.0,6800.0,6800.0,50.0
2018-04-23,6948.0,7018.0,6868.0,6902.0,3460.0
2018-04-24,6890.0,6908.0,6774.0,6782.0,3460.0
2018-04-25,6782.0,6890.0,6710.0,6860.0,3690.0
2018-04-26,6892.0,7042.0,6892.0,7020.0,3930.0
2018-04-27,7040.0,7106.0,6902.0,6926.0,4240.0
2018-04-30,6988.0,7168.0,6976.0,7144.0,4830.0
2018-05-02,7186.0,7426.0,7186.0,7410.0,6950.0
2018-05-03,7448.0,7480.0,7262.0,7262.0,5110.0
2018-05-04,7290.0,7552.0,7162.0,7552.0,6630.0
2018-05-07,7660.0,7702.0,7510.0,7600.0,4870.0
2018-05-08,7512.0,7638.0,7430.0,7440.0,4940.0
2018-05-09,7450.0,7532.0,7300.0,7318.0,3460.0
2018-05-10,7376.0,7390.0,7260.0,7364.0,3130.0
2018-05-11,7400.0,7450.0,7294.0,7356.0,840.0
2018-05-14,7250.0,7264.0,7170.0,7224.0,590.0
2018-05-15,7190.0,7250.0,7134.0,7202.0,80.0
2018-05-16,7300.0,7346.0,7298.0,7308.0,60.0
2018-05-17,7162.0,7162.0,7162.0,7162.0,20.0
2018-05-18,7302.0,7302.0,7302.0,7302.0,30.0
2018-05-21,7250.0,7272.0,7156.0,7208.0,2770.0
2018-05-22,7230.0,7300.0,7126.0,7280.0,5120.0
2018-05-23,7284.0,7360.0,7224.0,7250.0,4870.0
2018-05-24,7260.0,7284.0,7180.0,7204.0,3410.0
2018-05-25,7210.0,7256.0,7100.0,7146.0,3010.0
2018-05-28,7150.0,7180.0,7004.0,7142.0,6700.0
2018-05-29,7138.0,7210.0,7080.0,7154.0,2910.0
2018-05-30,7216.0,7250.0,7080.0,7098.0,3430.0
2018-05-31,7060.0,7166.0,7060.0,7096.0,1730.0
2018-06-01,7120.0,7136.0,7040.0,7100.0,1680.0
2018-06-04,7110.0,7118.0,7000.0,7034.0,2560.0
2018-06-05,7052.0,7052.0,6902.0,6944.0,3990.0
2018-06-06,6960.0,7012.0,6936.0,6952.0,2770.0
2018-06-07,6898.0,6982.0,6898.0,6918.0,3130.0
2018-06-08,6940.0,7132.0,6940.0,7070.0,5770.0
2018-06-11,7090.0,7140.0,7026.0,7036.0,3350.0
2018-06-12,7092.0,7114.0,7092.0,7104.0,40.0
2018-06-13,7168.0,7376.0,7168.0,7318.0,120.0
2018-06-14,7302.0,7362.0,7302.0,7332.0,10.0
2018-06-15,7332.0,7336.0,7268.0,7318.0,50.0
2018-06-18,7250.0,7252.0,7228.0,7242.0,50.0
2018-06-19,7228.0,7228.0,7170.0,7206.0,40.0
2018-06-20,7280.0,7364.0,7256.0,7302.0,3170.0
2018-06-21,7330.0,7374.0,7290.0,7308.0,2600.0
2018-06-22,7338.0,7386.0,7314.0,7330.0,3090.0
2018-06-25,7354.0,7360.0,7232.0,7318.0,3520.0
2018-06-26,7300.0,7378.0,7280.0,7318.0,2620.0
2018-06-27,7312.0,7432.0,7294.0,7392.0,5110.0
2018-06-28,7370.0,7464.0,7342.0,7414.0,7680.0
2018-06-29,7430.0,7450.0,7330.0,7362.0,6990.0
2018-07-02,7360.0,7396.0,7220.0,7256.0,2960.0
2018-07-03,7238.0,7238.0,7114.0,7126.0,3530.0
2018-07-04,7124.0,7218.0,7078.0,7184.0,5960.0
2018-07-05,7126.0,7224.0,7102.0,7166.0,1860.0
2018-07-06,7150.0,7174.0,7080.0,7118.0,2700.0
2018-07-09,7080.0,7124.0,6982.0,7000.0,3030.0
2018-07-10,7000.0,7070.0,6950.0,6970.0,3270.0
2018-07-11,6960.0,7020.0,6910.0,6920.0,1670.0
2018-07-12,6902.0,6914.0,6878.0,6904.0,640.0
2018-07-13,6930.0,6930.0,6930.0,6930.0,20.0
2018-07-16,6960.0,7088.0,6960.0,6980.0,2780.0
2018-07-17,7014.0,7142.0,6960.0,7142.0,6400.0
2018-07-18,7038.0,7050.0,7038.0,7044.0,20.0
2018-07-19,7134.0,7168.0,7134.0,7152.0,20.0
2018-07-20,7250.0,7290.0,7250.0,7264.0,20.0
2018-07-23,7280.0,7450.0,7280.0,7418.0,4930.0
2018-07-24,7428.0,7434.0,7302.0,7374.0,3780.0
2018-07-25,7326.0,7368.0,7170.0,7242.0,3100.0
2018-07-26,7296.0,7308.0,7170.0,7278.0,3220.0
2018-07-27,7292.0,7338.0,7250.0,7294.0,2450.0
2018-07-30,7358.0,7420.0,7294.0,7376.0,5430.0
2018-07-31,7310.0,7368.0,7258.0,7272.0,2640.0
2018-08-01,7318.0,7332.0,7192.0,7214.0,2260.0
2018-08-02,7228.0,7274.0,7170.0,7192.0,2790.0
2018-08-03,7278.0,7278.0,7070.0,7184.0,3160.0
2018-08-06,7152.0,7260.0,7118.0,7226.0,2610.0
2018-08-07,7210.0,7310.0,7162.0,7250.0,8260.0
2018-08-08,7270.0,7300.0,7190.0,7210.0,2920.0
2018-08-09,7200.0,7220.0,7110.0,7126.0,1750.0
2018-08-10,7164.0,7168.0,7076.0,7090.0,6480.0
2018-08-13,7102.0,7102.0,6980.0,7000.0,3150.0
2018-08-14,6990.0,7054.0,6990.0,7012.0,60.0
2018-08-16,6950.0,6966.0,6950.0,6960.0,50.0
2018-08-17,6930.0,6974.0,6930.0,6962.0,40.0
2018-08-20,6990.0,6990.0,6840.0,6918.0,40.0
2018-08-21,7074.0,7086.0,7010.0,7024.0,2830.0
2018-08-23,7076.0,7082.0,6802.0,6878.0,10590.0
2018-08-24,6906.0,6920.0,6834.0,6868.0,2940.0
2018-08-27,6862.0,6942.0,6718.0,6768.0,7240.0
2018-08-28,6750.0,6840.0,6702.0,6800.0,5910.0
2018-08-29,6750.0,6866.0,6730.0,6794.0,2009.9999999999998
2018-08-30,6808.0,6832.0,6756.0,6802.0,1330.0
2018-08-31,6820.0,6842.0,6780.0,6814.0,2250.0
2018-09-03,6810.0,6810.0,6726.0,6762.0,2760.0
2018-09-04,6740.0,6772.0,6710.0,6722.0,1600.0
2018-09-05,6724.0,6736.0,6594.0,6642.0,4320.0
2018-09-06,6680.0,6684.0,6518.0,6536.0,4530.0
2018-09-07,6490.0,6624.0,6460.0,6488.0,4370.0
2018-09-10,6460.0,6586.0,6460.0,6526.0,3900.0
2018-09-11,6536.0,6574.0,6396.0,6396.0,2780.0
2018-09-12,6430.0,6430.0,6354.0,6410.0,60.0
2018-09-14,6530.0,6530.0,6470.0,6500.0,10.0
2018-09-17,6530.0,6530.0,6530.0,6530.0,20.0
2018-09-18,6584.0,6632.0,6532.0,6578.0,1640.0
2018-09-19,6582.0,6582.0,6466.0,6492.0,1790.0
2018-09-21,6514.0,6588.0,6440.0,6520.0,3400.0
2018-09-24,6558.0,6560.0,6462.0,6492.0,2450.0
2018-09-25,6490.0,6698.0,6470.0,6652.0,5730.0
2018-09-26,6640.0,6746.0,6606.0,6630.0,4059.9999999999995
2018-09-27,6642.0,6648.0,6502.0,6558.0,2590.0
2018-09-28,6560.0,6754.0,6540.0,6734.0,7230.0
2018-10-01,6702.0,6824.0,6702.0,6728.0,4080.0
2018-10-03,6642.0,6832.0,6642.0,6814.0,3490.0
2018-10-04,6810.0,6884.0,6782.0,6870.0,2670.0
2018-10-05,6880.0,6964.0,6864.0,6946.0,2450.0
2018-10-08,6950.0,7000.0,6850.0,6934.0,3640.0
2018-10-09,6860.0,6940.0,6822.0,6900.0,710.0
2018-10-10,6852.0,6960.0,6824.0,6928.0,2260.0
2018-10-11,7014.0,7014.0,6900.0,6934.0,2470.0
2018-10-12,6988.0,6988.0,6912.0,6934.0,700.0
2018-10-15,6940.0,6960.0,6880.0,6958.0,670.0
2018-10-16,6950.0,6950.0,6826.0,6922.0,370.0
2018-10-17,6500.0,6570.0,6480.0,6552.0,2660.0
2018-10-19,6522.0,6610.0,6522.0,6560.0,1230.0
2018-10-22,6600.0,6666.0,6530.0,6606.0,2610.0
2018-10-23,6610.0,6664.0,6564.0,6600.0,1990.0
2018-10-24,6606.0,6690.0,6486.0,6620.0,3610.0
2018-10-25,6610.0,6680.0,6610.0,6668.0,1280.0
2018-10-26,6660.0,6698.0,6630.0,6674.0,2120.0
2018-10-29,6696.0,6788.0,6696.0,6726.0,2520.0
2018-10-30,6740.0,6826.0,6740.0,6812.0,4300.0
2018-10-31,6840.0,6864.0,6688.0,6798.0,4800.0
2018-11-01,6758.0,6790.0,6684.0,6720.0,2320.0
2018-11-02,6744.0,6744.0,6596.0,6614.0,2430.0
2018-11-05,6630.0,6680.0,6530.0,6564.0,3070.0
2018-11-06,6626.0,6626.0,6480.0,6516.0,3090.0
2018-11-07,6490.0,6536.0,6442.0,6466.0,910.0
2018-11-09,6420.0,6594.0,6420.0,6538.0,6010.0
2018-11-12,6560.0,6638.0,6408.0,6506.0,3350.0
2018-11-13,6506.0,6630.0,6506.0,6584.0,190.0
2018-11-14,6550.0,6620.0,6550.0,6590.0,140.0
2018-11-15,6550.0,6550.0,6550.0,6550.0,50.0
2018-11-16,6602.0,6602.0,6600.0,6602.0,50.0
2018-11-19,6500.0,6502.0,6388.0,6488.0,2960.0
2018-11-20,6490.0,6544.0,6428.0,6470.0,1320.0
2018-11-21,6470.0,6538.0,6430.0,6454.0,3310.0
2018-11-22,6492.0,6530.0,6440.0,6482.0,2940.0
2018-11-26,6500.0,6500.0,6250.0,6406.0,5150.0
2018-11-27,6362.0,6462.0,6360.0,6412.0,2400.0
2018-11-28,6408.0,6450.0,6390.0,6404.0,1120.0
2018-11-29,6448.0,6462.0,6384.0,6410.0,1900.0
2018-11-30,6450.0,6590.0,6450.0,6502.0,3430.0
2018-12-03,6570.0,6580.0,6460.0,6482.0,1070.0
2018-12-04,6460.0,6488.0,6420.0,6426.0,1390.0
2018-12-05,6414.0,6428.0,6360.0,6370.0,1770.0
2018-12-06,6382.0,6386.0,6330.0,6340.0,1480.0
2018-12-07,6394.0,6394.0,6240.0,6252.0,1900.0
2018-12-10,6134.0,6248.0,6024.0,6086.0,5040.0
2018-12-11,5978.0,6082.0,5978.0,6002.0,3310.0
2018-12-12,5980.0,6086.0,5980.0,6030.0,340.0
2018-12-13,6100.0,6150.0,6040.0,6150.0,220.0
2018-12-14,6250.0,6392.0,6250.0,6294.0,50.0
2018-12-17,6300.0,6302.0,6300.0,6302.0,20.0
2018-12-18,6404.0,6428.0,6400.0,6420.0,30.0
2018-12-19,6292.0,6292.0,6292.0,6292.0,10.0
2018-12-20,6200.0,6260.0,6200.0,6230.0,20.0
2018-12-21,6620.0,6660.0,6600.0,6604.0,990.0
2018-12-24,6598.0,6598.0,6510.0,6558.0,1570.0
2018-12-26,6542.0,6820.0,6492.0,6820.0,3270.0
2018-12-27,6870.0,6870.0,6712.0,6774.0,1960.0
2018-12-28,6730.0,6832.0,6650.0,6676.0,1860.0
2018-12-31,6622.0,6790.0,6544.0,6740.0,1250.0
2019-01-01,6708.0,6812.0,6708.0,6758.0,660.0
2019-01-02,6822.0,6822.0,6634.0,6666.0,1950.0
2019-01-03,6644.0,6720.0,6612.0,6654.0,1320.0
2019-01-04,6688.0,6718.0,6572.0,6614.0,870.0
2019-01-07,6594.0,6680.0,6584.0,6626.0,1290.0
2019-01-08,6628.0,6664.0,6556.0,6600.0,1540.0
2019-01-09,6576.0,6666.0,6576.0,6606.0,1080.0
2019-01-10,6570.0,6700.0,6560.0,6600.0,1160.0
2019-01-11,6626.0,6636.0,6570.0,6604.0,450.0
2019-01-14,6638.0,6654.0,6618.0,6632.0,360.0
2019-01-15,6612.0,6656.0,6612.0,6642.0,340.0
2019-01-16,6650.0,6670.0,6512.0,6554.0,2180.0
2019-01-17,6554.0,6588.0,6460.0,6520.0,2170.0
2019-01-18,6482.0,6590.0,6436.0,6536.0,3570.0
2019-01-21,6570.0,6660.0,6536.0,6618.0,1770.0
2019-01-22,6620.0,6648.0,6530.0,6554.0,1510.0
2019-01-23,6568.0,6582.0,6440.0,6488.0,2390.0
2019-01-24,6508.0,6530.0,6450.0,6500.0,1960.0
2019-01-25,6478.0,6510.0,6430.0,6466.0,1010.0
2019-01-28,6458.0,6548.0,6450.0,6500.0,1230.0
2019-01-29,6498.0,6520.0,6372.0,6398.0,2090.0
2019-01-30,6350.0,6450.0,6350.0,6402.0,1730.0
2019-01-31,6400.0,6420.0,6334.0,6398.0,2100.0
2019-02-01,6412.0,6418.0,6354.0,6384.0,1110.0
2019-02-04,6380.0,6450.0,6370.0,6398.0,960.0
2019-02-05,6404.0,6404.0,6330.0,6346.0,1130.0
2019-02-06,6346.0,6370.0,6282.0,6302.0,2009.9999999999998
2019-02-07,6326.0,6398.0,6292.0,6372.0,1980.0
2019-02-08,6372.0,6394.0,6330.0,6342.0,580.0
2019-02-11,6340.0,6384.0,6300.0,6350.0,1060.0
2019-02-12,6332.0,6374.0,6316.0,6330.0,750.0
2019-02-13,6324.0,6370.0,6286.0,6338.0,1400.0
2019-02-14,6330.0,6390.0,6314.0,6362.0,1150.0
2019-02-15,6346.0,6366.0,6296.0,6306.0,1180.0
2019-02-18,6312.0,6322.0,6232.0,6252.0,2640.0
2019-02-19,6268.0,6290.0,6234.0,6248.0,730.0
2019-02-20,6242.0,6260.0,6208.0,6248.0,720.0
2019-02-21,6224.0,6270.0,6220.0,6228.0,920.0
2019-02-22,6232.0,6246.0,6186.0,6200.0,1200.0
2019-02-25,6186.0,6208.0,6134.0,6148.0,1670.0
2019-02-26,6132.0,6180.0,6114.0,6160.0,1210.0
2019-02-27,6152.0,6276.0,6152.0,6238.0,2080.0
2019-02-28,6234.0,6340.0,6222.0,6274.0,2029.9999999999998
2019-03-01,6250.0,6356.0,6250.0,6314.0,2300.0
2019-03-05,6330.0,6458.0,6320.0,6348.0,3170.0
2019-03-06,6340.0,6422.0,6340.0,6370.0,1240.0
2019-03-07,6396.0,6398.0,6324.0,6342.0,1060.0
2019-03-08,6328.0,6420.0,6328.0,6412.0,1490.0
2019-03-11,6420.0,6488.0,6382.0,6430.0,2480.0
2019-03-12,6440.0,6460.0,6242.0,6262.0,2700.0
2019-03-13,6270.0,6330.0,6270.0,6308.0,1650.0
2019-03-14,6328.0,6336.0,6244.0,6262.0,1340.0
2019-03-15,6262.0,6262.0,6212.0,6234.0,800.0
2019-03-18,6210.0,6210.0,6084.0,6138.0,3330.0
2019-03-19,6160.0,6166.0,6116.0,6130.0,940.0
2019-03-20,6146.0,6150.0,6080.0,6128.0,850.0
2019-03-22,6130.0,6142.0,6054.0,6080.0,1450.0
2019-03-25,6070.0,6110.0,5964.0,5988.0,2200.0
2019-03-26,5990.0,6170.0,5958.0,6126.0,3040.0
2019-03-27,6130.0,6162.0,6074.0,6090.0,1890.0
2019-03-28,6118.0,6150.0,6074.0,6094.0,2190.0
2019-03-29,6118.0,6130.0,6060.0,6084.0,1550.0
2019-04-01,6108.0,6324.0,6102.0,6258.0,2990.0
2019-04-02,6284.0,6382.0,6262.0,6376.0,2610.0
2019-04-03,6388.0,6502.0,6336.0,6376.0,3030.0
2019-04-04,6352.0,6450.0,6352.0,6390.0,1470.0
2019-04-05,6450.0,6618.0,6364.0,6462.0,2340.0
2019-04-08,6480.0,6720.0,6480.0,6700.0,2460.0
2019-04-09,6660.0,6670.0,6556.0,6602.0,980.0
2019-04-10,6578.0,6670.0,6522.0,6564.0,2300.0
2019-04-11,6568.0,6574.0,6482.0,6532.0,1210.0
2019-04-12,6598.0,6598.0,6510.0,6562.0,240.0
2019-04-15,6432.0,6550.0,6360.0,6426.0,90.0
2019-04-16,6298.0,6298.0,6298.0,6298.0,90.0
2019-04-18,6430.0,6504.0,6382.0,6402.0,3440.0
2019-04-22,6458.0,6504.0,6302.0,6344.0,2740.0
2019-04-23,6326.0,6418.0,6326.0,6376.0,2990.0
2019-04-24,6362.0,6438.0,6326.0,6386.0,2990.0
2019-04-25,6410.0,6598.0,6410.0,6534.0,5890.0
2019-04-26,6552.0,6620.0,6426.0,6480.0,4380.0
2019-04-30,6550.0,6558.0,6422.0,6438.0,4550.0
2019-05-02,6464.0,6500.0,6362.0,6430.0,3490.0
2019-05-03,6462.0,6490.0,6416.0,6434.0,2450.0
2019-05-06,6458.0,6498.0,6396.0,6408.0,2990.0
2019-05-07,6400.0,6464.0,6400.0,6420.0,2660.0
2019-05-08,6428.0,6452.0,6380.0,6424.0,4660.0
2019-05-09,6406.0,6524.0,6394.0,6504.0,4200.0
2019-05-10,6560.0,6560.0,6430.0,6470.0,2430.0
2019-05-13,6494.0,6598.0,6422.0,6584.0,980.0
2019-05-14,6598.0,6630.0,6580.0,6606.0,830.0
2019-05-15,6698.0,6868.0,6698.0,6794.0,60.0
2019-05-16,7030.0,7234.0,6970.0,7130.0,10490.0
2019-05-17,7020.0,7020.0,6930.0,6992.0,40.0
2019-05-20,7100.0,7130.0,7100.0,7122.0,60.0
2019-05-21,7148.0,7334.0,7140.0,7280.0,6760.0
2019-05-22,7268.0,7360.0,7180.0,7204.0,6100.0
2019-05-23,7212.0,7220.0,7130.0,7170.0,3490.0
2019-05-24,7174.0,7200.0,7032.0,7062.0,3890.0
2019-05-27,7052.0,7052.0,6854.0,6876.0,6110.0
2019-05-28,6886.0,6946.0,6780.0,6836.0,6690.0
2019-05-29,6792.0,6946.0,6786.0,6928.0,3220.0
2019-05-30,6930.0,7106.0,6850.0,7046.0,6380.0
2019-05-31,7032.0,7090.0,6940.0,6968.0,3550.0
2019-06-03,6952.0,6962.0,6878.0,6908.0,1570.0
2019-06-04,6918.0,6942.0,6822.0,6910.0,3190.0
2019-06-06,6926.0,6968.0,6772.0,6798.0,4410.0
2019-06-07,6800.0,6830.0,6740.0,6796.0,3920.0
2019-06-10,6760.0,6886.0,6758.0,6790.0,2750.0
2019-06-11,6772.0,6810.0,6662.0,6728.0,2040.0
2019-06-12,6768.0,6804.0,6720.0,6764.0,100.0
2019-06-13,6748.0,6748.0,6712.0,6728.0,130.0
2019-06-14,6750.0,6750.0,6630.0,6658.0,490.0
2019-06-17,6660.0,6660.0,6620.0,6638.0,60.0
2019-06-18,6552.0,6552.0,6374.0,6400.0,770.0
2019-06-19,6416.0,6416.0,6318.0,6396.0,150.0
2019-06-20,6380.0,6380.0,6352.0,6362.0,170.0
2019-06-21,6400.0,6444.0,6306.0,6326.0,3190.0
2019-06-24,6322.0,6400.0,6230.0,6354.0,5660.0
2019-06-25,6370.0,6480.0,6364.0,6432.0,4010.0
2019-06-26,6406.0,6432.0,6344.0,6376.0,2070.0
2019-06-27,6390.0,6408.0,6280.0,6298.0,2440.0
2019-06-28,6298.0,6366.0,6276.0,6342.0,4280.0
2019-07-01,6300.0,6344.0,6216.0,6266.0,4630.0
2019-07-02,6276.0,6276.0,6062.0,6132.0,5980.0
2019-07-03,6130.0,6176.0,6052.0,6134.0,3100.0
2019-07-04,6124.0,6198.0,6094.0,6134.0,1890.0
2019-07-05,6136.0,6184.0,6100.0,6114.0,1720.0
2019-07-08,6108.0,6120.0,6030.0,6064.0,3650.0
2019-07-09,6026.0,6174.0,6024.0,6144.0,4400.0
2019-07-10,6142.0,6180.0,5900.0,5918.0,7150.0
2019-07-11,5892.0,5976.0,5870.0,5894.0,3960.0
2019-07-12,5944.0,6042.0,5944.0,6018.0,250.0
2019-07-15,6050.0,6110.0,5990.0,6064.0,50.0
2019-07-16,6184.0,6184.0,6184.0,6184.0,20.0
2019-07-17,6090.0,6298.0,6090.0,6164.0,20.0
2019-07-18,6092.0,6280.0,6076.0,6182.0,20.0
2019-07-19,7080.0,7180.0,6982.0,7174.0,5550.0
2019-07-22,7132.0,7168.0,7072.0,7104.0,3000.0
2019-07-23,7120.0,7190.0,6962.0,6962.0,5360.0
2019-07-24,6938.0,7034.0,6870.0,6902.0,5520.0
2019-07-25,6878.0,6944.0,6822.0,6926.0,2820.0
2019-07-26,6924.0,6950.0,6792.0,6930.0,2740.0
2019-07-29,6926.0,6928.0,6730.0,6778.0,3770.0
2019-07-30,6748.0,6760.0,6680.0,6710.0,4950.0
2019-07-31,6714.0,6790.0,6692.0,6734.0,3230.0
2019-08-01,6702.0,6766.0,6652.0,6664.0,2070.0
2019-08-02,6642.0,6680.0,6570.0,6592.0,2420.0
2019-08-05,6570.0,6570.0,6462.0,6506.0,2990.0
2019-08-06,6516.0,6678.0,6416.0,6578.0,2320.0
2019-08-07,6600.0,6622.0,6540.0,6560.0,1820.0
2019-08-08,6496.0,6680.0,6492.0,6614.0,4410.0
2019-08-09,6630.0,6878.0,6600.0,6878.0,4610.0
2019-08-13,7014.0,7062.0,6824.0,6858.0,890.0
2019-08-14,6842.0,6896.0,6822.0,6850.0,560.0
2019-08-16,6986.0,6986.0,6962.0,6972.0,20.0
2019-08-19,7040.0,7040.0,6970.0,7004.0,70.0
2019-08-20,6924.0,6930.0,6900.0,6914.0,120.0
2019-08-21,7000.0,7000.0,6922.0,6936.0,1400.0
2019-08-22,6922.0,6958.0,6784.0,6804.0,3230.0
2019-08-23,6814.0,6868.0,6800.0,6842.0,2750.0
2019-08-26,6840.0,6860.0,6720.0,6726.0,2560.0
2019-08-27,6768.0,6820.0,6700.0,6772.0,2210.0
2019-08-28,6786.0,6820.0,6724.0,6790.0,2090.0
2019-08-29,6778.0,6836.0,6732.0,6750.0,1890.0
2019-08-30,6768.0,6796.0,6730.0,6762.0,1360.0
2019-09-03,6716.0,6750.0,6552.0,6582.0,3150.0
2019-09-04,6542.0,6590.0,6412.0,6432.0,4150.0
2019-09-05,6416.0,6526.0,6326.0,6512.0,4420.0
2019-09-06,6522.0,6702.0,6496.0,6590.0,3710.0
2019-09-09,6634.0,6650.0,6508.0,6524.0,4870.0
2019-09-11,6572.0,6572.0,6300.0,6346.0,4040.0
2019-09-12,6640.0,6656.0,6544.0,6346.0,2540.0
2019-09-13,6554.0,6588.0,6382.0,6346.0,50.0
2019-09-16,6220.0,6220.0,6094.0,6094.0,120.0
2019-09-17,5974.0,6000.0,5974.0,5986.0,100.0
2019-09-18,6318.0,6320.0,6114.0,5868.0,4220.0
2019-09-19,6126.0,6236.0,6080.0,5868.0,3070.0
2019-09-20,6138.0,6188.0,6036.0,6378.0,4390.0
2019-09-23,6154.0,6158.0,6030.0,6082.0,1790.0
2019-09-24,6090.0,6280.0,6090.0,6204.0,2900.0
2019-09-25,6162.0,6260.0,6100.0,6210.0,2500.0
2019-09-26,6230.0,6320.0,6202.0,6232.0,3070.0
2019-09-27,6218.0,6220.0,6108.0,6108.0,3160.0
2019-09-30,6076.0,6178.0,6044.0,6144.0,1570.0
2019-10-01,6142.0,6200.0,5910.0,5916.0,3620.0
2019-10-03,5920.0,6000.0,5852.0,5950.0,2880.0
2019-10-04,5954.0,6064.0,5902.0,5976.0,2710.0
2019-10-07,6028.0,6198.0,5982.0,6108.0,3000.0
2019-10-09,6098.0,6158.0,5916.0,6030.0,3170.0
2019-10-10,5950.0,6118.0,5790.0,5790.0,5320.0
2019-10-11,5712.0,5810.0,5700.0,5732.0,2650.0
2019-10-14,5746.0,5770.0,5650.0,5668.0,190.0
2019-10-15,5660.0,5720.0,5624.0,5660.0,510.0
2019-10-16,5818.0,5848.0,5770.0,5660.0,1500.0
2019-10-17,5772.0,5772.0,5560.0,5704.0,80.0
2019-10-18,5720.0,5788.0,5710.0,5966.0,1000.0
2019-10-22,5864.0,5980.0,5864.0,5938.0,3930.0
2019-10-23,5962.0,6136.0,5908.0,6118.0,3640.0
2019-10-24,6144.0,6176.0,5942.0,5996.0,3570.0
2019-10-25,5990.0,6114.0,5986.0,6090.0,2070.0
2019-10-27,6180.0,6210.0,6080.0,6112.0,850.0
2019-10-29,6124.0,6170.0,6012.0,6106.0,2950.0
2019-10-30,6112.0,6198.0,6082.0,6130.0,2620.0
2019-10-31,6144.0,6168.0,6114.0,6130.0,500.0
2019-11-01,6150.0,6288.0,6140.0,6262.0,1780.0
2019-11-04,6340.0,6430.0,6314.0,6376.0,1970.0
2019-11-05,6384.0,6384.0,6210.0,6252.0,1070.0
2019-11-06,6240.0,6290.0,6212.0,6268.0,1670.0
2019-11-07,6264.0,6290.0,6206.0,6254.0,820.0
2019-11-08,6234.0,6240.0,6004.0,6004.0,3900.0
2019-11-11,6010.0,6010.0,5814.0,5836.0,1720.0
2019-11-13,5862.0,5862.0,5700.0,5732.0,610.0
2019-11-14,5730.0,5846.0,5730.0,5846.0,270.0
2019-11-15,5858.0,5858.0,5770.0,5800.0,150.0
2019-11-18,5748.0,5756.0,5718.0,5738.0,40.0
2019-11-19,5720.0,5720.0,5720.0,5720.0,10.0
2019-11-20,5844.0,5870.0,5800.0,5720.0,60.0
2019-11-21,5724.0,5882.0,5724.0,5836.0,1120.0
2019-11-22,5812.0,5836.0,5636.0,5726.0,3020.0
2019-11-25,5712.0,5756.0,5612.0,5646.0,2600.0
2019-11-26,5678.0,5678.0,5570.0,5600.0,1350.0
2019-11-27,5640.0,5758.0,5596.0,5626.0,1930.0
2019-11-28,5604.0,5658.0,5600.0,5628.0,780.0
2019-11-29,5650.0,5738.0,5612.0,5700.0,1920.0
2019-12-02,5740.0,5740.0,5638.0,5690.0,1090.0
2019-12-03,5662.0,5680.0,5612.0,5642.0,1280.0
2019-12-04,5650.0,5650.0,5556.0,5592.0,2120.0
2019-12-05,5612.0,5702.0,5610.0,5650.0,2750.0
2019-12-06,5630.0,5704.0,5630.0,5678.0,2130.0
2019-12-09,5678.0,5760.0,5610.0,5732.0,4430.0
2019-12-10,5740.0,5828.0,5680.0,5778.0,2350.0
2019-12-11,5800.0,6008.0,5800.0,6008.0,1860.0
2019-12-12,6060.0,6248.0,6060.0,6248.0,600.0
2019-12-13,6184.0,6322.0,6096.0,6182.0,490.0
2019-12-16,6182.0,6182.0,6072.0,6120.0,520.0
2019-12-17,6150.0,6200.0,6150.0,6182.0,200.0
2019-12-18,6060.0,6240.0,6060.0,6176.0,1870.0
2019-12-19,6246.0,6260.0,6150.0,6256.0,740.0
2019-12-20,6180.0,6256.0,6050.0,6134.0,400.0
2019-12-23,6106.0,6140.0,6010.0,6048.0,2250.0
2019-12-24,6000.0,6142.0,6000.0,6118.0,1000.0
2019-12-26,6102.0,6362.0,6102.0,6362.0,2650.0
2019-12-27,6392.0,6616.0,6374.0,6616.0,4150.0
2019-12-30,6676.0,6738.0,6534.0,6618.0,2990.0
2019-12-31,6610.0,6672.0,6502.0,6562.0,2080.0
2020-01-01,6542.0,6670.0,6486.0,6602.0,1640.0
2020-01-02,6628.0,6820.0,6608.0,6714.0,2750.0
2020-01-03,6760.0,6784.0,6506.0,6536.0,2980.0
2020-01-06,6492.0,6504.0,6276.0,6276.0,2410.0
2020-01-07,6264.0,6468.0,6180.0,6446.0,3440.0
2020-01-08,6402.0,6570.0,6382.0,6494.0,1760.0
2020-01-09,6424.0,6480.0,6322.0,6350.0,1150.0
2020-01-10,6306.0,6438.0,6300.0,6324.0,650.0
2020-01-13,6348.0,6516.0,6306.0,6350.0,1940.0
2020-01-14,6360.0,6440.0,6342.0,6404.0,970.0
2020-01-15,6398.0,6496.0,6346.0,6412.0,1060.0
2020-01-16,6448.0,6468.0,6310.0,6376.0,790.0
2020-01-17,6360.0,6426.0,6352.0,6406.0,480.0
2020-01-20,6390.0,6390.0,6182.0,6246.0,1510.0
2020-01-21,6290.0,6318.0,6192.0,6264.0,1300.0
2020-01-22,6236.0,6312.0,6212.0,6238.0,1440.0
2020-01-23,6178.0,6262.0,6178.0,6216.0,760.0
2020-01-24,6228.0,6398.0,6228.0,6364.0,1430.0
2020-01-27,6390.0,6390.0,6192.0,6210.0,1090.0
2020-01-28,6184.0,6270.0,6150.0,6164.0,980.0
2020-01-29,6190.0,6240.0,6042.0,6066.0,2220.0
2020-01-30,6080.0,6098.0,5972.0,6010.0,1780.0
2020-01-31,6036.0,6052.0,5930.0,5956.0,800.0
2020-02-01,5982.0,6020.0,5900.0,5932.0,880.0
2020-02-03,5852.0,5976.0,5852.0,5916.0,1080.0
2020-02-04,5896.0,6044.0,5880.0,6018.0,1190.0
2020-02-05,6030.0,6030.0,5936.0,5946.0,540.0
2020-02-06,5950.0,6000.0,5916.0,5948.0,620.0
2020-02-07,5942.0,5956.0,5888.0,5904.0,740.0
2020-02-10,5880.0,5916.0,5842.0,5884.0,960.0
2020-02-11,5906.0,5908.0,5854.0,5884.0,350.0
2020-02-12,5860.0,5940.0,5856.0,5882.0,640.0
2020-02-13,5890.0,5892.0,5820.0,5840.0,530.0
2020-02-14,5860.0,5882.0,5810.0,5850.0,570.0
2020-02-17,5820.0,5884.0,5800.0,5858.0,580.0
2020-02-18,5888.0,6008.0,5836.0,5972.0,1800.0
2020-02-19,5970.0,6210.0,5970.0,6210.0,2580.0
2020-02-20,6184.0,6296.0,6126.0,6144.0,1930.0
2020-02-24,6166.0,6166.0,5902.0,5954.0,1490.0
2020-02-25,5962.0,6010.0,5916.0,5948.0,810.0
2020-02-26,5936.0,6008.0,5882.0,5896.0,980.0
2020-02-27,5850.0,6092.0,5784.0,6066.0,1620.0
2020-02-28,6024.0,6080.0,5864.0,6000.0,960.0
2020-03-02,6068.0,6068.0,5952.0,5958.0,500.0
2020-03-03,5980.0,6086.0,5964.0,6078.0,980.0
2020-03-04,6070.0,6070.0,5980.0,5996.0,940.0
2020-03-05,5962.0,6080.0,5914.0,5994.0,520.0
2020-03-06,6008.0,6050.0,5922.0,5952.0,660.0
2020-03-09,5840.0,5840.0,5714.0,5714.0,1590.0
2020-03-11,5700.0,5814.0,5680.0,5694.0,1030.0
2020-03-12,5620.0,5634.0,5510.0,5594.0,1110.0
2020-03-13,5484.0,5658.0,5372.0,5420.0,2020.0
2020-03-16,5398.0,5400.0,5314.0,5348.0,210.0
2020-03-17,5420.0,5422.0,5416.0,5420.0,60.0
2020-03-18,5560.0,5580.0,5462.0,5574.0,1110.0
2020-03-19,5500.0,5500.0,5500.0,5574.0,170.0
2020-03-20,5684.0,5730.0,5684.0,5730.0,190.0
2020-03-23,5630.0,5724.0,5500.0,5522.0,1360.0
2020-03-24,5588.0,5710.0,5500.0,5626.0,670.0
2020-03-25,5718.0,5850.0,5642.0,5850.0,1110.0
2020-03-26,5936.0,5992.0,5758.0,5834.0,1210.0
2020-03-27,5870.0,5870.0,5726.0,5760.0,460.0
2020-03-30,5780.0,5870.0,5780.0,5830.0,860.0
2020-03-31,5794.0,5828.0,5790.0,5806.0,160.0
2020-04-01,5796.0,5832.0,5728.0,5778.0,750.0
2020-04-03,5752.0,5756.0,5680.0,5698.0,480.0
2020-04-07,5692.0,5790.0,5692.0,5764.0,1130.0
2020-04-08,5796.0,5838.0,5710.0,5732.0,910.0
2020-04-09,5740.0,5940.0,5740.0,5930.0,2560.0
2020-04-13,5946.0,6004.0,5898.0,5932.0,1100.0
2020-04-15,5900.0,5900.0,5782.0,5852.0,150.0
2020-04-16,5778.0,5778.0,5778.0,5778.0,20.0
2020-04-17,5828.0,5840.0,5764.0,5778.0,60.0
2020-04-20,5748.0,5748.0,5666.0,5708.0,290.0
2020-04-21,5506.0,5508.0,5372.0,5596.0,1980.0
2020-04-22,5414.0,5424.0,5354.0,5594.0,810.0
2020-04-23,5398.0,5532.0,5398.0,5594.0,840.0
2020-04-24,5496.0,5510.0,5410.0,5464.0,490.0
2020-04-27,5408.0,5490.0,5362.0,5378.0,600.0
2020-04-28,5360.0,5540.0,5354.0,5378.0,20.0
2020-04-29,5484.0,5500.0,5484.0,5492.0,20.0
2020-04-30,5500.0,5600.0,5500.0,5600.0,60.0
2020-05-04,5476.0,5532.0,5358.0,5376.0,1360.0
2020-05-05,5354.0,5392.0,5302.0,5344.0,1230.0
2020-05-06,5316.0,5346.0,5270.0,5308.0,600.0
2020-05-07,5322.0,5440.0,5290.0,5400.0,2410.0
2020-05-08,5384.0,5430.0,5360.0,5372.0,1880.0
2020-05-11,5400.0,5400.0,5290.0,5302.0,730.0
2020-05-12,5306.0,5340.0,5230.0,5242.0,900.0
2020-05-13,5230.0,5346.0,5230.0,5276.0,710.0
2020-05-14,5200.0,5244.0,5200.0,5214.0,430.0
2020-05-15,5150.0,5280.0,5150.0,5214.0,150.0
2020-05-18,5310.0,5438.0,5310.0,5222.0,1450.0
2020-05-19,5312.0,5312.0,5280.0,5300.0,30.0
2020-05-20,5340.0,5380.0,5320.0,5330.0,240.0
2020-05-21,5296.0,5366.0,5296.0,5336.0,1050.0
2020-05-22,5332.0,5422.0,5320.0,5398.0,1390.0
2020-05-26,5396.0,5500.0,5396.0,5430.0,1300.0
2020-05-27,5430.0,5448.0,5336.0,5352.0,1040.0
2020-05-28,5350.0,5370.0,5334.0,5352.0,500.0
2020-05-29,5360.0,5360.0,5260.0,5272.0,850.0
2020-06-01,5276.0,5314.0,5222.0,5256.0,780.0
2020-06-02,5268.0,5288.0,5230.0,5276.0,710.0
2020-06-03,5266.0,5310.0,5246.0,5296.0,770.0
2020-06-04,5296.0,5300.0,5204.0,5286.0,880.0
2020-06-05,5300.0,5496.0,5290.0,5468.0,1980.0
2020-06-08,5490.0,5640.0,5422.0,5580.0,1870.0
2020-06-09,5562.0,5680.0,5404.0,5456.0,1600.0
2020-06-10,5476.0,5476.0,5408.0,5436.0,520.0
2020-06-11,5458.0,5478.0,5420.0,5452.0,540.0
2020-06-12,5402.0,5434.0,5362.0,5416.0,830.0
2020-06-15,5476.0,5476.0,5326.0,5440.0,610.0
2020-06-16,5470.0,5470.0,5440.0,5468.0,150.0
2020-06-17,5500.0,5500.0,5500.0,5500.0,20.0
2020-06-18,5562.0,5562.0,5502.0,5542.0,120.0
2020-06-19,5550.0,5570.0,5530.0,5548.0,660.0
2020-06-22,5700.0,5790.0,5680.0,5690.0,1760.0
2020-06-23,5704.0,5736.0,5624.0,5724.0,1200.0
2020-06-24,5740.0,5784.0,5738.0,5752.0,1110.0
2020-06-25,5732.0,5866.0,5714.0,5866.0,1670.0
2020-06-26,5866.0,5888.0,5816.0,5832.0,790.0
2020-06-29,5822.0,5868.0,5684.0,5708.0,1490.0
2020-06-30,5612.0,5772.0,5612.0,5752.0,1220.0
2020-07-01,5744.0,5758.0,5724.0,5742.0,230.0
2020-07-02,5722.0,5776.0,5652.0,5674.0,1710.0
2020-07-03,5690.0,5694.0,5564.0,5578.0,1620.0
2020-07-06,5532.0,5612.0,5512.0,5580.0,900.0
2020-07-07,5572.0,5690.0,5546.0,5684.0,960.0
2020-07-08,5688.0,5698.0,5670.0,5678.0,700.0
2020-07-09,5698.0,5706.0,5650.0,5666.0,960.0
2020-07-10,5630.0,5638.0,5590.0,5600.0,1680.0
2020-07-13,5600.0,5600.0,5514.0,5526.0,1770.0
2020-07-14,5560.0,5560.0,5560.0,5560.0,90.0
2020-07-15,5640.0,5656.0,5598.0,5560.0,800.0
2020-07-16,5518.0,5522.0,5518.0,5520.0,80.0
2020-07-17,5520.0,5628.0,5490.0,5520.0,130.0
2020-07-20,5612.0,5788.0,5612.0,5676.0,2210.0
2020-07-21,5672.0,5708.0,5638.0,5646.0,930.0
2020-07-22,5680.0,5750.0,5670.0,5726.0,1180.0
2020-07-23,5716.0,5840.0,5716.0,5840.0,1510.0
2020-07-24,5840.0,5930.0,5822.0,5862.0,2110.0
2020-07-27,5880.0,5884.0,5746.0,5776.0,1330.0
2020-07-28,5796.0,5796.0,5718.0,5736.0,770.0
2020-07-29,5730.0,5772.0,5730.0,5752.0,750.0
2020-07-30,5750.0,5814.0,5712.0,5728.0,1240.0
2020-07-31,5740.0,5790.0,5740.0,5756.0,480.0
2020-08-03,5798.0,5904.0,5790.0,5856.0,1650.0
2020-08-04,5818.0,5864.0,5810.0,5830.0,880.0
2020-08-05,5818.0,5868.0,5800.0,5810.0,720.0
2020-08-06,5840.0,5880.0,5820.0,5840.0,1540.0
2020-08-07,5828.0,5850.0,5792.0,5822.0,1210.0
2020-08-10,5870.0,5874.0,5712.0,5752.0,2670.0
2020-08-11,5760.0,5776.0,5642.0,5702.0,900.0
2020-08-12,5686.0,5778.0,5686.0,5768.0,780.0
2020-08-13,5766.0,5778.0,5696.0,5708.0,550.0
2020-08-14,5700.0,5742.0,5674.0,5704.0,810.0
2020-08-17,5830.0,5830.0,5780.0,5704.0,110.0
2020-08-18,5808.0,5862.0,5800.0,5704.0,30.0
2020-08-19,5844.0,5870.0,5796.0,5704.0,850.0
2020-08-20,5712.0,5818.0,5680.0,5738.0,540.0
2020-08-21,5764.0,5840.0,5764.0,5818.0,460.0
2020-08-24,5870.0,6050.0,5810.0,6050.0,3910.0
2020-08-25,6148.0,6268.0,6114.0,6144.0,3710.0
2020-08-26,6124.0,6220.0,6052.0,6144.0,2820.0
2020-08-27,6140.0,6214.0,6124.0,6146.0,1450.0
2020-08-28,6150.0,6206.0,6102.0,6114.0,1190.0
2020-08-31,6114.0,6188.0,6080.0,6148.0,1630.0
2020-09-01,6164.0,6186.0,6034.0,6072.0,2400.0
2020-09-02,6050.0,6070.0,5966.0,6000.0,3370.0
2020-09-03,6000.0,6002.0,5914.0,5952.0,1880.0
2020-09-04,5900.0,5960.0,5714.0,5814.0,3320.0
2020-09-07,5800.0,5828.0,5600.0,5750.0,1970.0
2020-09-08,5754.0,5778.0,5686.0,5722.0,1310.0
2020-09-09,5754.0,5792.0,5736.0,5780.0,1460.0
2020-09-10,5886.0,5914.0,5800.0,5902.0,2400.0
2020-09-11,5888.0,5994.0,5864.0,5908.0,840.0
2020-09-14,5900.0,5900.0,5750.0,5760.0,1140.0
2020-09-15,5760.0,5760.0,5760.0,5760.0,
2020-09-16,5760.0,5760.0,5760.0,5760.0,30.0
2020-09-17,5790.0,5834.0,5790.0,5822.0,140.0
2020-09-18,5938.0,6020.0,5900.0,5906.0,120.0
2020-09-21,5910.0,5978.0,5816.0,5826.0,2150.0
2020-09-22,5852.0,5852.0,5714.0,5788.0,1600.0
2020-09-23,5764.0,5830.0,5746.0,5798.0,1990.0
2020-09-24,5820.0,5820.0,5684.0,5700.0,1890.0
2020-09-25,5716.0,5770.0,5716.0,5748.0,1090.0
2020-09-28,5748.0,5848.0,5748.0,5768.0,1600.0
2020-09-29,5774.0,5800.0,5756.0,5784.0,1130.0
2020-09-30,5780.0,5796.0,5722.0,5776.0,1380.0
2020-10-01,5790.0,5842.0,5774.0,5798.0,2850.0
2020-10-05,5820.0,5820.0,5758.0,5774.0,1260.0
2020-10-06,5772.0,5780.0,5736.0,5746.0,1350.0
2020-10-07,5750.0,5750.0,5690.0,5722.0,1330.0
2020-10-08,5726.0,5734.0,5692.0,5710.0,1620.0
2020-10-09,5724.0,5742.0,5672.0,5696.0,3600.0
2020-10-12,5678.0,5706.0,5622.0,5672.0,1710.0
2020-10-13,5664.0,5750.0,5660.0,5670.0,1480.0
2020-10-14,5700.0,5780.0,5670.0,5740.0,1290.0
2020-10-15,5760.0,5782.0,5760.0,5774.0,110.0
2020-10-16,5760.0,5760.0,5662.0,5696.0,30.0
2020-10-19,5808.0,5880.0,5808.0,5878.0,340.0
2020-10-20,5850.0,5850.0,5850.0,5850.0,100.0
2020-10-21,6046.0,6080.0,5984.0,6012.0,1610.0
2020-10-22,5986.0,6060.0,5986.0,6006.0,1100.0
2020-10-23,6016.0,6026.0,5932.0,6006.0,1640.0
2020-10-26,6012.0,6038.0,5972.0,5992.0,840.0
2020-10-27,6020.0,6028.0,5900.0,5936.0,1840.0
2020-10-28,5930.0,5946.0,5868.0,5884.0,3380.0
2020-10-29,5850.0,5850.0,5772.0,5836.0,2500.0
2020-10-30,5844.0,5850.0,5816.0,5828.0,330.0
2020-11-02,5830.0,5838.0,5712.0,5756.0,2070.0
2020-11-03,5732.0,5788.0,5720.0,5758.0,1260.0
2020-11-04,5780.0,5798.0,5750.0,5768.0,1570.0
2020-11-05,5766.0,5830.0,5750.0,5776.0,1310.0
2020-11-06,5742.0,5790.0,5740.0,5770.0,360.0
2020-11-09,5770.0,5780.0,5710.0,5730.0,1590.0
2020-11-10,5736.0,5738.0,5682.0,5710.0,2910.0
2020-11-11,5698.0,5740.0,5698.0,5732.0,950.0
2020-11-12,5712.0,5794.0,5712.0,5778.0,900.0
2020-11-13,5742.0,5768.0,5652.0,5662.0,1420.0
2020-11-17,5700.0,5768.0,5700.0,5734.0,60.0
2020-11-18,5710.0,5718.0,5670.0,5704.0,30.0
2020-11-19,5700.0,5700.0,5698.0,5698.0,160.0
2020-11-20,5700.0,5700.0,5700.0,5700.0,10.0
2020-11-23,5716.0,5738.0,5692.0,5708.0,490.0
2020-11-24,5690.0,5690.0,5506.0,5572.0,1800.0
2020-11-25,5548.0,5600.0,5516.0,5554.0,1160.0
2020-11-26,5532.0,5560.0,5492.0,5504.0,1220.0
2020-11-27,5500.0,5550.0,5492.0,5536.0,1640.0
2020-12-01,5538.0,5566.0,5502.0,5524.0,1190.0
2020-12-02,5500.0,5528.0,5470.0,5504.0,1570.0
2020-12-03,5500.0,5530.0,5500.0,5522.0,1030.0
2020-12-04,5512.0,5522.0,5490.0,5512.0,1000.0
2020-12-07,5500.0,5534.0,5462.0,5522.0,2250.0
2020-12-08,5510.0,5632.0,5500.0,5632.0,3380.0
2020-12-09,5604.0,5674.0,5570.0,5638.0,2390.0
2020-12-10,5640.0,5650.0,5570.0,5624.0,1440.0
2020-12-11,5606.0,5660.0,5550.0,5614.0,1720.0
2020-12-14,5590.0,5722.0,5582.0,5648.0,1410.0
2020-12-15,5700.0,5710.0,5700.0,5710.0,320.0
2020-12-16,5700.0,5700.0,5654.0,5690.0,80.0
2020-12-17,5698.0,5698.0,5698.0,5698.0,70.0
2020-12-18,5650.0,5700.0,5650.0,5700.0,350.0
2020-12-21,5750.0,5750.0,5680.0,5686.0,690.0
2020-12-22,5690.0,5786.0,5690.0,5726.0,700.0
2020-12-23,5720.0,5840.0,5712.0,5772.0,1450.0
2020-12-24,5766.0,5818.0,5764.0,5802.0,260.0
2020-12-28,5822.0,5914.0,5810.0,5902.0,1700.0
2020-12-29,5880.0,5988.0,5864.0,5914.0,1200.0
2020-12-30,5920.0,5948.0,5906.0,5942.0,550.0
2020-12-31,5930.0,5998.0,5902.0,5924.0,570.0
2021-01-01,5934.0,5946.0,5826.0,5848.0,500.0
2021-01-04,5934.0,5964.0,5862.0,5964.0,570.0
2021-01-05,5946.0,6050.0,5910.0,6018.0,680.0
2021-01-06,6050.0,6080.0,5952.0,6034.0,890.0
2021-01-07,6048.0,6080.0,5970.0,5988.0,630.0
2021-01-08,5990.0,6050.0,5962.0,6020.0,470.0
2021-01-11,6012.0,6226.0,6012.0,6198.0,1690.0
2021-01-12,6230.0,6242.0,6120.0,6222.0,800.0
2021-01-13,6218.0,6230.0,6060.0,6076.0,1030.0
2021-01-14,6052.0,6120.0,6050.0,6060.0,550.0
2021-01-15,6100.0,6100.0,6000.0,6040.0,670.0
2021-01-18,6050.0,6100.0,6006.0,6076.0,750.0
2021-01-19,6064.0,6230.0,6064.0,6206.0,1250.0
2021-01-20,6200.0,6330.0,6200.0,6330.0,1540.0
2021-01-21,6368.0,6370.0,6272.0,6288.0,1290.0
2021-01-22,6270.0,6328.0,6200.0,6228.0,1370.0
2021-01-25,6222.0,6440.0,6210.0,6380.0,1940.0
2021-01-27,6420.0,6558.0,6378.0,6476.0,2780.0
2021-01-28,6490.0,6540.0,6432.0,6524.0,1530.0
2021-01-29,6506.0,6620.0,6504.0,6554.0,1350.0
2021-02-01,6618.0,6624.0,6370.0,6402.0,2590.0
2021-02-02,6420.0,6616.0,6390.0,6568.0,2000.0
2021-02-03,6580.0,6600.0,6460.0,6480.0,960.0
2021-02-04,6462.0,6688.0,6430.0,6662.0,2470.0
2021-02-05,6622.0,6928.0,6600.0,6928.0,3000.0
2021-02-08,6990.0,7204.0,6900.0,7136.0,5350.0
2021-02-09,7098.0,7420.0,7052.0,7420.0,4820.0
2021-02-10,7460.0,7708.0,7414.0,7580.0,6000.0
2021-02-11,7590.0,7720.0,7436.0,7540.0,3830.0
2021-02-12,7520.0,7838.0,7486.0,7756.0,4390.0
2021-02-15,7786.0,7990.0,7624.0,7718.0,5510.0
2021-02-16,7702.0,7776.0,7412.0,7444.0,5030.0
2021-02-17,7496.0,7588.0,7302.0,7348.0,6270.0
2021-02-18,7316.0,7400.0,7232.0,7326.0,3230.0
2021-02-19,7340.0,7578.0,7316.0,7510.0,3200.0
2021-02-22,7554.0,7810.0,7532.0,7810.0,4250.0
2021-02-23,7896.0,8122.0,7888.0,8122.0,3200.0
2021-02-24,8284.0,8446.0,8124.0,8446.0,7880.0
2021-02-25,8600.0,8752.0,8316.0,8410.0,8029.999999999999
2021-02-26,8384.0,8556.0,8260.0,8302.0,4520.0
2021-03-01,8312.0,8634.0,8312.0,8634.0,2930.0
2021-03-02,8790.0,8978.0,8750.0,8978.0,2820.0
2021-03-03,9060.0,9336.0,9060.0,9336.0,6860.0
2021-03-04,9522.0,9522.0,8964.0,8964.0,8470.0
2021-03-05,8820.0,9322.0,8820.0,9264.0,6540.0
2021-03-08,9430.0,9448.0,8894.0,8894.0,4350.0
2021-03-09,8850.0,9076.0,8740.0,8968.0,4330.0
2021-03-10,9020.0,9096.0,8620.0,8638.0,3510.0
2021-03-12,8720.0,8768.0,8400.0,8570.0,4200.0
2021-03-15,8650.0,8912.0,8650.0,8912.0,2270.0
2021-03-16,8914.0,9090.0,8650.0,8718.0,4780.0
2021-03-17,8712.0,8712.0,8370.0,8394.0,4450.0
2021-03-18,8332.0,8444.0,8132.0,8188.0,5310.0
2021-03-19,8180.0,8220.0,7890.0,8108.0,4250.0
2021-03-22,8146.0,8310.0,8110.0,8238.0,3880.0
2021-03-23,8250.0,8338.0,8172.0,8218.0,2370.0
2021-03-24,8220.0,8260.0,7920.0,7950.0,2560.0
2021-03-25,7988.0,8268.0,7818.0,8268.0,3350.0
2021-03-26,8432.0,8598.0,8350.0,8430.0,4270.0
2021-03-29,8430.0,8430.0,8430.0,8430.0,
2021-03-30,8550.0,8650.0,8454.0,8568.0,2820.0
2021-03-31,8550.0,8578.0,8332.0,8490.0,2510.0
2021-04-01,8452.0,8452.0,8274.0,8396.0,2410.0
2021-04-05,8350.0,8378.0,8062.0,8170.0,3190.0
2021-04-06,8170.0,8290.0,8026.0,8102.0,2270.0
2021-04-07,8100.0,8188.0,7950.0,8004.0,1930.0
2021-04-08,8036.0,8088.0,7958.0,8020.0,980.0
2021-04-09,8048.0,8102.0,7890.0,7944.0,2970.0
2021-04-12,8030.0,8198.0,7942.0,8148.0,2480.0
2021-04-13,8004.0,8090.0,7660.0,7758.0,1380.0
2021-04-14,7758.0,7758.0,7758.0,7758.0,
2021-04-15,8000.0,8000.0,8000.0,8000.0,290.0
2021-04-16,8150.0,8150.0,8046.0,8136.0,370.0
2021-04-19,7902.0,7902.0,7900.0,7902.0,200.0
2021-04-20,7942.0,7942.0,7900.0,7928.0,120.0
2021-04-21,8228.0,8228.0,8228.0,8228.0,
2021-04-22,8218.0,8444.0,8160.0,8248.0,3150.0
2021-04-23,8272.0,8294.0,8066.0,8116.0,2600.0
2021-04-26,8064.0,8064.0,7792.0,7812.0,3780.0
2021-04-27,7840.0,7988.0,7820.0,7920.0,1390.0
2021-04-28,7888.0,7940.0,7734.0,7878.0,1880.0
2021-04-29,7892.0,8140.0,7892.0,8034.0,1960.0
2021-04-30,8030.0,8044.0,7780.0,7804.0,2000.0
2021-05-03,7812.0,7812.0,7568.0,7666.0,1610.0
2021-05-04,7674.0,7794.0,7642.0,7720.0,1810.0
2021-05-05,7750.0,7750.0,7624.0,7654.0,1440.0
2021-05-06,7698.0,7730.0,7624.0,7696.0,1050.0
2021-05-07,7630.0,7700.0,7454.0,7518.0,1980.0
2021-05-10,7524.0,7610.0,7276.0,7396.0,4100.0
2021-05-11,7422.0,7636.0,7422.0,7596.0,1600.0
2021-05-12,7630.0,7880.0,7570.0,7722.0,1500.0
2021-05-13,7722.0,7722.0,7722.0,7722.0,
2021-05-14,7762.0,7844.0,7572.0,7640.0,1920.0
2021-05-17,7750.0,7750.0,7750.0,7750.0,30.0
2021-05-18,7600.0,7600.0,7600.0,7600.0,
2021-05-19,7708.0,7708.0,7708.0,7708.0,
2021-05-20,8016.0,8016.0,8016.0,8016.0,10.0
2021-05-21,8288.0,8326.0,8104.0,8184.0,2490.0
2021-05-24,8206.0,8250.0,8150.0,8200.0,1260.0
2021-05-25,8200.0,8278.0,7990.0,8018.0,3270.0
2021-05-26,7952.0,8100.0,7882.0,8026.0,2080.0
2021-05-27,8036.0,8060.0,7900.0,7944.0,1570.0
2021-05-28,7966.0,8062.0,7914.0,7964.0,1970.0
2021-05-31,7948.0,8020.0,7770.0,7798.0,2360.0
2021-06-01,7800.0,7824.0,7704.0,7754.0,1710.0
2021-06-02,7726.0,7766.0,7682.0,7724.0,1240.0
2021-06-03,7712.0,7832.0,7686.0,7816.0,1660.0
2021-06-04,7822.0,7890.0,7790.0,7804.0,1350.0
2021-06-07,7770.0,7818.0,7700.0,7720.0,1830.0
2021-06-08,7714.0,8000.0,7714.0,7740.0,1680.0
2021-06-09,7742.0,7780.0,7540.0,7636.0,2090.0
2021-06-10,7640.0,7728.0,7514.0,7588.0,1970.0
2021-06-11,7542.0,7688.0,7530.0,7652.0,3180.0
2021-06-14,7652.0,7660.0,7450.0,7460.0,2430.0
2021-06-15,7568.0,7570.0,7504.0,7564.0,260.0
2021-06-16,7372.0,7530.0,7372.0,7490.0,150.0
2021-06-17,7420.0,7420.0,7420.0,7420.0,220.0
2021-06-18,7400.0,7400.0,7400.0,7420.0,170.0
2021-06-21,7400.0,7520.0,7360.0,7474.0,1170.0
2021-06-22,7550.0,7630.0,7508.0,7580.0,1330.0
2021-06-23,7648.0,7740.0,7580.0,7626.0,2350.0
2021-06-24,7626.0,7664.0,7460.0,7480.0,2000.0
2021-06-25,7498.0,7588.0,7430.0,7522.0,1810.0
2021-06-28,7526.0,7526.0,7230.0,7282.0,3190.0
2021-06-29,7202.0,7286.0,7122.0,7266.0,3770.0
2021-06-30,7214.0,7348.0,7214.0,7312.0,2280.0
2021-07-01,7368.0,7368.0,7156.0,7188.0,2130.0
2021-07-02,7162.0,7432.0,7162.0,7354.0,2450.0
2021-07-05,7370.0,7452.0,7264.0,7324.0,2100.0
2021-07-06,7316.0,7382.0,7286.0,7298.0,1000.0
2021-07-07,7338.0,7338.0,7236.0,7272.0,1260.0
2021-07-08,7250.0,7300.0,7150.0,7276.0,2080.0
2021-07-09,7260.0,7280.0,7154.0,7176.0,2470.0
2021-07-12,7120.0,7130.0,7066.0,7084.0,1210.0
2021-07-13,7050.0,7260.0,7050.0,7226.0,2280.0
2021-07-14,7250.0,7328.0,7220.0,7276.0,1810.0
2021-07-15,7242.0,7242.0,7242.0,7242.0,
2021-07-16,7350.0,7410.0,7350.0,7380.0,110.0
2021-07-19,7400.0,7500.0,7400.0,7484.0,30.0
2021-07-20,7530.0,7530.0,7530.0,7530.0,10.0
2021-07-21,7546.0,7546.0,7546.0,7546.0,
2021-07-22,7562.0,7580.0,7370.0,7420.0,2350.0
2021-07-23,7420.0,7448.0,7314.0,7398.0,1620.0
2021-07-26,7424.0,7550.0,7400.0,7424.0,2480.0
2021-07-27,7416.0,7444.0,7328.0,7362.0,1680.0
2021-07-28,7330.0,7374.0,7314.0,7356.0,550.0
2021-07-29,7350.0,7470.0,7322.0,7392.0,1840.0
2021-07-30,7370.0,7416.0,7356.0,7370.0,2430.0
2021-08-02,7372.0,7380.0,7186.0,7216.0,2230.0
2021-08-03,7200.0,7320.0,7120.0,7302.0,2490.0
2021-08-04,7260.0,7438.0,7260.0,7418.0,1930.0
2021-08-05,7440.0,7700.0,7440.0,7670.0,4240.0
2021-08-06,7776.0,7778.0,7466.0,7494.0,2370.0
2021-08-09,7486.0,7516.0,7362.0,7402.0,2640.0
2021-08-10,7432.0,7432.0,7300.0,7328.0,1570.0
2021-08-11,7258.0,7350.0,7258.0,7328.0,1680.0
2021-08-12,7366.0,7620.0,7366.0,7562.0,1230.0
2021-08-13,7678.0,8014.0,7620.0,7984.0,1180.0
2021-08-16,8010.0,8300.0,8010.0,8148.0,110.0
2021-08-17,8148.0,8148.0,8148.0,8148.0,
2021-08-18,8330.0,8330.0,8284.0,8328.0,100.0
2021-08-19,8328.0,8328.0,8328.0,8328.0,
2021-08-20,8190.0,8190.0,8190.0,8190.0,40.0
2021-08-23,8182.0,8260.0,7924.0,8072.0,4390.0
2021-08-24,8000.0,8300.0,8000.0,8262.0,4470.0
2021-08-25,8366.0,8750.0,8320.0,8686.0,8100.0
2021-08-26,8688.0,8688.0,8170.0,8238.0,4610.0
2021-08-27,8222.0,8312.0,8022.0,8112.0,3610.0
2021-08-30,7900.0,8296.0,7900.0,8122.0,2450.0
2021-08-31,8110.0,8236.0,8000.0,8022.0,2150.0
2021-09-01,7990.0,8028.0,7860.0,7894.0,2260.0
2021-09-02,7862.0,7980.0,7806.0,7886.0,2430.0
2021-09-03,7854.0,7926.0,7684.0,7728.0,4150.0
2021-09-06,7690.0,7700.0,7570.0,7606.0,3490.0
2021-09-07,7648.0,7896.0,7638.0,7868.0,3120.0
2021-09-08,7880.0,8000.0,7792.0,7872.0,1880.0
2021-09-09,7878.0,7960.0,7766.0,7902.0,3260.0
2021-09-10,7902.0,7902.0,7902.0,7902.0,
2021-09-13,7854.0,7874.0,7670.0,7696.0,1920.0
2021-09-14,7682.0,7732.0,7236.0,7240.0,1340.0
2021-09-15,6956.0,7072.0,6954.0,7024.0,390.0
2021-09-16,6900.0,7020.0,6900.0,6996.0,150.0
2021-09-17,6882.0,6882.0,6882.0,6882.0,10.0
2021-09-20,6632.0,6666.0,6632.0,6642.0,20.0
2021-09-21,7396.0,7428.0,7314.0,7348.0,1820.0
2021-09-22,7360.0,7424.0,7274.0,7310.0,1410.0
2021-09-23,7274.0,7274.0,7074.0,7100.0,2000.0
2021-09-24,7148.0,7220.0,7084.0,7136.0,1430.0
2021-09-27,7182.0,7300.0,7182.0,7220.0,1890.0
2021-09-28,7248.0,7458.0,7248.0,7402.0,2980.0
2021-09-29,7452.0,7452.0,7272.0,7314.0,2310.0
2021-09-30,7340.0,7346.0,7270.0,7318.0,1590.0
2021-10-01,7318.0,7380.0,7220.0,7242.0,2050.0
2021-10-04,7208.0,7228.0,7020.0,7200.0,3060.0
2021-10-05,7218.0,7280.0,7202.0,7230.0,1750.0
2021-10-06,7180.0,7278.0,7094.0,7142.0,2140.0
2021-10-07,7132.0,7172.0,7070.0,7116.0,1730.0
2021-10-08,7096.0,7248.0,6946.0,7224.0,5250.0
2021-10-11,7220.0,7324.0,7200.0,7234.0,2870.0
2021-10-12,7240.0,7338.0,7222.0,7288.0,2610.0
2021-10-13,7176.0,7452.0,7176.0,7270.0,1350.0
2021-10-14,7320.0,7408.0,7320.0,7396.0,80.0
2021-10-15,7396.0,7396.0,7396.0,7396.0,
2021-10-18,7450.0,7470.0,7390.0,7454.0,1150.0
2021-10-19,7460.0,7470.0,7400.0,7436.0,140.0
2021-10-20,7450.0,7450.0,7440.0,7450.0,560.0
2021-10-21,7318.0,7340.0,7170.0,7208.0,1140.0
2021-10-22,7192.0,7212.0,7100.0,7164.0,1350.0
2021-10-25,7216.0,7216.0,7118.0,7172.0,530.0
2021-10-26,7144.0,7202.0,7112.0,7144.0,1110.0
2021-10-27,7148.0,7420.0,7144.0,7394.0,4940.0
2021-10-28,7428.0,7448.0,7316.0,7408.0,1660.0
2021-10-29,7424.0,7438.0,7140.0,7274.0,3010.0
2021-11-01,7274.0,7426.0,7274.0,7388.0,1830.0
2021-11-02,7388.0,7496.0,7388.0,7434.0,1460.0
2021-11-03,7422.0,7610.0,7420.0,7592.0,2610.0
2021-11-04,7594.0,7640.0,7566.0,7596.0,300.0
2021-11-05,7596.0,7596.0,7596.0,7596.0,
2021-11-08,7600.0,7632.0,7524.0,7614.0,1310.0
2021-11-09,7550.0,7560.0,7222.0,7322.0,2370.0
2021-11-10,7274.0,7278.0,7050.0,7234.0,3350.0
2021-11-11,7284.0,7354.0,7206.0,7240.0,3200.0
2021-11-12,7310.0,7340.0,7130.0,7164.0,1360.0
2021-11-15,7192.0,7192.0,7192.0,7192.0,
2021-11-16,7156.0,7156.0,7156.0,7156.0,
2021-11-17,7220.0,7220.0,7220.0,7220.0,
2021-11-18,7276.0,7276.0,7276.0,7202.0,
2021-11-19,7262.0,7262.0,7262.0,7262.0,
2021-11-22,7360.0,7696.0,7360.0,7694.0,4910.0
2021-11-23,7690.0,8140.0,7690.0,7838.0,6090.0
2021-11-24,7880.0,7880.0,7526.0,7622.0,3050.0
2021-11-25,7590.0,7706.0,7566.0,7628.0,1280.0
2021-11-26,7580.0,7628.0,7432.0,7578.0,2110.0
2021-11-29,7662.0,7662.0,7430.0,7548.0,1410.0
2021-11-30,7550.0,7602.0,7480.0,7512.0,2660.0
2021-12-01,7508.0,7508.0,7350.0,7390.0,1380.0
2021-12-02,7350.0,7418.0,7114.0,7368.0,2580.0
2021-12-03,7378.0,7638.0,7332.0,7580.0,2410.0
2021-12-06,7540.0,7740.0,7540.0,7634.0,1520.0
2021-12-07,7612.0,7938.0,7500.0,7904.0,2610.0
2021-12-08,7928.0,8030.0,7668.0,7964.0,1750.0
2021-12-09,7922.0,7922.0,7722.0,7754.0,1260.0
2021-12-10,7786.0,7786.0,7652.0,7742.0,2850.0
2021-12-13,7822.0,7830.0,7660.0,7750.0,2300.0
2021-12-14,7680.0,7730.0,7532.0,7584.0,1920.0
2021-12-15,7630.0,7630.0,7630.0,7630.0,20.0
2021-12-16,7630.0,7630.0,7630.0,7630.0,30.0
2021-12-17,7630.0,7630.0,7630.0,7630.0,
2021-12-20,7934.0,8086.0,7934.0,8048.0,20.0
2021-12-21,9326.0,9392.0,9270.0,9310.0,1560.0
2021-12-22,9288.0,9288.0,9050.0,9164.0,1760.0
2021-12-23,9182.0,9198.0,9018.0,9052.0,1020.0
2021-12-24,9050.0,9100.0,8928.0,8984.0,1740.0
2021-12-27,8950.0,9130.0,8950.0,9048.0,1160.0
2021-12-28,9010.0,9066.0,8970.0,9014.0,1250.0
2021-12-29,8980.0,9108.0,8880.0,9040.0,1510.0
2021-12-30,9074.0,9112.0,8960.0,9066.0,790.0
2021-12-31,9032.0,9608.0,9026.0,9608.0,3850.0
2022-01-03,9970.0,10180.0,9772.0,10044.0,6490.0
2022-01-04,9942.0,10400.0,9854.0,10342.0,5900.0
2022-01-05,10348.0,10960.0,10280.0,10600.0,8380.0
2022-01-06,10500.0,10530.0,10066.0,10410.0,6000.0
2022-01-07,10400.0,10654.0,10240.0,10350.0,3910.0
2022-01-10,10460.0,10718.0,10432.0,10506.0,3110.0
2022-01-11,10452.0,10592.0,10332.0,10524.0,1810.0
2022-01-12,10560.0,10710.0,10452.0,10512.0,3150.0
2022-01-13,10410.0,10518.0,10272.0,10362.0,2390.0
2022-01-14,10268.0,10356.0,10112.0,10254.0,2400.0
2022-01-17,10332.0,10868.0,10290.0,10834.0,6050.0
2022-01-18,10940.0,11142.0,10672.0,10748.0,5290.0
2022-01-19,10800.0,11148.0,10650.0,10692.0,2540.0
2022-01-20,10736.0,11118.0,10506.0,10540.0,5570.0
2022-01-21,10460.0,10626.0,10150.0,10312.0,3640.0
2022-01-24,10370.0,10452.0,9708.0,9806.0,5820.0
2022-01-25,9820.0,10042.0,9700.0,9978.0,3370.0
2022-01-27,10040.0,10474.0,9940.0,10260.0,5140.0
2022-01-28,10142.0,10350.0,10022.0,10080.0,2070.0
2022-01-31,10134.0,10222.0,9936.0,10028.0,1550.0
2022-02-01,9934.0,10064.0,9800.0,9826.0,2540.0
2022-02-02,9790.0,9896.0,9562.0,9616.0,4300.0
2022-02-03,9562.0,9864.0,9540.0,9814.0,3110.0
2022-02-04,9816.0,10298.0,9806.0,10132.0,5360.0
2022-02-07,10180.0,10248.0,9880.0,9918.0,3170.0
2022-02-08,9926.0,10150.0,9776.0,10120.0,3040.0
2022-02-09,10148.0,10250.0,9970.0,9996.0,2670.0
2022-02-10,10000.0,10120.0,10000.0,10074.0,1540.0
2022-02-11,10098.0,10098.0,9830.0,9912.0,3010.0
2022-02-14,9948.0,10070.0,9850.0,9886.0,4090.0
2022-02-15,9880.0,9928.0,9642.0,9734.0,3570.0
2022-02-16,9788.0,9876.0,9740.0,9772.0,3070.0
2022-02-17,9790.0,9898.0,9752.0,9798.0,2029.9999999999998
2022-02-18,9818.0,10280.0,9770.0,10218.0,6580.0
2022-02-21,10208.0,10450.0,9900.0,10006.0,6250.0
2022-02-22,10000.0,10150.0,9864.0,9954.0,4680.0
2022-02-23,9982.0,10094.0,9864.0,9878.0,2520.0
2022-02-24,9802.0,9830.0,9286.0,9330.0,6590.0
2022-02-25,9490.0,9542.0,9170.0,9292.0,5070.0
2022-02-28,9200.0,9440.0,9034.0,9358.0,4180.0
2022-03-01,9358.0,9358.0,9358.0,9358.0,
2022-03-02,9304.0,9550.0,9256.0,9388.0,3200.0
2022-03-03,9440.0,9698.0,9400.0,9520.0,4710.0
2022-03-04,9500.0,9574.0,9318.0,9358.0,2340.0
2022-03-07,9152.0,9182.0,9000.0,9084.0,3620.0
2022-03-08,9154.0,9154.0,8640.0,8924.0,4560.0
2022-03-09,8946.0,9148.0,8864.0,8992.0,3080.0
2022-03-10,9080.0,9080.0,8802.0,8820.0,2280.0
2022-03-11,8810.0,8964.0,8468.0,8866.0,3200.0
2022-03-14,8810.0,8946.0,8762.0,8788.0,1730.0
2022-03-15,8760.0,8838.0,8550.0,8584.0,2080.0
2022-03-16,8602.0,8678.0,8352.0,8596.0,2760.0
2022-03-17,8600.0,8680.0,8514.0,8658.0,1510.0
2022-03-18,8658.0,8658.0,8658.0,8658.0,
2022-03-21,8604.0,8610.0,8472.0,8530.0,1400.0
2022-03-22,8524.0,8600.0,8480.0,8582.0,1740.0
2022-03-23,8580.0,8604.0,8526.0,8560.0,2580.0
2022-03-24,8582.0,8902.0,8480.0,8814.0,5900.0
2022-03-25,8820.0,8950.0,8740.0,8816.0,4380.0
2022-03-28,8764.0,8964.0,8764.0,8872.0,2500.0
2022-03-29,8754.0,8932.0,8754.0,8786.0,1890.0
2022-03-30,8786.0,8800.0,8620.0,8674.0,2080.0
2022-03-31,8700.0,8888.0,8632.0,8774.0,1910.0
2022-04-01,8810.0,9280.0,8810.0,9224.0,6150.0
2022-04-04,9260.0,9518.0,9006.0,9256.0,4600.0
2022-04-05,9230.0,9726.0,9230.0,9598.0,5060.0
2022-04-06,9620.0,9620.0,9394.0,9478.0,2029.9999999999998
2022-04-07,9538.0,9950.0,9538.0,9768.0,3800.0
2022-04-08,9834.0,9834.0,9310.0,9392.0,2450.0
2022-04-11,9408.0,9454.0,9110.0,9354.0,2240.0
2022-04-12,9396.0,9500.0,9300.0,9408.0,2660.0
2022-04-13,9292.0,9292.0,9160.0,9180.0,490.0
2022-04-14,9180.0,9180.0,9180.0,9180.0,
2022-04-18,8998.0,9000.0,8816.0,8946.0,90.0
2022-04-19,8900.0,8900.0,8808.0,8882.0,80.0
2022-04-20,8840.0,8840.0,8840.0,8882.0,120.0
2022-04-21,8882.0,9120.0,8882.0,9030.0,3850.0
2022-04-22,9046.0,9140.0,8950.0,8978.0,2820.0
2022-04-25,8960.0,9088.0,8804.0,8828.0,2580.0
2022-04-26,8802.0,8874.0,8476.0,8564.0,4960.0
2022-04-27,8512.0,8798.0,8466.0,8738.0,3910.0
2022-04-28,8742.0,8742.0,8544.0,8566.0,2630.0
2022-04-29,8596.0,8680.0,8490.0,8510.0,1890.0
2022-05-02,8480.0,8480.0,8164.0,8284.0,4780.0
2022-05-03,8284.0,8284.0,8284.0,8284.0,
2022-05-04,8306.0,8338.0,8144.0,8176.0,3120.0
2022-05-05,8200.0,8350.0,7894.0,8108.0,6160.0
2022-05-06,8058.0,8226.0,7914.0,8204.0,4300.0
2022-05-09,8222.0,8314.0,8070.0,8158.0,2980.0
2022-05-10,8180.0,8250.0,8130.0,8144.0,3310.0
2022-05-11,8088.0,8352.0,8080.0,8334.0,3220.0
2022-05-12,8322.0,8450.0,8260.0,8410.0,3010.0
2022-05-13,8320.0,8460.0,8216.0,8262.0,1810.0
2022-05-16,8242.0,8270.0,8032.0,8068.0,1480.0
2022-05-17,8172.0,8172.0,8104.0,8136.0,90.0
2022-05-18,8136.0,8136.0,8136.0,8136.0,30.0
2022-05-19,8322.0,8322.0,8322.0,8322.0,
2022-05-20,8080.0,8090.0,8080.0,8086.0,10.0
2022-05-23,8236.0,8350.0,8200.0,8258.0,2060.0
2022-05-24,8294.0,8294.0,8144.0,8206.0,1600.0
2022-05-25,8210.0,8216.0,7878.0,7916.0,3950.0
2022-05-26,7900.0,7980.0,7830.0,7918.0,2990.0
2022-05-27,7920.0,8102.0,7920.0,8002.0,2430.0
2022-05-30,8038.0,8068.0,7932.0,8012.0,1470.0
2022-05-31,8010.0,8048.0,7878.0,7918.0,2200.0
2022-06-01,7928.0,7982.0,7840.0,7916.0,1610.0
2022-06-02,7890.0,7970.0,7872.0,7956.0,1580.0
2022-06-03,7930.0,8050.0,7930.0,8004.0,1760.0
2022-06-06,7906.0,8098.0,7906.0,7996.0,1840.0
2022-06-07,8188.0,8188.0,7990.0,8036.0,3410.0
2022-06-08,8050.0,8090.0,8010.0,8072.0,1870.0
2022-06-09,8080.0,8190.0,8070.0,8100.0,2970.0
2022-06-10,8036.0,8092.0,8004.0,8030.0,3300.0
2022-06-13,8038.0,8128.0,7950.0,7962.0,4650.0
2022-06-14,7954.0,7964.0,7872.0,7890.0,3280.0
2022-06-15,7990.0,7990.0,7980.0,7986.0,20.0
2022-06-16,8222.0,8222.0,8222.0,8222.0,
2022-06-17,7894.0,7894.0,7894.0,7894.0,10.0
2022-06-20,7580.0,7660.0,7580.0,7660.0,10.0
2022-06-21,7680.0,7818.0,7656.0,7736.0,1580.0
2022-06-22,7710.0,7890.0,7710.0,7848.0,2210.0
2022-06-23,7864.0,7878.0,7784.0,7864.0,950.0
2022-06-24,7870.0,7870.0,7760.0,7784.0,890.0
2022-06-27,7772.0,7876.0,7720.0,7858.0,1040.0
2022-06-28,7878.0,7946.0,7840.0,7898.0,1310.0
2022-06-29,7948.0,7948.0,7606.0,7828.0,1210.0
2022-06-30,7822.0,7886.0,7750.0,7816.0,2040.0
2022-07-01,7802.0,7980.0,7730.0,7888.0,3180.0
2022-07-04,7904.0,8160.0,7850.0,8108.0,3610.0
2022-07-05,8022.0,8286.0,7976.0,8038.0,4770.0
2022-07-06,8028.0,8038.0,7910.0,7934.0,1250.0
2022-07-07,7940.0,7980.0,7820.0,7834.0,1170.0
2022-07-08,7910.0,7948.0,7716.0,7740.0,3250.0
2022-07-11,7838.0,7894.0,7750.0,7776.0,4650.0
2022-07-12,7762.0,7964.0,7730.0,7918.0,3000.0
2022-07-13,7912.0,7912.0,7790.0,7812.0,3090.0
2022-07-14,7796.0,7828.0,7700.0,7722.0,2510.0
2022-07-15,7734.0,7734.0,7656.0,7672.0,660.0
2022-07-18,7640.0,7640.0,7640.0,7640.0,160.0
2022-07-19,7352.0,7670.0,7352.0,7512.0,60.0
2022-07-20,7818.0,7818.0,7818.0,7512.0,10.0
2022-07-21,7820.0,7870.0,7772.0,7846.0,1060.0
2022-07-22,7816.0,7880.0,7552.0,7706.0,2900.0
2022-07-25,7680.0,7704.0,7600.0,7690.0,1660.0
2022-07-26,7680.0,7872.0,7622.0,7806.0,2670.0
2022-07-27,7800.0,7840.0,7728.0,7746.0,870.0
2022-07-28,7812.0,7812.0,7716.0,7756.0,920.0
2022-07-29,7732.0,7816.0,7660.0,7690.0,1680.0
2022-08-01,7698.0,7784.0,7690.0,7768.0,1320.0
2022-08-02,7822.0,7822.0,7506.0,7586.0,2490.0
2022-08-03,7600.0,7600.0,7414.0,7506.0,4100.0
2022-08-04,7470.0,7526.0,7234.0,7358.0,4090.0
2022-08-05,7418.0,7438.0,7310.0,7368.0,2920.0
2022-08-08,7302.0,7430.0,7254.0,7336.0,6670.0
2022-08-10,7278.0,7338.0,6896.0,7022.0,9250.0
2022-08-11,6806.0,6986.0,6806.0,6874.0,170.0
2022-08-12,6638.0,6958.0,6638.0,6798.0,20.0
2022-08-16,6798.0,6798.0,6798.0,6798.0,50.0
2022-08-17,7050.0,7068.0,7000.0,7024.0,100.0
2022-08-18,7360.0,7444.0,7274.0,7362.0,2540.0
2022-08-19,7380.0,7380.0,7254.0,7328.0,850.0
2022-08-22,7292.0,7336.0,7182.0,7218.0,2480.0
2022-08-23,7182.0,7224.0,7138.0,7186.0,1560.0
2022-08-24,7210.0,7248.0,7120.0,7218.0,1880.0
2022-08-25,7182.0,7320.0,7182.0,7230.0,2060.0
2022-08-26,7232.0,7268.0,7192.0,7248.0,1400.0
2022-08-29,7240.0,7272.0,7140.0,7156.0,2200.0
2022-08-30,7190.0,7190.0,6988.0,7052.0,3130.0
2022-09-01,7000.0,7170.0,6940.0,7150.0,2410.0
2022-09-02,7154.0,7164.0,7086.0,7126.0,1220.0
2022-09-05,7100.0,7100.0,6970.0,7062.0,1310.0
2022-09-06,7050.0,7160.0,7018.0,7108.0,2540.0
2022-09-07,7088.0,7120.0,7064.0,7094.0,640.0
2022-09-08,7124.0,7148.0,7020.0,7034.0,5870.0
2022-09-09,7004.0,7040.0,6834.0,6864.0,3680.0
2022-09-12,6810.0,6844.0,6710.0,6750.0,3940.0
2022-09-13,6758.0,6922.0,6710.0,6838.0,2650.0
2022-09-14,6806.0,7010.0,6740.0,6960.0,2630.0
2022-09-15,7098.0,7098.0,7098.0,7098.0,90.0
2022-09-16,7080.0,7080.0,6940.0,7024.0,60.0
2022-09-19,7098.0,7098.0,7098.0,7098.0,70.0
2022-09-20,7262.0,7262.0,7262.0,7364.0,
2022-09-21,7280.0,7290.0,7218.0,7238.0,1290.0
2022-09-22,7260.0,7270.0,7060.0,7128.0,2790.0
2022-09-23,7040.0,7138.0,6824.0,6848.0,4770.0
2022-09-26,6802.0,6868.0,6734.0,6812.0,2480.0
2022-09-27,6810.0,6880.0,6800.0,6832.0,690.0
2022-09-28,6860.0,6866.0,6784.0,6816.0,820.0
2022-09-29,6740.0,6858.0,6688.0,6822.0,1540.0
2022-09-30,6784.0,6866.0,6770.0,6846.0,1290.0
2022-10-03,6870.0,7012.0,6812.0,6954.0,2620.0
2022-10-04,6974.0,7182.0,6950.0,7078.0,3650.0
2022-10-06,7100.0,7200.0,7060.0,7084.0,2460.0
2022-10-07,7098.0,7104.0,6852.0,6898.0,4100.0
2022-10-10,6812.0,6974.0,6812.0,6930.0,2900.0
2022-10-11,6884.0,7048.0,6860.0,6994.0,2040.0
2022-10-12,7020.0,7080.0,6952.0,6996.0,1610.0
2022-10-13,7020.0,7410.0,6844.0,7304.0,3390.0
2022-10-14,7296.0,7444.0,6906.0,6936.0,1470.0
2022-10-17,7154.0,7154.0,7154.0,7154.0,10.0
2022-10-18,6900.0,6900.0,6870.0,6892.0,250.0
2022-10-19,7166.0,7166.0,7120.0,7142.0,30.0
2022-10-20,7544.0,7544.0,7544.0,7142.0,40.0
2022-10-21,7422.0,7690.0,7422.0,7638.0,2080.0
2022-10-24,7670.0,7708.0,7640.0,7700.0,580.0
2022-10-25,7718.0,7718.0,7472.0,7572.0,1450.0
2022-10-27,7646.0,7848.0,7434.0,7462.0,3450.0
2022-10-28,7380.0,7510.0,7322.0,7444.0,2150.0
2022-10-31,7446.0,7492.0,7220.0,7256.0,3310.0
2022-11-01,7228.0,7302.0,7132.0,7216.0,2390.0
2022-11-02,7146.0,7414.0,7146.0,7280.0,3550.0
2022-11-03,7300.0,7318.0,7224.0,7244.0,1210.0
2022-11-04,7274.0,7340.0,7150.0,7300.0,4580.0
2022-11-07,7368.0,7420.0,7320.0,7344.0,2490.0
2022-11-09,7330.0,7478.0,7302.0,7440.0,2520.0
2022-11-10,7460.0,7480.0,7356.0,7390.0,1890.0
2022-11-11,7394.0,7570.0,7394.0,7516.0,1790.0
2022-11-14,7604.0,7768.0,7366.0,7622.0,2520.0
2022-11-15,7580.0,7580.0,7412.0,7524.0,20.0
2022-11-16,7614.0,7640.0,7566.0,7636.0,760.0
2022-11-17,7636.0,7636.0,7636.0,7636.0,30.0
2022-11-18,7560.0,7600.0,7460.0,7558.0,590.0
2022-11-21,7550.0,7550.0,7428.0,7478.0,1470.0
2022-11-22,7470.0,7488.0,7180.0,7232.0,3890.0
2022-11-23,7190.0,7300.0,7190.0,7280.0,1740.0
2022-11-24,7328.0,7394.0,7250.0,7358.0,1020.0
2022-11-25,7466.0,7466.0,7064.0,7156.0,2860.0
2022-11-28,7200.0,7236.0,7050.0,7122.0,1500.0
2022-11-29,7078.0,7288.0,7078.0,7270.0,1510.0
2022-11-30,7320.0,7320.0,7160.0,7182.0,1530.0
2022-12-01,7160.0,7246.0,7104.0,7160.0,1080.0
2022-12-02,7150.0,7218.0,7150.0,7170.0,1250.0
2022-12-05,7240.0,7240.0,7140.0,7154.0,2040.0
2022-12-06,7150.0,7152.0,7080.0,7090.0,1040.0
2022-12-07,7062.0,7090.0,7000.0,7018.0,2370.0
2022-12-08,7048.0,7166.0,6970.0,7106.0,3990.0
2022-12-09,7124.0,7154.0,7000.0,7046.0,2410.0
2022-12-12,6914.0,7200.0,6800.0,7158.0,2080.0
2022-12-13,7198.0,7344.0,7092.0,7228.0,2120.0
2022-12-14,7106.0,7300.0,7104.0,7260.0,1910.0
2022-12-15,7398.0,7550.0,7398.0,7462.0,360.0
2022-12-16,7546.0,7546.0,7546.0,7546.0,10.0
2022-12-19,7428.0,7428.0,7428.0,7428.0,
2022-12-20,7700.0,7700.0,7650.0,7684.0,260.0
2022-12-21,8644.0,8730.0,8502.0,8644.0,1950.0
2022-12-22,8710.0,8720.0,8548.0,8594.0,1000.0
2022-12-23,8660.0,8688.0,8430.0,8464.0,2050.0
2022-12-26,8440.0,8470.0,8262.0,8402.0,1990.0
2022-12-27,8490.0,8522.0,8290.0,8350.0,1580.0
2022-12-28,8312.0,8370.0,8260.0,8308.0,1110.0
2022-12-29,8330.0,8330.0,8210.0,8288.0,1300.0
2022-12-30,8298.0,8348.0,8250.0,8276.0,1860.0
2023-01-02,8260.0,8266.0,8200.0,8248.0,1510.0
2023-01-03,8200.0,8240.0,7852.0,7914.0,4380.0
2023-01-04,7832.0,7980.0,7816.0,7958.0,2980.0
2023-01-05,7960.0,7960.0,7762.0,7796.0,2110.0
2023-01-06,7950.0,7950.0,7672.0,7828.0,2070.0
2023-01-09,7856.0,7978.0,7840.0,7964.0,1870.0
2023-01-10,7942.0,7942.0,7806.0,7834.0,1030.0
2023-01-11,7836.0,7884.0,7810.0,7820.0,470.0
2023-01-12,7868.0,7868.0,7798.0,7828.0,750.0
2023-01-13,7850.0,7878.0,7712.0,7738.0,1450.0
2023-01-16,7750.0,7810.0,7704.0,7774.0,960.0
2023-01-17,7790.0,7938.0,7780.0,7916.0,1570.0
2023-01-18,7936.0,8152.0,7902.0,8142.0,3560.0
2023-01-19,8166.0,8190.0,8000.0,8074.0,2230.0
2023-01-20,8056.0,8120.0,7960.0,8028.0,1460.0
2023-01-23,7998.0,8036.0,7840.0,7884.0,1210.0
2023-01-24,7870.0,7946.0,7830.0,7874.0,760.0
2023-01-25,7888.0,7888.0,7716.0,7744.0,2110.0
2023-01-27,7772.0,7790.0,7304.0,7388.0,3930.0
2023-01-30,7412.0,7412.0,7218.0,7260.0,2370.0
2023-01-31,7310.0,7366.0,7180.0,7344.0,2100.0
2023-02-01,7350.0,7440.0,7260.0,7338.0,1940.0
2023-02-02,7336.0,7344.0,7238.0,7320.0,780.0
2023-02-03,7280.0,7440.0,7280.0,7384.0,1290.0
2023-02-06,7390.0,7390.0,7284.0,7300.0,1160.0
2023-02-07,7282.0,7438.0,7250.0,7276.0,2900.0
2023-02-08,7250.0,7290.0,7002.0,7080.0,2490.0
2023-02-09,7150.0,7150.0,6934.0,7010.0,1470.0
2023-02-10,7000.0,7050.0,6904.0,6960.0,1100.0
2023-02-13,6922.0,7050.0,6880.0,6930.0,670.0
2023-02-14,6908.0,6966.0,6830.0,6890.0,1660.0
2023-02-15,6900.0,7056.0,6842.0,7052.0,1810.0
2023-02-16,7076.0,7098.0,6900.0,6942.0,1530.0
2023-02-17,6920.0,6992.0,6880.0,6948.0,680.0
2023-02-20,6864.0,7092.0,6800.0,7056.0,1730.0
2023-02-21,7128.0,7200.0,7022.0,7096.0,2380.0
2023-02-22,7108.0,7126.0,6960.0,7040.0,1720.0
2023-02-23,7040.0,7238.0,6966.0,7204.0,2660.0
2023-02-24,7206.0,7280.0,7050.0,7090.0,2060.0
2023-02-27,7082.0,7090.0,7002.0,7044.0,1010.0
2023-02-28,7054.0,7188.0,7054.0,7172.0,1890.0
2023-03-01,7188.0,7244.0,7082.0,7126.0,1690.0
2023-03-02,7130.0,7154.0,7026.0,7042.0,760.0
2023-03-03,7072.0,7072.0,6876.0,6970.0,1850.0
2023-03-06,6950.0,6986.0,6884.0,6910.0,920.0
2023-03-08,6900.0,6928.0,6840.0,6918.0,1080.0
2023-03-09,6886.0,6922.0,6850.0,6906.0,910.0
2023-03-10,6900.0,7036.0,6894.0,6914.0,1850.0
2023-03-13,6900.0,6900.0,6730.0,6772.0,2420.0
2023-03-14,6770.0,6822.0,6738.0,6786.0,1230.0
2023-03-15,6818.0,6818.0,6700.0,6776.0,1160.0
2023-03-16,6776.0,6776.0,6670.0,6734.0,940.0
2023-03-17,6760.0,6780.0,6668.0,6716.0,1050.0
2023-03-20,6740.0,6832.0,6730.0,6794.0,1220.0
2023-03-21,6800.0,6888.0,6774.0,6882.0,1290.0
2023-03-22,6850.0,7048.0,6836.0,6928.0,2520.0
2023-03-23,6920.0,7038.0,6920.0,7002.0,1380.0
2023-03-24,7026.0,7162.0,6880.0,6896.0,3450.0
2023-03-27,6906.0,7012.0,6822.0,6854.0,1970.0
2023-03-28,6860.0,6920.0,6822.0,6898.0,1230.0
2023-03-29,6918.0,6918.0,6804.0,6826.0,1830.0
2023-03-31,6830.0,6900.0,6806.0,6856.0,1280.0
2023-04-03,6878.0,6928.0,6834.0,6884.0,1040.0
2023-04-05,6898.0,6968.0,6890.0,6932.0,1630.0
2023-04-06,6952.0,6990.0,6904.0,6928.0,2430.0
2023-04-10,6950.0,7110.0,6752.0,6780.0,4590.0
2023-04-11,6768.0,6798.0,6680.0,6714.0,5740.0
2023-04-12,6766.0,6778.0,6722.0,6742.0,720.0
2023-04-13,6758.0,6838.0,6750.0,6810.0,710.0
2023-04-17,6874.0,6874.0,6768.0,6780.0,620.0
2023-04-18,6760.0,6760.0,6740.0,6758.0,230.0
2023-04-19,6786.0,6816.0,6650.0,6700.0,2060.0
2023-04-20,6670.0,6722.0,6658.0,6696.0,640.0
2023-04-21,6762.0,6788.0,6600.0,6712.0,3180.0
2023-04-24,6690.0,6714.0,6574.0,6598.0,2300.0
2023-04-25,6510.0,6586.0,6510.0,6542.0,1560.0
2023-04-26,6510.0,6798.0,6452.0,6738.0,4030.0000000000005
2023-04-27,6730.0,6744.0,6640.0,6670.0,1440.0
2023-04-28,6650.0,6792.0,6640.0,6728.0,2080.0
2023-05-02,6730.0,7130.0,6730.0,7124.0,6280.0
2023-05-03,7148.0,7470.0,7040.0,7214.0,8890.0
2023-05-04,7188.0,7478.0,7188.0,7428.0,3700.0
2023-05-05,7498.0,7590.0,7346.0,7430.0,5030.0
2023-05-08,7402.0,7556.0,7338.0,7462.0,3170.0
2023-05-09,7420.0,7550.0,7372.0,7414.0,2310.0
2023-05-10,7440.0,7700.0,7440.0,7562.0,4370.0
2023-05-11,7562.0,7600.0,7350.0,7436.0,2570.0
2023-05-12,7480.0,7882.0,7400.0,7836.0,2240.0
2023-05-15,7948.0,8148.0,7948.0,8122.0,190.0
2023-05-16,8200.0,8350.0,8200.0,8326.0,240.0
2023-05-17,8366.0,8400.0,8364.0,8390.0,390.0
2023-05-18,8056.0,8100.0,8056.0,8092.0,290.0
2023-05-19,8190.0,8382.0,8110.0,8222.0,5310.0
2023-05-22,8180.0,8180.0,7770.0,7928.0,5650.0
2023-05-23,7896.0,7896.0,7626.0,7846.0,4940.0
2023-05-24,7884.0,8230.0,7858.0,8190.0,6880.0
2023-05-25,8230.0,8270.0,8032.0,8148.0,3640.0
2023-05-26,8190.0,8220.0,8000.0,8050.0,3750.0
2023-05-29,8050.0,8140.0,7990.0,8034.0,2390.0
2023-05-30,8080.0,8090.0,7826.0,7922.0,2190.0
2023-05-31,7882.0,7996.0,7832.0,7974.0,2009.9999999999998
2023-06-01,7980.0,7980.0,7656.0,7742.0,2770.0
2023-06-02,7604.0,7692.0,7516.0,7538.0,4470.0
2023-06-05,7530.0,7614.0,7496.0,7522.0,2320.0
2023-06-06,7512.0,7524.0,7440.0,7474.0,2710.0
2023-06-07,7466.0,7720.0,7450.0,7686.0,4390.0
2023-06-08,7652.0,7786.0,7564.0,7626.0,1850.0
2023-06-09,7556.0,7738.0,7554.0,7626.0,3390.0
2023-06-12,7600.0,7600.0,7512.0,7556.0,2510.0
2023-06-13,7560.0,7724.0,7560.0,7672.0,2220.0
2023-06-14,7722.0,8132.0,7720.0,8132.0,2160.0
2023-06-15,8450.0,8550.0,8398.0,8540.0,370.0
2023-06-16,8400.0,8600.0,8290.0,8542.0,320.0
2023-06-19,8882.0,9054.0,8882.0,8986.0,690.0
2023-06-20,8900.0,9100.0,8700.0,8812.0,290.0
2023-06-21,8960.0,9560.0,8800.0,9548.0,8360.0
2023-06-22,9600.0,9718.0,9304.0,9424.0,5910.0
2023-06-23,9402.0,9512.0,9110.0,9316.0,6770.0
2023-06-26,9300.0,9450.0,9108.0,9192.0,6610.0
2023-06-27,9180.0,9420.0,9152.0,9290.0,3970.0
2023-06-28,9300.0,9838.0,9300.0,9518.0,8570.0
2023-06-30,9600.0,10048.0,9600.0,9858.0,8460.0
2023-07-03,10050.0,10376.0,9850.0,10006.0,7900.0
2023-07-04,9852.0,10050.0,9720.0,9868.0,8350.0
2023-07-05,9850.0,9980.0,9520.0,9936.0,9480.0
2023-07-06,10000.0,10124.0,9540.0,9576.0,9640.0
2023-07-07,9534.0,9798.0,9460.0,9742.0,6090.0
2023-07-10,9946.0,10326.0,9946.0,10326.0,5810.0
2023-07-11,10400.0,10944.0,10400.0,10876.0,12110.0
2023-07-12,11180.0,11180.0,10666.0,10994.0,8370.0
2023-07-13,10846.0,11506.0,10720.0,11296.0,9760.0
2023-07-14,11300.0,11972.0,11230.0,11842.0,12520.0
2023-07-17,12314.0,12514.0,11900.0,12208.0,16180.0
2023-07-18,12062.0,12380.0,11722.0,12150.0,12460.0
2023-07-19,12350.0,12876.0,12060.0,12812.0,15160.0
2023-07-20,12860.0,13532.0,12766.0,13152.0,14350.0
2023-07-21,13406.0,13668.0,13000.0,13180.0,10690.0
2023-07-24,13080.0,13398.0,12730.0,12816.0,11110.0
2023-07-25,12800.0,13584.0,12760.0,13584.0,9580.0
2023-07-26,13760.0,14248.0,13720.0,13950.0,11620.0
2023-07-27,14040.0,14140.0,13522.0,13936.0,7350.0
2023-07-28,14360.0,14772.0,14360.0,14772.0,5330.0
2023-07-31,15362.0,15550.0,14814.0,15290.0,10490.0
2023-08-01,15540.0,15754.0,14700.0,15096.0,7220.0
2023-08-02,15166.0,15790.0,14888.0,15554.0,8100.0
2023-08-03,15700.0,16054.0,15200.0,15940.0,7040.0
2023-08-04,15700.0,16668.0,14984.0,15120.0,10340.0
2023-08-07,15580.0,15580.0,14516.0,15366.0,5070.0
2023-08-08,15584.0,16280.0,14984.0,16020.0,6070.0
2023-08-09,16200.0,16298.0,15314.0,15446.0,5230.0
2023-08-10,15302.0,15540.0,15002.0,15162.0,2140.0
2023-08-11,15002.0,15464.0,14364.0,14698.0,2420.0
2023-08-14,14416.0,14416.0,14416.0,14416.0,
2023-08-16,14980.0,14990.0,13988.0,14816.0,140.0
2023-08-17,14800.0,14800.0,14562.0,14674.0,60.0
2023-08-18,14800.0,14800.0,14800.0,14800.0,10.0
2023-08-21,16390.0,16720.0,15880.0,15998.0,5340.0
2023-08-22,15972.0,16560.0,15972.0,16164.0,5540.0
2023-08-23,16290.0,16380.0,15552.0,16170.0,5540.0
2023-08-24,16288.0,16392.0,16002.0,16080.0,3110.0
2023-08-25,16140.0,16528.0,15964.0,16174.0,3090.0
2023-08-28,16154.0,16550.0,15204.0,15204.0,6650.0
2023-08-29,14910.0,15020.0,14292.0,14292.0,7220.0
2023-08-30,14100.0,14632.0,13810.0,14458.0,5430.0
2023-08-31,14626.0,15284.0,14432.0,15086.0,5140.0
2023-09-01,15100.0,15578.0,14830.0,15114.0,5090.0
2023-09-04,15140.0,15350.0,14666.0,15188.0,3530.0
2023-09-05,15200.0,15300.0,14940.0,15048.0,1980.0
2023-09-06,15190.0,15300.0,14880.0,15110.0,1690.0
2023-09-07,15010.0,15090.0,14534.0,14704.0,5600.0
2023-09-08,14762.0,14940.0,14570.0,14808.0,2280.0
2023-09-11,14848.0,14848.0,14030.0,14120.0,4380.0
2023-09-12,13970.0,14264.0,13556.0,13686.0,4120.0
2023-09-13,13750.0,14098.0,13750.0,13992.0,2790.0
2023-09-14,13958.0,14830.0,13776.0,14830.0,5450.0
2023-09-15,15100.0,15718.0,15100.0,15590.0,7600.0
2023-09-18,15680.0,15800.0,15138.0,15622.0,4170.0
2023-09-20,15524.0,15700.0,14686.0,14978.0,5250.0
2023-09-21,14992.0,14992.0,14158.0,14434.0,3420.0
2023-09-22,14364.0,14620.0,14040.0,14378.0,1720.0
2023-09-25,14350.0,14474.0,13984.0,14078.0,1930.0
2023-09-26,14008.0,14084.0,13560.0,13680.0,2820.0
2023-09-27,13560.0,13736.0,12922.0,13080.0,3890.0
2023-09-28,13290.0,13500.0,12772.0,13376.0,3600.0
2023-09-29,13700.0,14178.0,13472.0,14022.0,3870.0
2023-10-03,14198.0,14198.0,13528.0,13906.0,4550.0
2023-10-04,13998.0,14462.0,13756.0,14182.0,4280.0
2023-10-05,14276.0,14600.0,14132.0,14534.0,5440.0
2023-10-06,14614.0,15114.0,14066.0,14424.0,4620.0
2023-10-09,14010.0,14344.0,13628.0,13752.0,3540.0
2023-10-10,13560.0,14120.0,13004.0,13316.0,3950.0
2023-10-11,12920.0,13270.0,12800.0,12920.0,2470.0
2023-10-12,12988.0,13192.0,12550.0,12954.0,1410.0
2023-10-13,12780.0,13100.0,12722.0,12872.0,1810.0
2023-10-16,12358.0,13066.0,12104.0,12700.0,2820.0
2023-10-17,12972.0,13208.0,12972.0,13090.0,20.0
2023-10-18,13612.0,13800.0,13600.0,13692.0,60.0
2023-10-19,13302.0,13302.0,12960.0,13216.0,60.0
2023-10-20,13808.0,13808.0,13808.0,13216.0,10.0
2023-10-23,13890.0,13890.0,12970.0,13170.0,3460.0
2023-10-25,13590.0,13590.0,12854.0,13212.0,2950.0
2023-10-26,13270.0,13432.0,12960.0,13092.0,2890.0
2023-10-27,13190.0,13800.0,12950.0,13528.0,4650.0
2023-10-30,13570.0,13908.0,13370.0,13708.0,3140.0
2023-10-31,13700.0,13720.0,13300.0,13424.0,1500.0
2023-11-01,13682.0,14132.0,13470.0,14034.0,4260.0
2023-11-02,14140.0,14140.0,13528.0,13620.0,2710.0
2023-11-03,13510.0,13988.0,13510.0,13846.0,1700.0
2023-11-06,13990.0,14298.0,13622.0,13950.0,4500.0
2023-11-07,13906.0,13960.0,13654.0,13712.0,1090.0
2023-11-08,13722.0,13726.0,13406.0,13478.0,1930.0
2023-11-09,13424.0,13550.0,13232.0,13506.0,1480.0
2023-11-10,13560.0,13720.0,13414.0,13510.0,1310.0
2023-11-12,13598.0,13650.0,13530.0,13534.0,330.0
2023-11-13,13598.0,13658.0,13488.0,13528.0,790.0
2023-11-15,13658.0,13800.0,13404.0,13524.0,1230.0
2023-11-16,13430.0,13486.0,13244.0,13420.0,910.0
2023-11-17,13360.0,13420.0,12616.0,12698.0,4790.0
2023-11-20,12590.0,12800.0,12360.0,12496.0,2380.0
2023-11-21,12450.0,12840.0,12102.0,12338.0,3590.0
2023-11-22,12314.0,12680.0,12010.0,12338.0,2540.0
2023-11-23,12284.0,12580.0,12114.0,12428.0,2029.9999999999998
2023-11-24,12580.0,12924.0,12424.0,12862.0,3140.0
2023-11-28,13046.0,13526.0,12900.0,13234.0,3470.0
2023-11-29,13158.0,13346.0,12810.0,12910.0,2550.0
2023-11-30,12990.0,12992.0,12590.0,12796.0,1500.0
2023-12-01,12846.0,12940.0,12516.0,12590.0,1290.0
2023-12-04,12820.0,12858.0,12294.0,12368.0,2980.0
2023-12-05,12342.0,12750.0,12150.0,12636.0,2860.0
2023-12-06,12750.0,12928.0,12720.0,12836.0,1500.0
2023-12-07,12624.0,12784.0,12550.0,12612.0,2260.0
2023-12-08,12550.0,12750.0,12502.0,12554.0,2660.0
2023-12-11,12510.0,12650.0,12310.0,12334.0,2420.0
2023-12-12,12290.0,12424.0,12186.0,12264.0,1530.0
2023-12-13,12430.0,12998.0,12272.0,12998.0,4870.0
2023-12-14,13400.0,13770.0,12806.0,12930.0,6330.0
2023-12-15,12816.0,13100.0,12720.0,12972.0,690.0
2023-12-18,12702.0,12702.0,12334.0,12520.0,550.0
2023-12-19,12348.0,12348.0,12200.0,12264.0,130.0
2023-12-20,12500.0,12500.0,11800.0,12392.0,670.0
2023-12-21,14026.0,14150.0,13866.0,13966.0,1350.0
2023-12-22,13890.0,14348.0,13890.0,14214.0,1850.0
2023-12-26,14250.0,14488.0,14130.0,14280.0,1380.0
2023-12-27,14222.0,14312.0,14002.0,14140.0,930.0
2023-12-28,14140.0,14280.0,14130.0,14198.0,590.0
2023-12-29,14180.0,14298.0,13936.0,14116.0,1120.0
2024-01-01,14240.0,14260.0,14030.0,14096.0,720.0
2024-01-02,14144.0,14186.0,13900.0,14114.0,1220.0
2024-01-03,14090.0,14090.0,13632.0,13754.0,2520.0
2024-01-04,13798.0,13900.0,13682.0,13816.0,1030.0
2024-01-05,13820.0,13820.0,13376.0,13434.0,2350.0
2024-01-08,13410.0,13410.0,12898.0,12980.0,2730.0
2024-01-09,13010.0,13448.0,12840.0,13342.0,2720.0
2024-01-10,13346.0,13346.0,13110.0,13198.0,1140.0
2024-01-11,13284.0,13300.0,12966.0,13056.0,1290.0
2024-01-12,13050.0,13088.0,12650.0,12938.0,1490.0
2024-01-15,13006.0,13698.0,12872.0,13634.0,3390.0
2024-01-16,13660.0,13978.0,13600.0,13896.0,2340.0
2024-01-17,13940.0,14036.0,13552.0,13718.0,2200.0
2024-01-18,13688.0,13950.0,13642.0,13884.0,1870.0
2024-01-19,13890.0,14716.0,13850.0,14716.0,5430.0
2024-01-23,15016.0,15598.0,14916.0,15598.0,4510.0
2024-01-24,15966.0,16170.0,15630.0,15808.0,6340.0
2024-01-25,15730.0,16298.0,15500.0,16018.0,5150.0
2024-01-29,16010.0,16250.0,15058.0,15058.0,4270.0
2024-01-30,14510.0,14940.0,14272.0,14830.0,5820.0
2024-01-31,15000.0,15040.0,13996.0,14096.0,4630.0
2024-02-01,14054.0,14638.0,13952.0,14568.0,3470.0
2024-02-02,14668.0,15442.0,14632.0,15434.0,4600.0
2024-02-05,15614.0,15900.0,14818.0,15778.0,5280.0
2024-02-06,15900.0,15950.0,15400.0,15532.0,2350.0
2024-02-07,15498.0,15730.0,15282.0,15636.0,1710.0
2024-02-08,15600.0,15680.0,15212.0,15330.0,2310.0
2024-02-09,15334.0,15498.0,15060.0,15166.0,1820.0
2024-02-12,15000.0,15168.0,14400.0,14742.0,3120.0
2024-02-13,14742.0,15080.0,14456.0,14898.0,1810.0
2024-02-14,14940.0,15078.0,14750.0,14970.0,1330.0
2024-02-15,15040.0,15568.0,14900.0,15330.0,2800.0
2024-02-16,15344.0,15620.0,15112.0,15190.0,1720.0
2024-02-19,15080.0,15440.0,14900.0,15382.0,1850.0
2024-02-20,15330.0,15780.0,15240.0,15572.0,2990.0
2024-02-21,15700.0,15754.0,15326.0,15434.0,1690.0
2024-02-22,15400.0,15540.0,15154.0,15252.0,1510.0
2024-02-23,15314.0,15470.0,15190.0,15302.0,1470.0
2024-02-26,15350.0,15898.0,15302.0,15666.0,2330.0
2024-02-27,15806.0,16604.0,15806.0,16604.0,5330.0
2024-02-28,16700.0,16900.0,16484.0,16672.0,3200.0
2024-02-29,16680.0,17334.0,16250.0,17162.0,4790.0
2024-03-01,17238.0,17452.0,16850.0,16954.0,3400.0
2024-03-04,16990.0,17778.0,16850.0,17482.0,4390.0
2024-03-05,17500.0,17500.0,16980.0,17076.0,2250.0
2024-03-06,17198.0,17488.0,16910.0,17386.0,2160.0
2024-03-07,17600.0,18428.0,17470.0,18086.0,6150.0
2024-03-11,18550.0,19170.0,18462.0,19170.0,4530.0
2024-03-12,19272.0,19700.0,18504.0,18672.0,4059.9999999999995
2024-03-13,18692.0,19776.0,18560.0,19370.0,4720.0
2024-03-14,19120.0,19120.0,18310.0,18744.0,4600.0
2024-03-15,18670.0,18798.0,17620.0,17650.0,5010.0
2024-03-18,17800.0,18050.0,17062.0,17544.0,4820.0
2024-03-19,17518.0,17700.0,17090.0,17514.0,3490.0
2024-03-20,17580.0,17980.0,17422.0,17736.0,3420.0
2024-03-21,17920.0,17950.0,16672.0,16758.0,9980.0
2024-03-22,16798.0,17748.0,16510.0,17488.0,6530.0
2024-03-26,17618.0,18186.0,17222.0,17466.0,3570.0
2024-03-27,17450.0,17758.0,17234.0,17420.0,1760.0
2024-03-28,17492.0,17580.0,16800.0,17138.0,3730.0
2024-04-01,17150.0,17150.0,16324.0,16536.0,4450.0
2024-04-02,16554.0,16700.0,16090.0,16544.0,5650.0
2024-04-03,16640.0,16948.0,16640.0,16828.0,3250.0
2024-04-04,16874.0,17036.0,16624.0,16786.0,3050.0
2024-04-05,16758.0,16950.0,16532.0,16816.0,3110.0
2024-04-08,17040.0,17040.0,16630.0,16806.0,2170.0
2024-04-09,16786.0,16830.0,16462.0,16600.0,2190.0
2024-04-10,16600.0,16600.0,16264.0,16322.0,2640.0
2024-04-12,16050.0,16084.0,15590.0,15646.0,4390.0
2024-04-15,16000.0,16038.0,15930.0,15982.0,470.0
2024-04-16,16298.0,16598.0,16298.0,16454.0,140.0
2024-04-18,16454.0,16454.0,16454.0,16454.0,20.0
2024-04-19,16454.0,16454.0,16454.0,16454.0,50.0
2024-04-22,18220.0,18902.0,18220.0,18574.0,3220.0
2024-04-23,18550.0,19688.0,18548.0,19556.0,6910.0
2024-04-24,19810.0,20174.0,18980.0,19386.0,6490.0
2024-04-25,19350.0,19516.0,18224.0,19082.0,5410.0
2024-04-26,19400.0,19580.0,18940.0,19030.0,3480.0
2024-04-29,19270.0,19400.0,18640.0,18982.0,3550.0
2024-04-30,18998.0,19320.0,18824.0,19212.0,1910.0
2024-05-02,19400.0,19488.0,18960.0,19154.0,4190.0
2024-05-03,19350.0,19378.0,18740.0,18832.0,3700.0
2024-05-06,18648.0,18648.0,18132.0,18400.0,3370.0
2024-05-07,18334.0,18564.0,18200.0,18472.0,2040.0
2024-05-08,18402.0,19100.0,18150.0,18878.0,4160.0
2024-05-09,18802.0,18950.0,18630.0,18730.0,1910.0
2024-05-10,18794.0,18872.0,18000.0,18698.0,4320.0
2024-05-13,18418.0,18696.0,18180.0,18260.0,2250.0
2024-05-14,18276.0,18366.0,17754.0,17914.0,5060.0
2024-05-15,17692.0,18450.0,17692.0,18160.0,3910.0
2024-05-16,18198.0,18310.0,17902.0,17988.0,2880.0
2024-05-17,17962.0,18300.0,17604.0,17880.0,3930.0
2024-05-21,18040.0,18952.0,18040.0,18952.0,6460.0
2024-05-22,19170.0,19986.0,18726.0,19648.0,8320.0
2024-05-23,19900.0,20000.0,19346.0,19398.0,4150.0
2024-05-24,19278.0,20172.0,19200.0,19972.0,4810.0
2024-05-27,20214.0,20430.0,19708.0,19838.0,5880.0
2024-05-28,19752.0,19888.0,18648.0,18648.0,7220.0
2024-05-29,18270.0,18880.0,18222.0,18666.0,3790.0
2024-05-30,18800.0,18848.0,17548.0,17872.0,4210.0
2024-05-31,17712.0,18084.0,17450.0,17606.0,5360.0
2024-06-03,17796.0,17994.0,17098.0,17236.0,3890.0
2024-06-04,17200.0,17352.0,16548.0,16804.0,3370.0
2024-06-05,16750.0,17800.0,16368.0,17244.0,5080.0
2024-06-06,17306.0,17402.0,17076.0,17330.0,1620.0
2024-06-07,17332.0,17552.0,17036.0,17310.0,2400.0
2024-06-10,17300.0,17620.0,17020.0,17132.0,3700.0
2024-06-11,17192.0,17816.0,17050.0,17312.0,2240.0
2024-06-12,17276.0,17580.0,17052.0,17282.0,4590.0
2024-06-13,17206.0,17544.0,17150.0,17422.0,4150.0
2024-06-14,17608.0,17608.0,17326.0,17426.0,60.0
2024-06-18,18096.0,18096.0,17900.0,17966.0,90.0
2024-06-19,18238.0,18238.0,18238.0,18238.0,
2024-06-20,17900.0,17900.0,17900.0,17900.0,10.0
2024-06-21,18150.0,18150.0,17106.0,17374.0,5490.0
2024-06-24,17052.0,17400.0,16802.0,17232.0,2790.0
2024-06-25,17288.0,17480.0,17010.0,17410.0,2300.0
2024-06-26,17400.0,17590.0,17270.0,17512.0,2530.0
2024-06-27,17462.0,17776.0,17242.0,17410.0,4220.0
2024-06-28,17390.0,17452.0,16850.0,16924.0,3030.0
2024-07-01,16900.0,16900.0,15930.0,16138.0,6750.0
2024-07-02,16150.0,16480.0,16006.0,16444.0,3300.0
2024-07-03,16440.0,16644.0,16100.0,16168.0,2910.0
2024-07-04,16170.0,16318.0,15948.0,16158.0,3880.0
2024-07-05,16102.0,16206.0,15756.0,15856.0,2630.0
2024-07-08,15770.0,15832.0,14950.0,15246.0,5820.0
2024-07-09,15260.0,15564.0,15100.0,15450.0,2850.0
2024-07-10,15420.0,15576.0,15280.0,15494.0,3230.0
2024-07-11,15510.0,16198.0,15510.0,16112.0,4420.0
2024-07-12,16070.0,16070.0,15770.0,15926.0,1790.0
2024-07-15,15988.0,16188.0,15050.0,15490.0,3950.0
2024-07-16,15492.0,15798.0,15492.0,15740.0,1400.0
2024-07-18,15800.0,16530.0,15790.0,16218.0,4880.0
2024-07-19,16080.0,16080.0,15800.0,15876.0,1670.0
2024-07-22,15950.0,16466.0,15936.0,16048.0,2230.0
2024-07-23,16100.0,16130.0,15690.0,15938.0,2190.0
2024-07-24,16000.0,16160.0,15844.0,15998.0,1490.0
2024-07-25,15888.0,15976.0,15702.0,15748.0,1110.0
2024-07-26,15742.0,15894.0,15640.0,15720.0,1420.0
2024-07-29,15848.0,15848.0,15560.0,15592.0,1240.0
2024-07-30,15562.0,15788.0,14970.0,15530.0,2410.0
2024-07-31,15534.0,16240.0,15534.0,15858.0,3360.0
2024-08-01,15832.0,16074.0,15782.0,16000.0,1650.0
2024-08-02,16090.0,16270.0,15904.0,16096.0,2080.0
2024-08-05,16100.0,16288.0,15812.0,15856.0,2530.0
2024-08-06,15850.0,15958.0,15620.0,15800.0,2210.0
2024-08-07,15874.0,15990.0,15770.0,15876.0,2820.0
2024-08-08,15794.0,16080.0,15780.0,15866.0,3870.0
2024-08-09,15900.0,15948.0,15710.0,15766.0,2480.0
2024-08-12,15620.0,15800.0,15136.0,15592.0,3930.0
2024-08-13,15550.0,15708.0,15450.0,15490.0,2630.0
2024-08-14,15522.0,15602.0,15134.0,15210.0,4850.0
2024-08-16,15100.0,15698.0,14920.0,15554.0,6520.0
2024-08-19,15620.0,15848.0,15620.0,15764.0,550.0
2024-08-20,15800.0,15800.0,15690.0,15726.0,880.0
2024-08-21,16030.0,16030.0,15126.0,15168.0,7670.0
2024-08-22,15022.0,15380.0,15002.0,15180.0,2690.0
2024-08-23,15290.0,15290.0,14400.0,14520.0,6180.0
2024-08-26,14550.0,14560.0,13900.0,13976.0,5600.0
2024-08-27,13750.0,14020.0,13220.0,13616.0,8360.0
2024-08-28,13650.0,13668.0,12800.0,12856.0,10350.0
2024-08-29,12772.0,13600.0,12410.0,13418.0,9300.0
2024-08-30,13000.0,13738.0,13000.0,13426.0,4040.0
2024-09-02,13850.0,13950.0,13500.0,13630.0,5010.0
2024-09-03,13528.0,13528.0,13086.0,13432.0,5280.0
2024-09-04,13460.0,13870.0,13200.0,13694.0,4970.0
2024-09-05,13698.0,14312.0,13672.0,14204.0,5140.0
2024-09-06,14340.0,14340.0,13850.0,14014.0,2790.0
2024-09-09,14032.0,14420.0,13742.0,14194.0,3880.0
2024-09-10,14104.0,14212.0,13962.0,14168.0,1890.0
2024-09-11,14044.0,14274.0,14000.0,14042.0,1400.0
2024-09-12,14060.0,14090.0,13534.0,13626.0,4900.0
2024-09-13,13650.0,14214.0,13484.0,14144.0,4260.0
2024-09-16,14104.0,14600.0,14056.0,14426.0,3110.0
2024-09-17,14470.0,14600.0,14360.0,14426.0,1250.0
2024-09-18,14380.0,14690.0,14380.0,14572.0,1230.0
2024-09-19,14506.0,14660.0,13990.0,14172.0,3630.0
2024-09-20,14110.0,14440.0,14000.0,14414.0,2340.0
2024-09-23,14548.0,14548.0,14202.0,14350.0,2160.0
2024-09-24,14350.0,14546.0,14220.0,14530.0,2550.0
2024-09-25,14570.0,14840.0,14510.0,14706.0,3300.0
2024-09-26,14700.0,14778.0,14368.0,14542.0,1450.0
2024-09-27,14492.0,14580.0,14086.0,14362.0,1910.0
2024-09-30,14250.0,14300.0,13860.0,14026.0,1710.0
2024-10-01,13950.0,13952.0,13740.0,13894.0,2000.0
2024-10-03,13550.0,13750.0,13490.0,13654.0,2420.0
2024-10-04,13840.0,13890.0,13292.0,13352.0,4090.0
2024-10-07,13300.0,13886.0,12996.0,13688.0,5970.0
2024-10-08,13702.0,13820.0,13292.0,13370.0,2570.0
2024-10-09,13312.0,13670.0,13300.0,13388.0,3110.0
2024-10-10,13322.0,13488.0,13020.0,13212.0,2930.0
2024-10-11,13102.0,13280.0,12786.0,12896.0,2650.0
2024-10-14,12864.0,13294.0,12690.0,13012.0,3990.0
2024-10-15,13012.0,13126.0,12936.0,13102.0,3060.0
2024-10-16,13146.0,13206.0,12816.0,12882.0,3640.0
2024-10-17,12368.0,12940.0,12368.0,12750.0,20.0
2024-10-18,12750.0,12750.0,12750.0,12750.0,20.0
2024-10-21,13800.0,14012.0,13674.0,13858.0,1980.0
2024-10-22,13852.0,13900.0,13530.0,13656.0,1110.0
2024-10-23,13656.0,13796.0,13500.0,13684.0,980.0
2024-10-24,13652.0,13742.0,13540.0,13604.0,840.0
2024-10-25,13556.0,13556.0,13100.0,13256.0,1980.0
2024-10-28,13200.0,13220.0,13050.0,13108.0,1130.0
2024-10-29,13010.0,13192.0,13010.0,13178.0,710.0
2024-10-30,13188.0,13250.0,13068.0,13120.0,530.0
2024-10-31,13070.0,13070.0,12820.0,12888.0,1870.0
2024-11-01,12940.0,12940.0,12712.0,12796.0,740.0
2024-11-04,12680.0,12890.0,12424.0,12732.0,2750.0
2024-11-05,12780.0,13024.0,12750.0,12842.0,1830.0
2024-11-06,12810.0,13422.0,12764.0,13176.0,3230.0
2024-11-07,13396.0,13396.0,13050.0,13092.0,1200.0
2024-11-08,13130.0,13230.0,13092.0,13146.0,790.0
2024-11-11,13110.0,13588.0,13110.0,13412.0,2380.0
2024-11-12,13440.0,13440.0,13116.0,13250.0,1050.0
2024-11-13,13210.0,13430.0,13030.0,13336.0,1920.0
2024-11-14,13436.0,13718.0,13250.0,13538.0,2430.0
2024-11-18,13600.0,14078.0,13558.0,13914.0,2130.0
2024-11-19,14152.0,14470.0,13910.0,14336.0,3900.0
2024-11-21,14378.0,14492.0,14170.0,14352.0,2520.0
2024-11-22,14300.0,14450.0,14190.0,14368.0,2040.0
2024-11-25,14288.0,14688.0,13704.0,13806.0,5690.0
2024-11-26,13760.0,13940.0,13564.0,13608.0,1550.0
2024-11-27,13600.0,13688.0,13300.0,13510.0,1890.0
2024-11-28,13406.0,13560.0,13352.0,13424.0,1000.0
2024-11-29,13322.0,13680.0,13322.0,13552.0,820.0
2024-12-02,13528.0,13552.0,13138.0,13218.0,2100.0
2024-12-03,13238.0,13310.0,13000.0,13264.0,2130.0
2024-12-04,13250.0,13608.0,13150.0,13364.0,1660.0
2024-12-05,13254.0,13362.0,13180.0,13214.0,850.0
2024-12-06,13192.0,13300.0,13150.0,13186.0,1330.0
2024-12-09,13010.0,13100.0,12854.0,12944.0,3320.0
2024-12-10,13004.0,13190.0,12810.0,13132.0,1320.0
2024-12-11,13130.0,13230.0,13060.0,13078.0,1020.0
2024-12-12,13080.0,13194.0,13012.0,13054.0,890.0
2024-12-13,13080.0,13200.0,13004.0,13090.0,1450.0
2024-12-16,12996.0,13278.0,12714.0,13248.0,1650.0
2024-12-17,13240.0,13764.0,13230.0,13636.0,2910.0
2024-12-18,13502.0,13562.0,12818.0,12958.0,2940.0
2024-12-19,12958.0,12958.0,12958.0,12958.0,50.0
2024-12-20,13450.0,13450.0,13350.0,13394.0,180.0
2024-12-23,14038.0,14078.0,13860.0,13992.0,1360.0
2024-12-24,13922.0,14020.0,13808.0,13836.0,780.0
2024-12-26,13840.0,14000.0,13810.0,13882.0,1450.0
2024-12-27,13890.0,14420.0,13862.0,14170.0,3070.0
2024-12-30,14260.0,14670.0,14244.0,14600.0,3300.0
2024-12-31,14640.0,15100.0,14424.0,14826.0,3170.0
2025-01-01,15050.0,15634.0,15050.0,15364.0,5430.0
2025-01-02,15200.0,15382.0,14980.0,15288.0,2560.0
2025-01-03,15414.0,15748.0,15362.0,15422.0,4500.0
2025-01-06,15666.0,15838.0,15330.0,15536.0,2420.0
2025-01-07,15442.0,15670.0,15360.0,15590.0,1030.0
2025-01-08,15210.0,15486.0,15050.0,15146.0,3910.0
2025-01-09,15190.0,15250.0,14960.0,15200.0,1990.0
2025-01-10,15248.0,15344.0,15090.0,15172.0,1360.0
2025-01-13,15424.0,15480.0,14416.0,14500.0,4940.0
2025-01-14,14472.0,14620.0,14200.0,14522.0,1740.0
2025-01-15,14492.0,14622.0,14102.0,14168.0,1700.0
2025-01-16,14100.0,14360.0,14100.0,14216.0,1400.0
2025-01-17,14210.0,14440.0,14002.0,14024.0,1420.0
2025-01-20,14030.0,14082.0,13910.0,14030.0,990.0
2025-01-21,14026.0,14400.0,13980.0,14356.0,1410.0
2025-01-22,14440.0,14440.0,14234.0,14300.0,900.0
2025-01-23,14290.0,14346.0,13806.0,13938.0,2290.0
2025-01-24,13962.0,13962.0,13700.0,13790.0,1460.0
2025-01-27,13692.0,13800.0,13364.0,13516.0,2230.0
2025-01-28,13520.0,13550.0,13322.0,13422.0,1060.0
2025-01-29,13418.0,13850.0,13354.0,13778.0,2040.0
2025-01-30,13770.0,13850.0,13570.0,13638.0,1240.0
2025-01-31,13650.0,13650.0,13300.0,13348.0,1440.0
2025-02-01,13318.0,13448.0,13246.0,13274.0,520.0
2025-02-03,13190.0,13348.0,13118.0,13206.0,1170.0
2025-02-04,13212.0,13350.0,13054.0,13268.0,1370.0
2025-02-05,13220.0,13320.0,13156.0,13296.0,540.0
2025-02-06,13348.0,13586.0,13346.0,13552.0,1710.0
2025-02-07,13820.0,13820.0,13446.0,13496.0,990.0
2025-02-10,13480.0,13480.0,13210.0,13244.0,800.0
2025-02-11,13236.0,13320.0,13160.0,13228.0,490.0
2025-02-12,13270.0,13300.0,13170.0,13254.0,370.0
2025-02-13,13240.0,13268.0,12928.0,12992.0,2880.0
2025-02-14,12800.0,13080.0,12522.0,12786.0,3520.0
2025-02-17,12700.0,12778.0,12530.0,12634.0,1610.0
2025-02-18,12566.0,13038.0,12300.0,12966.0,4320.0
2025-02-19,12910.0,13028.0,12810.0,12968.0,1260.0
2025-02-20,12968.0,13260.0,12758.0,13208.0,2570.0
2025-02-21,13278.0,13278.0,13064.0,13120.0,890.0
2025-02-24,13020.0,13020.0,12368.0,12544.0,3500.0
2025-02-25,12504.0,12650.0,12416.0,12518.0,1370.0
2025-02-27,12504.0,12768.0,12242.0,12522.0,2790.0
2025-02-28,12522.0,12580.0,12422.0,12450.0,750.0
2025-03-03,12400.0,12436.0,12262.0,12292.0,1040.0
2025-03-04,12330.0,12346.0,12150.0,12198.0,1560.0
2025-03-05,12180.0,12180.0,11800.0,11876.0,3070.0
2025-03-06,11924.0,12040.0,11862.0,11988.0,1230.0
2025-03-07,11922.0,11950.0,11720.0,11768.0,1380.0
2025-03-10,11756.0,11756.0,11138.0,11384.0,3320.0
2025-03-11,11350.0,11640.0,11270.0,11586.0,1550.0
2025-03-12,11578.0,11584.0,11366.0,11400.0,1940.0
2025-03-13,11332.0,11856.0,11220.0,11754.0,3880.0
2025-03-17,11828.0,12458.0,11828.0,12406.0,4450.0
2025-03-18,12500.0,12886.0,12358.0,12738.0,3170.0
2025-03-19,12800.0,12966.0,12600.0,12748.0,3040.0
2025-03-20,12670.0,13200.0,12604.0,13074.0,5090.0
2025-03-21,13170.0,13570.0,13170.0,13394.0,4590.0
2025-03-24,13598.0,13732.0,12906.0,13054.0,6000.0
2025-03-25,12962.0,13282.0,12800.0,13208.0,6030.0
2025-03-26,13200.0,13450.0,13052.0,13142.0,3500.0
2025-03-27,13100.0,13480.0,13024.0,13280.0,4180.0
2025-03-28,13350.0,13476.0,13222.0,13278.0,1890.0
2025-04-01,13470.0,14074.0,13470.0,14074.0,2400.0
2025-04-02,14074.0,14918.0,14074.0,14918.0,2600.0
2025-04-03,15344.0,15500.0,14764.0,14928.0,4820.0
2025-04-04,14666.0,15290.0,14650.0,14988.0,1690.0
2025-04-07,15400.0,15400.0,14090.0,14090.0,2250.0
2025-04-08,13610.0,14490.0,13610.0,14114.0,1550.0
2025-04-09,14050.0,14080.0,13406.0,13960.0,1780.0
2025-04-11,14012.0,14796.0,13868.0,14354.0,3170.0
2025-04-15,14790.0,15038.0,14250.0,14764.0,1510.0
2025-04-16,14850.0,14850.0,14850.0,14850.0,70.0
2025-04-17,15440.0,15440.0,15440.0,15440.0,30.0
2025-04-21,15400.0,15548.0,14952.0,15186.0,2810.0
2025-04-22,15184.0,15974.0,14764.0,15024.0,6910.0
2025-04-23,15024.0,15070.0,14500.0,14680.0,3850.0
2025-04-24,14900.0,14900.0,14404.0,14548.0,1710.0
2025-04-25,14456.0,14460.0,14118.0,14228.0,2070.0
2025-04-28,14228.0,14350.0,13852.0,14004.0,2020.0
2025-04-29,13852.0,14114.0,13700.0,13772.0,2670.0
2025-04-30,13778.0,14220.0,13662.0,14072.0,4090.0
2025-05-02,14140.0,14634.0,14050.0,14352.0,3730.0
2025-05-05,14142.0,14328.0,13850.0,13914.0,3650.0
2025-05-06,13900.0,13948.0,13512.0,13780.0,4690.0
2025-05-07,13732.0,13978.0,13674.0,13886.0,2720.0
2025-05-08,13812.0,14128.0,13752.0,13864.0,3940.0
2025-05-09,13706.0,13912.0,13124.0,13844.0,5760.0
2025-05-12,14050.0,14478.0,14040.0,14414.0,3000.0
2025-05-13,14436.0,14910.0,14436.0,14808.0,1230.0
2025-05-14,14762.0,14860.0,14652.0,14732.0,290.0
2025-05-15,14604.0,14750.0,14520.0,14714.0,1160.0
2025-05-16,14898.0,15100.0,14850.0,14904.0,1020.0
2025-05-19,14900.0,15050.0,14900.0,14960.0,220.0
2025-05-20,15200.0,15200.0,14800.0,14942.0,410.0
2025-05-21,14610.0,14650.0,14300.0,14398.0,2230.0
2025-05-22,14390.0,14512.0,14004.0,14184.0,1790.0
2025-05-23,14102.0,14220.0,13982.0,14054.0,1140.0
2025-05-26,14036.0,14036.0,13730.0,13812.0,1540.0
2025-05-27,13730.0,13828.0,13666.0,13712.0,1240.0
2025-05-28,13600.0,13954.0,13600.0,13906.0,1660.0
2025-05-29,13948.0,14140.0,13910.0,14062.0,2070.0
2025-05-30,14100.0,14432.0,14084.0,14300.0,1830.0
2025-06-02,14274.0,14358.0,13728.0,13812.0,2240.0
2025-06-03,14334.0,14334.0,13650.0,13778.0,1170.0
2025-06-04,13816.0,14200.0,13630.0,14086.0,3360.0
2025-06-05,14150.0,14410.0,13970.0,14358.0,4130.0
2025-06-06,14260.0,14690.0,14074.0,14580.0,4940.0
2025-06-09,14520.0,14788.0,14500.0,14718.0,3260.0
2025-06-10,14790.0,14840.0,14270.0,14428.0,2860.0
2025-06-11,14480.0,14680.0,14406.0,14544.0,1540.0
2025-06-12,14544.0,14690.0,14400.0,14508.0,1720.0
2025-06-13,14488.0,14512.0,14360.0,14386.0,2240.0
2025-06-16,14098.0,14384.0,14098.0,14198.0,1190.0
2025-06-17,14278.0,14290.0,14114.0,14158.0,1390.0
2025-06-18,14130.0,14178.0,13932.0,13994.0,2040.0
2025-06-19,13994.0,13994.0,13994.0,13994.0,50.0
2025-06-20,13438.0,13998.0,13438.0,13810.0,110.0
2025-06-23,14254.0,14520.0,14204.0,14388.0,1950.0
2025-06-24,14400.0,14500.0,14310.0,14332.0,1610.0
2025-06-25,14328.0,14368.0,13780.0,13834.0,4100.0
2025-06-26,13812.0,14036.0,13660.0,14000.0,2650.0
2025-06-27,14048.0,14364.0,14020.0,14094.0,2250.0
2025-06-30,14198.0,14198.0,13956.0,14018.0,1000.0
2025-07-01,14002.0,14280.0,13990.0,14094.0,1470.0
2025-07-02,14120.0,14120.0,13846.0,13918.0,1020.0
2025-07-03,13866.0,14028.0,13362.0,13598.0,3180.0
2025-07-04,13460.0,13612.0,13332.0,13398.0,2380.0
2025-07-07,13398.0,13640.0,12962.0,13058.0,4040.0
2025-07-08,13040.0,13320.0,13040.0,13172.0,1720.0
2025-07-09,13206.0,13348.0,13204.0,13300.0,1260.0
2025-07-10,13396.0,13596.0,13224.0,13424.0,3130.0
2025-07-11,13450.0,13530.0,13320.0,13512.0,1510.0
2025-07-14,13500.0,13750.0,13410.0,13468.0,1750.0
2025-07-15,13388.0,13600.0,13388.0,13552.0,790.0
2025-07-16,13590.0,13650.0,13300.0,13324.0,1680.0
2025-07-17,13174.0,13540.0,12940.0,13320.0,2440.0
2025-07-18,13350.0,13380.0,13280.0,13352.0,480.0
2025-07-21,13250.0,13360.0,13184.0,13212.0,580.0
2025-07-22,13498.0,13698.0,13156.0,13262.0,780.0
2025-07-23,13288.0,13290.0,13160.0,13200.0,250.0
2025-07-24,13164.0,13288.0,13164.0,13198.0,420.0
2025-07-25,13250.0,13280.0,12828.0,12956.0,2090.0
2025-07-28,12902.0,13066.0,12710.0,12904.0,1510.0
2025-07-29,12834.0,13130.0,12834.0,12972.0,2330.0
2025-07-30,12912.0,13020.0,12830.0,12980.0,810.0
2025-07-31,13070.0,13070.0,12738.0,12772.0,2980.0
2025-08-01,12726.0,13326.0,12700.0,13118.0,5530.0
2025-08-04,13130.0,13300.0,13112.0,13142.0,2160.0
2025-08-05,13066.0,13200.0,13066.0,13168.0,1960.0
2025-08-06,13150.0,13334.0,13110.0,13300.0,1560.0
2025-08-07,13338.0,13340.0,12854.0,13084.0,6540.0
2025-08-08,13004.0,13098.0,12960.0,13032.0,1360.0
2025-08-11,12982.0,13070.0,12802.0,12878.0,2290.0
2025-08-12,12750.0,12888.0,12716.0,12822.0,1930.0
2025-08-13,12420.0,13120.0,12410.0,13082.0,3910.0
2025-08-14,13032.0,13066.0,12550.0,12674.0,6260.0
2025-08-18,12500.0,12550.0,12020.0,12124.0,3160.0
2025-08-19,12414.0,12560.0,12400.0,12466.0,170.0
2025-08-20,12640.0,12758.0,12412.0,12594.0,100.0
2025-08-21,13380.0,13420.0,13300.0,13326.0,820.0
2025-08-22,13650.0,13650.0,13312.0,13372.0,960.0
2025-08-25,13346.0,13442.0,13320.0,13374.0,740.0
2025-08-26,13282.0,13408.0,13180.0,13242.0,1360.0
2025-08-28,13172.0,13376.0,13092.0,13260.0,1130.0
2025-08-29,13266.0,13426.0,13258.0,13282.0,870.0
2025-09-01,13440.0,13440.0,12486.0,12506.0,5430.0
2025-09-02,12540.0,12540.0,11980.0,12230.0,4700.0
2025-09-03,12162.0,12412.0,12152.0,12380.0,980.0
2025-09-04,12422.0,12544.0,12302.0,12458.0,610.0
2025-09-05,12380.0,12456.0,12036.0,12218.0,1110.0
2025-09-08,12212.0,12330.0,12074.0,12098.0,1220.0
2025-09-09,11900.0,12198.0,11900.0,12072.0,660.0
2025-09-10,12050.0,12796.0,12050.0,12634.0,1930.0
2025-09-11,12700.0,12772.0,12482.0,12592.0,1950.0
2025-09-12,12522.0,12626.0,12200.0,12358.0,2300.0
2025-09-15,12498.0,12498.0,12182.0,12260.0,780.0
2025-09-16,12246.0,12396.0,12022.0,12106.0,1000.0
2025-09-17,12100.0,12180.0,12052.0,12076.0,690.0
2025-09-18,12100.0,12148.0,12020.0,12100.0,560.0
2025-09-19,12068.0,12568.0,12022.0,12336.0,1590.0
2025-09-22,12386.0,12550.0,12260.0,12314.0,1610.0
2025-09-23,12280.0,12308.0,12182.0,12220.0,1820.0
2025-09-24,12248.0,12328.0,12212.0,12250.0,2050.0
2025-09-25,12230.0,12448.0,12216.0,12374.0,1020.0
2025-09-26,12326.0,12390.0,12252.0,12314.0,800.0
2025-09-29,12440.0,12790.0,12344.0,12418.0,2380.0
2025-09-30,12370.0,12458.0,12100.0,12282.0,3260.0
2025-10-01,12360.0,12360.0,11830.0,12026.0,7620.0
2025-10-03,12100.0,12140.0,11916.0,11974.0,3110.0
2025-10-06,11710.0,11970.0,11620.0,11780.0,3080.0
2025-10-07,11800.0,11862.0,11674.0,11794.0,3170.0
2025-10-08,11800.0,11968.0,11800.0,11890.0,3180.0
2025-10-09,11860.0,12070.0,11850.0,12008.0,1610.0
2025-10-10,12048.0,12278.0,11952.0,12126.0,1970.0
2025-10-13,12170.0,12852.0,11810.0,12852.0,4570.0
2025-10-14,13294.0,13618.0,12750.0,12848.0,6390.0
2025-10-15,12634.0,13296.0,12548.0,13016.0,2600.0
2025-10-16,13490.0,13796.0,13490.0,13658.0,550.0
2025-10-17,13500.0,13500.0,13500.0,13500.0,10.0
2025-10-21,15200.0,15500.0,15200.0,15340.0,760.0
2025-10-23,15340.0,15340.0,14420.0,14420.0,3700.0
2025-10-24,13920.0,14746.0,13910.0,14620.0,1630.0
2025-10-27,14750.0,14850.0,14044.0,14530.0,2520.0
2025-10-28,14830.0,15400.0,14830.0,15042.0,4560.0
2025-10-29,14960.0,15040.0,14600.0,14706.0,1150.0
2025-10-30,14634.0,15294.0,14580.0,15066.0,2570.0
2025-10-31,15030.0,15120.0,14742.0,14900.0,1000.0
2025-11-03,14950.0,15094.0,14544.0,14674.0,910.0
2025-11-04,14482.0,14894.0,14482.0,14620.0,970.0
2025-11-06,14700.0,14826.0,14588.0,14642.0,880.0
2025-11-07,14604.0,15226.0,14560.0,15056.0,1740.0
2025-11-10,15200.0,15658.0,15200.0,15440.0,2580.0
2025-11-11,15544.0,15544.0,15110.0,15196.0,1700.0
2025-11-12,15220.0,15374.0,14964.0,15032.0,1730.0
2025-11-13,14900.0,15090.0,14852.0,14942.0,1090.0
2025-11-14,15000.0,15000.0,14046.0,14300.0,4990.0
2025-11-17,14300.0,14556.0,14200.0,14384.0,1050.0
2025-11-18,14500.0,14500.0,14154.0,14256.0,1080.0
2025-11-19,14128.0,14690.0,13914.0,14540.0,2740.0
2025-11-20,14670.0,14948.0,14268.0,14384.0,1210.0
2025-11-21,14570.0,14570.0,13820.0,13970.0,3110.0
2025-11-24,13900.0,14200.0,13900.0,14144.0,510.0
2025-11-25,14110.0,14274.0,13922.0,14194.0,1260.0
2025-11-26,14286.0,14424.0,14012.0,14090.0,1120.0
2025-11-27,14062.0,14600.0,13614.0,14448.0,5220.0
2025-11-28,14320.0,14900.0,14290.0,14716.0,3940.0
2025-12-01,14900.0,14948.0,14530.0,14706.0,1360.0
2025-12-02,14700.0,14796.0,14570.0,14686.0,430.0
2025-12-03,14500.0,14680.0,14370.0,14486.0,1580.0
2025-12-04,14390.0,14620.0,14390.0,14586.0,1160.0
2025-12-05,14600.0,14610.0,14250.0,14384.0,1490.0
2025-12-08,14252.0,14522.0,14252.0,14434.0,720.0
2025-12-09,14400.0,14522.0,14330.0,14406.0,1050.0
2025-12-10,14476.0,15144.0,14412.0,15014.0,2780.0
2025-12-11,15040.0,15500.0,14900.0,15124.0,2009.9999999999998
2025-12-12,15070.0,15530.0,15070.0,15472.0,2029.9999999999998
2025-12-15,15950.0,15950.0,15460.0,15598.0,2670.0
2025-12-16,15478.0,15880.0,15458.0,15808.0,2890.0
2025-12-17,15940.0,15990.0,15900.0,15944.0,510.0
2025-12-18,16340.0,16340.0,15570.0,15626.0,530.0
2025-12-19,16048.0,16170.0,15480.0,15668.0,2180.0
2025-12-22,15698.0,16294.0,15630.0,16216.0,2180.0
2025-12-23,16150.0,16864.0,16150.0,16804.0,5000.0
2025-12-24,16620.0,16850.0,16360.0,16702.0,3100.0
2025-12-26,16800.0,17274.0,16600.0,17128.0,4120.0
2025-12-29,17200.0,17670.0,16852.0,17068.0,2490.0
2025-12-30,17010.0,17300.0,16650.0,17242.0,1900.0
2025-12-31,17318.0,17450.0,17122.0,17316.0,2420.0
2026-01-01,17390.0,18008.0,17060.0,17800.0,4180.0
2026-01-02,18250.0,18746.0,18136.0,18486.0,5680.0
2026-01-05,18578.0,18712.0,18150.0,18378.0,3320.0
2026-01-06,18394.0,19050.0,17888.0,18344.0,6360.0
2026-01-07,18424.0,18780.0,17630.0,17778.0,5410.0
2026-01-08,17680.0,17928.0,16724.0,17606.0,5460.0
2026-01-09,18040.0,18198.0,17454.0,17614.0,1920.0
2026-01-12,17500.0,18000.0,17464.0,17862.0,2410.0
2026-01-13,17900.0,17950.0,17320.0,17516.0,3260.0
2026-01-14,17774.0,18016.0,17210.0,17384.0,2160.0
2026-01-16,17160.0,17518.0,16902.0,17388.0,4900.0
2026-01-19,17550.0,18196.0,17320.0,18060.0,5200.0
2026-01-20,18166.0,18288.0,17664.0,17780.0,2860.0
2026-01-21,17722.0,18100.0,17662.0,17948.0,2140.0
2026-01-22,17940.0,18000.0,17624.0,17854.0,2110.0
2026-01-23,18080.0,18160.0,17140.0,17562.0,3280.0
2026-01-27,17380.0,17540.0,17000.0,17178.0,5330.0
2026-01-28,17100.0,17300.0,16564.0,16666.0,4040.0
2026-01-29,16780.0,17000.0,16210.0,16914.0,4390.0
2026-01-30,17180.0,17180.0,16600.0,16766.0,2530.0
2026-02-01,16650.0,16760.0,16232.0,16326.0,3300.0
2026-02-02,16226.0,16700.0,15900.0,16550.0,2480.0
2026-02-03,16500.0,17060.0,16442.0,16780.0,2650.0
2026-02-04,16550.0,16950.0,16550.0,16800.0,1560.0
2026-02-05,16700.0,16848.0,16626.0,16732.0,840.0
2026-02-06,16700.0,16800.0,15848.0,16046.0,3930.0
2026-02-09,16072.0,16072.0,15516.0,15630.0,4160.0
2026-02-10,15578.0,16250.0,15482.0,16114.0,4520.0
2026-02-11,16190.0,16250.0,15612.0,15710.0,4380.0
2026-02-12,15592.0,15800.0,14916.0,15356.0,6470.0
2026-02-13,15402.0,15500.0,14970.0,15026.0,2900.0
2026-02-16,14910.0,15100.0,14800.0,14822.0,1940.0
2026-02-17,14700.0,15400.0,14510.0,15090.0,3090.0
2026-02-18,15190.0,15692.0,15180.0,15448.0,3930.0
2026-02-19,15460.0,15624.0,15212.0,15466.0,1760.0
2026-02-20,15578.0,15896.0,15542.0,15820.0,4280.0
2026-02-23,15950.0,16380.0,15400.0,15582.0,5300.0
2026-02-24,15430.0,16204.0,15360.0,16092.0,4650.0
2026-02-25,16066.0,16350.0,15752.0,15972.0,6560.0
2026-02-26,16126.0,16198.0,15510.0,15596.0,2410.0
2026-02-27,15550.0,15748.0,15210.0,15484.0,2480.0
2026-03-02,15350.0,15350.0,14658.0,14826.0,4370.0
2026-03-04,14576.0,14650.0,14236.0,14576.0,3450.0
2026-03-05,14500.0,15066.0,14400.0,15016.0,3310.0
2026-03-06,15000.0,15140.0,14600.0,14668.0,2240.0
2026-03-09,14416.0,14666.0,14082.0,14606.0,2260.0
2026-03-10,14500.0,15190.0,14452.0,14740.0,4010.0
2026-03-11,14900.0,14900.0,14526.0,14590.0,2590.0
2026-03-12,14520.0,14658.0,14410.0,14540.0,1920.0
2026-03-13,14500.0,15070.0,14448.0,14756.0,2120.0
2026-03-16,14600.0,14958.0,14554.0,14790.0,1350.0
2026-03-17,14818.0,14926.0,14676.0,14778.0,790.0
2026-03-18,14880.0,15050.0,14752.0,14878.0,1370.0
2026-03-19,14948.0,14948.0,14562.0,14742.0,1370.0
2026-03-20,14820.0,14848.0,14422.0,14532.0,1950.0
2026-03-23,14418.0,14418.0,13816.0,14218.0,5570.0
2026-03-24,14400.0,14400.0,14056.0,14168.0,2070.0
2026-03-25,14190.0,14548.0,14190.0,14444.0,2450.0
2026-03-27,14420.0,14880.0,14350.0,14836.0,3620.0
2026-03-30,14880.0,15676.0,14800.0,15564.0,4350.0
2026-04-01,15790.0,16140.0,15462.0,15532.0,2720.0
2026-04-02,15570.0,15936.0,15300.0,15728.0,2430.0
2026-04-06,15800.0,16300.0,15652.0,16246.0,4430.0
2026-04-07,16400.0,16450.0,16032.0,16220.0,2360.0
2026-04-08,16398.0,16948.0,16398.0,16886.0,7370.0
2026-04-09,16766.0,16798.0,16550.0,16586.0,3200.0
2026-04-10,16520.0,16680.0,16382.0,16438.0,2000.0
2026-04-13,16104.0,16130.0,15752.0,16014.0,2000.0
2026-04-15,15900.0,16420.0,15800.0,16204.0,3530.0
2026-04-16,16334.0,16430.0,16250.0,16396.0,3620.0
2026-04-17,16390.0,17000.0,16390.0,16878.0,1250.0
2026-04-20,16600.0,17000.0,16600.0,16834.0,1820.0
2026-04-21,16120.0,16240.0,15816.0,16166.0,2880.0
2026-04-22,16140.0,16290.0,16010.0,16114.0,2310.0
2026-04-23,16024.0,16544.0,15892.0,16474.0,5830.0
2026-04-24,16432.0,16668.0,16372.0,16422.0,4390.0
2026-04-27,16448.0,16520.0,15932.0,16100.0,3350.0
2026-04-28,16100.0,16200.0,15890.0,16016.0,2140.0
2026-04-29,16140.0,16220.0,15956.0,15994.0,3180.0
2026-04-30,16048.0,16048.0,15832.0,15932.0,2120.0
