date,open,high,low,close,volume
2017-01-05,3897.0,3970.0,3862.0,3954.0,7350.0
2017-01-06,3970.0,4040.0,3961.0,4013.0,4320.0
2017-01-09,4023.0,4060.0,4018.0,4040.0,3560.0
2017-01-10,4040.0,4119.0,4040.0,4098.0,4910.0
2017-01-11,4145.0,4220.0,4140.0,4220.0,11330.0
2017-01-12,4213.0,4275.0,4175.0,4213.0,16600.0
2017-01-13,4212.0,4245.0,4185.0,4230.0,10130.0
2017-01-16,4227.0,4274.0,4214.0,4229.0,5940.0
2017-01-17,4240.0,4256.0,4215.0,4225.0,5210.0
2017-01-18,4215.0,4219.0,4171.0,4175.0,8050.000000000001
2017-01-19,4168.0,4168.0,4125.0,4137.0,6510.0
2017-01-20,4143.0,4167.0,4100.0,4112.0,5050.0
2017-01-23,4116.0,4130.0,4080.0,4087.0,5580.0
2017-01-24,4080.0,4117.0,4020.0,4029.0,12170.0
2017-01-25,4045.0,4072.0,4023.0,4062.0,10170.0
2017-01-27,4050.0,4090.0,4041.0,4049.0,7990.0
2017-01-30,4057.0,4071.0,4007.0,4025.0,6870.0
2017-01-31,4011.0,4042.0,4010.0,4036.0,6650.0
2017-02-01,4040.0,4060.0,4028.0,4042.0,13200.0
2017-02-02,4045.0,4050.0,4010.0,4021.0,6620.0
2017-02-03,4015.0,4021.0,4001.0,4011.0,8870.0
2017-02-06,4005.0,4005.0,3955.0,3964.0,12750.0
2017-02-07,3962.0,3984.0,3950.0,3976.0,14140.0
2017-02-08,3976.0,4015.0,3970.0,4010.0,19860.0
2017-02-09,4001.0,4005.0,3958.0,3965.0,13940.0
2017-02-10,3956.0,3981.0,3932.0,3936.0,14940.0
2017-02-13,3932.0,3952.0,3903.0,3908.0,17210.0
2017-02-14,3911.0,3925.0,3881.0,3911.0,19460.0
2017-02-15,3920.0,3969.0,3910.0,3949.0,21940.0
2017-02-16,3951.0,3984.0,3929.0,3975.0,21040.0
2017-02-17,3970.0,4019.0,3970.0,4004.0,20630.0
2017-02-20,4058.0,4058.0,3952.0,3984.0,31100.0
2017-02-21,4039.0,4040.0,3994.0,4009.0,4660.0
2017-02-22,4005.0,4028.0,3992.0,4016.0,5490.0
2017-02-23,4008.0,4020.0,3978.0,3987.0,9370.0
2017-02-24,3987.0,3987.0,3987.0,3987.0,
2017-02-27,4016.0,4054.0,3998.0,4023.0,19840.0
2017-02-28,4034.0,4072.0,4027.0,4061.0,18470.0
2017-03-01,4075.0,4180.0,4065.0,4131.0,56400.0
2017-03-02,4130.0,4198.0,4130.0,4177.0,42040.0
2017-03-03,4170.0,4223.0,4161.0,4204.0,42380.0
2017-03-06,4245.0,4372.0,4233.0,4353.0,75850.0
2017-03-07,4353.0,4378.0,4275.0,4288.0,59810.0
2017-03-08,4279.0,4368.0,4258.0,4348.0,60800.0
2017-03-09,4351.0,4362.0,4261.0,4273.0,63510.0
2017-03-10,4260.0,4322.0,4240.0,4280.0,57220.0
2017-03-14,4285.0,4353.0,4262.0,4343.0,54330.0
2017-03-15,4350.0,4384.0,4322.0,4367.0,51970.0
2017-03-16,4370.0,4413.0,4342.0,4386.0,62980.0
2017-03-17,4400.0,4561.0,4398.0,4561.0,99980.0
2017-03-20,4607.0,4666.0,4524.0,4579.0,114770.0
2017-03-21,4667.0,4699.0,4610.0,4683.0,21910.0
2017-03-22,4684.0,4830.0,4684.0,4807.0,41340.0
2017-03-23,4837.0,4999.0,4835.0,4999.0,42220.0
2017-03-24,5040.0,5100.0,4844.0,4858.0,53340.0
2017-03-27,4808.0,4870.0,4664.0,4708.0,59660.0
2017-03-28,4734.0,4872.0,4704.0,4769.0,23380.0
2017-03-29,4757.0,4820.0,4740.0,4786.0,15720.0
2017-03-30,4834.0,4915.0,4815.0,4845.0,25250.0
2017-03-31,4878.0,4920.0,4816.0,4866.0,25190.0
2017-04-03,4954.0,5060.0,4943.0,5060.0,29030.0
2017-04-04,5060.0,5060.0,5060.0,5060.0,
2017-04-05,5110.0,5190.0,4909.0,4952.0,58660.0
2017-04-06,4965.0,4997.0,4896.0,4943.0,35800.0
2017-04-07,4905.0,4970.0,4804.0,4855.0,48050.0
2017-04-10,4870.0,4920.0,4821.0,4903.0,44140.0
2017-04-11,4915.0,4956.0,4758.0,4793.0,50590.0
2017-04-12,4788.0,4823.0,4700.0,4784.0,31960.0
2017-04-13,4784.0,4859.0,4736.0,4781.0,26720.0
2017-04-17,4715.0,4715.0,4590.0,4601.0,37880.0
2017-04-18,4635.0,4699.0,4561.0,4601.0,30640.0
2017-04-19,4630.0,4724.0,4630.0,4674.0,27350.0
2017-04-20,4723.0,4858.0,4718.0,4831.0,43860.0
2017-04-21,4960.0,4960.0,4842.0,4856.0,9830.0
2017-04-24,4801.0,4828.0,4737.0,4792.0,8590.0
2017-04-25,4800.0,4820.0,4765.0,4785.0,6320.0
2017-04-26,4758.0,4878.0,4758.0,4859.0,10490.0
2017-04-27,4880.0,4880.0,4792.0,4842.0,21860.0
2017-04-28,4849.0,4849.0,4739.0,4761.0,13210.0
2017-05-02,4790.0,4811.0,4621.0,4648.0,14850.0
2017-05-03,4650.0,4650.0,4463.0,4511.0,28230.0
2017-05-04,4500.0,4536.0,4381.0,4450.0,39110.0
2017-05-05,4450.0,4563.0,4317.0,4531.0,49910.0
2017-05-08,4550.0,4594.0,4396.0,4406.0,36420.0
2017-05-09,4409.0,4582.0,4375.0,4582.0,47330.0
2017-05-10,4560.0,4619.0,4500.0,4587.0,35210.0
2017-05-11,4606.0,4630.0,4545.0,4557.0,24150.0
2017-05-12,4544.0,4561.0,4451.0,4480.0,17460.0
2017-05-15,4449.0,4475.0,4348.0,4375.0,18730.0
2017-05-16,4400.0,4506.0,4382.0,4506.0,19140.0
2017-05-17,4520.0,4590.0,4506.0,4531.0,19950.0
2017-05-18,4534.0,4610.0,4530.0,4585.0,22930.0
2017-05-19,4618.0,4655.0,4555.0,4569.0,25270.0
2017-05-22,4630.0,4640.0,4532.0,4557.0,8860.0
2017-05-23,4575.0,4590.0,4500.0,4567.0,12290.0
2017-05-24,4550.0,4580.0,4470.0,4486.0,10320.0
2017-05-25,4494.0,4554.0,4490.0,4517.0,5140.0
2017-05-26,4530.0,4625.0,4530.0,4604.0,17650.0
2017-05-29,4590.0,4590.0,4420.0,4420.0,14210.0
2017-05-30,4354.0,4448.0,4310.0,4398.0,19820.0
2017-05-31,4366.0,4385.0,4260.0,4295.0,18300.0
2017-06-01,4289.0,4360.0,4289.0,4320.0,12510.0
2017-06-02,4344.0,4424.0,4310.0,4361.0,30680.0
2017-06-05,4391.0,4437.0,4368.0,4408.0,20810.0
2017-06-06,4409.0,4444.0,4276.0,4314.0,30800.0
2017-06-07,4280.0,4299.0,4201.0,4216.0,35150.0
2017-06-08,4200.0,4278.0,4190.0,4254.0,30350.0
2017-06-09,4256.0,4327.0,4256.0,4299.0,29340.0
2017-06-12,4260.0,4360.0,4260.0,4309.0,33850.0
2017-06-13,4305.0,4358.0,4280.0,4303.0,19040.0
2017-06-14,4314.0,4399.0,4307.0,4376.0,24520.0
2017-06-15,4338.0,4495.0,4338.0,4360.0,27640.0
2017-06-16,4368.0,4419.0,4330.0,4389.0,23740.0
2017-06-19,4400.0,4401.0,4313.0,4326.0,21020.0
2017-06-20,4325.0,4346.0,4260.0,4280.0,18430.0
2017-06-21,4358.0,4358.0,4247.0,4272.0,4050.0
2017-06-22,4237.0,4245.0,4166.0,4235.0,8250.0
2017-06-23,4235.0,4360.0,4235.0,4339.0,12630.0
2017-06-27,4325.0,4475.0,4290.0,4468.0,20430.0
2017-06-28,4459.0,4559.0,4455.0,4550.0,17920.0
2017-06-29,4440.0,4559.0,4440.0,4509.0,20720.0
2017-06-30,4490.0,4599.0,4465.0,4486.0,22590.0
2017-07-03,4476.0,4505.0,4391.0,4404.0,14840.0
2017-07-04,4397.0,4436.0,4355.0,4390.0,22800.0
2017-07-05,4400.0,4429.0,4377.0,4407.0,18370.0
2017-07-06,4400.0,4559.0,4399.0,4532.0,36110.0
2017-07-07,4509.0,4573.0,4454.0,4464.0,31460.0
2017-07-10,4518.0,4522.0,4461.0,4466.0,27410.0
2017-07-11,4478.0,4480.0,4421.0,4432.0,27260.0
2017-07-12,4440.0,4508.0,4434.0,4481.0,20760.0
2017-07-13,4475.0,4542.0,4470.0,4496.0,17550.0
2017-07-14,4486.0,4624.0,4477.0,4604.0,32580.0
2017-07-17,4600.0,4685.0,4580.0,4594.0,36510.0
2017-07-18,4590.0,4629.0,4566.0,4610.0,21060.0
2017-07-19,4582.0,4603.0,4520.0,4537.0,30050.0
2017-07-20,4526.0,4562.0,4508.0,4523.0,14340.0
2017-07-21,4606.0,4630.0,4577.0,4597.0,4460.0
2017-07-24,4581.0,4581.0,4480.0,4507.0,9270.0
2017-07-25,4530.0,4550.0,4502.0,4516.0,5160.0
2017-07-26,4515.0,4584.0,4501.0,4572.0,5470.0
2017-07-27,4581.0,4620.0,4546.0,4556.0,10190.0
2017-07-28,4550.0,4591.0,4549.0,4577.0,5090.0
2017-07-31,4588.0,4611.0,4541.0,4548.0,10340.0
2017-08-01,4550.0,4572.0,4511.0,4528.0,7660.0
2017-08-02,4528.0,4535.0,4471.0,4488.0,15050.0
2017-08-03,4480.0,4513.0,4441.0,4450.0,18540.0
2017-08-04,4490.0,4539.0,4454.0,4530.0,18040.0
2017-08-07,4552.0,4590.0,4540.0,4551.0,14460.0
2017-08-08,4544.0,4589.0,4521.0,4575.0,27600.0
2017-08-09,4580.0,4744.0,4552.0,4700.0,59160.0
2017-08-10,4700.0,4730.0,4570.0,4592.0,42690.0
2017-08-11,4572.0,4676.0,4572.0,4639.0,32500.0
2017-08-14,4675.0,4700.0,4634.0,4657.0,17960.0
2017-08-16,4651.0,4672.0,4591.0,4642.0,27120.0
2017-08-17,4689.0,4692.0,4631.0,4643.0,26370.0
2017-08-18,4655.0,4675.0,4602.0,4646.0,24270.0
2017-08-21,4752.0,4855.0,4752.0,4830.0,13780.0
2017-08-22,4832.0,4874.0,4793.0,4806.0,20280.0
2017-08-23,4753.0,4828.0,4753.0,4768.0,14880.0
2017-08-24,4760.0,4796.0,4741.0,4775.0,10050.0
2017-08-28,4758.0,4820.0,4751.0,4773.0,16910.0
2017-08-29,4775.0,4795.0,4741.0,4752.0,12440.0
2017-08-30,4736.0,4798.0,4728.0,4771.0,23650.0
2017-08-31,4776.0,4779.0,4701.0,4714.0,24430.0
2017-09-01,4695.0,4720.0,4670.0,4696.0,18750.0
2017-09-04,4699.0,4721.0,4675.0,4679.0,15710.0
2017-09-05,4680.0,4719.0,4647.0,4694.0,30260.0
2017-09-06,4698.0,4761.0,4698.0,4737.0,31460.0
2017-09-07,4740.0,4763.0,4726.0,4734.0,24240.0
2017-09-08,4730.0,4758.0,4722.0,4744.0,25230.0
2017-09-11,4750.0,4782.0,4750.0,4773.0,48490.0
2017-09-12,4760.0,4847.0,4756.0,4808.0,45800.0
2017-09-13,4805.0,4837.0,4805.0,4823.0,41260.0
2017-09-14,4819.0,4843.0,4680.0,4761.0,55470.0
2017-09-15,4759.0,4783.0,4694.0,4712.0,29480.0
2017-09-18,4715.0,4720.0,4611.0,4634.0,34700.0
2017-09-19,4639.0,4691.0,4576.0,4684.0,30930.0
2017-09-20,4685.0,4704.0,4636.0,4650.0,30430.0
2017-09-21,4744.0,4746.0,4709.0,4721.0,6270.0
2017-09-22,4735.0,4764.0,4692.0,4705.0,13700.0
2017-09-25,4702.0,4705.0,4645.0,4679.0,13010.0
2017-09-26,4685.0,4700.0,4642.0,4693.0,26400.0
2017-09-27,4680.0,4720.0,4679.0,4692.0,12850.0
2017-09-28,4699.0,4710.0,4662.0,4689.0,15680.0
2017-09-29,4681.0,4750.0,4681.0,4735.0,22290.0
2017-10-03,4750.0,4756.0,4707.0,4720.0,16600.0
2017-10-04,4711.0,4722.0,4604.0,4628.0,32650.0
2017-10-05,4634.0,4648.0,4607.0,4617.0,21520.0
2017-10-06,4615.0,4626.0,4575.0,4586.0,23760.0
2017-10-09,4586.0,4598.0,4546.0,4570.0,23540.0
2017-10-10,4580.0,4634.0,4580.0,4616.0,27400.0
2017-10-11,4618.0,4640.0,4560.0,4598.0,24380.0
2017-10-12,4593.0,4638.0,4563.0,4603.0,18260.0
2017-10-13,4607.0,4636.0,4583.0,4626.0,17210.0
2017-10-16,4666.0,4684.0,4652.0,4670.0,5190.0
2017-10-17,4678.0,4679.0,4665.0,4667.0,2840.0
2017-10-18,4670.0,4670.0,4560.0,4597.0,5120.0
2017-10-19,4601.0,4610.0,4582.0,4592.0,3390.0
2017-10-23,4585.0,4587.0,4409.0,4409.0,8700.0
2017-10-24,4414.0,4453.0,4382.0,4430.0,13670.0
2017-10-25,4431.0,4450.0,4414.0,4434.0,5450.0
2017-10-26,4444.0,4600.0,4440.0,4593.0,19910.0
2017-10-27,4581.0,4618.0,4511.0,4526.0,14100.0
2017-10-30,4550.0,4585.0,4471.0,4479.0,16400.0
2017-10-31,4485.0,4500.0,4422.0,4492.0,18880.0
2017-11-01,4490.0,4539.0,4361.0,4384.0,20150.0
2017-11-02,4393.0,4445.0,4385.0,4435.0,19260.0
2017-11-03,4444.0,4490.0,4431.0,4452.0,15730.0
2017-11-06,4435.0,4484.0,4371.0,4411.0,18870.0
2017-11-07,4411.0,4442.0,4401.0,4417.0,16600.0
2017-11-08,4410.0,4449.0,4390.0,4398.0,16510.0
2017-11-09,4436.0,4440.0,4353.0,4378.0,24650.0
2017-11-10,4380.0,4392.0,4326.0,4366.0,26570.0
2017-11-13,4349.0,4377.0,4335.0,4361.0,20070.0
2017-11-14,4371.0,4405.0,4365.0,4378.0,14260.0
2017-11-15,4379.0,4398.0,4341.0,4350.0,11520.0
2017-11-16,4344.0,4394.0,4326.0,4374.0,11960.0
2017-11-17,4375.0,4475.0,4357.0,4444.0,26080.0
2017-11-20,4465.0,4506.0,4431.0,4452.0,20130.0
2017-11-21,4500.0,4518.0,4468.0,4503.0,2280.0
2017-11-22,4500.0,4508.0,4441.0,4464.0,3980.0
2017-11-23,4456.0,4527.0,4452.0,4503.0,6820.0
2017-11-24,4516.0,4583.0,4501.0,4554.0,6200.0
2017-11-27,4604.0,4679.0,4578.0,4666.0,13350.0
2017-11-28,4698.0,4698.0,4613.0,4633.0,8270.0
2017-11-29,4615.0,4627.0,4566.0,4598.0,14210.0
2017-11-30,4604.0,4654.0,4604.0,4627.0,21240.0
2017-12-01,4620.0,4624.0,4569.0,4581.0,12530.0
2017-12-04,4598.0,4647.0,4598.0,4617.0,18690.0
2017-12-05,4620.0,4658.0,4581.0,4605.0,19630.0
2017-12-06,4614.0,4622.0,4580.0,4610.0,19540.0
2017-12-07,4599.0,4604.0,4472.0,4491.0,34140.0
2017-12-08,4500.0,4591.0,4460.0,4557.0,27550.0
2017-12-11,4570.0,4587.0,4545.0,4580.0,32140.0
2017-12-12,4585.0,4598.0,4535.0,4556.0,23610.0
2017-12-13,4548.0,4556.0,4480.0,4505.0,19790.0
2017-12-14,4496.0,4538.0,4490.0,4502.0,11250.0
2017-12-15,4511.0,4515.0,4466.0,4477.0,12510.0
2017-12-18,4480.0,4488.0,4415.0,4455.0,11520.0
2017-12-19,4440.0,4535.0,4440.0,4512.0,21480.0
2017-12-20,4512.0,4515.0,4446.0,4461.0,16920.0
2017-12-21,4490.0,4520.0,4434.0,4508.0,8570.0
2017-12-22,4505.0,4512.0,4475.0,4506.0,2980.0
2017-12-26,4494.0,4499.0,4450.0,4473.0,3750.0
2017-12-27,4474.0,4474.0,4400.0,4413.0,10430.0
2017-12-28,4417.0,4443.0,4410.0,4421.0,6510.0
2017-12-29,4432.0,4440.0,4384.0,4407.0,8820.0
2018-01-01,4414.0,4417.0,4384.0,4399.0,11560.0
2018-01-02,4390.0,4399.0,4362.0,4369.0,13830.0
2018-01-03,4367.0,4373.0,4307.0,4320.0,20490.0
2018-01-04,4328.0,4350.0,4309.0,4326.0,16660.0
2018-01-05,4334.0,4365.0,4309.0,4347.0,20060.0
2018-01-08,4332.0,4339.0,4192.0,4202.0,31920.0
2018-01-09,4214.0,4220.0,4045.0,4069.0,46010.0
2018-01-10,4088.0,4144.0,4062.0,4132.0,30800.0
2018-01-11,4135.0,4165.0,4109.0,4122.0,31540.0
2018-01-12,4125.0,4135.0,4108.0,4121.0,11260.0
2018-01-15,4128.0,4147.0,4115.0,4126.0,5090.0
2018-01-16,4120.0,4120.0,3976.0,4036.0,29700.0
2018-01-17,4032.0,4048.0,4005.0,4043.0,12540.0
2018-01-18,4046.0,4059.0,4005.0,4017.0,11070.0
2018-01-19,4005.0,4078.0,3992.0,4051.0,16350.000000000002
2018-01-22,4121.0,4121.0,4085.0,4098.0,2060.0
2018-01-23,4097.0,4215.0,4094.0,4181.0,8300.0
2018-01-24,4195.0,4235.0,4084.0,4156.0,9960.0
2018-01-25,4177.0,4205.0,4171.0,4187.0,6480.0
2018-01-29,4220.0,4354.0,4198.0,4354.0,28190.0
2018-01-30,4380.0,4427.0,4350.0,4402.0,40420.0
2018-01-31,4410.0,4410.0,4320.0,4328.0,24640.0
2018-02-01,4330.0,4362.0,4270.0,4342.0,17840.0
2018-02-02,4335.0,4374.0,4304.0,4327.0,17710.0
2018-02-05,4302.0,4364.0,4302.0,4334.0,18500.0
2018-02-06,4317.0,4349.0,4308.0,4324.0,18820.0
2018-02-07,4332.0,4359.0,4238.0,4286.0,29360.0
2018-02-08,4274.0,4276.0,4174.0,4190.0,31710.0
2018-02-09,4196.0,4226.0,4158.0,4177.0,27220.0
2018-02-12,4200.0,4226.0,4151.0,4167.0,25650.0
2018-02-14,4162.0,4162.0,4080.0,4105.0,23670.0
2018-02-15,4119.0,4159.0,4094.0,4134.0,20600.0
2018-02-16,4140.0,4226.0,4138.0,4216.0,25750.0
2018-02-19,4230.0,4278.0,4211.0,4223.0,18790.0
2018-02-20,4219.0,4219.0,4175.0,4194.0,13030.0
2018-02-21,4259.0,4331.0,4252.0,4300.0,6410.0
2018-02-22,4301.0,4324.0,4287.0,4318.0,5310.0
2018-02-23,4335.0,4396.0,4248.0,4271.0,12570.0
2018-02-26,4277.0,4280.0,4177.0,4198.0,15490.0
2018-02-27,4190.0,4190.0,4106.0,4118.0,12710.0
2018-02-28,4118.0,4178.0,4106.0,4170.0,21100.0
2018-03-01,4173.0,4197.0,4129.0,4153.0,11300.0
2018-03-05,4165.0,4166.0,4112.0,4128.0,14290.0
2018-03-06,4113.0,4149.0,4064.0,4146.0,27300.0
2018-03-07,4125.0,4210.0,4125.0,4165.0,29110.0
2018-03-08,4175.0,4222.0,4155.0,4214.0,27420.0
2018-03-09,4227.0,4269.0,4220.0,4246.0,30620.0
2018-03-12,4220.0,4220.0,4164.0,4189.0,19120.0
2018-03-13,4195.0,4249.0,4160.0,4244.0,18060.0
2018-03-14,4245.0,4260.0,4190.0,4208.0,14700.0
2018-03-15,4206.0,4220.0,4182.0,4203.0,12280.0
2018-03-16,4208.0,4253.0,4200.0,4242.0,27080.0
2018-03-19,4233.0,4250.0,4180.0,4207.0,23420.0
2018-03-20,4200.0,4201.0,4150.0,4160.0,17370.0
2018-03-21,4200.0,4220.0,4175.0,4177.0,5430.0
2018-03-22,4171.0,4186.0,4138.0,4159.0,6510.0
2018-03-23,4124.0,4167.0,4124.0,4133.0,4050.0
2018-03-26,4147.0,4186.0,4127.0,4180.0,4360.0
2018-03-27,4189.0,4190.0,4131.0,4153.0,2820.0
2018-03-28,4170.0,4195.0,4136.0,4184.0,5710.0
2018-04-02,4185.0,4245.0,4172.0,4213.0,19880.0
2018-04-03,4206.0,4210.0,4174.0,4187.0,12810.0
2018-04-04,4182.0,4182.0,4130.0,4138.0,18790.0
2018-04-05,4135.0,4178.0,4120.0,4157.0,19430.0
2018-04-06,4147.0,4177.0,4134.0,4151.0,20210.0
2018-04-09,4140.0,4140.0,4075.0,4091.0,26010.0
2018-04-10,4084.0,4173.0,4075.0,4151.0,36460.0
2018-04-11,4140.0,4193.0,4137.0,4163.0,35520.0
2018-04-12,4145.0,4180.0,4141.0,4166.0,20000.0
2018-04-13,4150.0,4158.0,4131.0,4147.0,15650.0
2018-04-16,4120.0,4125.0,4081.0,4086.0,13550.0
2018-04-17,4080.0,4111.0,4052.0,4098.0,24860.0
2018-04-18,4100.0,4120.0,4095.0,4100.0,15850.0
2018-04-19,4115.0,4145.0,4085.0,4120.0,21420.0
2018-04-20,4135.0,4164.0,4124.0,4142.0,26890.0
2018-04-23,4179.0,4197.0,4159.0,4184.0,11740.0
2018-04-24,4180.0,4184.0,4138.0,4142.0,5810.0
2018-04-25,4132.0,4148.0,4118.0,4126.0,7650.0
2018-04-26,4129.0,4157.0,4129.0,4140.0,7680.0
2018-04-27,4149.0,4155.0,4049.0,4062.0,18390.0
2018-04-30,4150.0,4150.0,4007.0,4049.0,18830.0
2018-05-02,4101.0,4101.0,4009.0,4038.0,11970.0
2018-05-03,4043.0,4070.0,3991.0,4011.0,15270.0
2018-05-04,4005.0,4007.0,3891.0,3941.0,40170.0
2018-05-07,3960.0,4042.0,3960.0,4037.0,36110.0
2018-05-08,4045.0,4117.0,4040.0,4095.0,42560.0
2018-05-09,4105.0,4128.0,4072.0,4081.0,35120.0
2018-05-10,4079.0,4105.0,4035.0,4045.0,26960.0
2018-05-11,4050.0,4105.0,4050.0,4089.0,24390.0
2018-05-14,4094.0,4107.0,4076.0,4091.0,13770.0
2018-05-15,4067.0,4081.0,4030.0,4074.0,20880.0
2018-05-16,4061.0,4066.0,4017.0,4032.0,17310.0
2018-05-17,4012.0,4038.0,3993.0,4001.0,16329.999999999998
2018-05-18,4010.0,4044.0,4007.0,4021.0,13410.0
2018-05-21,4089.0,4097.0,4073.0,4080.0,5700.0
2018-05-22,4086.0,4118.0,4086.0,4111.0,5350.0
2018-05-23,4123.0,4132.0,4093.0,4101.0,8119.999999999999
2018-05-24,4097.0,4097.0,4060.0,4069.0,9800.0
2018-05-25,4069.0,4076.0,4040.0,4050.0,3880.0
2018-05-28,4053.0,4053.0,4015.0,4027.0,13170.0
2018-05-29,4020.0,4058.0,3995.0,4003.0,17380.0
2018-05-30,4010.0,4025.0,3932.0,3958.0,13390.0
2018-05-31,3945.0,3985.0,3923.0,3974.0,11630.0
2018-06-01,3986.0,4032.0,3975.0,4024.0,17260.0
2018-06-04,4049.0,4064.0,3955.0,3967.0,17930.0
2018-06-05,3965.0,3993.0,3932.0,3960.0,19520.0
2018-06-06,3963.0,3988.0,3953.0,3973.0,12050.0
2018-06-07,3966.0,4009.0,3961.0,3979.0,25300.0
2018-06-08,3979.0,4001.0,3967.0,3975.0,21400.0
2018-06-11,3970.0,3983.0,3885.0,3896.0,41060.0
2018-06-12,3905.0,3930.0,3861.0,3892.0,21510.0
2018-06-13,3890.0,4008.0,3887.0,3998.0,29920.0
2018-06-14,4055.0,4055.0,3981.0,4046.0,30460.0
2018-06-15,4041.0,4110.0,4040.0,4093.0,29520.0
2018-06-18,4085.0,4142.0,4070.0,4085.0,39330.0
2018-06-19,4082.0,4107.0,4044.0,4057.0,21000.0
2018-06-20,4055.0,4098.0,4055.0,4091.0,17150.0
2018-06-21,4158.0,4207.0,4156.0,4204.0,11710.0
2018-06-22,4210.0,4228.0,4177.0,4193.0,11830.0
2018-06-25,4176.0,4194.0,4113.0,4174.0,13660.0
2018-06-26,4186.0,4217.0,4177.0,4195.0,15230.0
2018-06-27,4193.0,4235.0,4167.0,4227.0,20570.0
2018-06-28,4240.0,4257.0,4211.0,4225.0,21630.0
2018-06-29,4230.0,4273.0,4171.0,4246.0,54980.0
2018-07-02,4238.0,4275.0,4231.0,4239.0,26980.0
2018-07-03,4235.0,4264.0,4213.0,4240.0,28290.0
2018-07-04,4249.0,4352.0,4249.0,4335.0,61880.0
2018-07-05,4325.0,4405.0,4315.0,4389.0,51350.0
2018-07-06,4384.0,4444.0,4369.0,4409.0,53290.0
2018-07-09,4424.0,4580.0,4424.0,4565.0,68930.0
2018-07-10,4570.0,4580.0,4495.0,4522.0,74080.0
2018-07-11,4500.0,4549.0,4471.0,4535.0,70020.0
2018-07-12,4545.0,4610.0,4540.0,4550.0,74720.0
2018-07-13,4530.0,4559.0,4443.0,4509.0,65519.99999999999
2018-07-16,4507.0,4585.0,4491.0,4512.0,51160.0
2018-07-17,4515.0,4515.0,4437.0,4457.0,44640.0
2018-07-18,4468.0,4575.0,4468.0,4552.0,58460.0
2018-07-19,4570.0,4585.0,4513.0,4522.0,43180.0
2018-07-20,4520.0,4572.0,4508.0,4546.0,50210.0
2018-07-23,4556.0,4609.0,4541.0,4588.0,6400.0
2018-07-24,4594.0,4632.0,4537.0,4553.0,23130.0
2018-07-25,4553.0,4559.0,4442.0,4502.0,24210.0
2018-07-26,4530.0,4555.0,4510.0,4548.0,22040.0
2018-07-27,4557.0,4681.0,4556.0,4672.0,41970.0
2018-07-30,4675.0,4692.0,4635.0,4673.0,29550.0
2018-07-31,4650.0,4725.0,4650.0,4699.0,50450.0
2018-08-01,4719.0,4720.0,4650.0,4660.0,38070.0
2018-08-02,4675.0,4779.0,4659.0,4760.0,81280.0
2018-08-03,4773.0,4788.0,4722.0,4767.0,60540.0
2018-08-06,4731.0,4740.0,4626.0,4647.0,62000.0
2018-08-07,4655.0,4698.0,4603.0,4687.0,43640.0
2018-08-08,4699.0,4827.0,4699.0,4730.0,64930.00000000001
2018-08-09,4730.0,4768.0,4674.0,4688.0,70980.0
2018-08-10,4690.0,4734.0,4674.0,4714.0,66200.0
2018-08-13,4699.0,4710.0,4580.0,4593.0,74500.0
2018-08-14,4607.0,4665.0,4564.0,4644.0,58440.0
2018-08-16,4645.0,4723.0,4611.0,4686.0,67420.0
2018-08-17,4662.0,4696.0,4621.0,4658.0,61630.0
2018-08-20,4645.0,4735.0,4627.0,4717.0,75910.0
2018-08-21,4777.0,4800.0,4746.0,4772.0,18960.0
2018-08-23,4800.0,4846.0,4784.0,4811.0,23730.0
2018-08-24,4827.0,4828.0,4714.0,4730.0,16910.0
2018-08-27,4754.0,4754.0,4611.0,4646.0,26390.0
2018-08-28,4666.0,4722.0,4582.0,4666.0,30820.0
2018-08-29,4667.0,4705.0,4641.0,4660.0,22860.0
2018-08-30,4659.0,4700.0,4636.0,4687.0,32360.0
2018-08-31,4675.0,4746.0,4675.0,4735.0,35940.0
2018-09-03,4730.0,4835.0,4730.0,4813.0,57870.0
2018-09-04,4821.0,4836.0,4768.0,4780.0,49370.0
2018-09-05,4790.0,4799.0,4722.0,4745.0,48670.0
2018-09-06,4757.0,4773.0,4735.0,4746.0,42720.0
2018-09-07,4755.0,4755.0,4705.0,4720.0,40070.0
2018-09-10,4728.0,4759.0,4702.0,4710.0,47970.0
2018-09-11,4701.0,4725.0,4677.0,4697.0,39380.0
2018-09-12,4701.0,4719.0,4675.0,4684.0,23460.0
2018-09-14,4685.0,4702.0,4650.0,4672.0,25310.0
2018-09-17,4666.0,4674.0,4633.0,4639.0,27460.0
2018-09-18,4645.0,4765.0,4630.0,4750.0,68120.0
2018-09-19,4760.0,4789.0,4727.0,4736.0,37690.0
2018-09-21,4818.0,4850.0,4809.0,4832.0,6360.0
2018-09-24,4826.0,4835.0,4795.0,4800.0,6410.0
2018-09-25,4803.0,4805.0,4744.0,4761.0,20030.0
2018-09-26,4770.0,4785.0,4745.0,4753.0,9700.0
2018-09-27,4744.0,4820.0,4739.0,4746.0,20760.0
2018-09-28,4745.0,4779.0,4733.0,4758.0,24700.0
2018-10-01,4770.0,4780.0,4730.0,4734.0,15970.0
2018-10-03,4738.0,4764.0,4710.0,4734.0,26300.0
2018-10-04,4742.0,4762.0,4674.0,4680.0,32560.000000000004
2018-10-05,4676.0,4730.0,4650.0,4714.0,64160.0
2018-10-08,4720.0,4778.0,4718.0,4766.0,36130.0
2018-10-09,4768.0,4790.0,4758.0,4780.0,24260.0
2018-10-10,4792.0,4878.0,4780.0,4860.0,69060.0
2018-10-11,4870.0,4942.0,4854.0,4934.0,49180.0
2018-10-12,4940.0,4952.0,4896.0,4912.0,30900.0
2018-10-15,4910.0,5080.0,4910.0,5054.0,52610.0
2018-10-16,5078.0,5096.0,5024.0,5052.0,51140.0
2018-10-17,5088.0,5230.0,5078.0,5216.0,11640.0
2018-10-19,5226.0,5322.0,5214.0,5294.0,15510.0
2018-10-22,5318.0,5466.0,5318.0,5406.0,25920.0
2018-10-23,5374.0,5470.0,5354.0,5430.0,26510.0
2018-10-24,5474.0,5518.0,5414.0,5442.0,34030.0
2018-10-25,5422.0,5544.0,5390.0,5530.0,37590.0
2018-10-26,5530.0,5600.0,5530.0,5550.0,38020.0
2018-10-29,5504.0,5762.0,5504.0,5718.0,70560.0
2018-10-30,5742.0,5840.0,5742.0,5786.0,57860.0
2018-10-31,5818.0,5830.0,5760.0,5816.0,50700.0
2018-11-01,5800.0,5836.0,5704.0,5802.0,52350.0
2018-11-02,5800.0,5800.0,5710.0,5764.0,51710.0
2018-11-05,5770.0,5994.0,5770.0,5994.0,70840.0
2018-11-06,6016.0,6070.0,5928.0,5976.0,55140.0
2018-11-07,5990.0,5990.0,5930.0,5956.0,11580.0
2018-11-09,5930.0,6030.0,5862.0,5952.0,49890.0
2018-11-12,5950.0,6158.0,5950.0,6142.0,61280.0
2018-11-13,6150.0,6364.0,6140.0,6256.0,76190.0
2018-11-14,6270.0,6346.0,6188.0,6320.0,45360.0
2018-11-15,6348.0,6440.0,6170.0,6218.0,60400.0
2018-11-16,6176.0,6232.0,5970.0,5970.0,73500.0
2018-11-19,5850.0,5914.0,5732.0,5732.0,72850.0
2018-11-20,5632.0,5704.0,5504.0,5688.0,113200.0
2018-11-21,5824.0,5900.0,5630.0,5710.0,22440.0
2018-11-22,5778.0,5828.0,5630.0,5730.0,13140.0
2018-11-26,5762.0,5794.0,5570.0,5620.0,17050.0
2018-11-27,5566.0,5690.0,5518.0,5654.0,37570.0
2018-11-28,5650.0,5678.0,5564.0,5600.0,19030.0
2018-11-29,5598.0,5598.0,5376.0,5382.0,52920.0
2018-11-30,5382.0,5476.0,5374.0,5438.0,28090.0
2018-12-03,5480.0,5644.0,5480.0,5622.0,43660.0
2018-12-04,5650.0,5810.0,5622.0,5756.0,40060.0
2018-12-05,5730.0,5730.0,5590.0,5612.0,42340.0
2018-12-06,5628.0,5628.0,5478.0,5530.0,52010.0
2018-12-07,5554.0,5590.0,5476.0,5568.0,34160.0
2018-12-10,5584.0,5640.0,5544.0,5590.0,35150.0
2018-12-11,5600.0,5628.0,5508.0,5554.0,27690.0
2018-12-12,5556.0,5558.0,5446.0,5494.0,35890.0
2018-12-13,5418.0,5498.0,5418.0,5454.0,15260.0
2018-12-14,5436.0,5502.0,5410.0,5492.0,26590.0
2018-12-17,5490.0,5498.0,5274.0,5274.0,43670.0
2018-12-18,5272.0,5272.0,5130.0,5178.0,46980.0
2018-12-19,5138.0,5292.0,5122.0,5274.0,31050.0
2018-12-20,5280.0,5298.0,5168.0,5178.0,26390.0
2018-12-21,5250.0,5264.0,5190.0,5218.0,11600.0
2018-12-24,5228.0,5230.0,5010.0,5018.0,20160.0
2018-12-26,5018.0,5180.0,4980.0,5144.0,16460.0
2018-12-27,5188.0,5208.0,5112.0,5126.0,16290.0
2018-12-28,5136.0,5246.0,5126.0,5202.0,14670.0
2018-12-31,5230.0,5350.0,5230.0,5336.0,25020.0
2019-01-01,5352.0,5374.0,5300.0,5328.0,21860.0
2019-01-02,5310.0,5400.0,5240.0,5252.0,26370.0
2019-01-03,5270.0,5314.0,5202.0,5308.0,25330.0
2019-01-04,5300.0,5364.0,5290.0,5356.0,29120.0
2019-01-07,5370.0,5476.0,5370.0,5430.0,47490.0
2019-01-08,5420.0,5434.0,5310.0,5320.0,36540.0
2019-01-09,5324.0,5348.0,5272.0,5332.0,26530.0
2019-01-10,5348.0,5368.0,5220.0,5276.0,33720.0
2019-01-11,5246.0,5290.0,5236.0,5256.0,23230.0
2019-01-14,5284.0,5350.0,5250.0,5304.0,13820.0
2019-01-15,5316.0,5350.0,5248.0,5258.0,23360.0
2019-01-16,5280.0,5290.0,5202.0,5214.0,17500.0
2019-01-17,5204.0,5266.0,5204.0,5258.0,14580.0
2019-01-18,5268.0,5286.0,5238.0,5278.0,21030.0
2019-01-21,5368.0,5368.0,5194.0,5290.0,8350.0
2019-01-22,5288.0,5324.0,5270.0,5298.0,8340.0
2019-01-23,5304.0,5344.0,5298.0,5338.0,8760.0
2019-01-24,5336.0,5336.0,5250.0,5268.0,9640.0
2019-01-25,5254.0,5290.0,5220.0,5236.0,5880.0
2019-01-28,5214.0,5228.0,5144.0,5162.0,9830.0
2019-01-29,5146.0,5176.0,5130.0,5168.0,15400.0
2019-01-30,5178.0,5200.0,5174.0,5194.0,16160.0
2019-01-31,5200.0,5244.0,5170.0,5216.0,20790.0
2019-02-01,5214.0,5220.0,5190.0,5198.0,10500.0
2019-02-04,5208.0,5214.0,5156.0,5168.0,30280.0
2019-02-05,5176.0,5180.0,5142.0,5148.0,22410.0
2019-02-06,5140.0,5144.0,5046.0,5076.0,36800.0
2019-02-07,5082.0,5144.0,5056.0,5136.0,27050.0
2019-02-08,5136.0,5208.0,5126.0,5184.0,43220.0
2019-02-11,5200.0,5218.0,5146.0,5158.0,27030.0
2019-02-12,5160.0,5176.0,5140.0,5152.0,8210.0
2019-02-13,5166.0,5278.0,5160.0,5238.0,20930.0
2019-02-14,5240.0,5380.0,5240.0,5368.0,36670.0
2019-02-15,5350.0,5406.0,5254.0,5300.0,29270.0
2019-02-18,5300.0,5300.0,5210.0,5246.0,20180.0
2019-02-19,5248.0,5280.0,5236.0,5258.0,19500.0
2019-02-20,5272.0,5306.0,5252.0,5298.0,17760.0
2019-02-21,5378.0,5450.0,5372.0,5394.0,9420.0
2019-02-22,5386.0,5386.0,5316.0,5326.0,5160.0
2019-02-25,5330.0,5380.0,5324.0,5338.0,12680.0
2019-02-26,5320.0,5364.0,5304.0,5360.0,13540.0
2019-02-27,5376.0,5376.0,5326.0,5356.0,11690.0
2019-02-28,5342.0,5376.0,5300.0,5318.0,24370.0
2019-03-01,5330.0,5364.0,5316.0,5322.0,19520.0
2019-03-05,5312.0,5332.0,5262.0,5270.0,22360.0
2019-03-06,5268.0,5274.0,5210.0,5230.0,37120.0
2019-03-07,5216.0,5266.0,5210.0,5264.0,33320.0
2019-03-08,5262.0,5380.0,5252.0,5342.0,65430.00000000001
2019-03-11,5380.0,5382.0,5320.0,5330.0,41390.0
2019-03-12,5318.0,5342.0,5286.0,5334.0,27950.0
2019-03-13,5334.0,5374.0,5320.0,5368.0,17940.0
2019-03-14,5370.0,5436.0,5370.0,5384.0,38010.0
2019-03-15,5368.0,5378.0,5312.0,5320.0,21090.0
2019-03-18,5314.0,5338.0,5262.0,5268.0,18920.0
2019-03-19,5272.0,5308.0,5240.0,5300.0,22110.0
2019-03-20,5374.0,5412.0,5374.0,5406.0,2200.0
2019-03-22,5414.0,5424.0,5360.0,5368.0,7120.0
2019-03-25,5364.0,5372.0,5328.0,5334.0,12730.0
2019-03-26,5336.0,5366.0,5314.0,5356.0,13650.0
2019-03-27,5360.0,5390.0,5352.0,5366.0,25770.0
2019-03-28,5360.0,5408.0,5350.0,5372.0,19380.0
2019-03-29,5368.0,5374.0,5340.0,5360.0,30550.0
2019-04-01,5348.0,5378.0,5330.0,5346.0,29940.0
2019-04-02,5340.0,5558.0,5330.0,5558.0,51450.0
2019-04-03,5600.0,5720.0,5584.0,5666.0,86320.0
2019-04-04,5650.0,5736.0,5590.0,5680.0,65510.00000000001
2019-04-05,5670.0,5788.0,5670.0,5720.0,57800.0
2019-04-08,5726.0,5860.0,5724.0,5832.0,62860.0
2019-04-09,5858.0,5866.0,5776.0,5812.0,54450.0
2019-04-10,5810.0,6044.0,5810.0,6044.0,75040.0
2019-04-11,6092.0,6162.0,6014.0,6122.0,98930.0
2019-04-12,6100.0,6234.0,6100.0,6174.0,70470.0
2019-04-15,6140.0,6140.0,6022.0,6042.0,80140.0
2019-04-16,6022.0,6028.0,5802.0,5888.0,126470.0
2019-04-18,5970.0,6032.0,5822.0,5872.0,25120.0
2019-04-22,5798.0,5830.0,5696.0,5748.0,26970.0
2019-04-23,5762.0,5804.0,5748.0,5764.0,27220.0
2019-04-24,5770.0,5980.0,5766.0,5930.0,27220.0
2019-04-25,5934.0,6060.0,5886.0,5920.0,60720.0
2019-04-26,5900.0,5910.0,5782.0,5796.0,53630.0
2019-04-30,5878.0,5892.0,5668.0,5684.0,79510.0
2019-05-02,5680.0,5836.0,5670.0,5812.0,61680.0
2019-05-03,5806.0,5826.0,5706.0,5728.0,46490.0
2019-05-06,5720.0,5816.0,5720.0,5786.0,40400.0
2019-05-07,5798.0,5920.0,5762.0,5802.0,71510.0
2019-05-08,5800.0,5810.0,5724.0,5752.0,40150.0
2019-05-09,5770.0,5842.0,5750.0,5830.0,48750.0
2019-05-10,5840.0,5880.0,5790.0,5818.0,59440.0
2019-05-13,5810.0,5976.0,5810.0,5918.0,87070.0
2019-05-14,5912.0,5938.0,5844.0,5856.0,40830.0
2019-05-15,5860.0,5876.0,5812.0,5836.0,37330.0
2019-05-16,5830.0,5936.0,5830.0,5896.0,61290.0
2019-05-17,5890.0,5940.0,5834.0,5852.0,46980.0
2019-05-20,5856.0,5876.0,5754.0,5766.0,51440.0
2019-05-21,5858.0,5878.0,5814.0,5834.0,23060.0
2019-05-22,5848.0,5910.0,5844.0,5876.0,15050.0
2019-05-23,5890.0,5924.0,5860.0,5902.0,10460.0
2019-05-24,5914.0,5966.0,5884.0,5904.0,13550.0
2019-05-27,5904.0,5926.0,5810.0,5820.0,17430.0
2019-05-28,5826.0,5862.0,5654.0,5678.0,36730.0
2019-05-29,5680.0,5728.0,5654.0,5706.0,21840.0
2019-05-30,5718.0,5834.0,5718.0,5818.0,40500.0
2019-05-31,5820.0,5834.0,5780.0,5794.0,33700.0
2019-06-03,5794.0,5798.0,5656.0,5670.0,30780.0
2019-06-04,5670.0,5710.0,5478.0,5578.0,103720.0
2019-06-06,5576.0,5620.0,5412.0,5492.0,93490.0
2019-06-07,5460.0,5558.0,5458.0,5504.0,57660.0
2019-06-10,5510.0,5540.0,5364.0,5380.0,58250.0
2019-06-11,5372.0,5392.0,5220.0,5372.0,73280.0
2019-06-12,5358.0,5484.0,5354.0,5466.0,46660.0
2019-06-13,5494.0,5526.0,5424.0,5490.0,54570.0
2019-06-14,5508.0,5554.0,5444.0,5526.0,45390.0
2019-06-17,5530.0,5540.0,5306.0,5328.0,59210.0
2019-06-18,5340.0,5438.0,5302.0,5402.0,79460.0
2019-06-19,5380.0,5408.0,5340.0,5358.0,33690.0
2019-06-20,5370.0,5428.0,5348.0,5414.0,36050.0
2019-06-21,5502.0,5514.0,5402.0,5462.0,14810.0
2019-06-24,5466.0,5502.0,5434.0,5466.0,20880.0
2019-06-25,5464.0,5616.0,5462.0,5592.0,35270.0
2019-06-26,5602.0,5622.0,5552.0,5588.0,34790.0
2019-06-27,5580.0,5592.0,5510.0,5534.0,20390.0
2019-06-28,5540.0,5560.0,5524.0,5554.0,23360.0
2019-07-01,5560.0,5710.0,5548.0,5698.0,39760.0
2019-07-02,5720.0,5720.0,5620.0,5634.0,26370.0
2019-07-03,5622.0,5680.0,5612.0,5642.0,27760.0
2019-07-04,5652.0,5692.0,5646.0,5668.0,25460.0
2019-07-05,5670.0,5712.0,5642.0,5654.0,38400.0
2019-07-08,5650.0,5688.0,5572.0,5644.0,48510.0
2019-07-09,5670.0,5702.0,5650.0,5686.0,47060.0
2019-07-10,5666.0,5678.0,5630.0,5644.0,25210.0
2019-07-11,5650.0,5690.0,5640.0,5652.0,35240.0
2019-07-12,5644.0,5684.0,5640.0,5670.0,24250.0
2019-07-15,5690.0,5714.0,5648.0,5654.0,30280.0
2019-07-16,5652.0,5656.0,5578.0,5596.0,40320.0
2019-07-17,5584.0,5626.0,5556.0,5602.0,33880.0
2019-07-18,5600.0,5634.0,5588.0,5610.0,20240.0
2019-07-19,5600.0,5618.0,5546.0,5588.0,30900.0
2019-07-22,5652.0,5654.0,5564.0,5592.0,21310.0
2019-07-23,5610.0,5632.0,5582.0,5604.0,12540.0
2019-07-24,5610.0,5628.0,5564.0,5582.0,19040.0
2019-07-25,5586.0,5638.0,5578.0,5620.0,20520.0
2019-07-26,5578.0,5624.0,5576.0,5614.0,7800.0
2019-07-29,5598.0,5652.0,5598.0,5622.0,23760.0
2019-07-30,5606.0,5620.0,5584.0,5610.0,22780.0
2019-07-31,5616.0,5760.0,5612.0,5734.0,48480.0
2019-08-01,5710.0,5726.0,5660.0,5676.0,22330.0
2019-08-02,5580.0,5688.0,5580.0,5670.0,30440.0
2019-08-05,5650.0,5670.0,5616.0,5626.0,39900.0
2019-08-06,5624.0,5644.0,5598.0,5630.0,33490.0
2019-08-07,5624.0,5640.0,5610.0,5630.0,30060.0
2019-08-08,5630.0,5698.0,5630.0,5682.0,28350.0
2019-08-09,5686.0,5744.0,5656.0,5676.0,47370.0
2019-08-13,5644.0,5662.0,5612.0,5638.0,35520.0
2019-08-14,5644.0,5676.0,5626.0,5664.0,23520.0
2019-08-16,5660.0,5724.0,5642.0,5666.0,26060.0
2019-08-19,5668.0,5678.0,5634.0,5642.0,16700.0
2019-08-20,5642.0,5660.0,5612.0,5634.0,24160.0
2019-08-21,5710.0,5728.0,5684.0,5714.0,16079.999999999998
2019-08-22,5710.0,5740.0,5698.0,5708.0,14240.0
2019-08-23,5708.0,5844.0,5598.0,5790.0,29080.0
2019-08-26,5822.0,5950.0,5810.0,5852.0,30110.0
2019-08-27,5826.0,5874.0,5816.0,5826.0,23700.0
2019-08-28,5830.0,5858.0,5800.0,5836.0,22740.0
2019-08-29,5820.0,5846.0,5802.0,5812.0,20830.0
2019-08-30,5812.0,5882.0,5804.0,5836.0,44930.0
2019-09-03,5826.0,5856.0,5812.0,5818.0,17020.0
2019-09-04,5824.0,5832.0,5806.0,5812.0,22810.0
2019-09-05,5820.0,5864.0,5814.0,5826.0,36130.0
2019-09-06,5824.0,5836.0,5806.0,5812.0,27640.0
2019-09-09,5810.0,5820.0,5800.0,5804.0,49270.0
2019-09-11,5802.0,5848.0,5798.0,5802.0,73360.0
2019-09-12,5810.0,5854.0,5800.0,5804.0,22240.0
2019-09-13,5810.0,5838.0,5796.0,5810.0,41380.0
2019-09-16,5812.0,5830.0,5800.0,5802.0,20650.0
2019-09-17,5802.0,5810.0,5796.0,5802.0,45980.0
2019-09-18,5802.0,5900.0,5798.0,5864.0,45760.0
2019-09-19,5850.0,5976.0,5850.0,5966.0,60610.0
2019-09-20,5982.0,6000.0,5862.0,5888.0,45190.0
2019-09-23,5954.0,5954.0,5878.0,5886.0,11730.0
2019-09-24,5896.0,5906.0,5882.0,5884.0,20010.0
2019-09-25,5872.0,5872.0,5650.0,5650.0,8350.0
2019-09-26,5482.0,5482.0,5424.0,5424.0,53130.0
2019-09-27,5262.0,5262.0,5208.0,5208.0,63700.0
2019-09-30,5052.0,5052.0,5000.0,5000.0,49780.0
2019-10-01,4850.0,4850.0,4700.0,4700.0,40140.0
2019-10-03,4560.0,4560.0,4512.0,4512.0,123730.0
2019-10-04,4378.0,4422.0,4332.0,4386.0,77480.0
2019-10-07,4512.0,4560.0,4512.0,4560.0,8680.0
2019-10-09,4696.0,4696.0,4378.0,4438.0,49300.0
2019-10-10,4412.0,4438.0,4262.0,4362.0,38620.0
2019-10-11,4372.0,4420.0,4364.0,4396.0,17340.0
2019-10-14,4410.0,4410.0,4268.0,4372.0,13500.0
2019-10-15,4340.0,4436.0,4340.0,4414.0,13080.0
2019-10-16,4434.0,4440.0,4400.0,4432.0,8610.0
2019-10-17,4418.0,4458.0,4418.0,4446.0,8320.0
2019-10-18,4460.0,4536.0,4448.0,4508.0,16420.0
2019-10-22,4580.0,4602.0,4498.0,4504.0,2320.0
2019-10-23,4502.0,4566.0,4502.0,4552.0,6160.0
2019-10-24,4550.0,4556.0,4460.0,4526.0,1910.0
2019-10-25,4542.0,4588.0,4528.0,4574.0,5890.0
2019-10-27,4580.0,4584.0,4536.0,4556.0,2120.0
2019-10-29,4546.0,4546.0,4518.0,4538.0,1330.0
2019-10-30,4542.0,4594.0,4522.0,4582.0,8810.0
2019-10-31,4586.0,4600.0,4554.0,4562.0,4700.0
2019-11-01,4566.0,4576.0,4528.0,4534.0,5700.0
2019-11-04,4546.0,4586.0,4524.0,4578.0,12150.0
2019-11-05,4572.0,4572.0,4442.0,4524.0,11150.0
2019-11-06,4502.0,4506.0,4344.0,4344.0,11190.0
2019-11-07,4256.0,4412.0,4172.0,4370.0,29660.0
2019-11-08,4388.0,4480.0,4362.0,4454.0,11000.0
2019-11-11,4430.0,4494.0,4388.0,4472.0,12740.0
2019-11-13,4480.0,4532.0,4460.0,4508.0,8720.0
2019-11-14,4514.0,4522.0,4402.0,4478.0,10370.0
2019-11-15,4480.0,4520.0,4456.0,4466.0,6240.0
2019-11-18,4454.0,4454.0,4334.0,4360.0,7300.0
2019-11-19,4350.0,4410.0,4336.0,4404.0,6560.0
2019-11-20,4402.0,4430.0,4366.0,4378.0,4720.0
2019-11-21,4424.0,4424.0,4286.0,4300.0,2440.0
2019-11-22,4294.0,4340.0,4208.0,4258.0,5120.0
2019-11-25,4256.0,4322.0,4160.0,4272.0,4520.0
2019-11-26,4270.0,4302.0,4200.0,4216.0,3430.0
2019-11-27,4238.0,4260.0,4160.0,4232.0,4530.0
2019-11-28,4212.0,4230.0,4190.0,4210.0,4620.0
2019-11-29,4218.0,4220.0,4084.0,4122.0,10410.0
2019-12-02,4092.0,4098.0,4002.0,4070.0,10530.0
2019-12-03,4070.0,4084.0,4012.0,4020.0,5260.0
2019-12-04,3996.0,4088.0,3996.0,4078.0,4690.0
2019-12-05,4084.0,4168.0,4076.0,4154.0,8140.000000000001
2019-12-06,4156.0,4240.0,4140.0,4202.0,10630.0
2019-12-09,4182.0,4280.0,4178.0,4228.0,8430.0
2019-12-10,4244.0,4262.0,4160.0,4186.0,9890.0
2019-12-11,4180.0,4238.0,4162.0,4226.0,6550.0
2019-12-12,4242.0,4288.0,4230.0,4282.0,6440.0
2019-12-13,4290.0,4326.0,4202.0,4266.0,7060.0
2019-12-16,4274.0,4300.0,4250.0,4280.0,8160.0
2019-12-17,4286.0,4294.0,4260.0,4284.0,4520.0
2019-12-18,4296.0,4360.0,4280.0,4348.0,6990.0
2019-12-19,4344.0,4394.0,4332.0,4382.0,5820.0
2019-12-20,4388.0,4400.0,4344.0,4350.0,6450.0
2019-12-23,4378.0,4386.0,4366.0,4380.0,1350.0
2019-12-24,4364.0,4364.0,4250.0,4294.0,4310.0
2019-12-26,4282.0,4294.0,4180.0,4228.0,2510.0
2019-12-27,4200.0,4282.0,4180.0,4236.0,2860.0
2019-12-30,4262.0,4280.0,4254.0,4268.0,3460.0
2019-12-31,4288.0,4288.0,4144.0,4212.0,4670.0
2020-01-01,4194.0,4238.0,4182.0,4208.0,1740.0
2020-01-02,4236.0,4260.0,4210.0,4240.0,3250.0
2020-01-03,4234.0,4248.0,4212.0,4232.0,1840.0
2020-01-06,4230.0,4268.0,4194.0,4262.0,6000.0
2020-01-07,4278.0,4282.0,4214.0,4232.0,4220.0
2020-01-08,4222.0,4238.0,4202.0,4228.0,3390.0
2020-01-09,4204.0,4260.0,4204.0,4230.0,4520.0
2020-01-10,4238.0,4238.0,4180.0,4194.0,3860.0
2020-01-13,4192.0,4200.0,4102.0,4156.0,7690.0
2020-01-14,4140.0,4160.0,4128.0,4132.0,6830.0
2020-01-15,4136.0,4190.0,4124.0,4144.0,5420.0
2020-01-16,4148.0,4166.0,4100.0,4140.0,4120.0
2020-01-17,4130.0,4188.0,4130.0,4170.0,4520.0
2020-01-20,4176.0,4242.0,4122.0,4128.0,7880.0
2020-01-21,4132.0,4170.0,4122.0,4146.0,900.0
2020-01-22,4150.0,4150.0,4092.0,4108.0,1630.0
2020-01-23,4110.0,4110.0,4066.0,4082.0,1560.0
2020-01-24,4072.0,4098.0,4054.0,4086.0,2480.0
2020-01-27,4084.0,4084.0,3988.0,4000.0,3430.0
2020-01-28,3970.0,4044.0,3970.0,4020.0,4710.0
2020-01-29,4032.0,4042.0,3986.0,4000.0,2130.0
2020-01-30,3996.0,4018.0,3934.0,3958.0,2880.0
2020-01-31,3962.0,3966.0,3914.0,3962.0,4980.0
2020-02-01,3888.0,3980.0,3888.0,3936.0,2410.0
2020-02-03,3960.0,3960.0,3896.0,3904.0,3350.0
2020-02-04,3900.0,3904.0,3860.0,3866.0,4470.0
2020-02-05,3868.0,3942.0,3854.0,3922.0,5670.0
2020-02-06,3916.0,3964.0,3880.0,3898.0,6220.0
2020-02-07,3900.0,3906.0,3880.0,3890.0,3700.0
2020-02-10,3874.0,3912.0,3842.0,3882.0,6740.0
2020-02-11,3850.0,3888.0,3830.0,3878.0,3100.0
2020-02-12,3860.0,3900.0,3850.0,3888.0,4840.0
2020-02-13,3886.0,3916.0,3884.0,3896.0,5160.0
2020-02-14,3920.0,3970.0,3882.0,3962.0,9810.0
2020-02-17,3980.0,4020.0,3922.0,3926.0,7020.0
2020-02-18,3920.0,3964.0,3892.0,3956.0,5530.0
2020-02-19,3950.0,3950.0,3906.0,3922.0,3390.0
2020-02-20,3916.0,3932.0,3894.0,3902.0,3630.0
2020-02-24,3902.0,3902.0,3766.0,3788.0,4680.0
2020-02-25,3806.0,3826.0,3780.0,3816.0,3000.0
2020-02-26,3800.0,3816.0,3702.0,3736.0,6010.0
2020-02-27,3726.0,3774.0,3712.0,3764.0,3560.0
2020-02-28,3746.0,3778.0,3696.0,3770.0,6020.0
2020-03-02,3790.0,3808.0,3722.0,3730.0,4330.0
2020-03-03,3746.0,3780.0,3726.0,3766.0,3620.0
2020-03-04,3756.0,3816.0,3750.0,3798.0,7020.0
2020-03-05,3788.0,3854.0,3780.0,3842.0,8530.0
2020-03-06,3830.0,3896.0,3814.0,3882.0,6890.0
2020-03-09,3824.0,3858.0,3766.0,3782.0,9760.0
2020-03-11,3800.0,3852.0,3782.0,3832.0,8760.0
2020-03-12,3800.0,3850.0,3756.0,3770.0,7550.0
2020-03-13,3730.0,3790.0,3714.0,3782.0,5030.0
2020-03-16,3770.0,3770.0,3670.0,3680.0,6530.0
2020-03-17,3690.0,3740.0,3632.0,3644.0,5880.0
2020-03-18,3670.0,3736.0,3654.0,3722.0,6500.0
2020-03-19,3702.0,3736.0,3660.0,3726.0,3110.0
2020-03-20,3700.0,3788.0,3700.0,3754.0,2830.0
2020-03-23,3658.0,3824.0,3658.0,3804.0,2330.0
2020-03-24,3802.0,3860.0,3800.0,3848.0,1610.0
2020-03-25,3926.0,4000.0,3900.0,4000.0,1930.0
2020-03-26,4080.0,4120.0,3908.0,4014.0,4760.0
2020-03-27,4002.0,4070.0,4000.0,4060.0,1580.0
2020-03-30,4000.0,4076.0,4000.0,4042.0,2150.0
2020-03-31,4024.0,4024.0,3978.0,4000.0,1340.0
2020-04-01,3980.0,4000.0,3942.0,3952.0,1680.0
2020-04-03,3972.0,3988.0,3926.0,3940.0,2390.0
2020-04-07,3940.0,3940.0,3884.0,3934.0,2370.0
2020-04-08,3956.0,3978.0,3926.0,3964.0,1900.0
2020-04-09,3976.0,4002.0,3930.0,3992.0,3030.0
2020-04-13,3980.0,4022.0,3980.0,4012.0,4490.0
2020-04-15,4028.0,4090.0,4016.0,4072.0,2000.0
2020-04-16,4130.0,4200.0,4102.0,4190.0,4860.0
2020-04-17,4180.0,4198.0,4024.0,4024.0,6190.0
2020-04-20,3988.0,3988.0,3864.0,3864.0,5790.0
2020-04-21,3750.0,3800.0,3710.0,3734.0,6800.0
2020-04-22,3758.0,3808.0,3734.0,3800.0,3980.0
2020-04-23,3820.0,3868.0,3790.0,3830.0,4030.0000000000005
2020-04-24,3824.0,3830.0,3750.0,3768.0,5590.0
2020-04-27,3780.0,3800.0,3752.0,3796.0,2009.9999999999998
2020-04-28,3800.0,3816.0,3776.0,3800.0,1930.0
2020-04-29,3800.0,3826.0,3774.0,3780.0,2360.0
2020-04-30,3774.0,3774.0,3684.0,3730.0,4590.0
2020-05-04,3650.0,3660.0,3608.0,3644.0,6590.0
2020-05-05,3642.0,3742.0,3642.0,3718.0,6700.0
2020-05-06,3734.0,3740.0,3652.0,3676.0,2410.0
2020-05-07,3660.0,3740.0,3660.0,3726.0,4120.0
2020-05-08,3720.0,3720.0,3660.0,3678.0,4310.0
2020-05-11,3676.0,3688.0,3630.0,3664.0,3960.0
2020-05-12,3660.0,3660.0,3610.0,3638.0,3210.0
2020-05-13,3642.0,3658.0,3628.0,3636.0,2790.0
2020-05-14,3644.0,3678.0,3644.0,3666.0,4810.0
2020-05-15,3660.0,3670.0,3592.0,3624.0,4900.0
2020-05-18,3630.0,3662.0,3610.0,3618.0,4190.0
2020-05-19,3610.0,3626.0,3592.0,3602.0,2690.0
2020-05-20,3590.0,3610.0,3558.0,3564.0,4260.0
2020-05-21,3592.0,3606.0,3540.0,3568.0,1540.0
2020-05-22,3538.0,3560.0,3530.0,3554.0,970.0
2020-05-26,3568.0,3612.0,3560.0,3584.0,1430.0
2020-05-27,3586.0,3598.0,3556.0,3584.0,1770.0
2020-05-28,3586.0,3628.0,3570.0,3618.0,1780.0
2020-05-29,3612.0,3626.0,3580.0,3596.0,1250.0
2020-06-01,3600.0,3626.0,3600.0,3610.0,1100.0
2020-06-02,3606.0,3628.0,3606.0,3616.0,1670.0
2020-06-03,3614.0,3724.0,3614.0,3706.0,8150.0
2020-06-04,3700.0,3734.0,3650.0,3680.0,5260.0
2020-06-05,3688.0,3726.0,3680.0,3708.0,4800.0
2020-06-08,3710.0,3818.0,3710.0,3764.0,7810.0
2020-06-09,3760.0,3778.0,3702.0,3744.0,4710.0
2020-06-10,3748.0,3782.0,3732.0,3766.0,5960.0
2020-06-11,3770.0,3844.0,3770.0,3834.0,8560.0
2020-06-12,3830.0,3830.0,3784.0,3808.0,6440.0
2020-06-15,3808.0,3840.0,3792.0,3802.0,5180.0
2020-06-16,3784.0,3794.0,3762.0,3772.0,4540.0
2020-06-17,3770.0,3798.0,3758.0,3796.0,3290.0
2020-06-18,3792.0,3860.0,3792.0,3852.0,5140.0
2020-06-19,3850.0,3890.0,3832.0,3866.0,5930.0
2020-06-22,3920.0,3930.0,3906.0,3914.0,850.0
2020-06-23,3918.0,3946.0,3906.0,3942.0,1810.0
2020-06-24,3938.0,3974.0,3920.0,3948.0,4750.0
2020-06-25,3886.0,3990.0,3878.0,3984.0,2180.0
2020-06-26,3996.0,4056.0,3962.0,3976.0,5590.0
2020-06-29,3912.0,3930.0,3858.0,3922.0,5640.0
2020-06-30,3952.0,3968.0,3886.0,3906.0,4520.0
2020-07-01,3904.0,3950.0,3898.0,3944.0,3880.0
2020-07-02,3950.0,3976.0,3940.0,3958.0,3620.0
2020-07-03,3972.0,4004.0,3930.0,3988.0,5270.0
2020-07-06,3998.0,4024.0,3980.0,4004.0,6410.0
2020-07-07,4016.0,4064.0,3986.0,4050.0,7260.0
2020-07-08,4036.0,4090.0,4012.0,4028.0,6480.0
2020-07-09,4034.0,4036.0,3976.0,4002.0,5140.0
2020-07-10,3998.0,4010.0,3964.0,3984.0,7420.0
2020-07-13,3972.0,4020.0,3972.0,3994.0,9010.0
2020-07-14,3984.0,4002.0,3960.0,3986.0,5080.0
2020-07-15,3992.0,4008.0,3980.0,3984.0,3420.0
2020-07-16,3984.0,4000.0,3972.0,3984.0,3520.0
2020-07-17,3990.0,4040.0,3990.0,4018.0,6750.0
2020-07-20,4058.0,4082.0,4038.0,4046.0,1260.0
2020-07-21,4034.0,4050.0,4020.0,4030.0,1210.0
2020-07-22,4028.0,4038.0,4014.0,4026.0,940.0
2020-07-23,4030.0,4052.0,4028.0,4038.0,470.0
2020-07-24,4056.0,4070.0,4032.0,4044.0,870.0
2020-07-27,4050.0,4050.0,4030.0,4036.0,1400.0
2020-07-28,4026.0,4028.0,3980.0,4012.0,2620.0
2020-07-29,4008.0,4010.0,3964.0,3982.0,1450.0
2020-07-30,3970.0,4032.0,3968.0,4024.0,4950.0
2020-07-31,4022.0,4042.0,4000.0,4010.0,2870.0
2020-08-03,4030.0,4038.0,4012.0,4026.0,1130.0
2020-08-04,4012.0,4030.0,3996.0,4004.0,3830.0
2020-08-05,3998.0,4008.0,3982.0,3988.0,2090.0
2020-08-06,3990.0,4028.0,3990.0,4016.0,3730.0
2020-08-07,4024.0,4034.0,4010.0,4018.0,3300.0
2020-08-10,4040.0,4048.0,3982.0,3988.0,6790.0
2020-08-11,3990.0,3998.0,3964.0,3970.0,5030.0
2020-08-12,3968.0,3990.0,3924.0,3976.0,5090.0
2020-08-13,3970.0,3980.0,3946.0,3954.0,4059.9999999999995
2020-08-14,3920.0,3970.0,3920.0,3960.0,4860.0
2020-08-17,3970.0,3992.0,3960.0,3984.0,1250.0
2020-08-18,3990.0,4020.0,3980.0,3996.0,2910.0
2020-08-19,3998.0,4000.0,3972.0,3980.0,1870.0
2020-08-20,3976.0,3986.0,3962.0,3976.0,1480.0
2020-08-21,4010.0,4024.0,4010.0,4016.0,120.0
2020-08-24,4024.0,4050.0,4024.0,4038.0,2230.0
2020-08-25,4050.0,4130.0,4046.0,4098.0,3540.0
2020-08-26,4108.0,4140.0,4088.0,4118.0,2870.0
2020-08-27,4106.0,4108.0,4000.0,4064.0,2070.0
2020-08-28,4072.0,4072.0,4044.0,4062.0,850.0
2020-08-31,4076.0,4112.0,4054.0,4096.0,5840.0
2020-09-01,4112.0,4118.0,4058.0,4074.0,6300.0
2020-09-02,4056.0,4094.0,4056.0,4076.0,3770.0
2020-09-03,4072.0,4092.0,4060.0,4070.0,2490.0
2020-09-04,4060.0,4068.0,4032.0,4040.0,3410.0
2020-09-07,4044.0,4044.0,4010.0,4030.0,4880.0
2020-09-08,4022.0,4040.0,4010.0,4018.0,1940.0
2020-09-09,4020.0,4054.0,4020.0,4036.0,5780.0
2020-09-10,4046.0,4068.0,4030.0,4060.0,5300.0
2020-09-11,4052.0,4096.0,4042.0,4084.0,6460.0
2020-09-14,4080.0,4120.0,4066.0,4076.0,8530.0
2020-09-15,4086.0,4092.0,4062.0,4080.0,1190.0
2020-09-16,4086.0,4190.0,4074.0,4122.0,4230.0
2020-09-17,4170.0,4180.0,4110.0,4128.0,13430.0
2020-09-18,4154.0,4220.0,4130.0,4194.0,7610.0
2020-09-21,4238.0,4282.0,4218.0,4232.0,1460.0
2020-09-22,4252.0,4252.0,4208.0,4212.0,1890.0
2020-09-23,4222.0,4240.0,4202.0,4218.0,880.0
2020-09-24,4202.0,4256.0,4202.0,4218.0,1470.0
2020-09-25,4240.0,4268.0,4240.0,4252.0,1230.0
2020-09-28,4270.0,4314.0,4252.0,4274.0,5510.0
2020-09-29,4278.0,4286.0,4250.0,4278.0,4390.0
2020-09-30,4260.0,4296.0,4260.0,4274.0,4180.0
2020-10-01,4280.0,4314.0,4274.0,4290.0,7830.0
2020-10-05,4286.0,4292.0,4262.0,4268.0,3270.0
2020-10-06,4258.0,4276.0,4156.0,4218.0,11870.0
2020-10-07,4238.0,4238.0,4110.0,4140.0,11510.0
2020-10-08,4142.0,4228.0,4142.0,4196.0,6720.0
2020-10-09,4206.0,4220.0,4184.0,4192.0,5810.0
2020-10-12,4210.0,4210.0,4160.0,4200.0,2310.0
2020-10-13,4168.0,4200.0,4166.0,4180.0,4530.0
2020-10-14,4174.0,4210.0,4162.0,4178.0,4270.0
2020-10-15,4220.0,4264.0,4186.0,4202.0,3200.0
2020-10-16,4194.0,4244.0,4194.0,4236.0,3600.0
2020-10-19,4232.0,4260.0,4202.0,4214.0,4280.0
2020-10-20,4192.0,4240.0,4176.0,4208.0,6850.0
2020-10-21,4284.0,4330.0,4284.0,4312.0,2029.9999999999998
2020-10-22,4310.0,4330.0,4300.0,4314.0,2180.0
2020-10-23,4314.0,4316.0,4296.0,4302.0,840.0
2020-10-26,4318.0,4460.0,4318.0,4422.0,4310.0
2020-10-27,4460.0,4490.0,4418.0,4472.0,3940.0
2020-10-28,4496.0,4498.0,4450.0,4452.0,2690.0
2020-10-29,4450.0,4550.0,4450.0,4506.0,3710.0
2020-10-30,4500.0,4592.0,4500.0,4576.0,5970.0
2020-11-02,4596.0,4618.0,4550.0,4594.0,4710.0
2020-11-03,4586.0,4708.0,4586.0,4698.0,9700.0
2020-11-04,4702.0,4826.0,4694.0,4810.0,12380.0
2020-11-05,4770.0,4900.0,4756.0,4776.0,7120.0
2020-11-06,4808.0,4808.0,4668.0,4696.0,8670.0
2020-11-09,4636.0,4728.0,4562.0,4702.0,11530.0
2020-11-10,4692.0,4760.0,4670.0,4706.0,5380.0
2020-11-11,4652.0,4750.0,4652.0,4714.0,7330.0
2020-11-12,4738.0,4760.0,4720.0,4742.0,5490.0
2020-11-13,4748.0,4766.0,4724.0,4754.0,4740.0
2020-11-14,4770.0,4770.0,4726.0,4736.0,3160.0
2020-11-17,4702.0,4758.0,4600.0,4644.0,3900.0
2020-11-18,4658.0,4692.0,4584.0,4668.0,4330.0
2020-11-19,4680.0,4732.0,4650.0,4726.0,4860.0
2020-11-20,4702.0,4760.0,4702.0,4750.0,6220.0
2020-11-23,4750.0,4772.0,4716.0,4732.0,1070.0
2020-11-24,4694.0,4696.0,4654.0,4668.0,680.0
2020-11-25,4698.0,4734.0,4694.0,4722.0,1260.0
2020-11-26,4710.0,4726.0,4648.0,4654.0,1240.0
2020-11-27,4628.0,4674.0,4520.0,4670.0,5770.0
2020-12-01,4648.0,4674.0,4570.0,4604.0,6140.0
2020-12-02,4600.0,4652.0,4522.0,4602.0,7200.0
2020-12-03,4646.0,4660.0,4600.0,4652.0,4070.0000000000005
2020-12-04,4632.0,4670.0,4630.0,4640.0,4220.0
2020-12-07,4606.0,4628.0,4560.0,4614.0,4640.0
2020-12-08,4610.0,4612.0,4572.0,4602.0,4480.0
2020-12-09,4628.0,4628.0,4542.0,4562.0,8320.0
2020-12-10,4544.0,4582.0,4544.0,4560.0,5690.0
2020-12-11,4568.0,4596.0,4480.0,4496.0,7290.0
2020-12-14,4480.0,4500.0,4456.0,4470.0,4550.0
2020-12-15,4462.0,4490.0,4416.0,4442.0,2850.0
2020-12-16,4454.0,4528.0,4440.0,4470.0,3150.0
2020-12-17,4484.0,4490.0,4428.0,4434.0,5550.0
2020-12-18,4446.0,4468.0,4324.0,4360.0,4790.0
2020-12-21,4404.0,4436.0,4354.0,4382.0,510.0
2020-12-22,4380.0,4426.0,4330.0,4392.0,2640.0
2020-12-23,4390.0,4424.0,4384.0,4416.0,1020.0
2020-12-24,4430.0,4480.0,4426.0,4464.0,1100.0
2020-12-28,4450.0,4466.0,4400.0,4414.0,2130.0
2020-12-29,4420.0,4444.0,4404.0,4420.0,2400.0
2020-12-30,4440.0,4478.0,4434.0,4466.0,1730.0
2020-12-31,4474.0,4516.0,4474.0,4486.0,4280.0
2021-01-01,4484.0,4496.0,4460.0,4478.0,1430.0
2021-01-04,4470.0,4480.0,4422.0,4432.0,4059.9999999999995
2021-01-05,4436.0,4454.0,4402.0,4450.0,3040.0
2021-01-06,4466.0,4518.0,4454.0,4482.0,4960.0
2021-01-07,4474.0,4528.0,4440.0,4464.0,4730.0
2021-01-08,4470.0,4500.0,4452.0,4476.0,5120.0
2021-01-11,4480.0,4510.0,4462.0,4468.0,5850.0
2021-01-12,4488.0,4490.0,4452.0,4466.0,4970.0
2021-01-13,4470.0,4492.0,4456.0,4480.0,4770.0
2021-01-14,4462.0,4494.0,4462.0,4484.0,2430.0
2021-01-15,4480.0,4484.0,4460.0,4470.0,1600.0
2021-01-18,4466.0,4468.0,4426.0,4440.0,3550.0
2021-01-19,4458.0,4458.0,4366.0,4390.0,4440.0
2021-01-20,4392.0,4402.0,4360.0,4388.0,3400.0
2021-01-21,4410.0,4450.0,4410.0,4448.0,860.0
2021-01-22,4464.0,4478.0,4444.0,4464.0,690.0
2021-01-25,4430.0,4436.0,4396.0,4402.0,1070.0
2021-01-27,4402.0,4404.0,4378.0,4400.0,1460.0
2021-01-28,4408.0,4454.0,4408.0,4452.0,2029.9999999999998
2021-01-29,4434.0,4440.0,4412.0,4424.0,660.0
2021-02-01,4436.0,4446.0,4404.0,4414.0,2040.0
2021-02-02,4408.0,4442.0,4398.0,4420.0,3010.0
2021-02-03,4420.0,4438.0,4420.0,4432.0,1560.0
2021-02-04,4440.0,4448.0,4412.0,4434.0,1580.0
2021-02-05,4416.0,4452.0,4410.0,4440.0,2980.0
2021-02-08,4450.0,4452.0,4394.0,4412.0,4320.0
2021-02-09,4416.0,4444.0,4404.0,4418.0,4590.0
2021-02-10,4420.0,4430.0,4404.0,4416.0,3020.0
2021-02-11,4410.0,4430.0,4406.0,4418.0,3470.0
2021-02-12,4422.0,4432.0,4412.0,4422.0,2940.0
2021-02-15,4422.0,4450.0,4418.0,4422.0,4950.0
2021-02-16,4430.0,4436.0,4412.0,4418.0,2410.0
2021-02-17,4424.0,4442.0,4418.0,4428.0,1690.0
2021-02-18,4420.0,4430.0,4370.0,4380.0,2310.0
2021-02-19,4384.0,4384.0,4340.0,4350.0,1240.0
2021-02-22,4292.0,4370.0,4292.0,4322.0,330.0
2021-02-23,4336.0,4410.0,4332.0,4398.0,850.0
2021-02-24,4400.0,4432.0,4386.0,4412.0,480.0
2021-02-25,4420.0,4460.0,4420.0,4442.0,960.0
2021-02-26,4430.0,4480.0,4426.0,4464.0,1970.0
2021-03-01,4490.0,4520.0,4480.0,4502.0,2450.0
2021-03-02,4498.0,4598.0,4494.0,4562.0,9060.0
2021-03-03,4540.0,4574.0,4530.0,4564.0,4390.0
2021-03-04,4558.0,4558.0,4430.0,4462.0,5340.0
2021-03-05,4460.0,4496.0,4442.0,4480.0,3260.0
2021-03-08,4550.0,4636.0,4512.0,4612.0,7890.0
2021-03-09,4634.0,4650.0,4578.0,4640.0,6160.0
2021-03-10,4656.0,4680.0,4626.0,4672.0,8510.0
2021-03-12,4698.0,4812.0,4698.0,4812.0,10490.0
2021-03-15,4784.0,4832.0,4722.0,4786.0,9990.0
2021-03-16,4800.0,4812.0,4750.0,4756.0,3920.0
2021-03-17,4786.0,4786.0,4686.0,4708.0,3520.0
2021-03-18,4714.0,4722.0,4670.0,4704.0,3490.0
2021-03-19,4700.0,4700.0,4650.0,4690.0,4090.0
2021-03-22,4748.0,4828.0,4744.0,4806.0,770.0
2021-03-23,4878.0,4982.0,4824.0,4888.0,3980.0
2021-03-24,4894.0,4930.0,4848.0,4874.0,2660.0
2021-03-25,4872.0,4890.0,4772.0,4804.0,2370.0
2021-03-26,4754.0,4820.0,4740.0,4812.0,3000.0
2021-03-29,4812.0,4812.0,4812.0,4812.0,
2021-03-30,4806.0,4826.0,4770.0,4824.0,2380.0
2021-03-31,4794.0,4920.0,4788.0,4902.0,6590.0
2021-04-01,4950.0,4990.0,4904.0,4940.0,8210.0
2021-04-05,4918.0,5058.0,4902.0,5026.0,15960.0
2021-04-06,5040.0,5040.0,4880.0,4920.0,10750.0
2021-04-07,4922.0,4974.0,4876.0,4890.0,7790.0
2021-04-08,4878.0,4914.0,4860.0,4888.0,6410.0
2021-04-09,4902.0,4938.0,4846.0,4860.0,9780.0
2021-04-12,4870.0,4880.0,4802.0,4848.0,12140.0
2021-04-13,4878.0,4936.0,4860.0,4922.0,10700.0
2021-04-14,4922.0,4922.0,4922.0,4922.0,
2021-04-15,4980.0,5190.0,4980.0,5178.0,17310.0
2021-04-16,5218.0,5320.0,5102.0,5142.0,20360.0
2021-04-19,5106.0,5286.0,5086.0,5256.0,17520.0
2021-04-20,5272.0,5280.0,5192.0,5218.0,7300.0
2021-04-21,5288.0,5288.0,5288.0,5288.0,
2021-04-22,5334.0,5498.0,5332.0,5436.0,4410.0
2021-04-23,5444.0,5496.0,5290.0,5364.0,4550.0
2021-04-26,5300.0,5322.0,5150.0,5176.0,8830.0
2021-04-27,5170.0,5322.0,5170.0,5318.0,7200.0
2021-04-28,5268.0,5420.0,5240.0,5338.0,9680.0
2021-04-29,5380.0,5400.0,5302.0,5342.0,7550.0
2021-04-30,5332.0,5332.0,5258.0,5276.0,7130.0
2021-05-03,5280.0,5306.0,5164.0,5200.0,7020.0
2021-05-04,5216.0,5290.0,5200.0,5284.0,7190.0
2021-05-05,5308.0,5322.0,5262.0,5304.0,7370.0
2021-05-06,5308.0,5322.0,5274.0,5284.0,8700.0
2021-05-07,5296.0,5308.0,5230.0,5258.0,10330.0
2021-05-10,5270.0,5280.0,5204.0,5218.0,12800.0
2021-05-11,5202.0,5244.0,5190.0,5236.0,11480.0
2021-05-12,5248.0,5300.0,5230.0,5246.0,9400.0
2021-05-13,5246.0,5246.0,5246.0,5246.0,
2021-05-14,5238.0,5248.0,5202.0,5218.0,9420.0
2021-05-17,5204.0,5290.0,5204.0,5242.0,5820.0
2021-05-18,5260.0,5260.0,5038.0,5198.0,8720.0
2021-05-19,5188.0,5190.0,5150.0,5176.0,2890.0
2021-05-20,5190.0,5198.0,5080.0,5108.0,5370.0
2021-05-21,5200.0,5200.0,5124.0,5136.0,1100.0
2021-05-24,5080.0,5140.0,4952.0,5104.0,4030.0000000000005
2021-05-25,5150.0,5170.0,5126.0,5162.0,3610.0
2021-05-26,5164.0,5188.0,5110.0,5134.0,2870.0
2021-05-27,5120.0,5150.0,5108.0,5136.0,1580.0
2021-05-28,5156.0,5166.0,5048.0,5126.0,2870.0
2021-05-31,5100.0,5118.0,5060.0,5086.0,5940.0
2021-06-01,5096.0,5100.0,5054.0,5066.0,4460.0
2021-06-02,5080.0,5090.0,5030.0,5084.0,4030.0000000000005
2021-06-03,5080.0,5144.0,5080.0,5092.0,7240.0
2021-06-04,5084.0,5134.0,5076.0,5088.0,7180.0
2021-06-07,5126.0,5196.0,5126.0,5162.0,12740.0
2021-06-08,5170.0,5170.0,5112.0,5122.0,6060.0
2021-06-09,5126.0,5148.0,5074.0,5108.0,6960.0
2021-06-10,5120.0,5120.0,5074.0,5084.0,5950.0
2021-06-11,5074.0,5092.0,5012.0,5044.0,8189.999999999999
2021-06-14,5020.0,5048.0,4990.0,5030.0,13670.0
2021-06-15,5050.0,5106.0,5046.0,5076.0,4520.0
2021-06-16,5084.0,5094.0,5048.0,5052.0,2830.0
2021-06-17,5040.0,5080.0,5030.0,5070.0,3160.0
2021-06-18,5070.0,5136.0,5070.0,5108.0,6410.0
2021-06-21,5174.0,5222.0,5164.0,5176.0,1900.0
2021-06-22,5200.0,5214.0,5168.0,5182.0,1250.0
2021-06-23,5176.0,5196.0,5150.0,5168.0,3290.0
2021-06-24,5150.0,5164.0,5126.0,5140.0,3380.0
2021-06-25,5158.0,5170.0,5134.0,5138.0,2570.0
2021-06-28,5146.0,5174.0,5112.0,5124.0,2090.0
2021-06-29,5122.0,5160.0,5122.0,5158.0,1670.0
2021-06-30,5160.0,5188.0,5146.0,5154.0,4300.0
2021-07-01,5158.0,5190.0,5150.0,5188.0,3640.0
2021-07-02,5190.0,5288.0,5190.0,5262.0,9100.0
2021-07-05,5270.0,5286.0,5222.0,5228.0,4940.0
2021-07-06,5218.0,5240.0,5212.0,5230.0,4460.0
2021-07-07,5236.0,5248.0,5222.0,5238.0,3520.0
2021-07-08,5240.0,5268.0,5238.0,5250.0,6540.0
2021-07-09,5264.0,5320.0,5264.0,5308.0,10950.0
2021-07-12,5310.0,5360.0,5308.0,5354.0,11920.0
2021-07-13,5368.0,5398.0,5360.0,5376.0,10190.0
2021-07-14,5362.0,5388.0,5354.0,5362.0,8220.0
2021-07-15,5360.0,5364.0,5338.0,5352.0,3810.0
2021-07-16,5350.0,5460.0,5350.0,5424.0,7890.0
2021-07-19,5470.0,5508.0,5440.0,5464.0,8140.000000000001
2021-07-20,5454.0,5482.0,5430.0,5460.0,7910.0
2021-07-21,5518.0,5518.0,5518.0,5518.0,
2021-07-22,5520.0,5738.0,5520.0,5718.0,4510.0
2021-07-23,5740.0,5742.0,5652.0,5658.0,4570.0
2021-07-26,5630.0,5714.0,5620.0,5676.0,2470.0
2021-07-27,5690.0,5720.0,5642.0,5648.0,4300.0
2021-07-28,5630.0,5630.0,5560.0,5600.0,4970.0
2021-07-29,5610.0,5808.0,5610.0,5656.0,6990.0
2021-07-30,5676.0,5714.0,5660.0,5672.0,5470.0
2021-08-02,5692.0,5732.0,5660.0,5682.0,8930.0
2021-08-03,5672.0,5696.0,5642.0,5670.0,6930.0
2021-08-04,5686.0,5718.0,5444.0,5684.0,7760.0
2021-08-05,5750.0,5750.0,5672.0,5698.0,8930.0
2021-08-06,5698.0,5712.0,5608.0,5626.0,7180.0
2021-08-09,5638.0,5660.0,5580.0,5646.0,12480.0
2021-08-10,5630.0,5722.0,5560.0,5702.0,17940.0
2021-08-11,5712.0,5728.0,5678.0,5688.0,7200.0
2021-08-12,5690.0,5734.0,5674.0,5714.0,13740.0
2021-08-13,5700.0,5840.0,5690.0,5786.0,19430.0
2021-08-16,5828.0,5970.0,5810.0,5860.0,19000.0
2021-08-17,5852.0,5880.0,5796.0,5838.0,8680.0
2021-08-18,5860.0,5990.0,5848.0,5934.0,20380.0
2021-08-19,5934.0,5934.0,5934.0,5934.0,
2021-08-20,5922.0,5966.0,5852.0,5914.0,20590.0
2021-08-23,6008.0,6132.0,5966.0,6116.0,10940.0
2021-08-24,6164.0,6482.0,6156.0,6482.0,8200.0
2021-08-25,6686.0,6870.0,6400.0,6490.0,15490.0
2021-08-26,6450.0,6494.0,6210.0,6224.0,21500.0
2021-08-27,6242.0,6332.0,6038.0,6094.0,15750.0
2021-08-30,6112.0,6250.0,5852.0,6048.0,20740.0
2021-08-31,5992.0,6140.0,5950.0,5984.0,12140.0
2021-09-01,5910.0,6064.0,5886.0,5986.0,19520.0
2021-09-02,6000.0,6136.0,5952.0,6120.0,15000.0
2021-09-03,6154.0,6216.0,6112.0,6160.0,13670.0
2021-09-06,6188.0,6220.0,6120.0,6134.0,12920.0
2021-09-07,6120.0,6260.0,6118.0,6222.0,19070.0
2021-09-08,6230.0,6440.0,6224.0,6392.0,30350.0
2021-09-09,6430.0,6460.0,6308.0,6358.0,32380.000000000004
2021-09-10,6358.0,6358.0,6358.0,6358.0,
2021-09-13,6320.0,6356.0,6240.0,6298.0,22930.0
2021-09-14,6306.0,6348.0,6220.0,6230.0,16440.0
2021-09-15,6250.0,6310.0,6180.0,6264.0,14080.0
2021-09-16,6300.0,6330.0,6262.0,6296.0,11360.0
2021-09-17,6300.0,6318.0,6260.0,6292.0,11520.0
2021-09-20,6326.0,6326.0,6010.0,6278.0,3060.0
2021-09-21,6272.0,6328.0,6102.0,6170.0,2750.0
2021-09-22,6148.0,6190.0,6050.0,6134.0,2700.0
2021-09-23,6150.0,6248.0,6112.0,6240.0,3910.0
2021-09-24,6280.0,6320.0,6240.0,6278.0,4070.0000000000005
2021-09-27,6306.0,6306.0,6200.0,6210.0,4370.0
2021-09-28,6188.0,6274.0,6170.0,6208.0,5260.0
2021-09-29,6222.0,6296.0,6220.0,6278.0,6400.0
2021-09-30,6286.0,6300.0,6180.0,6198.0,5940.0
2021-10-01,6170.0,6230.0,6152.0,6208.0,4500.0
2021-10-04,6206.0,6206.0,6042.0,6120.0,7600.0
2021-10-05,6090.0,6156.0,6080.0,6112.0,8170.0
2021-10-06,6128.0,6184.0,6120.0,6140.0,13320.0
2021-10-07,6140.0,6168.0,6100.0,6156.0,10450.0
2021-10-08,6160.0,6284.0,6154.0,6210.0,21320.0
2021-10-11,6208.0,6270.0,6148.0,6166.0,26900.0
2021-10-12,6180.0,6220.0,6160.0,6172.0,6360.0
2021-10-13,6164.0,6196.0,6118.0,6154.0,6450.0
2021-10-14,6152.0,6236.0,6142.0,6200.0,8140.000000000001
2021-10-15,6200.0,6200.0,6200.0,6200.0,
2021-10-18,6224.0,6400.0,6224.0,6360.0,17300.0
2021-10-19,6400.0,6492.0,6378.0,6430.0,1450.0
2021-10-20,6420.0,6468.0,6416.0,6456.0,1180.0
2021-10-21,6522.0,6640.0,6498.0,6542.0,2520.0
2021-10-22,6494.0,6568.0,6462.0,6506.0,2550.0
2021-10-25,6548.0,6584.0,6386.0,6482.0,3180.0
2021-10-26,6448.0,6666.0,6448.0,6624.0,7000.0
2021-10-27,6650.0,6750.0,6644.0,6716.0,7230.0
2021-10-28,6700.0,6774.0,6640.0,6682.0,8990.0
2021-10-29,6680.0,6738.0,6612.0,6666.0,9550.0
2021-11-01,6708.0,6708.0,6552.0,6616.0,3850.0
2021-11-02,6600.0,6644.0,6580.0,6596.0,7820.0
2021-11-03,6600.0,6618.0,6512.0,6546.0,4640.0
2021-11-04,6530.0,6596.0,6522.0,6572.0,2570.0
2021-11-05,6572.0,6572.0,6572.0,6572.0,
2021-11-08,6570.0,6670.0,6566.0,6650.0,15810.0
2021-11-09,6690.0,6710.0,6560.0,6586.0,13340.0
2021-11-10,6578.0,6598.0,6500.0,6520.0,18810.0
2021-11-11,6526.0,6568.0,6482.0,6500.0,14260.0
2021-11-12,6474.0,6538.0,6464.0,6512.0,4170.0
2021-11-15,6530.0,6634.0,6428.0,6460.0,7240.0
2021-11-16,6432.0,6458.0,6252.0,6302.0,16740.0
2021-11-17,6338.0,6388.0,6304.0,6376.0,4390.0
2021-11-18,6410.0,6472.0,6398.0,6418.0,640.0
2021-11-19,6418.0,6418.0,6418.0,6418.0,
2021-11-22,6426.0,6614.0,6426.0,6600.0,1720.0
2021-11-23,6614.0,6614.0,6540.0,6560.0,450.0
2021-11-24,6520.0,6540.0,6482.0,6512.0,1410.0
2021-11-25,6504.0,6542.0,6504.0,6538.0,1790.0
2021-11-26,6506.0,6592.0,6502.0,6582.0,1890.0
2021-11-29,6544.0,6554.0,6382.0,6486.0,5650.0
2021-11-30,6488.0,6520.0,6452.0,6518.0,3120.0
2021-12-01,6514.0,6558.0,6514.0,6550.0,1450.0
2021-12-02,6536.0,6564.0,6458.0,6474.0,3790.0
2021-12-03,6462.0,6520.0,6456.0,6514.0,3420.0
2021-12-06,6552.0,6566.0,6440.0,6458.0,3950.0
2021-12-07,6466.0,6488.0,6414.0,6468.0,5400.0
2021-12-08,6468.0,6504.0,6432.0,6442.0,5030.0
2021-12-09,6424.0,6470.0,6300.0,6324.0,11320.0
2021-12-10,6310.0,6378.0,6260.0,6362.0,10890.0
2021-12-13,6350.0,6396.0,6038.0,6114.0,10920.0
2021-12-14,6122.0,6248.0,6106.0,6228.0,12200.0
2021-12-15,6238.0,6270.0,6182.0,6208.0,6650.0
2021-12-16,6210.0,6236.0,6186.0,6218.0,3900.0
2021-12-17,6228.0,6236.0,6114.0,6138.0,5680.0
2021-12-20,6090.0,6112.0,5806.0,5966.0,10740.0
2021-12-21,5960.0,5984.0,5820.0,5850.0,1570.0
2021-12-22,5834.0,5986.0,5800.0,5902.0,2690.0
2021-12-23,5928.0,5986.0,5902.0,5968.0,860.0
2021-12-24,5966.0,5982.0,5932.0,5962.0,1120.0
2021-12-27,5950.0,5956.0,5822.0,5844.0,1880.0
2021-12-28,5860.0,5880.0,5774.0,5812.0,2540.0
2021-12-29,5818.0,5876.0,5764.0,5812.0,2510.0
2021-12-30,5810.0,5854.0,5794.0,5850.0,2150.0
2021-12-31,5840.0,5940.0,5830.0,5902.0,3850.0
2022-01-03,5930.0,6040.0,5924.0,5978.0,5130.0
2022-01-04,5998.0,6048.0,5934.0,6036.0,7460.0
2022-01-05,6044.0,6066.0,6002.0,6016.0,3530.0
2022-01-06,6000.0,6000.0,5866.0,5982.0,4790.0
2022-01-07,5954.0,6018.0,5902.0,5916.0,6570.0
2022-01-10,5900.0,5990.0,5900.0,5942.0,9280.0
2022-01-11,5950.0,6046.0,5940.0,6036.0,7350.0
2022-01-12,6076.0,6160.0,6062.0,6146.0,10110.0
2022-01-13,6150.0,6288.0,6134.0,6254.0,14310.0
2022-01-14,6234.0,6310.0,6232.0,6254.0,8210.0
2022-01-17,6262.0,6294.0,6232.0,6264.0,4160.0
2022-01-18,6262.0,6440.0,6262.0,6344.0,11340.0
2022-01-19,6376.0,6388.0,6240.0,6254.0,8050.000000000001
2022-01-20,6222.0,6270.0,6180.0,6214.0,5580.0
2022-01-21,6202.0,6280.0,6174.0,6250.0,1050.0
2022-01-24,6290.0,6308.0,6226.0,6254.0,830.0
2022-01-25,6272.0,6382.0,6266.0,6370.0,2480.0
2022-01-27,6400.0,6450.0,6346.0,6408.0,4040.0
2022-01-28,6408.0,6412.0,6300.0,6344.0,2940.0
2022-01-31,6368.0,6438.0,6348.0,6396.0,2940.0
2022-02-01,6414.0,6440.0,6368.0,6378.0,2000.0
2022-02-02,6392.0,6402.0,6360.0,6390.0,2340.0
2022-02-03,6402.0,6412.0,6366.0,6404.0,3300.0
2022-02-04,6406.0,6528.0,6400.0,6478.0,9090.0
2022-02-07,6500.0,6574.0,6490.0,6534.0,7480.0
2022-02-08,6530.0,6558.0,6484.0,6548.0,4970.0
2022-02-09,6538.0,6654.0,6538.0,6592.0,11860.0
2022-02-10,6620.0,6718.0,6600.0,6706.0,11630.0
2022-02-11,6714.0,6814.0,6686.0,6798.0,13560.0
2022-02-14,6842.0,6986.0,6772.0,6804.0,20280.0
2022-02-15,6812.0,6860.0,6710.0,6816.0,10130.0
2022-02-16,6820.0,6940.0,6802.0,6884.0,10290.0
2022-02-17,6882.0,7112.0,6882.0,7070.0,13600.0
2022-02-18,7124.0,7248.0,7028.0,7114.0,15680.0
2022-02-21,7120.0,7132.0,6942.0,6972.0,1680.0
2022-02-22,6968.0,6988.0,6806.0,6850.0,1730.0
2022-02-23,6868.0,6900.0,6670.0,6732.0,3410.0
2022-02-24,6686.0,6898.0,6616.0,6862.0,6690.0
2022-02-25,6910.0,6972.0,6852.0,6916.0,2540.0
2022-02-28,6916.0,7074.0,6856.0,7060.0,4210.0
2022-03-01,7060.0,7060.0,7060.0,7060.0,
2022-03-02,7110.0,7460.0,7102.0,7344.0,9490.0
2022-03-03,7330.0,7432.0,7150.0,7228.0,9030.0
2022-03-04,7220.0,7318.0,7192.0,7296.0,7800.0
2022-03-07,7274.0,7416.0,7192.0,7308.0,10480.0
2022-03-08,7306.0,7348.0,7210.0,7308.0,9840.0
2022-03-09,7320.0,7434.0,7308.0,7384.0,9620.0
2022-03-10,7380.0,7400.0,7282.0,7298.0,7750.0
2022-03-11,7310.0,7376.0,7288.0,7340.0,3420.0
2022-03-14,7330.0,7420.0,7312.0,7342.0,4600.0
2022-03-15,7366.0,7376.0,7192.0,7206.0,5720.0
2022-03-16,7214.0,7286.0,7152.0,7266.0,7340.0
2022-03-17,7346.0,7418.0,7346.0,7392.0,1180.0
2022-03-18,7392.0,7392.0,7392.0,7392.0,
2022-03-21,7404.0,7404.0,7300.0,7316.0,1090.0
2022-03-22,7354.0,7388.0,7320.0,7364.0,760.0
2022-03-23,7408.0,7428.0,7368.0,7392.0,1070.0
2022-03-24,7362.0,7408.0,7350.0,7396.0,970.0
2022-03-25,7344.0,7386.0,7332.0,7346.0,1090.0
2022-03-28,7360.0,7360.0,7240.0,7282.0,1590.0
2022-03-29,7270.0,7306.0,7250.0,7294.0,820.0
2022-03-30,7268.0,7354.0,7260.0,7322.0,2320.0
2022-03-31,7338.0,7374.0,7300.0,7362.0,2020.0
2022-04-01,7380.0,7642.0,7330.0,7510.0,8270.0
2022-04-04,7500.0,7544.0,7332.0,7394.0,6530.0
2022-04-05,7398.0,7426.0,7292.0,7314.0,7030.0
2022-04-06,7270.0,7324.0,7200.0,7212.0,9480.0
2022-04-07,7196.0,7230.0,7102.0,7136.0,8270.0
2022-04-08,7122.0,7248.0,7050.0,7112.0,11840.0
2022-04-11,7100.0,7164.0,7054.0,7102.0,7780.0
2022-04-12,7100.0,7192.0,7100.0,7136.0,7190.0
2022-04-13,7150.0,7196.0,7130.0,7156.0,6720.0
2022-04-14,7156.0,7156.0,7156.0,7156.0,
2022-04-18,7186.0,7310.0,7186.0,7258.0,10920.0
2022-04-19,7240.0,7276.0,7144.0,7162.0,10490.0
2022-04-20,7142.0,7170.0,7090.0,7150.0,7660.0
2022-04-21,7250.0,7330.0,7250.0,7328.0,4210.0
2022-04-22,7322.0,7330.0,7252.0,7268.0,1930.0
2022-04-25,7258.0,7304.0,7242.0,7262.0,3110.0
2022-04-26,7230.0,7264.0,7182.0,7248.0,3170.0
2022-04-27,7248.0,7450.0,7210.0,7268.0,4100.0
2022-04-28,7270.0,7348.0,7254.0,7338.0,6300.0
2022-04-29,7380.0,7600.0,7350.0,7428.0,17390.0
2022-05-02,7396.0,7408.0,7352.0,7370.0,9120.0
2022-05-03,7370.0,7370.0,7370.0,7370.0,
2022-05-04,7396.0,7410.0,7330.0,7370.0,7770.0
2022-05-05,7384.0,7416.0,7214.0,7298.0,14470.0
2022-05-06,7290.0,7320.0,7150.0,7304.0,12060.0
2022-05-09,7320.0,7356.0,7312.0,7318.0,9030.0
2022-05-10,7316.0,7340.0,7288.0,7308.0,9540.0
2022-05-11,7310.0,7390.0,7310.0,7358.0,11850.0
2022-05-12,7366.0,7428.0,7352.0,7378.0,13350.0
2022-05-13,7410.0,7470.0,7380.0,7412.0,11050.0
2022-05-16,7450.0,7586.0,7450.0,7530.0,12490.0
2022-05-17,7536.0,7548.0,7484.0,7520.0,6310.0
2022-05-18,7516.0,7528.0,7422.0,7464.0,9730.0
2022-05-19,7456.0,7556.0,7440.0,7544.0,12470.0
2022-05-20,7570.0,7708.0,7550.0,7680.0,18080.0
2022-05-23,7780.0,7798.0,7654.0,7702.0,7830.0
2022-05-24,7718.0,7752.0,7660.0,7680.0,2450.0
2022-05-25,7662.0,7662.0,7570.0,7576.0,5910.0
2022-05-26,7610.0,7720.0,7590.0,7710.0,5200.0
2022-05-27,7736.0,7736.0,7628.0,7664.0,2470.0
2022-05-30,7630.0,7652.0,7360.0,7448.0,11410.0
2022-05-31,7444.0,7508.0,7342.0,7476.0,7230.0
2022-06-01,7476.0,7530.0,7420.0,7492.0,6190.0
2022-06-02,7466.0,7540.0,7460.0,7528.0,7460.0
2022-06-03,7536.0,7588.0,7528.0,7572.0,6340.0
2022-06-06,7552.0,7608.0,7544.0,7552.0,4810.0
2022-06-07,7542.0,7600.0,7500.0,7518.0,9890.0
2022-06-08,7520.0,7568.0,7506.0,7544.0,8990.0
2022-06-09,7540.0,7564.0,7524.0,7534.0,4980.0
2022-06-10,7588.0,7588.0,7492.0,7532.0,6750.0
2022-06-13,7520.0,7520.0,7412.0,7438.0,9680.0
2022-06-14,7422.0,7482.0,7412.0,7476.0,5720.0
2022-06-15,7490.0,7520.0,7452.0,7502.0,3630.0
2022-06-16,7492.0,7510.0,7250.0,7430.0,12280.0
2022-06-17,7428.0,7428.0,7380.0,7414.0,3980.0
2022-06-20,7350.0,7350.0,7040.0,7224.0,18300.0
2022-06-21,7322.0,7350.0,7254.0,7306.0,1950.0
2022-06-22,7298.0,7310.0,7236.0,7252.0,5970.0
2022-06-23,7250.0,7356.0,7204.0,7332.0,6050.0
2022-06-24,7314.0,7350.0,7234.0,7270.0,6040.0
2022-06-27,7294.0,7326.0,7232.0,7296.0,5020.0
2022-06-28,7294.0,7406.0,7294.0,7402.0,4870.0
2022-06-29,7400.0,7490.0,7380.0,7470.0,4390.0
2022-06-30,7492.0,7592.0,7462.0,7538.0,8700.0
2022-07-01,7460.0,7578.0,7422.0,7570.0,4940.0
2022-07-04,7530.0,7558.0,7452.0,7486.0,7340.0
2022-07-05,7480.0,7504.0,7410.0,7442.0,7830.0
2022-07-06,7352.0,7454.0,7286.0,7428.0,10050.0
2022-07-07,7440.0,7462.0,7378.0,7408.0,6890.0
2022-07-08,7370.0,7526.0,7370.0,7468.0,8890.0
2022-07-11,7478.0,7518.0,7406.0,7418.0,7480.0
2022-07-12,7404.0,7442.0,7310.0,7372.0,11840.0
2022-07-13,7352.0,7368.0,7300.0,7328.0,7480.0
2022-07-14,7328.0,7328.0,7206.0,7270.0,13540.0
2022-07-15,7290.0,7318.0,7236.0,7248.0,9660.0
2022-07-18,7250.0,7318.0,7148.0,7292.0,11280.0
2022-07-19,7280.0,7372.0,7232.0,7358.0,7300.0
2022-07-20,7324.0,7418.0,7324.0,7410.0,7950.0
2022-07-21,7452.0,7478.0,7400.0,7412.0,1870.0
2022-07-22,7390.0,7406.0,7314.0,7348.0,2910.0
2022-07-25,7318.0,7318.0,7228.0,7272.0,3670.0
2022-07-26,7232.0,7350.0,7232.0,7340.0,7010.0
2022-07-27,7340.0,7386.0,7298.0,7326.0,1830.0
2022-07-28,7330.0,7406.0,7320.0,7356.0,6420.0
2022-07-29,7354.0,7392.0,7322.0,7334.0,4160.0
2022-08-01,7334.0,7364.0,7272.0,7286.0,1640.0
2022-08-02,7270.0,7278.0,7182.0,7210.0,3740.0
2022-08-03,7186.0,7226.0,7094.0,7214.0,6300.0
2022-08-04,7218.0,7274.0,7182.0,7256.0,5940.0
2022-08-05,7238.0,7258.0,7204.0,7250.0,8390.0
2022-08-08,7258.0,7300.0,7220.0,7282.0,11490.0
2022-08-10,7300.0,7422.0,7300.0,7326.0,11330.0
2022-08-11,7300.0,7390.0,7236.0,7368.0,4500.0
2022-08-12,7354.0,7450.0,7354.0,7406.0,6100.0
2022-08-16,7400.0,7608.0,7400.0,7596.0,11990.0
2022-08-17,7616.0,7688.0,7552.0,7600.0,8300.0
2022-08-18,7674.0,7674.0,7570.0,7590.0,3880.0
2022-08-19,7632.0,7674.0,7552.0,7578.0,2150.0
2022-08-22,7616.0,7644.0,7540.0,7552.0,2830.0
2022-08-23,7574.0,7600.0,7570.0,7594.0,4050.0
2022-08-24,7624.0,7634.0,7570.0,7600.0,3140.0
2022-08-25,7618.0,7618.0,7434.0,7462.0,5910.0
2022-08-26,7460.0,7516.0,7440.0,7498.0,5170.0
2022-08-29,7480.0,7506.0,7446.0,7452.0,3890.0
2022-08-30,7450.0,7470.0,7322.0,7354.0,4750.0
2022-09-01,7330.0,7392.0,7240.0,7380.0,6590.0
2022-09-02,7360.0,7412.0,7330.0,7394.0,3570.0
2022-09-05,7386.0,7448.0,7366.0,7444.0,3410.0
2022-09-06,7436.0,7460.0,7406.0,7432.0,3260.0
2022-09-07,7432.0,7452.0,7382.0,7420.0,6080.0
2022-09-08,7426.0,7448.0,7384.0,7402.0,4640.0
2022-09-09,7368.0,7548.0,7360.0,7514.0,8890.0
2022-09-12,7520.0,7528.0,7436.0,7490.0,6100.0
2022-09-13,7500.0,7522.0,7466.0,7474.0,5590.0
2022-09-14,7460.0,7474.0,7412.0,7454.0,4820.0
2022-09-15,7458.0,7458.0,7398.0,7406.0,1770.0
2022-09-16,7400.0,7450.0,7386.0,7414.0,2440.0
2022-09-19,7414.0,7430.0,7312.0,7358.0,4100.0
2022-09-20,7340.0,7388.0,7306.0,7376.0,5110.0
2022-09-21,7378.0,7440.0,7378.0,7400.0,1090.0
2022-09-22,7412.0,7412.0,7368.0,7386.0,230.0
2022-09-23,7414.0,7490.0,7402.0,7476.0,750.0
2022-09-26,7452.0,7454.0,7404.0,7422.0,640.0
2022-09-27,7408.0,7466.0,7380.0,7430.0,850.0
2022-09-28,7406.0,7430.0,7300.0,7396.0,1430.0
2022-09-29,7400.0,7418.0,7386.0,7408.0,3860.0
2022-09-30,7410.0,7420.0,7364.0,7382.0,1430.0
2022-10-03,7360.0,7360.0,7200.0,7290.0,3780.0
2022-10-04,7264.0,7300.0,7212.0,7266.0,2390.0
2022-10-06,7270.0,7290.0,7234.0,7266.0,2470.0
2022-10-07,7300.0,7314.0,7244.0,7268.0,2910.0
2022-10-10,7224.0,7228.0,7106.0,7170.0,11960.0
2022-10-11,7250.0,7250.0,7062.0,7114.0,3780.0
2022-10-12,7140.0,7326.0,7080.0,7110.0,14630.0
2022-10-13,7062.0,7184.0,7062.0,7140.0,8039.999999999999
2022-10-14,7148.0,7198.0,7134.0,7162.0,7560.0
2022-10-17,7178.0,7198.0,7160.0,7190.0,2840.0
2022-10-18,7194.0,7220.0,7118.0,7150.0,3740.0
2022-10-19,7160.0,7180.0,7132.0,7166.0,2940.0
2022-10-20,7160.0,7190.0,7150.0,7166.0,4390.0
2022-10-21,7140.0,7174.0,7052.0,7122.0,450.0
2022-10-24,7110.0,7110.0,7074.0,7086.0,100.0
2022-10-25,7118.0,7118.0,7094.0,7108.0,20.0
2022-10-27,7100.0,7116.0,7056.0,7102.0,240.0
2022-10-28,7110.0,7128.0,7094.0,7114.0,370.0
2022-10-31,7100.0,7250.0,6954.0,7112.0,1760.0
2022-11-01,7120.0,7198.0,7114.0,7196.0,1110.0
2022-11-02,7180.0,7328.0,7180.0,7306.0,4620.0
2022-11-03,7282.0,7302.0,7100.0,7258.0,2950.0
2022-11-04,7254.0,7326.0,7240.0,7278.0,3790.0
2022-11-07,7280.0,7380.0,7276.0,7334.0,6680.0
2022-11-09,7334.0,7338.0,7280.0,7306.0,4040.0
2022-11-10,7300.0,7316.0,7262.0,7308.0,3860.0
2022-11-11,7300.0,7410.0,7288.0,7396.0,10310.0
2022-11-14,7400.0,7420.0,7354.0,7394.0,7280.0
2022-11-15,7394.0,7450.0,7380.0,7426.0,3120.0
2022-11-16,7436.0,7546.0,7408.0,7526.0,6150.0
2022-11-17,7508.0,7530.0,7462.0,7476.0,3680.0
2022-11-18,7494.0,7650.0,7402.0,7482.0,6660.0
2022-11-21,7374.0,7400.0,7330.0,7388.0,270.0
2022-11-22,7388.0,7402.0,7200.0,7344.0,440.0
2022-11-23,7320.0,7376.0,7304.0,7362.0,1320.0
2022-11-24,7376.0,7444.0,7370.0,7416.0,1470.0
2022-11-25,7438.0,7452.0,7334.0,7386.0,1670.0
2022-11-28,7360.0,7400.0,7300.0,7398.0,1190.0
2022-11-29,7410.0,7500.0,7390.0,7474.0,2590.0
2022-11-30,7452.0,7460.0,7422.0,7446.0,2140.0
2022-12-01,7450.0,7516.0,7430.0,7492.0,3090.0
2022-12-02,7498.0,7510.0,7432.0,7452.0,2100.0
2022-12-05,7430.0,7430.0,7368.0,7406.0,2880.0
2022-12-06,7414.0,7490.0,7402.0,7468.0,5570.0
2022-12-07,7470.0,7486.0,7454.0,7476.0,2480.0
2022-12-08,7482.0,7498.0,7474.0,7486.0,2760.0
2022-12-09,7482.0,7482.0,7424.0,7454.0,5970.0
2022-12-12,7480.0,7560.0,7354.0,7412.0,4670.0
2022-12-13,7408.0,7410.0,7370.0,7396.0,3480.0
2022-12-14,7398.0,7400.0,7318.0,7396.0,7020.0
2022-12-15,7380.0,7430.0,7356.0,7388.0,2240.0
2022-12-16,7396.0,7396.0,7260.0,7326.0,5240.0
2022-12-19,7248.0,7280.0,7180.0,7252.0,6110.0
2022-12-20,7250.0,7284.0,7200.0,7216.0,3430.0
2022-12-21,7166.0,7166.0,7060.0,7140.0,1460.0
2022-12-22,7150.0,7180.0,7130.0,7152.0,360.0
2022-12-23,7150.0,7174.0,7100.0,7116.0,740.0
2022-12-26,7050.0,7070.0,7000.0,7028.0,1250.0
2022-12-27,7030.0,7060.0,6990.0,7000.0,1160.0
2022-12-28,6990.0,7016.0,6874.0,7006.0,1610.0
2022-12-29,6992.0,7040.0,6974.0,7012.0,1190.0
2022-12-30,7000.0,7094.0,6984.0,7078.0,2130.0
2023-01-02,7070.0,7150.0,7070.0,7132.0,1890.0
2023-01-03,7132.0,7196.0,7132.0,7178.0,1820.0
2023-01-04,7190.0,7190.0,7088.0,7104.0,1660.0
2023-01-05,7090.0,7140.0,7048.0,7120.0,2470.0
2023-01-06,7130.0,7194.0,7112.0,7122.0,2110.0
2023-01-09,7160.0,7160.0,7070.0,7094.0,3740.0
2023-01-10,7090.0,7100.0,7020.0,7034.0,5210.0
2023-01-11,7014.0,7030.0,6964.0,6976.0,5310.0
2023-01-12,6990.0,7070.0,6960.0,7048.0,3930.0
2023-01-13,7050.0,7194.0,7050.0,7170.0,10060.0
2023-01-16,7242.0,7324.0,7102.0,7132.0,10750.0
2023-01-17,7160.0,7186.0,7110.0,7128.0,5420.0
2023-01-18,7122.0,7170.0,7098.0,7112.0,2670.0
2023-01-19,7080.0,7118.0,7000.0,7032.0,6390.0
2023-01-20,7030.0,7076.0,7002.0,7046.0,3290.0
2023-01-23,7020.0,7020.0,6946.0,6982.0,290.0
2023-01-24,6980.0,7000.0,6970.0,6976.0,190.0
2023-01-25,6952.0,6958.0,6834.0,6848.0,2080.0
2023-01-27,6868.0,6950.0,6844.0,6904.0,1310.0
2023-01-30,6978.0,6980.0,6910.0,6932.0,590.0
2023-01-31,6938.0,6998.0,6930.0,6980.0,1340.0
2023-02-01,6974.0,7016.0,6900.0,6944.0,2940.0
2023-02-02,6904.0,6946.0,6872.0,6936.0,3050.0
2023-02-03,6934.0,6980.0,6912.0,6920.0,3020.0
2023-02-06,6914.0,7006.0,6896.0,6918.0,2260.0
2023-02-07,6900.0,6938.0,6896.0,6914.0,2120.0
2023-02-08,6914.0,6964.0,6908.0,6954.0,2320.0
2023-02-09,6960.0,6976.0,6900.0,6936.0,2130.0
2023-02-10,6912.0,6998.0,6906.0,6932.0,4470.0
2023-02-13,6928.0,6940.0,6740.0,6760.0,12690.0
2023-02-14,6788.0,6870.0,6702.0,6806.0,11820.0
2023-02-15,6814.0,6842.0,6782.0,6820.0,2009.9999999999998
2023-02-16,6820.0,6860.0,6788.0,6800.0,2240.0
2023-02-17,6790.0,6794.0,6738.0,6754.0,3090.0
2023-02-20,6726.0,6726.0,6642.0,6686.0,4440.0
2023-02-21,6662.0,6710.0,6660.0,6686.0,710.0
2023-02-22,6670.0,6670.0,6540.0,6572.0,2100.0
2023-02-23,6570.0,6570.0,6500.0,6514.0,1740.0
2023-02-24,6520.0,6564.0,6486.0,6516.0,2110.0
2023-02-27,6508.0,6530.0,6390.0,6400.0,2240.0
2023-02-28,6390.0,6400.0,6284.0,6342.0,3930.0
2023-03-01,6350.0,6350.0,6272.0,6286.0,6590.0
2023-03-02,6300.0,6404.0,6300.0,6330.0,5390.0
2023-03-03,6370.0,6380.0,6304.0,6324.0,2200.0
2023-03-06,6320.0,6350.0,6302.0,6334.0,1740.0
2023-03-08,6340.0,6364.0,6322.0,6360.0,1190.0
2023-03-09,6342.0,6430.0,6342.0,6424.0,4780.0
2023-03-10,6410.0,6438.0,6306.0,6336.0,4440.0
2023-03-13,6350.0,6376.0,6330.0,6362.0,5080.0
2023-03-14,6356.0,6366.0,6302.0,6350.0,4770.0
2023-03-15,6360.0,6398.0,6340.0,6362.0,2090.0
2023-03-16,6344.0,6362.0,6196.0,6294.0,5510.0
2023-03-17,6232.0,6330.0,6188.0,6312.0,4590.0
2023-03-20,6350.0,6380.0,6294.0,6340.0,3670.0
2023-03-21,6378.0,6380.0,6360.0,6374.0,350.0
2023-03-22,6362.0,6448.0,6360.0,6440.0,3320.0
2023-03-23,6358.0,6458.0,6350.0,6408.0,650.0
2023-03-24,6362.0,6392.0,6260.0,6332.0,1120.0
2023-03-27,6296.0,6296.0,6204.0,6240.0,1970.0
2023-03-28,6260.0,6260.0,6172.0,6228.0,2370.0
2023-03-29,6228.0,6242.0,6180.0,6208.0,1260.0
2023-03-31,6240.0,6240.0,6080.0,6138.0,3090.0
2023-04-03,6138.0,6188.0,6050.0,6112.0,4370.0
2023-04-05,6112.0,6130.0,6060.0,6104.0,5330.0
2023-04-06,6060.0,6170.0,6058.0,6086.0,4630.0
2023-04-10,6110.0,6300.0,6110.0,6259.0,11030.0
2023-04-11,6260.0,6348.0,6230.0,6327.0,7540.0
2023-04-12,6380.0,6398.0,6302.0,6308.0,5580.0
2023-04-13,6303.0,6344.0,6263.0,6292.0,7640.0
2023-04-17,6270.0,6270.0,6151.0,6189.0,5340.0
2023-04-18,6176.0,6245.0,6170.0,6236.0,4690.0
2023-04-19,6211.0,6250.0,6211.0,6230.0,3660.0
2023-04-20,6220.0,6254.0,6205.0,6245.0,3620.0
2023-04-21,6318.0,6334.0,6301.0,6328.0,1470.0
2023-04-24,6300.0,6300.0,6231.0,6261.0,1150.0
2023-04-25,6227.0,6250.0,6160.0,6186.0,2230.0
2023-04-26,6180.0,6192.0,6062.0,6078.0,4570.0
2023-04-27,6052.0,6128.0,6040.0,6111.0,2340.0
2023-04-28,6111.0,6120.0,6000.0,6029.0,3970.0
2023-05-02,5970.0,6035.0,5950.0,6008.0,4950.0
2023-05-03,6020.0,6098.0,5990.0,6091.0,4760.0
2023-05-04,6100.0,6165.0,6085.0,6153.0,7490.0
2023-05-05,6150.0,6196.0,6081.0,6116.0,6270.0
2023-05-08,6052.0,6085.0,6020.0,6028.0,6150.0
2023-05-09,6018.0,6029.0,5981.0,5987.0,7490.0
2023-05-10,5936.0,6068.0,5936.0,6057.0,8140.000000000001
2023-05-11,6056.0,6132.0,6018.0,6023.0,9460.0
2023-05-12,6040.0,6040.0,5985.0,5994.0,5170.0
2023-05-15,6000.0,6000.0,5900.0,5923.0,6550.0
2023-05-16,5923.0,6000.0,5858.0,5973.0,6900.0
2023-05-17,5972.0,5980.0,5886.0,5899.0,6670.0
2023-05-18,5862.0,5890.0,5800.0,5831.0,5980.0
2023-05-19,5832.0,5918.0,5832.0,5851.0,9270.0
2023-05-22,5920.0,5943.0,5806.0,5844.0,3620.0
2023-05-23,5828.0,5862.0,5766.0,5812.0,2210.0
2023-05-24,5800.0,5833.0,5760.0,5797.0,3060.0
2023-05-25,5761.0,5784.0,5655.0,5676.0,3010.0
2023-05-26,5640.0,5667.0,5626.0,5658.0,1750.0
2023-05-29,5603.0,5884.0,5549.0,5693.0,3250.0
2023-05-30,5680.0,5700.0,5590.0,5632.0,1870.0
2023-05-31,5600.0,5600.0,5412.0,5459.0,5520.0
2023-06-01,5408.0,5505.0,5408.0,5462.0,5030.0
2023-06-02,5470.0,5560.0,5461.0,5514.0,3710.0
2023-06-05,5555.0,5592.0,5503.0,5528.0,4920.0
2023-06-06,5526.0,5545.0,5512.0,5518.0,5550.0
2023-06-07,5520.0,5560.0,5486.0,5543.0,5180.0
2023-06-08,5549.0,5644.0,5540.0,5610.0,9990.0
2023-06-09,5610.0,5714.0,5605.0,5672.0,12150.0
2023-06-12,5672.0,5768.0,5652.0,5725.0,7750.0
2023-06-13,5721.0,5800.0,5721.0,5768.0,7440.0
2023-06-14,5770.0,5788.0,5684.0,5728.0,6430.0
2023-06-15,5710.0,5830.0,5710.0,5814.0,4090.0
2023-06-16,5830.0,5898.0,5820.0,5876.0,5850.0
2023-06-19,5876.0,5925.0,5852.0,5889.0,4180.0
2023-06-20,5927.0,5927.0,5841.0,5867.0,700.0
2023-06-21,5825.0,5872.0,5798.0,5856.0,1750.0
2023-06-22,5861.0,5872.0,5770.0,5786.0,2960.0
2023-06-23,5780.0,5812.0,5750.0,5767.0,1020.0
2023-06-26,5760.0,5842.0,5760.0,5814.0,1730.0
2023-06-27,5826.0,5843.0,5752.0,5768.0,3560.0
2023-06-28,5792.0,5900.0,5767.0,5859.0,2480.0
2023-06-30,5873.0,5974.0,5873.0,5939.0,3750.0
2023-07-03,5994.0,6140.0,5970.0,6007.0,5590.0
2023-07-04,5968.0,6025.0,5922.0,5988.0,6670.0
2023-07-05,5977.0,6018.0,5977.0,5997.0,3440.0
2023-07-06,6005.0,6015.0,5922.0,5979.0,5740.0
2023-07-07,6000.0,6050.0,5952.0,6016.0,8540.0
2023-07-10,6098.0,6108.0,6040.0,6091.0,8300.0
2023-07-11,6100.0,6150.0,6087.0,6132.0,9900.0
2023-07-12,6195.0,6200.0,6130.0,6152.0,8140.000000000001
2023-07-13,6140.0,6142.0,6070.0,6101.0,6950.0
2023-07-14,6100.0,6152.0,6082.0,6146.0,7720.0
2023-07-17,6158.0,6245.0,6152.0,6213.0,8210.0
2023-07-18,6200.0,6250.0,6150.0,6237.0,5390.0
2023-07-19,6258.0,6323.0,6243.0,6315.0,10160.0
2023-07-20,6330.0,6423.0,6327.0,6395.0,10700.0
2023-07-21,6453.0,6490.0,6340.0,6444.0,2710.0
2023-07-24,6460.0,6542.0,6425.0,6494.0,2190.0
2023-07-25,6498.0,6540.0,6374.0,6431.0,3320.0
2023-07-26,6414.0,6480.0,6406.0,6460.0,3580.0
2023-07-27,6434.0,6439.0,6382.0,6425.0,2009.9999999999998
2023-07-28,6433.0,6490.0,6428.0,6469.0,4780.0
2023-07-31,6458.0,6473.0,6405.0,6440.0,3330.0
2023-08-01,6436.0,6436.0,6380.0,6397.0,2610.0
2023-08-02,6380.0,6402.0,6310.0,6336.0,6550.0
2023-08-03,6365.0,6365.0,6310.0,6322.0,2820.0
2023-08-04,6330.0,6395.0,6310.0,6358.0,6130.0
2023-08-07,6350.0,6422.0,6335.0,6390.0,8109.999999999999
2023-08-08,6400.0,6400.0,6321.0,6338.0,5150.0
2023-08-09,6330.0,6351.0,6255.0,6272.0,10010.0
2023-08-10,6269.0,6284.0,6240.0,6250.0,9950.0
2023-08-11,6231.0,6258.0,6190.0,6231.0,8340.0
2023-08-14,6223.0,6310.0,6220.0,6272.0,6390.0
2023-08-16,6270.0,6378.0,6226.0,6253.0,6690.0
2023-08-17,6242.0,6274.0,6220.0,6263.0,3400.0
2023-08-18,6266.0,6340.0,6250.0,6330.0,6820.0
2023-08-21,6395.0,6458.0,6374.0,6397.0,2040.0
2023-08-22,6400.0,6415.0,6306.0,6321.0,2780.0
2023-08-23,6305.0,6305.0,6265.0,6297.0,1090.0
2023-08-24,6314.0,6323.0,6262.0,6275.0,1490.0
2023-08-25,6282.0,6307.0,6279.0,6295.0,800.0
2023-08-28,6308.0,6314.0,6230.0,6242.0,3050.0
2023-08-29,6248.0,6249.0,6152.0,6206.0,5070.0
2023-08-30,6200.0,6233.0,6161.0,6230.0,2150.0
2023-08-31,6228.0,6295.0,6162.0,6243.0,3200.0
2023-09-01,6255.0,6390.0,6248.0,6331.0,6490.0
2023-09-04,6329.0,6340.0,6289.0,6295.0,4280.0
2023-09-05,6268.0,6340.0,6268.0,6320.0,4160.0
2023-09-06,6286.0,6384.0,6286.0,6342.0,4500.0
2023-09-07,6330.0,6354.0,6295.0,6303.0,4400.0
2023-09-08,6295.0,6318.0,6165.0,6288.0,6200.0
2023-09-11,6283.0,6316.0,6232.0,6290.0,13570.0
2023-09-12,6299.0,6360.0,6288.0,6310.0,13340.0
2023-09-13,6308.0,6337.0,6290.0,6322.0,5540.0
2023-09-14,6324.0,6324.0,6266.0,6287.0,9380.0
2023-09-15,6288.0,6288.0,6115.0,6160.0,13310.0
2023-09-18,6100.0,6100.0,6040.0,6063.0,11770.0
2023-09-20,6087.0,6235.0,6045.0,6184.0,2190.0
2023-09-21,6228.0,6260.0,6150.0,6187.0,3480.0
2023-09-22,6200.0,6431.0,6198.0,6297.0,3700.0
2023-09-25,6344.0,6344.0,6216.0,6234.0,3660.0
2023-09-26,6235.0,6236.0,6188.0,6225.0,2400.0
2023-09-27,6219.0,6252.0,6170.0,6232.0,5470.0
2023-09-28,6216.0,6280.0,6216.0,6279.0,3140.0
2023-09-29,6224.0,6295.0,6184.0,6209.0,3240.0
2023-10-03,6170.0,6180.0,6102.0,6157.0,3980.0
2023-10-04,6131.0,6237.0,6131.0,6193.0,5190.0
2023-10-05,6180.0,6212.0,6142.0,6175.0,4070.0000000000005
2023-10-06,6160.0,6181.0,6132.0,6162.0,6590.0
2023-10-09,6125.0,6127.0,6078.0,6115.0,5350.0
2023-10-10,6084.0,6200.0,6084.0,6124.0,5300.0
2023-10-11,6102.0,6140.0,6004.0,6072.0,10220.0
2023-10-12,6109.0,6109.0,6003.0,6034.0,6830.0
2023-10-13,6059.0,6059.0,5993.0,6035.0,6980.0
2023-10-16,6040.0,6097.0,6040.0,6079.0,4980.0
2023-10-17,6045.0,6108.0,6045.0,6071.0,3750.0
2023-10-18,6086.0,6086.0,5980.0,6009.0,6400.0
2023-10-19,6000.0,6020.0,5965.0,6006.0,4730.0
2023-10-20,6007.0,6050.0,5980.0,6036.0,5240.0
2023-10-23,6039.0,6098.0,5972.0,5998.0,190.0
2023-10-25,6080.0,6080.0,5976.0,6040.0,2220.0
2023-10-26,6054.0,6069.0,5990.0,5999.0,690.0
2023-10-27,5965.0,6008.0,5920.0,5950.0,1040.0
2023-10-30,5960.0,5964.0,5840.0,5852.0,2400.0
2023-10-31,5821.0,6080.0,5820.0,5891.0,2540.0
2023-11-01,5892.0,5892.0,5840.0,5859.0,1940.0
2023-11-02,5823.0,5850.0,5760.0,5777.0,5720.0
2023-11-03,5761.0,5840.0,5761.0,5810.0,4840.0
2023-11-06,5791.0,5880.0,5760.0,5837.0,7020.0
2023-11-07,5809.0,5940.0,5809.0,5850.0,5080.0
2023-11-08,5850.0,5890.0,5835.0,5876.0,2900.0
2023-11-09,5890.0,5907.0,5858.0,5873.0,8830.0
2023-11-10,5843.0,5897.0,5843.0,5878.0,8490.0
2023-11-12,5895.0,5895.0,5861.0,5883.0,2050.0
2023-11-13,5880.0,5916.0,5872.0,5897.0,10310.0
2023-11-15,5928.0,5978.0,5900.0,5959.0,5080.0
2023-11-16,5988.0,6008.0,5916.0,5936.0,4190.0
2023-11-17,5920.0,5930.0,5870.0,5918.0,3420.0
2023-11-20,5925.0,5998.0,5900.0,5914.0,9260.0
2023-11-21,5881.0,5940.0,5881.0,5902.0,850.0
2023-11-22,5924.0,5978.0,5924.0,5969.0,2190.0
2023-11-23,5958.0,6207.0,5955.0,6121.0,3500.0
2023-11-24,6154.0,6184.0,6012.0,6055.0,1430.0
2023-11-28,6196.0,6198.0,6094.0,6115.0,2640.0
2023-11-29,6050.0,6140.0,6040.0,6079.0,2690.0
2023-11-30,6060.0,6080.0,5990.0,6006.0,5410.0
2023-12-01,5995.0,6020.0,5900.0,5940.0,7380.0
2023-12-04,5870.0,5975.0,5843.0,5868.0,10190.0
2023-12-05,5860.0,5933.0,5820.0,5925.0,6890.0
2023-12-06,5908.0,6000.0,5903.0,5988.0,4400.0
2023-12-07,5974.0,6004.0,5914.0,5935.0,4770.0
2023-12-08,5942.0,5956.0,5916.0,5942.0,2950.0
2023-12-11,5978.0,5990.0,5909.0,5913.0,3880.0
2023-12-12,5844.0,5903.0,5825.0,5870.0,9830.0
2023-12-13,5879.0,5890.0,5856.0,5881.0,4650.0
2023-12-14,5890.0,5938.0,5874.0,5880.0,7570.0
2023-12-15,5860.0,5882.0,5730.0,5785.0,8930.0
2023-12-18,5788.0,5788.0,5687.0,5764.0,5280.0
2023-12-19,5760.0,5824.0,5755.0,5808.0,2730.0
2023-12-20,5820.0,5837.0,5714.0,5728.0,7200.0
2023-12-21,5718.0,5720.0,5633.0,5718.0,3370.0
2023-12-22,5560.0,5900.0,5512.0,5745.0,980.0
2023-12-26,5740.0,5740.0,5686.0,5723.0,790.0
2023-12-27,5686.0,5758.0,5673.0,5729.0,1550.0
2023-12-28,5772.0,5778.0,5743.0,5751.0,2350.0
2023-12-29,5757.0,5764.0,5723.0,5737.0,2670.0
2024-01-01,5750.0,5768.0,5661.0,5695.0,7090.0
2024-01-02,5683.0,5753.0,5673.0,5708.0,4520.0
2024-01-03,5710.0,5745.0,5687.0,5720.0,3860.0
2024-01-04,5740.0,5787.0,5738.0,5762.0,2540.0
2024-01-05,5777.0,5808.0,5728.0,5739.0,4450.0
2024-01-08,5726.0,5740.0,5603.0,5672.0,4530.0
2024-01-09,5687.0,5696.0,5640.0,5671.0,3190.0
2024-01-10,5651.0,5671.0,5605.0,5614.0,4230.0
2024-01-11,5590.0,5644.0,5584.0,5624.0,7510.0
2024-01-12,5630.0,5675.0,5629.0,5653.0,5220.0
2024-01-15,5655.0,5668.0,5600.0,5639.0,3300.0
2024-01-16,5640.0,5661.0,5586.0,5649.0,4940.0
2024-01-17,5650.0,5692.0,5635.0,5647.0,4780.0
2024-01-18,5640.0,5698.0,5633.0,5683.0,3740.0
2024-01-19,5676.0,5728.0,5672.0,5687.0,4330.0
2024-01-23,5683.0,5758.0,5650.0,5750.0,4710.0
2024-01-24,5725.0,5750.0,5696.0,5721.0,4750.0
2024-01-25,5645.0,5750.0,5645.0,5743.0,1420.0
2024-01-29,5717.0,5730.0,5612.0,5668.0,2660.0
2024-01-30,5636.0,5709.0,5636.0,5696.0,3360.0
2024-01-31,5713.0,5730.0,5642.0,5659.0,2810.0
2024-02-01,5651.0,5669.0,5631.0,5661.0,2670.0
2024-02-02,5669.0,5670.0,5616.0,5648.0,3310.0
2024-02-05,5625.0,5640.0,5547.0,5588.0,4700.0
2024-02-06,5570.0,5605.0,5551.0,5593.0,2720.0
2024-02-07,5580.0,5670.0,5579.0,5630.0,4340.0
2024-02-08,5640.0,5654.0,5600.0,5620.0,5900.0
2024-02-09,5596.0,5637.0,5590.0,5610.0,4870.0
2024-02-12,5595.0,5614.0,5578.0,5605.0,5050.0
2024-02-13,5678.0,5680.0,5586.0,5620.0,4260.0
2024-02-14,5619.0,5668.0,5615.0,5638.0,10910.0
2024-02-15,5630.0,5653.0,5612.0,5639.0,3970.0
2024-02-16,5640.0,5648.0,5623.0,5638.0,2280.0
2024-02-19,5644.0,5710.0,5631.0,5698.0,6850.0
2024-02-20,5680.0,5726.0,5660.0,5708.0,8360.0
2024-02-21,5811.0,5881.0,5775.0,5840.0,4190.0
2024-02-22,5849.0,5895.0,5775.0,5875.0,10200.0
2024-02-23,5855.0,5934.0,5820.0,5921.0,9050.0
2024-02-26,5900.0,5945.0,5869.0,5932.0,6440.0
2024-02-27,5932.0,5968.0,5875.0,5894.0,2300.0
2024-02-28,5874.0,5900.0,5861.0,5878.0,1710.0
2024-02-29,5850.0,5860.0,5773.0,5827.0,4220.0
2024-03-01,5830.0,5847.0,5808.0,5820.0,2570.0
2024-03-04,5815.0,5840.0,5772.0,5820.0,3530.0
2024-03-05,5818.0,5868.0,5818.0,5845.0,2750.0
2024-03-06,5865.0,5900.0,5860.0,5896.0,6050.0
2024-03-07,5900.0,5938.0,5661.0,5847.0,7610.0
2024-03-11,5835.0,5885.0,5835.0,5857.0,4940.0
2024-03-12,5850.0,5870.0,5830.0,5860.0,5390.0
2024-03-13,5860.0,5913.0,5860.0,5907.0,5240.0
2024-03-14,5917.0,5940.0,5891.0,5926.0,5750.0
2024-03-15,5940.0,5940.0,5881.0,5892.0,2540.0
2024-03-18,5825.0,5910.0,5776.0,5897.0,2210.0
2024-03-19,5842.0,5998.0,5842.0,5991.0,5780.0
2024-03-20,5980.0,6025.0,5980.0,6008.0,3540.0
2024-03-21,5955.0,6100.0,5955.0,6089.0,1020.0
2024-03-22,6033.0,6124.0,6033.0,6096.0,2650.0
2024-03-26,6075.0,6075.0,5956.0,5970.0,2520.0
2024-03-27,5980.0,6010.0,5944.0,6000.0,2470.0
2024-03-28,6049.0,6049.0,5960.0,5990.0,990.0
2024-04-01,5965.0,5989.0,5928.0,5936.0,1410.0
2024-04-02,5922.0,5922.0,5875.0,5897.0,1170.0
2024-04-03,5910.0,5950.0,5890.0,5943.0,1640.0
2024-04-04,5940.0,6000.0,5940.0,5993.0,2960.0
2024-04-05,6000.0,6007.0,5945.0,5953.0,3310.0
2024-04-08,5901.0,5925.0,5876.0,5895.0,4180.0
2024-04-09,5911.0,5935.0,5881.0,5908.0,3660.0
2024-04-10,5900.0,5920.0,5840.0,5865.0,6590.0
2024-04-12,5843.0,5928.0,5800.0,5902.0,10600.0
2024-04-15,5878.0,5880.0,5810.0,5823.0,14330.0
2024-04-16,5780.0,5830.0,5756.0,5802.0,7160.0
2024-04-18,5785.0,5825.0,5769.0,5806.0,6470.0
2024-04-19,5819.0,5888.0,5814.0,5830.0,4470.0
2024-04-22,5868.0,5878.0,5848.0,5860.0,760.0
2024-04-23,5858.0,5886.0,5854.0,5869.0,1030.0
2024-04-24,5845.0,5848.0,5820.0,5830.0,2320.0
2024-04-25,5815.0,5855.0,5813.0,5842.0,2660.0
2024-04-26,5842.0,5850.0,5808.0,5816.0,1780.0
2024-04-29,5770.0,5795.0,5755.0,5768.0,3070.0
2024-04-30,5770.0,5777.0,5715.0,5722.0,4450.0
2024-05-02,5683.0,5816.0,5680.0,5750.0,4760.0
2024-05-03,5763.0,5763.0,5729.0,5737.0,4990.0
2024-05-06,5720.0,5722.0,5656.0,5674.0,6380.0
2024-05-07,5656.0,5662.0,5618.0,5622.0,2620.0
2024-05-08,5612.0,5690.0,5612.0,5666.0,5840.0
2024-05-09,5678.0,5682.0,5648.0,5652.0,5960.0
2024-05-10,5654.0,5678.0,5626.0,5634.0,7470.0
2024-05-13,5650.0,5736.0,5643.0,5728.0,6960.0
2024-05-14,5730.0,5798.0,5725.0,5731.0,8370.0
2024-05-15,5719.0,5719.0,5650.0,5689.0,6090.0
2024-05-16,5683.0,5748.0,5683.0,5734.0,4870.0
2024-05-17,5731.0,5774.0,5713.0,5719.0,7040.0
2024-05-21,5800.0,5800.0,5730.0,5773.0,1300.0
2024-05-22,5770.0,5799.0,5766.0,5793.0,3320.0
2024-05-23,5778.0,5804.0,5778.0,5784.0,1510.0
2024-05-24,5774.0,5789.0,5744.0,5765.0,1570.0
2024-05-27,5761.0,5765.0,5752.0,5761.0,860.0
2024-05-28,5750.0,5785.0,5750.0,5773.0,2690.0
2024-05-29,5781.0,5824.0,5774.0,5820.0,4180.0
2024-05-30,5823.0,5837.0,5783.0,5794.0,5450.0
2024-05-31,5784.0,5800.0,5700.0,5784.0,7490.0
2024-06-03,5781.0,5815.0,5781.0,5805.0,3340.0
2024-06-04,5800.0,5824.0,5768.0,5779.0,2340.0
2024-06-05,5793.0,5793.0,5750.0,5775.0,2720.0
2024-06-06,5784.0,5793.0,5764.0,5781.0,3290.0
2024-06-07,5790.0,5818.0,5771.0,5787.0,3070.0
2024-06-10,5788.0,5800.0,5757.0,5768.0,6900.0
2024-06-11,5769.0,5780.0,5755.0,5757.0,4830.0
2024-06-12,5756.0,5768.0,5720.0,5759.0,6280.0
2024-06-13,5760.0,5787.0,5750.0,5778.0,6860.0
2024-06-14,5788.0,5822.0,5788.0,5811.0,6380.0
2024-06-18,5777.0,5808.0,5685.0,5765.0,3570.0
2024-06-19,5762.0,5770.0,5716.0,5763.0,3400.0
2024-06-20,5769.0,5789.0,5753.0,5775.0,3370.0
2024-06-21,5845.0,5865.0,5820.0,5828.0,1390.0
2024-06-24,5860.0,5874.0,5830.0,5836.0,1450.0
2024-06-25,5838.0,5840.0,5797.0,5805.0,2560.0
2024-06-26,5820.0,5840.0,5780.0,5825.0,2440.0
2024-06-27,5810.0,5840.0,5808.0,5816.0,2250.0
2024-06-28,5810.0,5829.0,5810.0,5821.0,2060.0
2024-07-01,5815.0,5848.0,5815.0,5845.0,3450.0
2024-07-02,5855.0,5920.0,5855.0,5908.0,6640.0
2024-07-03,5930.0,5957.0,5895.0,5905.0,5060.0
2024-07-04,5900.0,5920.0,5890.0,5911.0,2270.0
2024-07-05,5921.0,5994.0,5915.0,5976.0,10210.0
2024-07-08,5974.0,6110.0,5972.0,6077.0,15150.0
2024-07-09,6107.0,6134.0,6052.0,6083.0,6240.0
2024-07-10,6085.0,6167.0,6045.0,6158.0,12620.0
2024-07-11,6178.0,6199.0,6129.0,6164.0,7570.0
2024-07-12,6181.0,6229.0,6148.0,6215.0,10980.0
2024-07-15,6205.0,6240.0,6154.0,6201.0,8580.0
2024-07-16,6208.0,6208.0,6113.0,6123.0,7330.0
2024-07-18,6110.0,6154.0,6096.0,6133.0,4340.0
2024-07-19,6120.0,6131.0,6074.0,6085.0,4110.0
2024-07-22,6131.0,6200.0,6106.0,6189.0,2470.0
2024-07-23,6201.0,6213.0,6162.0,6178.0,2720.0
2024-07-24,6154.0,6272.0,6154.0,6263.0,2630.0
2024-07-25,6277.0,6296.0,6230.0,6258.0,1500.0
2024-07-26,6247.0,6265.0,6191.0,6216.0,3290.0
2024-07-29,6214.0,6250.0,6153.0,6224.0,3210.0
2024-07-30,6221.0,6225.0,6194.0,6215.0,4010.0
2024-07-31,6214.0,6253.0,6188.0,6237.0,5110.0
2024-08-01,6224.0,6290.0,6210.0,6266.0,5340.0
2024-08-02,6309.0,6370.0,6237.0,6262.0,11160.0
2024-08-05,6211.0,6270.0,6172.0,6260.0,12000.0
2024-08-06,6300.0,6330.0,6217.0,6226.0,4370.0
2024-08-07,6222.0,6260.0,6217.0,6253.0,4520.0
2024-08-08,6252.0,6272.0,6210.0,6253.0,6820.0
2024-08-09,6255.0,6270.0,6226.0,6255.0,9130.0
2024-08-12,6255.0,6304.0,6250.0,6295.0,6830.0
2024-08-13,6300.0,6310.0,6213.0,6243.0,10490.0
2024-08-14,6236.0,6255.0,6218.0,6241.0,4160.0
2024-08-16,6231.0,6250.0,6202.0,6229.0,7340.0
2024-08-19,6232.0,6242.0,6190.0,6215.0,1920.0
2024-08-20,6210.0,6262.0,6206.0,6226.0,5560.0
2024-08-21,6310.0,6310.0,6280.0,6299.0,5080.0
2024-08-22,6296.0,6325.0,6292.0,6305.0,1890.0
2024-08-23,6283.0,6299.0,6170.0,6230.0,3540.0
2024-08-26,6215.0,6223.0,6080.0,6184.0,3560.0
2024-08-27,6169.0,6175.0,6127.0,6147.0,3990.0
2024-08-28,6131.0,6176.0,6100.0,6150.0,2920.0
2024-08-29,6135.0,6210.0,6135.0,6195.0,3560.0
2024-08-30,6183.0,6242.0,6183.0,6229.0,7120.0
2024-09-02,6230.0,6241.0,6170.0,6194.0,2250.0
2024-09-03,6192.0,6226.0,6136.0,6186.0,3450.0
2024-09-04,6195.0,6205.0,6152.0,6191.0,4990.0
2024-09-05,6205.0,6220.0,6174.0,6193.0,6250.0
2024-09-06,6175.0,6196.0,6140.0,6174.0,5160.0
2024-09-09,6112.0,6155.0,6085.0,6131.0,8189.999999999999
2024-09-10,6120.0,6198.0,6120.0,6186.0,7820.0
2024-09-11,6161.0,6229.0,6161.0,6186.0,6530.0
2024-09-12,6186.0,6208.0,6171.0,6199.0,4170.0
2024-09-13,6182.0,6279.0,6182.0,6265.0,11390.0
2024-09-16,6298.0,6430.0,6288.0,6406.0,13640.0
2024-09-17,6398.0,6486.0,6352.0,6471.0,17320.0
2024-09-18,6480.0,6625.0,6439.0,6582.0,18830.0
2024-09-19,6570.0,6571.0,6482.0,6511.0,15440.0
2024-09-20,6510.0,6594.0,6505.0,6582.0,6370.0
2024-09-23,6600.0,6711.0,6600.0,6698.0,2080.0
2024-09-24,6677.0,6720.0,6650.0,6717.0,5070.0
2024-09-25,6730.0,6880.0,6730.0,6845.0,8590.0
2024-09-26,6851.0,6872.0,6778.0,6853.0,4390.0
2024-09-27,6887.0,6965.0,6862.0,6922.0,5780.0
2024-09-30,6654.0,7020.0,6654.0,7003.0,7790.0
2024-10-01,6981.0,7038.0,6888.0,6991.0,10820.0
2024-10-03,7060.0,7060.0,6902.0,6972.0,11320.0
2024-10-04,6912.0,6936.0,6807.0,6889.0,14040.0
2024-10-07,6830.0,6848.0,6748.0,6835.0,15050.0
2024-10-08,6806.0,6887.0,6805.0,6870.0,9970.0
2024-10-09,6860.0,6940.0,6860.0,6908.0,9450.0
2024-10-10,6947.0,6947.0,6851.0,6862.0,5870.0
2024-10-11,6860.0,6876.0,6810.0,6864.0,6070.0
2024-10-14,6866.0,6883.0,6835.0,6854.0,5700.0
2024-10-15,6843.0,6970.0,6825.0,6884.0,11900.0
2024-10-16,6850.0,6914.0,6850.0,6884.0,9100.0
2024-10-17,6904.0,6926.0,6853.0,6857.0,3030.0
2024-10-18,6870.0,6870.0,6788.0,6800.0,8260.0
2024-10-21,6827.0,6882.0,6792.0,6871.0,6230.0
2024-10-22,6864.0,6864.0,6800.0,6829.0,3180.0
2024-10-23,6812.0,6824.0,6770.0,6797.0,2250.0
2024-10-24,6770.0,6785.0,6728.0,6778.0,4460.0
2024-10-25,6785.0,6798.0,6745.0,6759.0,2190.0
2024-10-28,6754.0,6755.0,6698.0,6738.0,5520.0
2024-10-29,6720.0,6725.0,6676.0,6681.0,3950.0
2024-10-30,6677.0,6742.0,6660.0,6708.0,5410.0
2024-10-31,6713.0,6738.0,6713.0,6724.0,5140.0
2024-11-01,6725.0,6742.0,6725.0,6739.0,2710.0
2024-11-04,6731.0,6731.0,6659.0,6671.0,5190.0
2024-11-05,6652.0,6683.0,6635.0,6661.0,3200.0
2024-11-06,6666.0,6741.0,6661.0,6731.0,5250.0
2024-11-07,6735.0,6790.0,6735.0,6751.0,7250.0
2024-11-08,6755.0,6772.0,6700.0,6712.0,6880.0
2024-11-11,6700.0,6743.0,6670.0,6691.0,5890.0
2024-11-12,6688.0,6698.0,6665.0,6670.0,5220.0
2024-11-13,6684.0,6739.0,6620.0,6714.0,10950.0
2024-11-14,6710.0,6720.0,6680.0,6691.0,6480.0
2024-11-18,6685.0,6707.0,6652.0,6658.0,1630.0
2024-11-19,6673.0,6680.0,6604.0,6626.0,3130.0
2024-11-21,6624.0,6660.0,6624.0,6652.0,340.0
2024-11-22,6611.0,6634.0,6573.0,6578.0,590.0
2024-11-25,6545.0,6585.0,6540.0,6580.0,410.0
2024-11-26,6582.0,6600.0,6574.0,6581.0,1390.0
2024-11-27,6580.0,6580.0,6530.0,6532.0,1880.0
2024-11-28,6526.0,6592.0,6526.0,6536.0,580.0
2024-11-29,6532.0,6568.0,6492.0,6554.0,1200.0
2024-12-02,6566.0,6617.0,6561.0,6578.0,2910.0
2024-12-03,6590.0,6595.0,6545.0,6569.0,2240.0
2024-12-04,6560.0,6600.0,6545.0,6551.0,6000.0
2024-12-05,6555.0,6555.0,6439.0,6455.0,7220.0
2024-12-06,6455.0,6503.0,6445.0,6485.0,3640.0
2024-12-09,6432.0,6519.0,6432.0,6458.0,6030.0
2024-12-10,6448.0,6448.0,6357.0,6368.0,5730.0
2024-12-11,6350.0,6380.0,6315.0,6346.0,4750.0
2024-12-12,6340.0,6379.0,6340.0,6372.0,2300.0
2024-12-13,6374.0,6393.0,6337.0,6347.0,3650.0
2024-12-16,6348.0,6348.0,6242.0,6265.0,5380.0
2024-12-17,6289.0,6298.0,6202.0,6246.0,4560.0
2024-12-18,6220.0,6318.0,6220.0,6313.0,4810.0
2024-12-19,6315.0,6356.0,6315.0,6328.0,3230.0
2024-12-20,6328.0,6387.0,6320.0,6376.0,5010.0
2024-12-23,6420.0,6464.0,6420.0,6460.0,1430.0
2024-12-24,6516.0,6581.0,6387.0,6394.0,930.0
2024-12-26,6418.0,6450.0,6404.0,6414.0,950.0
2024-12-27,6394.0,6417.0,6389.0,6408.0,500.0
2024-12-30,6420.0,6465.0,6410.0,6461.0,2290.0
2024-12-31,6446.0,6471.0,6430.0,6449.0,4100.0
2025-01-01,6444.0,6482.0,6428.0,6474.0,3240.0
2025-01-02,6443.0,6479.0,6443.0,6466.0,1060.0
2025-01-03,6464.0,6475.0,6395.0,6408.0,5060.0
2025-01-06,6402.0,6408.0,6333.0,6352.0,6990.0
2025-01-07,6359.0,6405.0,6359.0,6403.0,4230.0
2025-01-08,6382.0,6404.0,6348.0,6368.0,3870.0
2025-01-09,6362.0,6398.0,6356.0,6368.0,3170.0
2025-01-10,6383.0,6420.0,6366.0,6389.0,3660.0
2025-01-13,6428.0,6438.0,6372.0,6384.0,6220.0
2025-01-14,6377.0,6405.0,6370.0,6403.0,4460.0
2025-01-15,6400.0,6400.0,6353.0,6382.0,4350.0
2025-01-16,6390.0,6438.0,6390.0,6428.0,3390.0
2025-01-17,6424.0,6462.0,6421.0,6428.0,2690.0
2025-01-20,6412.0,6469.0,6410.0,6461.0,2860.0
2025-01-21,6470.0,6470.0,6444.0,6453.0,360.0
2025-01-22,6458.0,6500.0,6455.0,6498.0,360.0
2025-01-23,6502.0,6502.0,6474.0,6484.0,1620.0
2025-01-24,6475.0,6479.0,6361.0,6404.0,1550.0
2025-01-27,6395.0,6423.0,6381.0,6391.0,1320.0
2025-01-28,6390.0,6402.0,6328.0,6336.0,990.0
2025-01-29,6338.0,6346.0,6308.0,6332.0,1960.0
2025-01-30,6329.0,6329.0,6247.0,6266.0,4260.0
2025-01-31,6278.0,6278.0,6185.0,6260.0,3460.0
2025-02-01,6266.0,6289.0,6260.0,6272.0,1520.0
2025-02-03,6290.0,6309.0,6275.0,6305.0,2970.0
2025-02-04,6324.0,6324.0,6268.0,6306.0,3960.0
2025-02-05,6319.0,6329.0,6277.0,6327.0,7410.0
2025-02-06,6302.0,6362.0,6302.0,6352.0,4740.0
2025-02-07,6385.0,6385.0,6350.0,6370.0,2380.0
2025-02-10,6400.0,6400.0,6329.0,6341.0,2620.0
2025-02-11,6335.0,6335.0,6273.0,6290.0,4840.0
2025-02-12,6290.0,6325.0,6280.0,6318.0,3290.0
2025-02-13,6320.0,6325.0,6306.0,6315.0,1590.0
2025-02-14,6305.0,6305.0,6262.0,6273.0,2050.0
2025-02-17,6253.0,6297.0,6240.0,6290.0,2120.0
2025-02-18,6290.0,6316.0,6270.0,6313.0,2890.0
2025-02-19,6323.0,6348.0,6306.0,6335.0,2660.0
2025-02-20,6339.0,6345.0,6281.0,6307.0,3020.0
2025-02-21,6300.0,6383.0,6300.0,6376.0,3790.0
2025-02-24,6357.0,6400.0,6340.0,6369.0,1680.0
2025-02-25,6380.0,6399.0,6331.0,6331.0,3080.0
2025-02-27,6325.0,6356.0,6314.0,6352.0,500.0
2025-02-28,6355.0,6360.0,6312.0,6327.0,640.0
2025-03-03,6311.0,6325.0,6280.0,6301.0,2600.0
2025-03-04,6275.0,6301.0,6261.0,6292.0,3230.0
2025-03-05,6270.0,6336.0,6270.0,6303.0,1880.0
2025-03-06,6350.0,6350.0,6285.0,6325.0,2190.0
2025-03-07,6320.0,6356.0,6315.0,6342.0,1600.0
2025-03-10,6313.0,6322.0,6254.0,6264.0,3200.0
2025-03-11,6272.0,6299.0,6233.0,6286.0,2970.0
2025-03-12,6278.0,6300.0,6262.0,6281.0,1850.0
2025-03-13,6281.0,6300.0,6185.0,6209.0,14980.0
2025-03-17,6177.0,6240.0,6150.0,6224.0,6890.0
2025-03-18,6229.0,6270.0,6223.0,6245.0,5660.0
2025-03-19,6250.0,6298.0,6244.0,6292.0,3980.0
2025-03-20,6300.0,6345.0,6282.0,6297.0,4820.0
2025-03-21,6310.0,6360.0,6300.0,6331.0,2510.0
2025-03-24,6377.0,6387.0,6355.0,6383.0,6440.0
2025-03-25,6380.0,6380.0,6353.0,6368.0,2480.0
2025-03-26,6352.0,6366.0,6332.0,6340.0,2080.0
2025-03-27,6347.0,6359.0,6317.0,6322.0,2720.0
2025-03-28,6346.0,6350.0,6334.0,6337.0,1260.0
2025-04-01,6286.0,6345.0,6286.0,6333.0,2650.0
2025-04-02,6345.0,6399.0,6342.0,6354.0,4680.0
2025-04-03,6350.0,6368.0,6332.0,6350.0,2640.0
2025-04-04,6330.0,6340.0,6292.0,6300.0,5170.0
2025-04-07,6256.0,6360.0,6240.0,6325.0,8440.0
2025-04-08,6325.0,6440.0,6325.0,6419.0,18380.0
2025-04-09,6414.0,6476.0,6400.0,6452.0,10900.0
2025-04-11,6440.0,6460.0,6418.0,6432.0,5130.0
2025-04-15,6382.0,6400.0,6350.0,6355.0,5730.0
2025-04-16,6340.0,6379.0,6340.0,6372.0,1960.0
2025-04-17,6372.0,6419.0,6365.0,6402.0,5600.0
2025-04-21,6418.0,6440.0,6405.0,6416.0,3100.0
2025-04-22,6391.0,6403.0,6360.0,6367.0,2850.0
2025-04-23,6353.0,6360.0,6282.0,6301.0,2470.0
2025-04-24,6317.0,6334.0,6290.0,6305.0,850.0
2025-04-25,6312.0,6372.0,6301.0,6356.0,1690.0
2025-04-28,6368.0,6410.0,6303.0,6309.0,2950.0
2025-04-29,6290.0,6350.0,6280.0,6326.0,1970.0
2025-04-30,6311.0,6327.0,6262.0,6293.0,3540.0
2025-05-02,6293.0,6336.0,6288.0,6311.0,2510.0
2025-05-05,6306.0,6306.0,6240.0,6254.0,4470.0
2025-05-06,6250.0,6292.0,6206.0,6212.0,3690.0
2025-05-07,6205.0,6235.0,6192.0,6231.0,3260.0
2025-05-08,6240.0,6298.0,6228.0,6246.0,8720.0
2025-05-09,6230.0,6315.0,6209.0,6306.0,9540.0
2025-05-12,6308.0,6385.0,6301.0,6367.0,6310.0
2025-05-13,6352.0,6400.0,6335.0,6385.0,4870.0
2025-05-14,6400.0,6489.0,6387.0,6478.0,11330.0
2025-05-15,6468.0,6471.0,6425.0,6438.0,6120.0
2025-05-16,6440.0,6480.0,6430.0,6440.0,6090.0
2025-05-19,6448.0,6450.0,6403.0,6446.0,5000.0
2025-05-20,6448.0,6457.0,6390.0,6401.0,4240.0
2025-05-21,6445.0,6452.0,6420.0,6441.0,4750.0
2025-05-22,6455.0,6511.0,6455.0,6482.0,1380.0
2025-05-23,6507.0,6521.0,6450.0,6453.0,2990.0
2025-05-26,6472.0,6489.0,6460.0,6475.0,2170.0
2025-05-27,6456.0,6482.0,6378.0,6456.0,4250.0
2025-05-28,6468.0,6470.0,6440.0,6451.0,1910.0
2025-05-29,6460.0,6496.0,6458.0,6479.0,2420.0
2025-05-30,6479.0,6479.0,6435.0,6450.0,1680.0
2025-06-02,6437.0,6458.0,6411.0,6446.0,3330.0
2025-06-03,6450.0,6466.0,6421.0,6428.0,1690.0
2025-06-04,6440.0,6478.0,6437.0,6470.0,6020.0
2025-06-05,6475.0,6491.0,6455.0,6464.0,4260.0
2025-06-06,6460.0,6477.0,6457.0,6464.0,3920.0
2025-06-09,6478.0,6535.0,6478.0,6528.0,9750.0
2025-06-10,6500.0,6664.0,6458.0,6637.0,17350.0
2025-06-11,6638.0,6688.0,6630.0,6649.0,4950.0
2025-06-12,6618.0,6665.0,6618.0,6646.0,3930.0
2025-06-13,6635.0,6670.0,6602.0,6629.0,5130.0
2025-06-16,6655.0,6728.0,6655.0,6703.0,7560.0
2025-06-17,6698.0,6715.0,6653.0,6669.0,4670.0
2025-06-18,6655.0,6686.0,6631.0,6677.0,3650.0
2025-06-19,6677.0,6705.0,6676.0,6701.0,3800.0
2025-06-20,6701.0,6737.0,6680.0,6692.0,5310.0
2025-06-23,6745.0,6815.0,6722.0,6794.0,3670.0
2025-06-24,6778.0,6840.0,6778.0,6790.0,2250.0
2025-06-25,6793.0,6813.0,6775.0,6780.0,2430.0
2025-06-26,6799.0,6830.0,6787.0,6822.0,2740.0
2025-06-27,6834.0,6884.0,6829.0,6882.0,2380.0
2025-06-30,6913.0,6938.0,6897.0,6924.0,4550.0
2025-07-01,6930.0,6959.0,6881.0,6935.0,7090.0
2025-07-02,6930.0,6980.0,6888.0,6974.0,6250.0
2025-07-03,6987.0,7005.0,6915.0,6926.0,8180.0
2025-07-04,6916.0,6948.0,6890.0,6907.0,5970.0
2025-07-07,6868.0,6913.0,6850.0,6868.0,5710.0
2025-07-08,6867.0,6940.0,6850.0,6909.0,7510.0
2025-07-09,6920.0,6925.0,6869.0,6871.0,4300.0
2025-07-10,6885.0,6885.0,6821.0,6829.0,3900.0
2025-07-11,6811.0,6828.0,6751.0,6776.0,7430.0
2025-07-14,6776.0,6838.0,6750.0,6811.0,6740.0
2025-07-15,6820.0,6831.0,6783.0,6815.0,6000.0
2025-07-16,6815.0,6815.0,6760.0,6770.0,5100.0
2025-07-17,6760.0,6780.0,6715.0,6769.0,2350.0
2025-07-18,6765.0,6775.0,6698.0,6758.0,8490.0
2025-07-21,6807.0,6810.0,6741.0,6752.0,3020.0
2025-07-22,6760.0,6772.0,6744.0,6759.0,860.0
2025-07-23,6770.0,6787.0,6740.0,6745.0,2670.0
2025-07-24,6750.0,6809.0,6750.0,6796.0,1630.0
2025-07-25,6800.0,6808.0,6767.0,6776.0,990.0
2025-07-28,6757.0,6757.0,6677.0,6685.0,3260.0
2025-07-29,6666.0,6710.0,6661.0,6665.0,2690.0
2025-07-30,6665.0,6687.0,6650.0,6663.0,2820.0
2025-07-31,6650.0,6705.0,6650.0,6700.0,1940.0
2025-08-01,6703.0,6703.0,6657.0,6685.0,1750.0
2025-08-04,6693.0,6712.0,6652.0,6659.0,4040.0
2025-08-05,6651.0,6677.0,6650.0,6663.0,3750.0
2025-08-06,6670.0,6701.0,6667.0,6700.0,3510.0
2025-08-07,6703.0,6725.0,6696.0,6704.0,4760.0
2025-08-08,6701.0,6718.0,6680.0,6684.0,5780.0
2025-08-11,6684.0,6699.0,6632.0,6655.0,6350.0
2025-08-12,6652.0,6661.0,6610.0,6617.0,6430.0
2025-08-13,6615.0,6622.0,6596.0,6605.0,4340.0
2025-08-14,6619.0,6638.0,6601.0,6606.0,3640.0
2025-08-18,6606.0,6656.0,6606.0,6643.0,6510.0
2025-08-19,6631.0,6666.0,6612.0,6650.0,3920.0
2025-08-20,6650.0,6700.0,6635.0,6695.0,5290.0
2025-08-21,6758.0,6782.0,6758.0,6770.0,450.0
2025-08-22,6746.0,6807.0,6738.0,6793.0,6410.0
2025-08-25,6805.0,6811.0,6748.0,6754.0,4710.0
2025-08-26,6752.0,6757.0,6730.0,6735.0,1380.0
2025-08-28,6749.0,6749.0,6656.0,6698.0,1600.0
2025-08-29,6698.0,6702.0,6680.0,6683.0,1160.0
2025-09-01,6680.0,6685.0,6624.0,6631.0,3740.0
2025-09-02,6643.0,6643.0,6604.0,6639.0,3490.0
2025-09-03,6638.0,6694.0,6634.0,6682.0,2100.0
2025-09-04,6683.0,6724.0,6680.0,6685.0,2620.0
2025-09-05,6685.0,6710.0,6646.0,6651.0,4430.0
2025-09-08,6688.0,6698.0,6671.0,6676.0,4360.0
2025-09-09,6668.0,6690.0,6632.0,6678.0,4750.0
2025-09-10,6683.0,6704.0,6676.0,6680.0,5570.0
2025-09-11,6680.0,6695.0,6659.0,6681.0,2370.0
2025-09-12,6685.0,6685.0,6650.0,6672.0,4090.0
2025-09-15,6670.0,6698.0,6658.0,6676.0,1950.0
2025-09-16,6680.0,6680.0,6650.0,6672.0,4420.0
2025-09-17,6672.0,6675.0,6642.0,6658.0,4850.0
2025-09-18,6655.0,6660.0,6608.0,6620.0,4420.0
2025-09-19,6602.0,6620.0,6581.0,6584.0,5940.0
2025-09-22,6645.0,6645.0,6551.0,6604.0,3970.0
2025-09-23,6603.0,6611.0,6556.0,6561.0,2310.0
2025-09-24,6553.0,6565.0,6546.0,6559.0,1510.0
2025-09-25,6573.0,6573.0,6483.0,6494.0,2690.0
2025-09-26,6477.0,6495.0,6450.0,6479.0,1570.0
2025-09-29,6498.0,6568.0,6485.0,6533.0,3670.0
2025-09-30,6520.0,6615.0,6520.0,6604.0,4110.0
2025-10-01,6615.0,6671.0,6608.0,6629.0,4770.0
2025-10-03,6630.0,6630.0,6538.0,6542.0,3760.0
2025-10-06,6494.0,6590.0,6472.0,6544.0,3480.0
2025-10-07,6560.0,6596.0,6555.0,6579.0,2370.0
2025-10-08,6596.0,6608.0,6570.0,6581.0,3630.0
2025-10-09,6585.0,6594.0,6545.0,6576.0,5790.0
2025-10-10,6579.0,6620.0,6569.0,6596.0,6930.0
2025-10-13,6610.0,6760.0,6602.0,6715.0,9540.0
2025-10-14,6722.0,6724.0,6664.0,6667.0,5760.0
2025-10-15,6650.0,6686.0,6643.0,6650.0,4960.0
2025-10-16,6645.0,6770.0,6645.0,6758.0,6550.0
2025-10-17,6790.0,6790.0,6721.0,6759.0,3270.0
2025-10-20,6788.0,6836.0,6752.0,6763.0,3900.0
2025-10-21,6817.0,6834.0,6815.0,6827.0,340.0
2025-10-23,6847.0,6847.0,6768.0,6778.0,1320.0
2025-10-24,6762.0,6770.0,6740.0,6745.0,1040.0
2025-10-27,6759.0,6769.0,6724.0,6758.0,2270.0
2025-10-28,6770.0,6807.0,6760.0,6792.0,1850.0
2025-10-29,6794.0,6855.0,6794.0,6800.0,1690.0
2025-10-30,6809.0,6885.0,6790.0,6873.0,2040.0
2025-10-31,6890.0,6895.0,6845.0,6875.0,3470.0
2025-11-03,6855.0,6875.0,6824.0,6834.0,4230.0
2025-11-04,6837.0,6837.0,6782.0,6804.0,6480.0
2025-11-06,6789.0,6876.0,6789.0,6863.0,4830.0
2025-11-07,6863.0,6867.0,6819.0,6829.0,4920.0
2025-11-10,6838.0,6866.0,6827.0,6855.0,3180.0
2025-11-11,6860.0,6958.0,6855.0,6904.0,5520.0
2025-11-12,6910.0,6950.0,6910.0,6937.0,6100.0
2025-11-13,6930.0,6969.0,6906.0,6922.0,2410.0
2025-11-14,6910.0,6920.0,6850.0,6859.0,4360.0
2025-11-17,6828.0,6902.0,6822.0,6893.0,3280.0
2025-11-18,6899.0,6958.0,6890.0,6946.0,13240.0
2025-11-19,6951.0,6994.0,6924.0,6932.0,5320.0
2025-11-20,6914.0,6955.0,6886.0,6921.0,2710.0
2025-11-21,6854.0,6860.0,6840.0,6850.0,850.0
2025-11-24,6853.0,6876.0,6842.0,6861.0,280.0
2025-11-25,6834.0,6850.0,6820.0,6843.0,770.0
2025-11-26,6777.0,6908.0,6777.0,6898.0,2170.0
2025-11-27,6916.0,6935.0,6888.0,6915.0,1010.0
2025-11-28,6920.0,6959.0,6915.0,6941.0,2080.0
2025-12-01,7011.0,7012.0,6930.0,6969.0,3050.0
2025-12-02,6954.0,7060.0,6954.0,7045.0,4810.0
2025-12-03,7092.0,7140.0,7012.0,7062.0,5170.0
2025-12-04,7066.0,7103.0,7044.0,7059.0,4360.0
2025-12-05,7038.0,7069.0,7026.0,7038.0,4300.0
2025-12-08,7040.0,7040.0,6974.0,6984.0,4180.0
2025-12-09,6976.0,7005.0,6939.0,6994.0,5870.0
2025-12-10,6954.0,7017.0,6954.0,6965.0,4540.0
2025-12-11,6960.0,6985.0,6955.0,6964.0,1950.0
2025-12-12,6991.0,6991.0,6944.0,6947.0,2730.0
2025-12-15,6970.0,6995.0,6914.0,6922.0,3820.0
2025-12-16,6940.0,6940.0,6874.0,6883.0,4690.0
2025-12-17,6858.0,6920.0,6646.0,6901.0,6080.0
2025-12-18,6910.0,6965.0,6873.0,6953.0,5870.0
2025-12-19,6968.0,6980.0,6921.0,6933.0,2400.0
2025-12-22,6873.0,6883.0,6859.0,6865.0,140.0
2025-12-23,6842.0,6850.0,6817.0,6830.0,490.0
2025-12-24,6837.0,6848.0,6795.0,6844.0,5220.0
2025-12-26,6880.0,6880.0,6821.0,6843.0,3830.0
2025-12-29,6822.0,6838.0,6720.0,6732.0,3330.0
2025-12-30,6730.0,6772.0,6718.0,6768.0,2360.0
2025-12-31,6755.0,6775.0,6685.0,6724.0,2460.0
2026-01-01,6700.0,6737.0,6700.0,6703.0,2160.0
2026-01-02,6701.0,6745.0,6700.0,6729.0,1680.0
2026-01-05,6724.0,6750.0,6666.0,6696.0,4040.0
2026-01-06,6697.0,6700.0,6626.0,6640.0,6800.0
2026-01-07,6626.0,6689.0,6610.0,6685.0,5620.0
2026-01-08,6675.0,6688.0,6644.0,6667.0,3880.0
2026-01-09,6663.0,6697.0,6648.0,6666.0,2550.0
2026-01-12,6700.0,6700.0,6618.0,6628.0,6640.0
2026-01-13,6626.0,6626.0,6520.0,6557.0,5590.0
2026-01-14,6530.0,6534.0,6475.0,6488.0,4120.0
2026-01-16,6480.0,6524.0,6480.0,6499.0,4700.0
2026-01-19,6507.0,6507.0,6412.0,6446.0,3110.0
2026-01-20,6467.0,6495.0,6410.0,6461.0,1950.0
2026-01-21,6490.0,6565.0,6490.0,6563.0,1820.0
2026-01-22,6565.0,6600.0,6517.0,6528.0,890.0
2026-01-23,6510.0,6530.0,6486.0,6516.0,890.0
2026-01-27,6485.0,6503.0,6386.0,6423.0,2410.0
2026-01-28,6376.0,6439.0,6351.0,6419.0,2270.0
2026-01-29,6440.0,6466.0,6417.0,6457.0,1260.0
2026-01-30,6470.0,6505.0,6450.0,6462.0,2870.0
2026-02-01,6472.0,6475.0,6408.0,6416.0,1190.0
2026-02-02,6363.0,6454.0,6363.0,6437.0,1430.0
2026-02-03,6459.0,6468.0,6402.0,6408.0,1900.0
2026-02-04,6405.0,6472.0,6400.0,6453.0,1880.0
2026-02-05,6450.0,6488.0,6450.0,6480.0,3670.0
2026-02-06,6470.0,6485.0,6425.0,6455.0,4350.0
2026-02-09,6425.0,6526.0,6425.0,6495.0,3880.0
2026-02-10,6508.0,6554.0,6500.0,6509.0,5400.0
2026-02-11,6495.0,6515.0,6428.0,6445.0,6120.0
2026-02-12,6464.0,6464.0,6400.0,6409.0,3220.0
2026-02-13,6391.0,6458.0,6391.0,6436.0,6480.0
2026-02-16,6430.0,6448.0,6372.0,6383.0,5010.0
2026-02-17,6370.0,6461.0,6350.0,6390.0,7520.0
2026-02-18,6395.0,6408.0,6306.0,6323.0,6710.0
2026-02-19,6326.0,6390.0,6326.0,6374.0,4720.0
2026-02-20,6370.0,6390.0,6342.0,6366.0,2170.0
2026-02-23,6352.0,6384.0,6348.0,6372.0,910.0
2026-02-24,6367.0,6385.0,6302.0,6304.0,3700.0
2026-02-25,6296.0,6340.0,6292.0,6318.0,780.0
2026-02-26,6320.0,6363.0,6290.0,6293.0,2610.0
2026-02-27,6290.0,6290.0,6256.0,6280.0,2750.0
2026-03-02,6270.0,6300.0,6258.0,6265.0,1480.0
2026-03-04,6262.0,6307.0,6168.0,6286.0,1400.0
2026-03-05,6277.0,6388.0,6277.0,6376.0,6130.0
2026-03-06,6346.0,6388.0,6315.0,6322.0,5610.0
2026-03-09,6320.0,6465.0,6320.0,6427.0,8550.0
2026-03-10,6416.0,6445.0,6380.0,6413.0,4740.0
2026-03-11,6418.0,6498.0,6400.0,6473.0,8860.0
2026-03-12,6498.0,6505.0,6402.0,6424.0,6330.0
2026-03-13,6430.0,6469.0,6410.0,6458.0,4080.0
2026-03-16,6488.0,6518.0,6430.0,6440.0,5100.0
2026-03-17,6441.0,6474.0,6416.0,6442.0,4200.0
2026-03-18,6450.0,6457.0,6426.0,6438.0,5100.0
2026-03-19,6460.0,6499.0,6425.0,6485.0,4790.0
2026-03-20,6500.0,6549.0,6464.0,6526.0,4050.0
2026-03-23,6592.0,6624.0,6552.0,6586.0,1480.0
2026-03-24,6600.0,6617.0,6583.0,6602.0,400.0
2026-03-25,6605.0,6649.0,6605.0,6644.0,950.0
2026-03-27,6621.0,6621.0,6590.0,6610.0,1430.0
2026-03-30,6610.0,6631.0,6565.0,6622.0,2190.0
2026-04-01,6615.0,6619.0,6516.0,6558.0,2150.0
2026-04-02,6552.0,6594.0,6533.0,6549.0,3030.0
2026-04-06,6500.0,6500.0,6426.0,6435.0,5270.0
2026-04-07,6421.0,6484.0,6408.0,6457.0,4430.0
2026-04-08,6416.0,6467.0,6402.0,6441.0,3870.0
2026-04-09,6415.0,6498.0,6414.0,6456.0,5370.0
2026-04-10,6465.0,6498.0,6440.0,6448.0,7950.0
2026-04-13,6448.0,6522.0,6442.0,6475.0,6560.0
2026-04-15,6470.0,6479.0,6432.0,6462.0,5430.0
2026-04-16,6470.0,6522.0,6454.0,6495.0,7110.0
2026-04-17,6490.0,6528.0,6489.0,6512.0,6840.0
2026-04-20,6486.0,6498.0,6466.0,6481.0,2730.0
2026-04-21,6621.0,6650.0,6531.0,6546.0,350.0
2026-04-22,6550.0,6583.0,6550.0,6573.0,1200.0
2026-04-23,6598.0,6598.0,6560.0,6590.0,1370.0
2026-04-24,6600.0,6615.0,6572.0,6583.0,2100.0
2026-04-27,6572.0,6580.0,6535.0,6544.0,2400.0
2026-04-28,6530.0,6588.0,6518.0,6580.0,2460.0
2026-04-29,6591.0,6619.0,6570.0,6602.0,2040.0
2026-04-30,6634.0,6688.0,6610.0,6619.0,5820.0
