date,open,high,low,close,volume
2017-01-02,6802.0,6802.0,6788.0,6794.0,70.0
2017-01-03,6800.0,6810.0,6770.0,6788.0,80.0
2017-01-04,6760.0,6760.0,6752.0,6760.0,70.0
2017-01-05,6750.0,6778.0,6750.0,6760.0,40.0
2017-01-06,6752.0,6770.0,6752.0,6766.0,50.0
2017-01-09,6800.0,6800.0,6750.0,6778.0,20.0
2017-01-10,6730.0,6730.0,6610.0,6646.0,140.0
2017-01-11,6672.0,6678.0,6616.0,6648.0,110.0
2017-01-12,6650.0,6666.0,6630.0,6646.0,60.0
2017-01-13,6644.0,6658.0,6638.0,6648.0,20.0
2017-01-16,6582.0,6620.0,6580.0,6602.0,60.0
2017-01-17,6600.0,6642.0,6574.0,6608.0,160.0
2017-01-18,6740.0,6814.0,6740.0,6774.0,260.0
2017-01-19,6760.0,6894.0,6760.0,6866.0,120.0
2017-01-20,6890.0,6998.0,6888.0,6990.0,340.0
2017-01-23,7000.0,7128.0,6998.0,7102.0,340.0
2017-01-24,7100.0,7150.0,6970.0,7044.0,380.0
2017-01-25,6914.0,6914.0,6764.0,6786.0,1070.0
2017-01-27,6808.0,6808.0,6670.0,6740.0,380.0
2017-01-30,6672.0,6686.0,6606.0,6630.0,300.0
2017-01-31,6662.0,6726.0,6602.0,6714.0,460.0
2017-02-01,6700.0,6820.0,6700.0,6804.0,260.0
2017-02-02,6822.0,6822.0,6728.0,6786.0,150.0
2017-02-03,6800.0,6830.0,6780.0,6800.0,130.0
2017-02-06,6796.0,6796.0,6722.0,6766.0,50.0
2017-02-07,6772.0,6900.0,6772.0,6894.0,250.0
2017-02-08,6862.0,6930.0,6862.0,6914.0,100.0
2017-02-09,6888.0,6900.0,6866.0,6888.0,80.0
2017-02-10,6860.0,6862.0,6782.0,6812.0,180.0
2017-02-13,6840.0,6884.0,6822.0,6854.0,190.0
2017-02-14,6820.0,6856.0,6810.0,6836.0,110.0
2017-02-15,6796.0,6972.0,6796.0,6942.0,510.0
2017-02-16,6958.0,7030.0,6920.0,6988.0,490.0
2017-02-17,6914.0,6914.0,6820.0,6850.0,630.0
2017-02-20,6812.0,6834.0,6784.0,6802.0,300.0
2017-02-21,6782.0,6832.0,6700.0,6736.0,570.0
2017-02-22,6750.0,6894.0,6706.0,6856.0,1310.0
2017-02-23,6816.0,6840.0,6750.0,6796.0,660.0
2017-02-24,6796.0,6796.0,6796.0,6796.0,
2017-02-27,6740.0,6788.0,6664.0,6734.0,320.0
2017-02-28,6792.0,6900.0,6778.0,6816.0,830.0
2017-03-01,6804.0,6824.0,6706.0,6732.0,970.0
2017-03-02,6758.0,6790.0,6740.0,6776.0,440.0
2017-03-03,6800.0,6898.0,6800.0,6832.0,900.0
2017-03-06,6830.0,6830.0,6730.0,6754.0,1700.0
2017-03-07,6734.0,6820.0,6640.0,6662.0,2330.0
2017-03-08,6636.0,6680.0,6560.0,6638.0,1150.0
2017-03-09,6642.0,6642.0,6526.0,6580.0,1590.0
2017-03-10,6642.0,6790.0,6626.0,6708.0,2270.0
2017-03-14,6680.0,6712.0,6660.0,6674.0,1160.0
2017-03-15,6706.0,6716.0,6592.0,6642.0,1430.0
2017-03-16,6640.0,6680.0,6598.0,6606.0,810.0
2017-03-17,6628.0,6644.0,6472.0,6498.0,2100.0
2017-03-20,6448.0,6520.0,6446.0,6482.0,1130.0
2017-03-21,6508.0,6558.0,6384.0,6430.0,1200.0
2017-03-22,6430.0,6448.0,6302.0,6344.0,2600.0
2017-03-23,6370.0,6590.0,6360.0,6520.0,2230.0
2017-03-24,6538.0,6600.0,6410.0,6442.0,2310.0
2017-03-27,6450.0,6540.0,6406.0,6476.0,1920.0
2017-03-28,6498.0,6510.0,6370.0,6442.0,1740.0
2017-03-29,6440.0,6482.0,6412.0,6428.0,890.0
2017-03-30,6432.0,6490.0,6382.0,6408.0,1400.0
2017-03-31,6440.0,6454.0,6362.0,6376.0,1290.0
2017-04-03,6380.0,6422.0,6320.0,6402.0,3280.0
2017-04-04,6402.0,6402.0,6402.0,6402.0,
2017-04-06,6400.0,6450.0,6314.0,6314.0,6570.0
2017-04-07,6336.0,6408.0,6254.0,6278.0,7640.0
2017-04-10,6280.0,6338.0,6200.0,6264.0,7040.0
2017-04-11,6284.0,6314.0,6226.0,6250.0,3840.0
2017-04-12,6270.0,6270.0,6160.0,6196.0,3210.0
2017-04-13,6250.0,6318.0,6210.0,6226.0,3660.0
2017-04-17,6220.0,6240.0,6110.0,6136.0,4390.0
2017-04-18,6118.0,6172.0,6072.0,6116.0,3850.0
2017-04-19,6138.0,6158.0,6050.0,6086.0,2360.0
2017-04-20,6092.0,6170.0,6092.0,6132.0,2510.0
2017-04-21,6276.0,6424.0,6276.0,6320.0,790.0
2017-04-24,6292.0,6376.0,6278.0,6322.0,550.0
2017-04-25,6346.0,6358.0,6280.0,6320.0,440.0
2017-04-26,6318.0,6318.0,6244.0,6256.0,940.0
2017-04-27,6258.0,6280.0,6164.0,6178.0,2040.0
2017-04-28,6150.0,6222.0,6110.0,6132.0,3180.0
2017-05-02,6098.0,6098.0,5888.0,5888.0,5710.0
2017-05-03,5842.0,5842.0,5654.0,5654.0,5940.0
2017-05-04,5612.0,5700.0,5522.0,5544.0,9280.0
2017-05-05,5500.0,5570.0,5434.0,5468.0,9030.0
2017-05-08,5520.0,5550.0,5440.0,5488.0,5530.0
2017-05-09,5510.0,5706.0,5510.0,5698.0,9660.0
2017-05-10,5670.0,5752.0,5586.0,5602.0,11640.0
2017-05-11,5628.0,5696.0,5612.0,5634.0,4260.0
2017-05-12,5640.0,5730.0,5634.0,5698.0,3170.0
2017-05-15,5700.0,5790.0,5664.0,5704.0,4190.0
2017-05-16,5702.0,5732.0,5590.0,5684.0,5340.0
2017-05-17,5690.0,5740.0,5616.0,5658.0,2810.0
2017-05-18,5656.0,5690.0,5452.0,5590.0,5240.0
2017-05-19,5638.0,5640.0,5566.0,5602.0,2790.0
2017-05-22,5710.0,5788.0,5710.0,5734.0,870.0
2017-05-23,5720.0,5720.0,5530.0,5554.0,1120.0
2017-05-24,5550.0,5562.0,5332.0,5340.0,2960.0
2017-05-25,5310.0,5480.0,5310.0,5464.0,3140.0
2017-05-26,5460.0,5516.0,5416.0,5488.0,940.0
2017-05-29,5450.0,5450.0,5356.0,5390.0,2340.0
2017-05-30,5342.0,5440.0,5330.0,5398.0,3190.0
2017-05-31,5400.0,5400.0,5336.0,5388.0,1080.0
2017-06-01,5390.0,5450.0,5386.0,5396.0,1610.0
2017-06-02,5410.0,5426.0,5300.0,5366.0,2360.0
2017-06-05,5370.0,5404.0,5342.0,5358.0,5880.0
2017-06-06,5362.0,5572.0,5342.0,5496.0,6760.0
2017-06-07,5478.0,5520.0,5386.0,5398.0,3710.0
2017-06-08,5398.0,5476.0,5382.0,5458.0,5430.0
2017-06-09,5456.0,5614.0,5430.0,5520.0,7760.0
2017-06-12,5520.0,5590.0,5514.0,5554.0,3550.0
2017-06-13,5548.0,5594.0,5518.0,5572.0,1540.0
2017-06-14,5586.0,5772.0,5586.0,5754.0,3740.0
2017-06-15,5740.0,5840.0,5664.0,5694.0,4300.0
2017-06-16,5712.0,5786.0,5702.0,5772.0,2140.0
2017-06-19,5800.0,6002.0,5790.0,5970.0,6080.0
2017-06-20,5962.0,6080.0,5900.0,5918.0,6440.0
2017-06-21,6012.0,6118.0,6000.0,6090.0,2880.0
2017-06-22,6200.0,6320.0,6200.0,6308.0,1480.0
2017-06-23,6300.0,6300.0,6118.0,6228.0,1780.0
2017-06-27,6256.0,6476.0,6182.0,6452.0,1450.0
2017-06-28,6364.0,6588.0,6364.0,6490.0,1140.0
2017-06-29,6470.0,6490.0,6362.0,6426.0,1320.0
2017-06-30,6408.0,6520.0,6382.0,6476.0,1290.0
2017-07-03,6538.0,6550.0,6420.0,6480.0,1610.0
2017-07-04,6560.0,6576.0,6420.0,6468.0,3960.0
2017-07-05,6444.0,6464.0,6400.0,6434.0,3570.0
2017-07-06,6412.0,6690.0,6396.0,6688.0,7670.0
2017-07-07,6710.0,6952.0,6674.0,6906.0,8580.0
2017-07-10,6954.0,7106.0,6946.0,7022.0,9240.0
2017-07-11,6992.0,7302.0,6950.0,7302.0,9140.0
2017-07-12,7300.0,7560.0,7300.0,7532.0,8570.0
2017-07-13,7472.0,7486.0,7232.0,7232.0,10220.0
2017-07-14,7210.0,7520.0,7162.0,7520.0,9010.0
2017-07-17,7630.0,7820.0,7530.0,7666.0,12530.0
2017-07-18,7604.0,7648.0,7362.0,7402.0,9500.0
2017-07-19,7394.0,7488.0,7234.0,7376.0,11050.0
2017-07-20,7332.0,7522.0,7300.0,7470.0,6980.0
2017-07-21,7536.0,7604.0,7258.0,7258.0,1940.0
2017-07-24,7210.0,7322.0,6968.0,7272.0,2610.0
2017-07-25,7262.0,7262.0,6982.0,6982.0,2900.0
2017-07-26,6968.0,7210.0,6860.0,7146.0,3490.0
2017-07-27,7146.0,7220.0,7004.0,7128.0,1970.0
2017-07-28,7130.0,7360.0,7096.0,7342.0,2120.0
2017-07-31,7440.0,7634.0,7440.0,7634.0,4970.0
2017-08-01,7642.0,7780.0,7500.0,7692.0,7930.0
2017-08-02,7686.0,7786.0,7560.0,7668.0,3800.0
2017-08-03,7650.0,7818.0,7606.0,7758.0,4140.0
2017-08-04,7770.0,7842.0,7700.0,7732.0,3520.0
2017-08-07,7794.0,7920.0,7752.0,7794.0,5460.0
2017-08-08,7750.0,7832.0,7722.0,7764.0,3690.0
2017-08-09,7740.0,7740.0,7454.0,7472.0,9910.0
2017-08-10,7440.0,7512.0,7336.0,7398.0,9120.0
2017-08-11,7438.0,7474.0,7290.0,7398.0,5860.0
2017-08-14,7350.0,7448.0,7212.0,7264.0,4800.0
2017-08-16,7214.0,7372.0,7214.0,7354.0,3620.0
2017-08-17,7330.0,7372.0,7280.0,7308.0,2590.0
2017-08-18,7310.0,7540.0,7256.0,7472.0,4500.0
2017-08-21,7500.0,7536.0,7430.0,7474.0,740.0
2017-08-22,7454.0,7506.0,7326.0,7344.0,770.0
2017-08-23,7362.0,7490.0,7356.0,7444.0,1170.0
2017-08-24,7480.0,7560.0,7464.0,7496.0,1680.0
2017-08-28,7476.0,7576.0,7348.0,7408.0,1910.0
2017-08-29,7400.0,7492.0,7340.0,7400.0,1210.0
2017-08-30,7436.0,7476.0,7402.0,7424.0,1190.0
2017-08-31,7428.0,7458.0,7362.0,7384.0,1870.0
2017-09-01,7344.0,7520.0,7282.0,7494.0,4710.0
2017-09-04,7540.0,7776.0,7540.0,7740.0,4910.0
2017-09-05,7800.0,7880.0,7664.0,7752.0,5600.0
2017-09-06,7842.0,7842.0,7636.0,7658.0,4240.0
2017-09-07,7652.0,7754.0,7556.0,7732.0,3400.0
2017-09-08,7732.0,7820.0,7690.0,7726.0,4380.0
2017-09-11,7720.0,7720.0,7622.0,7650.0,4059.9999999999995
2017-09-12,7612.0,7750.0,7550.0,7718.0,2750.0
2017-09-13,7720.0,7780.0,7600.0,7638.0,4420.0
2017-09-14,7628.0,7690.0,7610.0,7648.0,2500.0
2017-09-15,7662.0,7712.0,7570.0,7630.0,2830.0
2017-09-18,7664.0,7664.0,7570.0,7598.0,2630.0
2017-09-19,7570.0,7600.0,7460.0,7478.0,3940.0
2017-09-20,7560.0,7580.0,7472.0,7510.0,1090.0
2017-09-21,7510.0,7542.0,7394.0,7444.0,510.0
2017-09-22,7450.0,7450.0,7374.0,7408.0,520.0
2017-09-25,7402.0,7402.0,7114.0,7236.0,2210.0
2017-09-26,7250.0,7316.0,7194.0,7274.0,2470.0
2017-09-27,7282.0,7356.0,7032.0,7226.0,4800.0
2017-09-28,7230.0,7290.0,7172.0,7256.0,2540.0
2017-09-29,7258.0,7400.0,7236.0,7336.0,2400.0
2017-10-03,7376.0,7430.0,7324.0,7358.0,2630.0
2017-10-04,7370.0,7380.0,7312.0,7350.0,2170.0
2017-10-05,7302.0,7344.0,7240.0,7280.0,2420.0
2017-10-06,7310.0,7320.0,7224.0,7262.0,1170.0
2017-10-09,7252.0,7270.0,7152.0,7244.0,2150.0
2017-10-10,7250.0,7368.0,7220.0,7324.0,3320.0
2017-10-11,7318.0,7522.0,7300.0,7450.0,6130.0
2017-10-12,7420.0,7576.0,7420.0,7506.0,2340.0
2017-10-13,7516.0,7516.0,7410.0,7436.0,1780.0
2017-10-16,7454.0,7460.0,7380.0,7400.0,580.0
2017-10-17,7410.0,7460.0,7384.0,7418.0,560.0
2017-10-18,7382.0,7450.0,7370.0,7428.0,570.0
2017-10-19,7498.0,7498.0,7450.0,7468.0,200.0
2017-10-23,7456.0,7466.0,7400.0,7420.0,460.0
2017-10-24,7400.0,7424.0,7350.0,7400.0,440.0
2017-10-25,7370.0,7548.0,7370.0,7468.0,1000.0
2017-10-26,7470.0,7470.0,7242.0,7284.0,2710.0
2017-10-27,7294.0,7324.0,7262.0,7278.0,620.0
2017-10-30,7252.0,7252.0,7070.0,7124.0,1380.0
2017-10-31,7074.0,7080.0,6902.0,7056.0,2860.0
2017-11-01,7060.0,7138.0,6996.0,7050.0,1430.0
2017-11-02,7070.0,7146.0,7070.0,7136.0,940.0
2017-11-03,7158.0,7198.0,7138.0,7178.0,1950.0
2017-11-06,7178.0,7290.0,7178.0,7220.0,1670.0
2017-11-07,7266.0,7272.0,6936.0,6962.0,4500.0
2017-11-08,6974.0,7100.0,6892.0,7052.0,3460.0
2017-11-09,7100.0,7170.0,6912.0,7062.0,4370.0
2017-11-10,7024.0,7110.0,6950.0,7000.0,2830.0
2017-11-13,7020.0,7100.0,6970.0,7070.0,1700.0
2017-11-14,7098.0,7168.0,6930.0,6930.0,3290.0
2017-11-15,6806.0,6950.0,6806.0,6846.0,2990.0
2017-11-16,6852.0,6982.0,6776.0,6982.0,3330.0
2017-11-17,6980.0,7050.0,6940.0,7032.0,2100.0
2017-11-20,7022.0,7222.0,7022.0,7202.0,3370.0
2017-11-21,7282.0,7340.0,7166.0,7214.0,810.0
2017-11-22,7250.0,7290.0,7202.0,7240.0,480.0
2017-11-23,7270.0,7526.0,7212.0,7506.0,1320.0
2017-11-24,7520.0,7648.0,7404.0,7518.0,1580.0
2017-11-27,7650.0,7812.0,7650.0,7808.0,2270.0
2017-11-28,7780.0,7870.0,7630.0,7674.0,3040.0
2017-11-29,7650.0,7720.0,7610.0,7680.0,870.0
2017-11-30,7660.0,7740.0,7630.0,7720.0,1290.0
2017-12-01,7730.0,7730.0,7430.0,7494.0,1780.0
2017-12-04,7474.0,7544.0,7400.0,7438.0,2180.0
2017-12-05,7452.0,7500.0,7308.0,7360.0,3340.0
2017-12-06,7358.0,7486.0,7262.0,7444.0,2330.0
2017-12-07,7430.0,7500.0,7400.0,7472.0,2580.0
2017-12-08,7470.0,7486.0,7344.0,7414.0,2180.0
2017-12-11,7360.0,7422.0,7300.0,7384.0,2050.0
2017-12-12,7324.0,7434.0,7290.0,7384.0,1860.0
2017-12-13,7386.0,7456.0,7356.0,7436.0,1320.0
2017-12-14,7460.0,7584.0,7448.0,7522.0,2300.0
2017-12-15,7560.0,7580.0,7400.0,7464.0,1420.0
2017-12-18,7490.0,7550.0,7432.0,7522.0,940.0
2017-12-19,7530.0,7568.0,7452.0,7528.0,1180.0
2017-12-20,7556.0,7730.0,7500.0,7704.0,2770.0
2017-12-21,7760.0,7760.0,7710.0,7734.0,80.0
2017-12-22,7740.0,7864.0,7740.0,7802.0,10.0
2017-12-26,7958.0,8050.0,7950.0,7964.0,50.0
2017-12-27,7806.0,7870.0,7806.0,7838.0,10.0
2017-12-28,7960.0,7980.0,7960.0,7976.0,20.0
2017-12-29,8000.0,8000.0,7818.0,7818.0,60.0
2018-01-01,7750.0,7830.0,7670.0,7774.0,70.0
2018-01-02,7820.0,7878.0,7722.0,7802.0,60.0
2018-01-03,7702.0,7702.0,7646.0,7668.0,50.0
2018-01-04,7666.0,7698.0,7560.0,7648.0,60.0
2018-01-05,7550.0,7620.0,7496.0,7574.0,140.0
2018-01-08,7620.0,7820.0,7620.0,7704.0,120.0
2018-01-09,7670.0,7728.0,7552.0,7582.0,140.0
2018-01-10,7600.0,7650.0,7452.0,7534.0,260.0
2018-01-11,7536.0,7644.0,7536.0,7618.0,140.0
2018-01-12,7750.0,7750.0,7680.0,7708.0,100.0
2018-01-15,7672.0,7724.0,7596.0,7660.0,100.0
2018-01-16,7610.0,7632.0,7570.0,7606.0,90.0
2018-01-17,7590.0,7642.0,7546.0,7596.0,160.0
2018-01-18,7594.0,7714.0,7594.0,7636.0,80.0
2018-01-19,7600.0,7638.0,7492.0,7556.0,130.0
2018-01-22,7432.0,7444.0,7358.0,7406.0,220.0
2018-01-23,7440.0,7524.0,7400.0,7482.0,180.0
2018-01-24,7510.0,7512.0,7362.0,7434.0,250.0
2018-01-25,7402.0,7460.0,7340.0,7382.0,550.0
2018-01-29,7400.0,7468.0,7300.0,7380.0,110.0
2018-01-30,7310.0,7348.0,7240.0,7290.0,200.0
2018-01-31,7238.0,7390.0,7226.0,7314.0,360.0
2018-02-01,7310.0,7310.0,7186.0,7244.0,90.0
2018-02-02,7178.0,7288.0,7178.0,7264.0,300.0
2018-02-05,7258.0,7298.0,7154.0,7222.0,300.0
2018-02-06,7136.0,7246.0,7136.0,7194.0,250.0
2018-02-07,7200.0,7472.0,7198.0,7412.0,470.0
2018-02-08,7364.0,7400.0,7322.0,7358.0,210.0
2018-02-09,7360.0,7360.0,7270.0,7336.0,80.0
2018-02-12,7312.0,7454.0,7306.0,7344.0,370.0
2018-02-14,7390.0,7390.0,7220.0,7256.0,240.0
2018-02-15,7250.0,7300.0,7228.0,7258.0,200.0
2018-02-16,7278.0,7350.0,7278.0,7318.0,650.0
2018-02-19,7302.0,7324.0,7172.0,7172.0,370.0
2018-02-20,7136.0,7200.0,7020.0,7032.0,820.0
2018-02-21,7024.0,7134.0,7004.0,7060.0,410.0
2018-02-22,7076.0,7116.0,7020.0,7074.0,270.0
2018-02-23,7086.0,7112.0,6940.0,6966.0,930.0
2018-02-26,6884.0,6902.0,6780.0,6812.0,770.0
2018-02-27,6758.0,6850.0,6680.0,6706.0,900.0
2018-02-28,6678.0,6740.0,6618.0,6628.0,940.0
2018-03-01,6628.0,6660.0,6556.0,6584.0,520.0
2018-03-05,6600.0,6640.0,6500.0,6522.0,1340.0
2018-03-06,6550.0,6622.0,6508.0,6608.0,600.0
2018-03-07,6600.0,6850.0,6600.0,6808.0,1380.0
2018-03-08,6876.0,6876.0,6736.0,6794.0,700.0
2018-03-09,6778.0,7004.0,6760.0,6888.0,2110.0
2018-03-12,6934.0,7008.0,6764.0,6792.0,2009.9999999999998
2018-03-13,6720.0,6890.0,6720.0,6814.0,1640.0
2018-03-14,6832.0,6878.0,6806.0,6832.0,1220.0
2018-03-15,6820.0,6880.0,6800.0,6870.0,740.0
2018-03-16,6906.0,7006.0,6906.0,6976.0,1200.0
2018-03-19,7010.0,7242.0,7010.0,7138.0,3050.0
2018-03-20,7104.0,7104.0,6884.0,6904.0,1820.0
2018-03-21,6900.0,6988.0,6840.0,6890.0,1350.0
2018-03-22,6880.0,6918.0,6848.0,6888.0,830.0
2018-03-23,6900.0,6900.0,6700.0,6770.0,1840.0
2018-03-26,6744.0,6762.0,6590.0,6740.0,2930.0
2018-03-27,6630.0,6700.0,6612.0,6630.0,1480.0
2018-03-28,6670.0,6762.0,6644.0,6694.0,1600.0
2018-04-02,6660.0,6660.0,6550.0,6594.0,2760.0
2018-04-03,6606.0,6670.0,6566.0,6648.0,2370.0
2018-04-04,6642.0,6650.0,6542.0,6556.0,2580.0
2018-04-05,6580.0,6586.0,6482.0,6512.0,3220.0
2018-04-06,6572.0,6572.0,6480.0,6524.0,2310.0
2018-04-09,6482.0,6496.0,6394.0,6426.0,4940.0
2018-04-10,6480.0,6590.0,6454.0,6522.0,7370.0
2018-04-11,6494.0,6750.0,6484.0,6688.0,5390.0
2018-04-12,6700.0,6794.0,6660.0,6718.0,2640.0
2018-04-13,6750.0,6800.0,6702.0,6750.0,3120.0
2018-04-16,6788.0,6860.0,6770.0,6846.0,2190.0
2018-04-17,6814.0,6886.0,6712.0,6746.0,2770.0
2018-04-18,6750.0,6848.0,6750.0,6798.0,2520.0
2018-04-19,6864.0,6968.0,6812.0,6840.0,5660.0
2018-04-20,6870.0,6910.0,6834.0,6882.0,1730.0
2018-04-23,7004.0,7100.0,6946.0,6990.0,1340.0
2018-04-24,6990.0,6990.0,6854.0,6864.0,1900.0
2018-04-25,6840.0,6962.0,6804.0,6942.0,1480.0
2018-04-26,6996.0,7114.0,6980.0,7090.0,2710.0
2018-04-27,7110.0,7150.0,6990.0,7008.0,1970.0
2018-04-30,7072.0,7230.0,7072.0,7214.0,3990.0
2018-05-02,7342.0,7490.0,7318.0,7476.0,6070.0
2018-05-03,7506.0,7524.0,7328.0,7328.0,7400.0
2018-05-04,7364.0,7620.0,7250.0,7620.0,9960.0
2018-05-07,7718.0,7770.0,7584.0,7674.0,12050.0
2018-05-08,7614.0,7660.0,7522.0,7534.0,8920.0
2018-05-09,7530.0,7634.0,7386.0,7408.0,11270.0
2018-05-10,7432.0,7486.0,7340.0,7460.0,7600.0
2018-05-11,7488.0,7550.0,7376.0,7400.0,5450.0
2018-05-14,7362.0,7392.0,7200.0,7284.0,6030.0
2018-05-15,7296.0,7424.0,7210.0,7382.0,6790.0
2018-05-16,7400.0,7450.0,7340.0,7368.0,3830.0
2018-05-17,7420.0,7420.0,7222.0,7232.0,5170.0
2018-05-18,7250.0,7316.0,7170.0,7244.0,5590.0
2018-05-21,7340.0,7340.0,7240.0,7288.0,1330.0
2018-05-22,7318.0,7380.0,7202.0,7368.0,3990.0
2018-05-23,7370.0,7454.0,7316.0,7346.0,2280.0
2018-05-24,7324.0,7360.0,7250.0,7276.0,3070.0
2018-05-25,7280.0,7324.0,7170.0,7226.0,2390.0
2018-05-28,7200.0,7260.0,7082.0,7202.0,4960.0
2018-05-29,7200.0,7278.0,7166.0,7252.0,2600.0
2018-05-30,7270.0,7336.0,7156.0,7170.0,2900.0
2018-05-31,7180.0,7240.0,7170.0,7192.0,1810.0
2018-06-01,7242.0,7242.0,7130.0,7182.0,1780.0
2018-06-04,7184.0,7206.0,7090.0,7116.0,2500.0
2018-06-05,7122.0,7122.0,6980.0,7030.0,4590.0
2018-06-06,7040.0,7100.0,7022.0,7042.0,4310.0
2018-06-07,6982.0,7062.0,6980.0,7002.0,5590.0
2018-06-08,7028.0,7220.0,7022.0,7170.0,9110.0
2018-06-11,7180.0,7226.0,7122.0,7134.0,6140.0
2018-06-12,7134.0,7204.0,7134.0,7190.0,1660.0
2018-06-13,7200.0,7460.0,7190.0,7448.0,7580.0
2018-06-14,7460.0,7498.0,7370.0,7422.0,3890.0
2018-06-15,7474.0,7474.0,7350.0,7360.0,2500.0
2018-06-18,7356.0,7398.0,7222.0,7246.0,3410.0
2018-06-19,7240.0,7302.0,7220.0,7272.0,2400.0
2018-06-20,7278.0,7364.0,7256.0,7316.0,3170.0
2018-06-21,7410.0,7450.0,7370.0,7398.0,2500.0
2018-06-22,7406.0,7454.0,7392.0,7402.0,2450.0
2018-06-25,7438.0,7440.0,7314.0,7404.0,2000.0
2018-06-26,7378.0,7450.0,7352.0,7392.0,1930.0
2018-06-27,7372.0,7500.0,7372.0,7456.0,4970.0
2018-06-28,7434.0,7500.0,7340.0,7412.0,5580.0
2018-06-29,7364.0,7438.0,7264.0,7290.0,7280.0
2018-07-02,7310.0,7338.0,7160.0,7204.0,3040.0
2018-07-03,7170.0,7170.0,7070.0,7094.0,6270.0
2018-07-04,7112.0,7228.0,7080.0,7210.0,7830.0
2018-07-05,7176.0,7262.0,7160.0,7206.0,3930.0
2018-07-06,7194.0,7222.0,7130.0,7176.0,3550.0
2018-07-09,7148.0,7174.0,7040.0,7064.0,6090.0
2018-07-10,7064.0,7142.0,7010.0,7054.0,5860.0
2018-07-11,7050.0,7080.0,6970.0,6990.0,4320.0
2018-07-12,6968.0,6996.0,6890.0,6908.0,3710.0
2018-07-13,6884.0,6996.0,6858.0,6958.0,2790.0
2018-07-16,6960.0,7088.0,6960.0,7002.0,2780.0
2018-07-17,7014.0,7142.0,6960.0,7142.0,6400.0
2018-07-18,7180.0,7248.0,7110.0,7184.0,6130.0
2018-07-19,7230.0,7298.0,7112.0,7260.0,4130.0
2018-07-20,7250.0,7350.0,7242.0,7334.0,4770.0
2018-07-23,7336.0,7452.0,7334.0,7404.0,2730.0
2018-07-24,7438.0,7438.0,7328.0,7394.0,1730.0
2018-07-25,7352.0,7400.0,7222.0,7270.0,2920.0
2018-07-26,7330.0,7368.0,7222.0,7336.0,2310.0
2018-07-27,7384.0,7400.0,7306.0,7336.0,1970.0
2018-07-30,7416.0,7474.0,7320.0,7408.0,4300.0
2018-07-31,7350.0,7396.0,7300.0,7312.0,3040.0
2018-08-01,7340.0,7360.0,7242.0,7282.0,3000.0
2018-08-02,7318.0,7326.0,7240.0,7260.0,2480.0
2018-08-03,7318.0,7318.0,7150.0,7232.0,2900.0
2018-08-06,7198.0,7300.0,7180.0,7278.0,2840.0
2018-08-07,7270.0,7340.0,7216.0,7282.0,8180.0
2018-08-08,7298.0,7318.0,7240.0,7254.0,3960.0
2018-08-09,7250.0,7272.0,7180.0,7196.0,2570.0
2018-08-10,7218.0,7242.0,7160.0,7188.0,7800.0
2018-08-13,7190.0,7200.0,7060.0,7124.0,7670.0
2018-08-14,7102.0,7140.0,7010.0,7030.0,2790.0
2018-08-16,7050.0,7056.0,6952.0,7010.0,3250.0
2018-08-17,7012.0,7048.0,6950.0,6978.0,3660.0
2018-08-20,7024.0,7098.0,6990.0,7078.0,3390.0
2018-08-21,7158.0,7168.0,7086.0,7100.0,910.0
2018-08-23,7100.0,7100.0,6860.0,6932.0,3660.0
2018-08-24,6972.0,6972.0,6876.0,6922.0,1410.0
2018-08-27,6930.0,6998.0,6784.0,6836.0,2820.0
2018-08-28,6812.0,6890.0,6716.0,6858.0,5340.0
2018-08-29,6796.0,6916.0,6796.0,6848.0,1570.0
2018-08-30,6848.0,6894.0,6816.0,6862.0,960.0
2018-08-31,6886.0,6900.0,6860.0,6868.0,1910.0
2018-09-03,6870.0,6870.0,6790.0,6838.0,3140.0
2018-09-04,6832.0,6852.0,6794.0,6810.0,2310.0
2018-09-05,6802.0,6830.0,6716.0,6754.0,5400.0
2018-09-06,6778.0,6792.0,6650.0,6664.0,5040.0
2018-09-07,6622.0,6668.0,6594.0,6616.0,4350.0
2018-09-10,6600.0,6698.0,6600.0,6678.0,4050.0
2018-09-11,6716.0,6730.0,6642.0,6696.0,4050.0
2018-09-12,6684.0,6710.0,6650.0,6656.0,1260.0
2018-09-14,6654.0,6784.0,6654.0,6712.0,2090.0
2018-09-17,6710.0,6734.0,6578.0,6592.0,2670.0
2018-09-18,6584.0,6632.0,6532.0,6584.0,1640.0
2018-09-19,6582.0,6582.0,6464.0,6484.0,1790.0
2018-09-21,6584.0,6680.0,6534.0,6628.0,1440.0
2018-09-24,6608.0,6666.0,6570.0,6638.0,1790.0
2018-09-25,6642.0,6782.0,6572.0,6746.0,3420.0
2018-09-26,6750.0,6816.0,6712.0,6722.0,1880.0
2018-09-27,6728.0,6740.0,6600.0,6652.0,1090.0
2018-09-28,6666.0,6784.0,6634.0,6770.0,5080.0
2018-10-01,6790.0,6848.0,6750.0,6766.0,3560.0
2018-10-03,6754.0,6810.0,6754.0,6802.0,2590.0
2018-10-04,6798.0,6830.0,6752.0,6826.0,1640.0
2018-10-05,6840.0,6840.0,6690.0,6764.0,3460.0
2018-10-08,6792.0,6818.0,6630.0,6630.0,4880.0
2018-10-09,6620.0,6626.0,6540.0,6590.0,1770.0
2018-10-10,6576.0,6660.0,6576.0,6646.0,2650.0
2018-10-11,6642.0,6698.0,6600.0,6618.0,3340.0
2018-10-12,6628.0,6656.0,6524.0,6596.0,1380.0
2018-10-15,6600.0,6710.0,6560.0,6640.0,2180.0
2018-10-16,6660.0,6660.0,6508.0,6508.0,3330.0
2018-10-17,6510.0,6538.0,6460.0,6508.0,1190.0
2018-10-19,6590.0,6590.0,6520.0,6554.0,450.0
2018-10-22,6562.0,6680.0,6554.0,6592.0,620.0
2018-10-23,6608.0,6664.0,6574.0,6600.0,520.0
2018-10-24,6628.0,6676.0,6512.0,6622.0,1370.0
2018-10-25,6618.0,6710.0,6618.0,6700.0,790.0
2018-10-26,6712.0,6730.0,6680.0,6718.0,1110.0
2018-10-29,6750.0,6830.0,6744.0,6790.0,1740.0
2018-10-30,6828.0,6850.0,6780.0,6804.0,2650.0
2018-10-31,6820.0,6908.0,6718.0,6796.0,4080.0
2018-11-01,6830.0,6830.0,6712.0,6730.0,2170.0
2018-11-02,6754.0,6760.0,6638.0,6650.0,2620.0
2018-11-05,6650.0,6770.0,6604.0,6654.0,4480.0
2018-11-06,6648.0,6710.0,6600.0,6632.0,3660.0
2018-11-07,6640.0,6660.0,6562.0,6582.0,1200.0
2018-11-09,6574.0,6712.0,6534.0,6632.0,8119.999999999999
2018-11-12,6680.0,6730.0,6600.0,6624.0,6160.0
2018-11-13,6654.0,6696.0,6612.0,6624.0,1890.0
2018-11-14,6604.0,6660.0,6602.0,6624.0,1040.0
2018-11-15,6622.0,6650.0,6590.0,6604.0,1090.0
2018-11-16,6620.0,6664.0,6500.0,6518.0,3710.0
2018-11-19,6510.0,6510.0,6388.0,6458.0,2960.0
2018-11-20,6490.0,6546.0,6428.0,6478.0,1320.0
2018-11-21,6736.0,6770.0,6510.0,6564.0,2850.0
2018-11-22,6578.0,6600.0,6530.0,6558.0,1560.0
2018-11-26,6556.0,6556.0,6322.0,6466.0,2800.0
2018-11-27,6420.0,6500.0,6420.0,6448.0,1780.0
2018-11-28,6500.0,6510.0,6440.0,6488.0,730.0
2018-11-29,6492.0,6492.0,6438.0,6462.0,1250.0
2018-11-30,6498.0,6720.0,6498.0,6642.0,3820.0
2018-12-03,6758.0,6758.0,6650.0,6700.0,1120.0
2018-12-04,6680.0,6820.0,6660.0,6728.0,1680.0
2018-12-05,6724.0,6742.0,6624.0,6644.0,1390.0
2018-12-06,6642.0,6642.0,6570.0,6580.0,1720.0
2018-12-07,6552.0,6598.0,6512.0,6580.0,720.0
2018-12-10,6462.0,6650.0,6462.0,6584.0,2480.0
2018-12-11,6610.0,6610.0,6522.0,6562.0,1300.0
2018-12-12,6540.0,6608.0,6540.0,6556.0,340.0
2018-12-13,6530.0,6766.0,6480.0,6738.0,2720.0
2018-12-14,6744.0,6974.0,6736.0,6914.0,4960.0
2018-12-17,6998.0,6998.0,6708.0,6748.0,3450.0
2018-12-18,6836.0,6836.0,6700.0,6776.0,2460.0
2018-12-19,6750.0,6796.0,6730.0,6752.0,1130.0
2018-12-20,6750.0,6768.0,6638.0,6650.0,2420.0
2018-12-21,6630.0,6630.0,6630.0,6630.0,10.0
2018-12-24,6630.0,6630.0,6630.0,6630.0,
2018-12-26,6690.0,6868.0,6690.0,6794.0,180.0
2018-12-27,6794.0,6794.0,6794.0,6794.0,
2018-12-28,6794.0,6794.0,6794.0,6794.0,10.0
2018-12-31,6670.0,6822.0,6670.0,6762.0,20.0
2019-01-01,6750.0,6760.0,6750.0,6760.0,60.0
2019-01-02,6720.0,6720.0,6720.0,6720.0,10.0
2019-01-03,6674.0,6710.0,6588.0,6682.0,60.0
2019-01-04,6682.0,6682.0,6682.0,6682.0,
2019-01-07,6680.0,6680.0,6680.0,6680.0,10.0
2019-01-08,6612.0,6640.0,6604.0,6620.0,20.0
2019-01-09,6610.0,6666.0,6608.0,6642.0,130.0
2019-01-10,6700.0,6702.0,6680.0,6694.0,20.0
2019-01-11,6644.0,6648.0,6644.0,6646.0,30.0
2019-01-14,6664.0,6682.0,6664.0,6674.0,40.0
2019-01-15,6674.0,6674.0,6674.0,6674.0,
2019-01-16,6694.0,6700.0,6564.0,6642.0,270.0
2019-01-17,6596.0,6628.0,6510.0,6566.0,220.0
2019-01-18,6540.0,6576.0,6464.0,6518.0,80.0
2019-01-21,6572.0,6688.0,6572.0,6664.0,110.0
2019-01-22,6610.0,6660.0,6584.0,6636.0,300.0
2019-01-23,6632.0,6638.0,6480.0,6530.0,610.0
2019-01-24,6558.0,6558.0,6518.0,6532.0,40.0
2019-01-25,6452.0,6560.0,6452.0,6524.0,230.0
2019-01-28,6538.0,6574.0,6538.0,6566.0,80.0
2019-01-29,6560.0,6580.0,6440.0,6464.0,290.0
2019-01-30,6392.0,6482.0,6392.0,6452.0,50.0
2019-01-31,6458.0,6480.0,6390.0,6426.0,280.0
2019-02-01,6450.0,6480.0,6418.0,6452.0,170.0
2019-02-04,6450.0,6462.0,6448.0,6456.0,30.0
2019-02-05,6448.0,6460.0,6380.0,6442.0,250.0
2019-02-06,6416.0,6418.0,6314.0,6360.0,200.0
2019-02-07,6330.0,6420.0,6330.0,6364.0,280.0
2019-02-08,6366.0,6410.0,6366.0,6380.0,50.0
2019-02-11,6390.0,6424.0,6326.0,6410.0,210.0
2019-02-12,6392.0,6412.0,6352.0,6396.0,190.0
2019-02-13,6340.0,6402.0,6330.0,6362.0,210.0
2019-02-14,6384.0,6446.0,6384.0,6428.0,370.0
2019-02-15,6400.0,6418.0,6360.0,6394.0,200.0
2019-02-18,6358.0,6388.0,6300.0,6350.0,760.0
2019-02-19,6350.0,6368.0,6306.0,6350.0,250.0
2019-02-20,6312.0,6320.0,6280.0,6298.0,190.0
2019-02-21,6298.0,6348.0,6290.0,6304.0,290.0
2019-02-22,6300.0,6310.0,6260.0,6294.0,240.0
2019-02-25,6244.0,6250.0,6196.0,6202.0,680.0
2019-02-26,6210.0,6230.0,6210.0,6222.0,200.0
2019-02-27,6250.0,6320.0,6242.0,6292.0,440.0
2019-02-28,6300.0,6400.0,6274.0,6332.0,860.0
2019-03-01,6348.0,6390.0,6340.0,6362.0,700.0
2019-03-05,6438.0,6488.0,6380.0,6406.0,1400.0
2019-03-06,6388.0,6460.0,6388.0,6444.0,320.0
2019-03-07,6424.0,6432.0,6372.0,6402.0,350.0
2019-03-08,6420.0,6468.0,6420.0,6460.0,500.0
2019-03-11,6460.0,6510.0,6426.0,6492.0,1040.0
2019-03-12,6472.0,6510.0,6298.0,6320.0,1140.0
2019-03-13,6348.0,6374.0,6342.0,6364.0,890.0
2019-03-14,6360.0,6384.0,6300.0,6322.0,650.0
2019-03-15,6286.0,6318.0,6266.0,6298.0,500.0
2019-03-18,6222.0,6252.0,6138.0,6172.0,1630.0
2019-03-19,6190.0,6200.0,6152.0,6164.0,570.0
2019-03-20,6124.0,6184.0,6100.0,6168.0,610.0
2019-03-22,6170.0,6184.0,6100.0,6128.0,1130.0
2019-03-25,6110.0,6150.0,6020.0,6042.0,1340.0
2019-03-26,6052.0,6230.0,6000.0,6192.0,2580.0
2019-03-27,6208.0,6230.0,6150.0,6162.0,1690.0
2019-03-28,6162.0,6230.0,6150.0,6190.0,1460.0
2019-03-29,6164.0,6212.0,6148.0,6162.0,1380.0
2019-04-01,6170.0,6354.0,6170.0,6328.0,3700.0
2019-04-02,6342.0,6452.0,6330.0,6442.0,4540.0
2019-04-03,6466.0,6570.0,6410.0,6452.0,6360.0
2019-04-04,6484.0,6522.0,6432.0,6470.0,3060.0
2019-04-05,6530.0,6640.0,6446.0,6530.0,7870.0
2019-04-08,6416.0,6790.0,6408.0,6778.0,10690.0
2019-04-09,6784.0,6784.0,6650.0,6682.0,5830.0
2019-04-10,6660.0,6770.0,6602.0,6654.0,6760.0
2019-04-11,6652.0,6678.0,6560.0,6624.0,3620.0
2019-04-12,6640.0,6700.0,6590.0,6608.0,2420.0
2019-04-15,6562.0,6612.0,6368.0,6384.0,5300.0
2019-04-16,6352.0,6430.0,6258.0,6380.0,5340.0
2019-04-18,6524.0,6596.0,6476.0,6530.0,670.0
2019-04-22,6598.0,6598.0,6390.0,6430.0,1380.0
2019-04-23,6456.0,6500.0,6440.0,6458.0,2009.9999999999998
2019-04-24,6444.0,6524.0,6418.0,6470.0,2009.9999999999998
2019-04-25,6510.0,6680.0,6510.0,6616.0,3150.0
2019-04-26,6634.0,6700.0,6510.0,6566.0,3310.0
2019-04-30,6630.0,6640.0,6500.0,6520.0,4590.0
2019-05-02,6544.0,6580.0,6440.0,6512.0,3680.0
2019-05-03,6526.0,6570.0,6492.0,6510.0,2700.0
2019-05-06,6522.0,6580.0,6470.0,6480.0,3410.0
2019-05-07,6462.0,6536.0,6462.0,6492.0,3690.0
2019-05-08,6510.0,6534.0,6460.0,6504.0,6320.0
2019-05-09,6498.0,6620.0,6474.0,6598.0,6630.0
2019-05-10,6584.0,6644.0,6560.0,6582.0,4390.0
2019-05-13,6600.0,6746.0,6520.0,6702.0,5640.0
2019-05-14,6710.0,6786.0,6682.0,6728.0,3970.0
2019-05-15,6730.0,6996.0,6696.0,6996.0,9150.0
2019-05-16,7030.0,7234.0,6970.0,7144.0,10490.0
2019-05-17,7106.0,7190.0,7002.0,7104.0,7090.0
2019-05-20,7108.0,7188.0,7050.0,7136.0,4230.0
2019-05-21,7236.0,7440.0,7230.0,7372.0,3310.0
2019-05-22,7380.0,7444.0,7270.0,7294.0,3790.0
2019-05-23,7308.0,7312.0,7234.0,7274.0,1840.0
2019-05-24,7268.0,7292.0,7130.0,7152.0,2510.0
2019-05-27,7150.0,7150.0,6940.0,6956.0,4870.0
2019-05-28,6978.0,7030.0,6842.0,6902.0,5250.0
2019-05-29,6974.0,7010.0,6896.0,6986.0,3400.0
2019-05-30,6990.0,7166.0,6892.0,7096.0,7640.0
2019-05-31,7100.0,7144.0,6986.0,7006.0,5130.0
2019-06-03,7014.0,7030.0,6912.0,6958.0,2370.0
2019-06-04,6970.0,6990.0,6870.0,6956.0,5570.0
2019-06-06,6970.0,7014.0,6818.0,6838.0,6920.0
2019-06-07,6830.0,6872.0,6770.0,6808.0,6920.0
2019-06-10,6800.0,6860.0,6712.0,6734.0,4620.0
2019-06-11,6778.0,6780.0,6520.0,6706.0,7800.0
2019-06-12,6738.0,6784.0,6706.0,6766.0,2250.0
2019-06-13,6786.0,6820.0,6662.0,6680.0,2580.0
2019-06-14,6698.0,6700.0,6624.0,6642.0,2220.0
2019-06-17,6640.0,6700.0,6560.0,6580.0,3150.0
2019-06-18,6604.0,6618.0,6334.0,6352.0,6370.0
2019-06-19,6370.0,6448.0,6318.0,6350.0,3500.0
2019-06-20,6304.0,6440.0,6304.0,6374.0,2690.0
2019-06-21,6760.0,6796.0,6652.0,6686.0,1700.0
2019-06-24,6706.0,6730.0,6588.0,6682.0,1860.0
2019-06-25,6686.0,6814.0,6686.0,6744.0,1580.0
2019-06-26,6724.0,6740.0,6660.0,6690.0,1370.0
2019-06-27,6718.0,6728.0,6610.0,6630.0,1540.0
2019-06-28,6634.0,6782.0,6614.0,6752.0,4120.0
2019-07-01,6702.0,6784.0,6684.0,6768.0,4650.0
2019-07-02,6764.0,6766.0,6600.0,6664.0,4570.0
2019-07-03,6660.0,6686.0,6598.0,6624.0,2890.0
2019-07-04,6640.0,6668.0,6600.0,6618.0,1990.0
2019-07-05,6640.0,6688.0,6610.0,6618.0,2460.0
2019-07-08,6622.0,6622.0,6538.0,6564.0,4190.0
2019-07-09,6482.0,6766.0,6482.0,6702.0,5660.0
2019-07-10,6720.0,6790.0,6634.0,6706.0,7960.0
2019-07-11,6726.0,6770.0,6660.0,6682.0,3790.0
2019-07-12,6736.0,6778.0,6668.0,6732.0,3010.0
2019-07-15,6790.0,7000.0,6740.0,7000.0,7190.0
2019-07-16,7028.0,7274.0,6952.0,7120.0,9100.0
2019-07-17,7122.0,7224.0,7084.0,7196.0,5660.0
2019-07-18,7180.0,7190.0,7054.0,7054.0,4580.0
2019-07-19,7080.0,7180.0,6982.0,7132.0,5550.0
2019-07-22,7184.0,7242.0,7130.0,7160.0,1330.0
2019-07-23,7192.0,7248.0,7018.0,7018.0,2500.0
2019-07-24,7002.0,7094.0,6944.0,6962.0,1740.0
2019-07-25,6960.0,7000.0,6892.0,6994.0,1480.0
2019-07-26,6952.0,7024.0,6882.0,6998.0,2060.0
2019-07-29,6960.0,6980.0,6800.0,6836.0,2160.0
2019-07-30,6810.0,6824.0,6750.0,6780.0,2570.0
2019-07-31,6792.0,6874.0,6764.0,6800.0,2350.0
2019-08-01,6818.0,6858.0,6740.0,6756.0,2020.0
2019-08-02,6760.0,6774.0,6652.0,6678.0,2800.0
2019-08-05,6720.0,6720.0,6546.0,6596.0,4450.0
2019-08-06,6580.0,6750.0,6568.0,6668.0,2960.0
2019-08-07,6690.0,6704.0,6630.0,6644.0,2880.0
2019-08-08,6690.0,6776.0,6572.0,6694.0,4830.0
2019-08-09,6726.0,6960.0,6680.0,6960.0,8750.0
2019-08-13,7040.0,7198.0,6920.0,7010.0,7750.0
2019-08-14,7022.0,7022.0,6876.0,6934.0,3350.0
2019-08-16,6908.0,7124.0,6908.0,7076.0,4780.0
2019-08-19,7168.0,7200.0,6952.0,7030.0,4350.0
2019-08-20,6972.0,7058.0,6914.0,6972.0,2790.0
2019-08-21,7062.0,7092.0,7030.0,7044.0,630.0
2019-08-22,7038.0,7066.0,6872.0,6886.0,1230.0
2019-08-23,6898.0,6960.0,6872.0,6934.0,2120.0
2019-08-26,6938.0,6952.0,6812.0,6828.0,1760.0
2019-08-27,6830.0,6910.0,6794.0,6872.0,1840.0
2019-08-28,6890.0,6924.0,6832.0,6896.0,1640.0
2019-08-29,6882.0,6940.0,6840.0,6858.0,1470.0
2019-08-30,6870.0,6898.0,6824.0,6868.0,650.0
2019-09-03,6842.0,6864.0,6656.0,6684.0,2940.0
2019-09-04,6634.0,6720.0,6552.0,6570.0,4140.0
2019-09-05,6538.0,6660.0,6480.0,6650.0,4070.0000000000005
2019-09-06,6670.0,6848.0,6630.0,6742.0,6350.0
2019-09-09,6766.0,6782.0,6660.0,6686.0,5740.0
2019-09-11,6666.0,6690.0,6600.0,6626.0,5810.0
2019-09-12,6640.0,6656.0,6544.0,6560.0,2540.0
2019-09-13,6560.0,6588.0,6382.0,6408.0,4240.0
2019-09-16,6418.0,6418.0,6158.0,6234.0,5540.0
2019-09-17,6260.0,6356.0,6230.0,6298.0,4890.0
2019-09-18,6318.0,6320.0,6114.0,6132.0,4220.0
2019-09-19,6126.0,6236.0,6080.0,6120.0,3070.0
2019-09-20,6138.0,6188.0,6036.0,6130.0,4390.0
2019-09-23,6164.0,6170.0,6074.0,6138.0,1310.0
2019-09-24,6124.0,6320.0,6124.0,6270.0,2120.0
2019-09-25,6310.0,6310.0,6160.0,6262.0,1080.0
2019-09-26,6270.0,6340.0,6250.0,6264.0,1590.0
2019-09-27,6274.0,6274.0,6140.0,6140.0,1660.0
2019-09-30,6140.0,6188.0,6102.0,6160.0,1140.0
2019-10-01,6178.0,6228.0,5914.0,5928.0,3220.0
2019-10-03,5940.0,6044.0,5866.0,6002.0,2650.0
2019-10-04,5990.0,6098.0,5952.0,6026.0,2800.0
2019-10-07,6080.0,6146.0,6014.0,6100.0,4070.0000000000005
2019-10-09,6084.0,6130.0,5942.0,5992.0,3960.0
2019-10-10,5986.0,6032.0,5810.0,5836.0,5050.0
2019-10-11,5808.0,5890.0,5762.0,5852.0,4450.0
2019-10-14,5880.0,5920.0,5806.0,5822.0,1780.0
2019-10-15,5834.0,5876.0,5784.0,5818.0,1660.0
2019-10-16,5818.0,5848.0,5770.0,5800.0,1500.0
2019-10-17,5798.0,5848.0,5732.0,5760.0,1410.0
2019-10-18,5722.0,5788.0,5710.0,5750.0,1000.0
2019-10-22,5834.0,5948.0,5834.0,5944.0,2280.0
2019-10-23,5962.0,6148.0,5892.0,6112.0,2390.0
2019-10-24,6120.0,6180.0,5892.0,5980.0,3200.0
2019-10-25,6008.0,6146.0,6008.0,6116.0,1620.0
2019-10-27,6238.0,6248.0,6126.0,6172.0,840.0
2019-10-29,6196.0,6226.0,6052.0,6152.0,3310.0
2019-10-30,6142.0,6212.0,6106.0,6144.0,2630.0
2019-10-31,6170.0,6180.0,6128.0,6150.0,600.0
2019-11-01,6186.0,6320.0,6166.0,6298.0,2400.0
2019-11-04,6350.0,6470.0,6350.0,6422.0,3610.0
2019-11-05,6448.0,6450.0,6300.0,6336.0,2350.0
2019-11-06,6308.0,6386.0,6280.0,6366.0,2530.0
2019-11-07,6350.0,6400.0,6300.0,6380.0,1460.0
2019-11-08,6350.0,6350.0,6126.0,6140.0,5780.0
2019-11-11,6142.0,6190.0,5960.0,5990.0,4800.0
2019-11-13,5982.0,6024.0,5848.0,5870.0,3200.0
2019-11-14,5900.0,6016.0,5862.0,5970.0,2410.0
2019-11-15,5980.0,6000.0,5890.0,5928.0,2300.0
2019-11-18,5900.0,5942.0,5752.0,5784.0,2560.0
2019-11-19,5760.0,5890.0,5760.0,5820.0,1630.0
2019-11-20,5844.0,5870.0,5800.0,5812.0,740.0
2019-11-21,6230.0,6254.0,6158.0,6202.0,300.0
2019-11-22,6200.0,6200.0,6078.0,6116.0,500.0
2019-11-25,6062.0,6180.0,6006.0,6022.0,780.0
2019-11-26,6006.0,6050.0,5940.0,5974.0,550.0
2019-11-27,6034.0,6136.0,5982.0,6018.0,410.0
2019-11-28,6012.0,6040.0,5980.0,6010.0,350.0
2019-11-29,6044.0,6098.0,6002.0,6062.0,490.0
2019-12-02,6032.0,6090.0,6002.0,6066.0,520.0
2019-12-03,6082.0,6082.0,5946.0,5988.0,1360.0
2019-12-04,5970.0,6014.0,5870.0,5880.0,1110.0
2019-12-05,5870.0,5950.0,5842.0,5878.0,1770.0
2019-12-06,5886.0,5938.0,5872.0,5902.0,1820.0
2019-12-09,5902.0,5962.0,5844.0,5934.0,3410.0
2019-12-10,5964.0,5964.0,5902.0,5942.0,1460.0
2019-12-11,5926.0,6178.0,5926.0,6178.0,3650.0
2019-12-12,6218.0,6338.0,6210.0,6278.0,3690.0
2019-12-13,6240.0,6308.0,6160.0,6184.0,2420.0
2019-12-16,6200.0,6266.0,6120.0,6166.0,1320.0
2019-12-17,6152.0,6238.0,6152.0,6206.0,1090.0
2019-12-18,6182.0,6310.0,6134.0,6264.0,3930.0
2019-12-19,6266.0,6292.0,6170.0,6246.0,1560.0
2019-12-20,6282.0,6290.0,6068.0,6096.0,2580.0
2019-12-23,5992.0,6048.0,5942.0,6000.0,680.0
2019-12-24,5942.0,6068.0,5942.0,6044.0,150.0
2019-12-26,6074.0,6284.0,6044.0,6284.0,1550.0
2019-12-27,6308.0,6534.0,6284.0,6518.0,3070.0
2019-12-30,6472.0,6622.0,6424.0,6510.0,1020.0
2019-12-31,6476.0,6550.0,6420.0,6474.0,330.0
2020-01-01,6414.0,6550.0,6388.0,6514.0,550.0
2020-01-02,6536.0,6710.0,6510.0,6608.0,1000.0
2020-01-03,6640.0,6648.0,6418.0,6440.0,880.0
2020-01-06,6402.0,6410.0,6184.0,6184.0,1080.0
2020-01-07,6152.0,6390.0,6120.0,6368.0,1790.0
2020-01-08,6320.0,6480.0,6310.0,6404.0,1230.0
2020-01-09,6328.0,6384.0,6246.0,6278.0,690.0
2020-01-10,6240.0,6320.0,6240.0,6248.0,360.0
2020-01-13,6260.0,6372.0,6230.0,6256.0,1010.0
2020-01-14,6290.0,6346.0,6254.0,6312.0,490.0
2020-01-15,6300.0,6358.0,6262.0,6318.0,380.0
2020-01-16,6350.0,6364.0,6220.0,6282.0,310.0
2020-01-17,6272.0,6320.0,6270.0,6298.0,140.0
2020-01-20,6272.0,6272.0,6142.0,6156.0,810.0
2020-01-21,6190.0,6196.0,6102.0,6172.0,600.0
2020-01-22,6170.0,6216.0,6128.0,6152.0,330.0
2020-01-23,6128.0,6170.0,6106.0,6136.0,260.0
2020-01-24,6170.0,6280.0,6150.0,6256.0,370.0
2020-01-27,6226.0,6226.0,6084.0,6110.0,400.0
2020-01-28,6102.0,6160.0,6054.0,6084.0,500.0
2020-01-29,6090.0,6150.0,5964.0,5974.0,690.0
2020-01-30,5942.0,6000.0,5900.0,5944.0,890.0
2020-01-31,6062.0,6062.0,5856.0,5892.0,470.0
2020-02-01,5930.0,5940.0,5830.0,5852.0,500.0
2020-02-03,5858.0,5908.0,5830.0,5878.0,500.0
2020-02-04,5878.0,6010.0,5854.0,5992.0,600.0
2020-02-05,5962.0,5962.0,5912.0,5930.0,170.0
2020-02-06,5940.0,5970.0,5882.0,5926.0,200.0
2020-02-07,5886.0,5912.0,5842.0,5872.0,370.0
2020-02-10,5852.0,5910.0,5852.0,5898.0,620.0
2020-02-11,5898.0,5898.0,5832.0,5870.0,190.0
2020-02-12,5846.0,5900.0,5828.0,5862.0,210.0
2020-02-13,5886.0,5886.0,5800.0,5846.0,340.0
2020-02-14,5822.0,5880.0,5822.0,5854.0,330.0
2020-02-17,5824.0,5910.0,5804.0,5886.0,650.0
2020-02-18,5908.0,6002.0,5852.0,5988.0,1370.0
2020-02-19,6000.0,6194.0,5972.0,6164.0,1850.0
2020-02-20,6142.0,6236.0,6090.0,6100.0,1340.0
2020-02-24,6070.0,6132.0,5890.0,5954.0,1460.0
2020-02-25,5988.0,6008.0,5930.0,5960.0,750.0
2020-02-26,5950.0,5998.0,5882.0,5894.0,700.0
2020-02-27,5840.0,6090.0,5800.0,6052.0,1240.0
2020-02-28,5986.0,6060.0,5940.0,6014.0,970.0
2020-03-02,6040.0,6040.0,5930.0,5948.0,670.0
2020-03-03,5970.0,6090.0,5956.0,6072.0,960.0
2020-03-04,6072.0,6080.0,5976.0,5998.0,1200.0
2020-03-05,5980.0,6096.0,5940.0,6010.0,1240.0
2020-03-06,6060.0,6060.0,5944.0,5960.0,860.0
2020-03-09,5850.0,5880.0,5726.0,5734.0,3420.0
2020-03-11,5740.0,5860.0,5710.0,5748.0,2110.0
2020-03-12,5700.0,5714.0,5524.0,5566.0,2990.0
2020-03-13,5520.0,5638.0,5354.0,5496.0,3950.0
2020-03-16,5518.0,5518.0,5354.0,5426.0,1930.0
2020-03-17,5430.0,5534.0,5402.0,5534.0,580.0
2020-03-18,5588.0,5600.0,5462.0,5558.0,1110.0
2020-03-19,5500.0,5570.0,5478.0,5524.0,540.0
2020-03-20,5574.0,5630.0,5490.0,5600.0,890.0
2020-03-23,5656.0,5716.0,5510.0,5532.0,730.0
2020-03-24,5588.0,5678.0,5550.0,5602.0,380.0
2020-03-25,5630.0,5826.0,5628.0,5806.0,620.0
2020-03-26,5840.0,5946.0,5758.0,5772.0,850.0
2020-03-27,5822.0,5822.0,5696.0,5740.0,320.0
2020-03-30,5780.0,5854.0,5780.0,5828.0,820.0
2020-03-31,5794.0,5840.0,5780.0,5814.0,240.0
2020-04-01,5808.0,5824.0,5758.0,5790.0,610.0
2020-04-03,5730.0,5800.0,5694.0,5712.0,500.0
2020-04-07,5724.0,5804.0,5722.0,5786.0,1070.0
2020-04-08,5800.0,5848.0,5732.0,5762.0,900.0
2020-04-09,5778.0,5990.0,5778.0,5972.0,3280.0
2020-04-13,6028.0,6074.0,5942.0,5980.0,2690.0
2020-04-15,6026.0,6026.0,5764.0,5838.0,1310.0
2020-04-16,5850.0,5910.0,5784.0,5808.0,570.0
2020-04-17,5828.0,5840.0,5764.0,5786.0,450.0
2020-04-20,5786.0,5786.0,5556.0,5556.0,1960.0
2020-04-21,5506.0,5508.0,5372.0,5436.0,1980.0
2020-04-22,5414.0,5424.0,5354.0,5382.0,810.0
2020-04-23,5398.0,5532.0,5398.0,5488.0,840.0
2020-04-24,5496.0,5510.0,5410.0,5438.0,490.0
2020-04-27,5408.0,5490.0,5362.0,5382.0,600.0
2020-04-28,5360.0,5540.0,5354.0,5484.0,960.0
2020-04-29,5480.0,5512.0,5414.0,5436.0,820.0
2020-04-30,5424.0,5520.0,5414.0,5498.0,730.0
2020-05-04,5462.0,5562.0,5372.0,5400.0,1070.0
2020-05-05,5386.0,5436.0,5320.0,5360.0,1340.0
2020-05-06,5344.0,5354.0,5290.0,5332.0,920.0
2020-05-07,5350.0,5416.0,5280.0,5376.0,2700.0
2020-05-08,5414.0,5436.0,5342.0,5378.0,2170.0
2020-05-11,5328.0,5376.0,5292.0,5304.0,1100.0
2020-05-12,5300.0,5340.0,5198.0,5234.0,2029.9999999999998
2020-05-13,5212.0,5316.0,5212.0,5252.0,1010.0
2020-05-14,5240.0,5260.0,5160.0,5178.0,900.0
2020-05-15,5150.0,5280.0,5150.0,5280.0,1010.0
2020-05-18,5308.0,5438.0,5308.0,5342.0,1450.0
2020-05-19,5350.0,5366.0,5236.0,5256.0,1080.0
2020-05-20,5250.0,5312.0,5238.0,5288.0,500.0
2020-05-21,5378.0,5380.0,5310.0,5360.0,690.0
2020-05-22,5350.0,5430.0,5340.0,5418.0,440.0
2020-05-26,5460.0,5526.0,5450.0,5488.0,320.0
2020-05-27,5442.0,5442.0,5370.0,5380.0,800.0
2020-05-28,5370.0,5390.0,5366.0,5374.0,450.0
2020-05-29,5380.0,5380.0,5284.0,5304.0,780.0
2020-06-01,5272.0,5340.0,5248.0,5270.0,950.0
2020-06-02,5298.0,5300.0,5256.0,5288.0,840.0
2020-06-03,5280.0,5328.0,5270.0,5306.0,1010.0
2020-06-04,5308.0,5328.0,5252.0,5308.0,1070.0
2020-06-05,5326.0,5520.0,5320.0,5488.0,2930.0
2020-06-08,5500.0,5676.0,5410.0,5614.0,3290.0
2020-06-09,5580.0,5698.0,5494.0,5524.0,2760.0
2020-06-10,5538.0,5542.0,5450.0,5502.0,1190.0
2020-06-11,5480.0,5550.0,5464.0,5524.0,1100.0
2020-06-12,5480.0,5518.0,5434.0,5476.0,1270.0
2020-06-15,5510.0,5556.0,5484.0,5542.0,1420.0
2020-06-16,5560.0,5570.0,5490.0,5524.0,460.0
2020-06-17,5520.0,5600.0,5510.0,5528.0,860.0
2020-06-18,5542.0,5666.0,5538.0,5648.0,2580.0
2020-06-19,5650.0,5772.0,5650.0,5682.0,2490.0
2020-06-22,5828.0,5864.0,5754.0,5778.0,660.0
2020-06-23,5762.0,5790.0,5700.0,5768.0,540.0
2020-06-24,5816.0,5850.0,5788.0,5800.0,390.0
2020-06-25,5800.0,5916.0,5780.0,5898.0,560.0
2020-06-26,5900.0,5932.0,5846.0,5860.0,440.0
2020-06-29,5840.0,5890.0,5720.0,5742.0,820.0
2020-06-30,5748.0,5804.0,5690.0,5784.0,690.0
2020-07-01,5770.0,5800.0,5766.0,5790.0,240.0
2020-07-02,5770.0,5800.0,5700.0,5708.0,1080.0
2020-07-03,5690.0,5726.0,5606.0,5616.0,1530.0
2020-07-06,5600.0,5658.0,5556.0,5618.0,1320.0
2020-07-07,5602.0,5730.0,5588.0,5722.0,1740.0
2020-07-08,5728.0,5764.0,5700.0,5732.0,1170.0
2020-07-09,5748.0,5770.0,5716.0,5738.0,1620.0
2020-07-10,5710.0,5728.0,5670.0,5680.0,2130.0
2020-07-13,5698.0,5706.0,5568.0,5586.0,2560.0
2020-07-14,5572.0,5630.0,5560.0,5594.0,640.0
2020-07-15,5622.0,5656.0,5598.0,5606.0,800.0
2020-07-16,5600.0,5624.0,5510.0,5522.0,1060.0
2020-07-17,5520.0,5628.0,5490.0,5604.0,1690.0
2020-07-20,5720.0,5790.0,5716.0,5768.0,370.0
2020-07-21,5724.0,5724.0,5708.0,5716.0,40.0
2020-07-22,5740.0,5814.0,5730.0,5786.0,350.0
2020-07-23,5810.0,5900.0,5792.0,5900.0,580.0
2020-07-24,5940.0,5970.0,5888.0,5912.0,920.0
2020-07-27,5934.0,5938.0,5794.0,5850.0,830.0
2020-07-28,5804.0,5858.0,5786.0,5808.0,710.0
2020-07-29,5840.0,5846.0,5798.0,5822.0,650.0
2020-07-30,5810.0,5884.0,5792.0,5804.0,830.0
2020-07-31,5840.0,5854.0,5802.0,5824.0,380.0
2020-08-03,5874.0,5998.0,5860.0,5932.0,2200.0
2020-08-04,5890.0,5958.0,5890.0,5922.0,2130.0
2020-08-05,5930.0,5962.0,5900.0,5908.0,1270.0
2020-08-06,5936.0,5982.0,5910.0,5934.0,1920.0
2020-08-07,5882.0,5950.0,5882.0,5908.0,1650.0
2020-08-10,5950.0,6010.0,5812.0,5848.0,3460.0
2020-08-11,5898.0,5898.0,5734.0,5782.0,2440.0
2020-08-12,5772.0,5868.0,5738.0,5856.0,1750.0
2020-08-13,5832.0,5858.0,5768.0,5782.0,1240.0
2020-08-14,5800.0,5818.0,5752.0,5780.0,1360.0
2020-08-17,5830.0,5830.0,5780.0,5788.0,980.0
2020-08-18,5808.0,5862.0,5800.0,5812.0,790.0
2020-08-19,5844.0,5870.0,5796.0,5854.0,850.0
2020-08-20,5852.0,5852.0,5768.0,5786.0,1440.0
2020-08-21,5860.0,5900.0,5860.0,5886.0,210.0
2020-08-24,5906.0,6120.0,5884.0,6120.0,990.0
2020-08-25,6210.0,6348.0,6206.0,6234.0,1850.0
2020-08-26,6250.0,6300.0,6160.0,6216.0,1750.0
2020-08-27,6280.0,6300.0,6198.0,6228.0,1370.0
2020-08-28,6232.0,6296.0,6190.0,6206.0,1160.0
2020-08-31,6222.0,6280.0,6170.0,6244.0,2070.0
2020-09-01,6260.0,6290.0,6122.0,6168.0,2580.0
2020-09-02,6160.0,6198.0,6070.0,6110.0,2940.0
2020-09-03,6100.0,6104.0,6022.0,6060.0,2310.0
2020-09-04,6052.0,6064.0,5840.0,5912.0,3730.0
2020-09-07,5900.0,5900.0,5710.0,5826.0,3190.0
2020-09-08,5850.0,5868.0,5780.0,5810.0,1750.0
2020-09-09,5824.0,5888.0,5824.0,5874.0,1980.0
2020-09-10,5896.0,6048.0,5894.0,6036.0,3830.0
2020-09-11,6076.0,6122.0,6000.0,6026.0,2880.0
2020-09-14,6020.0,6068.0,5906.0,5906.0,2960.0
2020-09-15,5882.0,5942.0,5882.0,5938.0,650.0
2020-09-16,5944.0,5944.0,5842.0,5894.0,1190.0
2020-09-17,5894.0,5960.0,5866.0,5896.0,850.0
2020-09-18,5888.0,5952.0,5870.0,5932.0,1060.0
2020-09-21,6022.0,6050.0,5884.0,5904.0,630.0
2020-09-22,5916.0,5916.0,5796.0,5854.0,500.0
2020-09-23,5898.0,5900.0,5828.0,5866.0,540.0
2020-09-24,5880.0,5880.0,5750.0,5778.0,790.0
2020-09-25,5810.0,5856.0,5800.0,5830.0,720.0
2020-09-28,5820.0,5902.0,5820.0,5850.0,500.0
2020-09-29,5868.0,5880.0,5842.0,5876.0,1040.0
2020-09-30,5910.0,5910.0,5818.0,5852.0,930.0
2020-10-01,5870.0,5940.0,5858.0,5892.0,2530.0
2020-10-05,5926.0,5926.0,5854.0,5866.0,1500.0
2020-10-06,5888.0,5888.0,5818.0,5824.0,1400.0
2020-10-07,5836.0,5836.0,5780.0,5802.0,1330.0
2020-10-08,5818.0,5826.0,5782.0,5800.0,1600.0
2020-10-09,5820.0,5834.0,5764.0,5784.0,3680.0
2020-10-12,5772.0,5800.0,5728.0,5762.0,2110.0
2020-10-13,5778.0,5844.0,5740.0,5764.0,1950.0
2020-10-14,5780.0,5808.0,5754.0,5776.0,1730.0
2020-10-15,5820.0,5918.0,5790.0,5846.0,2350.0
2020-10-16,5850.0,5880.0,5838.0,5866.0,820.0
2020-10-19,5882.0,5982.0,5880.0,5982.0,2530.0
2020-10-20,5998.0,6096.0,5926.0,6004.0,3570.0
2020-10-21,6070.0,6170.0,6070.0,6104.0,740.0
2020-10-22,6096.0,6146.0,6086.0,6102.0,510.0
2020-10-23,6096.0,6112.0,6018.0,6094.0,700.0
2020-10-26,6114.0,6118.0,6060.0,6088.0,500.0
2020-10-27,6108.0,6112.0,5968.0,5968.0,1130.0
2020-10-28,6006.0,6022.0,5944.0,5962.0,2510.0
2020-10-29,5914.0,5936.0,5860.0,5924.0,1900.0
2020-10-30,5934.0,5938.0,5898.0,5914.0,380.0
2020-11-02,5920.0,5920.0,5790.0,5832.0,2300.0
2020-11-03,5818.0,5866.0,5800.0,5834.0,1340.0
2020-11-04,5844.0,5860.0,5810.0,5826.0,1630.0
2020-11-05,5844.0,5898.0,5810.0,5840.0,2340.0
2020-11-06,5810.0,5850.0,5810.0,5830.0,650.0
2020-11-09,5850.0,5850.0,5774.0,5796.0,1770.0
2020-11-10,5800.0,5800.0,5740.0,5784.0,3010.0
2020-11-11,5782.0,5800.0,5770.0,5788.0,1270.0
2020-11-12,5758.0,5850.0,5758.0,5812.0,1630.0
2020-11-13,5828.0,5828.0,5706.0,5740.0,1780.0
2020-11-14,5762.0,5768.0,5732.0,5754.0,150.0
2020-11-17,5730.0,5760.0,5704.0,5712.0,660.0
2020-11-18,5712.0,5730.0,5624.0,5672.0,1290.0
2020-11-19,5680.0,5718.0,5654.0,5706.0,560.0
2020-11-20,5730.0,5760.0,5698.0,5720.0,880.0
2020-11-23,6010.0,6024.0,6004.0,6012.0,40.0
2020-11-24,5976.0,5976.0,5892.0,5934.0,440.0
2020-11-25,5942.0,5966.0,5878.0,5908.0,580.0
2020-11-26,5920.0,5920.0,5824.0,5882.0,480.0
2020-11-27,5870.0,5890.0,5842.0,5884.0,1030.0
2020-12-01,5898.0,5898.0,5840.0,5872.0,290.0
2020-12-02,5780.0,5840.0,5780.0,5808.0,1100.0
2020-12-03,5836.0,5864.0,5836.0,5850.0,480.0
2020-12-04,5866.0,5886.0,5832.0,5874.0,650.0
2020-12-07,5838.0,5866.0,5814.0,5844.0,1110.0
2020-12-08,5868.0,5940.0,5850.0,5916.0,2270.0
2020-12-09,5892.0,5930.0,5840.0,5858.0,2250.0
2020-12-10,5860.0,5930.0,5842.0,5930.0,1340.0
2020-12-11,5900.0,5970.0,5862.0,5878.0,1000.0
2020-12-14,5870.0,5914.0,5852.0,5858.0,1260.0
2020-12-15,5854.0,5914.0,5850.0,5902.0,450.0
2020-12-16,5898.0,5920.0,5740.0,5774.0,1140.0
2020-12-17,5770.0,5818.0,5760.0,5768.0,550.0
2020-12-18,5766.0,5790.0,5712.0,5770.0,320.0
2020-12-21,5780.0,5798.0,5780.0,5786.0,50.0
2020-12-22,5796.0,5798.0,5796.0,5798.0,20.0
2020-12-23,5912.0,5912.0,5808.0,5898.0,160.0
2020-12-24,5842.0,5864.0,5840.0,5850.0,40.0
2020-12-28,5870.0,5950.0,5840.0,5866.0,170.0
2020-12-29,5922.0,6006.0,5922.0,5960.0,80.0
2020-12-30,5950.0,5950.0,5950.0,5950.0,10.0
2020-12-31,6000.0,6000.0,5950.0,5960.0,30.0
2021-01-01,5890.0,5890.0,5890.0,5890.0,20.0
2021-01-04,5900.0,6006.0,5900.0,6006.0,30.0
2021-01-05,5958.0,6088.0,5958.0,6038.0,40.0
2021-01-06,6012.0,6084.0,5980.0,6020.0,30.0
2021-01-07,6100.0,6100.0,6100.0,6100.0,30.0
2021-01-08,6066.0,6094.0,6010.0,6070.0,80.0
2021-01-11,6102.0,6216.0,6100.0,6174.0,180.0
2021-01-12,6232.0,6232.0,6200.0,6214.0,30.0
2021-01-13,6140.0,6162.0,6130.0,6140.0,30.0
2021-01-14,6122.0,6126.0,6122.0,6124.0,20.0
2021-01-15,6084.0,6092.0,6030.0,6064.0,90.0
2021-01-18,6074.0,6088.0,6070.0,6080.0,30.0
2021-01-19,6136.0,6254.0,6134.0,6228.0,140.0
2021-01-20,6220.0,6350.0,6220.0,6308.0,160.0
2021-01-21,6352.0,6352.0,6310.0,6336.0,110.0
2021-01-22,6356.0,6368.0,6260.0,6294.0,260.0
2021-01-25,6292.0,6468.0,6292.0,6414.0,170.0
2021-01-27,6450.0,6606.0,6440.0,6528.0,240.0
2021-01-28,6520.0,6558.0,6490.0,6522.0,60.0
2021-01-29,6600.0,6610.0,6548.0,6594.0,90.0
2021-02-01,6626.0,6628.0,6414.0,6480.0,140.0
2021-02-02,6460.0,6610.0,6428.0,6590.0,180.0
2021-02-03,6562.0,6584.0,6510.0,6552.0,90.0
2021-02-04,6490.0,6760.0,6480.0,6684.0,340.0
2021-02-05,6660.0,6806.0,6660.0,6774.0,290.0
2021-02-08,6908.0,7044.0,6908.0,7044.0,260.0
2021-02-09,7100.0,7324.0,7100.0,7324.0,230.0
2021-02-10,7470.0,7564.0,7384.0,7500.0,260.0
2021-02-11,7482.0,7650.0,7476.0,7552.0,110.0
2021-02-12,7510.0,7848.0,7510.0,7730.0,200.0
2021-02-15,7884.0,7976.0,7666.0,7840.0,330.0
2021-02-16,7684.0,7798.0,7528.0,7528.0,410.0
2021-02-17,7544.0,7600.0,7370.0,7498.0,590.0
2021-02-18,7352.0,7420.0,7320.0,7366.0,260.0
2021-02-19,7366.0,7592.0,7366.0,7542.0,390.0
2021-02-22,7650.0,7842.0,7626.0,7842.0,500.0
2021-02-23,7902.0,8154.0,7902.0,8154.0,260.0
2021-02-24,8316.0,8480.0,8162.0,8480.0,1520.0
2021-02-25,8594.0,8760.0,8350.0,8422.0,1010.0
2021-02-26,8530.0,8560.0,8300.0,8330.0,390.0
2021-03-01,8496.0,8662.0,8496.0,8662.0,380.0
2021-03-02,8798.0,9008.0,8780.0,9008.0,490.0
2021-03-03,9188.0,9368.0,9118.0,9368.0,950.0
2021-03-04,9554.0,9554.0,8994.0,9080.0,890.0
2021-03-05,8920.0,9420.0,8920.0,9274.0,760.0
2021-03-08,9456.0,9458.0,8904.0,8962.0,630.0
2021-03-09,8980.0,9140.0,8820.0,9002.0,470.0
2021-03-10,9000.0,9000.0,8698.0,8744.0,380.0
2021-03-12,8742.0,8820.0,8496.0,8624.0,990.0
2021-03-15,8796.0,8968.0,8796.0,8946.0,790.0
2021-03-16,9110.0,9120.0,8768.0,8824.0,1000.0
2021-03-17,8696.0,8706.0,8472.0,8480.0,1120.0
2021-03-18,8328.0,8508.0,8200.0,8252.0,1940.0
2021-03-19,8300.0,8300.0,7960.0,8214.0,1480.0
2021-03-22,8256.0,8380.0,8134.0,8300.0,1100.0
2021-03-23,8300.0,8412.0,8280.0,8328.0,910.0
2021-03-24,8320.0,8320.0,8002.0,8030.0,1140.0
2021-03-25,8008.0,8350.0,7924.0,8350.0,1840.0
2021-03-26,8516.0,8684.0,8450.0,8554.0,1720.0
2021-03-29,8554.0,8554.0,8554.0,8554.0,
2021-03-30,8660.0,8760.0,8554.0,8696.0,1940.0
2021-03-31,8682.0,8690.0,8472.0,8632.0,2080.0
2021-04-01,8600.0,8600.0,8450.0,8558.0,2180.0
2021-04-05,8454.0,8562.0,8216.0,8352.0,3590.0
2021-04-06,8360.0,8550.0,8304.0,8410.0,3220.0
2021-04-07,8430.0,8450.0,8232.0,8254.0,2720.0
2021-04-08,8290.0,8404.0,8182.0,8344.0,2520.0
2021-04-09,8370.0,8450.0,8200.0,8234.0,3780.0
2021-04-12,8380.0,8470.0,8226.0,8382.0,3920.0
2021-04-13,8272.0,8400.0,7880.0,8018.0,4660.0
2021-04-14,8018.0,8018.0,8018.0,8018.0,
2021-04-15,8100.0,8290.0,8012.0,8188.0,3070.0
2021-04-16,8252.0,8420.0,8168.0,8210.0,3420.0
2021-04-19,8150.0,8162.0,7902.0,8030.0,2730.0
2021-04-20,8030.0,8320.0,7982.0,8228.0,3360.0
2021-04-21,8400.0,8400.0,8400.0,8400.0,
2021-04-22,8432.0,8628.0,8318.0,8436.0,1020.0
2021-04-23,8414.0,8420.0,8250.0,8270.0,430.0
2021-04-26,8152.0,8206.0,7940.0,7968.0,1100.0
2021-04-27,8024.0,8140.0,7968.0,8090.0,560.0
2021-04-28,8032.0,8096.0,7926.0,8012.0,1080.0
2021-04-29,8090.0,8328.0,8076.0,8184.0,1490.0
2021-04-30,8112.0,8150.0,7906.0,7960.0,1550.0
2021-05-03,7930.0,7930.0,7700.0,7804.0,1810.0
2021-05-04,7800.0,7958.0,7800.0,7870.0,1870.0
2021-05-05,7888.0,7890.0,7782.0,7814.0,1230.0
2021-05-06,7828.0,7896.0,7800.0,7858.0,1400.0
2021-05-07,7724.0,7880.0,7616.0,7678.0,2270.0
2021-05-10,7688.0,7764.0,7470.0,7548.0,4550.0
2021-05-11,7598.0,7750.0,7598.0,7708.0,2430.0
2021-05-12,7700.0,7990.0,7692.0,7848.0,3760.0
2021-05-13,7848.0,7848.0,7848.0,7848.0,
2021-05-14,7900.0,8000.0,7762.0,7806.0,4350.0
2021-05-17,7772.0,7934.0,7732.0,7862.0,1990.0
2021-05-18,7884.0,7964.0,7834.0,7912.0,1050.0
2021-05-19,7866.0,8192.0,7842.0,8138.0,3870.0
2021-05-20,8170.0,8374.0,8102.0,8240.0,3550.0
2021-05-21,8300.0,8384.0,8250.0,8316.0,790.0
2021-05-24,8352.0,8380.0,8280.0,8330.0,370.0
2021-05-25,8350.0,8384.0,8138.0,8156.0,1200.0
2021-05-26,8000.0,8206.0,8000.0,8150.0,830.0
2021-05-27,8170.0,8194.0,8050.0,8084.0,800.0
2021-05-28,8118.0,8198.0,8052.0,8104.0,1240.0
2021-05-31,8088.0,8162.0,7920.0,7946.0,2140.0
2021-06-01,7932.0,7970.0,7848.0,7896.0,1820.0
2021-06-02,7876.0,7900.0,7824.0,7860.0,1110.0
2021-06-03,7826.0,7964.0,7808.0,7950.0,1700.0
2021-06-04,7966.0,8030.0,7910.0,7926.0,1660.0
2021-06-07,7900.0,7940.0,7830.0,7852.0,2280.0
2021-06-08,7838.0,8140.0,7838.0,7872.0,2780.0
2021-06-09,7852.0,7888.0,7674.0,7772.0,3080.0
2021-06-10,7780.0,7870.0,7712.0,7732.0,2510.0
2021-06-11,7690.0,7830.0,7680.0,7806.0,4540.0
2021-06-14,7760.0,7838.0,7562.0,7610.0,4000.0
2021-06-15,7610.0,7696.0,7610.0,7632.0,1100.0
2021-06-16,7632.0,7672.0,7524.0,7552.0,2270.0
2021-06-17,7614.0,7726.0,7454.0,7472.0,1920.0
2021-06-18,7442.0,7478.0,7374.0,7400.0,1230.0
2021-06-21,7598.0,7630.0,7598.0,7614.0,200.0
2021-06-22,7674.0,7720.0,7674.0,7696.0,150.0
2021-06-23,7754.0,7864.0,7700.0,7742.0,330.0
2021-06-24,7748.0,7760.0,7566.0,7582.0,620.0
2021-06-25,7602.0,7678.0,7532.0,7628.0,840.0
2021-06-28,7572.0,7572.0,7324.0,7396.0,2230.0
2021-06-29,7328.0,7382.0,7234.0,7366.0,2260.0
2021-06-30,7312.0,7430.0,7312.0,7402.0,2350.0
2021-07-01,7400.0,7418.0,7256.0,7296.0,1710.0
2021-07-02,7328.0,7498.0,7320.0,7464.0,2570.0
2021-07-05,7430.0,7550.0,7372.0,7424.0,1990.0
2021-07-06,7402.0,7470.0,7370.0,7394.0,1050.0
2021-07-07,7434.0,7434.0,7350.0,7360.0,1410.0
2021-07-08,7350.0,7390.0,7256.0,7364.0,3070.0
2021-07-09,7346.0,7368.0,7250.0,7264.0,2690.0
2021-07-12,7230.0,7234.0,7134.0,7184.0,2240.0
2021-07-13,7180.0,7348.0,7140.0,7312.0,3750.0
2021-07-14,7286.0,7396.0,7278.0,7338.0,2440.0
2021-07-15,7310.0,7428.0,7310.0,7388.0,1820.0
2021-07-16,7384.0,7500.0,7364.0,7490.0,2980.0
2021-07-19,7492.0,7750.0,7466.0,7554.0,2510.0
2021-07-20,7560.0,7578.0,7490.0,7546.0,750.0
2021-07-21,7600.0,7600.0,7600.0,7600.0,
2021-07-22,7648.0,7658.0,7452.0,7540.0,360.0
2021-07-23,7502.0,7526.0,7430.0,7482.0,460.0
2021-07-26,7550.0,7638.0,7500.0,7518.0,780.0
2021-07-27,7528.0,7540.0,7428.0,7446.0,490.0
2021-07-28,7436.0,7464.0,7418.0,7444.0,290.0
2021-07-29,7432.0,7538.0,7432.0,7482.0,1070.0
2021-07-30,7452.0,7500.0,7448.0,7460.0,1890.0
2021-08-02,7492.0,7492.0,7278.0,7304.0,1870.0
2021-08-03,7252.0,7440.0,7214.0,7400.0,2500.0
2021-08-04,7398.0,7532.0,7350.0,7508.0,2850.0
2021-08-05,7548.0,7808.0,7548.0,7778.0,4980.0
2021-08-06,7908.0,7908.0,7580.0,7616.0,5290.0
2021-08-09,7586.0,7632.0,7476.0,7508.0,3510.0
2021-08-10,7500.0,7506.0,7408.0,7442.0,2370.0
2021-08-11,7408.0,7468.0,7344.0,7438.0,2660.0
2021-08-12,7460.0,7734.0,7438.0,7684.0,4310.0
2021-08-13,7740.0,8144.0,7710.0,8016.0,9580.0
2021-08-16,8080.0,8314.0,8080.0,8114.0,3670.0
2021-08-17,8098.0,8100.0,7872.0,8020.0,2780.0
2021-08-18,8048.0,8274.0,8048.0,8204.0,3450.0
2021-08-19,8204.0,8204.0,8204.0,8204.0,
2021-08-20,8258.0,8370.0,8150.0,8236.0,3480.0
2021-08-23,8270.0,8390.0,8008.0,8204.0,350.0
2021-08-24,8218.0,8400.0,8218.0,8362.0,1340.0
2021-08-25,8500.0,8862.0,8500.0,8820.0,1850.0
2021-08-26,8654.0,8740.0,8312.0,8368.0,2110.0
2021-08-27,8370.0,8430.0,8150.0,8214.0,1580.0
2021-08-30,8172.0,8428.0,8136.0,8254.0,1720.0
2021-08-31,8226.0,8376.0,8142.0,8172.0,1620.0
2021-09-01,8110.0,8152.0,8000.0,8014.0,2300.0
2021-09-02,7994.0,8110.0,7936.0,8004.0,2430.0
2021-09-03,7958.0,8046.0,7818.0,7844.0,4500.0
2021-09-06,7800.0,7852.0,7710.0,7738.0,3980.0
2021-09-07,7782.0,8060.0,7764.0,8024.0,5620.0
2021-09-08,8018.0,8186.0,7960.0,8036.0,3810.0
2021-09-09,8002.0,8150.0,7928.0,8088.0,5120.0
2021-09-10,8088.0,8088.0,8088.0,8088.0,
2021-09-13,7964.0,8042.0,7888.0,7912.0,3370.0
2021-09-14,7902.0,7960.0,7506.0,7524.0,6100.0
2021-09-15,7456.0,7532.0,7406.0,7522.0,2720.0
2021-09-16,7580.0,7608.0,7484.0,7512.0,2009.9999999999998
2021-09-17,7482.0,7482.0,7262.0,7312.0,2260.0
2021-09-20,7288.0,7370.0,7162.0,7354.0,1840.0
2021-09-21,7506.0,7506.0,7434.0,7478.0,380.0
2021-09-22,7500.0,7514.0,7390.0,7414.0,340.0
2021-09-23,7350.0,7350.0,7188.0,7202.0,470.0
2021-09-24,7188.0,7330.0,7188.0,7290.0,490.0
2021-09-27,7358.0,7420.0,7334.0,7352.0,780.0
2021-09-28,7428.0,7636.0,7420.0,7582.0,1240.0
2021-09-29,7620.0,7626.0,7446.0,7482.0,1890.0
2021-09-30,7472.0,7510.0,7426.0,7506.0,990.0
2021-10-01,7452.0,7566.0,7380.0,7388.0,1650.0
2021-10-04,7350.0,7380.0,7192.0,7350.0,2260.0
2021-10-05,7370.0,7436.0,7328.0,7370.0,1680.0
2021-10-06,7324.0,7426.0,7260.0,7298.0,1980.0
2021-10-07,7310.0,7336.0,7228.0,7268.0,1520.0
2021-10-08,7234.0,7400.0,7104.0,7360.0,4480.0
2021-10-11,7338.0,7480.0,7300.0,7350.0,3530.0
2021-10-12,7356.0,7438.0,7326.0,7354.0,2780.0
2021-10-13,7324.0,7410.0,7190.0,7220.0,2370.0
2021-10-14,7212.0,7344.0,7166.0,7276.0,740.0
2021-10-15,7276.0,7276.0,7276.0,7276.0,
2021-10-18,7250.0,7456.0,7250.0,7358.0,2230.0
2021-10-19,7370.0,7418.0,7268.0,7284.0,1010.0
2021-10-20,7270.0,7330.0,7260.0,7300.0,620.0
2021-10-21,7312.0,7370.0,7300.0,7344.0,110.0
2021-10-22,7210.0,7300.0,7210.0,7244.0,580.0
2021-10-25,7260.0,7344.0,7106.0,7218.0,110.0
2021-10-26,7208.0,7278.0,7200.0,7224.0,1130.0
2021-10-27,7204.0,7538.0,7202.0,7516.0,3010.0
2021-10-28,7540.0,7550.0,7430.0,7514.0,1460.0
2021-10-29,7540.0,7560.0,7236.0,7370.0,2360.0
2021-11-01,7420.0,7544.0,7408.0,7508.0,2320.0
2021-11-02,7500.0,7622.0,7500.0,7558.0,1720.0
2021-11-03,7550.0,7730.0,7542.0,7716.0,3460.0
2021-11-04,7778.0,7778.0,7700.0,7726.0,450.0
2021-11-05,7726.0,7726.0,7726.0,7726.0,
2021-11-08,7730.0,7778.0,7658.0,7742.0,1850.0
2021-11-09,7686.0,7708.0,7434.0,7474.0,4570.0
2021-11-10,7402.0,7444.0,7190.0,7408.0,5320.0
2021-11-11,7408.0,7500.0,7360.0,7420.0,3710.0
2021-11-12,7470.0,7492.0,7390.0,7406.0,1550.0
2021-11-15,7420.0,7588.0,7420.0,7532.0,1320.0
2021-11-16,7540.0,7592.0,7430.0,7470.0,680.0
2021-11-17,7508.0,7558.0,7306.0,7368.0,2009.9999999999998
2021-11-18,7336.0,7376.0,7212.0,7262.0,2770.0
2021-11-19,7854.0,7854.0,7854.0,7854.0,
2021-11-22,8118.0,8324.0,7970.0,8322.0,840.0
2021-11-23,8350.0,8820.0,8350.0,8608.0,2180.0
2021-11-24,8700.0,8700.0,8300.0,8412.0,960.0
2021-11-25,8400.0,8500.0,8322.0,8472.0,660.0
2021-11-26,8152.0,8450.0,8152.0,8438.0,430.0
2021-11-29,8422.0,8468.0,8342.0,8424.0,660.0
2021-11-30,8428.0,8482.0,8370.0,8384.0,1690.0
2021-12-01,8352.0,8352.0,8190.0,8272.0,540.0
2021-12-02,8220.0,8248.0,8110.0,8136.0,1410.0
2021-12-03,8152.0,8550.0,8152.0,8484.0,980.0
2021-12-06,8690.0,8774.0,8522.0,8620.0,1290.0
2021-12-07,8646.0,8964.0,8500.0,8890.0,3380.0
2021-12-08,8960.0,9070.0,8840.0,9018.0,2690.0
2021-12-09,8990.0,9002.0,8750.0,8782.0,2330.0
2021-12-10,8760.0,8874.0,8662.0,8842.0,3060.0
2021-12-13,8870.0,8970.0,8778.0,8822.0,2020.0
2021-12-14,8766.0,8790.0,8660.0,8708.0,1670.0
2021-12-15,8720.0,8976.0,8664.0,8912.0,1230.0
2021-12-16,8940.0,9230.0,8920.0,9180.0,2930.0
2021-12-17,9198.0,9200.0,9070.0,9162.0,1860.0
2021-12-20,9148.0,9380.0,9076.0,9352.0,2220.0
2021-12-21,9394.0,9394.0,9318.0,9356.0,80.0
2021-12-22,9210.0,9286.0,9156.0,9208.0,30.0
2021-12-23,9100.0,9136.0,9100.0,9110.0,40.0
2021-12-24,9110.0,9110.0,9110.0,9110.0,
2021-12-27,9102.0,9116.0,9060.0,9092.0,100.0
2021-12-28,9014.0,9014.0,9014.0,9014.0,
2021-12-29,8960.0,9086.0,8960.0,9008.0,60.0
2021-12-30,9032.0,9078.0,9024.0,9038.0,50.0
2021-12-31,9072.0,9580.0,9072.0,9330.0,40.0
2022-01-03,9702.0,9702.0,9702.0,9702.0,
2022-01-04,9950.0,10284.0,9926.0,10148.0,310.0
2022-01-05,10390.0,10756.0,10340.0,10616.0,370.0
2022-01-06,10314.0,10500.0,10020.0,10372.0,360.0
2022-01-07,10450.0,10610.0,10450.0,10516.0,40.0
2022-01-10,10660.0,10680.0,10500.0,10566.0,70.0
2022-01-11,10476.0,10540.0,10382.0,10490.0,100.0
2022-01-12,10700.0,10700.0,10576.0,10620.0,80.0
2022-01-13,10470.0,10480.0,10196.0,10394.0,50.0
2022-01-14,10246.0,10314.0,10246.0,10282.0,20.0
2022-01-17,10360.0,10898.0,10360.0,10840.0,140.0
2022-01-18,10900.0,11068.0,10734.0,10848.0,270.0
2022-01-19,10900.0,10900.0,10666.0,10794.0,80.0
2022-01-20,10722.0,11224.0,10560.0,10640.0,420.0
2022-01-21,10530.0,10550.0,10222.0,10290.0,210.0
2022-01-24,10340.0,10340.0,9800.0,9874.0,170.0
2022-01-25,9864.0,10000.0,9768.0,9938.0,90.0
2022-01-27,10100.0,10376.0,10040.0,10310.0,130.0
2022-01-28,10340.0,10340.0,10080.0,10182.0,30.0
2022-01-31,10232.0,10232.0,10190.0,10212.0,100.0
2022-02-01,10002.0,10050.0,9926.0,9978.0,110.0
2022-02-02,9834.0,9834.0,9588.0,9704.0,90.0
2022-02-03,9726.0,9860.0,9650.0,9800.0,350.0
2022-02-04,9932.0,10310.0,9912.0,10220.0,280.0
2022-02-07,10190.0,10254.0,9960.0,10166.0,110.0
2022-02-08,9934.0,10200.0,9934.0,10122.0,90.0
2022-02-09,10160.0,10220.0,10100.0,10176.0,120.0
2022-02-10,10134.0,10178.0,10132.0,10142.0,100.0
2022-02-11,10100.0,10114.0,9882.0,9964.0,220.0
2022-02-14,10034.0,10114.0,9886.0,9940.0,320.0
2022-02-15,9918.0,9970.0,9744.0,9762.0,280.0
2022-02-16,9928.0,9928.0,9810.0,9850.0,140.0
2022-02-17,9880.0,9900.0,9864.0,9882.0,110.0
2022-02-18,10104.0,10300.0,10104.0,10270.0,320.0
2022-02-21,10270.0,10498.0,10020.0,10104.0,710.0
2022-02-22,10086.0,10198.0,9976.0,10032.0,230.0
2022-02-23,10164.0,10164.0,10000.0,10034.0,40.0
2022-02-24,9810.0,9870.0,9432.0,9466.0,190.0
2022-02-25,9570.0,9618.0,9330.0,9484.0,550.0
2022-02-28,9318.0,9506.0,9214.0,9414.0,550.0
2022-03-01,9414.0,9414.0,9414.0,9414.0,
2022-03-02,9372.0,9558.0,9370.0,9438.0,340.0
2022-03-03,9560.0,9712.0,9490.0,9530.0,410.0
2022-03-04,9666.0,9666.0,9410.0,9454.0,540.0
2022-03-07,9220.0,9220.0,9112.0,9162.0,190.0
2022-03-08,9220.0,9220.0,8770.0,9008.0,440.0
2022-03-09,9084.0,9250.0,9050.0,9108.0,290.0
2022-03-10,9160.0,9160.0,8894.0,8928.0,400.0
2022-03-11,8884.0,9050.0,8574.0,9020.0,400.0
2022-03-14,8900.0,9016.0,8868.0,8890.0,450.0
2022-03-15,8900.0,8922.0,8634.0,8690.0,330.0
2022-03-16,8720.0,8776.0,8484.0,8666.0,750.0
2022-03-17,8640.0,8750.0,8636.0,8738.0,370.0
2022-03-18,8738.0,8738.0,8738.0,8738.0,
2022-03-21,8700.0,8700.0,8572.0,8606.0,400.0
2022-03-22,8630.0,8700.0,8584.0,8688.0,650.0
2022-03-23,8700.0,8700.0,8632.0,8666.0,830.0
2022-03-24,8638.0,9050.0,8586.0,8934.0,2580.0
2022-03-25,8948.0,9072.0,8866.0,8936.0,1710.0
2022-03-28,8810.0,9048.0,8810.0,8972.0,1480.0
2022-03-29,8970.0,9036.0,8880.0,8894.0,1360.0
2022-03-30,8902.0,8918.0,8754.0,8798.0,1110.0
2022-03-31,8800.0,9000.0,8750.0,8896.0,1390.0
2022-04-01,8934.0,9392.0,8934.0,9358.0,5840.0
2022-04-04,9510.0,9664.0,9120.0,9386.0,6310.0
2022-04-05,9372.0,9880.0,9372.0,9768.0,8980.0
2022-04-06,9750.0,9800.0,9512.0,9608.0,4870.0
2022-04-07,9742.0,10098.0,9602.0,9938.0,9280.0
2022-04-08,10000.0,10000.0,9462.0,9550.0,6410.0
2022-04-11,9526.0,9590.0,9380.0,9488.0,5160.0
2022-04-12,9500.0,9588.0,9420.0,9462.0,4080.0
2022-04-13,9472.0,9528.0,9162.0,9192.0,5020.0
2022-04-14,9192.0,9192.0,9192.0,9192.0,
2022-04-18,9122.0,9180.0,8850.0,8896.0,4700.0
2022-04-19,8912.0,9104.0,8712.0,8746.0,5320.0
2022-04-20,8710.0,8918.0,8682.0,8824.0,3570.0
2022-04-21,9078.0,9226.0,9050.0,9146.0,890.0
2022-04-22,9176.0,9260.0,9044.0,9078.0,810.0
2022-04-25,9090.0,9208.0,8940.0,8950.0,820.0
2022-04-26,8996.0,8996.0,8596.0,8684.0,2050.0
2022-04-27,8650.0,8888.0,8588.0,8854.0,1340.0
2022-04-28,8862.0,8864.0,8668.0,8702.0,1150.0
2022-04-29,8730.0,8780.0,8604.0,8630.0,1050.0
2022-05-02,8562.0,8580.0,8286.0,8402.0,3190.0
2022-05-03,8402.0,8402.0,8402.0,8402.0,
2022-05-04,8412.0,8458.0,8266.0,8302.0,2320.0
2022-05-05,8368.0,8466.0,8020.0,8220.0,5820.0
2022-05-06,8162.0,8332.0,8052.0,8314.0,4540.0
2022-05-09,8350.0,8416.0,8218.0,8254.0,4190.0
2022-05-10,8254.0,8346.0,8208.0,8232.0,4010.0
2022-05-11,8212.0,8436.0,8172.0,8396.0,4960.0
2022-05-12,8396.0,8488.0,8300.0,8436.0,4480.0
2022-05-13,8434.0,8510.0,8314.0,8352.0,3840.0
2022-05-16,8388.0,8398.0,8160.0,8204.0,2710.0
2022-05-17,8210.0,8276.0,8170.0,8216.0,1460.0
2022-05-18,8224.0,8250.0,8102.0,8120.0,1590.0
2022-05-19,8090.0,8130.0,7928.0,8104.0,2860.0
2022-05-20,8070.0,8220.0,8070.0,8202.0,1980.0
2022-05-23,8354.0,8394.0,8310.0,8358.0,630.0
2022-05-24,8346.0,8346.0,8250.0,8302.0,520.0
2022-05-25,8312.0,8312.0,7976.0,8018.0,2130.0
2022-05-26,7992.0,8074.0,7926.0,8020.0,1530.0
2022-05-27,8044.0,8192.0,8042.0,8110.0,1370.0
2022-05-30,8160.0,8162.0,8040.0,8106.0,840.0
2022-05-31,8108.0,8148.0,7980.0,8036.0,1790.0
2022-06-01,8050.0,8084.0,7958.0,8028.0,1050.0
2022-06-02,7982.0,8078.0,7980.0,8058.0,1280.0
2022-06-03,8068.0,8148.0,8068.0,8104.0,1720.0
2022-06-06,8010.0,8194.0,8004.0,8106.0,1870.0
2022-06-07,8190.0,8240.0,8092.0,8122.0,4650.0
2022-06-08,8148.0,8196.0,8092.0,8176.0,2090.0
2022-06-09,8164.0,8288.0,8164.0,8194.0,3480.0
2022-06-10,8130.0,8180.0,8096.0,8122.0,4059.9999999999995
2022-06-13,8168.0,8210.0,8032.0,8050.0,6260.0
2022-06-14,8060.0,8060.0,7976.0,8008.0,3980.0
2022-06-15,8014.0,8068.0,7974.0,8024.0,1690.0
2022-06-16,8056.0,8056.0,7840.0,7906.0,2330.0
2022-06-17,7874.0,7958.0,7814.0,7866.0,1690.0
2022-06-20,7902.0,7902.0,7628.0,7708.0,3170.0
2022-06-21,7830.0,7906.0,7744.0,7846.0,600.0
2022-06-22,7850.0,7988.0,7808.0,7926.0,240.0
2022-06-23,7956.0,7970.0,7902.0,7950.0,560.0
2022-06-24,7938.0,7938.0,7850.0,7888.0,390.0
2022-06-27,7864.0,7960.0,7806.0,7944.0,510.0
2022-06-28,7950.0,8030.0,7940.0,7996.0,760.0
2022-06-29,8048.0,8048.0,7720.0,7914.0,690.0
2022-06-30,7920.0,7968.0,7846.0,7924.0,1560.0
2022-07-01,7848.0,8030.0,7828.0,7992.0,1750.0
2022-07-04,7978.0,8288.0,7978.0,8196.0,2760.0
2022-07-05,8214.0,8388.0,8080.0,8124.0,4640.0
2022-07-06,8110.0,8148.0,8000.0,8030.0,2100.0
2022-07-07,8030.0,8070.0,7904.0,7932.0,1890.0
2022-07-08,7980.0,8036.0,7820.0,7842.0,4170.0
2022-07-11,7900.0,7956.0,7840.0,7872.0,6760.0
2022-07-12,7830.0,8060.0,7820.0,7990.0,4980.0
2022-07-13,7988.0,8018.0,7856.0,7888.0,4590.0
2022-07-14,7910.0,7914.0,7802.0,7828.0,3810.0
2022-07-15,7784.0,7854.0,7680.0,7702.0,3000.0
2022-07-18,7780.0,7780.0,7618.0,7688.0,3080.0
2022-07-19,7650.0,7764.0,7650.0,7716.0,1070.0
2022-07-20,7744.0,7870.0,7744.0,7818.0,1620.0
2022-07-21,7918.0,7954.0,7864.0,7906.0,210.0
2022-07-22,7920.0,7934.0,7620.0,7802.0,690.0
2022-07-25,7750.0,7790.0,7686.0,7778.0,940.0
2022-07-26,7780.0,7966.0,7724.0,7906.0,1240.0
2022-07-27,7920.0,7940.0,7822.0,7858.0,520.0
2022-07-28,7852.0,7910.0,7812.0,7858.0,850.0
2022-07-29,7878.0,7910.0,7770.0,7794.0,1020.0
2022-08-01,7848.0,7890.0,7792.0,7868.0,1440.0
2022-08-02,7860.0,7890.0,7630.0,7706.0,2320.0
2022-08-03,7650.0,7738.0,7432.0,7612.0,4059.9999999999995
2022-08-04,7586.0,7630.0,7330.0,7464.0,4740.0
2022-08-05,7382.0,7560.0,7382.0,7474.0,3030.0
2022-08-08,7420.0,7520.0,7362.0,7432.0,6440.0
2022-08-10,7402.0,7456.0,7200.0,7248.0,9680.0
2022-08-11,7200.0,7258.0,7114.0,7158.0,2170.0
2022-08-12,7150.0,7352.0,7100.0,7324.0,3080.0
2022-08-16,7336.0,7390.0,7272.0,7368.0,1390.0
2022-08-17,7398.0,7398.0,7316.0,7378.0,1040.0
2022-08-18,7522.0,7562.0,7480.0,7494.0,1080.0
2022-08-19,7470.0,7490.0,7412.0,7482.0,250.0
2022-08-22,7480.0,7484.0,7362.0,7374.0,510.0
2022-08-23,7330.0,7376.0,7292.0,7320.0,430.0
2022-08-24,7380.0,7410.0,7292.0,7384.0,900.0
2022-08-25,7388.0,7476.0,7382.0,7410.0,1580.0
2022-08-26,7428.0,7430.0,7336.0,7420.0,1070.0
2022-08-29,7370.0,7410.0,7282.0,7302.0,2050.0
2022-08-30,7278.0,7280.0,7136.0,7196.0,2730.0
2022-09-01,7180.0,7306.0,7090.0,7286.0,2250.0
2022-09-02,7268.0,7308.0,7220.0,7268.0,960.0
2022-09-05,7224.0,7244.0,7112.0,7206.0,1560.0
2022-09-06,7192.0,7258.0,7148.0,7224.0,1960.0
2022-09-07,7226.0,7232.0,7184.0,7204.0,840.0
2022-09-08,7174.0,7262.0,7146.0,7162.0,5660.0
2022-09-09,7150.0,7182.0,7012.0,7094.0,3090.0
2022-09-12,7012.0,7110.0,7012.0,7070.0,2860.0
2022-09-13,7108.0,7182.0,7034.0,7124.0,2800.0
2022-09-14,7110.0,7244.0,7070.0,7196.0,2440.0
2022-09-15,7228.0,7440.0,7228.0,7368.0,4860.0
2022-09-16,7400.0,7470.0,7206.0,7256.0,3090.0
2022-09-19,7316.0,7334.0,7210.0,7220.0,1340.0
2022-09-20,7222.0,7290.0,7218.0,7250.0,1330.0
2022-09-21,7382.0,7408.0,7338.0,7366.0,790.0
2022-09-22,7370.0,7400.0,7210.0,7254.0,740.0
2022-09-23,7252.0,7270.0,6982.0,7004.0,1690.0
2022-09-26,6956.0,7030.0,6902.0,6990.0,950.0
2022-09-27,6984.0,7036.0,6960.0,6992.0,370.0
2022-09-28,7018.0,7018.0,6942.0,6958.0,660.0
2022-09-29,6870.0,7010.0,6820.0,6988.0,870.0
2022-09-30,7000.0,7030.0,6944.0,6992.0,770.0
2022-10-03,7026.0,7184.0,6962.0,7114.0,1880.0
2022-10-04,7102.0,7398.0,7102.0,7294.0,3800.0
2022-10-06,7348.0,7494.0,7292.0,7326.0,2900.0
2022-10-07,7328.0,7374.0,7160.0,7166.0,5150.0
2022-10-10,7110.0,7266.0,7102.0,7218.0,3380.0
2022-10-11,7182.0,7350.0,7134.0,7294.0,3250.0
2022-10-12,7334.0,7348.0,7232.0,7294.0,2120.0
2022-10-13,7300.0,7688.0,7212.0,7590.0,8960.0
2022-10-14,7630.0,7718.0,7400.0,7434.0,5210.0
2022-10-17,7434.0,7480.0,7272.0,7306.0,2110.0
2022-10-18,7210.0,7446.0,7210.0,7406.0,1930.0
2022-10-19,7410.0,7600.0,7400.0,7498.0,2910.0
2022-10-20,7466.0,7590.0,7466.0,7508.0,2330.0
2022-10-21,7632.0,7754.0,7560.0,7706.0,510.0
2022-10-24,7758.0,7780.0,7732.0,7764.0,260.0
2022-10-25,7810.0,7810.0,7600.0,7640.0,390.0
2022-10-27,7740.0,7938.0,7540.0,7564.0,1240.0
2022-10-28,7590.0,7614.0,7440.0,7554.0,640.0
2022-10-31,7516.0,7586.0,7334.0,7370.0,1510.0
2022-11-01,7352.0,7398.0,7250.0,7282.0,1390.0
2022-11-02,7252.0,7486.0,7252.0,7376.0,2400.0
2022-11-03,7376.0,7410.0,7328.0,7352.0,1110.0
2022-11-04,7282.0,7438.0,7250.0,7406.0,4420.0
2022-11-07,7500.0,7612.0,7420.0,7456.0,2780.0
2022-11-09,7438.0,7560.0,7390.0,7534.0,3000.0
2022-11-10,7514.0,7550.0,7454.0,7488.0,1740.0
2022-11-11,7530.0,7672.0,7500.0,7602.0,3120.0
2022-11-14,7620.0,7780.0,7620.0,7710.0,3790.0
2022-11-15,7720.0,7732.0,7500.0,7570.0,1990.0
2022-11-16,7598.0,7718.0,7530.0,7694.0,1980.0
2022-11-17,7696.0,7758.0,7598.0,7624.0,840.0
2022-11-18,7570.0,7718.0,7500.0,7530.0,2910.0
2022-11-21,8220.0,8238.0,8102.0,8198.0,500.0
2022-11-22,8190.0,8198.0,7880.0,8036.0,1740.0
2022-11-23,8044.0,8096.0,7974.0,8046.0,790.0
2022-11-24,8080.0,8134.0,7980.0,8116.0,440.0
2022-11-25,8180.0,8190.0,7872.0,7940.0,600.0
2022-11-28,7952.0,8012.0,7822.0,7920.0,810.0
2022-11-29,7870.0,8070.0,7870.0,8046.0,850.0
2022-11-30,8096.0,8096.0,7916.0,7952.0,480.0
2022-12-01,8000.0,8024.0,7734.0,7906.0,960.0
2022-12-02,7944.0,7996.0,7912.0,7924.0,790.0
2022-12-05,7934.0,8044.0,7910.0,7950.0,1720.0
2022-12-06,7952.0,7952.0,7850.0,7868.0,550.0
2022-12-07,7804.0,7878.0,7780.0,7810.0,880.0
2022-12-08,7802.0,8024.0,7752.0,7940.0,4250.0
2022-12-09,7968.0,7986.0,7814.0,7892.0,2140.0
2022-12-12,7784.0,8000.0,7760.0,7932.0,1610.0
2022-12-13,7960.0,8176.0,7910.0,8046.0,2820.0
2022-12-14,8012.0,8170.0,8004.0,8148.0,2640.0
2022-12-15,8158.0,8496.0,8158.0,8420.0,4100.0
2022-12-16,8458.0,8490.0,8250.0,8286.0,1500.0
2022-12-19,8340.0,8444.0,8220.0,8406.0,1030.0
2022-12-20,8426.0,8618.0,8350.0,8582.0,2580.0
2022-12-21,8740.0,8876.0,8630.0,8732.0,150.0
2022-12-22,8820.0,8820.0,8690.0,8758.0,30.0
2022-12-23,8900.0,8900.0,8600.0,8742.0,60.0
2022-12-26,8526.0,8562.0,8410.0,8500.0,140.0
2022-12-27,8540.0,8540.0,8436.0,8486.0,30.0
2022-12-28,8422.0,8456.0,8358.0,8380.0,190.0
2022-12-29,8372.0,8380.0,8302.0,8346.0,90.0
2022-12-30,8400.0,8400.0,8350.0,8370.0,40.0
2023-01-02,8300.0,8334.0,8260.0,8278.0,120.0
2023-01-03,8200.0,8200.0,7940.0,7966.0,220.0
2023-01-04,8006.0,8052.0,7956.0,8002.0,140.0
2023-01-05,8010.0,8010.0,7874.0,7904.0,160.0
2023-01-06,7828.0,7900.0,7764.0,7848.0,170.0
2023-01-09,7928.0,8032.0,7888.0,7996.0,90.0
2023-01-10,7970.0,8000.0,7900.0,7958.0,20.0
2023-01-11,7970.0,7970.0,7910.0,7948.0,100.0
2023-01-12,7914.0,7936.0,7900.0,7930.0,120.0
2023-01-13,7938.0,7960.0,7844.0,7916.0,330.0
2023-01-16,7850.0,7894.0,7842.0,7860.0,180.0
2023-01-17,8000.0,8010.0,7956.0,7980.0,190.0
2023-01-18,8020.0,8210.0,8000.0,8186.0,320.0
2023-01-19,8258.0,8282.0,8100.0,8158.0,350.0
2023-01-20,8166.0,8166.0,8082.0,8120.0,200.0
2023-01-23,8100.0,8100.0,7942.0,7984.0,160.0
2023-01-24,8000.0,8030.0,7940.0,7994.0,70.0
2023-01-25,7904.0,7934.0,7818.0,7830.0,520.0
2023-01-27,7662.0,7690.0,7402.0,7450.0,400.0
2023-01-30,7404.0,7474.0,7320.0,7324.0,400.0
2023-01-31,7400.0,7420.0,7270.0,7400.0,210.0
2023-02-01,7470.0,7496.0,7390.0,7442.0,150.0
2023-02-02,7304.0,7422.0,7304.0,7394.0,120.0
2023-02-03,7408.0,7520.0,7408.0,7506.0,220.0
2023-02-06,7486.0,7488.0,7394.0,7408.0,190.0
2023-02-07,7360.0,7514.0,7350.0,7400.0,200.0
2023-02-08,7340.0,7346.0,7104.0,7148.0,520.0
2023-02-09,7120.0,7210.0,7020.0,7078.0,310.0
2023-02-10,7092.0,7114.0,7000.0,7022.0,300.0
2023-02-13,7058.0,7136.0,6974.0,7012.0,120.0
2023-02-14,7004.0,7052.0,6926.0,6954.0,480.0
2023-02-15,7030.0,7130.0,7022.0,7116.0,450.0
2023-02-16,7158.0,7182.0,6992.0,7024.0,220.0
2023-02-17,6986.0,7058.0,6950.0,7030.0,90.0
2023-02-20,6950.0,7180.0,6950.0,7138.0,440.0
2023-02-21,7232.0,7270.0,7114.0,7176.0,510.0
2023-02-22,7200.0,7200.0,7050.0,7128.0,350.0
2023-02-23,7116.0,7300.0,7078.0,7248.0,590.0
2023-02-24,7278.0,7348.0,7150.0,7182.0,320.0
2023-02-27,7150.0,7150.0,7052.0,7116.0,330.0
2023-02-28,7150.0,7250.0,7150.0,7236.0,600.0
2023-03-01,7250.0,7314.0,7180.0,7188.0,370.0
2023-03-02,7186.0,7200.0,7102.0,7132.0,230.0
2023-03-03,7092.0,7092.0,6974.0,7044.0,500.0
2023-03-06,7030.0,7050.0,6980.0,7010.0,370.0
2023-03-08,7000.0,7008.0,6950.0,6982.0,280.0
2023-03-09,6984.0,7006.0,6924.0,6972.0,130.0
2023-03-10,6998.0,7110.0,6994.0,7000.0,390.0
2023-03-13,6890.0,6918.0,6840.0,6864.0,560.0
2023-03-14,6856.0,6906.0,6824.0,6850.0,390.0
2023-03-15,6872.0,6872.0,6780.0,6850.0,420.0
2023-03-16,6820.0,6820.0,6756.0,6802.0,440.0
2023-03-17,6782.0,6850.0,6780.0,6798.0,250.0
2023-03-20,6850.0,6900.0,6830.0,6856.0,440.0
2023-03-21,6890.0,6960.0,6842.0,6954.0,810.0
2023-03-22,6930.0,7112.0,6930.0,7030.0,940.0
2023-03-23,7020.0,7124.0,7020.0,7082.0,420.0
2023-03-24,7140.0,7250.0,6960.0,6978.0,1510.0
2023-03-27,6914.0,7098.0,6910.0,6938.0,870.0
2023-03-28,6958.0,7000.0,6904.0,6980.0,1060.0
2023-03-29,6980.0,6996.0,6900.0,6920.0,1550.0
2023-03-31,6902.0,6984.0,6876.0,6952.0,1320.0
2023-04-03,6980.0,7004.0,6948.0,6982.0,1290.0
2023-04-05,6972.0,7050.0,6972.0,7014.0,2320.0
2023-04-06,7040.0,7068.0,7006.0,7024.0,2680.0
2023-04-10,7002.0,7100.0,6818.0,6876.0,6030.0
2023-04-11,6870.0,6886.0,6724.0,6816.0,6660.0
2023-04-12,6820.0,6876.0,6804.0,6826.0,1680.0
2023-04-13,6826.0,6928.0,6812.0,6908.0,1860.0
2023-04-17,6876.0,6894.0,6784.0,6854.0,2600.0
2023-04-18,6850.0,6850.0,6760.0,6776.0,1260.0
2023-04-19,6870.0,6872.0,6756.0,6776.0,530.0
2023-04-20,6760.0,6814.0,6758.0,6792.0,220.0
2023-04-21,6844.0,6882.0,6680.0,6802.0,1190.0
2023-04-24,6774.0,6796.0,6670.0,6688.0,1370.0
2023-04-25,6622.0,6662.0,6620.0,6626.0,600.0
2023-04-26,6638.0,6872.0,6606.0,6814.0,1630.0
2023-04-27,6792.0,6820.0,6730.0,6756.0,1040.0
2023-04-28,6742.0,6876.0,6742.0,6814.0,1440.0
2023-05-02,6896.0,7222.0,6896.0,7220.0,4520.0
2023-05-03,7230.0,7590.0,7160.0,7332.0,8620.0
2023-05-04,7320.0,7608.0,7318.0,7544.0,4990.0
2023-05-05,7628.0,7716.0,7442.0,7534.0,6310.0
2023-05-08,7524.0,7680.0,7442.0,7576.0,5260.0
2023-05-09,7590.0,7680.0,7510.0,7580.0,5140.0
2023-05-10,7600.0,7892.0,7594.0,7774.0,9400.0
2023-05-11,7716.0,7830.0,7542.0,7570.0,5930.0
2023-05-12,7592.0,8024.0,7542.0,8024.0,7670.0
2023-05-15,8120.0,8474.0,7972.0,8268.0,9110.0
2023-05-16,8216.0,8590.0,8110.0,8532.0,8510.0
2023-05-17,8540.0,8700.0,8406.0,8492.0,6970.0
2023-05-18,8456.0,8568.0,8188.0,8282.0,8680.0
2023-05-19,8562.0,8660.0,8404.0,8550.0,520.0
2023-05-22,8286.0,8372.0,8092.0,8202.0,840.0
2023-05-23,8102.0,8150.0,7904.0,8074.0,540.0
2023-05-24,8238.0,8502.0,8184.0,8482.0,1700.0
2023-05-25,8480.0,8564.0,8330.0,8442.0,760.0
2023-05-26,8400.0,8476.0,8276.0,8376.0,1030.0
2023-05-29,8280.0,8422.0,8280.0,8348.0,980.0
2023-05-30,8300.0,8336.0,8166.0,8232.0,940.0
2023-05-31,8154.0,8302.0,8124.0,8276.0,1220.0
2023-06-01,8242.0,8242.0,7946.0,8030.0,2270.0
2023-06-02,7750.0,8028.0,7750.0,7880.0,2690.0
2023-06-05,7730.0,7930.0,7730.0,7866.0,1470.0
2023-06-06,7866.0,7866.0,7752.0,7796.0,2740.0
2023-06-07,7742.0,8074.0,7742.0,8022.0,5240.0
2023-06-08,7982.0,8138.0,7916.0,7978.0,2980.0
2023-06-09,7902.0,8080.0,7894.0,7956.0,3680.0
2023-06-12,7950.0,7954.0,7788.0,7842.0,2710.0
2023-06-13,7812.0,7980.0,7812.0,7912.0,2820.0
2023-06-14,7948.0,8386.0,7920.0,8386.0,4850.0
2023-06-15,8526.0,8848.0,8472.0,8658.0,6750.0
2023-06-16,8656.0,8950.0,8430.0,8832.0,6510.0
2023-06-19,8900.0,9292.0,8822.0,9214.0,7920.0
2023-06-20,9180.0,9500.0,8942.0,9020.0,10840.0
2023-06-21,9012.0,9860.0,9012.0,9850.0,930.0
2023-06-22,10000.0,10000.0,9600.0,9792.0,1040.0
2023-06-23,9986.0,9986.0,9460.0,9698.0,860.0
2023-06-26,9624.0,9874.0,9460.0,9614.0,560.0
2023-06-27,9604.0,9800.0,9604.0,9672.0,890.0
2023-06-28,9820.0,10198.0,9820.0,9904.0,400.0
2023-06-30,10220.0,10480.0,9974.0,10306.0,1110.0
2023-07-03,10688.0,10890.0,10262.0,10500.0,1050.0
2023-07-04,10470.0,10526.0,10222.0,10294.0,490.0
2023-07-05,10172.0,10456.0,9912.0,10414.0,820.0
2023-07-06,10530.0,10612.0,9998.0,10008.0,1280.0
2023-07-07,9950.0,10290.0,9860.0,10238.0,1150.0
2023-07-10,10646.0,10852.0,10310.0,10852.0,670.0
2023-07-11,11286.0,11490.0,11086.0,11376.0,2500.0
2023-07-12,11700.0,11700.0,11200.0,11598.0,1220.0
2023-07-13,11452.0,12118.0,11340.0,11854.0,1780.0
2023-07-14,11960.0,12564.0,11748.0,12460.0,2080.0
2023-07-17,12850.0,13206.0,12650.0,12810.0,2700.0
2023-07-18,12500.0,13042.0,12376.0,12792.0,2960.0
2023-07-19,12792.0,13558.0,12720.0,13554.0,4370.0
2023-07-20,13776.0,14346.0,13600.0,14014.0,4740.0
2023-07-21,14180.0,14468.0,13826.0,14006.0,2860.0
2023-07-24,13700.0,14200.0,13512.0,13562.0,2740.0
2023-07-25,13484.0,14374.0,13484.0,14374.0,3000.0
2023-07-26,14848.0,15144.0,14600.0,14870.0,5680.0
2023-07-27,14802.0,15100.0,14426.0,14826.0,3360.0
2023-07-28,15090.0,15714.0,15090.0,15714.0,2740.0
2023-07-31,16200.0,16546.0,15866.0,16242.0,8410.0
2023-08-01,16800.0,16800.0,15710.0,16200.0,6440.0
2023-08-02,16268.0,17068.0,15982.0,16678.0,8640.0
2023-08-03,16474.0,17344.0,16422.0,17184.0,9300.0
2023-08-04,17202.0,18076.0,16154.0,16312.0,16690.0
2023-08-07,16550.0,16700.0,15660.0,16534.0,11480.0
2023-08-08,16794.0,17526.0,16166.0,17346.0,13840.0
2023-08-09,17500.0,17834.0,16942.0,17086.0,11940.0
2023-08-10,16950.0,17250.0,16790.0,16844.0,5820.0
2023-08-11,16720.0,17238.0,16520.0,16904.0,5600.0
2023-08-14,16980.0,17184.0,16780.0,16956.0,2650.0
2023-08-16,17002.0,17028.0,15940.0,16004.0,7920.0
2023-08-17,15840.0,16250.0,15454.0,15664.0,6570.0
2023-08-18,15770.0,16570.0,15400.0,16370.0,6770.0
2023-08-21,17500.0,18048.0,16920.0,17054.0,440.0
2023-08-22,17100.0,17526.0,16660.0,16908.0,520.0
2023-08-23,16810.0,17100.0,16328.0,16776.0,400.0
2023-08-24,16842.0,17070.0,16800.0,16906.0,50.0
2023-08-25,16916.0,17140.0,16600.0,16658.0,290.0
2023-08-28,17040.0,17128.0,15660.0,15678.0,680.0
2023-08-29,15300.0,15500.0,14738.0,14740.0,800.0
2023-08-30,14252.0,15214.0,14252.0,15054.0,450.0
2023-08-31,15290.0,15956.0,15150.0,15914.0,580.0
2023-09-01,15980.0,16380.0,15672.0,15916.0,470.0
2023-09-04,16546.0,16546.0,15400.0,16064.0,440.0
2023-09-05,16080.0,16100.0,15552.0,15788.0,130.0
2023-09-06,15800.0,15870.0,15550.0,15722.0,120.0
2023-09-07,16090.0,16090.0,15272.0,15388.0,490.0
2023-09-08,15600.0,15860.0,15392.0,15526.0,220.0
2023-09-11,15400.0,15404.0,14814.0,14906.0,410.0
2023-09-12,14702.0,15100.0,14290.0,14372.0,790.0
2023-09-13,14640.0,14798.0,14550.0,14678.0,200.0
2023-09-14,14400.0,15558.0,14400.0,15558.0,880.0
2023-09-15,15992.0,16446.0,15700.0,16174.0,1240.0
2023-09-18,15820.0,16596.0,15820.0,16460.0,1580.0
2023-09-20,16570.0,16570.0,15474.0,15732.0,3310.0
2023-09-21,15600.0,15602.0,14922.0,15066.0,1280.0
2023-09-22,14860.0,15238.0,14650.0,15094.0,550.0
2023-09-25,14806.0,15186.0,14670.0,14782.0,410.0
2023-09-26,14520.0,14798.0,14260.0,14376.0,1000.0
2023-09-27,14400.0,14486.0,13614.0,13782.0,1080.0
2023-09-28,13564.0,14150.0,13232.0,13928.0,2020.0
2023-09-29,14190.0,14762.0,13966.0,14724.0,1940.0
2023-10-03,14470.0,15000.0,14300.0,14732.0,4170.0
2023-10-04,14716.0,15320.0,14568.0,15046.0,4780.0
2023-10-05,15140.0,15646.0,15032.0,15532.0,6270.0
2023-10-06,15548.0,16418.0,15360.0,15584.0,8010.0
2023-10-09,15350.0,15448.0,14700.0,14794.0,6230.0
2023-10-10,14660.0,15174.0,14260.0,14476.0,6840.0
2023-10-11,14210.0,14480.0,13906.0,14052.0,5060.0
2023-10-12,14122.0,14396.0,13854.0,14158.0,2790.0
2023-10-13,13890.0,14346.0,13636.0,13778.0,3910.0
2023-10-16,13562.0,14000.0,13228.0,13810.0,5280.0
2023-10-17,14030.0,14350.0,13924.0,14316.0,2780.0
2023-10-18,14396.0,14396.0,13926.0,14130.0,1650.0
2023-10-19,14126.0,14170.0,13566.0,13692.0,1670.0
2023-10-20,13512.0,13808.0,13322.0,13744.0,2150.0
2023-10-23,15056.0,15056.0,14260.0,14558.0,550.0
2023-10-25,14500.0,14700.0,14270.0,14654.0,460.0
2023-10-26,14752.0,14752.0,14100.0,14452.0,1050.0
2023-10-27,14162.0,15318.0,14162.0,15112.0,1110.0
2023-10-30,15220.0,15796.0,15100.0,15518.0,1120.0
2023-10-31,15510.0,15510.0,15152.0,15258.0,420.0
2023-11-01,15166.0,16036.0,15166.0,15980.0,1100.0
2023-11-02,15950.0,16132.0,15500.0,15588.0,660.0
2023-11-03,15676.0,15970.0,15542.0,15818.0,290.0
2023-11-06,15952.0,16350.0,15630.0,15922.0,870.0
2023-11-07,15792.0,15988.0,15622.0,15738.0,420.0
2023-11-08,15662.0,15662.0,15368.0,15430.0,330.0
2023-11-09,15406.0,15690.0,15188.0,15668.0,530.0
2023-11-10,15698.0,15852.0,15592.0,15716.0,390.0
2023-11-12,15848.0,15938.0,15800.0,15900.0,150.0
2023-11-13,15920.0,16084.0,15900.0,15964.0,540.0
2023-11-15,16000.0,16296.0,15752.0,15890.0,400.0
2023-11-16,15820.0,15850.0,15652.0,15816.0,220.0
2023-11-17,15660.0,15660.0,14868.0,14946.0,1310.0
2023-11-20,14770.0,15078.0,14666.0,14814.0,700.0
2023-11-21,14820.0,15406.0,14692.0,14962.0,1550.0
2023-11-22,14844.0,15190.0,14268.0,14542.0,1620.0
2023-11-23,14600.0,14752.0,14280.0,14658.0,800.0
2023-11-24,14700.0,15200.0,14552.0,15116.0,1290.0
2023-11-28,15200.0,15720.0,15090.0,15412.0,1800.0
2023-11-29,15300.0,15550.0,15222.0,15314.0,1420.0
2023-11-30,15480.0,15480.0,15066.0,15328.0,860.0
2023-12-01,15434.0,15434.0,15040.0,15132.0,700.0
2023-12-04,15050.0,15108.0,14684.0,14768.0,2890.0
2023-12-05,14900.0,14966.0,14488.0,14814.0,1910.0
2023-12-06,14900.0,15278.0,14880.0,15064.0,1500.0
2023-12-07,14950.0,15014.0,14750.0,14758.0,2130.0
2023-12-08,14760.0,14848.0,14512.0,14644.0,2600.0
2023-12-11,14600.0,14720.0,14330.0,14388.0,2290.0
2023-12-12,14338.0,14450.0,14128.0,14306.0,1960.0
2023-12-13,14350.0,15164.0,14260.0,15164.0,6300.0
2023-12-14,15264.0,15364.0,14870.0,14950.0,7940.0
2023-12-15,14936.0,15130.0,14698.0,14752.0,2690.0
2023-12-18,14748.0,14832.0,14410.0,14430.0,1740.0
2023-12-19,14528.0,14680.0,14320.0,14378.0,1060.0
2023-12-20,14360.0,14952.0,13804.0,14088.0,4710.0
2023-12-21,14544.0,14544.0,14240.0,14304.0,60.0
2023-12-22,14300.0,14300.0,14250.0,14300.0,120.0
2023-12-26,14700.0,14700.0,14646.0,14660.0,20.0
2023-12-27,14400.0,14628.0,14400.0,14438.0,70.0
2023-12-28,14348.0,14348.0,14348.0,14348.0,10.0
2023-12-29,13902.0,14298.0,13902.0,14182.0,60.0
2024-01-01,14200.0,14200.0,14200.0,14200.0,10.0
2024-01-02,14150.0,14210.0,14150.0,14188.0,40.0
2024-01-03,13826.0,13936.0,13826.0,13882.0,10.0
2024-01-04,13840.0,13840.0,13840.0,13840.0,10.0
2024-01-05,13616.0,13616.0,13450.0,13504.0,40.0
2024-01-08,13144.0,13224.0,13040.0,13134.0,50.0
2024-01-09,13100.0,13320.0,12922.0,13208.0,40.0
2024-01-10,13390.0,13566.0,13330.0,13412.0,120.0
2024-01-11,13230.0,13230.0,13200.0,13210.0,20.0
2024-01-12,13006.0,13160.0,12996.0,13056.0,70.0
2024-01-15,13300.0,13838.0,13300.0,13580.0,70.0
2024-01-16,13976.0,14100.0,13900.0,14052.0,140.0
2024-01-17,13532.0,13900.0,13532.0,13716.0,10.0
2024-01-18,13676.0,14118.0,13676.0,14014.0,70.0
2024-01-19,14228.0,14854.0,14228.0,14792.0,110.0
2024-01-23,15362.0,15678.0,15274.0,15678.0,160.0
2024-01-24,16120.0,16304.0,15720.0,16128.0,230.0
2024-01-25,15648.0,16404.0,15648.0,16206.0,220.0
2024-01-29,16110.0,16160.0,15234.0,15264.0,360.0
2024-01-30,14772.0,15100.0,14648.0,15062.0,280.0
2024-01-31,15250.0,15250.0,14232.0,14434.0,190.0
2024-02-01,14280.0,14844.0,14280.0,14782.0,310.0
2024-02-02,15372.0,15668.0,15316.0,15658.0,210.0
2024-02-05,15500.0,16098.0,15032.0,15970.0,280.0
2024-02-06,16050.0,16100.0,15634.0,15868.0,90.0
2024-02-07,15620.0,15920.0,15534.0,15676.0,180.0
2024-02-08,15802.0,15802.0,15462.0,15574.0,120.0
2024-02-09,15220.0,15600.0,15220.0,15468.0,160.0
2024-02-12,15296.0,15420.0,14624.0,14878.0,420.0
2024-02-13,14902.0,15230.0,14810.0,15154.0,70.0
2024-02-14,15150.0,15266.0,15100.0,15176.0,70.0
2024-02-15,15298.0,15782.0,15298.0,15650.0,270.0
2024-02-16,15730.0,15812.0,15424.0,15530.0,150.0
2024-02-19,15220.0,16140.0,15220.0,15530.0,250.0
2024-02-20,15648.0,16000.0,15648.0,15930.0,190.0
2024-02-21,15840.0,15900.0,15628.0,15690.0,210.0
2024-02-22,15502.0,15744.0,15396.0,15506.0,190.0
2024-02-23,15578.0,15664.0,15500.0,15532.0,150.0
2024-02-26,15998.0,16000.0,15860.0,15990.0,230.0
2024-02-27,16226.0,16948.0,16166.0,16940.0,710.0
2024-02-28,17302.0,17302.0,16764.0,17034.0,330.0
2024-02-29,16884.0,17612.0,16580.0,17540.0,480.0
2024-03-01,17500.0,17700.0,17250.0,17308.0,260.0
2024-03-04,17660.0,18070.0,17660.0,17906.0,130.0
2024-03-05,17600.0,17650.0,17290.0,17398.0,180.0
2024-03-06,17398.0,17660.0,17332.0,17578.0,130.0
2024-03-07,18210.0,18632.0,18210.0,18404.0,1020.0
2024-03-11,19140.0,19508.0,18800.0,19486.0,740.0
2024-03-12,19590.0,19800.0,18900.0,19088.0,550.0
2024-03-13,19022.0,20122.0,18988.0,19760.0,590.0
2024-03-14,19500.0,19500.0,18680.0,18942.0,720.0
2024-03-15,18816.0,19046.0,17834.0,17894.0,980.0
2024-03-18,18374.0,18374.0,17494.0,17990.0,990.0
2024-03-19,18000.0,18100.0,17502.0,18008.0,920.0
2024-03-20,18062.0,18458.0,17982.0,18252.0,1250.0
2024-03-21,18200.0,18400.0,17158.0,17256.0,2490.0
2024-03-22,17400.0,18200.0,17010.0,18018.0,2740.0
2024-03-26,17908.0,18738.0,17610.0,17868.0,1320.0
2024-03-27,18208.0,18208.0,17800.0,17882.0,700.0
2024-03-28,17980.0,18024.0,17380.0,17608.0,1280.0
2024-04-01,17500.0,17500.0,16904.0,17046.0,2410.0
2024-04-02,17050.0,17250.0,16650.0,17118.0,3660.0
2024-04-03,17240.0,17550.0,17170.0,17386.0,2710.0
2024-04-04,17500.0,17600.0,17216.0,17386.0,2890.0
2024-04-05,17336.0,17538.0,17100.0,17398.0,2950.0
2024-04-08,17600.0,17600.0,17220.0,17362.0,2160.0
2024-04-09,17304.0,17370.0,16950.0,17062.0,2520.0
2024-04-10,17000.0,17020.0,16710.0,16742.0,3430.0
2024-04-12,16500.0,16518.0,16002.0,16112.0,7050.0
2024-04-15,16200.0,16450.0,16010.0,16330.0,1900.0
2024-04-16,16400.0,17308.0,16400.0,17308.0,4340.0
2024-04-18,17650.0,18346.0,17650.0,18346.0,4220.0
2024-04-19,18480.0,19400.0,18360.0,18588.0,8770.0
2024-04-22,19096.0,19358.0,18938.0,19050.0,250.0
2024-04-23,18860.0,20100.0,18860.0,19930.0,440.0
2024-04-24,19920.0,20598.0,19436.0,19896.0,340.0
2024-04-25,19658.0,19870.0,18720.0,19554.0,420.0
2024-04-26,19862.0,19998.0,19434.0,19542.0,240.0
2024-04-29,19502.0,19810.0,19158.0,19636.0,220.0
2024-04-30,19498.0,19684.0,19380.0,19508.0,190.0
2024-05-02,19850.0,19920.0,19444.0,19590.0,530.0
2024-05-03,19634.0,19796.0,19222.0,19356.0,580.0
2024-05-06,18802.0,19042.0,18736.0,18830.0,420.0
2024-05-07,18800.0,19050.0,18762.0,19002.0,480.0
2024-05-08,18820.0,19588.0,18666.0,19378.0,690.0
2024-05-09,19350.0,19420.0,19184.0,19264.0,480.0
2024-05-10,18940.0,19320.0,18502.0,19160.0,1050.0
2024-05-13,19926.0,19926.0,18752.0,18818.0,630.0
2024-05-14,18768.0,18902.0,18270.0,18496.0,1790.0
2024-05-15,18172.0,18924.0,18172.0,18676.0,1490.0
2024-05-16,18966.0,18966.0,18430.0,18502.0,530.0
2024-05-17,18350.0,18770.0,18106.0,18390.0,1190.0
2024-05-21,18600.0,19492.0,18600.0,19484.0,1260.0
2024-05-22,19742.0,20550.0,19390.0,20204.0,3400.0
2024-05-23,20400.0,20540.0,19950.0,19968.0,1600.0
2024-05-24,19850.0,20766.0,19812.0,20592.0,1950.0
2024-05-27,20888.0,21058.0,20350.0,20446.0,1970.0
2024-05-28,20400.0,20488.0,19220.0,19220.0,4260.0
2024-05-29,18852.0,19484.0,18826.0,19276.0,2760.0
2024-05-30,19434.0,19450.0,18120.0,18406.0,4370.0
2024-05-31,18398.0,18656.0,18040.0,18198.0,5690.0
2024-06-03,18300.0,18566.0,17650.0,17804.0,4300.0
2024-06-04,17846.0,17900.0,17092.0,17358.0,3590.0
2024-06-05,17252.0,18350.0,17160.0,17844.0,6230.0
2024-06-06,17900.0,17980.0,17600.0,17886.0,2590.0
2024-06-07,17880.0,18150.0,17600.0,17914.0,3810.0
2024-06-10,17890.0,18150.0,17550.0,17676.0,4910.0
2024-06-11,17570.0,18380.0,17552.0,17828.0,4420.0
2024-06-12,17898.0,18150.0,17608.0,17842.0,6230.0
2024-06-13,17944.0,18094.0,17680.0,18046.0,6760.0
2024-06-14,18050.0,18250.0,17840.0,18180.0,2090.0
2024-06-18,18314.0,18680.0,18230.0,18354.0,2820.0
2024-06-19,18300.0,18400.0,18052.0,18300.0,1970.0
2024-06-20,18470.0,18470.0,18120.0,18196.0,1650.0
2024-06-21,18806.0,18910.0,18000.0,18130.0,840.0
2024-06-24,17792.0,18228.0,17600.0,18132.0,420.0
2024-06-25,18100.0,18234.0,17810.0,18152.0,930.0
2024-06-26,18040.0,18400.0,18040.0,18364.0,960.0
2024-06-27,18250.0,18682.0,18100.0,18370.0,2600.0
2024-06-28,18250.0,18384.0,17762.0,17854.0,1070.0
2024-07-01,17762.0,17762.0,16820.0,16978.0,2270.0
2024-07-02,16900.0,17310.0,16900.0,17248.0,1390.0
2024-07-03,17400.0,17470.0,16902.0,17014.0,630.0
2024-07-04,17000.0,17114.0,16770.0,16958.0,2380.0
2024-07-05,16924.0,17010.0,16584.0,16630.0,780.0
2024-07-08,16450.0,16476.0,15722.0,15992.0,2020.0
2024-07-09,15994.0,16290.0,15946.0,16190.0,980.0
2024-07-10,16190.0,16332.0,15910.0,16230.0,1610.0
2024-07-11,16380.0,16934.0,16364.0,16844.0,2000.0
2024-07-12,16750.0,16790.0,16510.0,16576.0,420.0
2024-07-15,16688.0,16850.0,15760.0,16224.0,1700.0
2024-07-16,16298.0,16480.0,16258.0,16476.0,490.0
2024-07-18,16510.0,17134.0,16494.0,16866.0,2870.0
2024-07-19,16630.0,16720.0,16488.0,16508.0,560.0
2024-07-22,16800.0,17168.0,16688.0,16762.0,790.0
2024-07-23,16796.0,16796.0,16360.0,16648.0,1350.0
2024-07-24,16750.0,16870.0,16570.0,16668.0,960.0
2024-07-25,16508.0,16600.0,16444.0,16508.0,610.0
2024-07-26,16518.0,16580.0,16360.0,16406.0,730.0
2024-07-29,16618.0,16618.0,16306.0,16356.0,480.0
2024-07-30,16276.0,16350.0,15702.0,16204.0,1880.0
2024-07-31,16320.0,16852.0,16260.0,16502.0,2260.0
2024-08-01,16482.0,16710.0,16482.0,16642.0,1170.0
2024-08-02,16700.0,16840.0,16540.0,16726.0,2210.0
2024-08-05,16772.0,16790.0,16404.0,16504.0,2500.0
2024-08-06,16502.0,16588.0,16236.0,16452.0,1950.0
2024-08-07,16500.0,16590.0,16392.0,16446.0,2940.0
2024-08-08,16360.0,16544.0,16300.0,16400.0,3770.0
2024-08-09,16400.0,16466.0,16310.0,16396.0,2230.0
2024-08-12,16498.0,16500.0,15802.0,16290.0,4360.0
2024-08-13,16250.0,16368.0,16004.0,16042.0,3310.0
2024-08-14,16000.0,16140.0,15812.0,15914.0,5940.0
2024-08-16,15832.0,16240.0,15712.0,16072.0,7330.0
2024-08-19,16198.0,16300.0,16112.0,16266.0,1970.0
2024-08-20,16300.0,16350.0,16030.0,16090.0,2410.0
2024-08-21,16590.0,16660.0,15790.0,15800.0,1540.0
2024-08-22,15516.0,15990.0,15350.0,15796.0,730.0
2024-08-23,15956.0,16100.0,14942.0,15098.0,1370.0
2024-08-26,14996.0,15134.0,14506.0,14552.0,1420.0
2024-08-27,14322.0,14552.0,13706.0,14154.0,2240.0
2024-08-28,14238.0,14240.0,13306.0,13350.0,4090.0
2024-08-29,13102.0,14124.0,12930.0,13924.0,3320.0
2024-08-30,13680.0,14306.0,13368.0,14022.0,1120.0
2024-09-02,14304.0,14548.0,14110.0,14188.0,1100.0
2024-09-03,14050.0,14050.0,13532.0,13862.0,1110.0
2024-09-04,13862.0,14420.0,13654.0,14266.0,2060.0
2024-09-05,14440.0,14836.0,14390.0,14818.0,890.0
2024-09-06,14770.0,14770.0,14464.0,14594.0,540.0
2024-09-09,14870.0,15000.0,14250.0,14794.0,990.0
2024-09-10,14868.0,14868.0,14520.0,14716.0,650.0
2024-09-11,14690.0,14800.0,14570.0,14618.0,560.0
2024-09-12,14560.0,14560.0,14036.0,14100.0,1860.0
2024-09-13,14082.0,14664.0,13952.0,14568.0,1840.0
2024-09-16,14498.0,14966.0,14050.0,14860.0,1530.0
2024-09-17,14938.0,14954.0,14800.0,14832.0,520.0
2024-09-18,14900.0,15150.0,14826.0,14934.0,370.0
2024-09-19,15000.0,15000.0,14338.0,14568.0,900.0
2024-09-20,14542.0,14790.0,14326.0,14778.0,700.0
2024-09-23,14606.0,14760.0,14580.0,14656.0,670.0
2024-09-24,14660.0,14890.0,14552.0,14866.0,1380.0
2024-09-25,14900.0,15184.0,14870.0,15092.0,1200.0
2024-09-26,14974.0,15122.0,14792.0,14894.0,570.0
2024-09-27,14910.0,14988.0,14520.0,14798.0,700.0
2024-09-30,14830.0,14830.0,14360.0,14516.0,630.0
2024-10-01,14390.0,14432.0,14216.0,14398.0,1130.0
2024-10-03,14130.0,14230.0,13824.0,14162.0,1710.0
2024-10-04,14022.0,14222.0,13750.0,13780.0,2820.0
2024-10-07,13700.0,14584.0,13330.0,14214.0,6450.0
2024-10-08,14346.0,14390.0,13882.0,13940.0,2920.0
2024-10-09,13958.0,14290.0,13882.0,14004.0,2710.0
2024-10-10,13950.0,14100.0,13790.0,13822.0,2960.0
2024-10-11,13750.0,13864.0,13530.0,13574.0,3340.0
2024-10-14,13560.0,13976.0,13470.0,13762.0,5250.0
2024-10-15,13844.0,13858.0,13706.0,13842.0,3280.0
2024-10-16,14018.0,14030.0,13600.0,13636.0,4400.0
2024-10-17,13600.0,13668.0,13166.0,13596.0,2330.0
2024-10-18,13598.0,13750.0,13550.0,13702.0,940.0
2024-10-21,14100.0,14390.0,14100.0,14300.0,290.0
2024-10-22,14394.0,14394.0,14010.0,14162.0,160.0
2024-10-23,14036.0,14238.0,14022.0,14182.0,100.0
2024-10-24,14220.0,14310.0,14122.0,14190.0,110.0
2024-10-25,13968.0,14094.0,13624.0,13788.0,490.0
2024-10-28,13510.0,13760.0,13510.0,13646.0,230.0
2024-10-29,13720.0,13748.0,13670.0,13706.0,70.0
2024-10-30,13818.0,13818.0,13614.0,13676.0,80.0
2024-10-31,13590.0,13660.0,13390.0,13520.0,500.0
2024-11-01,13480.0,13540.0,13300.0,13404.0,300.0
2024-11-04,13300.0,13500.0,13112.0,13414.0,730.0
2024-11-05,13500.0,13760.0,13500.0,13636.0,890.0
2024-11-06,13690.0,14180.0,13556.0,13882.0,1490.0
2024-11-07,13900.0,14050.0,13782.0,13826.0,460.0
2024-11-08,13600.0,13914.0,13600.0,13880.0,300.0
2024-11-11,14000.0,14310.0,14000.0,14178.0,1010.0
2024-11-12,14180.0,14198.0,13936.0,14078.0,360.0
2024-11-13,14050.0,14202.0,13830.0,14164.0,700.0
2024-11-14,14200.0,14500.0,14078.0,14374.0,1030.0
2024-11-18,14500.0,14948.0,14362.0,14706.0,680.0
2024-11-19,15294.0,15350.0,14804.0,15268.0,2050.0
2024-11-21,15110.0,15390.0,15050.0,15228.0,1210.0
2024-11-22,15188.0,15364.0,15072.0,15322.0,1230.0
2024-11-25,15300.0,15612.0,14720.0,14808.0,2100.0
2024-11-26,14880.0,15000.0,14650.0,14734.0,900.0
2024-11-27,14700.0,14830.0,14420.0,14594.0,1100.0
2024-11-28,14540.0,14648.0,14428.0,14494.0,800.0
2024-11-29,14410.0,14700.0,14410.0,14574.0,640.0
2024-12-02,14600.0,14656.0,14000.0,14314.0,1290.0
2024-12-03,14300.0,14386.0,14110.0,14292.0,1450.0
2024-12-04,14348.0,14474.0,14124.0,14326.0,1750.0
2024-12-05,14300.0,14340.0,14204.0,14220.0,550.0
2024-12-06,14294.0,14294.0,14042.0,14188.0,1180.0
2024-12-09,14070.0,14106.0,13830.0,13906.0,2620.0
2024-12-10,13900.0,14098.0,13812.0,14038.0,1910.0
2024-12-11,14050.0,14158.0,13922.0,13952.0,1030.0
2024-12-12,14000.0,14090.0,13900.0,13924.0,710.0
2024-12-13,13960.0,14108.0,13876.0,13972.0,1870.0
2024-12-16,13902.0,14050.0,13872.0,13990.0,1360.0
2024-12-17,14030.0,14488.0,13980.0,14366.0,4310.0
2024-12-18,14300.0,14350.0,13700.0,13806.0,4360.0
2024-12-19,13756.0,13958.0,13666.0,13824.0,740.0
2024-12-20,13924.0,14060.0,13830.0,13988.0,1100.0
2024-12-23,13900.0,14130.0,13900.0,14028.0,150.0
2024-12-24,14050.0,14050.0,13860.0,13960.0,80.0
2024-12-26,13980.0,14050.0,13970.0,13986.0,200.0
2024-12-27,14200.0,14450.0,14200.0,14342.0,70.0
2024-12-30,14418.0,14690.0,14370.0,14588.0,170.0
2024-12-31,14880.0,15170.0,14630.0,15000.0,190.0
2025-01-01,15190.0,15600.0,15150.0,15392.0,730.0
2025-01-02,15230.0,15436.0,15050.0,15328.0,330.0
2025-01-03,15520.0,15856.0,15480.0,15500.0,830.0
2025-01-06,15690.0,15784.0,15546.0,15600.0,80.0
2025-01-07,15560.0,15700.0,15526.0,15626.0,50.0
2025-01-08,15482.0,15518.0,15118.0,15200.0,380.0
2025-01-09,15054.0,15312.0,15054.0,15174.0,70.0
2025-01-10,15230.0,15422.0,15150.0,15290.0,210.0
2025-01-13,15598.0,15598.0,14470.0,14538.0,470.0
2025-01-14,14484.0,14640.0,14250.0,14528.0,270.0
2025-01-15,14500.0,14650.0,14200.0,14312.0,200.0
2025-01-16,14318.0,14420.0,14302.0,14366.0,160.0
2025-01-17,14350.0,14350.0,14000.0,14020.0,370.0
2025-01-20,13984.0,14028.0,13940.0,13968.0,160.0
2025-01-21,14058.0,14352.0,14010.0,14104.0,150.0
2025-01-22,14352.0,14352.0,14142.0,14250.0,80.0
2025-01-23,14144.0,14144.0,13542.0,13780.0,680.0
2025-01-24,13810.0,13820.0,13574.0,13654.0,310.0
2025-01-27,13578.0,13600.0,13196.0,13414.0,330.0
2025-01-28,13448.0,13450.0,13170.0,13270.0,280.0
2025-01-29,13276.0,13690.0,13260.0,13674.0,400.0
2025-01-30,13674.0,13696.0,13422.0,13496.0,310.0
2025-01-31,13434.0,13498.0,13000.0,13154.0,390.0
2025-02-01,13118.0,13250.0,13046.0,13188.0,130.0
2025-02-03,13022.0,13214.0,12944.0,13130.0,180.0
2025-02-04,13202.0,13242.0,12912.0,13216.0,340.0
2025-02-05,13106.0,13150.0,13058.0,13104.0,40.0
2025-02-06,13356.0,13558.0,13260.0,13470.0,400.0
2025-02-07,13578.0,13578.0,13350.0,13444.0,210.0
2025-02-10,13256.0,13318.0,13130.0,13198.0,120.0
2025-02-11,13102.0,13190.0,13040.0,13142.0,180.0
2025-02-12,13044.0,13170.0,13044.0,13134.0,80.0
2025-02-13,13050.0,13056.0,12780.0,12816.0,540.0
2025-02-14,12600.0,12974.0,12304.0,12646.0,780.0
2025-02-17,12656.0,12658.0,12396.0,12538.0,470.0
2025-02-18,12038.0,12900.0,12038.0,12852.0,790.0
2025-02-19,12750.0,12860.0,12680.0,12784.0,410.0
2025-02-20,12806.0,13100.0,12606.0,13082.0,760.0
2025-02-21,13032.0,13078.0,12934.0,13004.0,130.0
2025-02-24,12850.0,12850.0,12256.0,12430.0,760.0
2025-02-25,12368.0,12528.0,12262.0,12354.0,490.0
2025-02-27,12282.0,12750.0,12076.0,12402.0,1100.0
2025-02-28,12444.0,12522.0,12322.0,12380.0,320.0
2025-03-03,12236.0,12296.0,12100.0,12160.0,380.0
2025-03-04,12176.0,12192.0,12002.0,12056.0,250.0
2025-03-05,11938.0,11938.0,11676.0,11738.0,790.0
2025-03-06,11790.0,12006.0,11790.0,11976.0,390.0
2025-03-07,11878.0,11900.0,11740.0,11794.0,360.0
2025-03-10,11734.0,11734.0,11282.0,11422.0,1900.0
2025-03-11,11336.0,11720.0,11336.0,11678.0,1280.0
2025-03-12,11622.0,11668.0,11446.0,11480.0,920.0
2025-03-13,11364.0,11928.0,11296.0,11692.0,1750.0
2025-03-17,11790.0,12392.0,11790.0,12384.0,2790.0
2025-03-18,12490.0,12766.0,12350.0,12658.0,1680.0
2025-03-19,12700.0,12972.0,12532.0,12804.0,1560.0
2025-03-20,12684.0,13300.0,12602.0,13192.0,3120.0
2025-03-21,13300.0,13700.0,13300.0,13484.0,3600.0
2025-03-24,13710.0,13856.0,13000.0,13152.0,3890.0
2025-03-25,13082.0,13434.0,13002.0,13360.0,4190.0
2025-03-26,13300.0,13616.0,13170.0,13272.0,3510.0
2025-03-27,13252.0,13634.0,13164.0,13404.0,4260.0
2025-03-28,13480.0,13590.0,13340.0,13382.0,1100.0
2025-04-01,13640.0,14184.0,13640.0,14184.0,2240.0
2025-04-02,14510.0,15034.0,14500.0,15034.0,2240.0
2025-04-03,15500.0,15634.0,14900.0,15078.0,7480.0
2025-04-04,14930.0,15440.0,14880.0,15060.0,4000.0
2025-04-07,15000.0,15080.0,14158.0,14168.0,4290.0
2025-04-08,14052.0,14700.0,13710.0,14254.0,3910.0
2025-04-09,14200.0,14300.0,13534.0,14122.0,4650.0
2025-04-11,14396.0,14968.0,14090.0,14554.0,7790.0
2025-04-15,14370.0,15316.0,14370.0,14998.0,5160.0
2025-04-16,15048.0,15262.0,14730.0,14948.0,1680.0
2025-04-17,15044.0,15390.0,14720.0,15200.0,2430.0
2025-04-21,15680.0,15680.0,15086.0,15274.0,440.0
2025-04-22,15430.0,16080.0,14948.0,15220.0,1700.0
2025-04-23,14816.0,15220.0,14612.0,14822.0,1320.0
2025-04-24,14958.0,15016.0,14550.0,14670.0,670.0
2025-04-25,14566.0,14572.0,14272.0,14376.0,710.0
2025-04-28,14220.0,14510.0,14006.0,14190.0,880.0
2025-04-29,14100.0,14296.0,13880.0,13964.0,1940.0
2025-04-30,13966.0,14398.0,13850.0,14224.0,2970.0
2025-05-02,14350.0,14792.0,14260.0,14534.0,2340.0
2025-05-05,14310.0,14464.0,14004.0,14058.0,3610.0
2025-05-06,14004.0,14004.0,13654.0,13932.0,5260.0
2025-05-07,13870.0,14070.0,13802.0,14000.0,2910.0
2025-05-08,13960.0,14240.0,13850.0,13914.0,4340.0
2025-05-09,13832.0,13832.0,13182.0,13624.0,7380.0
2025-05-12,13900.0,14230.0,13820.0,14116.0,4680.0
2025-05-13,14198.0,14610.0,14174.0,14516.0,3430.0
2025-05-14,14598.0,14610.0,14362.0,14484.0,1560.0
2025-05-15,14370.0,14540.0,14192.0,14486.0,2130.0
2025-05-16,14492.0,14960.0,14452.0,14634.0,4019.9999999999995
2025-05-19,14600.0,14646.0,14452.0,14574.0,1500.0
2025-05-20,14514.0,14758.0,14340.0,14646.0,2590.0
2025-05-21,14650.0,14650.0,14398.0,14490.0,720.0
2025-05-22,14554.0,14600.0,14156.0,14278.0,250.0
2025-05-23,14254.0,14302.0,14200.0,14266.0,100.0
2025-05-26,14042.0,14098.0,13910.0,13958.0,490.0
2025-05-27,13934.0,13988.0,13850.0,13858.0,870.0
2025-05-28,13780.0,14100.0,13780.0,14052.0,730.0
2025-05-29,14100.0,14300.0,14058.0,14220.0,1300.0
2025-05-30,14302.0,14618.0,14242.0,14430.0,1010.0
2025-06-02,14402.0,14502.0,13878.0,14006.0,1550.0
2025-06-03,14000.0,14138.0,13812.0,13968.0,950.0
2025-06-04,13944.0,14300.0,13850.0,14222.0,2770.0
2025-06-05,14230.0,14670.0,14118.0,14570.0,3740.0
2025-06-06,14550.0,14994.0,14262.0,14910.0,5750.0
2025-06-09,14910.0,15146.0,14800.0,15066.0,4050.0
2025-06-10,15132.0,15206.0,14540.0,14758.0,4270.0
2025-06-11,14758.0,15020.0,14700.0,14866.0,2810.0
2025-06-12,14826.0,15050.0,14604.0,14800.0,3440.0
2025-06-13,14850.0,14862.0,14700.0,14714.0,2600.0
2025-06-16,14570.0,14792.0,14300.0,14506.0,2550.0
2025-06-17,14500.0,14650.0,14408.0,14448.0,1870.0
2025-06-18,14448.0,14490.0,14258.0,14302.0,3580.0
2025-06-19,14300.0,14350.0,14140.0,14168.0,1330.0
2025-06-20,14140.0,14320.0,14050.0,14264.0,1430.0
2025-06-23,14624.0,14730.0,14596.0,14646.0,630.0
2025-06-24,14700.0,14800.0,14662.0,14720.0,420.0
2025-06-25,14662.0,14674.0,14162.0,14232.0,1060.0
2025-06-26,14180.0,14400.0,14106.0,14358.0,1000.0
2025-06-27,14470.0,14880.0,14402.0,14544.0,660.0
2025-06-30,14470.0,14470.0,14314.0,14392.0,130.0
2025-07-01,14340.0,14628.0,14334.0,14592.0,290.0
2025-07-02,14334.0,14340.0,14222.0,14292.0,170.0
2025-07-03,14214.0,14370.0,13722.0,13936.0,1020.0
2025-07-04,13802.0,13990.0,13642.0,13718.0,550.0
2025-07-07,13520.0,13950.0,13300.0,13434.0,1750.0
2025-07-08,13540.0,13600.0,13232.0,13498.0,460.0
2025-07-09,13620.0,13650.0,13452.0,13566.0,380.0
2025-07-10,13700.0,13862.0,13520.0,13718.0,830.0
2025-07-11,13750.0,13832.0,13608.0,13772.0,550.0
2025-07-14,13880.0,14024.0,13712.0,13754.0,710.0
2025-07-15,13620.0,13900.0,13620.0,13866.0,170.0
2025-07-16,13854.0,13856.0,13612.0,13636.0,380.0
2025-07-17,13530.0,13846.0,13200.0,13620.0,650.0
2025-07-18,13600.0,13618.0,13566.0,13598.0,150.0
2025-07-21,13502.0,13646.0,13492.0,13500.0,210.0
2025-07-22,13830.0,13830.0,13482.0,13570.0,260.0
2025-07-23,13580.0,13580.0,13482.0,13536.0,90.0
2025-07-24,13336.0,13564.0,13336.0,13538.0,170.0
2025-07-25,13554.0,13554.0,13200.0,13304.0,730.0
2025-07-28,13202.0,13370.0,13028.0,13334.0,540.0
2025-07-29,13274.0,13442.0,13152.0,13304.0,1070.0
2025-07-30,13540.0,13540.0,13122.0,13358.0,860.0
2025-07-31,13272.0,13358.0,13110.0,13134.0,1180.0
2025-08-01,13100.0,13654.0,13064.0,13476.0,5330.0
2025-08-04,13540.0,13634.0,13452.0,13480.0,2120.0
2025-08-05,13450.0,13506.0,13400.0,13482.0,1950.0
2025-08-06,13448.0,13628.0,13430.0,13596.0,1650.0
2025-08-07,13626.0,13638.0,13276.0,13378.0,4490.0
2025-08-08,13282.0,13392.0,13240.0,13318.0,1280.0
2025-08-11,13348.0,13378.0,13112.0,13206.0,2029.9999999999998
2025-08-12,13170.0,13216.0,13110.0,13158.0,2210.0
2025-08-13,13102.0,13520.0,12900.0,13486.0,5970.0
2025-08-14,13400.0,13528.0,13264.0,13402.0,6570.0
2025-08-18,13440.0,13440.0,13130.0,13226.0,3710.0
2025-08-19,13236.0,13368.0,13230.0,13342.0,1240.0
2025-08-20,13300.0,13690.0,13300.0,13426.0,1780.0
2025-08-21,13592.0,13650.0,13592.0,13622.0,300.0
2025-08-22,13634.0,13718.0,13614.0,13686.0,150.0
2025-08-25,13634.0,13740.0,13634.0,13680.0,90.0
2025-08-26,13654.0,13654.0,13410.0,13456.0,390.0
2025-08-28,13410.0,13650.0,13310.0,13522.0,130.0
2025-08-29,13790.0,13790.0,13520.0,13578.0,150.0
2025-09-01,13468.0,13540.0,12764.0,12776.0,1230.0
2025-09-02,12604.0,12900.0,12180.0,12470.0,1220.0
2025-09-03,12252.0,12620.0,12210.0,12588.0,470.0
2025-09-04,12502.0,12788.0,12502.0,12676.0,320.0
2025-09-05,12620.0,12620.0,12270.0,12440.0,250.0
2025-09-08,12372.0,12580.0,12352.0,12394.0,120.0
2025-09-09,12110.0,12444.0,12000.0,12318.0,160.0
2025-09-10,12480.0,13040.0,12480.0,12862.0,790.0
2025-09-11,13020.0,13180.0,12762.0,12864.0,970.0
2025-09-12,12740.0,12938.0,12520.0,12648.0,540.0
2025-09-15,12638.0,12676.0,12510.0,12592.0,250.0
2025-09-16,12550.0,12652.0,12300.0,12356.0,220.0
2025-09-17,12490.0,12610.0,12362.0,12378.0,360.0
2025-09-18,12398.0,12478.0,12398.0,12420.0,210.0
2025-09-19,12400.0,12888.0,12352.0,12658.0,820.0
2025-09-22,12700.0,12838.0,12602.0,12648.0,660.0
2025-09-23,12640.0,12642.0,12520.0,12566.0,1160.0
2025-09-24,12590.0,12676.0,12560.0,12600.0,750.0
2025-09-25,12578.0,12800.0,12566.0,12710.0,760.0
2025-09-26,12700.0,12764.0,12620.0,12690.0,400.0
2025-09-29,12902.0,13176.0,12740.0,12834.0,1890.0
2025-09-30,12650.0,12882.0,12432.0,12776.0,2000.0
2025-10-01,12800.0,12800.0,12266.0,12500.0,5060.0
2025-10-03,12422.0,12594.0,12362.0,12450.0,2300.0
2025-10-06,12166.0,12408.0,12072.0,12362.0,1420.0
2025-10-07,12380.0,12460.0,12250.0,12378.0,1740.0
2025-10-08,12390.0,12576.0,12372.0,12452.0,2850.0
2025-10-09,12430.0,12720.0,12430.0,12660.0,2360.0
2025-10-10,12680.0,12978.0,12614.0,12794.0,2380.0
2025-10-13,12652.0,13560.0,12652.0,13560.0,4900.0
2025-10-14,13920.0,14372.0,13722.0,13836.0,8850.0
2025-10-15,13666.0,14058.0,13650.0,13906.0,3780.0
2025-10-16,13990.0,14720.0,13990.0,14664.0,4870.0
2025-10-17,14700.0,14980.0,14510.0,14728.0,2890.0
2025-10-20,14928.0,15200.0,14796.0,15132.0,2290.0
2025-10-21,13900.0,14358.0,13524.0,13880.0,300.0
2025-10-23,13700.0,13700.0,13048.0,13080.0,1300.0
2025-10-24,12780.0,13286.0,12780.0,13162.0,500.0
2025-10-27,13102.0,13116.0,12514.0,12852.0,1240.0
2025-10-28,13150.0,13590.0,13022.0,13072.0,1110.0
2025-10-29,12964.0,13130.0,12836.0,12948.0,360.0
2025-10-30,13114.0,13464.0,12800.0,13370.0,1380.0
2025-10-31,13540.0,13540.0,13114.0,13382.0,480.0
2025-11-03,13248.0,13370.0,13124.0,13242.0,490.0
2025-11-04,13160.0,13358.0,13128.0,13182.0,490.0
2025-11-06,13250.0,13338.0,13140.0,13192.0,340.0
2025-11-07,13106.0,13390.0,12840.0,13312.0,580.0
2025-11-10,13600.0,13798.0,13340.0,13526.0,680.0
2025-11-11,13456.0,13580.0,13264.0,13340.0,180.0
2025-11-12,13380.0,13540.0,13310.0,13366.0,680.0
2025-11-13,13270.0,13420.0,13250.0,13328.0,310.0
2025-11-14,13332.0,13332.0,12532.0,12874.0,1770.0
2025-11-17,12782.0,13054.0,12750.0,12954.0,520.0
2025-11-18,12984.0,12984.0,12614.0,12794.0,450.0
2025-11-19,12600.0,13050.0,12574.0,12990.0,910.0
2025-11-20,13034.0,13078.0,12820.0,12878.0,310.0
2025-11-21,12712.0,12950.0,12690.0,12724.0,1220.0
2025-11-24,12896.0,12950.0,12780.0,12906.0,190.0
2025-11-25,12900.0,12918.0,12740.0,12874.0,690.0
2025-11-26,12970.0,13282.0,12822.0,13188.0,1480.0
2025-11-27,13074.0,13978.0,13074.0,13974.0,6000.0
2025-11-28,14090.0,14812.0,14050.0,14808.0,6500.0
2025-12-01,14870.0,15092.0,14600.0,14810.0,2220.0
2025-12-02,14710.0,14940.0,14656.0,14756.0,1010.0
2025-12-03,14512.0,14726.0,14450.0,14592.0,1990.0
2025-12-04,14600.0,14830.0,14484.0,14798.0,1400.0
2025-12-05,14752.0,14980.0,14706.0,14762.0,1350.0
2025-12-08,14726.0,14770.0,14602.0,14714.0,890.0
2025-12-09,14702.0,14922.0,14586.0,14782.0,1630.0
2025-12-10,14950.0,15630.0,14820.0,15520.0,6440.0
2025-12-11,15630.0,16376.0,15550.0,15880.0,4270.0
2025-12-12,16112.0,16396.0,15900.0,16332.0,3690.0
2025-12-15,16490.0,16590.0,15950.0,16162.0,3580.0
2025-12-16,16162.0,16162.0,15716.0,15860.0,3920.0
2025-12-17,15960.0,16420.0,15754.0,16146.0,2710.0
2025-12-18,16150.0,16420.0,15950.0,16012.0,2240.0
2025-12-19,15720.0,15764.0,15400.0,15538.0,110.0
2025-12-22,15528.0,16158.0,15528.0,16030.0,230.0
2025-12-23,16150.0,16860.0,16150.0,16784.0,500.0
2025-12-24,16230.0,16860.0,16230.0,16602.0,220.0
2025-12-26,16652.0,17314.0,16652.0,17064.0,580.0
2025-12-29,17648.0,17648.0,16900.0,17020.0,100.0
2025-12-30,16800.0,17300.0,16600.0,17076.0,110.0
2025-12-31,17350.0,17400.0,17070.0,17232.0,200.0
2026-01-01,17152.0,17920.0,16872.0,17684.0,240.0
2026-01-02,18230.0,18744.0,18200.0,18368.0,550.0
2026-01-05,18800.0,18800.0,18246.0,18606.0,210.0
2026-01-06,18796.0,19210.0,17996.0,18068.0,730.0
2026-01-07,18302.0,18790.0,17604.0,17732.0,850.0
2026-01-08,17430.0,17784.0,16748.0,17492.0,350.0
2026-01-09,18100.0,18100.0,17060.0,17510.0,170.0
2026-01-12,17400.0,17934.0,17400.0,17820.0,180.0
2026-01-13,17604.0,17850.0,17234.0,17460.0,150.0
2026-01-14,18098.0,18098.0,17040.0,17178.0,160.0
2026-01-16,16950.0,17480.0,16742.0,17248.0,500.0
2026-01-19,16700.0,18282.0,16700.0,18228.0,720.0
2026-01-20,18400.0,18600.0,17740.0,17928.0,340.0
2026-01-21,18140.0,18150.0,17760.0,17990.0,260.0
2026-01-22,17926.0,17976.0,17646.0,17868.0,530.0
2026-01-23,18300.0,18300.0,17154.0,17544.0,780.0
2026-01-27,17306.0,17398.0,16882.0,17174.0,770.0
2026-01-28,16952.0,17200.0,16532.0,16666.0,770.0
2026-01-29,16506.0,17080.0,16160.0,17016.0,860.0
2026-01-30,17100.0,17170.0,16700.0,16812.0,520.0
2026-02-01,16450.0,16746.0,16310.0,16426.0,460.0
2026-02-02,16060.0,16740.0,16060.0,16658.0,330.0
2026-02-03,16802.0,17088.0,16740.0,16796.0,460.0
2026-02-04,16510.0,17000.0,16510.0,16910.0,260.0
2026-02-05,16802.0,16850.0,16700.0,16820.0,130.0
2026-02-06,16780.0,16780.0,15886.0,16106.0,1020.0
2026-02-09,15822.0,16020.0,15600.0,15688.0,800.0
2026-02-10,15600.0,16314.0,15560.0,16238.0,1110.0
2026-02-11,16252.0,16372.0,15700.0,15834.0,1150.0
2026-02-12,15610.0,15976.0,15062.0,15444.0,1670.0
2026-02-13,15342.0,15634.0,15000.0,15104.0,1030.0
2026-02-16,15046.0,15180.0,14666.0,14936.0,550.0
2026-02-17,14772.0,15496.0,14700.0,15214.0,1190.0
2026-02-18,15532.0,15758.0,15484.0,15554.0,830.0
2026-02-19,15690.0,15730.0,15350.0,15608.0,250.0
2026-02-20,15768.0,16048.0,15650.0,15992.0,1170.0
2026-02-23,16230.0,16630.0,15590.0,15654.0,1820.0
2026-02-24,15368.0,16280.0,15200.0,16216.0,860.0
2026-02-25,16020.0,16658.0,15960.0,16074.0,1460.0
2026-02-26,16368.0,16370.0,15630.0,15716.0,810.0
2026-02-27,15632.0,15882.0,15328.0,15614.0,470.0
2026-03-02,15110.0,15310.0,14990.0,15036.0,1670.0
2026-03-04,14466.0,14780.0,14320.0,14718.0,940.0
2026-03-05,14510.0,15198.0,14510.0,15156.0,1230.0
2026-03-06,15100.0,15260.0,14754.0,14830.0,1110.0
2026-03-09,14552.0,14800.0,14238.0,14758.0,590.0
2026-03-10,14662.0,15348.0,14566.0,14866.0,1610.0
2026-03-11,14910.0,14936.0,14644.0,14724.0,1220.0
2026-03-12,14654.0,14800.0,14530.0,14696.0,1020.0
2026-03-13,14622.0,15180.0,14586.0,14856.0,830.0
2026-03-16,14868.0,15076.0,14752.0,14916.0,660.0
2026-03-17,14862.0,14996.0,14764.0,14882.0,390.0
2026-03-18,14880.0,15156.0,14812.0,15008.0,610.0
2026-03-19,15004.0,15004.0,14664.0,14848.0,550.0
2026-03-20,14956.0,14956.0,14566.0,14640.0,940.0
2026-03-23,14300.0,14370.0,13920.0,14256.0,3210.0
2026-03-24,14466.0,14598.0,14072.0,14222.0,860.0
2026-03-25,14370.0,14600.0,14264.0,14498.0,1770.0
2026-03-27,14500.0,14890.0,14418.0,14848.0,3760.0
2026-03-30,14820.0,15680.0,14820.0,15602.0,2590.0
2026-04-01,15828.0,16000.0,15434.0,15534.0,2590.0
2026-04-02,15670.0,15950.0,15280.0,15740.0,2670.0
2026-04-06,15860.0,16240.0,15680.0,16208.0,4220.0
2026-04-07,16338.0,16398.0,16050.0,16172.0,3100.0
2026-04-08,16300.0,16950.0,16300.0,16896.0,10890.0
2026-04-09,16988.0,16988.0,16310.0,16360.0,4130.0
2026-04-10,16350.0,16458.0,16102.0,16148.0,3300.0
2026-04-13,16002.0,16002.0,15510.0,15800.0,4580.0
2026-04-15,15510.0,16148.0,15510.0,15806.0,6410.0
2026-04-16,15890.0,16060.0,15640.0,15690.0,4750.0
2026-04-17,15740.0,16240.0,15396.0,16146.0,4210.0
2026-04-20,16220.0,16398.0,16030.0,16102.0,4780.0
2026-04-21,15950.0,16200.0,15812.0,16094.0,590.0
2026-04-22,16196.0,16200.0,15974.0,16050.0,610.0
2026-04-23,16000.0,16360.0,15812.0,16292.0,1500.0
2026-04-24,16350.0,16450.0,16122.0,16200.0,1140.0
2026-04-27,16020.0,16360.0,15776.0,15936.0,1150.0
2026-04-28,15752.0,16100.0,15752.0,15900.0,1140.0
2026-04-29,16058.0,16132.0,15858.0,15908.0,1920.0
2026-04-30,15948.0,15948.0,15640.0,15816.0,1070.0
