date,open,high,low,close,volume
2017-01-02,3290.0,3381.0,3290.0,3369.0,28900.0
2017-01-03,3375.0,3411.0,3370.0,3384.0,27690.0
2017-01-04,3358.0,3376.0,3319.0,3325.0,25530.0
2017-01-05,3332.0,3372.0,3332.0,3365.0,26540.0
2017-01-06,3375.0,3386.0,3349.0,3364.0,25540.0
2017-01-09,3365.0,3380.0,3306.0,3318.0,33030.0
2017-01-10,3300.0,3328.0,3282.0,3316.0,44900.0
2017-01-11,3316.0,3338.0,3300.0,3312.0,34840.0
2017-01-12,3310.0,3355.0,3310.0,3333.0,25030.0
2017-01-13,3340.0,3362.0,3325.0,3333.0,21580.0
2017-01-16,3328.0,3339.0,3311.0,3323.0,16010.000000000002
2017-01-17,3325.0,3404.0,3311.0,3390.0,45680.0
2017-01-19,3372.0,3395.0,3360.0,3366.0,22140.0
2017-01-20,3355.0,3393.0,3355.0,3384.0,24800.0
2017-01-23,3430.0,3453.0,3411.0,3416.0,6670.0
2017-01-24,3417.0,3428.0,3350.0,3370.0,9870.0
2017-01-25,3367.0,3375.0,3349.0,3366.0,8750.0
2017-01-27,3370.0,3385.0,3307.0,3337.0,18300.0
2017-01-30,3339.0,3339.0,3292.0,3299.0,17480.0
2017-01-31,3296.0,3322.0,3290.0,3316.0,22100.0
2017-02-01,3320.0,3404.0,3309.0,3383.0,27850.0
2017-02-02,3389.0,3394.0,3331.0,3337.0,26690.0
2017-02-03,3333.0,3352.0,3332.0,3336.0,11730.0
2017-02-06,3335.0,3342.0,3296.0,3302.0,28660.0
2017-02-07,3306.0,3322.0,3278.0,3287.0,31550.0
2017-02-08,3290.0,3330.0,3282.0,3310.0,32610.0
2017-02-09,3318.0,3340.0,3303.0,3311.0,39880.0
2017-02-10,3310.0,3324.0,3286.0,3296.0,54390.0
2017-02-13,3287.0,3312.0,3270.0,3275.0,33090.0
2017-02-14,3272.0,3285.0,3241.0,3256.0,32130.000000000004
2017-02-15,3264.0,3348.0,3261.0,3326.0,64430.00000000001
2017-02-16,3326.0,3342.0,3303.0,3314.0,45190.0
2017-02-17,3311.0,3368.0,3302.0,3347.0,66650.0
2017-02-20,3364.0,3402.0,3349.0,3363.0,67960.0
2017-02-21,3428.0,3447.0,3387.0,3401.0,14260.0
2017-02-22,3400.0,3503.0,3400.0,3503.0,30390.0
2017-02-23,3520.0,3643.0,3508.0,3617.0,40840.0
2017-02-24,3617.0,3617.0,3617.0,3617.0,
2017-02-27,3713.0,3745.0,3653.0,3674.0,70380.0
2017-02-28,3656.0,3820.0,3635.0,3820.0,88470.0
2017-03-01,3840.0,3895.0,3784.0,3811.0,122990.0
2017-03-02,3824.0,3859.0,3765.0,3833.0,109210.0
2017-03-03,3840.0,3895.0,3816.0,3842.0,108970.0
2017-03-06,3891.0,3995.0,3891.0,3973.0,133660.0
2017-03-07,3990.0,4000.0,3864.0,3893.0,137040.0
2017-03-08,3876.0,4009.0,3851.0,4009.0,130500.0
2017-03-09,4051.0,4051.0,3849.0,3853.0,194140.0
2017-03-10,3862.0,3888.0,3750.0,3783.0,178790.0
2017-03-14,3815.0,3815.0,3725.0,3768.0,98730.0
2017-03-15,3788.0,3866.0,3747.0,3850.0,108570.0
2017-03-16,3853.0,3869.0,3821.0,3841.0,80000.0
2017-03-17,3850.0,3944.0,3774.0,3909.0,139840.0
2017-03-20,3909.0,3930.0,3848.0,3866.0,106560.0
2017-03-21,3924.0,3937.0,3885.0,3910.0,7270.0
2017-03-22,3893.0,3963.0,3874.0,3906.0,16560.0
2017-03-23,3907.0,3972.0,3890.0,3932.0,19760.0
2017-03-24,3925.0,4004.0,3923.0,3934.0,24990.0
2017-03-27,3920.0,3967.0,3837.0,3852.0,36110.0
2017-03-28,3867.0,3963.0,3856.0,3946.0,38120.0
2017-03-29,3954.0,3987.0,3936.0,3950.0,30930.0
2017-03-30,3958.0,4009.0,3954.0,3970.0,53060.0
2017-03-31,4005.0,4089.0,4000.0,4079.0,100610.0
2017-04-03,4129.0,4201.0,4110.0,4201.0,105000.0
2017-04-04,4201.0,4201.0,4201.0,4201.0,
2017-04-06,4100.0,4147.0,4080.0,4123.0,100500.0
2017-04-07,4147.0,4175.0,4012.0,4060.0,131120.0
2017-04-10,4055.0,4075.0,4020.0,4036.0,81260.0
2017-04-11,4027.0,4114.0,3963.0,3983.0,132750.0
2017-04-12,3983.0,4025.0,3927.0,4006.0,106720.0
2017-04-13,4016.0,4120.0,3996.0,4091.0,154780.0
2017-04-17,4085.0,4085.0,3945.0,3966.0,114480.0
2017-04-18,3970.0,4064.0,3952.0,3975.0,123160.0
2017-04-19,3985.0,4013.0,3952.0,3988.0,74040.0
2017-04-20,3982.0,3997.0,3940.0,3963.0,84060.0
2017-04-21,4008.0,4037.0,3960.0,3971.0,9770.0
2017-04-24,3939.0,3949.0,3901.0,3927.0,12850.0
2017-04-25,3922.0,3970.0,3922.0,3959.0,13070.0
2017-04-26,3949.0,3983.0,3936.0,3951.0,19440.0
2017-04-27,3955.0,3972.0,3894.0,3909.0,28740.0
2017-04-28,3908.0,3937.0,3895.0,3924.0,40590.0
2017-05-02,3906.0,3917.0,3800.0,3810.0,49830.0
2017-05-03,3790.0,3801.0,3722.0,3737.0,57040.0
2017-05-04,3740.0,3774.0,3728.0,3761.0,53770.0
2017-05-05,3726.0,3768.0,3633.0,3729.0,94770.0
2017-05-08,3750.0,3765.0,3692.0,3702.0,51000.0
2017-05-09,3710.0,3772.0,3670.0,3747.0,88210.0
2017-05-10,3732.0,3733.0,3656.0,3680.0,85380.0
2017-05-11,3700.0,3740.0,3685.0,3701.0,57840.0
2017-05-12,3703.0,3738.0,3670.0,3705.0,61420.0
2017-05-15,3683.0,3705.0,3594.0,3603.0,72970.0
2017-05-16,3600.0,3638.0,3583.0,3632.0,73850.0
2017-05-17,3611.0,3658.0,3602.0,3616.0,50960.0
2017-05-18,3608.0,3638.0,3594.0,3618.0,54220.0
2017-05-19,3635.0,3709.0,3630.0,3672.0,83940.0
2017-05-22,3701.0,3721.0,3683.0,3698.0,7510.0
2017-05-23,3704.0,3712.0,3611.0,3649.0,22280.0
2017-05-24,3650.0,3653.0,3543.0,3559.0,16610.0
2017-05-25,3557.0,3584.0,3535.0,3566.0,18900.0
2017-05-26,3502.0,3610.0,3500.0,3591.0,24390.0
2017-05-29,3583.0,3589.0,3457.0,3480.0,29110.0
2017-05-30,3483.0,3521.0,3449.0,3490.0,44740.0
2017-05-31,3499.0,3499.0,3386.0,3412.0,62610.0
2017-06-01,3390.0,3438.0,3382.0,3406.0,31580.0
2017-06-02,3397.0,3464.0,3320.0,3334.0,77110.0
2017-06-05,3342.0,3363.0,3315.0,3337.0,63950.0
2017-06-06,3333.0,3420.0,3305.0,3321.0,108420.0
2017-06-07,3304.0,3322.0,3256.0,3276.0,76190.0
2017-06-08,3261.0,3316.0,3235.0,3287.0,80160.0
2017-06-09,3278.0,3318.0,3278.0,3298.0,73420.0
2017-06-12,3300.0,3390.0,3300.0,3370.0,74460.0
2017-06-13,3393.0,3412.0,3366.0,3389.0,53030.0
2017-06-14,3405.0,3490.0,3400.0,3482.0,81780.0
2017-06-15,3480.0,3573.0,3463.0,3482.0,134010.0
2017-06-16,3482.0,3562.0,3482.0,3546.0,110160.0
2017-06-19,3560.0,3564.0,3452.0,3465.0,118340.0
2017-06-20,3441.0,3451.0,3364.0,3372.0,83850.0
2017-06-21,3511.0,3519.0,3465.0,3471.0,7260.0
2017-06-22,3434.0,3460.0,3395.0,3438.0,17320.0
2017-06-23,3449.0,3492.0,3433.0,3449.0,22440.0
2017-06-27,3413.0,3452.0,3392.0,3420.0,16660.0
2017-06-28,3399.0,3522.0,3399.0,3522.0,35410.0
2017-06-29,3520.0,3582.0,3511.0,3566.0,47350.0
2017-06-30,3560.0,3594.0,3547.0,3561.0,44020.0
2017-07-03,3585.0,3591.0,3419.0,3419.0,64269.99999999999
2017-07-04,3392.0,3419.0,3309.0,3347.0,91480.0
2017-07-05,3341.0,3398.0,3341.0,3386.0,60220.0
2017-07-06,3381.0,3454.0,3333.0,3430.0,99010.0
2017-07-07,3420.0,3453.0,3355.0,3370.0,95040.0
2017-07-10,3389.0,3460.0,3389.0,3406.0,106870.0
2017-07-11,3391.0,3400.0,3326.0,3339.0,85730.0
2017-07-12,3346.0,3415.0,3341.0,3392.0,79230.0
2017-07-13,3383.0,3407.0,3360.0,3370.0,69350.0
2017-07-14,3355.0,3471.0,3351.0,3458.0,88680.0
2017-07-17,3422.0,3436.0,3381.0,3392.0,92230.0
2017-07-18,3371.0,3407.0,3371.0,3388.0,53500.0
2017-07-19,3388.0,3449.0,3375.0,3407.0,79200.0
2017-07-20,3400.0,3440.0,3371.0,3422.0,77120.0
2017-07-21,3464.0,3482.0,3433.0,3468.0,1390.0
2017-07-24,3449.0,3464.0,3430.0,3448.0,1790.0
2017-07-25,3456.0,3480.0,3456.0,3466.0,540.0
2017-07-26,3465.0,3602.0,3451.0,3576.0,2600.0
2017-07-27,3563.0,3594.0,3542.0,3551.0,1900.0
2017-07-28,3535.0,3625.0,3535.0,3603.0,2570.0
2017-07-31,3607.0,3694.0,3607.0,3640.0,3640.0
2017-08-01,3643.0,3692.0,3640.0,3647.0,2970.0
2017-08-02,3635.0,3642.0,3610.0,3627.0,1450.0
2017-08-03,3639.0,3690.0,3630.0,3677.0,2840.0
2017-08-04,3725.0,3786.0,3716.0,3768.0,2620.0
2017-08-07,3769.0,3801.0,3743.0,3756.0,3440.0
2017-08-08,3735.0,3879.0,3725.0,3872.0,4270.0
2017-08-09,3865.0,3900.0,3826.0,3840.0,3390.0
2017-08-10,3847.0,3895.0,3793.0,3810.0,5170.0
2017-08-11,3826.0,3950.0,3815.0,3942.0,3610.0
2017-08-14,3970.0,3995.0,3850.0,3891.0,3300.0
2017-08-16,3877.0,3955.0,3791.0,3908.0,5260.0
2017-08-17,3944.0,3972.0,3884.0,3901.0,4830.0
2017-08-18,3910.0,4018.0,3881.0,3965.0,5120.0
2017-08-21,4000.0,4118.0,4000.0,4099.0,6690.0
2017-08-22,4130.0,4173.0,4054.0,4069.0,7060.0
2017-08-23,4130.0,4137.0,4082.0,4118.0,5010.0
2017-08-24,4131.0,4282.0,4131.0,4282.0,11010.0
2017-08-28,4250.0,4344.0,4154.0,4222.0,11250.0
2017-08-29,4211.0,4260.0,4145.0,4183.0,12190.0
2017-08-30,4229.0,4246.0,4159.0,4174.0,5650.0
2017-08-31,4153.0,4163.0,4008.0,4008.0,14140.0
2017-09-01,3966.0,3966.0,3848.0,3874.0,13440.0
2017-09-04,3916.0,3917.0,3814.0,3828.0,9020.0
2017-09-05,3802.0,3822.0,3736.0,3789.0,10700.0
2017-09-06,3811.0,3880.0,3797.0,3862.0,5150.0
2017-09-07,3862.0,3894.0,3837.0,3844.0,8910.0
2017-09-08,3854.0,3945.0,3854.0,3925.0,7200.0
2017-09-11,3914.0,3974.0,3881.0,3948.0,8180.0
2017-09-12,3905.0,3945.0,3890.0,3925.0,6490.0
2017-09-13,3924.0,3998.0,3923.0,3947.0,9510.0
2017-09-14,3930.0,3942.0,3790.0,3790.0,11920.0
2017-09-15,3780.0,3780.0,3693.0,3725.0,15710.0
2017-09-18,3765.0,3767.0,3633.0,3682.0,14850.0
2017-09-19,3697.0,3826.0,3690.0,3814.0,13510.0
2017-09-20,3803.0,3856.0,3740.0,3804.0,20930.0
2017-09-21,3800.0,3818.0,3770.0,3804.0,9320.0
2017-09-22,3813.0,3840.0,3780.0,3802.0,16980.0
2017-09-25,3822.0,3825.0,3760.0,3800.0,27090.0
2017-09-26,3825.0,3910.0,3820.0,3901.0,56220.0
2017-09-27,3900.0,3924.0,3850.0,3870.0,48320.0
2017-09-28,3855.0,3862.0,3768.0,3804.0,70350.0
2017-09-29,3800.0,3833.0,3780.0,3813.0,66790.0
2017-10-03,3794.0,3794.0,3699.0,3699.0,86330.0
2017-10-04,3690.0,3731.0,3658.0,3700.0,114070.0
2017-10-05,3710.0,3775.0,3710.0,3763.0,83080.0
2017-10-06,3775.0,3793.0,3740.0,3753.0,88740.0
2017-10-09,3750.0,3752.0,3681.0,3733.0,103900.0
2017-10-10,3750.0,3882.0,3750.0,3878.0,159680.0
2017-10-11,3870.0,3893.0,3834.0,3854.0,123590.0
2017-10-12,3842.0,3860.0,3802.0,3817.0,87560.0
2017-10-13,3805.0,3824.0,3772.0,3785.0,76760.0
2017-10-16,3770.0,3854.0,3707.5,3832.5,145710.0
2017-10-17,3821.0,3875.0,3788.0,3798.0,108830.0
2017-10-18,3790.0,3825.0,3765.5,3794.5,91290.0
2017-10-19,3874.5,3874.5,3800.0,3838.5,6850.0
2017-10-23,3800.5,3855.0,3787.0,3796.0,17840.0
2017-10-24,3796.0,3805.0,3716.0,3738.0,46280.0
2017-10-25,3719.0,3765.0,3700.0,3740.5,27210.0
2017-10-26,3751.5,3786.5,3744.5,3773.5,28540.0
2017-10-27,3778.5,3780.5,3691.5,3699.5,34520.0
2017-10-30,3708.0,3717.0,3590.0,3613.0,64420.0
2017-10-31,3622.0,3660.0,3592.0,3638.0,60790.0
2017-11-01,3625.0,3642.0,3558.0,3590.0,99340.0
2017-11-02,3619.0,3638.0,3588.0,3624.0,79240.0
2017-11-03,3627.5,3706.0,3618.0,3690.0,115550.0
2017-11-06,3693.0,3750.0,3660.0,3669.0,119260.0
2017-11-07,3677.0,3698.0,3649.0,3670.5,88340.0
2017-11-08,3669.0,3713.0,3655.0,3674.5,92350.0
2017-11-09,3680.0,3708.0,3605.5,3619.5,139120.0
2017-11-10,3620.0,3722.0,3591.0,3705.0,164580.0
2017-11-13,3711.0,3773.0,3688.0,3699.0,142730.0
2017-11-14,3699.0,3728.0,3674.0,3698.0,93510.0
2017-11-15,3700.0,3722.0,3667.0,3677.0,75260.0
2017-11-16,3687.0,3700.0,3652.0,3662.0,78770.0
2017-11-17,3657.0,3676.0,3630.0,3648.5,70670.0
2017-11-20,3658.0,3707.5,3658.0,3672.5,87100.0
2017-11-21,3742.0,3805.0,3733.0,3784.0,10800.0
2017-11-22,3806.0,3837.0,3800.0,3817.0,22540.0
2017-11-23,3821.5,3941.0,3821.5,3916.5,48250.0
2017-11-24,3912.0,3941.0,3870.0,3879.0,30900.0
2017-11-27,3905.0,3993.0,3898.0,3974.0,46460.0
2017-11-28,3968.0,4005.5,3929.5,3945.0,41340.0
2017-11-29,3948.5,3957.5,3903.0,3937.0,47550.0
2017-11-30,3931.0,3984.0,3925.5,3966.5,70500.0
2017-12-01,3965.0,3980.0,3890.0,3906.5,75780.0
2017-12-04,3932.0,4005.0,3928.0,3973.5,121650.0
2017-12-05,3970.0,3986.0,3897.0,3910.5,103640.0
2017-12-06,3920.0,3930.0,3871.0,3899.0,108360.0
2017-12-07,3888.5,3890.0,3820.0,3828.5,96850.0
2017-12-08,3790.0,3884.0,3746.0,3872.5,119610.0
2017-12-11,3885.0,3913.0,3862.0,3875.5,105720.0
2017-12-12,3877.0,3894.5,3771.5,3802.5,110140.0
2017-12-13,3803.5,3835.0,3780.0,3824.5,84080.0
2017-12-14,3825.5,3907.0,3812.0,3852.5,118560.0
2017-12-15,3842.0,3877.0,3825.0,3869.5,62770.0
2017-12-18,3880.0,3905.0,3872.0,3887.0,55600.0
2017-12-19,3897.0,3965.0,3889.0,3950.0,106990.0
2017-12-20,3962.0,3968.0,3905.0,3930.0,100970.0
2017-12-21,4000.0,4118.0,3982.0,4108.5,29450.0
2017-12-22,4145.0,4145.0,4082.0,4097.5,32689.999999999996
2017-12-26,4140.0,4180.0,4105.0,4174.0,44590.0
2017-12-27,4178.5,4199.0,4154.0,4173.5,32910.0
2017-12-28,4170.5,4226.0,4141.0,4185.0,68120.0
2017-12-29,4197.0,4199.0,4122.0,4140.5,68590.0
2018-01-01,4145.0,4204.0,4112.0,4177.0,62510.0
2018-01-02,4185.0,4221.0,4176.0,4190.0,91530.0
2018-01-03,4190.0,4225.0,4174.0,4207.5,99260.0
2018-01-04,4232.0,4288.5,4232.0,4257.0,109710.0
2018-01-05,4257.0,4356.5,4230.5,4333.0,186310.0
2018-01-08,4318.0,4423.0,4311.0,4385.5,192210.0
2018-01-09,4394.0,4405.0,4351.0,4368.5,131920.0
2018-01-10,4364.0,4463.0,4364.0,4440.5,167430.0
2018-01-11,4432.5,4470.0,4317.0,4356.5,251150.0
2018-01-12,4365.0,4387.0,4325.5,4352.5,120260.0
2018-01-15,4420.0,4420.0,4362.0,4377.0,89260.0
2018-01-16,4385.0,4385.0,4302.0,4318.5,103480.0
2018-01-17,4311.0,4362.0,4287.0,4335.5,96960.0
2018-01-18,4341.0,4354.0,4230.0,4251.5,126740.0
2018-01-19,4235.0,4315.5,4198.0,4276.5,157250.0
2018-01-22,4356.5,4461.0,4355.0,4461.0,34310.0
2018-01-23,4505.0,4628.0,4492.5,4559.0,65129.99999999999
2018-01-24,4553.0,4594.0,4528.0,4565.0,35810.0
2018-01-25,4599.0,4710.5,4599.0,4679.5,67930.0
2018-01-29,4750.5,4794.0,4679.5,4707.5,86220.0
2018-01-30,4668.0,4718.0,4595.5,4688.5,90910.0
2018-01-31,4700.0,4734.0,4655.0,4678.0,106150.0
2018-02-01,4665.0,4741.0,4656.0,4720.0,111660.0
2018-02-02,4744.0,4800.0,4727.0,4768.0,149260.0
2018-02-05,4732.5,4732.5,4625.0,4625.0,127880.0
2018-02-06,4572.0,4586.0,4506.0,4524.5,185050.0
2018-02-07,4541.0,4579.0,4525.0,4556.0,120010.0
2018-02-08,4534.0,4534.0,4424.0,4450.0,187620.0
2018-02-09,4428.0,4526.5,4411.0,4497.0,172670.0
2018-02-12,4510.0,4524.5,4425.0,4457.5,146240.0
2018-02-14,4425.0,4438.0,4347.0,4359.0,148820.0
2018-02-15,4394.0,4415.0,4332.0,4356.5,136990.0
2018-02-16,4386.0,4468.0,4380.0,4449.0,130060.0
2018-02-19,4475.0,4524.0,4356.0,4384.0,130610.00000000001
2018-02-20,4380.0,4422.0,4327.0,4404.5,151410.0
2018-02-21,4441.0,4490.0,4415.0,4455.5,16460.0
2018-02-22,4459.5,4497.0,4457.0,4470.5,11400.0
2018-02-23,4502.0,4515.5,4306.0,4323.0,51870.0
2018-02-26,4335.0,4335.0,4227.0,4293.0,43390.0
2018-02-27,4301.5,4324.0,4265.0,4276.0,35100.0
2018-02-28,4260.0,4338.0,4257.0,4321.5,50370.0
2018-03-01,4325.0,4368.0,4291.0,4349.0,78710.0
2018-03-05,4377.0,4381.0,4313.0,4328.5,65440.0
2018-03-06,4339.0,4339.0,4211.0,4303.5,143680.0
2018-03-07,4311.0,4335.0,4235.0,4249.0,116580.0
2018-03-08,4233.0,4247.0,4204.5,4227.0,84470.0
2018-03-09,4224.0,4277.0,4199.0,4257.0,80610.0
2018-03-12,4255.0,4265.0,4194.0,4241.5,90470.0
2018-03-13,4231.0,4317.5,4231.0,4310.5,104040.0
2018-03-14,4329.0,4350.0,4293.0,4308.0,74800.0
2018-03-15,4301.0,4316.0,4259.0,4263.5,64239.99999999999
2018-03-16,4256.0,4293.0,4193.0,4278.0,119980.0
2018-03-19,4262.5,4275.0,4201.0,4213.5,78920.0
2018-03-20,4199.0,4210.0,4156.5,4175.0,84930.0
2018-03-21,4215.0,4248.5,4200.0,4209.0,6210.0
2018-03-22,4242.0,4266.0,4230.0,4241.5,11970.0
2018-03-23,4241.0,4253.0,4170.0,4183.5,18980.0
2018-03-26,4205.0,4229.0,4184.0,4210.0,13580.0
2018-03-27,4214.5,4220.0,4104.0,4120.0,28570.0
2018-03-28,4105.0,4163.0,4066.0,4146.0,42280.0
2018-04-02,4163.0,4185.0,4092.0,4106.0,39040.0
2018-04-03,4091.0,4129.0,4075.0,4119.5,47060.0
2018-04-04,4106.0,4118.0,4080.0,4100.0,45220.0
2018-04-05,4105.0,4145.0,4088.5,4113.5,61190.0
2018-04-06,4110.0,4156.0,4107.0,4128.5,57480.0
2018-04-09,4133.0,4138.5,4048.5,4071.5,81950.0
2018-04-10,4060.0,4098.0,4033.5,4084.5,89310.0
2018-04-11,4096.0,4178.0,4074.0,4158.5,81960.0
2018-04-12,4179.0,4190.0,4105.0,4116.0,61990.0
2018-04-13,4108.0,4138.0,4091.0,4111.5,61550.0
2018-04-16,4119.0,4119.0,4076.0,4081.5,19700.0
2018-04-17,4075.0,4138.0,4042.0,4126.0,64050.0
2018-04-18,4144.0,4148.0,4104.0,4116.5,43670.0
2018-04-19,4121.0,4197.5,4121.0,4165.0,70370.0
2018-04-20,4150.0,4219.0,4149.0,4197.5,73000.0
2018-04-23,4260.0,4278.5,4227.0,4235.0,18340.0
2018-04-24,4235.0,4235.0,4190.5,4203.5,15210.0
2018-04-25,4186.0,4213.5,4172.0,4185.5,10060.0
2018-04-26,4177.0,4204.0,4150.0,4163.0,12000.0
2018-04-27,4153.0,4153.5,3996.5,3996.5,43590.0
2018-04-30,3960.0,3960.0,3837.0,3841.5,61790.0
2018-05-02,3821.0,3880.0,3766.5,3852.0,68080.0
2018-05-03,3861.0,3901.5,3790.0,3826.0,58420.0
2018-05-04,3790.0,3814.0,3720.0,3792.0,99750.0
2018-05-07,3810.0,3864.0,3766.0,3844.0,70790.0
2018-05-08,3844.0,3855.5,3775.0,3789.0,76980.0
2018-05-09,3795.0,3857.0,3790.0,3835.0,91530.0
2018-05-10,3830.0,3868.0,3763.5,3783.5,93370.0
2018-05-11,3792.0,3840.0,3790.0,3827.5,58140.0
2018-05-14,3844.0,3854.0,3806.0,3826.0,50990.0
2018-05-15,3833.0,3947.0,3792.5,3930.5,88340.0
2018-05-16,3921.0,3946.0,3875.0,3897.5,74160.0
2018-05-17,3885.0,3902.0,3857.0,3873.0,51350.0
2018-05-18,3865.0,3898.0,3817.0,3838.0,56190.0
2018-05-21,3883.5,3883.5,3817.0,3826.0,6320.0
2018-05-22,3842.0,3897.0,3837.5,3875.5,6130.0
2018-05-23,3878.0,3882.5,3856.5,3875.5,9340.0
2018-05-24,3869.0,3929.0,3853.0,3904.0,14570.0
2018-05-25,3897.0,3915.0,3862.0,3894.0,16580.0
2018-05-28,3878.0,3878.0,3820.0,3846.5,16110.0
2018-05-29,3840.0,3870.0,3745.0,3767.0,36650.0
2018-05-30,3779.5,3779.5,3660.0,3677.5,32220.0
2018-05-31,3684.0,3710.5,3654.0,3692.5,28570.0
2018-06-01,3715.0,3775.0,3698.0,3722.5,31680.0
2018-06-04,3709.0,3710.0,3595.0,3613.5,73980.0
2018-06-05,3606.0,3638.0,3552.0,3622.0,68580.0
2018-06-06,3630.0,3658.0,3600.0,3618.5,54510.0
2018-06-07,3595.0,3645.0,3577.0,3608.0,76120.0
2018-06-08,3608.0,3700.0,3608.0,3668.0,106240.0
2018-06-11,3650.0,3698.0,3622.5,3637.0,88590.0
2018-06-12,3649.0,3687.0,3626.5,3640.0,58790.0
2018-06-13,3636.0,3718.0,3633.0,3691.0,59810.0
2018-06-14,3700.0,3748.0,3687.5,3741.5,81160.0
2018-06-15,3759.0,3772.0,3720.0,3732.0,55990.0
2018-06-18,3705.0,3713.0,3632.0,3643.5,60380.0
2018-06-19,3650.0,3684.0,3630.0,3669.0,60280.0
2018-06-20,3665.0,3695.0,3655.0,3677.5,39220.0
2018-06-21,3834.5,3853.5,3802.0,3818.0,4750.0
2018-06-22,3825.0,3835.0,3762.5,3777.5,7410.0
2018-06-25,3766.0,3766.0,3712.0,3748.0,9510.0
2018-06-26,3737.0,3787.0,3733.5,3776.0,14480.0
2018-06-27,3780.0,3927.0,3780.0,3927.0,49820.0
2018-06-28,3920.0,3988.0,3890.0,3937.0,47390.0
2018-06-29,3910.0,4080.0,3893.0,3997.5,78950.0
2018-07-02,4000.5,4084.5,3997.0,4055.5,54590.0
2018-07-03,4055.0,4072.0,4001.0,4034.5,72900.0
2018-07-04,4011.0,4058.5,3971.0,4027.0,67210.0
2018-07-05,4031.0,4188.0,4026.5,4188.0,125690.0
2018-07-06,4192.0,4238.0,4141.0,4156.5,130000.0
2018-07-09,4162.0,4270.0,4126.0,4243.0,139980.0
2018-07-10,4230.0,4243.5,4100.0,4145.5,158520.0
2018-07-11,4125.0,4231.0,4093.5,4219.0,139650.0
2018-07-12,4209.0,4242.0,4160.0,4171.5,113860.0
2018-07-13,4158.0,4205.0,4056.0,4182.5,160680.0
2018-07-16,4181.0,4320.0,4181.0,4216.0,144460.0
2018-07-17,4180.0,4220.0,4130.5,4181.0,128210.00000000001
2018-07-18,4185.0,4306.0,4185.0,4306.0,158040.0
2018-07-19,4348.0,4348.0,4288.0,4308.0,128660.0
2018-07-20,4295.0,4394.0,4280.0,4338.0,161420.0
2018-07-23,4271.5,4312.0,4243.0,4302.5,2870.0
2018-07-24,4288.0,4320.0,4198.0,4217.5,3170.0
2018-07-25,4216.0,4242.0,4123.0,4161.0,5410.0
2018-07-26,4200.0,4219.0,4180.0,4189.0,1410.0
2018-07-27,4199.0,4314.0,4199.0,4304.0,3020.0
2018-07-30,4333.0,4408.0,4299.0,4388.0,3380.0
2018-07-31,4432.5,4492.0,4426.0,4483.0,2470.0
2018-08-01,4518.0,4542.0,4435.0,4477.0,4210.0
2018-08-02,4480.0,4549.0,4462.5,4532.5,2170.0
2018-08-03,4560.0,4560.0,4448.0,4477.5,3090.0
2018-08-06,4451.0,4451.0,4298.5,4314.5,5240.0
2018-08-07,4327.5,4409.0,4283.0,4402.0,4090.0
2018-08-08,4367.0,4420.0,4355.5,4400.5,1130.0
2018-08-09,4431.0,4483.0,4418.0,4444.0,4420.0
2018-08-10,4441.0,4621.5,4441.0,4621.5,8670.0
2018-08-13,4574.0,4593.0,4437.0,4437.0,7800.0
2018-08-14,4450.0,4532.0,4388.5,4502.0,7070.0
2018-08-16,4479.5,4676.5,4479.5,4654.5,5820.0
2018-08-17,4644.5,4674.0,4582.5,4636.5,6300.0
2018-08-20,4592.5,4668.0,4555.0,4649.5,3010.0
2018-08-21,4661.0,4683.0,4519.0,4539.5,4460.0
2018-08-23,4523.0,4523.0,4370.0,4377.0,6210.0
2018-08-24,4397.0,4409.5,4300.0,4339.0,4890.0
2018-08-27,4389.5,4391.0,4165.5,4179.5,9730.0
2018-08-28,4180.0,4268.5,4174.0,4204.0,6690.0
2018-08-29,4205.0,4259.0,4117.0,4247.0,5950.0
2018-08-30,4245.0,4319.0,4230.0,4300.0,3370.0
2018-08-31,4345.0,4465.0,4341.5,4451.0,8540.0
2018-09-03,4451.0,4520.0,4435.0,4480.0,7690.0
2018-09-04,4411.5,4449.0,4346.0,4392.5,7970.0
2018-09-05,4363.0,4424.0,4346.0,4406.0,4620.0
2018-09-06,4439.0,4492.0,4406.5,4423.0,7530.0
2018-09-07,4401.0,4401.0,4329.5,4365.5,2390.0
2018-09-10,4374.0,4410.0,4340.0,4353.0,2540.0
2018-09-11,4355.5,4381.0,4315.0,4328.5,4710.0
2018-09-12,4349.5,4381.0,4324.0,4365.5,3090.0
2018-09-14,4378.5,4381.0,4305.5,4324.0,7340.0
2018-09-17,4300.0,4300.0,4211.0,4235.0,10050.0
2018-09-18,4250.5,4404.0,4231.5,4404.0,15180.0
2018-09-19,4381.0,4416.5,4353.0,4373.0,10620.0
2018-09-21,4301.0,4375.0,4301.0,4365.0,10950.0
2018-09-24,4360.0,4394.0,4274.0,4305.5,17220.0
2018-09-25,4320.5,4358.0,4290.0,4336.5,17600.0
2018-09-26,4353.5,4404.0,4331.5,4341.5,17930.0
2018-09-27,4331.0,4345.0,4305.0,4331.5,21030.0
2018-09-28,4325.5,4378.0,4300.0,4363.0,46160.0
2018-10-01,4360.0,4364.0,4316.5,4325.0,34230.0
2018-10-03,4335.0,4335.0,4275.0,4309.0,51640.0
2018-10-04,4320.0,4375.0,4316.0,4328.5,78360.0
2018-10-05,4315.0,4339.0,4280.0,4292.0,66820.0
2018-10-08,4272.0,4285.0,4237.0,4250.0,79610.0
2018-10-09,4251.0,4275.0,4243.0,4254.0,35630.0
2018-10-10,4259.0,4309.0,4225.5,4270.5,93450.0
2018-10-11,4251.0,4279.0,4239.0,4248.5,47450.0
2018-10-12,4244.5,4309.0,4242.0,4286.5,61980.0
2018-10-15,4269.0,4432.0,4269.0,4404.0,125590.0
2018-10-16,4403.0,4448.0,4384.0,4402.0,82450.0
2018-10-17,4465.5,4630.0,4460.0,4618.0,14550.0
2018-10-19,4648.0,4648.0,4587.0,4607.5,16000.0
2018-10-22,4593.0,4735.0,4587.0,4708.0,29150.0
2018-10-23,4700.0,4816.5,4699.0,4733.0,31130.0
2018-10-24,4728.0,4772.0,4705.0,4723.5,31870.0
2018-10-25,4712.5,4856.0,4673.0,4843.5,49280.0
2018-10-26,4810.0,4858.5,4773.0,4791.0,38580.0
2018-10-29,4780.0,4843.0,4760.0,4796.0,70350.0
2018-10-30,4780.0,4809.0,4699.0,4706.0,85820.0
2018-10-31,4700.0,4732.0,4680.0,4692.0,88080.0
2018-11-01,4671.0,4697.0,4605.5,4634.5,119830.0
2018-11-02,4610.0,4749.5,4581.0,4737.0,148090.0
2018-11-05,4750.0,4803.0,4700.0,4732.0,122810.0
2018-11-06,4690.0,4731.5,4665.0,4697.5,125720.0
2018-11-07,4698.0,4715.0,4671.0,4699.0,24160.0
2018-11-09,4670.0,4850.0,4630.0,4797.5,194120.0
2018-11-12,4800.0,4918.0,4790.5,4802.0,200220.0
2018-11-13,4797.5,4838.5,4767.0,4778.5,105810.0
2018-11-14,4770.0,4770.0,4660.0,4689.5,121090.0
2018-11-15,4684.0,4762.5,4677.0,4729.0,113120.0
2018-11-16,4706.0,4754.0,4616.0,4648.5,146700.0
2018-11-19,4655.0,4684.5,4481.0,4515.0,125710.0
2018-11-20,4510.0,4533.0,4445.0,4513.5,103920.0
2018-11-21,4545.0,4587.5,4456.5,4492.0,19300.0
2018-11-22,4479.0,4540.0,4450.0,4523.5,17190.0
2018-11-26,4505.0,4520.0,4343.0,4343.0,32790.0
2018-11-27,4364.5,4389.5,4294.5,4359.0,41330.0
2018-11-28,4362.0,4448.0,4360.0,4402.5,26930.0
2018-11-29,4399.0,4402.0,4277.5,4295.5,44300.0
2018-11-30,4313.0,4394.0,4313.0,4354.0,47510.0
2018-12-03,4390.0,4440.0,4376.0,4420.5,50900.0
2018-12-04,4418.0,4490.0,4381.0,4451.0,66420.0
2018-12-05,4440.0,4440.0,4370.0,4391.5,67950.0
2018-12-06,4377.0,4419.0,4335.0,4367.5,83510.0
2018-12-07,4377.5,4399.0,4361.0,4375.0,39070.0
2018-12-10,4390.0,4431.0,4390.0,4412.0,64580.0
2018-12-11,4430.0,4445.0,4399.0,4407.5,48960.0
2018-12-12,4405.0,4468.0,4396.0,4438.0,58340.0
2018-12-13,4431.0,4454.0,4414.0,4422.5,36060.0
2018-12-14,4430.0,4450.0,4381.0,4417.0,55380.0
2018-12-17,4422.0,4456.0,4403.0,4412.0,51480.0
2018-12-18,4403.0,4403.0,4248.0,4266.5,106680.0
2018-12-19,4242.0,4308.0,4210.0,4297.0,64840.0
2018-12-20,4310.0,4318.0,4262.0,4297.5,50350.0
2018-12-21,4349.0,4364.0,4337.5,4352.5,6230.0
2018-12-24,4354.0,4354.0,4205.0,4226.0,18190.0
2018-12-26,4190.0,4320.5,4171.0,4296.5,22680.0
2018-12-27,4305.0,4335.0,4262.0,4271.0,26820.0
2018-12-28,4274.0,4330.0,4262.0,4286.5,25330.0
2018-12-31,4304.0,4404.0,4280.0,4366.0,39790.0
2019-01-01,4383.0,4414.0,4345.0,4360.0,37930.0
2019-01-02,4357.5,4372.0,4312.0,4318.0,30650.0
2019-01-03,4324.0,4362.5,4304.0,4356.5,42470.0
2019-01-04,4360.0,4393.0,4320.5,4382.5,69150.0
2019-01-07,4385.0,4446.0,4378.5,4400.0,67860.0
2019-01-08,4402.0,4402.0,4248.0,4260.5,77440.0
2019-01-09,4269.0,4289.0,4245.0,4267.5,65319.99999999999
2019-01-10,4275.0,4307.0,4171.0,4196.5,85550.0
2019-01-11,4171.0,4219.0,4152.0,4206.0,68350.0
2019-01-14,4210.0,4368.5,4200.0,4345.5,97210.0
2019-01-15,4325.0,4358.0,4306.5,4314.5,56020.0
2019-01-16,4328.0,4345.5,4312.0,4322.0,39790.0
2019-01-17,4321.0,4386.5,4298.0,4378.0,61800.0
2019-01-18,4389.0,4394.0,4303.0,4349.0,78890.0
2019-01-21,4419.0,4478.0,4402.5,4412.0,8940.0
2019-01-22,4405.5,4441.0,4371.0,4420.5,8000.0
2019-01-23,4460.0,4460.0,4417.0,4429.0,8390.0
2019-01-24,4430.0,4436.5,4340.0,4354.0,14800.0
2019-01-25,4360.5,4385.0,4342.0,4352.0,8380.0
2019-01-28,4365.0,4374.0,4299.0,4360.5,17900.0
2019-01-29,4353.0,4388.0,4345.0,4377.0,14580.0
2019-01-30,4387.0,4410.0,4366.0,4374.5,14930.0
2019-01-31,4390.0,4397.0,4360.0,4389.5,20350.0
2019-02-01,4390.0,4392.0,4328.0,4334.0,28360.0
2019-02-04,4341.0,4350.0,4316.0,4327.5,25430.0
2019-02-05,4330.0,4342.0,4275.0,4295.5,38510.0
2019-02-06,4278.0,4278.0,4142.0,4162.0,74200.0
2019-02-07,4155.0,4227.0,4150.0,4218.5,60450.0
2019-02-08,4205.0,4234.0,4172.0,4183.0,70490.0
2019-02-11,4177.0,4268.5,4152.0,4242.5,79460.0
2019-02-12,4244.0,4254.0,4215.0,4231.0,30690.0
2019-02-13,4246.0,4284.0,4229.0,4261.5,33720.0
2019-02-14,4265.0,4290.0,4245.0,4258.5,48370.0
2019-02-15,4255.0,4304.0,4232.0,4242.0,39940.0
2019-02-18,4250.0,4258.0,4234.0,4246.0,28120.0
2019-02-19,4247.0,4267.0,4205.0,4221.5,24250.0
2019-02-20,4227.5,4227.5,4183.0,4203.0,33410.0
2019-02-21,4263.0,4318.0,4253.0,4281.0,8210.0
2019-02-22,4280.5,4283.0,4248.0,4262.0,6800.0
2019-02-25,4250.0,4284.0,4224.0,4237.5,15110.0
2019-02-26,4218.0,4218.0,4159.5,4184.0,16450.0
2019-02-27,4186.0,4217.0,4167.0,4195.5,20270.0
2019-02-28,4195.0,4220.0,4190.0,4215.0,19530.0
2019-03-01,4218.0,4243.5,4218.0,4225.0,27520.0
2019-03-05,4240.0,4243.5,4192.0,4200.0,29780.0
2019-03-06,4192.0,4215.0,4181.0,4209.0,22360.0
2019-03-07,4205.0,4215.0,4188.0,4193.5,30580.0
2019-03-08,4203.5,4319.0,4200.0,4319.0,94920.0
2019-03-11,4325.0,4364.0,4304.0,4323.5,58010.0
2019-03-12,4326.0,4351.5,4292.0,4297.5,51440.0
2019-03-13,4298.0,4334.0,4282.0,4320.5,47950.0
2019-03-14,4323.0,4355.0,4310.0,4319.0,42830.0
2019-03-15,4332.0,4335.0,4262.0,4282.5,37390.0
2019-03-18,4284.0,4322.5,4284.0,4306.0,34520.0
2019-03-19,4304.0,4339.5,4290.0,4314.5,53020.0
2019-03-20,4345.0,4457.0,4345.0,4445.0,7960.0
2019-03-22,4456.0,4474.0,4437.0,4446.0,7250.0
2019-03-25,4446.0,4466.5,4420.5,4427.5,12530.0
2019-03-26,4425.0,4509.5,4421.5,4489.5,22120.0
2019-03-27,4478.0,4515.0,4460.0,4478.5,25620.0
2019-03-28,4460.0,4473.0,4401.5,4413.5,33780.0
2019-03-29,4428.0,4439.5,4382.0,4431.0,23340.0
2019-04-01,4441.0,4470.0,4423.0,4436.5,29120.0
2019-04-02,4444.0,4546.5,4440.0,4532.5,66600.0
2019-04-03,4535.0,4570.0,4472.0,4483.5,93370.0
2019-04-04,4490.0,4503.0,4468.0,4481.5,55730.0
2019-04-05,4482.0,4544.5,4478.0,4485.0,93010.0
2019-04-08,4508.0,4516.0,4462.0,4471.0,57340.0
2019-04-09,4475.0,4485.0,4435.0,4438.5,54300.0
2019-04-10,4435.0,4543.0,4435.0,4521.5,109930.0
2019-04-11,4522.0,4533.5,4477.0,4492.5,66400.0
2019-04-12,4487.0,4522.0,4480.0,4497.0,56430.0
2019-04-15,4481.0,4501.0,4441.5,4457.0,59990.0
2019-04-16,4446.0,4453.5,4330.0,4359.5,93840.0
2019-04-18,4416.0,4422.0,4357.5,4378.5,6300.0
2019-04-22,4389.0,4410.0,4374.0,4398.5,8450.0
2019-04-23,4361.0,4446.0,4359.0,4406.0,11680.0
2019-04-24,4392.0,4459.0,4370.0,4428.0,11680.0
2019-04-25,4424.5,4460.5,4414.5,4424.0,20800.0
2019-04-26,4414.0,4434.5,4362.0,4378.0,19780.0
2019-04-30,4377.0,4405.0,4328.0,4391.5,36850.0
2019-05-02,4403.0,4475.0,4397.0,4449.5,52400.0
2019-05-03,4446.0,4473.5,4413.0,4430.5,37150.0
2019-05-06,4436.0,4514.0,4423.0,4501.5,63080.0
2019-05-07,4503.0,4528.0,4491.0,4501.0,49810.0
2019-05-08,4502.0,4508.0,4466.5,4474.5,42200.0
2019-05-09,4478.0,4495.0,4452.5,4459.0,55090.0
2019-05-10,4435.0,4474.0,4434.0,4446.5,47780.0
2019-05-13,4455.0,4547.0,4428.0,4507.5,80400.0
2019-05-14,4500.0,4514.0,4471.5,4480.5,51110.0
2019-05-15,4490.0,4493.0,4459.0,4462.5,32090.000000000004
2019-05-16,4469.0,4498.0,4442.0,4454.5,50880.0
2019-05-17,4451.0,4462.0,4400.0,4406.0,46010.0
2019-05-20,4422.0,4433.0,4386.0,4396.5,36380.0
2019-05-21,4468.5,4485.5,4455.0,4474.0,5410.0
2019-05-22,4479.5,4505.0,4461.0,4468.5,9100.0
2019-05-23,4459.5,4495.0,4363.0,4482.5,13630.0
2019-05-24,4493.0,4517.5,4471.5,4477.5,13070.0
2019-05-27,4479.5,4479.5,4395.5,4409.5,14750.0
2019-05-28,4407.5,4427.0,4313.0,4329.5,28670.0
2019-05-29,4339.0,4347.5,4317.0,4335.5,16030.000000000002
2019-05-30,4338.0,4361.5,4326.0,4346.0,14960.0
2019-05-31,4343.0,4373.5,4285.0,4328.5,47080.0
2019-06-03,4318.0,4353.0,4298.5,4317.5,47240.0
2019-06-04,4324.0,4338.0,4252.5,4303.5,53630.0
2019-06-06,4310.0,4328.0,4223.0,4233.5,69410.0
2019-06-07,4241.0,4270.0,4221.0,4250.0,67230.0
2019-06-10,4270.0,4270.0,4182.0,4191.5,59700.0
2019-06-11,4186.0,4218.0,4140.0,4210.0,60850.0
2019-06-12,4215.0,4245.0,4205.0,4236.5,38690.0
2019-06-13,4240.0,4287.0,4232.0,4266.0,55560.0
2019-06-14,4260.0,4280.0,4206.0,4251.0,50440.0
2019-06-17,4270.0,4274.0,4187.5,4206.0,48180.0
2019-06-18,4200.0,4287.0,4174.0,4273.0,74550.0
2019-06-19,4285.0,4324.0,4241.0,4252.0,84650.0
2019-06-20,4259.0,4289.0,4250.0,4267.0,34890.0
2019-06-21,4335.0,4345.0,4290.0,4303.5,15970.0
2019-06-24,4282.5,4329.0,4260.0,4292.0,9270.0
2019-06-25,4294.0,4322.0,4283.0,4295.0,10500.0
2019-06-26,4302.5,4305.0,4230.0,4244.5,46840.0
2019-06-27,4222.5,4239.0,4202.0,4217.5,20370.0
2019-06-28,4225.0,4245.0,4220.0,4233.0,16160.0
2019-07-01,4246.0,4360.0,4242.0,4350.5,46180.0
2019-07-02,4353.0,4379.0,4305.0,4322.0,40180.0
2019-07-03,4320.0,4342.0,4301.5,4314.0,35200.0
2019-07-04,4314.0,4409.0,4305.5,4390.5,76300.0
2019-07-05,4385.0,4424.0,4353.0,4362.0,60250.0
2019-07-08,4384.0,4414.0,4361.0,4386.5,55690.0
2019-07-09,4394.0,4449.0,4376.0,4440.0,76790.0
2019-07-10,4449.0,4450.0,4400.0,4414.5,57390.0
2019-07-11,4417.0,4471.0,4411.0,4418.0,85450.0
2019-07-12,4420.0,4458.0,4382.0,4429.5,47090.0
2019-07-15,4448.0,4448.0,4356.0,4367.5,73740.0
2019-07-16,4380.0,4419.0,4372.0,4397.5,54020.0
2019-07-17,4383.0,4415.0,4352.0,4404.0,65129.99999999999
2019-07-18,4390.0,4432.0,4377.0,4401.0,69760.0
2019-07-19,4390.0,4390.0,4296.0,4306.0,86640.0
2019-07-22,4341.0,4343.5,4265.0,4279.5,16840.0
2019-07-23,4279.0,4300.0,4263.0,4281.0,14920.0
2019-07-24,4313.0,4333.0,4277.5,4284.0,21860.0
2019-07-25,4286.0,4288.0,4242.5,4277.5,19620.0
2019-07-26,4270.0,4270.0,4230.0,4236.0,15320.0
2019-07-29,4206.5,4295.5,4206.0,4288.0,23610.0
2019-07-30,4295.0,4315.0,4275.0,4296.0,28900.0
2019-07-31,4311.0,4400.0,4307.0,4370.5,66390.0
2019-08-01,4368.5,4388.0,4320.5,4330.5,55640.0
2019-08-02,4311.5,4372.5,4261.0,4358.5,68160.0
2019-08-05,4350.0,4368.0,4311.5,4322.5,54280.0
2019-08-06,4318.0,4348.0,4291.0,4301.5,43520.0
2019-08-07,4300.0,4307.0,4242.0,4251.5,46220.0
2019-08-08,4236.0,4329.0,4231.0,4322.0,67080.0
2019-08-09,4329.5,4439.0,4329.5,4423.5,114760.0
2019-08-13,4408.0,4408.0,4322.0,4331.5,63790.0
2019-08-14,4340.0,4375.0,4330.0,4355.5,54680.0
2019-08-16,4340.0,4471.0,4337.0,4444.5,102380.0
2019-08-19,4458.0,4465.0,4388.0,4395.0,57010.0
2019-08-20,4405.0,4424.0,4371.0,4389.0,48240.0
2019-08-21,4388.0,4445.0,4354.0,4362.0,33600.0
2019-08-22,4360.0,4360.0,4260.0,4286.0,32900.0
2019-08-23,4297.0,4319.0,4261.0,4292.0,21990.0
2019-08-26,4271.0,4318.0,4262.0,4276.5,15710.0
2019-08-27,4264.5,4298.0,4190.0,4275.5,33950.0
2019-08-28,4285.0,4306.5,4272.5,4290.0,19170.0
2019-08-29,4290.0,4295.0,4232.0,4252.0,21180.0
2019-08-30,4248.0,4300.0,4200.0,4270.5,34760.0
2019-09-03,4273.0,4273.0,4170.0,4186.5,28530.0
2019-09-04,4181.0,4186.0,4131.0,4143.0,43790.0
2019-09-05,4147.0,4158.0,4095.0,4113.5,49650.0
2019-09-06,4102.0,4143.0,4083.0,4120.5,55240.0
2019-09-09,4125.0,4167.0,4102.5,4125.0,52020.0
2019-09-11,4116.0,4188.0,4096.0,4163.0,57380.0
2019-09-12,4174.0,4194.0,4155.0,4182.0,42830.0
2019-09-13,4167.5,4179.0,4115.5,4131.0,37660.0
2019-09-16,4141.0,4193.5,4141.0,4159.5,34310.0
2019-09-17,4175.0,4182.0,4135.0,4144.0,28920.0
2019-09-18,4132.0,4135.0,4088.0,4101.5,43520.0
2019-09-19,4086.0,4145.0,4072.0,4129.5,49710.0
2019-09-20,4130.0,4139.5,4022.0,4118.0,44190.0
2019-09-23,4120.0,4127.0,4025.0,4043.0,15420.0
2019-09-24,4048.5,4068.0,4028.0,4048.0,11550.0
2019-09-25,4030.5,4064.0,3970.0,4046.5,26040.0
2019-09-26,4048.5,4080.0,4020.0,4044.5,21380.0
2019-09-27,4042.0,4090.0,3980.0,3988.5,33010.0
2019-09-30,3973.0,4011.0,3925.0,3983.0,32670.0
2019-10-01,3976.0,4006.0,3827.5,3854.5,59310.0
2019-10-03,3842.0,3890.0,3779.5,3867.0,43810.0
2019-10-04,3859.5,3915.0,3810.0,3903.0,37140.0
2019-10-07,3909.0,3959.5,3908.0,3914.5,37870.0
2019-10-09,3905.0,3933.0,3876.0,3912.5,41130.0
2019-10-10,3906.0,3928.0,3868.0,3887.5,40840.0
2019-10-11,3895.0,3905.0,3874.0,3892.5,25630.0
2019-10-14,3882.0,3925.0,3852.0,3913.5,35810.0
2019-10-15,3915.0,3939.0,3893.5,3902.0,26920.0
2019-10-16,3904.0,3942.0,3895.0,3934.5,27670.0
2019-10-17,3938.0,3974.0,3927.0,3943.5,37330.0
2019-10-18,3946.0,3965.0,3907.0,3950.0,27230.0
2019-10-22,3990.0,4011.0,3973.0,3993.0,4860.0
2019-10-23,3993.0,4038.0,3972.0,4030.0,6350.0
2019-10-24,4042.0,4080.0,4027.5,4071.5,11540.0
2019-10-25,4085.0,4118.0,4080.0,4101.0,23350.0
2019-10-27,4118.0,4124.0,4085.0,4097.5,6790.0
2019-10-29,4095.0,4095.0,4040.5,4047.5,13920.0
2019-10-30,4050.0,4073.0,4050.0,4062.5,9700.0
2019-10-31,4061.0,4122.5,4061.0,4117.5,30120.0
2019-11-01,4125.5,4166.5,4118.0,4136.5,42920.0
2019-11-04,4149.0,4301.5,4149.0,4294.0,78620.0
2019-11-05,4292.5,4305.0,4223.0,4243.5,61130.0
2019-11-06,4236.0,4260.0,4194.0,4232.0,74080.0
2019-11-07,4237.5,4319.0,4226.5,4280.5,71000.0
2019-11-08,4299.0,4305.0,4235.0,4247.5,42830.0
2019-11-11,4263.0,4347.0,4212.0,4311.0,64040.00000000001
2019-11-13,4320.0,4365.0,4320.0,4337.5,48910.0
2019-11-14,4340.0,4403.0,4305.0,4394.5,74710.0
2019-11-15,4400.0,4426.0,4390.0,4404.5,47760.0
2019-11-18,4375.0,4390.0,4250.0,4263.0,73080.0
2019-11-19,4278.0,4300.0,4243.0,4293.5,49090.0
2019-11-20,4304.0,4338.0,4266.0,4277.0,50640.0
2019-11-21,4318.5,4340.0,4265.5,4283.0,8670.0
2019-11-22,4291.5,4305.0,4258.0,4281.0,14980.0
2019-11-25,4264.0,4275.0,4168.0,4188.5,22120.0
2019-11-26,4191.0,4206.5,4146.0,4156.0,15990.0
2019-11-27,4150.0,4191.0,4150.0,4169.5,12780.0
2019-11-28,4173.0,4197.5,4145.0,4182.0,23500.0
2019-11-29,4168.0,4191.0,4121.0,4130.0,26110.0
2019-12-02,4086.0,4112.0,4028.0,4082.0,30160.0
2019-12-03,4078.0,4094.0,4036.0,4050.0,26350.0
2019-12-04,4042.0,4064.0,3980.0,3994.0,27100.0
2019-12-05,3988.0,4098.0,3952.0,4084.0,47050.0
2019-12-06,4090.0,4122.0,4062.0,4092.0,39510.0
2019-12-09,4090.0,4090.0,3972.0,4000.0,37970.0
2019-12-10,3998.0,4024.0,3940.0,3950.0,46140.0
2019-12-11,3944.0,4032.0,3932.0,4000.0,33050.0
2019-12-12,4000.0,4026.0,3984.0,4002.0,19140.0
2019-12-13,4002.0,4026.0,3962.0,3972.0,24410.0
2019-12-16,3954.0,4056.0,3942.0,4042.0,43560.0
2019-12-17,4060.0,4118.0,4054.0,4076.0,45630.0
2019-12-18,4090.0,4122.0,4060.0,4090.0,30690.0
2019-12-19,4096.0,4202.0,4088.0,4176.0,62290.0
2019-12-20,4206.0,4236.0,4132.0,4146.0,59120.0
2019-12-23,4198.0,4248.0,4198.0,4220.0,6860.0
2019-12-24,4212.0,4228.0,4170.0,4202.0,9250.0
2019-12-26,4216.0,4290.0,4190.0,4274.0,21010.0
2019-12-27,4282.0,4304.0,4248.0,4260.0,19380.0
2019-12-30,4270.0,4340.0,4270.0,4312.0,19230.0
2019-12-31,4314.0,4318.0,4250.0,4276.0,23260.0
2020-01-01,4280.0,4304.0,4270.0,4280.0,14330.0
2020-01-02,4280.0,4298.0,4244.0,4260.0,23860.0
2020-01-03,4268.0,4278.0,4150.0,4166.0,40320.0
2020-01-06,4150.0,4150.0,4082.0,4126.0,38380.0
2020-01-07,4132.0,4180.0,4122.0,4146.0,29560.0
2020-01-08,4158.0,4188.0,4106.0,4174.0,39300.0
2020-01-09,4176.0,4218.0,4170.0,4178.0,37700.0
2020-01-10,4180.0,4190.0,4150.0,4158.0,26920.0
2020-01-13,4184.0,4198.0,4136.0,4146.0,32940.0
2020-01-14,4140.0,4186.0,4122.0,4178.0,27070.0
2020-01-15,4174.0,4190.0,4116.0,4132.0,25310.0
2020-01-16,4130.0,4148.0,4084.0,4100.0,24100.0
2020-01-17,4096.0,4164.0,4064.0,4150.0,38930.0
2020-01-20,4146.0,4148.0,4088.0,4102.0,22360.0
2020-01-21,4144.0,4164.0,4122.0,4146.0,1670.0
2020-01-22,4142.0,4174.0,4134.0,4168.0,4830.0
2020-01-23,4150.0,4164.0,4114.0,4124.0,4860.0
2020-01-24,4114.0,4160.0,4082.0,4150.0,9810.0
2020-01-27,4110.0,4124.0,4050.0,4068.0,10720.0
2020-01-28,4054.0,4100.0,4006.0,4018.0,18660.0
2020-01-29,4026.0,4064.0,4010.0,4042.0,13240.0
2020-01-30,4038.0,4044.0,3984.0,3998.0,13380.0
2020-01-31,4004.0,4038.0,3992.0,4020.0,12370.0
2020-02-01,4024.0,4044.0,4004.0,4014.0,6530.0
2020-02-03,4006.0,4008.0,3894.0,3908.0,37020.0
2020-02-04,3888.0,3934.0,3880.0,3922.0,26010.0
2020-02-05,3926.0,3988.0,3900.0,3968.0,36530.0
2020-02-06,3968.0,4030.0,3942.0,4014.0,29770.0
2020-02-07,4006.0,4018.0,3956.0,3962.0,25650.0
2020-02-10,3956.0,3968.0,3846.0,3854.0,45760.0
2020-02-11,3866.0,3910.0,3854.0,3884.0,23890.0
2020-02-12,3892.0,3948.0,3836.0,3930.0,39340.0
2020-02-13,3930.0,3948.0,3836.0,3854.0,45070.0
2020-02-14,3842.0,3878.0,3824.0,3864.0,25540.0
2020-02-17,3862.0,3870.0,3792.0,3806.0,26940.0
2020-02-18,3794.0,3838.0,3780.0,3810.0,34190.0
2020-02-19,3818.0,3850.0,3806.0,3826.0,22620.0
2020-02-20,3830.0,3848.0,3816.0,3824.0,18290.0
2020-02-24,3832.0,3832.0,3710.0,3724.0,9620.0
2020-02-25,3736.0,3760.0,3670.0,3682.0,10380.0
2020-02-26,3686.0,3704.0,3572.0,3634.0,22170.0
2020-02-27,3620.0,3700.0,3612.0,3694.0,12670.0
2020-02-28,3662.0,3690.0,3598.0,3678.0,22940.0
2020-03-02,3698.0,3752.0,3600.0,3616.0,25690.0
2020-03-03,3630.0,3760.0,3630.0,3760.0,41710.0
2020-03-04,3762.0,3816.0,3724.0,3804.0,47470.0
2020-03-05,3790.0,3830.0,3772.0,3820.0,35580.0
2020-03-06,3794.0,3806.0,3744.0,3760.0,29330.0
2020-03-09,3648.0,3648.0,3610.0,3610.0,3550.0
2020-03-11,3572.0,3654.0,3482.0,3516.0,64019.99999999999
2020-03-12,3472.0,3472.0,3376.0,3376.0,23460.0
2020-03-13,3280.0,3510.0,3242.0,3510.0,76530.0
2020-03-16,3470.0,3470.0,3370.0,3370.0,27380.0
2020-03-17,3362.0,3430.0,3314.0,3378.0,39110.0
2020-03-18,3368.0,3434.0,3264.0,3404.0,49700.0
2020-03-19,3382.0,3456.0,3302.0,3390.0,37560.0
2020-03-20,3420.0,3488.0,3336.0,3370.0,31490.0
2020-03-23,3280.0,3318.0,3246.0,3246.0,2500.0
2020-03-24,3264.0,3312.0,3198.0,3274.0,6720.0
2020-03-25,3280.0,3404.0,3268.0,3360.0,14630.0
2020-03-26,3268.0,3400.0,3268.0,3320.0,8910.0
2020-03-27,3320.0,3390.0,3306.0,3328.0,6560.0
2020-03-30,3304.0,3348.0,3278.0,3318.0,6350.0
2020-03-31,3322.0,3368.0,3310.0,3336.0,8350.0
2020-04-01,3348.0,3348.0,3284.0,3312.0,5260.0
2020-04-03,3340.0,3400.0,3310.0,3352.0,10620.0
2020-04-07,3368.0,3452.0,3342.0,3452.0,13580.0
2020-04-08,3422.0,3496.0,3402.0,3464.0,13990.0
2020-04-09,3478.0,3596.0,3476.0,3576.0,27770.0
2020-04-13,3562.0,3624.0,3540.0,3576.0,30550.0
2020-04-15,3588.0,3638.0,3496.0,3614.0,27750.0
2020-04-16,3630.0,3636.0,3580.0,3618.0,11700.0
2020-04-17,3630.0,3638.0,3546.0,3586.0,12340.0
2020-04-20,3552.0,3570.0,3444.0,3444.0,14600.0
2020-04-21,3360.0,3360.0,3308.0,3308.0,8870.0
2020-04-22,3222.0,3280.0,3178.0,3216.0,19920.0
2020-04-23,3200.0,3344.0,3198.0,3344.0,15660.0
2020-04-24,3362.0,3412.0,3312.0,3388.0,19430.0
2020-04-27,3390.0,3418.0,3314.0,3344.0,12000.0
2020-04-28,3304.0,3460.0,3302.0,3444.0,14820.0
2020-04-29,3460.0,3532.0,3432.0,3498.0,25200.0
2020-04-30,3514.0,3548.0,3460.0,3524.0,19900.0
2020-05-04,3486.0,3490.0,3410.0,3428.0,8790.0
2020-05-05,3462.0,3496.0,3440.0,3462.0,8119.999999999999
2020-05-06,3484.0,3500.0,3434.0,3444.0,6710.0
2020-05-07,3444.0,3498.0,3422.0,3488.0,11990.0
2020-05-08,3482.0,3530.0,3480.0,3488.0,12400.0
2020-05-11,3490.0,3516.0,3464.0,3476.0,8490.0
2020-05-12,3480.0,3494.0,3440.0,3472.0,5980.0
2020-05-13,3486.0,3510.0,3464.0,3494.0,6890.0
2020-05-14,3488.0,3510.0,3476.0,3490.0,5110.0
2020-05-15,3506.0,3594.0,3504.0,3588.0,15480.0
2020-05-18,3600.0,3658.0,3598.0,3610.0,14760.0
2020-05-19,3616.0,3620.0,3564.0,3572.0,8820.0
2020-05-20,3578.0,3614.0,3564.0,3592.0,8039.999999999999
2020-05-21,3600.0,3614.0,3592.0,3608.0,2360.0
2020-05-22,3580.0,3580.0,3530.0,3548.0,2120.0
2020-05-26,3556.0,3570.0,3516.0,3536.0,2990.0
2020-05-27,3538.0,3554.0,3520.0,3544.0,3640.0
2020-05-28,3538.0,3552.0,3520.0,3526.0,4840.0
2020-05-29,3528.0,3528.0,3448.0,3468.0,8990.0
2020-06-01,3478.0,3516.0,3456.0,3510.0,7840.0
2020-06-02,3518.0,3536.0,3508.0,3528.0,5480.0
2020-06-03,3538.0,3630.0,3538.0,3576.0,17500.0
2020-06-04,3580.0,3618.0,3544.0,3578.0,7870.0
2020-06-05,3574.0,3602.0,3554.0,3580.0,7530.0
2020-06-08,3590.0,3640.0,3488.0,3560.0,15460.0
2020-06-09,3538.0,3562.0,3510.0,3548.0,16160.0
2020-06-10,3564.0,3620.0,3530.0,3594.0,18490.0
2020-06-11,3610.0,3616.0,3576.0,3584.0,9750.0
2020-06-12,3560.0,3578.0,3502.0,3567.0,10250.0
2020-06-15,3568.0,3572.0,3534.0,3542.0,14790.0
2020-06-16,3552.0,3580.0,3550.0,3569.0,7270.0
2020-06-17,3554.0,3565.0,3531.0,3550.0,6660.0
2020-06-18,3558.0,3595.0,3550.0,3586.0,7630.0
2020-06-19,3598.0,3693.0,3591.0,3660.0,23000.0
2020-06-22,3670.0,3689.0,3609.0,3638.0,11790.0
2020-06-23,3646.0,3693.0,3627.0,3670.0,6730.0
2020-06-24,3655.0,3672.0,3622.0,3629.0,2950.0
2020-06-25,3610.0,3660.0,3610.0,3643.0,3730.0
2020-06-26,3660.0,3678.0,3650.0,3660.0,5520.0
2020-06-29,3655.0,3662.0,3585.0,3599.0,10390.0
2020-06-30,3604.0,3624.0,3587.0,3596.0,5080.0
2020-07-01,3604.0,3624.0,3596.0,3615.0,3140.0
2020-07-02,3612.0,3616.0,3572.0,3588.0,5680.0
2020-07-03,3591.0,3618.0,3580.0,3608.0,4570.0
2020-07-06,3611.0,3648.0,3611.0,3633.0,6450.0
2020-07-07,3623.0,3708.0,3623.0,3692.0,15490.0
2020-07-08,3694.0,3707.0,3662.0,3670.0,7520.0
2020-07-09,3667.0,3700.0,3656.0,3665.0,6400.0
2020-07-10,3670.0,3690.0,3668.0,3682.0,9240.0
2020-07-13,3679.0,3687.0,3657.0,3669.0,5570.0
2020-07-14,3676.0,3698.0,3642.0,3692.0,9350.0
2020-07-15,3698.0,3724.0,3696.0,3703.0,8080.0
2020-07-16,3710.0,3718.0,3687.0,3701.0,5830.0
2020-07-17,3710.0,3849.0,3694.0,3842.0,21250.0
2020-07-20,3830.0,3888.0,3800.0,3809.0,33860.0
2020-07-21,3810.0,3838.0,3772.0,3784.0,5160.0
2020-07-22,3794.0,3902.0,3794.0,3891.0,5330.0
2020-07-23,3890.0,3987.0,3878.0,3952.0,12500.0
2020-07-24,3942.0,3967.0,3803.0,3848.0,12730.0
2020-07-27,3860.0,3958.0,3860.0,3908.0,10860.0
2020-07-28,3948.0,3948.0,3888.0,3906.0,7180.0
2020-07-29,3914.0,3969.0,3909.0,3943.0,11300.0
2020-07-30,3922.0,3939.0,3876.0,3889.0,9180.0
2020-07-31,3874.0,3874.0,3832.0,3856.0,9590.0
2020-08-03,3876.0,4010.0,3876.0,4010.0,16430.0
2020-08-04,4060.0,4097.0,4020.0,4040.0,38640.0
2020-08-05,4012.0,4040.0,3961.0,4016.0,23250.0
2020-08-06,4030.0,4166.0,4023.0,4122.0,41950.0
2020-08-07,4122.0,4195.0,4082.0,4160.0,37920.0
2020-08-10,4139.0,4170.0,4053.0,4104.0,32930.0
2020-08-11,4092.0,4092.0,4012.0,4048.0,27220.0
2020-08-12,4040.0,4128.0,3962.0,4087.0,37800.0
2020-08-13,4082.0,4114.0,3968.0,3974.0,40550.0
2020-08-14,3990.0,4026.0,3912.0,3979.0,38400.0
2020-08-17,3990.0,4077.0,3990.0,4052.0,28520.0
2020-08-18,4040.0,4172.0,4036.0,4133.0,34200.0
2020-08-19,4149.0,4192.0,4074.0,4143.0,34890.0
2020-08-20,4131.0,4131.0,4065.0,4105.0,28150.0
2020-08-21,4158.0,4199.0,4121.0,4152.0,5130.0
2020-08-24,4141.0,4173.0,4108.0,4132.0,7580.0
2020-08-25,4148.0,4251.0,4148.0,4242.0,11710.0
2020-08-26,4220.0,4239.0,4188.0,4196.0,12840.0
2020-08-27,4169.0,4220.0,4140.0,4157.0,14460.0
2020-08-28,4174.0,4205.0,4140.0,4157.0,11540.0
2020-08-31,4120.0,4125.0,4070.0,4113.0,10500.0
2020-09-01,4120.0,4138.0,4002.0,4019.0,25300.0
2020-09-02,4021.0,4050.0,3990.0,4043.0,16980.0
2020-09-03,4055.0,4064.0,4005.0,4020.0,9730.0
2020-09-04,4002.0,4030.0,3915.0,3958.0,28280.0
2020-09-07,3975.0,3975.0,3852.0,3925.0,36940.0
2020-09-08,3930.0,3950.0,3884.0,3898.0,23340.0
2020-09-09,3876.0,3933.0,3875.0,3915.0,14820.0
2020-09-10,3928.0,4025.0,3913.0,4014.0,31830.0
2020-09-11,4015.0,4085.0,4015.0,4038.0,31140.0
2020-09-14,4040.0,4049.0,3964.0,4004.0,22140.0
2020-09-15,4005.0,4084.0,3988.0,4068.0,33620.0
2020-09-16,4057.0,4088.0,4037.0,4055.0,20550.0
2020-09-17,4070.0,4098.0,4021.0,4032.0,24030.0
2020-09-18,4044.0,4052.0,4005.0,4030.0,18420.0
2020-09-21,4047.0,4088.0,3980.0,3994.0,3660.0
2020-09-22,3971.0,4009.0,3940.0,3999.0,3490.0
2020-09-23,4008.0,4020.0,3970.0,3994.0,2860.0
2020-09-24,4010.0,4015.0,3931.0,3953.0,5160.0
2020-09-25,3959.0,3987.0,3945.0,3970.0,2850.0
2020-09-28,3969.0,4018.0,3965.0,3978.0,8860.0
2020-09-29,3955.0,3986.0,3945.0,3960.0,7050.0
2020-09-30,3942.0,3999.0,3940.0,3989.0,8540.0
2020-10-01,4000.0,4135.0,4000.0,4121.0,39020.0
2020-10-05,4118.0,4118.0,4071.0,4100.0,18550.0
2020-10-06,4105.0,4114.0,4050.0,4057.0,16210.0
2020-10-07,4057.0,4075.0,4034.0,4052.0,14670.0
2020-10-08,4052.0,4135.0,4052.0,4125.0,39870.0
2020-10-09,4121.0,4135.0,4061.0,4072.0,27830.0
2020-10-12,4084.0,4112.0,4055.0,4063.0,15840.0
2020-10-13,4052.0,4062.0,3975.0,3988.0,27340.0
2020-10-14,4000.0,4024.0,3990.0,4001.0,22380.0
2020-10-15,4015.0,4111.0,3960.0,4050.0,45250.0
2020-10-16,4045.0,4070.0,4014.0,4032.0,13770.0
2020-10-19,4027.0,4083.0,4027.0,4066.0,14070.0
2020-10-20,4068.0,4158.0,4036.0,4138.0,40250.0
2020-10-21,4176.0,4300.0,4168.0,4277.0,11140.0
2020-10-22,4276.0,4348.0,4259.0,4291.0,10960.0
2020-10-23,4301.0,4327.0,4278.0,4307.0,11310.0
2020-10-26,4310.0,4335.0,4261.0,4312.0,12140.0
2020-10-27,4297.0,4429.0,4276.0,4395.0,16040.0
2020-10-28,4382.0,4410.0,4275.0,4312.0,19560.0
2020-10-29,4308.0,4325.0,4278.0,4298.0,10780.0
2020-10-30,4304.0,4373.0,4304.0,4327.0,19940.0
2020-11-02,4329.0,4329.0,4211.0,4253.0,30700.0
2020-11-03,4268.0,4330.0,4258.0,4305.0,20750.0
2020-11-04,4309.0,4356.0,4281.0,4337.0,21720.0
2020-11-05,4344.0,4370.0,4315.0,4326.0,19760.0
2020-11-06,4305.0,4315.0,4272.0,4281.0,19930.0
2020-11-09,4286.0,4290.0,4166.0,4209.0,31430.0
2020-11-10,4225.0,4248.0,4185.0,4202.0,20980.0
2020-11-11,4220.0,4269.0,4204.0,4246.0,23530.0
2020-11-12,4235.0,4243.0,4194.0,4201.0,16460.0
2020-11-13,4180.0,4202.0,4170.0,4183.0,13630.0
2020-11-14,4177.0,4183.0,4162.0,4168.0,6470.0
2020-11-17,4171.0,4190.0,4098.0,4117.0,23440.0
2020-11-18,4095.0,4128.0,4072.0,4106.0,24130.0
2020-11-19,4112.0,4145.0,4100.0,4109.0,12380.0
2020-11-20,4105.0,4117.0,4062.0,4076.0,18310.0
2020-11-23,4105.0,4105.0,4008.0,4014.0,8210.0
2020-11-24,4000.0,4013.0,3943.0,3966.0,7660.0
2020-11-25,4008.0,4017.0,3983.0,3994.0,4840.0
2020-11-26,3995.0,4002.0,3940.0,3948.0,7370.0
2020-11-27,3950.0,4027.0,3948.0,4010.0,11660.0
2020-12-01,4005.0,4010.0,3935.0,3961.0,11530.0
2020-12-02,3954.0,3979.0,3861.0,3893.0,21580.0
2020-12-03,3903.0,3927.0,3871.0,3917.0,13720.0
2020-12-04,3926.0,3940.0,3891.0,3909.0,11360.0
2020-12-07,3896.0,3935.0,3885.0,3898.0,18020.0
2020-12-08,3899.0,3932.0,3853.0,3918.0,19820.0
2020-12-09,3912.0,3929.0,3878.0,3892.0,16250.0
2020-12-10,3897.0,3994.0,3897.0,3971.0,41320.0
2020-12-11,3978.0,3996.0,3908.0,3938.0,24150.0
2020-12-14,3942.0,3987.0,3926.0,3965.0,25350.0
2020-12-15,3964.0,4000.0,3961.0,3978.0,19860.0
2020-12-16,3975.0,4043.0,3971.0,4009.0,26030.0
2020-12-17,4010.0,4018.0,3962.0,3974.0,16630.0
2020-12-18,3985.0,3998.0,3918.0,3945.0,17010.0
2020-12-21,3962.0,3967.0,3885.0,3899.0,3290.0
2020-12-22,3891.0,3934.0,3888.0,3919.0,2870.0
2020-12-23,3918.0,3970.0,3915.0,3949.0,3720.0
2020-12-24,3947.0,3985.0,3906.0,3958.0,4400.0
2020-12-28,3958.0,3967.0,3927.0,3937.0,3640.0
2020-12-29,3945.0,3947.0,3918.0,3929.0,3740.0
2020-12-30,3932.0,3950.0,3920.0,3935.0,5200.0
2020-12-31,3940.0,3977.0,3935.0,3954.0,9210.0
2021-01-01,3961.0,4072.0,3960.0,3997.0,19800.0
2021-01-04,4002.0,4020.0,3972.0,4007.0,13910.0
2021-01-05,3990.0,3990.0,3887.0,3930.0,15080.0
2021-01-06,3950.0,3975.0,3933.0,3947.0,15700.0
2021-01-07,3942.0,3971.0,3928.0,3937.0,12740.0
2021-01-08,3946.0,3971.0,3940.0,3949.0,16540.0
2021-01-11,3965.0,3965.0,3898.0,3920.0,14870.0
2021-01-12,3920.0,3937.0,3905.0,3927.0,7980.0
2021-01-13,3939.0,3988.0,3923.0,3944.0,19300.0
2021-01-14,3948.0,3959.0,3938.0,3948.0,9320.0
2021-01-15,3951.0,3959.0,3896.0,3929.0,11640.0
2021-01-18,3921.0,3931.0,3872.0,3892.0,8590.0
2021-01-19,3892.0,3915.0,3881.0,3896.0,4840.0
2021-01-20,3900.0,3943.0,3885.0,3929.0,8630.0
2021-01-21,3984.0,4060.0,3974.0,4036.0,4010.0
2021-01-22,4032.0,4087.0,4021.0,4032.0,7270.0
2021-01-25,4023.0,4059.0,4020.0,4027.0,6620.0
2021-01-27,4035.0,4046.0,3963.0,3975.0,8750.0
2021-01-28,3964.0,3984.0,3946.0,3973.0,7140.0
2021-01-29,3973.0,3993.0,3960.0,3963.0,6580.0
2021-02-01,3970.0,3982.0,3910.0,3925.0,7410.0
2021-02-02,3934.0,3982.0,3926.0,3965.0,9220.0
2021-02-03,3960.0,3990.0,3954.0,3961.0,5210.0
2021-02-04,3960.0,3985.0,3931.0,3966.0,9160.0
2021-02-05,3974.0,4015.0,3955.0,4006.0,14010.0
2021-02-08,3985.0,4027.0,3980.0,3997.0,20530.0
2021-02-09,3991.0,4045.0,3991.0,4006.0,23030.0
2021-02-10,3993.0,4020.0,3960.0,3967.0,19460.0
2021-02-11,3960.0,3980.0,3940.0,3956.0,9990.0
2021-02-12,3956.0,3972.0,3944.0,3952.0,10190.0
2021-02-15,3960.0,3995.0,3930.0,3942.0,15750.0
2021-02-16,3945.0,3955.0,3921.0,3938.0,7080.0
2021-02-17,3940.0,3964.0,3900.0,3920.0,9220.0
2021-02-18,3922.0,3938.0,3902.0,3908.0,6720.0
2021-02-19,3900.0,3908.0,3866.0,3874.0,10550.0
2021-02-22,3930.0,3937.0,3852.0,3862.0,4370.0
2021-02-23,3870.0,3893.0,3865.0,3874.0,3700.0
2021-02-24,3887.0,3905.0,3866.0,3890.0,3110.0
2021-02-25,3900.0,3955.0,3890.0,3916.0,7220.0
2021-02-26,3898.0,3921.0,3880.0,3885.0,7350.0
2021-03-01,3892.0,3922.0,3890.0,3901.0,4010.0
2021-03-02,3885.0,3906.0,3847.0,3861.0,9590.0
2021-03-03,3858.0,3900.0,3858.0,3879.0,6730.0
2021-03-04,3882.0,3902.0,3870.0,3875.0,4810.0
2021-03-05,3895.0,3908.0,3886.0,3891.0,8790.0
2021-03-08,3890.0,3950.0,3890.0,3902.0,13190.0
2021-03-09,3907.0,3914.0,3877.0,3885.0,12830.0
2021-03-10,3883.0,3892.0,3844.0,3852.0,23040.0
2021-03-12,3850.0,3880.0,3832.0,3844.0,16030.000000000002
2021-03-15,3830.0,3942.0,3830.0,3909.0,24950.0
2021-03-16,3911.0,3924.0,3879.0,3885.0,8280.0
2021-03-17,3885.0,3907.0,3842.0,3851.0,9330.0
2021-03-18,3850.0,3865.0,3822.0,3834.0,8130.000000000001
2021-03-19,3830.0,3830.0,3772.0,3786.0,14730.0
2021-03-22,3865.0,3865.0,3822.0,3840.0,5180.0
2021-03-23,3853.0,3865.0,3831.0,3838.0,3880.0
2021-03-24,3835.0,3843.0,3818.0,3823.0,2860.0
2021-03-25,3845.0,3854.0,3819.0,3827.0,3360.0
2021-03-26,3808.0,3836.0,3807.0,3814.0,2710.0
2021-03-29,3814.0,3814.0,3814.0,3814.0,
2021-03-30,3830.0,3844.0,3804.0,3812.0,4580.0
2021-03-31,3816.0,3823.0,3800.0,3815.0,10980.0
2021-04-01,3816.0,3830.0,3783.0,3809.0,6020.0
2021-04-05,3825.0,4030.0,3820.0,4011.0,26540.0
2021-04-06,4005.0,4099.0,3982.0,4029.0,38530.0
2021-04-07,4030.0,4077.0,3930.0,3971.0,26920.0
2021-04-08,3950.0,3992.0,3936.0,3948.0,13150.0
2021-04-09,3958.0,3986.0,3932.0,3958.0,23540.0
2021-04-12,3970.0,3990.0,3923.0,3955.0,22710.0
2021-04-13,3965.0,3985.0,3936.0,3966.0,15580.0
2021-04-14,3966.0,3966.0,3966.0,3966.0,
2021-04-15,3990.0,4172.0,3990.0,4160.0,49260.0
2021-04-16,4140.0,4267.0,4105.0,4129.0,44630.0
2021-04-19,4105.0,4178.0,4057.0,4113.0,23710.0
2021-04-20,4118.0,4149.0,4084.0,4109.0,16560.0
2021-04-21,4177.0,4177.0,4177.0,4177.0,
2021-04-22,4198.0,4354.0,4198.0,4279.0,13010.0
2021-04-23,4283.0,4308.0,4200.0,4274.0,9370.0
2021-04-26,4257.0,4258.0,4110.0,4128.0,10180.0
2021-04-27,4156.0,4188.0,4120.0,4155.0,6510.0
2021-04-28,4115.0,4142.0,4068.0,4124.0,9340.0
2021-04-29,4146.0,4188.0,4117.0,4149.0,7830.0
2021-04-30,4131.0,4140.0,4086.0,4099.0,9510.0
2021-05-03,4115.0,4115.0,4005.0,4023.0,10720.0
2021-05-04,4020.0,4070.0,4020.0,4048.0,10200.0
2021-05-05,4070.0,4116.0,4045.0,4101.0,14880.0
2021-05-06,4110.0,4147.0,4092.0,4100.0,15460.0
2021-05-07,4109.0,4118.0,4060.0,4093.0,19190.0
2021-05-10,4112.0,4255.0,4112.0,4216.0,48230.0
2021-05-11,4200.0,4380.0,4200.0,4357.0,51700.0
2021-05-12,4380.0,4432.0,4348.0,4390.0,42660.0
2021-05-13,4390.0,4390.0,4390.0,4390.0,
2021-05-14,4390.0,4390.0,4333.0,4341.0,23600.0
2021-05-17,4330.0,4352.0,4254.0,4274.0,20040.0
2021-05-18,4288.0,4310.0,4216.0,4274.0,23140.0
2021-05-19,4255.0,4304.0,4243.0,4289.0,12630.0
2021-05-20,4270.0,4334.0,4256.0,4269.0,21320.0
2021-05-21,4341.0,4358.0,4332.0,4342.0,4170.0
2021-05-24,4312.0,4347.0,4300.0,4330.0,3230.0
2021-05-25,4369.0,4380.0,4325.0,4332.0,5510.0
2021-05-26,4331.0,4337.0,4252.0,4259.0,6720.0
2021-05-27,4254.0,4272.0,4230.0,4240.0,6620.0
2021-05-28,4254.0,4271.0,4225.0,4251.0,6790.0
2021-05-31,4258.0,4300.0,4235.0,4263.0,9920.0
2021-06-01,4255.0,4272.0,4229.0,4237.0,10350.0
2021-06-02,4219.0,4243.0,4210.0,4233.0,6760.0
2021-06-03,4240.0,4259.0,4210.0,4217.0,11830.0
2021-06-04,4204.0,4232.0,4185.0,4193.0,11760.0
2021-06-07,4218.0,4224.0,4194.0,4202.0,11120.0
2021-06-08,4193.0,4260.0,4192.0,4214.0,20510.0
2021-06-09,4215.0,4220.0,4111.0,4142.0,31490.0
2021-06-10,4135.0,4148.0,4102.0,4114.0,21510.0
2021-06-11,4117.0,4129.0,4096.0,4120.0,17790.0
2021-06-14,4100.0,4114.0,4061.0,4092.0,17730.0
2021-06-15,4091.0,4143.0,4091.0,4103.0,15910.0
2021-06-16,4124.0,4124.0,4072.0,4084.0,7310.0
2021-06-17,4075.0,4079.0,4034.0,4037.0,11580.0
2021-06-18,4037.0,4045.0,4005.0,4010.0,8990.0
2021-06-21,4082.0,4105.0,4082.0,4095.0,3660.0
2021-06-22,4095.0,4199.0,4095.0,4141.0,9230.0
2021-06-23,4142.0,4155.0,4106.0,4116.0,3720.0
2021-06-24,4108.0,4124.0,4048.0,4073.0,4680.0
2021-06-25,4081.0,4137.0,4078.0,4100.0,3270.0
2021-06-28,4101.0,4127.0,4072.0,4079.0,3710.0
2021-06-29,4085.0,4199.0,4072.0,4177.0,10560.0
2021-06-30,4190.0,4219.0,4161.0,4175.0,11030.0
2021-07-01,4181.0,4187.0,4136.0,4159.0,7990.0
2021-07-02,4163.0,4210.0,4143.0,4169.0,14820.0
2021-07-05,4160.0,4160.0,4051.0,4061.0,13540.0
2021-07-06,4072.0,4085.0,4054.0,4067.0,9560.0
2021-07-07,4068.0,4115.0,4031.0,4090.0,16270.0
2021-07-08,4082.0,4100.0,4060.0,4066.0,13230.0
2021-07-09,4072.0,4107.0,4050.0,4063.0,20340.0
2021-07-12,4076.0,4098.0,4043.0,4083.0,18440.0
2021-07-13,4095.0,4122.0,4081.0,4085.0,15610.0
2021-07-14,4084.0,4200.0,4084.0,4173.0,39340.0
2021-07-15,4179.0,4275.0,4141.0,4225.0,30780.0
2021-07-16,4225.0,4268.0,4211.0,4234.0,26560.0
2021-07-19,4250.0,4335.0,4226.0,4314.0,30900.0
2021-07-20,4314.0,4324.0,4260.0,4288.0,19320.0
2021-07-21,4356.0,4356.0,4356.0,4356.0,
2021-07-22,4372.0,4452.0,4362.0,4395.0,8340.0
2021-07-23,4399.0,4460.0,4370.0,4390.0,4820.0
2021-07-26,4350.0,4560.0,4350.0,4515.0,23570.0
2021-07-27,4514.0,4591.0,4490.0,4528.0,8720.0
2021-07-28,4525.0,4533.0,4452.0,4467.0,10020.0
2021-07-29,4465.0,4551.0,4463.0,4498.0,23310.0
2021-07-30,4500.0,4507.0,4426.0,4463.0,16840.0
2021-08-02,4500.0,4720.0,4500.0,4694.0,53930.0
2021-08-03,4702.0,4741.0,4650.0,4674.0,37580.0
2021-08-04,4684.0,4820.0,4684.0,4794.0,56470.0
2021-08-05,4788.0,4800.0,4715.0,4790.0,52980.0
2021-08-06,4820.0,4877.0,4692.0,4710.0,74100.0
2021-08-09,4760.0,4788.0,4674.0,4755.0,51580.0
2021-08-10,4750.0,4764.0,4631.0,4745.0,72170.0
2021-08-11,4770.0,4808.0,4691.0,4714.0,49230.0
2021-08-12,4729.0,4890.0,4691.0,4851.0,78020.0
2021-08-13,4874.0,5031.0,4826.0,5011.0,86820.0
2021-08-16,5045.0,5107.0,4956.0,5003.0,85620.0
2021-08-17,4953.0,5009.0,4832.0,4922.0,77450.0
2021-08-18,4942.0,5217.0,4942.0,5217.0,75160.0
2021-08-19,5217.0,5217.0,5217.0,5217.0,
2021-08-20,5272.0,5518.0,5182.0,5393.0,108720.0
2021-08-23,5440.0,5770.0,5385.0,5761.0,16970.0
2021-08-24,5859.0,6106.0,5843.0,6106.0,16880.0
2021-08-25,6350.0,6472.0,6350.0,6451.0,8220.0
2021-08-26,6709.0,6838.0,6064.0,6073.0,50730.0
2021-08-27,6100.0,6225.0,5711.0,6000.0,52930.0
2021-08-30,6124.0,6340.0,5835.0,6183.0,47640.0
2021-08-31,6232.0,6270.0,6035.0,6074.0,40170.0
2021-09-01,6000.0,6035.0,5725.0,5775.0,61300.0
2021-09-02,5810.0,6006.0,5710.0,5953.0,67850.0
2021-09-03,6000.0,6100.0,5808.0,5927.0,79470.0
2021-09-06,5950.0,5970.0,5783.0,5808.0,36470.0
2021-09-07,5835.0,6100.0,5833.0,6002.0,72370.0
2021-09-08,6025.0,6310.0,5980.0,6282.0,85270.0
2021-09-09,6330.0,6658.0,6320.0,6658.0,84410.0
2021-09-10,6658.0,6658.0,6658.0,6658.0,
2021-09-13,6658.0,6658.0,6259.0,6373.0,97750.0
2021-09-14,6342.0,6428.0,6119.0,6188.0,83390.0
2021-09-15,6198.0,6369.0,6177.0,6285.0,47350.0
2021-09-16,6324.0,6328.0,6102.0,6166.0,43540.0
2021-09-17,6140.0,6169.0,5850.0,5925.0,56060.0
2021-09-20,5875.0,5882.0,5651.0,5774.0,39540.0
2021-09-21,5807.0,5903.0,5773.0,5814.0,6620.0
2021-09-22,5720.0,5950.0,5720.0,5798.0,11210.0
2021-09-23,5773.0,5830.0,5713.0,5815.0,13560.0
2021-09-24,5838.0,5959.0,5833.0,5891.0,12710.0
2021-09-27,5920.0,5970.0,5807.0,5828.0,13190.0
2021-09-28,5820.0,5847.0,5725.0,5760.0,20020.0
2021-09-29,5780.0,6105.0,5765.0,6101.0,28540.0
2021-09-30,6150.0,6196.0,5860.0,5900.0,38590.0
2021-10-01,5858.0,5936.0,5800.0,5882.0,24060.0
2021-10-04,5890.0,5890.0,5736.0,5784.0,22360.0
2021-10-05,5810.0,6045.0,5793.0,5926.0,48780.0
2021-10-06,5965.0,5992.0,5863.0,5895.0,27610.0
2021-10-07,5909.0,5909.0,5795.0,5834.0,23600.0
2021-10-08,5826.0,5900.0,5806.0,5830.0,28250.0
2021-10-11,5828.0,6148.0,5828.0,6112.0,62730.0
2021-10-12,6101.0,6342.0,6060.0,6116.0,98600.0
2021-10-13,6108.0,6161.0,6000.0,6036.0,50160.0
2021-10-14,6048.0,6210.0,5992.0,6097.0,38490.0
2021-10-15,6097.0,6097.0,6097.0,6097.0,
2021-10-18,6125.0,6462.0,6110.0,6460.0,57850.0
2021-10-19,6489.0,6565.0,6160.0,6209.0,83550.0
2021-10-20,6248.0,6359.0,6220.0,6321.0,37570.0
2021-10-21,6459.0,6598.0,6451.0,6554.0,6220.0
2021-10-22,6530.0,6795.0,6410.0,6740.0,14200.0
2021-10-25,6700.0,6870.0,6682.0,6701.0,7970.0
2021-10-26,6677.0,6830.0,6600.0,6806.0,13470.0
2021-10-27,6800.0,7140.0,6800.0,7108.0,21890.0
2021-10-28,7097.0,7206.0,6909.0,7038.0,24730.0
2021-10-29,7005.0,7250.0,7005.0,7103.0,41240.0
2021-11-01,7090.0,7160.0,6900.0,6965.0,33800.0
2021-11-02,6936.0,7024.0,6760.0,6785.0,52910.0
2021-11-03,6786.0,6847.0,6615.0,6678.0,53900.0
2021-11-04,6710.0,6820.0,6653.0,6755.0,19680.0
2021-11-05,6755.0,6755.0,6755.0,6755.0,
2021-11-08,6870.0,7025.0,6848.0,6993.0,92130.0
2021-11-09,6990.0,6990.0,6800.0,6816.0,55800.0
2021-11-10,6800.0,6820.0,6408.0,6444.0,72790.0
2021-11-11,6465.0,6638.0,6445.0,6515.0,65390.0
2021-11-12,6517.0,6593.0,6450.0,6505.0,34610.0
2021-11-15,6550.0,6555.0,6245.0,6299.0,47310.0
2021-11-16,6330.0,6369.0,6220.0,6341.0,26170.0
2021-11-17,6365.0,6564.0,6365.0,6454.0,51330.0
2021-11-18,6420.0,6449.0,6200.0,6285.0,41230.0
2021-11-19,6356.0,6356.0,6356.0,6356.0,
2021-11-22,6315.0,6315.0,6102.0,6240.0,8310.0
2021-11-23,6235.0,6338.0,6185.0,6293.0,10340.0
2021-11-24,6286.0,6300.0,6093.0,6109.0,10670.0
2021-11-25,6066.0,6214.0,6049.0,6156.0,16190.000000000002
2021-11-26,6147.0,6147.0,5940.0,5986.0,17570.0
2021-11-29,5901.0,6018.0,5720.0,5849.0,22770.0
2021-11-30,5909.0,5940.0,5775.0,5853.0,25290.0
2021-12-01,5821.0,5982.0,5790.0,5957.0,26640.0
2021-12-02,5904.0,5929.0,5719.0,5737.0,27110.0
2021-12-03,5720.0,5759.0,5633.0,5684.0,28100.0
2021-12-06,5655.0,5793.0,5600.0,5657.0,31890.0
2021-12-07,5690.0,5929.0,5679.0,5906.0,46830.0
2021-12-08,5899.0,5973.0,5841.0,5889.0,34590.0
2021-12-09,5885.0,5990.0,5843.0,5907.0,32220.0
2021-12-10,5940.0,5940.0,5822.0,5864.0,32299.999999999996
2021-12-13,5898.0,5990.0,5898.0,5915.0,31020.0
2021-12-14,5927.0,6240.0,5878.0,6183.0,64890.0
2021-12-15,6190.0,6230.0,6118.0,6135.0,37930.0
2021-12-16,6150.0,6269.0,6140.0,6203.0,38530.0
2021-12-17,6230.0,6306.0,6060.0,6105.0,52950.0
2021-12-20,6062.0,6120.0,5902.0,6071.0,33600.0
2021-12-21,6166.0,6226.0,6130.0,6138.0,3710.0
2021-12-22,6162.0,6185.0,6039.0,6161.0,5280.0
2021-12-23,6190.0,6261.0,6165.0,6253.0,10820.0
2021-12-24,6257.0,6262.0,6160.0,6175.0,6780.0
2021-12-27,6140.0,6180.0,6108.0,6155.0,5990.0
2021-12-28,6200.0,6216.0,6156.0,6175.0,8240.0
2021-12-29,6154.0,6161.0,5928.0,5976.0,19410.0
2021-12-30,5972.0,6012.0,5915.0,5970.0,16650.0
2021-12-31,5961.0,6108.0,5954.0,6084.0,19750.0
2022-01-03,6120.0,6178.0,6085.0,6125.0,26280.0
2022-01-04,6124.0,6290.0,6090.0,6264.0,36680.0
2022-01-05,6256.0,6285.0,6205.0,6230.0,35340.0
2022-01-06,6207.0,6230.0,6112.0,6214.0,33660.0
2022-01-07,6220.0,6310.0,6218.0,6264.0,38750.0
2022-01-10,6253.0,6438.0,6223.0,6379.0,55350.0
2022-01-11,6371.0,6420.0,6333.0,6401.0,47650.0
2022-01-12,6422.0,6522.0,6415.0,6441.0,56120.0
2022-01-13,6441.0,6460.0,6380.0,6429.0,35770.0
2022-01-14,6464.0,6468.0,6321.0,6363.0,37390.0
2022-01-17,6390.0,6446.0,6346.0,6428.0,25650.0
2022-01-18,6430.0,6559.0,6430.0,6483.0,39140.0
2022-01-19,6519.0,6536.0,6401.0,6423.0,37500.0
2022-01-20,6408.0,6459.0,6368.0,6409.0,30350.0
2022-01-21,6427.0,6492.0,6205.0,6325.0,6050.0
2022-01-24,6328.0,6347.0,6234.0,6274.0,4560.0
2022-01-25,6245.0,6422.0,6245.0,6415.0,6340.0
2022-01-27,6454.0,6500.0,6401.0,6464.0,10550.0
2022-01-28,6455.0,6490.0,6407.0,6422.0,13490.0
2022-01-31,6419.0,6455.0,6375.0,6401.0,19340.0
2022-02-01,6402.0,6432.0,6356.0,6384.0,15620.0
2022-02-02,6371.0,6390.0,6240.0,6279.0,24410.0
2022-02-03,6265.0,6319.0,6225.0,6310.0,25920.0
2022-02-04,6348.0,6375.0,6305.0,6332.0,25550.0
2022-02-07,6358.0,6365.0,6120.0,6159.0,35800.0
2022-02-08,6150.0,6192.0,6090.0,6181.0,30940.0
2022-02-09,6185.0,6233.0,6160.0,6177.0,24720.0
2022-02-10,6192.0,6298.0,6175.0,6281.0,36050.0
2022-02-11,6304.0,6355.0,6246.0,6329.0,41100.0
2022-02-14,6370.0,6488.0,6360.0,6404.0,47440.0
2022-02-15,6404.0,6426.0,6325.0,6367.0,34560.0
2022-02-16,6365.0,6417.0,6287.0,6303.0,32040.0
2022-02-17,6300.0,6335.0,6252.0,6276.0,24070.0
2022-02-18,6273.0,6358.0,6273.0,6338.0,23870.0
2022-02-21,6370.0,6392.0,6235.0,6256.0,5980.0
2022-02-22,6204.0,6273.0,6153.0,6241.0,7780.0
2022-02-23,6243.0,6274.0,6050.0,6068.0,11440.0
2022-02-24,6031.0,6031.0,5715.0,5780.0,29400.0
2022-02-25,5844.0,6019.0,5826.0,5998.0,19230.0
2022-02-28,5908.0,5984.0,5813.0,5922.0,10320.0
2022-03-01,5922.0,5922.0,5922.0,5922.0,
2022-03-02,5902.0,6079.0,5716.0,6002.0,20680.0
2022-03-03,6020.0,6092.0,5980.0,6041.0,24540.0
2022-03-04,6026.0,6075.0,5997.0,6034.0,17010.0
2022-03-07,6036.0,6050.0,5920.0,5986.0,18260.0
2022-03-08,5959.0,6018.0,5808.0,5999.0,34300.0
2022-03-09,5997.0,6195.0,5991.0,6146.0,46750.0
2022-03-10,6165.0,6258.0,6132.0,6154.0,35270.0
2022-03-11,6140.0,6236.0,6130.0,6201.0,30780.0
2022-03-14,6240.0,6316.0,6220.0,6258.0,28550.0
2022-03-15,6260.0,6287.0,6070.0,6089.0,34990.0
2022-03-16,6100.0,6180.0,6032.0,6164.0,26100.0
2022-03-17,6180.0,6212.0,6124.0,6160.0,19310.0
2022-03-18,6237.0,6237.0,6237.0,6237.0,
2022-03-21,6225.0,6225.0,6148.0,6154.0,3640.0
2022-03-22,6160.0,6212.0,6160.0,6200.0,2570.0
2022-03-23,6196.0,6261.0,6196.0,6236.0,7130.0
2022-03-24,6214.0,6230.0,6172.0,6204.0,7260.0
2022-03-25,6216.0,6272.0,6216.0,6237.0,5970.0
2022-03-28,6258.0,6414.0,6254.0,6366.0,17060.0
2022-03-29,6362.0,6469.0,6362.0,6426.0,12880.0
2022-03-30,6436.0,6488.0,6387.0,6417.0,15950.0
2022-03-31,6402.0,6449.0,6365.0,6406.0,15050.0
2022-04-01,6419.0,6779.0,6407.0,6758.0,44380.0
2022-04-04,6750.0,6822.0,6530.0,6637.0,47390.0
2022-04-05,6647.0,6709.0,6610.0,6673.0,26130.0
2022-04-06,6653.0,6820.0,6624.0,6744.0,48990.0
2022-04-07,6658.0,6769.0,6635.0,6652.0,37180.0
2022-04-08,6635.0,6645.0,6412.0,6451.0,45160.0
2022-04-11,6460.0,6480.0,6390.0,6405.0,34190.0
2022-04-12,6401.0,6498.0,6400.0,6445.0,35060.0
2022-04-13,6450.0,6579.0,6445.0,6526.0,29470.0
2022-04-14,6526.0,6526.0,6526.0,6526.0,
2022-04-18,6555.0,6610.0,6456.0,6488.0,28230.0
2022-04-19,6488.0,6525.0,6242.0,6308.0,40460.0
2022-04-20,6325.0,6365.0,6281.0,6342.0,24200.0
2022-04-21,6431.0,6464.0,6381.0,6447.0,3490.0
2022-04-22,6430.0,6440.0,6370.0,6419.0,2960.0
2022-04-25,6398.0,6435.0,6364.0,6397.0,10150.0
2022-04-26,6400.0,6428.0,6250.0,6375.0,6920.0
2022-04-27,6420.0,6447.0,6379.0,6427.0,6060.0
2022-04-28,6432.0,6476.0,6404.0,6417.0,9130.0
2022-04-29,6420.0,6446.0,6380.0,6403.0,10670.0
2022-05-02,6374.0,6380.0,6250.0,6307.0,14380.0
2022-05-03,6307.0,6307.0,6307.0,6307.0,
2022-05-04,6295.0,6336.0,6121.0,6155.0,30460.0
2022-05-05,6186.0,6220.0,6062.0,6113.0,28710.0
2022-05-06,6045.0,6168.0,6013.0,6151.0,30680.0
2022-05-09,6176.0,6183.0,6090.0,6118.0,19140.0
2022-05-10,6100.0,6118.0,5988.0,6018.0,28980.0
2022-05-11,6022.0,6115.0,6006.0,6100.0,21680.0
2022-05-12,6077.0,6175.0,6063.0,6146.0,23490.0
2022-05-13,6150.0,6222.0,6124.0,6152.0,24840.0
2022-05-16,6140.0,6148.0,6041.0,6052.0,20210.0
2022-05-17,6029.0,6115.0,6025.0,6093.0,14930.0
2022-05-18,6119.0,6119.0,6052.0,6081.0,16770.0
2022-05-19,6065.0,6065.0,5935.0,5976.0,24820.0
2022-05-20,6008.0,6019.0,5960.0,5974.0,14120.0
2022-05-23,6031.0,6150.0,6031.0,6105.0,3890.0
2022-05-24,6125.0,6135.0,6078.0,6106.0,5790.0
2022-05-25,6105.0,6105.0,6055.0,6062.0,10550.0
2022-05-26,6060.0,6095.0,6055.0,6089.0,3180.0
2022-05-27,6114.0,6144.0,6088.0,6095.0,6650.0
2022-05-30,6073.0,6091.0,6020.0,6032.0,8360.0
2022-05-31,6046.0,6052.0,5880.0,5912.0,11630.0
2022-06-01,5911.0,5923.0,5793.0,5840.0,14940.0
2022-06-02,5830.0,5885.0,5800.0,5876.0,14800.0
2022-06-03,5870.0,5879.0,5804.0,5811.0,14430.0
2022-06-06,5808.0,5833.0,5724.0,5752.0,16840.0
2022-06-07,5747.0,5940.0,5729.0,5849.0,34960.0
2022-06-08,5854.0,5905.0,5851.0,5873.0,20910.0
2022-06-09,5888.0,5949.0,5885.0,5905.0,26250.0
2022-06-10,5890.0,5900.0,5833.0,5855.0,22640.0
2022-06-13,5823.0,5830.0,5720.0,5734.0,21500.0
2022-06-14,5720.0,5745.0,5682.0,5724.0,18910.0
2022-06-15,5741.0,5754.0,5675.0,5693.0,10020.0
2022-06-16,5697.0,5709.0,5591.0,5614.0,30770.0
2022-06-17,5618.0,5647.0,5560.0,5638.0,20260.0
2022-06-20,5606.0,5606.0,5413.0,5469.0,32119.999999999996
2022-06-21,5533.0,5590.0,5500.0,5518.0,3990.0
2022-06-22,5522.0,5593.0,5522.0,5572.0,3270.0
2022-06-23,5563.0,5580.0,5504.0,5562.0,1820.0
2022-06-24,5558.0,5558.0,5344.0,5370.0,6360.0
2022-06-27,5355.0,5391.0,5234.0,5287.0,7750.0
2022-06-28,5298.0,5392.0,5261.0,5380.0,11390.0
2022-06-29,5352.0,5365.0,5267.0,5293.0,9580.0
2022-06-30,5282.0,5282.0,5170.0,5208.0,17500.0
2022-07-01,5144.0,5275.0,5053.0,5246.0,20810.0
2022-07-04,5199.0,5298.0,5183.0,5241.0,19280.0
2022-07-05,5231.0,5271.0,5146.0,5191.0,18480.0
2022-07-06,5162.0,5196.0,5122.0,5175.0,15020.0
2022-07-07,5152.0,5175.0,5094.0,5106.0,17970.0
2022-07-08,5117.0,5273.0,5117.0,5185.0,31100.0
2022-07-11,5152.0,5258.0,5150.0,5234.0,24170.0
2022-07-12,5250.0,5430.0,5195.0,5358.0,30350.0
2022-07-13,5350.0,5397.0,5282.0,5318.0,24130.0
2022-07-14,5312.0,5340.0,5221.0,5230.0,26790.0
2022-07-15,5205.0,5263.0,4988.0,5010.0,34250.0
2022-07-18,4990.0,5060.0,4921.0,5047.0,34550.0
2022-07-19,5063.0,5070.0,5005.0,5045.0,17130.0
2022-07-20,5050.0,5185.0,5005.0,5121.0,27560.0
2022-07-21,5180.0,5250.0,5161.0,5231.0,5430.0
2022-07-22,5201.0,5225.0,5140.0,5170.0,2650.0
2022-07-25,5154.0,5183.0,5098.0,5163.0,3820.0
2022-07-26,5138.0,5335.0,5138.0,5280.0,7020.0
2022-07-27,5285.0,5294.0,5202.0,5263.0,6840.0
2022-07-28,5247.0,5356.0,5133.0,5154.0,9580.0
2022-07-29,5158.0,5165.0,4952.0,4983.0,14690.0
2022-08-01,5010.0,5010.0,4851.0,4918.0,12970.0
2022-08-02,4910.0,4989.0,4895.0,4963.0,13500.0
2022-08-03,4946.0,5006.0,4915.0,4952.0,15700.0
2022-08-04,4945.0,4972.0,4852.0,4859.0,17290.0
2022-08-05,4850.0,4937.0,4850.0,4887.0,23200.0
2022-08-08,4894.0,4915.0,4805.0,4824.0,22510.0
2022-08-10,4820.0,4846.0,4748.0,4762.0,27350.0
2022-08-11,4758.0,4790.0,4730.0,4745.0,19390.0
2022-08-12,4784.0,4839.0,4755.0,4819.0,17720.0
2022-08-16,4800.0,4849.0,4750.0,4792.0,16620.0
2022-08-17,4760.0,4829.0,4725.0,4817.0,28400.0
2022-08-18,4816.0,4816.0,4705.0,4725.0,16900.0
2022-08-19,4762.0,4836.0,4733.0,4767.0,4770.0
2022-08-22,4783.0,4783.0,4623.0,4641.0,7600.0
2022-08-23,4625.0,4642.0,4588.0,4622.0,5770.0
2022-08-24,4620.0,4680.0,4620.0,4641.0,4440.0
2022-08-25,4650.0,4655.0,4562.0,4604.0,4770.0
2022-08-26,4613.0,4788.0,4613.0,4779.0,12130.0
2022-08-29,4790.0,4890.0,4760.0,4778.0,17950.0
2022-08-30,4780.0,4787.0,4713.0,4761.0,8480.0
2022-09-01,4775.0,5008.0,4770.0,4989.0,31170.0
2022-09-02,5030.0,5036.0,4856.0,4911.0,26150.0
2022-09-05,4911.0,4984.0,4862.0,4904.0,19220.0
2022-09-06,4908.0,4937.0,4805.0,4846.0,20500.0
2022-09-07,4857.0,4942.0,4842.0,4907.0,19760.0
2022-09-08,4921.0,5140.0,4920.0,5082.0,44470.0
2022-09-09,5080.0,5127.0,5020.0,5052.0,31710.0
2022-09-12,4980.0,4980.0,4871.0,4932.0,28470.0
2022-09-13,4957.0,5044.0,4952.0,4968.0,26550.0
2022-09-14,4952.0,5147.0,4944.0,5122.0,29510.0
2022-09-15,5143.0,5285.0,5135.0,5239.0,34470.0
2022-09-16,5260.0,5286.0,5150.0,5168.0,26300.0
2022-09-19,5248.0,5382.0,5230.0,5340.0,33520.0
2022-09-20,5330.0,5368.0,5265.0,5298.0,26730.0
2022-09-21,5344.0,5350.0,5269.0,5283.0,1950.0
2022-09-22,5261.0,5311.0,5239.0,5277.0,3460.0
2022-09-23,5253.0,5275.0,5067.0,5157.0,5500.0
2022-09-26,5160.0,5160.0,5020.0,5040.0,5500.0
2022-09-27,5056.0,5099.0,5014.0,5081.0,7660.0
2022-09-28,5098.0,5098.0,4941.0,4976.0,10070.0
2022-09-29,4989.0,5010.0,4920.0,4957.0,7300.0
2022-09-30,4973.0,5000.0,4946.0,4965.0,12390.0
2022-10-03,4949.0,4961.0,4834.0,4876.0,15360.0
2022-10-04,4875.0,4948.0,4854.0,4865.0,17640.0
2022-10-06,4870.0,4940.0,4870.0,4908.0,14880.0
2022-10-07,4923.0,4923.0,4795.0,4804.0,24810.0
2022-10-10,4819.0,4835.0,4741.0,4760.0,28190.0
2022-10-11,4743.0,4850.0,4715.0,4806.0,25440.0
2022-10-12,4808.0,4820.0,4760.0,4770.0,19590.0
2022-10-13,4769.0,4809.0,4733.0,4761.0,15860.0
2022-10-14,4745.0,4805.0,4710.0,4721.0,20150.0
2022-10-17,4714.0,4717.0,4661.0,4669.0,15980.0
2022-10-18,4688.0,4688.0,4621.0,4643.0,11710.0
2022-10-19,4616.0,4698.0,4591.0,4675.0,14400.0
2022-10-20,4665.0,4737.0,4657.0,4667.0,18330.0
2022-10-21,4721.0,4736.0,4680.0,4701.0,1800.0
2022-10-24,4695.0,4707.0,4687.0,4699.0,3380.0
2022-10-25,4699.0,4718.0,4685.0,4700.0,3150.0
2022-10-27,4691.0,4780.0,4685.0,4744.0,4460.0
2022-10-28,4740.0,4746.0,4690.0,4705.0,4710.0
2022-10-31,4690.0,4712.0,4623.0,4636.0,9400.0
2022-11-01,4621.0,4698.0,4610.0,4675.0,10850.0
2022-11-02,4687.0,4854.0,4685.0,4820.0,23780.0
2022-11-03,4820.0,4870.0,4801.0,4821.0,18750.0
2022-11-04,4818.0,4955.0,4805.0,4908.0,28410.0
2022-11-07,4990.0,4994.0,4911.0,4925.0,25060.0
2022-11-09,4944.0,5118.0,4881.0,5103.0,41460.0
2022-11-10,5125.0,5155.0,5057.0,5068.0,33710.0
2022-11-11,5080.0,5225.0,5074.0,5184.0,40830.0
2022-11-14,5251.0,5495.0,5251.0,5485.0,58360.0
2022-11-15,5505.0,5669.0,5406.0,5456.0,75820.0
2022-11-16,5461.0,5783.0,5431.0,5771.0,70900.0
2022-11-17,5800.0,5824.0,5622.0,5688.0,51100.0
2022-11-18,5718.0,6029.0,5688.0,6029.0,40690.0
2022-11-21,6352.0,6473.0,6181.0,6445.0,7650.0
2022-11-22,6315.0,6315.0,6059.0,6065.0,5150.0
2022-11-23,5991.0,6090.0,5840.0,6030.0,11040.0
2022-11-24,6088.0,6200.0,5881.0,5943.0,12600.0
2022-11-25,5903.0,6020.0,5890.0,5906.0,10590.0
2022-11-28,5882.0,5949.0,5770.0,5893.0,15000.0
2022-11-29,5975.0,6246.0,5895.0,6246.0,25150.0
2022-11-30,6344.0,6346.0,6130.0,6171.0,33980.0
2022-12-01,6160.0,6160.0,5925.0,5996.0,33980.0
2022-12-02,5979.0,6100.0,5975.0,6061.0,31820.0
2022-12-05,6099.0,6140.0,5915.0,5955.0,26550.0
2022-12-06,5943.0,5958.0,5863.0,5898.0,28530.0
2022-12-07,5871.0,6063.0,5773.0,6024.0,40580.0
2022-12-08,6071.0,6221.0,6029.0,6088.0,49430.0
2022-12-09,6045.0,6105.0,5980.0,6075.0,34610.0
2022-12-12,6050.0,6117.0,5900.0,5926.0,38820.0
2022-12-13,5912.0,5948.0,5790.0,5934.0,52020.0
2022-12-14,5989.0,5989.0,5822.0,5903.0,38120.0
2022-12-15,5928.0,6034.0,5906.0,6007.0,31260.0
2022-12-16,5960.0,6045.0,5855.0,5882.0,33900.0
2022-12-19,5863.0,6117.0,5832.0,6085.0,40430.0
2022-12-20,6055.0,6088.0,6015.0,6050.0,30080.0
2022-12-21,6100.0,6100.0,5862.0,5882.0,5230.0
2022-12-22,5857.0,5960.0,5848.0,5936.0,2630.0
2022-12-23,5956.0,6000.0,5720.0,5974.0,10160.0
2022-12-26,5988.0,6122.0,5988.0,6093.0,9740.0
2022-12-27,6125.0,6173.0,6121.0,6140.0,8540.0
2022-12-28,6139.0,6147.0,6051.0,6114.0,8480.0
2022-12-29,6076.0,6105.0,6038.0,6052.0,8810.0
2022-12-30,6038.0,6147.0,6038.0,6078.0,17560.0
2023-01-02,6080.0,6117.0,6010.0,6051.0,18630.0
2023-01-03,6060.0,6094.0,6025.0,6051.0,17680.0
2023-01-04,6050.0,6051.0,5918.0,5969.0,29700.0
2023-01-05,5968.0,6035.0,5951.0,6007.0,26780.0
2023-01-06,6011.0,6090.0,5982.0,6052.0,28990.0
2023-01-09,6103.0,6415.0,6095.0,6415.0,43000.0
2023-01-10,6441.0,6600.0,6350.0,6377.0,77890.0
2023-01-11,6380.0,6475.0,6335.0,6358.0,50330.0
2023-01-12,6360.0,6458.0,6338.0,6352.0,46180.0
2023-01-13,6350.0,6498.0,6345.0,6439.0,51820.0
2023-01-16,6450.0,6498.0,6354.0,6365.0,36860.0
2023-01-17,6360.0,6389.0,6314.0,6340.0,20400.0
2023-01-18,6360.0,6441.0,6356.0,6399.0,27250.0
2023-01-19,6399.0,6415.0,6332.0,6365.0,19950.0
2023-01-20,6388.0,6395.0,6170.0,6215.0,43210.0
2023-01-23,6273.0,6290.0,6204.0,6245.0,4480.0
2023-01-24,6244.0,6250.0,5996.0,6121.0,5340.0
2023-01-25,5998.0,6055.0,5880.0,5932.0,9260.0
2023-01-27,5972.0,6005.0,5731.0,5833.0,14690.0
2023-01-30,5874.0,5900.0,5825.0,5880.0,14160.0
2023-01-31,5885.0,6100.0,5881.0,6060.0,31650.0
2023-02-01,5995.0,6106.0,5995.0,6065.0,28520.0
2023-02-02,6075.0,6129.0,6011.0,6098.0,23970.0
2023-02-03,6108.0,6180.0,6095.0,6129.0,25320.0
2023-02-06,6190.0,6195.0,6001.0,6027.0,24020.0
2023-02-07,6028.0,6049.0,5971.0,5985.0,29550.0
2023-02-08,6000.0,6005.0,5916.0,5934.0,29640.0
2023-02-09,5930.0,5949.0,5882.0,5912.0,19930.0
2023-02-10,5925.0,5975.0,5761.0,5785.0,42200.0
2023-02-13,5751.0,5830.0,5700.0,5780.0,47720.0
2023-02-14,5789.0,5834.0,5780.0,5808.0,23290.0
2023-02-15,5824.0,6038.0,5790.0,5986.0,39500.0
2023-02-16,5970.0,5984.0,5921.0,5944.0,21030.0
2023-02-17,5930.0,5940.0,5855.0,5895.0,23470.0
2023-02-20,5886.0,5960.0,5820.0,5930.0,25070.0
2023-02-21,6005.0,6036.0,5950.0,5975.0,4380.0
2023-02-22,5961.0,5975.0,5900.0,5925.0,4540.0
2023-02-23,5900.0,5900.0,5692.0,5710.0,13430.0
2023-02-24,5724.0,5825.0,5690.0,5796.0,11230.0
2023-02-27,5793.0,5805.0,5735.0,5781.0,10040.0
2023-02-28,5781.0,5860.0,5760.0,5833.0,18100.0
2023-03-01,5811.0,5811.0,5740.0,5753.0,10300.0
2023-03-02,5754.0,5798.0,5553.0,5595.0,31710.0
2023-03-03,5618.0,5638.0,5555.0,5603.0,18850.0
2023-03-06,5611.0,5666.0,5581.0,5629.0,16350.000000000002
2023-03-08,5625.0,5649.0,5561.0,5611.0,19150.0
2023-03-09,5608.0,5827.0,5590.0,5809.0,42400.0
2023-03-10,5791.0,5796.0,5719.0,5734.0,28780.0
2023-03-13,5720.0,5788.0,5690.0,5726.0,31160.0
2023-03-14,5720.0,5750.0,5648.0,5670.0,31480.0
2023-03-15,5680.0,5720.0,5620.0,5639.0,21190.0
2023-03-16,5605.0,5614.0,5456.0,5491.0,27140.0
2023-03-17,5516.0,5569.0,5484.0,5531.0,15590.0
2023-03-20,5531.0,5594.0,5431.0,5488.0,19800.0
2023-03-21,5523.0,5748.0,5464.0,5731.0,4670.0
2023-03-22,5735.0,5768.0,5691.0,5722.0,4170.0
2023-03-23,5701.0,5837.0,5684.0,5765.0,9320.0
2023-03-24,5765.0,5794.0,5670.0,5694.0,6420.0
2023-03-27,5708.0,5719.0,5670.0,5691.0,5360.0
2023-03-28,5709.0,5800.0,5706.0,5766.0,15770.0
2023-03-29,5775.0,5790.0,5680.0,5722.0,12870.0
2023-03-31,5724.0,5778.0,5710.0,5766.0,12720.0
2023-04-03,5770.0,5855.0,5713.0,5816.0,22750.0
2023-04-05,5820.0,5924.0,5817.0,5872.0,36650.0
2023-04-06,5854.0,5870.0,5728.0,5766.0,26700.0
2023-04-10,5785.0,5817.0,5624.0,5754.0,43950.0
2023-04-11,5745.0,5807.0,5710.0,5724.0,29820.0
2023-04-12,5720.0,5720.0,5642.0,5656.0,27820.0
2023-04-13,5665.0,5680.0,5600.0,5634.0,29980.0
2023-04-17,5665.0,5667.0,5573.0,5614.0,22150.0
2023-04-18,5626.0,5672.0,5622.0,5648.0,14200.0
2023-04-19,5667.0,5667.0,5531.0,5564.0,27190.0
2023-04-20,5577.0,5623.0,5532.0,5596.0,23720.0
2023-04-21,5670.0,5702.0,5644.0,5659.0,5310.0
2023-04-24,5680.0,5680.0,5617.0,5666.0,3440.0
2023-04-25,5673.0,5707.0,5658.0,5675.0,4200.0
2023-04-26,5675.0,5683.0,5532.0,5559.0,9310.0
2023-04-27,5560.0,5580.0,5439.0,5525.0,7720.0
2023-04-28,5521.0,5570.0,5512.0,5529.0,13110.0
2023-05-02,5549.0,5686.0,5540.0,5638.0,23880.0
2023-05-03,5630.0,5676.0,5603.0,5643.0,15830.0
2023-05-04,5664.0,5770.0,5623.0,5735.0,32369.999999999996
2023-05-05,5746.0,5799.0,5735.0,5752.0,23500.0
2023-05-08,5769.0,5895.0,5741.0,5826.0,30180.0
2023-05-09,5838.0,5870.0,5775.0,5782.0,26860.0
2023-05-10,5794.0,5840.0,5772.0,5794.0,21640.0
2023-05-11,5794.0,5800.0,5700.0,5707.0,22180.0
2023-05-12,5700.0,5793.0,5698.0,5772.0,22500.0
2023-05-15,5778.0,5790.0,5730.0,5740.0,12710.0
2023-05-16,5739.0,5739.0,5665.0,5694.0,17680.0
2023-05-17,5708.0,5727.0,5662.0,5675.0,10820.0
2023-05-18,5650.0,5669.0,5541.0,5566.0,22950.0
2023-05-19,5550.0,5585.0,5503.0,5541.0,20980.0
2023-05-22,5611.0,5611.0,5532.0,5549.0,3900.0
2023-05-23,5540.0,5593.0,5422.0,5532.0,7670.0
2023-05-24,5531.0,5562.0,5518.0,5546.0,4240.0
2023-05-25,5529.0,5542.0,5468.0,5481.0,4320.0
2023-05-26,5441.0,5500.0,5396.0,5485.0,14480.0
2023-05-29,5450.0,5565.0,5427.0,5544.0,12370.0
2023-05-30,5550.0,5633.0,5466.0,5607.0,19660.0
2023-05-31,5600.0,5615.0,5551.0,5565.0,14080.0
2023-06-01,5540.0,5554.0,5475.0,5489.0,11040.0
2023-06-02,5480.0,5533.0,5466.0,5487.0,11380.0
2023-06-05,5486.0,5524.0,5442.0,5469.0,18770.0
2023-06-06,5484.0,5504.0,5452.0,5468.0,15740.0
2023-06-07,5465.0,5499.0,5441.0,5481.0,16980.0
2023-06-08,5480.0,5488.0,5420.0,5438.0,16770.0
2023-06-09,5408.0,5427.0,5256.0,5295.0,34450.0
2023-06-12,5225.0,5250.0,5084.0,5128.0,48370.0
2023-06-13,5140.0,5242.0,5125.0,5214.0,23220.0
2023-06-14,5210.0,5259.0,5141.0,5196.0,29500.0
2023-06-15,5180.0,5180.0,5086.0,5125.0,20750.0
2023-06-16,5141.0,5296.0,5120.0,5251.0,28650.0
2023-06-19,5250.0,5342.0,5197.0,5321.0,24120.0
2023-06-20,5321.0,5350.0,5232.0,5256.0,28050.0
2023-06-21,5300.0,5600.0,5300.0,5499.0,9500.0
2023-06-22,5548.0,5557.0,5430.0,5457.0,6350.0
2023-06-23,5479.0,5512.0,5451.0,5495.0,3130.0
2023-06-26,5469.0,5469.0,5306.0,5328.0,6460.0
2023-06-27,5327.0,5415.0,5327.0,5379.0,9170.0
2023-06-28,5370.0,5503.0,5370.0,5446.0,17890.0
2023-06-30,5470.0,5648.0,5470.0,5582.0,25330.0
2023-07-03,5599.0,5650.0,5532.0,5553.0,22960.0
2023-07-04,5570.0,5580.0,5463.0,5476.0,22930.0
2023-07-05,5452.0,5544.0,5415.0,5511.0,28260.0
2023-07-06,5490.0,5515.0,5403.0,5418.0,24690.0
2023-07-07,5399.0,5498.0,5390.0,5444.0,30740.0
2023-07-10,5430.0,5534.0,5400.0,5523.0,33100.0
2023-07-11,5540.0,5720.0,5533.0,5666.0,46670.0
2023-07-12,5680.0,5772.0,5605.0,5753.0,48260.0
2023-07-13,5785.0,5790.0,5680.0,5688.0,34380.0
2023-07-14,5652.0,5704.0,5612.0,5640.0,30610.0
2023-07-17,5690.0,5860.0,5665.0,5757.0,50030.0
2023-07-18,5760.0,5790.0,5685.0,5705.0,34890.0
2023-07-19,5714.0,5729.0,5622.0,5653.0,35860.0
2023-07-20,5640.0,5840.0,5640.0,5812.0,47380.0
2023-07-21,5890.0,6118.0,5888.0,6044.0,15700.0
2023-07-24,6160.0,6190.0,6051.0,6085.0,9730.0
2023-07-25,6100.0,6161.0,6030.0,6148.0,10130.0
2023-07-26,6190.0,6250.0,6100.0,6118.0,13110.0
2023-07-27,5967.0,6196.0,5962.0,6155.0,14520.0
2023-07-28,6250.0,6337.0,6240.0,6303.0,28780.0
2023-07-31,6325.0,6337.0,6051.0,6061.0,33100.0
2023-08-01,6105.0,6113.0,5973.0,6003.0,36230.0
2023-08-02,5970.0,6090.0,5670.0,5731.0,65860.0
2023-08-03,5730.0,5800.0,5680.0,5769.0,35950.0
2023-08-04,5785.0,5845.0,5719.0,5746.0,38570.0
2023-08-07,5850.0,6090.0,5850.0,6090.0,46800.0
2023-08-08,6145.0,6190.0,6032.0,6055.0,55740.0
2023-08-09,6080.0,6175.0,6061.0,6136.0,51280.0
2023-08-10,6175.0,6248.0,6085.0,6101.0,40010.0
2023-08-11,6100.0,6460.0,6035.0,6439.0,84630.0
2023-08-14,6432.0,6432.0,6280.0,6326.0,45190.0
2023-08-16,6380.0,6418.0,6001.0,6104.0,61190.0
2023-08-17,6115.0,6236.0,6018.0,6134.0,56920.0
2023-08-18,6111.0,6319.0,6063.0,6288.0,55990.0
2023-08-21,6313.0,6567.0,6299.0,6530.0,10910.0
2023-08-22,6570.0,6759.0,6353.0,6395.0,16770.0
2023-08-23,6419.0,6460.0,6300.0,6417.0,6720.0
2023-08-24,6475.0,6509.0,6395.0,6412.0,12780.0
2023-08-25,6440.0,6510.0,6424.0,6486.0,8410.0
2023-08-28,6550.0,6575.0,6300.0,6324.0,14030.0
2023-08-29,6330.0,6362.0,6250.0,6292.0,15330.0
2023-08-30,6300.0,6413.0,6300.0,6339.0,18590.0
2023-08-31,6352.0,6397.0,6267.0,6322.0,22610.0
2023-09-01,6340.0,6495.0,6305.0,6425.0,33630.0
2023-09-04,6454.0,6475.0,6202.0,6276.0,48440.0
2023-09-05,6310.0,6489.0,6310.0,6456.0,57930.0
2023-09-06,6456.0,6540.0,6430.0,6486.0,35290.0
2023-09-07,6486.0,6504.0,6408.0,6435.0,30360.0
2023-09-08,6425.0,6481.0,6405.0,6429.0,34870.0
2023-09-11,6400.0,6478.0,6210.0,6263.0,50290.0
2023-09-12,6263.0,6300.0,6182.0,6201.0,38040.0
2023-09-13,6200.0,6284.0,6150.0,6167.0,57930.0
2023-09-14,6179.0,6197.0,6060.0,6154.0,30280.0
2023-09-15,6170.0,6170.0,6101.0,6114.0,25920.0
2023-09-18,6012.0,6017.0,5836.0,5880.0,41860.0
2023-09-20,5880.0,5938.0,5876.0,5919.0,22930.0
2023-09-21,6100.0,6100.0,5906.0,5961.0,11960.0
2023-09-22,6020.0,6036.0,5911.0,5994.0,7070.0
2023-09-25,6000.0,6000.0,5890.0,5919.0,9590.0
2023-09-26,5890.0,5911.0,5849.0,5871.0,15590.0
2023-09-27,5861.0,5879.0,5721.0,5756.0,19180.0
2023-09-28,5740.0,5787.0,5680.0,5756.0,9590.0
2023-09-29,5775.0,5785.0,5655.0,5672.0,20910.0
2023-10-03,5627.0,5627.0,5496.0,5544.0,37160.0
2023-10-04,5531.0,5649.0,5497.0,5633.0,30550.0
2023-10-05,5640.0,5705.0,5625.0,5653.0,24650.0
2023-10-06,5652.0,5745.0,5611.0,5666.0,42820.0
2023-10-09,5644.0,5690.0,5562.0,5659.0,32299.999999999996
2023-10-10,5675.0,5760.0,5661.0,5677.0,39520.0
2023-10-11,5670.0,5712.0,5602.0,5674.0,35750.0
2023-10-12,5680.0,5705.0,5640.0,5646.0,24190.0
2023-10-13,5649.0,5668.0,5586.0,5605.0,23760.0
2023-10-16,5595.0,5675.0,5556.0,5653.0,28520.0
2023-10-17,5670.0,5824.0,5647.0,5810.0,39010.0
2023-10-18,5828.0,5843.0,5793.0,5816.0,19530.0
2023-10-19,5810.0,5938.0,5772.0,5870.0,36460.0
2023-10-20,5870.0,6019.0,5865.0,5998.0,34160.0
2023-10-23,6120.0,6153.0,6042.0,6074.0,5290.0
2023-10-25,6129.0,6168.0,6095.0,6112.0,7580.0
2023-10-26,6080.0,6095.0,5886.0,5956.0,12970.0
2023-10-27,5960.0,6015.0,5912.0,5971.0,12070.0
2023-10-30,5999.0,5999.0,5791.0,5827.0,22010.0
2023-10-31,5801.0,5825.0,5740.0,5785.0,23100.0
2023-11-01,5780.0,5880.0,5775.0,5822.0,16129.999999999998
2023-11-02,5822.0,5853.0,5743.0,5758.0,25170.0
2023-11-03,5770.0,5818.0,5730.0,5746.0,16930.0
2023-11-06,5725.0,5770.0,5670.0,5762.0,27720.0
2023-11-07,5747.0,5797.0,5695.0,5712.0,25910.0
2023-11-08,5701.0,5709.0,5600.0,5626.0,29280.0
2023-11-09,5666.0,5670.0,5595.0,5634.0,23050.0
2023-11-10,5649.0,5735.0,5632.0,5697.0,27560.0
2023-11-12,5710.0,5735.0,5702.0,5718.0,5460.0
2023-11-13,5715.0,5763.0,5684.0,5693.0,23480.0
2023-11-15,5681.0,5865.0,5680.0,5834.0,28210.0
2023-11-16,5866.0,5889.0,5822.0,5851.0,20460.0
2023-11-17,5840.0,5862.0,5771.0,5786.0,21330.0
2023-11-20,5770.0,5816.0,5745.0,5762.0,15780.0
2023-11-21,5832.0,5860.0,5751.0,5773.0,3160.0
2023-11-22,5765.0,5765.0,5644.0,5686.0,9440.0
2023-11-23,5699.0,5740.0,5656.0,5687.0,4830.0
2023-11-24,5675.0,5728.0,5665.0,5712.0,4420.0
2023-11-28,5720.0,5785.0,5689.0,5746.0,11530.0
2023-11-29,5751.0,5793.0,5700.0,5732.0,8780.0
2023-11-30,5718.0,5723.0,5654.0,5711.0,14960.0
2023-12-01,5722.0,5732.0,5615.0,5634.0,14040.0
2023-12-04,5637.0,5640.0,5515.0,5527.0,26030.0
2023-12-05,5523.0,5580.0,5477.0,5536.0,22980.0
2023-12-06,5539.0,5628.0,5521.0,5594.0,19030.0
2023-12-07,5590.0,5607.0,5535.0,5559.0,20190.0
2023-12-08,5531.0,5610.0,5531.0,5599.0,21800.0
2023-12-11,5615.0,5650.0,5555.0,5579.0,30480.0
2023-12-12,5570.0,5592.0,5479.0,5506.0,35420.0
2023-12-13,5515.0,5550.0,5420.0,5511.0,30390.0
2023-12-14,5530.0,5576.0,5503.0,5532.0,20360.0
2023-12-15,5525.0,5560.0,5481.0,5498.0,15180.0
2023-12-18,5490.0,5494.0,5362.0,5376.0,24330.0
2023-12-19,5370.0,5399.0,5328.0,5358.0,20310.0
2023-12-20,5360.0,5425.0,5304.0,5328.0,29050.0
2023-12-21,5401.0,5515.0,5392.0,5483.0,4920.0
2023-12-22,5486.0,5649.0,5486.0,5604.0,10890.0
2023-12-26,5511.0,5668.0,5511.0,5580.0,12450.0
2023-12-27,5589.0,5620.0,5547.0,5565.0,7450.0
2023-12-28,5580.0,5640.0,5559.0,5589.0,9990.0
2023-12-29,5590.0,5608.0,5556.0,5563.0,9900.0
2024-01-01,5565.0,5565.0,5472.0,5492.0,11410.0
2024-01-02,5490.0,5514.0,5361.0,5415.0,19400.0
2024-01-03,5332.0,5384.0,5300.0,5361.0,20170.0
2024-01-04,5370.0,5440.0,5370.0,5394.0,18720.0
2024-01-05,5385.0,5426.0,5351.0,5362.0,16700.0
2024-01-08,5381.0,5414.0,5322.0,5391.0,21490.0
2024-01-09,5410.0,5480.0,5395.0,5471.0,28730.0
2024-01-10,5471.0,5495.0,5412.0,5429.0,23760.0
2024-01-11,5437.0,5471.0,5407.0,5454.0,19470.0
2024-01-12,5460.0,5558.0,5453.0,5542.0,27140.0
2024-01-15,5554.0,5585.0,5513.0,5533.0,22610.0
2024-01-16,5550.0,5550.0,5502.0,5512.0,11730.0
2024-01-17,5501.0,5547.0,5458.0,5475.0,20320.0
2024-01-18,5472.0,5535.0,5458.0,5520.0,16329.999999999998
2024-01-19,5525.0,5570.0,5490.0,5509.0,19460.0
2024-01-23,5559.0,5568.0,5400.0,5458.0,7300.0
2024-01-24,5462.0,5518.0,5437.0,5504.0,8320.0
2024-01-25,5507.0,5538.0,5477.0,5512.0,5140.0
2024-01-29,5496.0,5496.0,5322.0,5353.0,13830.0
2024-01-30,5340.0,5370.0,5318.0,5353.0,9730.0
2024-01-31,5360.0,5387.0,5326.0,5367.0,10430.0
2024-02-01,5370.0,5386.0,5353.0,5365.0,11040.0
2024-02-02,5372.0,5435.0,5363.0,5419.0,14960.0
2024-02-05,5421.0,5426.0,5315.0,5346.0,17610.0
2024-02-06,5335.0,5410.0,5324.0,5401.0,24060.0
2024-02-07,5410.0,5418.0,5361.0,5373.0,12600.0
2024-02-08,5366.0,5375.0,5343.0,5349.0,11400.0
2024-02-09,5349.0,5366.0,5263.0,5280.0,24010.0
2024-02-12,5265.0,5270.0,5182.0,5222.0,25720.0
2024-02-13,5215.0,5287.0,5215.0,5269.0,17320.0
2024-02-14,5270.0,5338.0,5242.0,5299.0,23870.0
2024-02-15,5340.0,5387.0,5311.0,5340.0,14380.0
2024-02-16,5332.0,5378.0,5304.0,5365.0,14790.0
2024-02-19,5375.0,5396.0,5343.0,5361.0,11160.0
2024-02-20,5375.0,5538.0,5332.0,5423.0,17370.0
2024-02-21,5508.0,5557.0,5492.0,5503.0,7140.0
2024-02-22,5486.0,5513.0,5461.0,5470.0,4080.0
2024-02-23,5462.0,5474.0,5402.0,5418.0,4080.0
2024-02-26,5409.0,5409.0,5368.0,5378.0,6050.0
2024-02-27,5371.0,5432.0,5371.0,5399.0,4920.0
2024-02-28,5410.0,5423.0,5352.0,5366.0,13840.0
2024-02-29,5360.0,5360.0,5300.0,5328.0,11130.0
2024-03-01,5333.0,5343.0,5293.0,5331.0,13420.0
2024-03-04,5350.0,5371.0,5297.0,5328.0,27340.0
2024-03-05,5327.0,5342.0,5210.0,5226.0,26090.0
2024-03-06,5236.0,5258.0,5208.0,5241.0,14540.0
2024-03-07,5235.0,5288.0,5203.0,5225.0,22910.0
2024-03-11,5235.0,5323.0,5235.0,5298.0,27390.0
2024-03-12,5309.0,5315.0,5246.0,5257.0,19370.0
2024-03-13,5260.0,5282.0,5245.0,5255.0,13940.0
2024-03-14,5269.0,5272.0,5206.0,5231.0,22570.0
2024-03-15,5230.0,5282.0,5228.0,5238.0,10650.0
2024-03-18,5235.0,5238.0,5145.0,5178.0,17480.0
2024-03-19,5142.0,5188.0,5136.0,5180.0,13170.0
2024-03-20,5185.0,5225.0,5155.0,5205.0,14250.0
2024-03-21,5270.0,5285.0,5241.0,5250.0,5710.0
2024-03-22,5265.0,5270.0,5222.0,5230.0,2790.0
2024-03-26,5225.0,5233.0,5118.0,5152.0,4890.0
2024-03-27,5137.0,5150.0,5119.0,5133.0,8250.0
2024-03-28,5144.0,5210.0,5130.0,5201.0,8820.0
2024-04-01,5217.0,5287.0,5206.0,5270.0,9790.0
2024-04-02,5275.0,5284.0,5245.0,5271.0,10720.0
2024-04-03,5277.0,5363.0,5277.0,5326.0,19030.0
2024-04-04,5326.0,5404.0,5326.0,5355.0,24090.0
2024-04-05,5364.0,5472.0,5330.0,5455.0,45520.0
2024-04-08,5476.0,5518.0,5447.0,5480.0,27440.0
2024-04-09,5486.0,5495.0,5396.0,5413.0,20990.0
2024-04-10,5410.0,5413.0,5318.0,5339.0,22610.0
2024-04-12,5345.0,5507.0,5318.0,5481.0,38560.0
2024-04-15,5470.0,5579.0,5440.0,5483.0,35170.0
2024-04-16,5484.0,5531.0,5432.0,5518.0,20630.0
2024-04-18,5529.0,5579.0,5521.0,5562.0,18770.0
2024-04-19,5566.0,5595.0,5511.0,5525.0,16340.0
2024-04-22,5585.0,5614.0,5554.0,5567.0,3990.0
2024-04-23,5589.0,5618.0,5566.0,5589.0,3010.0
2024-04-24,5584.0,5710.0,5551.0,5679.0,8210.0
2024-04-25,5685.0,5710.0,5644.0,5664.0,8450.0
2024-04-26,5676.0,5705.0,5655.0,5664.0,7360.0
2024-04-29,5671.0,5680.0,5610.0,5630.0,7460.0
2024-04-30,5630.0,5653.0,5583.0,5594.0,9330.0
2024-05-02,5570.0,5570.0,5485.0,5509.0,13370.0
2024-05-03,5509.0,5521.0,5454.0,5485.0,13000.0
2024-05-06,5490.0,5502.0,5441.0,5480.0,14620.0
2024-05-07,5487.0,5522.0,5463.0,5497.0,17760.0
2024-05-08,5495.0,5523.0,5471.0,5483.0,14760.0
2024-05-09,5479.0,5488.0,5411.0,5433.0,18630.0
2024-05-10,5437.0,5456.0,5425.0,5435.0,21400.0
2024-05-13,5431.0,5510.0,5431.0,5488.0,23720.0
2024-05-14,5488.0,5509.0,5460.0,5468.0,7090.0
2024-05-15,5463.0,5466.0,5423.0,5439.0,7320.0
2024-05-16,5440.0,5498.0,5430.0,5481.0,13750.0
2024-05-17,5481.0,5575.0,5474.0,5502.0,20970.0
2024-05-21,5551.0,5604.0,5529.0,5598.0,2820.0
2024-05-22,5597.0,5647.0,5586.0,5602.0,7540.0
2024-05-23,5599.0,5636.0,5551.0,5569.0,4570.0
2024-05-24,5564.0,5594.0,5542.0,5561.0,4340.0
2024-05-27,5494.0,5580.0,5494.0,5520.0,3800.0
2024-05-28,5520.0,5560.0,5504.0,5537.0,8350.0
2024-05-29,5544.0,5568.0,5535.0,5556.0,6140.0
2024-05-30,5560.0,5563.0,5525.0,5546.0,5860.0
2024-05-31,5548.0,5549.0,5512.0,5528.0,6000.0
2024-06-03,5512.0,5512.0,5451.0,5465.0,14750.0
2024-06-04,5463.0,5463.0,5333.0,5375.0,14520.0
2024-06-05,5365.0,5425.0,5353.0,5420.0,13390.0
2024-06-06,5417.0,5459.0,5391.0,5439.0,11800.0
2024-06-07,5449.0,5450.0,5392.0,5402.0,12210.0
2024-06-10,5409.0,5424.0,5388.0,5396.0,13690.0
2024-06-11,5399.0,5448.0,5399.0,5409.0,16120.000000000002
2024-06-12,5434.0,5448.0,5380.0,5399.0,14560.0
2024-06-13,5409.0,5592.0,5399.0,5450.0,38360.0
2024-06-14,5450.0,5495.0,5445.0,5484.0,13190.0
2024-06-18,5498.0,5539.0,5470.0,5476.0,12590.0
2024-06-19,5476.0,5484.0,5412.0,5425.0,16570.0
2024-06-20,5422.0,5474.0,5409.0,5427.0,12610.0
2024-06-21,5449.0,5470.0,5433.0,5453.0,2470.0
2024-06-24,5470.0,5509.0,5456.0,5492.0,3580.0
2024-06-25,5488.0,5498.0,5342.0,5405.0,5600.0
2024-06-26,5388.0,5405.0,5360.0,5379.0,5670.0
2024-06-27,5367.0,5406.0,5358.0,5388.0,5360.0
2024-06-28,5400.0,5439.0,5387.0,5414.0,8100.0
2024-07-01,5398.0,5398.0,5342.0,5349.0,11660.0
2024-07-02,5341.0,5377.0,5321.0,5350.0,10040.0
2024-07-03,5370.0,5444.0,5355.0,5427.0,19970.0
2024-07-04,5435.0,5445.0,5382.0,5405.0,17010.0
2024-07-05,5409.0,5490.0,5409.0,5460.0,20340.0
2024-07-08,5460.0,5460.0,5403.0,5417.0,16050.0
2024-07-09,5430.0,5474.0,5430.0,5447.0,18340.0
2024-07-10,5460.0,5556.0,5460.0,5540.0,24400.0
2024-07-11,5530.0,5577.0,5515.0,5534.0,20900.0
2024-07-12,5522.0,5533.0,5491.0,5518.0,18270.0
2024-07-15,5512.0,5525.0,5472.0,5503.0,18040.0
2024-07-16,5491.0,5529.0,5489.0,5497.0,13730.0
2024-07-18,5509.0,5573.0,5501.0,5535.0,17110.0
2024-07-19,5523.0,5523.0,5417.0,5428.0,19770.0
2024-07-22,5521.0,5574.0,5519.0,5564.0,2850.0
2024-07-23,5522.0,5557.0,5490.0,5540.0,4690.0
2024-07-24,5508.0,5514.0,5471.0,5499.0,5390.0
2024-07-25,5517.0,5535.0,5500.0,5515.0,3270.0
2024-07-26,5532.0,5574.0,5532.0,5560.0,4720.0
2024-07-29,5580.0,5625.0,5580.0,5594.0,7400.0
2024-07-30,5571.0,5602.0,5562.0,5578.0,14560.0
2024-07-31,5598.0,5825.0,5598.0,5758.0,37120.0
2024-08-01,5721.0,5740.0,5621.0,5633.0,16570.0
2024-08-02,5622.0,5622.0,5417.0,5451.0,33230.0
2024-08-05,5395.0,5400.0,5317.0,5351.0,18410.0
2024-08-06,5305.0,5389.0,5302.0,5378.0,13940.0
2024-08-07,5372.0,5390.0,5342.0,5358.0,11600.0
2024-08-08,5363.0,5377.0,5334.0,5373.0,10390.0
2024-08-09,5385.0,5395.0,5327.0,5336.0,17700.0
2024-08-12,5312.0,5378.0,5301.0,5363.0,13060.0
2024-08-13,5360.0,5380.0,5285.0,5307.0,14300.0
2024-08-14,5320.0,5320.0,5273.0,5294.0,13660.0
2024-08-16,5255.0,5303.0,5201.0,5294.0,13620.0
2024-08-19,5308.0,5335.0,5302.0,5309.0,8240.0
2024-08-20,5303.0,5317.0,5252.0,5277.0,9320.0
2024-08-21,5321.0,5328.0,5250.0,5278.0,3870.0
2024-08-22,5299.0,5307.0,5255.0,5263.0,5020.0
2024-08-23,5249.0,5315.0,5203.0,5279.0,6940.0
2024-08-26,5250.0,5297.0,5182.0,5283.0,10660.0
2024-08-27,5300.0,5352.0,5271.0,5340.0,10110.0
2024-08-28,5350.0,5444.0,5312.0,5412.0,16890.0
2024-08-29,5422.0,5440.0,5355.0,5378.0,16020.0
2024-08-30,5390.0,5405.0,5341.0,5366.0,9450.0
2024-09-02,5370.0,5423.0,5368.0,5410.0,11200.0
2024-09-03,5400.0,5425.0,5371.0,5399.0,14490.0
2024-09-04,5390.0,5415.0,5346.0,5392.0,18310.0
2024-09-05,5410.0,5430.0,5391.0,5419.0,16650.0
2024-09-06,5409.0,5457.0,5393.0,5417.0,24410.0
2024-09-09,5410.0,5410.0,5322.0,5339.0,16930.0
2024-09-10,5328.0,5363.0,5322.0,5340.0,18440.0
2024-09-11,5348.0,5365.0,5331.0,5352.0,14820.0
2024-09-12,5358.0,5429.0,5357.0,5405.0,17410.0
2024-09-13,5417.0,5510.0,5415.0,5504.0,23350.0
2024-09-16,5520.0,5525.0,5440.0,5517.0,15650.0
2024-09-17,5505.0,5548.0,5465.0,5473.0,15710.0
2024-09-18,5464.0,5472.0,5411.0,5419.0,21540.0
2024-09-19,5411.0,5444.0,5391.0,5433.0,12220.0
2024-09-20,5449.0,5608.0,5449.0,5552.0,29610.0
2024-09-23,5636.0,5758.0,5636.0,5736.0,5410.0
2024-09-24,5756.0,5761.0,5706.0,5715.0,7710.0
2024-09-25,5729.0,5832.0,5729.0,5819.0,8410.0
2024-09-26,5806.0,5806.0,5690.0,5771.0,12690.0
2024-09-27,5809.0,5860.0,5768.0,5823.0,15670.0
2024-09-30,5774.0,5846.0,5751.0,5833.0,15100.0
2024-10-01,5820.0,5855.0,5775.0,5788.0,12810.0
2024-10-03,5815.0,5840.0,5586.0,5613.0,29990.0
2024-10-04,5656.0,5700.0,5482.0,5500.0,28400.0
2024-10-07,5500.0,5539.0,5451.0,5532.0,22990.0
2024-10-08,5570.0,5570.0,5505.0,5522.0,15330.0
2024-10-09,5510.0,5527.0,5475.0,5488.0,14910.0
2024-10-10,5524.0,5605.0,5509.0,5582.0,29340.0
2024-10-11,5584.0,5669.0,5573.0,5623.0,21500.0
2024-10-14,5645.0,5709.0,5645.0,5657.0,23750.0
2024-10-15,5664.0,5675.0,5501.0,5556.0,19590.0
2024-10-16,5555.0,5590.0,5526.0,5540.0,15410.0
2024-10-17,5506.0,5547.0,5480.0,5535.0,11840.0
2024-10-18,5555.0,5566.0,5510.0,5531.0,10310.0
2024-10-21,5578.0,5597.0,5551.0,5571.0,3210.0
2024-10-22,5560.0,5590.0,5455.0,5486.0,6000.0
2024-10-23,5488.0,5505.0,5436.0,5445.0,4700.0
2024-10-24,5440.0,5460.0,5228.0,5418.0,4800.0
2024-10-25,5424.0,5426.0,5345.0,5365.0,7560.0
2024-10-28,5300.0,5387.0,5293.0,5384.0,9520.0
2024-10-29,5376.0,5391.0,5331.0,5373.0,9050.0
2024-10-30,5374.0,5384.0,5330.0,5338.0,5660.0
2024-10-31,5332.0,5351.0,5316.0,5341.0,6050.0
2024-11-01,5340.0,5342.0,5320.0,5331.0,2850.0
2024-11-04,5307.0,5352.0,5287.0,5324.0,14800.0
2024-11-05,5309.0,5316.0,5268.0,5293.0,12380.0
2024-11-06,5285.0,5285.0,5204.0,5222.0,21170.0
2024-11-07,5192.0,5274.0,5165.0,5266.0,15890.0
2024-11-08,5255.0,5276.0,5175.0,5186.0,23480.0
2024-11-11,5161.0,5246.0,5116.0,5236.0,20740.0
2024-11-12,5214.0,5225.0,5146.0,5167.0,22010.0
2024-11-13,5145.0,5250.0,5135.0,5211.0,27020.0
2024-11-14,5232.0,5258.0,5213.0,5236.0,28050.0
2024-11-18,5221.0,5275.0,5185.0,5240.0,20820.0
2024-11-19,5245.0,5270.0,5206.0,5218.0,16680.0
2024-11-21,5265.0,5290.0,5255.0,5273.0,6190.0
2024-11-22,5270.0,5293.0,5240.0,5248.0,4390.0
2024-11-25,5235.0,5277.0,5210.0,5262.0,8590.0
2024-11-26,5271.0,5316.0,5263.0,5290.0,15230.0
2024-11-27,5180.0,5298.0,5180.0,5266.0,5060.0
2024-11-28,5266.0,5275.0,5210.0,5221.0,18140.0
2024-11-29,5208.0,5268.0,5200.0,5223.0,17330.0
2024-12-02,5222.0,5229.0,5180.0,5189.0,13080.0
2024-12-03,5181.0,5195.0,5133.0,5173.0,14150.0
2024-12-04,5170.0,5244.0,5170.0,5225.0,22850.0
2024-12-05,5214.0,5235.0,5186.0,5211.0,14250.0
2024-12-06,5209.0,5227.0,5190.0,5206.0,15560.0
2024-12-09,5200.0,5210.0,5148.0,5155.0,19200.0
2024-12-10,5154.0,5173.0,5138.0,5143.0,15460.0
2024-12-11,5146.0,5164.0,5136.0,5142.0,8400.0
2024-12-12,5147.0,5195.0,5147.0,5181.0,17270.0
2024-12-13,5185.0,5202.0,5095.0,5108.0,20810.0
2024-12-16,5082.0,5120.0,5023.0,5088.0,20160.0
2024-12-17,5083.0,5117.0,5083.0,5106.0,11640.0
2024-12-18,5116.0,5170.0,5114.0,5134.0,19390.0
2024-12-19,5136.0,5195.0,5129.0,5175.0,13520.0
2024-12-20,5207.0,5286.0,5194.0,5272.0,27330.0
2024-12-23,5350.0,5382.0,5321.0,5373.0,5860.0
2024-12-24,5372.0,5372.0,5310.0,5335.0,9190.0
2024-12-26,5350.0,5363.0,5310.0,5350.0,5540.0
2024-12-27,5358.0,5384.0,5336.0,5347.0,8880.0
2024-12-30,5351.0,5380.0,5345.0,5357.0,10600.0
2024-12-31,5360.0,5394.0,5313.0,5349.0,13110.0
2025-01-01,5362.0,5455.0,5361.0,5444.0,21610.0
2025-01-02,5449.0,5476.0,5419.0,5465.0,17280.0
2025-01-03,5459.0,5486.0,5415.0,5423.0,18600.0
2025-01-06,5444.0,5452.0,5330.0,5370.0,24910.0
2025-01-07,5395.0,5424.0,5375.0,5398.0,18350.0
2025-01-08,5405.0,5423.0,5362.0,5391.0,15500.0
2025-01-09,5397.0,5438.0,5391.0,5429.0,18450.0
2025-01-10,5427.0,5465.0,5427.0,5443.0,18270.0
2025-01-13,5458.0,5478.0,5420.0,5428.0,14460.0
2025-01-14,5425.0,5460.0,5413.0,5450.0,12500.0
2025-01-15,5450.0,5480.0,5448.0,5466.0,11620.0
2025-01-16,5488.0,5530.0,5488.0,5521.0,26930.0
2025-01-17,5526.0,5536.0,5510.0,5515.0,18840.0
2025-01-20,5515.0,5547.0,5475.0,5528.0,24550.0
2025-01-21,5600.0,5603.0,5530.0,5558.0,6300.0
2025-01-22,5564.0,5580.0,5547.0,5560.0,3000.0
2025-01-23,5547.0,5552.0,5495.0,5536.0,3340.0
2025-01-24,5535.0,5535.0,5496.0,5504.0,2620.0
2025-01-27,5550.0,5569.0,5435.0,5475.0,3710.0
2025-01-28,5471.0,5492.0,5428.0,5439.0,7460.0
2025-01-29,5420.0,5456.0,5400.0,5449.0,11790.0
2025-01-30,5451.0,5461.0,5423.0,5431.0,7640.0
2025-01-31,5431.0,5431.0,5356.0,5363.0,18490.0
2025-02-01,5367.0,5438.0,5362.0,5384.0,10220.0
2025-02-03,5376.0,5421.0,5371.0,5416.0,7610.0
2025-02-04,5420.0,5434.0,5388.0,5398.0,9220.0
2025-02-05,5387.0,5420.0,5387.0,5402.0,9690.0
2025-02-06,5366.0,5418.0,5303.0,5327.0,18390.0
2025-02-07,5325.0,5349.0,5305.0,5334.0,13580.0
2025-02-10,5320.0,5359.0,5320.0,5331.0,10540.0
2025-02-11,5340.0,5375.0,5333.0,5345.0,16129.999999999998
2025-02-12,5335.0,5355.0,5312.0,5332.0,14770.0
2025-02-13,5345.0,5358.0,5325.0,5334.0,10680.0
2025-02-14,5340.0,5340.0,5307.0,5315.0,9650.0
2025-02-17,5308.0,5371.0,5308.0,5366.0,15860.0
2025-02-18,5366.0,5390.0,5351.0,5384.0,14920.0
2025-02-19,5393.0,5395.0,5357.0,5364.0,6710.0
2025-02-20,5360.0,5360.0,5287.0,5302.0,13640.0
2025-02-21,5350.0,5377.0,5349.0,5370.0,3830.0
2025-02-24,5432.0,5432.0,5328.0,5369.0,5760.0
2025-02-25,5361.0,5368.0,5348.0,5352.0,9120.0
2025-02-27,5342.0,5342.0,5310.0,5319.0,8420.0
2025-02-28,5310.0,5322.0,5301.0,5310.0,8680.0
2025-03-03,5304.0,5310.0,5234.0,5245.0,14030.0
2025-03-04,5240.0,5243.0,5202.0,5228.0,15590.0
2025-03-05,5234.0,5298.0,5230.0,5278.0,14980.0
2025-03-06,5275.0,5315.0,5268.0,5296.0,8140.000000000001
2025-03-07,5300.0,5319.0,5291.0,5295.0,9020.0
2025-03-10,5305.0,5306.0,5248.0,5269.0,13680.0
2025-03-11,5268.0,5321.0,5248.0,5316.0,11550.0
2025-03-12,5327.0,5348.0,5292.0,5301.0,9360.0
2025-03-13,5295.0,5320.0,5292.0,5309.0,7770.0
2025-03-17,5338.0,5425.0,5330.0,5410.0,24490.0
2025-03-18,5428.0,5462.0,5403.0,5415.0,24330.0
2025-03-19,5415.0,5429.0,5403.0,5414.0,7230.0
2025-03-20,5410.0,5444.0,5405.0,5412.0,8300.0
2025-03-21,5455.0,5455.0,5401.0,5426.0,1820.0
2025-03-24,5417.0,5417.0,5372.0,5381.0,2470.0
2025-03-25,5376.0,5391.0,5370.0,5374.0,9390.0
2025-03-26,5373.0,5392.0,5372.0,5381.0,16610.0
2025-03-27,5387.0,5416.0,5386.0,5412.0,13260.0
2025-03-28,5408.0,5443.0,5382.0,5390.0,9450.0
2025-04-01,5405.0,5418.0,5390.0,5402.0,7130.0
2025-04-02,5371.0,5548.0,5330.0,5439.0,22120.0
2025-04-03,5418.0,5451.0,5400.0,5411.0,15580.0
2025-04-04,5393.0,5400.0,5312.0,5321.0,14400.0
2025-04-07,5295.0,5326.0,5256.0,5298.0,15020.0
2025-04-08,5318.0,5347.0,5308.0,5313.0,10440.0
2025-04-09,5285.0,5337.0,5235.0,5291.0,25830.0
2025-04-11,5315.0,5348.0,5303.0,5309.0,21700.0
2025-04-15,5335.0,5360.0,5281.0,5295.0,18870.0
2025-04-16,5295.0,5319.0,5262.0,5274.0,8610.0
2025-04-17,5278.0,5279.0,5203.0,5254.0,13660.0
2025-04-21,5326.0,5338.0,5310.0,5330.0,1980.0
2025-04-22,5313.0,5315.0,5210.0,5223.0,7310.0
2025-04-23,5230.0,5237.0,5183.0,5199.0,5320.0
2025-04-24,5199.0,5226.0,5125.0,5154.0,8720.0
2025-04-25,5131.0,5240.0,5116.0,5191.0,8390.0
2025-04-28,5250.0,5250.0,5166.0,5171.0,9350.0
2025-04-29,5178.0,5198.0,5033.0,5084.0,15670.0
2025-04-30,5065.0,5104.0,5030.0,5088.0,10900.0
2025-05-02,5095.0,5102.0,5020.0,5047.0,11450.0
2025-05-05,5020.0,5037.0,5002.0,5032.0,13920.0
2025-05-06,5030.0,5040.0,4967.0,4976.0,16170.000000000002
2025-05-07,4960.0,5055.0,4960.0,5018.0,14870.0
2025-05-08,5020.0,5043.0,4975.0,4997.0,13630.0
2025-05-09,4975.0,5045.0,4951.0,5031.0,19160.0
2025-05-12,5050.0,5142.0,5050.0,5127.0,19650.0
2025-05-13,5133.0,5184.0,5098.0,5147.0,16710.0
2025-05-14,5145.0,5168.0,5117.0,5153.0,11580.0
2025-05-15,5149.0,5195.0,5110.0,5181.0,16690.0
2025-05-16,5185.0,5215.0,5165.0,5201.0,17620.0
2025-05-19,5214.0,5215.0,5141.0,5193.0,9570.0
2025-05-20,5193.0,5246.0,5183.0,5220.0,17100.0
2025-05-21,5273.0,5275.0,5239.0,5245.0,2640.0
2025-05-22,5246.0,5286.0,5240.0,5258.0,2620.0
2025-05-23,5267.0,5288.0,5267.0,5276.0,2480.0
2025-05-26,5250.0,5255.0,5166.0,5193.0,5450.0
2025-05-27,5191.0,5217.0,5178.0,5204.0,6720.0
2025-05-28,5204.0,5225.0,5188.0,5217.0,6940.0
2025-05-29,5225.0,5245.0,5168.0,5189.0,7290.0
2025-05-30,5172.0,5194.0,5151.0,5184.0,10000.0
2025-06-02,5180.0,5186.0,5145.0,5177.0,5980.0
2025-06-03,5172.0,5225.0,5172.0,5188.0,6650.0
2025-06-04,5195.0,5207.0,5186.0,5202.0,5330.0
2025-06-05,5219.0,5245.0,5198.0,5209.0,13480.0
2025-06-06,5199.0,5229.0,5197.0,5205.0,8200.0
2025-06-09,5210.0,5239.0,5200.0,5212.0,10930.0
2025-06-10,5220.0,5220.0,5171.0,5183.0,10850.0
2025-06-11,5160.0,5174.0,5121.0,5160.0,9030.0
2025-06-12,5175.0,5181.0,5161.0,5166.0,8020.0
2025-06-13,5180.0,5189.0,5116.0,5123.0,9370.0
2025-06-16,5135.0,5135.0,5076.0,5083.0,5910.0
2025-06-17,5105.0,5136.0,5080.0,5129.0,9800.0
2025-06-18,5138.0,5164.0,5115.0,5156.0,10630.0
2025-06-19,5154.0,5163.0,5121.0,5129.0,3880.0
2025-06-20,5118.0,5133.0,5112.0,5125.0,4880.0
2025-06-23,5146.0,5164.0,5146.0,5159.0,4130.0
2025-06-24,5154.0,5208.0,5154.0,5205.0,5000.0
2025-06-25,5204.0,5204.0,5162.0,5172.0,3950.0
2025-06-26,5170.0,5176.0,5101.0,5120.0,6320.0
2025-06-27,5130.0,5170.0,5128.0,5168.0,5700.0
2025-06-30,5185.0,5305.0,5184.0,5289.0,18790.0
2025-07-01,5295.0,5344.0,5272.0,5295.0,19860.0
2025-07-02,5289.0,5290.0,5260.0,5270.0,9400.0
2025-07-03,5279.0,5350.0,5276.0,5325.0,19710.0
2025-07-04,5331.0,5429.0,5330.0,5390.0,27540.0
2025-07-07,5341.0,5410.0,5327.0,5339.0,16420.0
2025-07-08,5320.0,5345.0,5291.0,5306.0,11370.0
2025-07-09,5302.0,5314.0,5265.0,5289.0,12480.0
2025-07-10,5265.0,5315.0,5262.0,5302.0,12580.0
2025-07-11,5289.0,5306.0,5215.0,5227.0,15300.0
2025-07-14,5212.0,5268.0,5185.0,5264.0,16309.999999999998
2025-07-15,5275.0,5374.0,5275.0,5355.0,20320.0
2025-07-16,5352.0,5378.0,5327.0,5358.0,18120.0
2025-07-17,5343.0,5374.0,5309.0,5318.0,13350.0
2025-07-18,5300.0,5330.0,5278.0,5321.0,14770.0
2025-07-21,5392.0,5392.0,5229.0,5299.0,4570.0
2025-07-22,5257.0,5309.0,5257.0,5290.0,3560.0
2025-07-23,5317.0,5341.0,5291.0,5326.0,6920.0
2025-07-24,5340.0,5344.0,5318.0,5324.0,2490.0
2025-07-25,5328.0,5335.0,5312.0,5316.0,2890.0
2025-07-28,5320.0,5320.0,5255.0,5261.0,6680.0
2025-07-29,5265.0,5306.0,5263.0,5284.0,8000.0
2025-07-30,5300.0,5300.0,5247.0,5278.0,12750.0
2025-07-31,5261.0,5372.0,5250.0,5358.0,12320.0
2025-08-01,5350.0,5415.0,5310.0,5345.0,16750.0
2025-08-04,5401.0,5423.0,5358.0,5376.0,19950.0
2025-08-05,5376.0,5376.0,5290.0,5299.0,15150.0
2025-08-06,5309.0,5340.0,5300.0,5333.0,10780.0
2025-08-07,5302.0,5355.0,5291.0,5306.0,12800.0
2025-08-08,5318.0,5337.0,5280.0,5287.0,14350.0
2025-08-11,5302.0,5304.0,5242.0,5258.0,9720.0
2025-08-12,5250.0,5274.0,5246.0,5265.0,9320.0
2025-08-13,5253.0,5255.0,5216.0,5226.0,16290.0
2025-08-14,5212.0,5225.0,5185.0,5195.0,10300.0
2025-08-18,5221.0,5255.0,5203.0,5221.0,16210.0
2025-08-19,5230.0,5284.0,5200.0,5275.0,27480.0
2025-08-20,5266.0,5310.0,5266.0,5295.0,17040.0
2025-08-21,5329.0,5341.0,5308.0,5315.0,13290.0
2025-08-22,5315.0,5338.0,5300.0,5318.0,3650.0
2025-08-25,5290.0,5321.0,5267.0,5316.0,13540.0
2025-08-26,5282.0,5332.0,5281.0,5320.0,12280.0
2025-08-28,5268.0,5314.0,5220.0,5281.0,13050.0
2025-08-29,5298.0,5298.0,5239.0,5246.0,16640.0
2025-09-01,5236.0,5240.0,5181.0,5189.0,19290.0
2025-09-02,5200.0,5267.0,5171.0,5203.0,26600.0
2025-09-03,5215.0,5226.0,5185.0,5196.0,27380.0
2025-09-04,5190.0,5199.0,5163.0,5177.0,7300.0
2025-09-05,5179.0,5190.0,5134.0,5148.0,7350.0
2025-09-08,5133.0,5161.0,5116.0,5124.0,19880.0
2025-09-09,5180.0,5180.0,5058.0,5073.0,15440.0
2025-09-10,5066.0,5125.0,5050.0,5112.0,14390.0
2025-09-11,5137.0,5150.0,5116.0,5145.0,9670.0
2025-09-12,5154.0,5164.0,5105.0,5115.0,8270.0
2025-09-15,5146.0,5146.0,5095.0,5114.0,9480.0
2025-09-16,5085.0,5169.0,5070.0,5154.0,14670.0
2025-09-17,5145.0,5161.0,5096.0,5110.0,28860.0
2025-09-18,5097.0,5105.0,5050.0,5055.0,16800.0
2025-09-19,5055.0,5065.0,5023.0,5042.0,17020.0
2025-09-22,5094.0,5114.0,4977.0,4997.0,5490.0
2025-09-23,4992.0,5008.0,4952.0,5004.0,8650.0
2025-09-24,4995.0,5055.0,4985.0,5026.0,6410.0
2025-09-25,5026.0,5040.0,5006.0,5011.0,4320.0
2025-09-26,4990.0,4995.0,4960.0,4987.0,7790.0
2025-09-29,4984.0,4984.0,4934.0,4946.0,7900.0
2025-09-30,4914.0,4919.0,4810.0,4862.0,19130.0
2025-10-01,4851.0,4925.0,4846.0,4913.0,13000.0
2025-10-03,4870.0,4885.0,4835.0,4842.0,8980.0
2025-10-06,4835.0,4865.0,4776.0,4821.0,15560.0
2025-10-07,4840.0,4840.0,4800.0,4817.0,12840.0
2025-10-08,4828.0,4901.0,4790.0,4859.0,20900.0
2025-10-09,4868.0,4874.0,4832.0,4857.0,12070.0
2025-10-10,4850.0,4875.0,4830.0,4835.0,14000.0
2025-10-13,4837.0,5071.0,4831.0,5031.0,30010.0
2025-10-14,5060.0,5064.0,4951.0,4963.0,23760.0
2025-10-15,4957.0,5113.0,4936.0,4969.0,26760.0
2025-10-16,4966.0,5017.0,4960.0,4974.0,9000.0
2025-10-17,4978.0,4980.0,4935.0,4943.0,13460.0
2025-10-20,4929.0,4968.0,4920.0,4951.0,5900.0
2025-10-21,5025.0,5025.0,5006.0,5016.0,280.0
2025-10-23,5057.0,5100.0,5008.0,5042.0,7280.0
2025-10-24,5031.0,5031.0,4950.0,4970.0,7810.0
2025-10-27,4960.0,4987.0,4896.0,4966.0,6620.0
2025-10-28,4980.0,4998.0,4875.0,4898.0,7730.0
2025-10-29,4893.0,4914.0,4806.0,4827.0,13000.0
2025-10-30,4810.0,4845.0,4800.0,4830.0,11300.0
2025-10-31,4840.0,4881.0,4811.0,4823.0,9400.0
2025-11-03,4812.0,4847.0,4770.0,4828.0,14070.0
2025-11-04,4852.0,4870.0,4820.0,4852.0,9840.0
2025-11-06,4853.0,4853.0,4791.0,4797.0,11570.0
2025-11-07,4781.0,4796.0,4753.0,4765.0,16329.999999999998
2025-11-10,4786.0,4831.0,4736.0,4745.0,13920.0
2025-11-11,4751.0,4751.0,4676.0,4695.0,14880.0
2025-11-12,4694.0,4757.0,4663.0,4730.0,15220.0
2025-11-13,4735.0,4759.0,4689.0,4701.0,10690.0
2025-11-14,4700.0,4745.0,4685.0,4730.0,13420.0
2025-11-17,4725.0,4729.0,4682.0,4689.0,12610.0
2025-11-18,4699.0,4710.0,4660.0,4667.0,14690.0
2025-11-19,4670.0,4773.0,4641.0,4715.0,15360.0
2025-11-20,4716.0,4748.0,4696.0,4729.0,15370.0
2025-11-21,4799.0,4800.0,4769.0,4779.0,4700.0
2025-11-24,4770.0,4795.0,4766.0,4779.0,3120.0
2025-11-25,4775.0,4778.0,4691.0,4704.0,10350.0
2025-11-26,4693.0,4727.0,4693.0,4708.0,6990.0
2025-11-27,4700.0,4779.0,4700.0,4754.0,8960.0
2025-11-28,4745.0,4783.0,4731.0,4746.0,13180.0
2025-12-01,4747.0,4917.0,4740.0,4898.0,31560.0
2025-12-02,4927.0,4935.0,4863.0,4894.0,22280.0
2025-12-03,4880.0,4928.0,4875.0,4887.0,16079.999999999998
2025-12-04,4881.0,4906.0,4853.0,4861.0,17270.0
2025-12-05,4846.0,4887.0,4824.0,4850.0,12110.0
2025-12-08,4864.0,4904.0,4845.0,4884.0,19080.0
2025-12-09,4890.0,4999.0,4868.0,4992.0,28800.0
2025-12-10,4946.0,5010.0,4945.0,4965.0,20970.0
2025-12-11,4975.0,5046.0,4970.0,5013.0,30650.0
2025-12-12,5015.0,5118.0,5015.0,5100.0,31620.0
2025-12-15,5120.0,5338.0,5120.0,5308.0,71580.0
2025-12-16,5339.0,5398.0,5286.0,5330.0,37750.0
2025-12-17,5320.0,5350.0,5286.0,5297.0,30020.0
2025-12-18,5309.0,5450.0,5280.0,5400.0,47040.0
2025-12-19,5397.0,5615.0,5384.0,5570.0,53080.0
2025-12-22,5867.0,5867.0,5712.0,5736.0,18720.0
2025-12-23,5695.0,5786.0,5547.0,5657.0,13100.0
2025-12-24,5709.0,5883.0,5651.0,5859.0,14340.0
2025-12-26,6034.0,6093.0,5809.0,6077.0,39070.0
2025-12-29,6066.0,6078.0,5890.0,5921.0,24100.0
2025-12-30,5920.0,6149.0,5834.0,6121.0,37970.0
2025-12-31,6189.0,6224.0,6080.0,6107.0,41960.0
2026-01-01,6130.0,6175.0,6010.0,6108.0,31820.0
2026-01-02,6132.0,6290.0,6125.0,6184.0,57100.0
2026-01-05,6172.0,6172.0,6048.0,6064.0,37280.0
2026-01-06,6048.0,6085.0,5701.0,5772.0,78400.0
2026-01-07,5710.0,5805.0,5651.0,5768.0,58120.0
2026-01-08,5760.0,5840.0,5462.0,5522.0,88580.0
2026-01-09,5506.0,5779.0,5468.0,5752.0,55830.0
2026-01-12,5847.0,5850.0,5689.0,5713.0,57430.0
2026-01-13,5700.0,5735.0,5525.0,5560.0,36800.0
2026-01-14,5590.0,5643.0,5533.0,5598.0,27810.0
2026-01-16,5610.0,5780.0,5610.0,5703.0,39780.0
2026-01-19,5755.0,5770.0,5674.0,5722.0,26660.0
2026-01-20,5732.0,5735.0,5602.0,5641.0,21240.0
2026-01-21,5688.0,5800.0,5635.0,5781.0,6950.0
2026-01-22,5824.0,5844.0,5757.0,5787.0,6500.0
2026-01-23,5805.0,5821.0,5725.0,5759.0,8060.000000000001
2026-01-27,5755.0,5780.0,5691.0,5714.0,9700.0
2026-01-28,5710.0,5710.0,5512.0,5538.0,15680.0
2026-01-29,5489.0,5665.0,5461.0,5621.0,19900.0
2026-01-30,5625.0,5657.0,5561.0,5603.0,14650.0
2026-02-01,5549.0,5606.0,5492.0,5512.0,10420.0
2026-02-02,5485.0,5606.0,5421.0,5580.0,22430.0
2026-02-03,5630.0,5719.0,5587.0,5607.0,33960.0
2026-02-04,5591.0,5637.0,5520.0,5611.0,30340.0
2026-02-05,5610.0,5687.0,5581.0,5638.0,21120.0
2026-02-06,5615.0,5655.0,5552.0,5564.0,25570.0
2026-02-09,5580.0,5595.0,5482.0,5507.0,22080.0
2026-02-10,5491.0,5566.0,5491.0,5524.0,23500.0
2026-02-11,5515.0,5542.0,5452.0,5474.0,19660.0
2026-02-12,5488.0,5498.0,5411.0,5474.0,26630.0
2026-02-13,5466.0,5484.0,5400.0,5413.0,15940.0
2026-02-16,5407.0,5429.0,5369.0,5392.0,18300.0
2026-02-17,5384.0,5452.0,5380.0,5396.0,20390.0
2026-02-18,5385.0,5431.0,5335.0,5348.0,23260.0
2026-02-19,5336.0,5387.0,5303.0,5366.0,26040.0
2026-02-20,5338.0,5394.0,5338.0,5363.0,11260.0
2026-02-23,5430.0,5500.0,5401.0,5481.0,7080.0
2026-02-24,5445.0,5512.0,5425.0,5462.0,6960.0
2026-02-25,5462.0,5468.0,5350.0,5437.0,4860.0
2026-02-26,5430.0,5473.0,5406.0,5456.0,8460.0
2026-02-27,5430.0,5487.0,5412.0,5444.0,10850.0
2026-03-02,5409.0,5409.0,5250.0,5300.0,27300.0
2026-03-04,5300.0,5331.0,5230.0,5293.0,12820.0
2026-03-05,5305.0,5367.0,5270.0,5356.0,19750.0
2026-03-06,5360.0,5388.0,5326.0,5338.0,17510.0
2026-03-09,5306.0,5595.0,5295.0,5557.0,50460.0
2026-03-10,5530.0,5550.0,5486.0,5515.0,27370.0
2026-03-11,5524.0,5545.0,5471.0,5487.0,16450.0
2026-03-12,5488.0,5549.0,5470.0,5498.0,21380.0
2026-03-13,5510.0,5524.0,5355.0,5429.0,36970.0
2026-03-16,5452.0,5494.0,5420.0,5446.0,21290.0
2026-03-17,5455.0,5468.0,5409.0,5415.0,22330.0
2026-03-18,5421.0,5499.0,5400.0,5474.0,30390.0
2026-03-19,5460.0,5460.0,5385.0,5419.0,16610.0
2026-03-20,5432.0,5472.0,5432.0,5453.0,9810.0
2026-03-23,5474.0,5602.0,5433.0,5548.0,6100.0
2026-03-24,5545.0,5558.0,5511.0,5523.0,6640.0
2026-03-25,5539.0,5618.0,5535.0,5596.0,12910.0
2026-03-27,5574.0,5625.0,5574.0,5582.0,9190.0
2026-03-30,5595.0,5800.0,5580.0,5773.0,23540.0
2026-04-01,5838.0,5877.0,5755.0,5787.0,40840.0
2026-04-02,5765.0,5875.0,5725.0,5825.0,29170.0
2026-04-06,5850.0,5896.0,5773.0,5783.0,29010.0
2026-04-07,5795.0,5813.0,5744.0,5774.0,20360.0
2026-04-08,5765.0,5833.0,5762.0,5789.0,16980.0
2026-04-09,5787.0,5788.0,5703.0,5724.0,20390.0
2026-04-10,5739.0,5740.0,5660.0,5686.0,32980.0
2026-04-13,5680.0,5749.0,5633.0,5730.0,28190.0
2026-04-15,5749.0,5774.0,5675.0,5694.0,28770.0
2026-04-16,5678.0,5754.0,5640.0,5724.0,31170.0
2026-04-17,5769.0,5895.0,5731.0,5872.0,42740.0
2026-04-20,5882.0,5892.0,5815.0,5828.0,23830.0
2026-04-21,5965.0,5965.0,5844.0,5853.0,5720.0
2026-04-22,5811.0,5940.0,5731.0,5758.0,12910.0
2026-04-23,5721.0,5861.0,5702.0,5772.0,5640.0
2026-04-24,5758.0,5780.0,5672.0,5713.0,5450.0
2026-04-27,5691.0,5718.0,5645.0,5667.0,6260.0
2026-04-28,5675.0,5714.0,5647.0,5691.0,5630.0
2026-04-29,5714.0,5890.0,5670.0,5874.0,21060.0
2026-04-30,5860.0,5875.0,5800.0,5816.0,14930.0
