date,open,high,low,close,volume
2017-01-05,3851.0,3935.0,3830.0,3914.0,19000.0
2017-01-06,3928.0,3998.0,3921.0,3974.0,12870.0
2017-01-09,3970.0,4017.0,3970.0,3993.0,10610.0
2017-01-10,3994.0,4073.0,3992.0,4058.0,12070.0
2017-01-11,4085.0,4179.0,4070.0,4179.0,27200.0
2017-01-12,4180.0,4237.0,4147.0,4177.0,35100.0
2017-01-13,4180.0,4220.0,4154.0,4193.0,18930.0
2017-01-16,4194.0,4236.0,4180.0,4192.0,13000.0
2017-01-17,4195.0,4221.0,4180.0,4190.0,12550.0
2017-01-19,4130.0,4130.0,4081.0,4098.0,13250.0
2017-01-20,4094.0,4125.0,4056.0,4071.0,11390.0
2017-01-23,4071.0,4092.0,4034.0,4041.0,12680.0
2017-01-24,4036.0,4072.0,3965.0,3979.0,20310.0
2017-01-25,3985.0,4019.0,3970.0,4008.0,16630.0
2017-01-27,4020.0,4037.0,3985.0,3995.0,11880.0
2017-01-30,4024.0,4024.0,3955.0,3974.0,11910.0
2017-01-31,3965.0,3991.0,3957.0,3985.0,9550.0
2017-02-01,3981.0,4008.0,3974.0,3990.0,14390.0
2017-02-02,3998.0,3999.0,3958.0,3968.0,6200.0
2017-02-03,3963.0,3966.0,3945.0,3957.0,5990.0
2017-02-06,3960.0,3960.0,3900.0,3910.0,9050.0
2017-02-07,3905.0,3930.0,3900.0,3921.0,8870.0
2017-02-08,3920.0,3958.0,3917.0,3951.0,9570.0
2017-02-09,3940.0,3950.0,3905.0,3912.0,9210.0
2017-02-10,3910.0,3925.0,3876.0,3881.0,5700.0
2017-02-13,3884.0,3890.0,3846.0,3855.0,6750.0
2017-02-14,3860.0,3868.0,3835.0,3848.0,2120.0
2017-02-15,3875.0,3901.0,3875.0,3888.0,610.0
2017-02-16,3898.0,3918.0,3891.0,3899.0,900.0
2017-02-17,3953.0,3969.0,3953.0,3957.0,240.0
2017-02-20,3978.0,3993.0,3951.0,3964.0,890.0
2017-02-21,3990.0,3990.0,3931.0,3947.0,19000.0
2017-02-22,3940.0,3969.0,3932.0,3956.0,15450.0
2017-02-23,3946.0,3960.0,3915.0,3927.0,20110.0
2017-02-24,3927.0,3927.0,3927.0,3927.0,
2017-02-27,3935.0,3988.0,3935.0,3954.0,30830.0
2017-02-28,3970.0,4010.0,3961.0,3995.0,26530.0
2017-03-01,3995.0,4108.0,3995.0,4061.0,52410.0
2017-03-02,4062.0,4124.0,4060.0,4105.0,35660.0
2017-03-03,4103.0,4149.0,4087.0,4135.0,26120.0
2017-03-06,4130.0,4300.0,4130.0,4283.0,38040.0
2017-03-07,4284.0,4308.0,4210.0,4221.0,22060.0
2017-03-08,4199.0,4299.0,4192.0,4280.0,16780.0
2017-03-09,4280.0,4294.0,4198.0,4213.0,13960.0
2017-03-10,4213.0,4255.0,4180.0,4211.0,11470.0
2017-03-14,4209.0,4291.0,4200.0,4278.0,4600.0
2017-03-15,4291.0,4311.0,4262.0,4295.0,1830.0
2017-03-16,4302.0,4354.0,4302.0,4350.0,3710.0
2017-03-17,4385.0,4411.0,4364.0,4391.0,820.0
2017-03-20,4522.0,4566.0,4510.0,4525.0,480.0
2017-03-21,4579.0,4631.0,4538.0,4616.0,73790.0
2017-03-22,4635.0,4762.0,4620.0,4736.0,123250.0
2017-03-23,4747.0,4925.0,4747.0,4925.0,108010.0
2017-03-24,4990.0,5035.0,4774.0,4790.0,151790.0
2017-03-27,4740.0,4800.0,4602.0,4635.0,105150.0
2017-03-28,4651.0,4800.0,4632.0,4692.0,50510.0
2017-03-29,4687.0,4750.0,4665.0,4712.0,31020.0
2017-03-30,4758.0,4847.0,4748.0,4774.0,49010.0
2017-03-31,4796.0,4857.0,4752.0,4807.0,40360.0
2017-04-03,4900.0,4999.0,4878.0,4999.0,35640.0
2017-04-04,4999.0,4999.0,4999.0,4999.0,
2017-04-05,5055.0,5097.0,4850.0,4881.0,43040.0
2017-04-06,4895.0,4923.0,4826.0,4871.0,22420.0
2017-04-07,4891.0,4891.0,4736.0,4786.0,21700.0
2017-04-10,4806.0,4850.0,4757.0,4835.0,20390.0
2017-04-11,4861.0,4885.0,4695.0,4722.0,14000.0
2017-04-12,4705.0,4753.0,4633.0,4702.0,3740.0
2017-04-13,4771.0,4785.0,4671.0,4747.0,920.0
2017-04-17,4750.0,4750.0,4558.0,4612.0,1760.0
2017-04-18,4574.0,4619.0,4494.0,4525.0,560.0
2017-04-19,4591.0,4620.0,4590.0,4596.0,140.0
2017-04-20,4675.0,4778.0,4674.0,4736.0,320.0
2017-04-21,4889.0,4898.0,4773.0,4791.0,28780.0
2017-04-24,4765.0,4765.0,4667.0,4730.0,26140.0
2017-04-25,4741.0,4757.0,4691.0,4719.0,17310.0
2017-04-26,4660.0,4810.0,4660.0,4795.0,24460.0
2017-04-27,4800.0,4807.0,4722.0,4772.0,30600.0
2017-04-28,4777.0,4778.0,4673.0,4689.0,22060.0
2017-05-02,4705.0,4745.0,4554.0,4581.0,19180.0
2017-05-03,4580.0,4585.0,4398.0,4458.0,32570.0
2017-05-04,4419.0,4471.0,4325.0,4386.0,34860.0
2017-05-05,4390.0,4498.0,4255.0,4465.0,28810.0
2017-05-08,4496.0,4527.0,4332.0,4339.0,19440.0
2017-05-09,4350.0,4512.0,4308.0,4512.0,18470.0
2017-05-10,4480.0,4544.0,4440.0,4525.0,15460.0
2017-05-11,4540.0,4560.0,4490.0,4496.0,5800.0
2017-05-12,4475.0,4492.0,4388.0,4422.0,1240.0
2017-05-15,4360.0,4405.0,4300.0,4328.0,630.0
2017-05-16,4379.0,4418.0,4364.0,4396.0,400.0
2017-05-17,4474.0,4526.0,4474.0,4500.0,310.0
2017-05-18,4548.0,4571.0,4535.0,4551.0,580.0
2017-05-19,4600.0,4620.0,4535.0,4594.0,1300.0
2017-05-22,4581.0,4581.0,4465.0,4492.0,16690.0
2017-05-23,4493.0,4534.0,4431.0,4500.0,27320.0
2017-05-24,4495.0,4513.0,4402.0,4419.0,24070.0
2017-05-25,4420.0,4487.0,4420.0,4453.0,17770.0
2017-05-26,4475.0,4557.0,4471.0,4535.0,33390.0
2017-05-29,4500.0,4515.0,4354.0,4354.0,25350.0
2017-05-30,4290.0,4382.0,4240.0,4326.0,34900.0
2017-05-31,4310.0,4316.0,4193.0,4228.0,34290.0
2017-06-01,4219.0,4295.0,4219.0,4250.0,16730.0
2017-06-02,4274.0,4340.0,4231.0,4282.0,33470.0
2017-06-05,4320.0,4355.0,4288.0,4321.0,17560.0
2017-06-06,4331.0,4365.0,4192.0,4192.0,16730.0
2017-06-07,4190.0,4205.0,4112.0,4124.0,22050.0
2017-06-08,4117.0,4182.0,4109.0,4162.0,17240.0
2017-06-09,4166.0,4220.0,4166.0,4194.0,19950.0
2017-06-12,4151.0,4273.0,4151.0,4223.0,19040.0
2017-06-13,4237.0,4271.0,4210.0,4236.0,2710.0
2017-06-14,4249.0,4330.0,4249.0,4317.0,2200.0
2017-06-15,4288.0,4386.0,4288.0,4364.0,1310.0
2017-06-16,4389.0,4389.0,4260.0,4301.0,80.0
2017-06-19,4250.0,4251.0,4240.0,4249.0,1560.0
2017-06-20,4241.0,4241.0,4200.0,4203.0,3180.0
2017-06-21,4255.0,4299.0,4172.0,4196.0,22150.0
2017-06-22,4160.0,4170.0,4089.0,4153.0,28290.0
2017-06-23,4154.0,4272.0,4154.0,4256.0,33790.0
2017-06-27,4235.0,4383.0,4210.0,4383.0,32860.0
2017-06-28,4390.0,4471.0,4370.0,4464.0,33760.0
2017-06-29,4432.0,4479.0,4358.0,4417.0,34390.0
2017-06-30,4400.0,4510.0,4375.0,4395.0,34290.0
2017-07-03,4374.0,4421.0,4305.0,4320.0,17870.0
2017-07-04,4321.0,4351.0,4275.0,4317.0,23310.0
2017-07-05,4324.0,4353.0,4300.0,4334.0,16780.0
2017-07-06,4336.0,4476.0,4327.0,4453.0,18050.0
2017-07-07,4450.0,4495.0,4375.0,4384.0,11850.0
2017-07-10,4405.0,4439.0,4385.0,4391.0,14020.0
2017-07-11,4389.0,4391.0,4350.0,4374.0,11160.0
2017-07-12,4415.0,4437.0,4389.0,4433.0,4500.0
2017-07-13,4474.0,4474.0,4423.0,4446.0,1120.0
2017-07-14,4445.0,4550.0,4445.0,4533.0,1870.0
2017-07-17,4550.0,4590.0,4520.0,4576.0,800.0
2017-07-18,4535.0,4557.0,4520.0,4528.0,110.0
2017-07-19,4525.0,4525.0,4480.0,4493.0,1130.0
2017-07-20,4480.0,4500.0,4440.0,4447.0,860.0
2017-07-21,4528.0,4560.0,4506.0,4520.0,17550.0
2017-07-24,4520.0,4520.0,4401.0,4436.0,27630.0
2017-07-25,4444.0,4479.0,4428.0,4441.0,14440.0
2017-07-26,4445.0,4512.0,4426.0,4498.0,19990.0
2017-07-27,4505.0,4549.0,4472.0,4482.0,19180.0
2017-07-28,4476.0,4519.0,4475.0,4502.0,14150.0
2017-07-31,4515.0,4541.0,4465.0,4475.0,21990.0
2017-08-01,4470.0,4500.0,4439.0,4454.0,15360.0
2017-08-02,4460.0,4460.0,4396.0,4414.0,17540.0
2017-08-03,4390.0,4439.0,4366.0,4375.0,21770.0
2017-08-04,4440.0,4460.0,4375.0,4450.0,21810.0
2017-08-07,4464.0,4515.0,4460.0,4472.0,10520.0
2017-08-08,4460.0,4514.0,4452.0,4496.0,14280.0
2017-08-09,4490.0,4665.0,4480.0,4616.0,28850.0
2017-08-10,4621.0,4643.0,4483.0,4501.0,14870.0
2017-08-11,4511.0,4569.0,4492.0,4523.0,10140.0
2017-08-14,4526.0,4658.0,4526.0,4567.0,630.0
2017-08-16,4550.0,4558.0,4520.0,4540.0,860.0
2017-08-17,4570.0,4570.0,4523.0,4533.0,1020.0
2017-08-21,4680.0,4770.0,4663.0,4743.0,45960.0
2017-08-22,4730.0,4780.0,4693.0,4709.0,43110.0
2017-08-23,4702.0,4730.0,4655.0,4670.0,34540.0
2017-08-24,4661.0,4705.0,4641.0,4686.0,26650.0
2017-08-28,4651.0,4725.0,4651.0,4678.0,33070.0
2017-08-29,4670.0,4700.0,4650.0,4660.0,26360.0
2017-08-30,4650.0,4709.0,4636.0,4679.0,36110.0
2017-08-31,4684.0,4690.0,4607.0,4616.0,38590.0
2017-09-01,4620.0,4622.0,4571.0,4598.0,23670.0
2017-09-04,4590.0,4619.0,4569.0,4576.0,17660.0
2017-09-05,4572.0,4605.0,4539.0,4582.0,21500.0
2017-09-06,4589.0,4645.0,4589.0,4624.0,17600.0
2017-09-07,4615.0,4643.0,4611.0,4621.0,8950.0
2017-09-08,4620.0,4633.0,4601.0,4618.0,14640.0
2017-09-11,4650.0,4656.0,4624.0,4637.0,18000.0
2017-09-12,4640.0,4722.0,4637.0,4702.0,1400.0
2017-09-13,4679.0,4700.0,4646.0,4667.0,410.0
2017-09-14,4680.0,4680.0,4527.0,4629.0,740.0
2017-09-15,4620.0,4620.0,4581.0,4597.0,1590.0
2017-09-18,4596.0,4600.0,4479.0,4570.0,1670.0
2017-09-19,4510.0,4591.0,4480.0,4531.0,920.0
2017-09-20,4532.0,4579.0,4532.0,4548.0,390.0
2017-09-21,4650.0,4666.0,4623.0,4640.0,16930.0
2017-09-22,4644.0,4680.0,4601.0,4615.0,29840.0
2017-09-25,4630.0,4630.0,4552.0,4586.0,26950.0
2017-09-26,4588.0,4604.0,4546.0,4591.0,35910.0
2017-09-27,4589.0,4619.0,4578.0,4590.0,19700.0
2017-09-28,4598.0,4611.0,4565.0,4589.0,19920.0
2017-09-29,4600.0,4650.0,4581.0,4636.0,21660.0
2017-10-03,4640.0,4660.0,4604.0,4616.0,13610.0
2017-10-04,4610.0,4619.0,4510.0,4532.0,14730.0
2017-10-05,4545.0,4548.0,4500.0,4511.0,10670.0
2017-10-06,4515.0,4520.0,4471.0,4485.0,11740.0
2017-10-09,4467.0,4499.0,4457.0,4475.0,8920.0
2017-10-10,4501.0,4546.0,4500.0,4526.0,7620.0
2017-10-11,4540.0,4551.0,4501.0,4520.0,6010.0
2017-10-12,4539.0,4567.0,4506.0,4548.0,2330.0
2017-10-13,4530.0,4592.0,4530.0,4575.0,1070.0
2017-10-16,4619.0,4630.0,4597.0,4615.0,11380.0
2017-10-17,4610.0,4629.0,4606.0,4613.0,9200.0
2017-10-18,4610.0,4623.0,4504.0,4546.0,20970.0
2017-10-19,4562.0,4570.0,4530.0,4539.0,6340.0
2017-10-23,4539.0,4540.0,4358.0,4358.0,25120.0
2017-10-24,4362.0,4395.0,4327.0,4370.0,31240.0
2017-10-25,4380.0,4395.0,4357.0,4375.0,12670.0
2017-10-26,4390.0,4547.0,4382.0,4540.0,36670.0
2017-10-27,4529.0,4564.0,4454.0,4469.0,29890.0
2017-10-30,4577.0,4577.0,4414.0,4426.0,24050.0
2017-10-31,4435.0,4449.0,4370.0,4438.0,25710.0
2017-11-01,4435.0,4484.0,4306.0,4328.0,25830.0
2017-11-02,4334.0,4403.0,4333.0,4393.0,22150.0
2017-11-03,4469.0,4469.0,4388.0,4404.0,14360.0
2017-11-06,4381.0,4432.0,4325.0,4365.0,17100.0
2017-11-07,4360.0,4397.0,4360.0,4374.0,13120.0
2017-11-08,4375.0,4402.0,4342.0,4350.0,11340.0
2017-11-09,4369.0,4394.0,4313.0,4334.0,14220.0
2017-11-10,4326.0,4346.0,4284.0,4313.0,14260.0
2017-11-13,4291.0,4320.0,4279.0,4299.0,9090.0
2017-11-14,4335.0,4344.0,4310.0,4321.0,2120.0
2017-11-15,4338.0,4338.0,4200.0,4296.0,1590.0
2017-11-16,4295.0,4330.0,4283.0,4301.0,1350.0
2017-11-17,4310.0,4415.0,4310.0,4364.0,1030.0
2017-11-20,4426.0,4469.0,4400.0,4407.0,2500.0
2017-11-21,4415.0,4474.0,4415.0,4442.0,16680.0
2017-11-22,4444.0,4463.0,4394.0,4416.0,18960.0
2017-11-23,4410.0,4478.0,4405.0,4450.0,21610.0
2017-11-24,4455.0,4530.0,4447.0,4497.0,21320.0
2017-11-27,4549.0,4630.0,4527.0,4617.0,33340.0
2017-11-28,4635.0,4635.0,4560.0,4580.0,23000.0
2017-11-29,4558.0,4574.0,4513.0,4543.0,22790.0
2017-11-30,4540.0,4596.0,4536.0,4569.0,26360.0
2017-12-01,4590.0,4590.0,4515.0,4527.0,11350.0
2017-12-04,4567.0,4590.0,4550.0,4560.0,16430.0
2017-12-05,4555.0,4592.0,4533.0,4549.0,14370.0
2017-12-06,4555.0,4565.0,4525.0,4554.0,15460.0
2017-12-07,4551.0,4551.0,4419.0,4433.0,22700.0
2017-12-08,4444.0,4556.0,4405.0,4496.0,16420.0
2017-12-11,4510.0,4531.0,4486.0,4522.0,23670.0
2017-12-12,4531.0,4531.0,4491.0,4495.0,2890.0
2017-12-13,4470.0,4480.0,4432.0,4455.0,3140.0
2017-12-14,4485.0,4486.0,4459.0,4468.0,2250.0
2017-12-15,4450.0,4473.0,4434.0,4440.0,2700.0
2017-12-18,4441.0,4449.0,4417.0,4431.0,2150.0
2017-12-19,4460.0,4500.0,4460.0,4489.0,490.0
2017-12-20,4473.0,4473.0,4425.0,4437.0,650.0
2017-12-21,4454.0,4480.0,4388.0,4464.0,31260.0
2017-12-22,4455.0,4469.0,4430.0,4460.0,11680.0
2017-12-26,4458.0,4458.0,4401.0,4411.0,14580.0
2017-12-27,4410.0,4426.0,4350.0,4365.0,19270.0
2017-12-28,4365.0,4393.0,4356.0,4373.0,11970.0
2017-12-29,4386.0,4393.0,4336.0,4357.0,15140.0
2018-01-01,4360.0,4369.0,4328.0,4347.0,14530.0
2018-01-02,4340.0,4348.0,4309.0,4315.0,15450.0
2018-01-03,4312.0,4321.0,4253.0,4266.0,16780.0
2018-01-04,4268.0,4298.0,4254.0,4271.0,13150.0
2018-01-05,4272.0,4311.0,4251.0,4291.0,15230.0
2018-01-08,4282.0,4282.0,4136.0,4151.0,13370.0
2018-01-09,4144.0,4144.0,3992.0,4014.0,23220.0
2018-01-10,4002.0,4087.0,4002.0,4073.0,13340.0
2018-01-11,4075.0,4114.0,4054.0,4065.0,12030.0
2018-01-12,4120.0,4120.0,4120.0,4120.0,
2018-01-15,4085.0,4085.0,4064.0,4073.0,450.0
2018-01-16,4030.0,4040.0,3951.0,4018.0,1070.0
2018-01-17,3981.0,4005.0,3981.0,4000.0,1370.0
2018-01-18,4000.0,4000.0,3958.0,3975.0,370.0
2018-01-19,3961.0,3961.0,3961.0,3961.0,1560.0
2018-01-22,4050.0,4065.0,4022.0,4040.0,7100.0
2018-01-23,4038.0,4155.0,4035.0,4121.0,25590.0
2018-01-24,4124.0,4176.0,4025.0,4099.0,28940.0
2018-01-25,4112.0,4146.0,4111.0,4128.0,11200.0
2018-01-29,4150.0,4293.0,4137.0,4293.0,43400.0
2018-01-30,4300.0,4348.0,4271.0,4322.0,49000.0
2018-01-31,4335.0,4335.0,4245.0,4255.0,24280.0
2018-02-01,4248.0,4290.0,4192.0,4268.0,17250.0
2018-02-02,4265.0,4297.0,4230.0,4251.0,14670.0
2018-02-05,4244.0,4283.0,4226.0,4256.0,12050.0
2018-02-06,4234.0,4271.0,4226.0,4246.0,9760.0
2018-02-07,4258.0,4277.0,4158.0,4206.0,17300.0
2018-02-08,4195.0,4196.0,4096.0,4113.0,14370.0
2018-02-09,4118.0,4140.0,4072.0,4090.0,15470.0
2018-02-12,4149.0,4149.0,4084.0,4109.0,12150.0
2018-02-14,4095.0,4102.0,4031.0,4083.0,1930.0
2018-02-15,4060.0,4100.0,4060.0,4071.0,810.0
2018-02-16,4121.0,4174.0,4121.0,4158.0,420.0
2018-02-19,4225.0,4225.0,4195.0,4213.0,180.0
2018-02-20,4160.0,4171.0,4158.0,4163.0,490.0
2018-02-21,4194.0,4270.0,4181.0,4236.0,23560.0
2018-02-22,4215.0,4265.0,4215.0,4261.0,11920.0
2018-02-23,4264.0,4343.0,4189.0,4205.0,31280.0
2018-02-26,4223.0,4223.0,4116.0,4138.0,30330.0
2018-02-27,4120.0,4130.0,4054.0,4063.0,22810.0
2018-02-28,4070.0,4122.0,4046.0,4113.0,25420.0
2018-03-01,4118.0,4142.0,4070.0,4098.0,13200.0
2018-03-05,4135.0,4135.0,4053.0,4069.0,13780.0
2018-03-06,4055.0,4087.0,4010.0,4083.0,22430.0
2018-03-07,4070.0,4140.0,4070.0,4096.0,15190.0
2018-03-08,4115.0,4150.0,4089.0,4141.0,13110.0
2018-03-09,4150.0,4199.0,4148.0,4169.0,15170.0
2018-03-12,4155.0,4179.0,4090.0,4099.0,4750.0
2018-03-13,4141.0,4151.0,4130.0,4142.0,240.0
2018-03-14,4201.0,4201.0,4170.0,4183.0,610.0
2018-03-15,4155.0,4168.0,4135.0,4151.0,330.0
2018-03-16,4172.0,4172.0,4154.0,4169.0,100.0
2018-03-19,4100.0,4100.0,4100.0,4100.0,70.0
2018-03-20,4097.0,4097.0,4097.0,4097.0,110.0
2018-03-21,4162.0,4179.0,4125.0,4130.0,17030.0
2018-03-22,4136.0,4142.0,4091.0,4110.0,14630.0
2018-03-23,4080.0,4119.0,4077.0,4085.0,11270.0
2018-03-26,4090.0,4138.0,4072.0,4128.0,10080.0
2018-03-27,4135.0,4149.0,4082.0,4101.0,8790.0
2018-03-28,4114.0,4144.0,4083.0,4134.0,13100.0
2018-04-02,4125.0,4200.0,4122.0,4159.0,23520.0
2018-04-03,4155.0,4156.0,4122.0,4136.0,14130.0
2018-04-04,4128.0,4128.0,4081.0,4092.0,17510.0
2018-04-05,4080.0,4131.0,4070.0,4113.0,14460.0
2018-04-06,4105.0,4138.0,4104.0,4119.0,13180.0
2018-04-09,4121.0,4121.0,4066.0,4093.0,17000.0
2018-04-10,4092.0,4135.0,4075.0,4120.0,12190.0
2018-04-11,4140.0,4162.0,4131.0,4139.0,12360.0
2018-04-12,4141.0,4150.0,4128.0,4138.0,3060.0
2018-04-13,4136.0,4140.0,4122.0,4133.0,1140.0
2018-04-16,4085.0,4092.0,4074.0,4079.0,900.0
2018-04-17,4065.0,4099.0,4058.0,4078.0,6190.0
2018-04-18,4090.0,4104.0,4086.0,4094.0,1720.0
2018-04-19,4112.0,4120.0,4105.0,4112.0,460.0
2018-04-20,4130.0,4140.0,4130.0,4134.0,750.0
2018-04-23,4149.0,4149.0,4112.0,4134.0,23750.0
2018-04-24,4130.0,4134.0,4088.0,4093.0,19130.0
2018-04-25,4080.0,4097.0,4066.0,4077.0,18400.0
2018-04-26,4078.0,4107.0,4075.0,4093.0,16420.0
2018-04-27,4097.0,4108.0,4000.0,4010.0,38600.0
2018-04-30,4020.0,4050.0,3960.0,3997.0,30780.0
2018-05-02,3980.0,3998.0,3961.0,3985.0,20050.0
2018-05-03,3990.0,4019.0,3943.0,3959.0,19080.0
2018-05-04,3955.0,3955.0,3841.0,3889.0,29180.0
2018-05-07,3900.0,3985.0,3900.0,3977.0,22870.0
2018-05-08,3992.0,4060.0,3986.0,4034.0,20230.0
2018-05-09,4062.0,4063.0,4018.0,4027.0,15920.0
2018-05-10,4011.0,4054.0,3926.0,3987.0,10930.0
2018-05-11,4024.0,4049.0,4008.0,4029.0,7280.0
2018-05-14,4055.0,4055.0,4034.0,4047.0,1160.0
2018-05-15,4021.0,4030.0,4000.0,4020.0,940.0
2018-05-16,4005.0,4020.0,3977.0,4000.0,400.0
2018-05-17,4012.0,4038.0,3995.0,4009.0,16329.999999999998
2018-05-18,4000.0,4000.0,3990.0,3997.0,60.0
2018-05-21,4050.0,4058.0,4022.0,4034.0,13080.0
2018-05-22,4037.0,4072.0,4037.0,4067.0,18300.0
2018-05-23,4075.0,4090.0,4043.0,4053.0,18520.0
2018-05-24,4050.0,4051.0,4011.0,4018.0,17760.0
2018-05-25,4020.0,4030.0,3991.0,4002.0,10400.0
2018-05-28,4006.0,4008.0,3967.0,3979.0,18050.0
2018-05-29,3980.0,4008.0,3945.0,3955.0,30450.0
2018-05-30,3958.0,3975.0,3884.0,3907.0,17470.0
2018-05-31,3900.0,3932.0,3874.0,3920.0,14990.0
2018-06-01,3929.0,3990.0,3915.0,3972.0,18280.0
2018-06-04,4000.0,4015.0,3907.0,3919.0,14620.0
2018-06-05,3910.0,3940.0,3881.0,3915.0,15490.0
2018-06-06,3915.0,3939.0,3907.0,3929.0,8850.0
2018-06-07,3917.0,3957.0,3915.0,3929.0,15220.0
2018-06-08,3935.0,3953.0,3917.0,3926.0,12580.0
2018-06-11,3911.0,3933.0,3831.0,3851.0,19730.0
2018-06-12,3870.0,3873.0,3840.0,3846.0,730.0
2018-06-13,3920.0,3961.0,3920.0,3941.0,130.0
2018-06-14,3980.0,4003.0,3949.0,4001.0,270.0
2018-06-15,4119.0,4119.0,4023.0,4049.0,80.0
2018-06-18,4095.0,4095.0,4095.0,4095.0,70.0
2018-06-19,4050.0,4050.0,4050.0,4050.0,20.0
2018-06-20,4060.0,4060.0,4059.0,4060.0,100.0
2018-06-21,4108.0,4160.0,4106.0,4154.0,40110.0
2018-06-22,4167.0,4178.0,4130.0,4141.0,33450.0
2018-06-25,4125.0,4150.0,4065.0,4133.0,44140.0
2018-06-26,4141.0,4168.0,4130.0,4147.0,32590.000000000004
2018-06-27,4141.0,4185.0,4115.0,4179.0,41620.0
2018-06-28,4190.0,4207.0,4161.0,4172.0,40840.0
2018-06-29,4180.0,4220.0,4112.0,4193.0,48650.0
2018-07-02,4187.0,4224.0,4178.0,4189.0,33900.0
2018-07-03,4192.0,4214.0,4162.0,4190.0,21910.0
2018-07-04,4205.0,4300.0,4203.0,4285.0,38090.0
2018-07-05,4282.0,4358.0,4268.0,4340.0,27740.0
2018-07-06,4338.0,4393.0,4321.0,4363.0,21780.0
2018-07-09,4398.0,4533.0,4379.0,4521.0,13780.0
2018-07-10,4511.0,4526.0,4447.0,4476.0,12640.0
2018-07-11,4432.0,4505.0,4422.0,4501.0,14710.0
2018-07-12,4510.0,4572.0,4510.0,4529.0,4350.0
2018-07-13,4500.0,4500.0,4460.0,4477.0,1680.0
2018-07-16,4535.0,4550.0,4480.0,4480.0,790.0
2018-07-17,4445.0,4461.0,4413.0,4441.0,780.0
2018-07-18,4490.0,4490.0,4490.0,4490.0,70.0
2018-07-19,4516.0,4516.0,4475.0,4496.0,140.0
2018-07-20,4595.0,4595.0,4536.0,4558.0,280.0
2018-07-23,4530.0,4568.0,4495.0,4551.0,34440.0
2018-07-24,4557.0,4595.0,4497.0,4514.0,68380.0
2018-07-25,4510.0,4519.0,4394.0,4465.0,68710.0
2018-07-26,4488.0,4524.0,4473.0,4516.0,50170.0
2018-07-27,4520.0,4650.0,4520.0,4642.0,102280.0
2018-07-30,4667.0,4667.0,4610.0,4643.0,50780.0
2018-07-31,4630.0,4684.0,4630.0,4656.0,53290.0
2018-08-01,4671.0,4673.0,4603.0,4614.0,32430.0
2018-08-02,4625.0,4730.0,4614.0,4708.0,59130.0
2018-08-03,4723.0,4744.0,4673.0,4721.0,40070.0
2018-08-06,4680.0,4699.0,4581.0,4599.0,28290.0
2018-08-07,4601.0,4655.0,4597.0,4643.0,12340.0
2018-08-08,4676.0,4780.0,4666.0,4679.0,19810.0
2018-08-09,4682.0,4720.0,4625.0,4639.0,14140.0
2018-08-10,4725.0,4725.0,4624.0,4660.0,10800.0
2018-08-13,4636.0,4636.0,4538.0,4546.0,4600.0
2018-08-14,4580.0,4610.0,4533.0,4554.0,630.0
2018-08-16,4591.0,4660.0,4585.0,4643.0,2460.0
2018-08-17,4626.0,4636.0,4609.0,4624.0,30.0
2018-08-20,4609.0,4667.0,4609.0,4627.0,410.0
2018-08-21,4710.0,4745.0,4687.0,4715.0,61970.0
2018-08-23,4738.0,4790.0,4725.0,4755.0,74240.0
2018-08-24,4761.0,4774.0,4654.0,4670.0,72200.0
2018-08-27,4700.0,4700.0,4554.0,4591.0,81720.0
2018-08-28,4608.0,4663.0,4512.0,4604.0,65720.0
2018-08-29,4599.0,4641.0,4575.0,4596.0,53740.0
2018-08-30,4590.0,4629.0,4568.0,4613.0,47700.0
2018-08-31,4592.0,4670.0,4570.0,4659.0,51740.0
2018-09-03,4650.0,4745.0,4650.0,4726.0,51640.0
2018-09-04,4728.0,4745.0,4684.0,4696.0,32509.999999999996
2018-09-05,4705.0,4714.0,4645.0,4667.0,25910.0
2018-09-06,4674.0,4698.0,4656.0,4667.0,21140.0
2018-09-07,4661.0,4672.0,4615.0,4629.0,17680.0
2018-09-10,4650.0,4665.0,4600.0,4612.0,26550.0
2018-09-11,4613.0,4645.0,4594.0,4603.0,12640.0
2018-09-12,4645.0,4645.0,4626.0,4635.0,280.0
2018-09-14,4610.0,4610.0,4585.0,4603.0,690.0
2018-09-17,4585.0,4585.0,4585.0,4585.0,30.0
2018-09-18,4640.0,4640.0,4640.0,4640.0,10.0
2018-09-19,4736.0,4756.0,4660.0,4719.0,320.0
2018-09-21,4725.0,4774.0,4725.0,4758.0,40030.0
2018-09-24,4745.0,4759.0,4721.0,4729.0,30200.0
2018-09-25,4729.0,4740.0,4669.0,4681.0,46480.0
2018-09-26,4683.0,4709.0,4668.0,4676.0,21430.0
2018-09-27,4675.0,4685.0,4654.0,4665.0,32270.000000000004
2018-09-28,4656.0,4693.0,4649.0,4672.0,43210.0
2018-10-01,4680.0,4690.0,4640.0,4652.0,18830.0
2018-10-03,4656.0,4680.0,4638.0,4650.0,26090.0
2018-10-04,4658.0,4678.0,4588.0,4594.0,31080.0
2018-10-05,4590.0,4664.0,4566.0,4654.0,47570.0
2018-10-08,4666.0,4722.0,4666.0,4714.0,23560.0
2018-10-09,4716.0,4738.0,4702.0,4726.0,11150.0
2018-10-10,4770.0,4836.0,4740.0,4808.0,22890.0
2018-10-11,4814.0,4890.0,4814.0,4872.0,9120.0
2018-10-12,4888.0,4888.0,4842.0,4866.0,4019.9999999999995
2018-10-15,4926.0,5024.0,4920.0,4956.0,660.0
2018-10-16,5020.0,5044.0,5002.0,5030.0,1370.0
2018-10-17,5046.0,5196.0,5030.0,5174.0,56430.0
2018-10-19,5182.0,5316.0,5170.0,5266.0,70610.0
2018-10-22,5284.0,5432.0,5284.0,5372.0,70660.0
2018-10-23,5326.0,5418.0,5302.0,5376.0,70240.0
2018-10-24,5426.0,5464.0,5354.0,5384.0,68560.0
2018-10-25,5356.0,5480.0,5330.0,5466.0,58750.0
2018-10-26,5466.0,5538.0,5460.0,5486.0,53280.0
2018-10-29,5490.0,5680.0,5480.0,5634.0,66870.0
2018-10-30,5680.0,5770.0,5640.0,5710.0,47340.0
2018-10-31,5730.0,5756.0,5676.0,5734.0,28350.0
2018-11-01,5728.0,5756.0,5622.0,5720.0,24120.0
2018-11-02,5702.0,5702.0,5628.0,5678.0,24110.0
2018-11-05,5674.0,5904.0,5674.0,5904.0,29800.0
2018-11-06,5918.0,5956.0,5826.0,5864.0,15510.0
2018-11-07,5890.0,5892.0,5826.0,5840.0,1950.0
2018-11-09,5826.0,5916.0,5750.0,5842.0,15310.0
2018-11-12,5906.0,6014.0,5876.0,6000.0,5010.0
2018-11-13,6054.0,6240.0,6054.0,6184.0,550.0
2018-11-14,6144.0,6208.0,6144.0,6176.0,290.0
2018-11-15,6300.0,6300.0,6094.0,6270.0,740.0
2018-11-16,6100.0,6100.0,6020.0,6020.0,400.0
2018-11-19,5840.0,5840.0,5780.0,5780.0,20.0
2018-11-20,5608.0,5670.0,5550.0,5594.0,470.0
2018-11-21,5714.0,5778.0,5540.0,5622.0,70670.0
2018-11-22,5670.0,5738.0,5542.0,5642.0,42020.0
2018-11-26,5678.0,5712.0,5474.0,5540.0,42320.0
2018-11-27,5500.0,5604.0,5428.0,5566.0,63230.0
2018-11-28,5570.0,5594.0,5476.0,5516.0,29440.0
2018-11-29,5470.0,5500.0,5296.0,5296.0,70130.0
2018-11-30,5306.0,5390.0,5284.0,5348.0,29670.0
2018-12-03,5392.0,5560.0,5392.0,5560.0,41270.0
2018-12-04,5620.0,5742.0,5544.0,5692.0,27680.0
2018-12-05,5662.0,5662.0,5522.0,5542.0,19710.0
2018-12-06,5494.0,5548.0,5392.0,5450.0,23020.0
2018-12-07,5480.0,5504.0,5396.0,5474.0,10820.0
2018-12-10,5512.0,5564.0,5456.0,5492.0,9220.0
2018-12-11,5522.0,5530.0,5426.0,5456.0,3340.0
2018-12-12,5468.0,5470.0,5400.0,5436.0,420.0
2018-12-13,5362.0,5412.0,5362.0,5388.0,70.0
2018-12-14,5342.0,5396.0,5342.0,5380.0,120.0
2018-12-17,5402.0,5418.0,5236.0,5406.0,2060.0
2018-12-18,5272.0,5272.0,5130.0,5176.0,46980.0
2018-12-19,5108.0,5108.0,5102.0,5108.0,180.0
2018-12-20,5150.0,5150.0,5120.0,5120.0,120.0
2018-12-21,5174.0,5194.0,5122.0,5142.0,24430.0
2018-12-24,5148.0,5150.0,4938.0,4942.0,44320.0
2018-12-26,4922.0,5100.0,4908.0,5070.0,33270.0
2018-12-27,5086.0,5132.0,5034.0,5046.0,27430.0
2018-12-28,5056.0,5172.0,5048.0,5128.0,26690.0
2018-12-31,5158.0,5270.0,5154.0,5260.0,31900.0
2019-01-01,5278.0,5298.0,5220.0,5248.0,23350.0
2019-01-02,5214.0,5322.0,5160.0,5172.0,23340.0
2019-01-03,5190.0,5232.0,5106.0,5224.0,26150.0
2019-01-04,5212.0,5280.0,5200.0,5272.0,22860.0
2019-01-07,5304.0,5398.0,5284.0,5350.0,24900.0
2019-01-08,5352.0,5360.0,5234.0,5244.0,19400.0
2019-01-09,5258.0,5274.0,5198.0,5252.0,9760.0
2019-01-10,5280.0,5288.0,5096.0,5188.0,13780.0
2019-01-11,5170.0,5206.0,5156.0,5176.0,9470.0
2019-01-14,5228.0,5266.0,5224.0,5240.0,630.0
2019-01-15,5240.0,5260.0,5206.0,5226.0,480.0
2019-01-16,5200.0,5200.0,5070.0,5176.0,130.0
2019-01-17,5160.0,5186.0,5100.0,5156.0,310.0
2019-01-18,5100.0,5100.0,5100.0,5100.0,10.0
2019-01-21,5296.0,5298.0,5162.0,5216.0,26750.0
2019-01-22,5226.0,5250.0,5194.0,5224.0,21220.0
2019-01-23,5230.0,5270.0,5216.0,5258.0,23850.0
2019-01-24,5260.0,5260.0,5170.0,5190.0,22630.0
2019-01-25,5190.0,5218.0,5142.0,5154.0,22040.0
2019-01-28,5140.0,5156.0,5060.0,5088.0,23830.0
2019-01-29,5072.0,5100.0,5042.0,5096.0,24160.0
2019-01-30,5102.0,5122.0,5092.0,5118.0,20770.0
2019-01-31,5124.0,5148.0,5092.0,5142.0,25230.0
2019-02-01,5136.0,5150.0,5114.0,5124.0,15620.0
2019-02-04,5128.0,5142.0,5082.0,5096.0,32070.0
2019-02-05,5110.0,5110.0,5072.0,5076.0,22340.0
2019-02-06,5066.0,5072.0,4968.0,5002.0,24780.0
2019-02-07,5018.0,5070.0,4982.0,5062.0,18920.0
2019-02-08,5064.0,5130.0,5054.0,5100.0,23540.0
2019-02-11,5122.0,5140.0,5072.0,5082.0,19610.0
2019-02-12,5082.0,5104.0,5080.0,5088.0,2220.0
2019-02-13,5118.0,5190.0,5108.0,5130.0,480.0
2019-02-14,5254.0,5254.0,5254.0,5254.0,100.0
2019-02-15,5358.0,5370.0,5254.0,5352.0,340.0
2019-02-18,5254.0,5254.0,5196.0,5224.0,70.0
2019-02-19,5200.0,5200.0,5200.0,5224.0,220.0
2019-02-20,5264.0,5264.0,5264.0,5264.0,30.0
2019-02-21,5296.0,5378.0,5296.0,5322.0,22080.0
2019-02-22,5320.0,5320.0,5244.0,5252.0,19750.0
2019-02-25,5254.0,5306.0,5250.0,5264.0,24330.0
2019-02-26,5248.0,5292.0,5230.0,5284.0,27420.0
2019-02-27,5300.0,5300.0,5254.0,5282.0,17630.0
2019-02-28,5270.0,5304.0,5220.0,5240.0,29500.0
2019-03-01,5252.0,5288.0,5242.0,5248.0,20900.0
2019-03-05,5240.0,5258.0,5186.0,5200.0,23110.0
2019-03-06,5190.0,5204.0,5136.0,5154.0,29350.0
2019-03-07,5140.0,5190.0,5136.0,5186.0,26580.0
2019-03-08,5188.0,5308.0,5178.0,5262.0,45470.0
2019-03-11,5316.0,5316.0,5260.0,5272.0,24120.0
2019-03-12,5246.0,5272.0,5232.0,5272.0,3690.0
2019-03-13,5290.0,5296.0,5268.0,5294.0,3130.0
2019-03-14,5352.0,5352.0,5312.0,5326.0,1330.0
2019-03-15,5242.0,5242.0,5242.0,5242.0,50.0
2019-03-18,5260.0,5260.0,5260.0,5260.0,10.0
2019-03-19,5272.0,5308.0,5240.0,5292.0,22110.0
2019-03-20,5296.0,5338.0,5290.0,5332.0,11740.0
2019-03-22,5340.0,5360.0,5272.0,5296.0,18220.0
2019-03-25,5286.0,5300.0,5248.0,5258.0,25150.0
2019-03-26,5260.0,5290.0,5236.0,5276.0,22650.0
2019-03-27,5278.0,5314.0,5272.0,5286.0,34390.0
2019-03-28,5272.0,5326.0,5272.0,5296.0,25240.0
2019-03-29,5290.0,5298.0,5260.0,5278.0,27960.0
2019-04-01,5270.0,5294.0,5250.0,5262.0,30370.0
2019-04-02,5260.0,5472.0,5244.0,5472.0,42270.0
2019-04-03,5530.0,5630.0,5476.0,5582.0,52640.0
2019-04-04,5572.0,5648.0,5508.0,5594.0,27220.0
2019-04-05,5618.0,5742.0,5600.0,5632.0,26370.0
2019-04-08,5640.0,5766.0,5640.0,5740.0,15500.0
2019-04-09,5746.0,5776.0,5688.0,5722.0,11010.0
2019-04-10,5732.0,5950.0,5720.0,5950.0,14520.0
2019-04-11,5976.0,6064.0,5932.0,6030.0,25460.0
2019-04-12,6102.0,6102.0,5988.0,6008.0,3000.0
2019-04-15,5852.0,5852.0,5852.0,5852.0,270.0
2019-04-16,6022.0,6028.0,5802.0,5898.0,126470.0
2019-04-18,5880.0,5924.0,5718.0,5756.0,69760.0
2019-04-22,5696.0,5736.0,5588.0,5646.0,65420.0
2019-04-23,5656.0,5690.0,5642.0,5654.0,44360.0
2019-04-24,5666.0,5848.0,5652.0,5802.0,44360.0
2019-04-25,5820.0,5918.0,5752.0,5780.0,78540.0
2019-04-26,5748.0,5772.0,5634.0,5650.0,66960.0
2019-04-30,5690.0,5748.0,5504.0,5522.0,80820.0
2019-05-02,5522.0,5678.0,5512.0,5670.0,54960.0
2019-05-03,5660.0,5678.0,5558.0,5578.0,28220.0
2019-05-06,5570.0,5660.0,5570.0,5630.0,22900.0
2019-05-07,5640.0,5768.0,5610.0,5678.0,34660.0
2019-05-08,5670.0,5680.0,5600.0,5620.0,12630.0
2019-05-09,5640.0,5698.0,5618.0,5666.0,17440.0
2019-05-10,5662.0,5718.0,5644.0,5654.0,20120.0
2019-05-13,5678.0,5770.0,5678.0,5698.0,15120.0
2019-05-14,5700.0,5730.0,5666.0,5670.0,3380.0
2019-05-15,5676.0,5676.0,5640.0,5650.0,1180.0
2019-05-16,5700.0,5744.0,5698.0,5732.0,1350.0
2019-05-17,5754.0,5760.0,5680.0,5688.0,1480.0
2019-05-20,5674.0,5674.0,5530.0,5596.0,1230.0
2019-05-21,5790.0,5790.0,5716.0,5736.0,43680.0
2019-05-22,5740.0,5810.0,5740.0,5774.0,39460.0
2019-05-23,5798.0,5828.0,5764.0,5812.0,29420.0
2019-05-24,5820.0,5870.0,5790.0,5802.0,37700.0
2019-05-27,5800.0,5828.0,5714.0,5728.0,36870.0
2019-05-28,5748.0,5774.0,5564.0,5584.0,68670.0
2019-05-29,5594.0,5636.0,5564.0,5618.0,42040.0
2019-05-30,5620.0,5744.0,5620.0,5728.0,55510.0
2019-05-31,5730.0,5738.0,5682.0,5702.0,45860.0
2019-06-03,5650.0,5708.0,5564.0,5578.0,30620.0
2019-06-04,5574.0,5618.0,5386.0,5478.0,84250.0
2019-06-06,5502.0,5524.0,5314.0,5390.0,62890.0
2019-06-07,5420.0,5540.0,5360.0,5398.0,31850.0
2019-06-10,5392.0,5440.0,5264.0,5280.0,27550.0
2019-06-11,5280.0,5302.0,5130.0,5268.0,17570.0
2019-06-12,5350.0,5440.0,5344.0,5418.0,4850.0
2019-06-13,5450.0,5452.0,5400.0,5408.0,3660.0
2019-06-14,5424.0,5496.0,5400.0,5432.0,1760.0
2019-06-17,5494.0,5494.0,5282.0,5328.0,2770.0
2019-06-18,5310.0,5368.0,5296.0,5308.0,880.0
2019-06-19,5330.0,5330.0,5324.0,5328.0,1120.0
2019-06-20,5370.0,5390.0,5370.0,5378.0,90.0
2019-06-21,5418.0,5438.0,5328.0,5386.0,44480.0
2019-06-24,5400.0,5430.0,5360.0,5392.0,37620.0
2019-06-25,5376.0,5550.0,5376.0,5520.0,64730.00000000001
2019-06-26,5532.0,5550.0,5482.0,5518.0,57080.0
2019-06-27,5492.0,5530.0,5436.0,5464.0,37120.0
2019-06-28,5470.0,5494.0,5456.0,5484.0,35060.0
2019-07-01,5492.0,5640.0,5480.0,5626.0,53530.0
2019-07-02,5640.0,5648.0,5550.0,5564.0,26260.0
2019-07-03,5564.0,5610.0,5544.0,5574.0,25610.0
2019-07-04,5582.0,5624.0,5574.0,5596.0,19190.0
2019-07-05,5600.0,5636.0,5570.0,5580.0,23170.0
2019-07-08,5590.0,5618.0,5506.0,5554.0,24890.0
2019-07-09,5614.0,5640.0,5584.0,5632.0,29880.0
2019-07-10,5608.0,5620.0,5588.0,5594.0,13600.0
2019-07-11,5636.0,5636.0,5602.0,5620.0,19180.0
2019-07-12,5628.0,5648.0,5612.0,5628.0,4140.0
2019-07-15,5666.0,5666.0,5620.0,5622.0,2230.0
2019-07-16,5630.0,5630.0,5546.0,5564.0,2490.0
2019-07-17,5544.0,5572.0,5524.0,5554.0,980.0
2019-07-18,5570.0,5580.0,5550.0,5552.0,1070.0
2019-07-19,5520.0,5520.0,5510.0,5516.0,230.0
2019-07-22,5580.0,5604.0,5504.0,5532.0,47000.0
2019-07-23,5546.0,5568.0,5524.0,5548.0,26740.0
2019-07-24,5554.0,5570.0,5504.0,5522.0,35690.0
2019-07-25,5520.0,5578.0,5518.0,5554.0,34870.0
2019-07-26,5544.0,5564.0,5534.0,5554.0,19870.0
2019-07-29,5540.0,5590.0,5532.0,5556.0,31680.0
2019-07-30,5550.0,5558.0,5522.0,5540.0,28820.0
2019-07-31,5548.0,5690.0,5544.0,5666.0,47930.0
2019-08-01,5650.0,5658.0,5594.0,5610.0,18660.0
2019-08-02,5590.0,5628.0,5578.0,5602.0,23360.0
2019-08-05,5590.0,5596.0,5546.0,5556.0,30970.0
2019-08-06,5554.0,5574.0,5526.0,5550.0,22930.0
2019-08-07,5550.0,5560.0,5526.0,5546.0,20570.0
2019-08-08,5560.0,5614.0,5552.0,5600.0,16540.0
2019-08-09,5600.0,5668.0,5576.0,5616.0,22670.0
2019-08-13,5582.0,5610.0,5540.0,5574.0,21620.0
2019-08-14,5580.0,5598.0,5570.0,5598.0,4350.0
2019-08-16,5648.0,5648.0,5584.0,5604.0,950.0
2019-08-19,5590.0,5590.0,5576.0,5582.0,640.0
2019-08-20,5588.0,5600.0,5540.0,5558.0,170.0
2019-08-21,5636.0,5650.0,5608.0,5638.0,33850.0
2019-08-22,5642.0,5660.0,5620.0,5636.0,25950.0
2019-08-23,5632.0,5758.0,5552.0,5700.0,86830.0
2019-08-26,5730.0,5868.0,5730.0,5768.0,67550.0
2019-08-27,5768.0,5792.0,5732.0,5750.0,33050.0
2019-08-28,5752.0,5786.0,5722.0,5756.0,32759.999999999996
2019-08-29,5758.0,5774.0,5730.0,5740.0,21210.0
2019-08-30,5734.0,5804.0,5728.0,5760.0,50110.0
2019-09-03,5740.0,5780.0,5732.0,5738.0,16570.0
2019-09-04,5738.0,5752.0,5724.0,5730.0,18270.0
2019-09-05,5736.0,5784.0,5732.0,5752.0,37380.0
2019-09-06,5748.0,5756.0,5726.0,5732.0,24500.0
2019-09-09,5734.0,5740.0,5710.0,5714.0,48240.0
2019-09-11,5720.0,5758.0,5694.0,5704.0,64390.0
2019-09-12,5724.0,5860.0,5724.0,5730.0,5360.0
2019-09-13,5738.0,5766.0,5736.0,5752.0,4410.0
2019-09-16,5812.0,5830.0,5800.0,5752.0,640.0
2019-09-17,5734.0,5734.0,5734.0,5752.0,360.0
2019-09-18,5738.0,5744.0,5734.0,5738.0,1410.0
2019-09-19,5800.0,5880.0,5800.0,5820.0,1940.0
2019-09-20,5928.0,5930.0,5800.0,5804.0,710.0
2019-09-23,5880.0,5880.0,5794.0,5804.0,40970.0
2019-09-24,5810.0,5826.0,5800.0,5802.0,38130.0
2019-09-25,5718.0,5770.0,5570.0,5570.0,10130.0
2019-09-26,5404.0,5404.0,5348.0,5348.0,51750.0
2019-09-27,5188.0,5188.0,5136.0,5136.0,62930.0
2019-09-30,4982.0,4982.0,4932.0,4932.0,49590.0
2019-10-01,4786.0,4786.0,4638.0,4638.0,36020.0
2019-10-03,4500.0,4500.0,4454.0,4454.0,37510.0
2019-10-04,4322.0,4322.0,4276.0,4280.0,22670.0
2019-10-07,4340.0,4450.0,4340.0,4450.0,8680.0
2019-10-09,4582.0,4582.0,4272.0,4350.0,20700.0
2019-10-10,4290.0,4330.0,4176.0,4260.0,20820.0
2019-10-11,4282.0,4334.0,4264.0,4286.0,9160.0
2019-10-14,4382.0,4382.0,4206.0,4302.0,920.0
2019-10-15,4318.0,4360.0,4302.0,4346.0,1640.0
2019-10-16,4342.0,4364.0,4330.0,4358.0,860.0
2019-10-17,4360.0,4380.0,4352.0,4378.0,630.0
2019-10-18,4390.0,4462.0,4390.0,4436.0,2240.0
2019-10-22,4512.0,4548.0,4432.0,4442.0,10290.0
2019-10-23,4442.0,4508.0,4440.0,4488.0,8670.0
2019-10-24,4472.0,4494.0,4402.0,4456.0,4380.0
2019-10-25,4476.0,4524.0,4462.0,4506.0,10360.0
2019-10-27,4524.0,4524.0,4470.0,4496.0,4690.0
2019-10-29,4480.0,4490.0,4452.0,4470.0,2270.0
2019-10-30,4472.0,4520.0,4454.0,4506.0,10780.0
2019-10-31,4516.0,4530.0,4480.0,4482.0,5580.0
2019-11-01,4500.0,4506.0,4460.0,4464.0,5260.0
2019-11-04,4480.0,4510.0,4458.0,4500.0,14140.0
2019-11-05,4508.0,4508.0,4366.0,4450.0,11730.0
2019-11-06,4424.0,4442.0,4272.0,4272.0,10530.0
2019-11-07,4188.0,4346.0,4102.0,4310.0,24930.0
2019-11-08,4300.0,4420.0,4300.0,4398.0,9130.0
2019-11-11,4390.0,4440.0,4330.0,4416.0,9100.0
2019-11-13,4422.0,4468.0,4400.0,4458.0,5640.0
2019-11-14,4462.0,4466.0,4354.0,4416.0,6920.0
2019-11-15,4498.0,4500.0,4414.0,4420.0,1160.0
2019-11-18,4330.0,4340.0,4310.0,4322.0,1700.0
2019-11-19,4320.0,4364.0,4310.0,4360.0,2000.0
2019-11-20,4370.0,4390.0,4350.0,4378.0,1000.0
2019-11-21,4380.0,4392.0,4248.0,4256.0,10150.0
2019-11-22,4262.0,4304.0,4164.0,4226.0,10570.0
2019-11-25,4232.0,4292.0,4120.0,4240.0,7800.0
2019-11-26,4240.0,4272.0,4158.0,4184.0,8590.0
2019-11-27,4196.0,4220.0,4124.0,4186.0,8070.0
2019-11-28,4170.0,4184.0,4140.0,4164.0,5060.0
2019-11-29,4150.0,4172.0,4040.0,4074.0,13210.0
2019-12-02,4048.0,4056.0,3956.0,4026.0,11810.0
2019-12-03,4030.0,4040.0,3974.0,3982.0,7400.0
2019-12-04,3962.0,4046.0,3962.0,4034.0,9650.0
2019-12-05,4044.0,4124.0,4038.0,4112.0,7880.0
2019-12-06,4118.0,4200.0,4104.0,4168.0,7940.0
2019-12-09,4150.0,4240.0,4140.0,4190.0,7160.0
2019-12-10,4198.0,4222.0,4110.0,4148.0,7870.0
2019-12-11,4140.0,4208.0,4128.0,4194.0,4180.0
2019-12-12,4210.0,4252.0,4200.0,4248.0,2540.0
2019-12-13,4260.0,4280.0,4170.0,4232.0,3760.0
2019-12-16,4248.0,4260.0,4220.0,4244.0,7270.0
2019-12-17,4240.0,4256.0,4240.0,4254.0,1400.0
2019-12-18,4286.0,4318.0,4286.0,4314.0,860.0
2019-12-19,4320.0,4370.0,4304.0,4358.0,520.0
2019-12-20,4392.0,4392.0,4310.0,4324.0,560.0
2019-12-23,4374.0,4374.0,4352.0,4364.0,3920.0
2019-12-24,4350.0,4370.0,4234.0,4278.0,9770.0
2019-12-26,4286.0,4286.0,4152.0,4208.0,7730.0
2019-12-27,4198.0,4270.0,4160.0,4218.0,5230.0
2019-12-30,4244.0,4250.0,4232.0,4240.0,4090.0
2019-12-31,4252.0,4260.0,4118.0,4190.0,6110.0
2020-01-01,4180.0,4218.0,4168.0,4190.0,2930.0
2020-01-02,4210.0,4238.0,4190.0,4216.0,4440.0
2020-01-03,4220.0,4224.0,4188.0,4210.0,2670.0
2020-01-06,4220.0,4240.0,4156.0,4228.0,5980.0
2020-01-07,4242.0,4248.0,4178.0,4200.0,3170.0
2020-01-08,4192.0,4204.0,4168.0,4200.0,3170.0
2020-01-09,4178.0,4226.0,4174.0,4192.0,4250.0
2020-01-10,4190.0,4200.0,4150.0,4162.0,3130.0
2020-01-13,4152.0,4154.0,4068.0,4116.0,3240.0
2020-01-14,4102.0,4122.0,4096.0,4106.0,4150.0
2020-01-15,4136.0,4158.0,4106.0,4126.0,2140.0
2020-01-16,4118.0,4122.0,4080.0,4106.0,1200.0
2020-01-17,4104.0,4140.0,4104.0,4118.0,430.0
2020-01-20,4160.0,4228.0,4106.0,4140.0,480.0
2020-01-21,4126.0,4168.0,4118.0,4142.0,2630.0
2020-01-22,4168.0,4168.0,4088.0,4102.0,5410.0
2020-01-23,4100.0,4106.0,4050.0,4072.0,4200.0
2020-01-24,4052.0,4084.0,4040.0,4078.0,4230.0
2020-01-27,4072.0,4080.0,3986.0,4002.0,7360.0
2020-01-28,3996.0,4038.0,3966.0,4002.0,5470.0
2020-01-29,4012.0,4026.0,3970.0,3982.0,3260.0
2020-01-30,3980.0,4000.0,3920.0,3940.0,4059.9999999999995
2020-01-31,3950.0,3950.0,3902.0,3938.0,5220.0
2020-02-01,3936.0,3960.0,3912.0,3922.0,2029.9999999999998
2020-02-03,3930.0,3934.0,3884.0,3892.0,3210.0
2020-02-04,3890.0,3890.0,3850.0,3856.0,3500.0
2020-02-05,3854.0,3924.0,3840.0,3900.0,5210.0
2020-02-06,3900.0,3940.0,3860.0,3882.0,3120.0
2020-02-07,3880.0,3892.0,3862.0,3874.0,3160.0
2020-02-10,3852.0,3894.0,3830.0,3844.0,4550.0
2020-02-11,3812.0,3850.0,3802.0,3838.0,1420.0
2020-02-12,3822.0,3862.0,3818.0,3858.0,1650.0
2020-02-13,3858.0,3870.0,3850.0,3858.0,1980.0
2020-02-14,3890.0,3932.0,3854.0,3926.0,1870.0
2020-02-17,3980.0,3980.0,3900.0,3910.0,810.0
2020-02-18,3878.0,3930.0,3878.0,3886.0,460.0
2020-02-19,3900.0,3900.0,3890.0,3900.0,340.0
2020-02-20,3916.0,3932.0,3894.0,3900.0,100.0
2020-02-24,3850.0,3850.0,3746.0,3762.0,8620.0
2020-02-25,3764.0,3806.0,3758.0,3790.0,5100.0
2020-02-26,3776.0,3790.0,3678.0,3712.0,7980.0
2020-02-27,3702.0,3756.0,3692.0,3746.0,5770.0
2020-02-28,3720.0,3760.0,3672.0,3752.0,6460.0
2020-03-02,3742.0,3790.0,3702.0,3714.0,6940.0
2020-03-03,3730.0,3758.0,3706.0,3746.0,5330.0
2020-03-04,3738.0,3794.0,3730.0,3776.0,5300.0
2020-03-05,3778.0,3826.0,3762.0,3818.0,6010.0
2020-03-06,3800.0,3866.0,3794.0,3854.0,3340.0
2020-03-09,3802.0,3880.0,3740.0,3766.0,6420.0
2020-03-11,3780.0,3916.0,3776.0,3866.0,4990.0
2020-03-12,3840.0,3860.0,3796.0,3852.0,1930.0
2020-03-13,3840.0,3868.0,3824.0,3840.0,1850.0
2020-03-16,3840.0,3840.0,3690.0,3746.0,1360.0
2020-03-17,3652.0,3716.0,3616.0,3642.0,650.0
2020-03-18,3684.0,3748.0,3602.0,3708.0,460.0
2020-03-19,3652.0,3702.0,3652.0,3678.0,10.0
2020-03-20,3654.0,3702.0,3652.0,3670.0,40.0
2020-03-23,3750.0,3866.0,3702.0,3824.0,4800.0
2020-03-24,3808.0,3900.0,3806.0,3888.0,2870.0
2020-03-25,3912.0,4042.0,3912.0,4042.0,3140.0
2020-03-26,4060.0,4198.0,3976.0,4062.0,6930.0
2020-03-27,4062.0,4140.0,3958.0,4130.0,2170.0
2020-03-30,4080.0,4140.0,4040.0,4104.0,2940.0
2020-03-31,4100.0,4100.0,4014.0,4044.0,2020.0
2020-04-01,4020.0,4068.0,3982.0,4008.0,1830.0
2020-04-03,4010.0,4020.0,3956.0,3970.0,1770.0
2020-04-07,3948.0,3992.0,3926.0,3982.0,1200.0
2020-04-08,3992.0,4012.0,3968.0,4006.0,1520.0
2020-04-09,4026.0,4040.0,3978.0,4026.0,1670.0
2020-04-13,4002.0,4052.0,4002.0,4024.0,2810.0
2020-04-15,4010.0,4120.0,4010.0,4116.0,360.0
2020-04-16,4200.0,4260.0,4200.0,4244.0,1230.0
2020-04-17,4180.0,4180.0,4076.0,4092.0,520.0
2020-04-20,4010.0,4010.0,3958.0,3984.0,650.0
2020-04-21,3880.0,3896.0,3830.0,3880.0,330.0
2020-04-22,3870.0,3870.0,3830.0,3848.0,340.0
2020-04-23,3852.0,3910.0,3850.0,3888.0,1660.0
2020-04-24,3850.0,3850.0,3820.0,3830.0,1500.0
2020-04-27,3828.0,3834.0,3812.0,3822.0,740.0
2020-04-28,3820.0,3840.0,3800.0,3820.0,390.0
2020-04-29,3800.0,3800.0,3770.0,3770.0,120.0
2020-04-30,3760.0,3760.0,3730.0,3754.0,140.0
2020-05-04,3680.0,3680.0,3590.0,3632.0,6830.0
2020-05-05,3648.0,3718.0,3620.0,3698.0,4160.0
2020-05-06,3696.0,3712.0,3634.0,3658.0,1360.0
2020-05-07,3646.0,3766.0,3646.0,3714.0,2750.0
2020-05-08,3710.0,3710.0,3650.0,3660.0,3660.0
2020-05-11,3656.0,3670.0,3622.0,3644.0,3200.0
2020-05-12,3640.0,3640.0,3594.0,3618.0,2550.0
2020-05-13,3620.0,3630.0,3604.0,3612.0,1730.0
2020-05-14,3638.0,3668.0,3638.0,3650.0,2680.0
2020-05-15,3660.0,3660.0,3622.0,3648.0,440.0
2020-05-18,3636.0,3638.0,3636.0,3638.0,460.0
2020-05-19,3630.0,3630.0,3630.0,3630.0,80.0
2020-05-20,3580.0,3580.0,3570.0,3572.0,70.0
2020-05-21,3560.0,3588.0,3530.0,3556.0,2120.0
2020-05-22,3530.0,3546.0,3520.0,3542.0,2400.0
2020-05-26,3570.0,3596.0,3542.0,3580.0,3980.0
2020-05-27,3578.0,3584.0,3538.0,3558.0,3910.0
2020-05-28,3560.0,3610.0,3538.0,3594.0,3380.0
2020-05-29,3586.0,3600.0,3552.0,3572.0,2370.0
2020-06-01,3580.0,3610.0,3570.0,3584.0,1610.0
2020-06-02,3580.0,3598.0,3578.0,3590.0,1620.0
2020-06-03,3588.0,3694.0,3586.0,3682.0,6520.0
2020-06-04,3672.0,3710.0,3618.0,3652.0,3220.0
2020-06-05,3662.0,3692.0,3658.0,3674.0,2910.0
2020-06-08,3716.0,3784.0,3698.0,3730.0,4830.0
2020-06-09,3730.0,3730.0,3670.0,3702.0,2450.0
2020-06-10,3726.0,3740.0,3698.0,3728.0,3230.0
2020-06-11,3732.0,3804.0,3732.0,3786.0,2980.0
2020-06-12,3774.0,3790.0,3750.0,3782.0,1750.0
2020-06-15,3774.0,3816.0,3770.0,3780.0,2050.0
2020-06-16,3796.0,3800.0,3796.0,3800.0,530.0
2020-06-17,3770.0,3870.0,3770.0,3804.0,540.0
2020-06-18,3790.0,3800.0,3790.0,3798.0,250.0
2020-06-19,3850.0,3890.0,3832.0,3798.0,190.0
2020-06-22,3866.0,3898.0,3866.0,3880.0,4170.0
2020-06-23,3880.0,3914.0,3868.0,3906.0,4820.0
2020-06-24,3900.0,3938.0,3886.0,3910.0,7900.0
2020-06-25,3904.0,3960.0,3902.0,3952.0,4670.0
2020-06-26,3968.0,4024.0,3930.0,3940.0,11020.0
2020-06-29,3900.0,3900.0,3822.0,3888.0,9280.0
2020-06-30,3900.0,3940.0,3852.0,3874.0,6210.0
2020-07-01,3874.0,3914.0,3866.0,3910.0,3340.0
2020-07-02,3916.0,3942.0,3908.0,3926.0,3460.0
2020-07-03,3930.0,3970.0,3900.0,3960.0,4050.0
2020-07-06,3966.0,3998.0,3950.0,3984.0,4380.0
2020-07-07,3966.0,4024.0,3956.0,4012.0,4360.0
2020-07-08,4008.0,4064.0,3982.0,3996.0,3810.0
2020-07-09,3992.0,3994.0,3938.0,3962.0,3370.0
2020-07-10,3940.0,3970.0,3934.0,3948.0,4800.0
2020-07-13,3946.0,3980.0,3940.0,3952.0,5900.0
2020-07-14,3934.0,3978.0,3930.0,3960.0,1350.0
2020-07-15,3992.0,4008.0,3980.0,3960.0,670.0
2020-07-16,3960.0,3960.0,3960.0,3960.0,40.0
2020-07-17,4030.0,4072.0,4010.0,4044.0,200.0
2020-07-20,4022.0,4058.0,4000.0,4006.0,6990.0
2020-07-21,4002.0,4018.0,3984.0,3990.0,3700.0
2020-07-22,3998.0,4008.0,3982.0,3988.0,3830.0
2020-07-23,4000.0,4016.0,3996.0,4008.0,2610.0
2020-07-24,4016.0,4034.0,3998.0,4004.0,3050.0
2020-07-27,4004.0,4024.0,3990.0,3994.0,2430.0
2020-07-28,3992.0,3994.0,3946.0,3974.0,5440.0
2020-07-29,3972.0,3980.0,3930.0,3944.0,3130.0
2020-07-30,3930.0,3988.0,3930.0,3980.0,5390.0
2020-07-31,3976.0,4004.0,3950.0,3966.0,4260.0
2020-08-03,3980.0,3998.0,3968.0,3978.0,1400.0
2020-08-04,3966.0,3990.0,3950.0,3962.0,4170.0
2020-08-05,3970.0,3970.0,3942.0,3948.0,2250.0
2020-08-06,3958.0,3986.0,3952.0,3974.0,5000.0
2020-08-07,3980.0,3992.0,3962.0,3972.0,3220.0
2020-08-10,3994.0,3994.0,3930.0,3940.0,5810.0
2020-08-11,3940.0,3948.0,3920.0,3926.0,4460.0
2020-08-12,3930.0,3950.0,3886.0,3940.0,2580.0
2020-08-13,3924.0,3940.0,3906.0,3912.0,2480.0
2020-08-14,3914.0,3944.0,3888.0,3922.0,3520.0
2020-08-17,3952.0,3952.0,3950.0,3952.0,380.0
2020-08-18,3990.0,4020.0,3980.0,3952.0,30.0
2020-08-19,3980.0,3980.0,3980.0,3980.0,150.0
2020-08-20,4092.0,4092.0,4092.0,4092.0,150.0
2020-08-21,3982.0,3990.0,3970.0,3978.0,880.0
2020-08-24,3980.0,4012.0,3980.0,3996.0,4600.0
2020-08-25,3996.0,4090.0,3996.0,4058.0,11450.0
2020-08-26,4066.0,4100.0,4048.0,4076.0,6110.0
2020-08-27,4070.0,4070.0,3954.0,4026.0,4270.0
2020-08-28,4036.0,4038.0,4002.0,4018.0,2009.9999999999998
2020-08-31,4038.0,4070.0,4014.0,4054.0,7030.0
2020-09-01,4064.0,4070.0,4014.0,4034.0,6910.0
2020-09-02,4010.0,4050.0,4006.0,4026.0,3930.0
2020-09-03,4040.0,4050.0,4016.0,4030.0,1950.0
2020-09-04,4020.0,4030.0,3992.0,4002.0,4510.0
2020-09-07,3996.0,3998.0,3970.0,3988.0,3960.0
2020-09-08,4000.0,4000.0,3970.0,3982.0,1680.0
2020-09-09,3988.0,4020.0,3976.0,4002.0,3980.0
2020-09-10,4008.0,4026.0,3996.0,4020.0,4460.0
2020-09-11,4028.0,4056.0,4026.0,4046.0,4260.0
2020-09-14,4050.0,4082.0,4026.0,4032.0,3560.0
2020-09-15,4102.0,4102.0,4102.0,4102.0,
2020-09-16,4220.0,4220.0,4070.0,4120.0,60.0
2020-09-17,4152.0,4152.0,4152.0,4152.0,
2020-09-18,4152.0,4152.0,4072.0,4120.0,250.0
2020-09-21,4190.0,4248.0,4168.0,4214.0,9760.0
2020-09-22,4226.0,4226.0,4170.0,4184.0,5780.0
2020-09-23,4192.0,4200.0,4162.0,4174.0,3250.0
2020-09-24,4168.0,4220.0,4150.0,4182.0,4560.0
2020-09-25,4184.0,4228.0,4182.0,4218.0,4500.0
2020-09-28,4222.0,4270.0,4220.0,4238.0,8189.999999999999
2020-09-29,4250.0,4250.0,4206.0,4234.0,5430.0
2020-09-30,4226.0,4256.0,4216.0,4228.0,5410.0
2020-10-01,4234.0,4270.0,4224.0,4246.0,8560.0
2020-10-05,4248.0,4248.0,4216.0,4222.0,4330.0
2020-10-06,4214.0,4228.0,4112.0,4168.0,8380.0
2020-10-07,4166.0,4184.0,4044.0,4078.0,9600.0
2020-10-08,4094.0,4136.0,4072.0,4130.0,3610.0
2020-10-09,4140.0,4150.0,4116.0,4122.0,3490.0
2020-10-12,4100.0,4138.0,4100.0,4122.0,2130.0
2020-10-13,4112.0,4132.0,4102.0,4114.0,2950.0
2020-10-14,4096.0,4134.0,4000.0,4094.0,2430.0
2020-10-15,4132.0,4132.0,4132.0,4132.0,80.0
2020-10-16,4132.0,4132.0,4132.0,4132.0,
2020-10-19,4174.0,4174.0,4174.0,4174.0,20.0
2020-10-20,4220.0,4220.0,4220.0,4174.0,90.0
2020-10-21,4226.0,4274.0,4206.0,4244.0,6150.0
2020-10-22,4244.0,4268.0,4230.0,4238.0,3760.0
2020-10-23,4240.0,4250.0,4224.0,4242.0,3580.0
2020-10-26,4250.0,4396.0,4250.0,4354.0,8010.0
2020-10-27,4390.0,4428.0,4344.0,4414.0,5630.0
2020-10-28,4426.0,4440.0,4382.0,4390.0,5280.0
2020-10-29,4380.0,4490.0,4380.0,4442.0,8360.0
2020-10-30,4436.0,4524.0,4430.0,4512.0,8320.0
2020-11-02,4532.0,4554.0,4480.0,4540.0,5170.0
2020-11-03,4526.0,4670.0,4526.0,4652.0,9110.0
2020-11-04,4680.0,4780.0,4650.0,4750.0,7370.0
2020-11-05,4764.0,4848.0,4708.0,4724.0,3360.0
2020-11-06,4702.0,4718.0,4626.0,4652.0,3500.0
2020-11-09,4570.0,4700.0,4534.0,4664.0,4300.0
2020-11-10,4698.0,4700.0,4634.0,4672.0,1730.0
2020-11-11,4672.0,4714.0,4646.0,4694.0,3260.0
2020-11-12,4674.0,4726.0,4674.0,4708.0,2090.0
2020-11-13,4698.0,4718.0,4696.0,4706.0,3670.0
2020-11-14,4700.0,4774.0,4680.0,4774.0,1230.0
2020-11-17,4658.0,4658.0,4650.0,4658.0,1660.0
2020-11-18,4600.0,4600.0,4580.0,4582.0,1590.0
2020-11-19,4650.0,4690.0,4600.0,4638.0,480.0
2020-11-20,4690.0,4768.0,4640.0,4684.0,70.0
2020-11-23,4740.0,4746.0,4670.0,4680.0,4620.0
2020-11-24,4718.0,4718.0,4614.0,4630.0,4850.0
2020-11-25,4650.0,4696.0,4650.0,4682.0,3570.0
2020-11-26,4712.0,4716.0,4610.0,4618.0,3840.0
2020-11-27,4640.0,4660.0,4480.0,4636.0,9830.0
2020-12-01,4650.0,4668.0,4516.0,4554.0,10780.0
2020-12-02,4560.0,4620.0,4464.0,4560.0,8650.0
2020-12-03,4574.0,4614.0,4552.0,4602.0,6830.0
2020-12-04,4600.0,4624.0,4584.0,4598.0,3620.0
2020-12-07,4556.0,4580.0,4508.0,4568.0,2710.0
2020-12-08,4572.0,4572.0,4532.0,4558.0,3420.0
2020-12-09,4572.0,4572.0,4490.0,4512.0,5520.0
2020-12-10,4518.0,4528.0,4494.0,4506.0,3920.0
2020-12-11,4508.0,4544.0,4420.0,4442.0,4970.0
2020-12-14,4442.0,4444.0,4408.0,4418.0,3600.0
2020-12-15,4400.0,4400.0,4400.0,4400.0,690.0
2020-12-16,4442.0,4472.0,4420.0,4428.0,570.0
2020-12-17,4428.0,4428.0,4428.0,4428.0,
2020-12-18,4302.0,4302.0,4302.0,4302.0,70.0
2020-12-21,4368.0,4400.0,4308.0,4314.0,3380.0
2020-12-22,4318.0,4386.0,4286.0,4352.0,5290.0
2020-12-23,4378.0,4390.0,4342.0,4374.0,3090.0
2020-12-24,4408.0,4448.0,4382.0,4434.0,3320.0
2020-12-28,4418.0,4430.0,4358.0,4372.0,4170.0
2020-12-29,4378.0,4410.0,4350.0,4380.0,5140.0
2020-12-30,4390.0,4438.0,4386.0,4422.0,3750.0
2020-12-31,4430.0,4470.0,4426.0,4444.0,6090.0
2021-01-01,4458.0,4458.0,4412.0,4430.0,2020.0
2021-01-04,4420.0,4426.0,4370.0,4386.0,4030.0000000000005
2021-01-05,4400.0,4402.0,4352.0,4400.0,3090.0
2021-01-06,4416.0,4462.0,4396.0,4428.0,3960.0
2021-01-07,4432.0,4468.0,4392.0,4402.0,3410.0
2021-01-08,4422.0,4448.0,4400.0,4422.0,4130.0
2021-01-11,4420.0,4462.0,4302.0,4414.0,4710.0
2021-01-12,4418.0,4436.0,4390.0,4414.0,4220.0
2021-01-13,4418.0,4436.0,4408.0,4422.0,4080.0
2021-01-14,4424.0,4440.0,4414.0,4424.0,2090.0
2021-01-15,4424.0,4424.0,4424.0,4424.0,
2021-01-18,4336.0,4508.0,4336.0,4426.0,300.0
2021-01-19,4426.0,4426.0,4426.0,4426.0,10.0
2021-01-20,4388.0,4388.0,4388.0,4426.0,210.0
2021-01-21,4394.0,4412.0,4374.0,4406.0,2310.0
2021-01-22,4402.0,4438.0,4400.0,4410.0,2970.0
2021-01-25,4362.0,4450.0,4354.0,4360.0,4220.0
2021-01-27,4360.0,4370.0,4330.0,4356.0,2570.0
2021-01-28,4360.0,4414.0,4358.0,4410.0,3850.0
2021-01-29,4394.0,4412.0,4370.0,4380.0,2150.0
2021-02-01,4380.0,4418.0,4356.0,4370.0,2950.0
2021-02-02,4374.0,4388.0,4350.0,4378.0,3770.0
2021-02-03,4380.0,4398.0,4378.0,4392.0,1790.0
2021-02-04,4390.0,4408.0,4376.0,4388.0,2520.0
2021-02-05,4400.0,4420.0,4370.0,4408.0,3920.0
2021-02-08,4416.0,4416.0,4376.0,4386.0,4860.0
2021-02-09,4376.0,4428.0,4370.0,4398.0,4850.0
2021-02-10,4390.0,4404.0,4372.0,4402.0,2620.0
2021-02-11,4390.0,4410.0,4384.0,4398.0,2710.0
2021-02-12,4396.0,4416.0,4394.0,4412.0,2380.0
2021-02-15,4372.0,4426.0,4372.0,4388.0,2960.0
2021-02-16,4420.0,4420.0,4410.0,4418.0,530.0
2021-02-17,4424.0,4424.0,4424.0,4424.0,40.0
2021-02-18,4400.0,4400.0,4292.0,4292.0,510.0
2021-02-19,4350.0,4350.0,4350.0,4292.0,140.0
2021-02-22,4300.0,4336.0,4270.0,4316.0,1950.0
2021-02-23,4328.0,4388.0,4314.0,4372.0,2230.0
2021-02-24,4370.0,4410.0,4356.0,4376.0,1930.0
2021-02-25,4388.0,4440.0,4388.0,4404.0,3690.0
2021-02-26,4394.0,4448.0,4392.0,4426.0,3140.0
2021-03-01,4444.0,4492.0,4444.0,4466.0,3640.0
2021-03-02,4450.0,4560.0,4450.0,4534.0,9160.0
2021-03-03,4502.0,4540.0,4492.0,4528.0,3340.0
2021-03-04,4522.0,4532.0,4394.0,4426.0,3860.0
2021-03-05,4346.0,4456.0,4346.0,4446.0,2810.0
2021-03-08,4484.0,4590.0,4482.0,4570.0,3790.0
2021-03-09,4600.0,4600.0,4538.0,4598.0,2840.0
2021-03-10,4600.0,4626.0,4566.0,4622.0,6800.0
2021-03-12,4672.0,4750.0,4672.0,4734.0,3270.0
2021-03-15,4738.0,4772.0,4604.0,4636.0,1380.0
2021-03-16,4670.0,4726.0,4670.0,4692.0,270.0
2021-03-17,4802.0,4802.0,4802.0,4802.0,
2021-03-18,4770.0,4770.0,4770.0,4770.0,10.0
2021-03-19,4628.0,4628.0,4628.0,4628.0,20.0
2021-03-22,4696.0,4778.0,4684.0,4764.0,4270.0
2021-03-23,4820.0,4930.0,4750.0,4838.0,9820.0
2021-03-24,4838.0,4876.0,4792.0,4814.0,5550.0
2021-03-25,4816.0,4834.0,4704.0,4736.0,4780.0
2021-03-26,4700.0,4762.0,4684.0,4756.0,4670.0
2021-03-29,4756.0,4756.0,4756.0,4756.0,
2021-03-30,4760.0,4772.0,4704.0,4764.0,2700.0
2021-03-31,4740.0,4866.0,4734.0,4848.0,7610.0
2021-04-01,4880.0,4930.0,4846.0,4880.0,8410.0
2021-04-05,4840.0,4970.0,4830.0,4940.0,14490.0
2021-04-06,4930.0,4932.0,4796.0,4836.0,5950.0
2021-04-07,4842.0,4880.0,4790.0,4802.0,4200.0
2021-04-08,4788.0,4826.0,4774.0,4790.0,2310.0
2021-04-09,4810.0,4836.0,4742.0,4772.0,3740.0
2021-04-12,4782.0,4782.0,4726.0,4750.0,4900.0
2021-04-13,4800.0,4888.0,4768.0,4848.0,2430.0
2021-04-14,4848.0,4848.0,4848.0,4848.0,
2021-04-15,4900.0,5130.0,4900.0,5008.0,70.0
2021-04-16,5008.0,5008.0,5008.0,5008.0,
2021-04-19,5126.0,5126.0,5126.0,5126.0,30.0
2021-04-20,5224.0,5224.0,5224.0,5126.0,100.0
2021-04-21,5218.0,5218.0,5218.0,5218.0,
2021-04-22,5280.0,5426.0,5256.0,5364.0,20980.0
2021-04-23,5370.0,5428.0,5200.0,5264.0,16510.0
2021-04-26,5212.0,5248.0,5054.0,5094.0,13880.0
2021-04-27,5080.0,5248.0,5080.0,5238.0,11770.0
2021-04-28,5184.0,5280.0,5150.0,5260.0,13220.0
2021-04-29,5298.0,5320.0,5222.0,5262.0,7680.0
2021-04-30,5250.0,5250.0,5180.0,5210.0,7430.0
2021-05-03,5204.0,5238.0,5064.0,5132.0,6990.0
2021-05-04,5144.0,5210.0,5122.0,5204.0,6400.0
2021-05-05,5224.0,5240.0,5184.0,5224.0,6870.0
2021-05-06,5224.0,5240.0,5188.0,5200.0,6060.0
2021-05-07,5210.0,5222.0,5144.0,5170.0,8510.0
2021-05-10,5200.0,5200.0,5128.0,5140.0,8790.0
2021-05-11,5122.0,5166.0,5116.0,5160.0,6330.0
2021-05-12,5154.0,5220.0,5154.0,5160.0,3010.0
2021-05-13,5160.0,5160.0,5160.0,5160.0,
2021-05-14,5128.0,5166.0,5094.0,5108.0,5260.0
2021-05-17,5220.0,5220.0,5156.0,5172.0,220.0
2021-05-18,5150.0,5194.0,5000.0,5094.0,180.0
2021-05-19,5100.0,5100.0,5100.0,5100.0,30.0
2021-05-20,5070.0,5070.0,5050.0,5060.0,30.0
2021-05-21,5114.0,5138.0,5042.0,5054.0,5600.0
2021-05-24,5028.0,5084.0,4882.0,5068.0,12490.0
2021-05-25,5090.0,5100.0,5060.0,5090.0,6110.0
2021-05-26,5090.0,5120.0,5032.0,5068.0,6640.0
2021-05-27,5058.0,5082.0,5042.0,5070.0,3010.0
2021-05-28,5088.0,5108.0,5060.0,5064.0,5420.0
2021-05-31,5038.0,5058.0,4988.0,5024.0,7540.0
2021-06-01,5038.0,5038.0,4990.0,5004.0,4940.0
2021-06-02,5016.0,5032.0,4968.0,5026.0,5210.0
2021-06-03,5036.0,5084.0,5022.0,5040.0,6710.0
2021-06-04,5038.0,5080.0,5020.0,5028.0,7060.0
2021-06-07,5060.0,5136.0,5044.0,5106.0,9450.0
2021-06-08,5120.0,5120.0,5062.0,5072.0,4860.0
2021-06-09,5082.0,5100.0,5036.0,5060.0,4670.0
2021-06-10,5068.0,5068.0,5032.0,5038.0,5450.0
2021-06-11,5028.0,5042.0,4972.0,4998.0,5010.0
2021-06-14,4968.0,4996.0,4948.0,4980.0,10990.0
2021-06-15,5056.0,5056.0,5038.0,5044.0,60.0
2021-06-16,5050.0,5050.0,5020.0,5020.0,900.0
2021-06-17,5000.0,5040.0,5000.0,5032.0,370.0
2021-06-18,5060.0,5060.0,5060.0,5060.0,150.0
2021-06-21,5122.0,5168.0,5114.0,5126.0,6130.0
2021-06-22,5160.0,5164.0,5122.0,5132.0,4580.0
2021-06-23,5132.0,5148.0,5098.0,5116.0,5280.0
2021-06-24,5104.0,5116.0,5072.0,5092.0,4770.0
2021-06-25,5098.0,5128.0,5080.0,5088.0,5250.0
2021-06-28,5088.0,5126.0,5050.0,5080.0,4210.0
2021-06-29,5074.0,5112.0,5070.0,5106.0,3300.0
2021-06-30,5108.0,5144.0,5098.0,5104.0,7070.0
2021-07-01,5106.0,5140.0,5100.0,5140.0,4190.0
2021-07-02,5144.0,5236.0,5144.0,5208.0,9180.0
2021-07-05,5210.0,5234.0,5164.0,5178.0,5840.0
2021-07-06,5172.0,5190.0,5162.0,5184.0,3770.0
2021-07-07,5186.0,5196.0,5172.0,5188.0,3210.0
2021-07-08,5198.0,5216.0,5186.0,5200.0,5770.0
2021-07-09,5212.0,5264.0,5212.0,5250.0,8340.0
2021-07-12,5260.0,5308.0,5260.0,5304.0,6860.0
2021-07-13,5322.0,5344.0,5312.0,5326.0,6090.0
2021-07-14,5334.0,5336.0,5302.0,5312.0,6660.0
2021-07-15,5314.0,5314.0,5292.0,5298.0,540.0
2021-07-16,5300.0,5438.0,5300.0,5396.0,900.0
2021-07-19,5422.0,5450.0,5422.0,5442.0,190.0
2021-07-20,5400.0,5420.0,5400.0,5410.0,270.0
2021-07-21,5460.0,5460.0,5460.0,5460.0,
2021-07-22,5468.0,5678.0,5468.0,5660.0,18580.0
2021-07-23,5686.0,5690.0,5598.0,5610.0,13060.0
2021-07-26,5600.0,5664.0,5562.0,5628.0,10030.0
2021-07-27,5620.0,5678.0,5590.0,5598.0,7610.0
2021-07-28,5584.0,5584.0,5500.0,5550.0,7390.0
2021-07-29,5560.0,5772.0,5560.0,5608.0,13860.0
2021-07-30,5634.0,5662.0,5612.0,5626.0,7190.0
2021-08-02,5636.0,5688.0,5612.0,5632.0,9060.0
2021-08-03,5618.0,5646.0,5590.0,5622.0,8039.999999999999
2021-08-04,5638.0,5670.0,5608.0,5636.0,7580.0
2021-08-05,5660.0,5674.0,5612.0,5652.0,8700.0
2021-08-06,5630.0,5660.0,5562.0,5580.0,6160.0
2021-08-09,5598.0,5616.0,5542.0,5596.0,6940.0
2021-08-10,5564.0,5670.0,5510.0,5652.0,7210.0
2021-08-11,5666.0,5676.0,5636.0,5644.0,2770.0
2021-08-12,5640.0,5682.0,5622.0,5664.0,7260.0
2021-08-13,5668.0,5880.0,5632.0,5752.0,8570.0
2021-08-16,5838.0,5838.0,5820.0,5832.0,310.0
2021-08-17,5832.0,5832.0,5832.0,5832.0,10.0
2021-08-18,5820.0,5892.0,5820.0,5890.0,250.0
2021-08-19,5890.0,5890.0,5890.0,5890.0,
2021-08-20,5914.0,5914.0,5914.0,5890.0,20.0
2021-08-23,5910.0,6060.0,5880.0,6038.0,29300.0
2021-08-24,6068.0,6400.0,6062.0,6400.0,35470.0
2021-08-25,6480.0,6784.0,6318.0,6408.0,49340.0
2021-08-26,6350.0,6398.0,6100.0,6128.0,41160.0
2021-08-27,6150.0,6230.0,5952.0,6000.0,26050.0
2021-08-30,6010.0,6156.0,5760.0,5948.0,26130.0
2021-08-31,5902.0,6044.0,5850.0,5888.0,14300.0
2021-09-01,5840.0,5974.0,5794.0,5904.0,13540.0
2021-09-02,5938.0,6050.0,5866.0,6036.0,8770.0
2021-09-03,6078.0,6132.0,6040.0,6080.0,7520.0
2021-09-06,6100.0,6146.0,6038.0,6056.0,7000.0
2021-09-07,6060.0,6174.0,6054.0,6136.0,7580.0
2021-09-08,6150.0,6370.0,6150.0,6318.0,13000.0
2021-09-09,6340.0,6380.0,6230.0,6298.0,10840.0
2021-09-10,6298.0,6298.0,6298.0,6298.0,
2021-09-13,6230.0,6264.0,6176.0,6198.0,12650.0
2021-09-14,6230.0,6248.0,6150.0,6184.0,920.0
2021-09-15,6174.0,6264.0,6160.0,6180.0,260.0
2021-09-16,6272.0,6276.0,6250.0,6266.0,250.0
2021-09-17,6220.0,6230.0,6200.0,6214.0,40.0
2021-09-20,6254.0,6254.0,5930.0,6194.0,25350.0
2021-09-21,6210.0,6246.0,6024.0,6092.0,16750.0
2021-09-22,6076.0,6128.0,5970.0,6058.0,11030.0
2021-09-23,6080.0,6180.0,6030.0,6166.0,14000.0
2021-09-24,6184.0,6248.0,6170.0,6214.0,13410.0
2021-09-27,6226.0,6232.0,6122.0,6136.0,9340.0
2021-09-28,6134.0,6198.0,6096.0,6140.0,10030.0
2021-09-29,6142.0,6222.0,6142.0,6204.0,9800.0
2021-09-30,6210.0,6228.0,6108.0,6126.0,9300.0
2021-10-01,6110.0,6160.0,6070.0,6132.0,8380.0
2021-10-04,6128.0,6130.0,5970.0,6046.0,9420.0
2021-10-05,6022.0,6080.0,6006.0,6034.0,7060.0
2021-10-06,6054.0,6100.0,6044.0,6058.0,9700.0
2021-10-07,6058.0,6080.0,5974.0,6070.0,10710.0
2021-10-08,6072.0,6188.0,6068.0,6120.0,14370.0
2021-10-11,6148.0,6180.0,6022.0,6068.0,20970.0
2021-10-12,6110.0,6148.0,6086.0,6112.0,210.0
2021-10-13,6100.0,6116.0,5996.0,6008.0,510.0
2021-10-14,6084.0,6084.0,6084.0,6084.0,10.0
2021-10-15,6084.0,6084.0,6084.0,6084.0,
2021-10-18,6258.0,6280.0,5966.0,6270.0,190.0
2021-10-19,6362.0,6424.0,6312.0,6362.0,13980.0
2021-10-20,6332.0,6404.0,6332.0,6380.0,8440.0
2021-10-21,6412.0,6600.0,6412.0,6464.0,21970.0
2021-10-22,6440.0,6510.0,6384.0,6440.0,15090.0
2021-10-25,6480.0,6520.0,6322.0,6430.0,16580.0
2021-10-26,6402.0,6590.0,6390.0,6542.0,19650.0
2021-10-27,6578.0,6680.0,6570.0,6642.0,17350.0
2021-10-28,6636.0,6690.0,6560.0,6612.0,20030.0
2021-10-29,6610.0,6660.0,6530.0,6592.0,13500.0
2021-11-01,6576.0,6634.0,6522.0,6540.0,5840.0
2021-11-02,6592.0,6592.0,6504.0,6512.0,7290.0
2021-11-03,6518.0,6540.0,6430.0,6468.0,6940.0
2021-11-04,6450.0,6528.0,6444.0,6494.0,2880.0
2021-11-05,6494.0,6494.0,6494.0,6494.0,
2021-11-08,6490.0,6590.0,6488.0,6558.0,14990.0
2021-11-09,6590.0,6650.0,6474.0,6496.0,9350.0
2021-11-10,6490.0,6520.0,6424.0,6436.0,16930.0
2021-11-11,6436.0,6480.0,6418.0,6422.0,12130.0
2021-11-12,6430.0,6482.0,6430.0,6452.0,890.0
2021-11-15,6532.0,6658.0,6402.0,6454.0,370.0
2021-11-16,6362.0,6368.0,6270.0,6284.0,280.0
2021-11-17,6290.0,6290.0,6290.0,6290.0,190.0
2021-11-18,6380.0,6418.0,6330.0,6362.0,9150.0
2021-11-19,6362.0,6362.0,6362.0,6362.0,
2021-11-22,6386.0,6550.0,6372.0,6538.0,10500.0
2021-11-23,6574.0,6574.0,6474.0,6494.0,4950.0
2021-11-24,6480.0,6500.0,6430.0,6458.0,5380.0
2021-11-25,6464.0,6488.0,6438.0,6476.0,5000.0
2021-11-26,6456.0,6542.0,6450.0,6532.0,8490.0
2021-11-29,6560.0,6560.0,6342.0,6436.0,11090.0
2021-11-30,6430.0,6474.0,6410.0,6464.0,5700.0
2021-12-01,6472.0,6514.0,6456.0,6502.0,4019.9999999999995
2021-12-02,6494.0,6518.0,6412.0,6434.0,5430.0
2021-12-03,6420.0,6476.0,6412.0,6470.0,4110.0
2021-12-06,6500.0,6512.0,6402.0,6422.0,5300.0
2021-12-07,6424.0,6440.0,6380.0,6436.0,5950.0
2021-12-08,6438.0,6472.0,6406.0,6418.0,5340.0
2021-12-09,6410.0,6436.0,6268.0,6300.0,9840.0
2021-12-10,6280.0,6338.0,6234.0,6330.0,7470.0
2021-12-13,6328.0,6366.0,5970.0,6050.0,5600.0
2021-12-14,6108.0,6200.0,6108.0,6184.0,5180.0
2021-12-15,6180.0,6222.0,6164.0,6170.0,1340.0
2021-12-16,6180.0,6202.0,6180.0,6196.0,890.0
2021-12-17,6190.0,6190.0,6092.0,6094.0,840.0
2021-12-20,5990.0,5990.0,5898.0,5916.0,1420.0
2021-12-21,5936.0,5980.0,5822.0,5862.0,5410.0
2021-12-22,5850.0,5984.0,5798.0,5910.0,8920.0
2021-12-23,5900.0,5994.0,5892.0,5964.0,5020.0
2021-12-24,5946.0,5988.0,5924.0,5946.0,5040.0
2021-12-27,5922.0,5946.0,5824.0,5848.0,4340.0
2021-12-28,5848.0,5878.0,5754.0,5806.0,6520.0
2021-12-29,5810.0,5864.0,5758.0,5804.0,5020.0
2021-12-30,5800.0,5838.0,5774.0,5834.0,5470.0
2021-12-31,5858.0,5920.0,5802.0,5878.0,7520.0
2022-01-03,5914.0,5992.0,5878.0,5938.0,4360.0
2022-01-04,5946.0,5988.0,5892.0,5984.0,4750.0
2022-01-05,5994.0,6016.0,5954.0,5972.0,1580.0
2022-01-06,5822.0,5950.0,5822.0,5944.0,2810.0
2022-01-07,5898.0,5976.0,5868.0,5880.0,3420.0
2022-01-10,5880.0,5940.0,5834.0,5898.0,8150.0
2022-01-11,5908.0,5980.0,5906.0,5978.0,3950.0
2022-01-12,6032.0,6100.0,6016.0,6096.0,3230.0
2022-01-13,6094.0,6242.0,6090.0,6198.0,3030.0
2022-01-14,6202.0,6272.0,6202.0,6254.0,2660.0
2022-01-17,6238.0,6248.0,6230.0,6236.0,280.0
2022-01-18,6236.0,6236.0,6236.0,6236.0,50.0
2022-01-19,6346.0,6350.0,6266.0,6320.0,70.0
2022-01-20,6144.0,6144.0,6144.0,6144.0,170.0
2022-01-21,6218.0,6312.0,6182.0,6268.0,9110.0
2022-01-24,6296.0,6330.0,6262.0,6306.0,4270.0
2022-01-25,6332.0,6436.0,6302.0,6418.0,7420.0
2022-01-27,6440.0,6518.0,6404.0,6478.0,13290.0
2022-01-28,6470.0,6486.0,6370.0,6446.0,7510.0
2022-01-31,6450.0,6516.0,6412.0,6476.0,9540.0
2022-02-01,6490.0,6516.0,6446.0,6456.0,3160.0
2022-02-02,6464.0,6476.0,6438.0,6446.0,2730.0
2022-02-03,6446.0,6466.0,6426.0,6460.0,3290.0
2022-02-04,6454.0,6580.0,6454.0,6536.0,4710.0
2022-02-07,6576.0,6628.0,6556.0,6582.0,3600.0
2022-02-08,6574.0,6598.0,6520.0,6590.0,2150.0
2022-02-09,6606.0,6688.0,6586.0,6644.0,4050.0
2022-02-10,6664.0,6778.0,6652.0,6760.0,4050.0
2022-02-11,6806.0,6864.0,6736.0,6852.0,3160.0
2022-02-14,6910.0,7028.0,6758.0,6806.0,4780.0
2022-02-15,6790.0,6850.0,6780.0,6840.0,130.0
2022-02-16,6858.0,6920.0,6840.0,6914.0,180.0
2022-02-17,6998.0,7058.0,6974.0,7042.0,410.0
2022-02-18,7108.0,7120.0,7060.0,7102.0,640.0
2022-02-21,7138.0,7148.0,6964.0,6986.0,9960.0
2022-02-22,6946.0,7000.0,6802.0,6858.0,11520.0
2022-02-23,6876.0,6918.0,6680.0,6742.0,15260.0
2022-02-24,6760.0,6890.0,6606.0,6840.0,17460.0
2022-02-25,6890.0,6970.0,6824.0,6892.0,7030.0
2022-02-28,6870.0,7066.0,6808.0,7050.0,8280.0
2022-03-01,7050.0,7050.0,7050.0,7050.0,
2022-03-02,7090.0,7430.0,7088.0,7308.0,13910.0
2022-03-03,7330.0,7416.0,7118.0,7200.0,9020.0
2022-03-04,7190.0,7288.0,7150.0,7250.0,5680.0
2022-03-07,7200.0,7360.0,7150.0,7260.0,5180.0
2022-03-08,7258.0,7284.0,7148.0,7222.0,5770.0
2022-03-09,7260.0,7328.0,7216.0,7290.0,4500.0
2022-03-10,7264.0,7280.0,7122.0,7156.0,4390.0
2022-03-11,7140.0,7230.0,7140.0,7200.0,340.0
2022-03-14,7304.0,7304.0,7220.0,7242.0,60.0
2022-03-15,7268.0,7270.0,7080.0,7128.0,170.0
2022-03-16,7270.0,7270.0,7270.0,7352.0,
2022-03-17,7280.0,7346.0,7272.0,7310.0,5170.0
2022-03-18,7310.0,7310.0,7310.0,7310.0,
2022-03-21,7312.0,7336.0,7228.0,7264.0,3690.0
2022-03-22,7274.0,7328.0,7240.0,7298.0,4580.0
2022-03-23,7320.0,7356.0,7286.0,7320.0,4130.0
2022-03-24,7284.0,7336.0,7278.0,7316.0,2510.0
2022-03-25,7290.0,7314.0,7254.0,7280.0,2740.0
2022-03-28,7268.0,7288.0,7156.0,7204.0,5010.0
2022-03-29,7204.0,7240.0,7172.0,7214.0,3200.0
2022-03-30,7220.0,7280.0,7190.0,7248.0,4800.0
2022-03-31,7236.0,7310.0,7228.0,7288.0,2640.0
2022-04-01,7310.0,7578.0,7262.0,7434.0,7930.0
2022-04-04,7420.0,7476.0,7250.0,7322.0,5630.0
2022-04-05,7300.0,7350.0,7202.0,7220.0,5290.0
2022-04-06,7190.0,7210.0,7082.0,7124.0,3830.0
2022-04-07,7102.0,7140.0,6998.0,7010.0,4280.0
2022-04-08,6990.0,7092.0,6924.0,6970.0,4450.0
2022-04-11,6952.0,7030.0,6912.0,6960.0,2420.0
2022-04-12,6980.0,7020.0,6912.0,6946.0,2000.0
2022-04-13,6970.0,7000.0,6964.0,6978.0,70.0
2022-04-14,6978.0,6978.0,6978.0,6978.0,
2022-04-18,7108.0,7108.0,7090.0,7100.0,20.0
2022-04-19,7020.0,7020.0,6970.0,6970.0,220.0
2022-04-20,7148.0,7148.0,7148.0,7176.0,
2022-04-21,7154.0,7248.0,7150.0,7228.0,15080.0
2022-04-22,7230.0,7234.0,7166.0,7182.0,6370.0
2022-04-25,7170.0,7228.0,7154.0,7180.0,10530.0
2022-04-26,7150.0,7182.0,7102.0,7164.0,8770.0
2022-04-27,7160.0,7218.0,7130.0,7182.0,11080.0
2022-04-28,7184.0,7258.0,7168.0,7248.0,17150.0
2022-04-29,7260.0,7508.0,7260.0,7330.0,27820.0
2022-05-02,7292.0,7318.0,7254.0,7280.0,10460.0
2022-05-03,7280.0,7280.0,7280.0,7280.0,
2022-05-04,7294.0,7310.0,7238.0,7278.0,7730.0
2022-05-05,7290.0,7324.0,7150.0,7210.0,10140.0
2022-05-06,7200.0,7230.0,7000.0,7216.0,6640.0
2022-05-09,7232.0,7274.0,7232.0,7238.0,5950.0
2022-05-10,7236.0,7260.0,7214.0,7240.0,4830.0
2022-05-11,7240.0,7308.0,7240.0,7286.0,3660.0
2022-05-12,7298.0,7342.0,7278.0,7294.0,3610.0
2022-05-13,7328.0,7378.0,7322.0,7340.0,1020.0
2022-05-16,7408.0,7510.0,7408.0,7474.0,2140.0
2022-05-17,7474.0,7578.0,7440.0,7496.0,390.0
2022-05-18,7450.0,7450.0,7392.0,7434.0,920.0
2022-05-19,7450.0,7450.0,7450.0,7450.0,370.0
2022-05-20,7550.0,7550.0,7500.0,7526.0,600.0
2022-05-23,7652.0,7724.0,7562.0,7628.0,16520.0
2022-05-24,7630.0,7676.0,7584.0,7612.0,7450.0
2022-05-25,7598.0,7598.0,7486.0,7500.0,12240.0
2022-05-26,7530.0,7648.0,7510.0,7632.0,12700.0
2022-05-27,7630.0,7656.0,7554.0,7592.0,6270.0
2022-05-30,7572.0,7584.0,7290.0,7368.0,19210.0
2022-05-31,7342.0,7430.0,7270.0,7402.0,10210.0
2022-06-01,7392.0,7456.0,7342.0,7416.0,8810.0
2022-06-02,7402.0,7478.0,7380.0,7452.0,7710.0
2022-06-03,7450.0,7518.0,7446.0,7500.0,6800.0
2022-06-06,7480.0,7542.0,7478.0,7488.0,4460.0
2022-06-07,7480.0,7532.0,7400.0,7458.0,8010.0
2022-06-08,7444.0,7510.0,7444.0,7478.0,8570.0
2022-06-09,7480.0,7498.0,7458.0,7472.0,3700.0
2022-06-10,7458.0,7482.0,7430.0,7466.0,4900.0
2022-06-13,7440.0,7440.0,7336.0,7358.0,8830.0
2022-06-14,7358.0,7408.0,7358.0,7406.0,4160.0
2022-06-15,7430.0,7450.0,7414.0,7430.0,210.0
2022-06-16,7450.0,7450.0,7312.0,7330.0,640.0
2022-06-17,7402.0,7474.0,7362.0,7406.0,60.0
2022-06-20,7234.0,7234.0,7234.0,7406.0,70.0
2022-06-21,7220.0,7296.0,7190.0,7242.0,6060.0
2022-06-22,7226.0,7250.0,7172.0,7190.0,11310.0
2022-06-23,7172.0,7296.0,7142.0,7278.0,15300.0
2022-06-24,7260.0,7288.0,7180.0,7206.0,10490.0
2022-06-27,7200.0,7270.0,7178.0,7238.0,7600.0
2022-06-28,7248.0,7356.0,7226.0,7350.0,10340.0
2022-06-29,7352.0,7440.0,7324.0,7418.0,7750.0
2022-06-30,7414.0,7546.0,7414.0,7480.0,10610.0
2022-07-01,7410.0,7526.0,7370.0,7520.0,4520.0
2022-07-04,7488.0,7500.0,7400.0,7432.0,8020.0
2022-07-05,7426.0,7444.0,7344.0,7378.0,7430.0
2022-07-06,7320.0,7388.0,7214.0,7362.0,9510.0
2022-07-07,7354.0,7398.0,7320.0,7340.0,5080.0
2022-07-08,7332.0,7458.0,7330.0,7406.0,6470.0
2022-07-11,7388.0,7454.0,7344.0,7356.0,3930.0
2022-07-12,7350.0,7376.0,7262.0,7314.0,6940.0
2022-07-13,7284.0,7312.0,7252.0,7292.0,3580.0
2022-07-14,7280.0,7292.0,7184.0,7252.0,6280.0
2022-07-15,7276.0,7290.0,7254.0,7284.0,390.0
2022-07-18,7152.0,7220.0,7152.0,7174.0,30.0
2022-07-19,7174.0,7174.0,7174.0,7174.0,330.0
2022-07-20,7310.0,7310.0,7310.0,7310.0,1480.0
2022-07-21,7418.0,7440.0,7360.0,7382.0,6450.0
2022-07-22,7370.0,7370.0,7280.0,7310.0,7110.0
2022-07-25,7282.0,7282.0,7192.0,7238.0,8480.0
2022-07-26,7210.0,7310.0,7196.0,7296.0,10380.0
2022-07-27,7282.0,7342.0,7246.0,7288.0,4960.0
2022-07-28,7296.0,7360.0,7282.0,7304.0,10150.0
2022-07-29,7304.0,7340.0,7266.0,7282.0,5920.0
2022-08-01,7270.0,7310.0,7220.0,7242.0,3710.0
2022-08-02,7224.0,7228.0,7132.0,7168.0,6080.0
2022-08-03,7158.0,7178.0,7058.0,7166.0,6400.0
2022-08-04,7170.0,7220.0,7134.0,7204.0,4900.0
2022-08-05,7176.0,7210.0,7158.0,7194.0,8140.000000000001
2022-08-08,7214.0,7250.0,7168.0,7232.0,13700.0
2022-08-10,7260.0,7332.0,7230.0,7260.0,9780.0
2022-08-11,7192.0,7550.0,7192.0,7298.0,1670.0
2022-08-12,7310.0,7376.0,7310.0,7356.0,170.0
2022-08-16,7460.0,7544.0,7380.0,7496.0,200.0
2022-08-17,7550.0,7630.0,7550.0,7582.0,380.0
2022-08-18,7616.0,7620.0,7508.0,7582.0,8010.0
2022-08-19,7586.0,7618.0,7502.0,7534.0,6380.0
2022-08-22,7546.0,7590.0,7482.0,7498.0,5940.0
2022-08-23,7514.0,7564.0,7506.0,7544.0,5950.0
2022-08-24,7544.0,7586.0,7516.0,7550.0,4700.0
2022-08-25,7568.0,7570.0,7382.0,7412.0,10070.0
2022-08-26,7390.0,7460.0,7390.0,7444.0,7610.0
2022-08-29,7450.0,7460.0,7398.0,7404.0,4470.0
2022-08-30,7400.0,7422.0,7268.0,7292.0,8230.0
2022-09-01,7286.0,7336.0,7190.0,7322.0,7330.0
2022-09-02,7306.0,7358.0,7280.0,7340.0,3780.0
2022-09-05,7250.0,7392.0,7250.0,7382.0,5730.0
2022-09-06,7378.0,7412.0,7350.0,7378.0,3710.0
2022-09-07,7400.0,7400.0,7350.0,7386.0,4160.0
2022-09-08,7400.0,7408.0,7356.0,7362.0,8250.0
2022-09-09,7322.0,7648.0,7320.0,7460.0,4040.0
2022-09-12,7426.0,7442.0,7394.0,7442.0,3920.0
2022-09-13,7460.0,7472.0,7422.0,7426.0,4330.0
2022-09-14,7400.0,7412.0,7366.0,7410.0,4400.0
2022-09-15,7408.0,7412.0,7400.0,7410.0,120.0
2022-09-16,7406.0,7426.0,7400.0,7402.0,780.0
2022-09-19,7428.0,7428.0,7428.0,7428.0,
2022-09-20,7382.0,7382.0,7382.0,7428.0,10.0
2022-09-21,7370.0,7430.0,7358.0,7398.0,3480.0
2022-09-22,7428.0,7444.0,7394.0,7426.0,2180.0
2022-09-23,7430.0,7496.0,7430.0,7484.0,4220.0
2022-09-26,7476.0,7476.0,7400.0,7424.0,3390.0
2022-09-27,7410.0,7478.0,7380.0,7432.0,4040.0
2022-09-28,7416.0,7458.0,7400.0,7418.0,5120.0
2022-09-29,7418.0,7440.0,7412.0,7426.0,8940.0
2022-09-30,7416.0,7442.0,7390.0,7400.0,4970.0
2022-10-03,7398.0,7398.0,7252.0,7342.0,7840.0
2022-10-04,7346.0,7350.0,7280.0,7304.0,3860.0
2022-10-06,7292.0,7334.0,7292.0,7322.0,2520.0
2022-10-07,7366.0,7394.0,7310.0,7320.0,5860.0
2022-10-10,7300.0,7300.0,7132.0,7170.0,12690.0
2022-10-11,7168.0,7168.0,6900.0,7108.0,3080.0
2022-10-12,7110.0,7280.0,7050.0,7058.0,13150.0
2022-10-13,6992.0,7128.0,6992.0,7084.0,4840.0
2022-10-14,7106.0,7126.0,7082.0,7084.0,7900.0
2022-10-17,7092.0,7108.0,7088.0,7102.0,1450.0
2022-10-18,7186.0,7186.0,7186.0,7186.0,
2022-10-19,7100.0,7100.0,7066.0,7090.0,30.0
2022-10-20,7164.0,7164.0,7164.0,7184.0,
2022-10-21,7170.0,7174.0,7064.0,7138.0,2210.0
2022-10-24,7152.0,7152.0,7102.0,7114.0,1580.0
2022-10-25,7134.0,7134.0,7094.0,7112.0,390.0
2022-10-27,7124.0,7150.0,7088.0,7134.0,1560.0
2022-10-28,7130.0,7150.0,7120.0,7132.0,1950.0
2022-10-31,7140.0,7268.0,6940.0,7126.0,7830.0
2022-11-01,7120.0,7200.0,7120.0,7198.0,2830.0
2022-11-02,7170.0,7298.0,7170.0,7286.0,5320.0
2022-11-03,7242.0,7268.0,7106.0,7220.0,3500.0
2022-11-04,7238.0,7282.0,7204.0,7236.0,2990.0
2022-11-07,7280.0,7318.0,7252.0,7268.0,5800.0
2022-11-09,7270.0,7288.0,7240.0,7254.0,3700.0
2022-11-10,7338.0,7338.0,7234.0,7256.0,3390.0
2022-11-11,7250.0,7336.0,7244.0,7314.0,6260.0
2022-11-14,7300.0,7370.0,7292.0,7322.0,7510.0
2022-11-15,7370.0,7390.0,7368.0,7374.0,1120.0
2022-11-16,7400.0,7420.0,7400.0,7402.0,470.0
2022-11-17,7434.0,7450.0,7434.0,7440.0,1060.0
2022-11-18,7430.0,7430.0,7430.0,7430.0,160.0
2022-11-21,7520.0,7520.0,7422.0,7476.0,3100.0
2022-11-22,7490.0,7490.0,7384.0,7428.0,5890.0
2022-11-23,7412.0,7430.0,7382.0,7408.0,5590.0
2022-11-24,7392.0,7458.0,7372.0,7434.0,4110.0
2022-11-25,7438.0,7488.0,7402.0,7416.0,5230.0
2022-11-28,7408.0,7438.0,7334.0,7420.0,4120.0
2022-11-29,7430.0,7490.0,7414.0,7472.0,4200.0
2022-11-30,7490.0,7490.0,7434.0,7444.0,5560.0
2022-12-01,7444.0,7490.0,7436.0,7476.0,4810.0
2022-12-02,7480.0,7490.0,7430.0,7440.0,3700.0
2022-12-05,7396.0,7442.0,7376.0,7424.0,1990.0
2022-12-06,7392.0,7460.0,7392.0,7440.0,5770.0
2022-12-07,7440.0,7454.0,7436.0,7444.0,1650.0
2022-12-08,7444.0,7466.0,7444.0,7454.0,2670.0
2022-12-09,7452.0,7464.0,7416.0,7448.0,4160.0
2022-12-12,7486.0,7508.0,7336.0,7428.0,7880.0
2022-12-13,7412.0,7446.0,7410.0,7442.0,3370.0
2022-12-14,7406.0,7588.0,7400.0,7494.0,3800.0
2022-12-15,7500.0,7526.0,7470.0,7512.0,1140.0
2022-12-16,7470.0,7478.0,7380.0,7404.0,470.0
2022-12-19,7294.0,7298.0,7220.0,7242.0,320.0
2022-12-20,7254.0,7438.0,7252.0,7334.0,180.0
2022-12-21,7194.0,7208.0,7072.0,7182.0,6420.0
2022-12-22,7182.0,7220.0,7150.0,7188.0,2710.0
2022-12-23,7070.0,7210.0,7070.0,7156.0,3910.0
2022-12-26,7100.0,7120.0,7072.0,7084.0,4160.0
2022-12-27,7082.0,7110.0,7024.0,7040.0,6060.0
2022-12-28,7048.0,7064.0,6926.0,7050.0,5750.0
2022-12-29,7048.0,7098.0,7024.0,7050.0,4200.0
2022-12-30,7034.0,7140.0,7028.0,7120.0,5750.0
2023-01-02,7128.0,7188.0,7128.0,7182.0,3850.0
2023-01-03,7242.0,7246.0,7162.0,7232.0,3400.0
2023-01-04,7214.0,7216.0,7160.0,7180.0,2880.0
2023-01-05,7164.0,7256.0,7122.0,7224.0,2520.0
2023-01-06,7252.0,7272.0,7210.0,7224.0,4260.0
2023-01-09,7220.0,7230.0,7176.0,7190.0,5670.0
2023-01-10,7216.0,7224.0,7116.0,7126.0,4980.0
2023-01-11,7100.0,7124.0,7060.0,7120.0,4600.0
2023-01-12,7132.0,7182.0,7106.0,7176.0,3220.0
2023-01-13,7192.0,7332.0,7180.0,7314.0,5620.0
2023-01-16,7596.0,7596.0,7230.0,7242.0,5140.0
2023-01-17,7224.0,7250.0,7050.0,7134.0,2800.0
2023-01-18,7258.0,7258.0,7258.0,7258.0,
2023-01-19,7066.0,7066.0,7030.0,7048.0,30.0
2023-01-20,7000.0,7000.0,6994.0,7000.0,720.0
2023-01-23,7042.0,7050.0,6986.0,7020.0,2480.0
2023-01-24,6982.0,7042.0,6982.0,7012.0,1320.0
2023-01-25,6992.0,7018.0,6904.0,6936.0,5300.0
2023-01-27,6970.0,7090.0,6930.0,7014.0,5000.0
2023-01-30,7064.0,7100.0,7034.0,7054.0,2000.0
2023-01-31,7050.0,7124.0,7050.0,7106.0,3280.0
2023-02-01,7114.0,7152.0,7032.0,7070.0,3450.0
2023-02-02,7060.0,7074.0,7006.0,7052.0,2570.0
2023-02-03,7042.0,7080.0,7022.0,7034.0,7800.0
2023-02-06,6978.0,7054.0,6978.0,7016.0,3520.0
2023-02-07,7000.0,7032.0,7000.0,7018.0,1280.0
2023-02-08,7030.0,7076.0,7012.0,7064.0,2270.0
2023-02-09,7066.0,7088.0,7026.0,7050.0,3480.0
2023-02-10,7040.0,7124.0,7040.0,7074.0,4560.0
2023-02-13,7044.0,7060.0,6802.0,6834.0,8830.0
2023-02-14,6802.0,6868.0,6652.0,6718.0,6490.0
2023-02-15,6778.0,6796.0,6778.0,6790.0,60.0
2023-02-16,6800.0,6800.0,6800.0,6800.0,20.0
2023-02-17,6750.0,6750.0,6750.0,6750.0,10.0
2023-02-20,6688.0,6688.0,6688.0,6894.0,
2023-02-21,6660.0,6710.0,6650.0,6694.0,3920.0
2023-02-22,6700.0,6700.0,6580.0,6606.0,7560.0
2023-02-23,6618.0,6618.0,6538.0,6564.0,5130.0
2023-02-24,6538.0,6610.0,6516.0,6584.0,6190.0
2023-02-27,6570.0,6596.0,6444.0,6472.0,5810.0
2023-02-28,6440.0,6480.0,6330.0,6374.0,5950.0
2023-03-01,6370.0,6380.0,6254.0,6284.0,7010.0
2023-03-02,6274.0,6438.0,6274.0,6364.0,5980.0
2023-03-03,6450.0,6450.0,6320.0,6356.0,2200.0
2023-03-06,6394.0,6394.0,6306.0,6366.0,1810.0
2023-03-08,6380.0,6390.0,6350.0,6374.0,750.0
2023-03-09,6378.0,6426.0,6364.0,6420.0,3680.0
2023-03-10,6350.0,6458.0,6350.0,6420.0,3030.0
2023-03-13,6520.0,6546.0,6454.0,6530.0,2330.0
2023-03-14,6580.0,6580.0,6470.0,6542.0,3230.0
2023-03-15,6550.0,6552.0,6536.0,6540.0,1010.0
2023-03-16,6460.0,6550.0,6450.0,6482.0,790.0
2023-03-17,6450.0,6470.0,6440.0,6462.0,470.0
2023-03-20,6550.0,6588.0,6516.0,6570.0,200.0
2023-03-21,6340.0,6398.0,6330.0,6392.0,3990.0
2023-03-22,6370.0,6462.0,6350.0,6446.0,9120.0
2023-03-23,6408.0,6466.0,6350.0,6386.0,4970.0
2023-03-24,6378.0,6410.0,6260.0,6316.0,5430.0
2023-03-27,6300.0,6316.0,6218.0,6256.0,3970.0
2023-03-28,6256.0,6276.0,6194.0,6258.0,5010.0
2023-03-29,6234.0,6264.0,6222.0,6238.0,1480.0
2023-03-31,6240.0,6278.0,6110.0,6148.0,3990.0
2023-04-03,6110.0,6178.0,6078.0,6112.0,5650.0
2023-04-05,6082.0,6132.0,6066.0,6086.0,4350.0
2023-04-06,6020.0,6130.0,6000.0,6036.0,3730.0
2023-04-10,6100.0,6277.0,6052.0,6187.0,5030.0
2023-04-11,6148.0,6277.0,6148.0,6260.0,2490.0
2023-04-12,6308.0,6308.0,6242.0,6247.0,1530.0
2023-04-13,6250.0,6268.0,6200.0,6225.0,2710.0
2023-04-17,6218.0,6218.0,6100.0,6140.0,390.0
2023-04-18,6140.0,6140.0,6140.0,6140.0,100.0
2023-04-19,6140.0,6140.0,6140.0,6140.0,50.0
2023-04-20,6248.0,6248.0,6248.0,6140.0,30.0
2023-04-21,6240.0,6278.0,6240.0,6266.0,5300.0
2023-04-24,6225.0,6246.0,6180.0,6195.0,6270.0
2023-04-25,6173.0,6188.0,6112.0,6154.0,7040.0
2023-04-26,6140.0,6145.0,6012.0,6030.0,10480.0
2023-04-27,6013.0,6060.0,5981.0,6051.0,4950.0
2023-04-28,6041.0,6056.0,5935.0,5967.0,8340.0
2023-05-02,5918.0,5966.0,5870.0,5944.0,9250.0
2023-05-03,5945.0,6078.0,5912.0,6011.0,4950.0
2023-05-04,6050.0,6092.0,6010.0,6075.0,4690.0
2023-05-05,6076.0,6115.0,6011.0,6024.0,3390.0
2023-05-08,5970.0,6001.0,5934.0,5948.0,3450.0
2023-05-09,5904.0,5940.0,5862.0,5889.0,6260.0
2023-05-10,5836.0,5968.0,5813.0,5959.0,3180.0
2023-05-11,5941.0,6010.0,5926.0,5933.0,2410.0
2023-05-12,5919.0,5955.0,5821.0,5836.0,1580.0
2023-05-15,5800.0,5800.0,5690.0,5723.0,1660.0
2023-05-16,5723.0,5723.0,5723.0,5723.0,40.0
2023-05-17,5857.0,5857.0,5857.0,5857.0,80.0
2023-05-18,5857.0,5857.0,5857.0,5857.0,10.0
2023-05-19,6075.0,6075.0,6075.0,6075.0,10.0
2023-05-22,5858.0,5878.0,5721.0,5778.0,9230.0
2023-05-23,5800.0,5800.0,5702.0,5735.0,6460.0
2023-05-24,5711.0,5759.0,5684.0,5717.0,5890.0
2023-05-25,5693.0,5710.0,5575.0,5597.0,6570.0
2023-05-26,5575.0,5589.0,5552.0,5577.0,3630.0
2023-05-29,5530.0,5640.0,5480.0,5606.0,7460.0
2023-05-30,5575.0,5608.0,5502.0,5548.0,3830.0
2023-05-31,5531.0,5540.0,5338.0,5366.0,7330.0
2023-06-01,5314.0,5405.0,5314.0,5364.0,5090.0
2023-06-02,5378.0,5466.0,5366.0,5421.0,3540.0
2023-06-05,5455.0,5499.0,5402.0,5430.0,3790.0
2023-06-06,5426.0,5446.0,5403.0,5411.0,4990.0
2023-06-07,5410.0,5453.0,5382.0,5438.0,5210.0
2023-06-08,5447.0,5548.0,5440.0,5527.0,7260.0
2023-06-09,5547.0,5625.0,5514.0,5586.0,5560.0
2023-06-12,5560.0,5660.0,5560.0,5649.0,4240.0
2023-06-13,5675.0,5720.0,5664.0,5685.0,4290.0
2023-06-14,5786.0,5786.0,5612.0,5700.0,390.0
2023-06-15,5588.0,5788.0,5588.0,5729.0,130.0
2023-06-16,5729.0,5729.0,5729.0,5729.0,90.0
2023-06-19,5885.0,5885.0,5885.0,5874.0,
2023-06-20,5891.0,5891.0,5785.0,5805.0,5530.0
2023-06-21,5790.0,5818.0,5740.0,5792.0,5190.0
2023-06-22,5793.0,5814.0,5705.0,5727.0,7110.0
2023-06-23,5727.0,5744.0,5662.0,5713.0,4380.0
2023-06-26,5722.0,5780.0,5702.0,5755.0,4860.0
2023-06-27,5751.0,5780.0,5704.0,5719.0,5580.0
2023-06-28,5728.0,5837.0,5705.0,5792.0,5980.0
2023-06-30,5800.0,5910.0,5800.0,5874.0,7190.0
2023-07-03,5928.0,5968.0,5913.0,5944.0,7940.0
2023-07-04,5909.0,5963.0,5866.0,5926.0,7960.0
2023-07-05,5920.0,5954.0,5918.0,5934.0,3100.0
2023-07-06,5946.0,5950.0,5864.0,5911.0,3580.0
2023-07-07,5943.0,5973.0,5890.0,5950.0,6240.0
2023-07-10,5980.0,6050.0,5980.0,6026.0,4540.0
2023-07-11,6045.0,6092.0,6019.0,6074.0,4650.0
2023-07-12,6128.0,6128.0,6073.0,6097.0,1910.0
2023-07-13,6054.0,6070.0,6017.0,6050.0,2330.0
2023-07-14,6032.0,6090.0,6032.0,6076.0,2760.0
2023-07-17,6197.0,6197.0,6197.0,6197.0,330.0
2023-07-18,6260.0,6260.0,6260.0,6260.0,60.0
2023-07-19,6260.0,6260.0,6260.0,6260.0,120.0
2023-07-20,6393.0,6393.0,6393.0,6260.0,10.0
2023-07-21,6388.0,6436.0,6272.0,6377.0,11250.0
2023-07-24,6400.0,6476.0,6371.0,6435.0,9040.0
2023-07-25,6475.0,6504.0,6322.0,6377.0,10000.0
2023-07-26,6360.0,6424.0,6350.0,6396.0,6240.0
2023-07-27,6398.0,6398.0,6321.0,6368.0,3730.0
2023-07-28,6380.0,6428.0,6367.0,6402.0,6650.0
2023-07-31,6400.0,6405.0,6342.0,6377.0,4560.0
2023-08-01,6378.0,6380.0,6316.0,6331.0,3590.0
2023-08-02,6325.0,6338.0,6252.0,6273.0,6800.0
2023-08-03,6300.0,6300.0,6242.0,6263.0,2950.0
2023-08-04,6275.0,6330.0,6250.0,6289.0,4980.0
2023-08-07,6303.0,6350.0,6272.0,6319.0,5840.0
2023-08-08,6330.0,6336.0,6260.0,6269.0,3520.0
2023-08-09,6260.0,6289.0,6185.0,6205.0,6630.0
2023-08-10,6190.0,6201.0,6165.0,6179.0,6540.0
2023-08-11,6166.0,6171.0,6080.0,6148.0,4660.0
2023-08-14,6184.0,6224.0,6184.0,6204.0,130.0
2023-08-16,6204.0,6204.0,6204.0,6204.0,50.0
2023-08-17,6200.0,6200.0,6174.0,6175.0,320.0
2023-08-18,6340.0,6340.0,6340.0,6175.0,170.0
2023-08-21,6340.0,6378.0,6305.0,6337.0,5870.0
2023-08-22,6339.0,6350.0,6234.0,6252.0,6940.0
2023-08-23,6254.0,6254.0,6190.0,6239.0,6350.0
2023-08-24,6230.0,6264.0,6210.0,6219.0,3680.0
2023-08-25,6227.0,6241.0,6215.0,6232.0,2610.0
2023-08-28,6240.0,6263.0,6134.0,6174.0,8039.999999999999
2023-08-29,6180.0,6180.0,6090.0,6142.0,10300.0
2023-08-30,6136.0,6167.0,6110.0,6162.0,3010.0
2023-08-31,6162.0,6230.0,6050.0,6175.0,5910.0
2023-09-01,6156.0,6344.0,6156.0,6267.0,8540.0
2023-09-04,6288.0,6288.0,6216.0,6230.0,4230.0
2023-09-05,6194.0,6274.0,6194.0,6251.0,3200.0
2023-09-06,6223.0,6319.0,6223.0,6267.0,3210.0
2023-09-07,6264.0,6274.0,6228.0,6238.0,2730.0
2023-09-08,6221.0,6247.0,5989.0,6220.0,4410.0
2023-09-11,6220.0,6248.0,6163.0,6221.0,6800.0
2023-09-12,6226.0,6294.0,6217.0,6242.0,6910.0
2023-09-13,6268.0,6450.0,6228.0,6288.0,910.0
2023-09-14,6255.0,6292.0,6225.0,6238.0,340.0
2023-09-15,6173.0,6176.0,5991.0,6097.0,110.0
2023-09-18,5924.0,6063.0,5860.0,5942.0,60.0
2023-09-20,6050.0,6165.0,5990.0,6123.0,7940.0
2023-09-21,6160.0,6220.0,6100.0,6126.0,6300.0
2023-09-22,6100.0,6352.0,6100.0,6222.0,10940.0
2023-09-25,6278.0,6288.0,6152.0,6176.0,6820.0
2023-09-26,6176.0,6176.0,6124.0,6155.0,4340.0
2023-09-27,6160.0,6198.0,6110.0,6164.0,8780.0
2023-09-28,6160.0,6224.0,6156.0,6215.0,5840.0
2023-09-29,6170.0,6240.0,6120.0,6137.0,9420.0
2023-10-03,6148.0,6148.0,6050.0,6101.0,4630.0
2023-10-04,6091.0,6174.0,6090.0,6135.0,5910.0
2023-10-05,6154.0,6154.0,6072.0,6119.0,7310.0
2023-10-06,6101.0,6149.0,6066.0,6112.0,5880.0
2023-10-09,6085.0,6090.0,6036.0,6065.0,3820.0
2023-10-10,6036.0,6155.0,6021.0,6070.0,3470.0
2023-10-11,6085.0,6085.0,5956.0,6015.0,7450.0
2023-10-12,5986.0,6045.0,5946.0,5985.0,3910.0
2023-10-13,5999.0,6036.0,5948.0,5975.0,2029.9999999999998
2023-10-16,6023.0,6100.0,5987.0,6021.0,4930.0
2023-10-17,6024.0,6027.0,5986.0,6017.0,1790.0
2023-10-18,5824.0,6035.0,5824.0,6012.0,80.0
2023-10-19,5811.0,5940.0,5811.0,5938.0,930.0
2023-10-20,5895.0,5950.0,5895.0,5949.0,380.0
2023-10-23,6060.0,6060.0,6012.0,6036.0,2260.0
2023-10-25,6029.0,6085.0,5980.0,6055.0,6350.0
2023-10-26,6069.0,6070.0,6001.0,6008.0,3090.0
2023-10-27,5992.0,6027.0,5960.0,5980.0,4770.0
2023-10-30,5970.0,5980.0,5915.0,5920.0,7360.0
2023-10-31,5920.0,5945.0,5890.0,5924.0,9170.0
2023-11-01,5924.0,5925.0,5880.0,5892.0,5470.0
2023-11-02,5870.0,5880.0,5810.0,5818.0,6240.0
2023-11-03,5800.0,5865.0,5800.0,5815.0,5650.0
2023-11-06,5782.0,5860.0,5740.0,5853.0,5980.0
2023-11-07,5823.0,5952.0,5823.0,5893.0,6300.0
2023-11-08,5900.0,5933.0,5879.0,5920.0,3630.0
2023-11-09,5953.0,6019.0,5920.0,5953.0,8760.0
2023-11-10,5902.0,5965.0,5902.0,5945.0,6890.0
2023-11-12,5967.0,5981.0,5945.0,5970.0,1240.0
2023-11-13,5979.0,6029.0,5970.0,6005.0,12000.0
2023-11-15,6100.0,6240.0,5980.0,6115.0,870.0
2023-11-16,6127.0,6182.0,6100.0,6121.0,960.0
2023-11-17,6105.0,6180.0,6099.0,6153.0,1260.0
2023-11-20,6330.0,6520.0,6140.0,6171.0,12610.0
2023-11-21,5920.0,5982.0,5902.0,5942.0,3960.0
2023-11-22,5954.0,6038.0,5952.0,6021.0,6980.0
2023-11-23,6012.0,6231.0,6012.0,6204.0,12050.0
2023-11-24,6224.0,6248.0,6084.0,6120.0,9820.0
2023-11-28,6189.0,6300.0,6160.0,6177.0,5200.0
2023-11-29,6140.0,6210.0,6100.0,6121.0,4510.0
2023-11-30,6118.0,6118.0,6021.0,6066.0,6100.0
2023-12-01,6050.0,6074.0,5971.0,5995.0,7490.0
2023-12-04,5921.0,6000.0,5820.0,5843.0,8310.0
2023-12-05,5872.0,5884.0,5750.0,5880.0,5410.0
2023-12-06,5855.0,5963.0,5816.0,5953.0,5240.0
2023-12-07,5950.0,5989.0,5917.0,5926.0,4310.0
2023-12-08,5949.0,5949.0,5890.0,5914.0,2630.0
2023-12-11,5942.0,5942.0,5865.0,5874.0,3350.0
2023-12-12,5840.0,5861.0,5780.0,5806.0,2300.0
2023-12-13,5798.0,5858.0,5792.0,5834.0,1990.0
2023-12-14,5835.0,5885.0,5793.0,5798.0,3990.0
2023-12-15,5760.0,5760.0,5695.0,5735.0,30.0
2023-12-18,5684.0,5685.0,5678.0,5683.0,80.0
2023-12-19,5748.0,5748.0,5742.0,5746.0,60.0
2023-12-20,5750.0,5752.0,5680.0,5710.0,230.0
2023-12-21,5730.0,5755.0,5680.0,5728.0,8990.0
2023-12-22,5714.0,5788.0,5702.0,5767.0,3190.0
2023-12-26,5745.0,5749.0,5711.0,5736.0,1870.0
2023-12-27,5730.0,5768.0,5692.0,5739.0,3270.0
2023-12-28,5750.0,5798.0,5735.0,5740.0,3350.0
2023-12-29,5742.0,5750.0,5710.0,5724.0,3240.0
2024-01-01,5731.0,5750.0,5633.0,5667.0,6950.0
2024-01-02,5641.0,5719.0,5641.0,5670.0,3650.0
2024-01-03,5680.0,5712.0,5648.0,5681.0,3830.0
2024-01-04,5700.0,5738.0,5700.0,5721.0,2790.0
2024-01-05,5738.0,5760.0,5680.0,5686.0,2530.0
2024-01-08,5678.0,5681.0,5580.0,5620.0,2470.0
2024-01-09,5521.0,5697.0,5521.0,5605.0,1730.0
2024-01-10,5596.0,5611.0,5548.0,5552.0,2040.0
2024-01-11,5519.0,5580.0,5519.0,5566.0,2580.0
2024-01-12,5592.0,5640.0,5567.0,5588.0,1880.0
2024-01-15,5588.0,5668.0,5433.0,5559.0,2270.0
2024-01-16,5818.0,5818.0,5818.0,5818.0,
2024-01-17,5636.0,5655.0,5633.0,5644.0,380.0
2024-01-18,5842.0,5842.0,5842.0,5842.0,
2024-01-19,5695.0,5695.0,5695.0,5850.0,4330.0
2024-01-23,5670.0,5804.0,5670.0,5793.0,6270.0
2024-01-24,5838.0,5838.0,5747.0,5784.0,6950.0
2024-01-25,5770.0,5829.0,5761.0,5818.0,2720.0
2024-01-29,5780.0,5823.0,5676.0,5713.0,5100.0
2024-01-30,5710.0,5788.0,5703.0,5763.0,4430.0
2024-01-31,5770.0,5814.0,5730.0,5739.0,5350.0
2024-02-01,5758.0,5758.0,5721.0,5740.0,2910.0
2024-02-02,5725.0,5750.0,5694.0,5739.0,3010.0
2024-02-05,5720.0,5720.0,5648.0,5675.0,2850.0
2024-02-06,5643.0,5710.0,5643.0,5697.0,2110.0
2024-02-07,5697.0,5791.0,5697.0,5758.0,4690.0
2024-02-08,5758.0,5781.0,5726.0,5756.0,3430.0
2024-02-09,5759.0,5805.0,5741.0,5773.0,3570.0
2024-02-12,5732.0,5777.0,5728.0,5754.0,1770.0
2024-02-13,5780.0,5851.0,5750.0,5785.0,2660.0
2024-02-14,5775.0,5870.0,5775.0,5854.0,7340.0
2024-02-15,5850.0,5900.0,5840.0,5895.0,920.0
2024-02-16,5902.0,5902.0,5860.0,5869.0,1080.0
2024-02-19,5730.0,6038.0,5730.0,6024.0,980.0
2024-02-20,6011.0,6098.0,6000.0,6023.0,2440.0
2024-02-21,5730.0,5810.0,5695.0,5759.0,12700.0
2024-02-22,5759.0,5768.0,5690.0,5742.0,9990.0
2024-02-23,5739.0,5793.0,5708.0,5780.0,6450.0
2024-02-26,5752.0,5810.0,5745.0,5798.0,5750.0
2024-02-27,5795.0,5840.0,5761.0,5769.0,2870.0
2024-02-28,5792.0,5796.0,5720.0,5751.0,2280.0
2024-02-29,5774.0,5774.0,5684.0,5720.0,4019.9999999999995
2024-03-01,5708.0,5735.0,5694.0,5705.0,1680.0
2024-03-04,5724.0,5725.0,5630.0,5700.0,2800.0
2024-03-05,5699.0,5749.0,5693.0,5713.0,2810.0
2024-03-06,5715.0,5778.0,5715.0,5761.0,3660.0
2024-03-07,5761.0,5799.0,5653.0,5722.0,5230.0
2024-03-11,5722.0,5748.0,5705.0,5708.0,2250.0
2024-03-12,5713.0,5719.0,5685.0,5712.0,2140.0
2024-03-13,5703.0,5787.0,5703.0,5778.0,3160.0
2024-03-14,5772.0,5810.0,5769.0,5789.0,5920.0
2024-03-15,5830.0,5830.0,5830.0,5830.0,30.0
2024-03-18,5830.0,5830.0,5830.0,5830.0,100.0
2024-03-19,5850.0,5950.0,5850.0,5865.0,70.0
2024-03-20,5865.0,5865.0,5865.0,5865.0,30.0
2024-03-21,6008.0,6130.0,5970.0,6100.0,9230.0
2024-03-22,6065.0,6160.0,6065.0,6138.0,7240.0
2024-03-26,6115.0,6130.0,6000.0,6023.0,5990.0
2024-03-27,6010.0,6078.0,5997.0,6072.0,19270.0
2024-03-28,6055.0,6073.0,6015.0,6050.0,2270.0
2024-04-01,6065.0,6065.0,6005.0,6009.0,1790.0
2024-04-02,6001.0,6014.0,5954.0,5979.0,2490.0
2024-04-03,5993.0,6044.0,5975.0,6026.0,3230.0
2024-04-04,6040.0,6107.0,6020.0,6081.0,3300.0
2024-04-05,6085.0,6101.0,6020.0,6028.0,2990.0
2024-04-08,5962.0,5962.0,5895.0,5931.0,8140.000000000001
2024-04-09,5926.0,5970.0,5900.0,5943.0,3910.0
2024-04-10,5925.0,5936.0,5882.0,5906.0,6990.0
2024-04-12,5885.0,6050.0,5812.0,5962.0,10240.0
2024-04-15,5885.0,5910.0,5770.0,5786.0,11220.0
2024-04-16,5731.0,5756.0,5694.0,5745.0,4540.0
2024-04-18,5735.0,5900.0,5730.0,5776.0,1890.0
2024-04-19,5776.0,5800.0,5776.0,5785.0,700.0
2024-04-22,5848.0,5858.0,5794.0,5806.0,4780.0
2024-04-23,5797.0,5839.0,5790.0,5810.0,5970.0
2024-04-24,5800.0,5800.0,5767.0,5780.0,4120.0
2024-04-25,5770.0,5803.0,5755.0,5787.0,5810.0
2024-04-26,5780.0,5794.0,5742.0,5754.0,4100.0
2024-04-29,5710.0,5720.0,5689.0,5707.0,6290.0
2024-04-30,5702.0,5709.0,5643.0,5650.0,6180.0
2024-05-02,5600.0,5774.0,5600.0,5657.0,8500.0
2024-05-03,5665.0,5670.0,5630.0,5641.0,4640.0
2024-05-06,5666.0,5666.0,5579.0,5590.0,5650.0
2024-05-07,5600.0,5600.0,5531.0,5536.0,2500.0
2024-05-08,5519.0,5603.0,5519.0,5576.0,4710.0
2024-05-09,5585.0,5593.0,5560.0,5563.0,4600.0
2024-05-10,5588.0,5590.0,5530.0,5539.0,5580.0
2024-05-13,5554.0,5650.0,5550.0,5627.0,3030.0
2024-05-14,5489.0,5691.0,5489.0,5676.0,200.0
2024-05-15,5644.0,5644.0,5644.0,5644.0,20.0
2024-05-16,5718.0,5718.0,5718.0,5718.0,
2024-05-17,5745.0,5745.0,5745.0,5745.0,
2024-05-21,5715.0,5740.0,5663.0,5701.0,3110.0
2024-05-22,5702.0,5740.0,5686.0,5729.0,6050.0
2024-05-23,5712.0,5734.0,5705.0,5712.0,2250.0
2024-05-24,5712.0,5719.0,5663.0,5691.0,3600.0
2024-05-27,5691.0,5700.0,5668.0,5685.0,2690.0
2024-05-28,5675.0,5713.0,5675.0,5700.0,4160.0
2024-05-29,5719.0,5753.0,5700.0,5745.0,6540.0
2024-05-30,5745.0,5766.0,5701.0,5715.0,6880.0
2024-05-31,5723.0,5723.0,5618.0,5702.0,8020.0
2024-06-03,5725.0,5750.0,5708.0,5741.0,3610.0
2024-06-04,5735.0,5757.0,5687.0,5719.0,3000.0
2024-06-05,5710.0,5720.0,5664.0,5700.0,2690.0
2024-06-06,5710.0,5720.0,5694.0,5712.0,3030.0
2024-06-07,5716.0,5749.0,5700.0,5714.0,2440.0
2024-06-10,5715.0,5728.0,5682.0,5692.0,5220.0
2024-06-11,5706.0,5707.0,5684.0,5695.0,3720.0
2024-06-12,5686.0,5704.0,5680.0,5700.0,2040.0
2024-06-13,5687.0,5736.0,5685.0,5719.0,6050.0
2024-06-14,5735.0,5766.0,5624.0,5699.0,930.0
2024-06-18,5715.0,5727.0,5700.0,5721.0,150.0
2024-06-19,5700.0,5700.0,5524.0,5612.0,30.0
2024-06-20,5690.0,5750.0,5690.0,5727.0,80.0
2024-06-21,5780.0,5808.0,5760.0,5770.0,4410.0
2024-06-24,5789.0,5806.0,5766.0,5774.0,3090.0
2024-06-25,5770.0,5777.0,5736.0,5755.0,4059.9999999999995
2024-06-26,5745.0,5776.0,5725.0,5761.0,3740.0
2024-06-27,5741.0,5780.0,5741.0,5759.0,3890.0
2024-06-28,5745.0,5770.0,5745.0,5754.0,2980.0
2024-07-01,5765.0,5786.0,5750.0,5779.0,5130.0
2024-07-02,5787.0,5851.0,5787.0,5837.0,9520.0
2024-07-03,5866.0,5880.0,5820.0,5835.0,5840.0
2024-07-04,5832.0,5850.0,5819.0,5841.0,2490.0
2024-07-05,5847.0,5918.0,5843.0,5896.0,8880.0
2024-07-08,5900.0,6043.0,5897.0,6005.0,10470.0
2024-07-09,6039.0,6078.0,5980.0,6025.0,2400.0
2024-07-10,6014.0,6100.0,5982.0,6085.0,3460.0
2024-07-11,6104.0,6137.0,6067.0,6105.0,2650.0
2024-07-12,6122.0,6174.0,6089.0,6156.0,4170.0
2024-07-15,6168.0,6186.0,6102.0,6124.0,2370.0
2024-07-16,6144.0,6144.0,6040.0,6043.0,2790.0
2024-07-18,6060.0,6060.0,6060.0,6060.0,100.0
2024-07-19,6042.0,6059.0,6017.0,6031.0,60.0
2024-07-22,6099.0,6138.0,6040.0,6134.0,8080.0
2024-07-23,6130.0,6147.0,6093.0,6112.0,5630.0
2024-07-24,6101.0,6209.0,6088.0,6198.0,9250.0
2024-07-25,6210.0,6228.0,6160.0,6197.0,5090.0
2024-07-26,6185.0,6203.0,6130.0,6161.0,6970.0
2024-07-29,6152.0,6188.0,6093.0,6162.0,6780.0
2024-07-30,6206.0,6215.0,6130.0,6156.0,5820.0
2024-07-31,6156.0,6189.0,6126.0,6167.0,6010.0
2024-08-01,6161.0,6220.0,6145.0,6194.0,9060.0
2024-08-02,6222.0,6282.0,6169.0,6193.0,10620.0
2024-08-05,6132.0,6205.0,6002.0,6193.0,8270.0
2024-08-06,6226.0,6226.0,6152.0,6163.0,3050.0
2024-08-07,6156.0,6195.0,6156.0,6187.0,2970.0
2024-08-08,6178.0,6208.0,6156.0,6187.0,4520.0
2024-08-09,6195.0,6198.0,6161.0,6187.0,7890.0
2024-08-12,6190.0,6236.0,6179.0,6225.0,3550.0
2024-08-13,6320.0,6320.0,6162.0,6173.0,3760.0
2024-08-14,6162.0,6181.0,6132.0,6174.0,2870.0
2024-08-16,6158.0,6175.0,6142.0,6161.0,5580.0
2024-08-19,6161.0,6161.0,6161.0,6161.0,90.0
2024-08-20,6110.0,6194.0,6110.0,6146.0,140.0
2024-08-21,6262.0,6262.0,6213.0,6222.0,6790.0
2024-08-22,6214.0,6248.0,6213.0,6217.0,4330.0
2024-08-23,6211.0,6220.0,6113.0,6156.0,9320.0
2024-08-26,6143.0,6148.0,5982.0,6100.0,8810.0
2024-08-27,6082.0,6104.0,6048.0,6070.0,6900.0
2024-08-28,6050.0,6096.0,6017.0,6086.0,5570.0
2024-08-29,6060.0,6134.0,6053.0,6118.0,4440.0
2024-08-30,6110.0,6173.0,6110.0,6157.0,8070.0
2024-09-02,6157.0,6180.0,6103.0,6117.0,3940.0
2024-09-03,6127.0,6158.0,6088.0,6118.0,7020.0
2024-09-04,6120.0,6139.0,6094.0,6120.0,5400.0
2024-09-05,6130.0,6159.0,6095.0,6108.0,7130.0
2024-09-06,6094.0,6115.0,6050.0,6084.0,4340.0
2024-09-09,6052.0,6071.0,5924.0,6049.0,6380.0
2024-09-10,5935.0,6113.0,5880.0,6088.0,6090.0
2024-09-11,6083.0,6144.0,6080.0,6092.0,2650.0
2024-09-12,6090.0,6140.0,6080.0,6123.0,2490.0
2024-09-13,6123.0,6219.0,6123.0,6198.0,4530.0
2024-09-16,6242.0,6425.0,6240.0,6366.0,6490.0
2024-09-17,6382.0,6471.0,6320.0,6428.0,10260.0
2024-09-18,6520.0,6678.0,6441.0,6543.0,2450.0
2024-09-19,6532.0,6536.0,6470.0,6486.0,140.0
2024-09-20,6550.0,6550.0,6550.0,6550.0,20.0
2024-09-23,6590.0,6673.0,6567.0,6652.0,13860.0
2024-09-24,6677.0,6678.0,6603.0,6667.0,10460.0
2024-09-25,6665.0,6812.0,6665.0,6779.0,16010.000000000002
2024-09-26,6804.0,6830.0,6716.0,6778.0,8280.0
2024-09-27,6810.0,6880.0,6800.0,6853.0,13540.0
2024-09-30,6886.0,6950.0,6832.0,6927.0,15480.0
2024-10-01,6901.0,6959.0,6811.0,6910.0,19520.0
2024-10-03,6949.0,7016.0,6832.0,6891.0,13470.0
2024-10-04,6823.0,6861.0,6726.0,6819.0,14320.0
2024-10-07,6778.0,6778.0,6660.0,6726.0,11690.0
2024-10-08,6709.0,6800.0,6709.0,6781.0,5400.0
2024-10-09,6792.0,6854.0,6792.0,6831.0,4010.0
2024-10-10,6860.0,6860.0,6758.0,6772.0,2870.0
2024-10-11,6760.0,6785.0,6720.0,6769.0,2450.0
2024-10-14,6775.0,6785.0,6735.0,6745.0,2930.0
2024-10-15,6730.0,6878.0,6720.0,6814.0,4940.0
2024-10-16,6821.0,6848.0,6780.0,6793.0,5080.0
2024-10-17,6790.0,6790.0,6772.0,6790.0,220.0
2024-10-18,6800.0,6800.0,6800.0,6800.0,150.0
2024-10-21,6768.0,6792.0,6711.0,6775.0,17080.0
2024-10-22,6780.0,6780.0,6711.0,6739.0,9750.0
2024-10-23,6734.0,6741.0,6680.0,6697.0,6690.0
2024-10-24,6685.0,6692.0,6631.0,6682.0,14040.0
2024-10-25,6695.0,6699.0,6645.0,6667.0,4500.0
2024-10-28,6666.0,6666.0,6606.0,6622.0,8960.0
2024-10-29,6620.0,6625.0,6558.0,6565.0,6850.0
2024-10-30,6562.0,6636.0,6535.0,6592.0,5010.0
2024-10-31,6596.0,6621.0,6596.0,6603.0,2980.0
2024-11-01,6604.0,6623.0,6604.0,6616.0,1240.0
2024-11-04,6621.0,6621.0,6513.0,6534.0,4870.0
2024-11-05,6516.0,6546.0,6501.0,6524.0,3060.0
2024-11-06,6534.0,6599.0,6526.0,6587.0,5820.0
2024-11-07,6608.0,6648.0,6589.0,6606.0,4059.9999999999995
2024-11-08,6620.0,6620.0,6500.0,6535.0,6060.0
2024-11-11,6481.0,6560.0,6481.0,6525.0,3620.0
2024-11-12,6520.0,6538.0,6505.0,6508.0,4130.0
2024-11-13,6504.0,6695.0,6497.0,6586.0,9500.0
2024-11-14,6590.0,6596.0,6500.0,6508.0,
2024-11-18,6767.0,6767.0,6550.0,6623.0,20.0
2024-11-19,6500.0,6565.0,6500.0,6516.0,270.0
2024-11-21,6600.0,6613.0,6575.0,6590.0,3790.0
2024-11-22,6574.0,6579.0,6520.0,6526.0,3630.0
2024-11-25,6490.0,6530.0,6490.0,6528.0,3690.0
2024-11-26,6536.0,6547.0,6515.0,6521.0,2800.0
2024-11-27,6518.0,6528.0,6464.0,6469.0,5290.0
2024-11-28,6461.0,6519.0,6455.0,6473.0,2780.0
2024-11-29,6482.0,6506.0,6413.0,6494.0,2550.0
2024-12-02,6490.0,6548.0,6490.0,6520.0,4010.0
2024-12-03,6540.0,6540.0,6478.0,6505.0,3440.0
2024-12-04,6500.0,6531.0,6475.0,6479.0,6430.0
2024-12-05,6484.0,6484.0,6370.0,6390.0,4780.0
2024-12-06,6390.0,6430.0,6371.0,6417.0,3420.0
2024-12-09,6339.0,6448.0,6339.0,6383.0,4540.0
2024-12-10,6365.0,6365.0,6280.0,6294.0,4690.0
2024-12-11,6273.0,6300.0,6236.0,6269.0,3880.0
2024-12-12,6272.0,6298.0,6266.0,6295.0,1400.0
2024-12-13,6290.0,6313.0,6265.0,6268.0,2760.0
2024-12-16,6247.0,6254.0,6162.0,6194.0,2750.0
2024-12-17,6147.0,6220.0,6128.0,6178.0,1080.0
2024-12-18,6133.0,6252.0,6133.0,6247.0,1630.0
2024-12-19,6280.0,6282.0,6259.0,6281.0,450.0
2024-12-20,6280.0,6300.0,6280.0,6289.0,710.0
2024-12-23,6385.0,6440.0,6351.0,6438.0,5190.0
2024-12-24,6479.0,6581.0,6351.0,6363.0,5270.0
2024-12-26,6386.0,6415.0,6366.0,6373.0,2610.0
2024-12-27,6361.0,6390.0,6355.0,6371.0,1520.0
2024-12-30,6387.0,6440.0,6383.0,6435.0,4950.0
2024-12-31,6411.0,6457.0,6411.0,6448.0,4900.0
2025-01-01,6454.0,6495.0,6430.0,6479.0,4810.0
2025-01-02,6460.0,6488.0,6457.0,6463.0,2990.0
2025-01-03,6462.0,6466.0,6354.0,6373.0,7030.0
2025-01-06,6363.0,6363.0,6281.0,6296.0,8880.0
2025-01-07,6284.0,6378.0,6284.0,6343.0,3300.0
2025-01-08,6352.0,6352.0,6302.0,6318.0,2750.0
2025-01-09,6305.0,6351.0,6305.0,6318.0,2500.0
2025-01-10,6327.0,6365.0,6311.0,6334.0,3280.0
2025-01-13,6375.0,6378.0,6317.0,6328.0,4700.0
2025-01-14,6330.0,6349.0,6320.0,6342.0,3130.0
2025-01-15,6328.0,6338.0,6296.0,6320.0,2070.0
2025-01-16,6327.0,6380.0,6327.0,6380.0,3760.0
2025-01-17,6443.0,6443.0,6397.0,6421.0,220.0
2025-01-20,6400.0,6410.0,6400.0,6405.0,30.0
2025-01-21,6460.0,6491.0,6453.0,6467.0,2060.0
2025-01-22,6479.0,6516.0,6465.0,6510.0,1900.0
2025-01-23,6515.0,6530.0,6474.0,6481.0,5770.0
2025-01-24,6480.0,6486.0,6408.0,6416.0,4320.0
2025-01-27,6418.0,6444.0,6399.0,6407.0,3090.0
2025-01-28,6405.0,6430.0,6374.0,6379.0,3590.0
2025-01-29,6375.0,6397.0,6365.0,6390.0,2940.0
2025-01-30,6385.0,6395.0,6302.0,6325.0,6020.0
2025-01-31,6317.0,6368.0,6243.0,6341.0,6330.0
2025-02-01,6335.0,6379.0,6335.0,6360.0,2100.0
2025-02-03,6375.0,6424.0,6357.0,6405.0,2820.0
2025-02-04,6423.0,6450.0,6382.0,6438.0,5600.0
2025-02-05,6444.0,6468.0,6419.0,6460.0,7130.0
2025-02-06,6418.0,6500.0,6418.0,6498.0,4560.0
2025-02-07,6466.0,6570.0,6466.0,6570.0,2650.0
2025-02-10,6528.0,6601.0,6528.0,6593.0,4270.0
2025-02-11,6580.0,6580.0,6534.0,6543.0,4170.0
2025-02-12,6554.0,6578.0,6545.0,6576.0,1250.0
2025-02-13,6594.0,6628.0,6575.0,6617.0,2280.0
2025-02-14,6637.0,6637.0,6563.0,6569.0,4250.0
2025-02-17,6580.0,6635.0,6560.0,6626.0,6070.0
2025-02-18,6616.0,6680.0,6610.0,6658.0,3620.0
2025-02-19,6794.0,6794.0,6690.0,6705.0,830.0
2025-02-20,6715.0,6715.0,6631.0,6656.0,1420.0
2025-02-21,6307.0,6360.0,6301.0,6355.0,6560.0
2025-02-24,6370.0,6393.0,6324.0,6386.0,3800.0
2025-02-25,6388.0,6433.0,6346.0,6350.0,5310.0
2025-02-27,6359.0,6360.0,6330.0,6357.0,2110.0
2025-02-28,6356.0,6366.0,6330.0,6336.0,1080.0
2025-03-03,6324.0,6324.0,6267.0,6271.0,3960.0
2025-03-04,6265.0,6285.0,6230.0,6267.0,3840.0
2025-03-05,6248.0,6315.0,6238.0,6288.0,1930.0
2025-03-06,6246.0,6343.0,6246.0,6319.0,1840.0
2025-03-07,6315.0,6354.0,6315.0,6346.0,1970.0
2025-03-10,6320.0,6320.0,6243.0,6256.0,2990.0
2025-03-11,6260.0,6267.0,6213.0,6262.0,2140.0
2025-03-12,6242.0,6274.0,6235.0,6259.0,2180.0
2025-03-13,6255.0,6255.0,6100.0,6121.0,12850.0
2025-03-17,5920.0,6174.0,5920.0,6148.0,5450.0
2025-03-18,6165.0,6205.0,6165.0,6183.0,12490.0
2025-03-19,6240.0,6250.0,6240.0,6242.0,160.0
2025-03-20,6242.0,6242.0,6242.0,6242.0,10.0
2025-03-21,6292.0,6336.0,6273.0,6307.0,4070.0000000000005
2025-03-24,6307.0,6345.0,6307.0,6339.0,8590.0
2025-03-25,6334.0,6334.0,6300.0,6304.0,3310.0
2025-03-26,6290.0,6300.0,6264.0,6272.0,3680.0
2025-03-27,6278.0,6294.0,6251.0,6261.0,3390.0
2025-03-28,6260.0,6295.0,6260.0,6277.0,2230.0
2025-04-01,6220.0,6274.0,6220.0,6264.0,2080.0
2025-04-02,6285.0,6330.0,6250.0,6267.0,4120.0
2025-04-03,6270.0,6278.0,6250.0,6252.0,2120.0
2025-04-04,6267.0,6267.0,6181.0,6190.0,3190.0
2025-04-07,6150.0,6212.0,6138.0,6195.0,2680.0
2025-04-08,6205.0,6305.0,6205.0,6291.0,4610.0
2025-04-09,6290.0,6385.0,6290.0,6367.0,3060.0
2025-04-11,6367.0,6381.0,6318.0,6350.0,550.0
2025-04-15,6230.0,6343.0,6102.0,6125.0,900.0
2025-04-16,6205.0,6205.0,6205.0,6205.0,10.0
2025-04-17,6220.0,6220.0,6100.0,6174.0,60.0
2025-04-21,6384.0,6390.0,6352.0,6360.0,5510.0
2025-04-22,6336.0,6356.0,6306.0,6313.0,6630.0
2025-04-23,6291.0,6305.0,6224.0,6249.0,4460.0
2025-04-24,6258.0,6297.0,6237.0,6249.0,2810.0
2025-04-25,6257.0,6320.0,6248.0,6288.0,3360.0
2025-04-28,6310.0,6346.0,6245.0,6252.0,3790.0
2025-04-29,6225.0,6300.0,6225.0,6261.0,2340.0
2025-04-30,6268.0,6280.0,6206.0,6236.0,3440.0
2025-05-02,6225.0,6278.0,6225.0,6246.0,2590.0
2025-05-05,6210.0,6216.0,6173.0,6197.0,3590.0
2025-05-06,6195.0,6232.0,6146.0,6152.0,2290.0
2025-05-07,6141.0,6182.0,6135.0,6173.0,2130.0
2025-05-08,6183.0,6233.0,6167.0,6186.0,5610.0
2025-05-09,6184.0,6244.0,6148.0,6234.0,5300.0
2025-05-12,6249.0,6309.0,6232.0,6300.0,1910.0
2025-05-13,6279.0,6320.0,6271.0,6312.0,810.0
2025-05-14,6326.0,6421.0,6326.0,6412.0,3260.0
2025-05-15,6377.0,6385.0,6362.0,6367.0,730.0
2025-05-16,6392.0,6415.0,6365.0,6381.0,1300.0
2025-05-19,6375.0,6375.0,6360.0,6365.0,20.0
2025-05-20,6365.0,6365.0,6365.0,6365.0,20.0
2025-05-21,6395.0,6396.0,6358.0,6388.0,9730.0
2025-05-22,6386.0,6446.0,6386.0,6436.0,4510.0
2025-05-23,6440.0,6458.0,6376.0,6382.0,5550.0
2025-05-26,6382.0,6422.0,6382.0,6402.0,3890.0
2025-05-27,6380.0,6400.0,6311.0,6382.0,5920.0
2025-05-28,6372.0,6397.0,6365.0,6373.0,3040.0
2025-05-29,6389.0,6431.0,6374.0,6404.0,4480.0
2025-05-30,6388.0,6400.0,6360.0,6377.0,2420.0
2025-06-02,6377.0,6388.0,6324.0,6366.0,3800.0
2025-06-03,6370.0,6395.0,6345.0,6350.0,2320.0
2025-06-04,6369.0,6398.0,6359.0,6392.0,5000.0
2025-06-05,6392.0,6410.0,6380.0,6383.0,3590.0
2025-06-06,6392.0,6397.0,6380.0,6383.0,2550.0
2025-06-09,6398.0,6449.0,6398.0,6446.0,6370.0
2025-06-10,6396.0,6583.0,6396.0,6563.0,9490.0
2025-06-11,6561.0,6610.0,6546.0,6579.0,1350.0
2025-06-12,6583.0,6594.0,6569.0,6576.0,1350.0
2025-06-13,6565.0,6595.0,6523.0,6587.0,1800.0
2025-06-16,6609.0,6646.0,6595.0,6635.0,2650.0
2025-06-17,6642.0,6642.0,6591.0,6609.0,930.0
2025-06-18,6605.0,6625.0,6605.0,6614.0,630.0
2025-06-19,6649.0,6650.0,6649.0,6650.0,90.0
2025-06-20,6700.0,6700.0,6700.0,6700.0,10.0
2025-06-23,6680.0,6744.0,6655.0,6724.0,6670.0
2025-06-24,6715.0,6768.0,6709.0,6718.0,4580.0
2025-06-25,6719.0,6740.0,6700.0,6710.0,4390.0
2025-06-26,6712.0,6759.0,6712.0,6747.0,5440.0
2025-06-27,6748.0,6810.0,6748.0,6806.0,5230.0
2025-06-30,6830.0,6864.0,6818.0,6847.0,7520.0
2025-07-01,6852.0,6884.0,6802.0,6859.0,7930.0
2025-07-02,6852.0,6908.0,6805.0,6898.0,7690.0
2025-07-03,6910.0,6928.0,6842.0,6855.0,7300.0
2025-07-04,6841.0,6878.0,6820.0,6834.0,4820.0
2025-07-07,6802.0,6844.0,6781.0,6794.0,5640.0
2025-07-08,6791.0,6868.0,6780.0,6834.0,4620.0
2025-07-09,6849.0,6849.0,6796.0,6806.0,3060.0
2025-07-10,6805.0,6820.0,6756.0,6762.0,2060.0
2025-07-11,6748.0,6754.0,6492.0,6702.0,2090.0
2025-07-14,6683.0,6779.0,6683.0,6742.0,3550.0
2025-07-15,6748.0,6755.0,6706.0,6731.0,3760.0
2025-07-16,6713.0,6714.0,6682.0,6690.0,1780.0
2025-07-17,6670.0,6700.0,6670.0,6696.0,70.0
2025-07-18,6650.0,6650.0,6650.0,6650.0,10.0
2025-07-21,6750.0,6751.0,6672.0,6682.0,7210.0
2025-07-22,6686.0,6710.0,6670.0,6698.0,3260.0
2025-07-23,6702.0,6724.0,6681.0,6686.0,4780.0
2025-07-24,6689.0,6748.0,6689.0,6728.0,3730.0
2025-07-25,6720.0,6748.0,6702.0,6709.0,3040.0
2025-07-28,6690.0,6690.0,6620.0,6626.0,6390.0
2025-07-29,6609.0,6648.0,6597.0,6602.0,4910.0
2025-07-30,6594.0,6624.0,6584.0,6604.0,4490.0
2025-07-31,6586.0,6645.0,6585.0,6641.0,2820.0
2025-08-01,6645.0,6648.0,6576.0,6619.0,2670.0
2025-08-04,6625.0,6645.0,6585.0,6595.0,4250.0
2025-08-05,6583.0,6615.0,6583.0,6594.0,4940.0
2025-08-06,6590.0,6634.0,6590.0,6632.0,4770.0
2025-08-07,6634.0,6659.0,6630.0,6638.0,4640.0
2025-08-08,6647.0,6650.0,6613.0,6620.0,5480.0
2025-08-11,6629.0,6640.0,6569.0,6588.0,4940.0
2025-08-12,6580.0,6598.0,6544.0,6553.0,4230.0
2025-08-13,6547.0,6560.0,6526.0,6538.0,3500.0
2025-08-14,6563.0,6578.0,6536.0,6540.0,2850.0
2025-08-18,6539.0,6585.0,6539.0,6575.0,4570.0
2025-08-19,6575.0,6575.0,6575.0,6575.0,30.0
2025-08-20,6616.0,6677.0,6616.0,6647.0,20.0
2025-08-21,6690.0,6728.0,6685.0,6698.0,3320.0
2025-08-22,6690.0,6748.0,6680.0,6728.0,8600.0
2025-08-25,6725.0,6750.0,6681.0,6694.0,9050.0
2025-08-26,6699.0,6699.0,6666.0,6671.0,3350.0
2025-08-28,6684.0,6684.0,6617.0,6631.0,3620.0
2025-08-29,6620.0,6643.0,6618.0,6625.0,2350.0
2025-09-01,6615.0,6628.0,6563.0,6570.0,5410.0
2025-09-02,6565.0,6579.0,6557.0,6576.0,3650.0
2025-09-03,6575.0,6637.0,6575.0,6619.0,2790.0
2025-09-04,6620.0,6668.0,6619.0,6622.0,2780.0
2025-09-05,6640.0,6646.0,6590.0,6595.0,3530.0
2025-09-08,6635.0,6636.0,6615.0,6619.0,4240.0
2025-09-09,6620.0,6630.0,6574.0,6619.0,3610.0
2025-09-10,6620.0,6645.0,6618.0,6624.0,3790.0
2025-09-11,6625.0,6634.0,6606.0,6630.0,1540.0
2025-09-12,6626.0,6626.0,6606.0,6617.0,2790.0
2025-09-15,6614.0,6640.0,6614.0,6629.0,1400.0
2025-09-16,6633.0,6633.0,6611.0,6622.0,3170.0
2025-09-17,6610.0,6615.0,6584.0,6598.0,2910.0
2025-09-18,6580.0,6580.0,6560.0,6578.0,50.0
2025-09-19,6522.0,6580.0,6522.0,6559.0,70.0
2025-09-22,6584.0,6587.0,6475.0,6543.0,7360.0
2025-09-23,6548.0,6550.0,6492.0,6504.0,4600.0
2025-09-24,6492.0,6507.0,6482.0,6503.0,2160.0
2025-09-25,6515.0,6515.0,6412.0,6432.0,5670.0
2025-09-26,6420.0,6434.0,6385.0,6419.0,2890.0
2025-09-29,6424.0,6500.0,6418.0,6466.0,6200.0
2025-09-30,6450.0,6540.0,6450.0,6531.0,6260.0
2025-10-01,6539.0,6587.0,6535.0,6549.0,4170.0
2025-10-03,6552.0,6552.0,6460.0,6466.0,2850.0
2025-10-06,6450.0,6480.0,6397.0,6473.0,3780.0
2025-10-07,6490.0,6524.0,6490.0,6513.0,1920.0
2025-10-08,6525.0,6543.0,6502.0,6521.0,2750.0
2025-10-09,6519.0,6527.0,6484.0,6501.0,4930.0
2025-10-10,6511.0,6548.0,6508.0,6526.0,6800.0
2025-10-13,6549.0,6685.0,6541.0,6660.0,7060.0
2025-10-14,6760.0,6760.0,6627.0,6632.0,3380.0
2025-10-15,6606.0,6635.0,6583.0,6596.0,3310.0
2025-10-16,6570.0,6670.0,6570.0,6624.0,160.0
2025-10-17,6683.0,6683.0,6683.0,6683.0,
2025-10-21,6751.0,6765.0,6751.0,6758.0,580.0
2025-10-23,6776.0,6776.0,6696.0,6703.0,2960.0
2025-10-24,6712.0,6712.0,6671.0,6673.0,3310.0
2025-10-27,6685.0,6698.0,6652.0,6692.0,3480.0
2025-10-28,6727.0,6741.0,6676.0,6719.0,2930.0
2025-10-29,6720.0,6789.0,6720.0,6732.0,2520.0
2025-10-30,6738.0,6819.0,6720.0,6803.0,3880.0
2025-10-31,6815.0,6834.0,6778.0,6803.0,3900.0
2025-11-03,6790.0,6808.0,6750.0,6764.0,3390.0
2025-11-04,6750.0,6762.0,6714.0,6721.0,5450.0
2025-11-06,6712.0,6803.0,6712.0,6789.0,5070.0
2025-11-07,6789.0,6789.0,6748.0,6758.0,4770.0
2025-11-10,6765.0,6788.0,6750.0,6771.0,4960.0
2025-11-11,6766.0,6895.0,6762.0,6822.0,3110.0
2025-11-12,6830.0,6866.0,6830.0,6857.0,3090.0
2025-11-13,6846.0,6870.0,6833.0,6836.0,1150.0
2025-11-14,6825.0,6830.0,6762.0,6775.0,2300.0
2025-11-17,6760.0,6800.0,6711.0,6796.0,3750.0
2025-11-18,6800.0,7035.0,6800.0,6899.0,9980.0
2025-11-19,7000.0,7000.0,7000.0,7000.0,130.0
2025-11-20,6880.0,6880.0,6863.0,6872.0,60.0
2025-11-21,6920.0,6922.0,6865.0,6876.0,3100.0
2025-11-24,6876.0,6915.0,6876.0,6889.0,2310.0
2025-11-25,6885.0,6893.0,6850.0,6886.0,2610.0
2025-11-26,6876.0,6923.0,6875.0,6905.0,4070.0000000000005
2025-11-27,6919.0,6934.0,6889.0,6924.0,2220.0
2025-11-28,6925.0,6947.0,6917.0,6937.0,2540.0
2025-12-01,6958.0,7015.0,6933.0,6956.0,3250.0
2025-12-02,6942.0,7044.0,6942.0,7023.0,4990.0
2025-12-03,7069.0,7120.0,6985.0,7035.0,4440.0
2025-12-04,7020.0,7064.0,7014.0,7022.0,2900.0
2025-12-05,6992.0,7037.0,6992.0,7007.0,3090.0
2025-12-08,7020.0,7020.0,6949.0,6958.0,3290.0
2025-12-09,6949.0,6985.0,6911.0,6971.0,5670.0
2025-12-10,6965.0,7027.0,6963.0,6967.0,3380.0
2025-12-11,6960.0,6973.0,6952.0,6963.0,1210.0
2025-12-12,6973.0,6973.0,6926.0,6929.0,1840.0
2025-12-15,6970.0,6990.0,6875.0,6881.0,3200.0
2025-12-16,6875.0,6875.0,6800.0,6812.0,2680.0
2025-12-17,6542.0,6810.0,6542.0,6800.0,3080.0
2025-12-18,6900.0,6999.0,6820.0,6891.0,250.0
2025-12-19,6891.0,6891.0,6891.0,6891.0,90.0
2025-12-22,6930.0,6930.0,6873.0,6886.0,1910.0
2025-12-23,6869.0,6882.0,6840.0,6853.0,2780.0
2025-12-24,6840.0,6850.0,6790.0,6844.0,9250.0
2025-12-26,6870.0,6870.0,6817.0,6835.0,5960.0
2025-12-29,6825.0,6825.0,6686.0,6700.0,5880.0
2025-12-30,6682.0,6746.0,6680.0,6742.0,4960.0
2025-12-31,6758.0,6764.0,6656.0,6697.0,4140.0
2026-01-01,6690.0,6710.0,6666.0,6681.0,2250.0
2026-01-02,6694.0,6700.0,6660.0,6680.0,2320.0
2026-01-05,6672.0,6700.0,6612.0,6642.0,2370.0
2026-01-06,6649.0,6649.0,6570.0,6582.0,2870.0
2026-01-07,6596.0,6649.0,6557.0,6638.0,3600.0
2026-01-08,6653.0,6658.0,6600.0,6618.0,2740.0
2026-01-09,6615.0,6647.0,6615.0,6622.0,1940.0
2026-01-12,6636.0,6641.0,6551.0,6566.0,5740.0
2026-01-13,6527.0,6527.0,6457.0,6475.0,3730.0
2026-01-14,6451.0,6451.0,6400.0,6402.0,3540.0
2026-01-16,6428.0,6448.0,6400.0,6413.0,1120.0
2026-01-19,6487.0,6487.0,6487.0,6487.0,
2026-01-20,6228.0,6300.0,6228.0,6264.0,10.0
2026-01-21,6460.0,6538.0,6451.0,6534.0,3580.0
2026-01-22,6540.0,6570.0,6484.0,6493.0,3210.0
2026-01-23,6495.0,6507.0,6455.0,6474.0,2060.0
2026-01-27,6413.0,6470.0,6341.0,6381.0,3530.0
2026-01-28,6363.0,6398.0,6315.0,6385.0,3930.0
2026-01-29,6390.0,6422.0,6375.0,6406.0,1830.0
2026-01-30,6423.0,6457.0,6385.0,6402.0,2260.0
2026-02-01,6424.0,6427.0,6320.0,6357.0,1370.0
2026-02-02,6332.0,6403.0,6332.0,6394.0,1670.0
2026-02-03,6414.0,6414.0,6342.0,6349.0,2520.0
2026-02-04,6339.0,6414.0,6338.0,6392.0,1550.0
2026-02-05,6404.0,6442.0,6390.0,6433.0,3700.0
2026-02-06,6433.0,6440.0,6371.0,6393.0,4810.0
2026-02-09,6422.0,6474.0,6394.0,6437.0,3790.0
2026-02-10,6439.0,6500.0,6439.0,6450.0,4790.0
2026-02-11,6440.0,6452.0,6368.0,6388.0,4030.0000000000005
2026-02-12,6369.0,6390.0,6343.0,6348.0,3000.0
2026-02-13,6355.0,6385.0,6352.0,6376.0,3870.0
2026-02-16,6385.0,6396.0,6326.0,6330.0,2700.0
2026-02-17,6311.0,6370.0,6311.0,6343.0,2790.0
2026-02-18,6332.0,6350.0,6240.0,6246.0,1910.0
2026-02-19,6334.0,6334.0,6332.0,6333.0,70.0
2026-02-20,6333.0,6333.0,6333.0,6333.0,80.0
2026-02-23,6340.0,6365.0,6329.0,6347.0,1220.0
2026-02-24,6347.0,6380.0,6272.0,6279.0,6320.0
2026-02-25,6315.0,6315.0,6263.0,6292.0,2000.0
2026-02-26,6299.0,6333.0,6269.0,6274.0,2980.0
2026-02-27,6275.0,6275.0,6241.0,6258.0,2740.0
2026-03-02,6237.0,6275.0,6231.0,6236.0,1820.0
2026-03-04,6228.0,6278.0,6136.0,6255.0,1480.0
2026-03-05,6250.0,6329.0,6250.0,6324.0,6370.0
2026-03-06,6315.0,6340.0,6262.0,6277.0,3160.0
2026-03-09,6275.0,6471.0,6262.0,6372.0,6060.0
2026-03-10,6357.0,6390.0,6328.0,6374.0,2100.0
2026-03-11,6383.0,6435.0,6362.0,6414.0,2620.0
2026-03-12,6430.0,6452.0,6356.0,6370.0,2250.0
2026-03-13,6391.0,6400.0,6367.0,6397.0,550.0
2026-03-16,6432.0,6471.0,6370.0,6387.0,1340.0
2026-03-17,6360.0,6401.0,6351.0,6389.0,1490.0
2026-03-18,6346.0,6396.0,6346.0,6383.0,1600.0
2026-03-19,6383.0,6383.0,6383.0,6383.0,40.0
2026-03-20,6383.0,6383.0,6383.0,6383.0,70.0
2026-03-23,6538.0,6578.0,6504.0,6544.0,5000.0
2026-03-24,6560.0,6570.0,6532.0,6556.0,2040.0
2026-03-25,6553.0,6597.0,6553.0,6593.0,2550.0
2026-03-27,6596.0,6599.0,6534.0,6561.0,3680.0
2026-03-30,6550.0,6570.0,6506.0,6566.0,2430.0
2026-04-01,6551.0,6551.0,6469.0,6495.0,2940.0
2026-04-02,6502.0,6530.0,6475.0,6503.0,2570.0
2026-04-06,6460.0,6460.0,6362.0,6380.0,5190.0
2026-04-07,6349.0,6426.0,6252.0,6392.0,4230.0
2026-04-08,6391.0,6396.0,6335.0,6375.0,2600.0
2026-04-09,6364.0,6432.0,6352.0,6384.0,3580.0
2026-04-10,6386.0,6436.0,6380.0,6386.0,5260.0
2026-04-13,6397.0,6469.0,6370.0,6408.0,3550.0
2026-04-15,6398.0,6419.0,6370.0,6398.0,3300.0
2026-04-16,6405.0,6477.0,6400.0,6438.0,4430.0
2026-04-17,6596.0,6676.0,6494.0,6591.0,180.0
2026-04-20,6840.0,6840.0,6371.0,6467.0,150.0
2026-04-21,6490.0,6570.0,6467.0,6474.0,2860.0
2026-04-22,6480.0,6510.0,6480.0,6492.0,2460.0
2026-04-23,6514.0,6524.0,6482.0,6507.0,3260.0
2026-04-24,6524.0,6536.0,6490.0,6502.0,6950.0
2026-04-27,6524.0,6524.0,6460.0,6468.0,5680.0
2026-04-28,6438.0,6515.0,6438.0,6507.0,7320.0
2026-04-29,6510.0,6535.0,6492.0,6519.0,5840.0
2026-04-30,6549.0,6575.0,6530.0,6545.0,8750.0
