date,open,high,low,close,volume
2017-01-02,3245.0,3333.0,3245.0,3323.0,31210.0
2017-01-03,3332.0,3363.0,3324.0,3338.0,19690.0
2017-01-04,3317.0,3328.0,3271.0,3277.0,16070.0
2017-01-05,3284.0,3321.0,3283.0,3314.0,15720.0
2017-01-06,3324.0,3337.0,3295.0,3312.0,14960.0
2017-01-09,3310.0,3336.0,3252.0,3266.0,17200.0
2017-01-10,3265.0,3277.0,3226.0,3264.0,23970.0
2017-01-11,3262.0,3290.0,3243.0,3255.0,15300.0
2017-01-12,3277.0,3295.0,3268.0,3270.0,1720.0
2017-01-13,3296.0,3296.0,3265.0,3275.0,1260.0
2017-01-16,3265.0,3268.0,3248.0,3254.0,210.0
2017-01-17,3183.0,3314.0,3183.0,3282.0,410.0
2017-01-19,3313.0,3313.0,3305.0,3308.0,560.0
2017-01-20,3310.0,3337.0,3301.0,3311.0,430.0
2017-01-23,3390.0,3408.0,3361.0,3368.0,25130.0
2017-01-24,3367.0,3380.0,3290.0,3320.0,38340.0
2017-01-25,3318.0,3325.0,3294.0,3318.0,27490.0
2017-01-27,3320.0,3336.0,3250.0,3282.0,36920.0
2017-01-30,3284.0,3285.0,3236.0,3246.0,31040.0
2017-01-31,3241.0,3268.0,3236.0,3260.0,28150.0
2017-02-01,3264.0,3349.0,3256.0,3329.0,34260.0
2017-02-02,3330.0,3342.0,3277.0,3284.0,24450.0
2017-02-03,3278.0,3297.0,3278.0,3283.0,10470.0
2017-02-06,3285.0,3287.0,3237.0,3245.0,15180.0
2017-02-07,3316.0,3316.0,3221.0,3229.0,12920.0
2017-02-08,3226.0,3268.0,3224.0,3251.0,15110.0
2017-02-09,3252.0,3277.0,3237.0,3247.0,16020.0
2017-02-10,3245.0,3257.0,3214.0,3227.0,22780.0
2017-02-13,3226.0,3239.0,3199.0,3204.0,10140.0
2017-02-14,3203.0,3211.0,3172.0,3188.0,1010.0
2017-02-15,3210.0,3275.0,3210.0,3256.0,1410.0
2017-02-16,3264.0,3269.0,3225.0,3234.0,1710.0
2017-02-17,3250.0,3292.0,3250.0,3275.0,220.0
2017-02-20,3333.0,3334.0,3300.0,3319.0,170.0
2017-02-21,3369.0,3388.0,3330.0,3343.0,60600.0
2017-02-22,3345.0,3443.0,3344.0,3443.0,92600.0
2017-02-23,3458.0,3546.0,3443.0,3546.0,104810.0
2017-02-24,3546.0,3546.0,3546.0,3546.0,
2017-02-27,3651.0,3677.0,3586.0,3608.0,111740.0
2017-02-28,3585.0,3752.0,3571.0,3752.0,93230.0
2017-03-01,3768.0,3814.0,3706.0,3733.0,81120.0
2017-03-02,3742.0,3775.0,3683.0,3753.0,47530.0
2017-03-03,3748.0,3808.0,3732.0,3760.0,33020.0
2017-03-06,3806.0,3910.0,3806.0,3885.0,29610.0
2017-03-07,3906.0,3910.0,3776.0,3803.0,20280.0
2017-03-08,3785.0,3917.0,3762.0,3917.0,23020.0
2017-03-09,3948.0,3949.0,3761.0,3763.0,20580.0
2017-03-10,3792.0,3793.0,3651.0,3667.0,18030.0
2017-03-14,3683.0,3683.0,3620.0,3649.0,5490.0
2017-03-15,3687.0,3749.0,3687.0,3705.0,180.0
2017-03-16,3755.0,3755.0,3726.0,3741.0,140.0
2017-03-17,3694.0,3852.0,3694.0,3755.0,200.0
2017-03-20,3795.0,3795.0,3795.0,3795.0,30.0
2017-03-21,3815.0,3874.0,3815.0,3847.0,69600.0
2017-03-22,3821.0,3897.0,3808.0,3845.0,111040.0
2017-03-23,3835.0,3907.0,3824.0,3866.0,105240.0
2017-03-24,3849.0,3938.0,3849.0,3864.0,124570.0
2017-03-27,3850.0,3897.0,3755.0,3773.0,112880.0
2017-03-28,3779.0,3885.0,3773.0,3868.0,103600.0
2017-03-29,3878.0,3907.0,3854.0,3874.0,76140.0
2017-03-30,3878.0,3929.0,3874.0,3889.0,86240.0
2017-03-31,3920.0,4005.0,3915.0,3990.0,116970.0
2017-04-03,4028.0,4109.0,4017.0,4109.0,59160.0
2017-04-04,4109.0,4109.0,4109.0,4109.0,
2017-04-06,4029.0,4073.0,4011.0,4051.0,25740.0
2017-04-07,4065.0,4096.0,3941.0,3982.0,25760.0
2017-04-10,3986.0,4005.0,3951.0,3975.0,25100.0
2017-04-11,3971.0,4054.0,3910.0,3925.0,15370.0
2017-04-12,3930.0,3980.0,3910.0,3972.0,4010.0
2017-04-13,3998.0,4073.0,3980.0,4045.0,3320.0
2017-04-17,4009.0,4009.0,3920.0,3942.0,880.0
2017-04-18,3954.0,4017.0,3943.0,3963.0,650.0
2017-04-19,3945.0,3950.0,3930.0,3941.0,360.0
2017-04-20,3920.0,3940.0,3824.0,3926.0,260.0
2017-04-21,3960.0,3985.0,3902.0,3913.0,83330.0
2017-04-24,3911.0,3911.0,3842.0,3868.0,76300.0
2017-04-25,3875.0,3909.0,3856.0,3900.0,65170.0
2017-04-26,3889.0,3919.0,3880.0,3891.0,62920.0
2017-04-27,3895.0,3913.0,3833.0,3849.0,72370.0
2017-04-28,3845.0,3882.0,3836.0,3866.0,64739.99999999999
2017-05-02,3872.0,3877.0,3744.0,3757.0,54910.0
2017-05-03,3738.0,3745.0,3665.0,3683.0,40200.0
2017-05-04,3670.0,3722.0,3670.0,3706.0,28300.0
2017-05-05,3672.0,3715.0,3577.0,3676.0,37370.0
2017-05-08,3700.0,3716.0,3642.0,3653.0,16760.0
2017-05-09,3658.0,3725.0,3621.0,3699.0,22940.0
2017-05-10,3660.0,3680.0,3612.0,3633.0,18950.0
2017-05-11,3651.0,3689.0,3637.0,3648.0,6550.0
2017-05-12,3656.0,3680.0,3639.0,3656.0,970.0
2017-05-15,3636.0,3641.0,3569.0,3620.0,250.0
2017-05-16,3560.0,3681.0,3560.0,3600.0,80.0
2017-05-17,3620.0,3623.0,3575.0,3602.0,390.0
2017-05-18,3552.0,3616.0,3552.0,3598.0,140.0
2017-05-19,3702.0,3702.0,3650.0,3687.0,370.0
2017-05-22,3648.0,3662.0,3623.0,3636.0,47550.0
2017-05-23,3641.0,3649.0,3550.0,3585.0,73040.0
2017-05-24,3590.0,3594.0,3478.0,3496.0,75460.0
2017-05-25,3492.0,3525.0,3473.0,3507.0,69850.0
2017-05-26,3481.0,3560.0,3470.0,3538.0,69830.0
2017-05-29,3546.0,3546.0,3400.0,3427.0,70620.0
2017-05-30,3427.0,3461.0,3394.0,3430.0,69630.0
2017-05-31,3421.0,3421.0,3325.0,3354.0,79090.0
2017-06-01,3330.0,3383.0,3320.0,3350.0,28080.0
2017-06-02,3347.0,3402.0,3258.0,3273.0,38600.0
2017-06-05,3255.0,3296.0,3251.0,3271.0,19280.0
2017-06-06,3270.0,3350.0,3239.0,3257.0,26910.0
2017-06-07,3246.0,3254.0,3186.0,3210.0,18380.0
2017-06-08,3183.0,3241.0,3172.0,3216.0,18220.0
2017-06-09,3265.0,3265.0,3206.0,3229.0,22660.0
2017-06-12,3248.0,3325.0,3240.0,3297.0,9480.0
2017-06-13,3313.0,3341.0,3297.0,3312.0,870.0
2017-06-14,3330.0,3396.0,3330.0,3386.0,800.0
2017-06-15,3377.0,3487.0,3377.0,3423.0,550.0
2017-06-16,3420.0,3427.0,3420.0,3424.0,20.0
2017-06-19,3424.0,3424.0,3424.0,3424.0,
2017-06-20,3370.0,3370.0,3322.0,3351.0,190.0
2017-06-21,3342.0,3360.0,3308.0,3315.0,86590.0
2017-06-22,3296.0,3304.0,3246.0,3281.0,88750.0
2017-06-23,3275.0,3323.0,3254.0,3275.0,109560.0
2017-06-27,3244.0,3279.0,3225.0,3255.0,65980.0
2017-06-28,3238.0,3352.0,3227.0,3352.0,89240.0
2017-06-29,3348.0,3409.0,3337.0,3390.0,94630.0
2017-06-30,3377.0,3422.0,3372.0,3389.0,70640.0
2017-07-03,3391.0,3415.0,3254.0,3254.0,46370.0
2017-07-04,3251.0,3251.0,3153.0,3185.0,41120.0
2017-07-05,3182.0,3245.0,3182.0,3234.0,26110.0
2017-07-06,3225.0,3288.0,3190.0,3265.0,28320.0
2017-07-07,3248.0,3286.0,3192.0,3203.0,27160.0
2017-07-10,3232.0,3287.0,3221.0,3242.0,25160.0
2017-07-11,3187.0,3226.0,3167.0,3174.0,13630.0
2017-07-12,3198.0,3280.0,3195.0,3263.0,3000.0
2017-07-13,3271.0,3271.0,3238.0,3247.0,760.0
2017-07-14,3265.0,3344.0,3265.0,3344.0,790.0
2017-07-17,3364.0,3364.0,3280.0,3297.0,220.0
2017-07-18,3293.0,3293.0,3268.0,3276.0,340.0
2017-07-19,3300.0,3373.0,3288.0,3339.0,280.0
2017-07-20,3270.0,3270.0,3260.0,3263.0,220.0
2017-07-21,3413.0,3445.0,3408.0,3421.0,56840.0
2017-07-24,3429.0,3434.0,3383.0,3410.0,54580.0
2017-07-25,3410.0,3449.0,3410.0,3434.0,51200.0
2017-07-26,3434.0,3555.0,3413.0,3531.0,103680.0
2017-07-27,3522.0,3559.0,3494.0,3508.0,79000.0
2017-07-28,3491.0,3589.0,3482.0,3567.0,100620.0
2017-07-31,3587.0,3653.0,3565.0,3598.0,119060.0
2017-08-01,3602.0,3654.0,3594.0,3607.0,112040.0
2017-08-02,3610.0,3610.0,3566.0,3582.0,76880.0
2017-08-03,3580.0,3649.0,3575.0,3634.0,97110.0
2017-08-04,3649.0,3743.0,3648.0,3730.0,113210.0
2017-08-07,3745.0,3758.0,3695.0,3709.0,94450.0
2017-08-08,3700.0,3840.0,3676.0,3831.0,141140.0
2017-08-09,3820.0,3858.0,3785.0,3800.0,140300.0
2017-08-10,3782.0,3856.0,3751.0,3769.0,144290.0
2017-08-11,3782.0,3914.0,3767.0,3905.0,141090.0
2017-08-14,3914.0,3955.0,3805.0,3849.0,151730.0
2017-08-16,3822.0,3914.0,3747.0,3858.0,180080.0
2017-08-17,3901.0,3930.0,3845.0,3860.0,156810.0
2017-08-18,3869.0,3975.0,3842.0,3932.0,175660.0
2017-08-21,3950.0,4079.0,3948.0,4060.0,149440.0
2017-08-22,4086.0,4139.0,4015.0,4031.0,175720.0
2017-08-23,4022.0,4095.0,4022.0,4072.0,152630.0
2017-08-24,4097.0,4234.0,4080.0,4234.0,221170.0
2017-08-28,4205.0,4288.0,4165.0,4184.0,184720.0
2017-08-29,4160.0,4208.0,4094.0,4128.0,206320.0
2017-08-30,4139.0,4194.0,4102.0,4120.0,145260.0
2017-08-31,4111.0,4120.0,3956.0,3956.0,179540.0
2017-09-01,3935.0,3935.0,3798.0,3824.0,167630.0
2017-09-04,3855.0,3870.0,3763.0,3787.0,138140.0
2017-09-05,3750.0,3769.0,3685.0,3742.0,143680.0
2017-09-06,3760.0,3832.0,3745.0,3817.0,121410.0
2017-09-07,3807.0,3840.0,3785.0,3794.0,104300.0
2017-09-08,3805.0,3897.0,3799.0,3876.0,116630.0
2017-09-11,3860.0,3926.0,3828.0,3897.0,107150.0
2017-09-12,3875.0,3893.0,3840.0,3873.0,82430.0
2017-09-13,3866.0,3947.0,3866.0,3897.0,125520.0
2017-09-14,3880.0,3888.0,3742.0,3742.0,123930.0
2017-09-15,3730.0,3730.0,3647.0,3675.0,138230.0
2017-09-18,3701.0,3716.0,3580.0,3630.0,123130.0
2017-09-19,3628.0,3775.0,3628.0,3762.0,121120.0
2017-09-20,3768.0,3805.0,3687.0,3754.0,161480.0
2017-09-21,3751.0,3769.0,3716.0,3748.0,75120.0
2017-09-22,3757.0,3787.0,3722.0,3746.0,104390.0
2017-09-25,3765.0,3768.0,3700.0,3745.0,105990.0
2017-09-26,3780.0,3848.0,3760.0,3837.0,143710.0
2017-09-27,3837.0,3862.0,3789.0,3807.0,104740.0
2017-09-28,3790.0,3796.0,3700.0,3735.0,96540.0
2017-09-29,3737.0,3759.0,3708.0,3737.0,60750.0
2017-10-03,3720.0,3720.0,3625.0,3625.0,43010.0
2017-10-04,3605.0,3655.0,3583.0,3623.0,31430.0
2017-10-05,3634.0,3691.0,3634.0,3677.0,19170.0
2017-10-06,3698.0,3698.0,3651.0,3663.0,14880.0
2017-10-09,3656.0,3656.0,3582.0,3633.0,12400.0
2017-10-10,3680.0,3773.0,3672.0,3764.0,11170.0
2017-10-11,3764.0,3772.0,3695.0,3714.0,3420.0
2017-10-12,3756.0,3768.0,3720.0,3747.0,70.0
2017-10-13,3700.0,3760.0,3678.0,3718.0,300.0
2017-10-19,3790.0,3805.0,3710.0,3763.0,27490.0
2017-10-23,3712.0,3778.0,3709.0,3718.0,82320.0
2017-10-24,3719.0,3730.0,3625.0,3650.5,135790.0
2017-10-25,3637.0,3677.0,3613.0,3655.0,87460.0
2017-10-26,3668.0,3704.0,3658.0,3691.5,78300.0
2017-10-27,3687.0,3697.0,3604.0,3611.5,83580.0
2017-10-30,3613.0,3631.0,3506.5,3526.0,97090.0
2017-10-31,3530.5,3573.0,3500.0,3543.5,71600.0
2017-11-01,3540.0,3545.5,3465.0,3494.0,65140.0
2017-11-02,3520.0,3555.0,3502.0,3542.0,39710.0
2017-11-03,3541.0,3618.0,3528.0,3603.5,41870.0
2017-11-06,3645.0,3703.5,3572.0,3579.5,34810.0
2017-11-07,3590.0,3610.0,3563.0,3581.0,19490.0
2017-11-08,3574.0,3619.0,3571.0,3582.5,17650.0
2017-11-09,3590.0,3610.0,3506.0,3523.5,18500.0
2017-11-10,3525.0,3621.5,3491.5,3603.5,27770.0
2017-11-13,3612.0,3690.0,3598.0,3616.0,12210.0
2017-11-14,3621.0,3666.0,3621.0,3639.0,280.0
2017-11-15,3660.0,3666.0,3626.5,3650.5,1060.0
2017-11-16,3620.0,3642.0,3620.0,3638.5,230.0
2017-11-17,3625.0,3636.0,3619.0,3625.0,130.0
2017-11-20,3665.0,3702.0,3600.0,3677.0,890.0
2017-11-21,3678.0,3738.0,3665.0,3719.0,90330.0
2017-11-22,3733.0,3768.0,3731.0,3747.5,95900.0
2017-11-23,3750.0,3874.5,3745.5,3845.5,164910.0
2017-11-24,3845.0,3867.5,3795.0,3806.5,106430.0
2017-11-27,3830.0,3920.0,3820.0,3895.0,131220.0
2017-11-28,3890.0,3928.0,3853.0,3872.5,126580.0
2017-11-29,3870.0,3880.5,3827.0,3859.5,102980.0
2017-11-30,3851.0,3904.5,3845.0,3883.5,114200.0
2017-12-01,3881.0,3898.0,3806.0,3823.0,76390.0
2017-12-04,3844.0,3915.0,3841.5,3886.0,74370.0
2017-12-05,3884.0,3897.5,3810.0,3821.0,45030.0
2017-12-06,3838.0,3840.0,3791.0,3819.5,36940.0
2017-12-07,3805.0,3810.0,3745.0,3756.0,28080.0
2017-12-08,3757.5,3809.0,3728.0,3800.5,30480.0
2017-12-11,3825.0,3880.0,3816.0,3841.5,32500.0
2017-12-12,3840.0,3864.0,3757.5,3777.5,6070.0
2017-12-13,3775.0,3811.0,3761.0,3806.5,4160.0
2017-12-14,3855.0,3890.0,3833.0,3856.0,840.0
2017-12-15,3852.0,3862.0,3820.0,3852.0,840.0
2017-12-18,3897.5,3897.5,3880.0,3885.5,710.0
2017-12-19,3935.0,3950.5,3935.0,3942.5,1540.0
2017-12-20,3940.0,3993.0,3910.0,3937.5,1310.0
2017-12-21,3937.0,4059.5,3916.0,4039.0,164260.0
2017-12-22,4060.0,4068.0,4009.0,4024.5,126670.0
2017-12-26,4052.0,4123.0,4037.0,4116.0,146980.0
2017-12-27,4139.0,4140.0,4096.0,4116.0,105550.0
2017-12-28,4120.0,4175.0,4087.0,4130.0,153790.0
2017-12-29,4138.0,4140.0,4064.0,4078.0,116370.0
2018-01-01,4084.5,4140.0,4043.0,4114.0,75580.0
2018-01-02,4122.0,4155.0,4111.0,4121.5,69020.0
2018-01-03,4127.0,4155.0,4106.0,4137.5,48110.0
2018-01-04,4170.0,4218.5,4170.0,4187.5,54650.0
2018-01-05,4192.0,4284.0,4160.0,4260.0,65830.0
2018-01-08,4270.0,4349.0,4241.0,4310.5,43660.0
2018-01-09,4316.0,4334.0,4280.0,4294.5,22470.0
2018-01-10,4303.5,4394.5,4303.5,4372.5,27550.0
2018-01-11,4360.0,4402.0,4253.5,4293.0,13690.0
2018-01-12,4287.5,4336.0,4277.0,4301.5,1300.0
2018-01-14,4180.0,4400.0,4180.0,4400.0,31580.0
2018-01-15,4370.0,4370.0,4324.5,4335.5,690.0
2018-01-16,4316.0,4316.0,4280.0,4286.0,730.0
2018-01-17,4281.0,4307.0,4281.0,4290.5,650.0
2018-01-18,4300.0,4303.0,4247.0,4284.0,570.0
2018-01-19,4224.0,4241.5,4186.0,4213.0,1480.0
2018-01-22,4305.0,4404.5,4296.5,4404.5,147140.0
2018-01-23,4444.5,4580.5,4431.0,4495.0,279970.0
2018-01-24,4495.0,4532.0,4465.0,4506.5,172330.0
2018-01-25,4525.0,4650.0,4525.0,4620.5,235760.0
2018-01-29,4680.0,4730.0,4615.0,4643.5,233120.0
2018-01-30,4603.5,4660.0,4535.0,4627.0,204580.0
2018-01-31,4645.0,4673.0,4590.0,4612.5,173790.0
2018-02-01,4598.0,4680.0,4593.0,4659.0,109190.0
2018-02-02,4690.5,4737.0,4663.5,4705.0,90680.0
2018-02-05,4656.0,4667.5,4564.0,4564.0,61370.0
2018-02-06,4511.5,4524.0,4454.0,4471.0,60070.0
2018-02-07,4468.0,4528.0,4468.0,4503.0,31090.0
2018-02-08,4500.0,4500.0,4376.0,4403.0,36150.0
2018-02-09,4371.0,4485.0,4369.0,4459.5,36340.0
2018-02-12,4473.0,4490.0,4407.0,4436.5,22380.0
2018-02-14,4387.5,4437.5,4372.0,4388.5,7930.0
2018-02-15,4423.5,4451.5,4383.5,4403.0,6590.0
2018-02-16,4416.0,4488.0,4414.5,4450.0,1480.0
2018-02-19,4500.0,4505.0,4373.0,4393.5,4650.0
2018-02-20,4372.0,4444.0,4350.0,4393.5,6110.0
2018-02-21,4400.0,4447.0,4373.0,4413.5,106910.0
2018-02-22,4422.0,4458.0,4415.5,4430.5,75300.0
2018-02-23,4460.0,4477.0,4298.0,4298.0,187760.0
2018-02-26,4310.0,4310.0,4195.0,4262.5,135350.0
2018-02-27,4274.0,4295.0,4238.0,4252.0,86460.0
2018-02-28,4245.0,4307.0,4228.0,4288.5,92450.0
2018-03-01,4285.0,4337.0,4260.0,4313.0,90170.0
2018-03-05,4355.5,4359.0,4290.0,4302.5,47210.0
2018-03-06,4301.0,4310.0,4201.0,4299.0,67670.0
2018-03-07,4285.5,4332.0,4247.5,4259.5,39320.0
2018-03-08,4227.0,4261.0,4216.0,4234.5,18870.0
2018-03-09,4217.5,4275.0,4212.5,4257.0,22830.0
2018-03-12,4255.0,4259.0,4192.5,4230.0,12160.0
2018-03-13,4260.0,4321.0,4260.0,4299.0,3450.0
2018-03-14,4325.0,4344.0,4295.0,4318.5,2060.0
2018-03-15,4283.0,4310.5,4270.0,4290.5,1340.0
2018-03-16,4244.5,4289.5,4201.0,4228.0,1410.0
2018-03-19,4260.0,4262.5,4212.0,4226.5,1550.0
2018-03-20,4180.0,4206.0,4164.0,4189.5,900.0
2018-03-21,4189.0,4218.0,4171.0,4181.0,59180.0
2018-03-22,4197.0,4240.0,4197.0,4221.0,55120.0
2018-03-23,4212.0,4232.0,4142.0,4157.5,76340.0
2018-03-26,4171.0,4202.0,4154.5,4183.0,45900.0
2018-03-27,4182.0,4194.0,4088.0,4103.0,66630.0
2018-03-28,4095.0,4141.0,4045.0,4119.5,80110.0
2018-04-02,4141.0,4158.0,4064.0,4079.5,49710.0
2018-04-03,4080.0,4103.0,4036.0,4094.5,47720.0
2018-04-04,4085.0,4093.0,4055.5,4070.5,27920.0
2018-04-05,4075.0,4113.0,4063.5,4084.0,30590.0
2018-04-06,4075.0,4121.0,4075.0,4100.0,25720.0
2018-04-09,4095.5,4110.0,4023.0,4048.5,28440.0
2018-04-10,4036.0,4068.0,4004.0,4055.0,37920.0
2018-04-11,4059.5,4153.5,4044.0,4122.0,13840.0
2018-04-12,4156.5,4163.0,4115.0,4120.5,2970.0
2018-04-13,4116.0,4145.0,4111.0,4125.0,3290.0
2018-04-16,4129.0,4129.0,4090.0,4098.5,580.0
2018-04-17,4060.0,4088.0,4060.0,4074.0,500.0
2018-04-18,4120.0,4120.0,4105.0,4111.0,350.0
2018-04-19,4143.0,4158.0,4143.0,4149.0,290.0
2018-04-20,4178.0,4209.0,4178.0,4201.0,980.0
2018-04-23,4202.0,4225.0,4171.0,4178.0,64110.0
2018-04-24,4189.0,4189.0,4141.0,4154.0,51350.0
2018-04-25,4145.0,4164.0,4122.0,4134.5,38010.0
2018-04-26,4138.0,4159.0,4111.0,4125.0,47090.0
2018-04-27,4114.0,4117.0,3960.0,3960.0,98270.0
2018-04-30,3922.0,3922.0,3802.0,3802.5,98880.0
2018-05-02,3778.0,3834.5,3702.0,3804.0,82980.0
2018-05-03,3809.0,3845.5,3730.0,3772.0,47530.0
2018-05-04,3734.0,3753.5,3659.0,3732.0,60820.0
2018-05-07,3754.0,3795.0,3705.0,3776.5,37230.0
2018-05-08,3775.0,3786.0,3701.0,3713.0,33720.0
2018-05-09,3725.5,3785.0,3718.5,3774.0,43160.0
2018-05-10,3766.0,3808.0,3695.5,3715.0,27250.0
2018-05-11,3725.0,3765.0,3718.0,3742.0,14100.0
2018-05-14,3769.0,3772.0,3737.0,3756.0,150.0
2018-05-15,3785.0,3785.0,3785.0,3785.0,20.0
2018-05-16,3846.0,3865.0,3845.0,3856.0,180.0
2018-05-17,3833.5,3833.5,3810.0,3822.0,20.0
2018-05-18,3931.5,3931.5,3931.5,3931.5,56190.0
2018-05-21,3817.0,3840.0,3773.0,3782.5,45460.0
2018-05-22,3791.0,3852.0,3788.0,3828.0,61970.0
2018-05-23,3829.0,3836.5,3805.0,3823.0,41450.0
2018-05-24,3820.0,3875.0,3800.0,3851.5,70200.0
2018-05-25,3845.0,3864.0,3811.0,3842.0,57270.0
2018-05-28,3830.0,3830.0,3771.0,3797.5,51340.0
2018-05-29,3791.0,3825.0,3695.0,3717.0,92110.0
2018-05-30,3719.5,3726.0,3608.0,3627.0,68270.0
2018-05-31,3630.0,3655.0,3600.5,3636.0,50800.0
2018-06-01,3670.0,3690.0,3630.0,3663.5,34820.0
2018-06-04,3648.0,3652.0,3537.0,3557.0,41060.0
2018-06-05,3542.0,3585.0,3494.5,3563.0,27680.0
2018-06-06,3573.5,3603.0,3541.0,3558.0,16300.0
2018-06-07,3538.5,3589.0,3519.0,3552.5,23720.0
2018-06-08,3563.0,3642.0,3559.5,3611.5,33770.0
2018-06-11,3598.0,3634.0,3560.0,3570.5,20300.0
2018-06-12,3593.0,3622.0,3575.0,3593.5,680.0
2018-06-13,3613.0,3640.0,3591.0,3610.5,420.0
2018-06-14,3670.0,3700.0,3634.0,3674.0,320.0
2018-06-15,3701.0,3701.0,3680.0,3689.0,70.0
2018-06-18,3579.0,3590.0,3579.0,3583.0,30.0
2018-06-19,3583.0,3583.0,3583.0,3583.0,40.0
2018-06-20,3620.0,3625.0,3620.0,3622.5,50.0
2018-06-21,3682.0,3697.0,3642.0,3663.0,49190.0
2018-06-22,3665.0,3679.5,3605.5,3618.0,55210.0
2018-06-25,3610.0,3618.0,3552.0,3587.0,51730.0
2018-06-26,3580.0,3624.0,3570.0,3609.5,55740.0
2018-06-27,3620.0,3753.5,3610.5,3753.5,105490.0
2018-06-28,3753.0,3834.0,3738.0,3806.0,102650.0
2018-06-29,3810.0,3932.0,3751.0,3855.0,142850.0
2018-07-02,3865.0,3935.0,3860.0,3906.0,47810.0
2018-07-03,3910.0,3929.0,3854.0,3884.5,41120.0
2018-07-04,3865.0,3909.5,3827.0,3886.0,35010.0
2018-07-05,3886.0,4041.0,3885.5,4041.0,58460.0
2018-07-06,4028.0,4075.0,3991.0,4001.0,31880.0
2018-07-09,4011.0,4100.0,3971.5,4077.5,30600.0
2018-07-10,4066.0,4071.0,3936.5,3974.0,21900.0
2018-07-11,3954.0,4087.5,3925.0,4066.5,10190.0
2018-07-12,4065.0,4075.0,4034.0,4054.5,180.0
2018-07-13,3942.0,4034.0,3934.0,4005.0,370.0
2018-07-16,4093.5,4149.0,4093.5,4122.5,60.0
2018-07-17,4064.0,4064.0,3985.0,3995.5,950.0
2018-07-18,3995.5,3995.5,3995.5,3995.5,400.0
2018-07-19,3995.5,3995.5,3995.5,3995.5,128660.0
2018-07-20,4215.0,4215.0,4215.0,4215.0,161420.0
2018-07-23,4311.0,4311.0,4213.0,4260.0,116440.0
2018-07-24,4240.0,4293.0,4167.0,4185.5,142350.0
2018-07-25,4176.0,4220.0,4085.0,4140.0,124680.0
2018-07-26,4177.0,4194.0,4151.0,4165.5,78220.0
2018-07-27,4164.0,4289.0,4164.0,4273.5,146370.0
2018-07-30,4285.0,4374.0,4270.0,4354.5,156140.0
2018-07-31,4362.0,4462.0,4361.0,4452.5,129070.0
2018-08-01,4480.0,4514.0,4412.0,4441.0,203010.0
2018-08-02,4440.0,4512.0,4426.0,4490.0,137300.0
2018-08-03,4528.0,4528.0,4411.0,4447.5,163580.0
2018-08-06,4428.0,4428.0,4270.0,4270.0,143400.0
2018-08-07,4271.0,4379.0,4240.0,4364.0,173070.0
2018-08-08,4335.0,4387.0,4323.0,4363.5,138710.0
2018-08-09,4385.0,4448.0,4375.0,4397.0,148850.0
2018-08-10,4412.0,4572.5,4405.0,4572.5,147370.0
2018-08-13,4594.0,4594.0,4390.0,4390.0,173910.0
2018-08-14,4412.0,4499.0,4355.0,4468.5,208930.0
2018-08-16,4465.0,4643.5,4440.0,4624.0,193710.0
2018-08-17,4610.0,4643.0,4543.0,4601.0,203810.0
2018-08-20,4570.0,4633.0,4520.0,4618.5,175160.0
2018-08-21,4630.0,4650.0,4485.0,4508.0,210430.0
2018-08-23,4502.0,4510.0,4335.5,4343.5,205280.0
2018-08-24,4350.0,4374.0,4285.0,4309.5,185110.0
2018-08-27,4346.0,4365.0,4137.5,4150.5,171630.0
2018-08-28,4149.0,4235.0,4135.0,4175.5,137310.0
2018-08-29,4142.0,4225.0,4074.0,4206.5,187920.0
2018-08-30,4240.0,4290.0,4192.5,4266.0,126350.0
2018-08-31,4317.0,4423.0,4291.0,4408.5,172430.0
2018-09-03,4410.0,4468.5,4392.5,4434.0,125640.0
2018-09-04,4407.0,4407.0,4301.0,4345.0,181630.0
2018-09-05,4310.0,4377.0,4296.5,4364.0,157780.0
2018-09-06,4390.0,4444.5,4362.0,4380.0,149450.0
2018-09-07,4351.5,4351.5,4280.0,4314.5,100340.0
2018-09-10,4335.0,4363.0,4291.0,4307.5,77320.0
2018-09-11,4295.0,4337.0,4265.0,4279.0,122540.0
2018-09-12,4300.0,4340.0,4275.0,4312.0,88190.0
2018-09-14,4322.0,4335.0,4251.0,4269.5,130449.99999999999
2018-09-17,4248.0,4248.0,4156.0,4178.5,104150.0
2018-09-18,4187.0,4345.5,4173.0,4345.5,143150.0
2018-09-19,4330.0,4359.0,4295.5,4316.0,102950.0
2018-09-21,4298.0,4319.0,4276.0,4306.0,73230.0
2018-09-24,4314.0,4338.0,4216.0,4249.5,114140.0
2018-09-25,4255.0,4306.0,4231.0,4281.5,80750.0
2018-09-26,4305.0,4354.0,4272.0,4283.5,98990.0
2018-09-27,4282.0,4288.0,4250.0,4277.0,53900.0
2018-09-28,4280.0,4327.0,4240.0,4310.0,102750.0
2018-10-01,4309.0,4317.0,4260.0,4269.0,51860.0
2018-10-03,4280.0,4280.0,4191.0,4250.5,43900.0
2018-10-04,4263.0,4313.0,4250.0,4263.5,48670.0
2018-10-05,4246.5,4273.0,4212.0,4227.5,31770.0
2018-10-08,4212.0,4215.0,4161.5,4176.5,27730.0
2018-10-09,4179.0,4195.0,4164.0,4170.5,13520.0
2018-10-10,4176.5,4229.0,4130.0,4160.5,18570.0
2018-10-11,4139.0,4160.0,4090.0,4110.0,9010.0
2018-10-12,4131.0,4165.0,4131.0,4149.5,820.0
2018-10-15,4180.0,4285.0,4180.0,4235.5,1730.0
2018-10-16,4268.0,4340.0,4265.0,4311.0,1430.0
2018-10-17,4391.0,4564.0,4383.0,4550.0,128030.0
2018-10-19,4570.0,4593.5,4522.0,4544.5,145260.0
2018-10-22,4547.0,4679.0,4526.0,4646.5,148070.0
2018-10-23,4644.0,4751.5,4635.0,4666.5,178670.0
2018-10-24,4650.0,4705.0,4632.0,4655.0,153330.0
2018-10-25,4645.0,4784.0,4601.0,4769.5,189490.0
2018-10-26,4770.0,4781.5,4695.0,4713.5,115510.0
2018-10-29,4703.5,4760.0,4675.0,4708.5,109630.0
2018-10-30,4700.0,4719.0,4609.0,4619.5,92240.0
2018-10-31,4608.0,4642.0,4591.5,4614.5,68080.0
2018-11-01,4608.0,4616.0,4525.0,4551.0,49330.0
2018-11-02,4502.5,4656.0,4495.0,4645.5,47150.0
2018-11-05,4650.0,4701.5,4595.5,4634.0,34290.0
2018-11-06,4601.0,4629.5,4562.5,4596.0,30260.0
2018-11-07,4585.0,4610.0,4575.0,4588.0,2450.0
2018-11-09,4570.0,4725.5,4525.0,4682.5,34390.0
2018-11-12,4690.0,4869.5,4679.0,4774.5,27850.0
2018-11-13,4764.0,4810.5,4735.0,4759.5,2740.0
2018-11-14,4705.0,4715.0,4622.0,4669.0,3470.0
2018-11-15,4702.0,4712.0,4662.0,4695.0,830.0
2018-11-16,4700.0,4710.0,4608.5,4620.0,980.0
2018-11-19,4650.5,4650.5,4481.5,4492.0,850.0
2018-11-20,4451.0,4506.0,4420.0,4456.5,1080.0
2018-11-21,4495.0,4532.0,4390.0,4427.0,119360.0
2018-11-22,4400.0,4477.0,4381.0,4461.0,107160.0
2018-11-26,4447.0,4461.0,4283.0,4283.0,114700.0
2018-11-27,4300.0,4338.0,4255.0,4312.0,120470.0
2018-11-28,4295.0,4395.0,4295.0,4348.5,73040.0
2018-11-29,4346.0,4352.5,4227.5,4246.0,101490.0
2018-11-30,4269.0,4345.0,4261.0,4301.0,83500.0
2018-12-03,4346.0,4380.0,4313.5,4359.0,59530.0
2018-12-04,4358.0,4432.0,4320.0,4388.0,43770.0
2018-12-05,4381.0,4381.0,4313.0,4338.5,33930.0
2018-12-06,4331.0,4375.5,4301.0,4327.5,35860.0
2018-12-07,4328.5,4370.0,4325.0,4337.0,17580.0
2018-12-10,4355.0,4410.0,4353.0,4375.0,26270.0
2018-12-11,4404.5,4411.5,4340.0,4357.0,24770.0
2018-12-12,4361.0,4419.5,4361.0,4406.0,3030.0
2018-12-13,4407.0,4412.0,4382.0,4392.5,2790.0
2018-12-14,4429.5,4429.5,4351.0,4377.0,4180.0
2018-12-17,4409.0,4409.0,4381.0,4400.0,1640.0
2018-12-18,4341.0,4364.0,4250.0,4251.0,2170.0
2018-12-19,4260.0,4267.0,4260.0,4264.5,1020.0
2018-12-20,4291.5,4310.5,4275.0,4292.0,110.0
2018-12-21,4325.0,4355.0,4292.0,4308.0,30840.0
2018-12-24,4318.0,4325.0,4159.0,4179.0,81580.0
2018-12-26,4160.0,4282.0,4130.0,4253.5,68090.0
2018-12-27,4281.0,4290.0,4226.0,4234.0,53050.0
2018-12-28,4242.0,4293.0,4226.0,4249.5,46570.0
2018-12-31,4260.0,4376.0,4240.0,4327.0,55440.0
2019-01-01,4350.0,4369.0,4302.5,4317.5,46140.0
2019-01-02,4315.0,4328.0,4272.5,4278.0,30550.0
2019-01-03,4300.0,4322.0,4261.0,4315.5,34520.0
2019-01-04,4320.0,4349.0,4186.5,4337.5,40410.0
2019-01-07,4338.0,4398.0,4333.5,4351.5,22640.0
2019-01-08,4355.0,4355.0,4200.0,4214.5,25400.0
2019-01-09,4232.0,4237.5,4195.0,4218.0,24070.0
2019-01-10,4234.0,4256.5,4121.0,4141.5,18550.0
2019-01-11,4141.0,4164.0,4127.0,4149.0,20590.0
2019-01-14,4204.0,4314.5,4204.0,4245.5,1990.0
2019-01-15,4282.5,4283.5,4280.0,4283.0,990.0
2019-01-16,4316.0,4316.0,4280.0,4293.0,260.0
2019-01-17,4341.5,4346.0,4341.5,4346.0,120.0
2019-01-18,4370.0,4370.0,4290.0,4314.0,60.0
2019-01-21,4364.5,4434.0,4355.0,4363.5,78910.0
2019-01-22,4368.0,4399.0,4326.0,4374.5,48180.0
2019-01-23,4392.0,4412.0,4372.5,4386.0,52820.0
2019-01-24,4380.0,4394.0,4291.0,4313.5,76130.0
2019-01-25,4320.0,4344.5,4298.0,4307.5,39980.0
2019-01-28,4295.0,4330.0,4252.0,4317.0,58110.0
2019-01-29,4305.0,4350.0,4305.0,4336.0,39390.0
2019-01-30,4348.0,4371.0,4322.0,4331.5,37930.0
2019-01-31,4341.0,4354.5,4315.0,4345.0,39540.0
2019-02-01,4348.0,4348.0,4281.0,4290.5,46010.0
2019-02-04,4300.0,4310.0,4267.0,4281.5,31810.0
2019-02-05,4280.0,4294.0,4230.0,4248.0,34600.0
2019-02-06,4224.0,4228.0,4092.0,4107.5,42000.0
2019-02-07,4105.0,4172.0,4095.0,4163.5,26310.0
2019-02-08,4155.0,4178.5,4115.0,4128.0,32420.0
2019-02-11,4145.0,4214.0,4099.0,4181.0,21810.0
2019-02-12,4188.5,4196.0,4175.5,4187.5,290.0
2019-02-13,4219.0,4225.0,4217.0,4220.0,190.0
2019-02-14,4220.0,4221.0,4197.0,4209.5,160.0
2019-02-15,4219.0,4241.0,4191.0,4220.5,350.0
2019-02-18,4220.5,4220.5,4220.5,4220.5,10.0
2019-02-19,4177.0,4182.0,4177.0,4180.0,150.0
2019-02-20,4180.0,4180.0,4180.0,4180.0,110.0
2019-02-21,4212.0,4275.0,4207.0,4234.5,38540.0
2019-02-22,4242.0,4242.0,4201.0,4214.5,30600.0
2019-02-25,4207.0,4240.0,4175.0,4191.5,45010.0
2019-02-26,4182.0,4182.0,4112.5,4138.0,47680.0
2019-02-27,4140.0,4171.0,4120.0,4146.5,40080.0
2019-02-28,4140.0,4174.0,4135.0,4164.5,38690.0
2019-03-01,4163.0,4192.0,4163.0,4175.0,33060.0
2019-03-05,4179.0,4199.0,4140.0,4146.5,32270.000000000004
2019-03-06,4141.0,4161.0,4128.0,4155.0,22610.0
2019-03-07,4150.0,4159.0,4133.5,4139.0,27380.0
2019-03-08,4142.5,4263.0,4142.5,4263.0,47310.0
2019-03-11,4263.0,4306.5,4246.0,4262.5,14800.0
2019-03-12,4264.0,4284.0,4235.0,4249.0,160.0
2019-03-13,4251.0,4278.0,4223.0,4262.0,420.0
2019-03-14,4292.5,4292.5,4281.0,4287.0,310.0
2019-03-15,4287.0,4287.0,4287.0,4287.0,20.0
2019-03-18,4287.0,4287.0,4287.0,4287.0,270.0
2019-03-19,4287.0,4287.0,4287.0,4287.0,60.0
2019-03-20,4300.0,4407.0,4300.0,4395.0,73440.0
2019-03-22,4418.0,4424.0,4384.0,4395.5,45850.0
2019-03-25,4395.0,4415.0,4367.0,4377.0,48190.0
2019-03-26,4372.0,4459.0,4370.0,4436.5,78590.0
2019-03-27,4426.0,4463.0,4406.0,4420.0,61850.0
2019-03-28,4407.0,4418.0,4342.5,4357.0,68690.0
2019-03-29,4350.0,4382.5,4325.0,4370.5,38600.0
2019-04-01,4367.0,4410.5,4362.0,4381.5,34450.0
2019-04-02,4385.0,4486.0,4384.0,4470.5,61670.0
2019-04-03,4475.0,4508.0,4402.0,4423.5,50170.0
2019-04-04,4431.5,4441.5,4404.0,4420.5,21700.0
2019-04-05,4425.0,4480.0,4411.0,4419.5,34100.0
2019-04-08,4434.0,4443.5,4395.0,4405.0,13910.0
2019-04-09,4413.0,4420.0,4368.5,4373.5,10960.0
2019-04-10,4382.0,4481.5,4367.5,4466.0,13770.0
2019-04-11,4462.0,4469.0,4422.0,4442.0,2900.0
2019-04-12,4448.0,4454.0,4448.0,4449.0,590.0
2019-04-15,4431.0,4442.0,4412.0,4430.0,420.0
2019-04-16,4405.0,4405.0,4345.0,4376.0,640.0
2019-04-18,4356.0,4370.0,4303.0,4321.5,44100.0
2019-04-22,4318.0,4359.0,4318.0,4340.0,34970.0
2019-04-23,4330.0,4392.0,4320.0,4348.0,46660.0
2019-04-24,4342.5,4400.0,4310.5,4367.5,46660.0
2019-04-25,4378.0,4403.0,4355.0,4363.5,51340.0
2019-04-26,4356.0,4373.5,4300.0,4316.5,52660.0
2019-04-30,4317.0,4343.0,4265.0,4329.0,77320.0
2019-05-02,4340.0,4400.0,4335.0,4383.5,63720.0
2019-05-03,4371.0,4414.0,4345.0,4365.5,42010.0
2019-05-06,4365.0,4444.0,4345.0,4426.5,46260.0
2019-05-07,4438.5,4460.0,4422.0,4432.5,21800.0
2019-05-08,4435.0,4442.0,4403.0,4414.0,14580.0
2019-05-09,4418.5,4449.0,4391.0,4400.5,16750.0
2019-05-10,4407.5,4414.5,4371.5,4380.5,15890.0
2019-05-13,4385.0,4465.0,4370.0,4388.5,7490.0
2019-05-14,4400.0,4443.5,4360.0,4415.5,790.0
2019-05-15,4350.0,4483.0,4350.0,4403.5,200.0
2019-05-16,4365.0,4365.0,4347.0,4356.5,40.0
2019-05-17,4355.0,4482.0,4331.0,4359.0,210.0
2019-05-20,4350.0,4350.0,4350.0,4350.0,30.0
2019-05-21,4408.0,4429.0,4394.0,4413.5,33380.0
2019-05-22,4416.0,4448.0,4400.0,4405.5,42480.0
2019-05-23,4400.0,4439.5,4325.0,4427.5,74960.0
2019-05-24,4428.0,4463.0,4412.0,4419.0,48190.0
2019-05-27,4418.0,4418.0,4333.0,4346.5,48390.0
2019-05-28,4345.0,4365.0,4252.0,4266.0,76330.0
2019-05-29,4271.5,4287.5,4255.0,4274.5,40770.0
2019-05-30,4278.0,4300.0,4266.0,4283.5,32130.000000000004
2019-05-31,4280.0,4310.0,4225.0,4265.5,73610.0
2019-06-03,4246.0,4288.0,4234.5,4252.5,41540.0
2019-06-04,4255.0,4273.0,4184.0,4241.0,37510.0
2019-06-06,4249.5,4265.0,4161.0,4172.5,39170.0
2019-06-07,4186.0,4209.0,4165.0,4187.0,35210.0
2019-06-10,4200.0,4202.0,4115.0,4125.0,31520.0
2019-06-11,4113.0,4170.0,4081.0,4153.0,11780.0
2019-06-12,4149.0,4201.0,4145.5,4182.0,940.0
2019-06-13,4229.0,4249.0,4229.0,4240.5,930.0
2019-06-14,4240.5,4241.0,4200.0,4209.5,740.0
2019-06-17,4181.0,4181.0,4175.0,4178.0,1090.0
2019-06-18,4230.0,4234.5,4219.5,4228.5,300.0
2019-06-19,4301.0,4301.0,4301.0,4301.0,84650.0
2019-06-20,4232.5,4249.0,4225.0,4235.5,380.0
2019-06-21,4265.0,4287.0,4226.0,4242.0,44930.0
2019-06-24,4238.0,4265.0,4199.0,4233.0,37490.0
2019-06-25,4232.0,4261.0,4222.0,4233.0,34290.0
2019-06-26,4240.0,4247.0,4180.0,4193.0,64800.0
2019-06-27,4170.5,4190.0,4152.0,4170.0,51010.0
2019-06-28,4180.0,4197.0,4172.0,4183.5,29250.0
2019-07-01,4186.0,4309.0,4186.0,4292.0,65820.0
2019-07-02,4290.0,4322.0,4245.0,4262.5,42100.0
2019-07-03,4254.0,4279.5,4243.0,4250.0,22020.0
2019-07-04,4251.0,4344.0,4243.0,4311.5,45260.0
2019-07-05,4300.0,4340.0,4272.0,4284.5,24760.0
2019-07-08,4285.0,4328.0,4276.0,4305.0,23670.0
2019-07-09,4318.5,4354.0,4293.5,4341.0,27620.0
2019-07-10,4342.5,4347.5,4296.5,4311.0,18400.0
2019-07-11,4320.0,4377.0,4302.0,4310.5,13770.0
2019-07-12,4302.0,4360.0,4302.0,4345.0,770.0
2019-07-15,4310.0,4311.5,4287.0,4308.0,580.0
2019-07-16,4272.5,4302.0,4272.5,4298.0,670.0
2019-07-17,4255.0,4280.0,4254.5,4267.5,140.0
2019-07-18,4320.0,4320.0,4320.0,4320.0,100.0
2019-07-19,4276.5,4330.0,4231.5,4255.0,320.0
2019-07-22,4293.0,4293.0,4203.0,4217.5,70800.0
2019-07-23,4223.0,4240.0,4202.0,4221.0,58720.0
2019-07-24,4235.0,4274.5,4221.0,4228.5,73860.0
2019-07-25,4240.0,4242.0,4185.0,4222.0,69460.0
2019-07-26,4212.0,4214.0,4173.0,4180.0,52450.0
2019-07-29,4162.0,4247.0,4142.0,4235.5,70810.0
2019-07-30,4235.0,4261.5,4222.0,4244.5,59030.0
2019-07-31,4253.0,4346.0,4253.0,4315.0,82350.0
2019-08-01,4290.0,4327.0,4253.0,4262.5,49510.0
2019-08-02,4251.0,4302.0,4212.0,4287.5,49240.0
2019-08-05,4280.5,4295.0,4239.0,4252.0,26150.0
2019-08-06,4245.5,4273.0,4214.0,4224.0,18020.0
2019-08-07,4224.0,4226.0,4159.0,4170.5,14690.0
2019-08-08,4158.0,4239.5,4149.5,4233.0,15300.0
2019-08-09,4244.5,4340.5,4244.5,4322.0,21240.0
2019-08-13,4263.5,4269.0,4200.0,4216.0,6140.0
2019-08-14,4251.5,4251.5,4238.0,4246.5,300.0
2019-08-16,4305.5,4335.5,4293.5,4312.5,80.0
2019-08-19,4248.0,4279.0,4248.0,4262.0,140.0
2019-08-20,4262.0,4262.0,4262.0,4262.0,100.0
2019-08-21,4391.5,4426.0,4344.0,4352.5,76590.0
2019-08-22,4355.0,4355.0,4244.0,4276.5,95860.0
2019-08-23,4289.5,4314.5,4256.0,4294.0,63990.0
2019-08-26,4291.0,4358.0,4268.0,4287.0,39810.0
2019-08-27,4280.0,4333.5,4221.0,4300.0,84120.0
2019-08-28,4315.0,4331.5,4283.0,4300.0,52190.0
2019-08-29,4316.0,4321.0,4236.0,4255.5,35050.0
2019-08-30,4254.5,4324.0,4207.0,4282.0,49060.0
2019-09-03,4282.0,4282.0,4187.0,4199.0,37860.0
2019-09-04,4199.0,4209.0,4134.0,4145.0,43050.0
2019-09-05,4159.0,4164.0,4126.0,4142.5,35280.0
2019-09-06,4128.0,4155.0,4112.0,4132.0,29180.0
2019-09-09,4144.0,4172.0,4126.0,4142.0,26940.0
2019-09-11,4076.0,4240.0,4075.5,4205.5,16730.0
2019-09-12,4225.5,4280.0,4225.5,4256.5,11060.0
2019-09-13,4254.5,4255.5,4180.0,4189.0,4660.0
2019-09-16,4208.5,4220.0,4185.0,4189.5,4870.0
2019-09-17,4190.0,4193.0,4142.0,4147.5,4390.0
2019-09-18,4213.5,4213.5,4101.5,4125.0,1910.0
2019-09-19,4100.0,4178.5,4100.0,4151.0,3200.0
2019-09-20,4100.0,4168.5,4100.0,4146.5,3030.0
2019-09-23,4108.0,4108.0,3995.0,4012.5,51200.0
2019-09-24,4017.0,4038.0,3994.0,4016.5,37280.0
2019-09-25,4010.0,4033.5,3936.0,4012.0,67040.0
2019-09-26,3990.0,4048.0,3981.0,4003.0,54360.0
2019-09-27,4018.0,4057.0,3943.0,3954.0,70030.0
2019-09-30,3937.0,3978.0,3892.0,3942.5,43010.0
2019-10-01,3938.0,3963.0,3785.0,3809.5,50790.0
2019-10-03,3792.5,3850.0,3731.0,3823.5,41510.0
2019-10-04,3815.0,3874.0,3751.5,3852.0,27510.0
2019-10-07,3859.0,3901.5,3847.5,3853.0,17100.0
2019-10-09,3830.0,3870.0,3801.5,3850.5,17230.0
2019-10-10,3856.5,3867.5,3812.0,3828.0,15360.0
2019-10-11,3837.5,3845.0,3815.0,3827.5,7060.0
2019-10-14,3800.0,3859.0,3800.0,3846.0,370.0
2019-10-15,3844.0,3860.0,3840.5,3847.5,210.0
2019-10-16,3884.5,3890.0,3881.0,3884.5,150.0
2019-10-17,3909.0,3919.0,3909.0,3913.0,250.0
2019-10-18,3890.0,3890.0,3890.0,3890.0,510.0
2019-10-22,3945.0,3962.0,3923.0,3938.0,25270.0
2019-10-23,3941.0,3988.0,3923.0,3982.0,26630.0
2019-10-24,3990.0,4032.0,3978.0,4024.0,38880.0
2019-10-25,4035.0,4072.0,4035.0,4054.0,39310.0
2019-10-27,4065.0,4078.0,4042.0,4051.0,10710.0
2019-10-29,4052.0,4052.0,3993.0,3999.5,28520.0
2019-10-30,4000.0,4028.0,4000.0,4018.5,14950.0
2019-10-31,4021.0,4080.0,4016.0,4074.0,40240.0
2019-11-01,4078.5,4130.0,4078.5,4104.0,45510.0
2019-11-04,4115.0,4268.0,4115.0,4266.0,47960.0
2019-11-05,4261.0,4286.0,4202.0,4230.0,24670.0
2019-11-06,4245.0,4270.0,4180.0,4249.0,22540.0
2019-11-07,4259.5,4353.0,4250.0,4317.5,15450.0
2019-11-08,4300.0,4348.0,4275.0,4282.0,9360.0
2019-11-11,4283.5,4376.0,4260.0,4348.0,8420.0
2019-11-13,4365.0,4400.0,4345.0,4366.5,6630.0
2019-11-14,4376.0,4430.0,4333.5,4422.0,9020.0
2019-11-15,4433.0,4449.5,4413.0,4420.0,1600.0
2019-11-18,4401.0,4401.0,4280.0,4288.5,4220.0
2019-11-19,4350.0,4350.0,4275.0,4311.5,6720.0
2019-11-20,4339.0,4351.0,4275.0,4292.0,5640.0
2019-11-21,4290.0,4308.0,4232.0,4248.0,35150.0
2019-11-22,4261.0,4273.0,4226.0,4247.0,30900.0
2019-11-25,4242.0,4245.0,4134.0,4152.5,53630.0
2019-11-26,4172.0,4172.0,4109.0,4117.5,37950.0
2019-11-27,4115.0,4152.0,4115.0,4134.5,32020.000000000004
2019-11-28,4139.0,4160.0,4105.0,4141.5,39740.0
2019-11-29,4148.0,4149.0,4081.5,4092.0,36550.0
2019-12-02,4100.0,4100.0,3988.0,4048.0,25810.0
2019-12-03,4042.0,4076.0,4018.0,4030.0,21570.0
2019-12-04,4020.0,4042.0,3952.0,3966.0,12830.0
2019-12-05,3956.0,4058.0,3914.0,4044.0,21270.0
2019-12-06,4042.0,4078.0,4016.0,4050.0,13300.0
2019-12-09,4026.0,4026.0,3924.0,3942.0,11280.0
2019-12-10,3946.0,3966.0,3876.0,3890.0,19030.0
2019-12-11,3888.0,3960.0,3876.0,3948.0,5740.0
2019-12-12,3952.0,3962.0,3930.0,3948.0,3120.0
2019-12-13,3960.0,3966.0,3906.0,3918.0,4340.0
2019-12-16,3906.0,4002.0,3888.0,3994.0,6760.0
2019-12-17,4024.0,4044.0,4024.0,4034.0,4740.0
2019-12-18,4034.0,4034.0,4034.0,4034.0,10.0
2019-12-19,4096.0,4154.0,4096.0,4154.0,110.0
2019-12-20,4204.0,4206.0,4120.0,4180.0,280.0
2019-12-23,4154.0,4208.0,4154.0,4172.0,30340.0
2019-12-24,4164.0,4182.0,4122.0,4158.0,32360.0
2019-12-26,4174.0,4250.0,4146.0,4234.0,49370.0
2019-12-27,4238.0,4262.0,4204.0,4216.0,46590.0
2019-12-30,4224.0,4296.0,4224.0,4268.0,31530.0
2019-12-31,4270.0,4272.0,4202.0,4230.0,33050.0
2020-01-01,4232.0,4258.0,4222.0,4232.0,14590.0
2020-01-02,4230.0,4248.0,4196.0,4210.0,22290.0
2020-01-03,4224.0,4234.0,4100.0,4120.0,30070.0
2020-01-06,4098.0,4146.0,4036.0,4078.0,21850.0
2020-01-07,4092.0,4132.0,4074.0,4098.0,11690.0
2020-01-08,4088.0,4136.0,4062.0,4124.0,12830.0
2020-01-09,4132.0,4160.0,4114.0,4124.0,13980.0
2020-01-10,4122.0,4136.0,4096.0,4102.0,13940.0
2020-01-13,4132.0,4146.0,4086.0,4092.0,9810.0
2020-01-14,4090.0,4140.0,4076.0,4126.0,6130.0
2020-01-15,4138.0,4150.0,4090.0,4096.0,3080.0
2020-01-16,4066.0,4066.0,4066.0,4066.0,10.0
2020-01-17,4062.0,4096.0,4050.0,4068.0,880.0
2020-01-20,4068.0,4068.0,4068.0,4068.0,320.0
2020-01-21,4104.0,4124.0,4074.0,4106.0,18910.0
2020-01-22,4108.0,4134.0,4088.0,4122.0,23020.0
2020-01-23,4116.0,4122.0,4072.0,4080.0,21730.0
2020-01-24,4076.0,4122.0,4036.0,4106.0,38210.0
2020-01-27,4090.0,4090.0,4006.0,4024.0,32900.0
2020-01-28,4022.0,4056.0,3962.0,3972.0,39510.0
2020-01-29,3980.0,4018.0,3966.0,3998.0,24960.0
2020-01-30,3996.0,4000.0,3936.0,3950.0,20900.0
2020-01-31,3966.0,3990.0,3942.0,3972.0,21340.0
2020-02-01,3974.0,3994.0,3954.0,3962.0,10970.0
2020-02-03,3960.0,3964.0,3844.0,3858.0,34840.0
2020-02-04,3842.0,3886.0,3832.0,3876.0,20280.0
2020-02-05,3880.0,3944.0,3858.0,3926.0,27750.0
2020-02-06,3928.0,3984.0,3900.0,3970.0,12960.0
2020-02-07,3964.0,3970.0,3914.0,3918.0,13850.0
2020-02-10,3914.0,3928.0,3806.0,3816.0,21880.0
2020-02-11,3826.0,3868.0,3816.0,3840.0,8300.0
2020-02-12,3848.0,3908.0,3802.0,3890.0,7880.0
2020-02-13,3884.0,3904.0,3802.0,3818.0,11620.0
2020-02-14,3794.0,3840.0,3792.0,3826.0,4420.0
2020-02-17,3840.0,3840.0,3780.0,3802.0,430.0
2020-02-18,3772.0,3774.0,3772.0,3774.0,600.0
2020-02-19,3774.0,3774.0,3774.0,3774.0,30.0
2020-02-20,3774.0,3774.0,3774.0,3774.0,10.0
2020-02-24,3796.0,3798.0,3684.0,3694.0,36600.0
2020-02-25,3706.0,3734.0,3642.0,3660.0,41550.0
2020-02-26,3682.0,3682.0,3552.0,3604.0,68400.0
2020-02-27,3592.0,3676.0,3582.0,3670.0,28220.0
2020-02-28,3650.0,3678.0,3574.0,3660.0,41850.0
2020-03-02,3680.0,3738.0,3590.0,3610.0,43990.0
2020-03-03,3618.0,3754.0,3618.0,3754.0,44070.0
2020-03-04,3760.0,3832.0,3728.0,3818.0,32820.0
2020-03-05,3806.0,3850.0,3790.0,3826.0,18940.0
2020-03-06,3806.0,3822.0,3758.0,3780.0,11220.0
2020-03-09,3748.0,3748.0,3630.0,3630.0,2580.0
2020-03-11,3606.0,3670.0,3522.0,3542.0,17990.0
2020-03-12,3532.0,3532.0,3402.0,3402.0,6420.0
2020-03-13,3382.0,3538.0,3266.0,3538.0,11870.0
2020-03-16,3506.0,3506.0,3398.0,3398.0,4990.0
2020-03-17,3422.0,3480.0,3382.0,3440.0,3140.0
2020-03-18,3432.0,3488.0,3332.0,3454.0,1260.0
2020-03-19,3422.0,3450.0,3382.0,3442.0,1550.0
2020-03-20,3480.0,3480.0,3452.0,3472.0,2009.9999999999998
2020-03-23,3320.0,3322.0,3236.0,3236.0,11310.0
2020-03-24,3200.0,3306.0,3190.0,3250.0,18790.0
2020-03-25,3206.0,3380.0,3206.0,3352.0,21950.0
2020-03-26,3340.0,3398.0,3282.0,3306.0,17470.0
2020-03-27,3310.0,3378.0,3292.0,3320.0,11980.0
2020-03-30,3320.0,3340.0,3266.0,3312.0,8790.0
2020-03-31,3320.0,3362.0,3278.0,3310.0,11590.0
2020-04-01,3292.0,3316.0,3254.0,3280.0,5110.0
2020-04-03,3298.0,3368.0,3282.0,3320.0,8690.0
2020-04-07,3332.0,3414.0,3310.0,3402.0,11850.0
2020-04-08,3352.0,3452.0,3330.0,3422.0,8730.0
2020-04-09,3440.0,3550.0,3434.0,3530.0,16070.0
2020-04-13,3522.0,3586.0,3490.0,3538.0,18120.0
2020-04-15,3540.0,3600.0,3500.0,3584.0,6020.0
2020-04-16,3636.0,3636.0,3636.0,3636.0,820.0
2020-04-17,3636.0,3636.0,3636.0,3636.0,400.0
2020-04-20,3632.0,3632.0,3632.0,3632.0,330.0
2020-04-21,3524.0,3524.0,3524.0,3632.0,10.0
2020-04-22,3524.0,3524.0,3524.0,3524.0,19920.0
2020-04-23,3420.0,3420.0,3420.0,3420.0,10.0
2020-04-24,3404.0,3404.0,3404.0,3404.0,19430.0
2020-04-27,3406.0,3406.0,3406.0,3404.0,10.0
2020-04-28,3420.0,3420.0,3420.0,3420.0,14820.0
2020-04-29,3520.0,3520.0,3520.0,3520.0,25200.0
2020-04-30,3566.0,3566.0,3528.0,3560.0,30.0
2020-05-04,3510.0,3510.0,3430.0,3446.0,11510.0
2020-05-05,3460.0,3500.0,3454.0,3472.0,8320.0
2020-05-06,3486.0,3504.0,3452.0,3460.0,5300.0
2020-05-07,3458.0,3526.0,3450.0,3518.0,9920.0
2020-05-08,3500.0,3562.0,3500.0,3524.0,8770.0
2020-05-11,3540.0,3552.0,3510.0,3520.0,4150.0
2020-05-12,3512.0,3538.0,3500.0,3524.0,3280.0
2020-05-13,3526.0,3550.0,3518.0,3536.0,3260.0
2020-05-14,3540.0,3544.0,3528.0,3540.0,2860.0
2020-05-15,3562.0,3650.0,3560.0,3638.0,760.0
2020-05-18,3660.0,3712.0,3660.0,3684.0,1520.0
2020-05-19,3674.0,3688.0,3654.0,3662.0,1090.0
2020-05-20,3664.0,3704.0,3654.0,3698.0,2050.0
2020-05-21,3604.0,3616.0,3594.0,3602.0,4370.0
2020-05-22,3582.0,3582.0,3518.0,3544.0,8280.0
2020-05-26,3518.0,3570.0,3518.0,3538.0,7140.0
2020-05-27,3538.0,3558.0,3524.0,3542.0,5770.0
2020-05-28,3526.0,3558.0,3518.0,3536.0,6980.0
2020-05-29,3526.0,3542.0,3460.0,3478.0,13870.0
2020-06-01,3472.0,3526.0,3462.0,3512.0,8410.0
2020-06-02,3524.0,3536.0,3506.0,3514.0,5480.0
2020-06-03,3520.0,3618.0,3520.0,3568.0,11970.0
2020-06-04,3550.0,3598.0,3532.0,3562.0,4120.0
2020-06-05,3572.0,3580.0,3532.0,3550.0,4260.0
2020-06-08,3576.0,3610.0,3452.0,3528.0,7150.0
2020-06-09,3526.0,3532.0,3476.0,3510.0,5050.0
2020-06-10,3530.0,3578.0,3490.0,3554.0,7460.0
2020-06-11,3558.0,3570.0,3542.0,3552.0,4140.0
2020-06-12,3480.0,3539.0,3480.0,3527.0,2530.0
2020-06-15,3522.0,3522.0,3473.0,3484.0,8660.0
2020-06-16,3525.0,3543.0,3520.0,3534.0,1070.0
2020-06-17,3521.0,3536.0,3521.0,3527.0,160.0
2020-06-18,3530.0,3554.0,3530.0,3554.0,730.0
2020-06-19,3600.0,3650.0,3600.0,3625.0,1900.0
2020-06-22,3632.0,3674.0,3610.0,3641.0,21450.0
2020-06-23,3644.0,3703.0,3636.0,3680.0,17080.0
2020-06-24,3673.0,3679.0,3631.0,3641.0,6830.0
2020-06-25,3617.0,3680.0,3617.0,3653.0,8720.0
2020-06-26,3665.0,3690.0,3660.0,3669.0,8960.0
2020-06-29,3664.0,3670.0,3614.0,3622.0,14020.0
2020-06-30,3631.0,3645.0,3610.0,3616.0,7600.0
2020-07-01,3630.0,3650.0,3615.0,3630.0,2780.0
2020-07-02,3634.0,3639.0,3610.0,3618.0,5410.0
2020-07-03,3602.0,3664.0,3602.0,3640.0,5050.0
2020-07-06,3650.0,3682.0,3649.0,3670.0,3860.0
2020-07-07,3670.0,3740.0,3669.0,3725.0,7180.0
2020-07-08,3736.0,3738.0,3692.0,3702.0,4030.0000000000005
2020-07-09,3698.0,3721.0,3690.0,3706.0,2080.0
2020-07-10,3715.0,3741.0,3715.0,3732.0,6750.0
2020-07-13,3736.0,3736.0,3702.0,3710.0,4150.0
2020-07-14,3708.0,3757.0,3692.0,3726.0,4330.0
2020-07-15,3777.0,3777.0,3736.0,3743.0,1770.0
2020-07-16,3770.0,3775.0,3743.0,3745.0,1790.0
2020-07-17,3760.0,3894.0,3756.0,3858.0,2520.0
2020-07-20,3894.0,3950.0,3840.0,3873.0,4019.9999999999995
2020-07-21,3800.0,3830.0,3775.0,3788.0,16710.0
2020-07-22,3782.0,3899.0,3782.0,3884.0,22830.0
2020-07-23,3894.0,3962.0,3866.0,3921.0,28940.0
2020-07-24,3920.0,3938.0,3801.0,3832.0,28530.0
2020-07-27,3869.0,3932.0,3840.0,3891.0,20560.0
2020-07-28,3919.0,3931.0,3861.0,3881.0,10580.0
2020-07-29,3890.0,3930.0,3875.0,3909.0,12880.0
2020-07-30,3890.0,3904.0,3836.0,3852.0,11660.0
2020-07-31,3840.0,3842.0,3791.0,3814.0,7890.0
2020-08-03,3840.0,3966.0,3840.0,3966.0,10120.0
2020-08-04,4013.0,4050.0,3968.0,3991.0,19550.0
2020-08-05,3968.0,3985.0,3908.0,3960.0,7770.0
2020-08-06,3970.0,4084.0,3970.0,4063.0,10490.0
2020-08-07,4046.0,4112.0,4011.0,4076.0,7630.0
2020-08-10,4062.0,4078.0,3971.0,4017.0,5680.0
2020-08-11,3996.0,3999.0,3924.0,3958.0,3190.0
2020-08-12,3936.0,4009.0,3867.0,3990.0,3410.0
2020-08-13,3985.0,4025.0,3873.0,3882.0,3920.0
2020-08-14,3882.0,3914.0,3770.0,3848.0,1730.0
2020-08-17,3920.0,3920.0,3920.0,3848.0,1460.0
2020-08-18,3848.0,3848.0,3848.0,3848.0,34200.0
2020-08-19,3963.0,4001.0,3963.0,4001.0,60.0
2020-08-20,3972.0,3990.0,3972.0,3978.0,70.0
2020-08-21,4115.0,4172.0,4091.0,4131.0,30430.0
2020-08-24,4131.0,4145.0,4085.0,4109.0,23170.0
2020-08-25,4125.0,4231.0,4125.0,4223.0,39710.0
2020-08-26,4229.0,4235.0,4161.0,4171.0,36000.0
2020-08-27,4152.0,4193.0,4115.0,4128.0,23980.0
2020-08-28,4130.0,4173.0,4111.0,4136.0,18280.0
2020-08-31,4111.0,4111.0,4035.0,4083.0,12640.0
2020-09-01,4089.0,4110.0,3970.0,3994.0,15990.0
2020-09-02,4005.0,4021.0,3966.0,4014.0,10200.0
2020-09-03,4022.0,4030.0,3984.0,4005.0,5780.0
2020-09-04,4003.0,4015.0,3903.0,3946.0,13980.0
2020-09-07,3932.0,3943.0,3852.0,3929.0,15330.0
2020-09-08,3931.0,3959.0,3900.0,3935.0,8670.0
2020-09-09,3916.0,3959.0,3912.0,3942.0,4090.0
2020-09-10,3962.0,4099.0,3946.0,4099.0,7250.0
2020-09-11,4100.0,4170.0,4082.0,4135.0,5660.0
2020-09-14,4118.0,4146.0,4056.0,4079.0,5250.0
2020-09-15,4110.0,4160.0,4100.0,4131.0,3510.0
2020-09-16,4246.0,4246.0,4110.0,4113.0,790.0
2020-09-17,4136.0,4140.0,3990.0,3990.0,3030.0
2020-09-18,4064.0,4064.0,4000.0,4016.0,260.0
2020-09-21,4043.0,4070.0,3960.0,3976.0,26210.0
2020-09-22,3970.0,3994.0,3924.0,3982.0,17300.0
2020-09-23,3984.0,4007.0,3950.0,3979.0,15530.0
2020-09-24,3990.0,4000.0,3915.0,3930.0,18910.0
2020-09-25,3935.0,3967.0,3926.0,3952.0,12200.0
2020-09-28,3960.0,4010.0,3950.0,3975.0,17410.0
2020-09-29,3998.0,3999.0,3950.0,3964.0,12570.0
2020-09-30,3952.0,4004.0,3944.0,3993.0,18110.0
2020-10-01,4007.0,4112.0,4001.0,4112.0,30190.0
2020-10-05,4110.0,4110.0,4069.0,4095.0,9980.0
2020-10-06,4084.0,4107.0,4046.0,4053.0,7250.0
2020-10-07,4047.0,4070.0,4032.0,4062.0,6980.0
2020-10-08,4062.0,4137.0,4062.0,4129.0,14270.0
2020-10-09,4116.0,4136.0,4045.0,4059.0,10120.0
2020-10-12,4040.0,4086.0,4040.0,4060.0,5050.0
2020-10-13,4046.0,4052.0,3970.0,3983.0,5740.0
2020-10-14,3983.0,4012.0,3957.0,3967.0,11840.0
2020-10-15,4000.0,4078.0,3932.0,4027.0,880.0
2020-10-16,4021.0,4021.0,4020.0,4021.0,80.0
2020-10-19,4050.0,4050.0,4021.0,4032.0,480.0
2020-10-20,4070.0,4148.0,4070.0,4100.0,1600.0
2020-10-21,4143.0,4274.0,4143.0,4243.0,46760.0
2020-10-22,4254.0,4324.0,4232.0,4269.0,49630.0
2020-10-23,4286.0,4297.0,4250.0,4275.0,28890.0
2020-10-26,4285.0,4309.0,4224.0,4277.0,28640.0
2020-10-27,4265.0,4394.0,4242.0,4359.0,41840.0
2020-10-28,4350.0,4373.0,4252.0,4276.0,41380.0
2020-10-29,4273.0,4288.0,4240.0,4263.0,17400.0
2020-10-30,4270.0,4332.0,4253.0,4288.0,24950.0
2020-11-02,4289.0,4289.0,4166.0,4212.0,25480.0
2020-11-03,4225.0,4280.0,4219.0,4262.0,11270.0
2020-11-04,4270.0,4306.0,4231.0,4287.0,11330.0
2020-11-05,4310.0,4324.0,4262.0,4271.0,8810.0
2020-11-06,4255.0,4265.0,4221.0,4231.0,6480.0
2020-11-09,4301.0,4301.0,4116.0,4161.0,13010.0
2020-11-10,4191.0,4198.0,4138.0,4152.0,11370.0
2020-11-11,4166.0,4215.0,4162.0,4195.0,7820.0
2020-11-12,4184.0,4191.0,4140.0,4146.0,5580.0
2020-11-13,4124.0,4146.0,4107.0,4128.0,3290.0
2020-11-14,4114.0,4119.0,4100.0,4103.0,5630.0
2020-11-17,4085.0,4120.0,4060.0,4107.0,310.0
2020-11-18,4040.0,4072.0,4030.0,4045.0,520.0
2020-11-19,4074.0,4074.0,4065.0,4073.0,100.0
2020-11-20,4040.0,4070.0,4040.0,4058.0,1770.0
2020-11-23,4069.0,4069.0,3956.0,3967.0,31270.0
2020-11-24,3955.0,3964.0,3892.0,3919.0,32800.0
2020-11-25,3950.0,3973.0,3935.0,3949.0,17980.0
2020-11-26,3932.0,3960.0,3890.0,3900.0,14790.0
2020-11-27,3904.0,3980.0,3902.0,3961.0,21720.0
2020-12-01,3960.0,3965.0,3884.0,3911.0,17730.0
2020-12-02,3901.0,3931.0,3812.0,3845.0,23510.0
2020-12-03,3855.0,3878.0,3828.0,3869.0,9000.0
2020-12-04,3872.0,3890.0,3843.0,3859.0,8680.0
2020-12-07,3850.0,3884.0,3840.0,3851.0,11420.0
2020-12-08,3850.0,3880.0,3807.0,3863.0,11710.0
2020-12-09,3864.0,3876.0,3750.0,3841.0,11410.0
2020-12-10,3854.0,3941.0,3854.0,3916.0,16690.0
2020-12-11,3930.0,3953.0,3875.0,3880.0,8980.0
2020-12-14,3888.0,3940.0,3888.0,3928.0,9610.0
2020-12-15,3940.0,3959.0,3934.0,3947.0,3720.0
2020-12-16,3968.0,3999.0,3964.0,3969.0,1090.0
2020-12-17,3969.0,3969.0,3969.0,3969.0,400.0
2020-12-18,3969.0,3969.0,3969.0,3969.0,390.0
2020-12-21,3930.0,3930.0,3840.0,3856.0,26580.0
2020-12-22,3846.0,3890.0,3842.0,3874.0,12170.0
2020-12-23,3871.0,3928.0,3864.0,3900.0,13890.0
2020-12-24,3900.0,3944.0,3857.0,3915.0,19400.0
2020-12-28,3919.0,3925.0,3878.0,3889.0,11440.0
2020-12-29,3902.0,3902.0,3868.0,3884.0,7690.0
2020-12-30,3889.0,3907.0,3873.0,3891.0,9060.0
2020-12-31,3885.0,3930.0,3883.0,3908.0,13640.0
2021-01-01,3913.0,3980.0,3912.0,3946.0,20470.0
2021-01-04,3950.0,3968.0,3925.0,3954.0,10940.0
2021-01-05,3950.0,3950.0,3850.0,3882.0,10630.0
2021-01-06,3899.0,3925.0,3887.0,3898.0,10450.0
2021-01-07,3890.0,3921.0,3876.0,3887.0,7860.0
2021-01-08,3902.0,3924.0,3893.0,3899.0,12670.0
2021-01-11,3910.0,3910.0,3843.0,3872.0,11520.0
2021-01-12,3869.0,3887.0,3863.0,3882.0,4950.0
2021-01-13,3882.0,3940.0,3878.0,3905.0,7460.0
2021-01-14,3909.0,3920.0,3896.0,3914.0,4900.0
2021-01-15,3905.0,3987.0,3890.0,3912.0,100.0
2021-01-18,3889.0,3976.0,3860.0,3938.0,340.0
2021-01-19,3938.0,3938.0,3938.0,3938.0,30.0
2021-01-20,4033.0,4033.0,3900.0,3923.0,120.0
2021-01-21,3938.0,4017.0,3925.0,3991.0,23490.0
2021-01-22,4005.0,4040.0,3973.0,3985.0,25570.0
2021-01-25,3970.0,4015.0,3970.0,3981.0,12350.0
2021-01-27,4024.0,4024.0,3910.0,3925.0,18230.0
2021-01-28,3924.0,3940.0,3898.0,3928.0,13650.0
2021-01-29,3920.0,3948.0,3912.0,3917.0,9200.0
2021-02-01,3925.0,3937.0,3863.0,3878.0,10220.0
2021-02-02,3889.0,3939.0,3875.0,3921.0,13030.0
2021-02-03,3910.0,3945.0,3909.0,3916.0,5850.0
2021-02-04,3924.0,3938.0,3892.0,3921.0,9140.0
2021-02-05,3931.0,3968.0,3909.0,3959.0,11570.0
2021-02-08,3970.0,3980.0,3936.0,3953.0,14690.0
2021-02-09,3959.0,3998.0,3955.0,3960.0,14630.0
2021-02-10,3954.0,3975.0,3915.0,3920.0,10480.0
2021-02-11,3912.0,3936.0,3890.0,3909.0,5960.0
2021-02-12,3908.0,3925.0,3901.0,3913.0,5760.0
2021-02-15,3928.0,3960.0,3881.0,3896.0,7220.0
2021-02-16,3896.0,3896.0,3890.0,3892.0,100.0
2021-02-17,3892.0,3892.0,3892.0,3892.0,
2021-02-18,3887.0,3887.0,3887.0,3887.0,10.0
2021-02-19,3887.0,3887.0,3887.0,3887.0,10.0
2021-02-22,3890.0,3890.0,3810.0,3816.0,14110.0
2021-02-23,3823.0,3853.0,3821.0,3827.0,9900.0
2021-02-24,3835.0,3859.0,3821.0,3843.0,8560.0
2021-02-25,3855.0,3909.0,3822.0,3868.0,15940.0
2021-02-26,3856.0,3876.0,3836.0,3844.0,13450.0
2021-03-01,3854.0,3876.0,3847.0,3854.0,6260.0
2021-03-02,3844.0,3859.0,3800.0,3815.0,15240.0
2021-03-03,3813.0,3849.0,3813.0,3828.0,8620.0
2021-03-04,3834.0,3849.0,3820.0,3822.0,5650.0
2021-03-05,3848.0,3855.0,3836.0,3840.0,8760.0
2021-03-08,3870.0,3884.0,3841.0,3846.0,10080.0
2021-03-09,3855.0,3858.0,3820.0,3824.0,11620.0
2021-03-10,3830.0,3832.0,3770.0,3789.0,19860.0
2021-03-12,3786.0,3824.0,3775.0,3784.0,11280.0
2021-03-15,3783.0,3862.0,3783.0,3801.0,8760.0
2021-03-16,3791.0,3791.0,3790.0,3791.0,20.0
2021-03-17,3743.0,3743.0,3713.0,3728.0,20.0
2021-03-18,3740.0,3740.0,3740.0,3740.0,50.0
2021-03-19,3740.0,3740.0,3740.0,3740.0,110.0
2021-03-22,3795.0,3820.0,3762.0,3777.0,10410.0
2021-03-23,3782.0,3804.0,3773.0,3776.0,7730.0
2021-03-24,3777.0,3782.0,3754.0,3763.0,6390.0
2021-03-25,3780.0,3799.0,3757.0,3762.0,6390.0
2021-03-26,3755.0,3777.0,3744.0,3757.0,6040.0
2021-03-29,3757.0,3757.0,3757.0,3757.0,
2021-03-30,3760.0,3790.0,3750.0,3757.0,8320.0
2021-03-31,3757.0,3772.0,3747.0,3763.0,14080.0
2021-04-01,3765.0,3766.0,3725.0,3751.0,6810.0
2021-04-05,3774.0,3948.0,3757.0,3930.0,19490.0
2021-04-06,3915.0,4020.0,3900.0,3954.0,18000.0
2021-04-07,3945.0,3985.0,3825.0,3883.0,8590.0
2021-04-08,3890.0,3908.0,3850.0,3863.0,6190.0
2021-04-09,3870.0,3899.0,3855.0,3883.0,15170.0
2021-04-12,3905.0,3949.0,3847.0,3877.0,8200.0
2021-04-13,3870.0,3916.0,3870.0,3900.0,8240.0
2021-04-14,3900.0,3900.0,3900.0,3900.0,
2021-04-15,3985.0,4024.0,3981.0,3993.0,40.0
2021-04-16,3993.0,3993.0,3993.0,3993.0,
2021-04-19,4051.0,4151.0,3995.0,4017.0,670.0
2021-04-20,4167.0,4167.0,4167.0,4167.0,250.0
2021-04-21,4109.0,4109.0,4109.0,4109.0,
2021-04-22,4128.0,4284.0,4128.0,4208.0,50030.0
2021-04-23,4200.0,4238.0,4121.0,4202.0,38940.0
2021-04-26,4200.0,4225.0,4042.0,4059.0,32759.999999999996
2021-04-27,4069.0,4125.0,4050.0,4085.0,19540.0
2021-04-28,4055.0,4075.0,4001.0,4055.0,20080.0
2021-04-29,4075.0,4117.0,4047.0,4081.0,12250.0
2021-04-30,4070.0,4072.0,4025.0,4036.0,15610.0
2021-05-03,4052.0,4060.0,3937.0,3959.0,13680.0
2021-05-04,3944.0,4005.0,3942.0,3985.0,10590.0
2021-05-05,3994.0,4045.0,3979.0,4030.0,11000.0
2021-05-06,4040.0,4071.0,4017.0,4026.0,8840.0
2021-05-07,4032.0,4043.0,3988.0,4017.0,11580.0
2021-05-10,4055.0,4176.0,4051.0,4141.0,22460.0
2021-05-11,4140.0,4350.0,4127.0,4299.0,12110.0
2021-05-12,4323.0,4370.0,4301.0,4338.0,4790.0
2021-05-13,4338.0,4338.0,4338.0,4338.0,
2021-05-14,4317.0,4338.0,4270.0,4303.0,3330.0
2021-05-17,4277.0,4301.0,4201.0,4271.0,1300.0
2021-05-18,4308.0,4308.0,4308.0,4308.0,
2021-05-19,4281.0,4281.0,4281.0,4281.0,30.0
2021-05-20,4281.0,4281.0,4281.0,4281.0,190.0
2021-05-21,4288.0,4299.0,4261.0,4277.0,14330.0
2021-05-24,4255.0,4288.0,4230.0,4261.0,13020.0
2021-05-25,4271.0,4324.0,4257.0,4265.0,16520.0
2021-05-26,4255.0,4285.0,4185.0,4195.0,23260.0
2021-05-27,4195.0,4204.0,4162.0,4174.0,14570.0
2021-05-28,4182.0,4208.0,4158.0,4180.0,14090.0
2021-05-31,4185.0,4235.0,4166.0,4194.0,17440.0
2021-06-01,4196.0,4205.0,4160.0,4168.0,11820.0
2021-06-02,4156.0,4176.0,4130.0,4168.0,7920.0
2021-06-03,4181.0,4192.0,4142.0,4151.0,11020.0
2021-06-04,4140.0,4170.0,4121.0,4134.0,8430.0
2021-06-07,4155.0,4169.0,4138.0,4144.0,7990.0
2021-06-08,4141.0,4206.0,4133.0,4150.0,11320.0
2021-06-09,4156.0,4156.0,4045.0,4073.0,13510.0
2021-06-10,4080.0,4085.0,4031.0,4040.0,12310.0
2021-06-11,4040.0,4053.0,4016.0,4038.0,8109.999999999999
2021-06-14,4015.0,4034.0,3980.0,4015.0,10370.0
2021-06-15,4152.0,4152.0,4152.0,4152.0,
2021-06-16,4060.0,4060.0,4060.0,4060.0,10.0
2021-06-17,4093.0,4093.0,4093.0,4093.0,
2021-06-18,3970.0,4000.0,3970.0,3980.0,60.0
2021-06-21,4021.0,4044.0,4015.0,4026.0,8420.0
2021-06-22,4026.0,4130.0,4026.0,4069.0,21620.0
2021-06-23,4075.0,4089.0,4035.0,4046.0,9200.0
2021-06-24,4042.0,4056.0,3965.0,4003.0,13520.0
2021-06-25,4010.0,4069.0,4008.0,4032.0,11410.0
2021-06-28,4031.0,4057.0,4002.0,4011.0,8070.0
2021-06-29,4017.0,4130.0,4005.0,4111.0,18140.0
2021-06-30,4125.0,4160.0,4084.0,4113.0,17310.0
2021-07-01,4113.0,4122.0,4070.0,4094.0,10060.0
2021-07-02,4095.0,4141.0,4081.0,4098.0,13210.0
2021-07-05,4152.0,4152.0,3985.0,3993.0,11910.0
2021-07-06,4005.0,4011.0,3981.0,3989.0,8020.0
2021-07-07,3989.0,4035.0,3945.0,4000.0,9460.0
2021-07-08,4000.0,4015.0,3974.0,3983.0,8160.0
2021-07-09,3988.0,4018.0,3964.0,3972.0,15010.0
2021-07-12,3972.0,4019.0,3951.0,3995.0,8150.0
2021-07-13,4000.0,4045.0,3993.0,3995.0,6180.0
2021-07-14,4008.0,4137.0,4008.0,4118.0,12640.0
2021-07-15,4100.0,4218.0,4098.0,4186.0,1080.0
2021-07-16,4145.0,4159.0,4140.0,4144.0,640.0
2021-07-19,4287.0,4308.0,4200.0,4236.0,250.0
2021-07-20,4250.0,4250.0,4250.0,4250.0,
2021-07-21,4288.0,4288.0,4288.0,4288.0,
2021-07-22,4290.0,4387.0,4288.0,4334.0,36920.0
2021-07-23,4338.0,4383.0,4301.0,4323.0,22910.0
2021-07-26,4306.0,4484.0,4224.0,4445.0,57260.0
2021-07-27,4450.0,4518.0,4411.0,4448.0,26720.0
2021-07-28,4469.0,4469.0,4373.0,4393.0,30810.0
2021-07-29,4397.0,4474.0,4387.0,4419.0,35680.0
2021-07-30,4413.0,4431.0,4351.0,4380.0,25160.0
2021-08-02,4403.0,4624.0,4403.0,4601.0,46060.0
2021-08-03,4606.0,4650.0,4559.0,4579.0,20220.0
2021-08-04,4602.0,4721.0,4600.0,4690.0,24530.0
2021-08-05,4682.0,4696.0,4620.0,4671.0,12630.0
2021-08-06,4711.0,4750.0,4577.0,4598.0,15030.0
2021-08-09,4640.0,4673.0,4520.0,4635.0,12610.0
2021-08-10,4625.0,4640.0,4506.0,4612.0,12590.0
2021-08-11,4640.0,4662.0,4565.0,4590.0,7820.0
2021-08-12,4581.0,4773.0,4575.0,4721.0,7760.0
2021-08-13,4763.0,4908.0,4704.0,4880.0,4230.0
2021-08-16,4931.0,4939.0,4914.0,4930.0,40.0
2021-08-17,4881.0,4881.0,4825.0,4859.0,20.0
2021-08-18,4936.0,4936.0,4936.0,4936.0,100.0
2021-08-19,4936.0,4936.0,4936.0,4936.0,
2021-08-20,5084.0,5118.0,5078.0,5112.0,250.0
2021-08-23,5412.0,5716.0,5320.0,5706.0,103320.0
2021-08-24,5799.0,6048.0,5786.0,6048.0,75770.0
2021-08-25,6289.0,6410.0,6289.0,6410.0,8590.0
2021-08-26,6666.0,6794.0,6026.0,6044.0,129639.99999999999
2021-08-27,6050.0,6190.0,5682.0,5995.0,126810.0
2021-08-30,6094.0,6316.0,5813.0,6145.0,57620.0
2021-08-31,6140.0,6180.0,5985.0,6018.0,26490.0
2021-09-01,5942.0,5994.0,5676.0,5742.0,31160.0
2021-09-02,5760.0,5960.0,5674.0,5912.0,18650.0
2021-09-03,5969.0,6050.0,5761.0,5875.0,16990.0
2021-09-06,5913.0,5913.0,5737.0,5763.0,7360.0
2021-09-07,5800.0,6080.0,5794.0,5944.0,12500.0
2021-09-08,5971.0,6285.0,5940.0,6249.0,13510.0
2021-09-09,6286.0,6623.0,6280.0,6623.0,12570.0
2021-09-10,6623.0,6623.0,6623.0,6623.0,
2021-09-13,6623.0,6623.0,6226.0,6330.0,13700.0
2021-09-14,6275.0,6399.0,6100.0,6237.0,10390.0
2021-09-15,6339.0,6486.0,6236.0,6329.0,2150.0
2021-09-16,6377.0,6425.0,6172.0,6197.0,490.0
2021-09-17,6031.0,6105.0,5912.0,5975.0,350.0
2021-09-20,5800.0,5950.0,5800.0,5907.0,640.0
2021-09-21,5750.0,5918.0,5721.0,5829.0,41280.0
2021-09-22,5800.0,5959.0,5730.0,5830.0,46990.0
2021-09-23,5818.0,5880.0,5764.0,5865.0,37180.0
2021-09-24,5872.0,6004.0,5870.0,5932.0,33690.0
2021-09-27,5968.0,6024.0,5830.0,5847.0,29620.0
2021-09-28,5837.0,5843.0,5714.0,5755.0,36800.0
2021-09-29,5776.0,6100.0,5760.0,6098.0,49020.0
2021-09-30,6150.0,6205.0,5861.0,5902.0,42420.0
2021-10-01,5870.0,5926.0,5779.0,5862.0,18460.0
2021-10-04,5870.0,5873.0,5709.0,5763.0,11650.0
2021-10-05,5800.0,6070.0,5770.0,5905.0,19230.0
2021-10-06,5926.0,5976.0,5854.0,5878.0,7090.0
2021-10-07,5884.0,5884.0,5805.0,5836.0,6950.0
2021-10-08,5833.0,5888.0,5800.0,5816.0,11810.0
2021-10-11,5812.0,6140.0,5812.0,6056.0,17570.0
2021-10-12,6068.0,6280.0,6017.0,6050.0,18050.0
2021-10-13,6039.0,6095.0,5926.0,5975.0,12060.0
2021-10-14,6015.0,6174.0,5982.0,6096.0,660.0
2021-10-15,6096.0,6096.0,6096.0,6096.0,
2021-10-18,6279.0,6461.0,6113.0,6406.0,1750.0
2021-10-19,6350.0,6401.0,6162.0,6270.0,900.0
2021-10-20,6025.0,6280.0,6025.0,6229.0,560.0
2021-10-21,6379.0,6540.0,6379.0,6492.0,52720.0
2021-10-22,6475.0,6740.0,6350.0,6682.0,85270.0
2021-10-25,6651.0,6800.0,6620.0,6653.0,43850.0
2021-10-26,6618.0,6780.0,6540.0,6749.0,54340.0
2021-10-27,6753.0,7082.0,6734.0,7046.0,84950.0
2021-10-28,7012.0,7090.0,6850.0,6980.0,68280.0
2021-10-29,6950.0,7185.0,6950.0,7041.0,74390.0
2021-11-01,7030.0,7090.0,6820.0,6895.0,41490.0
2021-11-02,6888.0,6950.0,6700.0,6722.0,29420.0
2021-11-03,6657.0,6800.0,6545.0,6599.0,18940.0
2021-11-04,6630.0,6744.0,6584.0,6684.0,4530.0
2021-11-05,6684.0,6684.0,6684.0,6684.0,
2021-11-08,6767.0,6945.0,6767.0,6905.0,25340.0
2021-11-09,6869.0,6875.0,6707.0,6729.0,16540.0
2021-11-10,6724.0,6737.0,6333.0,6378.0,16280.000000000002
2021-11-11,6415.0,6570.0,6380.0,6450.0,10190.0
2021-11-12,6458.0,6517.0,6397.0,6423.0,6220.0
2021-11-15,6436.0,6436.0,6200.0,6252.0,700.0
2021-11-16,6250.0,6250.0,6250.0,6250.0,620.0
2021-11-17,6440.0,6500.0,6430.0,6434.0,430.0
2021-11-18,6200.0,6200.0,6200.0,6200.0,1140.0
2021-11-19,6285.0,6285.0,6285.0,6285.0,
2021-11-22,6235.0,6250.0,6035.0,6161.0,45350.0
2021-11-23,6189.0,6270.0,6103.0,6213.0,40070.0
2021-11-24,6213.0,6232.0,6025.0,6045.0,52760.0
2021-11-25,6032.0,6150.0,5980.0,6095.0,44880.0
2021-11-26,6065.0,6078.0,5872.0,5922.0,39760.0
2021-11-29,5853.0,5950.0,5663.0,5796.0,39570.0
2021-11-30,5878.0,5882.0,5722.0,5789.0,31550.0
2021-12-01,5760.0,5917.0,5727.0,5891.0,21220.0
2021-12-02,5840.0,5916.0,5656.0,5673.0,18820.0
2021-12-03,5656.0,5695.0,5564.0,5616.0,13770.0
2021-12-06,5510.0,5725.0,5510.0,5597.0,13160.0
2021-12-07,5611.0,5858.0,5611.0,5838.0,15950.0
2021-12-08,5839.0,5909.0,5780.0,5826.0,9070.0
2021-12-09,5816.0,5928.0,5788.0,5841.0,8510.0
2021-12-10,5862.0,5862.0,5723.0,5794.0,8720.0
2021-12-13,5839.0,5927.0,5830.0,5848.0,7460.0
2021-12-14,5864.0,6197.0,5814.0,6140.0,8890.0
2021-12-15,6137.0,6165.0,6100.0,6106.0,990.0
2021-12-16,6202.0,6203.0,6158.0,6193.0,390.0
2021-12-17,6205.0,6205.0,6040.0,6046.0,580.0
2021-12-20,5940.0,5940.0,5940.0,5940.0,60.0
2021-12-21,6098.0,6177.0,6064.0,6084.0,25330.0
2021-12-22,6110.0,6138.0,5977.0,6107.0,35370.0
2021-12-23,6135.0,6199.0,6103.0,6190.0,39590.0
2021-12-24,6200.0,6208.0,6095.0,6111.0,28880.0
2021-12-27,6088.0,6135.0,6042.0,6094.0,21420.0
2021-12-28,6109.0,6157.0,6092.0,6116.0,19810.0
2021-12-29,6090.0,6099.0,5872.0,5916.0,44360.0
2021-12-30,5911.0,5955.0,5860.0,5911.0,28100.0
2021-12-31,5902.0,6048.0,5892.0,6027.0,22750.0
2022-01-03,6050.0,6120.0,6029.0,6061.0,23460.0
2022-01-04,6061.0,6225.0,6025.0,6199.0,23690.0
2022-01-05,6190.0,6220.0,6143.0,6168.0,19300.0
2022-01-06,6133.0,6170.0,6053.0,6160.0,14170.0
2022-01-07,6171.0,6266.0,6159.0,6221.0,13830.0
2022-01-10,6215.0,6444.0,6173.0,6339.0,15770.0
2022-01-11,6338.0,6387.0,6305.0,6360.0,14560.0
2022-01-12,6435.0,6490.0,6391.0,6417.0,6330.0
2022-01-13,6405.0,6432.0,6354.0,6380.0,5830.0
2022-01-14,6411.0,6420.0,6297.0,6317.0,3820.0
2022-01-17,6318.0,6407.0,6318.0,6401.0,280.0
2022-01-18,6500.0,6500.0,6500.0,6500.0,40.0
2022-01-19,6500.0,6540.0,6500.0,6527.0,80.0
2022-01-20,6407.0,6424.0,6290.0,6398.0,990.0
2022-01-21,6390.0,6447.0,6163.0,6284.0,55130.0
2022-01-24,6305.0,6305.0,6185.0,6220.0,29700.0
2022-01-25,6161.0,6384.0,6161.0,6372.0,30170.0
2022-01-27,6415.0,6452.0,6355.0,6419.0,36880.0
2022-01-28,6390.0,6448.0,6362.0,6375.0,27660.0
2022-01-31,6368.0,6409.0,6321.0,6357.0,26790.0
2022-02-01,6361.0,6385.0,6315.0,6338.0,16910.0
2022-02-02,6340.0,6347.0,6190.0,6233.0,21340.0
2022-02-03,6225.0,6269.0,6174.0,6262.0,17610.0
2022-02-04,6288.0,6325.0,6256.0,6282.0,12490.0
2022-02-07,6293.0,6315.0,6087.0,6127.0,18690.0
2022-02-08,6117.0,6151.0,6051.0,6139.0,13500.0
2022-02-09,6131.0,6189.0,6119.0,6134.0,10470.0
2022-02-10,6136.0,6248.0,6136.0,6232.0,12900.0
2022-02-11,6243.0,6307.0,6199.0,6280.0,10220.0
2022-02-14,6339.0,6435.0,6315.0,6360.0,8820.0
2022-02-15,6350.0,6360.0,6293.0,6325.0,920.0
2022-02-16,6340.0,6370.0,6261.0,6269.0,840.0
2022-02-17,6280.0,6288.0,6220.0,6231.0,2150.0
2022-02-18,6265.0,6413.0,6265.0,6345.0,1390.0
2022-02-21,6332.0,6348.0,6180.0,6204.0,27920.0
2022-02-22,6190.0,6225.0,6101.0,6188.0,29220.0
2022-02-23,6185.0,6228.0,6002.0,6023.0,38900.0
2022-02-24,6006.0,6006.0,5670.0,5735.0,68300.0
2022-02-25,5790.0,5989.0,5785.0,5949.0,40000.0
2022-02-28,5862.0,5936.0,5770.0,5883.0,21360.0
2022-03-01,5883.0,5883.0,5883.0,5883.0,
2022-03-02,5826.0,6030.0,5757.0,5956.0,26280.0
2022-03-03,5977.0,6044.0,5928.0,5992.0,18600.0
2022-03-04,5980.0,6028.0,5932.0,5980.0,11470.0
2022-03-07,5944.0,5976.0,5865.0,5930.0,12360.0
2022-03-08,5830.0,5958.0,5755.0,5930.0,18250.0
2022-03-09,5932.0,6124.0,5930.0,6081.0,24150.0
2022-03-10,6121.0,6195.0,6000.0,6105.0,14060.0
2022-03-11,6070.0,6172.0,6070.0,6135.0,15300.0
2022-03-14,6261.0,6275.0,6240.0,6250.0,300.0
2022-03-15,6250.0,6250.0,6100.0,6116.0,860.0
2022-03-16,6100.0,6152.0,6028.0,6123.0,1120.0
2022-03-17,6110.0,6120.0,6100.0,6103.0,360.0
2022-03-18,6160.0,6160.0,6160.0,6160.0,
2022-03-21,6164.0,6174.0,6082.0,6094.0,16050.0
2022-03-22,6094.0,6149.0,6086.0,6138.0,13290.0
2022-03-23,6140.0,6195.0,6119.0,6168.0,20470.0
2022-03-24,6161.0,6162.0,6104.0,6138.0,19150.0
2022-03-25,6133.0,6209.0,6131.0,6172.0,22260.0
2022-03-28,6190.0,6345.0,6185.0,6294.0,38360.0
2022-03-29,6288.0,6395.0,6281.0,6353.0,34480.0
2022-03-30,6374.0,6412.0,6312.0,6340.0,26180.0
2022-03-31,6330.0,6375.0,6291.0,6331.0,21720.0
2022-04-01,6330.0,6690.0,6330.0,6667.0,41980.0
2022-04-04,6668.0,6725.0,6436.0,6541.0,29480.0
2022-04-05,6542.0,6608.0,6511.0,6570.0,12070.0
2022-04-06,6543.0,6725.0,6522.0,6642.0,20570.0
2022-04-07,6640.0,6670.0,6543.0,6566.0,12320.0
2022-04-08,6570.0,6570.0,6311.0,6348.0,9330.0
2022-04-11,6362.0,6378.0,6261.0,6287.0,13630.0
2022-04-12,6295.0,6397.0,6295.0,6349.0,8280.0
2022-04-13,6423.0,6483.0,6420.0,6472.0,680.0
2022-04-14,6472.0,6472.0,6472.0,6472.0,
2022-04-18,6495.0,6502.0,6395.0,6463.0,790.0
2022-04-19,6410.0,6410.0,6205.0,6221.0,480.0
2022-04-20,6250.0,6300.0,6250.0,6280.0,1470.0
2022-04-21,6350.0,6386.0,6295.0,6369.0,21820.0
2022-04-22,6375.0,6382.0,6292.0,6336.0,20340.0
2022-04-25,6354.0,6355.0,6280.0,6310.0,24390.0
2022-04-26,6314.0,6345.0,6164.0,6295.0,32369.999999999996
2022-04-27,6340.0,6377.0,6312.0,6354.0,22870.0
2022-04-28,6340.0,6400.0,6327.0,6343.0,24690.0
2022-04-29,6343.0,6375.0,6310.0,6331.0,22100.0
2022-05-02,6321.0,6321.0,6134.0,6224.0,19090.0
2022-05-03,6224.0,6224.0,6224.0,6224.0,
2022-05-04,6216.0,6254.0,6035.0,6058.0,26240.0
2022-05-05,6090.0,6134.0,5971.0,6024.0,16920.0
2022-05-06,5960.0,6088.0,5860.0,6056.0,19720.0
2022-05-09,6086.0,6096.0,6010.0,6029.0,11440.0
2022-05-10,6006.0,6030.0,5900.0,5927.0,12180.0
2022-05-11,5941.0,6029.0,5921.0,6016.0,6660.0
2022-05-12,6015.0,6091.0,5984.0,6068.0,5600.0
2022-05-13,6078.0,6150.0,6053.0,6090.0,8570.0
2022-05-16,6063.0,6065.0,5981.0,5990.0,5280.0
2022-05-17,6008.0,6069.0,6000.0,6041.0,4530.0
2022-05-18,5997.0,6040.0,5997.0,6026.0,150.0
2022-05-19,6006.0,6008.0,5918.0,5940.0,120.0
2022-05-20,5966.0,5980.0,5892.0,5967.0,400.0
2022-05-23,5945.0,6100.0,5940.0,6029.0,14730.0
2022-05-24,6029.0,6063.0,6001.0,6030.0,14000.0
2022-05-25,6028.0,6040.0,5967.0,5980.0,22290.0
2022-05-26,5970.0,6015.0,5967.0,6010.0,10830.0
2022-05-27,6030.0,6078.0,6010.0,6021.0,18480.0
2022-05-30,6000.0,6019.0,5948.0,5963.0,15900.0
2022-05-31,5972.0,5984.0,5807.0,5836.0,20660.0
2022-06-01,5850.0,5854.0,5726.0,5769.0,19800.0
2022-06-02,5751.0,5813.0,5732.0,5799.0,10450.0
2022-06-03,5795.0,5803.0,5734.0,5743.0,7980.0
2022-06-06,5770.0,5770.0,5654.0,5679.0,9810.0
2022-06-07,5690.0,5850.0,5662.0,5770.0,14100.0
2022-06-08,5780.0,5822.0,5771.0,5791.0,9800.0
2022-06-09,5815.0,5863.0,5804.0,5824.0,8550.0
2022-06-10,5801.0,5807.0,5764.0,5781.0,8920.0
2022-06-13,5744.0,5748.0,5645.0,5663.0,6820.0
2022-06-14,5649.0,5673.0,5616.0,5642.0,6560.0
2022-06-15,5700.0,5700.0,5629.0,5631.0,320.0
2022-06-16,5600.0,5608.0,5421.0,5558.0,290.0
2022-06-17,5540.0,5576.0,5540.0,5552.0,370.0
2022-06-20,5458.0,5458.0,5331.0,5354.0,300.0
2022-06-21,5465.0,5524.0,5424.0,5444.0,21510.0
2022-06-22,5422.0,5520.0,5422.0,5499.0,18800.0
2022-06-23,5492.0,5515.0,5432.0,5491.0,15890.0
2022-06-24,5495.0,5495.0,5278.0,5303.0,29890.0
2022-06-27,5292.0,5324.0,5160.0,5220.0,23150.0
2022-06-28,5228.0,5329.0,5195.0,5316.0,25520.0
2022-06-29,5302.0,5303.0,5205.0,5232.0,20970.0
2022-06-30,5222.0,5222.0,5111.0,5134.0,29260.0
2022-07-01,5080.0,5205.0,4952.0,5178.0,25000.0
2022-07-04,5140.0,5225.0,5112.0,5168.0,10860.0
2022-07-05,5170.0,5198.0,5077.0,5122.0,8810.0
2022-07-06,5090.0,5130.0,5054.0,5107.0,7240.0
2022-07-07,5079.0,5169.0,5040.0,5050.0,7710.0
2022-07-08,5055.0,5214.0,5055.0,5125.0,10850.0
2022-07-11,5091.0,5194.0,5091.0,5168.0,10890.0
2022-07-12,5196.0,5374.0,4962.0,5302.0,5780.0
2022-07-13,5300.0,5333.0,5223.0,5273.0,2530.0
2022-07-14,5267.0,5292.0,5160.0,5173.0,11230.0
2022-07-15,5230.0,5230.0,4980.0,5000.0,2430.0
2022-07-18,4978.0,5036.0,4930.0,5001.0,2050.0
2022-07-19,5029.0,5060.0,5000.0,5009.0,420.0
2022-07-20,4846.0,5090.0,4846.0,5034.0,470.0
2022-07-21,5130.0,5200.0,5100.0,5182.0,28750.0
2022-07-22,5179.0,5179.0,5090.0,5123.0,15750.0
2022-07-25,5095.0,5135.0,5053.0,5110.0,17590.0
2022-07-26,5082.0,5290.0,5082.0,5234.0,32880.0
2022-07-27,5239.0,5244.0,5152.0,5209.0,19860.0
2022-07-28,5202.0,5290.0,5070.0,5102.0,28290.0
2022-07-29,5122.0,5122.0,4900.0,4931.0,30110.0
2022-08-01,4935.0,4956.0,4798.0,4871.0,18130.0
2022-08-02,4890.0,4938.0,4845.0,4913.0,11320.0
2022-08-03,4900.0,4958.0,4850.0,4904.0,10600.0
2022-08-04,4898.0,4924.0,4800.0,4814.0,9400.0
2022-08-05,4791.0,4890.0,4791.0,4851.0,12630.0
2022-08-08,4870.0,4890.0,4767.0,4791.0,9860.0
2022-08-10,4789.0,4800.0,4694.0,4711.0,14650.0
2022-08-11,4718.0,4800.0,4681.0,4703.0,12330.0
2022-08-12,4744.0,4828.0,4730.0,4801.0,370.0
2022-08-16,4787.0,4988.0,4750.0,4779.0,1210.0
2022-08-17,4817.0,4849.0,4721.0,4773.0,1800.0
2022-08-18,4815.0,4945.0,4690.0,4755.0,630.0
2022-08-19,4678.0,4796.0,4678.0,4730.0,27020.0
2022-08-22,4740.0,4748.0,4563.0,4598.0,24410.0
2022-08-23,4578.0,4597.0,4541.0,4575.0,18100.0
2022-08-24,4553.0,4634.0,4553.0,4597.0,14080.0
2022-08-25,4618.0,4618.0,4517.0,4554.0,15500.0
2022-08-26,4565.0,4736.0,4565.0,4727.0,25810.0
2022-08-29,4740.0,4845.0,4713.0,4733.0,30960.0
2022-08-30,4725.0,4740.0,4666.0,4715.0,16050.0
2022-09-01,4727.0,4949.0,4722.0,4933.0,44550.0
2022-09-02,4970.0,4989.0,4801.0,4857.0,18050.0
2022-09-05,4850.0,4925.0,4805.0,4851.0,9880.0
2022-09-06,4858.0,4886.0,4753.0,4792.0,10110.0
2022-09-07,4800.0,4884.0,4798.0,4853.0,7390.0
2022-09-08,4863.0,5084.0,4863.0,5024.0,14400.0
2022-09-09,5018.0,5069.0,4959.0,4990.0,9140.0
2022-09-12,4916.0,4916.0,4815.0,4876.0,5830.0
2022-09-13,4914.0,4990.0,4908.0,4916.0,5680.0
2022-09-14,4924.0,5100.0,4920.0,5071.0,2910.0
2022-09-15,5128.0,5250.0,5128.0,5190.0,500.0
2022-09-16,5198.0,5200.0,5111.0,5196.0,1280.0
2022-09-19,5287.0,5369.0,5287.0,5325.0,120.0
2022-09-20,5341.0,5341.0,5187.0,5264.0,1220.0
2022-09-21,5298.0,5310.0,5211.0,5228.0,20350.0
2022-09-22,5230.0,5257.0,5182.0,5215.0,17870.0
2022-09-23,5220.0,5221.0,5017.0,5099.0,33690.0
2022-09-26,5102.0,5102.0,4960.0,4983.0,21220.0
2022-09-27,4966.0,5044.0,4953.0,5024.0,18430.0
2022-09-28,5039.0,5039.0,4883.0,4916.0,23190.0
2022-09-29,4935.0,4955.0,4862.0,4901.0,19560.0
2022-09-30,4910.0,4950.0,4892.0,4912.0,16700.0
2022-10-03,4920.0,4920.0,4790.0,4818.0,15050.0
2022-10-04,4821.0,4978.0,4792.0,4805.0,14400.0
2022-10-06,4809.0,4877.0,4805.0,4846.0,8880.0
2022-10-07,4854.0,4854.0,4729.0,4735.0,13360.0
2022-10-10,4734.0,4770.0,4665.0,4695.0,13540.0
2022-10-11,4695.0,4781.0,4648.0,4740.0,6870.0
2022-10-12,4733.0,4753.0,4611.0,4696.0,6980.0
2022-10-13,4676.0,4743.0,4666.0,4691.0,3590.0
2022-10-14,4689.0,4735.0,4640.0,4652.0,3260.0
2022-10-17,4644.0,4644.0,4600.0,4600.0,650.0
2022-10-18,4575.0,4605.0,4575.0,4578.0,360.0
2022-10-19,4550.0,4550.0,4550.0,4550.0,390.0
2022-10-20,4664.0,4664.0,4664.0,4550.0,10.0
2022-10-21,4669.0,4682.0,4615.0,4637.0,10330.0
2022-10-24,4615.0,4648.0,4610.0,4637.0,7570.0
2022-10-25,4635.0,4654.0,4615.0,4632.0,7180.0
2022-10-27,4603.0,4721.0,4601.0,4679.0,16079.999999999998
2022-10-28,4670.0,4684.0,4624.0,4639.0,11800.0
2022-10-31,4620.0,4648.0,4557.0,4570.0,16600.0
2022-11-01,4551.0,4630.0,4540.0,4608.0,13530.0
2022-11-02,4613.0,4780.0,4613.0,4745.0,23620.0
2022-11-03,4753.0,4798.0,4728.0,4750.0,13340.0
2022-11-04,4730.0,4878.0,4730.0,4829.0,16250.0
2022-11-07,4869.0,4908.0,4836.0,4847.0,7870.0
2022-11-09,4834.0,5035.0,4819.0,5019.0,12860.0
2022-11-10,5150.0,5178.0,4970.0,4978.0,8080.0
2022-11-11,4997.0,5115.0,4984.0,5076.0,6940.0
2022-11-14,5175.0,5380.0,5175.0,5376.0,5190.0
2022-11-15,5383.0,5590.0,5353.0,5455.0,1720.0
2022-11-16,5394.0,5673.0,5390.0,5673.0,530.0
2022-11-17,5673.0,5673.0,5673.0,5673.0,50.0
2022-11-18,5730.0,6013.0,5730.0,5900.0,120.0
2022-11-21,6267.0,6390.0,6101.0,6357.0,72380.0
2022-11-22,6260.0,6261.0,5976.0,5976.0,47960.0
2022-11-23,5980.0,6000.0,5742.0,5944.0,61350.0
2022-11-24,5972.0,6113.0,5797.0,5856.0,55520.0
2022-11-25,5816.0,5940.0,5804.0,5827.0,34600.0
2022-11-28,5810.0,5870.0,5680.0,5810.0,36950.0
2022-11-29,5894.0,6158.0,5828.0,6158.0,41950.0
2022-11-30,6221.0,6290.0,6030.0,6070.0,39640.0
2022-12-01,6069.0,6069.0,5828.0,5896.0,24320.0
2022-12-02,5890.0,6002.0,5865.0,5965.0,17770.0
2022-12-05,6055.0,6055.0,5773.0,5858.0,9310.0
2022-12-06,5814.0,5864.0,5769.0,5803.0,7420.0
2022-12-07,5775.0,5935.0,5650.0,5906.0,13410.0
2022-12-08,6022.0,6100.0,5918.0,5962.0,11400.0
2022-12-09,5922.0,5976.0,5851.0,5927.0,8170.0
2022-12-12,5892.0,5970.0,5750.0,5795.0,9060.0
2022-12-13,5787.0,5839.0,5670.0,5803.0,4880.0
2022-12-14,5840.0,5859.0,5709.0,5804.0,4890.0
2022-12-15,5810.0,5871.0,5810.0,5840.0,350.0
2022-12-16,5908.0,5917.0,5860.0,5895.0,50.0
2022-12-19,6053.0,6053.0,6053.0,6053.0,10.0
2022-12-20,6090.0,6090.0,5985.0,5995.0,150.0
2022-12-21,6025.0,6027.0,5780.0,5804.0,48560.0
2022-12-22,5795.0,5887.0,5781.0,5864.0,26370.0
2022-12-23,5879.0,5935.0,5645.0,5905.0,60800.0
2022-12-26,5890.0,6050.0,5890.0,6011.0,41990.0
2022-12-27,6047.0,6090.0,6036.0,6058.0,23960.0
2022-12-28,6085.0,6085.0,5966.0,6025.0,23460.0
2022-12-29,6000.0,6023.0,5955.0,5966.0,20670.0
2022-12-30,5953.0,6062.0,5952.0,5986.0,27980.0
2023-01-02,5980.0,6024.0,5881.0,5962.0,16270.0
2023-01-03,5971.0,6000.0,5935.0,5959.0,13390.0
2023-01-04,5956.0,5957.0,5826.0,5874.0,16250.0
2023-01-05,5880.0,5940.0,5840.0,5914.0,10240.0
2023-01-06,5916.0,5996.0,5890.0,5959.0,11170.0
2023-01-09,5902.0,6316.0,5902.0,6316.0,17990.0
2023-01-10,6336.0,6531.0,6262.0,6295.0,14440.0
2023-01-11,6299.0,6390.0,6241.0,6283.0,8220.0
2023-01-12,6290.0,6367.0,6248.0,6267.0,6350.0
2023-01-13,6290.0,6407.0,6222.0,6358.0,5190.0
2023-01-16,6385.0,6400.0,6260.0,6274.0,3630.0
2023-01-17,6400.0,6400.0,6280.0,6281.0,90.0
2023-01-18,6350.0,6350.0,6300.0,6338.0,70.0
2023-01-19,6335.0,6335.0,6335.0,6335.0,100.0
2023-01-20,6398.0,6398.0,6084.0,6174.0,220.0
2023-01-23,6234.0,6235.0,6126.0,6173.0,28190.0
2023-01-24,6169.0,6178.0,5927.0,6033.0,31550.0
2023-01-25,5920.0,5981.0,5810.0,5862.0,49690.0
2023-01-27,5885.0,5937.0,5650.0,5760.0,50770.0
2023-01-30,5790.0,5835.0,5751.0,5806.0,26950.0
2023-01-31,5817.0,6026.0,5817.0,5984.0,43270.0
2023-02-01,5990.0,6026.0,5918.0,5984.0,24530.0
2023-02-02,5985.0,6050.0,5930.0,6019.0,17030.0
2023-02-03,6030.0,6095.0,6011.0,6049.0,13520.0
2023-02-06,6047.0,6058.0,5921.0,5948.0,9530.0
2023-02-07,5949.0,5968.0,5888.0,5907.0,10470.0
2023-02-08,5917.0,5924.0,5843.0,5866.0,9020.0
2023-02-09,5855.0,5882.0,5825.0,5843.0,7990.0
2023-02-10,5839.0,5906.0,5690.0,5717.0,12650.0
2023-02-13,5650.0,5764.0,5626.0,5722.0,13640.0
2023-02-14,5728.0,5839.0,5727.0,5777.0,6150.0
2023-02-15,5778.0,5960.0,5778.0,5929.0,330.0
2023-02-16,5901.0,5950.0,5900.0,5913.0,660.0
2023-02-17,5880.0,5891.0,5841.0,5843.0,140.0
2023-02-20,5790.0,5790.0,5790.0,5790.0,690.0
2023-02-21,5959.0,5975.0,5888.0,5911.0,22090.0
2023-02-22,5901.0,5920.0,5837.0,5860.0,22320.0
2023-02-23,5840.0,5849.0,5627.0,5646.0,42250.0
2023-02-24,5674.0,5767.0,5623.0,5728.0,37020.0
2023-02-27,5732.0,5748.0,5664.0,5711.0,19070.0
2023-02-28,5720.0,5797.0,5691.0,5760.0,30890.0
2023-03-01,5754.0,5754.0,5671.0,5687.0,14870.0
2023-03-02,5690.0,5750.0,5462.0,5530.0,28330.0
2023-03-03,5550.0,5585.0,5500.0,5544.0,13150.0
2023-03-06,5546.0,5604.0,5518.0,5569.0,10610.0
2023-03-08,5550.0,5594.0,5508.0,5566.0,10130.0
2023-03-09,5560.0,5788.0,5538.0,5754.0,17100.0
2023-03-10,5732.0,5740.0,5667.0,5683.0,10900.0
2023-03-13,5640.0,5730.0,5632.0,5675.0,10700.0
2023-03-14,5675.0,5700.0,5511.0,5602.0,12620.0
2023-03-15,5625.0,5668.0,5625.0,5650.0,950.0
2023-03-16,5455.0,5455.0,5445.0,5449.0,1030.0
2023-03-17,5488.0,5488.0,5488.0,5488.0,20.0
2023-03-20,5400.0,5509.0,5400.0,5447.0,220.0
2023-03-21,5472.0,5690.0,5382.0,5673.0,35520.0
2023-03-22,5674.0,5708.0,5631.0,5675.0,20680.0
2023-03-23,5693.0,5780.0,5624.0,5706.0,41940.0
2023-03-24,5705.0,5736.0,5607.0,5629.0,24780.0
2023-03-27,5639.0,5659.0,5608.0,5629.0,16860.0
2023-03-28,5649.0,5742.0,5644.0,5704.0,24500.0
2023-03-29,5711.0,5734.0,5615.0,5658.0,22700.0
2023-03-31,5660.0,5720.0,5648.0,5703.0,16890.0
2023-04-03,5720.0,5774.0,5651.0,5751.0,19140.0
2023-04-05,5768.0,5859.0,5752.0,5809.0,25990.0
2023-04-06,5797.0,5805.0,5675.0,5703.0,11820.0
2023-04-10,5721.0,5756.0,5563.0,5687.0,20350.0
2023-04-11,5678.0,5745.0,5642.0,5660.0,9370.0
2023-04-12,5630.0,5645.0,5584.0,5596.0,7880.0
2023-04-13,5611.0,5617.0,5536.0,5583.0,7500.0
2023-04-17,5596.0,5640.0,5550.0,5617.0,1160.0
2023-04-18,5750.0,5750.0,5601.0,5650.0,190.0
2023-04-19,5480.0,5490.0,5480.0,5488.0,70.0
2023-04-20,5500.0,5500.0,5480.0,5492.0,50.0
2023-04-21,5590.0,5641.0,5580.0,5596.0,18160.0
2023-04-24,5619.0,5621.0,5560.0,5604.0,14640.0
2023-04-25,5600.0,5648.0,5595.0,5612.0,15080.0
2023-04-26,5619.0,5625.0,5483.0,5502.0,29060.0
2023-04-27,5495.0,5524.0,5416.0,5494.0,24720.0
2023-04-28,5460.0,5517.0,5450.0,5470.0,21530.0
2023-05-02,5488.0,5627.0,5483.0,5575.0,27530.0
2023-05-03,5564.0,5620.0,5545.0,5581.0,12400.0
2023-05-04,5600.0,5707.0,5570.0,5670.0,18750.0
2023-05-05,5716.0,5735.0,5673.0,5690.0,9960.0
2023-05-08,5712.0,5878.0,5680.0,5764.0,11210.0
2023-05-09,5764.0,5808.0,5711.0,5724.0,9720.0
2023-05-10,5720.0,5780.0,5715.0,5734.0,8260.0
2023-05-11,5731.0,5736.0,5647.0,5652.0,4890.0
2023-05-12,5652.0,5732.0,5651.0,5710.0,6440.0
2023-05-15,5710.0,5730.0,5660.0,5672.0,3950.0
2023-05-16,5650.0,5666.0,5610.0,5636.0,80.0
2023-05-17,5668.0,5668.0,5600.0,5637.0,30.0
2023-05-18,5637.0,5637.0,5637.0,5637.0,590.0
2023-05-19,5530.0,5530.0,5530.0,5637.0,70.0
2023-05-22,5555.0,5555.0,5471.0,5491.0,16910.0
2023-05-23,5505.0,5529.0,5365.0,5471.0,35750.0
2023-05-24,5487.0,5509.0,5460.0,5490.0,13930.0
2023-05-25,5462.0,5480.0,5401.0,5422.0,15800.0
2023-05-26,5390.0,5440.0,5330.0,5424.0,34390.0
2023-05-29,5454.0,5505.0,5364.0,5480.0,23420.0
2023-05-30,5485.0,5568.0,5401.0,5544.0,29620.0
2023-05-31,5540.0,5550.0,5489.0,5503.0,17330.0
2023-06-01,5483.0,5496.0,5415.0,5431.0,7310.0
2023-06-02,5425.0,5475.0,5407.0,5426.0,6320.0
2023-06-05,5435.0,5464.0,5380.0,5403.0,8600.0
2023-06-06,5419.0,5443.0,5340.0,5410.0,7580.0
2023-06-07,5405.0,5434.0,5381.0,5422.0,7480.0
2023-06-08,5415.0,5425.0,5362.0,5372.0,6760.0
2023-06-09,5369.0,5369.0,5190.0,5236.0,13500.0
2023-06-12,5175.0,5187.0,5027.0,5060.0,14550.0
2023-06-13,5052.0,5170.0,5051.0,5144.0,7590.0
2023-06-14,5157.0,5180.0,4956.0,5119.0,4760.0
2023-06-15,5119.0,5119.0,5119.0,5119.0,60.0
2023-06-16,5135.0,5150.0,5135.0,5146.0,60.0
2023-06-19,5200.0,5240.0,5200.0,5220.0,80.0
2023-06-20,5255.0,5255.0,5255.0,5220.0,1040.0
2023-06-21,5260.0,5497.0,5240.0,5429.0,41130.0
2023-06-22,5401.0,5486.0,5371.0,5393.0,33360.0
2023-06-23,5410.0,5449.0,5382.0,5427.0,18560.0
2023-06-26,5410.0,5410.0,5240.0,5260.0,24260.0
2023-06-27,5260.0,5354.0,5260.0,5317.0,22710.0
2023-06-28,5313.0,5439.0,5313.0,5382.0,32570.0
2023-06-30,5352.0,5585.0,5350.0,5517.0,37550.0
2023-07-03,5530.0,5580.0,5462.0,5478.0,22270.0
2023-07-04,5485.0,5505.0,5373.0,5396.0,15460.0
2023-07-05,5368.0,5460.0,5342.0,5430.0,12890.0
2023-07-06,5400.0,5434.0,5315.0,5330.0,7010.0
2023-07-07,5312.0,5408.0,5303.0,5353.0,8450.0
2023-07-10,5322.0,5434.0,5299.0,5420.0,13820.0
2023-07-11,5441.0,5600.0,5406.0,5546.0,12430.0
2023-07-12,5569.0,5660.0,5505.0,5646.0,5130.0
2023-07-13,5678.0,5682.0,5573.0,5596.0,5110.0
2023-07-14,5540.0,5611.0,5500.0,5569.0,2750.0
2023-07-17,5676.0,5790.0,5676.0,5748.0,260.0
2023-07-18,5718.0,5718.0,5718.0,5718.0,30.0
2023-07-19,5669.0,5669.0,5669.0,5669.0,60.0
2023-07-20,5650.0,5650.0,5650.0,5650.0,10.0
2023-07-21,5803.0,6030.0,5803.0,5950.0,74900.0
2023-07-24,6040.0,6098.0,5966.0,5991.0,47560.0
2023-07-25,6010.0,6071.0,5941.0,6060.0,44690.0
2023-07-26,6092.0,6160.0,6012.0,6030.0,46030.0
2023-07-27,6030.0,6103.0,5930.0,6059.0,41780.0
2023-07-28,6150.0,6240.0,6141.0,6210.0,51330.0
2023-07-31,6240.0,6255.0,5936.0,5965.0,42500.0
2023-08-01,5934.0,6024.0,5884.0,5915.0,28200.0
2023-08-02,5915.0,5990.0,5577.0,5646.0,38000.0
2023-08-03,5646.0,5711.0,5588.0,5669.0,13080.0
2023-08-04,5720.0,5749.0,5622.0,5649.0,11550.0
2023-08-07,5698.0,5987.0,5698.0,5987.0,14860.0
2023-08-08,6009.0,6083.0,5924.0,5943.0,12420.0
2023-08-09,5970.0,6060.0,5930.0,6012.0,10040.0
2023-08-10,6090.0,6160.0,5960.0,5976.0,7750.0
2023-08-11,5966.0,6334.0,5890.0,6296.0,9500.0
2023-08-14,6250.0,6250.0,6186.0,6205.0,410.0
2023-08-16,6205.0,6205.0,6205.0,6205.0,120.0
2023-08-17,6205.0,6205.0,6205.0,6205.0,90.0
2023-08-18,6271.0,6271.0,6271.0,6205.0,100.0
2023-08-21,6220.0,6437.0,6180.0,6397.0,54650.0
2023-08-22,6445.0,6638.0,6230.0,6284.0,85280.0
2023-08-23,6260.0,6334.0,6164.0,6292.0,50670.0
2023-08-24,6315.0,6386.0,6256.0,6290.0,42480.0
2023-08-25,6270.0,6389.0,6270.0,6360.0,43230.0
2023-08-28,6392.0,6440.0,6164.0,6187.0,54250.0
2023-08-29,6198.0,6228.0,6120.0,6159.0,43890.0
2023-08-30,6168.0,6277.0,6160.0,6202.0,33120.0
2023-08-31,6210.0,6260.0,6125.0,6173.0,31240.0
2023-09-01,6190.0,6319.0,6170.0,6256.0,36120.0
2023-09-04,6298.0,6300.0,6010.0,6144.0,29580.0
2023-09-05,6159.0,6340.0,6159.0,6313.0,28390.0
2023-09-06,6338.0,6383.0,6307.0,6334.0,16810.0
2023-09-07,6329.0,6350.0,6261.0,6284.0,10530.0
2023-09-08,6280.0,6320.0,6248.0,6263.0,15290.0
2023-09-11,6253.0,6274.0,6056.0,6103.0,16190.000000000002
2023-09-12,6109.0,6140.0,6031.0,6055.0,7800.0
2023-09-13,6034.0,6200.0,6015.0,6048.0,18400.0
2023-09-14,5994.0,6080.0,5982.0,6063.0,420.0
2023-09-15,6090.0,6090.0,6050.0,6079.0,220.0
2023-09-18,5884.0,5914.0,5715.0,5833.0,170.0
2023-09-20,5929.0,5929.0,5929.0,5833.0,50.0
2023-09-21,5935.0,5960.0,5790.0,5851.0,41830.0
2023-09-22,5880.0,5924.0,5833.0,5876.0,23860.0
2023-09-25,5875.0,5889.0,5775.0,5814.0,25600.0
2023-09-26,5786.0,5805.0,5741.0,5767.0,30200.0
2023-09-27,5751.0,5775.0,5626.0,5649.0,37880.0
2023-09-28,5650.0,5684.0,5582.0,5649.0,16480.0
2023-09-29,5653.0,5699.0,5546.0,5562.0,24650.0
2023-10-03,5517.0,5517.0,5365.0,5422.0,34540.0
2023-10-04,5384.0,5520.0,5366.0,5498.0,17520.0
2023-10-05,5500.0,5572.0,5491.0,5524.0,15670.0
2023-10-06,5520.0,5609.0,5451.0,5531.0,18940.0
2023-10-09,5472.0,5560.0,5425.0,5534.0,16710.0
2023-10-10,5555.0,5630.0,5503.0,5550.0,17420.0
2023-10-11,5539.0,5580.0,5477.0,5546.0,10810.0
2023-10-12,5560.0,5575.0,5523.0,5543.0,9420.0
2023-10-13,5529.0,5560.0,5460.0,5495.0,7270.0
2023-10-16,5453.0,5579.0,5428.0,5542.0,15440.0
2023-10-17,5557.0,5758.0,5557.0,5720.0,1880.0
2023-10-18,5750.0,5750.0,5666.0,5709.0,150.0
2023-10-19,5760.0,5806.0,5637.0,5735.0,110.0
2023-10-20,5820.0,5825.0,5820.0,5824.0,120.0
2023-10-23,6020.0,6066.0,5957.0,5982.0,30660.0
2023-10-25,6039.0,6078.0,6007.0,6022.0,27080.0
2023-10-26,6020.0,6020.0,5803.0,5872.0,38000.0
2023-10-27,5864.0,5927.0,5841.0,5888.0,24800.0
2023-10-30,5885.0,5905.0,5710.0,5737.0,31590.0
2023-10-31,5721.0,5749.0,5651.0,5711.0,23980.0
2023-11-01,5695.0,5804.0,5695.0,5749.0,15090.0
2023-11-02,5738.0,5771.0,5661.0,5677.0,17220.0
2023-11-03,5695.0,5740.0,5648.0,5666.0,8770.0
2023-11-06,5650.0,5704.0,5594.0,5692.0,16320.0
2023-11-07,5692.0,5725.0,5622.0,5639.0,13800.0
2023-11-08,5630.0,5640.0,5531.0,5556.0,13830.0
2023-11-09,5575.0,5602.0,5525.0,5567.0,10780.0
2023-11-10,5576.0,5667.0,5565.0,5623.0,12810.0
2023-11-12,5661.0,5662.0,5634.0,5645.0,1140.0
2023-11-13,5647.0,5688.0,5556.0,5590.0,12070.0
2023-11-15,5640.0,5709.0,5640.0,5691.0,330.0
2023-11-16,5795.0,5818.0,5553.0,5658.0,210.0
2023-11-17,5658.0,5658.0,5658.0,5658.0,80.0
2023-11-20,5700.0,5782.0,5700.0,5721.0,390.0
2023-11-21,5753.0,5792.0,5682.0,5705.0,18830.0
2023-11-22,5692.0,5704.0,5570.0,5624.0,26850.0
2023-11-23,5645.0,5670.0,5591.0,5623.0,17950.0
2023-11-24,5620.0,5664.0,5601.0,5641.0,12280.0
2023-11-28,5645.0,5719.0,5624.0,5683.0,20730.0
2023-11-29,5687.0,5726.0,5620.0,5669.0,15110.0
2023-11-30,5662.0,5664.0,5587.0,5645.0,19040.0
2023-12-01,5657.0,5663.0,5555.0,5568.0,14730.0
2023-12-04,5570.0,5575.0,5460.0,5471.0,23190.0
2023-12-05,5463.0,5518.0,5421.0,5482.0,15810.0
2023-12-06,5490.0,5570.0,5460.0,5541.0,10570.0
2023-12-07,5532.0,5550.0,5492.0,5511.0,13700.0
2023-12-08,5500.0,5560.0,5492.0,5547.0,11560.0
2023-12-11,5560.0,5600.0,5505.0,5536.0,13040.0
2023-12-12,5524.0,5544.0,5413.0,5460.0,8320.0
2023-12-13,5574.0,5575.0,5362.0,5449.0,9980.0
2023-12-14,5466.0,5511.0,5439.0,5467.0,6670.0
2023-12-15,5456.0,5525.0,5455.0,5459.0,150.0
2023-12-18,5370.0,5373.0,5266.0,5318.0,190.0
2023-12-19,5298.0,5341.0,5160.0,5308.0,710.0
2023-12-20,5303.0,5303.0,5290.0,5297.0,180.0
2023-12-21,5346.0,5458.0,5335.0,5427.0,24040.0
2023-12-22,5430.0,5592.0,5426.0,5545.0,35370.0
2023-12-26,5550.0,5607.0,5500.0,5521.0,29080.0
2023-12-27,5528.0,5565.0,5493.0,5509.0,15750.0
2023-12-28,5527.0,5584.0,5505.0,5534.0,15360.0
2023-12-29,5549.0,5550.0,5497.0,5507.0,15910.0
2024-01-01,5512.0,5516.0,5415.0,5437.0,13950.0
2024-01-02,5435.0,5458.0,5302.0,5359.0,19590.0
2024-01-03,5300.0,5330.0,5246.0,5307.0,17830.0
2024-01-04,5315.0,5388.0,5315.0,5342.0,13880.0
2024-01-05,5341.0,5374.0,5300.0,5308.0,10420.0
2024-01-08,5325.0,5360.0,5270.0,5335.0,10400.0
2024-01-09,5359.0,5422.0,5341.0,5414.0,12170.0
2024-01-10,5412.0,5435.0,5353.0,5369.0,10530.0
2024-01-11,5380.0,5411.0,5354.0,5395.0,5450.0
2024-01-12,5410.0,5498.0,5391.0,5484.0,10640.0
2024-01-15,5500.0,5521.0,5463.0,5493.0,7750.0
2024-01-16,5486.0,5501.0,5475.0,5477.0,870.0
2024-01-17,5674.0,5674.0,5450.0,5450.0,280.0
2024-01-18,5440.0,5440.0,5440.0,5440.0,300.0
2024-01-19,5513.0,5616.0,5500.0,5535.0,340.0
2024-01-23,5524.0,5524.0,5366.0,5405.0,23490.0
2024-01-24,5409.0,5462.0,5383.0,5446.0,20080.0
2024-01-25,5440.0,5482.0,5422.0,5454.0,13150.0
2024-01-29,5431.0,5439.0,5272.0,5304.0,30490.0
2024-01-30,5263.0,5318.0,5258.0,5299.0,17300.0
2024-01-31,5300.0,5335.0,5274.0,5310.0,14490.0
2024-02-01,5300.0,5334.0,5297.0,5309.0,12530.0
2024-02-02,5315.0,5375.0,5306.0,5362.0,15330.0
2024-02-05,5378.0,5378.0,5261.0,5292.0,10720.0
2024-02-06,5290.0,5355.0,5269.0,5343.0,17270.0
2024-02-07,5352.0,5360.0,5305.0,5316.0,7580.0
2024-02-08,5318.0,5318.0,5290.0,5295.0,4710.0
2024-02-09,5290.0,5310.0,5210.0,5222.0,15220.0
2024-02-12,5203.0,5210.0,5125.0,5162.0,11570.0
2024-02-13,5152.0,5238.0,5152.0,5216.0,9380.0
2024-02-14,5210.0,5328.0,5193.0,5255.0,10560.0
2024-02-15,5294.0,5357.0,5291.0,5320.0,880.0
2024-02-16,5310.0,5320.0,5295.0,5304.0,380.0
2024-02-19,5344.0,5344.0,5300.0,5330.0,30.0
2024-02-20,5300.0,5300.0,5290.0,5298.0,210.0
2024-02-21,5478.0,5500.0,5430.0,5448.0,25830.0
2024-02-22,5435.0,5458.0,5403.0,5412.0,13590.0
2024-02-23,5406.0,5420.0,5330.0,5364.0,15620.0
2024-02-26,5350.0,5362.0,5315.0,5325.0,12180.0
2024-02-27,5335.0,5385.0,5335.0,5345.0,11750.0
2024-02-28,5357.0,5375.0,5299.0,5313.0,23030.0
2024-02-29,5302.0,5308.0,5245.0,5270.0,16650.0
2024-03-01,5278.0,5289.0,5240.0,5277.0,12000.0
2024-03-04,5290.0,5317.0,5242.0,5267.0,23510.0
2024-03-05,5269.0,5280.0,5150.0,5165.0,15320.0
2024-03-06,5190.0,5195.0,5146.0,5180.0,8350.0
2024-03-07,5163.0,5225.0,5150.0,5166.0,12320.0
2024-03-11,5187.0,5260.0,5187.0,5232.0,13650.0
2024-03-12,5242.0,5248.0,5180.0,5187.0,9050.0
2024-03-13,5190.0,5211.0,5178.0,5187.0,6990.0
2024-03-14,5194.0,5200.0,5113.0,5142.0,11380.0
2024-03-15,5172.0,5178.0,5172.0,5176.0,20.0
2024-03-18,5176.0,5176.0,5176.0,5176.0,320.0
2024-03-19,5200.0,5200.0,5200.0,5200.0,10.0
2024-03-20,5200.0,5200.0,5200.0,5200.0,190.0
2024-03-21,5208.0,5223.0,5178.0,5185.0,9980.0
2024-03-22,5199.0,5208.0,5148.0,5162.0,8490.0
2024-03-26,5157.0,5168.0,5050.0,5082.0,14720.0
2024-03-27,5060.0,5082.0,5048.0,5059.0,15120.0
2024-03-28,5055.0,5135.0,5050.0,5122.0,17770.0
2024-04-01,5150.0,5217.0,5146.0,5198.0,12350.0
2024-04-02,5203.0,5210.0,5175.0,5199.0,9760.0
2024-04-03,5207.0,5288.0,5204.0,5245.0,16100.000000000002
2024-04-04,5244.0,5321.0,5244.0,5273.0,17980.0
2024-04-05,5279.0,5377.0,5250.0,5362.0,31470.0
2024-04-08,5380.0,5424.0,5356.0,5389.0,14660.0
2024-04-09,5399.0,5399.0,5305.0,5323.0,9460.0
2024-04-10,5314.0,5319.0,5226.0,5248.0,12800.0
2024-04-12,5255.0,5457.0,5241.0,5433.0,15500.0
2024-04-15,5410.0,5577.0,5370.0,5500.0,870.0
2024-04-16,5421.0,5445.0,5421.0,5425.0,1000.0
2024-04-18,5525.0,5558.0,5524.0,5550.0,450.0
2024-04-19,5524.0,5524.0,5441.0,5497.0,210.0
2024-04-22,5507.0,5544.0,5472.0,5494.0,18550.0
2024-04-23,5525.0,5568.0,5488.0,5501.0,13320.0
2024-04-24,5508.0,5634.0,5475.0,5599.0,29520.0
2024-04-25,5608.0,5630.0,5564.0,5581.0,19290.0
2024-04-26,5598.0,5624.0,5571.0,5581.0,16280.000000000002
2024-04-29,5584.0,5596.0,5524.0,5546.0,12230.0
2024-04-30,5559.0,5570.0,5505.0,5512.0,15930.0
2024-05-02,5501.0,5501.0,5407.0,5430.0,15430.0
2024-05-03,5428.0,5445.0,5376.0,5410.0,13070.0
2024-05-06,5418.0,5425.0,5368.0,5410.0,13140.0
2024-05-07,5412.0,5460.0,5394.0,5431.0,11980.0
2024-05-08,5430.0,5450.0,5404.0,5412.0,8370.0
2024-05-09,5404.0,5417.0,5350.0,5368.0,10930.0
2024-05-10,5368.0,5386.0,5355.0,5365.0,15930.0
2024-05-13,5377.0,5475.0,5377.0,5438.0,12020.0
2024-05-14,5486.0,5486.0,5460.0,5472.0,160.0
2024-05-15,5419.0,5468.0,5410.0,5432.0,170.0
2024-05-16,5455.0,5455.0,5455.0,5455.0,10.0
2024-05-17,5657.0,5657.0,5657.0,5657.0,40.0
2024-05-21,5506.0,5548.0,5471.0,5535.0,15540.0
2024-05-22,5539.0,5587.0,5516.0,5530.0,21850.0
2024-05-23,5522.0,5570.0,5486.0,5504.0,17450.0
2024-05-24,5510.0,5530.0,5476.0,5495.0,14780.0
2024-05-27,5461.0,5520.0,5425.0,5462.0,11560.0
2024-05-28,5460.0,5509.0,5448.0,5476.0,12220.0
2024-05-29,5490.0,5509.0,5475.0,5494.0,8650.0
2024-05-30,5509.0,5509.0,5468.0,5487.0,7090.0
2024-05-31,5488.0,5493.0,5450.0,5468.0,7440.0
2024-06-03,5455.0,5455.0,5395.0,5408.0,13170.0
2024-06-04,5402.0,5406.0,5262.0,5316.0,12600.0
2024-06-05,5270.0,5366.0,5210.0,5362.0,8280.0
2024-06-06,5360.0,5400.0,5331.0,5380.0,4950.0
2024-06-07,5380.0,5392.0,5335.0,5342.0,6400.0
2024-06-10,5344.0,5365.0,5332.0,5337.0,8910.0
2024-06-11,5348.0,5398.0,5335.0,5350.0,8730.0
2024-06-12,5400.0,5400.0,5323.0,5350.0,8400.0
2024-06-13,5346.0,5555.0,5346.0,5418.0,10320.0
2024-06-14,5420.0,5420.0,5420.0,5420.0,400.0
2024-06-18,5420.0,5420.0,5420.0,5420.0,40.0
2024-06-19,5420.0,5420.0,5420.0,5420.0,50.0
2024-06-20,5450.0,5450.0,5240.0,5383.0,230.0
2024-06-21,5420.0,5420.0,5370.0,5393.0,13930.0
2024-06-24,5437.0,5448.0,5391.0,5429.0,8540.0
2024-06-25,5423.0,5432.0,5331.0,5348.0,14950.0
2024-06-26,5328.0,5343.0,5290.0,5312.0,11220.0
2024-06-27,5301.0,5338.0,5297.0,5320.0,9140.0
2024-06-28,5320.0,5378.0,5317.0,5346.0,13240.0
2024-07-01,5326.0,5326.0,5275.0,5284.0,11950.0
2024-07-02,5272.0,5311.0,5251.0,5286.0,10190.0
2024-07-03,5305.0,5368.0,5288.0,5351.0,12270.0
2024-07-04,5364.0,5368.0,5301.0,5324.0,11100.0
2024-07-05,5332.0,5399.0,5330.0,5377.0,10130.0
2024-07-08,5366.0,5370.0,5318.0,5332.0,7520.0
2024-07-09,5360.0,5388.0,5346.0,5358.0,10860.0
2024-07-10,5370.0,5460.0,5335.0,5445.0,11790.0
2024-07-11,5430.0,5480.0,5415.0,5444.0,6350.0
2024-07-12,5421.0,5445.0,5400.0,5433.0,7370.0
2024-07-15,5435.0,5451.0,5383.0,5442.0,7420.0
2024-07-16,5464.0,5467.0,5410.0,5434.0,4180.0
2024-07-18,5502.0,5502.0,5502.0,5502.0,
2024-07-19,5633.0,5633.0,5392.0,5495.0,40.0
2024-07-22,5430.0,5495.0,5430.0,5479.0,13260.0
2024-07-23,5450.0,5479.0,5397.0,5451.0,13880.0
2024-07-24,5420.0,5435.0,5386.0,5412.0,13200.0
2024-07-25,5440.0,5460.0,5413.0,5436.0,7900.0
2024-07-26,5445.0,5492.0,5441.0,5476.0,13770.0
2024-07-29,5495.0,5539.0,5490.0,5508.0,14080.0
2024-07-30,5463.0,5513.0,5440.0,5484.0,17260.0
2024-07-31,5510.0,5732.0,5508.0,5661.0,44920.0
2024-08-01,5614.0,5640.0,5522.0,5535.0,10710.0
2024-08-02,5510.0,5510.0,5321.0,5359.0,16050.0
2024-08-05,5320.0,5320.0,5155.0,5269.0,9300.0
2024-08-06,5260.0,5305.0,5186.0,5294.0,5190.0
2024-08-07,5286.0,5308.0,5263.0,5279.0,5150.0
2024-08-08,5280.0,5298.0,5255.0,5294.0,5440.0
2024-08-09,5302.0,5313.0,5241.0,5250.0,8420.0
2024-08-12,5157.0,5280.0,5157.0,5264.0,6100.0
2024-08-13,5256.0,5282.0,5186.0,5233.0,5860.0
2024-08-14,5186.0,5233.0,5166.0,5209.0,6320.0
2024-08-16,5070.0,5215.0,5070.0,5207.0,4320.0
2024-08-19,5207.0,5207.0,5207.0,5207.0,90.0
2024-08-20,5269.0,5269.0,5269.0,5269.0,380.0
2024-08-21,5245.0,5264.0,5182.0,5213.0,20040.0
2024-08-22,5240.0,5240.0,5173.0,5185.0,14540.0
2024-08-23,5175.0,5235.0,5137.0,5196.0,18160.0
2024-08-26,5185.0,5218.0,5115.0,5209.0,23240.0
2024-08-27,5218.0,5280.0,5202.0,5260.0,17760.0
2024-08-28,5274.0,5369.0,5230.0,5342.0,24920.0
2024-08-29,5342.0,5365.0,5275.0,5299.0,20210.0
2024-08-30,5286.0,5322.0,5270.0,5293.0,13350.0
2024-09-02,5290.0,5347.0,5290.0,5333.0,8740.0
2024-09-03,5322.0,5354.0,5294.0,5325.0,8390.0
2024-09-04,5305.0,5343.0,5273.0,5318.0,7700.0
2024-09-05,5333.0,5350.0,5312.0,5344.0,8780.0
2024-09-06,5345.0,5374.0,5318.0,5333.0,12030.0
2024-09-09,5315.0,5321.0,5240.0,5252.0,6440.0
2024-09-10,5180.0,5270.0,5160.0,5250.0,10790.0
2024-09-11,5241.0,5271.0,5241.0,5261.0,6330.0
2024-09-12,5264.0,5340.0,5264.0,5319.0,4430.0
2024-09-13,5329.0,5420.0,5325.0,5407.0,6570.0
2024-09-16,5421.0,5424.0,5336.0,5417.0,4030.0000000000005
2024-09-17,5435.0,5450.0,5384.0,5388.0,3530.0
2024-09-18,5378.0,5388.0,5304.0,5358.0,5760.0
2024-09-19,5405.0,5405.0,5405.0,5405.0,
2024-09-20,5465.0,5541.0,5461.0,5486.0,40.0
2024-09-23,5569.0,5684.0,5565.0,5662.0,27520.0
2024-09-24,5699.0,5727.0,5627.0,5643.0,19690.0
2024-09-25,5645.0,5754.0,5644.0,5742.0,23910.0
2024-09-26,5731.0,5737.0,5622.0,5695.0,29090.0
2024-09-27,5715.0,5779.0,5691.0,5741.0,33630.0
2024-09-30,5701.0,5764.0,5675.0,5752.0,20260.0
2024-10-01,5747.0,5777.0,5698.0,5708.0,11910.0
2024-10-03,5734.0,5750.0,5505.0,5535.0,24040.0
2024-10-04,5595.0,5595.0,5390.0,5420.0,18430.0
2024-10-07,5407.0,5457.0,5365.0,5450.0,11040.0
2024-10-08,5462.0,5487.0,5418.0,5441.0,8820.0
2024-10-09,5417.0,5448.0,5395.0,5408.0,6720.0
2024-10-10,5450.0,5519.0,5400.0,5500.0,9600.0
2024-10-11,5500.0,5577.0,5482.0,5533.0,5410.0
2024-10-14,5559.0,5620.0,5462.0,5570.0,5410.0
2024-10-15,5540.0,5540.0,5433.0,5475.0,3670.0
2024-10-16,5495.0,5506.0,5430.0,5443.0,4059.9999999999995
2024-10-17,5502.0,5502.0,5502.0,5502.0,
2024-10-18,5550.0,5550.0,5459.0,5518.0,150.0
2024-10-21,5516.0,5519.0,5473.0,5495.0,12220.0
2024-10-22,5474.0,5513.0,5375.0,5407.0,21470.0
2024-10-23,5402.0,5426.0,5356.0,5364.0,13650.0
2024-10-24,5352.0,5385.0,5310.0,5339.0,11030.0
2024-10-25,5327.0,5341.0,5263.0,5280.0,15090.0
2024-10-28,5255.0,5305.0,5184.0,5297.0,20030.0
2024-10-29,5295.0,5309.0,5246.0,5288.0,11800.0
2024-10-30,5285.0,5307.0,5250.0,5256.0,8820.0
2024-10-31,5260.0,5270.0,5234.0,5259.0,7610.0
2024-11-01,5274.0,5274.0,5213.0,5248.0,2750.0
2024-11-04,5206.0,5271.0,5190.0,5236.0,11390.0
2024-11-05,5220.0,5225.0,5179.0,5197.0,10670.0
2024-11-06,5191.0,5191.0,5110.0,5128.0,13350.0
2024-11-07,5080.0,5182.0,5040.0,5171.0,8590.0
2024-11-08,5170.0,5180.0,5032.0,5087.0,14060.0
2024-11-11,5062.0,5150.0,5062.0,5135.0,9920.0
2024-11-12,5109.0,5129.0,5051.0,5070.0,8540.0
2024-11-13,5063.0,5157.0,5040.0,5122.0,9170.0
2024-11-14,5190.0,5190.0,5103.0,5145.0,
2024-11-18,5128.0,5128.0,5128.0,5128.0,760.0
2024-11-19,5226.0,5226.0,5120.0,5137.0,230.0
2024-11-21,5209.0,5224.0,5184.0,5209.0,20310.0
2024-11-22,5210.0,5224.0,5179.0,5187.0,13080.0
2024-11-25,5175.0,5222.0,5155.0,5206.0,19410.0
2024-11-26,5210.0,5264.0,5210.0,5234.0,26590.0
2024-11-27,5225.0,5240.0,5206.0,5212.0,10100.0
2024-11-28,5211.0,5219.0,5148.0,5161.0,20470.0
2024-11-29,5154.0,5205.0,5139.0,5158.0,22830.0
2024-12-02,5150.0,5161.0,5111.0,5122.0,12180.0
2024-12-03,5107.0,5128.0,5069.0,5106.0,8510.0
2024-12-04,5103.0,5180.0,5103.0,5158.0,15940.0
2024-12-05,5152.0,5165.0,5119.0,5143.0,4690.0
2024-12-06,5145.0,5158.0,5073.0,5140.0,8109.999999999999
2024-12-09,5129.0,5140.0,5091.0,5095.0,9250.0
2024-12-10,5090.0,5113.0,5078.0,5083.0,7520.0
2024-12-11,5083.0,5102.0,5081.0,5088.0,3460.0
2024-12-12,5088.0,5134.0,5088.0,5118.0,6910.0
2024-12-13,5128.0,5140.0,5032.0,5047.0,7460.0
2024-12-16,4970.0,5248.0,4957.0,5019.0,6070.0
2024-12-17,5012.0,5046.0,5012.0,5035.0,5300.0
2024-12-18,5045.0,5095.0,4850.0,5034.0,2230.0
2024-12-19,5034.0,5034.0,5034.0,5034.0,20.0
2024-12-20,5235.0,5330.0,5200.0,5248.0,150.0
2024-12-23,5275.0,5323.0,5258.0,5311.0,20270.0
2024-12-24,5311.0,5311.0,5245.0,5268.0,20560.0
2024-12-26,5284.0,5297.0,5244.0,5284.0,12440.0
2024-12-27,5277.0,5320.0,5272.0,5283.0,19880.0
2024-12-30,5287.0,5309.0,5276.0,5287.0,13960.0
2024-12-31,5292.0,5292.0,5255.0,5274.0,16030.000000000002
2025-01-01,5291.0,5387.0,5290.0,5371.0,22750.0
2025-01-02,5375.0,5405.0,5347.0,5394.0,14070.0
2025-01-03,5390.0,5416.0,5350.0,5359.0,13400.0
2025-01-06,5367.0,5383.0,5261.0,5304.0,11910.0
2025-01-07,5315.0,5359.0,5310.0,5341.0,9630.0
2025-01-08,5340.0,5363.0,5300.0,5330.0,5670.0
2025-01-09,5346.0,5376.0,5330.0,5370.0,8300.0
2025-01-10,5376.0,5405.0,5373.0,5382.0,7580.0
2025-01-13,5400.0,5418.0,5364.0,5371.0,4670.0
2025-01-14,5361.0,5405.0,5356.0,5393.0,5480.0
2025-01-15,5403.0,5424.0,5397.0,5406.0,3350.0
2025-01-16,5440.0,5622.0,5432.0,5481.0,6560.0
2025-01-17,5515.0,5607.0,5510.0,5514.0,3140.0
2025-01-20,5528.0,5529.0,5311.0,5476.0,720.0
2025-01-21,5539.0,5548.0,5463.0,5497.0,22250.0
2025-01-22,5481.0,5522.0,5481.0,5506.0,9940.0
2025-01-23,5487.0,5500.0,5432.0,5477.0,18220.0
2025-01-24,5472.0,5480.0,5435.0,5445.0,7750.0
2025-01-27,5431.0,5431.0,5392.0,5417.0,9410.0
2025-01-28,5422.0,5435.0,5375.0,5383.0,14830.0
2025-01-29,5370.0,5400.0,5350.0,5393.0,15470.0
2025-01-30,5398.0,5404.0,5367.0,5374.0,9270.0
2025-01-31,5371.0,5375.0,5297.0,5303.0,26260.0
2025-02-01,5308.0,5380.0,5304.0,5321.0,10010.0
2025-02-03,5320.0,5361.0,5312.0,5355.0,6020.0
2025-02-04,5360.0,5375.0,5332.0,5341.0,7280.0
2025-02-05,5343.0,5367.0,5332.0,5349.0,7660.0
2025-02-06,5362.0,5362.0,5260.0,5278.0,11010.0
2025-02-07,5271.0,5294.0,5255.0,5284.0,10260.0
2025-02-10,5289.0,5307.0,5276.0,5283.0,7280.0
2025-02-11,5293.0,5331.0,5289.0,5303.0,8800.0
2025-02-12,5303.0,5317.0,5271.0,5294.0,8550.0
2025-02-13,5305.0,5321.0,5289.0,5296.0,5310.0
2025-02-14,5292.0,5300.0,5272.0,5279.0,6790.0
2025-02-17,5279.0,5347.0,5263.0,5325.0,6280.0
2025-02-18,5320.0,5400.0,5311.0,5372.0,7930.0
2025-02-19,5390.0,5390.0,5360.0,5364.0,830.0
2025-02-20,5330.0,5330.0,5300.0,5316.0,560.0
2025-02-21,5300.0,5329.0,5293.0,5317.0,8710.0
2025-02-24,5337.0,5349.0,5290.0,5315.0,12510.0
2025-02-25,5312.0,5318.0,5299.0,5302.0,13470.0
2025-02-27,5315.0,5315.0,5263.0,5271.0,13120.0
2025-02-28,5268.0,5274.0,5253.0,5263.0,10780.0
2025-03-03,5255.0,5265.0,5197.0,5207.0,16500.0
2025-03-04,5200.0,5207.0,5164.0,5189.0,16280.000000000002
2025-03-05,5191.0,5253.0,5190.0,5235.0,11610.0
2025-03-06,5231.0,5275.0,5225.0,5255.0,3970.0
2025-03-07,5263.0,5279.0,5252.0,5255.0,5720.0
2025-03-10,5260.0,5260.0,5203.0,5223.0,10960.0
2025-03-11,5236.0,5284.0,5213.0,5276.0,4590.0
2025-03-12,5305.0,5320.0,5254.0,5261.0,5160.0
2025-03-13,5258.0,5285.0,5253.0,5270.0,5370.0
2025-03-17,5315.0,5390.0,5287.0,5374.0,9050.0
2025-03-18,5375.0,5425.0,5362.0,5372.0,6910.0
2025-03-19,5409.0,5415.0,5400.0,5411.0,150.0
2025-03-20,5398.0,5400.0,5390.0,5397.0,90.0
2025-03-21,5403.0,5409.0,5354.0,5375.0,10950.0
2025-03-24,5375.0,5375.0,5325.0,5336.0,10270.0
2025-03-25,5335.0,5344.0,5320.0,5324.0,13720.0
2025-03-26,5317.0,5338.0,5311.0,5327.0,15370.0
2025-03-27,5321.0,5357.0,5321.0,5350.0,15840.0
2025-03-28,5356.0,5381.0,5325.0,5331.0,13410.0
2025-04-01,5335.0,5363.0,5332.0,5346.0,6180.0
2025-04-02,5321.0,5490.0,5285.0,5378.0,19940.0
2025-04-03,5370.0,5395.0,5340.0,5352.0,5930.0
2025-04-04,5330.0,5340.0,5256.0,5263.0,8710.0
2025-04-07,5203.0,5265.0,5200.0,5238.0,8480.0
2025-04-08,5270.0,5290.0,5248.0,5255.0,5830.0
2025-04-09,5224.0,5271.0,5167.0,5210.0,15480.0
2025-04-11,5250.0,5310.0,5228.0,5236.0,13380.0
2025-04-15,5262.0,5286.0,5161.0,5178.0,10670.0
2025-04-16,5190.0,5191.0,5150.0,5170.0,70.0
2025-04-17,5326.0,5326.0,5150.0,5182.0,250.0
2025-04-21,5252.0,5280.0,5247.0,5268.0,5790.0
2025-04-22,5260.0,5263.0,5140.0,5159.0,16400.0
2025-04-23,5154.0,5174.0,5113.0,5136.0,12320.0
2025-04-24,5130.0,5165.0,5057.0,5084.0,13750.0
2025-04-25,5060.0,5190.0,5047.0,5132.0,16560.0
2025-04-28,5191.0,5220.0,5100.0,5103.0,12000.0
2025-04-29,5110.0,5133.0,4962.0,5013.0,18090.0
2025-04-30,5000.0,5035.0,4961.0,5018.0,11640.0
2025-05-02,5024.0,5030.0,4950.0,4975.0,11480.0
2025-05-05,4950.0,4967.0,4932.0,4960.0,9980.0
2025-05-06,4956.0,4965.0,4890.0,4899.0,10880.0
2025-05-07,4890.0,4977.0,4890.0,4942.0,7790.0
2025-05-08,4950.0,4969.0,4900.0,4916.0,6500.0
2025-05-09,4892.0,4968.0,4872.0,4949.0,11410.0
2025-05-12,5008.0,5067.0,4984.0,5049.0,6030.0
2025-05-13,5050.0,5105.0,5023.0,5073.0,7050.0
2025-05-14,5063.0,5105.0,5046.0,5098.0,6410.0
2025-05-15,5070.0,5136.0,5049.0,5115.0,5310.0
2025-05-16,5121.0,5180.0,5105.0,5174.0,4030.0000000000005
2025-05-19,5160.0,5160.0,5160.0,5160.0,400.0
2025-05-20,5170.0,5170.0,5170.0,5170.0,260.0
2025-05-21,5225.0,5225.0,5171.0,5179.0,11690.0
2025-05-22,5182.0,5217.0,5173.0,5188.0,10710.0
2025-05-23,5200.0,5222.0,5194.0,5209.0,9500.0
2025-05-26,5200.0,5200.0,5105.0,5133.0,17360.0
2025-05-27,5139.0,5155.0,5112.0,5137.0,10470.0
2025-05-28,5140.0,5160.0,5122.0,5152.0,9930.0
2025-05-29,5159.0,5175.0,5101.0,5118.0,12230.0
2025-05-30,5102.0,5125.0,5083.0,5111.0,14770.0
2025-06-02,5117.0,5120.0,5075.0,5109.0,7790.0
2025-06-03,5109.0,5157.0,5106.0,5122.0,7270.0
2025-06-04,5130.0,5142.0,5122.0,5140.0,3590.0
2025-06-05,5159.0,5187.0,5140.0,5154.0,12230.0
2025-06-06,5144.0,5174.0,5142.0,5150.0,5330.0
2025-06-09,5152.0,5182.0,5148.0,5152.0,7050.0
2025-06-10,5158.0,5163.0,5115.0,5122.0,5720.0
2025-06-11,5110.0,5116.0,5065.0,5113.0,6050.0
2025-06-12,5121.0,5135.0,5119.0,5129.0,4520.0
2025-06-13,5120.0,5120.0,5078.0,5087.0,4440.0
2025-06-16,5072.0,5072.0,5034.0,5038.0,2480.0
2025-06-17,5053.0,5090.0,5044.0,5082.0,3080.0
2025-06-18,5072.0,5115.0,5072.0,5096.0,3940.0
2025-06-19,5096.0,5096.0,5096.0,5096.0,130.0
2025-06-20,5096.0,5096.0,5096.0,5096.0,20.0
2025-06-23,5110.0,5110.0,5086.0,5095.0,7930.0
2025-06-24,5084.0,5148.0,5073.0,5142.0,9620.0
2025-06-25,5150.0,5153.0,5104.0,5113.0,6310.0
2025-06-26,5105.0,5119.0,5040.0,5061.0,13220.0
2025-06-27,5051.0,5115.0,5050.0,5108.0,9740.0
2025-06-30,5122.0,5250.0,5104.0,5232.0,20870.0
2025-07-01,5243.0,5285.0,5213.0,5237.0,15880.0
2025-07-02,5222.0,5233.0,5205.0,5212.0,7010.0
2025-07-03,5225.0,5294.0,5220.0,5265.0,10600.0
2025-07-04,5280.0,5375.0,5280.0,5334.0,14500.0
2025-07-07,5257.0,5358.0,5255.0,5278.0,7550.0
2025-07-08,5261.0,5290.0,5235.0,5249.0,4000.0
2025-07-09,5252.0,5260.0,5203.0,5240.0,5510.0
2025-07-10,5211.0,5265.0,5211.0,5249.0,5450.0
2025-07-11,5236.0,5258.0,5175.0,5186.0,3960.0
2025-07-14,5162.0,5221.0,5128.0,5214.0,3410.0
2025-07-15,5248.0,5335.0,5241.0,5311.0,5730.0
2025-07-16,5309.0,5332.0,5279.0,5321.0,5890.0
2025-07-17,5302.0,5338.0,5302.0,5318.0,530.0
2025-07-18,5321.0,5321.0,5301.0,5319.0,360.0
2025-07-21,5300.0,5328.0,5121.0,5232.0,19170.0
2025-07-22,5211.0,5245.0,5211.0,5226.0,11130.0
2025-07-23,5235.0,5277.0,5228.0,5262.0,14400.0
2025-07-24,5266.0,5280.0,5251.0,5256.0,6850.0
2025-07-25,5263.0,5274.0,5248.0,5255.0,7250.0
2025-07-28,5248.0,5248.0,5189.0,5195.0,9900.0
2025-07-29,5196.0,5245.0,5195.0,5222.0,11320.0
2025-07-30,5222.0,5242.0,5178.0,5206.0,11440.0
2025-07-31,5191.0,5305.0,5176.0,5289.0,17080.0
2025-08-01,5290.0,5340.0,5257.0,5268.0,15010.0
2025-08-04,5339.0,5346.0,5273.0,5290.0,12600.0
2025-08-05,5281.0,5287.0,5212.0,5222.0,5730.0
2025-08-06,5219.0,5255.0,5219.0,5248.0,4710.0
2025-08-07,5221.0,5268.0,5203.0,5217.0,5460.0
2025-08-08,5212.0,5238.0,5179.0,5183.0,8580.0
2025-08-11,5192.0,5200.0,5140.0,5163.0,4910.0
2025-08-12,5150.0,5178.0,5149.0,5174.0,5060.0
2025-08-13,5161.0,5165.0,5116.0,5125.0,9770.0
2025-08-14,5112.0,5132.0,5093.0,5109.0,5290.0
2025-08-18,5136.0,5199.0,5136.0,5158.0,7620.0
2025-08-19,5161.0,5250.0,5051.0,5226.0,2860.0
2025-08-20,5213.0,5213.0,5205.0,5209.0,150.0
2025-08-21,5295.0,5295.0,5244.0,5251.0,23360.0
2025-08-22,5260.0,5275.0,5234.0,5261.0,11590.0
2025-08-25,5230.0,5264.0,5195.0,5257.0,30070.0
2025-08-26,5234.0,5270.0,5224.0,5258.0,15350.0
2025-08-28,5231.0,5258.0,5202.0,5223.0,15880.0
2025-08-29,5195.0,5234.0,5181.0,5195.0,21340.0
2025-09-01,5175.0,5194.0,5150.0,5170.0,21320.0
2025-09-02,5161.0,5270.0,5160.0,5228.0,26270.0
2025-09-03,5248.0,5287.0,5225.0,5258.0,32400.0
2025-09-04,5250.0,5257.0,5201.0,5209.0,8950.0
2025-09-05,5202.0,5220.0,5190.0,5200.0,5170.0
2025-09-08,5185.0,5211.0,5170.0,5184.0,15160.0
2025-09-09,5178.0,5195.0,5160.0,5168.0,8430.0
2025-09-10,5155.0,5230.0,5155.0,5218.0,6820.0
2025-09-11,5260.0,5260.0,5207.0,5226.0,3270.0
2025-09-12,5230.0,5253.0,5193.0,5207.0,3170.0
2025-09-15,5220.0,5224.0,5178.0,5208.0,5410.0
2025-09-16,5198.0,5284.0,5185.0,5266.0,4990.0
2025-09-17,5285.0,5285.0,5070.0,5077.0,22470.0
2025-09-18,5090.0,5090.0,5008.0,5011.0,8660.0
2025-09-19,5008.0,5203.0,4960.0,4998.0,9490.0
2025-09-22,5042.0,5057.0,4922.0,4940.0,28630.0
2025-09-23,4965.0,4965.0,4902.0,4950.0,16840.0
2025-09-24,4945.0,5001.0,4930.0,4974.0,14110.0
2025-09-25,4966.0,4990.0,4953.0,4958.0,6780.0
2025-09-26,4945.0,4945.0,4909.0,4933.0,11240.0
2025-09-29,4925.0,4930.0,4880.0,4888.0,9020.0
2025-09-30,4899.0,4899.0,4751.0,4808.0,17930.0
2025-10-01,4801.0,4858.0,4795.0,4849.0,11360.0
2025-10-03,4825.0,4825.0,4775.0,4782.0,6360.0
2025-10-06,4771.0,4803.0,4712.0,4758.0,8750.0
2025-10-07,4748.0,4770.0,4729.0,4745.0,6400.0
2025-10-08,4742.0,4820.0,4673.0,4784.0,11000.0
2025-10-09,4774.0,4793.0,4753.0,4778.0,7700.0
2025-10-10,4785.0,4797.0,4749.0,4755.0,9900.0
2025-10-13,4769.0,5000.0,4752.0,4947.0,10660.0
2025-10-14,5027.0,5027.0,4874.0,4882.0,6350.0
2025-10-15,4885.0,4999.0,4732.0,4857.0,6000.0
2025-10-16,4663.0,4910.0,4663.0,4848.0,490.0
2025-10-17,4867.0,4867.0,4867.0,4867.0,140.0
2025-10-21,4952.0,4958.0,4935.0,4946.0,1730.0
2025-10-23,4978.0,5029.0,4935.0,4970.0,17050.0
2025-10-24,4959.0,4965.0,4881.0,4900.0,13590.0
2025-10-27,4877.0,4916.0,4832.0,4898.0,11070.0
2025-10-28,4905.0,4905.0,4808.0,4830.0,12000.0
2025-10-29,4827.0,4845.0,4742.0,4760.0,15380.0
2025-10-30,4746.0,4783.0,4729.0,4758.0,11840.0
2025-10-31,4770.0,4814.0,4740.0,4752.0,8870.0
2025-11-03,4715.0,4774.0,4697.0,4753.0,11160.0
2025-11-04,4778.0,4791.0,4747.0,4777.0,7540.0
2025-11-06,4761.0,4767.0,4714.0,4723.0,5980.0
2025-11-07,4721.0,4721.0,4676.0,4687.0,9080.0
2025-11-10,4712.0,4740.0,4650.0,4657.0,8760.0
2025-11-11,4686.0,4690.0,4589.0,4599.0,5830.0
2025-11-12,4606.0,4664.0,4569.0,4630.0,4640.0
2025-11-13,4652.0,4673.0,4600.0,4613.0,3320.0
2025-11-14,4622.0,4649.0,4590.0,4633.0,5020.0
2025-11-17,4613.0,4620.0,4545.0,4554.0,5210.0
2025-11-18,4548.0,4580.0,4504.0,4541.0,4960.0
2025-11-19,4550.0,4707.0,4550.0,4643.0,140.0
2025-11-20,4688.0,4688.0,4688.0,4688.0,
2025-11-21,4721.0,4728.0,4692.0,4702.0,10080.0
2025-11-24,4698.0,4720.0,4688.0,4701.0,7730.0
2025-11-25,4700.0,4704.0,4608.0,4622.0,19780.0
2025-11-26,4631.0,4648.0,4607.0,4629.0,8140.000000000001
2025-11-27,4628.0,4695.0,4618.0,4677.0,12690.0
2025-11-28,4662.0,4695.0,4650.0,4658.0,15160.0
2025-12-01,4655.0,4810.0,4648.0,4794.0,26570.0
2025-12-02,4818.0,4834.0,4762.0,4791.0,10450.0
2025-12-03,4791.0,4827.0,4760.0,4781.0,8850.0
2025-12-04,4772.0,4800.0,4755.0,4760.0,7650.0
2025-12-05,4741.0,4787.0,4735.0,4745.0,5300.0
2025-12-08,4760.0,4795.0,4750.0,4774.0,6400.0
2025-12-09,4774.0,4890.0,4763.0,4873.0,10660.0
2025-12-10,4836.0,4895.0,4833.0,4840.0,5390.0
2025-12-11,4859.0,4922.0,4859.0,4894.0,8090.0
2025-12-12,4912.0,4973.0,4912.0,4959.0,7080.0
2025-12-15,5084.0,5256.0,4964.0,5240.0,16700.0
2025-12-16,5370.0,5370.0,5205.0,5260.0,4080.0
2025-12-17,5225.0,5292.0,5224.0,5252.0,1850.0
2025-12-18,5343.0,5461.0,5263.0,5326.0,960.0
2025-12-19,5536.0,5536.0,5450.0,5484.0,30.0
2025-12-22,5724.0,5792.0,5645.0,5669.0,65730.0
2025-12-23,5646.0,5720.0,5480.0,5594.0,56250.0
2025-12-24,5625.0,5817.0,5586.0,5788.0,59340.0
2025-12-26,5840.0,6088.0,5752.0,6025.0,105070.0
2025-12-29,6030.0,6030.0,5810.0,5856.0,46890.0
2025-12-30,5850.0,6077.0,5773.0,6055.0,48820.0
2025-12-31,6080.0,6150.0,6004.0,6031.0,43600.0
2026-01-01,6075.0,6087.0,5928.0,6031.0,18560.0
2026-01-02,6050.0,6212.0,6050.0,6099.0,25270.0
2026-01-05,6090.0,6090.0,5977.0,5991.0,11550.0
2026-01-06,5991.0,6015.0,5638.0,5711.0,20130.0
2026-01-07,5682.0,5742.0,5523.0,5703.0,14190.0
2026-01-08,5705.0,5778.0,5401.0,5459.0,18750.0
2026-01-09,5412.0,5730.0,5376.0,5705.0,13330.0
2026-01-12,5785.0,5840.0,5600.0,5663.0,8500.0
2026-01-13,5660.0,5676.0,5452.0,5487.0,5720.0
2026-01-14,5560.0,5580.0,5466.0,5539.0,6070.0
2026-01-16,5590.0,5713.0,5562.0,5628.0,7960.0
2026-01-19,5847.0,5847.0,5560.0,5670.0,510.0
2026-01-20,5564.0,5570.0,5564.0,5566.0,90.0
2026-01-21,5635.0,5742.0,5569.0,5720.0,33660.0
2026-01-22,5740.0,5784.0,5693.0,5719.0,24600.0
2026-01-23,5720.0,5758.0,5665.0,5687.0,22470.0
2026-01-27,5645.0,5711.0,5620.0,5648.0,21890.0
2026-01-28,5640.0,5640.0,5450.0,5481.0,42820.0
2026-01-29,5445.0,5610.0,5402.0,5566.0,37100.0
2026-01-30,5562.0,5595.0,5500.0,5541.0,21720.0
2026-02-01,5501.0,5540.0,5430.0,5451.0,10200.0
2026-02-02,5425.0,5542.0,5366.0,5516.0,18420.0
2026-02-03,5571.0,5648.0,5530.0,5547.0,16720.0
2026-02-04,5506.0,5574.0,5462.0,5550.0,14010.0
2026-02-05,5506.0,5625.0,5505.0,5580.0,10270.0
2026-02-06,5530.0,5594.0,5493.0,5507.0,7790.0
2026-02-09,5535.0,5536.0,5425.0,5452.0,9690.0
2026-02-10,5462.0,5512.0,5444.0,5481.0,11420.0
2026-02-11,5477.0,5499.0,5412.0,5432.0,8290.0
2026-02-12,5433.0,5474.0,5240.0,5433.0,7190.0
2026-02-13,5415.0,5440.0,5349.0,5367.0,3640.0
2026-02-16,5280.0,5404.0,5280.0,5349.0,9050.0
2026-02-17,5332.0,5399.0,5329.0,5355.0,5700.0
2026-02-18,5351.0,5386.0,5263.0,5276.0,4930.0
2026-02-19,5140.0,5317.0,5140.0,5267.0,260.0
2026-02-20,5381.0,5381.0,5301.0,5354.0,50.0
2026-02-23,5345.0,5444.0,5341.0,5424.0,23080.0
2026-02-24,5406.0,5453.0,5386.0,5406.0,18090.0
2026-02-25,5391.0,5416.0,5366.0,5377.0,12480.0
2026-02-26,5365.0,5421.0,5364.0,5404.0,16219.999999999998
2026-02-27,5392.0,5443.0,5385.0,5398.0,21280.0
2026-03-02,5381.0,5381.0,5203.0,5252.0,34190.0
2026-03-04,5140.0,5280.0,5100.0,5242.0,10330.0
2026-03-05,5220.0,5320.0,5215.0,5311.0,12310.0
2026-03-06,5310.0,5337.0,5276.0,5290.0,11320.0
2026-03-09,5261.0,5540.0,5233.0,5501.0,19610.0
2026-03-10,5475.0,5501.0,5440.0,5461.0,9330.0
2026-03-11,5451.0,5495.0,5417.0,5436.0,6260.0
2026-03-12,5446.0,5495.0,5416.0,5446.0,6200.0
2026-03-13,5452.0,5472.0,5325.0,5371.0,7340.0
2026-03-16,5418.0,5440.0,5364.0,5390.0,7770.0
2026-03-17,5405.0,5420.0,5357.0,5364.0,8290.0
2026-03-18,5373.0,5458.0,5345.0,5413.0,7250.0
2026-03-19,5390.0,5443.0,5371.0,5405.0,80.0
2026-03-20,5470.0,5482.0,5450.0,5457.0,380.0
2026-03-23,5440.0,5549.0,5380.0,5479.0,22890.0
2026-03-24,5504.0,5505.0,5455.0,5463.0,13570.0
2026-03-25,5487.0,5558.0,5476.0,5536.0,24960.0
2026-03-27,5526.0,5570.0,5503.0,5524.0,16810.0
2026-03-30,5525.0,5742.0,5521.0,5716.0,25280.0
2026-04-01,5740.0,5820.0,5687.0,5723.0,25860.0
2026-04-02,5685.0,5813.0,5671.0,5764.0,12140.0
2026-04-06,5760.0,5838.0,5710.0,5721.0,13670.0
2026-04-07,5750.0,5765.0,5685.0,5715.0,8540.0
2026-04-08,5784.0,5784.0,5685.0,5731.0,6460.0
2026-04-09,5721.0,5728.0,5642.0,5668.0,7460.0
2026-04-10,5674.0,5691.0,5610.0,5635.0,10470.0
2026-04-13,5610.0,5697.0,5561.0,5663.0,10220.0
2026-04-15,5684.0,5730.0,5630.0,5653.0,8340.0
2026-04-16,5634.0,5665.0,5460.0,5632.0,6910.0
2026-04-17,5600.0,5600.0,5600.0,5600.0,100.0
2026-04-20,5820.0,5824.0,5820.0,5821.0,160.0
2026-04-21,5855.0,5855.0,5760.0,5772.0,29090.0
2026-04-22,5762.0,5804.0,5661.0,5672.0,37190.0
2026-04-23,5661.0,5698.0,5632.0,5687.0,17850.0
2026-04-24,5680.0,5689.0,5600.0,5622.0,14720.0
2026-04-27,5605.0,5625.0,5555.0,5582.0,16129.999999999998
2026-04-28,5588.0,5639.0,5571.0,5612.0,11200.0
2026-04-29,5635.0,5793.0,5582.0,5773.0,33480.0
2026-04-30,5773.0,5778.0,5710.0,5723.0,20120.0
