date,open,high,low,close,volume
2017-01-05,3970.0,3970.0,3970.0,3970.0,20.0
2017-01-06,4052.0,4052.0,4052.0,4052.0,
2017-01-09,4087.0,4087.0,4087.0,4087.0,
2017-01-10,4128.0,4141.0,4117.0,4133.0,140.0
2017-01-11,4186.0,4270.0,4186.0,4226.0,410.0
2017-01-12,4271.0,4286.0,4209.0,4249.0,640.0
2017-01-13,4235.0,4280.0,4235.0,4259.0,540.0
2017-01-16,4283.0,4285.0,4252.0,4267.0,780.0
2017-01-17,4275.0,4289.0,4248.0,4268.0,690.0
2017-01-18,4238.0,4254.0,4211.0,4221.0,730.0
2017-01-19,4197.0,4198.0,4160.0,4166.0,1200.0
2017-01-20,4191.0,4200.0,4147.0,4181.0,930.0
2017-01-23,4152.0,4162.0,4130.0,4133.0,810.0
2017-01-24,4140.0,4165.0,4068.0,4080.0,1020.0
2017-01-25,4080.0,4119.0,4080.0,4104.0,980.0
2017-01-27,4125.0,4138.0,4101.0,4116.0,130.0
2017-01-30,4073.0,4078.0,4062.0,4070.0,330.0
2017-01-31,4078.0,4090.0,4068.0,4086.0,720.0
2017-02-01,4100.0,4110.0,4080.0,4091.0,1710.0
2017-02-02,4091.0,4091.0,4065.0,4084.0,510.0
2017-02-03,4037.0,4070.0,4010.0,4057.0,650.0
2017-02-06,4050.0,4050.0,4012.0,4016.0,1640.0
2017-02-07,4016.0,4035.0,4016.0,4033.0,1130.0
2017-02-08,4030.0,4066.0,4030.0,4060.0,890.0
2017-02-09,4048.0,4056.0,4020.0,4029.0,1040.0
2017-02-10,4021.0,4031.0,3989.0,3992.0,1330.0
2017-02-13,3983.0,4002.0,3960.0,3963.0,740.0
2017-02-14,3968.0,3980.0,3937.0,3959.0,1760.0
2017-02-15,3969.0,4015.0,3969.0,3989.0,1560.0
2017-02-16,4005.0,4037.0,3985.0,4027.0,1830.0
2017-02-17,4031.0,4074.0,4031.0,4059.0,5070.0
2017-02-20,4100.0,4110.0,4016.0,4045.0,6990.0
2017-02-21,4084.0,4084.0,4052.0,4064.0,170.0
2017-02-22,4055.0,4080.0,4050.0,4069.0,130.0
2017-02-23,4071.0,4071.0,4034.0,4050.0,380.0
2017-02-24,4050.0,4050.0,4050.0,4050.0,
2017-02-27,4059.0,4110.0,4059.0,4094.0,350.0
2017-02-28,4096.0,4106.0,4092.0,4100.0,1040.0
2017-03-01,4165.0,4239.0,4165.0,4198.0,2820.0
2017-03-02,4230.0,4259.0,4220.0,4243.0,990.0
2017-03-03,4233.0,4286.0,4230.0,4255.0,1370.0
2017-03-06,4307.0,4425.0,4301.0,4425.0,4750.0
2017-03-07,4397.0,4439.0,4341.0,4352.0,6880.0
2017-03-08,4347.0,4428.0,4325.0,4407.0,4430.0
2017-03-09,4414.0,4425.0,4328.0,4335.0,4240.0
2017-03-10,4343.0,4380.0,4305.0,4345.0,3780.0
2017-03-14,4333.0,4420.0,4327.0,4409.0,14320.0
2017-03-15,4416.0,4451.0,4388.0,4436.0,12320.0
2017-03-16,4431.0,4482.0,4411.0,4454.0,9870.0
2017-03-17,4469.0,4632.0,4468.0,4632.0,30090.0
2017-03-20,4630.0,4733.0,4594.0,4647.0,34610.0
2017-03-21,4680.0,4762.0,4679.0,4738.0,1160.0
2017-03-22,4794.0,4895.0,4781.0,4871.0,2830.0
2017-03-23,4920.0,5065.0,4918.0,5052.0,3820.0
2017-03-24,5134.0,5151.0,4910.0,4918.0,7920.0
2017-03-27,4771.0,4926.0,4739.0,4782.0,11600.0
2017-03-28,4814.0,4929.0,4781.0,4885.0,1750.0
2017-03-29,4865.0,4880.0,4810.0,4856.0,1070.0
2017-03-30,4924.0,4979.0,4899.0,4939.0,790.0
2017-03-31,4957.0,4983.0,4896.0,4942.0,1390.0
2017-04-03,5040.0,5139.0,5028.0,5139.0,1710.0
2017-04-04,5139.0,5139.0,5139.0,5139.0,
2017-04-05,5200.0,5232.0,4985.0,5017.0,3870.0
2017-04-06,5056.0,5059.0,4972.0,5019.0,2420.0
2017-04-07,5001.0,5005.0,4875.0,4916.0,2560.0
2017-04-10,4904.0,4980.0,4904.0,4966.0,1350.0
2017-04-11,4994.0,5014.0,4825.0,4853.0,1640.0
2017-04-12,4857.0,4888.0,4776.0,4835.0,1940.0
2017-04-13,4813.0,4923.0,4802.0,4842.0,2680.0
2017-04-17,4761.0,4770.0,4649.0,4665.0,7770.0
2017-04-18,4700.0,4759.0,4625.0,4665.0,7190.0
2017-04-19,4698.0,4787.0,4698.0,4742.0,7960.0
2017-04-20,4806.0,4924.0,4791.0,4903.0,10130.0
2017-04-21,4990.0,4990.0,4987.0,4989.0,30.0
2017-04-24,4874.0,4874.0,4790.0,4846.0,110.0
2017-04-25,4854.0,4862.0,4854.0,4858.0,90.0
2017-04-26,4855.0,4921.0,4848.0,4876.0,70.0
2017-04-27,4930.0,4934.0,4862.0,4916.0,170.0
2017-04-28,4902.0,4902.0,4798.0,4848.0,110.0
2017-05-02,4814.0,4814.0,4703.0,4711.0,540.0
2017-05-03,4601.0,4694.0,4570.0,4570.0,1100.0
2017-05-04,4570.0,4589.0,4448.0,4551.0,2310.0
2017-05-05,4491.0,4622.0,4415.0,4579.0,1800.0
2017-05-08,4625.0,4633.0,4455.0,4487.0,1100.0
2017-05-09,4492.0,4666.0,4458.0,4666.0,1990.0
2017-05-10,4617.0,4679.0,4568.0,4630.0,1690.0
2017-05-11,4684.0,4693.0,4615.0,4649.0,1480.0
2017-05-12,4600.0,4622.0,4515.0,4544.0,1920.0
2017-05-15,4468.0,4533.0,4413.0,4440.0,2029.9999999999998
2017-05-16,4461.0,4573.0,4450.0,4573.0,3450.0
2017-05-17,4604.0,4655.0,4579.0,4599.0,4290.0
2017-05-18,4602.0,4675.0,4602.0,4643.0,6640.0
2017-05-19,4676.0,4721.0,4623.0,4635.0,4350.0
2017-05-22,4664.0,4680.0,4611.0,4655.0,5600.0
2017-05-23,4635.0,4638.0,4590.0,4614.0,2580.0
2017-05-24,4631.0,4631.0,4555.0,4584.0,1880.0
2017-05-25,4590.0,4617.0,4573.0,4595.0,1080.0
2017-05-26,4647.0,4685.0,4647.0,4674.0,660.0
2017-05-29,4633.0,4633.0,4488.0,4488.0,460.0
2017-05-30,4470.0,4510.0,4387.0,4472.0,1660.0
2017-05-31,4435.0,4435.0,4338.0,4378.0,210.0
2017-06-01,4428.0,4428.0,4383.0,4408.0,1080.0
2017-06-02,4431.0,4490.0,4389.0,4452.0,2550.0
2017-06-05,4469.0,4501.0,4449.0,4478.0,350.0
2017-06-06,4500.0,4504.0,4350.0,4410.0,860.0
2017-06-07,4350.0,4368.0,4278.0,4293.0,1000.0
2017-06-08,4306.0,4350.0,4275.0,4342.0,960.0
2017-06-09,4350.0,4403.0,4350.0,4384.0,1660.0
2017-06-12,4392.0,4444.0,4385.0,4391.0,5440.0
2017-06-13,4396.0,4440.0,4361.0,4379.0,2080.0
2017-06-14,4405.0,4470.0,4399.0,4447.0,1840.0
2017-06-15,4426.0,4575.0,4420.0,4442.0,2810.0
2017-06-16,4443.0,4485.0,4410.0,4467.0,2950.0
2017-06-19,4460.0,4477.0,4390.0,4417.0,1740.0
2017-06-20,4387.0,4424.0,4336.0,4351.0,3710.0
2017-06-21,4387.0,4387.0,4372.0,4380.0,20.0
2017-06-22,4252.0,4254.0,4250.0,4252.0,70.0
2017-06-23,4374.0,4374.0,4374.0,4374.0,10.0
2017-06-27,4505.0,4505.0,4505.0,4505.0,
2017-06-28,4550.0,4550.0,4550.0,4550.0,
2017-06-29,4550.0,4550.0,4550.0,4550.0,
2017-06-30,4591.0,4591.0,4591.0,4591.0,20.0
2017-07-03,4500.0,4500.0,4500.0,4500.0,80.0
2017-07-04,4488.0,4500.0,4465.0,4483.0,90.0
2017-07-05,4489.0,4489.0,4462.0,4475.0,110.0
2017-07-06,4536.0,4567.0,4536.0,4552.0,20.0
2017-07-07,4608.0,4608.0,4537.0,4571.0,70.0
2017-07-10,4549.0,4549.0,4544.0,4547.0,40.0
2017-07-11,4512.0,4519.0,4490.0,4512.0,470.0
2017-07-12,4525.0,4568.0,4515.0,4556.0,800.0
2017-07-13,4568.0,4602.0,4555.0,4569.0,1160.0
2017-07-14,4572.0,4687.0,4546.0,4674.0,1520.0
2017-07-17,4660.0,4740.0,4655.0,4659.0,2029.9999999999998
2017-07-18,4654.0,4700.0,4645.0,4678.0,2740.0
2017-07-19,4650.0,4669.0,4593.0,4608.0,3740.0
2017-07-20,4591.0,4627.0,4583.0,4595.0,2810.0
2017-07-21,4674.0,4674.0,4674.0,4674.0,
2017-07-24,4660.0,4660.0,4566.0,4629.0,40.0
2017-07-25,4581.0,4595.0,4580.0,4587.0,150.0
2017-07-26,4590.0,4629.0,4580.0,4597.0,760.0
2017-07-27,4660.0,4669.0,4660.0,4665.0,210.0
2017-07-28,4660.0,4669.0,4660.0,4652.0,210.0
2017-07-31,4670.0,4675.0,4670.0,4673.0,170.0
2017-08-01,4632.0,4632.0,4631.0,4632.0,40.0
2017-08-02,4577.0,4577.0,4552.0,4565.0,20.0
2017-08-03,4560.0,4569.0,4521.0,4529.0,520.0
2017-08-04,4537.0,4614.0,4533.0,4581.0,570.0
2017-08-07,4621.0,4646.0,4621.0,4634.0,20.0
2017-08-08,4630.0,4654.0,4593.0,4628.0,1270.0
2017-08-09,4595.0,4788.0,4594.0,4768.0,1850.0
2017-08-10,4791.0,4798.0,4650.0,4654.0,2360.0
2017-08-11,4660.0,4740.0,4650.0,4720.0,1480.0
2017-08-14,4753.0,4756.0,4709.0,4742.0,180.0
2017-08-16,4746.0,4746.0,4667.0,4708.0,2190.0
2017-08-17,4747.0,4763.0,4713.0,4723.0,4940.0
2017-08-18,4749.0,4757.0,4687.0,4726.0,5480.0
2017-08-21,4896.0,4896.0,4896.0,4896.0,10.0
2017-08-22,4903.0,4903.0,4903.0,4903.0,
2017-08-23,4866.0,4866.0,4866.0,4866.0,
2017-08-24,4864.0,4864.0,4864.0,4864.0,
2017-08-28,4868.0,4868.0,4868.0,4868.0,10.0
2017-08-29,4822.0,4822.0,4822.0,4822.0,10.0
2017-08-30,4840.0,4845.0,4840.0,4845.0,510.0
2017-08-31,4758.0,4846.0,4758.0,4802.0,230.0
2017-09-01,4765.0,4775.0,4765.0,4771.0,50.0
2017-09-04,4760.0,4760.0,4760.0,4760.0,110.0
2017-09-05,4767.0,4767.0,4767.0,4767.0,360.0
2017-09-06,4796.0,4830.0,4796.0,4817.0,1210.0
2017-09-07,4814.0,4845.0,4813.0,4818.0,5970.0
2017-09-08,4810.0,4838.0,4806.0,4825.0,2830.0
2017-09-11,4850.0,4868.0,4839.0,4865.0,4660.0
2017-09-12,4853.0,4937.0,4850.0,4896.0,5120.0
2017-09-13,4903.0,4932.0,4897.0,4916.0,11010.0
2017-09-14,4924.0,4936.0,4779.0,4856.0,16079.999999999998
2017-09-15,4870.0,4880.0,4785.0,4802.0,5140.0
2017-09-18,4800.0,4810.0,4707.0,4726.0,10140.0
2017-09-19,4715.0,4783.0,4677.0,4776.0,6060.0
2017-09-20,4784.0,4795.0,4728.0,4739.0,8150.0
2017-09-21,4775.0,4775.0,4755.0,4769.0,30.0
2017-09-22,4784.0,4784.0,4784.0,4784.0,10.0
2017-09-25,4701.0,4735.0,4701.0,4731.0,70.0
2017-09-26,4742.0,4742.0,4740.0,4741.0,570.0
2017-09-27,4765.0,4765.0,4764.0,4765.0,20.0
2017-09-28,4750.0,4750.0,4725.0,4737.0,380.0
2017-09-29,4780.0,4790.0,4780.0,4782.0,210.0
2017-10-03,4791.0,4791.0,4752.0,4779.0,70.0
2017-10-04,4762.0,4762.0,4675.0,4708.0,2120.0
2017-10-05,4701.0,4710.0,4670.0,4691.0,2750.0
2017-10-06,4676.0,4690.0,4635.0,4642.0,3360.0
2017-10-09,4622.0,4657.0,4612.0,4631.0,3780.0
2017-10-10,4653.0,4690.0,4645.0,4673.0,3560.0
2017-10-11,4681.0,4695.0,4622.0,4650.0,3270.0
2017-10-12,4650.0,4692.0,4620.0,4673.0,2090.0
2017-10-13,4664.0,4691.0,4641.0,4671.0,2950.0
2017-10-16,4725.0,4725.0,4725.0,4725.0,
2017-10-17,4700.0,4700.0,4700.0,4700.0,50.0
2017-10-18,4679.0,4679.0,4678.0,4679.0,50.0
2017-10-19,4645.0,4645.0,4645.0,4645.0,
2017-10-23,4602.0,4602.0,4515.0,4558.0,300.0
2017-10-24,4460.0,4492.0,4460.0,4480.0,140.0
2017-10-25,4489.0,4500.0,4480.0,4492.0,60.0
2017-10-26,4519.0,4665.0,4517.0,4572.0,310.0
2017-10-27,4619.0,4650.0,4581.0,4605.0,130.0
2017-10-30,4613.0,4613.0,4538.0,4557.0,50.0
2017-10-31,4505.0,4545.0,4500.0,4517.0,30.0
2017-11-01,4530.0,4568.0,4422.0,4477.0,210.0
2017-11-02,4450.0,4475.0,4441.0,4461.0,510.0
2017-11-03,4513.0,4522.0,4492.0,4507.0,140.0
2017-11-06,4521.0,4521.0,4430.0,4486.0,350.0
2017-11-07,4463.0,4488.0,4460.0,4471.0,400.0
2017-11-08,4482.0,4489.0,4447.0,4467.0,400.0
2017-11-09,4464.0,4464.0,4408.0,4425.0,830.0
2017-11-10,4428.0,4438.0,4385.0,4410.0,2029.9999999999998
2017-11-13,4398.0,4417.0,4380.0,4398.0,2000.0
2017-11-14,4411.0,4440.0,4411.0,4427.0,900.0
2017-11-15,4429.0,4429.0,4390.0,4400.0,1350.0
2017-11-16,4380.0,4436.0,4370.0,4416.0,950.0
2017-11-17,4410.0,4515.0,4405.0,4491.0,2670.0
2017-11-20,4510.0,4548.0,4491.0,4499.0,4340.0
2017-11-21,4564.0,4564.0,4564.0,4564.0,70.0
2017-11-22,4533.0,4533.0,4533.0,4533.0,50.0
2017-11-23,4535.0,4535.0,4535.0,4535.0,10.0
2017-11-24,4560.0,4584.0,4560.0,4581.0,200.0
2017-11-27,4620.0,4705.0,4620.0,4678.0,930.0
2017-11-28,4693.0,4698.0,4641.0,4688.0,400.0
2017-11-29,4631.0,4631.0,4591.0,4616.0,1250.0
2017-11-30,4650.0,4682.0,4650.0,4672.0,790.0
2017-12-01,4608.0,4638.0,4599.0,4608.0,2029.9999999999998
2017-12-04,4670.0,4673.0,4647.0,4666.0,280.0
2017-12-05,4675.0,4686.0,4633.0,4652.0,200.0
2017-12-06,4644.0,4648.0,4621.0,4636.0,400.0
2017-12-07,4630.0,4630.0,4510.0,4527.0,1310.0
2017-12-08,4527.0,4617.0,4480.0,4584.0,880.0
2017-12-11,4580.0,4617.0,4580.0,4612.0,870.0
2017-12-12,4620.0,4631.0,4577.0,4615.0,1510.0
2017-12-13,4575.0,4575.0,4527.0,4545.0,1450.0
2017-12-14,4550.0,4575.0,4542.0,4549.0,840.0
2017-12-15,4555.0,4555.0,4519.0,4529.0,860.0
2017-12-18,4525.0,4527.0,4463.0,4498.0,1970.0
2017-12-19,4510.0,4562.0,4510.0,4555.0,4830.0
2017-12-20,4537.0,4556.0,4492.0,4502.0,3940.0
2017-12-21,4530.0,4564.0,4500.0,4529.0,170.0
2017-12-22,4533.0,4566.0,4530.0,4559.0,680.0
2017-12-26,4510.0,4531.0,4510.0,4522.0,80.0
2017-12-27,4500.0,4500.0,4460.0,4480.0,380.0
2017-12-28,4480.0,4495.0,4470.0,4486.0,610.0
2017-12-29,4480.0,4484.0,4442.0,4460.0,990.0
2018-01-01,4410.0,4457.0,4410.0,4452.0,490.0
2018-01-02,4440.0,4451.0,4421.0,4443.0,1610.0
2018-01-03,4407.0,4426.0,4365.0,4384.0,920.0
2018-01-04,4387.0,4393.0,4370.0,4385.0,650.0
2018-01-05,4384.0,4400.0,4377.0,4391.0,650.0
2018-01-08,4370.0,4370.0,4249.0,4257.0,1350.0
2018-01-09,4235.0,4251.0,4108.0,4121.0,3100.0
2018-01-10,4129.0,4200.0,4128.0,4191.0,3320.0
2018-01-11,4206.0,4222.0,4170.0,4178.0,2510.0
2018-01-12,4182.0,4193.0,4168.0,4182.0,3820.0
2018-01-15,4187.0,4205.0,4177.0,4190.0,1640.0
2018-01-16,4169.0,4169.0,4047.0,4098.0,8790.0
2018-01-17,4075.0,4114.0,4075.0,4107.0,3330.0
2018-01-18,4115.0,4115.0,4067.0,4076.0,2080.0
2018-01-19,4063.0,4140.0,4054.0,4100.0,3760.0
2018-01-22,4156.0,4156.0,4156.0,4156.0,
2018-01-23,4241.0,4241.0,4241.0,4241.0,
2018-01-24,4213.0,4213.0,4213.0,4213.0,
2018-01-25,4246.0,4246.0,4246.0,4246.0,
2018-01-29,4415.0,4415.0,4415.0,4415.0,
2018-01-30,4457.0,4457.0,4417.0,4451.0,350.0
2018-01-31,4445.0,4445.0,4370.0,4390.0,290.0
2018-02-01,4376.0,4415.0,4338.0,4382.0,180.0
2018-02-02,4405.0,4405.0,4374.0,4387.0,140.0
2018-02-05,4374.0,4385.0,4359.0,4378.0,150.0
2018-02-06,4380.0,4390.0,4362.0,4386.0,1260.0
2018-02-07,4398.0,4398.0,4325.0,4343.0,1370.0
2018-02-08,4306.0,4307.0,4242.0,4258.0,680.0
2018-02-09,4250.0,4285.0,4230.0,4249.0,650.0
2018-02-12,4270.0,4270.0,4215.0,4232.0,1840.0
2018-02-14,4216.0,4220.0,4152.0,4182.0,1610.0
2018-02-15,4190.0,4219.0,4160.0,4199.0,1620.0
2018-02-16,4220.0,4294.0,4208.0,4284.0,4120.0
2018-02-19,4311.0,4343.0,4281.0,4288.0,1960.0
2018-02-20,4281.0,4281.0,4243.0,4263.0,3640.0
2018-02-21,4333.0,4399.0,4333.0,4374.0,60.0
2018-02-22,4374.0,4374.0,4345.0,4357.0,60.0
2018-02-23,4408.0,4415.0,4301.0,4359.0,300.0
2018-02-26,4281.0,4299.0,4265.0,4288.0,200.0
2018-02-27,4225.0,4225.0,4175.0,4192.0,250.0
2018-02-28,4191.0,4225.0,4176.0,4211.0,440.0
2018-03-01,4238.0,4246.0,4176.0,4219.0,210.0
2018-03-05,4191.0,4191.0,4171.0,4184.0,260.0
2018-03-06,4153.0,4196.0,4099.0,4189.0,1610.0
2018-03-07,4198.0,4252.0,4194.0,4222.0,650.0
2018-03-08,4227.0,4265.0,4212.0,4260.0,3770.0
2018-03-09,4281.0,4315.0,4281.0,4303.0,2300.0
2018-03-12,4250.0,4254.0,4234.0,4240.0,1990.0
2018-03-13,4159.0,4303.0,4159.0,4291.0,2550.0
2018-03-14,4305.0,4308.0,4241.0,4261.0,2550.0
2018-03-15,4250.0,4270.0,4240.0,4251.0,1350.0
2018-03-16,4270.0,4295.0,4266.0,4279.0,13700.0
2018-03-19,4270.0,4286.0,4223.0,4260.0,5990.0
2018-03-20,4230.0,4231.0,4188.0,4197.0,3170.0
2018-03-21,4272.0,4272.0,4235.0,4246.0,80.0
2018-03-22,4241.0,4246.0,4205.0,4239.0,230.0
2018-03-23,4181.0,4181.0,4181.0,4181.0,20.0
2018-03-26,4186.0,4231.0,4186.0,4221.0,160.0
2018-03-27,4231.0,4231.0,4190.0,4205.0,70.0
2018-03-28,4225.0,4244.0,4225.0,4235.0,30.0
2018-04-02,4231.0,4275.0,4231.0,4257.0,40.0
2018-04-03,4241.0,4241.0,4241.0,4241.0,20.0
2018-04-04,4215.0,4215.0,4185.0,4195.0,830.0
2018-04-05,4180.0,4228.0,4178.0,4206.0,730.0
2018-04-06,4095.0,4218.0,4095.0,4192.0,900.0
2018-04-09,4151.0,4165.0,4124.0,4137.0,1850.0
2018-04-10,4119.0,4215.0,4118.0,4188.0,3600.0
2018-04-11,4200.0,4236.0,4198.0,4208.0,4800.0
2018-04-12,4200.0,4223.0,4193.0,4206.0,2500.0
2018-04-13,4200.0,4203.0,4180.0,4196.0,2240.0
2018-04-16,4155.0,4155.0,4135.0,4139.0,2150.0
2018-04-17,4110.0,4160.0,4105.0,4149.0,9160.0
2018-04-18,4150.0,4170.0,4142.0,4145.0,6130.0
2018-04-19,4150.0,4188.0,4133.0,4164.0,7050.0
2018-04-20,4184.0,4208.0,4170.0,4189.0,7390.0
2018-04-23,4162.0,4229.0,4162.0,4214.0,140.0
2018-04-24,4200.0,4207.0,4200.0,4203.0,40.0
2018-04-25,4171.0,4181.0,4171.0,4176.0,40.0
2018-04-26,4183.0,4183.0,4183.0,4183.0,20.0
2018-04-27,4155.0,4164.0,4098.0,4109.0,280.0
2018-04-30,4110.0,4116.0,4083.0,4099.0,1820.0
2018-05-02,4081.0,4090.0,4075.0,4084.0,640.0
2018-05-03,4109.0,4109.0,4047.0,4057.0,810.0
2018-05-04,4050.0,4050.0,3944.0,3993.0,6510.0
2018-05-07,4020.0,4090.0,4016.0,4088.0,1900.0
2018-05-08,4101.0,4163.0,4100.0,4131.0,3100.0
2018-05-09,4154.0,4164.0,4125.0,4137.0,1620.0
2018-05-10,4126.0,4149.0,4089.0,4096.0,1990.0
2018-05-11,4119.0,4149.0,4104.0,4136.0,2780.0
2018-05-14,4141.0,4150.0,4125.0,4136.0,1450.0
2018-05-15,4114.0,4127.0,4078.0,4121.0,2460.0
2018-05-16,4111.0,4111.0,4061.0,4075.0,3560.0
2018-05-17,4065.0,4082.0,4040.0,4048.0,4400.0
2018-05-18,4057.0,4088.0,4055.0,4069.0,3650.0
2018-05-21,4126.0,4126.0,4126.0,4126.0,10.0
2018-05-22,4139.0,4139.0,4139.0,4139.0,10.0
2018-05-23,4166.0,4166.0,4140.0,4157.0,200.0
2018-05-24,4115.0,4115.0,4115.0,4115.0,10.0
2018-05-25,4110.0,4110.0,4092.0,4104.0,100.0
2018-05-28,4081.0,4087.0,4071.0,4079.0,110.0
2018-05-29,4090.0,4090.0,4048.0,4061.0,70.0
2018-05-30,4058.0,4065.0,3986.0,4003.0,1220.0
2018-05-31,3981.0,4026.0,3980.0,4006.0,260.0
2018-06-01,4041.0,4075.0,4034.0,4061.0,300.0
2018-06-04,4110.0,4110.0,4010.0,4060.0,100.0
2018-06-05,3991.0,4028.0,3989.0,4009.0,750.0
2018-06-06,4016.0,4026.0,4012.0,4016.0,800.0
2018-06-07,4014.0,4051.0,4014.0,4032.0,340.0
2018-06-08,4037.0,4044.0,4017.0,4026.0,600.0
2018-06-11,4004.0,4025.0,3936.0,3946.0,2350.0
2018-06-12,3955.0,3977.0,3910.0,3937.0,1810.0
2018-06-13,3940.0,4055.0,3940.0,4042.0,2530.0
2018-06-14,4052.0,4100.0,4029.0,4094.0,3780.0
2018-06-15,4086.0,4158.0,4085.0,4140.0,5200.0
2018-06-18,4136.0,4190.0,4122.0,4135.0,8039.999999999999
2018-06-19,4138.0,4157.0,4094.0,4106.0,2740.0
2018-06-20,4125.0,4147.0,4109.0,4144.0,3750.0
2018-06-21,4225.0,4256.0,4225.0,4246.0,100.0
2018-06-22,4247.0,4247.0,4247.0,4247.0,10.0
2018-06-25,4200.0,4200.0,4195.0,4198.0,20.0
2018-06-26,4237.0,4237.0,4232.0,4235.0,240.0
2018-06-27,4244.0,4281.0,4234.0,4254.0,120.0
2018-06-28,4285.0,4300.0,4272.0,4284.0,60.0
2018-06-29,4278.0,4301.0,4243.0,4272.0,60.0
2018-07-02,4279.0,4312.0,4279.0,4301.0,70.0
2018-07-03,4279.0,4279.0,4279.0,4279.0,30.0
2018-07-04,4345.0,4394.0,4345.0,4381.0,100.0
2018-07-05,4401.0,4408.0,4401.0,4405.0,20.0
2018-07-06,4452.0,4486.0,4447.0,4463.0,220.0
2018-07-09,4483.0,4596.0,4483.0,4580.0,930.0
2018-07-10,4585.0,4623.0,4545.0,4584.0,1070.0
2018-07-11,4535.0,4596.0,4522.0,4573.0,1510.0
2018-07-12,4596.0,4692.0,4587.0,4616.0,4160.0
2018-07-13,4572.0,4601.0,4491.0,4539.0,5320.0
2018-07-16,4543.0,4627.0,4541.0,4553.0,3830.0
2018-07-17,4538.0,4543.0,4479.0,4499.0,3150.0
2018-07-18,4520.0,4616.0,4516.0,4596.0,5250.0
2018-07-19,4610.0,4620.0,4556.0,4576.0,7160.0
2018-07-20,4550.0,4610.0,4550.0,4581.0,5510.0
2018-07-23,4625.0,4625.0,4625.0,4625.0,
2018-07-24,4612.0,4612.0,4612.0,4612.0,10.0
2018-07-25,4571.0,4571.0,4485.0,4533.0,40.0
2018-07-26,4590.0,4590.0,4590.0,4590.0,40.0
2018-07-27,4618.0,4700.0,4618.0,4674.0,160.0
2018-07-30,4719.0,4719.0,4700.0,4709.0,190.0
2018-07-31,4720.0,4750.0,4720.0,4733.0,540.0
2018-08-01,4735.0,4735.0,4699.0,4721.0,280.0
2018-08-02,4771.0,4823.0,4771.0,4796.0,420.0
2018-08-03,4792.0,4799.0,4769.0,4790.0,1150.0
2018-08-06,4750.0,4763.0,4674.0,4680.0,2770.0
2018-08-07,4702.0,4740.0,4699.0,4722.0,1050.0
2018-08-08,4778.0,4806.0,4770.0,4783.0,680.0
2018-08-09,4800.0,4808.0,4723.0,4756.0,2080.0
2018-08-10,4751.0,4779.0,4730.0,4760.0,4120.0
2018-08-13,4747.0,4747.0,4629.0,4637.0,6490.0
2018-08-14,4672.0,4711.0,4618.0,4695.0,8800.0
2018-08-16,4678.0,4775.0,4668.0,4743.0,8230.0
2018-08-17,4711.0,4750.0,4603.0,4711.0,7350.0
2018-08-20,4699.0,4789.0,4682.0,4772.0,10530.0
2018-08-21,4811.0,4850.0,4811.0,4836.0,1420.0
2018-08-23,4866.0,4894.0,4865.0,4879.0,340.0
2018-08-24,4864.0,4872.0,4774.0,4825.0,620.0
2018-08-27,4791.0,4793.0,4681.0,4700.0,1160.0
2018-08-28,4741.0,4775.0,4670.0,4701.0,3550.0
2018-08-29,4725.0,4755.0,4712.0,4737.0,1440.0
2018-08-30,4712.0,4765.0,4712.0,4737.0,8620.0
2018-08-31,4770.0,4808.0,4770.0,4783.0,1320.0
2018-09-03,4839.0,4905.0,4832.0,4895.0,4790.0
2018-09-04,4904.0,4905.0,4850.0,4877.0,4970.0
2018-09-05,4870.0,4873.0,4810.0,4826.0,1160.0
2018-09-06,4824.0,4838.0,4813.0,4819.0,2540.0
2018-09-07,4796.0,4818.0,4779.0,4799.0,3810.0
2018-09-10,4820.0,4830.0,4788.0,4799.0,5760.0
2018-09-11,4788.0,4803.0,4759.0,4785.0,3630.0
2018-09-12,4785.0,4798.0,4755.0,4760.0,3250.0
2018-09-14,4777.0,4777.0,4727.0,4751.0,2900.0
2018-09-17,4742.0,4742.0,4710.0,4723.0,6750.0
2018-09-18,4720.0,4837.0,4713.0,4827.0,11420.0
2018-09-19,4830.0,4860.0,4805.0,4813.0,7020.0
2018-09-21,4875.0,4875.0,4875.0,4875.0,110.0
2018-09-24,4868.0,4868.0,4862.0,4865.0,20.0
2018-09-25,4841.0,4850.0,4824.0,4839.0,30.0
2018-09-26,4824.0,4824.0,4824.0,4824.0,10.0
2018-09-27,4800.0,4803.0,4800.0,4802.0,50.0
2018-09-28,4819.0,4827.0,4793.0,4810.0,410.0
2018-10-01,4816.0,4816.0,4816.0,4816.0,
2018-10-03,4790.0,4790.0,4782.0,4788.0,20.0
2018-10-04,4808.0,4822.0,4734.0,4742.0,1010.0
2018-10-05,4740.0,4778.0,4708.0,4758.0,8580.0
2018-10-08,4798.0,4820.0,4794.0,4816.0,5250.0
2018-10-09,4808.0,4824.0,4802.0,4818.0,1810.0
2018-10-10,4830.0,4914.0,4826.0,4898.0,13510.0
2018-10-11,4900.0,4986.0,4896.0,4980.0,4230.0
2018-10-12,4984.0,4998.0,4944.0,4960.0,2210.0
2018-10-15,4984.0,5130.0,4984.0,5104.0,10300.0
2018-10-16,5120.0,5136.0,5062.0,5094.0,10370.0
2018-10-17,5110.0,5230.0,5110.0,5142.0,360.0
2018-10-19,5252.0,5296.0,5226.0,5268.0,230.0
2018-10-22,5378.0,5466.0,5360.0,5400.0,760.0
2018-10-23,5392.0,5468.0,5386.0,5424.0,710.0
2018-10-24,5510.0,5550.0,5454.0,5490.0,540.0
2018-10-25,5448.0,5582.0,5448.0,5566.0,510.0
2018-10-26,5590.0,5680.0,5550.0,5560.0,1800.0
2018-10-29,5650.0,5782.0,5650.0,5696.0,1370.0
2018-10-30,5818.0,5876.0,5812.0,5866.0,2770.0
2018-10-31,5886.0,5900.0,5814.0,5854.0,3610.0
2018-11-01,5840.0,5880.0,5770.0,5848.0,2610.0
2018-11-02,5852.0,5852.0,5774.0,5806.0,3220.0
2018-11-05,5850.0,6038.0,5850.0,6038.0,3440.0
2018-11-06,6076.0,6130.0,6000.0,6062.0,10520.0
2018-11-07,6052.0,6072.0,6022.0,6034.0,1330.0
2018-11-09,6012.0,6112.0,5954.0,6052.0,6610.0
2018-11-12,6100.0,6250.0,6058.0,6234.0,12250.0
2018-11-13,6230.0,6442.0,6230.0,6348.0,14200.0
2018-11-14,6350.0,6438.0,6282.0,6398.0,9320.0
2018-11-15,6436.0,6530.0,6260.0,6304.0,11910.0
2018-11-16,6294.0,6322.0,6052.0,6052.0,23680.0
2018-11-19,5972.0,5996.0,5810.0,5810.0,27120.0
2018-11-20,5700.0,5796.0,5578.0,5772.0,38290.0
2018-11-21,5932.0,5952.0,5714.0,5772.0,5470.0
2018-11-22,5862.0,5870.0,5712.0,5796.0,3200.0
2018-11-26,5850.0,5870.0,5652.0,5708.0,1100.0
2018-11-27,5668.0,5758.0,5594.0,5702.0,3600.0
2018-11-28,5720.0,5740.0,5642.0,5672.0,890.0
2018-11-29,5626.0,5650.0,5446.0,5464.0,12000.0
2018-11-30,5466.0,5552.0,5460.0,5502.0,2580.0
2018-12-03,5594.0,5714.0,5572.0,5708.0,3130.0
2018-12-04,5718.0,5874.0,5718.0,5822.0,3840.0
2018-12-05,5792.0,5792.0,5652.0,5678.0,3640.0
2018-12-06,5676.0,5688.0,5560.0,5592.0,8650.0
2018-12-07,5634.0,5660.0,5562.0,5630.0,2550.0
2018-12-10,5670.0,5716.0,5614.0,5662.0,1310.0
2018-12-11,5700.0,5700.0,5580.0,5622.0,4360.0
2018-12-12,5630.0,5630.0,5528.0,5566.0,5890.0
2018-12-13,5530.0,5566.0,5500.0,5522.0,3630.0
2018-12-14,5510.0,5572.0,5482.0,5542.0,5370.0
2018-12-17,5554.0,5562.0,5322.0,5322.0,8650.0
2018-12-18,5328.0,5348.0,5204.0,5258.0,10000.0
2018-12-19,5228.0,5372.0,5218.0,5352.0,8200.0
2018-12-20,5350.0,5378.0,5240.0,5248.0,9430.0
2018-12-21,5284.0,5320.0,5250.0,5312.0,1460.0
2018-12-24,5246.0,5246.0,5100.0,5100.0,700.0
2018-12-26,5066.0,5252.0,5066.0,5222.0,410.0
2018-12-27,5262.0,5270.0,5182.0,5242.0,350.0
2018-12-28,5222.0,5302.0,5200.0,5278.0,260.0
2018-12-31,5342.0,5416.0,5318.0,5358.0,310.0
2019-01-01,5406.0,5438.0,5366.0,5396.0,660.0
2019-01-02,5370.0,5460.0,5304.0,5316.0,1030.0
2019-01-03,5316.0,5378.0,5286.0,5314.0,420.0
2019-01-04,5366.0,5438.0,5366.0,5430.0,3460.0
2019-01-07,5460.0,5538.0,5456.0,5520.0,2770.0
2019-01-08,5480.0,5480.0,5382.0,5394.0,3760.0
2019-01-09,5392.0,5416.0,5342.0,5394.0,1080.0
2019-01-10,5422.0,5438.0,5298.0,5324.0,2070.0
2019-01-11,5322.0,5364.0,5312.0,5324.0,840.0
2019-01-14,5358.0,5424.0,5332.0,5368.0,1340.0
2019-01-15,5384.0,5422.0,5322.0,5332.0,2640.0
2019-01-16,5344.0,5354.0,5272.0,5284.0,2720.0
2019-01-17,5290.0,5338.0,5290.0,5332.0,5770.0
2019-01-18,5344.0,5360.0,5310.0,5354.0,10400.0
2019-01-21,5434.0,5434.0,5324.0,5370.0,190.0
2019-01-22,5356.0,5386.0,5346.0,5356.0,380.0
2019-01-23,5370.0,5416.0,5370.0,5402.0,510.0
2019-01-24,5386.0,5386.0,5328.0,5342.0,1380.0
2019-01-25,5330.0,5364.0,5294.0,5306.0,2060.0
2019-01-28,5220.0,5260.0,5220.0,5236.0,1590.0
2019-01-29,5218.0,5240.0,5200.0,5208.0,3220.0
2019-01-30,5250.0,5268.0,5250.0,5264.0,2750.0
2019-01-31,5276.0,5292.0,5246.0,5274.0,1880.0
2019-02-01,5288.0,5302.0,5260.0,5270.0,1790.0
2019-02-04,5280.0,5282.0,5228.0,5234.0,960.0
2019-02-05,5238.0,5244.0,5214.0,5220.0,2410.0
2019-02-06,5204.0,5204.0,5114.0,5146.0,4780.0
2019-02-07,5166.0,5206.0,5114.0,5200.0,3720.0
2019-02-08,5236.0,5268.0,5200.0,5252.0,4460.0
2019-02-11,5252.0,5276.0,5218.0,5234.0,840.0
2019-02-12,5228.0,5246.0,5216.0,5226.0,1900.0
2019-02-13,5238.0,5336.0,5238.0,5308.0,4019.9999999999995
2019-02-14,5322.0,5454.0,5316.0,5446.0,6520.0
2019-02-15,5442.0,5480.0,5346.0,5368.0,5880.0
2019-02-18,5346.0,5346.0,5284.0,5312.0,5420.0
2019-02-19,5324.0,5360.0,5324.0,5336.0,8119.999999999999
2019-02-20,5330.0,5376.0,5322.0,5368.0,5020.0
2019-02-21,5458.0,5520.0,5458.0,5476.0,3360.0
2019-02-22,5446.0,5456.0,5394.0,5404.0,1550.0
2019-02-25,5404.0,5454.0,5398.0,5418.0,3880.0
2019-02-26,5390.0,5440.0,5378.0,5440.0,5960.0
2019-02-27,5448.0,5448.0,5402.0,5430.0,4240.0
2019-02-28,5418.0,5446.0,5372.0,5394.0,5950.0
2019-03-01,5422.0,5436.0,5394.0,5402.0,2840.0
2019-03-05,5400.0,5400.0,5336.0,5342.0,2320.0
2019-03-06,5344.0,5344.0,5290.0,5300.0,5010.0
2019-03-07,5300.0,5340.0,5300.0,5338.0,950.0
2019-03-08,5338.0,5454.0,5330.0,5416.0,9680.0
2019-03-11,5456.0,5462.0,5402.0,5416.0,6750.0
2019-03-12,5400.0,5416.0,5366.0,5414.0,2980.0
2019-03-13,5416.0,5450.0,5404.0,5446.0,1470.0
2019-03-14,5450.0,5514.0,5450.0,5460.0,5670.0
2019-03-15,5438.0,5454.0,5392.0,5400.0,5310.0
2019-03-18,5398.0,5414.0,5340.0,5346.0,3490.0
2019-03-19,5352.0,5384.0,5320.0,5378.0,5010.0
2019-03-20,5470.0,5470.0,5470.0,5470.0,80.0
2019-03-22,5470.0,5470.0,5442.0,5456.0,30.0
2019-03-25,5418.0,5432.0,5400.0,5412.0,110.0
2019-03-26,5418.0,5420.0,5418.0,5420.0,80.0
2019-03-27,5456.0,5458.0,5434.0,5448.0,12220.0
2019-03-28,5444.0,5470.0,5444.0,5456.0,1250.0
2019-03-29,5430.0,5438.0,5424.0,5430.0,2570.0
2019-04-01,5436.0,5452.0,5416.0,5438.0,270.0
2019-04-02,5406.0,5654.0,5404.0,5654.0,2890.0
2019-04-03,5694.0,5798.0,5664.0,5740.0,7360.0
2019-04-04,5716.0,5812.0,5680.0,5770.0,4490.0
2019-04-05,5758.0,5864.0,5758.0,5826.0,1280.0
2019-04-08,5826.0,5930.0,5822.0,5912.0,2750.0
2019-04-09,5924.0,5944.0,5860.0,5890.0,6070.0
2019-04-10,5900.0,6124.0,5898.0,6124.0,6880.0
2019-04-11,6156.0,6240.0,6100.0,6204.0,7730.0
2019-04-12,6210.0,6318.0,6204.0,6264.0,5750.0
2019-04-15,6144.0,6214.0,6122.0,6142.0,23150.0
2019-04-16,6120.0,6120.0,5898.0,5994.0,55630.0
2019-04-18,6050.0,6050.0,5896.0,5928.0,1410.0
2019-04-22,5856.0,5856.0,5774.0,5842.0,230.0
2019-04-23,5866.0,5866.0,5844.0,5858.0,150.0
2019-04-24,5864.0,6032.0,5864.0,6018.0,150.0
2019-04-25,6066.0,6144.0,5980.0,6016.0,2070.0
2019-04-26,5980.0,5992.0,5878.0,5882.0,1360.0
2019-04-30,5962.0,5974.0,5750.0,5760.0,2020.0
2019-05-02,5758.0,5908.0,5756.0,5896.0,5180.0
2019-05-03,5898.0,5906.0,5788.0,5812.0,2680.0
2019-05-06,5848.0,5898.0,5822.0,5884.0,3760.0
2019-05-07,5862.0,6000.0,5852.0,5890.0,6510.0
2019-05-08,5878.0,5898.0,5814.0,5838.0,2750.0
2019-05-09,5858.0,5922.0,5838.0,5914.0,5300.0
2019-05-10,5922.0,5966.0,5880.0,5906.0,3100.0
2019-05-13,5900.0,6060.0,5900.0,6008.0,19630.0
2019-05-14,6032.0,6034.0,5940.0,5958.0,6960.0
2019-05-15,5954.0,5972.0,5910.0,5942.0,11370.0
2019-05-16,5924.0,6028.0,5924.0,5986.0,14830.0
2019-05-17,5986.0,6030.0,5932.0,5946.0,14590.0
2019-05-20,5960.0,5966.0,5846.0,5862.0,16990.0
2019-05-21,5920.0,5920.0,5898.0,5904.0,60.0
2019-05-22,5958.0,5958.0,5958.0,5958.0,20.0
2019-05-23,6000.0,6010.0,5974.0,6000.0,90.0
2019-05-24,6024.0,6034.0,6024.0,6030.0,40.0
2019-05-27,5978.0,5988.0,5894.0,5918.0,1150.0
2019-05-28,5930.0,5948.0,5742.0,5752.0,2050.0
2019-05-29,5776.0,5780.0,5740.0,5770.0,480.0
2019-05-30,5824.0,5912.0,5824.0,5892.0,270.0
2019-05-31,5908.0,5908.0,5866.0,5888.0,140.0
2019-06-03,5882.0,5884.0,5736.0,5746.0,780.0
2019-06-04,5750.0,5750.0,5560.0,5664.0,5020.0
2019-06-06,5676.0,5700.0,5496.0,5566.0,3450.0
2019-06-07,5590.0,5732.0,5556.0,5588.0,4690.0
2019-06-10,5544.0,5620.0,5454.0,5468.0,4880.0
2019-06-11,5462.0,5470.0,5304.0,5454.0,5400.0
2019-06-12,5428.0,5564.0,5428.0,5538.0,4210.0
2019-06-13,5582.0,5604.0,5502.0,5566.0,14190.0
2019-06-14,5594.0,5626.0,5530.0,5606.0,8410.0
2019-06-17,5610.0,5620.0,5384.0,5406.0,8730.0
2019-06-18,5406.0,5522.0,5378.0,5496.0,19970.0
2019-06-19,5472.0,5490.0,5420.0,5438.0,11540.0
2019-06-20,5438.0,5508.0,5436.0,5496.0,13510.0
2019-06-21,5580.0,5580.0,5474.0,5544.0,390.0
2019-06-24,5556.0,5560.0,5518.0,5544.0,540.0
2019-06-25,5560.0,5680.0,5560.0,5670.0,960.0
2019-06-26,5684.0,5684.0,5634.0,5660.0,820.0
2019-06-27,5638.0,5638.0,5576.0,5598.0,890.0
2019-06-28,5614.0,5622.0,5598.0,5608.0,1820.0
2019-07-01,5666.0,5776.0,5666.0,5770.0,1060.0
2019-07-02,5758.0,5758.0,5688.0,5690.0,1930.0
2019-07-03,5706.0,5748.0,5678.0,5732.0,2440.0
2019-07-04,5724.0,5760.0,5720.0,5746.0,1270.0
2019-07-05,5754.0,5780.0,5718.0,5736.0,2600.0
2019-07-08,5734.0,5752.0,5642.0,5710.0,3000.0
2019-07-09,5752.0,5760.0,5724.0,5748.0,6090.0
2019-07-10,5734.0,5742.0,5702.0,5720.0,4250.0
2019-07-11,5714.0,5750.0,5708.0,5724.0,8270.0
2019-07-12,5716.0,5748.0,5710.0,5730.0,5650.0
2019-07-15,5746.0,5778.0,5710.0,5718.0,8820.0
2019-07-16,5718.0,5718.0,5640.0,5658.0,6840.0
2019-07-17,5660.0,5692.0,5618.0,5670.0,11740.0
2019-07-18,5660.0,5694.0,5650.0,5674.0,8560.0
2019-07-19,5670.0,5680.0,5610.0,5644.0,6760.0
2019-07-22,5686.0,5686.0,5624.0,5658.0,870.0
2019-07-23,5668.0,5668.0,5640.0,5650.0,610.0
2019-07-24,5654.0,5658.0,5630.0,5640.0,1240.0
2019-07-25,5690.0,5694.0,5656.0,5676.0,340.0
2019-07-26,5674.0,5674.0,5674.0,5674.0,60.0
2019-07-29,5662.0,5688.0,5662.0,5686.0,920.0
2019-07-30,5670.0,5678.0,5646.0,5666.0,3150.0
2019-07-31,5682.0,5834.0,5682.0,5800.0,2680.0
2019-08-01,5788.0,5790.0,5726.0,5736.0,1220.0
2019-08-02,5710.0,5744.0,5710.0,5728.0,310.0
2019-08-05,5714.0,5718.0,5690.0,5696.0,5320.0
2019-08-06,5692.0,5704.0,5668.0,5698.0,3800.0
2019-08-07,5700.0,5710.0,5690.0,5700.0,3120.0
2019-08-08,5724.0,5764.0,5710.0,5746.0,1800.0
2019-08-09,5740.0,5816.0,5736.0,5756.0,5640.0
2019-08-13,5704.0,5728.0,5684.0,5712.0,3280.0
2019-08-14,5706.0,5746.0,5698.0,5714.0,3990.0
2019-08-16,5746.0,5790.0,5716.0,5740.0,6890.0
2019-08-19,5746.0,5746.0,5704.0,5716.0,3540.0
2019-08-20,5706.0,5730.0,5690.0,5704.0,8650.0
2019-08-21,5796.0,5810.0,5762.0,5788.0,2610.0
2019-08-22,5794.0,5812.0,5780.0,5790.0,1140.0
2019-08-23,5790.0,5912.0,5698.0,5856.0,3450.0
2019-08-26,5906.0,6030.0,5896.0,5936.0,2500.0
2019-08-27,5922.0,5950.0,5892.0,5896.0,3980.0
2019-08-28,5890.0,5930.0,5872.0,5888.0,5480.0
2019-08-29,5900.0,5912.0,5884.0,5890.0,3970.0
2019-08-30,5884.0,5954.0,5880.0,5906.0,2310.0
2019-09-03,5906.0,5920.0,5892.0,5906.0,950.0
2019-09-04,5894.0,5906.0,5886.0,5896.0,1970.0
2019-09-05,5910.0,5940.0,5898.0,5908.0,5670.0
2019-09-06,5910.0,5910.0,5892.0,5900.0,1790.0
2019-09-09,5888.0,5892.0,5876.0,5884.0,2420.0
2019-09-11,5894.0,5920.0,5880.0,5888.0,4950.0
2019-09-12,5896.0,5924.0,5880.0,5888.0,2900.0
2019-09-13,5890.0,5918.0,5876.0,5882.0,7410.0
2019-09-16,5890.0,5904.0,5878.0,5882.0,6990.0
2019-09-17,5880.0,5890.0,5876.0,5882.0,16460.0
2019-09-18,5880.0,5982.0,5878.0,5942.0,14110.0
2019-09-19,5956.0,6056.0,5944.0,6050.0,10700.0
2019-09-20,6052.0,6080.0,5944.0,5960.0,14560.0
2019-09-23,5962.0,5962.0,5910.0,5926.0,1100.0
2019-09-24,5940.0,5944.0,5914.0,5934.0,4140.0
2019-09-25,5832.0,5832.0,5698.0,5698.0,350.0
2019-09-26,5528.0,5528.0,5472.0,5472.0,2650.0
2019-09-27,5308.0,5308.0,5254.0,5254.0,2580.0
2019-09-30,5102.0,5102.0,5044.0,5044.0,5550.0
2019-10-01,4894.0,4894.0,4742.0,4742.0,7010.0
2019-10-03,4600.0,4600.0,4554.0,4554.0,1350.0
2019-10-04,4418.0,4470.0,4372.0,4454.0,30230.0
2019-10-07,4586.0,4632.0,4586.0,4632.0,2400.0
2019-10-09,4500.0,4574.0,4448.0,4498.0,6650.0
2019-10-10,4486.0,4500.0,4320.0,4436.0,5520.0
2019-10-11,4460.0,4484.0,4440.0,4468.0,1220.0
2019-10-14,4476.0,4476.0,4334.0,4440.0,1070.0
2019-10-15,4416.0,4496.0,4416.0,4484.0,2120.0
2019-10-16,4486.0,4504.0,4462.0,4492.0,3450.0
2019-10-17,4482.0,4516.0,4482.0,4504.0,2230.0
2019-10-18,4508.0,4588.0,4508.0,4568.0,4570.0
2019-10-22,4580.0,4582.0,4566.0,4578.0,80.0
2019-10-23,4562.0,4590.0,4562.0,4580.0,2120.0
2019-10-24,4574.0,4580.0,4538.0,4564.0,390.0
2019-10-25,4580.0,4612.0,4566.0,4590.0,180.0
2019-10-27,4580.0,4580.0,4566.0,4574.0,140.0
2019-10-29,4606.0,4606.0,4606.0,4606.0,10.0
2019-10-30,4658.0,4658.0,4658.0,4658.0,
2019-10-31,4616.0,4616.0,4602.0,4606.0,70.0
2019-11-01,4596.0,4596.0,4562.0,4576.0,340.0
2019-11-04,4594.0,4640.0,4594.0,4618.0,950.0
2019-11-05,4612.0,4612.0,4490.0,4536.0,1670.0
2019-11-06,4510.0,4510.0,4356.0,4356.0,2150.0
2019-11-07,4314.0,4460.0,4202.0,4438.0,2110.0
2019-11-08,4438.0,4500.0,4410.0,4496.0,2330.0
2019-11-11,4464.0,4528.0,4414.0,4512.0,2590.0
2019-11-13,4508.0,4560.0,4508.0,4532.0,1110.0
2019-11-14,4526.0,4528.0,4434.0,4450.0,1550.0
2019-11-15,4520.0,4528.0,4484.0,4502.0,1970.0
2019-11-18,4462.0,4462.0,4368.0,4396.0,2430.0
2019-11-19,4388.0,4444.0,4372.0,4440.0,1980.0
2019-11-20,4430.0,4466.0,4408.0,4418.0,1480.0
2019-11-21,4270.0,4270.0,4222.0,4240.0,40.0
2019-11-22,4152.0,4214.0,4124.0,4172.0,90.0
2019-11-25,4214.0,4214.0,4214.0,4214.0,20.0
2019-11-26,4200.0,4210.0,4160.0,4186.0,240.0
2019-11-27,4170.0,4200.0,4162.0,4184.0,230.0
2019-11-28,4160.0,4164.0,4160.0,4164.0,30.0
2019-11-29,4152.0,4156.0,4040.0,4090.0,420.0
2019-12-02,4010.0,4070.0,3980.0,3998.0,200.0
2019-12-03,4032.0,4032.0,4020.0,4030.0,40.0
2019-12-04,4014.0,4050.0,4014.0,4026.0,80.0
2019-12-05,4110.0,4152.0,4090.0,4130.0,110.0
2019-12-06,4184.0,4240.0,4178.0,4208.0,210.0
2019-12-09,4242.0,4274.0,4202.0,4242.0,350.0
2019-12-10,4250.0,4256.0,4144.0,4226.0,320.0
2019-12-11,4156.0,4200.0,4156.0,4188.0,180.0
2019-12-12,4230.0,4310.0,4210.0,4262.0,440.0
2019-12-13,4316.0,4318.0,4214.0,4262.0,440.0
2019-12-16,4256.0,4298.0,4256.0,4282.0,290.0
2019-12-17,4280.0,4300.0,4278.0,4296.0,330.0
2019-12-18,4348.0,4370.0,4320.0,4348.0,590.0
2019-12-19,4360.0,4412.0,4352.0,4402.0,780.0
2019-12-20,4410.0,4418.0,4352.0,4360.0,2520.0
2019-12-23,4348.0,4382.0,4348.0,4366.0,180.0
2019-12-24,4364.0,4364.0,4206.0,4270.0,1450.0
2019-12-26,4234.0,4236.0,4184.0,4202.0,840.0
2019-12-27,4218.0,4256.0,4216.0,4236.0,240.0
2019-12-30,4240.0,4280.0,4240.0,4262.0,210.0
2019-12-31,4202.0,4222.0,4170.0,4190.0,660.0
2020-01-01,4160.0,4200.0,4150.0,4178.0,310.0
2020-01-02,4194.0,4238.0,4170.0,4218.0,320.0
2020-01-03,4190.0,4214.0,4190.0,4206.0,100.0
2020-01-06,4182.0,4258.0,4180.0,4226.0,350.0
2020-01-07,4252.0,4252.0,4190.0,4220.0,460.0
2020-01-08,4174.0,4204.0,4174.0,4200.0,560.0
2020-01-09,4242.0,4248.0,4220.0,4240.0,170.0
2020-01-10,4220.0,4228.0,4194.0,4204.0,560.0
2020-01-13,4190.0,4198.0,4150.0,4178.0,1130.0
2020-01-14,4160.0,4176.0,4148.0,4152.0,880.0
2020-01-15,4158.0,4208.0,4156.0,4170.0,1090.0
2020-01-16,4170.0,4170.0,4128.0,4152.0,250.0
2020-01-17,4160.0,4274.0,4152.0,4206.0,810.0
2020-01-20,4194.0,4258.0,4120.0,4130.0,2340.0
2020-01-21,4160.0,4184.0,4136.0,4156.0,330.0
2020-01-22,4152.0,4152.0,4128.0,4146.0,1230.0
2020-01-23,4114.0,4114.0,4080.0,4094.0,720.0
2020-01-24,4092.0,4100.0,4064.0,4082.0,490.0
2020-01-27,4074.0,4086.0,4000.0,4014.0,440.0
2020-01-28,3996.0,4050.0,3996.0,4038.0,850.0
2020-01-29,4030.0,4030.0,4018.0,4022.0,180.0
2020-01-30,4038.0,4038.0,3958.0,4006.0,200.0
2020-01-31,3968.0,3988.0,3938.0,3980.0,480.0
2020-02-01,4000.0,4000.0,3952.0,3988.0,90.0
2020-02-03,3960.0,3960.0,3918.0,3950.0,300.0
2020-02-04,3922.0,3922.0,3880.0,3900.0,990.0
2020-02-05,3890.0,3960.0,3870.0,3960.0,680.0
2020-02-06,3930.0,3978.0,3898.0,3906.0,660.0
2020-02-07,3910.0,3920.0,3894.0,3902.0,730.0
2020-02-10,3902.0,3920.0,3860.0,3906.0,1200.0
2020-02-11,3862.0,3906.0,3862.0,3896.0,340.0
2020-02-12,3876.0,3928.0,3870.0,3920.0,660.0
2020-02-13,3906.0,3936.0,3904.0,3922.0,740.0
2020-02-14,3912.0,3994.0,3912.0,3984.0,1690.0
2020-02-17,4008.0,4018.0,3944.0,3948.0,2160.0
2020-02-18,3942.0,3990.0,3914.0,3988.0,1130.0
2020-02-19,3966.0,3970.0,3938.0,3946.0,870.0
2020-02-20,3940.0,3950.0,3914.0,3922.0,850.0
2020-02-24,3870.0,3872.0,3810.0,3812.0,470.0
2020-02-25,3830.0,3850.0,3820.0,3838.0,1170.0
2020-02-26,3786.0,3790.0,3692.0,3724.0,1040.0
2020-02-27,3784.0,3784.0,3770.0,3776.0,380.0
2020-02-28,3734.0,3772.0,3700.0,3730.0,980.0
2020-03-02,3794.0,3812.0,3734.0,3748.0,890.0
2020-03-03,3758.0,3790.0,3758.0,3780.0,880.0
2020-03-04,3766.0,3826.0,3766.0,3808.0,2060.0
2020-03-05,3786.0,3860.0,3786.0,3814.0,1500.0
2020-03-06,3826.0,3898.0,3826.0,3888.0,860.0
2020-03-09,3844.0,3844.0,3754.0,3788.0,1380.0
2020-03-11,3780.0,3844.0,3780.0,3804.0,1140.0
2020-03-12,3788.0,3800.0,3730.0,3772.0,1470.0
2020-03-13,3720.0,3780.0,3690.0,3776.0,1650.0
2020-03-16,3742.0,3750.0,3664.0,3676.0,1760.0
2020-03-17,3698.0,3722.0,3610.0,3622.0,2170.0
2020-03-18,3656.0,3700.0,3636.0,3690.0,2810.0
2020-03-19,3646.0,3700.0,3638.0,3700.0,1190.0
2020-03-20,3700.0,3756.0,3700.0,3736.0,1210.0
2020-03-23,3804.0,3804.0,3804.0,3804.0,
2020-03-24,3848.0,3848.0,3848.0,3848.0,
2020-03-25,3928.0,3928.0,3928.0,3928.0,
2020-03-26,3928.0,3928.0,3928.0,3928.0,
2020-03-27,3926.0,3926.0,3926.0,3926.0,
2020-03-30,3922.0,3922.0,3922.0,3922.0,
2020-03-31,3920.0,3920.0,3920.0,3920.0,
2020-04-01,3918.0,3918.0,3918.0,3918.0,
2020-04-03,3916.0,3916.0,3916.0,3916.0,
2020-04-07,3934.0,3934.0,3934.0,3934.0,
2020-04-08,4000.0,4000.0,3990.0,3996.0,10.0
2020-04-09,3996.0,3996.0,3996.0,3996.0,
2020-04-13,4030.0,4030.0,4028.0,4030.0,240.0
2020-04-15,4030.0,4068.0,4030.0,4054.0,620.0
2020-04-16,4106.0,4182.0,4090.0,4174.0,1590.0
2020-04-17,4154.0,4154.0,4008.0,4010.0,1830.0
2020-04-20,3950.0,3950.0,3850.0,3850.0,2360.0
2020-04-21,3764.0,3800.0,3714.0,3728.0,3950.0
2020-04-22,3756.0,3800.0,3742.0,3784.0,1750.0
2020-04-23,3790.0,3860.0,3784.0,3822.0,1390.0
2020-04-24,3826.0,3826.0,3740.0,3758.0,2029.9999999999998
2020-04-27,3750.0,3794.0,3746.0,3788.0,1210.0
2020-04-28,3788.0,3800.0,3762.0,3782.0,1840.0
2020-04-29,3798.0,3812.0,3758.0,3768.0,690.0
2020-04-30,3758.0,3762.0,3684.0,3730.0,3790.0
2020-05-04,3656.0,3656.0,3656.0,3656.0,
2020-05-05,3738.0,3738.0,3738.0,3738.0,
2020-05-06,3694.0,3694.0,3694.0,3694.0,
2020-05-07,3738.0,3738.0,3738.0,3738.0,
2020-05-08,3696.0,3696.0,3696.0,3696.0,
2020-05-11,3684.0,3684.0,3684.0,3684.0,
2020-05-12,3658.0,3658.0,3658.0,3658.0,
2020-05-13,3660.0,3660.0,3660.0,3660.0,
2020-05-14,3698.0,3706.0,3668.0,3690.0,70.0
2020-05-15,3666.0,3666.0,3610.0,3634.0,650.0
2020-05-18,3650.0,3676.0,3620.0,3632.0,660.0
2020-05-19,3630.0,3630.0,3598.0,3606.0,900.0
2020-05-20,3610.0,3612.0,3574.0,3582.0,1840.0
2020-05-21,3580.0,3580.0,3580.0,3580.0,
2020-05-22,3566.0,3566.0,3566.0,3566.0,
2020-05-26,3588.0,3588.0,3588.0,3588.0,
2020-05-27,3610.0,3610.0,3610.0,3610.0,
2020-05-28,3642.0,3642.0,3642.0,3642.0,
2020-05-29,3620.0,3620.0,3620.0,3620.0,
2020-06-01,3636.0,3636.0,3636.0,3636.0,
2020-06-02,3642.0,3642.0,3642.0,3642.0,
2020-06-03,3730.0,3730.0,3730.0,3730.0,
2020-06-04,3708.0,3708.0,3708.0,3708.0,
2020-06-05,3742.0,3742.0,3742.0,3742.0,
2020-06-08,3798.0,3798.0,3798.0,3798.0,
2020-06-09,3786.0,3786.0,3786.0,3786.0,10.0
2020-06-10,3804.0,3804.0,3804.0,3804.0,
2020-06-11,3882.0,3882.0,3882.0,3882.0,
2020-06-12,3834.0,3834.0,3834.0,3834.0,
2020-06-15,3834.0,3834.0,3832.0,3834.0,10.0
2020-06-16,3820.0,3826.0,3800.0,3808.0,230.0
2020-06-17,3794.0,3834.0,3790.0,3814.0,450.0
2020-06-18,3846.0,3892.0,3846.0,3886.0,300.0
2020-06-19,3898.0,3924.0,3866.0,3902.0,1180.0
2020-06-22,3948.0,3948.0,3948.0,3948.0,
2020-06-23,3978.0,3978.0,3978.0,3978.0,
2020-06-24,3986.0,3986.0,3986.0,3986.0,
2020-06-25,4016.0,4016.0,4016.0,4016.0,
2020-06-26,4012.0,4012.0,4012.0,4012.0,
2020-06-29,3956.0,3956.0,3956.0,3956.0,
2020-06-30,3938.0,3938.0,3938.0,3938.0,
2020-07-01,3978.0,3978.0,3978.0,3978.0,
2020-07-02,3990.0,3990.0,3990.0,3990.0,
2020-07-03,4016.0,4016.0,4016.0,4016.0,
2020-07-06,4020.0,4020.0,4020.0,4020.0,60.0
2020-07-07,4030.0,4050.0,4030.0,4050.0,160.0
2020-07-08,4100.0,4100.0,4026.0,4050.0,350.0
2020-07-09,4022.0,4030.0,4004.0,4022.0,50.0
2020-07-10,4010.0,4030.0,3986.0,4006.0,570.0
2020-07-13,4010.0,4040.0,4010.0,4036.0,690.0
2020-07-14,4002.0,4032.0,3990.0,4008.0,420.0
2020-07-15,4032.0,4038.0,4014.0,4020.0,430.0
2020-07-16,4014.0,4036.0,4008.0,4020.0,530.0
2020-07-17,4044.0,4076.0,4030.0,4058.0,670.0
2020-07-20,4086.0,4086.0,4086.0,4086.0,
2020-07-21,4070.0,4070.0,4070.0,4070.0,
2020-07-22,4064.0,4064.0,4064.0,4064.0,
2020-07-23,4068.0,4068.0,4068.0,4068.0,
2020-07-24,4084.0,4084.0,4084.0,4084.0,
2020-07-27,4078.0,4078.0,4078.0,4078.0,
2020-07-28,4050.0,4050.0,4050.0,4050.0,
2020-07-29,4020.0,4020.0,4020.0,4020.0,
2020-07-30,4068.0,4068.0,4068.0,4068.0,
2020-07-31,4054.0,4054.0,4054.0,4054.0,
2020-08-03,4074.0,4074.0,4074.0,4074.0,
2020-08-04,4046.0,4046.0,4046.0,4046.0,
2020-08-05,4028.0,4028.0,4028.0,4028.0,
2020-08-06,4058.0,4058.0,4058.0,4058.0,
2020-08-07,4064.0,4064.0,4064.0,4064.0,
2020-08-10,4050.0,4050.0,4028.0,4038.0,90.0
2020-08-11,4014.0,4014.0,4014.0,4014.0,
2020-08-12,3978.0,4030.0,3978.0,4020.0,240.0
2020-08-13,4004.0,4016.0,3990.0,4004.0,230.0
2020-08-14,3996.0,3998.0,3970.0,3980.0,190.0
2020-08-17,4004.0,4014.0,4004.0,4012.0,90.0
2020-08-18,4050.0,4052.0,4022.0,4042.0,520.0
2020-08-19,4030.0,4030.0,4010.0,4022.0,450.0
2020-08-20,4006.0,4016.0,4000.0,4010.0,260.0
2020-08-21,4054.0,4054.0,4054.0,4054.0,
2020-08-24,4080.0,4080.0,4080.0,4080.0,
2020-08-25,4202.0,4202.0,4130.0,4166.0,40.0
2020-08-26,4160.0,4160.0,4160.0,4160.0,
2020-08-27,4200.0,4200.0,4200.0,4200.0,10.0
2020-08-28,4106.0,4106.0,4106.0,4106.0,
2020-08-31,4138.0,4138.0,4138.0,4138.0,
2020-09-01,4138.0,4138.0,4138.0,4138.0,10.0
2020-09-02,4126.0,4126.0,4126.0,4126.0,
2020-09-03,4110.0,4110.0,4110.0,4110.0,
2020-09-04,4078.0,4078.0,4078.0,4078.0,
2020-09-07,4072.0,4072.0,4072.0,4072.0,
2020-09-08,4054.0,4054.0,4054.0,4054.0,
2020-09-09,4070.0,4070.0,4070.0,4070.0,
2020-09-10,4100.0,4100.0,4100.0,4100.0,
2020-09-11,4110.0,4110.0,4110.0,4110.0,10.0
2020-09-14,4120.0,4120.0,4120.0,4120.0,
2020-09-15,4128.0,4128.0,4128.0,4128.0,
2020-09-16,4120.0,4160.0,4120.0,4140.0,20.0
2020-09-17,4218.0,4226.0,4154.0,4190.0,1420.0
2020-09-18,4170.0,4230.0,4166.0,4214.0,780.0
2020-09-21,4250.0,4250.0,4250.0,4250.0,
2020-09-22,4240.0,4240.0,4240.0,4240.0,
2020-09-23,4262.0,4262.0,4262.0,4262.0,
2020-09-24,4254.0,4254.0,4254.0,4254.0,
2020-09-25,4286.0,4286.0,4286.0,4286.0,
2020-09-28,4310.0,4310.0,4310.0,4310.0,
2020-09-29,4322.0,4322.0,4322.0,4322.0,
2020-09-30,4320.0,4320.0,4320.0,4320.0,
2020-10-01,4334.0,4334.0,4334.0,4334.0,
2020-10-05,4314.0,4314.0,4314.0,4314.0,
2020-10-06,4268.0,4268.0,4268.0,4268.0,
2020-10-07,4204.0,4204.0,4204.0,4204.0,30.0
2020-10-08,4262.0,4262.0,4262.0,4262.0,30.0
2020-10-09,4262.0,4262.0,4262.0,4262.0,50.0
2020-10-12,4250.0,4250.0,4250.0,4250.0,40.0
2020-10-13,4246.0,4246.0,4246.0,4246.0,410.0
2020-10-14,4238.0,4238.0,4238.0,4238.0,10.0
2020-10-15,4272.0,4272.0,4272.0,4272.0,510.0
2020-10-16,4270.0,4288.0,4270.0,4276.0,1070.0
2020-10-19,4300.0,4300.0,4248.0,4264.0,1270.0
2020-10-20,4258.0,4274.0,4228.0,4256.0,1370.0
2020-10-21,4380.0,4380.0,4380.0,4380.0,
2020-10-22,4390.0,4390.0,4390.0,4390.0,
2020-10-23,4362.0,4362.0,4362.0,4362.0,
2020-10-26,4490.0,4490.0,4490.0,4490.0,
2020-10-27,4530.0,4530.0,4530.0,4530.0,
2020-10-28,4514.0,4514.0,4514.0,4514.0,
2020-10-29,4570.0,4570.0,4570.0,4570.0,
2020-10-30,4640.0,4640.0,4640.0,4640.0,
2020-11-02,4648.0,4648.0,4648.0,4648.0,
2020-11-03,4744.0,4744.0,4744.0,4744.0,
2020-11-04,4828.0,4828.0,4828.0,4828.0,10.0
2020-11-05,4828.0,4828.0,4828.0,4828.0,
2020-11-06,4740.0,4740.0,4740.0,4740.0,30.0
2020-11-09,4690.0,4754.0,4690.0,4740.0,60.0
2020-11-10,4740.0,4740.0,4740.0,4740.0,
2020-11-11,4734.0,4734.0,4734.0,4734.0,
2020-11-12,4740.0,4786.0,4740.0,4750.0,120.0
2020-11-13,4786.0,4786.0,4786.0,4786.0,20.0
2020-11-14,4764.0,4764.0,4764.0,4764.0,
2020-11-17,4726.0,4726.0,4660.0,4702.0,40.0
2020-11-18,4648.0,4700.0,4644.0,4700.0,400.0
2020-11-19,4690.0,4758.0,4690.0,4756.0,770.0
2020-11-20,4782.0,4792.0,4764.0,4782.0,1450.0
2020-11-23,4784.0,4784.0,4784.0,4784.0,
2020-11-24,4706.0,4706.0,4706.0,4706.0,
2020-11-25,4762.0,4762.0,4762.0,4762.0,
2020-11-26,4690.0,4690.0,4690.0,4690.0,
2020-11-27,4704.0,4704.0,4704.0,4704.0,
2020-12-01,4654.0,4654.0,4654.0,4654.0,
2020-12-02,4644.0,4644.0,4644.0,4644.0,
2020-12-03,4702.0,4702.0,4702.0,4702.0,
2020-12-04,4682.0,4682.0,4682.0,4682.0,
2020-12-07,4660.0,4660.0,4660.0,4660.0,
2020-12-08,4646.0,4646.0,4646.0,4646.0,
2020-12-09,4612.0,4612.0,4612.0,4612.0,
2020-12-10,4614.0,4614.0,4614.0,4614.0,
2020-12-11,4550.0,4550.0,4550.0,4550.0,
2020-12-14,4522.0,4522.0,4522.0,4522.0,
2020-12-15,4500.0,4508.0,4456.0,4480.0,130.0
2020-12-16,4536.0,4536.0,4504.0,4514.0,60.0
2020-12-17,4520.0,4520.0,4476.0,4508.0,160.0
2020-12-18,4484.0,4486.0,4380.0,4402.0,740.0
2020-12-21,4450.0,4450.0,4450.0,4450.0,
2020-12-22,4432.0,4432.0,4432.0,4432.0,
2020-12-23,4458.0,4458.0,4458.0,4458.0,
2020-12-24,4494.0,4494.0,4494.0,4494.0,
2020-12-28,4456.0,4456.0,4456.0,4456.0,
2020-12-29,4460.0,4460.0,4460.0,4460.0,
2020-12-30,4510.0,4510.0,4510.0,4510.0,
2020-12-31,4528.0,4528.0,4528.0,4528.0,
2021-01-01,4526.0,4526.0,4526.0,4526.0,
2021-01-04,4478.0,4478.0,4478.0,4478.0,
2021-01-05,4500.0,4500.0,4500.0,4500.0,
2021-01-06,4536.0,4536.0,4536.0,4536.0,
2021-01-07,4526.0,4526.0,4526.0,4526.0,
2021-01-08,4530.0,4530.0,4530.0,4530.0,
2021-01-11,4522.0,4522.0,4522.0,4522.0,
2021-01-12,4518.0,4518.0,4518.0,4518.0,
2021-01-13,4538.0,4538.0,4538.0,4538.0,
2021-01-14,4544.0,4544.0,4544.0,4544.0,
2021-01-15,4470.0,4490.0,4470.0,4478.0,180.0
2021-01-18,4490.0,4490.0,4458.0,4472.0,340.0
2021-01-19,4450.0,4460.0,4410.0,4420.0,470.0
2021-01-20,4414.0,4444.0,4400.0,4420.0,470.0
2021-01-21,4490.0,4490.0,4490.0,4490.0,
2021-01-22,4518.0,4518.0,4518.0,4518.0,
2021-01-25,4444.0,4444.0,4444.0,4444.0,
2021-01-27,4444.0,4444.0,4444.0,4444.0,
2021-01-28,4494.0,4494.0,4494.0,4494.0,
2021-01-29,4468.0,4468.0,4468.0,4468.0,
2021-02-01,4458.0,4458.0,4458.0,4458.0,
2021-02-02,4462.0,4462.0,4462.0,4462.0,
2021-02-03,4472.0,4472.0,4472.0,4472.0,
2021-02-04,4480.0,4480.0,4480.0,4480.0,
2021-02-05,4472.0,4472.0,4472.0,4472.0,
2021-02-08,4438.0,4438.0,4438.0,4438.0,
2021-02-09,4438.0,4438.0,4438.0,4438.0,
2021-02-10,4430.0,4430.0,4430.0,4430.0,
2021-02-11,4438.0,4438.0,4438.0,4438.0,
2021-02-12,4432.0,4432.0,4432.0,4432.0,
2021-02-15,4460.0,4460.0,4460.0,4460.0,10.0
2021-02-16,4418.0,4418.0,4418.0,4418.0,
2021-02-17,4432.0,4432.0,4432.0,4432.0,
2021-02-18,4430.0,4430.0,4404.0,4414.0,70.0
2021-02-19,4408.0,4408.0,4408.0,4408.0,20.0
2021-02-22,4328.0,4328.0,4328.0,4328.0,
2021-02-23,4424.0,4424.0,4424.0,4424.0,
2021-02-24,4448.0,4448.0,4448.0,4448.0,
2021-02-25,4480.0,4480.0,4480.0,4480.0,
2021-02-26,4502.0,4502.0,4502.0,4502.0,
2021-03-01,4538.0,4538.0,4538.0,4538.0,
2021-03-02,4592.0,4606.0,4566.0,4596.0,250.0
2021-03-03,4590.0,4592.0,4532.0,4564.0,150.0
2021-03-04,4580.0,4580.0,4510.0,4554.0,70.0
2021-03-05,4506.0,4512.0,4506.0,4510.0,170.0
2021-03-08,4584.0,4642.0,4580.0,4638.0,450.0
2021-03-09,4638.0,4674.0,4620.0,4630.0,190.0
2021-03-10,4674.0,4678.0,4666.0,4672.0,30.0
2021-03-12,4750.0,4846.0,4746.0,4790.0,250.0
2021-03-15,4878.0,4878.0,4744.0,4822.0,1610.0
2021-03-16,4840.0,4844.0,4800.0,4800.0,480.0
2021-03-17,4780.0,4780.0,4730.0,4756.0,410.0
2021-03-18,4740.0,4756.0,4726.0,4748.0,1240.0
2021-03-19,4732.0,4736.0,4708.0,4726.0,1820.0
2021-03-22,4848.0,4848.0,4848.0,4848.0,
2021-03-23,4938.0,4938.0,4938.0,4938.0,
2021-03-24,4934.0,4934.0,4934.0,4934.0,
2021-03-25,4872.0,4872.0,4872.0,4872.0,
2021-03-26,4868.0,4868.0,4868.0,4868.0,
2021-03-29,4868.0,4868.0,4868.0,4868.0,
2021-03-30,4884.0,4884.0,4884.0,4884.0,
2021-03-31,4956.0,4956.0,4956.0,4956.0,
2021-04-01,5000.0,5000.0,5000.0,5000.0,
2021-04-05,5112.0,5112.0,5112.0,5112.0,
2021-04-06,5098.0,5098.0,5004.0,5030.0,20.0
2021-04-07,4978.0,4978.0,4978.0,4978.0,
2021-04-08,4954.0,4954.0,4940.0,4946.0,390.0
2021-04-09,4980.0,4980.0,4920.0,4958.0,230.0
2021-04-12,4930.0,4932.0,4878.0,4894.0,460.0
2021-04-13,4962.0,5008.0,4950.0,4992.0,670.0
2021-04-14,4992.0,4992.0,4992.0,4992.0,
2021-04-15,5086.0,5260.0,5060.0,5250.0,860.0
2021-04-16,5278.0,5384.0,5182.0,5212.0,2210.0
2021-04-19,5180.0,5350.0,5180.0,5322.0,2050.0
2021-04-20,5334.0,5342.0,5270.0,5288.0,910.0
2021-04-21,5358.0,5358.0,5358.0,5358.0,
2021-04-22,5508.0,5508.0,5508.0,5508.0,
2021-04-23,5402.0,5402.0,5402.0,5402.0,10.0
2021-04-26,5252.0,5252.0,5252.0,5252.0,10.0
2021-04-27,5398.0,5398.0,5398.0,5398.0,
2021-04-28,5416.0,5416.0,5416.0,5416.0,
2021-04-29,5422.0,5422.0,5422.0,5422.0,
2021-04-30,5342.0,5342.0,5342.0,5342.0,
2021-05-03,5304.0,5304.0,5252.0,5278.0,10.0
2021-05-04,5364.0,5364.0,5364.0,5364.0,
2021-05-05,5384.0,5384.0,5384.0,5384.0,
2021-05-06,5368.0,5368.0,5368.0,5368.0,
2021-05-07,5330.0,5354.0,5330.0,5340.0,50.0
2021-05-10,5318.0,5318.0,5318.0,5318.0,10.0
2021-05-11,5308.0,5308.0,5308.0,5308.0,10.0
2021-05-12,5312.0,5354.0,5310.0,5334.0,190.0
2021-05-13,5334.0,5334.0,5334.0,5334.0,
2021-05-14,5298.0,5306.0,5282.0,5298.0,410.0
2021-05-17,5326.0,5340.0,5298.0,5308.0,1130.0
2021-05-18,5322.0,5322.0,5184.0,5282.0,1700.0
2021-05-19,5232.0,5248.0,5226.0,5242.0,430.0
2021-05-20,5264.0,5264.0,5154.0,5178.0,890.0
2021-05-21,5218.0,5218.0,5218.0,5218.0,
2021-05-24,5140.0,5140.0,5140.0,5140.0,
2021-05-25,5234.0,5234.0,5234.0,5234.0,
2021-05-26,5200.0,5200.0,5200.0,5200.0,
2021-05-27,5202.0,5202.0,5202.0,5202.0,
2021-05-28,5188.0,5188.0,5188.0,5188.0,
2021-05-31,5148.0,5148.0,5148.0,5148.0,
2021-06-01,5128.0,5128.0,5128.0,5128.0,
2021-06-02,5142.0,5142.0,5142.0,5142.0,
2021-06-03,5144.0,5144.0,5144.0,5144.0,
2021-06-04,5148.0,5148.0,5148.0,5148.0,
2021-06-07,5218.0,5218.0,5218.0,5218.0,
2021-06-08,5172.0,5172.0,5172.0,5172.0,
2021-06-09,5120.0,5120.0,5120.0,5120.0,10.0
2021-06-10,5130.0,5130.0,5130.0,5130.0,
2021-06-11,5090.0,5090.0,5090.0,5090.0,
2021-06-14,5018.0,5050.0,4988.0,5020.0,30.0
2021-06-15,5162.0,5164.0,5122.0,5158.0,300.0
2021-06-16,5128.0,5130.0,5110.0,5122.0,50.0
2021-06-17,5088.0,5128.0,5088.0,5114.0,60.0
2021-06-18,5156.0,5180.0,5148.0,5158.0,690.0
2021-06-21,5226.0,5226.0,5226.0,5226.0,
2021-06-22,5232.0,5232.0,5232.0,5232.0,
2021-06-23,5220.0,5220.0,5220.0,5220.0,
2021-06-24,5188.0,5188.0,5188.0,5188.0,
2021-06-25,5188.0,5188.0,5188.0,5188.0,
2021-06-28,5168.0,5168.0,5168.0,5168.0,
2021-06-29,5210.0,5210.0,5210.0,5210.0,
2021-06-30,5204.0,5204.0,5204.0,5204.0,
2021-07-01,5236.0,5236.0,5236.0,5236.0,
2021-07-02,5316.0,5316.0,5316.0,5316.0,
2021-07-05,5278.0,5278.0,5278.0,5278.0,
2021-07-06,5276.0,5276.0,5276.0,5276.0,
2021-07-07,5288.0,5288.0,5288.0,5288.0,
2021-07-08,5300.0,5300.0,5300.0,5300.0,
2021-07-09,5350.0,5488.0,5330.0,5362.0,80.0
2021-07-12,5400.0,5400.0,5400.0,5400.0,1070.0
2021-07-13,5428.0,5432.0,5420.0,5428.0,310.0
2021-07-14,5424.0,5438.0,5400.0,5404.0,680.0
2021-07-15,5400.0,5400.0,5386.0,5394.0,540.0
2021-07-16,5408.0,5512.0,5408.0,5484.0,1560.0
2021-07-19,5526.0,5556.0,5496.0,5518.0,510.0
2021-07-20,5508.0,5530.0,5484.0,5518.0,1010.0
2021-07-21,5576.0,5576.0,5576.0,5576.0,
2021-07-22,5796.0,5796.0,5796.0,5796.0,20.0
2021-07-23,5700.0,5700.0,5700.0,5700.0,20.0
2021-07-26,5724.0,5724.0,5724.0,5724.0,
2021-07-27,5698.0,5698.0,5698.0,5698.0,
2021-07-28,5650.0,5650.0,5650.0,5650.0,
2021-07-29,5704.0,5704.0,5704.0,5704.0,
2021-07-30,5718.0,5718.0,5718.0,5718.0,
2021-08-02,5732.0,5732.0,5732.0,5732.0,
2021-08-03,5718.0,5718.0,5718.0,5718.0,
2021-08-04,5732.0,5732.0,5732.0,5732.0,
2021-08-05,5744.0,5744.0,5744.0,5744.0,
2021-08-06,5672.0,5672.0,5672.0,5672.0,
2021-08-09,5696.0,5696.0,5696.0,5696.0,
2021-08-10,5752.0,5752.0,5752.0,5752.0,
2021-08-11,5732.0,5732.0,5732.0,5732.0,
2021-08-12,5764.0,5764.0,5764.0,5764.0,
2021-08-13,5820.0,5820.0,5820.0,5820.0,
2021-08-16,5940.0,6042.0,5920.0,5942.0,460.0
2021-08-17,5890.0,5934.0,5866.0,5916.0,1000.0
2021-08-18,5918.0,6060.0,5918.0,6008.0,4019.9999999999995
2021-08-19,6008.0,6008.0,6008.0,6008.0,
2021-08-20,5992.0,6040.0,5938.0,5986.0,2080.0
2021-08-23,6194.0,6194.0,6194.0,6194.0,
2021-08-24,6482.0,6482.0,6482.0,6482.0,
2021-08-25,6572.0,6572.0,6572.0,6572.0,
2021-08-26,6828.0,6828.0,6310.0,6570.0,10.0
2021-08-27,6308.0,6308.0,6308.0,6308.0,
2021-08-30,6148.0,6148.0,6148.0,6148.0,
2021-08-31,6100.0,6100.0,6100.0,6100.0,10.0
2021-09-01,6068.0,6068.0,6068.0,6068.0,
2021-09-02,6204.0,6204.0,6204.0,6204.0,
2021-09-03,6240.0,6240.0,6240.0,6240.0,400.0
2021-09-06,6212.0,6212.0,6212.0,6212.0,50.0
2021-09-07,6298.0,6298.0,6298.0,6298.0,60.0
2021-09-08,6410.0,6450.0,6410.0,6444.0,80.0
2021-09-09,6450.0,6498.0,6392.0,6446.0,40.0
2021-09-10,6446.0,6446.0,6446.0,6446.0,
2021-09-13,6374.0,6420.0,6356.0,6390.0,230.0
2021-09-14,6368.0,6564.0,6324.0,6334.0,2270.0
2021-09-15,6304.0,6398.0,6304.0,6350.0,1440.0
2021-09-16,6400.0,6400.0,6352.0,6390.0,660.0
2021-09-17,6386.0,6402.0,6354.0,6378.0,750.0
2021-09-20,6362.0,6362.0,6362.0,6362.0,
2021-09-21,6248.0,6248.0,6248.0,6248.0,
2021-09-22,6210.0,6210.0,6210.0,6210.0,
2021-09-23,6314.0,6314.0,6314.0,6314.0,
2021-09-24,6342.0,6342.0,6342.0,6342.0,
2021-09-27,6284.0,6284.0,6284.0,6284.0,
2021-09-28,6276.0,6276.0,6276.0,6276.0,
2021-09-29,6352.0,6352.0,6352.0,6352.0,
2021-09-30,6270.0,6270.0,6270.0,6270.0,
2021-10-01,6284.0,6284.0,6284.0,6284.0,
2021-10-04,6194.0,6194.0,6194.0,6194.0,
2021-10-05,6186.0,6186.0,6186.0,6186.0,10.0
2021-10-06,6222.0,6222.0,6222.0,6222.0,
2021-10-07,6242.0,6242.0,6242.0,6242.0,20.0
2021-10-08,6300.0,6300.0,6300.0,6300.0,
2021-10-11,6264.0,6264.0,6264.0,6264.0,30.0
2021-10-12,6278.0,6278.0,6278.0,6278.0,160.0
2021-10-13,6258.0,6258.0,6190.0,6200.0,80.0
2021-10-14,6266.0,6266.0,6258.0,6264.0,100.0
2021-10-15,6264.0,6264.0,6264.0,6264.0,
2021-10-18,6320.0,6450.0,6318.0,6438.0,1360.0
2021-10-19,6498.0,6498.0,6498.0,6498.0,
2021-10-20,6450.0,6450.0,6450.0,6450.0,10.0
2021-10-21,6600.0,6708.0,6500.0,6562.0,80.0
2021-10-22,6500.0,6500.0,6500.0,6500.0,10.0
2021-10-25,6470.0,6470.0,6470.0,6470.0,10.0
2021-10-26,6500.0,6626.0,6500.0,6560.0,30.0
2021-10-27,6510.0,6680.0,6510.0,6544.0,80.0
2021-10-28,6744.0,6744.0,6614.0,6686.0,350.0
2021-10-29,6690.0,6690.0,6690.0,6690.0,20.0
2021-11-01,6692.0,6692.0,6692.0,6692.0,
2021-11-02,6680.0,6680.0,6680.0,6680.0,
2021-11-03,6618.0,6618.0,6520.0,6556.0,300.0
2021-11-04,6650.0,6650.0,6650.0,6650.0,
2021-11-05,6650.0,6650.0,6650.0,6650.0,
2021-11-08,6598.0,6678.0,6598.0,6652.0,130.0
2021-11-09,6690.0,6698.0,6620.0,6652.0,270.0
2021-11-10,6620.0,6620.0,6560.0,6574.0,350.0
2021-11-11,6584.0,6614.0,6550.0,6590.0,20.0
2021-11-12,6572.0,6572.0,6572.0,6572.0,190.0
2021-11-15,6598.0,6680.0,6500.0,6516.0,480.0
2021-11-16,6506.0,6512.0,6330.0,6356.0,880.0
2021-11-17,6376.0,6440.0,6364.0,6424.0,250.0
2021-11-18,6474.0,6474.0,6474.0,6474.0,
2021-11-19,6474.0,6474.0,6474.0,6474.0,
2021-11-22,6662.0,6662.0,6662.0,6662.0,
2021-11-23,6626.0,6626.0,6626.0,6626.0,
2021-11-24,6650.0,6650.0,6650.0,6650.0,20.0
2021-11-25,6490.0,6560.0,6490.0,6518.0,30.0
2021-11-26,6350.0,6570.0,6350.0,6534.0,200.0
2021-11-29,6440.0,6520.0,6438.0,6492.0,200.0
2021-11-30,6510.0,6510.0,6504.0,6508.0,200.0
2021-12-01,6516.0,6548.0,6502.0,6528.0,180.0
2021-12-02,6520.0,6520.0,6492.0,6496.0,390.0
2021-12-03,6500.0,6516.0,6490.0,6510.0,380.0
2021-12-06,6498.0,6500.0,6460.0,6480.0,60.0
2021-12-07,6452.0,6460.0,6430.0,6450.0,90.0
2021-12-08,6498.0,6498.0,6424.0,6470.0,80.0
2021-12-09,6420.0,6420.0,6252.0,6278.0,600.0
2021-12-10,6250.0,6290.0,6222.0,6286.0,370.0
2021-12-13,6276.0,6314.0,6036.0,6046.0,810.0
2021-12-14,6072.0,6214.0,6072.0,6206.0,700.0
2021-12-15,6174.0,6224.0,6168.0,6178.0,1230.0
2021-12-16,6164.0,6200.0,6164.0,6186.0,840.0
2021-12-17,6178.0,6204.0,6090.0,6124.0,1560.0
2021-12-20,6090.0,6090.0,5880.0,5978.0,2460.0
2021-12-21,5850.0,5850.0,5850.0,5850.0,
2021-12-22,5616.0,5616.0,5616.0,5616.0,10.0
2021-12-23,5616.0,5616.0,5616.0,5616.0,
2021-12-24,5616.0,5616.0,5616.0,5616.0,
2021-12-27,5616.0,5616.0,5616.0,5616.0,
2021-12-28,5750.0,5750.0,5750.0,5750.0,
2021-12-29,5820.0,5820.0,5820.0,5820.0,
2021-12-30,5636.0,5750.0,5636.0,5676.0,20.0
2021-12-31,5830.0,5880.0,5830.0,5864.0,30.0
2022-01-03,5916.0,6000.0,5910.0,5962.0,100.0
2022-01-04,5910.0,6022.0,5910.0,6002.0,80.0
2022-01-05,6040.0,6070.0,6010.0,6044.0,100.0
2022-01-06,5924.0,6024.0,5924.0,5994.0,440.0
2022-01-07,5976.0,5976.0,5926.0,5944.0,200.0
2022-01-10,5968.0,6010.0,5924.0,5960.0,470.0
2022-01-11,6020.0,6056.0,6006.0,6054.0,440.0
2022-01-12,6108.0,6162.0,6080.0,6154.0,930.0
2022-01-13,6200.0,6304.0,6154.0,6270.0,770.0
2022-01-14,6304.0,6326.0,6240.0,6264.0,640.0
2022-01-17,6280.0,6294.0,6246.0,6276.0,550.0
2022-01-18,6296.0,6440.0,6296.0,6342.0,1440.0
2022-01-19,6372.0,6378.0,6232.0,6242.0,980.0
2022-01-20,6198.0,6254.0,6166.0,6198.0,1010.0
2022-01-21,6252.0,6298.0,6200.0,6224.0,50.0
2022-01-24,6254.0,6254.0,6254.0,6254.0,
2022-01-25,6370.0,6370.0,6370.0,6370.0,
2022-01-27,6350.0,6400.0,6350.0,6374.0,410.0
2022-01-28,6350.0,6360.0,6310.0,6354.0,100.0
2022-01-31,6370.0,6396.0,6350.0,6358.0,120.0
2022-02-01,6390.0,6390.0,6328.0,6364.0,90.0
2022-02-02,6322.0,6380.0,6320.0,6370.0,140.0
2022-02-03,6360.0,6370.0,6340.0,6368.0,140.0
2022-02-04,6380.0,6488.0,6366.0,6432.0,630.0
2022-02-07,6506.0,6536.0,6490.0,6526.0,140.0
2022-02-08,6486.0,6530.0,6480.0,6516.0,270.0
2022-02-09,6556.0,6610.0,6550.0,6566.0,630.0
2022-02-10,6636.0,6702.0,6618.0,6688.0,510.0
2022-02-11,6724.0,6810.0,6700.0,6800.0,680.0
2022-02-14,6858.0,6972.0,6778.0,6804.0,1430.0
2022-02-15,6830.0,6862.0,6718.0,6840.0,900.0
2022-02-16,6836.0,6926.0,6836.0,6880.0,1200.0
2022-02-17,6908.0,7080.0,6870.0,7042.0,1630.0
2022-02-18,7100.0,7200.0,7016.0,7104.0,2260.0
2022-02-21,6972.0,6972.0,6972.0,6972.0,
2022-02-22,6850.0,6850.0,6850.0,6850.0,
2022-02-23,6732.0,6732.0,6732.0,6732.0,
2022-02-24,6998.0,6998.0,6998.0,6998.0,10.0
2022-02-25,6940.0,6940.0,6940.0,6940.0,
2022-02-28,7070.0,7070.0,7070.0,7070.0,
2022-03-01,7070.0,7070.0,7070.0,7070.0,
2022-03-02,7344.0,7344.0,7344.0,7344.0,
2022-03-03,7256.0,7256.0,7256.0,7256.0,
2022-03-04,7342.0,7342.0,7342.0,7342.0,
2022-03-07,7410.0,7430.0,7410.0,7420.0,50.0
2022-03-08,7388.0,7388.0,7350.0,7370.0,50.0
2022-03-09,7400.0,7420.0,7380.0,7400.0,40.0
2022-03-10,7380.0,7380.0,7338.0,7358.0,70.0
2022-03-11,7404.0,7404.0,7404.0,7404.0,20.0
2022-03-14,7426.0,7426.0,7360.0,7384.0,150.0
2022-03-15,7428.0,7428.0,7248.0,7270.0,370.0
2022-03-16,7274.0,7330.0,7206.0,7322.0,1380.0
2022-03-17,7474.0,7474.0,7474.0,7474.0,
2022-03-18,7474.0,7474.0,7474.0,7474.0,
2022-03-21,7368.0,7368.0,7368.0,7368.0,
2022-03-22,7430.0,7430.0,7430.0,7430.0,
2022-03-23,7464.0,7464.0,7464.0,7464.0,
2022-03-24,7476.0,7476.0,7476.0,7476.0,
2022-03-25,7412.0,7412.0,7412.0,7412.0,
2022-03-28,7360.0,7360.0,7360.0,7360.0,
2022-03-29,7374.0,7374.0,7374.0,7374.0,
2022-03-30,7396.0,7396.0,7396.0,7396.0,
2022-03-31,7436.0,7436.0,7436.0,7436.0,
2022-04-01,7586.0,7586.0,7586.0,7586.0,
2022-04-04,7466.0,7466.0,7466.0,7466.0,
2022-04-05,7408.0,7408.0,7408.0,7408.0,
2022-04-06,7300.0,7300.0,7300.0,7300.0,
2022-04-07,7262.0,7262.0,7262.0,7262.0,
2022-04-08,7254.0,7254.0,7254.0,7254.0,
2022-04-11,7244.0,7244.0,7244.0,7244.0,
2022-04-12,7238.0,7238.0,7238.0,7238.0,10.0
2022-04-13,7334.0,7334.0,7334.0,7334.0,
2022-04-14,7334.0,7334.0,7334.0,7334.0,
2022-04-18,7332.0,7356.0,7320.0,7336.0,60.0
2022-04-19,7292.0,7338.0,7214.0,7234.0,300.0
2022-04-20,7200.0,7242.0,7170.0,7236.0,1090.0
2022-04-21,7428.0,7428.0,7428.0,7428.0,
2022-04-22,7354.0,7354.0,7354.0,7354.0,
2022-04-25,7344.0,7344.0,7344.0,7344.0,
2022-04-26,7332.0,7332.0,7332.0,7332.0,
2022-04-27,7354.0,7354.0,7354.0,7354.0,
2022-04-28,7428.0,7428.0,7428.0,7428.0,
2022-04-29,7526.0,7526.0,7526.0,7526.0,
2022-05-02,7460.0,7460.0,7460.0,7460.0,
2022-05-03,7460.0,7460.0,7460.0,7460.0,
2022-05-04,7462.0,7462.0,7462.0,7462.0,
2022-05-05,7500.0,7500.0,7370.0,7388.0,1150.0
2022-05-06,7300.0,7396.0,7300.0,7380.0,770.0
2022-05-09,7406.0,7426.0,7390.0,7404.0,440.0
2022-05-10,7380.0,7400.0,7372.0,7392.0,220.0
2022-05-11,7440.0,7440.0,7420.0,7434.0,30.0
2022-05-12,7456.0,7490.0,7434.0,7440.0,2360.0
2022-05-13,7494.0,7540.0,7474.0,7484.0,2580.0
2022-05-16,7540.0,7662.0,7540.0,7596.0,1960.0
2022-05-17,7630.0,7630.0,7572.0,7596.0,1250.0
2022-05-18,7572.0,7604.0,7500.0,7544.0,3900.0
2022-05-19,7522.0,7644.0,7520.0,7620.0,3590.0
2022-05-20,7656.0,7790.0,7656.0,7754.0,1970.0
2022-05-23,7776.0,7776.0,7776.0,7776.0,
2022-05-24,7748.0,7748.0,7748.0,7748.0,
2022-05-25,7652.0,7652.0,7652.0,7652.0,
2022-05-26,7788.0,7788.0,7788.0,7788.0,
2022-05-27,7736.0,7736.0,7736.0,7736.0,
2022-05-30,7528.0,7528.0,7528.0,7528.0,
2022-05-31,7550.0,7550.0,7550.0,7550.0,
2022-06-01,7568.0,7568.0,7568.0,7568.0,
2022-06-02,7604.0,7604.0,7604.0,7604.0,
2022-06-03,7644.0,7644.0,7644.0,7644.0,
2022-06-06,7616.0,7616.0,7616.0,7616.0,120.0
2022-06-07,7578.0,7578.0,7578.0,7578.0,60.0
2022-06-08,7610.0,7610.0,7610.0,7610.0,120.0
2022-06-09,7596.0,7596.0,7596.0,7596.0,
2022-06-10,7664.0,7664.0,7664.0,7664.0,10.0
2022-06-13,7540.0,7540.0,7540.0,7540.0,10.0
2022-06-14,7508.0,7550.0,7508.0,7540.0,570.0
2022-06-15,7546.0,7576.0,7546.0,7562.0,30.0
2022-06-16,7556.0,7570.0,7330.0,7498.0,1970.0
2022-06-17,7466.0,7474.0,7466.0,7470.0,50.0
2022-06-20,7372.0,7392.0,7166.0,7294.0,5090.0
2022-06-21,7370.0,7370.0,7370.0,7370.0,
2022-06-22,7314.0,7314.0,7314.0,7314.0,
2022-06-23,7386.0,7386.0,7386.0,7386.0,
2022-06-24,7334.0,7334.0,7334.0,7334.0,
2022-06-27,7354.0,7354.0,7354.0,7354.0,
2022-06-28,7454.0,7454.0,7454.0,7454.0,
2022-06-29,7522.0,7522.0,7522.0,7522.0,
2022-06-30,7596.0,7596.0,7596.0,7596.0,
2022-07-01,7620.0,7620.0,7620.0,7620.0,
2022-07-04,7540.0,7540.0,7540.0,7540.0,
2022-07-05,7506.0,7506.0,7506.0,7506.0,
2022-07-06,7494.0,7494.0,7494.0,7494.0,
2022-07-07,7476.0,7476.0,7476.0,7476.0,
2022-07-08,7530.0,7530.0,7530.0,7530.0,
2022-07-11,7540.0,7738.0,7340.0,7540.0,80.0
2022-07-12,7430.0,7430.0,7430.0,7430.0,10.0
2022-07-13,7424.0,7424.0,7424.0,7424.0,50.0
2022-07-14,7352.0,7352.0,7292.0,7326.0,210.0
2022-07-15,7348.0,7348.0,7274.0,7314.0,60.0
2022-07-18,7274.0,7346.0,7204.0,7340.0,1070.0
2022-07-19,7342.0,7402.0,7332.0,7388.0,360.0
2022-07-20,7396.0,7456.0,7376.0,7452.0,890.0
2022-07-21,7442.0,7442.0,7442.0,7442.0,
2022-07-22,7386.0,7386.0,7386.0,7386.0,
2022-07-25,7306.0,7306.0,7306.0,7306.0,
2022-07-26,7384.0,7384.0,7384.0,7384.0,
2022-07-27,7364.0,7364.0,7364.0,7364.0,
2022-07-28,7408.0,7408.0,7408.0,7408.0,
2022-07-29,7386.0,7386.0,7386.0,7386.0,
2022-08-01,7330.0,7330.0,7330.0,7330.0,
2022-08-02,7252.0,7252.0,7252.0,7252.0,
2022-08-03,7240.0,7240.0,7240.0,7240.0,10.0
2022-08-04,7200.0,7200.0,7200.0,7200.0,10.0
2022-08-05,6926.0,7380.0,6926.0,7154.0,10.0
2022-08-08,7332.0,7332.0,7332.0,7332.0,
2022-08-10,7392.0,7392.0,7392.0,7392.0,
2022-08-11,7438.0,7438.0,7438.0,7438.0,
2022-08-12,7448.0,7450.0,7430.0,7446.0,30.0
2022-08-16,7514.0,7628.0,7514.0,7606.0,290.0
2022-08-17,7660.0,7848.0,7602.0,7646.0,590.0
2022-08-18,7598.0,7598.0,7598.0,7598.0,
2022-08-19,7622.0,7622.0,7622.0,7622.0,
2022-08-22,7606.0,7606.0,7606.0,7606.0,
2022-08-23,7644.0,7644.0,7644.0,7644.0,410.0
2022-08-24,7650.0,7650.0,7650.0,7650.0,
2022-08-25,7542.0,7542.0,7444.0,7474.0,440.0
2022-08-26,7450.0,7490.0,7450.0,7478.0,20.0
2022-08-29,7500.0,7500.0,7500.0,7500.0,
2022-08-30,7416.0,7416.0,7416.0,7416.0,
2022-09-01,7120.0,7250.0,7120.0,7160.0,80.0
2022-09-02,7448.0,7448.0,7448.0,7448.0,
2022-09-05,7300.0,7468.0,7300.0,7422.0,30.0
2022-09-06,7472.0,7472.0,7420.0,7438.0,210.0
2022-09-07,7420.0,7420.0,7366.0,7404.0,100.0
2022-09-08,7390.0,7398.0,7382.0,7390.0,130.0
2022-09-09,7400.0,7500.0,7400.0,7476.0,130.0
2022-09-12,7430.0,7470.0,7430.0,7462.0,170.0
2022-09-13,7494.0,7504.0,7484.0,7492.0,210.0
2022-09-14,7450.0,7450.0,7444.0,7446.0,20.0
2022-09-15,7442.0,7476.0,7418.0,7440.0,50.0
2022-09-16,7424.0,7460.0,7412.0,7440.0,50.0
2022-09-19,7346.0,7362.0,7346.0,7352.0,20.0
2022-09-20,7344.0,7410.0,7322.0,7362.0,900.0
2022-09-21,7340.0,7340.0,7340.0,7340.0,30.0
2022-09-22,7536.0,7536.0,7536.0,7536.0,
2022-09-23,7572.0,7572.0,7572.0,7572.0,
2022-09-26,7536.0,7536.0,7536.0,7536.0,
2022-09-27,7348.0,7350.0,7348.0,7350.0,110.0
2022-09-28,7548.0,7548.0,7548.0,7548.0,
2022-09-29,7350.0,7350.0,7298.0,7306.0,510.0
2022-09-30,7348.0,7350.0,7330.0,7332.0,130.0
2022-10-03,7150.0,7248.0,7048.0,7238.0,220.0
2022-10-04,7220.0,7220.0,7102.0,7200.0,560.0
2022-10-06,7200.0,7200.0,7190.0,7200.0,70.0
2022-10-07,7200.0,7244.0,7198.0,7204.0,100.0
2022-10-10,7052.0,7104.0,7008.0,7096.0,90.0
2022-10-11,7050.0,7052.0,7050.0,7052.0,90.0
2022-10-12,7000.0,7084.0,6962.0,7074.0,130.0
2022-10-13,7090.0,7110.0,7090.0,7098.0,90.0
2022-10-14,7100.0,7158.0,7100.0,7142.0,70.0
2022-10-17,7130.0,7138.0,7110.0,7130.0,80.0
2022-10-18,7134.0,7134.0,6850.0,7088.0,550.0
2022-10-19,7120.0,7128.0,7080.0,7110.0,110.0
2022-10-20,7136.0,7140.0,7104.0,7138.0,390.0
2022-10-21,6730.0,6998.0,6730.0,6948.0,50.0
2022-10-24,6890.0,6914.0,6890.0,6902.0,10.0
2022-10-25,7290.0,7290.0,7290.0,7290.0,
2022-10-27,7000.0,7002.0,6990.0,7000.0,40.0
2022-10-28,7000.0,7000.0,6988.0,7000.0,580.0
2022-10-31,6902.0,6988.0,6902.0,6968.0,130.0
2022-11-01,6978.0,7094.0,6978.0,7022.0,130.0
2022-11-02,7138.0,7248.0,7120.0,7224.0,430.0
2022-11-03,7200.0,7228.0,7142.0,7186.0,310.0
2022-11-04,7114.0,7248.0,7114.0,7222.0,260.0
2022-11-07,7200.0,7284.0,7200.0,7276.0,270.0
2022-11-09,7194.0,7254.0,7194.0,7242.0,120.0
2022-11-10,7240.0,7270.0,7230.0,7244.0,830.0
2022-11-11,7298.0,7374.0,7280.0,7362.0,630.0
2022-11-14,7330.0,7360.0,7312.0,7334.0,250.0
2022-11-15,7424.0,7424.0,7326.0,7360.0,140.0
2022-11-16,7332.0,7440.0,7320.0,7436.0,530.0
2022-11-17,7400.0,7400.0,7376.0,7388.0,160.0
2022-11-18,7348.0,7530.0,7342.0,7376.0,480.0
2022-11-21,7618.0,7618.0,7618.0,7618.0,
2022-11-22,7618.0,7618.0,7618.0,7618.0,10.0
2022-11-23,7552.0,7552.0,7552.0,7552.0,
2022-11-24,7300.0,7312.0,7250.0,7266.0,250.0
2022-11-25,7318.0,7334.0,7300.0,7300.0,150.0
2022-11-28,7300.0,7300.0,7300.0,7300.0,30.0
2022-11-29,7294.0,7400.0,7294.0,7398.0,200.0
2022-11-30,7448.0,7448.0,7448.0,7448.0,
2022-12-01,7410.0,7420.0,7410.0,7418.0,110.0
2022-12-02,7464.0,7464.0,7464.0,7464.0,
2022-12-05,7324.0,7344.0,7312.0,7328.0,210.0
2022-12-06,7350.0,7410.0,7328.0,7408.0,300.0
2022-12-07,7410.0,7424.0,7410.0,7416.0,70.0
2022-12-08,7448.0,7448.0,7440.0,7444.0,30.0
2022-12-09,7468.0,7468.0,7408.0,7414.0,120.0
2022-12-12,7476.0,7476.0,7350.0,7400.0,170.0
2022-12-13,7374.0,7380.0,7330.0,7350.0,60.0
2022-12-14,7310.0,7346.0,7286.0,7302.0,310.0
2022-12-15,7266.0,7344.0,7266.0,7332.0,190.0
2022-12-16,7292.0,7296.0,7192.0,7236.0,1060.0
2022-12-19,7170.0,7172.0,7080.0,7158.0,1170.0
2022-12-20,7160.0,7190.0,7150.0,7168.0,400.0
2022-12-21,7384.0,7384.0,7384.0,7384.0,
2022-12-22,7426.0,7426.0,7426.0,7426.0,
2022-12-23,7420.0,7420.0,7420.0,7420.0,
2022-12-26,7304.0,7304.0,7304.0,7304.0,
2022-12-27,7028.0,7046.0,6988.0,7016.0,50.0
2022-12-28,6928.0,6940.0,6794.0,6916.0,170.0
2022-12-29,6964.0,6980.0,6964.0,6972.0,10.0
2022-12-30,7290.0,7290.0,7290.0,7290.0,
2023-01-02,7100.0,7122.0,7024.0,7086.0,30.0
2023-01-03,7100.0,7148.0,7100.0,7120.0,140.0
2023-01-04,7052.0,7070.0,7052.0,7070.0,100.0
2023-01-05,6990.0,7000.0,6984.0,6994.0,150.0
2023-01-06,7050.0,7050.0,7030.0,7048.0,30.0
2023-01-09,7338.0,7338.0,7338.0,7338.0,
2023-01-10,7046.0,7074.0,7046.0,7060.0,20.0
2023-01-11,7000.0,7000.0,6832.0,6940.0,150.0
2023-01-12,6858.0,7002.0,6858.0,6954.0,40.0
2023-01-13,7070.0,7120.0,7030.0,7098.0,190.0
2023-01-16,7200.0,7202.0,7100.0,7102.0,240.0
2023-01-17,7036.0,7100.0,7026.0,7062.0,130.0
2023-01-18,7100.0,7104.0,7052.0,7096.0,560.0
2023-01-19,7088.0,7088.0,6990.0,7010.0,750.0
2023-01-20,6986.0,7024.0,6958.0,7018.0,420.0
2023-01-23,7020.0,7020.0,7020.0,7020.0,10.0
2023-01-24,7302.0,7302.0,7302.0,7302.0,
2023-01-25,7276.0,7276.0,7276.0,7276.0,
2023-01-27,7268.0,7268.0,7268.0,7268.0,
2023-01-30,6978.0,6978.0,6900.0,6940.0,10.0
2023-01-31,6980.0,6980.0,6980.0,6980.0,
2023-02-01,7314.0,7314.0,7314.0,7314.0,
2023-02-02,7308.0,7308.0,7308.0,7308.0,
2023-02-03,7286.0,7286.0,7286.0,7286.0,
2023-02-06,7284.0,7284.0,7284.0,7284.0,
2023-02-07,7280.0,7280.0,7280.0,7280.0,
2023-02-08,6990.0,6990.0,6990.0,6990.0,
2023-02-09,6920.0,6920.0,6892.0,6906.0,30.0
2023-02-10,7290.0,7290.0,7290.0,7290.0,
2023-02-13,7180.0,7180.0,7180.0,7180.0,
2023-02-14,6894.0,6894.0,6894.0,6894.0,
2023-02-15,6800.0,6820.0,6786.0,6814.0,100.0
2023-02-16,6830.0,6830.0,6790.0,6796.0,60.0
2023-02-17,6750.0,6780.0,6750.0,6766.0,20.0
2023-02-20,6732.0,6732.0,6680.0,6692.0,380.0
2023-02-21,6992.0,6992.0,6992.0,6992.0,
2023-02-22,6926.0,6926.0,6926.0,6926.0,
2023-02-23,6864.0,6864.0,6864.0,6864.0,
2023-02-24,6870.0,6870.0,6870.0,6870.0,
2023-02-27,6758.0,6758.0,6758.0,6758.0,
2023-02-28,6684.0,6684.0,6684.0,6684.0,
2023-03-01,6288.0,6288.0,6288.0,6288.0,
2023-03-02,6624.0,6624.0,6624.0,6624.0,
2023-03-03,6618.0,6618.0,6618.0,6618.0,
2023-03-06,6614.0,6614.0,6614.0,6614.0,
2023-03-08,6612.0,6612.0,6612.0,6612.0,
2023-03-09,6428.0,6428.0,6428.0,6428.0,30.0
2023-03-10,6610.0,6610.0,6610.0,6610.0,
2023-03-13,6420.0,6420.0,6414.0,6416.0,60.0
2023-03-14,6606.0,6606.0,6606.0,6606.0,
2023-03-15,6352.0,6360.0,6342.0,6360.0,300.0
2023-03-16,6310.0,6376.0,6200.0,6244.0,210.0
2023-03-17,6162.0,6326.0,6120.0,6234.0,340.0
2023-03-20,6342.0,6382.0,6340.0,6352.0,510.0
2023-03-21,6612.0,6612.0,6612.0,6612.0,
2023-03-22,6648.0,6648.0,6648.0,6648.0,
2023-03-23,6430.0,6430.0,6430.0,6430.0,
2023-03-24,6348.0,6348.0,6348.0,6348.0,
2023-03-27,6240.0,6240.0,6240.0,6240.0,
2023-03-28,6228.0,6228.0,6228.0,6228.0,
2023-03-29,6208.0,6208.0,6208.0,6208.0,
2023-03-31,6148.0,6148.0,6148.0,6138.0,
2023-04-03,6112.0,6112.0,6112.0,6112.0,
2023-04-05,6122.0,6122.0,6122.0,6122.0,
2023-04-06,6136.0,6136.0,6136.0,6136.0,
2023-04-10,6331.0,6331.0,6331.0,6331.0,
2023-04-11,6394.0,6394.0,6394.0,6394.0,
2023-04-12,6300.0,6370.0,6300.0,6339.0,170.0
2023-04-13,6320.0,6389.0,6274.0,6297.0,310.0
2023-04-17,6210.0,6268.0,6200.0,6261.0,180.0
2023-04-18,6230.0,6304.0,6200.0,6295.0,710.0
2023-04-19,6231.0,6306.0,6231.0,6284.0,620.0
2023-04-20,6270.0,6310.0,6270.0,6304.0,600.0
2023-04-21,6390.0,6390.0,6390.0,6390.0,
2023-04-24,6327.0,6327.0,6327.0,6327.0,
2023-04-25,6218.0,6218.0,6218.0,6218.0,
2023-04-26,6126.0,6126.0,6126.0,6126.0,
2023-04-27,6171.0,6171.0,6171.0,6171.0,
2023-04-28,6102.0,6102.0,6102.0,6102.0,10.0
2023-05-02,6072.0,6072.0,6072.0,6072.0,
2023-05-03,6171.0,6171.0,6171.0,6171.0,
2023-05-04,6231.0,6231.0,6231.0,6231.0,
2023-05-05,6208.0,6208.0,6208.0,6208.0,
2023-05-08,6108.0,6108.0,6108.0,6108.0,
2023-05-09,6085.0,6085.0,6085.0,6085.0,
2023-05-10,6099.0,6140.0,6099.0,6131.0,70.0
2023-05-11,6101.0,6147.0,6060.0,6066.0,1690.0
2023-05-12,6060.0,6095.0,6045.0,6058.0,930.0
2023-05-15,6040.0,6049.0,5950.0,5983.0,2070.0
2023-05-16,5980.0,6069.0,5900.0,6047.0,970.0
2023-05-17,6030.0,6031.0,5951.0,5959.0,1650.0
2023-05-18,5900.0,5953.0,5850.0,5900.0,1510.0
2023-05-19,5913.0,5981.0,5904.0,5920.0,3200.0
2023-05-22,5910.0,5910.0,5910.0,5910.0,
2023-05-23,5889.0,5889.0,5889.0,5889.0,
2023-05-24,5877.0,5877.0,5877.0,5877.0,
2023-05-25,5900.0,5900.0,5778.0,5839.0,20.0
2023-05-26,5739.0,5739.0,5739.0,5739.0,
2023-05-29,5780.0,5780.0,5780.0,5780.0,
2023-05-30,5778.0,5778.0,5701.0,5719.0,40.0
2023-05-31,5604.0,5615.0,5576.0,5598.0,80.0
2023-06-01,5539.0,5540.0,5539.0,5540.0,200.0
2023-06-02,5550.0,5599.0,5549.0,5585.0,200.0
2023-06-05,5600.0,5621.0,5570.0,5605.0,80.0
2023-06-06,5625.0,5625.0,5625.0,5625.0,80.0
2023-06-07,5570.0,5590.0,5570.0,5582.0,320.0
2023-06-08,5616.0,5683.0,5615.0,5665.0,540.0
2023-06-09,5680.0,5780.0,5675.0,5753.0,480.0
2023-06-12,5758.0,5811.0,5741.0,5802.0,300.0
2023-06-13,5824.0,5899.0,5801.0,5838.0,950.0
2023-06-14,5840.0,5851.0,5739.0,5790.0,740.0
2023-06-15,5757.0,5889.0,5757.0,5873.0,420.0
2023-06-16,5896.0,5961.0,5890.0,5943.0,1080.0
2023-06-19,5966.0,5976.0,5919.0,5947.0,780.0
2023-06-20,5929.0,5929.0,5929.0,5929.0,
2023-06-21,5920.0,5920.0,5920.0,5920.0,
2023-06-22,5845.0,5845.0,5845.0,5845.0,
2023-06-23,5821.0,5821.0,5821.0,5821.0,
2023-06-26,5873.0,5873.0,5873.0,5873.0,
2023-06-27,5817.0,5817.0,5817.0,5817.0,
2023-06-28,5926.0,5926.0,5926.0,5926.0,
2023-06-30,6004.0,6004.0,6004.0,6004.0,
2023-07-03,6070.0,6070.0,6070.0,6070.0,
2023-07-04,6050.0,6050.0,6050.0,6050.0,
2023-07-05,6060.0,6060.0,6060.0,6060.0,
2023-07-06,6047.0,6047.0,6047.0,6047.0,
2023-07-07,6080.0,6080.0,6060.0,6070.0,10.0
2023-07-10,6156.0,6156.0,6156.0,6156.0,
2023-07-11,6190.0,6190.0,6190.0,6190.0,
2023-07-12,6207.0,6207.0,6207.0,6207.0,
2023-07-13,6120.0,6150.0,5987.0,6136.0,300.0
2023-07-14,6132.0,6219.0,6132.0,6177.0,80.0
2023-07-17,6240.0,6309.0,6230.0,6280.0,770.0
2023-07-18,6293.0,6305.0,6212.0,6279.0,520.0
2023-07-19,6310.0,6384.0,6300.0,6376.0,1480.0
2023-07-20,6424.0,6631.0,6384.0,6464.0,1730.0
2023-07-21,6511.0,6511.0,6511.0,6511.0,
2023-07-24,6553.0,6553.0,6553.0,6553.0,
2023-07-25,6486.0,6486.0,6486.0,6486.0,10.0
2023-07-26,6524.0,6524.0,6524.0,6524.0,
2023-07-27,6482.0,6482.0,6482.0,6482.0,
2023-07-28,6536.0,6536.0,6536.0,6536.0,
2023-07-31,6503.0,6503.0,6503.0,6503.0,
2023-08-01,6463.0,6463.0,6463.0,6463.0,
2023-08-02,6399.0,6399.0,6399.0,6399.0,
2023-08-03,6381.0,6381.0,6381.0,6381.0,
2023-08-04,6427.0,6427.0,6427.0,6427.0,
2023-08-07,6461.0,6461.0,6461.0,6461.0,
2023-08-08,6407.0,6407.0,6407.0,6407.0,
2023-08-09,6339.0,6339.0,6339.0,6339.0,
2023-08-10,6321.0,6321.0,6321.0,6321.0,
2023-08-11,6301.0,6320.0,6270.0,6286.0,50.0
2023-08-14,6319.0,6366.0,6300.0,6356.0,180.0
2023-08-16,6371.0,6610.0,6300.0,6317.0,460.0
2023-08-17,6311.0,6336.0,6283.0,6319.0,140.0
2023-08-18,6357.0,6401.0,6295.0,6391.0,430.0
2023-08-21,6457.0,6457.0,6457.0,6457.0,
2023-08-22,6390.0,6390.0,6390.0,6390.0,
2023-08-23,6355.0,6355.0,6355.0,6355.0,
2023-08-24,6331.0,6331.0,6331.0,6331.0,
2023-08-25,6400.0,6400.0,6400.0,6400.0,10.0
2023-08-28,6320.0,6320.0,6320.0,6320.0,10.0
2023-08-29,6255.0,6255.0,6255.0,6255.0,10.0
2023-08-30,6298.0,6298.0,6298.0,6298.0,
2023-08-31,6320.0,6349.0,6320.0,6335.0,10.0
2023-09-01,6400.0,6420.0,6400.0,6409.0,130.0
2023-09-04,6157.0,6364.0,6157.0,6261.0,10.0
2023-09-05,6360.0,6382.0,6348.0,6378.0,230.0
2023-09-06,6430.0,6430.0,6415.0,6424.0,40.0
2023-09-07,6375.0,6375.0,6375.0,6375.0,130.0
2023-09-08,6333.0,6363.0,6333.0,6360.0,350.0
2023-09-11,6300.0,6380.0,6300.0,6343.0,590.0
2023-09-12,6363.0,6460.0,6360.0,6395.0,700.0
2023-09-13,6365.0,6400.0,6351.0,6374.0,320.0
2023-09-14,6342.0,6369.0,6330.0,6346.0,1860.0
2023-09-15,6325.0,6325.0,6183.0,6218.0,2090.0
2023-09-18,6152.0,6152.0,6080.0,6132.0,2150.0
2023-09-20,6245.0,6245.0,6245.0,6245.0,
2023-09-21,6248.0,6248.0,6248.0,6248.0,
2023-09-22,6002.0,6322.0,6002.0,6311.0,130.0
2023-09-25,6292.0,6292.0,6292.0,6292.0,
2023-09-26,6295.0,6295.0,6295.0,6295.0,
2023-09-27,6300.0,6300.0,6300.0,6300.0,40.0
2023-09-28,6343.0,6343.0,6343.0,6343.0,
2023-09-29,6241.0,6250.0,6240.0,6242.0,70.0
2023-10-03,6170.0,6170.0,6150.0,6155.0,50.0
2023-10-04,6229.0,6229.0,6192.0,6205.0,130.0
2023-10-05,6160.0,6160.0,6160.0,6160.0,100.0
2023-10-06,6200.0,6200.0,6140.0,6151.0,100.0
2023-10-09,6165.0,6165.0,6165.0,6165.0,
2023-10-10,6178.0,6178.0,6178.0,6178.0,
2023-10-11,6139.0,6147.0,6030.0,6052.0,790.0
2023-10-12,6050.0,6050.0,6000.0,6046.0,880.0
2023-10-13,6071.0,6120.0,6004.0,6029.0,1430.0
2023-10-16,6086.0,6094.0,6071.0,6088.0,840.0
2023-10-17,6112.0,6118.0,6039.0,6059.0,1010.0
2023-10-18,6051.0,6065.0,5980.0,5992.0,2510.0
2023-10-19,5966.0,5980.0,5900.0,5977.0,980.0
2023-10-20,5985.0,6012.0,5938.0,5996.0,1160.0
2023-10-23,5998.0,5998.0,5998.0,5998.0,
2023-10-25,6040.0,6040.0,6040.0,6040.0,
2023-10-26,5999.0,5999.0,5999.0,5999.0,
2023-10-27,5950.0,5950.0,5950.0,5950.0,
2023-10-30,5852.0,5852.0,5852.0,5852.0,
2023-10-31,5891.0,5891.0,5891.0,5891.0,
2023-11-01,5859.0,5859.0,5859.0,5859.0,
2023-11-02,5777.0,5777.0,5777.0,5777.0,
2023-11-03,5810.0,5810.0,5810.0,5810.0,
2023-11-06,5837.0,5837.0,5837.0,5837.0,
2023-11-07,5850.0,5850.0,5850.0,5850.0,
2023-11-08,5876.0,5876.0,5876.0,5876.0,
2023-11-09,5873.0,5873.0,5873.0,5873.0,
2023-11-10,5873.0,5873.0,5873.0,5873.0,40.0
2023-11-13,5875.0,5880.0,5875.0,5878.0,20.0
2023-11-15,5909.0,5936.0,5909.0,5920.0,480.0
2023-11-16,5949.0,5949.0,5884.0,5905.0,380.0
2023-11-17,5860.0,5900.0,5838.0,5884.0,490.0
2023-11-20,5911.0,5970.0,5859.0,5895.0,2150.0
2023-11-21,5803.0,5803.0,5803.0,5803.0,10.0
2023-11-22,5892.0,5900.0,5884.0,5900.0,980.0
2023-11-23,5930.0,6039.0,5930.0,6006.0,1160.0
2023-11-24,5990.0,6015.0,5916.0,5998.0,310.0
2023-11-28,6029.0,6085.0,6029.0,6066.0,190.0
2023-11-29,6064.0,6075.0,5970.0,6015.0,730.0
2023-11-30,5955.0,6000.0,5899.0,5955.0,470.0
2023-12-01,5911.0,5962.0,5807.0,5842.0,1380.0
2023-12-04,5832.0,5894.0,5750.0,5829.0,3410.0
2023-12-05,5800.0,5893.0,5800.0,5886.0,2110.0
2023-12-06,5880.0,5951.0,5880.0,5948.0,1080.0
2023-12-07,5930.0,5959.0,5857.0,5883.0,610.0
2023-12-08,5888.0,5892.0,5826.0,5851.0,480.0
2023-12-11,5900.0,5900.0,5860.0,5870.0,460.0
2023-12-12,5855.0,5868.0,5799.0,5829.0,1810.0
2023-12-13,5815.0,5853.0,5815.0,5849.0,680.0
2023-12-14,5890.0,5899.0,5842.0,5856.0,440.0
2023-12-15,5850.0,5860.0,5770.0,5789.0,1790.0
2023-12-18,5750.0,5768.0,5702.0,5755.0,1790.0
2023-12-19,5750.0,5818.0,5750.0,5801.0,920.0
2023-12-20,5831.0,5831.0,5663.0,5696.0,3620.0
2023-12-21,5686.0,5755.0,5656.0,5692.0,80.0
2023-12-22,5700.0,5723.0,5700.0,5720.0,140.0
2023-12-26,5723.0,5723.0,5723.0,5723.0,
2023-12-27,5663.0,5718.0,5601.0,5640.0,80.0
2023-12-28,5755.0,5760.0,5750.0,5756.0,80.0
2023-12-29,5737.0,5740.0,5700.0,5727.0,1120.0
2024-01-01,5755.0,5759.0,5687.0,5701.0,2510.0
2024-01-02,5661.0,5725.0,5661.0,5701.0,690.0
2024-01-03,5690.0,5738.0,5690.0,5733.0,130.0
2024-01-04,5780.0,5780.0,5765.0,5774.0,130.0
2024-01-05,5766.0,5766.0,5730.0,5740.0,600.0
2024-01-08,5687.0,5720.0,5602.0,5683.0,700.0
2024-01-09,5690.0,5699.0,5652.0,5673.0,660.0
2024-01-10,5686.0,5691.0,5640.0,5645.0,850.0
2024-01-11,5645.0,5665.0,5623.0,5642.0,3290.0
2024-01-12,5670.0,5698.0,5656.0,5675.0,1170.0
2024-01-15,5662.0,5678.0,5633.0,5647.0,1040.0
2024-01-16,5663.0,5669.0,5591.0,5651.0,2100.0
2024-01-17,5665.0,5680.0,5634.0,5649.0,1850.0
2024-01-18,5631.0,5680.0,5631.0,5664.0,2780.0
2024-01-19,5673.0,5696.0,5647.0,5653.0,1790.0
2024-01-23,5757.0,5762.0,5740.0,5760.0,1250.0
2024-01-24,5721.0,5734.0,5709.0,5720.0,780.0
2024-01-25,5700.0,5743.0,5700.0,5742.0,270.0
2024-01-29,5692.0,5692.0,5635.0,5650.0,770.0
2024-01-30,5663.0,5682.0,5662.0,5677.0,560.0
2024-01-31,5706.0,5706.0,5550.0,5647.0,440.0
2024-02-01,5650.0,5664.0,5600.0,5657.0,840.0
2024-02-02,5660.0,5661.0,5613.0,5632.0,830.0
2024-02-05,5600.0,5630.0,5585.0,5618.0,1650.0
2024-02-06,5604.0,5631.0,5584.0,5597.0,580.0
2024-02-07,5600.0,5652.0,5600.0,5650.0,780.0
2024-02-08,5633.0,5666.0,5610.0,5640.0,1420.0
2024-02-09,5660.0,5660.0,5635.0,5640.0,110.0
2024-02-12,5621.0,5640.0,5600.0,5629.0,3000.0
2024-02-13,5649.0,5695.0,5622.0,5659.0,2060.0
2024-02-14,5652.0,5703.0,5652.0,5691.0,3010.0
2024-02-15,5700.0,5714.0,5670.0,5706.0,2480.0
2024-02-16,5700.0,5704.0,5689.0,5700.0,1080.0
2024-02-19,5707.0,5779.0,5700.0,5775.0,4390.0
2024-02-20,5758.0,5814.0,5736.0,5798.0,6950.0
2024-02-21,5921.0,5921.0,5921.0,5921.0,
2024-02-22,5800.0,5810.0,5800.0,5805.0,10.0
2024-02-23,5900.0,6036.0,5900.0,5980.0,1170.0
2024-02-26,5894.0,5900.0,5880.0,5900.0,350.0
2024-02-27,5953.0,5953.0,5938.0,5946.0,670.0
2024-02-28,5920.0,5929.0,5900.0,5922.0,160.0
2024-02-29,5863.0,5878.0,5790.0,5835.0,670.0
2024-03-01,5851.0,5860.0,5815.0,5841.0,960.0
2024-03-04,5831.0,5874.0,5831.0,5856.0,710.0
2024-03-05,5846.0,5894.0,5846.0,5874.0,240.0
2024-03-06,5900.0,5935.0,5900.0,5933.0,2350.0
2024-03-07,6051.0,6051.0,5830.0,5858.0,790.0
2024-03-11,5890.0,5910.0,5810.0,5904.0,1090.0
2024-03-12,5870.0,5900.0,5870.0,5896.0,270.0
2024-03-13,5924.0,5945.0,5920.0,5942.0,480.0
2024-03-14,5940.0,5974.0,5940.0,5963.0,290.0
2024-03-15,5950.0,5970.0,5910.0,5919.0,590.0
2024-03-18,5893.0,5927.0,5683.0,5924.0,410.0
2024-03-19,5947.0,6010.0,5937.0,5983.0,1160.0
2024-03-20,6008.0,6008.0,5948.0,5965.0,1580.0
2024-03-21,6116.0,6116.0,6116.0,6116.0,
2024-03-22,6131.0,6131.0,6131.0,6131.0,
2024-03-26,6127.0,6127.0,6127.0,6127.0,
2024-03-27,6126.0,6126.0,6126.0,6126.0,
2024-03-28,6125.0,6125.0,6125.0,6125.0,
2024-04-01,6121.0,6121.0,6121.0,6121.0,
2024-04-02,6053.0,6053.0,6053.0,6053.0,
2024-04-03,6076.0,6076.0,6076.0,6076.0,
2024-04-04,6086.0,6086.0,6086.0,6086.0,
2024-04-05,6059.0,6059.0,6059.0,6059.0,
2024-04-08,5989.0,5989.0,5989.0,5989.0,
2024-04-09,5990.0,5990.0,5990.0,5990.0,
2024-04-10,5860.0,5860.0,5860.0,5860.0,10.0
2024-04-12,5800.0,5920.0,5781.0,5894.0,480.0
2024-04-15,5865.0,5884.0,5840.0,5870.0,700.0
2024-04-16,5807.0,5870.0,5787.0,5840.0,530.0
2024-04-18,5837.0,5866.0,5823.0,5851.0,470.0
2024-04-19,5890.0,5949.0,5861.0,5892.0,550.0
2024-04-22,5914.0,5914.0,5914.0,5914.0,
2024-04-23,5928.0,5928.0,5928.0,5928.0,
2024-04-24,5880.0,5880.0,5880.0,5880.0,
2024-04-25,5897.0,5897.0,5897.0,5897.0,
2024-04-26,5878.0,5878.0,5878.0,5878.0,
2024-04-29,5829.0,5829.0,5829.0,5829.0,
2024-04-30,5794.0,5794.0,5794.0,5794.0,
2024-05-02,5800.0,5800.0,5800.0,5800.0,10.0
2024-05-03,5833.0,5833.0,5833.0,5833.0,
2024-05-06,5758.0,5758.0,5758.0,5758.0,
2024-05-07,5708.0,5708.0,5708.0,5708.0,
2024-05-08,5756.0,5756.0,5756.0,5756.0,
2024-05-09,5741.0,5741.0,5741.0,5741.0,
2024-05-10,5729.0,5729.0,5729.0,5729.0,
2024-05-13,5829.0,5829.0,5829.0,5829.0,160.0
2024-05-14,5829.0,5861.0,5799.0,5815.0,1780.0
2024-05-15,5767.0,5767.0,5730.0,5736.0,3040.0
2024-05-16,5740.0,5821.0,5740.0,5803.0,2460.0
2024-05-17,5792.0,5848.0,5790.0,5797.0,4190.0
2024-05-21,5845.0,5845.0,5845.0,5845.0,
2024-05-22,5857.0,5857.0,5857.0,5857.0,
2024-05-23,5856.0,5856.0,5856.0,5856.0,
2024-05-24,5792.0,5839.0,5790.0,5839.0,
2024-05-27,5837.0,5837.0,5837.0,5837.0,
2024-05-28,5846.0,5846.0,5846.0,5846.0,
2024-05-29,5792.0,5895.0,5790.0,5895.0,
2024-05-30,5873.0,5873.0,5873.0,5873.0,
2024-05-31,5792.0,5866.0,5790.0,5866.0,
2024-06-03,5869.0,5869.0,5869.0,5869.0,
2024-06-04,5839.0,5839.0,5839.0,5839.0,
2024-06-05,5800.0,5800.0,5800.0,5800.0,10.0
2024-06-06,5835.0,5845.0,5835.0,5839.0,20.0
2024-06-07,5835.0,5860.0,5845.0,5860.0,
2024-06-10,5831.0,5831.0,5830.0,5831.0,50.0
2024-06-11,5819.0,5819.0,5819.0,5819.0,
2024-06-12,5810.0,5810.0,5810.0,5810.0,10.0
2024-06-13,5810.0,5837.0,5810.0,5837.0,
2024-06-14,5923.0,5923.0,5923.0,5923.0,30.0
2024-06-18,5870.0,5875.0,5830.0,5831.0,260.0
2024-06-19,5815.0,5820.0,5788.0,5799.0,140.0
2024-06-20,5814.0,5845.0,5814.0,5828.0,1620.0
2024-06-21,5886.0,5886.0,5886.0,5886.0,
2024-06-24,5814.0,5898.0,5845.0,5898.0,
2024-06-25,5855.0,5855.0,5855.0,5855.0,
2024-06-26,5889.0,5889.0,5889.0,5889.0,
2024-06-27,5814.0,5873.0,5845.0,5873.0,
2024-06-28,5814.0,5888.0,5845.0,5888.0,
2024-07-01,5911.0,5911.0,5911.0,5911.0,
2024-07-02,5979.0,5979.0,5979.0,5979.0,
2024-07-03,5975.0,5975.0,5975.0,5975.0,
2024-07-04,5814.0,5981.0,5845.0,5981.0,
2024-07-05,6056.0,6056.0,6056.0,6056.0,
2024-07-08,6109.0,6109.0,6105.0,6108.0,20.0
2024-07-09,6150.0,6150.0,6150.0,6150.0,10.0
2024-07-10,6178.0,6178.0,6178.0,6178.0,220.0
2024-07-11,6223.0,6223.0,6223.0,6223.0,
2024-07-12,6235.0,6295.0,6215.0,6245.0,50.0
2024-07-15,6242.0,6271.0,6214.0,6239.0,100.0
2024-07-16,6222.0,6222.0,6180.0,6195.0,320.0
2024-07-18,6202.0,6203.0,6197.0,6201.0,1230.0
2024-07-19,6160.0,6160.0,6140.0,6149.0,360.0
2024-07-22,6244.0,6244.0,6244.0,6244.0,
2024-07-23,6244.0,6244.0,6244.0,6244.0,
2024-07-24,6328.0,6328.0,6328.0,6328.0,
2024-07-25,6319.0,6319.0,6319.0,6319.0,
2024-07-26,6271.0,6271.0,6271.0,6271.0,
2024-07-29,6286.0,6286.0,6286.0,6286.0,
2024-07-30,6274.0,6274.0,6274.0,6274.0,
2024-07-31,6307.0,6307.0,6307.0,6307.0,
2024-08-01,6338.0,6338.0,6338.0,6338.0,110.0
2024-08-02,6331.0,6331.0,6331.0,6331.0,
2024-08-05,6327.0,6327.0,6327.0,6327.0,50.0
2024-08-06,6215.0,6530.0,6215.0,6320.0,50.0
2024-08-07,6319.0,6319.0,6319.0,6319.0,
2024-08-08,6319.0,6319.0,6319.0,6319.0,20.0
2024-08-09,6323.0,6323.0,6323.0,6323.0,110.0
2024-08-12,6365.0,6365.0,6365.0,6365.0,
2024-08-13,6305.0,6305.0,6305.0,6305.0,210.0
2024-08-14,6308.0,6308.0,6308.0,6308.0,30.0
2024-08-16,6297.0,6297.0,6297.0,6297.0,120.0
2024-08-19,6290.0,6290.0,6290.0,6290.0,710.0
2024-08-20,6300.0,6324.0,6272.0,6287.0,1040.0
2024-08-21,6376.0,6376.0,6376.0,6376.0,
2024-08-22,6393.0,6393.0,6393.0,6393.0,
2024-08-23,6304.0,6304.0,6304.0,6304.0,
2024-08-26,6268.0,6268.0,6268.0,6268.0,
2024-08-27,6224.0,6224.0,6224.0,6224.0,
2024-08-28,6214.0,6214.0,6214.0,6214.0,
2024-08-29,6272.0,6272.0,6272.0,6272.0,
2024-08-30,6301.0,6301.0,6301.0,6301.0,
2024-09-02,6271.0,6271.0,6271.0,6271.0,
2024-09-03,6254.0,6254.0,6254.0,6254.0,
2024-09-04,6262.0,6262.0,6262.0,6262.0,
2024-09-05,6278.0,6278.0,6278.0,6278.0,
2024-09-06,6264.0,6264.0,6264.0,6264.0,
2024-09-09,6130.0,6231.0,6015.0,6161.0,50.0
2024-09-10,6186.0,6186.0,6186.0,6186.0,
2024-09-11,6186.0,6186.0,6186.0,6186.0,
2024-09-12,6199.0,6199.0,6199.0,6199.0,170.0
2024-09-13,6265.0,6265.0,6265.0,6265.0,700.0
2024-09-16,6400.0,6413.0,6400.0,6406.0,40.0
2024-09-17,6518.0,6577.0,6485.0,6548.0,1730.0
2024-09-18,6501.0,6669.0,6499.0,6629.0,4650.0
2024-09-19,6628.0,6628.0,6505.0,6525.0,6500.0
2024-09-20,6550.0,6620.0,6537.0,6610.0,2070.0
2024-09-23,6744.0,6744.0,6744.0,6744.0,
2024-09-24,6767.0,6767.0,6767.0,6767.0,
2024-09-25,6924.0,6924.0,6924.0,6924.0,10.0
2024-09-26,6885.0,7000.0,6885.0,6959.0,270.0
2024-09-27,6999.0,7025.0,6939.0,7021.0,1180.0
2024-09-30,7040.0,7070.0,7022.0,7062.0,570.0
2024-10-01,6983.0,7100.0,6905.0,7044.0,1920.0
2024-10-03,7030.0,7035.0,6970.0,7002.0,60.0
2024-10-04,6970.0,6971.0,6850.0,6954.0,440.0
2024-10-07,6850.0,6925.0,6808.0,6913.0,1210.0
2024-10-08,6920.0,6959.0,6920.0,6941.0,840.0
2024-10-09,6975.0,6990.0,6961.0,6968.0,1200.0
2024-10-10,6960.0,6960.0,6930.0,6945.0,10.0
2024-10-11,6878.0,6925.0,6878.0,6909.0,80.0
2024-10-14,6901.0,6988.0,6901.0,6918.0,460.0
2024-10-15,6900.0,6970.0,6900.0,6950.0,190.0
2024-10-16,6970.0,6979.0,6955.0,6964.0,1590.0
2024-10-17,6964.0,6964.0,6920.0,6922.0,660.0
2024-10-18,6918.0,6936.0,6855.0,6862.0,1350.0
2024-10-21,7005.0,7005.0,6880.0,6943.0,10.0
2024-10-22,6831.0,6850.0,6831.0,6841.0,20.0
2024-10-23,6806.0,6806.0,6793.0,6800.0,40.0
2024-10-24,6741.0,6804.0,6703.0,6751.0,120.0
2024-10-25,6790.0,6790.0,6790.0,6790.0,10.0
2024-10-28,6854.0,6854.0,6854.0,6854.0,20.0
2024-10-29,6723.0,6724.0,6714.0,6721.0,220.0
2024-10-30,6738.0,6738.0,6738.0,6738.0,30.0
2024-10-31,6751.0,6751.0,6750.0,6751.0,340.0
2024-11-01,6760.0,6760.0,6760.0,6760.0,270.0
2024-11-04,6671.0,6671.0,6671.0,6671.0,10.0
2024-11-05,6661.0,6661.0,6661.0,6661.0,10.0
2024-11-06,6731.0,6731.0,6731.0,6731.0,20.0
2024-11-07,6769.0,6821.0,6762.0,6808.0,390.0
2024-11-08,6777.0,6810.0,6744.0,6786.0,230.0
2024-11-11,6999.0,6999.0,6735.0,6767.0,1850.0
2024-11-12,6735.0,6735.0,6735.0,6735.0,400.0
2024-11-13,6696.0,6735.0,6696.0,6735.0,500.0
2024-11-14,6740.0,6751.0,6740.0,6748.0,160.0
2024-11-18,6746.0,6746.0,6698.0,6712.0,140.0
2024-11-19,6705.0,6705.0,6665.0,6682.0,80.0
2024-11-21,6714.0,6714.0,6714.0,6714.0,
2024-11-22,6630.0,6630.0,6630.0,6630.0,
2024-11-25,6632.0,6632.0,6632.0,6632.0,
2024-11-26,6641.0,6641.0,6641.0,6641.0,
2024-11-27,6595.0,6595.0,6595.0,6595.0,
2024-11-28,6599.0,6599.0,6599.0,6599.0,
2024-11-29,6614.0,6614.0,6614.0,6614.0,
2024-12-02,6620.0,6622.0,6620.0,6621.0,110.0
2024-12-03,6620.0,6620.0,6620.0,6620.0,90.0
2024-12-04,6610.0,6610.0,6600.0,6600.0,210.0
2024-12-05,6560.0,6560.0,6435.0,6521.0,60.0
2024-12-06,6435.0,6525.0,6435.0,6506.0,60.0
2024-12-09,6533.0,6533.0,6533.0,6533.0,
2024-12-10,6377.0,6379.0,6369.0,6377.0,150.0
2024-12-11,6395.0,6404.0,6350.0,6362.0,440.0
2024-12-12,6381.0,6433.0,6381.0,6396.0,240.0
2024-12-13,6380.0,6380.0,6380.0,6380.0,10.0
2024-12-16,6355.0,6355.0,6300.0,6323.0,250.0
2024-12-17,6265.0,6333.0,6260.0,6280.0,50.0
2024-12-18,6330.0,6366.0,6330.0,6358.0,710.0
2024-12-19,6380.0,6380.0,6360.0,6371.0,530.0
2024-12-20,6360.0,6414.0,6360.0,6402.0,1220.0
2024-12-23,6410.0,6420.0,6400.0,6407.0,270.0
2024-12-24,6410.0,6410.0,6410.0,6410.0,20.0
2024-12-26,6455.0,6455.0,6455.0,6455.0,10.0
2024-12-27,6445.0,6445.0,6445.0,6445.0,
2024-12-30,6400.0,6410.0,6400.0,6401.0,310.0
2024-12-31,6410.0,6410.0,6400.0,6400.0,530.0
2025-01-01,6450.0,6450.0,6450.0,6450.0,20.0
2025-01-02,6469.0,6469.0,6469.0,6469.0,10.0
2025-01-03,6443.0,6443.0,6443.0,6443.0,
2025-01-06,6330.0,6330.0,6325.0,6329.0,30.0
2025-01-07,6463.0,6463.0,6463.0,6463.0,
2025-01-08,6382.0,6400.0,6350.0,6371.0,1000.0
2025-01-09,6384.0,6400.0,6365.0,6367.0,240.0
2025-01-10,6400.0,6410.0,6380.0,6399.0,60.0
2025-01-13,6410.0,6410.0,6400.0,6408.0,340.0
2025-01-14,6380.0,6410.0,6380.0,6399.0,320.0
2025-01-15,6395.0,6395.0,6380.0,6387.0,150.0
2025-01-16,6401.0,6429.0,6391.0,6421.0,650.0
2025-01-17,6439.0,6439.0,6404.0,6420.0,530.0
2025-01-20,6440.0,6445.0,6403.0,6438.0,450.0
2025-01-21,6430.0,6440.0,6430.0,6435.0,70.0
2025-01-22,6480.0,6480.0,6480.0,6480.0,20.0
2025-01-23,6462.0,6462.0,6348.0,6459.0,610.0
2025-01-24,6450.0,6450.0,6360.0,6364.0,280.0
2025-01-27,6363.0,6363.0,6353.0,6358.0,50.0
2025-01-28,6345.0,6345.0,6300.0,6327.0,140.0
2025-01-29,6300.0,6300.0,6260.0,6277.0,310.0
2025-01-30,6250.0,6260.0,6213.0,6226.0,780.0
2025-01-31,6215.0,6215.0,6201.0,6208.0,20.0
2025-02-01,6272.0,6272.0,6272.0,6272.0,
2025-02-03,6280.0,6280.0,6280.0,6280.0,30.0
2025-02-04,6279.0,6280.0,6210.0,6257.0,500.0
2025-02-05,6250.0,6269.0,6240.0,6265.0,300.0
2025-02-06,6250.0,6289.0,6250.0,6287.0,450.0
2025-02-07,6323.0,6324.0,6310.0,6310.0,190.0
2025-02-10,6300.0,6300.0,6270.0,6284.0,460.0
2025-02-11,6220.0,6250.0,6186.0,6246.0,240.0
2025-02-12,6260.0,6320.0,6260.0,6268.0,60.0
2025-02-13,6265.0,6270.0,6262.0,6268.0,50.0
2025-02-14,6280.0,6280.0,6214.0,6229.0,350.0
2025-02-17,6290.0,6290.0,6290.0,6290.0,
2025-02-18,6209.0,6270.0,6209.0,6260.0,390.0
2025-02-19,6280.0,6306.0,6265.0,6295.0,1310.0
2025-02-20,6257.0,6309.0,6250.0,6271.0,1210.0
2025-02-21,6400.0,6430.0,6400.0,6410.0,30.0
2025-02-24,6395.0,6449.0,6395.0,6410.0,320.0
2025-02-25,6429.0,6450.0,6418.0,6420.0,320.0
2025-02-27,6410.0,6420.0,6408.0,6416.0,100.0
2025-02-28,6410.0,6415.0,6360.0,6398.0,500.0
2025-03-03,6370.0,6370.0,6330.0,6350.0,460.0
2025-03-04,6340.0,6340.0,6320.0,6320.0,210.0
2025-03-05,6380.0,6385.0,6380.0,6383.0,10.0
2025-03-06,6363.0,6363.0,6363.0,6363.0,10.0
2025-03-07,6400.0,6400.0,6375.0,6399.0,430.0
2025-03-10,6350.0,6350.0,6300.0,6302.0,400.0
2025-03-11,6325.0,6348.0,6325.0,6346.0,410.0
2025-03-12,6303.0,6303.0,6303.0,6303.0,50.0
2025-03-13,6330.0,6345.0,6234.0,6238.0,810.0
2025-03-17,6200.0,6272.0,6200.0,6259.0,570.0
2025-03-18,6247.0,6300.0,6247.0,6266.0,1160.0
2025-03-19,6276.0,6306.0,6276.0,6304.0,1860.0
2025-03-20,6310.0,6337.0,6290.0,6309.0,2400.0
2025-03-21,6355.0,6355.0,6355.0,6355.0,
2025-03-24,6427.0,6427.0,6427.0,6427.0,
2025-03-25,6432.0,6432.0,6432.0,6432.0,
2025-03-26,6408.0,6408.0,6408.0,6408.0,
2025-03-27,6383.0,6383.0,6383.0,6383.0,
2025-03-28,6397.0,6397.0,6397.0,6397.0,
2025-04-01,6402.0,6402.0,6402.0,6402.0,
2025-04-02,6441.0,6441.0,6441.0,6441.0,
2025-04-03,6448.0,6448.0,6448.0,6448.0,10.0
2025-04-04,6369.0,6369.0,6330.0,6360.0,790.0
2025-04-07,6300.0,6360.0,6300.0,6318.0,1820.0
2025-04-08,6420.0,6475.0,6404.0,6428.0,11010.0
2025-04-09,6488.0,6510.0,6450.0,6493.0,2790.0
2025-04-11,6471.0,6500.0,6461.0,6487.0,940.0
2025-04-15,6410.0,6461.0,6393.0,6402.0,1280.0
2025-04-16,6378.0,6425.0,6378.0,6416.0,520.0
2025-04-17,6419.0,6461.0,6417.0,6451.0,1360.0
2025-04-21,6472.0,6472.0,6472.0,6472.0,
2025-04-22,6421.0,6421.0,6421.0,6421.0,
2025-04-23,6353.0,6353.0,6353.0,6353.0,
2025-04-24,6361.0,6361.0,6361.0,6361.0,10.0
2025-04-25,6424.0,6424.0,6424.0,6424.0,
2025-04-28,6460.0,6460.0,6402.0,6431.0,10.0
2025-04-29,6391.0,6391.0,6391.0,6391.0,
2025-04-30,6357.0,6357.0,6357.0,6357.0,30.0
2025-05-02,6376.0,6376.0,6376.0,6376.0,
2025-05-05,6310.0,6310.0,6310.0,6310.0,60.0
2025-05-06,6276.0,6288.0,6276.0,6284.0,20.0
2025-05-07,6289.0,6289.0,6289.0,6289.0,
2025-05-08,6306.0,6306.0,6306.0,6306.0,
2025-05-09,6294.0,6294.0,6294.0,6294.0,10.0
2025-05-12,6367.0,6367.0,6367.0,6367.0,
2025-05-13,6440.0,6440.0,6440.0,6440.0,90.0
2025-05-14,6544.0,6544.0,6544.0,6544.0,820.0
2025-05-15,6488.0,6521.0,6480.0,6499.0,690.0
2025-05-16,6495.0,6530.0,6495.0,6507.0,350.0
2025-05-19,6498.0,6506.0,6477.0,6504.0,300.0
2025-05-20,6505.0,6518.0,6460.0,6463.0,1080.0
2025-05-21,6494.0,6494.0,6494.0,6494.0,
2025-05-22,6528.0,6528.0,6528.0,6528.0,
2025-05-23,6475.0,6475.0,6474.0,6475.0,20.0
2025-05-26,6563.0,6563.0,6563.0,6563.0,10.0
2025-05-27,6503.0,6503.0,6503.0,6503.0,30.0
2025-05-28,6514.0,6514.0,6514.0,6514.0,10.0
2025-05-29,6535.0,6545.0,6535.0,6538.0,70.0
2025-05-30,6523.0,6523.0,6523.0,6523.0,
2025-06-02,6480.0,6480.0,6480.0,6480.0,20.0
2025-06-03,6501.0,6501.0,6501.0,6501.0,30.0
2025-06-04,6515.0,6530.0,6515.0,6530.0,140.0
2025-06-05,6545.0,6545.0,6545.0,6545.0,40.0
2025-06-06,6530.0,6530.0,6530.0,6530.0,150.0
2025-06-09,6592.0,6599.0,6580.0,6589.0,700.0
2025-06-10,6600.0,6725.0,6600.0,6650.0,740.0
2025-06-11,6710.0,6710.0,6710.0,6710.0,130.0
2025-06-12,6716.0,6716.0,6716.0,6716.0,610.0
2025-06-13,6681.0,6731.0,6681.0,6710.0,260.0
2025-06-16,6749.0,6782.0,6745.0,6765.0,1060.0
2025-06-17,6765.0,6773.0,6736.0,6744.0,960.0
2025-06-18,6715.0,6753.0,6715.0,6749.0,730.0
2025-06-19,6770.0,6773.0,6755.0,6771.0,1680.0
2025-06-20,6779.0,6801.0,6760.0,6769.0,2260.0
2025-06-23,6864.0,6864.0,6864.0,6864.0,
2025-06-24,6862.0,6862.0,6862.0,6862.0,
2025-06-25,6850.0,6850.0,6850.0,6850.0,
2025-06-26,6897.0,6897.0,6897.0,6897.0,
2025-06-27,6958.0,6958.0,6958.0,6958.0,
2025-06-30,6970.0,6980.0,6970.0,6975.0,10.0
2025-07-01,6956.0,7011.0,6956.0,6984.0,340.0
2025-07-02,6990.0,7039.0,6977.0,7004.0,760.0
2025-07-03,7060.0,7060.0,7001.0,7029.0,460.0
2025-07-04,6990.0,7020.0,6990.0,6999.0,140.0
2025-07-07,6942.0,6942.0,6942.0,6942.0,
2025-07-08,6943.0,7000.0,6943.0,6990.0,470.0
2025-07-09,7000.0,7000.0,6945.0,6960.0,360.0
2025-07-10,6918.0,6938.0,6891.0,6917.0,50.0
2025-07-11,6880.0,6881.0,6829.0,6870.0,350.0
2025-07-14,6868.0,6879.0,6862.0,6867.0,510.0
2025-07-15,6853.0,6883.0,6840.0,6878.0,290.0
2025-07-16,6860.0,6860.0,6825.0,6838.0,380.0
2025-07-17,6825.0,6825.0,6807.0,6820.0,510.0
2025-07-18,6815.0,6826.0,6762.0,6822.0,3550.0
2025-07-21,6822.0,6822.0,6822.0,6822.0,
2025-07-22,6820.0,6820.0,6820.0,6820.0,
2025-07-23,6804.0,6804.0,6804.0,6804.0,
2025-07-24,6850.0,6850.0,6850.0,6850.0,10.0
2025-07-25,6850.0,6850.0,6850.0,6850.0,10.0
2025-07-28,6858.0,6858.0,6750.0,6785.0,30.0
2025-07-29,6751.0,6780.0,6750.0,6756.0,40.0
2025-07-30,6720.0,6735.0,6711.0,6733.0,170.0
2025-07-31,6759.0,6759.0,6759.0,6759.0,
2025-08-01,6722.0,6730.0,6715.0,6729.0,70.0
2025-08-04,6730.0,6741.0,6710.0,6738.0,130.0
2025-08-05,6737.0,6737.0,6702.0,6721.0,30.0
2025-08-06,6721.0,6721.0,6721.0,6721.0,10.0
2025-08-07,6770.0,6770.0,6770.0,6770.0,
2025-08-08,6730.0,6730.0,6730.0,6730.0,10.0
2025-08-11,6701.0,6701.0,6701.0,6701.0,10.0
2025-08-12,6690.0,6690.0,6680.0,6685.0,10.0
2025-08-13,6660.0,6660.0,6660.0,6660.0,10.0
2025-08-14,6675.0,6675.0,6675.0,6675.0,10.0
2025-08-18,6670.0,6692.0,6670.0,6672.0,160.0
2025-08-19,6680.0,6700.0,6680.0,6695.0,130.0
2025-08-20,6718.0,6755.0,6696.0,6749.0,1510.0
2025-08-21,6842.0,6842.0,6842.0,6842.0,
2025-08-22,6858.0,6858.0,6858.0,6858.0,
2025-08-25,6842.0,6842.0,6842.0,6842.0,10.0
2025-08-26,6799.0,6799.0,6799.0,6799.0,
2025-08-28,6765.0,6765.0,6765.0,6765.0,
2025-08-29,6723.0,6723.0,6723.0,6723.0,10.0
2025-09-01,6710.0,6710.0,6710.0,6710.0,10.0
2025-09-02,6702.0,6702.0,6702.0,6702.0,10.0
2025-09-03,6710.0,6710.0,6710.0,6710.0,10.0
2025-09-04,6746.0,6746.0,6746.0,6746.0,10.0
2025-09-05,6718.0,6718.0,6718.0,6718.0,40.0
2025-09-08,6740.0,6740.0,6740.0,6740.0,30.0
2025-09-09,6737.0,6737.0,6737.0,6737.0,
2025-09-10,6745.0,6745.0,6741.0,6743.0,1220.0
2025-09-11,6736.0,6750.0,6730.0,6739.0,40.0
2025-09-12,6693.0,6747.0,6693.0,6714.0,690.0
2025-09-15,6730.0,6730.0,6729.0,6730.0,60.0
2025-09-16,6710.0,6726.0,6710.0,6718.0,510.0
2025-09-17,6714.0,6720.0,6702.0,6712.0,150.0
2025-09-18,6710.0,6710.0,6670.0,6680.0,970.0
2025-09-19,6665.0,6668.0,6642.0,6648.0,3930.0
2025-09-22,6665.0,6665.0,6665.0,6665.0,60.0
2025-09-23,6632.0,6632.0,6632.0,6632.0,10.0
2025-09-24,6620.0,6620.0,6595.0,6615.0,140.0
2025-09-25,6595.0,6620.0,6556.0,6583.0,190.0
2025-09-26,6548.0,6548.0,6540.0,6545.0,150.0
2025-09-29,6598.0,6615.0,6597.0,6607.0,190.0
2025-09-30,6650.0,6650.0,6650.0,6650.0,10.0
2025-10-01,6676.0,6730.0,6661.0,6694.0,190.0
2025-10-03,6660.0,6660.0,6616.0,6629.0,50.0
2025-10-06,6575.0,6617.0,6575.0,6581.0,40.0
2025-10-07,6635.0,6635.0,6635.0,6635.0,10.0
2025-10-08,6630.0,6630.0,6630.0,6630.0,250.0
2025-10-09,6630.0,6630.0,6630.0,6630.0,120.0
2025-10-10,6640.0,6674.0,6637.0,6672.0,180.0
2025-10-13,6741.0,6796.0,6741.0,6781.0,730.0
2025-10-14,6780.0,6780.0,6740.0,6749.0,310.0
2025-10-15,6721.0,6760.0,6720.0,6725.0,1170.0
2025-10-16,6745.0,6848.0,6745.0,6837.0,600.0
2025-10-17,6831.0,6839.0,6788.0,6824.0,1520.0
2025-10-20,6913.0,6914.0,6828.0,6833.0,1830.0
2025-10-21,6896.0,6896.0,6896.0,6896.0,
2025-10-23,6853.0,6853.0,6853.0,6853.0,
2025-10-24,6817.0,6817.0,6817.0,6817.0,
2025-10-27,6824.0,6824.0,6824.0,6824.0,
2025-10-28,6731.0,6731.0,6719.0,6725.0,10.0
2025-10-29,6690.0,6698.0,6690.0,6694.0,10.0
2025-10-30,6772.0,6830.0,6772.0,6792.0,80.0
2025-10-31,6790.0,6810.0,6790.0,6805.0,30.0
2025-11-03,6904.0,6904.0,6904.0,6904.0,
2025-11-04,6887.0,6887.0,6887.0,6887.0,
2025-11-06,6728.0,6797.0,6728.0,6759.0,80.0
2025-11-07,6731.0,6789.0,6676.0,6732.0,80.0
2025-11-10,6788.0,6788.0,6768.0,6778.0,20.0
2025-11-11,6800.0,6848.0,6800.0,6820.0,90.0
2025-11-12,6820.0,6820.0,6820.0,6820.0,20.0
2025-11-13,6788.0,6837.0,6788.0,6805.0,30.0
2025-11-14,6820.0,6820.0,6735.0,6738.0,120.0
2025-11-17,6760.0,6818.0,6760.0,6788.0,110.0
2025-11-18,6820.0,6926.0,6807.0,6910.0,1050.0
2025-11-19,6925.0,6998.0,6880.0,6911.0,1740.0
2025-11-20,6881.0,6917.0,6881.0,6896.0,290.0
2025-11-21,6878.0,6878.0,6878.0,6878.0,
2025-11-24,6902.0,6902.0,6902.0,6902.0,
2025-11-25,6877.0,6877.0,6877.0,6877.0,
2025-11-26,6901.0,6901.0,6901.0,6901.0,
2025-11-27,6904.0,6904.0,6904.0,6904.0,
2025-11-28,6945.0,6945.0,6945.0,6945.0,
2025-12-01,6982.0,6982.0,6982.0,6982.0,
2025-12-02,6968.0,6975.0,6968.0,6972.0,10.0
2025-12-03,7088.0,7088.0,6900.0,6994.0,10.0
2025-12-04,7096.0,7096.0,7096.0,7096.0,10.0
2025-12-05,7069.0,7069.0,7069.0,7069.0,
2025-12-08,7010.0,7010.0,7010.0,7010.0,
2025-12-09,6900.0,6900.0,6900.0,6900.0,160.0
2025-12-10,6900.0,6900.0,6900.0,6900.0,80.0
2025-12-11,6895.0,6900.0,6875.0,6890.0,250.0
2025-12-12,6875.0,6875.0,6860.0,6867.0,70.0
2025-12-15,6870.0,6870.0,6864.0,6870.0,220.0
2025-12-16,6880.0,6880.0,6843.0,6859.0,550.0
2025-12-17,6820.0,6876.0,6820.0,6869.0,510.0
2025-12-18,6860.0,6937.0,6860.0,6918.0,1410.0
2025-12-19,6925.0,6925.0,6895.0,6909.0,510.0
2025-12-22,6943.0,6943.0,6943.0,6943.0,
2025-12-23,6909.0,6909.0,6909.0,6909.0,
2025-12-24,6800.0,6800.0,6800.0,6800.0,10.0
2025-12-26,6800.0,6800.0,6700.0,6759.0,330.0
2025-12-29,6680.0,6690.0,6680.0,6685.0,40.0
2025-12-30,6680.0,6740.0,6680.0,6703.0,50.0
2025-12-31,6700.0,6700.0,6670.0,6678.0,190.0
2026-01-01,6670.0,6700.0,6670.0,6681.0,330.0
2026-01-02,6690.0,6690.0,6690.0,6690.0,20.0
2026-01-05,6685.0,6690.0,6685.0,6690.0,1030.0
2026-01-06,6659.0,6660.0,6634.0,6641.0,2360.0
2026-01-07,6630.0,6680.0,6630.0,6679.0,1430.0
2026-01-08,6666.0,6677.0,6642.0,6654.0,470.0
2026-01-09,6670.0,6675.0,6660.0,6662.0,370.0
2026-01-12,6640.0,6640.0,6625.0,6632.0,160.0
2026-01-13,6595.0,6595.0,6539.0,6541.0,930.0
2026-01-14,6485.0,6508.0,6475.0,6481.0,160.0
2026-01-16,6520.0,6520.0,6500.0,6500.0,510.0
2026-01-19,6457.0,6490.0,6419.0,6489.0,1680.0
2026-01-20,6480.0,6517.0,6479.0,6499.0,550.0
2026-01-21,6592.0,6592.0,6592.0,6592.0,
2026-01-22,6563.0,6563.0,6563.0,6563.0,
2026-01-23,6558.0,6558.0,6558.0,6558.0,
2026-01-27,6500.0,6500.0,6500.0,6500.0,610.0
2026-01-28,6480.0,6480.0,6480.0,6480.0,10.0
2026-01-29,6448.0,6454.0,6448.0,6451.0,70.0
2026-01-30,6500.0,6500.0,6480.0,6481.0,140.0
2026-02-01,6452.0,6452.0,6452.0,6452.0,10.0
2026-02-02,6440.0,6450.0,6440.0,6450.0,180.0
2026-02-03,6450.0,6450.0,6450.0,6450.0,100.0
2026-02-04,6514.0,6514.0,6514.0,6514.0,70.0
2026-02-05,6512.0,6512.0,6512.0,6512.0,30.0
2026-02-06,6464.0,6464.0,6454.0,6462.0,110.0
2026-02-09,6512.0,6512.0,6512.0,6512.0,10.0
2026-02-10,6510.0,6580.0,6502.0,6532.0,1150.0
2026-02-11,6520.0,6520.0,6440.0,6457.0,900.0
2026-02-12,6449.0,6450.0,6427.0,6435.0,450.0
2026-02-13,6430.0,6483.0,6430.0,6477.0,1410.0
2026-02-16,6462.0,6462.0,6436.0,6440.0,1410.0
2026-02-17,6380.0,6434.0,6372.0,6400.0,1250.0
2026-02-18,6416.0,6416.0,6310.0,6343.0,990.0
2026-02-19,6350.0,6410.0,6350.0,6399.0,430.0
2026-02-20,6386.0,6400.0,6364.0,6390.0,770.0
2026-02-23,6624.0,6624.0,6624.0,6624.0,
2026-02-24,6370.0,6370.0,6360.0,6369.0,60.0
2026-02-25,6348.0,6350.0,6348.0,6349.0,20.0
2026-02-26,6312.0,6312.0,6312.0,6312.0,
2026-02-27,6282.0,6282.0,6282.0,6282.0,10.0
2026-03-02,6351.0,6351.0,6351.0,6351.0,10.0
2026-03-04,6300.0,6300.0,6300.0,6300.0,10.0
2026-03-05,6301.0,6350.0,6301.0,6350.0,210.0
2026-03-06,6367.0,6367.0,6367.0,6367.0,
2026-03-09,6482.0,6482.0,6482.0,6482.0,
2026-03-10,6401.0,6450.0,6401.0,6443.0,510.0
2026-03-11,6438.0,6518.0,6438.0,6514.0,2350.0
2026-03-12,6540.0,6540.0,6453.0,6468.0,340.0
2026-03-13,6421.0,6518.0,6421.0,6500.0,390.0
2026-03-16,6521.0,6554.0,6468.0,6485.0,1450.0
2026-03-17,6490.0,6501.0,6454.0,6481.0,920.0
2026-03-18,6480.0,6500.0,6475.0,6487.0,2710.0
2026-03-19,6483.0,6552.0,6483.0,6539.0,1480.0
2026-03-20,6548.0,6598.0,6521.0,6573.0,1440.0
2026-03-23,6628.0,6628.0,6628.0,6628.0,
2026-03-24,6648.0,6648.0,6648.0,6648.0,
2026-03-25,6695.0,6695.0,6695.0,6695.0,
2026-03-27,6659.0,6659.0,6659.0,6659.0,
2026-03-30,6678.0,6678.0,6678.0,6678.0,
2026-04-01,6621.0,6621.0,6621.0,6621.0,
2026-04-02,6595.0,6595.0,6595.0,6595.0,
2026-04-06,6520.0,6520.0,6500.0,6507.0,30.0
2026-04-07,6522.0,6522.0,6522.0,6522.0,
2026-04-08,6507.0,6507.0,6507.0,6507.0,
2026-04-09,6500.0,6500.0,6500.0,6500.0,30.0
2026-04-10,6510.0,6510.0,6510.0,6510.0,
2026-04-13,6620.0,6660.0,6562.0,6601.0,100.0
2026-04-15,6520.0,6540.0,6510.0,6516.0,50.0
2026-04-16,6580.0,6580.0,6534.0,6556.0,30.0
2026-04-17,6593.0,6593.0,6560.0,6570.0,230.0
2026-04-20,6552.0,6552.0,6460.0,6511.0,680.0
2026-04-21,6618.0,6618.0,6618.0,6618.0,
2026-04-22,6654.0,6654.0,6654.0,6654.0,
2026-04-23,6673.0,6673.0,6673.0,6673.0,
2026-04-24,6664.0,6664.0,6664.0,6664.0,
2026-04-27,6620.0,6620.0,6620.0,6620.0,
2026-04-28,6653.0,6653.0,6653.0,6653.0,
2026-04-29,6685.0,6685.0,6685.0,6685.0,
2026-04-30,6693.0,6693.0,6693.0,6693.0,
