date,open,high,low,close,volume
2017-01-02,16520.0,16800.0,16505.0,16780.0,1540.0
2017-01-03,16870.0,17090.0,16820.0,16925.0,1620.0
2017-01-04,16900.0,16900.0,16655.0,16690.0,950.0
2017-01-05,16795.0,16915.0,16720.0,16780.0,840.0
2017-01-06,16770.0,17110.0,16630.0,17040.0,2310.0
2017-01-09,17010.0,17280.0,16925.0,17145.0,3470.0
2017-01-10,17100.0,17225.0,16725.0,16810.0,3160.0
2017-01-11,16750.0,17035.0,16725.0,16990.0,2520.0
2017-01-12,16990.0,17260.0,16910.0,17205.0,2840.0
2017-01-13,17220.0,17470.0,17205.0,17400.0,2700.0
2017-01-16,17335.0,17640.0,17335.0,17585.0,2210.0
2017-01-17,17585.0,17750.0,17425.0,17610.0,2970.0
2017-01-18,17565.0,17695.0,17475.0,17535.0,2180.0
2017-01-19,17490.0,17600.0,17355.0,17485.0,2060.0
2017-01-20,17545.0,17950.0,17510.0,17880.0,4230.0
2017-01-23,17830.0,18090.0,17690.0,18055.0,990.0
2017-01-24,17995.0,18000.0,17730.0,17805.0,820.0
2017-01-25,17750.0,18160.0,17595.0,18160.0,820.0
2017-01-27,18170.0,18200.0,17460.0,17625.0,1870.0
2017-01-30,17455.0,17495.0,17275.0,17415.0,1130.0
2017-01-31,17425.0,17660.0,17425.0,17615.0,420.0
2017-02-01,17585.0,17845.0,17550.0,17645.0,590.0
2017-02-02,17580.0,17730.0,17385.0,17645.0,1170.0
2017-02-03,17620.0,17620.0,17425.0,17515.0,430.0
2017-02-06,17450.0,17450.0,17130.0,17150.0,1230.0
2017-02-07,17150.0,17160.0,17025.0,17080.0,1320.0
2017-02-08,17175.0,17250.0,17050.0,17185.0,630.0
2017-02-09,17205.0,17220.0,17020.0,17060.0,810.0
2017-02-10,16990.0,17050.0,16835.0,16950.0,1590.0
2017-02-13,16860.0,16900.0,16660.0,16705.0,1270.0
2017-02-14,16640.0,16860.0,16635.0,16765.0,820.0
2017-02-15,16785.0,17045.0,16785.0,16930.0,1270.0
2017-02-16,16975.0,17045.0,16825.0,16885.0,920.0
2017-02-17,16895.0,17140.0,16875.0,17040.0,1310.0
2017-02-20,16975.0,16990.0,16760.0,16795.0,1370.0
2017-02-21,16790.0,17130.0,16710.0,17130.0,1530.0
2017-02-22,17135.0,17390.0,17080.0,17190.0,2009.9999999999998
2017-02-23,17165.0,17175.0,17010.0,17100.0,1510.0
2017-02-24,17100.0,17100.0,17100.0,17100.0,
2017-02-27,16915.0,16915.0,16435.0,16495.0,3200.0
2017-02-28,16385.0,16760.0,16385.0,16730.0,3100.0
2017-03-01,16620.0,16925.0,16620.0,16710.0,3070.0
2017-03-02,16700.0,17055.0,16605.0,16985.0,4200.0
2017-03-03,16940.0,16975.0,16650.0,16710.0,4250.0
2017-03-06,16515.0,16800.0,16455.0,16670.0,5020.0
2017-03-07,16610.0,17090.0,16560.0,16970.0,8630.0
2017-03-08,16970.0,17020.0,16810.0,16920.0,5190.0
2017-03-09,16855.0,17430.0,16855.0,17220.0,9830.0
2017-03-10,17300.0,17370.0,16955.0,17010.0,9340.0
2017-03-14,16905.0,17025.0,16670.0,16740.0,4380.0
2017-03-15,16775.0,16960.0,16760.0,16855.0,3400.0
2017-03-16,16950.0,17070.0,16815.0,16960.0,4560.0
2017-03-17,16850.0,16940.0,16725.0,16865.0,4120.0
2017-03-20,17100.0,17385.0,17000.0,17220.0,9420.0
2017-03-21,17360.0,17520.0,17150.0,17190.0,1750.0
2017-03-22,17155.0,17475.0,17100.0,17440.0,2020.0
2017-03-23,17410.0,18135.0,17410.0,18135.0,6180.0
2017-03-24,18140.0,18740.0,18050.0,18145.0,7280.0
2017-03-27,18230.0,18505.0,17965.0,18025.0,4059.9999999999995
2017-03-28,18080.0,18745.0,18080.0,18540.0,5640.0
2017-03-29,18440.0,18640.0,18375.0,18440.0,5440.0
2017-03-30,18380.0,18585.0,18090.0,18170.0,4560.0
2017-03-31,18165.0,18420.0,18010.0,18120.0,5760.0
2017-04-03,18380.0,18840.0,18380.0,18840.0,8360.0
2017-04-04,18840.0,18840.0,18840.0,18840.0,
2017-04-05,19215.0,19330.0,18700.0,18870.0,14390.0
2017-04-06,18760.0,19490.0,18635.0,19365.0,13250.0
2017-04-07,19370.0,19630.0,18810.0,19115.0,17270.0
2017-04-10,19115.0,19300.0,18930.0,19190.0,11650.0
2017-04-11,19250.0,19745.0,19250.0,19495.0,14270.0
2017-04-12,19440.0,19470.0,18970.0,19250.0,12810.0
2017-04-13,19025.0,19260.0,18920.0,19005.0,9800.0
2017-04-17,19115.0,19725.0,19115.0,19415.0,13490.0
2017-04-18,19325.0,19545.0,19100.0,19450.0,9410.0
2017-04-19,19770.0,19800.0,19340.0,19400.0,12620.0
2017-04-20,19400.0,19585.0,19255.0,19375.0,10310.0
2017-04-21,19500.0,19570.0,19205.0,19255.0,1170.0
2017-04-24,19370.0,19420.0,18890.0,19085.0,2009.9999999999998
2017-04-25,19050.0,19615.0,19050.0,19550.0,2520.0
2017-04-26,19550.0,19610.0,19315.0,19380.0,3810.0
2017-04-27,19420.0,19440.0,19190.0,19270.0,2600.0
2017-04-28,19275.0,19655.0,19250.0,19655.0,6620.0
2017-05-02,19880.0,19910.0,18990.0,19100.0,7130.0
2017-05-03,19020.0,19040.0,18350.0,18420.0,9020.0
2017-05-04,18400.0,18580.0,18190.0,18465.0,8270.0
2017-05-05,18500.0,18650.0,17870.0,18470.0,11420.0
2017-05-08,18460.0,18680.0,18280.0,18385.0,7300.0
2017-05-09,18385.0,18685.0,18215.0,18565.0,9620.0
2017-05-10,18510.0,18530.0,18315.0,18410.0,6860.0
2017-05-11,18420.0,18760.0,18380.0,18585.0,6280.0
2017-05-12,18715.0,18720.0,18460.0,18545.0,5190.0
2017-05-15,18380.0,18390.0,17885.0,17945.0,6990.0
2017-05-16,17950.0,18180.0,17800.0,18140.0,7280.0
2017-05-17,18235.0,18270.0,17875.0,17925.0,6820.0
2017-05-18,17945.0,18065.0,17665.0,17935.0,8780.0
2017-05-19,18000.0,18370.0,18000.0,18265.0,6620.0
2017-05-22,18320.0,18380.0,18225.0,18280.0,560.0
2017-05-23,18260.0,18280.0,18000.0,18200.0,1500.0
2017-05-24,18105.0,18150.0,17700.0,17745.0,1660.0
2017-05-25,17735.0,17950.0,17610.0,17790.0,2380.0
2017-05-26,17645.0,18050.0,17615.0,18000.0,2950.0
2017-05-29,18000.0,18020.0,17420.0,17550.0,3020.0
2017-05-30,17575.0,17820.0,17420.0,17700.0,4800.0
2017-05-31,17700.0,17785.0,17405.0,17725.0,4480.0
2017-06-01,17750.0,17880.0,17710.0,17775.0,2230.0
2017-06-02,17720.0,17835.0,17530.0,17705.0,5230.0
2017-06-05,17585.0,18275.0,17585.0,18235.0,8510.0
2017-06-06,18235.0,18580.0,18105.0,18220.0,7790.0
2017-06-07,18170.0,18285.0,17960.0,18110.0,4500.0
2017-06-08,18150.0,18470.0,18135.0,18415.0,5130.0
2017-06-09,18340.0,18480.0,18260.0,18315.0,4190.0
2017-06-12,18325.0,18520.0,18205.0,18245.0,5520.0
2017-06-13,18260.0,18425.0,18175.0,18270.0,3340.0
2017-06-14,18295.0,18680.0,18290.0,18605.0,5400.0
2017-06-15,18530.0,19055.0,18475.0,18720.0,7860.0
2017-06-16,18730.0,19080.0,18660.0,18965.0,6610.0
2017-06-19,18890.0,19230.0,18810.0,19040.0,8410.0
2017-06-20,18950.0,19095.0,18680.0,18755.0,6640.0
2017-06-21,18745.0,18745.0,18465.0,18500.0,790.0
2017-06-22,18345.0,18510.0,18265.0,18405.0,960.0
2017-06-23,18475.0,18690.0,18405.0,18640.0,1280.0
2017-06-27,18545.0,19010.0,18545.0,18990.0,1640.0
2017-06-28,18915.0,19350.0,18915.0,19115.0,2480.0
2017-06-29,19120.0,19135.0,18870.0,19015.0,2940.0
2017-06-30,18960.0,19290.0,18950.0,19070.0,3600.0
2017-07-03,19070.0,19170.0,18840.0,18875.0,3240.0
2017-07-04,18825.0,18965.0,18200.0,18290.0,7530.0
2017-07-05,18290.0,18450.0,18245.0,18335.0,4940.0
2017-07-06,18360.0,18650.0,18140.0,18520.0,7490.0
2017-07-07,18485.0,18585.0,18370.0,18495.0,3520.0
2017-07-10,18565.0,18785.0,18520.0,18680.0,5660.0
2017-07-11,18770.0,18835.0,18370.0,18520.0,5650.0
2017-07-12,18595.0,19180.0,18525.0,19105.0,10590.0
2017-07-13,19180.0,19865.0,19070.0,19835.0,15840.0
2017-07-14,19800.0,20145.0,19690.0,20025.0,11390.0
2017-07-17,19955.0,20135.0,19630.0,19885.0,12940.0
2017-07-18,19800.0,19915.0,19660.0,19735.0,5780.0
2017-07-19,19640.0,19880.0,19600.0,19785.0,5800.0
2017-07-20,19650.0,19800.0,19555.0,19620.0,6390.0
2017-07-21,19770.0,20085.0,19615.0,19760.0,1370.0
2017-07-24,19550.0,19550.0,19160.0,19350.0,1490.0
2017-07-25,19290.0,19500.0,19225.0,19285.0,1410.0
2017-07-26,19395.0,19695.0,19270.0,19615.0,2029.9999999999998
2017-07-27,19615.0,19810.0,19225.0,19225.0,3310.0
2017-07-28,19210.0,19515.0,19190.0,19420.0,4480.0
2017-07-31,19395.0,19695.0,19395.0,19525.0,4250.0
2017-08-01,19480.0,19555.0,19330.0,19370.0,2430.0
2017-08-02,19260.0,19350.0,18985.0,19155.0,4019.9999999999995
2017-08-03,19145.0,19380.0,19140.0,19240.0,3320.0
2017-08-04,19375.0,19750.0,19285.0,19675.0,6320.0
2017-08-07,19690.0,19725.0,19460.0,19505.0,3430.0
2017-08-08,19400.0,19620.0,19340.0,19470.0,4390.0
2017-08-09,19460.0,19570.0,19345.0,19390.0,4860.0
2017-08-10,19400.0,19600.0,19250.0,19320.0,5550.0
2017-08-11,19280.0,19650.0,19130.0,19520.0,8950.0
2017-08-14,19600.0,19650.0,19330.0,19375.0,3700.0
2017-08-16,19300.0,19850.0,19250.0,19705.0,7040.0
2017-08-17,19810.0,19870.0,19510.0,19610.0,4480.0
2017-08-18,19565.0,19825.0,19545.0,19660.0,5160.0
2017-08-21,19900.0,20005.0,19825.0,19940.0,2450.0
2017-08-22,20035.0,20050.0,19685.0,19760.0,1870.0
2017-08-23,19825.0,19950.0,19635.0,19930.0,1030.0
2017-08-24,20000.0,20385.0,19985.0,20275.0,2240.0
2017-08-28,20140.0,20220.0,19675.0,19795.0,2770.0
2017-08-29,19780.0,19905.0,19640.0,19790.0,3480.0
2017-08-30,19850.0,19950.0,19800.0,19850.0,2360.0
2017-08-31,19900.0,20055.0,19850.0,19985.0,3860.0
2017-09-01,20000.0,20035.0,19190.0,19270.0,7400.0
2017-09-04,19310.0,19430.0,19295.0,19355.0,1610.0
2017-09-05,19370.0,19540.0,19225.0,19455.0,2630.0
2017-09-06,19550.0,19550.0,19340.0,19455.0,1800.0
2017-09-07,19420.0,19440.0,19300.0,19345.0,1760.0
2017-09-08,19300.0,19490.0,19205.0,19330.0,3850.0
2017-09-11,19305.0,19480.0,19030.0,19195.0,3980.0
2017-09-12,19065.0,19250.0,19065.0,19185.0,3820.0
2017-09-13,19170.0,19395.0,19170.0,19305.0,2640.0
2017-09-14,19325.0,19730.0,19290.0,19675.0,7390.0
2017-09-15,19735.0,19780.0,19560.0,19670.0,3840.0
2017-09-18,19710.0,19890.0,19480.0,19565.0,4500.0
2017-09-19,19525.0,19875.0,19525.0,19695.0,3450.0
2017-09-20,19730.0,19730.0,19565.0,19645.0,5220.0
2017-09-21,19740.0,19810.0,19600.0,19635.0,890.0
2017-09-22,19580.0,19645.0,19340.0,19415.0,1790.0
2017-09-25,19400.0,19400.0,18910.0,19120.0,4690.0
2017-09-26,19015.0,19215.0,18960.0,19195.0,2570.0
2017-09-27,19135.0,19185.0,18930.0,18985.0,2070.0
2017-09-28,19040.0,19160.0,18860.0,19060.0,5050.0
2017-09-29,19100.0,19380.0,19100.0,19255.0,2240.0
2017-10-03,19250.0,19545.0,19230.0,19340.0,4260.0
2017-10-04,19300.0,19380.0,19150.0,19200.0,3180.0
2017-10-05,19180.0,19290.0,19110.0,19240.0,1800.0
2017-10-06,19285.0,19285.0,19140.0,19195.0,1540.0
2017-10-09,19075.0,19160.0,18675.0,18880.0,5160.0
2017-10-10,18825.0,19065.0,18805.0,18950.0,3350.0
2017-10-11,19000.0,19145.0,18850.0,19000.0,2940.0
2017-10-12,19065.0,19140.0,19000.0,19075.0,2230.0
2017-10-13,19100.0,19150.0,18845.0,18915.0,3340.0
2017-10-16,18950.0,19020.0,18745.0,18840.0,790.0
2017-10-17,18885.0,18930.0,18850.0,18920.0,460.0
2017-10-18,18870.0,18965.0,18860.0,18935.0,440.0
2017-10-19,19020.0,19050.0,18955.0,19015.0,200.0
2017-10-23,18960.0,19120.0,18835.0,18875.0,680.0
2017-10-24,18900.0,19010.0,18755.0,18955.0,1790.0
2017-10-25,18945.0,19400.0,18920.0,19355.0,3480.0
2017-10-26,19420.0,19520.0,19375.0,19420.0,2270.0
2017-10-27,19385.0,19390.0,19070.0,19170.0,2680.0
2017-10-30,19145.0,19145.0,18790.0,18895.0,3110.0
2017-10-31,18830.0,18950.0,18710.0,18860.0,2360.0
2017-11-01,18810.0,19070.0,18800.0,19015.0,3390.0
2017-11-02,18990.0,19070.0,18900.0,19015.0,1940.0
2017-11-03,18965.0,19280.0,18965.0,19220.0,2540.0
2017-11-06,19300.0,19300.0,19000.0,19035.0,1520.0
2017-11-07,18965.0,19030.0,18860.0,18940.0,2560.0
2017-11-08,18950.0,18990.0,18870.0,18955.0,1980.0
2017-11-09,18895.0,18980.0,18765.0,18880.0,2970.0
2017-11-10,18860.0,18920.0,18770.0,18855.0,3020.0
2017-11-13,18800.0,19230.0,18755.0,19185.0,4300.0
2017-11-14,19150.0,19740.0,19100.0,19650.0,6470.0
2017-11-15,19630.0,19760.0,19525.0,19655.0,2760.0
2017-11-16,19580.0,19740.0,19580.0,19710.0,1070.0
2017-11-17,19620.0,19960.0,19620.0,19865.0,2830.0
2017-11-20,19900.0,20445.0,19900.0,20345.0,4200.0
2017-11-21,19800.0,19900.0,19450.0,19535.0,1290.0
2017-11-22,19570.0,19800.0,19550.0,19785.0,230.0
2017-11-23,19915.0,20575.0,19915.0,20575.0,2130.0
2017-11-24,20900.0,21030.0,20450.0,20505.0,3370.0
2017-11-27,20320.0,20900.0,20205.0,20835.0,1020.0
2017-11-28,20980.0,21500.0,20900.0,21365.0,2770.0
2017-11-29,21550.0,21555.0,21025.0,21275.0,1850.0
2017-11-30,21240.0,21735.0,21190.0,21620.0,2009.9999999999998
2017-12-01,21550.0,21550.0,21300.0,21380.0,1470.0
2017-12-04,21500.0,22100.0,21500.0,22020.0,2920.0
2017-12-05,22460.0,22460.0,21580.0,21765.0,5980.0
2017-12-06,21795.0,21970.0,21475.0,21655.0,3650.0
2017-12-07,21690.0,21770.0,21470.0,21670.0,4230.0
2017-12-08,21650.0,21770.0,21370.0,21520.0,4390.0
2017-12-11,21695.0,21695.0,21125.0,21365.0,3920.0
2017-12-12,21380.0,22020.0,21255.0,21865.0,5180.0
2017-12-13,21875.0,22045.0,21700.0,21905.0,3420.0
2017-12-14,21910.0,21910.0,21320.0,21495.0,4059.9999999999995
2017-12-15,21535.0,21650.0,21240.0,21450.0,3950.0
2017-12-18,21550.0,21700.0,21370.0,21625.0,2150.0
2017-12-19,21670.0,21780.0,21490.0,21630.0,2550.0
2017-12-20,21630.0,21950.0,21570.0,21745.0,3820.0
2017-12-21,17750.0,17800.0,17590.0,17705.0,920.0
2017-12-22,17590.0,17710.0,17535.0,17690.0,700.0
2017-12-26,17620.0,18040.0,17530.0,17605.0,960.0
2017-12-27,17650.0,17745.0,17550.0,17690.0,570.0
2017-12-28,17565.0,17800.0,17530.0,17780.0,1220.0
2017-12-29,17825.0,17900.0,17680.0,17730.0,600.0
2018-01-01,17700.0,17800.0,17680.0,17750.0,260.0
2018-01-02,17790.0,17820.0,17700.0,17755.0,660.0
2018-01-03,17775.0,17775.0,17655.0,17695.0,1260.0
2018-01-04,17725.0,18025.0,17345.0,17390.0,2320.0
2018-01-05,17300.0,17430.0,17255.0,17330.0,1750.0
2018-01-08,17235.0,17580.0,17125.0,17455.0,2650.0
2018-01-09,17495.0,17510.0,17245.0,17325.0,1980.0
2018-01-10,17320.0,17405.0,16755.0,16850.0,5530.0
2018-01-11,16780.0,16970.0,16780.0,16915.0,2130.0
2018-01-12,16900.0,16945.0,16810.0,16890.0,1100.0
2018-01-15,16885.0,17190.0,16775.0,16925.0,3200.0
2018-01-16,16980.0,16980.0,16650.0,16725.0,1780.0
2018-01-17,16865.0,16865.0,16640.0,16675.0,1480.0
2018-01-18,16605.0,16770.0,16570.0,16610.0,1790.0
2018-01-19,16650.0,16705.0,16485.0,16560.0,1510.0
2018-01-22,16815.0,16835.0,16720.0,16785.0,90.0
2018-01-23,16775.0,16850.0,16650.0,16700.0,440.0
2018-01-24,16630.0,16770.0,16630.0,16720.0,150.0
2018-01-25,16780.0,16820.0,16645.0,16715.0,290.0
2018-01-29,16760.0,16860.0,16750.0,16825.0,610.0
2018-01-30,16900.0,16915.0,16620.0,16690.0,300.0
2018-01-31,16790.0,16950.0,16710.0,16835.0,790.0
2018-02-01,16775.0,16960.0,16740.0,16895.0,220.0
2018-02-02,16990.0,17040.0,16880.0,16900.0,320.0
2018-02-05,17010.0,17115.0,16990.0,17030.0,300.0
2018-02-06,16960.0,17170.0,16940.0,17110.0,430.0
2018-02-07,17095.0,17280.0,17000.0,17030.0,240.0
2018-02-08,16940.0,16940.0,16690.0,16715.0,870.0
2018-02-09,16665.0,16860.0,16665.0,16725.0,390.0
2018-02-12,16720.0,16750.0,16395.0,16395.0,950.0
2018-02-14,16280.0,16310.0,16120.0,16165.0,750.0
2018-02-15,16155.0,16260.0,15975.0,16065.0,520.0
2018-02-16,15985.0,16075.0,15965.0,16000.0,210.0
2018-02-19,15940.0,15960.0,15640.0,15690.0,600.0
2018-02-20,15670.0,15705.0,15500.0,15620.0,1140.0
2018-02-21,15690.0,16035.0,15620.0,15910.0,1040.0
2018-02-22,15870.0,16000.0,15630.0,15665.0,1270.0
2018-02-23,15620.0,15700.0,15470.0,15505.0,1180.0
2018-02-26,15360.0,15400.0,15045.0,15200.0,2090.0
2018-02-27,15300.0,15485.0,15000.0,15055.0,2020.0
2018-02-28,15150.0,15245.0,15040.0,15135.0,1400.0
2018-03-01,15175.0,15235.0,14650.0,14715.0,3060.0
2018-03-05,14785.0,14800.0,14425.0,14425.0,2820.0
2018-03-06,14420.0,14800.0,14410.0,14695.0,3050.0
2018-03-07,14745.0,14745.0,14490.0,14525.0,1820.0
2018-03-08,14560.0,14800.0,14525.0,14770.0,3060.0
2018-03-09,14700.0,15100.0,14660.0,14995.0,5610.0
2018-03-12,14890.0,14940.0,14515.0,14680.0,4840.0
2018-03-13,14700.0,14800.0,14550.0,14745.0,2070.0
2018-03-14,14720.0,14750.0,14605.0,14660.0,1880.0
2018-03-15,14725.0,14730.0,14520.0,14645.0,2650.0
2018-03-16,14710.0,14725.0,14560.0,14595.0,1140.0
2018-03-19,14525.0,14550.0,14270.0,14300.0,2240.0
2018-03-20,14325.0,14410.0,14210.0,14315.0,2270.0
2018-03-21,14690.0,14875.0,14595.0,14750.0,430.0
2018-03-22,14900.0,15300.0,14825.0,15215.0,630.0
2018-03-23,15095.0,15250.0,15045.0,15205.0,1080.0
2018-03-26,15280.0,15310.0,14905.0,15035.0,1070.0
2018-03-27,15100.0,15130.0,14930.0,14955.0,730.0
2018-03-28,14875.0,15100.0,14850.0,15010.0,1670.0
2018-04-02,15050.0,15200.0,14990.0,15035.0,1040.0
2018-04-03,15175.0,15230.0,14910.0,14975.0,1410.0
2018-04-04,15000.0,15080.0,14960.0,15060.0,1150.0
2018-04-05,15100.0,15640.0,15030.0,15580.0,3150.0
2018-04-06,15530.0,15755.0,15335.0,15405.0,3600.0
2018-04-09,15300.0,15440.0,15260.0,15295.0,3000.0
2018-04-10,15350.0,15720.0,15260.0,15465.0,5360.0
2018-04-11,15350.0,15610.0,15330.0,15490.0,2680.0
2018-04-12,15510.0,15660.0,15460.0,15530.0,1920.0
2018-04-13,15485.0,15720.0,15485.0,15655.0,2150.0
2018-04-16,15685.0,15900.0,15685.0,15865.0,1150.0
2018-04-17,15850.0,16045.0,15805.0,15910.0,1370.0
2018-04-18,15990.0,16125.0,15910.0,16080.0,1650.0
2018-04-19,16020.0,16380.0,15960.0,16160.0,3650.0
2018-04-20,16145.0,16235.0,16020.0,16060.0,1460.0
2018-04-23,16000.0,16100.0,15905.0,15940.0,550.0
2018-04-24,15935.0,15960.0,15625.0,15800.0,1070.0
2018-04-25,15610.0,15920.0,15610.0,15775.0,550.0
2018-04-26,15800.0,15925.0,15780.0,15890.0,490.0
2018-04-27,15940.0,15980.0,15620.0,15670.0,1010.0
2018-04-30,15780.0,15980.0,15600.0,15710.0,550.0
2018-05-02,15750.0,15930.0,15705.0,15795.0,1050.0
2018-05-03,15770.0,15840.0,15650.0,15695.0,1000.0
2018-05-04,15650.0,15685.0,15430.0,15555.0,2590.0
2018-05-07,15585.0,15775.0,15480.0,15680.0,2570.0
2018-05-08,15680.0,15775.0,15580.0,15615.0,2060.0
2018-05-09,15675.0,15925.0,15630.0,15895.0,3410.0
2018-05-10,15940.0,16140.0,15940.0,16055.0,3830.0
2018-05-11,16155.0,16155.0,15820.0,15895.0,3300.0
2018-05-14,15910.0,16120.0,15900.0,16055.0,1870.0
2018-05-15,16030.0,16130.0,15955.0,16100.0,1190.0
2018-05-16,16105.0,16130.0,15960.0,16080.0,2080.0
2018-05-17,16090.0,16240.0,15900.0,16020.0,2960.0
2018-05-18,16045.0,16060.0,15705.0,15755.0,2780.0
2018-05-21,15725.0,15890.0,15700.0,15815.0,860.0
2018-05-22,15845.0,15900.0,15615.0,15855.0,1040.0
2018-05-23,15840.0,15990.0,15800.0,15970.0,450.0
2018-05-24,15950.0,16225.0,15935.0,16120.0,910.0
2018-05-25,16110.0,16200.0,16060.0,16175.0,380.0
2018-05-28,16100.0,16390.0,16050.0,16370.0,910.0
2018-05-29,16400.0,16435.0,16230.0,16300.0,780.0
2018-05-30,16350.0,16390.0,16210.0,16290.0,710.0
2018-05-31,16300.0,16300.0,16025.0,16195.0,540.0
2018-06-01,16260.0,16380.0,16120.0,16155.0,610.0
2018-06-04,16220.0,16220.0,15835.0,15975.0,1570.0
2018-06-05,16000.0,16140.0,15900.0,16110.0,1230.0
2018-06-06,16145.0,16290.0,16105.0,16220.0,1540.0
2018-06-07,16290.0,16325.0,16180.0,16235.0,960.0
2018-06-08,16280.0,16400.0,16105.0,16210.0,3690.0
2018-06-11,16140.0,16315.0,16115.0,16155.0,3260.0
2018-06-12,16110.0,16425.0,16110.0,16375.0,2730.0
2018-06-13,16400.0,16610.0,16325.0,16565.0,2530.0
2018-06-14,16615.0,16685.0,16505.0,16645.0,2180.0
2018-06-15,16670.0,16740.0,16555.0,16570.0,1030.0
2018-06-18,16550.0,16720.0,16240.0,16525.0,2690.0
2018-06-19,16540.0,16780.0,16490.0,16700.0,2170.0
2018-06-20,16790.0,17000.0,16780.0,16840.0,2890.0
2018-06-21,16975.0,17270.0,16895.0,17170.0,670.0
2018-06-22,17245.0,17480.0,17070.0,17110.0,1120.0
2018-06-25,17260.0,17525.0,17060.0,17505.0,1110.0
2018-06-26,17475.0,17700.0,17475.0,17595.0,1730.0
2018-06-27,17510.0,17925.0,17460.0,17895.0,1600.0
2018-06-28,18050.0,18375.0,18000.0,18150.0,1920.0
2018-06-29,18205.0,18765.0,18050.0,18670.0,2790.0
2018-07-02,18540.0,18920.0,18430.0,18675.0,4100.0
2018-07-03,18500.0,18580.0,18025.0,18475.0,3770.0
2018-07-04,18540.0,18840.0,18410.0,18725.0,2880.0
2018-07-05,18725.0,19160.0,18610.0,19060.0,4900.0
2018-07-06,19045.0,19240.0,18700.0,18735.0,4240.0
2018-07-09,18725.0,18950.0,18555.0,18770.0,4090.0
2018-07-10,18770.0,18800.0,18455.0,18530.0,4360.0
2018-07-11,18500.0,18630.0,18340.0,18530.0,3150.0
2018-07-12,18530.0,18840.0,18500.0,18585.0,2880.0
2018-07-13,18500.0,18680.0,18420.0,18515.0,1590.0
2018-07-16,18550.0,19000.0,18535.0,18705.0,3890.0
2018-07-17,18620.0,18760.0,18480.0,18715.0,3650.0
2018-07-18,18680.0,19050.0,18635.0,18845.0,4200.0
2018-07-19,18750.0,18935.0,18560.0,18770.0,5240.0
2018-07-20,18835.0,18880.0,18685.0,18830.0,1510.0
2018-07-23,19060.0,19745.0,18955.0,19745.0,930.0
2018-07-24,19720.0,20090.0,19550.0,19910.0,860.0
2018-07-25,19860.0,19965.0,19635.0,19705.0,1120.0
2018-07-26,19800.0,19865.0,19725.0,19790.0,640.0
2018-07-27,19885.0,20100.0,19860.0,20010.0,1010.0
2018-07-30,19905.0,20580.0,19760.0,20460.0,2310.0
2018-07-31,20660.0,20785.0,20300.0,20390.0,2530.0
2018-08-01,20205.0,20445.0,20100.0,20310.0,3080.0
2018-08-02,20350.0,20885.0,20325.0,20740.0,4480.0
2018-08-03,20815.0,20880.0,20550.0,20625.0,3820.0
2018-08-06,20590.0,20680.0,20040.0,20145.0,4800.0
2018-08-07,20060.0,20350.0,19910.0,20000.0,6010.0
2018-08-08,20010.0,20190.0,20000.0,20115.0,4250.0
2018-08-09,20210.0,20275.0,19950.0,20110.0,4000.0
2018-08-10,20130.0,20230.0,19770.0,19840.0,5980.0
2018-08-13,19820.0,20035.0,19570.0,19660.0,4000.0
2018-08-14,19615.0,19785.0,19500.0,19610.0,3230.0
2018-08-16,19680.0,19740.0,19420.0,19685.0,3970.0
2018-08-17,19625.0,20040.0,19590.0,19880.0,4190.0
2018-08-20,20050.0,20485.0,19960.0,20390.0,5390.0
2018-08-21,20695.0,20750.0,20565.0,20680.0,710.0
2018-08-23,20595.0,20655.0,19900.0,19930.0,1590.0
2018-08-24,20010.0,20020.0,19400.0,19615.0,2240.0
2018-08-27,19725.0,19785.0,19225.0,19290.0,1250.0
2018-08-28,19355.0,19610.0,19355.0,19435.0,830.0
2018-08-29,19440.0,19650.0,19280.0,19595.0,1340.0
2018-08-30,19695.0,19705.0,19505.0,19640.0,1150.0
2018-08-31,19655.0,19655.0,19465.0,19545.0,770.0
2018-09-03,19500.0,19880.0,19440.0,19735.0,2250.0
2018-09-04,19795.0,19830.0,19650.0,19730.0,1640.0
2018-09-05,19700.0,19745.0,19500.0,19600.0,1760.0
2018-09-06,19650.0,19670.0,19380.0,19430.0,2330.0
2018-09-07,19430.0,19580.0,19335.0,19420.0,2980.0
2018-09-10,19440.0,19580.0,19330.0,19465.0,4300.0
2018-09-11,19525.0,19730.0,19360.0,19680.0,3090.0
2018-09-12,19780.0,20070.0,19605.0,20070.0,3010.0
2018-09-14,20070.0,20180.0,19880.0,20000.0,2630.0
2018-09-17,19940.0,19970.0,19660.0,19770.0,2600.0
2018-09-18,19800.0,20120.0,19730.0,20070.0,2580.0
2018-09-19,19975.0,20050.0,19550.0,19600.0,4840.0
2018-09-21,19650.0,19675.0,19575.0,19620.0,660.0
2018-09-24,19630.0,19685.0,19100.0,19155.0,1170.0
2018-09-25,19195.0,19340.0,18875.0,19155.0,1020.0
2018-09-26,19195.0,19300.0,19155.0,19220.0,760.0
2018-09-27,19180.0,19230.0,19015.0,19080.0,740.0
2018-09-28,19050.0,19180.0,18880.0,18930.0,1180.0
2018-10-01,18965.0,19030.0,18800.0,18935.0,1220.0
2018-10-03,18935.0,19080.0,18900.0,18985.0,1080.0
2018-10-04,18940.0,19190.0,18940.0,19115.0,1680.0
2018-10-05,19125.0,19350.0,19125.0,19300.0,2500.0
2018-10-08,19325.0,19750.0,19325.0,19625.0,3180.0
2018-10-09,19625.0,19625.0,19390.0,19435.0,2450.0
2018-10-10,19380.0,19540.0,19170.0,19420.0,3280.0
2018-10-11,19365.0,19520.0,19260.0,19485.0,3070.0
2018-10-12,19630.0,20000.0,19570.0,19955.0,3860.0
2018-10-15,19850.0,20300.0,19830.0,20130.0,3470.0
2018-10-16,20055.0,20120.0,19820.0,20035.0,4220.0
2018-10-17,19995.0,20475.0,19995.0,20460.0,580.0
2018-10-19,20535.0,20780.0,20415.0,20625.0,680.0
2018-10-22,20470.0,20650.0,20225.0,20275.0,1250.0
2018-10-23,20275.0,20465.0,20135.0,20180.0,1130.0
2018-10-24,20195.0,20290.0,20090.0,20130.0,740.0
2018-10-25,20145.0,20300.0,20075.0,20195.0,840.0
2018-10-26,20100.0,20120.0,19795.0,19925.0,1200.0
2018-10-29,19950.0,20320.0,19810.0,20125.0,2070.0
2018-10-30,20200.0,20695.0,20150.0,20640.0,3110.0
2018-10-31,20710.0,21030.0,20655.0,20980.0,3000.0
2018-11-01,20880.0,21005.0,20760.0,20840.0,2600.0
2018-11-02,20745.0,21175.0,20705.0,21110.0,4210.0
2018-11-05,21180.0,21520.0,21000.0,21260.0,5260.0
2018-11-06,21150.0,21300.0,21030.0,21085.0,2300.0
2018-11-07,21130.0,21195.0,21030.0,21070.0,620.0
2018-11-09,21100.0,21100.0,20680.0,20760.0,4410.0
2018-11-12,20820.0,20935.0,20505.0,20600.0,4030.0000000000005
2018-11-13,20500.0,20845.0,20500.0,20590.0,2850.0
2018-11-14,20550.0,20550.0,19860.0,20020.0,3880.0
2018-11-15,19950.0,20175.0,19645.0,19970.0,5360.0
2018-11-16,19860.0,19970.0,19610.0,19645.0,3790.0
2018-11-19,19600.0,19600.0,19290.0,19340.0,2390.0
2018-11-20,19350.0,19900.0,19330.0,19760.0,3080.0
2018-11-21,20025.0,20240.0,19515.0,19660.0,770.0
2018-11-22,19560.0,19750.0,19380.0,19555.0,450.0
2018-11-26,19560.0,19625.0,19390.0,19435.0,990.0
2018-11-27,19390.0,19600.0,19150.0,19545.0,920.0
2018-11-28,19560.0,19800.0,19555.0,19635.0,700.0
2018-11-29,19575.0,19580.0,18985.0,19045.0,2340.0
2018-11-30,19095.0,19150.0,18770.0,18870.0,1480.0
2018-12-03,19030.0,19060.0,18940.0,18990.0,920.0
2018-12-04,19050.0,19515.0,18875.0,19005.0,2890.0
2018-12-05,18870.0,19020.0,18740.0,18810.0,2420.0
2018-12-06,18890.0,18890.0,18550.0,18670.0,2440.0
2018-12-07,18775.0,18940.0,18700.0,18755.0,1460.0
2018-12-10,18840.0,19035.0,18785.0,18840.0,2180.0
2018-12-11,18825.0,18880.0,18605.0,18720.0,1280.0
2018-12-12,18690.0,18720.0,18525.0,18570.0,1280.0
2018-12-13,18650.0,18665.0,18275.0,18340.0,2120.0
2018-12-14,18310.0,18520.0,18310.0,18370.0,1190.0
2018-12-17,18490.0,18640.0,18355.0,18420.0,1730.0
2018-12-18,18410.0,18510.0,17930.0,18125.0,2800.0
2018-12-19,18100.0,18240.0,17825.0,18145.0,2120.0
2018-12-20,18080.0,18190.0,17930.0,18005.0,2000.0
2018-12-21,17090.0,17240.0,17030.0,17090.0,140.0
2018-12-24,17050.0,17050.0,16700.0,16750.0,700.0
2018-12-26,16760.0,17065.0,16720.0,16970.0,410.0
2018-12-27,17100.0,17295.0,16900.0,16940.0,790.0
2018-12-28,17000.0,17140.0,16950.0,17055.0,230.0
2018-12-31,17250.0,17395.0,17130.0,17300.0,550.0
2019-01-01,17300.0,17325.0,17120.0,17280.0,770.0
2019-01-02,17290.0,17295.0,17020.0,17125.0,560.0
2019-01-03,17120.0,17250.0,17050.0,17150.0,650.0
2019-01-04,17150.0,17300.0,17050.0,17260.0,500.0
2019-01-07,17240.0,17240.0,17060.0,17195.0,770.0
2019-01-08,17120.0,17165.0,16855.0,16870.0,2120.0
2019-01-09,16890.0,17100.0,16810.0,16970.0,1310.0
2019-01-10,16890.0,17180.0,16890.0,17055.0,1390.0
2019-01-11,17020.0,17095.0,16940.0,17045.0,690.0
2019-01-14,17040.0,17270.0,17040.0,17205.0,980.0
2019-01-15,17255.0,17255.0,17050.0,17085.0,730.0
2019-01-16,17100.0,17200.0,16900.0,16965.0,1090.0
2019-01-17,16900.0,17080.0,16900.0,17020.0,1300.0
2019-01-18,17005.0,17170.0,16975.0,17050.0,1040.0
2019-01-21,16940.0,16960.0,16800.0,16875.0,200.0
2019-01-22,16825.0,16850.0,16650.0,16700.0,400.0
2019-01-23,16630.0,16690.0,16255.0,16290.0,1550.0
2019-01-24,16350.0,16350.0,16200.0,16250.0,290.0
2019-01-25,16270.0,16305.0,16185.0,16260.0,120.0
2019-01-28,16150.0,16180.0,15935.0,16035.0,540.0
2019-01-29,15855.0,15900.0,15715.0,15810.0,840.0
2019-01-30,15875.0,16045.0,15750.0,15770.0,760.0
2019-01-31,15875.0,15940.0,15770.0,15865.0,170.0
2019-02-01,15875.0,15920.0,15690.0,15715.0,320.0
2019-02-04,15620.0,15750.0,15520.0,15580.0,550.0
2019-02-05,15640.0,15685.0,15590.0,15650.0,260.0
2019-02-06,15590.0,15630.0,15315.0,15365.0,620.0
2019-02-07,15305.0,15550.0,15145.0,15505.0,950.0
2019-02-08,15510.0,15540.0,15335.0,15360.0,450.0
2019-02-11,15425.0,15425.0,15255.0,15370.0,350.0
2019-02-12,15275.0,15435.0,15275.0,15415.0,390.0
2019-02-13,15370.0,15410.0,15235.0,15345.0,590.0
2019-02-14,15345.0,15490.0,15330.0,15395.0,1310.0
2019-02-15,15390.0,15400.0,15230.0,15255.0,650.0
2019-02-18,15310.0,15350.0,15175.0,15310.0,830.0
2019-02-19,15320.0,15410.0,15290.0,15335.0,440.0
2019-02-20,15350.0,15350.0,15270.0,15280.0,460.0
2019-02-21,15240.0,15295.0,15150.0,15220.0,830.0
2019-02-22,15105.0,15200.0,15035.0,15165.0,810.0
2019-02-25,15345.0,15400.0,14990.0,15020.0,1010.0
2019-02-26,14990.0,15310.0,14965.0,15195.0,1550.0
2019-02-27,15200.0,15230.0,15035.0,15165.0,1220.0
2019-02-28,15000.0,15210.0,15000.0,15145.0,620.0
2019-03-01,15180.0,15270.0,15130.0,15215.0,650.0
2019-03-05,15275.0,15330.0,15175.0,15285.0,1680.0
2019-03-06,15450.0,15490.0,15285.0,15420.0,1670.0
2019-03-07,15435.0,15445.0,15195.0,15245.0,2300.0
2019-03-08,15260.0,15350.0,15210.0,15320.0,2230.0
2019-03-11,15280.0,15570.0,15220.0,15525.0,3290.0
2019-03-12,15620.0,15750.0,15495.0,15725.0,2760.0
2019-03-13,15725.0,15850.0,15630.0,15695.0,2390.0
2019-03-14,15700.0,15700.0,15475.0,15515.0,2350.0
2019-03-15,15475.0,15475.0,15320.0,15355.0,2250.0
2019-03-18,15360.0,15440.0,15260.0,15390.0,2410.0
2019-03-19,15430.0,15550.0,15380.0,15530.0,2320.0
2019-03-20,15700.0,15750.0,15600.0,15735.0,710.0
2019-03-22,15750.0,15775.0,15625.0,15660.0,1050.0
2019-03-25,15590.0,15640.0,15540.0,15615.0,370.0
2019-03-26,15590.0,15630.0,15525.0,15595.0,860.0
2019-03-27,15605.0,15700.0,15560.0,15685.0,860.0
2019-03-28,15675.0,15745.0,15620.0,15670.0,790.0
2019-03-29,15640.0,15745.0,15555.0,15680.0,1050.0
2019-04-01,15710.0,15765.0,15560.0,15595.0,1150.0
2019-04-02,15550.0,15700.0,15550.0,15670.0,1190.0
2019-04-03,15700.0,16075.0,15680.0,16005.0,4550.0
2019-04-04,15985.0,16290.0,15935.0,16260.0,2890.0
2019-04-05,16275.0,16375.0,15945.0,15990.0,4430.0
2019-04-08,15950.0,16235.0,15945.0,16205.0,2970.0
2019-04-09,16230.0,16425.0,16145.0,16400.0,3340.0
2019-04-10,16355.0,16520.0,16315.0,16425.0,3710.0
2019-04-11,16420.0,16525.0,16365.0,16490.0,2450.0
2019-04-12,16470.0,16610.0,16425.0,16480.0,2590.0
2019-04-15,16440.0,16610.0,16440.0,16530.0,2000.0
2019-04-16,16560.0,16770.0,16260.0,16650.0,5480.0
2019-04-18,17030.0,17080.0,16920.0,17015.0,540.0
2019-04-22,16950.0,17115.0,16850.0,17005.0,450.0
2019-04-23,17110.0,17250.0,17095.0,17215.0,330.0
2019-04-24,17210.0,17365.0,17135.0,17325.0,330.0
2019-04-25,17325.0,17455.0,17100.0,17150.0,2310.0
2019-04-26,17170.0,17250.0,17100.0,17190.0,1100.0
2019-04-30,17145.0,17190.0,16970.0,17035.0,3240.0
2019-05-02,17040.0,17130.0,16940.0,17010.0,1890.0
2019-05-03,16955.0,17070.0,16915.0,16980.0,1330.0
2019-05-06,17010.0,17165.0,17000.0,17050.0,1710.0
2019-05-07,17020.0,17140.0,17015.0,17075.0,1370.0
2019-05-08,17050.0,17245.0,17020.0,17185.0,2110.0
2019-05-09,17240.0,17630.0,17210.0,17590.0,5330.0
2019-05-10,17575.0,17575.0,17455.0,17490.0,2870.0
2019-05-13,17510.0,17745.0,17510.0,17680.0,2550.0
2019-05-14,17660.0,17830.0,17490.0,17520.0,2620.0
2019-05-15,17545.0,17810.0,17510.0,17775.0,3220.0
2019-05-16,17880.0,18040.0,17735.0,17935.0,4230.0
2019-05-17,17935.0,18040.0,17760.0,17805.0,2540.0
2019-05-20,17810.0,17915.0,17660.0,17765.0,2510.0
2019-05-21,17905.0,17965.0,17785.0,17830.0,250.0
2019-05-22,17830.0,17855.0,17475.0,17655.0,1710.0
2019-05-23,17680.0,17870.0,17565.0,17845.0,440.0
2019-05-24,17885.0,17930.0,17705.0,17850.0,540.0
2019-05-27,17800.0,17845.0,17600.0,17655.0,690.0
2019-05-28,17650.0,17690.0,17445.0,17485.0,1550.0
2019-05-29,17530.0,17540.0,17265.0,17505.0,1360.0
2019-05-30,17480.0,17615.0,17455.0,17565.0,1190.0
2019-05-31,17585.0,17625.0,17460.0,17540.0,960.0
2019-06-03,17545.0,17700.0,17520.0,17650.0,1770.0
2019-06-04,17650.0,17970.0,17630.0,17915.0,3970.0
2019-06-06,17840.0,17955.0,17560.0,17560.0,4230.0
2019-06-07,17390.0,17600.0,17360.0,17560.0,3140.0
2019-06-10,17670.0,17670.0,17475.0,17590.0,2890.0
2019-06-11,17535.0,17670.0,17370.0,17625.0,3660.0
2019-06-12,17565.0,17975.0,17520.0,17745.0,4170.0
2019-06-13,17750.0,17800.0,17350.0,17415.0,5060.0
2019-06-14,17380.0,17480.0,17210.0,17240.0,2920.0
2019-06-17,17250.0,17390.0,17220.0,17360.0,2120.0
2019-06-18,17300.0,17475.0,17255.0,17405.0,1800.0
2019-06-19,17440.0,17455.0,17210.0,17270.0,1890.0
2019-06-20,17335.0,17360.0,17160.0,17225.0,1990.0
2019-06-21,17350.0,17550.0,17350.0,17430.0,720.0
2019-06-24,17375.0,17435.0,17210.0,17260.0,520.0
2019-06-25,17250.0,17360.0,17195.0,17305.0,510.0
2019-06-26,17350.0,17375.0,17245.0,17285.0,200.0
2019-06-27,17275.0,17285.0,17100.0,17170.0,960.0
2019-06-28,17180.0,17330.0,17115.0,17270.0,1510.0
2019-07-01,17275.0,17340.0,17250.0,17320.0,630.0
2019-07-02,17280.0,17390.0,17070.0,17195.0,1590.0
2019-07-03,17225.0,17320.0,17130.0,17280.0,840.0
2019-07-04,17300.0,17340.0,17210.0,17270.0,950.0
2019-07-05,17330.0,17475.0,17215.0,17355.0,2490.0
2019-07-08,17400.0,17440.0,17300.0,17405.0,1140.0
2019-07-09,17390.0,17450.0,17310.0,17430.0,1260.0
2019-07-10,17450.0,17640.0,17380.0,17500.0,3200.0
2019-07-11,17520.0,17590.0,17470.0,17515.0,1660.0
2019-07-12,17570.0,17830.0,17520.0,17795.0,1910.0
2019-07-15,17860.0,18330.0,17860.0,18255.0,3790.0
2019-07-16,18220.0,18350.0,18030.0,18120.0,2970.0
2019-07-17,18200.0,18350.0,18085.0,18300.0,2810.0
2019-07-18,18300.0,18405.0,18170.0,18195.0,1860.0
2019-07-19,18160.0,18185.0,17930.0,17970.0,2570.0
2019-07-22,18115.0,18155.0,17845.0,17910.0,780.0
2019-07-23,17865.0,18145.0,17810.0,17870.0,950.0
2019-07-24,17920.0,18000.0,17795.0,17810.0,500.0
2019-07-25,17810.0,17860.0,17740.0,17810.0,640.0
2019-07-26,17800.0,18040.0,17755.0,18010.0,570.0
2019-07-29,18025.0,18125.0,17900.0,17945.0,750.0
2019-07-30,18140.0,18140.0,17700.0,17730.0,1130.0
2019-07-31,17675.0,17880.0,17675.0,17725.0,1370.0
2019-08-01,17725.0,17725.0,17380.0,17395.0,1670.0
2019-08-02,17445.0,17445.0,17220.0,17255.0,1640.0
2019-08-05,17310.0,17595.0,17220.0,17560.0,3280.0
2019-08-06,17590.0,17625.0,17300.0,17355.0,1840.0
2019-08-07,17330.0,17370.0,17100.0,17165.0,2370.0
2019-08-08,17165.0,17285.0,17130.0,17170.0,2040.0
2019-08-09,17215.0,17430.0,17150.0,17360.0,2690.0
2019-08-13,17340.0,17410.0,16850.0,16910.0,3890.0
2019-08-14,17040.0,17085.0,16810.0,16965.0,2360.0
2019-08-16,16945.0,17045.0,16830.0,16850.0,970.0
2019-08-19,16885.0,16910.0,16750.0,16860.0,1070.0
2019-08-20,16800.0,17030.0,16800.0,16850.0,1250.0
2019-08-21,17080.0,17210.0,16960.0,17030.0,390.0
2019-08-22,16980.0,17110.0,16870.0,17075.0,950.0
2019-08-23,17100.0,17100.0,16965.0,17015.0,140.0
2019-08-26,17010.0,17100.0,17000.0,17070.0,240.0
2019-08-27,17015.0,17190.0,17010.0,17110.0,430.0
2019-08-28,17095.0,17260.0,17085.0,17125.0,600.0
2019-08-29,17160.0,17185.0,17080.0,17110.0,730.0
2019-08-30,17070.0,17100.0,17000.0,17040.0,1410.0
2019-09-03,17030.0,17065.0,16905.0,17005.0,1180.0
2019-09-04,17055.0,17090.0,16985.0,17025.0,810.0
2019-09-05,17000.0,17140.0,16970.0,17090.0,1310.0
2019-09-06,17050.0,17220.0,16820.0,17125.0,2920.0
2019-09-09,17080.0,17380.0,17080.0,17215.0,3120.0
2019-09-11,17250.0,17250.0,17020.0,17070.0,2590.0
2019-09-12,17020.0,17075.0,16785.0,16835.0,1970.0
2019-09-13,16825.0,16875.0,16680.0,16715.0,1550.0
2019-09-16,16655.0,16685.0,16450.0,16495.0,2370.0
2019-09-17,16500.0,16645.0,16340.0,16595.0,2750.0
2019-09-18,16570.0,16615.0,16465.0,16520.0,1400.0
2019-09-19,16495.0,16725.0,16490.0,16670.0,1760.0
2019-09-20,16720.0,16780.0,16610.0,16630.0,850.0
2019-09-23,16585.0,16690.0,16505.0,16635.0,210.0
2019-09-24,16600.0,16680.0,16600.0,16635.0,110.0
2019-09-25,16635.0,16865.0,16490.0,16745.0,410.0
2019-09-26,16745.0,16750.0,16555.0,16575.0,340.0
2019-09-27,16530.0,16650.0,16525.0,16585.0,180.0
2019-09-30,16700.0,16885.0,16650.0,16855.0,1220.0
2019-10-01,16890.0,17060.0,16740.0,16815.0,950.0
2019-10-03,16720.0,16800.0,16695.0,16755.0,420.0
2019-10-04,16710.0,16870.0,16570.0,16600.0,1000.0
2019-10-07,16630.0,16690.0,16410.0,16540.0,1180.0
2019-10-09,16500.0,16695.0,16350.0,16545.0,1740.0
2019-10-10,16470.0,16570.0,16410.0,16465.0,1510.0
2019-10-11,16435.0,16485.0,16205.0,16265.0,1860.0
2019-10-14,16220.0,16440.0,16215.0,16410.0,660.0
2019-10-15,16440.0,16460.0,16280.0,16340.0,1280.0
2019-10-16,16355.0,16445.0,16280.0,16400.0,630.0
2019-10-17,16365.0,16400.0,16270.0,16315.0,590.0
2019-10-18,16340.0,16390.0,16200.0,16225.0,1190.0
2019-10-22,16200.0,16300.0,16120.0,16270.0,360.0
2019-10-23,16350.0,16510.0,16320.0,16405.0,450.0
2019-10-24,16465.0,16495.0,16155.0,16225.0,720.0
2019-10-25,16275.0,16305.0,16160.0,16275.0,310.0
2019-10-27,16470.0,16470.0,16290.0,16355.0,60.0
2019-10-29,16315.0,16345.0,16220.0,16265.0,160.0
2019-10-30,16340.0,16415.0,16340.0,16370.0,130.0
2019-10-31,16350.0,16510.0,16350.0,16430.0,580.0
2019-11-01,16570.0,16720.0,16460.0,16670.0,1080.0
2019-11-04,16850.0,17155.0,16850.0,17120.0,1680.0
2019-11-05,17050.0,17095.0,16680.0,16855.0,2110.0
2019-11-06,16840.0,16845.0,16510.0,16565.0,1910.0
2019-11-07,16610.0,16670.0,16360.0,16410.0,1430.0
2019-11-08,16315.0,16380.0,16205.0,16295.0,2029.9999999999998
2019-11-11,16370.0,16395.0,16155.0,16255.0,980.0
2019-11-13,16300.0,16345.0,16185.0,16275.0,1340.0
2019-11-14,16360.0,16540.0,16300.0,16510.0,1550.0
2019-11-15,16450.0,16570.0,16370.0,16390.0,920.0
2019-11-18,16380.0,16430.0,16070.0,16105.0,1710.0
2019-11-19,16055.0,16270.0,16055.0,16210.0,1060.0
2019-11-20,16215.0,16350.0,16180.0,16240.0,890.0
2019-11-21,16260.0,16260.0,16075.0,16115.0,240.0
2019-11-22,16060.0,16065.0,15800.0,15825.0,740.0
2019-11-25,15940.0,15940.0,15665.0,15855.0,500.0
2019-11-26,15880.0,16070.0,15860.0,16010.0,400.0
2019-11-27,16070.0,16230.0,15950.0,16050.0,480.0
2019-11-28,16105.0,16105.0,15980.0,16030.0,200.0
2019-11-29,16020.0,16170.0,16020.0,16095.0,180.0
2019-12-02,16110.0,16215.0,16060.0,16165.0,400.0
2019-12-03,16200.0,16320.0,15915.0,15935.0,850.0
2019-12-04,16025.0,16025.0,15740.0,15810.0,1170.0
2019-12-05,15805.0,15860.0,15745.0,15780.0,1110.0
2019-12-06,15840.0,15950.0,15770.0,15900.0,1100.0
2019-12-09,16000.0,16065.0,15855.0,15895.0,1210.0
2019-12-10,15750.0,15980.0,15750.0,15920.0,900.0
2019-12-11,15830.0,15900.0,15770.0,15810.0,590.0
2019-12-12,15860.0,15900.0,15780.0,15820.0,1040.0
2019-12-13,15880.0,15970.0,15755.0,15815.0,760.0
2019-12-16,15820.0,15890.0,15520.0,15850.0,1310.0
2019-12-17,15895.0,15935.0,15770.0,15810.0,440.0
2019-12-18,15800.0,15890.0,15730.0,15860.0,620.0
2019-12-19,15895.0,16045.0,15720.0,16020.0,2009.9999999999998
2019-12-20,15970.0,16210.0,15870.0,16150.0,1110.0
2019-12-23,15770.0,15930.0,15770.0,15860.0,120.0
2019-12-24,15960.0,15960.0,15805.0,15925.0,570.0
2019-12-26,15880.0,15930.0,15830.0,15905.0,330.0
2019-12-27,15900.0,16020.0,15880.0,15940.0,220.0
2019-12-30,15940.0,16000.0,15895.0,15965.0,210.0
2019-12-31,15980.0,15980.0,15820.0,15850.0,260.0
2020-01-01,15820.0,15850.0,15535.0,15605.0,670.0
2020-01-02,15630.0,15660.0,15555.0,15600.0,290.0
2020-01-03,15615.0,15685.0,15570.0,15640.0,420.0
2020-01-06,15565.0,15790.0,15565.0,15705.0,540.0
2020-01-07,15740.0,15785.0,15625.0,15695.0,390.0
2020-01-08,15725.0,15780.0,15660.0,15770.0,360.0
2020-01-09,15735.0,15750.0,15555.0,15645.0,610.0
2020-01-10,15640.0,15720.0,15500.0,15530.0,720.0
2020-01-13,15680.0,15680.0,15330.0,15460.0,1110.0
2020-01-14,15450.0,15490.0,15300.0,15335.0,560.0
2020-01-15,15300.0,15440.0,15115.0,15150.0,1180.0
2020-01-16,15125.0,15235.0,15050.0,15105.0,870.0
2020-01-17,15190.0,15190.0,15000.0,15100.0,610.0
2020-01-20,14995.0,15055.0,14870.0,14910.0,740.0
2020-01-21,14715.0,14715.0,14560.0,14600.0,220.0
2020-01-22,14520.0,14525.0,14365.0,14400.0,300.0
2020-01-23,14370.0,14450.0,14250.0,14400.0,500.0
2020-01-24,14415.0,14455.0,14355.0,14415.0,270.0
2020-01-27,14475.0,14480.0,14215.0,14250.0,500.0
2020-01-28,14240.0,14315.0,14090.0,14120.0,340.0
2020-01-29,14100.0,14100.0,13930.0,13980.0,220.0
2020-01-30,13880.0,13945.0,13710.0,13730.0,470.0
2020-01-31,13785.0,13900.0,13505.0,13780.0,570.0
2020-02-01,13770.0,13870.0,13655.0,13785.0,180.0
2020-02-03,13750.0,13750.0,13575.0,13605.0,440.0
2020-02-04,13505.0,13565.0,13425.0,13535.0,290.0
2020-02-05,13515.0,13645.0,13515.0,13610.0,280.0
2020-02-06,13700.0,13835.0,13660.0,13795.0,650.0
2020-02-07,13780.0,13780.0,13520.0,13630.0,960.0
2020-02-10,13505.0,13720.0,13425.0,13450.0,350.0
2020-02-11,13470.0,13580.0,13380.0,13535.0,460.0
2020-02-12,13425.0,13640.0,13400.0,13615.0,570.0
2020-02-13,13565.0,13590.0,13450.0,13505.0,240.0
2020-02-14,13490.0,13790.0,13470.0,13760.0,880.0
2020-02-17,13780.0,13780.0,13535.0,13590.0,630.0
2020-02-18,13500.0,13575.0,13410.0,13535.0,460.0
2020-02-19,13500.0,13555.0,13440.0,13500.0,220.0
2020-02-20,13440.0,13550.0,13415.0,13525.0,320.0
2020-02-24,13300.0,13420.0,13300.0,13320.0,430.0
2020-02-25,13320.0,13425.0,13285.0,13360.0,390.0
2020-02-26,13395.0,13435.0,13220.0,13310.0,450.0
2020-02-27,13270.0,13380.0,13270.0,13370.0,290.0
2020-02-28,13300.0,13515.0,13240.0,13460.0,840.0
2020-03-02,13260.0,13400.0,13005.0,13105.0,1670.0
2020-03-03,13010.0,13185.0,13000.0,13165.0,1340.0
2020-03-04,13250.0,13300.0,13000.0,13270.0,1310.0
2020-03-05,13295.0,13655.0,13270.0,13600.0,1920.0
2020-03-06,13750.0,13750.0,13430.0,13545.0,1490.0
2020-03-09,13320.0,13400.0,13070.0,13200.0,1730.0
2020-03-11,13245.0,13400.0,13110.0,13305.0,1500.0
2020-03-12,13210.0,13290.0,13055.0,13125.0,1500.0
2020-03-13,13075.0,13190.0,12750.0,13125.0,2400.0
2020-03-16,13050.0,13145.0,12950.0,13125.0,980.0
2020-03-17,13165.0,13480.0,13115.0,13435.0,1380.0
2020-03-18,13470.0,13695.0,13340.0,13385.0,2080.0
2020-03-19,13310.0,13500.0,13125.0,13410.0,1530.0
2020-03-20,13400.0,13525.0,13265.0,13435.0,1420.0
2020-03-23,13625.0,13900.0,13540.0,13615.0,350.0
2020-03-24,13735.0,13885.0,13630.0,13840.0,160.0
2020-03-25,14040.0,14390.0,13880.0,14390.0,360.0
2020-03-26,14675.0,14965.0,13855.0,13945.0,640.0
2020-03-27,14100.0,14100.0,13900.0,14020.0,100.0
2020-03-30,14010.0,14055.0,13855.0,13905.0,130.0
2020-03-31,13805.0,13990.0,13775.0,13860.0,220.0
2020-04-01,13850.0,13910.0,13630.0,13795.0,200.0
2020-04-03,13885.0,13920.0,13670.0,13775.0,360.0
2020-04-07,13895.0,14030.0,13720.0,13950.0,560.0
2020-04-08,13965.0,14170.0,13900.0,14110.0,640.0
2020-04-09,14150.0,14280.0,14040.0,14160.0,680.0
2020-04-13,14220.0,14430.0,14190.0,14360.0,1240.0
2020-04-15,14400.0,14430.0,14075.0,14215.0,790.0
2020-04-16,14225.0,14375.0,14225.0,14335.0,150.0
2020-04-17,14395.0,14395.0,14115.0,14245.0,270.0
2020-04-20,14000.0,14145.0,13700.0,13765.0,860.0
2020-04-21,13710.0,13795.0,13490.0,13700.0,1210.0
2020-04-22,13625.0,13905.0,13625.0,13795.0,290.0
2020-04-23,13825.0,13900.0,13715.0,13885.0,320.0
2020-04-24,13890.0,13950.0,13720.0,13765.0,640.0
2020-04-27,13665.0,13740.0,13515.0,13685.0,520.0
2020-04-28,13635.0,13780.0,13570.0,13695.0,400.0
2020-04-29,13760.0,13760.0,13620.0,13655.0,400.0
2020-04-30,13700.0,13810.0,13645.0,13735.0,400.0
2020-05-04,13355.0,13525.0,13355.0,13425.0,160.0
2020-05-05,13485.0,13490.0,13325.0,13430.0,350.0
2020-05-06,13415.0,13430.0,13350.0,13400.0,390.0
2020-05-07,13405.0,13575.0,13375.0,13470.0,530.0
2020-05-08,13525.0,13650.0,13455.0,13640.0,380.0
2020-05-11,13660.0,13845.0,13660.0,13710.0,570.0
2020-05-12,13655.0,13690.0,13455.0,13525.0,460.0
2020-05-13,13570.0,13680.0,13530.0,13600.0,620.0
2020-05-14,13750.0,13750.0,13390.0,13420.0,690.0
2020-05-15,13365.0,13525.0,13310.0,13495.0,660.0
2020-05-18,13455.0,13500.0,13330.0,13350.0,400.0
2020-05-19,13305.0,13315.0,13125.0,13145.0,820.0
2020-05-20,13090.0,13350.0,13080.0,13315.0,620.0
2020-05-21,13105.0,13240.0,13050.0,13165.0,170.0
2020-05-22,13240.0,13240.0,13100.0,13135.0,150.0
2020-05-26,13140.0,13445.0,13140.0,13310.0,470.0
2020-05-27,13280.0,13370.0,13240.0,13295.0,110.0
2020-05-28,13310.0,13405.0,13280.0,13380.0,120.0
2020-05-29,13385.0,13425.0,13335.0,13410.0,170.0
2020-06-01,13415.0,13640.0,13415.0,13565.0,370.0
2020-06-02,13615.0,13700.0,13540.0,13660.0,390.0
2020-06-03,13685.0,13800.0,13655.0,13750.0,380.0
2020-06-04,13715.0,13760.0,13550.0,13590.0,420.0
2020-06-05,13590.0,13680.0,13550.0,13665.0,300.0
2020-06-08,13600.0,13935.0,13600.0,13810.0,780.0
2020-06-09,13895.0,13935.0,13760.0,13795.0,250.0
2020-06-10,13805.0,13880.0,13725.0,13870.0,640.0
2020-06-11,13860.0,14120.0,13860.0,14025.0,860.0
2020-06-12,14030.0,14100.0,13905.0,13965.0,770.0
2020-06-15,14000.0,14000.0,13690.0,13735.0,740.0
2020-06-16,13845.0,13845.0,13630.0,13740.0,260.0
2020-06-17,13745.0,13745.0,13620.0,13720.0,350.0
2020-06-18,13705.0,13765.0,13670.0,13690.0,200.0
2020-06-19,13690.0,13820.0,13675.0,13705.0,500.0
2020-06-22,13770.0,13840.0,13770.0,13800.0,110.0
2020-06-23,13780.0,13945.0,13775.0,13845.0,140.0
2020-06-24,13880.0,14050.0,13780.0,13870.0,160.0
2020-06-25,13900.0,13945.0,13855.0,13900.0,70.0
2020-06-26,13900.0,13925.0,13850.0,13905.0,330.0
2020-06-29,13930.0,13930.0,13525.0,13655.0,630.0
2020-06-30,13700.0,13800.0,13670.0,13735.0,340.0
2020-07-01,13720.0,13720.0,13620.0,13685.0,200.0
2020-07-02,13710.0,13760.0,13700.0,13745.0,250.0
2020-07-03,13710.0,13885.0,13680.0,13750.0,300.0
2020-07-06,13750.0,13800.0,13690.0,13740.0,280.0
2020-07-07,13805.0,13850.0,13770.0,13835.0,250.0
2020-07-08,13835.0,13995.0,13770.0,13935.0,480.0
2020-07-09,13940.0,14035.0,13830.0,13870.0,970.0
2020-07-10,13890.0,13945.0,13750.0,13805.0,740.0
2020-07-13,13840.0,13840.0,13690.0,13730.0,590.0
2020-07-14,13715.0,13750.0,13630.0,13680.0,610.0
2020-07-15,13715.0,13770.0,13690.0,13725.0,310.0
2020-07-16,13750.0,13900.0,13750.0,13855.0,440.0
2020-07-17,13900.0,14125.0,13900.0,14105.0,1380.0
2020-07-20,14125.0,14445.0,14125.0,14390.0,1230.0
2020-07-21,14240.0,14380.0,14240.0,14310.0,90.0
2020-07-22,14395.0,14420.0,14340.0,14380.0,70.0
2020-07-23,14450.0,14525.0,14450.0,14500.0,300.0
2020-07-24,14580.0,14580.0,14260.0,14315.0,170.0
2020-07-27,14350.0,14370.0,14155.0,14250.0,160.0
2020-07-28,14215.0,14235.0,13965.0,14040.0,650.0
2020-07-29,14080.0,14120.0,14030.0,14075.0,80.0
2020-07-30,14045.0,14055.0,13965.0,14005.0,210.0
2020-07-31,14040.0,14075.0,13990.0,14050.0,140.0
2020-08-03,13990.0,14120.0,13990.0,14045.0,250.0
2020-08-04,14110.0,14150.0,13830.0,13950.0,560.0
2020-08-05,13970.0,14000.0,13880.0,13915.0,200.0
2020-08-06,13960.0,14060.0,13925.0,13980.0,430.0
2020-08-07,13995.0,14010.0,13910.0,13945.0,260.0
2020-08-10,13960.0,14025.0,13910.0,13975.0,300.0
2020-08-11,13900.0,14220.0,13900.0,14150.0,880.0
2020-08-12,14150.0,14265.0,14050.0,14225.0,540.0
2020-08-13,14180.0,14290.0,14065.0,14090.0,480.0
2020-08-14,14090.0,14245.0,14090.0,14190.0,740.0
2020-08-17,14160.0,14425.0,14110.0,14315.0,510.0
2020-08-18,14400.0,14405.0,14310.0,14385.0,350.0
2020-08-19,14400.0,14400.0,14265.0,14315.0,280.0
2020-08-20,14280.0,14285.0,14165.0,14185.0,230.0
2020-08-21,14195.0,14315.0,14195.0,14280.0,160.0
2020-08-24,14300.0,14475.0,14300.0,14380.0,370.0
2020-08-25,14430.0,14490.0,14400.0,14470.0,170.0
2020-08-26,14400.0,14475.0,14375.0,14430.0,200.0
2020-08-27,14445.0,14445.0,14385.0,14410.0,40.0
2020-08-28,14360.0,14400.0,14290.0,14325.0,140.0
2020-08-31,14350.0,14350.0,14170.0,14245.0,110.0
2020-09-01,14175.0,14300.0,14175.0,14235.0,200.0
2020-09-02,14205.0,14235.0,14070.0,14170.0,290.0
2020-09-03,14090.0,14165.0,14070.0,14125.0,510.0
2020-09-04,14095.0,14160.0,14005.0,14065.0,570.0
2020-09-07,14015.0,14090.0,13940.0,14025.0,680.0
2020-09-08,14000.0,14025.0,13845.0,13875.0,800.0
2020-09-09,13900.0,13925.0,13780.0,13820.0,740.0
2020-09-10,13840.0,13960.0,13830.0,13895.0,700.0
2020-09-11,13935.0,13980.0,13910.0,13935.0,580.0
2020-09-14,13920.0,14050.0,13900.0,13995.0,360.0
2020-09-15,14000.0,14170.0,14000.0,14145.0,710.0
2020-09-16,14120.0,14135.0,14020.0,14090.0,400.0
2020-09-17,14030.0,14075.0,13910.0,13930.0,610.0
2020-09-18,13980.0,13980.0,13840.0,13875.0,500.0
2020-09-21,13860.0,13870.0,13645.0,13665.0,280.0
2020-09-22,13645.0,13730.0,13600.0,13655.0,180.0
2020-09-23,13700.0,13770.0,13690.0,13735.0,80.0
2020-09-24,13680.0,13705.0,13630.0,13685.0,90.0
2020-09-25,13630.0,13700.0,13570.0,13635.0,180.0
2020-09-28,13695.0,13750.0,13660.0,13690.0,150.0
2020-09-29,13770.0,13905.0,13740.0,13850.0,370.0
2020-09-30,13840.0,13890.0,13770.0,13810.0,170.0
2020-10-01,13840.0,13900.0,13840.0,13890.0,200.0
2020-10-05,13850.0,13860.0,13780.0,13830.0,290.0
2020-10-06,13835.0,13880.0,13740.0,13810.0,290.0
2020-10-07,13810.0,13815.0,13635.0,13660.0,750.0
2020-10-08,13660.0,13725.0,13610.0,13705.0,670.0
2020-10-09,13750.0,13795.0,13715.0,13745.0,590.0
2020-10-12,13750.0,13770.0,13650.0,13665.0,600.0
2020-10-13,13665.0,13750.0,13615.0,13655.0,700.0
2020-10-14,13620.0,13760.0,13585.0,13735.0,410.0
2020-10-15,13745.0,13940.0,13740.0,13810.0,1160.0
2020-10-16,13850.0,13930.0,13825.0,13895.0,350.0
2020-10-19,13940.0,14295.0,13940.0,14075.0,1810.0
2020-10-20,14110.0,14190.0,14065.0,14115.0,560.0
2020-10-21,14245.0,14285.0,14155.0,14230.0,250.0
2020-10-22,14250.0,14300.0,14220.0,14265.0,140.0
2020-10-23,14285.0,14320.0,14210.0,14280.0,110.0
2020-10-26,14200.0,14270.0,14160.0,14260.0,350.0
2020-10-27,14260.0,14320.0,14200.0,14295.0,120.0
2020-10-28,14300.0,14695.0,14300.0,14570.0,920.0
2020-10-29,14475.0,14555.0,14420.0,14510.0,540.0
2020-10-30,14490.0,14645.0,14490.0,14615.0,410.0
2020-11-02,14775.0,14825.0,14655.0,14695.0,790.0
2020-11-03,14710.0,14740.0,14510.0,14565.0,740.0
2020-11-04,14465.0,14535.0,14310.0,14495.0,1040.0
2020-11-05,14465.0,14650.0,14460.0,14505.0,680.0
2020-11-06,14595.0,14615.0,14455.0,14495.0,450.0
2020-11-09,14370.0,14540.0,14330.0,14400.0,830.0
2020-11-10,14400.0,14440.0,14210.0,14250.0,1190.0
2020-11-11,14260.0,14435.0,14225.0,14395.0,790.0
2020-11-12,14430.0,14525.0,14250.0,14450.0,870.0
2020-11-13,14400.0,14415.0,14315.0,14345.0,330.0
2020-11-14,14330.0,14360.0,14260.0,14320.0,130.0
2020-11-17,14270.0,14270.0,14035.0,14035.0,630.0
2020-11-18,13960.0,14035.0,13830.0,13945.0,1130.0
2020-11-19,13955.0,14130.0,13880.0,14090.0,620.0
2020-11-20,14100.0,14230.0,14100.0,14210.0,590.0
2020-11-23,14360.0,14385.0,14325.0,14370.0,30.0
2020-11-24,14180.0,14200.0,14120.0,14170.0,80.0
2020-11-25,14230.0,14250.0,14165.0,14205.0,110.0
2020-11-26,14180.0,14180.0,13980.0,13995.0,260.0
2020-11-27,13900.0,14035.0,13830.0,13995.0,280.0
2020-12-01,14005.0,14040.0,13795.0,13830.0,410.0
2020-12-02,13930.0,13980.0,13750.0,13915.0,430.0
2020-12-03,13910.0,13985.0,13825.0,13905.0,240.0
2020-12-04,13930.0,13965.0,13925.0,13940.0,150.0
2020-12-07,13875.0,13965.0,13875.0,13920.0,280.0
2020-12-08,13890.0,13925.0,13765.0,13815.0,440.0
2020-12-09,13755.0,13850.0,13695.0,13790.0,400.0
2020-12-10,13835.0,14020.0,13830.0,13990.0,890.0
2020-12-11,14000.0,14035.0,13875.0,13930.0,1100.0
2020-12-14,13950.0,13950.0,13800.0,13810.0,750.0
2020-12-15,13730.0,13750.0,13435.0,13505.0,1720.0
2020-12-16,13450.0,13475.0,13180.0,13385.0,1100.0
2020-12-17,13380.0,13475.0,12990.0,13105.0,1160.0
2020-12-18,13100.0,13100.0,12870.0,12920.0,1380.0
2020-12-21,13060.0,13140.0,13060.0,13085.0,70.0
2020-12-22,13280.0,13280.0,13135.0,13165.0,60.0
2020-12-23,13305.0,13305.0,13175.0,13220.0,110.0
2020-12-24,13300.0,13310.0,13260.0,13290.0,40.0
2020-12-28,13165.0,13200.0,13130.0,13170.0,40.0
2020-12-29,13170.0,13170.0,13170.0,13170.0,0.0
2020-12-30,13100.0,13100.0,12885.0,12915.0,210.0
2020-12-31,12900.0,13030.0,12815.0,13000.0,200.0
2021-01-01,13010.0,13010.0,12930.0,12970.0,80.0
2021-01-04,13050.0,13125.0,13020.0,13105.0,150.0
2021-01-05,13110.0,13140.0,13060.0,13100.0,130.0
2021-01-06,13100.0,13210.0,13050.0,13060.0,170.0
2021-01-07,13120.0,13120.0,12970.0,13030.0,200.0
2021-01-08,13115.0,13245.0,13075.0,13135.0,710.0
2021-01-11,13160.0,13355.0,13160.0,13305.0,490.0
2021-01-12,13355.0,13450.0,13190.0,13225.0,590.0
2021-01-13,13200.0,13285.0,13130.0,13155.0,360.0
2021-01-14,13085.0,13290.0,13085.0,13170.0,230.0
2021-01-15,13140.0,13235.0,13140.0,13195.0,160.0
2021-01-18,13200.0,13375.0,13130.0,13270.0,260.0
2021-01-19,13200.0,13230.0,13115.0,13155.0,290.0
2021-01-20,13090.0,13150.0,13015.0,13060.0,340.0
2021-01-21,13000.0,13180.0,13000.0,13080.0,170.0
2021-01-22,13245.0,13250.0,13110.0,13235.0,110.0
2021-01-25,13150.0,13340.0,13100.0,13210.0,210.0
2021-01-27,13260.0,13385.0,13260.0,13365.0,210.0
2021-01-28,13320.0,13430.0,13260.0,13350.0,160.0
2021-01-29,13400.0,13400.0,13200.0,13255.0,360.0
2021-02-01,13185.0,13185.0,12970.0,13050.0,190.0
2021-02-02,12925.0,12950.0,12810.0,12900.0,430.0
2021-02-03,12950.0,12975.0,12850.0,12910.0,90.0
2021-02-04,12905.0,13090.0,12905.0,12990.0,90.0
2021-02-05,13050.0,13110.0,13010.0,13055.0,100.0
2021-02-08,12965.0,13150.0,12965.0,13140.0,200.0
2021-02-09,13230.0,13400.0,13175.0,13290.0,390.0
2021-02-10,13360.0,13390.0,13260.0,13330.0,250.0
2021-02-11,13250.0,13355.0,13250.0,13330.0,30.0
2021-02-12,13335.0,13450.0,13300.0,13385.0,80.0
2021-02-15,13440.0,13650.0,13435.0,13535.0,520.0
2021-02-16,13580.0,13700.0,13580.0,13690.0,590.0
2021-02-17,13650.0,13800.0,13575.0,13610.0,440.0
2021-02-18,13615.0,13700.0,13540.0,13595.0,320.0
2021-02-19,13580.0,13655.0,13515.0,13575.0,160.0
2021-02-22,13545.0,13645.0,13485.0,13540.0,100.0
2021-02-23,13535.0,13550.0,13280.0,13375.0,260.0
2021-02-24,13390.0,13430.0,13230.0,13390.0,310.0
2021-02-25,13430.0,13795.0,13430.0,13685.0,830.0
2021-02-26,13700.0,13760.0,13540.0,13565.0,500.0
2021-03-01,13570.0,13695.0,13550.0,13590.0,310.0
2021-03-02,13690.0,13860.0,13635.0,13860.0,670.0
2021-03-03,13860.0,14310.0,13800.0,14260.0,1930.0
2021-03-04,14300.0,14365.0,13970.0,14010.0,2000.0
2021-03-05,14000.0,14125.0,13945.0,14025.0,770.0
2021-03-08,14055.0,14155.0,13955.0,14015.0,1280.0
2021-03-09,14100.0,14100.0,13950.0,13965.0,680.0
2021-03-10,14030.0,14090.0,13965.0,14005.0,680.0
2021-03-12,14055.0,14560.0,14055.0,14475.0,2620.0
2021-03-15,14525.0,14960.0,14400.0,14880.0,3560.0
2021-03-16,14880.0,15035.0,14650.0,14695.0,2009.9999999999998
2021-03-17,14750.0,14880.0,14565.0,14690.0,2100.0
2021-03-18,14720.0,14820.0,14635.0,14790.0,1570.0
2021-03-19,14750.0,14830.0,14700.0,14795.0,1520.0
2021-03-22,14905.0,14955.0,14830.0,14890.0,120.0
2021-03-23,14975.0,15140.0,14920.0,15090.0,500.0
2021-03-24,15100.0,15100.0,14920.0,15010.0,540.0
2021-03-25,14925.0,15025.0,14880.0,14945.0,170.0
2021-03-26,14995.0,14995.0,14855.0,14905.0,120.0
2021-03-29,14905.0,14905.0,14905.0,14905.0,
2021-03-30,14995.0,15040.0,14865.0,14930.0,560.0
2021-03-31,14915.0,14915.0,14810.0,14865.0,380.0
2021-04-01,14810.0,14810.0,14535.0,14590.0,1160.0
2021-04-05,14560.0,14820.0,14200.0,14780.0,2130.0
2021-04-06,14840.0,14960.0,14750.0,14870.0,2450.0
2021-04-07,14810.0,14895.0,14570.0,14645.0,1560.0
2021-04-08,14620.0,14640.0,14375.0,14440.0,1600.0
2021-04-09,14480.0,14565.0,14290.0,14345.0,1840.0
2021-04-12,14045.0,14290.0,14045.0,14170.0,1760.0
2021-04-13,14250.0,14250.0,14055.0,14135.0,1110.0
2021-04-14,14135.0,14135.0,14135.0,14135.0,
2021-04-15,14175.0,14615.0,14135.0,14490.0,2350.0
2021-04-16,14540.0,14650.0,14340.0,14365.0,1310.0
2021-04-19,14325.0,14330.0,14140.0,14210.0,870.0
2021-04-20,14200.0,14200.0,14060.0,14090.0,800.0
2021-04-21,14265.0,14265.0,14265.0,14265.0,
2021-04-22,14385.0,14515.0,14330.0,14400.0,330.0
2021-04-23,14380.0,14410.0,14250.0,14285.0,260.0
2021-04-26,14200.0,14200.0,13880.0,13900.0,660.0
2021-04-27,14000.0,14030.0,13865.0,14015.0,420.0
2021-04-28,14000.0,14080.0,13900.0,14055.0,350.0
2021-04-29,14075.0,14195.0,14065.0,14135.0,580.0
2021-04-30,14150.0,14150.0,13975.0,14015.0,840.0
2021-05-03,14000.0,14120.0,13900.0,14070.0,290.0
2021-05-04,14040.0,14250.0,14040.0,14180.0,760.0
2021-05-05,14210.0,14215.0,14020.0,14050.0,900.0
2021-05-06,14060.0,14095.0,14000.0,14065.0,810.0
2021-05-07,13805.0,14040.0,13805.0,13995.0,1150.0
2021-05-10,14030.0,14100.0,13850.0,13900.0,2160.0
2021-05-11,13865.0,13920.0,13850.0,13895.0,960.0
2021-05-12,13875.0,14235.0,13825.0,14135.0,1980.0
2021-05-13,14135.0,14135.0,14135.0,14135.0,
2021-05-14,14180.0,14325.0,14055.0,14100.0,2480.0
2021-05-17,14175.0,14220.0,13820.0,13905.0,1180.0
2021-05-18,13910.0,13975.0,13865.0,13905.0,410.0
2021-05-19,13850.0,14070.0,13850.0,13985.0,510.0
2021-05-20,13980.0,14170.0,13910.0,14005.0,950.0
2021-05-21,14195.0,14195.0,14070.0,14110.0,200.0
2021-05-24,14045.0,14085.0,13825.0,13865.0,620.0
2021-05-25,13900.0,13940.0,13865.0,13915.0,360.0
2021-05-26,13905.0,13955.0,13850.0,13910.0,280.0
2021-05-27,13990.0,14075.0,13955.0,14025.0,420.0
2021-05-28,14025.0,14025.0,13945.0,13980.0,380.0
2021-05-31,13980.0,13980.0,13870.0,13885.0,850.0
2021-06-01,13860.0,13885.0,13820.0,13850.0,350.0
2021-06-02,13890.0,13895.0,13800.0,13855.0,480.0
2021-06-03,13870.0,13920.0,13810.0,13900.0,630.0
2021-06-04,13855.0,13890.0,13800.0,13875.0,370.0
2021-06-07,13875.0,14050.0,13875.0,13960.0,1690.0
2021-06-08,13990.0,14040.0,13900.0,13915.0,1230.0
2021-06-09,13940.0,13950.0,13770.0,13815.0,1510.0
2021-06-10,13825.0,13825.0,13705.0,13720.0,1970.0
2021-06-11,13700.0,13855.0,13700.0,13770.0,1480.0
2021-06-14,13750.0,13780.0,13600.0,13615.0,1660.0
2021-06-15,13655.0,13715.0,13625.0,13695.0,500.0
2021-06-16,13700.0,13715.0,13530.0,13560.0,780.0
2021-06-17,13525.0,13525.0,13370.0,13395.0,790.0
2021-06-18,13380.0,13475.0,13280.0,13300.0,700.0
2021-06-21,13490.0,13530.0,13470.0,13490.0,290.0
2021-06-22,13495.0,13650.0,13495.0,13630.0,500.0
2021-06-23,13650.0,13650.0,13570.0,13590.0,390.0
2021-06-24,13585.0,13585.0,13510.0,13520.0,210.0
2021-06-25,13535.0,13720.0,13500.0,13690.0,450.0
2021-06-28,13675.0,13700.0,13600.0,13605.0,370.0
2021-06-29,13595.0,13640.0,13525.0,13615.0,380.0
2021-06-30,13620.0,13620.0,13480.0,13505.0,450.0
2021-07-01,13540.0,13550.0,13260.0,13285.0,950.0
2021-07-02,13295.0,13385.0,13270.0,13375.0,1260.0
2021-07-05,13360.0,13470.0,13310.0,13340.0,660.0
2021-07-06,13350.0,13360.0,13295.0,13325.0,830.0
2021-07-07,13320.0,13385.0,13295.0,13315.0,1030.0
2021-07-08,13325.0,13325.0,13280.0,13310.0,780.0
2021-07-09,13330.0,13330.0,13210.0,13250.0,1290.0
2021-07-12,13250.0,13250.0,13180.0,13195.0,1020.0
2021-07-13,13200.0,13200.0,13100.0,13160.0,1220.0
2021-07-14,13140.0,13240.0,13105.0,13190.0,1210.0
2021-07-15,13190.0,13380.0,13190.0,13275.0,930.0
2021-07-16,13275.0,13480.0,13275.0,13445.0,850.0
2021-07-19,13520.0,13645.0,13405.0,13610.0,1420.0
2021-07-20,13605.0,13655.0,13470.0,13545.0,710.0
2021-07-21,13715.0,13715.0,13715.0,13715.0,
2021-07-22,13720.0,13885.0,13720.0,13790.0,360.0
2021-07-23,13835.0,13870.0,13790.0,13815.0,290.0
2021-07-26,13780.0,13780.0,13505.0,13590.0,900.0
2021-07-27,13580.0,13610.0,13540.0,13550.0,290.0
2021-07-28,13530.0,13545.0,13320.0,13350.0,700.0
2021-07-29,13350.0,13490.0,13350.0,13410.0,410.0
2021-07-30,13400.0,13545.0,13400.0,13475.0,660.0
2021-08-02,13470.0,13650.0,13440.0,13480.0,660.0
2021-08-03,13480.0,13555.0,13400.0,13505.0,670.0
2021-08-04,13460.0,13575.0,13445.0,13555.0,720.0
2021-08-05,13575.0,13820.0,13575.0,13720.0,1980.0
2021-08-06,13720.0,13815.0,13620.0,13645.0,1200.0
2021-08-09,13685.0,13710.0,13425.0,13505.0,1200.0
2021-08-10,13475.0,13490.0,13380.0,13425.0,1340.0
2021-08-11,13445.0,13480.0,13365.0,13395.0,1440.0
2021-08-12,13360.0,13600.0,13360.0,13565.0,2160.0
2021-08-13,13600.0,13730.0,13550.0,13585.0,2230.0
2021-08-16,13660.0,14325.0,13630.0,14140.0,3950.0
2021-08-17,14140.0,14275.0,13920.0,14185.0,1550.0
2021-08-18,14245.0,14650.0,14165.0,14525.0,3590.0
2021-08-19,14525.0,14525.0,14525.0,14525.0,
2021-08-20,14610.0,14740.0,14410.0,14500.0,2870.0
2021-08-23,14875.0,15090.0,14850.0,15060.0,660.0
2021-08-24,15125.0,15760.0,15125.0,15690.0,2090.0
2021-08-25,15865.0,16225.0,15800.0,15870.0,3110.0
2021-08-26,15805.0,15805.0,15355.0,15455.0,2230.0
2021-08-27,15440.0,15595.0,14850.0,15035.0,1670.0
2021-08-30,15015.0,15265.0,14850.0,15130.0,1150.0
2021-08-31,15045.0,15255.0,14855.0,14900.0,950.0
2021-09-01,14860.0,14940.0,14710.0,14890.0,980.0
2021-09-02,14850.0,15190.0,14830.0,15020.0,1640.0
2021-09-03,14960.0,15170.0,14830.0,14935.0,1180.0
2021-09-06,14880.0,15100.0,14860.0,14915.0,760.0
2021-09-07,15060.0,15165.0,14930.0,15050.0,1460.0
2021-09-08,15095.0,15245.0,15040.0,15135.0,1990.0
2021-09-09,15115.0,15210.0,14940.0,14995.0,2320.0
2021-09-10,14995.0,14995.0,14995.0,14995.0,
2021-09-13,14970.0,14970.0,14725.0,14755.0,1720.0
2021-09-14,14745.0,14870.0,14635.0,14725.0,2090.0
2021-09-15,14745.0,14945.0,14720.0,14845.0,1540.0
2021-09-16,14890.0,14890.0,14730.0,14760.0,490.0
2021-09-17,14750.0,14750.0,14410.0,14430.0,1700.0
2021-09-20,14350.0,14350.0,14025.0,14165.0,2420.0
2021-09-21,14400.0,14560.0,14400.0,14515.0,490.0
2021-09-22,14615.0,14615.0,14330.0,14355.0,560.0
2021-09-23,14260.0,14385.0,14220.0,14365.0,330.0
2021-09-24,14450.0,14600.0,14430.0,14540.0,640.0
2021-09-27,14600.0,14860.0,14565.0,14675.0,1010.0
2021-09-28,14670.0,14900.0,14650.0,14835.0,650.0
2021-09-29,14890.0,14930.0,14780.0,14895.0,840.0
2021-09-30,14930.0,14950.0,14680.0,14740.0,960.0
2021-10-01,14680.0,14715.0,14595.0,14620.0,710.0
2021-10-04,14500.0,14545.0,14360.0,14450.0,880.0
2021-10-05,14430.0,14610.0,14430.0,14520.0,670.0
2021-10-06,14525.0,14590.0,14470.0,14530.0,550.0
2021-10-07,14505.0,14700.0,14500.0,14525.0,1530.0
2021-10-08,14685.0,14685.0,14425.0,14515.0,1310.0
2021-10-11,14640.0,14680.0,14470.0,14610.0,1450.0
2021-10-12,14650.0,15160.0,14620.0,14795.0,3320.0
2021-10-13,14850.0,14925.0,14525.0,14570.0,2410.0
2021-10-14,14550.0,14690.0,14500.0,14640.0,710.0
2021-10-15,14640.0,14640.0,14640.0,14640.0,
2021-10-18,14605.0,14715.0,14550.0,14635.0,920.0
2021-10-19,14685.0,14720.0,14575.0,14595.0,860.0
2021-10-20,14490.0,14600.0,14490.0,14575.0,740.0
2021-10-21,14720.0,14890.0,14720.0,14860.0,480.0
2021-10-22,14875.0,14910.0,14780.0,14835.0,490.0
2021-10-25,14900.0,15275.0,14850.0,15195.0,1700.0
2021-10-26,15240.0,15485.0,15240.0,15365.0,2029.9999999999998
2021-10-27,15350.0,15525.0,15335.0,15470.0,1550.0
2021-10-28,15475.0,15535.0,15105.0,15260.0,1960.0
2021-10-29,15270.0,15360.0,15100.0,15160.0,1030.0
2021-11-01,15215.0,15460.0,15215.0,15350.0,1860.0
2021-11-02,15355.0,15525.0,15350.0,15370.0,1460.0
2021-11-03,15430.0,15630.0,15360.0,15555.0,2560.0
2021-11-04,15630.0,15700.0,15575.0,15610.0,890.0
2021-11-05,15610.0,15610.0,15610.0,15610.0,
2021-11-08,15700.0,15840.0,15640.0,15820.0,3310.0
2021-11-09,15820.0,15840.0,15700.0,15720.0,2340.0
2021-11-10,15700.0,15800.0,15315.0,15410.0,3590.0
2021-11-11,15440.0,15820.0,15410.0,15690.0,3520.0
2021-11-12,15710.0,16180.0,15695.0,16035.0,4830.0
2021-11-15,16200.0,16420.0,16060.0,16265.0,3280.0
2021-11-16,16260.0,16295.0,16040.0,16105.0,1760.0
2021-11-17,16150.0,16500.0,16120.0,16445.0,3420.0
2021-11-18,16650.0,16650.0,16300.0,16530.0,3470.0
2021-11-19,16740.0,16740.0,16740.0,16740.0,
2021-11-22,16760.0,16790.0,16280.0,16440.0,1360.0
2021-11-23,16455.0,16735.0,16385.0,16700.0,850.0
2021-11-24,16665.0,16860.0,16510.0,16555.0,1100.0
2021-11-25,16505.0,16505.0,16125.0,16180.0,1800.0
2021-11-26,16100.0,16215.0,15890.0,16005.0,2080.0
2021-11-29,16100.0,16300.0,15860.0,16110.0,2240.0
2021-11-30,16210.0,16320.0,16040.0,16180.0,1470.0
2021-12-01,16220.0,16290.0,15985.0,16185.0,2160.0
2021-12-02,16105.0,16105.0,15730.0,15785.0,2940.0
2021-12-03,15665.0,15890.0,15665.0,15875.0,1930.0
2021-12-06,15995.0,16475.0,15995.0,16295.0,3610.0
2021-12-07,16255.0,16390.0,16115.0,16350.0,2500.0
2021-12-08,16410.0,16410.0,16165.0,16225.0,2009.9999999999998
2021-12-09,16160.0,16330.0,16110.0,16245.0,2140.0
2021-12-10,16215.0,16240.0,16050.0,16105.0,1560.0
2021-12-13,16120.0,16200.0,15970.0,16030.0,1580.0
2021-12-14,16030.0,16240.0,15900.0,16205.0,3560.0
2021-12-15,16245.0,16300.0,16145.0,16190.0,1120.0
2021-12-16,16190.0,16285.0,16005.0,16190.0,1050.0
2021-12-17,16250.0,16410.0,16225.0,16285.0,2210.0
2021-12-20,16230.0,16380.0,16190.0,16315.0,3080.0
2021-12-21,17205.0,17310.0,17050.0,17120.0,970.0
2021-12-22,17090.0,17090.0,16850.0,16955.0,1010.0
2021-12-23,16980.0,17025.0,16905.0,16960.0,530.0
2021-12-24,16960.0,16975.0,16810.0,16940.0,1190.0
2021-12-27,16950.0,16970.0,16850.0,16890.0,500.0
2021-12-28,16930.0,16970.0,16875.0,16895.0,640.0
2021-12-29,16935.0,16935.0,16800.0,16835.0,740.0
2021-12-30,16850.0,16850.0,16770.0,16785.0,630.0
2021-12-31,16740.0,17050.0,16620.0,17025.0,2280.0
2022-01-03,17200.0,17570.0,17200.0,17430.0,4180.0
2022-01-04,17530.0,17700.0,17400.0,17675.0,3860.0
2022-01-05,17675.0,17790.0,17615.0,17660.0,3680.0
2022-01-06,17700.0,17745.0,17440.0,17705.0,3220.0
2022-01-07,17725.0,18145.0,17725.0,17925.0,4830.0
2022-01-10,18040.0,18290.0,18000.0,18045.0,3590.0
2022-01-11,17960.0,18195.0,17810.0,18150.0,3920.0
2022-01-12,18200.0,18550.0,18150.0,18475.0,6530.0
2022-01-13,18525.0,18635.0,18210.0,18235.0,4610.0
2022-01-14,18190.0,18355.0,18120.0,18160.0,2760.0
2022-01-17,18200.0,18245.0,17980.0,18210.0,2390.0
2022-01-18,18190.0,18460.0,18180.0,18370.0,2920.0
2022-01-19,18420.0,18450.0,18170.0,18220.0,1820.0
2022-01-20,18220.0,18285.0,18040.0,18060.0,2300.0
2022-01-21,18265.0,18530.0,18170.0,18450.0,180.0
2022-01-24,19000.0,19075.0,18785.0,19020.0,560.0
2022-01-25,19005.0,19470.0,18895.0,19420.0,480.0
2022-01-27,19780.0,20000.0,19430.0,19570.0,1320.0
2022-01-28,19500.0,19770.0,19350.0,19510.0,1150.0
2022-01-31,19550.0,19750.0,19545.0,19620.0,620.0
2022-02-01,19680.0,19760.0,19350.0,19460.0,680.0
2022-02-02,19380.0,19420.0,19225.0,19270.0,580.0
2022-02-03,19290.0,20340.0,19255.0,20025.0,1090.0
2022-02-04,20235.0,20530.0,20155.0,20275.0,1640.0
2022-02-07,20575.0,20800.0,20310.0,20375.0,1590.0
2022-02-08,20315.0,21025.0,20165.0,20980.0,1430.0
2022-02-09,21210.0,21320.0,20615.0,20830.0,1070.0
2022-02-10,20735.0,21230.0,20735.0,21170.0,1580.0
2022-02-11,21080.0,21260.0,20855.0,21030.0,850.0
2022-02-14,21400.0,21610.0,21210.0,21555.0,1400.0
2022-02-15,21480.0,21610.0,21200.0,21260.0,1580.0
2022-02-16,21325.0,21410.0,21080.0,21240.0,1410.0
2022-02-17,21290.0,21835.0,21280.0,21790.0,1850.0
2022-02-18,21850.0,22345.0,21790.0,22315.0,2060.0
2022-02-21,22400.0,22720.0,21925.0,22065.0,3710.0
2022-02-22,21890.0,22670.0,21680.0,22480.0,3850.0
2022-02-23,22500.0,22800.0,22110.0,22220.0,2910.0
2022-02-24,22000.0,22040.0,20890.0,20955.0,5280.0
2022-02-25,21000.0,22180.0,21000.0,22050.0,3880.0
2022-02-28,21735.0,21735.0,20990.0,21360.0,2850.0
2022-03-01,21360.0,21360.0,21360.0,21360.0,
2022-03-02,21105.0,21565.0,20765.0,21220.0,2450.0
2022-03-03,21295.0,21635.0,20935.0,21245.0,3240.0
2022-03-04,21245.0,21270.0,20830.0,20925.0,3130.0
2022-03-07,20850.0,20850.0,20175.0,20350.0,3900.0
2022-03-08,20490.0,20840.0,19575.0,20740.0,7050.0
2022-03-09,20770.0,21440.0,20770.0,21185.0,5490.0
2022-03-10,21255.0,21680.0,21120.0,21205.0,6110.0
2022-03-11,21205.0,21440.0,21025.0,21140.0,5070.0
2022-03-14,21250.0,21310.0,20970.0,21080.0,2070.0
2022-03-15,21105.0,21180.0,20300.0,20355.0,3940.0
2022-03-16,20450.0,20580.0,19940.0,20490.0,4400.0
2022-03-17,20420.0,20910.0,20380.0,20815.0,3630.0
2022-03-18,21055.0,21055.0,21055.0,21055.0,
2022-03-21,21095.0,21150.0,20900.0,21015.0,650.0
2022-03-22,20830.0,21555.0,20505.0,21500.0,1910.0
2022-03-23,21500.0,22000.0,21500.0,21940.0,1890.0
2022-03-24,21920.0,22210.0,21775.0,22010.0,1460.0
2022-03-25,21955.0,22090.0,21640.0,21905.0,1780.0
2022-03-28,21840.0,22010.0,21705.0,21950.0,1060.0
2022-03-29,21950.0,22095.0,21820.0,21910.0,830.0
2022-03-30,22045.0,22045.0,21575.0,21615.0,1330.0
2022-03-31,21630.0,21855.0,21360.0,21750.0,2670.0
2022-04-01,21850.0,22890.0,21720.0,22665.0,5680.0
2022-04-04,22885.0,23100.0,22500.0,22705.0,6350.0
2022-04-05,22800.0,23495.0,22785.0,23370.0,8200.0
2022-04-06,23205.0,23360.0,22925.0,23055.0,5630.0
2022-04-07,23000.0,23260.0,22815.0,22930.0,5600.0
2022-04-08,22860.0,22900.0,22505.0,22555.0,5710.0
2022-04-11,22500.0,22835.0,22325.0,22525.0,4820.0
2022-04-12,22570.0,22790.0,22500.0,22675.0,3880.0
2022-04-13,22780.0,22830.0,22085.0,22305.0,3900.0
2022-04-14,22305.0,22305.0,22305.0,22305.0,
2022-04-18,22425.0,22435.0,21835.0,21985.0,3620.0
2022-04-19,22040.0,22275.0,21655.0,21870.0,4980.0
2022-04-20,21900.0,22200.0,21750.0,22075.0,2180.0
2022-04-21,22400.0,22910.0,22300.0,22890.0,1560.0
2022-04-22,22870.0,22870.0,22520.0,22570.0,610.0
2022-04-25,22555.0,22900.0,22555.0,22675.0,1520.0
2022-04-26,22605.0,22800.0,22105.0,22360.0,1250.0
2022-04-27,22435.0,22565.0,22125.0,22525.0,1400.0
2022-04-28,22495.0,22600.0,22130.0,22270.0,1600.0
2022-04-29,22320.0,22400.0,22070.0,22125.0,1430.0
2022-05-02,22075.0,22075.0,21620.0,21705.0,2180.0
2022-05-03,21705.0,21705.0,21705.0,21705.0,
2022-05-04,21800.0,21900.0,21525.0,21640.0,2810.0
2022-05-05,21745.0,21765.0,20775.0,20995.0,5500.0
2022-05-06,20910.0,21235.0,20700.0,21200.0,4040.0
2022-05-09,21250.0,21430.0,21075.0,21110.0,4040.0
2022-05-10,21175.0,21190.0,20835.0,20950.0,4850.0
2022-05-11,20960.0,21290.0,20950.0,21200.0,3310.0
2022-05-12,21215.0,21870.0,21080.0,21790.0,4310.0
2022-05-13,21810.0,22260.0,21790.0,21990.0,4640.0
2022-05-16,22120.0,22490.0,22115.0,22215.0,3730.0
2022-05-17,22260.0,22340.0,22025.0,22220.0,1460.0
2022-05-18,22200.0,22265.0,21920.0,22025.0,1550.0
2022-05-19,21930.0,22000.0,21470.0,21700.0,3920.0
2022-05-20,21780.0,21880.0,21700.0,21770.0,1790.0
2022-05-23,22090.0,22100.0,21675.0,21875.0,910.0
2022-05-24,21900.0,21990.0,21715.0,21945.0,730.0
2022-05-25,21920.0,21920.0,21320.0,21495.0,1520.0
2022-05-26,21430.0,21650.0,21375.0,21570.0,600.0
2022-05-27,21600.0,21850.0,21600.0,21670.0,840.0
2022-05-30,21695.0,21825.0,21550.0,21595.0,910.0
2022-05-31,21640.0,21750.0,21175.0,21405.0,1680.0
2022-06-01,21405.0,21420.0,21065.0,21170.0,1710.0
2022-06-02,21220.0,21300.0,21105.0,21280.0,1280.0
2022-06-03,21250.0,21595.0,21150.0,21470.0,2150.0
2022-06-06,21550.0,21620.0,21435.0,21455.0,1040.0
2022-06-07,21400.0,21660.0,21330.0,21375.0,2960.0
2022-06-08,21470.0,21485.0,21380.0,21445.0,2360.0
2022-06-09,21400.0,21535.0,21175.0,21255.0,2580.0
2022-06-10,21010.0,21450.0,20900.0,21345.0,4140.0
2022-06-13,21450.0,21630.0,21280.0,21390.0,3360.0
2022-06-14,21380.0,21390.0,21150.0,21285.0,1820.0
2022-06-15,21295.0,21400.0,21240.0,21340.0,680.0
2022-06-16,21330.0,21430.0,21100.0,21225.0,1420.0
2022-06-17,21210.0,21280.0,21000.0,21070.0,2040.0
2022-06-20,20955.0,20955.0,20525.0,20665.0,3890.0
2022-06-21,20820.0,21045.0,20710.0,20975.0,260.0
2022-06-22,20890.0,20960.0,20850.0,20900.0,160.0
2022-06-23,20875.0,21290.0,20860.0,21205.0,1310.0
2022-06-24,21200.0,21350.0,21100.0,21170.0,750.0
2022-06-27,21230.0,21495.0,21085.0,21445.0,770.0
2022-06-28,21485.0,21580.0,21390.0,21525.0,1210.0
2022-06-29,21555.0,21650.0,21155.0,21315.0,1240.0
2022-06-30,21335.0,21515.0,21190.0,21440.0,1520.0
2022-07-01,21455.0,21760.0,21340.0,21680.0,1530.0
2022-07-04,21800.0,22245.0,21720.0,22170.0,4019.9999999999995
2022-07-05,22155.0,22430.0,22010.0,22070.0,3730.0
2022-07-06,21970.0,22290.0,21875.0,22145.0,2630.0
2022-07-07,22150.0,22270.0,21700.0,21870.0,2840.0
2022-07-08,22050.0,22120.0,21760.0,21935.0,3330.0
2022-07-11,22050.0,22110.0,21825.0,21990.0,2750.0
2022-07-12,22010.0,22950.0,21940.0,22795.0,7260.0
2022-07-13,22800.0,22990.0,22615.0,22895.0,4940.0
2022-07-14,23000.0,23170.0,22785.0,22835.0,4260.0
2022-07-15,22750.0,22925.0,22525.0,22645.0,3020.0
2022-07-18,23070.0,23550.0,22950.0,23445.0,5550.0
2022-07-19,23400.0,23760.0,23335.0,23695.0,3630.0
2022-07-20,23600.0,23780.0,23525.0,23595.0,2070.0
2022-07-21,24000.0,24240.0,23855.0,24145.0,1150.0
2022-07-22,24170.0,24400.0,24050.0,24215.0,1510.0
2022-07-25,24240.0,24240.0,23750.0,23825.0,1320.0
2022-07-26,23910.0,24115.0,23570.0,24055.0,1600.0
2022-07-27,24165.0,25015.0,23625.0,24165.0,2290.0
2022-07-28,24130.0,24280.0,24005.0,24185.0,990.0
2022-07-29,24180.0,24400.0,24090.0,24250.0,2270.0
2022-08-01,24500.0,24990.0,24480.0,24810.0,4430.0
2022-08-02,24755.0,24850.0,24570.0,24690.0,2200.0
2022-08-03,24645.0,24645.0,24160.0,24435.0,3500.0
2022-08-04,24440.0,24675.0,24350.0,24515.0,3250.0
2022-08-05,24500.0,24600.0,24200.0,24315.0,2910.0
2022-08-08,24330.0,24420.0,23860.0,24005.0,3850.0
2022-08-10,23990.0,24350.0,23810.0,24175.0,5500.0
2022-08-11,24040.0,24140.0,23850.0,24030.0,2600.0
2022-08-12,24095.0,24990.0,24030.0,24910.0,6720.0
2022-08-16,24800.0,25275.0,24650.0,25105.0,4930.0
2022-08-17,24900.0,25340.0,24900.0,25225.0,2690.0
2022-08-18,25155.0,25480.0,25065.0,25395.0,3230.0
2022-08-19,25815.0,25900.0,25135.0,25360.0,950.0
2022-08-22,25275.0,25275.0,25040.0,25085.0,490.0
2022-08-23,24950.0,25410.0,24925.0,25325.0,1090.0
2022-08-24,25465.0,26300.0,25440.0,26170.0,1770.0
2022-08-25,26150.0,26300.0,25745.0,25930.0,1460.0
2022-08-26,25910.0,26030.0,25800.0,25895.0,870.0
2022-08-29,25945.0,26090.0,25400.0,25590.0,1120.0
2022-08-30,25615.0,25715.0,25510.0,25650.0,670.0
2022-09-01,25585.0,25740.0,25135.0,25655.0,1300.0
2022-09-02,25700.0,25940.0,25500.0,25770.0,1940.0
2022-09-05,25555.0,25720.0,25370.0,25635.0,2170.0
2022-09-06,25555.0,25625.0,24925.0,25140.0,2730.0
2022-09-07,25120.0,25285.0,24700.0,24830.0,2720.0
2022-09-08,24750.0,25080.0,24600.0,24985.0,2910.0
2022-09-09,25580.0,25580.0,24950.0,25015.0,2920.0
2022-09-12,25000.0,25395.0,24805.0,25335.0,3160.0
2022-09-13,25425.0,25765.0,25350.0,25520.0,3820.0
2022-09-14,25500.0,25645.0,25390.0,25565.0,2170.0
2022-09-15,25600.0,25760.0,25470.0,25545.0,1230.0
2022-09-16,25560.0,25560.0,25050.0,25200.0,1970.0
2022-09-19,25140.0,25140.0,24310.0,24625.0,3630.0
2022-09-20,24500.0,24680.0,24040.0,24615.0,5470.0
2022-09-21,25130.0,25280.0,24920.0,25165.0,380.0
2022-09-22,25190.0,25350.0,25030.0,25270.0,460.0
2022-09-23,25455.0,25510.0,25230.0,25340.0,450.0
2022-09-26,25160.0,25395.0,25020.0,25205.0,720.0
2022-09-27,25130.0,25395.0,25130.0,25295.0,410.0
2022-09-28,25200.0,25325.0,24770.0,24920.0,1390.0
2022-09-29,24935.0,25035.0,24700.0,24975.0,1430.0
2022-09-30,25215.0,25240.0,25020.0,25145.0,880.0
2022-10-03,25100.0,25250.0,24330.0,24530.0,2900.0
2022-10-04,24465.0,24735.0,24140.0,24540.0,2290.0
2022-10-06,24570.0,24735.0,24200.0,24245.0,2000.0
2022-10-07,24265.0,24430.0,24150.0,24345.0,1830.0
2022-10-10,24315.0,24965.0,24315.0,24725.0,3860.0
2022-10-11,24745.0,24745.0,24320.0,24405.0,2460.0
2022-10-12,24280.0,24430.0,24165.0,24315.0,2300.0
2022-10-13,24315.0,24575.0,24220.0,24285.0,2360.0
2022-10-14,24120.0,24365.0,23890.0,23950.0,4520.0
2022-10-17,24000.0,24135.0,23670.0,23835.0,1920.0
2022-10-18,23850.0,23890.0,23630.0,23675.0,1400.0
2022-10-19,23680.0,24220.0,23545.0,24105.0,2430.0
2022-10-20,24280.0,24305.0,23965.0,24035.0,1280.0
2022-10-21,24250.0,24335.0,23970.0,24055.0,440.0
2022-10-24,24130.0,24130.0,24015.0,24095.0,30.0
2022-10-25,24100.0,24320.0,24100.0,24280.0,110.0
2022-10-27,24330.0,24900.0,24265.0,24450.0,750.0
2022-10-28,24455.0,24475.0,24270.0,24405.0,410.0
2022-10-31,24440.0,24440.0,23885.0,24085.0,1460.0
2022-11-01,24015.0,24420.0,24015.0,24360.0,940.0
2022-11-02,24375.0,24600.0,24275.0,24455.0,1320.0
2022-11-03,24350.0,24700.0,24350.0,24595.0,1320.0
2022-11-04,24600.0,25250.0,24430.0,25060.0,4040.0
2022-11-07,25150.0,25700.0,24900.0,25160.0,4160.0
2022-11-09,25200.0,25290.0,24980.0,25165.0,3250.0
2022-11-10,25060.0,25180.0,24600.0,24690.0,2590.0
2022-11-11,24645.0,24995.0,24645.0,24845.0,2070.0
2022-11-14,24610.0,24950.0,24300.0,24775.0,2210.0
2022-11-15,24825.0,24825.0,24450.0,24645.0,1770.0
2022-11-16,24570.0,24790.0,24410.0,24690.0,1350.0
2022-11-17,24500.0,24700.0,23710.0,24145.0,3580.0
2022-11-18,24160.0,24725.0,23855.0,24670.0,3350.0
2022-11-21,24700.0,25000.0,24560.0,24725.0,530.0
2022-11-22,24730.0,24850.0,24510.0,24625.0,1240.0
2022-11-23,24640.0,24640.0,23800.0,24590.0,620.0
2022-11-24,24590.0,24600.0,24000.0,24180.0,530.0
2022-11-25,24100.0,24170.0,23560.0,23700.0,1600.0
2022-11-28,23720.0,24645.0,23720.0,24520.0,1430.0
2022-11-29,24700.0,25080.0,24700.0,24905.0,2390.0
2022-11-30,24860.0,25020.0,24700.0,24920.0,1250.0
2022-12-01,24925.0,25635.0,24920.0,25455.0,2180.0
2022-12-02,25460.0,25840.0,25010.0,25375.0,2670.0
2022-12-05,25655.0,25975.0,25520.0,25635.0,2430.0
2022-12-06,25420.0,25960.0,25420.0,25700.0,1900.0
2022-12-07,25700.0,25920.0,25455.0,25865.0,1840.0
2022-12-08,25940.0,26350.0,25930.0,26250.0,3400.0
2022-12-09,26305.0,26630.0,25700.0,26510.0,3460.0
2022-12-12,26970.0,27250.0,26810.0,26985.0,3450.0
2022-12-13,26825.0,27390.0,26650.0,27315.0,4790.0
2022-12-14,27300.0,27760.0,27120.0,27685.0,4580.0
2022-12-15,27675.0,27840.0,27460.0,27645.0,1970.0
2022-12-16,27545.0,27570.0,26930.0,27210.0,3230.0
2022-12-19,27450.0,28240.0,27450.0,28005.0,4270.0
2022-12-20,28150.0,28940.0,27725.0,28835.0,3710.0
2022-12-21,29740.0,30135.0,29210.0,29585.0,1050.0
2022-12-22,29660.0,30585.0,29600.0,30290.0,1340.0
2022-12-23,30710.0,31370.0,30340.0,31075.0,1630.0
2022-12-26,30910.0,31290.0,30210.0,30990.0,2250.0
2022-12-27,30830.0,31175.0,30405.0,30720.0,1400.0
2022-12-28,30625.0,31230.0,30520.0,31000.0,1370.0
2022-12-29,30800.0,31475.0,30760.0,31380.0,1240.0
2022-12-30,31360.0,32635.0,31360.0,32360.0,3250.0
2023-01-02,33160.0,34300.0,33160.0,34300.0,3400.0
2023-01-03,34900.0,36220.0,34490.0,35075.0,6370.0
2023-01-04,35075.0,35900.0,34410.0,35665.0,2660.0
2023-01-05,35960.0,35960.0,34700.0,34800.0,2290.0
2023-01-06,34690.0,35590.0,34380.0,35465.0,2210.0
2023-01-09,36800.0,37495.0,36500.0,37085.0,3350.0
2023-01-10,36880.0,36900.0,35620.0,35795.0,3840.0
2023-01-11,35670.0,36745.0,35565.0,36300.0,2950.0
2023-01-12,36500.0,36790.0,35700.0,36085.0,3310.0
2023-01-13,36400.0,37390.0,36235.0,37100.0,4320.0
2023-01-16,37710.0,37990.0,35620.0,35865.0,4520.0
2023-01-17,35350.0,35600.0,34600.0,34990.0,4380.0
2023-01-18,35005.0,35320.0,34850.0,35100.0,1590.0
2023-01-19,35300.0,35500.0,34605.0,34820.0,1930.0
2023-01-20,34650.0,34780.0,33750.0,34270.0,3920.0
2023-01-23,34015.0,34070.0,32355.0,32405.0,470.0
2023-01-24,31920.0,32500.0,31890.0,32390.0,860.0
2023-01-25,32115.0,32115.0,31125.0,31430.0,530.0
2023-01-27,31805.0,31890.0,30175.0,30690.0,1080.0
2023-01-30,31520.0,31780.0,30910.0,31500.0,1030.0
2023-01-31,31350.0,32940.0,30940.0,32600.0,2160.0
2023-02-01,32535.0,32800.0,31670.0,32280.0,1040.0
2023-02-02,32450.0,33140.0,32210.0,33045.0,840.0
2023-02-03,33150.0,34740.0,33080.0,34270.0,950.0
2023-02-06,33715.0,33960.0,32720.0,32850.0,1250.0
2023-02-07,32320.0,33080.0,32310.0,32875.0,730.0
2023-02-08,33040.0,33295.0,32205.0,32830.0,630.0
2023-02-09,32660.0,33415.0,32660.0,33310.0,340.0
2023-02-10,33245.0,33585.0,32880.0,33030.0,570.0
2023-02-13,32270.0,32540.0,31460.0,31650.0,1010.0
2023-02-14,31450.0,31505.0,30500.0,30655.0,1340.0
2023-02-15,30685.0,31200.0,30105.0,31125.0,1100.0
2023-02-16,31175.0,31370.0,30700.0,30915.0,620.0
2023-02-17,31125.0,31725.0,30460.0,30575.0,800.0
2023-02-20,30300.0,30300.0,29640.0,29985.0,1140.0
2023-02-21,29930.0,30760.0,29900.0,30440.0,980.0
2023-02-22,30585.0,31935.0,30505.0,31510.0,1100.0
2023-02-23,31650.0,31770.0,30900.0,31185.0,980.0
2023-02-24,31140.0,32040.0,30815.0,31900.0,1260.0
2023-02-27,32215.0,33010.0,32005.0,32215.0,1760.0
2023-02-28,31940.0,32560.0,31820.0,32300.0,1850.0
2023-03-01,32580.0,32580.0,31525.0,31705.0,1460.0
2023-03-02,31270.0,31530.0,30000.0,30275.0,2190.0
2023-03-03,30060.0,30700.0,29690.0,30570.0,2500.0
2023-03-06,30450.0,30550.0,30000.0,30310.0,1850.0
2023-03-08,31015.0,31130.0,30525.0,30600.0,1570.0
2023-03-09,30550.0,30750.0,30200.0,30650.0,1710.0
2023-03-10,30735.0,31400.0,30700.0,30935.0,2670.0
2023-03-13,30825.0,31370.0,30725.0,31285.0,2570.0
2023-03-14,31295.0,32260.0,31205.0,32090.0,3500.0
2023-03-15,32240.0,32445.0,31805.0,32180.0,2170.0
2023-03-16,32200.0,32335.0,31610.0,32140.0,1870.0
2023-03-17,32100.0,33425.0,32100.0,33180.0,3630.0
2023-03-20,33500.0,34200.0,33080.0,33310.0,3720.0
2023-03-21,33140.0,34250.0,33110.0,34125.0,1000.0
2023-03-22,34180.0,35480.0,33865.0,35290.0,1180.0
2023-03-23,35420.0,35530.0,34900.0,35175.0,700.0
2023-03-24,35400.0,35845.0,35200.0,35325.0,1700.0
2023-03-27,35640.0,36110.0,34930.0,35020.0,1210.0
2023-03-28,35340.0,36345.0,35010.0,36120.0,1320.0
2023-03-29,36320.0,36415.0,35610.0,35825.0,1560.0
2023-03-31,36000.0,36250.0,35815.0,35975.0,1200.0
2023-04-03,36120.0,36120.0,35000.0,35360.0,2740.0
2023-04-05,35690.0,36820.0,35635.0,36690.0,4300.0
2023-04-06,36900.0,37645.0,36630.0,37515.0,4270.0
2023-04-10,39015.0,39765.0,39015.0,39765.0,1030.0
2023-04-11,40950.0,41600.0,39850.0,40120.0,6720.0
2023-04-12,39700.0,41720.0,39255.0,41565.0,6660.0
2023-04-13,41950.0,42440.0,40300.0,41855.0,5120.0
2023-04-17,41040.0,41050.0,39375.0,39750.0,4670.0
2023-04-18,39875.0,40680.0,39710.0,40380.0,3030.0
2023-04-19,40325.0,40640.0,39870.0,40500.0,2420.0
2023-04-20,40600.0,41480.0,40535.0,41180.0,3790.0
2023-04-21,42135.0,42135.0,41120.0,41295.0,480.0
2023-04-24,41290.0,41290.0,40670.0,40960.0,670.0
2023-04-25,40390.0,40520.0,39325.0,40385.0,1230.0
2023-04-26,40595.0,41240.0,40100.0,41085.0,1100.0
2023-04-27,41450.0,43550.0,41450.0,43450.0,2500.0
2023-04-28,43950.0,44690.0,43530.0,44090.0,2390.0
2023-05-02,45850.0,46480.0,45500.0,46005.0,2810.0
2023-05-03,45225.0,46250.0,44930.0,45970.0,3020.0
2023-05-04,45685.0,46740.0,45495.0,45745.0,3030.0
2023-05-05,45700.0,47570.0,45275.0,47270.0,3400.0
2023-05-08,49160.0,49160.0,47910.0,48265.0,4870.0
2023-05-09,47360.0,47990.0,46800.0,47340.0,3670.0
2023-05-10,47400.0,49840.0,47400.0,48470.0,5020.0
2023-05-11,48155.0,48670.0,47530.0,48165.0,2830.0
2023-05-12,48100.0,48500.0,47155.0,47510.0,3540.0
2023-05-15,47500.0,47530.0,46290.0,46375.0,3470.0
2023-05-16,46105.0,46105.0,44305.0,45915.0,4670.0
2023-05-17,46500.0,47300.0,45520.0,46610.0,3090.0
2023-05-18,46500.0,46925.0,44100.0,44710.0,3720.0
2023-05-19,44485.0,45880.0,44485.0,45660.0,2190.0
2023-05-22,46585.0,46820.0,44715.0,45055.0,400.0
2023-05-23,44885.0,44885.0,43700.0,44565.0,850.0
2023-05-24,44550.0,45200.0,44550.0,45160.0,380.0
2023-05-25,45140.0,45140.0,44025.0,44225.0,750.0
2023-05-26,43950.0,44600.0,43400.0,44445.0,630.0
2023-05-29,44210.0,46190.0,44200.0,45780.0,1580.0
2023-05-30,47200.0,47200.0,45400.0,45610.0,1460.0
2023-05-31,45405.0,45415.0,44730.0,44925.0,1190.0
2023-06-01,44685.0,45400.0,44650.0,44930.0,920.0
2023-06-02,44835.0,45700.0,44655.0,45295.0,1560.0
2023-06-05,46225.0,46225.0,45500.0,45730.0,1520.0
2023-06-06,45750.0,46755.0,45500.0,46400.0,2180.0
2023-06-07,47050.0,47535.0,46260.0,47385.0,3340.0
2023-06-08,47500.0,48340.0,46825.0,47980.0,2730.0
2023-06-09,48200.0,48800.0,46885.0,47145.0,3530.0
2023-06-12,47305.0,49030.0,46600.0,48580.0,3730.0
2023-06-13,49200.0,49780.0,48515.0,49540.0,4490.0
2023-06-14,49340.0,50250.0,49150.0,49885.0,2370.0
2023-06-15,50000.0,50140.0,49060.0,49265.0,1820.0
2023-06-16,49265.0,49655.0,48720.0,49315.0,1820.0
2023-06-19,49800.0,52100.0,49800.0,51790.0,3740.0
2023-06-20,52390.0,52810.0,51465.0,51710.0,3490.0
2023-06-21,51750.0,54740.0,51750.0,54300.0,800.0
2023-06-22,55500.0,55650.0,54400.0,55085.0,1010.0
2023-06-23,55150.0,56200.0,54060.0,55425.0,810.0
2023-06-26,57640.0,58750.0,57640.0,58655.0,1350.0
2023-06-27,58050.0,58060.0,55140.0,55160.0,1460.0
2023-06-28,54660.0,57780.0,54550.0,56065.0,1440.0
2023-06-30,56600.0,56700.0,55150.0,55565.0,1500.0
2023-07-03,54580.0,54965.0,53315.0,53645.0,1860.0
2023-07-04,53940.0,54985.0,53940.0,54580.0,1480.0
2023-07-05,55150.0,57535.0,54900.0,57305.0,2320.0
2023-07-06,57400.0,59120.0,56555.0,57585.0,3400.0
2023-07-07,57940.0,59120.0,57940.0,58675.0,2970.0
2023-07-10,59410.0,60390.0,58855.0,60240.0,3370.0
2023-07-11,60450.0,60450.0,59025.0,59610.0,1960.0
2023-07-12,59540.0,60225.0,59055.0,59265.0,2140.0
2023-07-13,59060.0,59060.0,57000.0,57855.0,3280.0
2023-07-14,57055.0,58375.0,57000.0,57335.0,2590.0
2023-07-17,58000.0,60775.0,58000.0,60510.0,2950.0
2023-07-18,62000.0,62000.0,59715.0,60255.0,1350.0
2023-07-19,59655.0,60340.0,59105.0,59370.0,1670.0
2023-07-20,59850.0,61140.0,59605.0,60910.0,1750.0
2023-07-21,62015.0,62770.0,60910.0,61225.0,290.0
2023-07-24,61595.0,62550.0,60610.0,61020.0,510.0
2023-07-25,60880.0,61425.0,59835.0,60730.0,490.0
2023-07-26,60260.0,60630.0,58555.0,59540.0,1040.0
2023-07-27,59000.0,60800.0,58605.0,60045.0,650.0
2023-07-28,61595.0,61860.0,59900.0,60615.0,1030.0
2023-07-31,60010.0,60525.0,59300.0,59970.0,720.0
2023-08-01,59970.0,60725.0,59550.0,60190.0,780.0
2023-08-02,60395.0,63700.0,60395.0,62375.0,2460.0
2023-08-03,62645.0,63300.0,61920.0,62575.0,1880.0
2023-08-04,63695.0,64000.0,62800.0,63400.0,1990.0
2023-08-07,63725.0,64000.0,63000.0,63115.0,2520.0
2023-08-08,62705.0,63185.0,62130.0,62245.0,1320.0
2023-08-09,62400.0,63500.0,62400.0,63080.0,2240.0
2023-08-10,63195.0,63400.0,62500.0,62625.0,2350.0
2023-08-11,62760.0,62965.0,61760.0,62040.0,2480.0
2023-08-14,62250.0,62300.0,61125.0,61495.0,970.0
2023-08-16,61660.0,61665.0,58520.0,58590.0,2410.0
2023-08-17,59480.0,59480.0,57310.0,59055.0,1800.0
2023-08-18,59490.0,59935.0,59190.0,59690.0,800.0
2023-08-21,60445.0,60700.0,60200.0,60390.0,130.0
2023-08-22,59935.0,59935.0,59065.0,59385.0,240.0
2023-08-23,58680.0,58800.0,56350.0,58300.0,720.0
2023-08-24,58625.0,58925.0,57825.0,57975.0,460.0
2023-08-25,57675.0,58100.0,57060.0,57360.0,460.0
2023-08-28,57555.0,58465.0,56325.0,56490.0,380.0
2023-08-29,55510.0,56200.0,54445.0,54720.0,860.0
2023-08-30,53600.0,55400.0,53600.0,54640.0,940.0
2023-08-31,55400.0,56440.0,54800.0,56335.0,1040.0
2023-09-01,56395.0,59715.0,56395.0,59280.0,1520.0
2023-09-04,61650.0,62655.0,60500.0,62090.0,1290.0
2023-09-05,61255.0,62500.0,61000.0,61460.0,1130.0
2023-09-06,61000.0,61700.0,60075.0,61190.0,1340.0
2023-09-07,61435.0,63635.0,61155.0,62860.0,1420.0
2023-09-08,65000.0,65900.0,63720.0,65260.0,2870.0
2023-09-11,64150.0,64800.0,61575.0,62505.0,2890.0
2023-09-12,62320.0,63460.0,60835.0,61575.0,2190.0
2023-09-13,61315.0,64035.0,60840.0,62860.0,2760.0
2023-09-14,63170.0,63905.0,62670.0,63175.0,1310.0
2023-09-15,63500.0,63545.0,61175.0,61605.0,1200.0
2023-09-18,61790.0,61790.0,59360.0,60040.0,1400.0
2023-09-20,59550.0,60800.0,59250.0,60180.0,880.0
2023-09-21,61500.0,62500.0,61300.0,61645.0,230.0
2023-09-22,62080.0,63790.0,61600.0,61755.0,360.0
2023-09-25,62445.0,62500.0,61335.0,61605.0,350.0
2023-09-26,60905.0,61965.0,59500.0,61240.0,800.0
2023-09-27,60995.0,61680.0,60020.0,60230.0,360.0
2023-09-28,59535.0,60750.0,59500.0,60320.0,630.0
2023-09-29,60620.0,61620.0,60585.0,61475.0,620.0
2023-10-03,61650.0,61650.0,58905.0,59135.0,1160.0
2023-10-04,58675.0,59870.0,58675.0,59615.0,720.0
2023-10-05,59825.0,60485.0,59765.0,59880.0,1010.0
2023-10-06,59510.0,60290.0,59000.0,59590.0,1500.0
2023-10-09,59295.0,59525.0,58870.0,58995.0,1580.0
2023-10-10,59200.0,59700.0,55705.0,56485.0,2300.0
2023-10-11,55550.0,56080.0,53200.0,53940.0,2890.0
2023-10-12,54000.0,56080.0,53510.0,54720.0,2170.0
2023-10-13,54625.0,56150.0,54625.0,55670.0,1410.0
2023-10-16,57025.0,57925.0,56905.0,57650.0,1710.0
2023-10-17,57850.0,58490.0,57400.0,58150.0,860.0
2023-10-18,58100.0,58100.0,56220.0,56365.0,1030.0
2023-10-19,56300.0,56600.0,53000.0,53695.0,2300.0
2023-10-20,53695.0,54400.0,53120.0,54245.0,1110.0
2023-10-23,54685.0,54685.0,51250.0,51500.0,990.0
2023-10-25,50680.0,50900.0,48530.0,50385.0,1060.0
2023-10-26,50535.0,51080.0,47365.0,47375.0,2180.0
2023-10-27,46375.0,48600.0,45900.0,47820.0,1240.0
2023-10-30,48100.0,48510.0,46200.0,46745.0,1220.0
2023-10-31,47300.0,47300.0,43945.0,43945.0,1790.0
2023-11-01,43500.0,45040.0,42210.0,43190.0,3020.0
2023-11-02,42255.0,42675.0,40600.0,40605.0,2620.0
2023-11-03,40225.0,42845.0,39630.0,40590.0,2840.0
2023-11-06,41300.0,43025.0,41300.0,43025.0,1550.0
2023-11-07,43690.0,45605.0,43525.0,45605.0,2330.0
2023-11-08,46100.0,46710.0,42870.0,43125.0,3220.0
2023-11-09,43800.0,44000.0,42830.0,43770.0,1270.0
2023-11-10,44000.0,44990.0,43050.0,44730.0,2690.0
2023-11-12,45400.0,46070.0,44550.0,44750.0,440.0
2023-11-13,44745.0,44890.0,43030.0,43155.0,1360.0
2023-11-15,42825.0,42930.0,41640.0,42320.0,1170.0
2023-11-16,42180.0,43190.0,41470.0,42590.0,680.0
2023-11-17,42845.0,43250.0,41890.0,43030.0,920.0
2023-11-20,44390.0,45610.0,44250.0,45600.0,1280.0
2023-11-21,45700.0,46930.0,45700.0,46275.0,770.0
2023-11-22,46275.0,46850.0,45200.0,46415.0,860.0
2023-11-23,45870.0,46975.0,45000.0,45260.0,340.0
2023-11-24,44800.0,46185.0,44460.0,45330.0,350.0
2023-11-28,46970.0,46970.0,45820.0,46440.0,480.0
2023-11-29,46225.0,46680.0,45855.0,46120.0,530.0
2023-11-30,45920.0,45920.0,44640.0,44950.0,710.0
2023-12-01,44140.0,44900.0,44060.0,44470.0,700.0
2023-12-04,43705.0,44700.0,41805.0,41810.0,1310.0
2023-12-05,40825.0,41400.0,39305.0,39390.0,2130.0
2023-12-06,38300.0,40100.0,38300.0,39550.0,2480.0
2023-12-07,39555.0,39650.0,37180.0,37180.0,2200.0
2023-12-08,36000.0,37600.0,36000.0,36470.0,3720.0
2023-12-11,36970.0,38350.0,36475.0,36645.0,1770.0
2023-12-12,36105.0,36780.0,35180.0,36445.0,2170.0
2023-12-13,37000.0,38500.0,36850.0,38440.0,2050.0
2023-12-14,38150.0,38695.0,37950.0,38065.0,1070.0
2023-12-15,37900.0,40200.0,37605.0,39985.0,1800.0
2023-12-18,40400.0,40400.0,37590.0,37600.0,2240.0
2023-12-19,37565.0,37750.0,36100.0,36970.0,1430.0
2023-12-20,36405.0,37705.0,36405.0,36935.0,1250.0
2023-12-21,30655.0,31600.0,30655.0,30910.0,170.0
2023-12-22,31200.0,31380.0,30810.0,30985.0,150.0
2023-12-26,30100.0,30100.0,29130.0,29130.0,500.0
2023-12-27,27965.0,28300.0,27385.0,27575.0,890.0
2023-12-28,27020.0,28575.0,26720.0,27600.0,1010.0
2023-12-29,27520.0,28600.0,27520.0,27870.0,820.0
2024-01-01,27185.0,28180.0,26860.0,27425.0,890.0
2024-01-02,27550.0,27870.0,26850.0,27460.0,1070.0
2024-01-03,28000.0,28100.0,27210.0,27810.0,780.0
2024-01-04,28390.0,29475.0,27060.0,29200.0,1170.0
2024-01-05,29550.0,30000.0,28000.0,28195.0,1450.0
2024-01-08,27700.0,27700.0,27100.0,27205.0,680.0
2024-01-09,27230.0,27390.0,26600.0,26815.0,800.0
2024-01-10,27100.0,27100.0,26100.0,26580.0,760.0
2024-01-11,26600.0,27000.0,26225.0,26505.0,740.0
2024-01-12,26360.0,26465.0,25900.0,26205.0,970.0
2024-01-15,26110.0,27150.0,25900.0,26985.0,1100.0
2024-01-16,27090.0,28210.0,26800.0,27985.0,1080.0
2024-01-17,28050.0,28470.0,27500.0,27645.0,730.0
2024-01-18,27500.0,27605.0,26745.0,27095.0,540.0
2024-01-19,27050.0,27070.0,26550.0,26835.0,1010.0
2024-01-23,25940.0,26460.0,25865.0,26390.0,150.0
2024-01-24,27150.0,27445.0,26655.0,27275.0,200.0
2024-01-25,27200.0,27650.0,26600.0,26690.0,160.0
2024-01-29,25780.0,26250.0,25155.0,25285.0,300.0
2024-01-30,25600.0,26130.0,25490.0,26000.0,140.0
2024-01-31,26095.0,26565.0,25905.0,26475.0,200.0
2024-02-01,26750.0,26990.0,26300.0,26535.0,80.0
2024-02-02,26395.0,26795.0,26330.0,26555.0,50.0
2024-02-05,26500.0,26505.0,25980.0,26325.0,170.0
2024-02-06,26300.0,26640.0,26250.0,26330.0,170.0
2024-02-07,26360.0,26625.0,26150.0,26455.0,190.0
2024-02-08,26640.0,26740.0,26300.0,26380.0,210.0
2024-02-09,26255.0,26560.0,26255.0,26425.0,140.0
2024-02-12,26295.0,26300.0,25485.0,25605.0,250.0
2024-02-13,25320.0,25320.0,24160.0,24655.0,310.0
2024-02-14,24750.0,24750.0,24110.0,24215.0,220.0
2024-02-15,23820.0,24635.0,23820.0,24230.0,180.0
2024-02-16,24310.0,24495.0,24300.0,24350.0,130.0
2024-02-19,24425.0,24995.0,24200.0,24900.0,260.0
2024-02-20,24900.0,26300.0,24835.0,26040.0,690.0
2024-02-21,26380.0,26800.0,25550.0,25920.0,380.0
2024-02-22,25580.0,25825.0,25315.0,25400.0,330.0
2024-02-23,25640.0,25640.0,24900.0,25080.0,200.0
2024-02-26,24760.0,25100.0,24100.0,24250.0,770.0
2024-02-27,23815.0,24075.0,23280.0,23310.0,1030.0
2024-02-28,22910.0,23975.0,22910.0,23755.0,630.0
2024-02-29,24070.0,24075.0,23760.0,24005.0,320.0
2024-03-01,24135.0,24510.0,23800.0,24115.0,830.0
2024-03-04,24580.0,24580.0,24200.0,24360.0,800.0
2024-03-05,24220.0,24380.0,23905.0,24205.0,590.0
2024-03-06,24010.0,24900.0,23750.0,24700.0,1310.0
2024-03-07,24800.0,25495.0,24695.0,25280.0,1210.0
2024-03-11,25680.0,26540.0,25300.0,25730.0,1990.0
2024-03-12,25440.0,25690.0,25060.0,25480.0,800.0
2024-03-13,25485.0,25900.0,25110.0,25170.0,1110.0
2024-03-14,25110.0,25110.0,24050.0,24330.0,1910.0
2024-03-15,24395.0,24600.0,24000.0,24440.0,900.0
2024-03-18,24300.0,24300.0,23200.0,23465.0,1290.0
2024-03-19,23400.0,23490.0,23110.0,23315.0,710.0
2024-03-20,23340.0,23850.0,23255.0,23760.0,810.0
2024-03-21,23600.0,23790.0,23360.0,23430.0,290.0
2024-03-22,23300.0,23700.0,23300.0,23440.0,90.0
2024-03-26,23590.0,23590.0,23120.0,23190.0,160.0
2024-03-27,23100.0,23500.0,22990.0,23450.0,140.0
2024-03-28,23300.0,23345.0,22900.0,23125.0,260.0
2024-04-01,22815.0,22995.0,22565.0,22765.0,720.0
2024-04-02,22765.0,22935.0,22690.0,22885.0,350.0
2024-04-03,23200.0,23745.0,23105.0,23455.0,890.0
2024-04-04,23650.0,23990.0,23460.0,23530.0,900.0
2024-04-05,23440.0,23770.0,23155.0,23635.0,880.0
2024-04-08,23300.0,23300.0,23100.0,23125.0,760.0
2024-04-09,23225.0,23350.0,22940.0,23285.0,570.0
2024-04-10,23300.0,23450.0,22780.0,22890.0,1310.0
2024-04-12,22825.0,22890.0,22260.0,22400.0,1840.0
2024-04-15,22015.0,22200.0,21550.0,21665.0,1510.0
2024-04-16,21780.0,21990.0,21320.0,21900.0,610.0
2024-04-18,22080.0,22300.0,21815.0,22255.0,1070.0
2024-04-19,22400.0,22480.0,22150.0,22345.0,660.0
2024-04-22,21500.0,21600.0,21060.0,21495.0,360.0
2024-04-23,21525.0,21825.0,21500.0,21680.0,290.0
2024-04-24,21900.0,22345.0,21850.0,22260.0,550.0
2024-04-25,22470.0,22550.0,22055.0,22175.0,790.0
2024-04-26,22375.0,22380.0,22205.0,22280.0,290.0
2024-04-29,22265.0,22275.0,22050.0,22150.0,280.0
2024-04-30,22250.0,23350.0,22250.0,22830.0,1180.0
2024-05-02,23130.0,24195.0,23130.0,24140.0,1780.0
2024-05-03,24460.0,24775.0,23600.0,23735.0,1960.0
2024-05-06,23510.0,24490.0,23510.0,24445.0,1330.0
2024-05-07,24680.0,25800.0,24560.0,25705.0,2230.0
2024-05-08,25700.0,26100.0,25100.0,25380.0,2330.0
2024-05-09,25230.0,25670.0,24930.0,25190.0,2490.0
2024-05-10,25190.0,26470.0,25005.0,26235.0,2680.0
2024-05-13,26850.0,27590.0,26820.0,27300.0,2510.0
2024-05-14,27300.0,28325.0,27025.0,27315.0,3480.0
2024-05-15,26905.0,27645.0,26825.0,27060.0,1460.0
2024-05-16,26920.0,27915.0,26825.0,27830.0,1880.0
2024-05-17,28000.0,28300.0,27655.0,27840.0,1940.0
2024-05-21,28330.0,28875.0,28210.0,28870.0,500.0
2024-05-22,29600.0,29655.0,27720.0,28340.0,720.0
2024-05-23,28200.0,28985.0,28125.0,28500.0,230.0
2024-05-24,28550.0,28770.0,27875.0,28620.0,660.0
2024-05-27,28500.0,28500.0,27505.0,27725.0,370.0
2024-05-28,27475.0,27800.0,27000.0,27595.0,420.0
2024-05-29,27780.0,27990.0,27475.0,27825.0,290.0
2024-05-30,27990.0,28000.0,27555.0,27590.0,260.0
2024-05-31,27400.0,27400.0,26340.0,26495.0,710.0
2024-06-03,26900.0,27775.0,26675.0,27630.0,1350.0
2024-06-04,27695.0,27900.0,27165.0,27290.0,650.0
2024-06-05,26860.0,28360.0,26860.0,28005.0,1140.0
2024-06-06,28255.0,28820.0,27805.0,28480.0,1080.0
2024-06-07,28300.0,28450.0,28080.0,28180.0,970.0
2024-06-10,27800.0,27810.0,26930.0,27405.0,1710.0
2024-06-11,27400.0,27400.0,26690.0,26940.0,1540.0
2024-06-12,26800.0,27640.0,26750.0,27515.0,1500.0
2024-06-13,27795.0,28060.0,27400.0,27670.0,2090.0
2024-06-14,27370.0,28090.0,26835.0,27880.0,1510.0
2024-06-18,28050.0,28495.0,28050.0,28295.0,1000.0
2024-06-19,28000.0,28400.0,27920.0,28245.0,660.0
2024-06-20,28050.0,29190.0,28050.0,28765.0,2310.0
2024-06-21,28050.0,28495.0,27920.0,28390.0,370.0
2024-06-24,28390.0,29525.0,28390.0,28960.0,750.0
2024-06-25,29115.0,29700.0,29115.0,29455.0,530.0
2024-06-26,29150.0,29300.0,28600.0,28770.0,510.0
2024-06-27,28520.0,28910.0,28310.0,28595.0,240.0
2024-06-28,28800.0,28920.0,28570.0,28645.0,300.0
2024-07-01,28650.0,29590.0,28010.0,28435.0,640.0
2024-07-02,28400.0,28500.0,27950.0,28330.0,500.0
2024-07-03,28400.0,28560.0,28035.0,28365.0,620.0
2024-07-04,28280.0,28700.0,28130.0,28620.0,740.0
2024-07-05,28520.0,28670.0,28300.0,28510.0,680.0
2024-07-08,28210.0,28255.0,27810.0,27885.0,1030.0
2024-07-09,27895.0,27895.0,27500.0,27625.0,1560.0
2024-07-10,27700.0,27975.0,27625.0,27830.0,690.0
2024-07-11,28070.0,28150.0,27300.0,27690.0,1370.0
2024-07-12,27505.0,27675.0,26830.0,26915.0,1550.0
2024-07-15,27000.0,27000.0,26520.0,26730.0,940.0
2024-07-16,26410.0,26870.0,26005.0,26675.0,1340.0
2024-07-18,27040.0,27300.0,26850.0,27030.0,1020.0
2024-07-19,27090.0,27300.0,26550.0,26620.0,520.0
2024-07-22,26385.0,26385.0,25750.0,25875.0,210.0
2024-07-23,25810.0,26165.0,25650.0,26015.0,380.0
2024-07-24,25910.0,25965.0,25775.0,25815.0,230.0
2024-07-25,25950.0,26845.0,25850.0,26275.0,390.0
2024-07-26,26690.0,26690.0,26150.0,26270.0,220.0
2024-07-29,26420.0,26950.0,26400.0,26445.0,210.0
2024-07-30,26295.0,26500.0,26130.0,26370.0,170.0
2024-07-31,26575.0,26670.0,26400.0,26510.0,260.0
2024-08-01,26255.0,26560.0,26255.0,26330.0,130.0
2024-08-02,26370.0,26400.0,26150.0,26255.0,320.0
2024-08-05,25610.0,26145.0,25610.0,25865.0,280.0
2024-08-06,26100.0,26140.0,25770.0,25900.0,380.0
2024-08-07,25970.0,26000.0,25650.0,25915.0,770.0
2024-08-08,25920.0,26195.0,25920.0,26035.0,560.0
2024-08-09,26215.0,26700.0,26045.0,26120.0,650.0
2024-08-12,26600.0,26750.0,26155.0,26345.0,650.0
2024-08-13,26485.0,26485.0,25315.0,25625.0,1450.0
2024-08-14,25700.0,25700.0,25070.0,25345.0,1190.0
2024-08-16,24920.0,25480.0,24920.0,25145.0,1170.0
2024-08-19,25040.0,25650.0,25040.0,25275.0,1010.0
2024-08-20,25200.0,25340.0,24510.0,24845.0,600.0
2024-08-21,23510.0,24300.0,23510.0,24145.0,180.0
2024-08-22,24400.0,24820.0,24275.0,24580.0,200.0
2024-08-23,24925.0,24925.0,24305.0,24480.0,190.0
2024-08-26,24960.0,24960.0,24200.0,24390.0,200.0
2024-08-27,24250.0,24800.0,24085.0,24595.0,210.0
2024-08-28,24675.0,24675.0,24465.0,24595.0,240.0
2024-08-29,24850.0,24850.0,24550.0,24625.0,350.0
2024-08-30,24760.0,25000.0,24720.0,24820.0,820.0
2024-09-02,25100.0,25650.0,25100.0,25520.0,1160.0
2024-09-03,25810.0,26100.0,25225.0,25350.0,1160.0
2024-09-04,25150.0,25330.0,24645.0,24890.0,890.0
2024-09-05,25045.0,25250.0,25000.0,25190.0,380.0
2024-09-06,25100.0,25275.0,24750.0,25075.0,730.0
2024-09-09,24700.0,25175.0,24530.0,25025.0,570.0
2024-09-10,24820.0,25495.0,24820.0,25360.0,860.0
2024-09-11,25300.0,25740.0,25300.0,25570.0,580.0
2024-09-12,25700.0,25995.0,25365.0,25695.0,760.0
2024-09-13,26205.0,26205.0,25350.0,25490.0,910.0
2024-09-16,25445.0,25800.0,25280.0,25715.0,2250.0
2024-09-17,25770.0,26065.0,25600.0,25915.0,860.0
2024-09-18,26145.0,26145.0,25670.0,25925.0,600.0
2024-09-19,26085.0,26295.0,25800.0,26170.0,560.0
2024-09-20,26200.0,26495.0,26170.0,26420.0,680.0
2024-09-23,26180.0,26625.0,26100.0,26380.0,380.0
2024-09-24,26595.0,26595.0,26180.0,26430.0,550.0
2024-09-25,26950.0,27190.0,26200.0,26570.0,660.0
2024-09-26,26700.0,26760.0,26500.0,26615.0,290.0
2024-09-27,26620.0,26675.0,26400.0,26430.0,240.0
2024-09-30,26290.0,26470.0,26110.0,26145.0,260.0
2024-10-01,26110.0,26110.0,25800.0,25895.0,400.0
2024-10-03,25900.0,25900.0,25565.0,25800.0,370.0
2024-10-04,26040.0,26040.0,25665.0,25810.0,600.0
2024-10-07,25775.0,26140.0,25770.0,26105.0,1320.0
2024-10-08,26190.0,26370.0,26035.0,26185.0,590.0
2024-10-09,26300.0,26390.0,26060.0,26145.0,300.0
2024-10-10,25975.0,26115.0,25960.0,26050.0,380.0
2024-10-11,26035.0,26040.0,25760.0,25845.0,430.0
2024-10-14,25785.0,26165.0,25610.0,25940.0,370.0
2024-10-15,25990.0,26265.0,24905.0,25500.0,2050.0
2024-10-16,25400.0,25465.0,24940.0,25025.0,1470.0
2024-10-17,24655.0,25000.0,24510.0,24935.0,630.0
2024-10-18,24900.0,25240.0,24865.0,25175.0,260.0
2024-10-21,24850.0,25035.0,24680.0,24760.0,260.0
2024-10-22,24840.0,25040.0,24700.0,24750.0,230.0
2024-10-23,24555.0,24700.0,24405.0,24660.0,120.0
2024-10-24,24415.0,24700.0,24415.0,24640.0,650.0
2024-10-25,24415.0,24460.0,23900.0,24095.0,800.0
2024-10-28,23820.0,24240.0,23820.0,24200.0,230.0
2024-10-29,24250.0,24250.0,23850.0,23960.0,200.0
2024-10-30,23650.0,24000.0,23650.0,23925.0,340.0
2024-10-31,23850.0,24120.0,23815.0,24055.0,170.0
2024-11-01,23870.0,24000.0,23870.0,23925.0,50.0
2024-11-04,22970.0,23845.0,22970.0,23725.0,380.0
2024-11-05,23600.0,23800.0,23525.0,23700.0,220.0
2024-11-06,23625.0,24805.0,23625.0,24585.0,1280.0
2024-11-07,24690.0,25375.0,24630.0,25140.0,730.0
2024-11-08,25285.0,25660.0,24910.0,25275.0,1850.0
2024-11-11,25130.0,25400.0,25100.0,25220.0,590.0
2024-11-12,25025.0,25300.0,24765.0,24935.0,990.0
2024-11-13,24775.0,25290.0,24750.0,25105.0,610.0
2024-11-14,24995.0,25880.0,24865.0,25010.0,1210.0
2024-11-18,25060.0,25180.0,24745.0,25005.0,660.0
2024-11-19,25395.0,25490.0,25070.0,25385.0,680.0
2024-11-21,25000.0,25220.0,24800.0,24855.0,270.0
2024-11-22,24745.0,24915.0,24620.0,24725.0,310.0
2024-11-25,25420.0,25420.0,24530.0,24745.0,210.0
2024-11-26,24710.0,24800.0,24650.0,24720.0,90.0
2024-11-27,24610.0,24610.0,24155.0,24415.0,200.0
2024-11-28,24665.0,24665.0,24455.0,24580.0,130.0
2024-11-29,24595.0,24900.0,24490.0,24810.0,480.0
2024-12-02,24700.0,25075.0,24670.0,24875.0,440.0
2024-12-03,24615.0,24825.0,23940.0,24100.0,2029.9999999999998
2024-12-04,24340.0,24340.0,23890.0,23945.0,700.0
2024-12-05,23910.0,24280.0,23510.0,23630.0,890.0
2024-12-06,23510.0,23970.0,23510.0,23840.0,580.0
2024-12-09,24090.0,24180.0,23885.0,24130.0,1230.0
2024-12-10,24130.0,24340.0,24020.0,24230.0,870.0
2024-12-11,24275.0,24275.0,23900.0,23965.0,230.0
2024-12-12,23900.0,24180.0,23880.0,24080.0,160.0
2024-12-13,24150.0,24200.0,23355.0,24040.0,390.0
2024-12-16,23600.0,24180.0,23600.0,23900.0,320.0
2024-12-17,23900.0,24070.0,23900.0,24025.0,190.0
2024-12-18,23930.0,24135.0,23840.0,24040.0,470.0
2024-12-19,24000.0,24145.0,23935.0,24045.0,200.0
2024-12-20,24150.0,24235.0,23950.0,23970.0,190.0
2024-12-23,23830.0,23830.0,23015.0,23185.0,150.0
2024-12-24,23950.0,23950.0,23205.0,23325.0,50.0
2024-12-26,23160.0,23250.0,23110.0,23185.0,60.0
2024-12-27,23110.0,23340.0,23020.0,23300.0,220.0
2024-12-30,23440.0,23650.0,23340.0,23630.0,620.0
2024-12-31,23870.0,23880.0,23660.0,23825.0,300.0
2025-01-01,23845.0,23875.0,23510.0,23600.0,240.0
2025-01-02,23635.0,23635.0,23120.0,23280.0,170.0
2025-01-03,23200.0,23430.0,23200.0,23370.0,680.0
2025-01-06,23375.0,23575.0,23350.0,23400.0,590.0
2025-01-07,23400.0,23500.0,23250.0,23460.0,400.0
2025-01-08,23350.0,23500.0,23250.0,23435.0,280.0
2025-01-09,23400.0,23475.0,23300.0,23360.0,560.0
2025-01-10,23340.0,23370.0,23100.0,23330.0,300.0
2025-01-13,23205.0,23205.0,22455.0,22535.0,690.0
2025-01-14,22510.0,22750.0,22400.0,22695.0,630.0
2025-01-15,22600.0,22700.0,22400.0,22625.0,290.0
2025-01-16,22700.0,22720.0,22220.0,22355.0,530.0
2025-01-17,22630.0,22650.0,22130.0,22225.0,330.0
2025-01-20,22230.0,22330.0,22040.0,22290.0,370.0
2025-01-21,22030.0,22250.0,22030.0,22195.0,80.0
2025-01-22,22250.0,22250.0,22100.0,22180.0,30.0
2025-01-23,22140.0,22155.0,21900.0,22105.0,90.0
2025-01-24,22000.0,22035.0,21850.0,21920.0,30.0
2025-01-27,21700.0,21700.0,21175.0,21315.0,400.0
2025-01-28,21400.0,21435.0,21300.0,21310.0,260.0
2025-01-29,21215.0,21295.0,21185.0,21275.0,80.0
2025-01-30,21345.0,21400.0,21290.0,21340.0,80.0
2025-01-31,21200.0,21205.0,20655.0,20745.0,450.0
2025-02-01,20705.0,20820.0,20365.0,20470.0,300.0
2025-02-03,20350.0,20755.0,20160.0,20480.0,580.0
2025-02-04,20550.0,20800.0,20335.0,20380.0,280.0
2025-02-05,20300.0,20470.0,20225.0,20405.0,370.0
2025-02-06,20320.0,20525.0,20275.0,20325.0,200.0
2025-02-07,20305.0,20305.0,19805.0,19860.0,530.0
2025-02-10,19825.0,20155.0,19725.0,19805.0,330.0
2025-02-11,19800.0,20380.0,19645.0,20275.0,670.0
2025-02-12,20580.0,20650.0,20175.0,20245.0,380.0
2025-02-13,20195.0,20400.0,20195.0,20315.0,150.0
2025-02-14,20350.0,20740.0,20350.0,20625.0,360.0
2025-02-17,20785.0,21450.0,20785.0,21425.0,940.0
2025-02-18,21400.0,21465.0,20835.0,21110.0,560.0
2025-02-19,20925.0,20945.0,20620.0,20660.0,470.0
2025-02-20,20550.0,20795.0,20370.0,20695.0,440.0
2025-02-21,20790.0,20890.0,20525.0,20625.0,220.0
2025-02-24,20600.0,20600.0,20200.0,20235.0,350.0
2025-02-25,20075.0,20750.0,20000.0,20400.0,540.0
2025-02-27,20495.0,20845.0,20495.0,20800.0,350.0
2025-02-28,20860.0,21085.0,20855.0,21030.0,430.0
2025-03-03,20770.0,20900.0,20620.0,20710.0,480.0
2025-03-04,20745.0,20980.0,20600.0,20900.0,800.0
2025-03-05,20900.0,21065.0,20750.0,20965.0,710.0
2025-03-06,20800.0,20995.0,20750.0,20970.0,400.0
2025-03-07,20920.0,20950.0,20800.0,20865.0,430.0
2025-03-10,20760.0,20770.0,20560.0,20610.0,720.0
2025-03-11,20650.0,21070.0,20620.0,20995.0,680.0
2025-03-12,21230.0,21280.0,20725.0,20780.0,1450.0
2025-03-13,20935.0,21000.0,20750.0,20830.0,900.0
2025-03-17,20955.0,21540.0,20740.0,21445.0,1490.0
2025-03-18,21500.0,21700.0,21200.0,21550.0,2120.0
2025-03-19,21425.0,21580.0,21315.0,21450.0,980.0
2025-03-20,21480.0,21750.0,21450.0,21685.0,1160.0
2025-03-21,21990.0,22400.0,21990.0,22185.0,390.0
2025-03-24,21980.0,22355.0,21880.0,22335.0,920.0
2025-03-25,22390.0,22635.0,22270.0,22595.0,910.0
2025-03-26,22600.0,23005.0,22535.0,22805.0,1470.0
2025-03-27,22570.0,22905.0,22570.0,22790.0,700.0
2025-03-28,22880.0,22935.0,22630.0,22740.0,600.0
2025-04-01,22515.0,22605.0,22325.0,22420.0,690.0
2025-04-02,22355.0,23315.0,22355.0,23190.0,1660.0
2025-04-03,23440.0,23845.0,23240.0,23380.0,2200.0
2025-04-04,23280.0,23690.0,23115.0,23600.0,2410.0
2025-04-07,23750.0,25015.0,23750.0,24790.0,2960.0
2025-04-08,24600.0,25200.0,24265.0,24700.0,3220.0
2025-04-09,24725.0,24725.0,23935.0,24290.0,2520.0
2025-04-11,24200.0,24695.0,24015.0,24400.0,1980.0
2025-04-15,24650.0,24835.0,24415.0,24610.0,1940.0
2025-04-16,24400.0,24400.0,24050.0,24145.0,1620.0
2025-04-17,24135.0,24325.0,23815.0,24065.0,1730.0
2025-04-21,24220.0,24510.0,24020.0,24245.0,550.0
2025-04-22,24150.0,24225.0,23375.0,23520.0,1050.0
2025-04-23,23400.0,23510.0,23155.0,23455.0,900.0
2025-04-24,23455.0,23480.0,22795.0,23210.0,830.0
2025-04-25,23000.0,23050.0,22700.0,22760.0,650.0
2025-04-28,22630.0,23000.0,22475.0,22530.0,1730.0
2025-04-29,22560.0,22605.0,22065.0,22130.0,1100.0
2025-04-30,22105.0,22300.0,21800.0,22215.0,920.0
2025-05-02,22380.0,22650.0,22180.0,22515.0,1250.0
2025-05-05,22510.0,22700.0,22280.0,22320.0,1760.0
2025-05-06,22205.0,22340.0,21620.0,21755.0,1510.0
2025-05-07,21610.0,21845.0,20885.0,21715.0,1240.0
2025-05-08,21750.0,21970.0,21360.0,21465.0,1560.0
2025-05-09,21265.0,21400.0,20970.0,21305.0,2200.0
2025-05-12,21700.0,22290.0,21695.0,22195.0,2090.0
2025-05-13,22250.0,22340.0,21865.0,21955.0,1380.0
2025-05-14,21950.0,22030.0,21760.0,21865.0,1190.0
2025-05-15,21760.0,21900.0,21640.0,21830.0,1040.0
2025-05-16,21730.0,21830.0,21400.0,21460.0,1750.0
2025-05-19,21900.0,21900.0,21115.0,21240.0,860.0
2025-05-20,21250.0,21385.0,21200.0,21260.0,720.0
2025-05-21,21400.0,21430.0,20975.0,21025.0,440.0
2025-05-22,21005.0,21050.0,20855.0,20965.0,160.0
2025-05-23,21000.0,21300.0,20995.0,21260.0,380.0
2025-05-26,21260.0,21260.0,20800.0,20890.0,550.0
2025-05-27,20875.0,20880.0,20720.0,20835.0,660.0
2025-05-28,20785.0,20885.0,20730.0,20770.0,430.0
2025-05-29,20880.0,20905.0,20770.0,20860.0,370.0
2025-05-30,20900.0,21235.0,20750.0,21190.0,800.0
2025-06-02,21100.0,21100.0,20460.0,20600.0,1240.0
2025-06-03,20035.0,20700.0,20010.0,20425.0,810.0
2025-06-04,20420.0,20420.0,19970.0,20085.0,1760.0
2025-06-05,20045.0,20085.0,19900.0,19935.0,1040.0
2025-06-06,19940.0,20250.0,19940.0,20015.0,1310.0
2025-06-09,20225.0,20380.0,20100.0,20240.0,2029.9999999999998
2025-06-10,20320.0,20390.0,19715.0,19825.0,2170.0
2025-06-11,19625.0,19865.0,19615.0,19810.0,1600.0
2025-06-12,19930.0,19975.0,19865.0,19895.0,1070.0
2025-06-13,19920.0,19920.0,19590.0,19635.0,1310.0
2025-06-16,19510.0,19625.0,19150.0,19240.0,1830.0
2025-06-17,19205.0,19350.0,19195.0,19300.0,1190.0
2025-06-18,19360.0,19520.0,19250.0,19295.0,1670.0
2025-06-19,19350.0,19350.0,19165.0,19240.0,430.0
2025-06-20,19155.0,19155.0,18930.0,19030.0,1040.0
2025-06-23,19070.0,19505.0,19040.0,19355.0,150.0
2025-06-24,19460.0,19570.0,19400.0,19420.0,290.0
2025-06-25,19445.0,19880.0,19445.0,19765.0,850.0
2025-06-26,19880.0,20075.0,19625.0,19995.0,480.0
2025-06-27,20130.0,20270.0,20060.0,20235.0,670.0
2025-06-30,20525.0,20615.0,20085.0,20255.0,1700.0
2025-07-01,20140.0,20500.0,20000.0,20420.0,890.0
2025-07-02,20240.0,20350.0,20090.0,20160.0,690.0
2025-07-03,20220.0,20340.0,20040.0,20135.0,810.0
2025-07-04,20120.0,20220.0,19760.0,19900.0,950.0
2025-07-07,19700.0,20030.0,19665.0,19710.0,1140.0
2025-07-08,19520.0,19830.0,19520.0,19750.0,980.0
2025-07-09,19790.0,19895.0,19710.0,19845.0,840.0
2025-07-10,19895.0,20180.0,19860.0,20090.0,2180.0
2025-07-11,20150.0,20150.0,19650.0,19700.0,1370.0
2025-07-14,19640.0,19835.0,19515.0,19600.0,1270.0
2025-07-15,19675.0,19675.0,19530.0,19585.0,1380.0
2025-07-16,19530.0,19630.0,19380.0,19430.0,2940.0
2025-07-17,19420.0,19675.0,19330.0,19545.0,620.0
2025-07-18,19520.0,19640.0,19470.0,19565.0,490.0
2025-07-21,19825.0,19855.0,19265.0,19480.0,140.0
2025-07-22,19480.0,19550.0,19440.0,19475.0,110.0
2025-07-23,19400.0,19450.0,19100.0,19315.0,200.0
2025-07-24,19210.0,19370.0,19205.0,19320.0,150.0
2025-07-25,19280.0,19330.0,18950.0,18980.0,520.0
2025-07-28,18605.0,18930.0,18605.0,18855.0,470.0
2025-07-29,18825.0,19060.0,18825.0,18970.0,410.0
2025-07-30,19080.0,19225.0,19070.0,19145.0,250.0
2025-07-31,19490.0,19725.0,19050.0,19130.0,580.0
2025-08-01,19150.0,19350.0,19080.0,19285.0,520.0
2025-08-04,19380.0,19465.0,19340.0,19355.0,740.0
2025-08-05,19320.0,19395.0,19300.0,19375.0,370.0
2025-08-06,19340.0,19340.0,19000.0,19070.0,830.0
2025-08-07,19045.0,19190.0,19045.0,19110.0,830.0
2025-08-08,19005.0,19150.0,18960.0,19000.0,2029.9999999999998
2025-08-11,19000.0,19120.0,18920.0,19105.0,770.0
2025-08-12,19040.0,19145.0,19010.0,19100.0,870.0
2025-08-13,19105.0,19140.0,19060.0,19125.0,770.0
2025-08-14,19120.0,19120.0,18955.0,19020.0,1190.0
2025-08-18,19055.0,19600.0,19020.0,19235.0,1600.0
2025-08-19,19350.0,19450.0,19210.0,19370.0,780.0
2025-08-20,19335.0,19540.0,19335.0,19415.0,590.0
2025-08-21,19670.0,19670.0,19575.0,19630.0,80.0
2025-08-22,19665.0,20075.0,19665.0,19935.0,290.0
2025-08-25,19980.0,20175.0,19780.0,19890.0,570.0
2025-08-26,19760.0,19980.0,19685.0,19720.0,180.0
2025-08-28,19730.0,19740.0,19450.0,19500.0,330.0
2025-08-29,19500.0,19500.0,19430.0,19460.0,140.0
2025-09-01,19600.0,19675.0,19465.0,19520.0,310.0
2025-09-02,19425.0,19505.0,19420.0,19460.0,320.0
2025-09-03,19420.0,19480.0,19410.0,19465.0,240.0
2025-09-04,19495.0,19765.0,19490.0,19740.0,610.0
2025-09-05,19700.0,19820.0,19530.0,19685.0,280.0
2025-09-08,19685.0,19835.0,19475.0,19595.0,520.0
2025-09-09,19665.0,19750.0,19600.0,19725.0,1070.0
2025-09-10,19625.0,19760.0,19555.0,19580.0,780.0
2025-09-11,19490.0,19490.0,19280.0,19350.0,1070.0
2025-09-12,19310.0,19490.0,19235.0,19425.0,780.0
2025-09-15,19450.0,19650.0,19350.0,19595.0,860.0
2025-09-16,19550.0,19650.0,19445.0,19585.0,1250.0
2025-09-17,19600.0,19680.0,19450.0,19480.0,1190.0
2025-09-18,19550.0,19630.0,19325.0,19480.0,750.0
2025-09-19,19475.0,19640.0,19475.0,19545.0,240.0
2025-09-22,19940.0,19940.0,19725.0,19820.0,320.0
2025-09-23,19675.0,19700.0,19550.0,19595.0,80.0
2025-09-24,19750.0,19750.0,19515.0,19600.0,100.0
2025-09-25,19580.0,19585.0,19520.0,19545.0,50.0
2025-09-26,19520.0,19520.0,19300.0,19335.0,250.0
2025-09-29,19250.0,19250.0,19140.0,19215.0,130.0
2025-09-30,19145.0,19150.0,19000.0,19060.0,330.0
2025-10-01,19120.0,19295.0,19050.0,19180.0,340.0
2025-10-03,19220.0,19240.0,19110.0,19190.0,170.0
2025-10-06,19000.0,19260.0,19000.0,19195.0,480.0
2025-10-07,19260.0,19300.0,19140.0,19235.0,640.0
2025-10-08,19390.0,19450.0,19165.0,19335.0,890.0
2025-10-09,19310.0,19310.0,19155.0,19280.0,590.0
2025-10-10,19310.0,19310.0,19135.0,19170.0,840.0
2025-10-13,19090.0,19175.0,19045.0,19125.0,840.0
2025-10-14,19200.0,19340.0,19100.0,19130.0,920.0
2025-10-15,19180.0,19235.0,19000.0,19130.0,1220.0
2025-10-16,19230.0,19305.0,19025.0,19155.0,560.0
2025-10-17,19155.0,19265.0,19125.0,19225.0,170.0
2025-10-20,19100.0,19395.0,19100.0,19265.0,210.0
2025-10-21,19625.0,19690.0,19600.0,19625.0,20.0
2025-10-23,19700.0,20160.0,19630.0,19720.0,420.0
2025-10-24,19845.0,19870.0,19750.0,19790.0,110.0
2025-10-27,19955.0,20580.0,19910.0,20500.0,440.0
2025-10-28,21000.0,21000.0,20210.0,20615.0,510.0
2025-10-29,20555.0,20615.0,20150.0,20200.0,550.0
2025-10-30,20175.0,20500.0,20100.0,20360.0,640.0
2025-10-31,20515.0,20610.0,20320.0,20455.0,380.0
2025-11-03,20700.0,20780.0,20350.0,20675.0,600.0
2025-11-04,20600.0,20840.0,20380.0,20450.0,670.0
2025-11-06,20455.0,20640.0,20440.0,20500.0,610.0
2025-11-07,20520.0,20520.0,20240.0,20255.0,690.0
2025-11-10,20190.0,20285.0,20065.0,20160.0,900.0
2025-11-11,20195.0,20395.0,20195.0,20310.0,700.0
2025-11-12,20380.0,20715.0,20360.0,20585.0,1330.0
2025-11-13,20585.0,20675.0,20520.0,20610.0,490.0
2025-11-14,20640.0,20800.0,20550.0,20695.0,1020.0
2025-11-17,20770.0,21520.0,20770.0,21370.0,2820.0
2025-11-18,21585.0,21920.0,21050.0,21180.0,950.0
2025-11-19,21020.0,21575.0,20905.0,21480.0,930.0
2025-11-20,21540.0,21870.0,21350.0,21445.0,730.0
2025-11-21,21500.0,21900.0,21500.0,21795.0,190.0
2025-11-24,21845.0,22000.0,21720.0,21955.0,140.0
2025-11-25,21935.0,21935.0,21550.0,21575.0,480.0
2025-11-26,21455.0,21950.0,21455.0,21740.0,400.0
2025-11-27,21915.0,22605.0,21700.0,22405.0,900.0
2025-11-28,22300.0,22575.0,22210.0,22505.0,320.0
2025-12-01,22260.0,22435.0,21970.0,22060.0,940.0
2025-12-02,21905.0,22200.0,21900.0,22075.0,730.0
2025-12-03,22050.0,22130.0,21800.0,21845.0,680.0
2025-12-04,21900.0,22000.0,21590.0,21790.0,640.0
2025-12-05,21835.0,21835.0,21620.0,21650.0,350.0
2025-12-08,21555.0,21555.0,20870.0,20955.0,1430.0
2025-12-09,20885.0,21020.0,20655.0,20990.0,880.0
2025-12-10,21140.0,21345.0,20920.0,21310.0,850.0
2025-12-11,21395.0,21420.0,21050.0,21095.0,1020.0
2025-12-12,21010.0,21155.0,20980.0,21115.0,820.0
2025-12-15,21195.0,21195.0,20800.0,20855.0,870.0
2025-12-16,20840.0,21270.0,20715.0,21035.0,1460.0
2025-12-17,21000.0,21400.0,21000.0,21190.0,960.0
2025-12-18,21325.0,21350.0,21100.0,21135.0,290.0
2025-12-19,21100.0,21250.0,20960.0,21150.0,1050.0
2025-12-22,21655.0,22850.0,21655.0,22765.0,850.0
2025-12-23,22210.0,22975.0,22210.0,22595.0,400.0
2025-12-24,22320.0,22700.0,22320.0,22590.0,460.0
2025-12-26,22420.0,23440.0,22420.0,23275.0,1700.0
2025-12-29,23750.0,23780.0,23030.0,23095.0,1180.0
2025-12-30,23180.0,23440.0,22900.0,23365.0,1070.0
2025-12-31,23400.0,23800.0,23215.0,23305.0,1150.0
2026-01-01,23450.0,23600.0,23230.0,23550.0,1070.0
2026-01-02,23875.0,24390.0,23535.0,24050.0,2290.0
2026-01-05,24330.0,24500.0,23700.0,23950.0,1610.0
2026-01-06,24015.0,24175.0,23260.0,23345.0,2230.0
2026-01-07,23125.0,23400.0,22810.0,22885.0,1580.0
2026-01-08,22960.0,23000.0,22500.0,22675.0,1490.0
2026-01-09,22565.0,23050.0,22500.0,22985.0,1660.0
2026-01-12,23140.0,23900.0,23100.0,23760.0,2560.0
2026-01-13,23885.0,23985.0,23500.0,23685.0,1850.0
2026-01-14,23680.0,23800.0,23595.0,23700.0,1370.0
2026-01-16,23680.0,23845.0,23450.0,23535.0,1550.0
2026-01-19,23740.0,24775.0,23740.0,24590.0,3230.0
2026-01-20,24460.0,24780.0,24140.0,24320.0,1360.0
2026-01-21,24355.0,25200.0,24275.0,25090.0,260.0
2026-01-22,24400.0,25190.0,24400.0,24860.0,530.0
2026-01-23,25300.0,25300.0,24360.0,24395.0,290.0
2026-01-27,24440.0,24610.0,23915.0,24185.0,280.0
2026-01-28,24100.0,24355.0,24000.0,24030.0,150.0
2026-01-29,23910.0,24950.0,23910.0,24385.0,470.0
2026-01-30,24450.0,24670.0,23610.0,23770.0,340.0
2026-02-01,23670.0,23895.0,23650.0,23730.0,70.0
2026-02-02,23695.0,24125.0,23695.0,24095.0,200.0
2026-02-03,24300.0,24400.0,23995.0,24090.0,200.0
2026-02-04,24160.0,24160.0,23880.0,23985.0,220.0
2026-02-05,23890.0,24095.0,23795.0,24035.0,440.0
2026-02-06,24105.0,24340.0,23840.0,23960.0,530.0
2026-02-09,23905.0,23905.0,23305.0,23710.0,480.0
2026-02-10,23650.0,23870.0,23450.0,23665.0,350.0
2026-02-11,23580.0,23580.0,23030.0,23115.0,650.0
2026-02-12,23185.0,23195.0,22800.0,23070.0,640.0
2026-02-13,23080.0,23245.0,22855.0,22995.0,310.0
2026-02-16,22560.0,22855.0,22305.0,22420.0,670.0
2026-02-17,22365.0,22630.0,22025.0,22475.0,560.0
2026-02-18,22700.0,23250.0,22655.0,23050.0,700.0
2026-02-19,23100.0,23170.0,22830.0,22980.0,410.0
2026-02-20,23125.0,23310.0,23005.0,23255.0,410.0
2026-02-23,23105.0,23105.0,22660.0,22880.0,300.0
2026-02-24,22755.0,23105.0,22605.0,22880.0,530.0
2026-02-25,22610.0,22880.0,22520.0,22620.0,400.0
2026-02-26,22535.0,22645.0,22180.0,22220.0,720.0
2026-02-27,22200.0,22385.0,22025.0,22320.0,720.0
2026-03-02,21800.0,21980.0,21575.0,21740.0,1160.0
2026-03-04,21320.0,21775.0,21225.0,21700.0,870.0
2026-03-05,21800.0,22300.0,21610.0,22185.0,1900.0
2026-03-06,22150.0,22360.0,21810.0,21870.0,1220.0
2026-03-09,21700.0,22140.0,21505.0,22035.0,1900.0
2026-03-10,22160.0,22590.0,22020.0,22545.0,2330.0
2026-03-11,22495.0,22635.0,22300.0,22445.0,1520.0
2026-03-12,22310.0,22395.0,22155.0,22300.0,910.0
2026-03-13,22165.0,22330.0,22065.0,22140.0,1450.0
2026-03-16,22000.0,22120.0,21725.0,21820.0,1520.0
2026-03-17,21800.0,21990.0,21800.0,21940.0,2350.0
2026-03-18,22040.0,22695.0,22040.0,22380.0,3110.0
2026-03-19,22525.0,22565.0,22060.0,22155.0,1130.0
2026-03-20,22200.0,22290.0,22110.0,22145.0,1630.0
2026-03-23,22100.0,22125.0,21620.0,21995.0,740.0
2026-03-24,21980.0,22285.0,21925.0,22205.0,290.0
2026-03-25,22305.0,22485.0,22260.0,22335.0,360.0
2026-03-27,22300.0,22300.0,22065.0,22155.0,300.0
2026-03-30,22110.0,22360.0,21970.0,22265.0,1010.0
2026-04-01,22650.0,22650.0,22300.0,22335.0,1050.0
2026-04-02,22250.0,22770.0,22220.0,22600.0,2230.0
2026-04-06,22560.0,22850.0,22490.0,22745.0,2140.0
2026-04-07,22630.0,22680.0,22505.0,22550.0,1150.0
2026-04-08,22690.0,22980.0,22640.0,22685.0,2740.0
2026-04-09,22600.0,22620.0,22255.0,22350.0,2000.0
2026-04-10,22110.0,22320.0,21800.0,22020.0,2600.0
2026-04-13,21900.0,22000.0,21675.0,21835.0,3030.0
2026-04-15,21980.0,22080.0,21800.0,21845.0,2570.0
2026-04-16,21810.0,21890.0,21540.0,21615.0,2970.0
2026-04-17,21690.0,22000.0,21660.0,21950.0,1520.0
2026-04-20,22030.0,22180.0,21700.0,21735.0,1540.0
2026-04-21,21890.0,22050.0,21670.0,21760.0,840.0
2026-04-22,21885.0,21885.0,21300.0,21365.0,730.0
2026-04-23,21365.0,21410.0,21200.0,21375.0,720.0
2026-04-24,21430.0,21430.0,21060.0,21090.0,850.0
2026-04-27,21145.0,21145.0,20165.0,20325.0,2790.0
2026-04-28,20300.0,20590.0,20300.0,20550.0,750.0
2026-04-29,20620.0,21105.0,20460.0,20900.0,1350.0
2026-04-30,21050.0,21050.0,20640.0,20705.0,700.0
