date,open,high,low,close,volume
2017-01-02,3344.0,3424.0,3344.0,3412.0,3350.0
2017-01-03,3427.0,3458.0,3420.0,3432.0,2140.0
2017-01-04,3416.0,3416.0,3365.0,3369.0,2260.0
2017-01-05,3385.0,3415.0,3380.0,3409.0,2140.0
2017-01-06,3435.0,3435.0,3400.0,3419.0,1980.0
2017-01-09,3415.0,3423.0,3356.0,3365.0,2500.0
2017-01-10,3362.0,3370.0,3330.0,3363.0,3360.0
2017-01-11,3356.0,3383.0,3348.0,3357.0,4570.0
2017-01-12,3377.0,3400.0,3375.0,3380.0,2370.0
2017-01-13,3387.0,3410.0,3373.0,3383.0,2940.0
2017-01-16,3376.0,3385.0,3360.0,3371.0,2680.0
2017-01-17,3380.0,3455.0,3361.0,3439.0,6700.0
2017-01-19,3432.0,3442.0,3410.0,3415.0,3200.0
2017-01-20,3420.0,3440.0,3411.0,3433.0,4850.0
2017-01-23,3501.0,3501.0,3468.0,3486.0,720.0
2017-01-24,3477.0,3477.0,3405.0,3422.0,1710.0
2017-01-25,3420.0,3426.0,3404.0,3416.0,840.0
2017-01-27,3429.0,3429.0,3364.0,3388.0,1690.0
2017-01-30,3370.0,3378.0,3345.0,3351.0,1190.0
2017-01-31,3360.0,3371.0,3345.0,3354.0,2140.0
2017-02-01,3373.0,3454.0,3373.0,3437.0,1940.0
2017-02-02,3441.0,3444.0,3389.0,3413.0,1400.0
2017-02-03,3390.0,3403.0,3386.0,3394.0,750.0
2017-02-06,3391.0,3391.0,3350.0,3356.0,2040.0
2017-02-07,3365.0,3375.0,3333.0,3340.0,2560.0
2017-02-08,3345.0,3380.0,3340.0,3375.0,2520.0
2017-02-09,3371.0,3396.0,3365.0,3369.0,3730.0
2017-02-10,3360.0,3381.0,3345.0,3357.0,4660.0
2017-02-13,3365.0,3368.0,3330.0,3335.0,4550.0
2017-02-14,3327.0,3344.0,3300.0,3318.0,4190.0
2017-02-15,3328.0,3404.0,3326.0,3382.0,7520.0
2017-02-16,3383.0,3396.0,3363.0,3369.0,7570.0
2017-02-17,3367.0,3431.0,3367.0,3410.0,12470.0
2017-02-20,3418.0,3462.0,3413.0,3422.0,14760.0
2017-02-21,3495.0,3497.0,3446.0,3479.0,440.0
2017-02-22,3482.0,3561.0,3472.0,3541.0,860.0
2017-02-23,3565.0,3682.0,3565.0,3682.0,2040.0
2017-02-24,3682.0,3682.0,3682.0,3682.0,
2017-02-27,3756.0,3796.0,3716.0,3740.0,2990.0
2017-02-28,3716.0,3889.0,3700.0,3889.0,3040.0
2017-03-01,3885.0,3955.0,3850.0,3871.0,6550.0
2017-03-02,3882.0,3917.0,3828.0,3895.0,3830.0
2017-03-03,3885.0,3954.0,3880.0,3895.0,2720.0
2017-03-06,3970.0,4050.0,3962.0,4029.0,5030.0
2017-03-07,4040.0,4046.0,3937.0,3957.0,5160.0
2017-03-08,3940.0,4075.0,3920.0,4075.0,3670.0
2017-03-09,4090.0,4103.0,3912.0,3917.0,7800.0
2017-03-10,3937.0,3951.0,3820.0,3849.0,7940.0
2017-03-14,3866.0,3866.0,3790.0,3834.0,5870.0
2017-03-15,3840.0,3930.0,3815.0,3917.0,8170.0
2017-03-16,3920.0,3934.0,3892.0,3908.0,9120.0
2017-03-17,3905.0,4007.0,3840.0,3968.0,13060.0
2017-03-20,3950.0,3996.0,3920.0,3935.0,13720.0
2017-03-21,3980.0,3992.0,3946.0,3969.0,380.0
2017-03-22,3952.0,4014.0,3952.0,3975.0,320.0
2017-03-23,3995.0,4023.0,3949.0,4008.0,570.0
2017-03-24,3994.0,4048.0,3991.0,4015.0,1840.0
2017-03-27,4020.0,4020.0,3908.0,3916.0,970.0
2017-03-28,3921.0,4021.0,3918.0,3998.0,920.0
2017-03-29,4019.0,4040.0,4001.0,4011.0,1130.0
2017-03-30,4029.0,4064.0,4020.0,4033.0,2670.0
2017-03-31,4091.0,4154.0,4078.0,4144.0,2440.0
2017-04-03,4200.0,4268.0,4178.0,4268.0,3650.0
2017-04-04,4268.0,4268.0,4268.0,4268.0,
2017-04-06,4171.0,4210.0,4150.0,4188.0,1380.0
2017-04-07,4227.0,4230.0,4089.0,4116.0,3350.0
2017-04-10,4102.0,4135.0,4083.0,4100.0,1540.0
2017-04-11,4108.0,4178.0,4027.0,4049.0,6130.0
2017-04-12,4049.0,4083.0,3989.0,4065.0,6400.0
2017-04-13,4073.0,4173.0,4057.0,4144.0,7810.0
2017-04-17,4109.0,4120.0,4007.0,4025.0,8840.0
2017-04-18,4034.0,4117.0,4007.0,4030.0,9990.0
2017-04-19,4032.0,4068.0,4010.0,4045.0,6660.0
2017-04-20,4032.0,4050.0,3996.0,4019.0,8430.0
2017-04-21,4077.0,4101.0,4028.0,4072.0,700.0
2017-04-24,4001.0,4004.0,3967.0,3988.0,380.0
2017-04-25,4021.0,4022.0,4015.0,4018.0,320.0
2017-04-26,4009.0,4030.0,4009.0,4024.0,170.0
2017-04-27,4017.0,4021.0,3961.0,4007.0,1260.0
2017-04-28,3984.0,3998.0,3964.0,3989.0,2110.0
2017-05-02,3970.0,3970.0,3863.0,3880.0,1550.0
2017-05-03,3848.0,3854.0,3782.0,3803.0,1640.0
2017-05-04,3816.0,3830.0,3790.0,3811.0,1490.0
2017-05-05,3732.0,3820.0,3697.0,3787.0,1730.0
2017-05-08,3815.0,3821.0,3752.0,3765.0,2400.0
2017-05-09,3752.0,3826.0,3734.0,3809.0,2320.0
2017-05-10,3773.0,3785.0,3713.0,3734.0,4030.0000000000005
2017-05-11,3756.0,3797.0,3750.0,3757.0,3470.0
2017-05-12,3750.0,3790.0,3730.0,3759.0,3880.0
2017-05-15,3737.0,3737.0,3647.0,3658.0,4130.0
2017-05-16,3662.0,3694.0,3641.0,3685.0,5240.0
2017-05-17,3670.0,3714.0,3660.0,3673.0,6810.0
2017-05-18,3663.0,3694.0,3651.0,3677.0,5810.0
2017-05-19,3680.0,3768.0,3680.0,3731.0,9690.0
2017-05-22,3840.0,3852.0,3830.0,3841.0,450.0
2017-05-23,3871.0,3871.0,3767.0,3827.0,920.0
2017-05-24,3787.0,3794.0,3747.0,3768.0,530.0
2017-05-25,3716.0,3730.0,3695.0,3713.0,270.0
2017-05-26,3711.0,3750.0,3674.0,3716.0,1560.0
2017-05-29,3728.0,3728.0,3621.0,3681.0,2290.0
2017-05-30,3616.0,3661.0,3601.0,3651.0,1470.0
2017-05-31,3612.0,3612.0,3542.0,3574.0,990.0
2017-06-01,3541.0,3565.0,3531.0,3545.0,1600.0
2017-06-02,3563.0,3601.0,3454.0,3461.0,1030.0
2017-06-05,3462.0,3500.0,3457.0,3479.0,1920.0
2017-06-06,3482.0,3556.0,3461.0,3475.0,2330.0
2017-06-07,3446.0,3456.0,3402.0,3426.0,1400.0
2017-06-08,3410.0,3447.0,3400.0,3441.0,790.0
2017-06-09,3455.0,3464.0,3431.0,3451.0,2040.0
2017-06-12,3472.0,3536.0,3471.0,3519.0,2440.0
2017-06-13,3524.0,3548.0,3520.0,3534.0,1540.0
2017-06-14,3554.0,3642.0,3554.0,3636.0,5580.0
2017-06-15,3620.0,3729.0,3618.0,3643.0,8580.0
2017-06-16,3655.0,3729.0,3645.0,3708.0,5870.0
2017-06-19,3665.0,3727.0,3622.0,3633.0,4720.0
2017-06-20,3604.0,3608.0,3525.0,3529.0,5830.0
2017-06-21,3740.0,3740.0,3740.0,3740.0,50.0
2017-06-22,3595.0,3595.0,3595.0,3595.0,
2017-06-23,3510.0,3510.0,3510.0,3510.0,10.0
2017-06-27,3585.0,3585.0,3585.0,3585.0,
2017-06-28,3685.0,3685.0,3685.0,3685.0,50.0
2017-06-29,3591.0,3591.0,3591.0,3591.0,10.0
2017-06-30,3733.0,3733.0,3733.0,3733.0,
2017-07-03,3584.0,3584.0,3584.0,3584.0,
2017-07-04,3509.0,3509.0,3509.0,3509.0,
2017-07-05,3421.0,3421.0,3400.0,3407.0,130.0
2017-07-06,3395.0,3480.0,3375.0,3407.0,410.0
2017-07-07,3485.0,3485.0,3400.0,3441.0,270.0
2017-07-10,3480.0,3501.0,3455.0,3467.0,220.0
2017-07-11,3421.0,3427.0,3375.0,3387.0,560.0
2017-07-12,3417.0,3434.0,3365.0,3425.0,2160.0
2017-07-13,3428.0,3435.0,3398.0,3416.0,430.0
2017-07-14,3410.0,3505.0,3410.0,3471.0,420.0
2017-07-17,3459.0,3463.0,3430.0,3448.0,460.0
2017-07-18,3434.0,3436.0,3412.0,3427.0,550.0
2017-07-19,3441.0,3476.0,3435.0,3458.0,330.0
2017-07-20,3429.0,3467.0,3411.0,3439.0,430.0
2017-07-21,3515.0,3515.0,3515.0,3515.0,
2017-07-24,3486.0,3486.0,3486.0,3486.0,
2017-07-25,3498.0,3498.0,3498.0,3498.0,
2017-07-26,3621.0,3621.0,3621.0,3621.0,
2017-07-27,3556.0,3556.0,3556.0,3556.0,10.0
2017-07-28,3585.0,3620.0,3585.0,3603.0,20.0
2017-07-31,3700.0,3700.0,3670.0,3684.0,30.0
2017-08-01,3670.0,3676.0,3670.0,3673.0,20.0
2017-08-02,3665.0,3665.0,3665.0,3665.0,10.0
2017-08-03,3720.0,3720.0,3720.0,3720.0,
2017-08-04,3806.0,3806.0,3806.0,3806.0,
2017-08-07,3803.0,3803.0,3803.0,3803.0,
2017-08-08,3900.0,3900.0,3900.0,3900.0,20.0
2017-08-09,3875.0,3875.0,3875.0,3875.0,10.0
2017-08-10,3900.0,3900.0,3900.0,3900.0,10.0
2017-08-11,4017.0,4017.0,4017.0,4017.0,
2017-08-14,3970.0,3970.0,3930.0,3950.0,20.0
2017-08-16,3950.0,3950.0,3950.0,3950.0,10.0
2017-08-17,3942.0,3942.0,3942.0,3942.0,
2017-08-18,3998.0,3998.0,3998.0,3998.0,
2017-08-21,4015.0,4157.0,4015.0,4157.0,70.0
2017-08-22,4200.0,4200.0,4200.0,4200.0,10.0
2017-08-23,4165.0,4165.0,4165.0,4164.0,10.0
2017-08-24,4235.0,4267.0,4235.0,4330.0,30.0
2017-08-28,4325.0,4326.0,4325.0,4326.0,130.0
2017-08-29,4210.0,4265.0,4210.0,4243.0,30.0
2017-08-30,4239.0,4239.0,4228.0,4234.0,30.0
2017-08-31,4200.0,4200.0,4065.0,4065.0,140.0
2017-09-01,3944.0,3965.0,3911.0,3946.0,180.0
2017-09-04,3900.0,3960.0,3872.0,3903.0,170.0
2017-09-05,3801.0,3846.0,3801.0,3817.0,70.0
2017-09-06,3848.0,3880.0,3848.0,3869.0,90.0
2017-09-07,3898.0,3912.0,3896.0,3902.0,30.0
2017-09-08,3974.0,3974.0,3974.0,3974.0,100.0
2017-09-11,3999.0,3999.0,3999.0,3999.0,
2017-09-12,3955.0,3983.0,3955.0,3977.0,50.0
2017-09-13,4020.0,4040.0,3980.0,4005.0,60.0
2017-09-14,3845.0,3845.0,3845.0,3845.0,
2017-09-15,3825.0,3825.0,3752.0,3792.0,70.0
2017-09-18,3802.0,3802.0,3698.0,3752.0,100.0
2017-09-19,3771.0,3827.0,3771.0,3806.0,80.0
2017-09-20,3855.0,3890.0,3805.0,3844.0,210.0
2017-09-21,3856.0,3870.0,3846.0,3855.0,40.0
2017-09-22,3856.0,3860.0,3837.0,3854.0,90.0
2017-09-25,3830.0,3866.0,3830.0,3848.0,160.0
2017-09-26,3910.0,3959.0,3910.0,3930.0,320.0
2017-09-27,3958.0,3959.0,3920.0,3937.0,480.0
2017-09-28,3894.0,3900.0,3830.0,3849.0,1170.0
2017-09-29,3859.0,3880.0,3833.0,3870.0,1920.0
2017-10-03,3846.0,3846.0,3754.0,3754.0,2970.0
2017-10-04,3753.0,3792.0,3726.0,3746.0,1880.0
2017-10-05,3782.0,3840.0,3782.0,3829.0,3020.0
2017-10-06,3842.0,3857.0,3810.0,3827.0,4680.0
2017-10-09,3806.0,3820.0,3758.0,3799.0,6860.0
2017-10-10,3850.0,3950.0,3845.0,3950.0,14490.0
2017-10-11,3949.0,3972.0,3915.0,3939.0,16340.0
2017-10-12,3922.0,3940.0,3886.0,3901.0,10590.0
2017-10-13,3891.0,3901.0,3852.0,3866.0,10010.0
2017-10-16,3846.0,3929.0,3785.0,3913.0,27560.0
2017-10-17,3918.5,3953.5,3868.0,3878.5,16480.0
2017-10-18,3866.0,3899.0,3843.0,3870.0,15420.0
2017-10-19,3915.0,3915.0,3895.0,3900.5,460.0
2017-10-23,3897.0,3918.0,3863.0,3902.0,1280.0
2017-10-24,3850.0,3850.0,3788.0,3812.0,2810.0
2017-10-25,3795.0,3838.0,3774.0,3824.5,3000.0
2017-10-26,3830.0,3862.0,3821.0,3847.5,2360.0
2017-10-27,3849.5,3849.5,3765.5,3776.0,2760.0
2017-10-30,3778.0,3788.0,3673.0,3694.0,4990.0
2017-10-31,3707.0,3729.5,3671.5,3715.0,2990.0
2017-11-01,3700.0,3717.5,3635.0,3666.0,4080.0
2017-11-02,3687.0,3710.0,3675.0,3704.5,5360.0
2017-11-03,3696.0,3773.5,3696.0,3759.5,4400.0
2017-11-06,3763.0,3835.0,3736.0,3755.5,7260.0
2017-11-07,3757.0,3767.5,3725.0,3752.5,3780.0
2017-11-08,3739.5,3786.0,3739.5,3759.5,4500.0
2017-11-09,3764.0,3778.0,3684.0,3695.0,5640.0
2017-11-10,3697.0,3796.0,3670.0,3780.5,6310.0
2017-11-13,3785.0,3843.0,3761.0,3773.0,6740.0
2017-11-14,3774.0,3800.0,3748.5,3768.5,7350.0
2017-11-15,3771.0,3793.0,3738.5,3751.0,7790.0
2017-11-16,3760.0,3771.0,3727.0,3735.0,6470.0
2017-11-17,3730.0,3745.5,3702.0,3722.5,13370.0
2017-11-20,3749.0,3777.0,3732.0,3742.0,15990.0
2017-11-21,3820.0,3880.0,3820.0,3869.0,2280.0
2017-11-22,3881.0,3907.0,3880.0,3886.0,7320.0
2017-11-23,3900.0,4002.5,3900.0,3989.5,5730.0
2017-11-24,3992.0,4006.0,3940.0,3953.0,3860.0
2017-11-27,3969.5,4063.0,3969.5,4046.5,3170.0
2017-11-28,4038.5,4075.5,4009.0,4018.0,2380.0
2017-11-29,4019.0,4024.0,3987.0,4007.0,2020.0
2017-11-30,4013.0,4058.0,4003.0,4047.0,3580.0
2017-12-01,4047.5,4051.5,3968.0,3982.5,2000.0
2017-12-04,4017.0,4099.0,4006.0,4052.5,3070.0
2017-12-05,4065.0,4065.0,3977.5,3985.5,3980.0
2017-12-06,4004.5,4008.5,3945.5,3975.5,4040.0
2017-12-07,3965.0,3965.0,3895.5,3904.0,5290.0
2017-12-08,3844.0,3953.0,3844.0,3945.0,3890.0
2017-12-11,3977.0,3981.5,3930.0,3942.0,6920.0
2017-12-12,3937.5,3955.0,3824.0,3863.5,11260.0
2017-12-13,3869.5,3900.0,3839.0,3889.0,10890.0
2017-12-14,3880.5,3968.0,3878.5,3917.5,10430.0
2017-12-15,3922.0,3935.5,3890.0,3930.5,8800.0
2017-12-18,3946.0,3962.5,3940.0,3947.5,6840.0
2017-12-19,3960.5,4023.0,3960.5,4009.0,9720.0
2017-12-20,4010.0,4026.0,3965.0,3998.5,19890.0
2017-12-21,4050.0,4172.0,4035.0,4160.5,1710.0
2017-12-22,4173.0,4189.0,4144.0,4166.5,3040.0
2017-12-26,4198.0,4231.0,4166.0,4193.0,470.0
2017-12-27,4210.0,4240.0,4210.0,4220.0,180.0
2017-12-28,4214.0,4265.0,4194.0,4239.0,1230.0
2017-12-29,4235.5,4235.5,4179.5,4203.0,290.0
2018-01-01,4190.0,4255.0,4174.0,4206.5,300.0
2018-01-02,4259.5,4275.5,4248.0,4268.0,5200.0
2018-01-03,4241.5,4274.5,4230.5,4251.5,1280.0
2018-01-04,4301.0,4340.0,4301.0,4314.5,1700.0
2018-01-05,4315.0,4413.0,4290.0,4395.5,3970.0
2018-01-08,4378.0,4485.0,4375.0,4446.5,6120.0
2018-01-09,4446.0,4462.5,4415.0,4430.0,3830.0
2018-01-10,4437.0,4522.5,4437.0,4502.0,9440.0
2018-01-11,4501.5,4531.0,4380.0,4416.0,18820.0
2018-01-12,4420.5,4445.0,4384.5,4408.0,10720.0
2018-01-15,4460.0,4475.0,4421.0,4436.0,14370.0
2018-01-16,4429.5,4433.0,4362.0,4377.0,11600.0
2018-01-17,4362.0,4419.0,4348.5,4393.5,8540.0
2018-01-18,4407.0,4410.5,4287.0,4310.5,17760.0
2018-01-19,4294.0,4364.0,4250.5,4331.5,19790.0
2018-01-22,4418.0,4527.0,4418.0,4527.0,5300.0
2018-01-23,4559.5,4686.5,4559.5,4609.0,5240.0
2018-01-24,4620.0,4657.0,4592.0,4621.0,2000.0
2018-01-25,4706.5,4769.5,4706.5,4739.5,3200.0
2018-01-29,4817.5,4845.0,4743.0,4763.5,4570.0
2018-01-30,4725.0,4764.0,4662.0,4738.0,2850.0
2018-01-31,4769.5,4780.0,4711.0,4728.5,2040.0
2018-02-01,4728.0,4793.0,4714.5,4780.5,1650.0
2018-02-02,4809.5,4854.0,4792.0,4831.0,5010.0
2018-02-05,4752.0,4787.0,4686.5,4686.5,3060.0
2018-02-06,4632.5,4634.0,4564.0,4585.0,3380.0
2018-02-07,4621.5,4634.0,4581.0,4603.0,3470.0
2018-02-08,4580.0,4580.0,4482.0,4506.5,4270.0
2018-02-09,4476.0,4581.0,4476.0,4546.0,3930.0
2018-02-12,4566.0,4573.0,4475.5,4505.5,3880.0
2018-02-14,4472.0,4487.0,4397.0,4406.5,8580.0
2018-02-15,4434.0,4463.5,4383.0,4406.5,7750.0
2018-02-16,4428.0,4518.0,4428.0,4499.0,21830.0
2018-02-19,4550.5,4565.0,4405.0,4435.0,15160.0
2018-02-20,4421.0,4463.0,4377.0,4446.5,15140.0
2018-02-21,4484.0,4540.0,4475.0,4512.0,460.0
2018-02-22,4522.0,4535.0,4504.5,4522.0,490.0
2018-02-23,4551.0,4551.0,4349.0,4363.0,1530.0
2018-02-26,4345.0,4356.0,4280.0,4324.5,720.0
2018-02-27,4330.0,4354.0,4293.0,4323.0,1350.0
2018-02-28,4290.0,4345.0,4290.0,4320.0,950.0
2018-03-01,4361.5,4404.0,4323.5,4365.5,1310.0
2018-03-05,4401.0,4401.0,4353.5,4368.5,1560.0
2018-03-06,4347.0,4350.5,4251.0,4334.0,4140.0
2018-03-07,4312.0,4358.0,4270.0,4284.0,5960.0
2018-03-08,4250.5,4271.5,4230.0,4252.5,7160.0
2018-03-09,4249.0,4298.0,4222.0,4287.5,9530.0
2018-03-12,4267.5,4287.0,4226.5,4267.5,5950.0
2018-03-13,4265.0,4340.0,4257.5,4334.5,6410.0
2018-03-14,4350.5,4371.0,4320.0,4332.5,8570.0
2018-03-15,4316.5,4340.0,4287.0,4291.0,3880.0
2018-03-16,4288.0,4317.0,4220.0,4305.0,13830.0
2018-03-19,4288.0,4300.0,4222.5,4240.5,7260.0
2018-03-20,4222.0,4240.0,4185.0,4205.5,9320.0
2018-03-21,4272.0,4296.0,4263.0,4279.0,450.0
2018-03-22,4301.0,4314.0,4275.5,4293.0,1480.0
2018-03-23,4271.0,4271.0,4220.0,4232.0,2700.0
2018-03-26,4235.0,4261.0,4229.5,4244.5,190.0
2018-03-27,4255.0,4255.0,4144.0,4182.0,560.0
2018-03-28,4131.0,4191.5,4106.5,4187.0,1570.0
2018-04-02,4205.0,4217.0,4129.5,4140.5,660.0
2018-04-03,4127.0,4170.0,4119.0,4169.0,1020.0
2018-04-04,4143.0,4157.0,4127.0,4143.5,1540.0
2018-04-05,4144.0,4180.0,4132.0,4156.5,800.0
2018-04-06,4163.5,4197.0,4152.0,4176.5,950.0
2018-04-09,4176.5,4181.5,4094.0,4113.5,6500.0
2018-04-10,4105.5,4131.0,4077.0,4119.5,6910.0
2018-04-11,4128.0,4220.0,4117.0,4202.0,6060.0
2018-04-12,4226.0,4226.0,4145.5,4157.5,3570.0
2018-04-13,4151.0,4179.5,4132.0,4155.0,5770.0
2018-04-16,4151.0,4159.0,4124.0,4137.5,1930.0
2018-04-17,4014.0,4175.0,4014.0,4170.5,6030.0
2018-04-18,4186.0,4190.0,4149.5,4163.5,4820.0
2018-04-19,4146.5,4245.0,4146.5,4208.0,6840.0
2018-04-20,4207.5,4275.5,4207.5,4250.5,11990.0
2018-04-23,4313.0,4344.0,4301.5,4321.0,5080.0
2018-04-24,4273.0,4285.0,4250.0,4284.5,2070.0
2018-04-25,4255.0,4262.5,4232.5,4246.5,1030.0
2018-04-26,4254.5,4259.0,4208.5,4229.0,1030.0
2018-04-27,4184.0,4184.0,4060.0,4060.0,1830.0
2018-04-30,3998.0,4006.0,3898.0,3898.0,2510.0
2018-05-02,3910.0,3921.0,3831.5,3879.0,1550.0
2018-05-03,3929.5,3943.5,3850.0,3920.5,2320.0
2018-05-04,3820.0,3860.0,3775.0,3811.5,2310.0
2018-05-07,3853.0,3908.0,3813.5,3888.0,2800.0
2018-05-08,3885.0,3906.0,3833.0,3844.5,3890.0
2018-05-09,3851.0,3904.5,3850.0,3893.5,2530.0
2018-05-10,3892.0,3917.0,3829.5,3838.0,3700.0
2018-05-11,3851.0,3896.0,3850.0,3881.0,3210.0
2018-05-14,3901.0,3906.0,3855.0,3869.0,4490.0
2018-05-15,3874.0,3985.0,3836.0,3977.5,5740.0
2018-05-16,3963.5,3987.0,3915.0,3938.0,5420.0
2018-05-17,3925.0,3942.0,3902.0,3921.0,3320.0
2018-05-18,3912.5,3940.0,3861.0,3882.5,5700.0
2018-06-01,3800.0,3890.0,3785.0,3864.5,3330.0
2018-06-04,3831.0,3842.0,3744.0,3754.0,2070.0
2018-06-05,3730.0,3770.0,3700.0,3738.5,900.0
2018-06-06,3760.0,3794.0,3741.0,3758.0,1730.0
2018-06-07,3717.0,3780.0,3715.0,3742.5,2320.0
2018-06-08,3760.0,3829.0,3753.0,3806.5,1870.0
2018-06-11,3803.0,3832.5,3764.0,3771.0,2050.0
2018-06-12,3793.5,3823.0,3765.0,3773.5,1280.0
2018-06-13,3788.5,3850.0,3787.0,3819.0,2410.0
2018-06-14,3833.5,3889.0,3825.0,3881.5,4290.0
2018-06-15,3898.0,3939.0,3872.0,3877.5,5260.0
2018-06-18,3827.5,3864.0,3785.0,3793.5,7890.0
2018-06-19,3814.0,3836.0,3784.5,3825.5,5580.0
2018-06-20,3823.5,3850.0,3821.5,3833.5,3190.0
2018-06-21,3870.5,3870.5,3870.5,3870.5,
2018-06-22,3870.5,3870.5,3870.5,3870.5,
2018-06-25,3800.0,3800.0,3754.5,3774.5,80.0
2018-06-26,3792.0,3810.0,3783.0,3798.0,140.0
2018-06-27,3911.0,3949.5,3911.0,3949.5,80.0
2018-06-28,3990.0,3990.0,3971.0,3980.5,70.0
2018-06-29,3961.0,4105.0,3958.0,4079.5,320.0
2018-07-02,4055.5,4055.5,4055.5,4055.5,
2018-07-03,4034.5,4034.5,4034.5,4034.5,
2018-07-04,4027.0,4027.0,4027.0,4027.0,
2018-07-05,4188.0,4188.0,4188.0,4188.0,
2018-07-06,4249.0,4270.0,4221.0,4250.0,100.0
2018-07-09,4210.0,4311.0,4176.5,4287.0,890.0
2018-07-10,4265.0,4282.0,4159.0,4205.0,210.0
2018-07-11,4165.0,4265.0,4140.0,4253.5,440.0
2018-07-12,4250.0,4283.5,4189.5,4207.0,1830.0
2018-07-13,4178.0,4240.5,4095.5,4224.5,2210.0
2018-07-16,4240.0,4351.0,4235.5,4257.5,1750.0
2018-07-17,4197.0,4258.0,4171.0,4195.5,1830.0
2018-07-18,4231.0,4363.0,4231.0,4363.0,4110.0
2018-07-19,4363.0,4377.0,4327.0,4343.0,2410.0
2018-07-20,4344.0,4430.0,4318.0,4362.0,2380.0
2018-07-23,4299.5,4299.5,4299.5,4299.5,10.0
2018-07-24,4249.5,4249.5,4249.5,4249.5,
2018-07-25,4182.0,4182.0,4182.0,4182.0,
2018-07-26,4212.5,4212.5,4212.5,4212.5,
2018-07-27,4334.5,4334.5,4334.5,4334.5,
2018-07-30,4421.5,4421.5,4421.5,4421.5,
2018-07-31,4513.5,4513.5,4513.5,4513.5,
2018-08-01,4513.0,4513.0,4513.0,4513.0,
2018-08-02,4575.0,4575.0,4575.0,4575.0,
2018-08-03,4507.5,4507.5,4507.5,4507.5,
2018-08-06,4477.0,4477.0,4477.0,4477.0,30.0
2018-08-07,4440.0,4440.0,4440.0,4440.0,
2018-08-08,4437.5,4437.5,4437.5,4437.5,
2018-08-09,4491.0,4491.0,4491.0,4491.0,
2018-08-10,4670.5,4670.5,4670.5,4670.5,
2018-08-13,4484.0,4484.0,4484.0,4484.0,
2018-08-14,4460.0,4563.0,4460.0,4509.5,100.0
2018-08-16,4685.0,4685.0,4685.0,4685.0,20.0
2018-08-17,4672.0,4672.0,4672.0,4672.0,
2018-08-20,4641.0,4694.0,4641.0,4667.5,20.0
2018-08-21,4620.0,4620.0,4602.0,4611.0,20.0
2018-08-23,4518.0,4518.0,4481.0,4488.5,90.0
2018-08-24,4397.0,4400.5,4360.0,4389.5,180.0
2018-08-27,4422.0,4425.0,4259.0,4341.5,50.0
2018-08-28,4232.5,4232.5,4232.5,4232.5,
2018-08-29,4285.0,4285.0,4190.5,4231.5,80.0
2018-08-30,4302.0,4340.0,4302.0,4319.0,30.0
2018-08-31,4416.5,4491.5,4411.0,4491.5,90.0
2018-09-03,4503.5,4503.5,4503.5,4503.5,10.0
2018-09-04,4450.0,4450.0,4400.0,4421.0,80.0
2018-09-05,4400.0,4402.0,4400.0,4401.0,30.0
2018-09-06,4501.0,4501.0,4460.0,4480.5,20.0
2018-09-07,4388.5,4415.5,4388.5,4401.5,50.0
2018-09-10,4424.0,4438.0,4424.0,4431.0,20.0
2018-09-11,4363.5,4363.5,4363.5,4363.5,20.0
2018-09-12,4419.0,4419.0,4419.0,4419.0,10.0
2018-09-14,4390.0,4403.5,4390.0,4392.5,100.0
2018-09-17,4303.5,4303.5,4261.0,4282.0,280.0
2018-09-18,4314.5,4410.0,4297.0,4337.5,520.0
2018-09-19,4442.0,4464.0,4416.0,4442.0,520.0
2018-09-21,4396.0,4432.5,4396.0,4424.5,1010.0
2018-09-24,4447.5,4456.0,4352.5,4423.0,1940.0
2018-09-25,4384.0,4403.0,4347.0,4385.0,1220.0
2018-09-26,4425.0,4436.0,4390.0,4413.0,240.0
2018-09-27,4393.0,4419.0,4366.0,4398.0,510.0
2018-09-28,4371.5,4430.0,4371.5,4395.5,330.0
2018-10-01,4423.0,4423.0,4381.0,4387.5,330.0
2018-10-03,4349.5,4383.0,4334.5,4374.0,1100.0
2018-10-04,4382.0,4432.0,4382.0,4392.5,1520.0
2018-10-05,4383.0,4390.0,4340.0,4352.5,1520.0
2018-10-08,4321.0,4340.0,4299.5,4311.0,1750.0
2018-10-09,4323.0,4330.0,4306.5,4317.5,900.0
2018-10-10,4317.0,4361.0,4283.5,4335.5,3580.0
2018-10-11,4311.5,4336.0,4304.5,4315.0,4300.0
2018-10-12,4330.0,4385.0,4324.5,4363.5,12960.0
2018-10-15,4355.0,4503.0,4355.0,4478.0,15950.0
2018-10-16,4480.0,4523.0,4461.0,4479.0,8940.0
2018-10-17,4684.0,4686.5,4672.0,4683.5,80.0
2018-10-19,4697.0,4697.0,4651.5,4671.0,240.0
2018-10-22,4661.0,4780.0,4661.0,4762.5,590.0
2018-10-23,4785.0,4866.5,4779.5,4809.5,330.0
2018-10-24,4788.0,4819.5,4771.0,4787.0,1090.0
2018-10-25,4789.5,4910.5,4736.0,4802.0,1350.0
2018-10-26,4908.0,4915.5,4836.0,4867.5,280.0
2018-10-29,4863.5,4904.0,4835.0,4871.0,3020.0
2018-10-30,4852.0,4857.5,4769.5,4807.0,2740.0
2018-10-31,4774.0,4794.0,4746.5,4759.0,1270.0
2018-11-01,4755.0,4776.0,4674.0,4696.5,1500.0
2018-11-02,4667.0,4815.5,4651.0,4805.5,2100.0
2018-11-05,4824.0,4867.5,4772.5,4810.5,2000.0
2018-11-06,4760.0,4797.0,4740.0,4770.5,4510.0
2018-11-07,4758.5,4784.0,4750.5,4763.5,430.0
2018-11-09,4739.0,4930.0,4709.0,4871.5,6550.0
2018-11-12,4879.0,4975.5,4855.0,4868.0,10950.0
2018-11-13,4860.0,4900.0,4825.0,4833.5,8980.0
2018-11-14,4815.0,4815.0,4728.5,4759.5,9060.0
2018-11-15,4740.0,4814.0,4740.0,4786.5,8770.0
2018-11-16,4785.0,4810.0,4682.0,4705.0,15770.0
2018-11-19,4702.0,4741.0,4564.0,4564.0,15930.0
2018-11-20,4562.5,4593.5,4503.0,4569.5,13620.0
2018-11-21,4607.5,4637.0,4512.5,4573.5,240.0
2018-11-22,4529.0,4552.0,4510.5,4530.5,70.0
2018-11-26,4555.0,4555.0,4395.0,4395.0,400.0
2018-11-27,4405.5,4429.0,4351.0,4410.5,930.0
2018-11-28,4415.5,4490.0,4411.0,4454.5,840.0
2018-11-29,4431.5,4437.5,4326.0,4373.0,610.0
2018-11-30,4381.0,4428.0,4381.0,4407.5,290.0
2018-12-03,4457.5,4490.0,4433.0,4473.0,1130.0
2018-12-04,4462.5,4540.0,4444.0,4498.5,1340.0
2018-12-05,4459.5,4477.0,4430.0,4457.5,1360.0
2018-12-06,4428.5,4465.0,4392.5,4412.0,2210.0
2018-12-07,4435.0,4446.0,4411.5,4438.5,1000.0
2018-12-10,4447.0,4487.0,4445.0,4457.0,4430.0
2018-12-11,4491.5,4496.5,4450.0,4458.5,1800.0
2018-12-12,4464.0,4514.5,4448.0,4492.5,3720.0
2018-12-13,4471.0,4499.0,4462.5,4467.0,1850.0
2018-12-14,4474.0,4494.0,4433.0,4453.5,1880.0
2018-12-17,4467.5,4496.0,4445.5,4453.0,7560.0
2018-12-18,4437.5,4438.5,4284.5,4305.0,13720.0
2018-12-19,4273.5,4350.0,4250.0,4340.5,6850.0
2018-12-20,4328.5,4360.0,4306.0,4338.0,7480.0
2018-12-21,4397.5,4448.0,4382.5,4400.5,450.0
2018-12-24,4393.5,4394.5,4300.0,4347.0,640.0
2018-12-26,4243.0,4355.0,4243.0,4266.5,900.0
2018-12-27,4368.5,4371.0,4310.0,4346.0,420.0
2018-12-28,4317.0,4368.0,4310.0,4330.0,750.0
2018-12-31,4346.5,4443.0,4328.0,4415.0,850.0
2019-01-01,4430.0,4452.0,4392.0,4415.5,1210.0
2019-01-02,4401.0,4418.0,4363.5,4405.0,1550.0
2019-01-03,4383.0,4398.0,4355.0,4386.5,1150.0
2019-01-04,4409.0,4448.0,4375.0,4419.5,1200.0
2019-01-07,4439.0,4486.5,4428.0,4463.0,2630.0
2019-01-08,4445.0,4452.0,4294.5,4306.5,3140.0
2019-01-09,4315.5,4335.0,4297.5,4317.0,2040.0
2019-01-10,4333.5,4354.0,4225.0,4241.5,3110.0
2019-01-11,4219.0,4268.0,4219.0,4253.5,5270.0
2019-01-14,4268.0,4415.0,4268.0,4391.0,5760.0
2019-01-15,4384.0,4401.0,4355.0,4365.5,2960.0
2019-01-16,4381.0,4391.5,4357.0,4367.5,2680.0
2019-01-17,4363.0,4432.0,4327.0,4424.0,4350.0
2019-01-18,4432.5,4439.0,4352.0,4394.0,7300.0
2019-01-21,4565.0,4565.0,4565.0,4565.0,
2019-01-22,4485.5,4485.5,4485.5,4485.5,
2019-01-23,4539.0,4539.0,4539.0,4539.0,
2019-01-24,4462.0,4462.0,4462.0,4462.0,
2019-01-25,4457.0,4457.0,4457.0,4457.0,
2019-01-28,4394.5,4394.5,4394.5,4394.5,
2019-01-29,4463.0,4463.0,4463.0,4463.0,
2019-01-30,4500.0,4500.0,4481.5,4499.5,210.0
2019-01-31,4459.5,4459.5,4459.5,4459.5,
2019-02-01,4508.0,4508.0,4508.0,4508.0,
2019-02-04,4420.5,4420.5,4420.5,4420.5,
2019-02-05,4397.5,4397.5,4397.5,4397.5,
2019-02-06,4265.0,4265.0,4265.0,4265.0,10.0
2019-02-07,4312.0,4312.0,4312.0,4312.0,90.0
2019-02-08,4320.5,4320.5,4309.0,4315.0,20.0
2019-02-11,4292.0,4399.0,4269.5,4368.5,360.0
2019-02-12,4353.5,4353.5,4336.5,4342.5,290.0
2019-02-13,4373.5,4380.0,4365.0,4372.5,1610.0
2019-02-14,4367.0,4367.0,4367.0,4367.0,30.0
2019-02-15,4375.0,4400.5,4346.0,4369.5,470.0
2019-02-18,4301.5,4305.0,4279.0,4295.0,2950.0
2019-02-19,4303.0,4312.0,4252.0,4268.0,2340.0
2019-02-20,4268.5,4272.0,4231.5,4249.0,3510.0
2019-02-21,4315.0,4363.5,4313.0,4327.5,170.0
2019-02-22,4315.0,4315.0,4301.0,4307.0,50.0
2019-02-25,4315.0,4315.0,4285.0,4290.0,430.0
2019-02-26,4253.5,4262.0,4216.5,4241.5,180.0
2019-02-27,4250.0,4258.5,4240.0,4249.5,360.0
2019-02-28,4260.5,4265.0,4248.0,4256.0,490.0
2019-03-01,4275.5,4290.0,4275.5,4283.0,540.0
2019-03-05,4281.0,4281.0,4249.0,4252.5,440.0
2019-03-06,4243.5,4258.0,4243.5,4251.0,1730.0
2019-03-07,4256.0,4264.0,4242.5,4252.5,1430.0
2019-03-08,4262.0,4380.0,4258.0,4364.5,3660.0
2019-03-11,4362.0,4414.0,4362.0,4374.5,2760.0
2019-03-12,4384.5,4399.0,4343.5,4350.5,3170.0
2019-03-13,4351.0,4382.0,4331.0,4371.5,2420.0
2019-03-14,4372.0,4403.0,4361.0,4369.5,2400.0
2019-03-15,4375.5,4380.0,4314.0,4334.0,3740.0
2019-03-18,4344.5,4370.0,4335.0,4357.0,4520.0
2019-03-19,4360.0,4390.5,4342.5,4374.0,4710.0
2019-03-20,4435.0,4440.0,4427.0,4432.0,80.0
2019-03-22,4511.0,4519.5,4495.0,4513.0,310.0
2019-03-25,4498.5,4509.0,4492.5,4499.5,330.0
2019-03-26,4498.5,4551.0,4485.0,4526.0,610.0
2019-03-27,4537.0,4567.5,4513.5,4547.5,1670.0
2019-03-28,4505.0,4505.0,4455.0,4470.5,2080.0
2019-03-29,4467.0,4484.5,4452.0,4480.5,1410.0
2019-04-01,4480.0,4516.0,4480.0,4492.0,450.0
2019-04-02,4500.0,4592.0,4500.0,4582.0,2640.0
2019-04-03,4577.0,4611.0,4530.0,4535.0,2240.0
2019-04-04,4540.5,4555.0,4525.0,4542.5,1370.0
2019-04-05,4550.0,4600.0,4540.0,4545.0,4140.0
2019-04-08,4556.5,4562.0,4520.0,4528.0,1470.0
2019-04-09,4542.0,4549.0,4493.5,4503.0,1580.0
2019-04-10,4500.0,4594.0,4500.0,4577.5,5210.0
2019-04-11,4571.0,4586.0,4534.0,4551.0,2520.0
2019-04-12,4541.0,4579.0,4540.0,4557.5,2090.0
2019-04-15,4523.0,4551.0,4500.0,4514.0,4000.0
2019-04-16,4502.0,4506.0,4384.5,4418.0,7700.0
2019-04-18,4435.5,4435.5,4435.5,4435.5,
2019-04-22,4457.0,4457.0,4457.0,4457.0,
2019-04-23,4464.0,4464.0,4464.0,4464.0,
2019-04-24,4481.0,4481.0,4481.0,4481.0,60.0
2019-04-25,4513.0,4529.0,4501.0,4519.0,660.0
2019-04-26,4473.0,4488.0,4421.0,4479.0,1300.0
2019-04-30,4456.0,4479.5,4392.0,4450.0,1430.0
2019-05-02,4472.5,4528.5,4460.0,4516.0,1470.0
2019-05-03,4505.0,4532.0,4486.0,4511.5,1110.0
2019-05-06,4500.0,4564.0,4500.0,4553.5,1590.0
2019-05-07,4552.0,4588.5,4552.0,4568.0,2870.0
2019-05-08,4557.5,4557.5,4531.0,4543.0,840.0
2019-05-09,4535.5,4547.0,4513.0,4526.0,1400.0
2019-05-10,4528.5,4528.5,4495.0,4504.5,2790.0
2019-05-13,4520.0,4608.0,4518.0,4567.0,2760.0
2019-05-14,4544.0,4571.5,4534.5,4548.5,3930.0
2019-05-15,4538.5,4549.0,4519.0,4525.0,3920.0
2019-05-16,4534.0,4557.5,4503.0,4526.0,3800.0
2019-05-17,4520.0,4521.0,4459.0,4465.0,10530.0
2019-05-20,4476.0,4481.5,4450.5,4455.0,5440.0
2019-05-21,4546.5,4560.0,4535.0,4548.5,740.0
2019-05-22,4563.0,4570.0,4556.0,4564.5,1650.0
2019-05-23,4545.0,4580.0,4483.0,4559.0,2550.0
2019-05-24,4570.5,4595.0,4558.5,4578.0,1320.0
2019-05-27,4547.0,4550.0,4486.0,4491.5,2180.0
2019-05-28,4478.5,4508.5,4418.0,4448.5,4120.0
2019-05-29,4425.5,4425.5,4410.0,4417.5,2110.0
2019-05-30,4428.0,4440.5,4417.0,4429.5,1310.0
2019-05-31,4412.0,4446.0,4372.0,4413.0,3040.0
2019-06-03,4385.0,4431.0,4384.0,4408.0,2240.0
2019-06-04,4408.5,4415.0,4332.5,4389.5,1760.0
2019-06-06,4391.5,4409.5,4300.5,4312.5,3800.0
2019-06-07,4318.0,4340.0,4300.0,4323.5,2900.0
2019-06-10,4317.5,4340.0,4260.0,4267.5,1810.0
2019-06-11,4269.5,4288.5,4221.0,4281.0,5450.0
2019-06-12,4280.5,4309.0,4273.5,4305.5,4780.0
2019-06-13,4265.0,4349.5,4265.0,4328.5,5240.0
2019-06-14,4330.0,4338.0,4265.5,4311.0,4960.0
2019-06-17,4314.0,4322.0,4247.0,4271.0,5420.0
2019-06-18,4250.0,4345.0,4237.0,4331.5,9890.0
2019-06-19,4331.5,4383.0,4305.0,4313.5,12520.0
2019-06-20,4320.0,4347.5,4312.0,4327.5,7980.0
2019-06-21,4385.5,4385.5,4363.5,4371.5,50.0
2019-06-24,4356.5,4372.0,4340.0,4354.5,90.0
2019-06-25,4354.5,4375.0,4354.5,4367.5,210.0
2019-06-26,4340.0,4340.0,4280.0,4291.5,1710.0
2019-06-27,4277.5,4286.0,4250.0,4263.5,1790.0
2019-06-28,4275.0,4290.0,4275.0,4281.5,90.0
2019-07-01,4293.0,4409.5,4293.0,4376.5,350.0
2019-07-02,4397.5,4430.5,4363.5,4381.0,1580.0
2019-07-03,4370.0,4389.0,4360.0,4366.5,760.0
2019-07-04,4359.0,4450.0,4359.0,4436.5,1170.0
2019-07-05,4444.0,4478.5,4411.0,4414.5,2180.0
2019-07-08,4430.0,4465.5,4422.0,4438.5,1250.0
2019-07-09,4461.0,4505.0,4434.0,4501.0,2310.0
2019-07-10,4500.0,4503.5,4460.0,4470.5,3540.0
2019-07-11,4481.0,4526.0,4470.0,4478.0,3790.0
2019-07-12,4473.5,4514.0,4445.0,4489.5,2700.0
2019-07-15,4487.0,4503.0,4415.0,4425.5,6700.0
2019-07-16,4440.0,4476.0,4430.0,4459.0,4770.0
2019-07-17,4440.5,4470.5,4409.0,4460.0,4680.0
2019-07-18,4459.5,4490.0,4438.0,4457.5,5120.0
2019-07-19,4444.0,4447.0,4357.0,4367.0,16059.999999999998
2019-07-22,4375.0,4379.5,4317.5,4351.5,480.0
2019-07-23,4343.5,4343.5,4295.0,4319.5,1560.0
2019-07-24,4346.5,4367.0,4289.5,4294.0,3820.0
2019-07-25,4290.0,4305.0,4260.0,4297.5,3430.0
2019-07-26,4260.0,4274.0,4250.0,4252.5,1190.0
2019-07-29,4225.0,4305.0,4225.0,4294.5,1700.0
2019-07-30,4310.0,4331.0,4295.0,4305.0,2210.0
2019-07-31,4328.0,4434.0,4327.5,4401.5,4650.0
2019-08-01,4381.5,4426.0,4357.0,4368.5,3150.0
2019-08-02,4325.0,4394.5,4318.0,4378.0,1310.0
2019-08-05,4385.5,4385.5,4335.0,4345.0,2850.0
2019-08-06,4342.0,4369.0,4335.0,4345.5,5240.0
2019-08-07,4329.0,4338.0,4282.5,4289.5,5190.0
2019-08-08,4276.5,4358.0,4275.5,4353.0,2600.0
2019-08-09,4372.0,4459.0,4369.5,4442.5,7070.0
2019-08-13,4415.0,4415.0,4344.0,4352.0,4870.0
2019-08-14,4362.5,4390.0,4348.0,4368.0,7160.0
2019-08-16,4360.0,4450.0,4357.0,4425.5,25040.0
2019-08-19,4420.0,4436.5,4385.5,4392.5,11550.0
2019-08-20,4393.0,4417.0,4370.5,4384.0,8590.0
2019-08-21,4388.5,4450.0,4380.0,4436.5,500.0
2019-08-22,4374.5,4374.5,4303.5,4317.5,250.0
2019-08-23,4325.0,4325.0,4300.0,4313.0,250.0
2019-08-26,4330.0,4330.0,4294.0,4315.0,50.0
2019-08-27,4275.0,4320.0,4231.0,4291.0,670.0
2019-08-28,4311.5,4317.0,4292.0,4304.0,1380.0
2019-08-29,4286.0,4295.0,4255.0,4271.5,980.0
2019-08-30,4250.0,4324.0,4228.0,4293.0,1520.0
2019-09-03,4270.5,4276.5,4199.0,4211.5,1210.0
2019-09-04,4191.5,4213.0,4163.0,4170.5,1920.0
2019-09-05,4156.0,4173.5,4125.0,4140.5,2820.0
2019-09-06,4133.0,4166.0,4107.5,4145.0,5830.0
2019-09-09,4158.0,4190.0,4129.0,4151.0,2320.0
2019-09-11,4132.0,4204.0,4132.0,4191.0,5220.0
2019-09-12,4202.0,4215.0,4170.0,4186.5,5940.0
2019-09-13,4173.0,4180.0,4121.0,4141.5,5060.0
2019-09-16,4155.0,4196.0,4149.0,4171.0,6150.0
2019-09-17,4169.0,4205.0,4156.0,4164.5,8410.0
2019-09-18,4151.0,4152.0,4110.0,4128.5,11040.0
2019-09-19,4102.0,4160.0,4094.0,4149.5,10350.0
2019-09-20,4150.0,4157.0,4100.0,4139.5,8530.0
2019-09-23,4157.0,4157.5,4071.5,4103.5,690.0
2019-09-24,4075.0,4095.0,4066.0,4079.5,160.0
2019-09-25,4070.0,4098.0,4010.0,4073.5,790.0
2019-09-26,4080.0,4100.0,4052.0,4073.5,1440.0
2019-09-27,4082.0,4116.0,4018.0,4032.0,1900.0
2019-09-30,4013.0,4041.5,3971.0,4002.5,510.0
2019-10-01,4010.0,4027.5,3882.5,3882.5,450.0
2019-10-03,3860.0,3927.5,3841.0,3884.5,510.0
2019-10-04,3899.0,3957.0,3865.0,3945.5,1910.0
2019-10-07,3962.5,4001.0,3960.0,3975.5,850.0
2019-10-09,3938.0,3970.0,3930.5,3960.5,1710.0
2019-10-10,3960.0,3975.0,3922.0,3937.5,2380.0
2019-10-11,3942.0,3950.0,3926.0,3943.5,1170.0
2019-10-14,3930.5,3970.5,3899.0,3961.5,3390.0
2019-10-15,3961.0,3985.5,3945.0,3957.5,1670.0
2019-10-16,3945.5,3987.0,3945.5,3980.5,3070.0
2019-10-17,3990.0,4023.0,3979.0,3996.0,7620.0
2019-10-18,3984.5,4014.0,3961.0,4000.5,6850.0
2019-10-22,4048.0,4048.0,4048.0,4048.0,
2019-10-23,4078.0,4078.0,4078.0,4078.0,
2019-10-24,4119.0,4119.0,4119.0,4119.0,
2019-10-25,4161.5,4161.5,4135.0,4145.0,100.0
2019-10-27,4144.0,4144.0,4144.0,4144.0,
2019-10-29,4110.0,4123.0,4099.0,4112.5,70.0
2019-10-30,4091.0,4110.0,4091.0,4103.5,60.0
2019-10-31,4115.0,4166.5,4115.0,4136.5,530.0
2019-11-01,4182.5,4211.0,4160.0,4179.5,1490.0
2019-11-04,4215.0,4304.0,4215.0,4301.5,2150.0
2019-11-05,4339.5,4342.0,4268.5,4279.0,2130.0
2019-11-06,4286.0,4294.0,4227.0,4273.0,3350.0
2019-11-07,4278.0,4350.0,4267.0,4332.5,4190.0
2019-11-08,4306.0,4334.5,4270.0,4278.0,5280.0
2019-11-11,4290.0,4369.0,4265.0,4336.5,5320.0
2019-11-13,4363.0,4392.5,4355.0,4363.5,5820.0
2019-11-14,4360.0,4435.0,4334.0,4425.0,9020.0
2019-11-15,4432.0,4455.0,4420.5,4435.0,6730.0
2019-11-18,4378.0,4390.0,4280.5,4295.5,10790.0
2019-11-19,4325.0,4336.5,4278.0,4331.0,7500.0
2019-11-20,4325.0,4371.0,4303.0,4315.5,12350.0
2019-11-21,4360.0,4360.0,4310.0,4331.0,30.0
2019-11-22,4323.0,4325.5,4312.0,4320.5,70.0
2019-11-25,4241.5,4241.5,4191.0,4217.0,200.0
2019-11-26,4218.0,4224.5,4190.0,4207.5,310.0
2019-11-27,4207.0,4210.0,4207.0,4209.5,100.0
2019-11-28,4210.0,4220.0,4210.0,4215.0,80.0
2019-11-29,4215.0,4222.5,4162.0,4200.0,270.0
2019-12-02,4130.0,4142.0,4074.0,4134.0,200.0
2019-12-03,4112.0,4128.0,4074.0,4082.0,390.0
2019-12-04,4080.0,4092.0,4018.0,4026.0,770.0
2019-12-05,4028.0,4128.0,3990.0,4120.0,1090.0
2019-12-06,4124.0,4156.0,4102.0,4136.0,1080.0
2019-12-09,4098.0,4102.0,4014.0,4040.0,940.0
2019-12-10,4050.0,4060.0,3984.0,3988.0,1700.0
2019-12-11,3986.0,4072.0,3986.0,4046.0,1370.0
2019-12-12,4036.0,4064.0,4028.0,4046.0,830.0
2019-12-13,4052.0,4064.0,4010.0,4018.0,1720.0
2019-12-16,3994.0,4092.0,3984.0,4078.0,4410.0
2019-12-17,4094.0,4154.0,4094.0,4114.0,3060.0
2019-12-18,4128.0,4164.0,4106.0,4136.0,6060.0
2019-12-19,4138.0,4248.0,4130.0,4222.0,15040.0
2019-12-20,4244.0,4278.0,4178.0,4190.0,13440.0
2019-12-23,4268.0,4268.0,4268.0,4268.0,
2019-12-24,4272.0,4272.0,4234.0,4256.0,60.0
2019-12-26,4262.0,4330.0,4250.0,4272.0,120.0
2019-12-27,4330.0,4340.0,4298.0,4334.0,170.0
2019-12-30,4306.0,4376.0,4306.0,4352.0,190.0
2019-12-31,4342.0,4344.0,4306.0,4336.0,140.0
2020-01-01,4336.0,4336.0,4324.0,4334.0,130.0
2020-01-02,4310.0,4326.0,4300.0,4318.0,160.0
2020-01-03,4316.0,4316.0,4200.0,4204.0,380.0
2020-01-06,4170.0,4174.0,4140.0,4166.0,220.0
2020-01-07,4198.0,4214.0,4176.0,4198.0,360.0
2020-01-08,4172.0,4226.0,4150.0,4214.0,340.0
2020-01-09,4234.0,4256.0,4184.0,4224.0,970.0
2020-01-10,4212.0,4234.0,4204.0,4218.0,670.0
2020-01-13,4230.0,4238.0,4182.0,4194.0,2200.0
2020-01-14,4194.0,4224.0,4170.0,4222.0,1610.0
2020-01-15,4224.0,4228.0,4168.0,4176.0,1670.0
2020-01-16,4170.0,4184.0,4126.0,4148.0,1240.0
2020-01-17,4136.0,4202.0,4110.0,4192.0,2760.0
2020-01-20,4186.0,4186.0,4130.0,4144.0,2550.0
2020-01-21,4180.0,4206.0,4180.0,4194.0,30.0
2020-01-22,4194.0,4198.0,4186.0,4194.0,60.0
2020-01-23,4200.0,4206.0,4174.0,4198.0,100.0
2020-01-24,4154.0,4188.0,4132.0,4158.0,150.0
2020-01-27,4130.0,4140.0,4106.0,4122.0,60.0
2020-01-28,4100.0,4128.0,4050.0,4100.0,120.0
2020-01-29,4080.0,4100.0,4060.0,4076.0,70.0
2020-01-30,4074.0,4080.0,4030.0,4062.0,180.0
2020-01-31,4046.0,4080.0,4042.0,4060.0,100.0
2020-02-01,4082.0,4088.0,4056.0,4070.0,80.0
2020-02-03,4048.0,4048.0,3950.0,3958.0,450.0
2020-02-04,3932.0,3974.0,3932.0,3960.0,1480.0
2020-02-05,3966.0,4016.0,3932.0,4006.0,980.0
2020-02-06,3996.0,4054.0,3984.0,4048.0,650.0
2020-02-07,4050.0,4052.0,3996.0,4000.0,1240.0
2020-02-10,3976.0,3976.0,3884.0,3892.0,1660.0
2020-02-11,3900.0,3944.0,3900.0,3918.0,1220.0
2020-02-12,3916.0,3976.0,3886.0,3962.0,2020.0
2020-02-13,3954.0,3980.0,3872.0,3896.0,3670.0
2020-02-14,3872.0,3910.0,3868.0,3902.0,1340.0
2020-02-17,3902.0,3904.0,3830.0,3842.0,3100.0
2020-02-18,3838.0,3872.0,3814.0,3842.0,4940.0
2020-02-19,3850.0,3882.0,3848.0,3858.0,6150.0
2020-02-20,3858.0,3874.0,3842.0,3852.0,5300.0
2020-02-24,3830.0,3830.0,3824.0,3828.0,10.0
2020-02-25,3704.0,3704.0,3704.0,3704.0,
2020-02-26,3680.0,3680.0,3680.0,3680.0,120.0
2020-02-27,3660.0,3660.0,3660.0,3660.0,10.0
2020-02-28,3696.0,3696.0,3696.0,3696.0,
2020-03-02,3740.0,3740.0,3740.0,3740.0,20.0
2020-03-03,3762.0,3834.0,3720.0,3794.0,410.0
2020-03-04,3774.0,3830.0,3762.0,3796.0,900.0
2020-03-05,3830.0,3852.0,3796.0,3830.0,1310.0
2020-03-06,3804.0,3822.0,3762.0,3800.0,910.0
2020-03-09,3686.0,3686.0,3648.0,3648.0,290.0
2020-03-11,3580.0,3666.0,3508.0,3540.0,2370.0
2020-03-12,3434.0,3434.0,3400.0,3400.0,1110.0
2020-03-13,3298.0,3536.0,3264.0,3532.0,5810.0
2020-03-16,3438.0,3480.0,3392.0,3392.0,2740.0
2020-03-17,3400.0,3446.0,3336.0,3398.0,4550.0
2020-03-18,3378.0,3470.0,3288.0,3426.0,4840.0
2020-03-19,3360.0,3468.0,3324.0,3416.0,7490.0
2020-03-20,3460.0,3500.0,3360.0,3380.0,5630.0
2020-03-23,3318.0,3318.0,3318.0,3318.0,
2020-03-24,3298.0,3298.0,3298.0,3298.0,
2020-03-25,3368.0,3368.0,3368.0,3368.0,
2020-03-26,3334.0,3334.0,3334.0,3334.0,
2020-03-27,3336.0,3336.0,3336.0,3336.0,
2020-03-30,3324.0,3324.0,3324.0,3324.0,
2020-03-31,3362.0,3362.0,3362.0,3362.0,
2020-04-01,3344.0,3344.0,3344.0,3344.0,
2020-04-03,3384.0,3384.0,3384.0,3384.0,
2020-04-07,3502.0,3502.0,3502.0,3502.0,
2020-04-08,3500.0,3518.0,3492.0,3502.0,410.0
2020-04-09,3544.0,3622.0,3524.0,3600.0,570.0
2020-04-13,3608.0,3648.0,3584.0,3604.0,1170.0
2020-04-15,3600.0,3650.0,3526.0,3648.0,2240.0
2020-04-16,3638.0,3650.0,3600.0,3622.0,2140.0
2020-04-17,3650.0,3650.0,3566.0,3606.0,2250.0
2020-04-20,3570.0,3588.0,3462.0,3462.0,4260.0
2020-04-21,3360.0,3360.0,3324.0,3324.0,1550.0
2020-04-22,3226.0,3276.0,3192.0,3216.0,6420.0
2020-04-23,3230.0,3344.0,3230.0,3344.0,7470.0
2020-04-24,3380.0,3410.0,3312.0,3390.0,7280.0
2020-04-27,3354.0,3412.0,3320.0,3338.0,6520.0
2020-04-28,3326.0,3470.0,3304.0,3444.0,7470.0
2020-04-29,3458.0,3538.0,3434.0,3494.0,14160.0
2020-04-30,3520.0,3528.0,3458.0,3506.0,12960.0
2020-05-04,3428.0,3428.0,3428.0,3428.0,
2020-05-05,3462.0,3462.0,3462.0,3462.0,
2020-05-06,3444.0,3444.0,3444.0,3444.0,
2020-05-07,3488.0,3488.0,3488.0,3488.0,
2020-05-08,3462.0,3518.0,3460.0,3492.0,170.0
2020-05-11,3510.0,3510.0,3480.0,3500.0,350.0
2020-05-12,3460.0,3494.0,3460.0,3478.0,170.0
2020-05-13,3492.0,3520.0,3486.0,3498.0,510.0
2020-05-14,3502.0,3502.0,3480.0,3492.0,360.0
2020-05-15,3530.0,3586.0,3510.0,3584.0,1850.0
2020-05-18,3600.0,3654.0,3600.0,3608.0,2310.0
2020-05-19,3592.0,3604.0,3564.0,3576.0,1910.0
2020-05-20,3584.0,3600.0,3556.0,3586.0,2380.0
2020-05-21,3614.0,3614.0,3614.0,3614.0,
2020-05-22,3552.0,3552.0,3552.0,3552.0,
2020-05-26,3536.0,3536.0,3536.0,3536.0,
2020-05-27,3546.0,3546.0,3546.0,3546.0,
2020-05-28,3526.0,3526.0,3526.0,3526.0,
2020-05-29,3422.0,3500.0,3422.0,3462.0,10.0
2020-06-01,3510.0,3510.0,3510.0,3510.0,
2020-06-02,3542.0,3542.0,3542.0,3542.0,
2020-06-03,3638.0,3638.0,3638.0,3638.0,10.0
2020-06-04,3594.0,3594.0,3594.0,3594.0,
2020-06-05,3598.0,3598.0,3598.0,3598.0,10.0
2020-06-08,3604.0,3648.0,3590.0,3622.0,50.0
2020-06-09,3560.0,3590.0,3548.0,3576.0,170.0
2020-06-10,3582.0,3670.0,3552.0,3580.0,610.0
2020-06-11,3620.0,3620.0,3606.0,3618.0,170.0
2020-06-12,3600.0,3602.0,3593.0,3598.0,130.0
2020-06-15,3582.0,3591.0,3566.0,3578.0,910.0
2020-06-16,3586.0,3602.0,3580.0,3587.0,920.0
2020-06-17,3580.0,3581.0,3557.0,3570.0,920.0
2020-06-18,3576.0,3608.0,3572.0,3605.0,1690.0
2020-06-19,3620.0,3713.0,3620.0,3678.0,7120.0
2020-06-22,3687.0,3687.0,3687.0,3687.0,
2020-06-23,3650.0,3650.0,3650.0,3650.0,10.0
2020-06-24,3650.0,3650.0,3650.0,3650.0,10.0
2020-06-25,3668.0,3668.0,3668.0,3668.0,
2020-06-26,3679.0,3679.0,3679.0,3679.0,
2020-06-29,3639.0,3639.0,3639.0,3639.0,
2020-06-30,3620.0,3620.0,3600.0,3604.0,30.0
2020-07-01,3610.0,3610.0,3610.0,3610.0,10.0
2020-07-02,3615.0,3615.0,3590.0,3602.0,140.0
2020-07-03,3635.0,3638.0,3604.0,3621.0,130.0
2020-07-06,3640.0,3650.0,3630.0,3639.0,260.0
2020-07-07,3660.0,3714.0,3660.0,3708.0,640.0
2020-07-08,3708.0,3708.0,3708.0,3708.0,20.0
2020-07-09,3700.0,3700.0,3642.0,3683.0,460.0
2020-07-10,3690.0,3700.0,3681.0,3691.0,200.0
2020-07-13,3690.0,3700.0,3680.0,3691.0,450.0
2020-07-14,3680.0,3712.0,3666.0,3701.0,640.0
2020-07-15,3733.0,3734.0,3712.0,3718.0,390.0
2020-07-16,3728.0,3730.0,3703.0,3715.0,620.0
2020-07-17,3726.0,3863.0,3712.0,3859.0,1280.0
2020-07-20,3840.0,3904.0,3812.0,3822.0,6930.0
2020-07-21,3840.0,3840.0,3840.0,3840.0,
2020-07-22,3898.0,3898.0,3898.0,3898.0,
2020-07-23,3952.0,3952.0,3952.0,3952.0,
2020-07-24,3860.0,3887.0,3834.0,3861.0,80.0
2020-07-27,3925.0,3925.0,3925.0,3925.0,
2020-07-28,3931.0,3931.0,3931.0,3931.0,
2020-07-29,3950.0,3950.0,3950.0,3950.0,10.0
2020-07-30,3908.0,3908.0,3908.0,3908.0,20.0
2020-07-31,3872.0,3872.0,3872.0,3872.0,20.0
2020-08-03,3951.0,3988.0,3951.0,3961.0,30.0
2020-08-04,4079.0,4100.0,4041.0,4069.0,80.0
2020-08-05,4040.0,4072.0,4000.0,4044.0,240.0
2020-08-06,4120.0,4190.0,4120.0,4149.0,1120.0
2020-08-07,4125.0,4230.0,4125.0,4222.0,1270.0
2020-08-10,4208.0,4212.0,4098.0,4144.0,460.0
2020-08-11,4100.0,4126.0,4060.0,4096.0,920.0
2020-08-12,4040.0,4160.0,4018.0,4128.0,3600.0
2020-08-13,4125.0,4135.0,3990.0,3999.0,2560.0
2020-08-14,4022.0,4040.0,3932.0,3995.0,2610.0
2020-08-17,4030.0,4090.0,4025.0,4076.0,4320.0
2020-08-18,4060.0,4175.0,4060.0,4142.0,6740.0
2020-08-19,4180.0,4207.0,4100.0,4165.0,5800.0
2020-08-20,4140.0,4144.0,4093.0,4126.0,5940.0
2020-08-21,4173.0,4173.0,4173.0,4173.0,
2020-08-24,4155.0,4155.0,4155.0,4155.0,
2020-08-25,4261.0,4261.0,4261.0,4261.0,
2020-08-26,4221.0,4221.0,4221.0,4221.0,
2020-08-27,4186.0,4186.0,4186.0,4186.0,
2020-08-28,4178.0,4178.0,4178.0,4178.0,
2020-08-31,4130.0,4130.0,4130.0,4130.0,50.0
2020-09-01,4096.0,4160.0,4050.0,4087.0,30.0
2020-09-02,4072.0,4072.0,4072.0,4072.0,
2020-09-03,4035.0,4035.0,4035.0,4035.0,
2020-09-04,4010.0,4010.0,3940.0,3990.0,30.0
2020-09-07,3950.0,3950.0,3871.0,3907.0,120.0
2020-09-08,3960.0,3960.0,3900.0,3928.0,130.0
2020-09-09,3900.0,3945.0,3900.0,3937.0,150.0
2020-09-10,3945.0,4043.0,3945.0,4039.0,1060.0
2020-09-11,4050.0,4082.0,4035.0,4052.0,950.0
2020-09-14,4031.0,4045.0,3980.0,4000.0,1060.0
2020-09-15,4001.0,4096.0,4001.0,4086.0,5880.0
2020-09-16,4090.0,4100.0,4051.0,4075.0,1010.0
2020-09-17,4089.0,4108.0,4038.0,4052.0,2130.0
2020-09-18,4067.0,4068.0,4027.0,4044.0,1810.0
2020-09-21,4012.0,4012.0,4012.0,4012.0,
2020-09-22,4016.0,4016.0,4016.0,4016.0,
2020-09-23,4009.0,4009.0,4009.0,4009.0,
2020-09-24,3976.0,3976.0,3976.0,3976.0,
2020-09-25,3988.0,3988.0,3988.0,3988.0,
2020-09-28,3981.0,3981.0,3981.0,3981.0,
2020-09-29,3971.0,3971.0,3971.0,3971.0,
2020-09-30,3975.0,3975.0,3975.0,3975.0,
2020-10-01,4130.0,4130.0,4130.0,4130.0,
2020-10-05,4105.0,4105.0,4105.0,4105.0,
2020-10-06,4090.0,4159.0,4085.0,4093.0,460.0
2020-10-07,4070.0,4095.0,4070.0,4079.0,440.0
2020-10-08,4005.0,4150.0,4004.0,4143.0,570.0
2020-10-09,4172.0,4172.0,4090.0,4129.0,480.0
2020-10-12,4110.0,4125.0,4090.0,4095.0,1120.0
2020-10-13,4085.0,4090.0,3999.0,4013.0,1510.0
2020-10-14,4024.0,4050.0,4021.0,4028.0,1770.0
2020-10-15,4046.0,4125.0,3982.0,4095.0,4640.0
2020-10-16,4081.0,4090.0,4042.0,4068.0,1120.0
2020-10-19,4075.0,4105.0,4065.0,4087.0,2110.0
2020-10-20,4100.0,4181.0,4067.0,4163.0,7250.0
2020-10-21,4230.0,4312.0,4230.0,4271.0,10.0
2020-10-22,4357.0,4357.0,4357.0,4357.0,10.0
2020-10-23,4339.0,4339.0,4339.0,4339.0,
2020-10-26,4347.0,4347.0,4347.0,4347.0,
2020-10-27,4446.0,4497.0,4420.0,4449.0,120.0
2020-10-28,4440.0,4440.0,4385.0,4402.0,190.0
2020-10-29,4284.0,4360.0,4284.0,4330.0,50.0
2020-10-30,4369.0,4390.0,4360.0,4371.0,40.0
2020-11-02,4332.0,4332.0,4250.0,4271.0,280.0
2020-11-03,4302.0,4355.0,4299.0,4326.0,110.0
2020-11-04,4355.0,4385.0,4325.0,4359.0,130.0
2020-11-05,4390.0,4390.0,4366.0,4377.0,220.0
2020-11-06,4330.0,4330.0,4320.0,4325.0,520.0
2020-11-09,4318.0,4318.0,4220.0,4248.0,500.0
2020-11-10,4250.0,4250.0,4230.0,4239.0,160.0
2020-11-11,4264.0,4305.0,4248.0,4265.0,530.0
2020-11-12,4280.0,4281.0,4240.0,4252.0,270.0
2020-11-13,4232.0,4243.0,4214.0,4227.0,210.0
2020-11-14,4231.0,4235.0,4207.0,4218.0,90.0
2020-11-17,4235.0,4236.0,4146.0,4154.0,3040.0
2020-11-18,4150.0,4168.0,4118.0,4155.0,1050.0
2020-11-19,4152.0,4185.0,4145.0,4156.0,1430.0
2020-11-20,4151.0,4158.0,4110.0,4117.0,2860.0
2020-11-23,4061.0,4061.0,4061.0,4061.0,
2020-11-24,4013.0,4013.0,4013.0,4013.0,
2020-11-25,4039.0,4039.0,4039.0,4039.0,
2020-11-26,3996.0,3996.0,3996.0,3996.0,
2020-11-27,4059.0,4059.0,4059.0,4059.0,
2020-12-01,4011.0,4011.0,4011.0,4011.0,
2020-12-02,3941.0,3941.0,3941.0,3941.0,
2020-12-03,3930.0,3980.0,3930.0,3943.0,20.0
2020-12-04,3959.0,3959.0,3959.0,3959.0,
2020-12-07,3965.0,3965.0,3870.0,3902.0,30.0
2020-12-08,3948.0,3948.0,3948.0,3948.0,10.0
2020-12-09,4049.0,4049.0,3930.0,3962.0,80.0
2020-12-10,3980.0,4024.0,3963.0,4017.0,500.0
2020-12-11,4024.0,4027.0,3990.0,3997.0,240.0
2020-12-14,4000.0,4023.0,3990.0,4007.0,540.0
2020-12-15,4018.0,4045.0,4013.0,4021.0,820.0
2020-12-16,4010.0,4081.0,4010.0,4054.0,1300.0
2020-12-17,4058.0,4058.0,4015.0,4023.0,2150.0
2020-12-18,4038.0,4041.0,3968.0,3987.0,1830.0
2020-12-21,3942.0,3942.0,3942.0,3942.0,
2020-12-22,3964.0,3964.0,3964.0,3964.0,
2020-12-23,3998.0,3998.0,3998.0,3998.0,
2020-12-24,3953.0,3953.0,3953.0,3953.0,20.0
2020-12-28,3985.0,3985.0,3985.0,3985.0,
2020-12-29,3974.0,3974.0,3974.0,3974.0,
2020-12-30,3979.0,3979.0,3979.0,3979.0,10.0
2020-12-31,4000.0,4000.0,4000.0,4000.0,
2021-01-01,4048.0,4048.0,4048.0,4048.0,
2021-01-04,4060.0,4060.0,4060.0,4060.0,
2021-01-05,3978.0,3978.0,3978.0,3978.0,
2021-01-06,4006.0,4012.0,4000.0,4006.0,60.0
2021-01-07,3987.0,3987.0,3987.0,3987.0,
2021-01-08,4001.0,4005.0,3988.0,4002.0,60.0
2021-01-11,4002.0,4002.0,3950.0,3958.0,160.0
2021-01-12,3975.0,3975.0,3957.0,3970.0,70.0
2021-01-13,3987.0,4025.0,3987.0,4009.0,300.0
2021-01-14,3992.0,3996.0,3992.0,3994.0,140.0
2021-01-15,3994.0,4000.0,3942.0,3965.0,500.0
2021-01-18,3972.0,3972.0,3915.0,3941.0,660.0
2021-01-19,3940.0,3948.0,3928.0,3940.0,450.0
2021-01-20,3932.0,3984.0,3931.0,3970.0,1130.0
2021-01-21,4081.0,4081.0,4081.0,4081.0,
2021-01-22,4079.0,4079.0,4079.0,4079.0,
2021-01-25,4073.0,4073.0,4073.0,4073.0,
2021-01-27,4025.0,4025.0,4025.0,4025.0,
2021-01-28,4018.0,4018.0,4018.0,4018.0,
2021-01-29,4009.0,4009.0,4009.0,4009.0,
2021-02-01,3972.0,3972.0,3972.0,3972.0,
2021-02-02,4009.0,4009.0,4009.0,4009.0,
2021-02-03,4020.0,4020.0,4020.0,4020.0,10.0
2021-02-04,4011.0,4011.0,4011.0,4011.0,
2021-02-05,4053.0,4053.0,4053.0,4053.0,
2021-02-08,4041.0,4041.0,4041.0,4041.0,
2021-02-09,4052.0,4052.0,4052.0,4052.0,
2021-02-10,4005.0,4005.0,4005.0,4005.0,10.0
2021-02-11,4003.0,4003.0,4003.0,4003.0,
2021-02-12,4000.0,4000.0,3992.0,3995.0,20.0
2021-02-15,4003.0,4005.0,3972.0,3989.0,90.0
2021-02-16,3975.0,4005.0,3970.0,3991.0,1000.0
2021-02-17,3989.0,4010.0,3934.0,3956.0,980.0
2021-02-18,3968.0,3982.0,3950.0,3964.0,1390.0
2021-02-19,3951.0,3951.0,3913.0,3920.0,2070.0
2021-02-22,3908.0,3908.0,3908.0,3908.0,
2021-02-23,3921.0,3921.0,3921.0,3921.0,
2021-02-24,3937.0,3937.0,3937.0,3937.0,
2021-02-25,3950.0,3950.0,3950.0,3950.0,10.0
2021-02-26,3926.0,3926.0,3926.0,3926.0,
2021-03-01,3948.0,3948.0,3948.0,3948.0,
2021-03-02,3902.0,3902.0,3900.0,3901.0,10.0
2021-03-03,3976.0,3976.0,3976.0,3976.0,20.0
2021-03-04,4019.0,4020.0,4019.0,4020.0,90.0
2021-03-05,3952.0,3953.0,3940.0,3950.0,30.0
2021-03-08,3959.0,3961.0,3946.0,3958.0,300.0
2021-03-09,3954.0,3954.0,3935.0,3942.0,60.0
2021-03-10,3932.0,3932.0,3895.0,3914.0,150.0
2021-03-12,3908.0,3926.0,3892.0,3903.0,420.0
2021-03-15,3905.0,3980.0,3905.0,3963.0,1590.0
2021-03-16,3968.0,3971.0,3935.0,3941.0,1140.0
2021-03-17,3947.0,3960.0,3898.0,3907.0,2180.0
2021-03-18,3901.0,3918.0,3881.0,3898.0,2950.0
2021-03-19,3890.0,3890.0,3836.0,3863.0,3330.0
2021-03-22,3840.0,3840.0,3840.0,3840.0,
2021-03-23,3838.0,3838.0,3838.0,3838.0,
2021-03-24,3823.0,3823.0,3823.0,3823.0,
2021-03-25,3827.0,3827.0,3827.0,3827.0,
2021-03-26,3814.0,3814.0,3814.0,3814.0,
2021-03-29,3814.0,3814.0,3814.0,3814.0,
2021-03-30,3812.0,3812.0,3812.0,3812.0,
2021-03-31,3815.0,3815.0,3815.0,3815.0,100.0
2021-04-01,3823.0,3849.0,3823.0,3830.0,190.0
2021-04-05,3970.0,3970.0,3970.0,3970.0,140.0
2021-04-06,4081.0,4109.0,4081.0,4094.0,20.0
2021-04-07,4096.0,4110.0,4022.0,4067.0,490.0
2021-04-08,4004.0,4040.0,3996.0,4011.0,470.0
2021-04-09,4042.0,4042.0,4002.0,4016.0,230.0
2021-04-12,4039.0,4050.0,4001.0,4019.0,1760.0
2021-04-13,4015.0,4045.0,4001.0,4024.0,350.0
2021-04-14,4024.0,4024.0,4024.0,4024.0,
2021-04-15,4060.0,4230.0,4060.0,4223.0,6590.0
2021-04-16,4224.0,4328.0,4170.0,4200.0,4580.0
2021-04-19,4105.0,4240.0,4105.0,4182.0,2650.0
2021-04-20,4196.0,4212.0,4152.0,4177.0,1280.0
2021-04-21,4177.0,4177.0,4177.0,4177.0,
2021-04-22,4344.0,4344.0,4344.0,4344.0,10.0
2021-04-23,4344.0,4344.0,4344.0,4344.0,
2021-04-26,4250.0,4250.0,4250.0,4250.0,10.0
2021-04-27,4225.0,4225.0,4225.0,4225.0,
2021-04-28,4193.0,4193.0,4193.0,4193.0,
2021-04-29,4217.0,4217.0,4217.0,4217.0,
2021-04-30,4157.0,4157.0,4157.0,4157.0,10.0
2021-05-03,4087.0,4087.0,4087.0,4087.0,
2021-05-04,4107.0,4107.0,4104.0,4105.0,170.0
2021-05-05,4243.0,4243.0,4099.0,4183.0,60.0
2021-05-06,4189.0,4200.0,4153.0,4169.0,320.0
2021-05-07,4155.0,4179.0,4132.0,4154.0,250.0
2021-05-10,4203.0,4318.0,4203.0,4264.0,540.0
2021-05-11,4267.0,4437.0,4267.0,4426.0,1090.0
2021-05-12,4444.0,4486.0,4410.0,4449.0,1450.0
2021-05-13,4449.0,4449.0,4449.0,4449.0,
2021-05-14,4432.0,4442.0,4397.0,4400.0,1370.0
2021-05-17,4395.0,4404.0,4316.0,4329.0,1670.0
2021-05-18,4344.0,4367.0,4279.0,4337.0,2110.0
2021-05-19,4300.0,4357.0,4296.0,4341.0,1420.0
2021-05-20,4341.0,4384.0,4320.0,4327.0,2870.0
2021-05-21,4407.0,4407.0,4407.0,4407.0,
2021-05-24,4399.0,4399.0,4399.0,4399.0,
2021-05-25,4399.0,4399.0,4399.0,4399.0,
2021-05-26,4556.0,4556.0,4556.0,4556.0,30.0
2021-05-27,4556.0,4556.0,4556.0,4556.0,
2021-05-28,4374.0,4374.0,4374.0,4374.0,
2021-05-31,4301.0,4301.0,4301.0,4301.0,30.0
2021-06-01,4300.0,4310.0,4300.0,4303.0,50.0
2021-06-02,4280.0,4280.0,4272.0,4274.0,20.0
2021-06-03,4290.0,4300.0,4265.0,4285.0,90.0
2021-06-04,4250.0,4281.0,4245.0,4251.0,100.0
2021-06-07,4247.0,4255.0,4247.0,4250.0,130.0
2021-06-08,4285.0,4285.0,4272.0,4279.0,300.0
2021-06-09,4260.0,4262.0,4170.0,4205.0,1280.0
2021-06-10,4186.0,4212.0,4171.0,4188.0,970.0
2021-06-11,4184.0,4192.0,4166.0,4173.0,870.0
2021-06-14,4155.0,4162.0,4129.0,4152.0,1430.0
2021-06-15,4169.0,4206.0,4156.0,4162.0,1280.0
2021-06-16,4170.0,4170.0,4138.0,4143.0,1080.0
2021-06-17,4135.0,4141.0,4099.0,4101.0,1510.0
2021-06-18,4093.0,4108.0,4068.0,4076.0,2180.0
2021-06-21,4164.0,4164.0,4164.0,4164.0,
2021-06-22,4200.0,4200.0,4200.0,4200.0,10.0
2021-06-23,4186.0,4186.0,4186.0,4186.0,
2021-06-24,4143.0,4143.0,4143.0,4143.0,
2021-06-25,4168.0,4168.0,4168.0,4168.0,
2021-06-28,4146.0,4146.0,4146.0,4146.0,10.0
2021-06-29,4190.0,4190.0,4190.0,4190.0,10.0
2021-06-30,4272.0,4272.0,4235.0,4254.0,20.0
2021-07-01,4224.0,4224.0,4224.0,4224.0,
2021-07-02,4240.0,4240.0,4240.0,4240.0,
2021-07-05,4151.0,4151.0,4151.0,4151.0,20.0
2021-07-06,4145.0,4145.0,4145.0,4145.0,440.0
2021-07-07,4105.0,4145.0,4088.0,4114.0,270.0
2021-07-08,4149.0,4149.0,4149.0,4149.0,
2021-07-09,4132.0,4177.0,4132.0,4150.0,470.0
2021-07-12,4120.0,4168.0,4109.0,4150.0,620.0
2021-07-13,4180.0,4188.0,4154.0,4156.0,420.0
2021-07-14,4160.0,4300.0,4160.0,4240.0,2290.0
2021-07-15,4240.0,4350.0,4211.0,4289.0,2420.0
2021-07-16,4305.0,4336.0,4280.0,4296.0,2660.0
2021-07-19,4330.0,4400.0,4292.0,4371.0,1950.0
2021-07-20,4352.0,4388.0,4332.0,4356.0,3750.0
2021-07-21,4424.0,4424.0,4424.0,4424.0,
2021-07-22,4408.0,4408.0,4408.0,4408.0,10.0
2021-07-23,4457.0,4457.0,4457.0,4457.0,
2021-07-26,4585.0,4585.0,4585.0,4585.0,110.0
2021-07-27,4608.0,4608.0,4608.0,4608.0,200.0
2021-07-28,4541.0,4541.0,4541.0,4541.0,
2021-07-29,4550.0,4550.0,4541.0,4547.0,40.0
2021-07-30,4502.0,4502.0,4502.0,4502.0,130.0
2021-08-02,4682.0,4750.0,4655.0,4686.0,260.0
2021-08-03,4728.0,4820.0,4701.0,4724.0,980.0
2021-08-04,4774.0,4850.0,4757.0,4827.0,3090.0
2021-08-05,4800.0,4824.0,4763.0,4819.0,3550.0
2021-08-06,4880.0,4900.0,4740.0,4754.0,1860.0
2021-08-09,4800.0,4810.0,4711.0,4796.0,860.0
2021-08-10,4785.0,4800.0,4682.0,4788.0,1320.0
2021-08-11,4840.0,4855.0,4733.0,4762.0,1570.0
2021-08-12,4750.0,4945.0,4750.0,4898.0,4730.0
2021-08-13,4917.0,5080.0,4876.0,5065.0,5950.0
2021-08-16,5101.0,5162.0,5010.0,5044.0,9750.0
2021-08-17,4970.0,5050.0,4869.0,4975.0,8850.0
2021-08-18,5006.0,5273.0,4992.0,5273.0,10990.0
2021-08-19,5273.0,5273.0,5273.0,5273.0,
2021-08-20,5308.0,5568.0,5230.0,5444.0,15980.0
2021-08-23,5439.0,5543.0,5439.0,5508.0,20.0
2021-08-24,5838.0,5838.0,5838.0,5838.0,
2021-08-25,6188.0,6188.0,6188.0,6188.0,
2021-08-26,6435.0,6559.0,6098.0,6424.0,60.0
2021-08-27,6240.0,6240.0,6039.0,6105.0,200.0
2021-08-30,5888.0,6349.0,5870.0,6272.0,230.0
2021-08-31,6195.0,6232.0,6108.0,6123.0,410.0
2021-09-01,6002.0,6015.0,5775.0,5809.0,210.0
2021-09-02,5791.0,5995.0,5765.0,5949.0,380.0
2021-09-03,6092.0,6150.0,5874.0,5961.0,290.0
2021-09-06,5940.0,5940.0,5870.0,5889.0,160.0
2021-09-07,5923.0,6123.0,5911.0,6039.0,340.0
2021-09-08,6047.0,6340.0,6030.0,6340.0,460.0
2021-09-09,6370.0,6720.0,6360.0,6720.0,2580.0
2021-09-10,6720.0,6720.0,6720.0,6720.0,
2021-09-13,6643.0,6643.0,6317.0,6403.0,3120.0
2021-09-14,6408.0,6450.0,6143.0,6211.0,2750.0
2021-09-15,6205.0,6355.0,6200.0,6284.0,3180.0
2021-09-16,6310.0,6326.0,6102.0,6160.0,2390.0
2021-09-17,6125.0,6156.0,5852.0,5912.0,4560.0
2021-09-20,5841.0,5843.0,5675.0,5777.0,3130.0
2021-09-21,5855.0,5855.0,5855.0,5855.0,
2021-09-22,5802.0,5802.0,5802.0,5802.0,10.0
2021-09-23,5872.0,5872.0,5872.0,5872.0,
2021-09-24,5872.0,5872.0,5872.0,5872.0,20.0
2021-09-27,5950.0,5950.0,5815.0,5871.0,430.0
2021-09-28,5820.0,5820.0,5752.0,5792.0,160.0
2021-09-29,5926.0,6130.0,5926.0,6110.0,310.0
2021-09-30,6160.0,6177.0,5882.0,5935.0,200.0
2021-10-01,5934.0,5939.0,5845.0,5880.0,290.0
2021-10-04,5875.0,5894.0,5783.0,5827.0,170.0
2021-10-05,5954.0,6060.0,5954.0,6003.0,550.0
2021-10-06,5981.0,6020.0,5948.0,5959.0,550.0
2021-10-07,5916.0,5928.0,5844.0,5857.0,400.0
2021-10-08,5883.0,5932.0,5841.0,5894.0,420.0
2021-10-11,5900.0,6181.0,5900.0,6136.0,1530.0
2021-10-12,6152.0,6380.0,6100.0,6168.0,2510.0
2021-10-13,6158.0,6207.0,6042.0,6085.0,1290.0
2021-10-14,6115.0,6244.0,6081.0,6154.0,1330.0
2021-10-15,6154.0,6154.0,6154.0,6154.0,
2021-10-18,6188.0,6523.0,6188.0,6515.0,5580.0
2021-10-19,6450.0,6650.0,6193.0,6242.0,12120.0
2021-10-20,6337.0,6410.0,6280.0,6373.0,3010.0
2021-10-21,6616.0,6616.0,6616.0,6616.0,
2021-10-22,6624.0,6750.0,6624.0,6674.0,30.0
2021-10-25,6749.0,6749.0,6749.0,6749.0,
2021-10-26,6706.0,6865.0,6698.0,6781.0,330.0
2021-10-27,7050.0,7180.0,7010.0,7115.0,450.0
2021-10-28,7050.0,7157.0,6987.0,7056.0,680.0
2021-10-29,7144.0,7300.0,7127.0,7219.0,420.0
2021-11-01,7189.0,7189.0,7001.0,7028.0,250.0
2021-11-02,7018.0,7019.0,6875.0,6953.0,180.0
2021-11-03,6884.0,6884.0,6675.0,6801.0,280.0
2021-11-04,6750.0,6800.0,6708.0,6749.0,210.0
2021-11-05,6749.0,6749.0,6749.0,6749.0,
2021-11-08,6932.0,7100.0,6915.0,7080.0,1050.0
2021-11-09,6990.0,7010.0,6880.0,6911.0,390.0
2021-11-10,6825.0,6825.0,6497.0,6507.0,1150.0
2021-11-11,6548.0,6703.0,6512.0,6577.0,780.0
2021-11-12,6525.0,6640.0,6514.0,6556.0,350.0
2021-11-15,6594.0,6594.0,6319.0,6340.0,2870.0
2021-11-16,6394.0,6416.0,6310.0,6403.0,1870.0
2021-11-17,6485.0,6659.0,6466.0,6532.0,7660.0
2021-11-18,6485.0,6511.0,6280.0,6356.0,5800.0
2021-11-19,6485.0,6485.0,6485.0,6485.0,
2021-11-22,6319.0,6319.0,6319.0,6319.0,
2021-11-23,6373.0,6373.0,6373.0,6373.0,
2021-11-24,6173.0,6173.0,6173.0,6173.0,
2021-11-25,6217.0,6217.0,6217.0,6217.0,
2021-11-26,6050.0,6050.0,6050.0,6050.0,
2021-11-29,5852.0,5852.0,5852.0,5852.0,10.0
2021-11-30,5917.0,5917.0,5917.0,5917.0,
2021-12-01,5920.0,5920.0,5920.0,5920.0,10.0
2021-12-02,5950.0,5950.0,5762.0,5859.0,50.0
2021-12-03,5700.0,5805.0,5700.0,5768.0,100.0
2021-12-06,5730.0,5845.0,5700.0,5805.0,140.0
2021-12-07,5770.0,5975.0,5769.0,5958.0,320.0
2021-12-08,5989.0,6015.0,5916.0,5967.0,120.0
2021-12-09,5983.0,6035.0,5958.0,5981.0,750.0
2021-12-10,5922.0,5925.0,5892.0,5907.0,500.0
2021-12-13,6023.0,6040.0,5955.0,5973.0,240.0
2021-12-14,5963.0,6281.0,5940.0,6233.0,1520.0
2021-12-15,6205.0,6284.0,6174.0,6192.0,1850.0
2021-12-16,6233.0,6320.0,6200.0,6266.0,1830.0
2021-12-17,6346.0,6346.0,6120.0,6154.0,2940.0
2021-12-20,6110.0,6165.0,5978.0,6130.0,1670.0
2021-12-21,6192.0,6192.0,6192.0,6192.0,
2021-12-22,6215.0,6215.0,6215.0,6215.0,
2021-12-23,6316.0,6316.0,6316.0,6316.0,
2021-12-24,6239.0,6239.0,6239.0,6239.0,
2021-12-27,6216.0,6216.0,6216.0,6216.0,
2021-12-28,6234.0,6234.0,6234.0,6234.0,
2021-12-29,6000.0,6000.0,6000.0,6000.0,10.0
2021-12-30,6029.0,6029.0,6029.0,6029.0,
2021-12-31,6141.0,6141.0,6141.0,6141.0,
2022-01-03,6189.0,6189.0,6189.0,6189.0,
2022-01-04,6329.0,6329.0,6329.0,6329.0,
2022-01-05,6292.0,6292.0,6292.0,6292.0,
2022-01-06,6240.0,6240.0,6240.0,6240.0,10.0
2022-01-07,6340.0,6340.0,6322.0,6338.0,40.0
2022-01-10,6337.0,6468.0,6337.0,6426.0,1030.0
2022-01-11,6430.0,6454.0,6375.0,6433.0,1600.0
2022-01-12,6513.0,6551.0,6400.0,6479.0,2110.0
2022-01-13,6471.0,6498.0,6427.0,6449.0,2420.0
2022-01-14,6474.0,6500.0,6357.0,6408.0,2080.0
2022-01-17,6445.0,6489.0,6397.0,6476.0,2470.0
2022-01-18,6495.0,6600.0,6495.0,6525.0,3590.0
2022-01-19,6543.0,6582.0,6450.0,6466.0,3730.0
2022-01-20,6450.0,6500.0,6412.0,6446.0,3440.0
2022-01-21,6554.0,6554.0,6352.0,6429.0,20.0
2022-01-24,6328.0,6328.0,6328.0,6328.0,
2022-01-25,6458.0,6458.0,6458.0,6458.0,
2022-01-27,6509.0,6509.0,6509.0,6509.0,
2022-01-28,6469.0,6469.0,6469.0,6469.0,
2022-01-31,6445.0,6445.0,6445.0,6445.0,
2022-02-01,6430.0,6430.0,6430.0,6430.0,10.0
2022-02-02,6385.0,6385.0,6313.0,6345.0,30.0
2022-02-03,6329.0,6365.0,6290.0,6328.0,550.0
2022-02-04,6401.0,6418.0,6400.0,6408.0,80.0
2022-02-07,6390.0,6390.0,6152.0,6163.0,340.0
2022-02-08,6136.0,6220.0,6123.0,6198.0,530.0
2022-02-09,6204.0,6250.0,6204.0,6225.0,60.0
2022-02-10,6238.0,6310.0,6237.0,6303.0,110.0
2022-02-11,6351.0,6360.0,6300.0,6344.0,120.0
2022-02-14,6415.0,6535.0,6400.0,6460.0,2180.0
2022-02-15,6472.0,6472.0,6372.0,6410.0,2550.0
2022-02-16,6414.0,6461.0,6335.0,6351.0,2920.0
2022-02-17,6360.0,6379.0,6301.0,6322.0,1480.0
2022-02-18,6330.0,6404.0,6330.0,6382.0,2190.0
2022-02-21,6308.0,6308.0,6308.0,6308.0,
2022-02-22,6294.0,6294.0,6294.0,6294.0,
2022-02-23,6113.0,6113.0,6113.0,6113.0,
2022-02-24,5825.0,5825.0,5825.0,5825.0,
2022-02-25,5998.0,5998.0,5998.0,5998.0,
2022-02-28,5961.0,5961.0,5961.0,5961.0,10.0
2022-03-01,5961.0,5961.0,5961.0,5961.0,
2022-03-02,6066.0,6066.0,6050.0,6058.0,10.0
2022-03-03,6084.0,6125.0,6075.0,6093.0,50.0
2022-03-04,6066.0,6109.0,6066.0,6091.0,80.0
2022-03-07,6060.0,6094.0,6000.0,6059.0,220.0
2022-03-08,6055.0,6055.0,5900.0,5982.0,170.0
2022-03-09,6080.0,6240.0,6080.0,6197.0,580.0
2022-03-10,6250.0,6299.0,6200.0,6226.0,640.0
2022-03-11,6230.0,6273.0,6230.0,6266.0,850.0
2022-03-14,6293.0,6376.0,6290.0,6323.0,1860.0
2022-03-15,6332.0,6343.0,6130.0,6144.0,2580.0
2022-03-16,6171.0,6235.0,6094.0,6207.0,1400.0
2022-03-17,6251.0,6273.0,6190.0,6237.0,1910.0
2022-03-18,6314.0,6314.0,6314.0,6314.0,
2022-03-21,6214.0,6214.0,6214.0,6214.0,
2022-03-22,6262.0,6262.0,6262.0,6262.0,
2022-03-23,6304.0,6304.0,6304.0,6304.0,
2022-03-24,6270.0,6270.0,6270.0,6270.0,
2022-03-25,6302.0,6302.0,6302.0,6302.0,
2022-03-28,6438.0,6438.0,6438.0,6438.0,
2022-03-29,6499.0,6499.0,6499.0,6499.0,
2022-03-30,6494.0,6494.0,6494.0,6494.0,
2022-03-31,6481.0,6481.0,6481.0,6481.0,
2022-04-01,6680.0,6739.0,6680.0,6710.0,10.0
2022-04-04,6733.0,6733.0,6733.0,6733.0,
2022-04-05,6776.0,6776.0,6776.0,6776.0,
2022-04-06,6780.0,6781.0,6780.0,6781.0,20.0
2022-04-07,6800.0,6800.0,6724.0,6745.0,100.0
2022-04-08,6672.0,6690.0,6551.0,6585.0,120.0
2022-04-11,6515.0,6534.0,6512.0,6524.0,190.0
2022-04-12,6520.0,6569.0,6500.0,6528.0,1300.0
2022-04-13,6546.0,6643.0,6543.0,6610.0,1010.0
2022-04-14,6610.0,6610.0,6610.0,6610.0,
2022-04-18,6669.0,6685.0,6537.0,6566.0,4260.0
2022-04-19,6569.0,6606.0,6320.0,6391.0,3230.0
2022-04-20,6415.0,6440.0,6368.0,6417.0,3940.0
2022-04-21,6525.0,6525.0,6525.0,6525.0,
2022-04-22,6502.0,6502.0,6502.0,6502.0,
2022-04-25,6484.0,6484.0,6484.0,6484.0,
2022-04-26,6455.0,6455.0,6455.0,6455.0,
2022-04-27,6500.0,6500.0,6500.0,6500.0,
2022-04-28,6491.0,6491.0,6491.0,6491.0,
2022-04-29,6475.0,6475.0,6475.0,6475.0,
2022-05-02,6390.0,6390.0,6390.0,6390.0,
2022-05-03,6390.0,6390.0,6390.0,6390.0,
2022-05-04,6252.0,6252.0,6252.0,6252.0,
2022-05-05,6202.0,6202.0,6202.0,6202.0,
2022-05-06,6246.0,6246.0,6246.0,6246.0,
2022-05-09,6207.0,6207.0,6207.0,6207.0,
2022-05-10,6178.0,6178.0,6143.0,6161.0,10.0
2022-05-11,6184.0,6184.0,6184.0,6184.0,
2022-05-12,6165.0,6221.0,6165.0,6184.0,40.0
2022-05-13,6261.0,6261.0,6226.0,6251.0,860.0
2022-05-16,6165.0,6173.0,6115.0,6146.0,360.0
2022-05-17,6126.0,6183.0,6126.0,6173.0,520.0
2022-05-18,6165.0,6180.0,6129.0,6154.0,1900.0
2022-05-19,6110.0,6117.0,6009.0,6051.0,2090.0
2022-05-20,6065.0,6096.0,6038.0,6053.0,2450.0
2022-05-23,6181.0,6181.0,6181.0,6181.0,
2022-05-24,6182.0,6182.0,6182.0,6182.0,
2022-05-25,6144.0,6144.0,6144.0,6144.0,
2022-05-26,6168.0,6168.0,6168.0,6168.0,
2022-05-27,6169.0,6169.0,6169.0,6169.0,
2022-05-30,6101.0,6101.0,6101.0,6101.0,
2022-05-31,5988.0,5988.0,5988.0,5988.0,
2022-06-01,5911.0,5911.0,5911.0,5911.0,
2022-06-02,5953.0,5953.0,5953.0,5953.0,
2022-06-03,5879.0,5879.0,5879.0,5879.0,
2022-06-06,5825.0,5825.0,5825.0,5825.0,
2022-06-07,6058.0,6058.0,5910.0,5984.0,40.0
2022-06-08,5955.0,5955.0,5955.0,5955.0,
2022-06-09,5986.0,5986.0,5986.0,5986.0,
2022-06-10,5929.0,5929.0,5929.0,5929.0,
2022-06-13,5838.0,5838.0,5790.0,5802.0,20.0
2022-06-14,5776.0,5816.0,5775.0,5802.0,270.0
2022-06-15,5800.0,5816.0,5758.0,5774.0,730.0
2022-06-16,5773.0,5780.0,5659.0,5689.0,1300.0
2022-06-17,5666.0,5711.0,5634.0,5703.0,1500.0
2022-06-20,5650.0,5654.0,5475.0,5543.0,4550.0
2022-06-21,5592.0,5592.0,5592.0,5592.0,
2022-06-22,5645.0,5645.0,5645.0,5645.0,
2022-06-23,5633.0,5633.0,5633.0,5633.0,
2022-06-24,5500.0,5500.0,5500.0,5500.0,10.0
2022-06-27,5354.0,5354.0,5354.0,5354.0,
2022-06-28,5444.0,5444.0,5444.0,5444.0,
2022-06-29,5354.0,5354.0,5354.0,5354.0,
2022-06-30,5282.0,5282.0,5282.0,5282.0,
2022-07-01,5314.0,5314.0,5314.0,5314.0,
2022-07-04,5314.0,5314.0,5314.0,5314.0,
2022-07-05,5260.0,5260.0,5260.0,5260.0,
2022-07-06,5243.0,5243.0,5243.0,5243.0,
2022-07-07,5162.0,5162.0,5162.0,5162.0,
2022-07-08,5281.0,5281.0,5281.0,5281.0,10.0
2022-07-11,5300.0,5300.0,5300.0,5300.0,
2022-07-12,5400.0,5400.0,5400.0,5400.0,10.0
2022-07-13,5390.0,5390.0,5390.0,5390.0,10.0
2022-07-14,5375.0,5379.0,5290.0,5303.0,790.0
2022-07-15,5290.0,5320.0,5070.0,5080.0,970.0
2022-07-18,5078.0,5118.0,4980.0,5109.0,3970.0
2022-07-19,5118.0,5121.0,5062.0,5092.0,2029.9999999999998
2022-07-20,5118.0,5250.0,5067.0,5173.0,4410.0
2022-07-21,5280.0,5280.0,5280.0,5280.0,
2022-07-22,5217.0,5217.0,5217.0,5217.0,
2022-07-25,5200.0,5200.0,5200.0,5200.0,10.0
2022-07-26,5200.0,5347.0,5200.0,5244.0,90.0
2022-07-27,5317.0,5317.0,5317.0,5317.0,
2022-07-28,5206.0,5206.0,5206.0,5206.0,
2022-07-29,5199.0,5199.0,5010.0,5083.0,90.0
2022-08-01,4965.0,4965.0,4965.0,4965.0,
2022-08-02,5000.0,5000.0,5000.0,5000.0,20.0
2022-08-03,4990.0,5000.0,4990.0,4997.0,50.0
2022-08-04,4916.0,4916.0,4850.0,4865.0,560.0
2022-08-05,4930.0,4930.0,4906.0,4920.0,220.0
2022-08-08,4900.0,4905.0,4860.0,4890.0,120.0
2022-08-10,4832.0,4860.0,4790.0,4800.0,690.0
2022-08-11,4790.0,4823.0,4778.0,4794.0,410.0
2022-08-12,4810.0,4875.0,4799.0,4867.0,710.0
2022-08-16,4845.0,4901.0,4800.0,4840.0,920.0
2022-08-17,4841.0,4860.0,4763.0,4850.0,6460.0
2022-08-18,4840.0,4840.0,4750.0,4762.0,1270.0
2022-08-19,4804.0,4804.0,4804.0,4804.0,
2022-08-22,4684.0,4684.0,4684.0,4684.0,
2022-08-23,4669.0,4669.0,4669.0,4669.0,
2022-08-24,4685.0,4685.0,4685.0,4685.0,
2022-08-25,4654.0,4654.0,4654.0,4654.0,60.0
2022-08-26,4835.0,4835.0,4835.0,4835.0,10.0
2022-08-29,5027.0,5027.0,4840.0,4894.0,80.0
2022-08-30,4807.0,4807.0,4807.0,4807.0,
2022-09-01,4866.0,4998.0,4866.0,4961.0,70.0
2022-09-02,5011.0,5011.0,5011.0,5011.0,120.0
2022-09-05,4923.0,5010.0,4923.0,4966.0,80.0
2022-09-06,4970.0,4970.0,4882.0,4896.0,130.0
2022-09-07,4896.0,4896.0,4896.0,4896.0,380.0
2022-09-08,5055.0,5170.0,5055.0,5153.0,330.0
2022-09-09,5101.0,5101.0,5075.0,5085.0,140.0
2022-09-12,4949.0,4985.0,4949.0,4969.0,170.0
2022-09-13,5055.0,5084.0,5015.0,5035.0,150.0
2022-09-14,5005.0,5170.0,5005.0,5142.0,260.0
2022-09-15,5260.0,5321.0,5200.0,5289.0,830.0
2022-09-16,5319.0,5339.0,5204.0,5220.0,950.0
2022-09-19,5320.0,5428.0,5290.0,5394.0,1150.0
2022-09-20,5357.0,5392.0,5320.0,5351.0,2670.0
2022-09-21,5338.0,5338.0,5338.0,5338.0,
2022-09-22,5339.0,5339.0,5339.0,5339.0,
2022-09-23,5215.0,5215.0,5215.0,5215.0,
2022-09-26,5097.0,5097.0,5097.0,5097.0,
2022-09-27,5138.0,5138.0,5138.0,5138.0,
2022-09-28,5036.0,5036.0,5036.0,5036.0,
2022-09-29,5000.0,5000.0,5000.0,5000.0,10.0
2022-09-30,5018.0,5018.0,5018.0,5018.0,
2022-10-03,4934.0,4934.0,4934.0,4934.0,
2022-10-04,4925.0,4925.0,4925.0,4925.0,
2022-10-06,4970.0,4970.0,4970.0,4970.0,
2022-10-07,4873.0,4873.0,4873.0,4873.0,
2022-10-10,4825.0,4825.0,4825.0,4825.0,
2022-10-11,4872.0,4872.0,4872.0,4872.0,70.0
2022-10-12,4860.0,4860.0,4848.0,4854.0,200.0
2022-10-13,4821.0,4847.0,4800.0,4824.0,120.0
2022-10-14,4816.0,4835.0,4780.0,4791.0,1640.0
2022-10-17,4750.0,4770.0,4725.0,4726.0,890.0
2022-10-18,4715.0,4720.0,4679.0,4697.0,590.0
2022-10-19,4658.0,4751.0,4658.0,4733.0,660.0
2022-10-20,4725.0,4790.0,4720.0,4732.0,1140.0
2022-10-21,4765.0,4765.0,4765.0,4765.0,
2022-10-24,4761.0,4761.0,4761.0,4761.0,
2022-10-25,4768.0,4768.0,4768.0,4768.0,
2022-10-27,4809.0,4809.0,4809.0,4809.0,
2022-10-28,4771.0,4771.0,4771.0,4771.0,
2022-10-31,4700.0,4700.0,4700.0,4700.0,10.0
2022-11-01,4699.0,4699.0,4699.0,4699.0,10.0
2022-11-02,4800.0,4884.0,4800.0,4838.0,20.0
2022-11-03,4899.0,4899.0,4896.0,4898.0,30.0
2022-11-04,4900.0,4980.0,4900.0,4940.0,530.0
2022-11-07,5039.0,5039.0,5001.0,5020.0,20.0
2022-11-09,4980.0,5167.0,4980.0,5125.0,800.0
2022-11-10,5184.0,5299.0,5131.0,5154.0,1760.0
2022-11-11,5169.0,5359.0,5167.0,5255.0,680.0
2022-11-14,5380.0,5570.0,5300.0,5570.0,3670.0
2022-11-15,5535.0,5741.0,5400.0,5539.0,3340.0
2022-11-16,5547.0,5871.0,5514.0,5856.0,6530.0
2022-11-17,5859.0,5900.0,5717.0,5763.0,3540.0
2022-11-18,5801.0,6108.0,5795.0,6108.0,3020.0
2022-11-21,6434.0,6434.0,6400.0,6417.0,10.0
2022-11-22,6154.0,6154.0,6154.0,6154.0,
2022-11-23,5916.0,5916.0,5908.0,5909.0,40.0
2022-11-24,6145.0,6145.0,6000.0,6107.0,60.0
2022-11-25,6000.0,6000.0,6000.0,6000.0,20.0
2022-11-28,5976.0,5976.0,5976.0,5976.0,
2022-11-29,6334.0,6334.0,6334.0,6334.0,
2022-11-30,6250.0,6350.0,6250.0,6300.0,20.0
2022-12-01,6160.0,6162.0,5949.0,6074.0,70.0
2022-12-02,6157.0,6157.0,6157.0,6157.0,
2022-12-05,6080.0,6080.0,6000.0,6040.0,30.0
2022-12-06,5998.0,6015.0,5973.0,5997.0,300.0
2022-12-07,6020.0,6020.0,6020.0,6020.0,180.0
2022-12-08,6174.0,6237.0,6150.0,6186.0,540.0
2022-12-09,6170.0,6170.0,6105.0,6111.0,400.0
2022-12-12,6161.0,6176.0,5986.0,6000.0,1310.0
2022-12-13,5960.0,6027.0,5897.0,6009.0,1080.0
2022-12-14,6044.0,6058.0,5900.0,5971.0,1360.0
2022-12-15,6001.0,6112.0,5984.0,6093.0,4010.0
2022-12-16,6095.0,6121.0,5932.0,5963.0,2050.0
2022-12-19,5915.0,6198.0,5915.0,6161.0,2100.0
2022-12-20,6136.0,6167.0,6099.0,6141.0,4380.0
2022-12-21,5960.0,5960.0,5960.0,5960.0,
2022-12-22,6008.0,6008.0,6008.0,6008.0,
2022-12-23,6043.0,6043.0,6043.0,6043.0,
2022-12-26,6175.0,6175.0,6175.0,6175.0,
2022-12-27,6222.0,6222.0,6222.0,6222.0,
2022-12-28,6203.0,6203.0,6203.0,6203.0,
2022-12-29,6138.0,6138.0,6138.0,6138.0,
2022-12-30,6170.0,6170.0,6170.0,6170.0,
2023-01-02,6140.0,6140.0,6140.0,6140.0,
2023-01-03,6143.0,6143.0,6143.0,6143.0,
2023-01-04,6064.0,6064.0,6064.0,6064.0,
2023-01-05,6100.0,6100.0,6100.0,6100.0,
2023-01-06,6145.0,6145.0,6145.0,6145.0,
2023-01-09,6390.0,6390.0,6390.0,6390.0,420.0
2023-01-10,6500.0,6500.0,6500.0,6500.0,10.0
2023-01-11,6508.0,6510.0,6417.0,6455.0,520.0
2023-01-12,6475.0,6525.0,6420.0,6451.0,430.0
2023-01-13,6480.0,6570.0,6471.0,6529.0,1930.0
2023-01-16,6560.0,6560.0,6426.0,6431.0,1600.0
2023-01-17,6411.0,6455.0,6400.0,6413.0,1230.0
2023-01-18,6437.0,6504.0,6437.0,6476.0,1490.0
2023-01-19,6464.0,6464.0,6411.0,6439.0,1700.0
2023-01-20,6457.0,6457.0,6250.0,6290.0,2240.0
2023-01-23,6317.0,6317.0,6317.0,6317.0,
2023-01-24,6209.0,6209.0,6209.0,6209.0,
2023-01-25,6002.0,6002.0,6002.0,6002.0,
2023-01-27,5906.0,5906.0,5906.0,5906.0,
2023-01-30,5954.0,5954.0,5954.0,5954.0,10.0
2023-01-31,6136.0,6136.0,6136.0,6136.0,
2023-02-01,6146.0,6146.0,6146.0,6146.0,
2023-02-02,6177.0,6177.0,6177.0,6177.0,
2023-02-03,6209.0,6209.0,6209.0,6209.0,
2023-02-06,6106.0,6106.0,6106.0,6106.0,
2023-02-07,6075.0,6075.0,6075.0,6075.0,20.0
2023-02-08,6030.0,6030.0,6000.0,6011.0,60.0
2023-02-09,6000.0,6019.0,5960.0,5988.0,90.0
2023-02-10,5940.0,6031.0,5850.0,5913.0,160.0
2023-02-13,5850.0,5885.0,5792.0,5843.0,340.0
2023-02-14,5862.0,5895.0,5862.0,5872.0,260.0
2023-02-15,5879.0,6106.0,5863.0,6045.0,1440.0
2023-02-16,6023.0,6043.0,5990.0,6003.0,1600.0
2023-02-17,6002.0,6002.0,5921.0,5960.0,2120.0
2023-02-20,5916.0,6016.0,5888.0,5995.0,2830.0
2023-02-21,6039.0,6039.0,6039.0,6039.0,
2023-02-22,5990.0,5990.0,5990.0,5990.0,
2023-02-23,5774.0,5774.0,5774.0,5774.0,
2023-02-24,5864.0,5864.0,5864.0,5864.0,
2023-02-27,5851.0,5851.0,5851.0,5851.0,
2023-02-28,5906.0,5906.0,5906.0,5906.0,
2023-03-01,5819.0,5819.0,5819.0,5819.0,
2023-03-02,5750.0,5750.0,5587.0,5696.0,20.0
2023-03-03,5660.0,5680.0,5646.0,5662.0,20.0
2023-03-06,5689.0,5689.0,5689.0,5689.0,
2023-03-08,5656.0,5656.0,5656.0,5656.0,
2023-03-09,5860.0,5860.0,5860.0,5860.0,10.0
2023-03-10,5831.0,5831.0,5800.0,5805.0,130.0
2023-03-13,5778.0,5836.0,5760.0,5798.0,100.0
2023-03-14,5784.0,5800.0,5714.0,5734.0,290.0
2023-03-15,5745.0,5770.0,5690.0,5703.0,150.0
2023-03-16,5670.0,5670.0,5510.0,5543.0,1110.0
2023-03-17,5579.0,5621.0,5548.0,5605.0,300.0
2023-03-20,5618.0,5720.0,5482.0,5545.0,1490.0
2023-03-21,5789.0,5789.0,5789.0,5789.0,
2023-03-22,5769.0,5769.0,5769.0,5769.0,
2023-03-23,5824.0,5824.0,5824.0,5824.0,
2023-03-24,5759.0,5759.0,5759.0,5759.0,
2023-03-27,5753.0,5753.0,5753.0,5753.0,
2023-03-28,5828.0,5828.0,5828.0,5828.0,
2023-03-29,5786.0,5786.0,5786.0,5786.0,
2023-03-31,5829.0,5829.0,5829.0,5829.0,
2023-04-03,5850.0,5850.0,5800.0,5819.0,60.0
2023-04-05,5800.0,5800.0,5800.0,5800.0,10.0
2023-04-06,5850.0,5850.0,5802.0,5826.0,10.0
2023-04-10,5805.0,5892.0,5705.0,5778.0,80.0
2023-04-11,5798.0,5877.0,5782.0,5802.0,230.0
2023-04-12,5734.0,5827.0,5722.0,5741.0,740.0
2023-04-13,5720.0,5734.0,5679.0,5692.0,310.0
2023-04-17,5707.0,5718.0,5634.0,5683.0,890.0
2023-04-18,5686.0,5728.0,5686.0,5707.0,1760.0
2023-04-19,5686.0,5694.0,5592.0,5625.0,3100.0
2023-04-20,5640.0,5679.0,5595.0,5654.0,2460.0
2023-04-21,5722.0,5722.0,5722.0,5722.0,
2023-04-24,5610.0,5610.0,5610.0,5610.0,50.0
2023-04-25,5721.0,5721.0,5721.0,5721.0,20.0
2023-04-26,5625.0,5850.0,5621.0,5645.0,70.0
2023-04-27,5556.0,5556.0,5556.0,5556.0,
2023-04-28,5609.0,5609.0,5609.0,5609.0,20.0
2023-05-02,5745.0,5745.0,5745.0,5745.0,10.0
2023-05-03,5705.0,5705.0,5705.0,5705.0,
2023-05-04,5800.0,5800.0,5800.0,5800.0,
2023-05-05,5814.0,5814.0,5814.0,5814.0,
2023-05-08,5850.0,5952.0,5850.0,5898.0,40.0
2023-05-09,5922.0,5922.0,5851.0,5887.0,30.0
2023-05-10,5855.0,5860.0,5855.0,5858.0,80.0
2023-05-11,5810.0,5810.0,5736.0,5773.0,30.0
2023-05-12,5826.0,5831.0,5826.0,5830.0,80.0
2023-05-15,5805.0,5815.0,5799.0,5807.0,190.0
2023-05-16,5761.0,5775.0,5735.0,5758.0,210.0
2023-05-17,5748.0,5780.0,5731.0,5767.0,90.0
2023-05-18,5705.0,5716.0,5610.0,5626.0,2130.0
2023-05-19,5594.0,5642.0,5563.0,5602.0,2240.0
2023-05-22,5607.0,5607.0,5607.0,5607.0,
2023-05-23,5593.0,5593.0,5593.0,5593.0,
2023-05-24,5602.0,5602.0,5602.0,5602.0,
2023-05-25,5540.0,5540.0,5540.0,5540.0,
2023-05-26,5546.0,5546.0,5546.0,5546.0,
2023-05-29,5608.0,5608.0,5608.0,5608.0,
2023-05-30,5670.0,5670.0,5670.0,5670.0,
2023-05-31,5627.0,5627.0,5627.0,5627.0,
2023-06-01,5547.0,5547.0,5547.0,5547.0,
2023-06-02,5548.0,5548.0,5548.0,5548.0,
2023-06-05,5535.0,5535.0,5535.0,5535.0,
2023-06-06,5526.0,5526.0,5526.0,5526.0,
2023-06-07,5540.0,5540.0,5540.0,5540.0,200.0
2023-06-08,5504.0,5504.0,5504.0,5504.0,170.0
2023-06-09,5400.0,5645.0,5350.0,5412.0,300.0
2023-06-12,5301.0,5301.0,5160.0,5186.0,170.0
2023-06-13,5210.0,5297.0,5207.0,5295.0,580.0
2023-06-14,5280.0,5318.0,5201.0,5274.0,1240.0
2023-06-15,5219.0,5295.0,5152.0,5199.0,850.0
2023-06-16,5200.0,5356.0,5192.0,5322.0,1810.0
2023-06-19,5289.0,5408.0,5263.0,5384.0,2920.0
2023-06-20,5380.0,5403.0,5300.0,5312.0,4070.0000000000005
2023-06-21,5582.0,5582.0,5582.0,5582.0,10.0
2023-06-22,5480.0,5480.0,5480.0,5480.0,10.0
2023-06-23,5546.0,5546.0,5546.0,5546.0,10.0
2023-06-26,5396.0,5396.0,5396.0,5396.0,
2023-06-27,5441.0,5441.0,5441.0,5441.0,
2023-06-28,5510.0,5510.0,5510.0,5510.0,
2023-06-30,5647.0,5647.0,5647.0,5647.0,
2023-07-03,5628.0,5628.0,5628.0,5628.0,
2023-07-04,5556.0,5556.0,5556.0,5556.0,
2023-07-05,5592.0,5592.0,5592.0,5592.0,
2023-07-06,5506.0,5506.0,5506.0,5506.0,
2023-07-07,5535.0,5535.0,5535.0,5535.0,
2023-07-10,5626.0,5626.0,5626.0,5626.0,
2023-07-11,5786.0,5786.0,5786.0,5786.0,
2023-07-12,5747.0,5838.0,5747.0,5838.0,210.0
2023-07-13,5802.0,5841.0,5760.0,5799.0,80.0
2023-07-14,5727.0,5777.0,5700.0,5721.0,690.0
2023-07-17,5750.0,5942.0,5750.0,5847.0,3170.0
2023-07-18,5839.0,5871.0,5770.0,5787.0,2290.0
2023-07-19,5749.0,5808.0,5701.0,5735.0,2480.0
2023-07-20,5757.0,5922.0,5746.0,5890.0,2550.0
2023-07-21,6206.0,6206.0,6160.0,6183.0,40.0
2023-07-24,6200.0,6200.0,6200.0,6200.0,10.0
2023-07-25,6445.0,6445.0,6445.0,6445.0,200.0
2023-07-26,6206.0,6206.0,6206.0,6206.0,120.0
2023-07-27,6251.0,6251.0,6251.0,6251.0,150.0
2023-07-28,6396.0,6396.0,6396.0,6396.0,240.0
2023-07-31,6300.0,6300.0,6141.0,6247.0,520.0
2023-08-01,6152.0,6152.0,6152.0,6152.0,610.0
2023-08-02,6050.0,6148.0,5960.0,6042.0,670.0
2023-08-03,5846.0,5862.0,5844.0,5852.0,370.0
2023-08-04,5870.0,5909.0,5828.0,5883.0,4059.9999999999995
2023-08-07,6000.0,6235.0,6000.0,6217.0,3440.0
2023-08-08,6240.0,6240.0,6136.0,6194.0,790.0
2023-08-09,6197.0,6270.0,6180.0,6241.0,930.0
2023-08-10,6290.0,6296.0,6189.0,6221.0,310.0
2023-08-11,6200.0,6592.0,6133.0,6539.0,3360.0
2023-08-14,6490.0,6490.0,6374.0,6430.0,2420.0
2023-08-16,6485.0,6513.0,6112.0,6213.0,2940.0
2023-08-17,6238.0,6335.0,6122.0,6249.0,8070.0
2023-08-18,6193.0,6450.0,6185.0,6414.0,5690.0
2023-08-21,6663.0,6663.0,6663.0,6663.0,
2023-08-22,6928.0,6929.0,6540.0,6785.0,100.0
2023-08-23,6542.0,6542.0,6542.0,6542.0,10.0
2023-08-24,6534.0,6534.0,6534.0,6534.0,80.0
2023-08-25,6600.0,6600.0,6570.0,6575.0,80.0
2023-08-28,6745.0,6745.0,6745.0,6745.0,10.0
2023-08-29,6425.0,6425.0,6425.0,6425.0,50.0
2023-08-30,6476.0,6476.0,6476.0,6476.0,100.0
2023-08-31,6422.0,6422.0,6422.0,6422.0,140.0
2023-09-01,6482.0,6575.0,6434.0,6499.0,290.0
2023-09-04,6386.0,6465.0,6350.0,6412.0,320.0
2023-09-05,6494.0,6555.0,6460.0,6504.0,450.0
2023-09-06,6614.0,6634.0,6575.0,6584.0,330.0
2023-09-07,6555.0,6578.0,6538.0,6542.0,460.0
2023-09-08,6559.0,6579.0,6540.0,6559.0,830.0
2023-09-11,6534.0,6550.0,6355.0,6367.0,1380.0
2023-09-12,6380.0,6420.0,6310.0,6320.0,1930.0
2023-09-13,6296.0,6391.0,6262.0,6280.0,2460.0
2023-09-14,6223.0,6291.0,6182.0,6259.0,2540.0
2023-09-15,6261.0,6286.0,6231.0,6247.0,5330.0
2023-09-18,6150.0,6380.0,5902.0,5973.0,8020.0
2023-09-20,6012.0,6049.0,5983.0,6035.0,4880.0
2023-09-21,5906.0,5906.0,5905.0,5906.0,30.0
2023-09-22,6111.0,6111.0,6017.0,6100.0,40.0
2023-09-25,6024.0,6024.0,6024.0,6024.0,
2023-09-26,5975.0,5975.0,5975.0,5975.0,
2023-09-27,5863.0,5863.0,5863.0,5863.0,
2023-09-28,5863.0,5863.0,5863.0,5863.0,
2023-09-29,5800.0,5837.0,5662.0,5786.0,110.0
2023-10-03,5560.0,5782.0,5515.0,5657.0,410.0
2023-10-04,5649.0,5765.0,5649.0,5694.0,220.0
2023-10-05,5694.0,5694.0,5694.0,5694.0,10.0
2023-10-06,5897.0,5897.0,5767.0,5807.0,1260.0
2023-10-09,5688.0,5725.0,5681.0,5706.0,1140.0
2023-10-10,5775.0,5807.0,5766.0,5791.0,340.0
2023-10-11,5760.0,5786.0,5700.0,5760.0,910.0
2023-10-12,5777.0,5784.0,5722.0,5730.0,1180.0
2023-10-13,5724.0,5735.0,5666.0,5680.0,630.0
2023-10-16,5655.0,5745.0,5655.0,5725.0,1040.0
2023-10-17,5750.0,5905.0,5750.0,5893.0,4460.0
2023-10-18,5910.0,5921.0,5872.0,5899.0,2940.0
2023-10-19,5862.0,6005.0,5852.0,5948.0,2910.0
2023-10-20,5967.0,6106.0,5960.0,6086.0,4670.0
2023-10-23,6074.0,6074.0,6074.0,6074.0,
2023-10-25,6112.0,6112.0,6112.0,6112.0,
2023-10-26,5926.0,5999.0,5868.0,5905.0,140.0
2023-10-27,5971.0,5971.0,5971.0,5971.0,
2023-10-30,5751.0,5901.0,5751.0,5839.0,20.0
2023-10-31,5851.0,5882.0,5761.0,5849.0,390.0
2023-11-01,5873.0,5874.0,5873.0,5874.0,170.0
2023-11-02,5928.0,5928.0,5830.0,5830.0,2480.0
2023-11-03,5858.0,5860.0,5800.0,5823.0,1240.0
2023-11-06,5801.0,5825.0,5745.0,5814.0,1630.0
2023-11-07,5854.0,5861.0,5770.0,5777.0,1100.0
2023-11-08,5765.0,5765.0,5650.0,5679.0,750.0
2023-11-09,5692.0,5740.0,5664.0,5706.0,1870.0
2023-11-10,5719.0,5777.0,5701.0,5770.0,280.0
2023-11-12,5780.0,5785.0,5767.0,5782.0,80.0
2023-11-13,5798.0,5823.0,5755.0,5767.0,380.0
2023-11-15,5790.0,5925.0,5783.0,5862.0,1130.0
2023-11-16,5920.0,5954.0,5887.0,5921.0,3370.0
2023-11-17,5890.0,5924.0,5837.0,5852.0,4260.0
2023-11-20,5861.0,5884.0,5824.0,5833.0,2080.0
2023-11-21,5773.0,5773.0,5773.0,5773.0,
2023-11-22,5770.0,5770.0,5753.0,5766.0,20.0
2023-11-23,5751.0,5751.0,5751.0,5751.0,
2023-11-24,5783.0,5783.0,5783.0,5783.0,
2023-11-28,5797.0,5893.0,5782.0,5815.0,320.0
2023-11-29,5867.0,5867.0,5715.0,5807.0,800.0
2023-11-30,5780.0,5780.0,5754.0,5764.0,140.0
2023-12-01,5793.0,5793.0,5765.0,5771.0,240.0
2023-12-04,5660.0,5686.0,5541.0,5596.0,650.0
2023-12-05,5558.0,5635.0,5542.0,5604.0,1820.0
2023-12-06,5635.0,5687.0,5612.0,5665.0,240.0
2023-12-07,5665.0,5665.0,5610.0,5617.0,2020.0
2023-12-08,5631.0,5670.0,5601.0,5660.0,360.0
2023-12-11,5690.0,5710.0,5631.0,5640.0,2170.0
2023-12-12,5635.0,5642.0,5550.0,5567.0,7020.0
2023-12-13,5573.0,5594.0,5452.0,5573.0,7270.0
2023-12-14,5591.0,5629.0,5571.0,5594.0,1240.0
2023-12-15,5587.0,5617.0,5544.0,5561.0,900.0
2023-12-18,5542.0,5550.0,5413.0,5427.0,1900.0
2023-12-19,5414.0,5450.0,5374.0,5412.0,2630.0
2023-12-20,5393.0,5476.0,5302.0,5382.0,4019.9999999999995
2023-12-21,5539.0,5539.0,5539.0,5539.0,
2023-12-22,5663.0,5663.0,5663.0,5663.0,
2023-12-26,5711.0,5762.0,5711.0,5737.0,10.0
2023-12-27,5621.0,5621.0,5621.0,5621.0,20.0
2023-12-28,5710.0,5710.0,5710.0,5710.0,10.0
2023-12-29,5619.0,5619.0,5619.0,5619.0,
2024-01-01,5547.0,5547.0,5547.0,5547.0,
2024-01-02,5471.0,5471.0,5471.0,5471.0,
2024-01-03,5415.0,5415.0,5415.0,5415.0,
2024-01-04,5459.0,5498.0,5422.0,5470.0,70.0
2024-01-05,5465.0,5499.0,5425.0,5430.0,320.0
2024-01-08,5400.0,5450.0,5400.0,5432.0,290.0
2024-01-09,5465.0,5527.0,5465.0,5503.0,670.0
2024-01-10,5533.0,5553.0,5472.0,5492.0,760.0
2024-01-11,5500.0,5526.0,5470.0,5513.0,1080.0
2024-01-12,5535.0,5602.0,5509.0,5593.0,1900.0
2024-01-15,5605.0,5639.0,5568.0,5579.0,2510.0
2024-01-16,5590.0,5602.0,5562.0,5566.0,2140.0
2024-01-17,5556.0,5600.0,5515.0,5528.0,3850.0
2024-01-18,5530.0,5590.0,5517.0,5573.0,3400.0
2024-01-19,5592.0,5627.0,5548.0,5567.0,4150.0
2024-01-23,5639.0,5639.0,5545.0,5592.0,10.0
2024-01-24,5565.0,5565.0,5555.0,5560.0,10.0
2024-01-25,5570.0,5570.0,5570.0,5570.0,10.0
2024-01-29,5500.0,5500.0,5500.0,5500.0,10.0
2024-01-30,5407.0,5407.0,5407.0,5407.0,
2024-01-31,5456.0,5456.0,5456.0,5456.0,30.0
2024-02-01,5421.0,5421.0,5421.0,5421.0,
2024-02-02,5476.0,5476.0,5476.0,5476.0,
2024-02-05,5400.0,5400.0,5400.0,5400.0,
2024-02-06,5447.0,5447.0,5447.0,5447.0,10.0
2024-02-07,5465.0,5465.0,5455.0,5463.0,170.0
2024-02-08,5403.0,5403.0,5403.0,5403.0,
2024-02-09,5380.0,5380.0,5325.0,5349.0,110.0
2024-02-12,5300.0,5300.0,5246.0,5264.0,160.0
2024-02-13,5271.0,5330.0,5271.0,5325.0,370.0
2024-02-14,5321.0,5390.0,5305.0,5354.0,760.0
2024-02-15,5364.0,5434.0,5364.0,5392.0,330.0
2024-02-16,5410.0,5430.0,5363.0,5424.0,1660.0
2024-02-19,5417.0,5446.0,5400.0,5418.0,2180.0
2024-02-20,5407.0,5532.0,5390.0,5486.0,5480.0
2024-02-21,5558.0,5558.0,5558.0,5558.0,
2024-02-22,5528.0,5528.0,5528.0,5528.0,
2024-02-23,5472.0,5472.0,5472.0,5472.0,40.0
2024-02-26,5431.0,5431.0,5431.0,5431.0,
2024-02-27,5453.0,5453.0,5453.0,5453.0,
2024-02-28,5450.0,5450.0,5450.0,5450.0,180.0
2024-02-29,5386.0,5386.0,5386.0,5386.0,30.0
2024-03-01,5450.0,5450.0,5385.0,5385.0,340.0
2024-03-04,5409.0,5410.0,5389.0,5403.0,60.0
2024-03-05,5385.0,5385.0,5271.0,5282.0,150.0
2024-03-06,5302.0,5302.0,5302.0,5302.0,20.0
2024-03-07,5288.0,5341.0,5288.0,5313.0,50.0
2024-03-11,5336.0,5383.0,5336.0,5367.0,880.0
2024-03-12,5372.0,5377.0,5320.0,5335.0,940.0
2024-03-13,5325.0,5341.0,5319.0,5326.0,1280.0
2024-03-14,5325.0,5334.0,5281.0,5298.0,1460.0
2024-03-15,5300.0,5340.0,5300.0,5317.0,1060.0
2024-03-18,5300.0,5300.0,5217.0,5239.0,860.0
2024-03-19,5244.0,5252.0,5210.0,5246.0,4250.0
2024-03-20,5237.0,5287.0,5230.0,5269.0,6120.0
2024-03-21,5315.0,5315.0,5315.0,5315.0,
2024-03-22,5298.0,5298.0,5298.0,5298.0,
2024-03-26,5222.0,5222.0,5222.0,5222.0,
2024-03-27,5207.0,5207.0,5207.0,5207.0,
2024-03-28,5280.0,5280.0,5280.0,5280.0,
2024-04-01,5342.0,5342.0,5342.0,5342.0,
2024-04-02,5343.0,5343.0,5343.0,5343.0,
2024-04-03,5430.0,5430.0,5430.0,5430.0,10.0
2024-04-04,5437.0,5437.0,5437.0,5437.0,20.0
2024-04-05,5500.0,5531.0,5500.0,5526.0,260.0
2024-04-08,5579.0,5580.0,5530.0,5553.0,460.0
2024-04-09,5530.0,5530.0,5478.0,5506.0,340.0
2024-04-10,5481.0,5481.0,5405.0,5434.0,630.0
2024-04-12,5439.0,5566.0,5400.0,5502.0,370.0
2024-04-15,5535.0,5645.0,5524.0,5567.0,2270.0
2024-04-16,5542.0,5611.0,5505.0,5600.0,1930.0
2024-04-18,5615.0,5655.0,5609.0,5640.0,2680.0
2024-04-19,5640.0,5673.0,5590.0,5608.0,1550.0
2024-04-22,5567.0,5567.0,5567.0,5567.0,
2024-04-23,5589.0,5589.0,5589.0,5589.0,
2024-04-24,5679.0,5679.0,5679.0,5679.0,
2024-04-25,5664.0,5664.0,5664.0,5664.0,
2024-04-26,5664.0,5664.0,5664.0,5664.0,
2024-04-29,5630.0,5630.0,5630.0,5630.0,
2024-04-30,5594.0,5594.0,5594.0,5594.0,
2024-05-02,5509.0,5509.0,5509.0,5509.0,
2024-05-03,5485.0,5485.0,5485.0,5485.0,
2024-05-06,5480.0,5480.0,5480.0,5480.0,
2024-05-07,5497.0,5497.0,5497.0,5497.0,
2024-05-08,5483.0,5483.0,5483.0,5483.0,
2024-05-09,5433.0,5433.0,5433.0,5433.0,
2024-05-10,5435.0,5435.0,5435.0,5435.0,
2024-05-13,5488.0,5488.0,5488.0,5488.0,
2024-05-14,5577.0,5577.0,5527.0,5544.0,140.0
2024-05-15,5506.0,5513.0,5496.0,5505.0,410.0
2024-05-16,5520.0,5550.0,5518.0,5542.0,1780.0
2024-05-17,5542.0,5630.0,5542.0,5557.0,3580.0
2024-05-21,5598.0,5598.0,5598.0,5598.0,
2024-05-22,5602.0,5602.0,5602.0,5602.0,
2024-05-23,5569.0,5569.0,5569.0,5569.0,
2024-05-24,5561.0,5561.0,5561.0,5561.0,
2024-05-27,5655.0,5655.0,5655.0,5655.0,10.0
2024-05-28,5598.0,5598.0,5598.0,5598.0,
2024-05-29,5655.0,5655.0,5618.0,5618.0,
2024-05-30,5605.0,5605.0,5605.0,5605.0,
2024-05-31,5655.0,5655.0,5588.0,5588.0,
2024-06-03,5569.0,5569.0,5569.0,5569.0,10.0
2024-06-04,5434.0,5434.0,5434.0,5434.0,
2024-06-05,5425.0,5425.0,5425.0,5425.0,20.0
2024-06-06,5450.0,5515.0,5450.0,5505.0,50.0
2024-06-07,5515.0,5515.0,5515.0,5515.0,10.0
2024-06-10,5464.0,5465.0,5464.0,5465.0,120.0
2024-06-11,5500.0,5500.0,5500.0,5500.0,840.0
2024-06-12,5500.0,5500.0,5465.0,5472.0,410.0
2024-06-13,5495.0,5607.0,5485.0,5524.0,1180.0
2024-06-14,5532.0,5556.0,5501.0,5552.0,1280.0
2024-06-18,5583.0,5595.0,5527.0,5541.0,940.0
2024-06-19,5524.0,5524.0,5477.0,5482.0,4440.0
2024-06-20,5500.0,5533.0,5470.0,5489.0,1170.0
2024-06-21,5513.0,5513.0,5513.0,5513.0,30.0
2024-06-24,5500.0,5555.0,5470.0,5555.0,
2024-06-25,5462.0,5462.0,5462.0,5462.0,
2024-06-26,5446.0,5446.0,5446.0,5446.0,
2024-06-27,5500.0,5470.0,5456.0,5456.0,
2024-06-28,5500.0,5482.0,5470.0,5482.0,
2024-07-01,5414.0,5414.0,5414.0,5414.0,
2024-07-02,5414.0,5414.0,5414.0,5414.0,
2024-07-03,5503.0,5503.0,5503.0,5503.0,80.0
2024-07-04,5500.0,5486.0,5470.0,5486.0,
2024-07-05,5543.0,5543.0,5543.0,5543.0,
2024-07-08,5484.0,5484.0,5484.0,5484.0,10.0
2024-07-09,5542.0,5542.0,5542.0,5542.0,10.0
2024-07-10,5600.0,5608.0,5600.0,5603.0,140.0
2024-07-11,5620.0,5620.0,5620.0,5620.0,230.0
2024-07-12,5594.0,5594.0,5593.0,5594.0,130.0
2024-07-15,5570.0,5576.0,5554.0,5564.0,640.0
2024-07-16,5583.0,5583.0,5574.0,5579.0,400.0
2024-07-18,5615.0,5647.0,5611.0,5616.0,1120.0
2024-07-19,5566.0,5569.0,5500.0,5508.0,1100.0
2024-07-22,5649.0,5649.0,5649.0,5649.0,
2024-07-23,5629.0,5629.0,5629.0,5629.0,
2024-07-24,5586.0,5586.0,5586.0,5586.0,
2024-07-25,5594.0,5594.0,5594.0,5594.0,
2024-07-26,5644.0,5644.0,5644.0,5644.0,
2024-07-29,5680.0,5680.0,5680.0,5680.0,
2024-07-30,5672.0,5672.0,5672.0,5672.0,
2024-07-31,5897.0,5898.0,5888.0,5897.0,250.0
2024-08-01,5790.0,5790.0,5770.0,5780.0,20.0
2024-08-02,5549.0,5549.0,5549.0,5549.0,10.0
2024-08-05,5400.0,5400.0,5400.0,5400.0,10.0
2024-08-06,5378.0,5378.0,5378.0,5378.0,
2024-08-07,5410.0,5410.0,5167.0,5289.0,10.0
2024-08-08,5391.0,5391.0,5391.0,5391.0,10.0
2024-08-09,5422.0,5422.0,5422.0,5422.0,
2024-08-12,5610.0,5610.0,5610.0,5610.0,50.0
2024-08-13,5428.0,5428.0,5291.0,5380.0,20.0
2024-08-14,5368.0,5381.0,5301.0,5378.0,200.0
2024-08-16,5355.0,5379.0,5355.0,5372.0,560.0
2024-08-19,5400.0,5400.0,5379.0,5381.0,290.0
2024-08-20,5363.0,5368.0,5300.0,5324.0,1420.0
2024-08-21,5343.0,5343.0,5343.0,5343.0,
2024-08-22,5341.0,5341.0,5341.0,5341.0,
2024-08-23,5130.0,5542.0,5130.0,5189.0,40.0
2024-08-26,5311.0,5311.0,5253.0,5282.0,10.0
2024-08-27,5375.0,5425.0,5375.0,5419.0,40.0
2024-08-28,5427.0,5427.0,5427.0,5427.0,10.0
2024-08-29,5378.0,5378.0,5378.0,5378.0,
2024-08-30,5366.0,5366.0,5366.0,5366.0,
2024-09-02,5410.0,5410.0,5410.0,5410.0,
2024-09-03,5475.0,5475.0,5460.0,5468.0,10.0
2024-09-04,5450.0,5450.0,5450.0,5450.0,10.0
2024-09-05,5494.0,5494.0,5494.0,5494.0,
2024-09-06,5476.0,5476.0,5476.0,5476.0,10.0
2024-09-09,5400.0,5410.0,5264.0,5373.0,100.0
2024-09-10,5400.0,5413.0,5394.0,5399.0,140.0
2024-09-11,5410.0,5425.0,5410.0,5421.0,170.0
2024-09-12,5444.0,5480.0,5444.0,5480.0,310.0
2024-09-13,5499.0,5575.0,5499.0,5569.0,280.0
2024-09-16,5564.0,5577.0,5539.0,5572.0,270.0
2024-09-17,5573.0,5615.0,5531.0,5549.0,780.0
2024-09-18,5533.0,5533.0,5475.0,5490.0,1720.0
2024-09-19,5465.0,5500.0,5465.0,5495.0,2230.0
2024-09-20,5530.0,5674.0,5530.0,5622.0,4810.0
2024-09-23,5837.0,5837.0,5837.0,5837.0,10.0
2024-09-24,5780.0,5822.0,5780.0,5801.0,10.0
2024-09-25,5896.0,5896.0,5896.0,5896.0,10.0
2024-09-26,5867.0,5867.0,5867.0,5867.0,10.0
2024-09-27,5900.0,5905.0,5900.0,5903.0,10.0
2024-09-30,5863.0,5893.0,5863.0,5869.0,160.0
2024-10-01,5866.0,5866.0,5866.0,5866.0,10.0
2024-10-03,5866.0,5866.0,5866.0,5866.0,10.0
2024-10-04,5580.0,5580.0,5580.0,5580.0,70.0
2024-10-07,5595.0,5598.0,5577.0,5590.0,110.0
2024-10-08,5605.0,5670.0,5605.0,5638.0,80.0
2024-10-09,5599.0,5599.0,5557.0,5589.0,120.0
2024-10-10,5620.0,5673.0,5620.0,5653.0,140.0
2024-10-11,5710.0,5742.0,5699.0,5704.0,270.0
2024-10-14,5734.0,5781.0,5734.0,5750.0,740.0
2024-10-15,5740.0,5740.0,5623.0,5639.0,730.0
2024-10-16,5636.0,5665.0,5605.0,5613.0,650.0
2024-10-17,5560.0,5612.0,5560.0,5590.0,640.0
2024-10-18,5630.0,5638.0,5598.0,5610.0,1110.0
2024-10-21,5647.0,5647.0,5647.0,5647.0,
2024-10-22,5565.0,5565.0,5565.0,5565.0,20.0
2024-10-23,5526.0,5526.0,5526.0,5526.0,
2024-10-24,5531.0,5531.0,5531.0,5531.0,10.0
2024-10-25,5450.0,5450.0,5450.0,5450.0,
2024-10-28,5471.0,5471.0,5471.0,5471.0,
2024-10-29,5458.0,5458.0,5458.0,5458.0,
2024-10-30,5420.0,5420.0,5420.0,5420.0,
2024-10-31,5423.0,5423.0,5423.0,5423.0,20.0
2024-11-01,5414.0,5414.0,5414.0,5414.0,
2024-11-04,5412.0,5412.0,5412.0,5412.0,
2024-11-05,5379.0,5390.0,5379.0,5385.0,20.0
2024-11-06,5330.0,5330.0,5210.0,5266.0,210.0
2024-11-07,5242.0,5297.0,5153.0,5223.0,50.0
2024-11-08,5293.0,5293.0,5233.0,5256.0,80.0
2024-11-11,5200.0,5260.0,5191.0,5216.0,40.0
2024-11-12,5297.0,5315.0,5100.0,5171.0,190.0
2024-11-13,5225.0,5300.0,5200.0,5267.0,2100.0
2024-11-14,5292.0,5320.0,5282.0,5314.0,1020.0
2024-11-18,5285.0,5400.0,5260.0,5312.0,2620.0
2024-11-19,5329.0,5339.0,5279.0,5289.0,3150.0
2024-11-21,5337.0,5337.0,5337.0,5337.0,
2024-11-22,5309.0,5309.0,5309.0,5309.0,
2024-11-25,5318.0,5318.0,5318.0,5318.0,
2024-11-26,5346.0,5346.0,5346.0,5346.0,
2024-11-27,5320.0,5320.0,5320.0,5320.0,
2024-11-28,5281.0,5281.0,5281.0,5281.0,
2024-11-29,5288.0,5288.0,5288.0,5288.0,
2024-12-02,5256.0,5256.0,5256.0,5256.0,
2024-12-03,5240.0,5240.0,5240.0,5240.0,
2024-12-04,5280.0,5290.0,5280.0,5283.0,20.0
2024-12-05,5280.0,5280.0,5280.0,5280.0,10.0
2024-12-06,5280.0,5280.0,5270.0,5275.0,40.0
2024-12-09,5261.0,5261.0,5230.0,5251.0,210.0
2024-12-10,5245.0,5245.0,5200.0,5206.0,200.0
2024-12-11,5201.0,5201.0,5201.0,5201.0,10.0
2024-12-12,5222.0,5240.0,5222.0,5233.0,160.0
2024-12-13,5240.0,5240.0,5162.0,5179.0,810.0
2024-12-16,5170.0,5175.0,5135.0,5148.0,1440.0
2024-12-17,5175.0,5176.0,5156.0,5164.0,790.0
2024-12-18,5178.0,5225.0,5178.0,5198.0,3500.0
2024-12-19,5195.0,5250.0,5195.0,5226.0,2880.0
2024-12-20,5250.0,5411.0,5250.0,5338.0,5370.0
2024-12-23,5435.0,5435.0,5435.0,5435.0,
2024-12-24,5402.0,5402.0,5402.0,5402.0,
2024-12-26,5416.0,5416.0,5416.0,5416.0,
2024-12-27,5411.0,5411.0,5411.0,5411.0,
2024-12-30,5427.0,5427.0,5427.0,5427.0,
2024-12-31,5424.0,5424.0,5424.0,5424.0,
2025-01-01,5490.0,5490.0,5490.0,5490.0,90.0
2025-01-02,5490.0,5500.0,5490.0,5495.0,10.0
2025-01-03,5579.0,5597.0,5450.0,5453.0,350.0
2025-01-06,5460.0,5460.0,5450.0,5457.0,20.0
2025-01-07,5450.0,5497.0,5449.0,5466.0,20.0
2025-01-08,5452.0,5452.0,5452.0,5452.0,200.0
2025-01-09,5480.0,5490.0,5471.0,5481.0,20.0
2025-01-10,5490.0,5520.0,5488.0,5511.0,210.0
2025-01-13,5514.0,5518.0,5490.0,5498.0,110.0
2025-01-14,5490.0,5517.0,5490.0,5511.0,90.0
2025-01-15,5520.0,5534.0,5509.0,5520.0,510.0
2025-01-16,5560.0,5585.0,5555.0,5575.0,2120.0
2025-01-17,5585.0,5590.0,5566.0,5576.0,1080.0
2025-01-20,5573.0,5604.0,5533.0,5588.0,5280.0
2025-01-21,5619.0,5619.0,5619.0,5619.0,
2025-01-22,5614.0,5614.0,5614.0,5614.0,
2025-01-23,5595.0,5595.0,5595.0,5595.0,
2025-01-24,5563.0,5563.0,5563.0,5563.0,
2025-01-27,5533.0,5533.0,5533.0,5533.0,30.0
2025-01-28,5495.0,5495.0,5495.0,5495.0,
2025-01-29,5505.0,5505.0,5505.0,5505.0,
2025-01-30,5488.0,5488.0,5488.0,5488.0,
2025-01-31,5423.0,5423.0,5423.0,5423.0,
2025-02-01,5447.0,5447.0,5447.0,5447.0,
2025-02-03,5477.0,5477.0,5477.0,5477.0,
2025-02-04,5509.0,5509.0,5444.0,5477.0,10.0
2025-02-05,5455.0,5455.0,5455.0,5455.0,
2025-02-06,5376.0,5376.0,5376.0,5376.0,
2025-02-07,5384.0,5384.0,5384.0,5384.0,
2025-02-10,5440.0,5440.0,5440.0,5440.0,10.0
2025-02-11,5422.0,5422.0,5374.0,5406.0,20.0
2025-02-12,5370.0,5370.0,5370.0,5370.0,
2025-02-13,5393.0,5393.0,5393.0,5393.0,10.0
2025-02-14,5388.0,5388.0,5382.0,5384.0,30.0
2025-02-17,5410.0,5423.0,5407.0,5416.0,120.0
2025-02-18,5414.0,5436.0,5414.0,5431.0,660.0
2025-02-19,5470.0,5470.0,5301.0,5414.0,2140.0
2025-02-20,5397.0,5401.0,5334.0,5351.0,2660.0
2025-02-21,5423.0,5423.0,5423.0,5423.0,
2025-02-24,5423.0,5423.0,5423.0,5423.0,
2025-02-25,5402.0,5402.0,5402.0,5402.0,
2025-02-27,5367.0,5367.0,5367.0,5367.0,
2025-02-28,5357.0,5357.0,5357.0,5357.0,
2025-03-03,5283.0,5283.0,5283.0,5283.0,
2025-03-04,5267.0,5267.0,5267.0,5267.0,
2025-03-05,5321.0,5321.0,5321.0,5321.0,
2025-03-06,5337.0,5337.0,5337.0,5337.0,
2025-03-07,5335.0,5335.0,5335.0,5335.0,
2025-03-10,5315.0,5315.0,5315.0,5315.0,
2025-03-11,5392.0,5419.0,5392.0,5399.0,60.0
2025-03-12,5355.0,5355.0,5334.0,5339.0,50.0
2025-03-13,5348.0,5348.0,5348.0,5348.0,
2025-03-17,5446.0,5446.0,5446.0,5446.0,
2025-03-18,5484.0,5507.0,5463.0,5496.0,710.0
2025-03-19,5470.0,5477.0,5458.0,5464.0,2040.0
2025-03-20,5476.0,5490.0,5464.0,5479.0,1760.0
2025-03-21,5426.0,5426.0,5426.0,5426.0,
2025-03-24,5381.0,5381.0,5381.0,5381.0,
2025-03-25,5374.0,5374.0,5374.0,5374.0,
2025-03-26,5381.0,5381.0,5381.0,5381.0,
2025-03-27,5412.0,5412.0,5412.0,5412.0,
2025-03-28,5390.0,5390.0,5390.0,5390.0,
2025-04-01,5402.0,5402.0,5402.0,5402.0,
2025-04-02,5487.0,5487.0,5487.0,5487.0,10.0
2025-04-03,5411.0,5411.0,5411.0,5411.0,
2025-04-04,5321.0,5321.0,5321.0,5321.0,
2025-04-07,5298.0,5298.0,5298.0,5298.0,
2025-04-08,5313.0,5313.0,5313.0,5313.0,10.0
2025-04-09,5314.0,5370.0,5314.0,5354.0,640.0
2025-04-11,5309.0,5309.0,5309.0,5309.0,620.0
2025-04-15,5371.0,5390.0,5350.0,5360.0,1650.0
2025-04-16,5354.0,5373.0,5328.0,5352.0,2780.0
2025-04-17,5331.0,5331.0,5271.0,5304.0,3200.0
2025-04-21,5330.0,5330.0,5330.0,5330.0,
2025-04-22,5223.0,5223.0,5223.0,5223.0,
2025-04-23,5199.0,5199.0,5199.0,5199.0,
2025-04-24,5154.0,5154.0,5154.0,5154.0,
2025-04-25,5191.0,5191.0,5191.0,5191.0,
2025-04-28,5171.0,5171.0,5171.0,5171.0,
2025-04-29,5084.0,5084.0,5084.0,5084.0,
2025-04-30,5088.0,5088.0,5088.0,5088.0,
2025-05-02,5047.0,5047.0,5047.0,5047.0,
2025-05-05,5032.0,5032.0,5032.0,5032.0,
2025-05-06,4976.0,4976.0,4976.0,4976.0,
2025-05-07,5018.0,5018.0,5018.0,5018.0,
2025-05-08,5079.0,5079.0,5059.0,5069.0,10.0
2025-05-09,5054.0,5060.0,5054.0,5057.0,20.0
2025-05-12,5127.0,5127.0,5127.0,5127.0,
2025-05-13,5175.0,5175.0,5175.0,5175.0,10.0
2025-05-14,5153.0,5153.0,5153.0,5153.0,
2025-05-15,5238.0,5250.0,5198.0,5222.0,130.0
2025-05-16,5240.0,5275.0,5240.0,5264.0,1050.0
2025-05-19,5240.0,5248.0,5214.0,5246.0,1020.0
2025-05-20,5266.0,5304.0,5266.0,5288.0,830.0
2025-05-21,5245.0,5245.0,5245.0,5245.0,
2025-05-22,5258.0,5258.0,5258.0,5258.0,
2025-05-23,5276.0,5276.0,5276.0,5276.0,
2025-05-26,5193.0,5193.0,5193.0,5193.0,
2025-05-27,5204.0,5204.0,5204.0,5204.0,
2025-05-28,5217.0,5217.0,5217.0,5217.0,
2025-05-29,5189.0,5189.0,5189.0,5189.0,
2025-05-30,5184.0,5184.0,5184.0,5184.0,
2025-06-02,5177.0,5177.0,5177.0,5177.0,
2025-06-03,5188.0,5188.0,5188.0,5188.0,
2025-06-04,5202.0,5202.0,5202.0,5202.0,
2025-06-05,5209.0,5209.0,5209.0,5209.0,
2025-06-06,5280.0,5280.0,5269.0,5275.0,10.0
2025-06-09,5212.0,5212.0,5212.0,5212.0,
2025-06-10,5240.0,5240.0,5240.0,5240.0,10.0
2025-06-11,5160.0,5160.0,5160.0,5160.0,
2025-06-12,5166.0,5166.0,5166.0,5166.0,
2025-06-13,5214.0,5214.0,5181.0,5196.0,20.0
2025-06-16,5163.0,5172.0,5145.0,5156.0,40.0
2025-06-17,5169.0,5193.0,5161.0,5190.0,340.0
2025-06-18,5205.0,5216.0,5200.0,5208.0,620.0
2025-06-19,5200.0,5200.0,5174.0,5188.0,550.0
2025-06-20,5176.0,5190.0,5167.0,5188.0,1040.0
2025-06-23,5159.0,5159.0,5159.0,5159.0,
2025-06-24,5205.0,5205.0,5205.0,5205.0,
2025-06-25,5172.0,5172.0,5172.0,5172.0,
2025-06-26,5120.0,5120.0,5120.0,5120.0,
2025-06-27,5168.0,5168.0,5168.0,5168.0,
2025-06-30,5289.0,5289.0,5289.0,5289.0,
2025-07-01,5295.0,5295.0,5295.0,5295.0,
2025-07-02,5270.0,5270.0,5270.0,5270.0,
2025-07-03,5325.0,5325.0,5325.0,5325.0,
2025-07-04,5424.0,5424.0,5424.0,5424.0,30.0
2025-07-07,5339.0,5339.0,5339.0,5339.0,
2025-07-08,5306.0,5306.0,5306.0,5306.0,
2025-07-09,5341.0,5352.0,5330.0,5332.0,350.0
2025-07-10,5302.0,5302.0,5302.0,5302.0,
2025-07-11,5320.0,5320.0,5298.0,5307.0,30.0
2025-07-14,5296.0,5319.0,5296.0,5307.0,550.0
2025-07-15,5348.0,5428.0,5348.0,5417.0,400.0
2025-07-16,5403.0,5439.0,5402.0,5425.0,1120.0
2025-07-17,5399.0,5430.0,5375.0,5398.0,1580.0
2025-07-18,5380.0,5382.0,5340.0,5379.0,2960.0
2025-07-21,5299.0,5299.0,5299.0,5299.0,
2025-07-22,5290.0,5290.0,5290.0,5290.0,
2025-07-23,5326.0,5326.0,5326.0,5326.0,
2025-07-24,5409.0,5409.0,5409.0,5409.0,10.0
2025-07-25,5377.0,5377.0,5377.0,5377.0,
2025-07-28,5327.0,5327.0,5327.0,5327.0,
2025-07-29,5346.0,5346.0,5346.0,5346.0,
2025-07-30,5350.0,5350.0,5350.0,5350.0,
2025-07-31,5427.0,5427.0,5427.0,5427.0,
2025-08-01,5499.0,5499.0,5499.0,5499.0,10.0
2025-08-04,5462.0,5462.0,5462.0,5462.0,10.0
2025-08-05,5376.0,5376.0,5376.0,5376.0,
2025-08-06,5392.0,5400.0,5392.0,5396.0,70.0
2025-08-07,5395.0,5395.0,5395.0,5395.0,40.0
2025-08-08,5381.0,5381.0,5381.0,5381.0,120.0
2025-08-11,5337.0,5337.0,5332.0,5335.0,140.0
2025-08-12,5333.0,5333.0,5333.0,5333.0,20.0
2025-08-13,5302.0,5302.0,5302.0,5302.0,150.0
2025-08-14,5291.0,5296.0,5265.0,5268.0,340.0
2025-08-18,5317.0,5322.0,5278.0,5303.0,1110.0
2025-08-19,5304.0,5342.0,5262.0,5337.0,5050.0
2025-08-20,5340.0,5370.0,5338.0,5354.0,2680.0
2025-08-21,5379.0,5379.0,5379.0,5379.0,
2025-08-22,5375.0,5375.0,5375.0,5375.0,
2025-08-25,5375.0,5375.0,5375.0,5375.0,
2025-08-26,5382.0,5382.0,5382.0,5382.0,
2025-08-28,5339.0,5339.0,5339.0,5339.0,
2025-08-29,5297.0,5297.0,5297.0,5297.0,
2025-09-01,5208.0,5208.0,5208.0,5208.0,
2025-09-02,5203.0,5203.0,5203.0,5203.0,
2025-09-03,5196.0,5196.0,5196.0,5196.0,
2025-09-04,5195.0,5195.0,5195.0,5195.0,
2025-09-05,5148.0,5148.0,5148.0,5148.0,
2025-09-08,5124.0,5124.0,5124.0,5124.0,
2025-09-09,5106.0,5106.0,5068.0,5087.0,20.0
2025-09-10,5106.0,5120.0,5106.0,5116.0,120.0
2025-09-11,5145.0,5145.0,5145.0,5145.0,580.0
2025-09-12,5160.0,5160.0,5136.0,5149.0,740.0
2025-09-15,5160.0,5160.0,5131.0,5137.0,1060.0
2025-09-16,5145.0,5210.0,5145.0,5204.0,900.0
2025-09-17,5175.0,5190.0,5144.0,5151.0,1510.0
2025-09-18,5140.0,5140.0,5100.0,5114.0,620.0
2025-09-19,5100.0,5106.0,5072.0,5094.0,1590.0
2025-09-22,5054.0,5054.0,5054.0,5054.0,
2025-09-23,5058.0,5058.0,5058.0,5058.0,
2025-09-24,5078.0,5078.0,5078.0,5078.0,
2025-09-25,5064.0,5064.0,5064.0,5064.0,
2025-09-26,5041.0,5041.0,5041.0,5041.0,
2025-09-29,5004.0,5004.0,5004.0,5004.0,
2025-09-30,4883.0,4883.0,4883.0,4883.0,10.0
2025-10-01,4913.0,4913.0,4913.0,4913.0,
2025-10-03,4842.0,4842.0,4842.0,4842.0,
2025-10-06,4857.0,4857.0,4857.0,4857.0,20.0
2025-10-07,4897.0,4897.0,4857.0,4883.0,130.0
2025-10-08,4882.0,4966.0,4882.0,4917.0,190.0
2025-10-09,4910.0,4911.0,4908.0,4909.0,60.0
2025-10-10,4908.0,4908.0,4908.0,4908.0,10.0
2025-10-13,4907.0,5136.0,4907.0,5111.0,400.0
2025-10-14,5201.0,5201.0,5000.0,5026.0,300.0
2025-10-15,5025.0,5116.0,5023.0,5038.0,1130.0
2025-10-16,5070.0,5077.0,5039.0,5052.0,280.0
2025-10-17,5035.0,5035.0,5002.0,5006.0,860.0
2025-10-20,5005.0,5033.0,4994.0,5022.0,1780.0
2025-10-21,5016.0,5016.0,5016.0,5016.0,
2025-10-23,5042.0,5042.0,5042.0,5042.0,
2025-10-24,4970.0,4970.0,4970.0,4970.0,
2025-10-27,4966.0,4966.0,4966.0,4966.0,
2025-10-28,4966.0,4966.0,4966.0,4966.0,
2025-10-29,4900.0,4900.0,4900.0,4900.0,10.0
2025-10-30,4897.0,4905.0,4897.0,4902.0,30.0
2025-10-31,4925.0,4925.0,4925.0,4925.0,10.0
2025-11-03,4848.0,4848.0,4848.0,4848.0,10.0
2025-11-04,4927.0,4927.0,4927.0,4927.0,
2025-11-06,4871.0,4871.0,4871.0,4871.0,
2025-11-07,4879.0,4879.0,4848.0,4864.0,20.0
2025-11-10,4823.0,4823.0,4823.0,4823.0,10.0
2025-11-11,4809.0,4810.0,4750.0,4785.0,90.0
2025-11-12,4750.0,4812.0,4750.0,4789.0,220.0
2025-11-13,4801.0,4833.0,4765.0,4772.0,200.0
2025-11-14,4780.0,4812.0,4770.0,4783.0,410.0
2025-11-17,4796.0,4796.0,4754.0,4759.0,1550.0
2025-11-18,4743.0,4775.0,4736.0,4740.0,1890.0
2025-11-19,4740.0,4840.0,4710.0,4789.0,2990.0
2025-11-20,4795.0,4866.0,4770.0,4806.0,5230.0
2025-11-21,4856.0,4856.0,4856.0,4856.0,
2025-11-24,4857.0,4857.0,4857.0,4857.0,
2025-11-25,4771.0,4780.0,4771.0,4776.0,20.0
2025-11-26,4787.0,4787.0,4787.0,4787.0,
2025-11-27,4812.0,4812.0,4812.0,4812.0,10.0
2025-11-28,4834.0,4834.0,4834.0,4834.0,10.0
2025-12-01,4825.0,5027.0,4825.0,5020.0,260.0
2025-12-02,4991.0,5012.0,4950.0,4983.0,710.0
2025-12-03,5016.0,5016.0,4940.0,4963.0,140.0
2025-12-04,4920.0,4942.0,4879.0,4933.0,270.0
2025-12-05,4943.0,4943.0,4911.0,4924.0,240.0
2025-12-08,4920.0,4949.0,4912.0,4927.0,110.0
2025-12-09,4959.0,5063.0,4940.0,5045.0,310.0
2025-12-10,5043.0,5100.0,5006.0,5037.0,1540.0
2025-12-11,5050.0,5119.0,5047.0,5084.0,1900.0
2025-12-12,5100.0,5192.0,5100.0,5170.0,4630.0
2025-12-15,5247.0,5409.0,5240.0,5371.0,5710.0
2025-12-16,5370.0,5417.0,5350.0,5399.0,2470.0
2025-12-17,5371.0,5410.0,5345.0,5361.0,3440.0
2025-12-18,5362.0,5519.0,5353.0,5462.0,5370.0
2025-12-19,5463.0,5680.0,5463.0,5642.0,6230.0
2025-12-22,5803.0,5803.0,5803.0,5803.0,
2025-12-23,5720.0,5720.0,5720.0,5720.0,
2025-12-24,5774.0,5937.0,5737.0,5802.0,70.0
2025-12-26,6032.0,6150.0,5950.0,6097.0,380.0
2025-12-29,6099.0,6100.0,5860.0,5901.0,110.0
2025-12-30,5980.0,6136.0,5864.0,6127.0,440.0
2025-12-31,6191.0,6225.0,6191.0,6222.0,100.0
2026-01-01,6141.0,6200.0,6101.0,6164.0,50.0
2026-01-02,6210.0,6310.0,6210.0,6254.0,400.0
2026-01-05,6180.0,6180.0,6120.0,6170.0,60.0
2026-01-06,6150.0,6150.0,5800.0,5826.0,920.0
2026-01-07,5778.0,5873.0,5722.0,5843.0,510.0
2026-01-08,5842.0,5890.0,5571.0,5590.0,750.0
2026-01-09,5585.0,5813.0,5585.0,5799.0,1610.0
2026-01-12,5862.0,5900.0,5757.0,5796.0,1090.0
2026-01-13,5783.0,5800.0,5589.0,5623.0,900.0
2026-01-14,5626.0,5700.0,5610.0,5650.0,750.0
2026-01-16,5602.0,5830.0,5602.0,5761.0,760.0
2026-01-19,5764.0,5838.0,5737.0,5788.0,2830.0
2026-01-20,5795.0,5795.0,5661.0,5707.0,2940.0
2026-01-21,5842.0,5842.0,5842.0,5842.0,
2026-01-22,5855.0,5855.0,5855.0,5855.0,
2026-01-23,5831.0,5831.0,5831.0,5831.0,
2026-01-27,5818.0,5820.0,5818.0,5819.0,20.0
2026-01-28,5595.0,5595.0,5510.0,5573.0,50.0
2026-01-29,5522.0,5713.0,5522.0,5616.0,80.0
2026-01-30,5665.0,5665.0,5665.0,5665.0,10.0
2026-02-01,5461.0,5461.0,5461.0,5461.0,10.0
2026-02-02,5450.0,5679.0,5450.0,5614.0,20.0
2026-02-03,5680.0,5680.0,5680.0,5680.0,90.0
2026-02-04,5672.0,5672.0,5672.0,5672.0,10.0
2026-02-05,5696.0,5696.0,5696.0,5696.0,
2026-02-06,5621.0,5621.0,5621.0,5621.0,
2026-02-09,5633.0,5633.0,5555.0,5601.0,20.0
2026-02-10,5599.0,5605.0,5599.0,5602.0,90.0
2026-02-11,5591.0,5597.0,5512.0,5557.0,110.0
2026-02-12,5550.0,5550.0,5420.0,5520.0,220.0
2026-02-13,5518.0,5518.0,5459.0,5481.0,30.0
2026-02-16,5452.0,5465.0,5442.0,5455.0,750.0
2026-02-17,5455.0,5500.0,5440.0,5452.0,1200.0
2026-02-18,5470.0,5485.0,5400.0,5407.0,1350.0
2026-02-19,5410.0,5440.0,5360.0,5424.0,2490.0
2026-02-20,5435.0,5446.0,5409.0,5415.0,1850.0
2026-02-23,5718.0,5718.0,5718.0,5718.0,
2026-02-24,5718.0,5718.0,5718.0,5718.0,
2026-02-25,5718.0,5718.0,5718.0,5718.0,
2026-02-26,5718.0,5718.0,5718.0,5718.0,
2026-02-27,5718.0,5718.0,5718.0,5718.0,
2026-03-02,5718.0,5718.0,5718.0,5718.0,
2026-03-04,5718.0,5718.0,5718.0,5718.0,
2026-03-05,5718.0,5718.0,5718.0,5718.0,
2026-03-06,5718.0,5718.0,5718.0,5718.0,
2026-03-09,5639.0,5639.0,5639.0,5639.0,20.0
2026-03-10,5569.0,5569.0,5569.0,5569.0,
2026-03-11,5590.0,5590.0,5570.0,5584.0,20.0
2026-03-12,5568.0,5590.0,5560.0,5575.0,30.0
2026-03-13,5540.0,5540.0,5435.0,5461.0,200.0
2026-03-16,5540.0,5540.0,5488.0,5497.0,1870.0
2026-03-17,5484.0,5510.0,5474.0,5496.0,2770.0
2026-03-18,5455.0,5550.0,5455.0,5534.0,4330.0
2026-03-19,5515.0,5515.0,5442.0,5458.0,2310.0
2026-03-20,5507.0,5525.0,5496.0,5508.0,1060.0
2026-03-23,5617.0,5617.0,5617.0,5617.0,
2026-03-24,5583.0,5583.0,5583.0,5583.0,
2026-03-25,5656.0,5656.0,5656.0,5656.0,
2026-03-27,5640.0,5640.0,5640.0,5640.0,
2026-03-30,5830.0,5830.0,5830.0,5830.0,
2026-04-01,5851.0,5851.0,5851.0,5851.0,400.0
2026-04-02,5886.0,5886.0,5886.0,5886.0,80.0
2026-04-06,5850.0,5850.0,5850.0,5850.0,110.0
2026-04-07,5786.0,5870.0,5753.0,5787.0,70.0
2026-04-08,5870.0,5870.0,5870.0,5870.0,490.0
2026-04-09,5855.0,5855.0,5761.0,5781.0,570.0
2026-04-10,5760.0,5795.0,5715.0,5753.0,520.0
2026-04-13,5731.0,5790.0,5715.0,5784.0,990.0
2026-04-15,5828.0,5830.0,5751.0,5772.0,4880.0
2026-04-16,5753.0,5827.0,5724.0,5784.0,4680.0
2026-04-17,5830.0,5975.0,5821.0,5957.0,6480.0
2026-04-20,5920.0,5965.0,5897.0,5910.0,2550.0
2026-04-21,5969.0,6021.0,5965.0,5994.0,20.0
2026-04-22,5870.0,5870.0,5870.0,5870.0,10.0
2026-04-23,5772.0,5772.0,5772.0,5772.0,
2026-04-24,5856.0,5860.0,5856.0,5860.0,120.0
2026-04-27,5714.0,5714.0,5633.0,5677.0,30.0
2026-04-28,5765.0,5765.0,5750.0,5758.0,60.0
2026-04-29,5722.0,5935.0,5700.0,5838.0,70.0
2026-04-30,5945.0,5945.0,5880.0,5913.0,160.0
