date,open,high,low,close,volume
2017-01-02,17890.0,18210.0,17885.0,18185.0,2720.0
2017-01-03,18235.0,18315.0,18105.0,18205.0,2660.0
2017-01-04,18130.0,18165.0,17965.0,18025.0,1600.0
2017-01-05,17925.0,18160.0,17925.0,18075.0,1160.0
2017-01-06,18100.0,18400.0,17930.0,18335.0,3030.0
2017-01-09,18255.0,18545.0,18240.0,18500.0,2140.0
2017-01-10,18550.0,18745.0,18135.0,18345.0,1750.0
2017-01-11,18380.0,18450.0,18230.0,18420.0,770.0
2017-01-12,18420.0,18540.0,18420.0,18495.0,170.0
2017-01-13,18615.0,18630.0,18550.0,18610.0,340.0
2017-01-16,18650.0,18840.0,18645.0,18815.0,360.0
2017-01-17,18800.0,18950.0,18620.0,18900.0,330.0
2017-01-19,19190.0,19190.0,18750.0,18855.0,280.0
2017-01-20,18800.0,19230.0,18800.0,19230.0,250.0
2017-01-23,18045.0,18190.0,17835.0,18165.0,4030.0000000000005
2017-01-24,18145.0,18165.0,17855.0,17925.0,3540.0
2017-01-25,17850.0,18365.0,17755.0,18300.0,4850.0
2017-01-27,18300.0,18455.0,17640.0,17900.0,6210.0
2017-01-30,17650.0,17710.0,17485.0,17630.0,3640.0
2017-01-31,17570.0,17940.0,17570.0,17900.0,2760.0
2017-02-01,17860.0,18145.0,17810.0,17955.0,3070.0
2017-02-02,17905.0,18035.0,17700.0,17895.0,4760.0
2017-02-03,17825.0,17860.0,17650.0,17775.0,2270.0
2017-02-06,17700.0,17700.0,17265.0,17300.0,3730.0
2017-02-07,17260.0,17360.0,17160.0,17290.0,3500.0
2017-02-08,17320.0,17460.0,17230.0,17370.0,2450.0
2017-02-09,17380.0,17390.0,17200.0,17265.0,2340.0
2017-02-10,17250.0,17280.0,17010.0,17095.0,3760.0
2017-02-13,17045.0,17045.0,16810.0,16860.0,3050.0
2017-02-14,16815.0,17020.0,16770.0,16925.0,2510.0
2017-02-15,16900.0,17190.0,16900.0,17040.0,3090.0
2017-02-16,17095.0,17150.0,16915.0,16950.0,2500.0
2017-02-17,16980.0,17195.0,16950.0,17130.0,2830.0
2017-02-20,17055.0,17070.0,16810.0,16860.0,2810.0
2017-02-21,16885.0,17195.0,16775.0,17195.0,3160.0
2017-02-22,17430.0,17535.0,17220.0,17390.0,4860.0
2017-02-23,17350.0,17470.0,17225.0,17400.0,3340.0
2017-02-24,17400.0,17400.0,17400.0,17400.0,
2017-02-27,17260.0,17260.0,16705.0,16705.0,4990.0
2017-02-28,16660.0,16950.0,16555.0,16895.0,5160.0
2017-03-01,16800.0,17070.0,16785.0,16895.0,3040.0
2017-03-02,16900.0,17190.0,16790.0,17075.0,3200.0
2017-03-03,17000.0,17055.0,16765.0,16830.0,2940.0
2017-03-06,16705.0,16940.0,16590.0,16795.0,1670.0
2017-03-07,16815.0,17130.0,16705.0,17035.0,2250.0
2017-03-08,17000.0,17050.0,16825.0,16875.0,1790.0
2017-03-09,16975.0,17295.0,16915.0,17155.0,1720.0
2017-03-10,17245.0,17290.0,16970.0,17070.0,1650.0
2017-03-14,17100.0,17100.0,16660.0,16690.0,450.0
2017-03-15,16770.0,16915.0,16720.0,16825.0,180.0
2017-03-16,16950.0,17040.0,16870.0,16895.0,230.0
2017-03-17,16750.0,16915.0,16695.0,16735.0,240.0
2017-03-20,17050.0,17400.0,17050.0,17195.0,180.0
2017-03-21,17200.0,17300.0,16920.0,16965.0,7180.0
2017-03-22,16925.0,17280.0,16855.0,17220.0,7600.0
2017-03-23,17235.0,17905.0,17160.0,17905.0,14990.0
2017-03-24,18010.0,18515.0,17820.0,17935.0,19600.0
2017-03-27,18000.0,18290.0,17775.0,17845.0,8830.0
2017-03-28,17815.0,18500.0,17815.0,18345.0,8820.0
2017-03-29,18340.0,18455.0,18170.0,18255.0,7620.0
2017-03-30,18210.0,18400.0,17905.0,17985.0,6750.0
2017-03-31,18020.0,18200.0,17790.0,17900.0,6450.0
2017-04-03,18120.0,18615.0,18120.0,18615.0,6270.0
2017-04-04,18615.0,18615.0,18615.0,18615.0,
2017-04-05,18985.0,19090.0,18480.0,18640.0,9200.0
2017-04-06,18430.0,19300.0,18430.0,19175.0,5740.0
2017-04-07,19300.0,19450.0,18635.0,18945.0,5660.0
2017-04-10,18850.0,19140.0,18770.0,19025.0,4310.0
2017-04-11,19250.0,19600.0,19200.0,19340.0,2660.0
2017-04-12,19335.0,19335.0,18955.0,19205.0,510.0
2017-04-13,19000.0,19000.0,18850.0,18905.0,90.0
2017-04-17,19280.0,19280.0,19280.0,19280.0,110.0
2017-04-18,19300.0,19300.0,19070.0,19235.0,180.0
2017-04-19,19385.0,19560.0,19385.0,19490.0,60.0
2017-04-20,19490.0,19490.0,19490.0,19490.0,30.0
2017-04-21,19380.0,19410.0,19010.0,19100.0,9440.0
2017-04-24,19050.0,19260.0,18720.0,18915.0,9010.0
2017-04-25,18900.0,19470.0,18850.0,19400.0,10980.0
2017-04-26,19325.0,19500.0,19155.0,19230.0,8760.0
2017-04-27,19290.0,19290.0,19025.0,19110.0,5840.0
2017-04-28,19150.0,19490.0,19040.0,19490.0,10080.0
2017-05-02,19600.0,19700.0,18795.0,18905.0,8910.0
2017-05-03,18780.0,18830.0,18180.0,18260.0,9830.0
2017-05-04,18200.0,18395.0,18010.0,18290.0,6210.0
2017-05-05,18210.0,18450.0,17700.0,18275.0,6770.0
2017-05-08,18390.0,18465.0,18050.0,18175.0,3150.0
2017-05-09,18170.0,18500.0,17995.0,18380.0,3630.0
2017-05-10,18275.0,18340.0,18100.0,18190.0,2730.0
2017-05-11,18230.0,18535.0,18230.0,18395.0,1090.0
2017-05-12,18490.0,18525.0,18365.0,18465.0,350.0
2017-05-15,18110.0,18130.0,17900.0,18050.0,130.0
2017-05-16,17800.0,17980.0,17800.0,17870.0,220.0
2017-05-17,18100.0,18100.0,17900.0,17935.0,140.0
2017-05-18,17900.0,18000.0,17850.0,17920.0,50.0
2017-05-19,18200.0,18275.0,18015.0,18275.0,20.0
2017-05-22,18130.0,18240.0,18050.0,18110.0,4100.0
2017-05-23,18060.0,18140.0,17840.0,18055.0,6260.0
2017-05-24,18000.0,18040.0,17540.0,17595.0,8430.0
2017-05-25,17690.0,17845.0,17470.0,17670.0,7430.0
2017-05-26,17625.0,17960.0,17500.0,17880.0,7280.0
2017-05-29,17925.0,17925.0,17345.0,17475.0,7160.0
2017-05-30,17550.0,17735.0,17320.0,17600.0,7550.0
2017-05-31,17600.0,17700.0,17290.0,17630.0,6980.0
2017-06-01,17680.0,17830.0,17640.0,17710.0,3140.0
2017-06-02,17680.0,17815.0,17545.0,17690.0,4040.0
2017-06-05,17700.0,18395.0,17675.0,18375.0,4810.0
2017-06-06,18350.0,18725.0,18310.0,18410.0,3860.0
2017-06-07,18315.0,18425.0,18115.0,18195.0,1660.0
2017-06-08,18245.0,18555.0,18245.0,18510.0,1530.0
2017-06-09,18540.0,18570.0,18290.0,18350.0,1970.0
2017-06-12,18390.0,18510.0,18105.0,18185.0,2410.0
2017-06-13,18305.0,18335.0,18185.0,18250.0,190.0
2017-06-14,18325.0,18615.0,18325.0,18575.0,220.0
2017-06-15,18550.0,18945.0,18515.0,18690.0,280.0
2017-06-16,18610.0,18615.0,18610.0,18615.0,60.0
2017-06-19,18985.0,19350.0,18950.0,19070.0,40.0
2017-06-20,19020.0,19020.0,18690.0,18840.0,20.0
2017-06-21,18700.0,18740.0,18410.0,18460.0,5030.0
2017-06-22,18450.0,18465.0,18225.0,18335.0,5320.0
2017-06-23,18350.0,18635.0,18350.0,18590.0,4690.0
2017-06-27,18500.0,18960.0,18480.0,18935.0,6660.0
2017-06-28,18830.0,19275.0,18830.0,19015.0,7540.0
2017-06-29,18990.0,19070.0,18755.0,18855.0,5460.0
2017-06-30,18760.0,19125.0,18760.0,18910.0,5300.0
2017-07-03,18910.0,19035.0,18735.0,18785.0,3510.0
2017-07-04,18760.0,18870.0,18225.0,18290.0,5390.0
2017-07-05,18245.0,18460.0,18245.0,18355.0,3420.0
2017-07-06,18395.0,18650.0,18145.0,18545.0,2640.0
2017-07-07,18570.0,18625.0,18430.0,18550.0,1910.0
2017-07-10,18650.0,18820.0,18600.0,18680.0,2850.0
2017-07-11,18715.0,18715.0,18425.0,18580.0,1990.0
2017-07-12,18700.0,19260.0,18700.0,19185.0,670.0
2017-07-13,19565.0,19950.0,19565.0,19890.0,330.0
2017-07-14,20100.0,20260.0,19950.0,20210.0,300.0
2017-07-17,20075.0,20300.0,19900.0,20040.0,500.0
2017-07-18,19950.0,19960.0,19760.0,19815.0,320.0
2017-07-19,19825.0,19910.0,19800.0,19860.0,130.0
2017-07-20,19800.0,19800.0,19600.0,19675.0,360.0
2017-07-21,19650.0,19940.0,19455.0,19590.0,8150.0
2017-07-24,19450.0,19450.0,19050.0,19250.0,7300.0
2017-07-25,19200.0,19390.0,19100.0,19180.0,4490.0
2017-07-26,19200.0,19550.0,19130.0,19480.0,6850.0
2017-07-27,19470.0,19660.0,19095.0,19095.0,8260.0
2017-07-28,19050.0,19285.0,19000.0,19190.0,7450.0
2017-07-31,19250.0,19460.0,19250.0,19340.0,6870.0
2017-08-01,19300.0,19335.0,19100.0,19135.0,3600.0
2017-08-02,19100.0,19140.0,18760.0,18920.0,4720.0
2017-08-03,18895.0,19115.0,18880.0,19030.0,2910.0
2017-08-04,19100.0,19490.0,19065.0,19410.0,5150.0
2017-08-07,19490.0,19490.0,19165.0,19210.0,1950.0
2017-08-08,19100.0,19320.0,19025.0,19180.0,2420.0
2017-08-09,19160.0,19165.0,18955.0,19015.0,2620.0
2017-08-10,19005.0,19185.0,18785.0,18855.0,2630.0
2017-08-11,18800.0,19230.0,18770.0,19185.0,2820.0
2017-08-14,19265.0,19285.0,19005.0,19140.0,320.0
2017-08-16,19000.0,19520.0,19000.0,19305.0,110.0
2017-08-17,19365.0,19400.0,19150.0,19310.0,50.0
2017-08-18,19250.0,19250.0,19120.0,19180.0,20.0
2017-08-21,19750.0,19945.0,19655.0,19850.0,6410.0
2017-08-22,19885.0,19985.0,19550.0,19660.0,6550.0
2017-08-23,19655.0,19800.0,19510.0,19770.0,4670.0
2017-08-24,19800.0,20250.0,19800.0,20105.0,11100.0
2017-08-28,20125.0,20125.0,19460.0,19595.0,8600.0
2017-08-29,19690.0,19735.0,19475.0,19620.0,8730.0
2017-08-30,19700.0,19800.0,19640.0,19695.0,3940.0
2017-08-31,19740.0,19980.0,19725.0,19870.0,7310.0
2017-09-01,19900.0,19940.0,19550.0,19640.0,8170.0
2017-09-04,19690.0,19825.0,19660.0,19695.0,1340.0
2017-09-05,19530.0,19800.0,19530.0,19755.0,2410.0
2017-09-06,19755.0,19840.0,19685.0,19745.0,1650.0
2017-09-07,19760.0,19760.0,19630.0,19655.0,1970.0
2017-09-08,19600.0,19770.0,19535.0,19715.0,3260.0
2017-09-11,19730.0,20000.0,19705.0,19870.0,2560.0
2017-09-12,19800.0,19895.0,19620.0,19690.0,1100.0
2017-09-13,19700.0,19790.0,19655.0,19710.0,420.0
2017-09-14,19800.0,19850.0,19750.0,19845.0,1640.0
2017-09-15,19730.0,19850.0,19700.0,19715.0,1570.0
2017-09-18,19705.0,19750.0,19465.0,19560.0,930.0
2017-09-19,19590.0,19850.0,19580.0,19675.0,920.0
2017-09-20,19740.0,19740.0,19550.0,19630.0,3640.0
2017-09-21,19700.0,19800.0,19490.0,19655.0,1980.0
2017-09-22,19580.0,19770.0,19565.0,19625.0,3540.0
2017-09-25,19540.0,19625.0,18900.0,19085.0,7330.0
2017-09-26,18930.0,19195.0,18930.0,19155.0,3600.0
2017-09-27,19125.0,19150.0,18830.0,18910.0,3550.0
2017-09-28,19050.0,19080.0,18825.0,19020.0,5150.0
2017-09-29,18900.0,19280.0,18900.0,19180.0,2250.0
2017-10-03,19215.0,19460.0,19150.0,19270.0,3270.0
2017-10-04,19320.0,19340.0,19080.0,19120.0,2029.9999999999998
2017-10-05,19100.0,19155.0,18980.0,19110.0,920.0
2017-10-06,19075.0,19150.0,18980.0,19035.0,350.0
2017-10-09,18950.0,18960.0,18480.0,18765.0,2580.0
2017-10-10,18700.0,19055.0,18700.0,19040.0,2029.9999999999998
2017-10-11,19030.0,19200.0,18970.0,19150.0,1210.0
2017-10-12,19270.0,19360.0,19250.0,19340.0,1410.0
2017-10-13,19360.0,19400.0,19140.0,19320.0,1520.0
2017-10-16,18935.0,19015.0,18735.0,18825.0,1880.0
2017-10-17,18825.0,18950.0,18825.0,18910.0,1980.0
2017-10-18,18870.0,18950.0,18835.0,18925.0,1130.0
2017-10-19,18970.0,19060.0,18915.0,18945.0,1180.0
2017-10-23,18910.0,19070.0,18775.0,18835.0,2550.0
2017-10-24,18880.0,18950.0,18680.0,18875.0,3800.0
2017-10-25,18875.0,19250.0,18840.0,19200.0,5800.0
2017-10-26,19255.0,19335.0,19190.0,19250.0,3780.0
2017-10-27,19200.0,19240.0,18775.0,18915.0,3930.0
2017-10-30,18980.0,18980.0,18415.0,18590.0,4190.0
2017-10-31,18585.0,18645.0,18430.0,18560.0,2310.0
2017-11-01,18530.0,18740.0,18470.0,18690.0,3560.0
2017-11-02,18740.0,18745.0,18595.0,18710.0,1620.0
2017-11-03,18500.0,18895.0,18500.0,18835.0,2140.0
2017-11-06,18800.0,18820.0,18680.0,18710.0,1090.0
2017-11-07,18615.0,18700.0,18550.0,18630.0,1280.0
2017-11-08,18595.0,18705.0,18595.0,18670.0,950.0
2017-11-09,18650.0,18690.0,18485.0,18520.0,1260.0
2017-11-10,18530.0,18545.0,18325.0,18365.0,1990.0
2017-11-13,18350.0,18730.0,18350.0,18675.0,750.0
2017-11-14,19045.0,19225.0,19045.0,19135.0,140.0
2017-11-15,19280.0,19280.0,19045.0,19105.0,40.0
2017-11-16,19110.0,19170.0,19110.0,19150.0,50.0
2017-11-17,19285.0,19500.0,19285.0,19390.0,180.0
2017-11-20,19500.0,19500.0,19400.0,19450.0,30.0
2017-11-21,20250.0,20400.0,20020.0,20225.0,3910.0
2017-11-22,20250.0,20380.0,20160.0,20335.0,2040.0
2017-11-23,20380.0,21145.0,20335.0,21145.0,5510.0
2017-11-24,21260.0,21990.0,21260.0,21525.0,7460.0
2017-11-27,21450.0,21785.0,21310.0,21715.0,3510.0
2017-11-28,21700.0,22145.0,21695.0,21915.0,4200.0
2017-11-29,21850.0,22040.0,21520.0,21790.0,2830.0
2017-11-30,21760.0,21940.0,21600.0,21780.0,2880.0
2017-12-01,21525.0,21660.0,21360.0,21395.0,2090.0
2017-12-04,21700.0,22070.0,21570.0,21925.0,2740.0
2017-12-05,22200.0,22360.0,21545.0,21755.0,4250.0
2017-12-06,21660.0,21940.0,21460.0,21585.0,2450.0
2017-12-07,21600.0,21680.0,21430.0,21585.0,2840.0
2017-12-08,21580.0,21650.0,21300.0,21530.0,2450.0
2017-12-11,21550.0,21730.0,21150.0,21300.0,1400.0
2017-12-12,21350.0,22040.0,21350.0,21760.0,1250.0
2017-12-13,21705.0,21910.0,21700.0,21890.0,1490.0
2017-12-14,21780.0,21780.0,21200.0,21400.0,1280.0
2017-12-15,21245.0,21450.0,21245.0,21415.0,790.0
2017-12-18,21280.0,21550.0,21260.0,21540.0,490.0
2017-12-19,21675.0,21740.0,21140.0,21270.0,780.0
2017-12-20,21500.0,21600.0,21410.0,21515.0,420.0
2017-12-21,21635.0,21800.0,21420.0,21555.0,2700.0
2017-12-22,21555.0,21565.0,21220.0,21315.0,2840.0
2017-12-26,21305.0,21700.0,21000.0,21125.0,4370.0
2017-12-27,21265.0,21280.0,20900.0,21185.0,2730.0
2017-12-28,21320.0,21770.0,21125.0,21675.0,4100.0
2017-12-29,21650.0,21900.0,21535.0,21650.0,1920.0
2018-01-01,21695.0,21760.0,21520.0,21575.0,1280.0
2018-01-02,21600.0,21665.0,21455.0,21495.0,1210.0
2018-01-03,21450.0,21525.0,21330.0,21360.0,2180.0
2018-01-04,21400.0,21555.0,21030.0,21150.0,2500.0
2018-01-05,21100.0,21240.0,20920.0,21015.0,2760.0
2018-01-08,20900.0,21080.0,20790.0,21015.0,2840.0
2018-01-09,21095.0,21285.0,20970.0,21215.0,1940.0
2018-01-10,21320.0,21540.0,20970.0,21070.0,4590.0
2018-01-11,21175.0,21175.0,20930.0,21035.0,2390.0
2018-01-12,21145.0,21455.0,21075.0,21455.0,1010.0
2018-01-15,21600.0,21700.0,21340.0,21560.0,970.0
2018-01-16,21590.0,21600.0,20870.0,21185.0,1650.0
2018-01-17,21100.0,21250.0,20975.0,21055.0,1340.0
2018-01-18,21045.0,21050.0,20825.0,20870.0,1750.0
2018-01-19,20800.0,21025.0,20800.0,21000.0,2660.0
2018-01-22,16600.0,16655.0,16500.0,16545.0,750.0
2018-01-23,16530.0,16600.0,16410.0,16440.0,1340.0
2018-01-24,16480.0,16520.0,16400.0,16475.0,1140.0
2018-01-25,16495.0,16555.0,16335.0,16430.0,1130.0
2018-01-29,16410.0,16555.0,16400.0,16490.0,1800.0
2018-01-30,16505.0,16605.0,16260.0,16335.0,1530.0
2018-01-31,16400.0,16660.0,16370.0,16530.0,3810.0
2018-02-01,16425.0,16660.0,16400.0,16560.0,1460.0
2018-02-02,16620.0,16730.0,16540.0,16590.0,1540.0
2018-02-05,16640.0,16865.0,16630.0,16720.0,1370.0
2018-02-06,16750.0,16860.0,16670.0,16775.0,1850.0
2018-02-07,16740.0,16980.0,16700.0,16730.0,1380.0
2018-02-08,16700.0,16700.0,16345.0,16380.0,2390.0
2018-02-09,16355.0,16540.0,16300.0,16420.0,1010.0
2018-02-12,16595.0,16595.0,16095.0,16095.0,2210.0
2018-02-14,15970.0,16050.0,15810.0,15895.0,1690.0
2018-02-15,15875.0,16015.0,15800.0,15845.0,760.0
2018-02-16,15870.0,15910.0,15745.0,15850.0,940.0
2018-02-19,15770.0,15840.0,15445.0,15525.0,1250.0
2018-02-20,15585.0,15585.0,15190.0,15360.0,2720.0
2018-02-21,15390.0,15780.0,15325.0,15635.0,2250.0
2018-02-22,15585.0,15745.0,15375.0,15460.0,2590.0
2018-02-23,15460.0,15510.0,15265.0,15300.0,1910.0
2018-02-26,15000.0,15150.0,14780.0,14945.0,3310.0
2018-02-27,15025.0,15240.0,14780.0,14855.0,2880.0
2018-02-28,14930.0,15010.0,14825.0,14895.0,1710.0
2018-03-01,14945.0,15005.0,14360.0,14425.0,2220.0
2018-03-05,14475.0,14525.0,14140.0,14140.0,2540.0
2018-03-06,14150.0,14540.0,14150.0,14420.0,2400.0
2018-03-07,14620.0,14620.0,14185.0,14230.0,1750.0
2018-03-08,14285.0,14475.0,14240.0,14440.0,2020.0
2018-03-09,14350.0,14775.0,14350.0,14590.0,3780.0
2018-03-12,14450.0,14505.0,14010.0,14155.0,3180.0
2018-03-13,14110.0,14295.0,14080.0,14250.0,300.0
2018-03-14,14115.0,14310.0,14115.0,14285.0,800.0
2018-03-15,14315.0,14400.0,14240.0,14375.0,750.0
2018-03-16,14500.0,14500.0,14350.0,14395.0,90.0
2018-03-19,14175.0,14180.0,14030.0,14095.0,140.0
2018-03-20,14100.0,14230.0,14100.0,14205.0,300.0
2018-03-21,14365.0,14590.0,14260.0,14410.0,1550.0
2018-03-22,14510.0,14925.0,14495.0,14840.0,3710.0
2018-03-23,14790.0,14880.0,14675.0,14820.0,2220.0
2018-03-26,14865.0,14880.0,14425.0,14605.0,2330.0
2018-03-27,14570.0,14665.0,14470.0,14515.0,1800.0
2018-03-28,14490.0,14610.0,14370.0,14520.0,2440.0
2018-04-02,14595.0,14700.0,14480.0,14540.0,1380.0
2018-04-03,14650.0,14745.0,14485.0,14535.0,2370.0
2018-04-04,14550.0,14650.0,14520.0,14615.0,1570.0
2018-04-05,14645.0,15195.0,14600.0,15120.0,3210.0
2018-04-06,15055.0,15290.0,14900.0,14940.0,2280.0
2018-04-09,14880.0,14950.0,14780.0,14825.0,2670.0
2018-04-10,14810.0,15180.0,14775.0,14965.0,2870.0
2018-04-11,14910.0,15065.0,14855.0,14980.0,1300.0
2018-04-12,15150.0,15150.0,14960.0,15045.0,120.0
2018-04-13,15070.0,15070.0,15030.0,15050.0,90.0
2018-04-16,15350.0,15350.0,15300.0,15315.0,30.0
2018-04-17,15355.0,15430.0,15300.0,15335.0,270.0
2018-04-18,15600.0,15600.0,15460.0,15500.0,120.0
2018-04-19,15550.0,15810.0,15550.0,15730.0,120.0
2018-04-20,15650.0,15700.0,15600.0,15610.0,80.0
2018-04-23,16050.0,16050.0,15855.0,15895.0,1460.0
2018-04-24,15950.0,16025.0,15555.0,15740.0,2950.0
2018-04-25,15700.0,15940.0,15625.0,15805.0,1520.0
2018-04-26,15840.0,15975.0,15810.0,15940.0,1430.0
2018-04-27,15990.0,16080.0,15625.0,15670.0,2820.0
2018-04-30,15525.0,15980.0,15525.0,15745.0,1620.0
2018-05-02,15805.0,15970.0,15715.0,15830.0,1820.0
2018-05-03,15780.0,15880.0,15650.0,15730.0,1490.0
2018-05-04,15730.0,15755.0,15550.0,15645.0,2850.0
2018-05-07,15685.0,15850.0,15570.0,15710.0,2190.0
2018-05-08,15700.0,15790.0,15620.0,15660.0,1040.0
2018-05-09,15705.0,16045.0,15675.0,15985.0,1210.0
2018-05-10,16095.0,16420.0,16060.0,16300.0,1800.0
2018-05-11,16340.0,16350.0,16125.0,16250.0,1020.0
2018-05-14,16400.0,16450.0,16370.0,16400.0,230.0
2018-05-15,16400.0,16400.0,16300.0,16390.0,110.0
2018-05-16,16300.0,16395.0,16275.0,16300.0,230.0
2018-05-17,16300.0,16425.0,16300.0,16350.0,220.0
2018-05-18,16325.0,16335.0,15715.0,15935.0,1030.0
2018-05-21,15700.0,15870.0,15675.0,15710.0,1960.0
2018-05-22,15705.0,15805.0,15510.0,15775.0,3660.0
2018-05-23,15650.0,15925.0,15620.0,15880.0,2170.0
2018-05-24,15950.0,16160.0,15850.0,16045.0,3160.0
2018-05-25,15970.0,16140.0,15930.0,16105.0,1580.0
2018-05-28,16080.0,16415.0,15980.0,16380.0,2400.0
2018-05-29,16385.0,16450.0,16250.0,16355.0,1790.0
2018-05-30,16405.0,16430.0,16260.0,16335.0,1260.0
2018-05-31,16275.0,16300.0,16055.0,16200.0,1040.0
2018-06-01,16150.0,16400.0,16125.0,16160.0,1320.0
2018-06-04,16290.0,16290.0,15840.0,15965.0,1950.0
2018-06-05,16115.0,16180.0,15890.0,16060.0,1130.0
2018-06-06,16050.0,16185.0,16050.0,16110.0,920.0
2018-06-07,16135.0,16205.0,16045.0,16095.0,880.0
2018-06-08,16200.0,16225.0,15935.0,16005.0,2930.0
2018-06-11,15870.0,16125.0,15870.0,15940.0,2350.0
2018-06-12,16010.0,16245.0,16010.0,16185.0,690.0
2018-06-13,16295.0,16380.0,16295.0,16370.0,90.0
2018-06-14,16425.0,16520.0,16355.0,16490.0,110.0
2018-06-15,16480.0,16480.0,16365.0,16425.0,80.0
2018-06-18,16395.0,16525.0,16105.0,16425.0,80.0
2018-06-19,16400.0,16500.0,16385.0,16430.0,80.0
2018-06-20,16680.0,16805.0,16680.0,16730.0,20.0
2018-06-21,16810.0,17100.0,16730.0,17000.0,3400.0
2018-06-22,16975.0,17155.0,16875.0,16915.0,3560.0
2018-06-25,17115.0,17350.0,16865.0,17315.0,3690.0
2018-06-26,17360.0,17575.0,17290.0,17445.0,3410.0
2018-06-27,17350.0,17750.0,17280.0,17720.0,4230.0
2018-06-28,17805.0,18205.0,17805.0,18010.0,3870.0
2018-06-29,18040.0,18615.0,17920.0,18500.0,5280.0
2018-07-02,18400.0,18865.0,18260.0,18640.0,4170.0
2018-07-03,18595.0,18595.0,18105.0,18370.0,3110.0
2018-07-04,18440.0,18725.0,18310.0,18610.0,1460.0
2018-07-05,18555.0,19025.0,18505.0,18885.0,2029.9999999999998
2018-07-06,18875.0,19070.0,18520.0,18560.0,1600.0
2018-07-09,18545.0,18780.0,18365.0,18595.0,1520.0
2018-07-10,18600.0,18600.0,18250.0,18320.0,2080.0
2018-07-11,18285.0,18465.0,18135.0,18350.0,1060.0
2018-07-12,18500.0,18690.0,18400.0,18420.0,220.0
2018-07-13,18475.0,18500.0,18325.0,18440.0,70.0
2018-07-16,18500.0,18800.0,18500.0,18645.0,170.0
2018-07-17,18355.0,18355.0,18355.0,18355.0,20.0
2018-07-18,18680.0,18710.0,18650.0,18700.0,100.0
2018-07-19,18600.0,18710.0,18480.0,18605.0,40.0
2018-07-20,18695.0,18695.0,18690.0,18695.0,20.0
2018-07-23,18850.0,19580.0,18730.0,19580.0,5990.0
2018-07-24,19530.0,19930.0,19370.0,19735.0,5030.0
2018-07-25,19720.0,19815.0,19405.0,19520.0,3950.0
2018-07-26,19595.0,19695.0,19525.0,19600.0,2009.9999999999998
2018-07-27,19690.0,19915.0,19650.0,19810.0,2830.0
2018-07-30,19750.0,20480.0,19565.0,20275.0,5510.0
2018-07-31,20400.0,20580.0,20120.0,20195.0,5010.0
2018-08-01,20080.0,20240.0,19920.0,20070.0,4530.0
2018-08-02,20030.0,20470.0,20000.0,20470.0,5130.0
2018-08-03,20555.0,20605.0,20265.0,20355.0,3650.0
2018-08-06,20325.0,20380.0,19725.0,19860.0,3030.0
2018-08-07,19750.0,20000.0,19570.0,19635.0,2480.0
2018-08-08,19670.0,19830.0,19620.0,19715.0,1630.0
2018-08-09,19875.0,19895.0,19500.0,19715.0,2070.0
2018-08-10,19800.0,19805.0,19300.0,19340.0,2860.0
2018-08-13,19360.0,19550.0,19125.0,19165.0,930.0
2018-08-14,19120.0,19300.0,19040.0,19160.0,140.0
2018-08-16,19400.0,19400.0,19080.0,19240.0,60.0
2018-08-17,19300.0,19495.0,19300.0,19375.0,100.0
2018-08-20,19580.0,20040.0,19525.0,19710.0,170.0
2018-08-21,20400.0,20500.0,20250.0,20370.0,3280.0
2018-08-23,20280.0,20450.0,19600.0,19635.0,5880.0
2018-08-24,19730.0,19765.0,19065.0,19330.0,6510.0
2018-08-27,19290.0,19500.0,18880.0,18975.0,3580.0
2018-08-28,19090.0,19325.0,19040.0,19165.0,2710.0
2018-08-29,19105.0,19350.0,18970.0,19295.0,3720.0
2018-08-30,19400.0,19440.0,19200.0,19340.0,2500.0
2018-08-31,19355.0,19375.0,19100.0,19220.0,2300.0
2018-09-03,19180.0,19480.0,19045.0,19345.0,2100.0
2018-09-04,19425.0,19435.0,19240.0,19315.0,1950.0
2018-09-05,19330.0,19355.0,19100.0,19170.0,1820.0
2018-09-06,19110.0,19200.0,18960.0,19015.0,1620.0
2018-09-07,19020.0,19120.0,18895.0,18960.0,2390.0
2018-09-10,18915.0,19150.0,18900.0,19010.0,3240.0
2018-09-11,18940.0,19330.0,18910.0,19225.0,1230.0
2018-09-12,19355.0,19605.0,19355.0,19605.0,170.0
2018-09-14,19860.0,19860.0,19600.0,19650.0,80.0
2018-09-17,20005.0,20005.0,19240.0,19285.0,170.0
2018-09-18,19330.0,19605.0,19330.0,19490.0,110.0
2018-09-19,19350.0,19450.0,19350.0,19390.0,20.0
2018-09-21,19560.0,19600.0,19350.0,19410.0,1970.0
2018-09-24,19410.0,19490.0,18900.0,18965.0,4170.0
2018-09-25,19010.0,19190.0,18725.0,19005.0,3340.0
2018-09-26,19045.0,19135.0,18970.0,19045.0,2020.0
2018-09-27,18990.0,19080.0,18815.0,18925.0,1970.0
2018-09-28,18900.0,19025.0,18725.0,18770.0,2470.0
2018-10-01,18725.0,18850.0,18685.0,18775.0,1700.0
2018-10-03,18980.0,18980.0,18780.0,18840.0,1590.0
2018-10-04,18840.0,19045.0,18750.0,18970.0,2610.0
2018-10-05,19090.0,19250.0,19000.0,19195.0,2730.0
2018-10-08,19350.0,19795.0,19280.0,19570.0,1650.0
2018-10-09,19570.0,19570.0,19355.0,19465.0,1490.0
2018-10-10,19325.0,19630.0,19255.0,19505.0,1710.0
2018-10-11,19450.0,19650.0,19390.0,19560.0,1580.0
2018-10-12,19830.0,20150.0,19800.0,20115.0,660.0
2018-10-15,20000.0,20420.0,19990.0,20390.0,200.0
2018-10-16,20030.0,20440.0,19880.0,20300.0,650.0
2018-10-17,19980.0,20280.0,19880.0,20250.0,3650.0
2018-10-19,20360.0,20540.0,20185.0,20365.0,4970.0
2018-10-22,20285.0,20420.0,19965.0,20010.0,4970.0
2018-10-23,20010.0,20170.0,19820.0,19930.0,4510.0
2018-10-24,19950.0,20020.0,19770.0,19800.0,2570.0
2018-10-25,19785.0,19975.0,19700.0,19815.0,2070.0
2018-10-26,19800.0,19800.0,19430.0,19570.0,3680.0
2018-10-29,19540.0,19950.0,19450.0,19760.0,3450.0
2018-10-30,19855.0,20290.0,19750.0,20235.0,4970.0
2018-10-31,20340.0,20630.0,20275.0,20590.0,3850.0
2018-11-01,20635.0,20675.0,20370.0,20420.0,2760.0
2018-11-02,20450.0,20735.0,20360.0,20670.0,2690.0
2018-11-05,20800.0,21000.0,20665.0,20765.0,2770.0
2018-11-06,20725.0,20780.0,20470.0,20515.0,1390.0
2018-11-07,20525.0,20555.0,20480.0,20525.0,260.0
2018-11-09,20390.0,20400.0,19960.0,20010.0,2780.0
2018-11-12,20040.0,20270.0,19910.0,20105.0,1160.0
2018-11-13,20145.0,20390.0,20145.0,20205.0,50.0
2018-11-14,19860.0,19975.0,19400.0,19690.0,70.0
2018-11-15,19525.0,19625.0,19310.0,19525.0,60.0
2018-11-16,19400.0,19400.0,19225.0,19310.0,80.0
2018-11-19,19250.0,19250.0,19210.0,19240.0,40.0
2018-11-20,19350.0,19900.0,19330.0,19900.0,3080.0
2018-11-21,19890.0,20090.0,19365.0,19460.0,3690.0
2018-11-22,19445.0,19590.0,19260.0,19405.0,2540.0
2018-11-26,19470.0,19480.0,19240.0,19380.0,2410.0
2018-11-27,19290.0,19410.0,19070.0,19375.0,2840.0
2018-11-28,19340.0,19565.0,19300.0,19375.0,1780.0
2018-11-29,19340.0,19375.0,18750.0,18805.0,3420.0
2018-11-30,18800.0,18930.0,18515.0,18640.0,2220.0
2018-12-03,18780.0,18810.0,18685.0,18740.0,1200.0
2018-12-04,18750.0,19270.0,18570.0,18715.0,3120.0
2018-12-05,18690.0,18715.0,18360.0,18415.0,2090.0
2018-12-06,18410.0,18435.0,18170.0,18310.0,1520.0
2018-12-07,18325.0,18640.0,18325.0,18515.0,990.0
2018-12-10,18600.0,18800.0,18500.0,18540.0,1300.0
2018-12-11,18500.0,18525.0,18250.0,18345.0,790.0
2018-12-12,18360.0,18405.0,18345.0,18355.0,320.0
2018-12-13,18450.0,18455.0,18200.0,18235.0,130.0
2018-12-14,18265.0,18410.0,18265.0,18320.0,60.0
2018-12-17,18350.0,18350.0,18350.0,18350.0,10.0
2018-12-18,18300.0,18300.0,18000.0,18140.0,230.0
2018-12-19,18255.0,18265.0,18255.0,18260.0,20.0
2018-12-20,18080.0,18120.0,18080.0,18100.0,40.0
2018-12-21,17930.0,18035.0,17665.0,17740.0,1570.0
2018-12-24,17680.0,17680.0,17125.0,17175.0,2920.0
2018-12-26,17150.0,17400.0,17070.0,17330.0,1730.0
2018-12-27,17350.0,17480.0,17120.0,17185.0,2230.0
2018-12-28,17250.0,17335.0,17100.0,17255.0,1190.0
2018-12-31,17390.0,17700.0,17330.0,17685.0,1650.0
2019-01-01,17600.0,17800.0,17545.0,17675.0,1720.0
2019-01-02,17680.0,17765.0,17400.0,17485.0,1110.0
2019-01-03,17520.0,17600.0,17370.0,17530.0,1040.0
2019-01-04,17430.0,17600.0,17360.0,17580.0,970.0
2019-01-07,17515.0,17645.0,17400.0,17480.0,1230.0
2019-01-08,17430.0,17435.0,17150.0,17180.0,1580.0
2019-01-09,17085.0,17280.0,16995.0,17205.0,1230.0
2019-01-10,17210.0,17480.0,17200.0,17275.0,1100.0
2019-01-11,17200.0,17400.0,17200.0,17315.0,320.0
2019-01-14,17545.0,17940.0,17545.0,17710.0,70.0
2019-01-15,17880.0,17940.0,17735.0,17880.0,90.0
2019-01-16,18200.0,18200.0,17950.0,18040.0,200.0
2019-01-17,17850.0,18080.0,17810.0,17985.0,130.0
2019-01-18,18000.0,18020.0,17950.0,18010.0,50.0
2019-01-21,17120.0,17350.0,17000.0,17040.0,2400.0
2019-01-22,17040.0,17120.0,16865.0,16955.0,2240.0
2019-01-23,16950.0,17060.0,16455.0,16495.0,4170.0
2019-01-24,16525.0,16530.0,16290.0,16440.0,1990.0
2019-01-25,16430.0,16430.0,16270.0,16340.0,1150.0
2019-01-28,16255.0,16270.0,15905.0,15990.0,2100.0
2019-01-29,15940.0,15970.0,15740.0,15910.0,2130.0
2019-01-30,15920.0,16130.0,15835.0,15860.0,2029.9999999999998
2019-01-31,15960.0,16085.0,15860.0,15965.0,1720.0
2019-02-01,16020.0,16020.0,15775.0,15820.0,1120.0
2019-02-04,15810.0,15890.0,15625.0,15670.0,1370.0
2019-02-05,15645.0,15805.0,15630.0,15720.0,1110.0
2019-02-06,15740.0,15800.0,15430.0,15475.0,1540.0
2019-02-07,15410.0,15645.0,15365.0,15585.0,1820.0
2019-02-08,15525.0,15635.0,15435.0,15475.0,1200.0
2019-02-11,15495.0,15580.0,15410.0,15475.0,660.0
2019-02-12,15450.0,15625.0,15400.0,15595.0,830.0
2019-02-13,15470.0,15585.0,15425.0,15540.0,1330.0
2019-02-14,15520.0,15805.0,15500.0,15765.0,1690.0
2019-02-15,15740.0,15780.0,15520.0,15560.0,1170.0
2019-02-18,15590.0,15685.0,15550.0,15660.0,1000.0
2019-02-19,15645.0,15760.0,15610.0,15690.0,830.0
2019-02-20,15710.0,15710.0,15565.0,15600.0,890.0
2019-02-21,15570.0,15570.0,15405.0,15470.0,1400.0
2019-02-22,15450.0,15450.0,15300.0,15410.0,1180.0
2019-02-25,15415.0,15440.0,15185.0,15230.0,1490.0
2019-02-26,15300.0,15580.0,15140.0,15475.0,2770.0
2019-02-27,15480.0,15525.0,15290.0,15440.0,1540.0
2019-02-28,15395.0,15495.0,15330.0,15425.0,1000.0
2019-03-01,15400.0,15600.0,15400.0,15565.0,1020.0
2019-03-05,15590.0,15650.0,15550.0,15595.0,1240.0
2019-03-06,15640.0,15670.0,15450.0,15520.0,1540.0
2019-03-07,15525.0,15535.0,15365.0,15410.0,1130.0
2019-03-08,15450.0,15715.0,15410.0,15715.0,1950.0
2019-03-11,15780.0,16025.0,15710.0,16025.0,620.0
2019-03-12,16070.0,16180.0,16070.0,16140.0,90.0
2019-03-13,16170.0,16170.0,16000.0,16105.0,30.0
2019-03-14,15930.0,15950.0,15900.0,15915.0,20.0
2019-03-15,15870.0,15925.0,15870.0,15900.0,20.0
2019-03-18,15950.0,15950.0,15900.0,15935.0,20.0
2019-03-19,16250.0,16325.0,16115.0,16250.0,50.0
2019-03-20,15590.0,15650.0,15500.0,15620.0,1380.0
2019-03-22,15650.0,15695.0,15545.0,15580.0,1610.0
2019-03-25,15550.0,15550.0,15455.0,15505.0,990.0
2019-03-26,15480.0,15575.0,15480.0,15560.0,1370.0
2019-03-27,15590.0,15740.0,15515.0,15720.0,2070.0
2019-03-28,15670.0,15795.0,15645.0,15755.0,1320.0
2019-03-29,15755.0,15850.0,15670.0,15735.0,1850.0
2019-04-01,15730.0,15850.0,15610.0,15650.0,1080.0
2019-04-02,15650.0,15755.0,15580.0,15715.0,890.0
2019-04-03,15750.0,16055.0,15680.0,16010.0,2750.0
2019-04-04,16010.0,16330.0,15935.0,16265.0,1450.0
2019-04-05,16150.0,16350.0,15940.0,15940.0,1460.0
2019-04-08,16020.0,16210.0,16005.0,16130.0,840.0
2019-04-09,16165.0,16340.0,16065.0,16320.0,590.0
2019-04-10,16275.0,16350.0,16185.0,16310.0,950.0
2019-04-11,16345.0,16345.0,16240.0,16325.0,320.0
2019-04-12,16390.0,16440.0,16360.0,16400.0,40.0
2019-04-15,16350.0,16460.0,16335.0,16395.0,50.0
2019-04-16,16420.0,16570.0,16230.0,16485.0,280.0
2019-04-18,16825.0,16935.0,16755.0,16840.0,4410.0
2019-04-22,16795.0,16970.0,16670.0,16905.0,2170.0
2019-04-23,16890.0,17120.0,16890.0,17080.0,1570.0
2019-04-24,17095.0,17270.0,16970.0,17225.0,1570.0
2019-04-25,17270.0,17350.0,17040.0,17100.0,4870.0
2019-04-26,17030.0,17265.0,17030.0,17185.0,2970.0
2019-04-30,17150.0,17180.0,16880.0,16955.0,4610.0
2019-05-02,16950.0,16990.0,16835.0,16920.0,2100.0
2019-05-03,16855.0,16950.0,16800.0,16855.0,1360.0
2019-05-06,16860.0,17020.0,16840.0,16875.0,1620.0
2019-05-07,16885.0,16980.0,16880.0,16920.0,1260.0
2019-05-08,16905.0,17100.0,16870.0,17020.0,1600.0
2019-05-09,17090.0,17500.0,17090.0,17430.0,1980.0
2019-05-10,17370.0,17420.0,17285.0,17340.0,1900.0
2019-05-13,17450.0,17555.0,17440.0,17460.0,1010.0
2019-05-14,17500.0,17595.0,17370.0,17395.0,210.0
2019-05-15,17370.0,17600.0,17370.0,17545.0,100.0
2019-05-16,17795.0,17840.0,17700.0,17755.0,80.0
2019-05-17,17790.0,17790.0,17630.0,17725.0,80.0
2019-05-20,17890.0,17890.0,17890.0,17890.0,90.0
2019-05-21,17730.0,17810.0,17640.0,17695.0,1800.0
2019-05-22,17670.0,17770.0,17350.0,17510.0,4530.0
2019-05-23,17570.0,17740.0,17425.0,17705.0,2410.0
2019-05-24,17715.0,17800.0,17560.0,17710.0,2750.0
2019-05-27,17675.0,17730.0,17460.0,17520.0,1910.0
2019-05-28,17520.0,17580.0,17300.0,17340.0,2810.0
2019-05-29,17350.0,17415.0,17135.0,17345.0,3890.0
2019-05-30,17370.0,17495.0,17300.0,17440.0,2100.0
2019-05-31,17425.0,17515.0,17350.0,17410.0,1140.0
2019-06-03,17440.0,17570.0,17390.0,17530.0,2000.0
2019-06-04,17525.0,17840.0,17510.0,17790.0,3370.0
2019-06-06,17710.0,17815.0,17435.0,17435.0,2870.0
2019-06-07,17320.0,17475.0,17285.0,17430.0,2200.0
2019-06-10,17510.0,17510.0,17350.0,17450.0,2170.0
2019-06-11,17400.0,17640.0,17400.0,17600.0,1130.0
2019-06-12,17680.0,17950.0,17590.0,17865.0,310.0
2019-06-13,17755.0,17800.0,17530.0,17565.0,340.0
2019-06-14,17460.0,17460.0,17350.0,17450.0,270.0
2019-06-17,17450.0,17645.0,17450.0,17550.0,130.0
2019-06-18,17555.0,17620.0,17515.0,17545.0,300.0
2019-06-19,17510.0,17595.0,17455.0,17500.0,80.0
2019-06-20,17580.0,17590.0,17460.0,17530.0,130.0
2019-06-21,17235.0,17450.0,17225.0,17315.0,2230.0
2019-06-24,17385.0,17385.0,17150.0,17185.0,2180.0
2019-06-25,17215.0,17285.0,17180.0,17240.0,1150.0
2019-06-26,17230.0,17310.0,17160.0,17190.0,610.0
2019-06-27,17250.0,17250.0,17020.0,17075.0,2230.0
2019-06-28,17120.0,17225.0,17030.0,17165.0,2400.0
2019-07-01,17200.0,17250.0,17140.0,17230.0,770.0
2019-07-02,17265.0,17295.0,16950.0,17110.0,2130.0
2019-07-03,17110.0,17240.0,17035.0,17195.0,1140.0
2019-07-04,17195.0,17240.0,17105.0,17160.0,1190.0
2019-07-05,17230.0,17340.0,17110.0,17215.0,2020.0
2019-07-08,17245.0,17290.0,17170.0,17260.0,1000.0
2019-07-09,17220.0,17315.0,17190.0,17295.0,1090.0
2019-07-10,17265.0,17460.0,17245.0,17355.0,2410.0
2019-07-11,17325.0,17420.0,17325.0,17365.0,620.0
2019-07-12,17495.0,17585.0,17495.0,17535.0,130.0
2019-07-15,17860.0,18310.0,17860.0,18225.0,3790.0
2019-07-16,17885.0,18195.0,17875.0,17975.0,70.0
2019-07-17,18000.0,18140.0,17970.0,18060.0,80.0
2019-07-18,18180.0,18180.0,18100.0,18155.0,30.0
2019-07-19,18025.0,18025.0,18025.0,18025.0,0.0
2019-07-22,17905.0,18000.0,17655.0,17755.0,2330.0
2019-07-23,17770.0,18000.0,17640.0,17710.0,2790.0
2019-07-24,17790.0,17840.0,17640.0,17660.0,1420.0
2019-07-25,17660.0,17700.0,17590.0,17660.0,1110.0
2019-07-26,17675.0,17900.0,17580.0,17870.0,1810.0
2019-07-29,17870.0,18080.0,17780.0,17845.0,1570.0
2019-07-30,18095.0,18095.0,17665.0,17680.0,1490.0
2019-07-31,17710.0,17745.0,17605.0,17630.0,1410.0
2019-08-01,17625.0,17630.0,17240.0,17265.0,2500.0
2019-08-02,17300.0,17300.0,17040.0,17075.0,1480.0
2019-08-05,17155.0,17415.0,17040.0,17415.0,1950.0
2019-08-06,17420.0,17420.0,17155.0,17220.0,860.0
2019-08-07,17185.0,17190.0,16910.0,16990.0,1240.0
2019-08-08,17030.0,17085.0,16960.0,16985.0,1140.0
2019-08-09,16960.0,17250.0,16960.0,17200.0,1400.0
2019-08-13,17180.0,17180.0,16705.0,16770.0,960.0
2019-08-14,17040.0,17085.0,16810.0,16960.0,2360.0
2019-08-16,16850.0,16850.0,16820.0,16840.0,20.0
2019-08-19,16885.0,16910.0,16750.0,16830.0,1070.0
2019-08-20,16850.0,16850.0,16850.0,16850.0,10.0
2019-08-21,16815.0,17020.0,16770.0,16840.0,1460.0
2019-08-22,16860.0,16960.0,16720.0,16920.0,2660.0
2019-08-23,16965.0,16980.0,16820.0,16880.0,550.0
2019-08-26,16895.0,17000.0,16840.0,16925.0,810.0
2019-08-27,16905.0,17070.0,16865.0,16970.0,1370.0
2019-08-28,16950.0,17140.0,16925.0,16975.0,2330.0
2019-08-29,16940.0,17035.0,16910.0,16950.0,1150.0
2019-08-30,16890.0,16950.0,16830.0,16890.0,1880.0
2019-09-03,16900.0,16970.0,16800.0,16920.0,1540.0
2019-09-04,16980.0,16980.0,16890.0,16920.0,990.0
2019-09-05,16890.0,17040.0,16880.0,16980.0,1530.0
2019-09-06,16960.0,17115.0,16780.0,17035.0,3250.0
2019-09-09,17010.0,17345.0,16995.0,17170.0,2440.0
2019-09-11,17130.0,17410.0,17075.0,17185.0,2070.0
2019-09-12,17030.0,17110.0,16930.0,17025.0,50.0
2019-09-13,16995.0,17220.0,16995.0,17100.0,20.0
2019-09-16,17105.0,17155.0,16965.0,17080.0,30.0
2019-09-17,16950.0,17120.0,16950.0,17030.0,30.0
2019-09-18,17110.0,17160.0,17040.0,17105.0,20.0
2019-09-19,17100.0,17495.0,17100.0,17480.0,210.0
2019-09-20,17560.0,17560.0,17300.0,17405.0,80.0
2019-09-23,16650.0,16825.0,16610.0,16745.0,1700.0
2019-09-24,16770.0,16825.0,16640.0,16750.0,670.0
2019-09-25,16870.0,17085.0,16575.0,16920.0,1910.0
2019-09-26,16865.0,17000.0,16700.0,16740.0,1170.0
2019-09-27,16680.0,16815.0,16655.0,16750.0,580.0
2019-09-30,16730.0,17265.0,16730.0,17165.0,3650.0
2019-10-01,17150.0,17480.0,17090.0,17130.0,1640.0
2019-10-03,17120.0,17185.0,16860.0,16970.0,930.0
2019-10-04,17000.0,17085.0,16800.0,16830.0,800.0
2019-10-07,16970.0,17020.0,16665.0,16830.0,890.0
2019-10-09,16825.0,17000.0,16650.0,16875.0,1770.0
2019-10-10,16820.0,17150.0,16810.0,17110.0,1200.0
2019-10-11,17160.0,17245.0,17050.0,17075.0,800.0
2019-10-14,17000.0,17040.0,16900.0,16980.0,230.0
2019-10-15,16840.0,16850.0,16760.0,16800.0,110.0
2019-10-16,16990.0,16990.0,16280.0,16355.0,520.0
2019-10-17,16275.0,16345.0,16250.0,16285.0,70.0
2019-10-18,16230.0,16400.0,16180.0,16220.0,80.0
2019-10-22,16325.0,16490.0,16270.0,16445.0,1420.0
2019-10-23,16450.0,16530.0,16300.0,16430.0,1050.0
2019-10-24,16440.0,16480.0,16145.0,16290.0,1700.0
2019-10-25,16330.0,16530.0,16190.0,16500.0,1040.0
2019-10-27,16545.0,16595.0,16450.0,16500.0,140.0
2019-10-29,16550.0,16550.0,16280.0,16400.0,490.0
2019-10-30,16350.0,16520.0,16350.0,16485.0,390.0
2019-10-31,16490.0,16575.0,16360.0,16405.0,700.0
2019-11-01,16380.0,16620.0,16380.0,16585.0,1010.0
2019-11-04,16715.0,17000.0,16715.0,16985.0,1280.0
2019-11-05,16830.0,17035.0,16650.0,16875.0,1060.0
2019-11-06,16810.0,16820.0,16425.0,16460.0,1480.0
2019-11-07,16525.0,16525.0,16205.0,16295.0,1210.0
2019-11-08,16210.0,16210.0,15760.0,16040.0,1150.0
2019-11-11,16025.0,16050.0,15900.0,16010.0,360.0
2019-11-13,16160.0,16160.0,15925.0,16005.0,590.0
2019-11-14,16060.0,16250.0,16030.0,16185.0,590.0
2019-11-15,16215.0,16250.0,16200.0,16225.0,90.0
2019-11-18,16255.0,16255.0,16020.0,16075.0,20.0
2019-11-19,16080.0,16100.0,16080.0,16100.0,150.0
2019-11-20,16130.0,16190.0,16130.0,16145.0,100.0
2019-11-21,16230.0,16285.0,16110.0,16150.0,850.0
2019-11-22,16100.0,16210.0,15880.0,15905.0,1520.0
2019-11-25,15980.0,16100.0,15840.0,16055.0,1980.0
2019-11-26,16075.0,16340.0,16030.0,16255.0,1990.0
2019-11-27,16325.0,16480.0,16130.0,16295.0,1180.0
2019-11-28,16260.0,16330.0,16230.0,16260.0,540.0
2019-11-29,16210.0,16420.0,16210.0,16285.0,670.0
2019-12-02,16335.0,16375.0,16180.0,16300.0,1780.0
2019-12-03,16300.0,16340.0,16065.0,16115.0,1230.0
2019-12-04,16165.0,16390.0,15715.0,15815.0,2070.0
2019-12-05,15860.0,15985.0,15760.0,15875.0,1120.0
2019-12-06,15830.0,16280.0,15830.0,16235.0,1490.0
2019-12-09,16500.0,16630.0,16285.0,16455.0,1070.0
2019-12-10,16540.0,16570.0,16410.0,16510.0,180.0
2019-12-11,16450.0,16450.0,16425.0,16450.0,90.0
2019-12-12,16450.0,16585.0,16450.0,16560.0,20.0
2019-12-13,16700.0,16785.0,15900.0,15900.0,450.0
2019-12-16,15855.0,15890.0,15520.0,15870.0,1310.0
2019-12-17,15895.0,15900.0,15770.0,15800.0,440.0
2019-12-18,15800.0,15890.0,15730.0,15885.0,620.0
2019-12-19,15895.0,16045.0,15720.0,15955.0,2009.9999999999998
2019-12-20,15970.0,16210.0,15885.0,16160.0,1110.0
2019-12-23,16170.0,16200.0,16000.0,16085.0,870.0
2019-12-24,16160.0,16405.0,16060.0,16360.0,1610.0
2019-12-26,16310.0,16500.0,16290.0,16485.0,1080.0
2019-12-27,16475.0,16590.0,16385.0,16420.0,790.0
2019-12-30,16375.0,16560.0,16300.0,16445.0,480.0
2019-12-31,16460.0,16530.0,16160.0,16245.0,860.0
2020-01-01,16280.0,16285.0,15935.0,16045.0,930.0
2020-01-02,16000.0,16115.0,15945.0,16035.0,410.0
2020-01-03,16065.0,16180.0,15990.0,16140.0,530.0
2020-01-06,16090.0,16200.0,16070.0,16125.0,650.0
2020-01-07,16140.0,16140.0,15940.0,16035.0,650.0
2020-01-08,16000.0,16110.0,16000.0,16085.0,210.0
2020-01-09,16085.0,16130.0,15860.0,15940.0,610.0
2020-01-10,15880.0,15980.0,15655.0,15765.0,440.0
2020-01-13,15630.0,15790.0,15575.0,15725.0,750.0
2020-01-14,15740.0,15800.0,15630.0,15745.0,160.0
2020-01-15,15720.0,15740.0,15595.0,15690.0,20.0
2020-01-16,15850.0,15850.0,15750.0,15805.0,50.0
2020-01-17,15850.0,15850.0,15850.0,15850.0,10.0
2020-01-20,15800.0,15835.0,15800.0,15830.0,30.0
2020-01-21,14935.0,14950.0,14740.0,14780.0,670.0
2020-01-22,14695.0,14745.0,14560.0,14595.0,590.0
2020-01-23,14550.0,14770.0,14475.0,14695.0,1250.0
2020-01-24,14670.0,14750.0,14605.0,14645.0,590.0
2020-01-27,14655.0,14775.0,14400.0,14485.0,960.0
2020-01-28,14455.0,14570.0,14325.0,14355.0,730.0
2020-01-29,14380.0,14380.0,14180.0,14205.0,480.0
2020-01-30,14170.0,14200.0,14005.0,14035.0,410.0
2020-01-31,14085.0,14190.0,13780.0,14100.0,1370.0
2020-02-01,14060.0,14180.0,13935.0,14160.0,510.0
2020-02-03,14055.0,14075.0,13885.0,13930.0,740.0
2020-02-04,13900.0,13900.0,13710.0,13775.0,720.0
2020-02-05,13825.0,13855.0,13710.0,13830.0,430.0
2020-02-06,13950.0,14040.0,13895.0,14015.0,760.0
2020-02-07,14045.0,14045.0,13565.0,13720.0,1380.0
2020-02-10,13655.0,13730.0,13500.0,13510.0,440.0
2020-02-11,13540.0,13730.0,13450.0,13645.0,830.0
2020-02-12,13590.0,13765.0,13510.0,13680.0,800.0
2020-02-13,13730.0,13750.0,13545.0,13580.0,520.0
2020-02-14,13560.0,14025.0,13540.0,13990.0,2300.0
2020-02-17,14010.0,14020.0,13725.0,13775.0,870.0
2020-02-18,13720.0,13895.0,13590.0,13695.0,1120.0
2020-02-19,13700.0,13785.0,13600.0,13690.0,770.0
2020-02-20,13680.0,13820.0,13600.0,13775.0,870.0
2020-02-24,13690.0,13720.0,13560.0,13615.0,980.0
2020-02-25,13635.0,13705.0,13550.0,13650.0,830.0
2020-02-26,13685.0,13700.0,13500.0,13590.0,980.0
2020-02-27,13480.0,13670.0,13480.0,13645.0,670.0
2020-02-28,13600.0,13765.0,13500.0,13680.0,1010.0
2020-03-02,13550.0,13730.0,13270.0,13445.0,1560.0
2020-03-03,13405.0,13600.0,13325.0,13595.0,780.0
2020-03-04,13585.0,13665.0,13430.0,13545.0,960.0
2020-03-05,13590.0,13980.0,13510.0,13935.0,1240.0
2020-03-06,14000.0,14010.0,13715.0,13855.0,630.0
2020-03-09,13610.0,13645.0,13380.0,13540.0,740.0
2020-03-11,13485.0,13665.0,13385.0,13525.0,600.0
2020-03-12,13410.0,13510.0,13300.0,13325.0,660.0
2020-03-13,13110.0,13425.0,13110.0,13400.0,880.0
2020-03-16,13225.0,13490.0,13225.0,13435.0,160.0
2020-03-17,13550.0,13650.0,13550.0,13580.0,70.0
2020-03-18,13500.0,13500.0,13500.0,13500.0,10.0
2020-03-19,13350.0,13650.0,13320.0,13385.0,110.0
2020-03-20,13650.0,13920.0,13650.0,13920.0,20.0
2020-03-23,13530.0,13895.0,13500.0,13700.0,980.0
2020-03-24,13820.0,14025.0,13700.0,13995.0,860.0
2020-03-25,14145.0,14550.0,14055.0,14550.0,520.0
2020-03-26,14730.0,15130.0,14000.0,14085.0,1160.0
2020-03-27,14185.0,14290.0,14030.0,14180.0,240.0
2020-03-30,14235.0,14335.0,14020.0,14110.0,120.0
2020-03-31,14050.0,14175.0,14020.0,14125.0,160.0
2020-04-01,14045.0,14130.0,13815.0,13965.0,250.0
2020-04-03,13960.0,14110.0,13870.0,14015.0,350.0
2020-04-07,14120.0,14295.0,13985.0,14220.0,410.0
2020-04-08,14125.0,14440.0,14125.0,14305.0,420.0
2020-04-09,14430.0,14430.0,14100.0,14135.0,620.0
2020-04-13,14205.0,14290.0,14160.0,14230.0,840.0
2020-04-15,14375.0,14480.0,14250.0,14380.0,170.0
2020-04-16,14500.0,14575.0,14425.0,14490.0,50.0
2020-04-17,14450.0,14450.0,14370.0,14420.0,20.0
2020-04-20,14135.0,14135.0,14010.0,14105.0,90.0
2020-04-21,13900.0,14050.0,13900.0,14025.0,40.0
2020-04-22,14070.0,14070.0,14070.0,14070.0,0.0
2020-04-23,14150.0,14190.0,14150.0,14165.0,20.0
2020-04-24,14085.0,14085.0,14050.0,14060.0,20.0
2020-04-27,14000.0,14100.0,13900.0,14010.0,20.0
2020-04-28,14000.0,14050.0,13730.0,13885.0,40.0
2020-04-29,13760.0,13760.0,13620.0,14055.0,400.0
2020-04-30,14000.0,14335.0,14000.0,14335.0,20.0
2020-05-04,13665.0,13830.0,13655.0,13735.0,240.0
2020-05-05,13675.0,13775.0,13655.0,13765.0,500.0
2020-05-06,13785.0,13865.0,13665.0,13760.0,550.0
2020-05-07,13795.0,13940.0,13775.0,13865.0,570.0
2020-05-08,13885.0,14070.0,13870.0,14040.0,450.0
2020-05-11,14170.0,14230.0,14100.0,14130.0,410.0
2020-05-12,14050.0,14050.0,13860.0,13955.0,200.0
2020-05-13,13980.0,14000.0,13650.0,13660.0,460.0
2020-05-14,13850.0,13850.0,13550.0,13615.0,320.0
2020-05-15,13885.0,13885.0,13880.0,13885.0,10.0
2020-05-18,13900.0,13900.0,13850.0,13870.0,10.0
2020-05-19,13930.0,13980.0,13930.0,13955.0,10.0
2020-05-20,13825.0,14000.0,13805.0,13910.0,20.0
2020-05-21,13300.0,13430.0,13195.0,13380.0,320.0
2020-05-22,13300.0,13450.0,13300.0,13400.0,420.0
2020-05-26,13400.0,13705.0,13360.0,13590.0,1130.0
2020-05-27,13615.0,13675.0,13525.0,13620.0,280.0
2020-05-28,13605.0,13690.0,13570.0,13615.0,200.0
2020-05-29,13555.0,13600.0,13525.0,13550.0,330.0
2020-06-01,13585.0,13800.0,13550.0,13765.0,530.0
2020-06-02,13825.0,13900.0,13655.0,13785.0,420.0
2020-06-03,13795.0,13880.0,13770.0,13865.0,260.0
2020-06-04,13850.0,13870.0,13680.0,13785.0,230.0
2020-06-05,13695.0,13795.0,13655.0,13765.0,150.0
2020-06-08,13860.0,13995.0,13795.0,13900.0,420.0
2020-06-09,13830.0,13985.0,13765.0,13895.0,200.0
2020-06-10,13850.0,13965.0,13830.0,13915.0,410.0
2020-06-11,13990.0,14170.0,13955.0,14100.0,300.0
2020-06-12,14110.0,14110.0,13890.0,13920.0,490.0
2020-06-15,13975.0,13975.0,13695.0,13765.0,150.0
2020-06-16,13840.0,13850.0,13780.0,13830.0,20.0
2020-06-17,13780.0,13850.0,13780.0,13815.0,10.0
2020-06-18,13705.0,13765.0,13670.0,13855.0,200.0
2020-06-19,13880.0,13975.0,13880.0,13930.0,20.0
2020-06-22,13745.0,13825.0,13680.0,13730.0,320.0
2020-06-23,13740.0,13845.0,13670.0,13825.0,320.0
2020-06-24,13800.0,13980.0,13725.0,13805.0,540.0
2020-06-25,13830.0,13855.0,13750.0,13800.0,210.0
2020-06-26,13890.0,13890.0,13780.0,13815.0,530.0
2020-06-29,13760.0,13840.0,13400.0,13605.0,1170.0
2020-06-30,13605.0,13795.0,13605.0,13645.0,530.0
2020-07-01,13675.0,13680.0,13585.0,13640.0,150.0
2020-07-02,13660.0,13705.0,13645.0,13685.0,360.0
2020-07-03,13680.0,13820.0,13630.0,13720.0,240.0
2020-07-06,13670.0,13780.0,13660.0,13710.0,240.0
2020-07-07,13770.0,13810.0,13720.0,13785.0,230.0
2020-07-08,13800.0,14050.0,13725.0,13915.0,530.0
2020-07-09,14015.0,14025.0,13855.0,13900.0,560.0
2020-07-10,13980.0,13995.0,13805.0,13885.0,470.0
2020-07-13,13900.0,13900.0,13730.0,13795.0,300.0
2020-07-14,13705.0,13825.0,13625.0,13680.0,210.0
2020-07-15,13715.0,13770.0,13690.0,13905.0,310.0
2020-07-16,13750.0,13900.0,13750.0,13905.0,10.0
2020-07-17,13950.0,13950.0,13950.0,13950.0,10.0
2020-07-20,14150.0,14225.0,14150.0,14175.0,10.0
2020-07-21,14400.0,14450.0,14275.0,14410.0,480.0
2020-07-22,14415.0,14510.0,14355.0,14470.0,430.0
2020-07-23,14405.0,14625.0,14405.0,14595.0,530.0
2020-07-24,14610.0,14640.0,14310.0,14340.0,880.0
2020-07-27,14500.0,14535.0,14230.0,14280.0,580.0
2020-07-28,14300.0,14345.0,13935.0,14060.0,1100.0
2020-07-29,14080.0,14110.0,14030.0,14060.0,240.0
2020-07-30,14050.0,14100.0,14000.0,14075.0,240.0
2020-07-31,14080.0,14150.0,14030.0,14115.0,260.0
2020-08-03,14035.0,14115.0,14010.0,14090.0,220.0
2020-08-04,14140.0,14180.0,13810.0,13930.0,770.0
2020-08-05,14000.0,14000.0,13870.0,13935.0,170.0
2020-08-06,13935.0,14060.0,13930.0,13975.0,230.0
2020-08-07,14000.0,14045.0,13890.0,13935.0,370.0
2020-08-10,13900.0,14000.0,13900.0,13955.0,200.0
2020-08-11,13980.0,14230.0,13980.0,14160.0,570.0
2020-08-12,14220.0,14325.0,14220.0,14280.0,220.0
2020-08-13,14300.0,14320.0,14015.0,14080.0,360.0
2020-08-14,14190.0,14190.0,13900.0,14090.0,690.0
2020-08-17,14160.0,14425.0,14110.0,14090.0,10.0
2020-08-18,14150.0,14200.0,14150.0,14190.0,40.0
2020-08-19,14400.0,14400.0,14265.0,14190.0,10.0
2020-08-20,13910.0,13910.0,13700.0,13745.0,20.0
2020-08-21,14200.0,14305.0,14165.0,14265.0,400.0
2020-08-24,14220.0,14520.0,14220.0,14355.0,800.0
2020-08-25,14340.0,14500.0,14340.0,14470.0,300.0
2020-08-26,14490.0,14490.0,14360.0,14390.0,400.0
2020-08-27,14360.0,14450.0,14325.0,14370.0,220.0
2020-08-28,14370.0,14370.0,14240.0,14300.0,440.0
2020-08-31,14300.0,14310.0,14140.0,14240.0,390.0
2020-09-01,14275.0,14285.0,14170.0,14220.0,410.0
2020-09-02,14195.0,14235.0,14010.0,14140.0,720.0
2020-09-03,14100.0,14140.0,14010.0,14065.0,580.0
2020-09-04,14095.0,14095.0,13860.0,13920.0,480.0
2020-09-07,13900.0,13990.0,13745.0,13935.0,530.0
2020-09-08,13880.0,13950.0,13715.0,13775.0,530.0
2020-09-09,13810.0,13830.0,13595.0,13680.0,420.0
2020-09-10,13695.0,13840.0,13680.0,13810.0,460.0
2020-09-11,13815.0,14040.0,13815.0,14005.0,370.0
2020-09-14,13975.0,14135.0,13960.0,14115.0,740.0
2020-09-15,14305.0,14305.0,14195.0,14265.0,40.0
2020-09-16,14275.0,14300.0,14250.0,14275.0,90.0
2020-09-17,14205.0,14205.0,14025.0,14095.0,10.0
2020-09-18,14010.0,14010.0,13815.0,13815.0,10.0
2020-09-21,13885.0,13885.0,13485.0,13625.0,1530.0
2020-09-22,13680.0,13695.0,13530.0,13605.0,390.0
2020-09-23,13615.0,13740.0,13615.0,13670.0,460.0
2020-09-24,13650.0,13685.0,13580.0,13600.0,270.0
2020-09-25,13595.0,13665.0,13510.0,13650.0,380.0
2020-09-28,13650.0,13720.0,13590.0,13675.0,190.0
2020-09-29,13700.0,13840.0,13670.0,13765.0,590.0
2020-09-30,13790.0,13830.0,13700.0,13730.0,290.0
2020-10-01,13800.0,13830.0,13720.0,13805.0,300.0
2020-10-05,13760.0,13790.0,13685.0,13720.0,440.0
2020-10-06,13720.0,13780.0,13630.0,13705.0,320.0
2020-10-07,13650.0,13695.0,13525.0,13565.0,570.0
2020-10-08,13550.0,13625.0,13515.0,13605.0,500.0
2020-10-09,13570.0,13700.0,13570.0,13630.0,510.0
2020-10-12,13570.0,13640.0,13500.0,13535.0,320.0
2020-10-13,13495.0,13640.0,13460.0,13540.0,500.0
2020-10-14,13500.0,13595.0,13500.0,13555.0,190.0
2020-10-15,13700.0,13825.0,13700.0,13755.0,100.0
2020-10-16,13770.0,13770.0,13770.0,13770.0,
2020-10-19,14045.0,14045.0,14045.0,14045.0,60.0
2020-10-20,14125.0,14125.0,14125.0,14045.0,0.0
2020-10-21,14060.0,14190.0,14045.0,14060.0,830.0
2020-10-22,14080.0,14180.0,14080.0,14140.0,370.0
2020-10-23,14120.0,14210.0,14075.0,14085.0,500.0
2020-10-26,14050.0,14160.0,14010.0,14150.0,600.0
2020-10-27,14150.0,14205.0,14075.0,14185.0,460.0
2020-10-28,14195.0,14695.0,14185.0,14415.0,1630.0
2020-10-29,14355.0,14430.0,14260.0,14355.0,650.0
2020-10-30,14355.0,14500.0,14355.0,14465.0,680.0
2020-11-02,14525.0,14625.0,14470.0,14515.0,900.0
2020-11-03,14540.0,14540.0,14315.0,14370.0,670.0
2020-11-04,14305.0,14335.0,14145.0,14295.0,920.0
2020-11-05,14320.0,14440.0,14215.0,14285.0,410.0
2020-11-06,14365.0,14370.0,14225.0,14305.0,280.0
2020-11-09,14165.0,14270.0,14135.0,14200.0,490.0
2020-11-10,14210.0,14240.0,13975.0,14050.0,940.0
2020-11-11,14100.0,14185.0,14015.0,14150.0,330.0
2020-11-12,14240.0,14300.0,13970.0,14265.0,450.0
2020-11-13,14225.0,14225.0,13985.0,14070.0,140.0
2020-11-14,13790.0,13790.0,13790.0,13790.0,
2020-11-17,14070.0,14070.0,14070.0,14070.0,
2020-11-18,14065.0,14065.0,14065.0,14065.0,
2020-11-19,14065.0,14065.0,14065.0,14065.0,
2020-11-20,14225.0,14225.0,14225.0,14030.0,
2020-11-23,14225.0,14240.0,14110.0,14130.0,290.0
2020-11-24,14100.0,14100.0,13900.0,13985.0,630.0
2020-11-25,13955.0,14065.0,13955.0,14010.0,280.0
2020-11-26,14035.0,14050.0,13760.0,13785.0,620.0
2020-11-27,13730.0,13855.0,13625.0,13805.0,620.0
2020-12-01,13785.0,13825.0,13605.0,13645.0,720.0
2020-12-02,13710.0,13800.0,13530.0,13695.0,760.0
2020-12-03,13705.0,13775.0,13635.0,13750.0,270.0
2020-12-04,13750.0,13790.0,13705.0,13735.0,230.0
2020-12-07,13675.0,13790.0,13675.0,13750.0,570.0
2020-12-08,13760.0,13760.0,13565.0,13630.0,370.0
2020-12-09,13555.0,13640.0,13505.0,13605.0,470.0
2020-12-10,13650.0,13795.0,13610.0,13725.0,940.0
2020-12-11,13705.0,13810.0,13685.0,13785.0,950.0
2020-12-14,13655.0,13695.0,13605.0,13625.0,500.0
2020-12-15,13580.0,13580.0,13480.0,13530.0,120.0
2020-12-16,13530.0,13530.0,13530.0,13530.0,50.0
2020-12-17,13275.0,13275.0,13270.0,13275.0,50.0
2020-12-18,13010.0,13010.0,12810.0,12885.0,50.0
2020-12-21,12865.0,12970.0,12865.0,12955.0,340.0
2020-12-22,12925.0,13020.0,12875.0,12975.0,420.0
2020-12-23,12990.0,13060.0,12885.0,12930.0,420.0
2020-12-24,12890.0,12985.0,12830.0,12955.0,170.0
2020-12-28,12930.0,12930.0,12780.0,12810.0,280.0
2020-12-29,12760.0,12870.0,12725.0,12755.0,260.0
2020-12-30,12750.0,12750.0,12500.0,12535.0,680.0
2020-12-31,12540.0,12690.0,12450.0,12665.0,830.0
2021-01-01,12695.0,12695.0,12560.0,12595.0,300.0
2021-01-04,12595.0,12750.0,12595.0,12740.0,340.0
2021-01-05,12705.0,12710.0,12645.0,12685.0,210.0
2021-01-06,12750.0,12750.0,12585.0,12675.0,200.0
2021-01-07,12680.0,12680.0,12600.0,12650.0,490.0
2021-01-08,12695.0,12820.0,12635.0,12680.0,830.0
2021-01-11,12600.0,12830.0,12600.0,12800.0,560.0
2021-01-12,12845.0,12900.0,12740.0,12790.0,490.0
2021-01-13,12795.0,12925.0,12795.0,12855.0,550.0
2021-01-14,12750.0,12860.0,12680.0,12710.0,400.0
2021-01-15,12960.0,12960.0,12830.0,12895.0,30.0
2021-01-18,12860.0,12865.0,12800.0,12810.0,40.0
2021-01-19,12780.0,12830.0,12770.0,12815.0,130.0
2021-01-20,12795.0,12795.0,12790.0,12795.0,10.0
2021-01-21,13035.0,13215.0,13010.0,13200.0,400.0
2021-01-22,13200.0,13330.0,13165.0,13235.0,480.0
2021-01-25,13215.0,13450.0,13160.0,13385.0,540.0
2021-01-27,13395.0,13650.0,13395.0,13635.0,710.0
2021-01-28,13635.0,13635.0,13450.0,13580.0,360.0
2021-01-29,13595.0,13605.0,13350.0,13435.0,640.0
2021-02-01,13325.0,13385.0,13085.0,13120.0,760.0
2021-02-02,13080.0,13080.0,12880.0,12990.0,500.0
2021-02-03,12995.0,13100.0,12930.0,12955.0,440.0
2021-02-04,12970.0,13120.0,12970.0,13075.0,210.0
2021-02-05,13050.0,13180.0,13025.0,13090.0,170.0
2021-02-08,13030.0,13210.0,13030.0,13160.0,430.0
2021-02-09,13250.0,13500.0,13230.0,13360.0,810.0
2021-02-10,13450.0,13490.0,13330.0,13345.0,320.0
2021-02-11,13285.0,13440.0,13270.0,13405.0,150.0
2021-02-12,13405.0,13580.0,13330.0,13425.0,380.0
2021-02-15,13430.0,13800.0,13430.0,13555.0,870.0
2021-02-16,13610.0,13820.0,13570.0,13775.0,620.0
2021-02-17,13750.0,13900.0,13615.0,13655.0,350.0
2021-02-18,13655.0,13740.0,13610.0,13670.0,410.0
2021-02-19,13670.0,13735.0,13590.0,13625.0,170.0
2021-02-22,13645.0,13695.0,13530.0,13555.0,310.0
2021-02-23,13605.0,13620.0,13305.0,13365.0,650.0
2021-02-24,13360.0,13430.0,13225.0,13400.0,340.0
2021-02-25,13435.0,13800.0,13435.0,13660.0,1160.0
2021-02-26,13685.0,13760.0,13430.0,13475.0,530.0
2021-03-01,13470.0,13600.0,13440.0,13480.0,300.0
2021-03-02,13625.0,13745.0,13485.0,13745.0,430.0
2021-03-03,13730.0,14145.0,13690.0,14110.0,1440.0
2021-03-04,14140.0,14195.0,13780.0,13845.0,1020.0
2021-03-05,13835.0,13970.0,13785.0,13870.0,190.0
2021-03-08,13900.0,13975.0,13780.0,13840.0,710.0
2021-03-09,13920.0,13920.0,13785.0,13800.0,520.0
2021-03-10,13850.0,13910.0,13795.0,13850.0,440.0
2021-03-12,13950.0,14380.0,13890.0,14305.0,1130.0
2021-03-15,14300.0,14830.0,14300.0,14770.0,1000.0
2021-03-16,14795.0,14795.0,14600.0,14685.0,80.0
2021-03-17,14685.0,14685.0,14685.0,14685.0,
2021-03-18,14650.0,14650.0,14650.0,14650.0,10.0
2021-03-19,14650.0,14650.0,14640.0,14650.0,50.0
2021-03-22,14790.0,14815.0,14665.0,14780.0,870.0
2021-03-23,14775.0,14960.0,14735.0,14925.0,1440.0
2021-03-24,14930.0,14955.0,14745.0,14825.0,1240.0
2021-03-25,14700.0,14870.0,14700.0,14820.0,610.0
2021-03-26,14800.0,14835.0,14680.0,14760.0,370.0
2021-03-29,14760.0,14760.0,14760.0,14760.0,
2021-03-30,14825.0,14900.0,14710.0,14770.0,930.0
2021-03-31,14720.0,14750.0,14670.0,14710.0,640.0
2021-04-01,14670.0,14670.0,14365.0,14445.0,1910.0
2021-04-05,14550.0,14655.0,13880.0,14615.0,2590.0
2021-04-06,14620.0,14790.0,14570.0,14705.0,1940.0
2021-04-07,14650.0,14705.0,14450.0,14505.0,950.0
2021-04-08,14465.0,14465.0,14225.0,14275.0,880.0
2021-04-09,14315.0,14390.0,14145.0,14175.0,1290.0
2021-04-12,14005.0,14085.0,13975.0,14015.0,1200.0
2021-04-13,13995.0,14090.0,13905.0,13985.0,830.0
2021-04-14,13985.0,13985.0,13985.0,13985.0,
2021-04-15,14100.0,14255.0,14100.0,14190.0,110.0
2021-04-16,14190.0,14190.0,14190.0,14190.0,20.0
2021-04-19,14230.0,14230.0,14050.0,14100.0,140.0
2021-04-20,14000.0,14000.0,14000.0,14000.0,20.0
2021-04-21,14090.0,14090.0,14090.0,14090.0,
2021-04-22,14200.0,14380.0,14115.0,14205.0,1030.0
2021-04-23,14230.0,14245.0,14075.0,14110.0,740.0
2021-04-26,14005.0,14005.0,13730.0,13765.0,2029.9999999999998
2021-04-27,13790.0,13880.0,13745.0,13870.0,740.0
2021-04-28,13855.0,13935.0,13750.0,13895.0,680.0
2021-04-29,13920.0,14060.0,13910.0,14000.0,760.0
2021-04-30,14000.0,14005.0,13850.0,13900.0,1140.0
2021-05-03,13830.0,13985.0,13830.0,13915.0,560.0
2021-05-04,13875.0,14050.0,13875.0,14025.0,720.0
2021-05-05,14050.0,14065.0,13875.0,13890.0,740.0
2021-05-06,13930.0,13935.0,13875.0,13910.0,780.0
2021-05-07,13810.0,13875.0,13800.0,13830.0,710.0
2021-05-10,13850.0,13935.0,13700.0,13735.0,1930.0
2021-05-11,13700.0,13750.0,13685.0,13740.0,850.0
2021-05-12,13720.0,14115.0,13670.0,13995.0,960.0
2021-05-13,13995.0,13995.0,13995.0,13995.0,
2021-05-14,14020.0,14150.0,13905.0,13955.0,1520.0
2021-05-17,14040.0,14040.0,13710.0,13780.0,70.0
2021-05-18,13780.0,13780.0,13780.0,13780.0,10.0
2021-05-19,13860.0,13860.0,13850.0,13855.0,10.0
2021-05-20,13900.0,13980.0,13900.0,13945.0,20.0
2021-05-21,13970.0,14070.0,13920.0,13960.0,610.0
2021-05-24,13910.0,13945.0,13675.0,13730.0,1490.0
2021-05-25,13695.0,13795.0,13695.0,13755.0,760.0
2021-05-26,13745.0,13805.0,13720.0,13770.0,380.0
2021-05-27,13780.0,13950.0,13780.0,13855.0,760.0
2021-05-28,13855.0,13885.0,13780.0,13835.0,570.0
2021-05-31,13800.0,13835.0,13740.0,13765.0,870.0
2021-06-01,13750.0,13750.0,13690.0,13710.0,420.0
2021-06-02,13750.0,13750.0,13640.0,13710.0,520.0
2021-06-03,13690.0,13775.0,13665.0,13750.0,700.0
2021-06-04,13700.0,13745.0,13680.0,13720.0,410.0
2021-06-07,13720.0,13910.0,13705.0,13810.0,1380.0
2021-06-08,13845.0,13900.0,13740.0,13760.0,1030.0
2021-06-09,13760.0,13795.0,13610.0,13655.0,1170.0
2021-06-10,13655.0,13655.0,13535.0,13550.0,1700.0
2021-06-11,13540.0,13710.0,13535.0,13615.0,1280.0
2021-06-14,13575.0,13610.0,13400.0,13440.0,1450.0
2021-06-15,13440.0,13440.0,13440.0,13440.0,80.0
2021-06-16,13440.0,13440.0,13440.0,13440.0,10.0
2021-06-17,13705.0,13705.0,13705.0,13705.0,
2021-06-18,13280.0,13280.0,13280.0,13640.0,
2021-06-21,13300.0,13395.0,13300.0,13345.0,560.0
2021-06-22,13350.0,13500.0,13340.0,13480.0,870.0
2021-06-23,13495.0,13495.0,13420.0,13455.0,440.0
2021-06-24,13430.0,13445.0,13370.0,13395.0,270.0
2021-06-25,13370.0,13580.0,13350.0,13560.0,1290.0
2021-06-28,13545.0,13570.0,13440.0,13470.0,460.0
2021-06-29,13450.0,13505.0,13360.0,13475.0,450.0
2021-06-30,13440.0,13450.0,13355.0,13380.0,370.0
2021-07-01,13380.0,13400.0,13100.0,13125.0,1210.0
2021-07-02,13130.0,13250.0,13120.0,13215.0,1120.0
2021-07-05,13180.0,13330.0,13150.0,13185.0,600.0
2021-07-06,13200.0,13230.0,13150.0,13175.0,800.0
2021-07-07,13195.0,13230.0,13150.0,13180.0,910.0
2021-07-08,13165.0,13185.0,13100.0,13160.0,810.0
2021-07-09,13160.0,13180.0,13060.0,13100.0,1210.0
2021-07-12,13095.0,13100.0,13045.0,13050.0,980.0
2021-07-13,13040.0,13045.0,12955.0,13010.0,1050.0
2021-07-14,12985.0,13100.0,12985.0,13065.0,1020.0
2021-07-15,13200.0,13220.0,13160.0,13180.0,70.0
2021-07-16,13260.0,13360.0,13260.0,13325.0,120.0
2021-07-19,13380.0,13500.0,13380.0,13465.0,270.0
2021-07-20,13450.0,13490.0,13445.0,13470.0,90.0
2021-07-21,13545.0,13545.0,13545.0,13545.0,
2021-07-22,13575.0,13685.0,13475.0,13580.0,1100.0
2021-07-23,13620.0,13670.0,13580.0,13630.0,620.0
2021-07-26,13560.0,13600.0,13285.0,13400.0,1230.0
2021-07-27,13365.0,13420.0,13325.0,13345.0,380.0
2021-07-28,13305.0,13330.0,13135.0,13165.0,970.0
2021-07-29,13170.0,13295.0,13170.0,13210.0,500.0
2021-07-30,13270.0,13345.0,13235.0,13285.0,650.0
2021-08-02,13265.0,13420.0,13185.0,13250.0,600.0
2021-08-03,13255.0,13285.0,13160.0,13265.0,680.0
2021-08-04,13225.0,13330.0,13210.0,13305.0,590.0
2021-08-05,13320.0,13520.0,13320.0,13460.0,1520.0
2021-08-06,13525.0,13525.0,13320.0,13350.0,790.0
2021-08-09,13375.0,13375.0,13160.0,13215.0,800.0
2021-08-10,13155.0,13195.0,13075.0,13110.0,1350.0
2021-08-11,13145.0,13150.0,13025.0,13045.0,1350.0
2021-08-12,13025.0,13280.0,13025.0,13225.0,1160.0
2021-08-13,13295.0,13465.0,13150.0,13210.0,1520.0
2021-08-16,13600.0,13730.0,13600.0,13705.0,90.0
2021-08-17,14005.0,14005.0,14005.0,14005.0,
2021-08-18,14205.0,14205.0,14205.0,14205.0,
2021-08-19,14205.0,14205.0,14205.0,14205.0,
2021-08-20,14490.0,14490.0,14490.0,14220.0,
2021-08-23,14480.0,14700.0,14365.0,14665.0,1550.0
2021-08-24,14700.0,15470.0,14650.0,15395.0,4590.0
2021-08-25,15535.0,15915.0,15450.0,15540.0,4770.0
2021-08-26,15390.0,15450.0,14955.0,15060.0,2970.0
2021-08-27,15005.0,15210.0,14460.0,14600.0,2670.0
2021-08-30,14575.0,14840.0,14440.0,14660.0,1590.0
2021-08-31,14610.0,14810.0,14360.0,14440.0,1070.0
2021-09-01,14375.0,14490.0,14250.0,14435.0,990.0
2021-09-02,14400.0,14760.0,14355.0,14500.0,1590.0
2021-09-03,14470.0,14675.0,14320.0,14450.0,980.0
2021-09-06,14405.0,14620.0,14400.0,14425.0,660.0
2021-09-07,14550.0,14650.0,14420.0,14550.0,920.0
2021-09-08,14555.0,14735.0,14555.0,14645.0,1120.0
2021-09-09,14615.0,14700.0,14415.0,14475.0,2130.0
2021-09-10,14475.0,14475.0,14475.0,14475.0,
2021-09-13,14400.0,14430.0,14240.0,14255.0,1010.0
2021-09-14,14180.0,14380.0,14160.0,14225.0,1300.0
2021-09-15,14525.0,14545.0,14450.0,14500.0,300.0
2021-09-16,14600.0,14600.0,14600.0,14600.0,
2021-09-17,14400.0,14400.0,14150.0,14220.0,40.0
2021-09-20,14000.0,14000.0,13820.0,13905.0,80.0
2021-09-21,14150.0,14390.0,14150.0,14350.0,1130.0
2021-09-22,14380.0,14380.0,14160.0,14190.0,990.0
2021-09-23,14225.0,14250.0,14095.0,14210.0,630.0
2021-09-24,14230.0,14445.0,14230.0,14375.0,1240.0
2021-09-27,14400.0,14690.0,14400.0,14540.0,1720.0
2021-09-28,14540.0,14790.0,14505.0,14685.0,1010.0
2021-09-29,14720.0,14795.0,14650.0,14765.0,1040.0
2021-09-30,14780.0,14835.0,14605.0,14630.0,1050.0
2021-10-01,14620.0,14620.0,14460.0,14500.0,900.0
2021-10-04,14425.0,14430.0,14225.0,14320.0,740.0
2021-10-05,14355.0,14490.0,14320.0,14390.0,490.0
2021-10-06,14405.0,14485.0,14325.0,14420.0,440.0
2021-10-07,14400.0,14580.0,14400.0,14420.0,1130.0
2021-10-08,14395.0,14515.0,14350.0,14420.0,1030.0
2021-10-11,14410.0,14610.0,14410.0,14540.0,1070.0
2021-10-12,14575.0,15120.0,14565.0,14770.0,1460.0
2021-10-13,14850.0,14900.0,14460.0,14560.0,1340.0
2021-10-14,14600.0,14610.0,14600.0,14610.0,60.0
2021-10-15,14610.0,14610.0,14610.0,14610.0,
2021-10-18,14600.0,14695.0,14600.0,14640.0,200.0
2021-10-19,14625.0,14625.0,14530.0,14565.0,70.0
2021-10-20,14400.0,14400.0,14400.0,14400.0,260.0
2021-10-21,14575.0,14750.0,14575.0,14715.0,1620.0
2021-10-22,14740.0,14770.0,14615.0,14690.0,950.0
2021-10-25,14770.0,15125.0,14730.0,15035.0,2690.0
2021-10-26,15090.0,15320.0,15060.0,15190.0,2860.0
2021-10-27,15170.0,15345.0,15155.0,15280.0,2040.0
2021-10-28,15170.0,15380.0,14855.0,15045.0,2120.0
2021-10-29,15095.0,15155.0,14900.0,14965.0,1090.0
2021-11-01,15000.0,15230.0,15000.0,15135.0,1670.0
2021-11-02,15145.0,15280.0,15100.0,15130.0,1110.0
2021-11-03,15195.0,15350.0,15100.0,15280.0,2070.0
2021-11-04,15370.0,15430.0,15340.0,15360.0,580.0
2021-11-05,15360.0,15360.0,15360.0,15360.0,
2021-11-08,15400.0,15585.0,15400.0,15570.0,2060.0
2021-11-09,15570.0,15580.0,15485.0,15525.0,1660.0
2021-11-10,15500.0,15590.0,15200.0,15275.0,1440.0
2021-11-11,15350.0,15650.0,15245.0,15535.0,1350.0
2021-11-12,15580.0,15965.0,15580.0,15845.0,1210.0
2021-11-15,16120.0,16230.0,16000.0,16075.0,170.0
2021-11-16,16000.0,16040.0,16000.0,16020.0,10.0
2021-11-17,16200.0,16200.0,16200.0,16200.0,20.0
2021-11-18,16700.0,16700.0,16450.0,16575.0,40.0
2021-11-19,16530.0,16530.0,16530.0,16530.0,
2021-11-22,16520.0,16600.0,16120.0,16260.0,3530.0
2021-11-23,16270.0,16540.0,16215.0,16475.0,2990.0
2021-11-24,16490.0,16675.0,16325.0,16360.0,2220.0
2021-11-25,16350.0,16350.0,15920.0,15975.0,3780.0
2021-11-26,15920.0,16005.0,15680.0,15805.0,3330.0
2021-11-29,15900.0,16100.0,15665.0,15925.0,3110.0
2021-11-30,16035.0,16110.0,15830.0,15980.0,1470.0
2021-12-01,16000.0,16100.0,15770.0,15960.0,2200.0
2021-12-02,15810.0,15860.0,15530.0,15575.0,2180.0
2021-12-03,15440.0,15680.0,15430.0,15665.0,1450.0
2021-12-06,16010.0,16290.0,15950.0,16090.0,2540.0
2021-12-07,16045.0,16180.0,15910.0,16150.0,1730.0
2021-12-08,16195.0,16195.0,15970.0,16035.0,840.0
2021-12-09,15965.0,16140.0,15925.0,16065.0,1500.0
2021-12-10,16030.0,16050.0,15880.0,15925.0,990.0
2021-12-13,15950.0,16035.0,15840.0,15880.0,960.0
2021-12-14,15745.0,16075.0,15745.0,16050.0,2110.0
2021-12-15,16370.0,16370.0,16060.0,16085.0,510.0
2021-12-16,16050.0,16115.0,16050.0,16080.0,40.0
2021-12-17,16160.0,16240.0,16130.0,16200.0,110.0
2021-12-20,16050.0,16200.0,16040.0,16190.0,1090.0
2021-12-21,16340.0,16545.0,16260.0,16345.0,3780.0
2021-12-22,16330.0,16330.0,16105.0,16210.0,2400.0
2021-12-23,16180.0,16290.0,16150.0,16245.0,1140.0
2021-12-24,16310.0,16310.0,16080.0,16195.0,2380.0
2021-12-27,16210.0,16240.0,16115.0,16170.0,870.0
2021-12-28,16230.0,16255.0,16160.0,16190.0,1040.0
2021-12-29,16175.0,16200.0,16070.0,16125.0,1100.0
2021-12-30,16080.0,16130.0,16045.0,16065.0,890.0
2021-12-31,16020.0,16295.0,15910.0,16255.0,3060.0
2022-01-03,16385.0,16750.0,16385.0,16610.0,4130.0
2022-01-04,16600.0,16900.0,16560.0,16885.0,3080.0
2022-01-05,16910.0,17100.0,16840.0,16995.0,2600.0
2022-01-06,17115.0,17125.0,16770.0,16970.0,2009.9999999999998
2022-01-07,17030.0,17385.0,17000.0,17210.0,2400.0
2022-01-10,17360.0,17615.0,17250.0,17390.0,1440.0
2022-01-11,17370.0,17500.0,17140.0,17485.0,1760.0
2022-01-12,17600.0,17750.0,17465.0,17680.0,2240.0
2022-01-13,17700.0,17780.0,17430.0,17460.0,1420.0
2022-01-14,17190.0,17515.0,17190.0,17420.0,770.0
2022-01-17,17400.0,17500.0,17310.0,17475.0,840.0
2022-01-18,17500.0,17620.0,17500.0,17575.0,120.0
2022-01-19,17650.0,17650.0,17450.0,17610.0,20.0
2022-01-20,17450.0,17450.0,17295.0,17320.0,110.0
2022-01-21,18050.0,18390.0,18010.0,18305.0,2630.0
2022-01-24,18430.0,18935.0,18430.0,18825.0,5300.0
2022-01-25,18930.0,19330.0,18725.0,19265.0,3850.0
2022-01-27,19950.0,19950.0,19310.0,19450.0,6500.0
2022-01-28,19435.0,19600.0,19225.0,19360.0,5250.0
2022-01-31,19400.0,19620.0,19325.0,19465.0,2830.0
2022-02-01,19500.0,19640.0,19180.0,19290.0,2530.0
2022-02-02,19265.0,19290.0,19055.0,19110.0,1800.0
2022-02-03,19150.0,20140.0,19080.0,19900.0,6680.0
2022-02-04,19985.0,20440.0,19985.0,20175.0,6380.0
2022-02-07,20500.0,20700.0,20210.0,20265.0,6760.0
2022-02-08,20200.0,20940.0,20075.0,20895.0,5980.0
2022-02-09,20940.0,21200.0,20515.0,20745.0,6220.0
2022-02-10,20645.0,21070.0,20620.0,21000.0,4830.0
2022-02-11,21025.0,21100.0,20695.0,20860.0,3810.0
2022-02-14,21180.0,21440.0,21015.0,21365.0,5470.0
2022-02-15,21300.0,21430.0,20995.0,21055.0,4370.0
2022-02-16,21085.0,21250.0,20865.0,21055.0,4450.0
2022-02-17,21150.0,21675.0,21070.0,21590.0,5580.0
2022-02-18,21680.0,22140.0,21590.0,22115.0,6250.0
2022-02-21,22175.0,22500.0,21705.0,21830.0,8390.0
2022-02-22,21705.0,22490.0,21455.0,22280.0,8450.0
2022-02-23,22365.0,22585.0,21875.0,21985.0,6850.0
2022-02-24,21860.0,21870.0,20670.0,20725.0,9200.0
2022-02-25,20890.0,21945.0,20870.0,21850.0,6560.0
2022-02-28,21640.0,21640.0,20820.0,21150.0,4810.0
2022-03-01,21150.0,21150.0,21150.0,21150.0,
2022-03-02,20875.0,21375.0,20575.0,21005.0,2850.0
2022-03-03,21115.0,21440.0,20740.0,21080.0,3290.0
2022-03-04,21095.0,21130.0,20630.0,20715.0,2770.0
2022-03-07,20675.0,20685.0,19965.0,20155.0,2860.0
2022-03-08,20265.0,20630.0,19350.0,20515.0,5270.0
2022-03-09,20650.0,21250.0,20580.0,20990.0,3290.0
2022-03-10,21090.0,21450.0,20900.0,20990.0,3230.0
2022-03-11,21010.0,21400.0,20400.0,20890.0,4100.0
2022-03-14,21190.0,21195.0,20885.0,21000.0,760.0
2022-03-15,20650.0,20650.0,20380.0,20420.0,100.0
2022-03-16,20300.0,20400.0,20100.0,20265.0,500.0
2022-03-17,20450.0,20600.0,20280.0,20475.0,170.0
2022-03-18,20815.0,20815.0,20815.0,20815.0,
2022-03-21,20890.0,20955.0,20655.0,20780.0,2570.0
2022-03-22,20585.0,21330.0,20310.0,21270.0,4430.0
2022-03-23,21300.0,21780.0,21260.0,21715.0,5500.0
2022-03-24,21715.0,21980.0,21535.0,21765.0,4100.0
2022-03-25,21700.0,21850.0,21410.0,21675.0,3810.0
2022-03-28,21560.0,21770.0,21450.0,21705.0,2480.0
2022-03-29,21740.0,21890.0,21590.0,21680.0,1760.0
2022-03-30,21835.0,21835.0,21330.0,21390.0,2290.0
2022-03-31,21450.0,21640.0,21125.0,21530.0,3530.0
2022-04-01,21530.0,22665.0,21515.0,22415.0,6050.0
2022-04-04,22580.0,22870.0,22250.0,22465.0,5870.0
2022-04-05,22580.0,23240.0,22520.0,23120.0,5650.0
2022-04-06,22975.0,23110.0,22690.0,22790.0,2540.0
2022-04-07,22785.0,23010.0,22595.0,22680.0,2540.0
2022-04-08,22605.0,22695.0,22280.0,22325.0,2960.0
2022-04-11,22330.0,22640.0,22110.0,22345.0,2920.0
2022-04-12,22450.0,22620.0,22320.0,22575.0,1720.0
2022-04-13,22655.0,22710.0,22130.0,22455.0,310.0
2022-04-14,22455.0,22455.0,22455.0,22455.0,
2022-04-18,22200.0,22200.0,21760.0,21810.0,230.0
2022-04-19,21950.0,21990.0,21550.0,21885.0,40.0
2022-04-20,21775.0,21900.0,21775.0,21845.0,20.0
2022-04-21,22130.0,22700.0,22105.0,22650.0,4590.0
2022-04-22,22605.0,22660.0,22280.0,22375.0,2440.0
2022-04-25,22420.0,22685.0,22350.0,22445.0,3540.0
2022-04-26,22410.0,22585.0,21870.0,22130.0,3440.0
2022-04-27,22160.0,22340.0,21900.0,22295.0,2670.0
2022-04-28,22280.0,22340.0,21925.0,22035.0,2220.0
2022-04-29,22035.0,22180.0,21825.0,21885.0,2410.0
2022-05-02,21925.0,21925.0,21370.0,21475.0,2860.0
2022-05-03,21475.0,21475.0,21475.0,21475.0,
2022-05-04,21475.0,21650.0,21280.0,21400.0,3040.0
2022-05-05,21530.0,21530.0,20545.0,20780.0,4900.0
2022-05-06,20715.0,21000.0,20470.0,20980.0,2840.0
2022-05-09,21050.0,21170.0,20845.0,20885.0,2960.0
2022-05-10,20870.0,20870.0,20615.0,20750.0,3740.0
2022-05-11,20745.0,21090.0,20740.0,21025.0,1480.0
2022-05-12,21030.0,21700.0,20905.0,21590.0,1210.0
2022-05-13,21665.0,22050.0,21650.0,21805.0,1220.0
2022-05-16,22070.0,22315.0,22020.0,22050.0,680.0
2022-05-17,22150.0,22150.0,22150.0,22150.0,20.0
2022-05-18,21930.0,21930.0,21830.0,21860.0,30.0
2022-05-19,21765.0,21765.0,21400.0,21555.0,20.0
2022-05-20,21750.0,21750.0,21750.0,21555.0,170.0
2022-05-23,21865.0,21890.0,21440.0,21660.0,1880.0
2022-05-24,21685.0,21790.0,21515.0,21745.0,1350.0
2022-05-25,21675.0,21700.0,21110.0,21280.0,3170.0
2022-05-26,21225.0,21440.0,21175.0,21350.0,1370.0
2022-05-27,21380.0,21650.0,21380.0,21460.0,1480.0
2022-05-30,21480.0,21615.0,21345.0,21410.0,1250.0
2022-05-31,21380.0,21545.0,20935.0,21195.0,2500.0
2022-06-01,21190.0,21220.0,20875.0,20955.0,2520.0
2022-06-02,20960.0,21105.0,20880.0,21050.0,1340.0
2022-06-03,21000.0,21420.0,20955.0,21295.0,2390.0
2022-06-06,21430.0,21430.0,21250.0,21275.0,880.0
2022-06-07,21275.0,21480.0,21165.0,21215.0,2520.0
2022-06-08,21295.0,21320.0,21220.0,21300.0,2150.0
2022-06-09,21250.0,21370.0,21055.0,21135.0,1830.0
2022-06-10,20905.0,21300.0,20850.0,21175.0,2850.0
2022-06-13,21235.0,21500.0,21170.0,21230.0,2320.0
2022-06-14,21225.0,21225.0,21050.0,21105.0,1170.0
2022-06-15,21200.0,21240.0,21190.0,21230.0,230.0
2022-06-16,21225.0,21335.0,21015.0,21150.0,140.0
2022-06-17,21100.0,21160.0,20900.0,21080.0,230.0
2022-06-20,20810.0,20860.0,20500.0,20660.0,130.0
2022-06-21,20650.0,20930.0,20550.0,20785.0,1540.0
2022-06-22,20760.0,20850.0,20675.0,20750.0,1130.0
2022-06-23,20660.0,21140.0,20660.0,21090.0,2810.0
2022-06-24,21095.0,21255.0,20960.0,21070.0,1740.0
2022-06-27,21100.0,21360.0,20960.0,21320.0,2240.0
2022-06-28,21340.0,21445.0,21250.0,21370.0,2110.0
2022-06-29,21430.0,21495.0,21030.0,21190.0,2600.0
2022-06-30,21240.0,21400.0,21060.0,21310.0,2150.0
2022-07-01,21325.0,21600.0,21195.0,21535.0,2160.0
2022-07-04,21660.0,22070.0,21560.0,21990.0,4310.0
2022-07-05,21875.0,22240.0,21830.0,21880.0,2920.0
2022-07-06,21805.0,22105.0,21700.0,21995.0,2130.0
2022-07-07,22020.0,22090.0,21530.0,21705.0,2290.0
2022-07-08,21930.0,21930.0,21595.0,21780.0,2440.0
2022-07-11,21850.0,21955.0,21670.0,21840.0,2070.0
2022-07-12,21815.0,22790.0,21760.0,22625.0,2710.0
2022-07-13,22760.0,22900.0,22470.0,22750.0,1370.0
2022-07-14,22870.0,23035.0,22630.0,22665.0,970.0
2022-07-15,22650.0,22650.0,22600.0,22620.0,170.0
2022-07-18,23035.0,23300.0,23035.0,23245.0,220.0
2022-07-19,23400.0,23600.0,23260.0,23600.0,140.0
2022-07-20,23390.0,23540.0,23390.0,23465.0,90.0
2022-07-21,23650.0,23980.0,23600.0,23900.0,4260.0
2022-07-22,23900.0,24100.0,23725.0,23890.0,4320.0
2022-07-25,23880.0,23950.0,23420.0,23500.0,2970.0
2022-07-26,23460.0,23700.0,23210.0,23650.0,3870.0
2022-07-27,23650.0,24300.0,23225.0,23680.0,4080.0
2022-07-28,23640.0,23840.0,23535.0,23735.0,1880.0
2022-07-29,23715.0,23930.0,23625.0,23790.0,3130.0
2022-08-01,23990.0,24440.0,23980.0,24165.0,4530.0
2022-08-02,24100.0,24200.0,23915.0,24060.0,2100.0
2022-08-03,24050.0,24050.0,23560.0,23810.0,2450.0
2022-08-04,23800.0,24000.0,23710.0,23875.0,2500.0
2022-08-05,23925.0,23950.0,23600.0,23730.0,2090.0
2022-08-08,23705.0,23730.0,23345.0,23435.0,2670.0
2022-08-10,23500.0,23630.0,23210.0,23430.0,4019.9999999999995
2022-08-11,23460.0,23570.0,23235.0,23360.0,2210.0
2022-08-12,23450.0,24290.0,23450.0,24285.0,580.0
2022-08-16,24250.0,24500.0,24150.0,24320.0,60.0
2022-08-17,24520.0,24540.0,24445.0,24485.0,400.0
2022-08-18,24600.0,24660.0,24600.0,24630.0,100.0
2022-08-19,25440.0,25520.0,24765.0,24910.0,4070.0000000000005
2022-08-22,24930.0,24930.0,24610.0,24705.0,1770.0
2022-08-23,24605.0,25015.0,24550.0,24895.0,2310.0
2022-08-24,24980.0,25860.0,24950.0,25745.0,4850.0
2022-08-25,25690.0,25830.0,25300.0,25450.0,2770.0
2022-08-26,25450.0,25565.0,25350.0,25475.0,1230.0
2022-08-29,25640.0,25640.0,24910.0,25110.0,2130.0
2022-08-30,25195.0,25225.0,25020.0,25155.0,1190.0
2022-09-01,25120.0,25255.0,24675.0,25180.0,1970.0
2022-09-02,25290.0,25445.0,24970.0,25225.0,2150.0
2022-09-05,25140.0,25185.0,24875.0,25125.0,1920.0
2022-09-06,25090.0,25090.0,24210.0,24640.0,2470.0
2022-09-07,24640.0,24770.0,24175.0,24425.0,1730.0
2022-09-08,24350.0,24600.0,24220.0,24520.0,1320.0
2022-09-09,24680.0,24740.0,24435.0,24505.0,2110.0
2022-09-12,24440.0,24760.0,24260.0,24715.0,2150.0
2022-09-13,24800.0,25090.0,24715.0,24830.0,1980.0
2022-09-14,24775.0,24905.0,24710.0,24820.0,1200.0
2022-09-15,24865.0,24915.0,24865.0,24900.0,70.0
2022-09-16,24755.0,24760.0,24500.0,24670.0,70.0
2022-09-19,24235.0,24340.0,23685.0,24230.0,60.0
2022-09-20,23900.0,23900.0,23900.0,23900.0,50.0
2022-09-21,24745.0,24925.0,24560.0,24805.0,2280.0
2022-09-22,24860.0,24990.0,24640.0,24910.0,2190.0
2022-09-23,24990.0,25120.0,24820.0,24940.0,2060.0
2022-09-26,24830.0,25090.0,24650.0,24815.0,1730.0
2022-09-27,24705.0,25040.0,24705.0,24865.0,860.0
2022-09-28,24870.0,24915.0,24310.0,24405.0,2470.0
2022-09-29,24340.0,24470.0,24140.0,24420.0,1960.0
2022-09-30,24450.0,24670.0,24450.0,24585.0,1170.0
2022-10-03,24600.0,24725.0,23780.0,23935.0,2580.0
2022-10-04,23950.0,24120.0,23570.0,23950.0,2360.0
2022-10-06,24040.0,24085.0,23520.0,23690.0,1520.0
2022-10-07,23700.0,23815.0,23570.0,23710.0,1390.0
2022-10-10,23655.0,24290.0,22950.0,24005.0,2910.0
2022-10-11,24000.0,24040.0,23580.0,23685.0,1780.0
2022-10-12,23500.0,23635.0,23385.0,23525.0,1600.0
2022-10-13,23550.0,23950.0,23510.0,23570.0,1800.0
2022-10-14,23410.0,23580.0,23050.0,23100.0,2080.0
2022-10-17,23200.0,23205.0,23100.0,23125.0,160.0
2022-10-18,23100.0,23100.0,22800.0,22900.0,220.0
2022-10-19,22900.0,23150.0,22900.0,22985.0,120.0
2022-10-20,23400.0,23400.0,23400.0,23400.0,10.0
2022-10-21,24085.0,24190.0,23800.0,23920.0,830.0
2022-10-24,23975.0,23990.0,23825.0,23955.0,210.0
2022-10-25,23955.0,24125.0,23930.0,24095.0,230.0
2022-10-27,24070.0,24775.0,24025.0,24250.0,2440.0
2022-10-28,24260.0,24325.0,24060.0,24200.0,850.0
2022-10-31,24280.0,24280.0,23620.0,23860.0,2300.0
2022-11-01,23805.0,24330.0,23745.0,24225.0,1550.0
2022-11-02,24300.0,24470.0,24150.0,24315.0,1700.0
2022-11-03,24300.0,24570.0,24225.0,24390.0,1320.0
2022-11-04,24410.0,25000.0,24270.0,24810.0,3420.0
2022-11-07,24900.0,25800.0,24650.0,24895.0,2340.0
2022-11-09,24810.0,25000.0,24710.0,24865.0,2390.0
2022-11-10,24830.0,24830.0,24305.0,24395.0,1380.0
2022-11-11,24450.0,24690.0,24450.0,24565.0,1170.0
2022-11-14,24280.0,24685.0,23825.0,24545.0,1270.0
2022-11-15,24460.0,24605.0,24350.0,24510.0,470.0
2022-11-16,24505.0,24640.0,24505.0,24605.0,220.0
2022-11-17,24580.0,24580.0,23625.0,24230.0,100.0
2022-11-18,23810.0,24350.0,23810.0,24300.0,370.0
2022-11-21,24750.0,24965.0,24465.0,24725.0,2130.0
2022-11-22,24800.0,24800.0,24420.0,24480.0,2160.0
2022-11-23,24535.0,24535.0,24150.0,24445.0,1070.0
2022-11-24,24450.0,24465.0,23960.0,24075.0,1720.0
2022-11-25,23880.0,24080.0,23420.0,23570.0,2330.0
2022-11-28,23600.0,24510.0,23560.0,24320.0,2360.0
2022-11-29,24560.0,24895.0,24560.0,24690.0,2420.0
2022-11-30,24680.0,24785.0,24480.0,24690.0,1500.0
2022-12-01,24700.0,25415.0,24700.0,25235.0,2690.0
2022-12-02,25200.0,25600.0,24765.0,25120.0,2800.0
2022-12-05,25400.0,25800.0,25150.0,25365.0,1760.0
2022-12-06,25425.0,25700.0,25250.0,25430.0,1270.0
2022-12-07,25470.0,25620.0,25225.0,25570.0,980.0
2022-12-08,25650.0,26080.0,25650.0,25995.0,1730.0
2022-12-09,26045.0,26350.0,25535.0,26200.0,1290.0
2022-12-12,26940.0,26940.0,26520.0,26680.0,970.0
2022-12-13,26540.0,27135.0,25755.0,27055.0,1880.0
2022-12-14,27090.0,27400.0,26930.0,27330.0,1640.0
2022-12-15,27330.0,27410.0,27330.0,27370.0,170.0
2022-12-16,27015.0,27060.0,26850.0,26980.0,90.0
2022-12-19,27365.0,27760.0,27365.0,27745.0,130.0
2022-12-20,27700.0,28540.0,27700.0,28515.0,100.0
2022-12-21,28875.0,29200.0,28265.0,28675.0,3780.0
2022-12-22,28555.0,29680.0,28375.0,29375.0,3710.0
2022-12-23,29650.0,30390.0,29310.0,30080.0,4340.0
2022-12-26,29900.0,30250.0,29235.0,29865.0,4840.0
2022-12-27,29710.0,30050.0,29410.0,29710.0,2200.0
2022-12-28,29810.0,30250.0,29600.0,30060.0,3150.0
2022-12-29,29825.0,30490.0,29810.0,30380.0,2340.0
2022-12-30,30520.0,31645.0,30485.0,31220.0,3820.0
2023-01-02,31960.0,33090.0,31940.0,33090.0,3710.0
2023-01-03,33490.0,34660.0,32750.0,33500.0,6440.0
2023-01-04,33480.0,34450.0,32960.0,34160.0,1810.0
2023-01-05,34625.0,34625.0,33250.0,33455.0,1210.0
2023-01-06,33260.0,34070.0,33055.0,33990.0,1170.0
2023-01-09,34990.0,35620.0,34055.0,35470.0,1960.0
2023-01-10,35225.0,35275.0,34085.0,34250.0,2020.0
2023-01-11,34200.0,35200.0,34110.0,34795.0,1440.0
2023-01-12,34910.0,35150.0,34250.0,34530.0,1680.0
2023-01-13,34460.0,35795.0,34360.0,35375.0,1910.0
2023-01-16,36790.0,36790.0,34000.0,34345.0,1030.0
2023-01-17,33720.0,34690.0,33720.0,33910.0,260.0
2023-01-18,33900.0,33900.0,33900.0,33900.0,430.0
2023-01-19,33810.0,33950.0,33540.0,33690.0,60.0
2023-01-20,33000.0,33180.0,32860.0,32875.0,250.0
2023-01-23,33930.0,34100.0,32215.0,32215.0,3410.0
2023-01-24,32015.0,32470.0,31745.0,32385.0,3500.0
2023-01-25,32380.0,32400.0,31110.0,31485.0,3550.0
2023-01-27,31300.0,31990.0,30250.0,30940.0,3050.0
2023-01-30,31800.0,32100.0,31170.0,31705.0,2960.0
2023-01-31,31405.0,32970.0,31180.0,32595.0,4330.0
2023-02-01,32400.0,32840.0,31625.0,32215.0,2000.0
2023-02-02,32385.0,33090.0,32150.0,32985.0,2070.0
2023-02-03,33000.0,34645.0,33000.0,34205.0,3050.0
2023-02-06,33805.0,33900.0,32500.0,32615.0,2330.0
2023-02-07,32205.0,32900.0,32060.0,32760.0,1790.0
2023-02-08,32800.0,33130.0,32255.0,32615.0,1550.0
2023-02-09,32485.0,33290.0,32485.0,33165.0,960.0
2023-02-10,33215.0,33400.0,32725.0,32950.0,1220.0
2023-02-13,32300.0,32395.0,31340.0,31545.0,2009.9999999999998
2023-02-14,31350.0,31415.0,30310.0,30495.0,2920.0
2023-02-15,30600.0,31135.0,30010.0,31040.0,1890.0
2023-02-16,31010.0,31305.0,30620.0,30800.0,1400.0
2023-02-17,31520.0,31520.0,30330.0,30495.0,1240.0
2023-02-20,30315.0,30315.0,29525.0,29800.0,1830.0
2023-02-21,29775.0,30595.0,29650.0,30270.0,1750.0
2023-02-22,30230.0,31720.0,30230.0,31315.0,2160.0
2023-02-23,31970.0,31970.0,30570.0,30875.0,1770.0
2023-02-24,30845.0,31800.0,30560.0,31600.0,1940.0
2023-02-27,32040.0,32745.0,31720.0,31925.0,2670.0
2023-02-28,31855.0,32310.0,31505.0,32005.0,2190.0
2023-03-01,32050.0,32100.0,31190.0,31375.0,1450.0
2023-03-02,31000.0,31230.0,29700.0,30020.0,2610.0
2023-03-03,29850.0,30370.0,29355.0,30235.0,2160.0
2023-03-06,30190.0,30190.0,29680.0,29985.0,1300.0
2023-03-08,30500.0,30810.0,30245.0,30325.0,940.0
2023-03-09,30300.0,30450.0,29900.0,30360.0,1080.0
2023-03-10,30480.0,31080.0,30450.0,30640.0,1400.0
2023-03-13,30570.0,31095.0,30435.0,31015.0,980.0
2023-03-14,31000.0,32030.0,31000.0,31975.0,1270.0
2023-03-15,31825.0,32085.0,31825.0,31890.0,80.0
2023-03-16,31995.0,31995.0,31685.0,31840.0,70.0
2023-03-17,32815.0,33110.0,32625.0,32815.0,40.0
2023-03-20,33550.0,33805.0,32880.0,33365.0,110.0
2023-03-21,32885.0,33940.0,32810.0,33795.0,2750.0
2023-03-22,33910.0,35110.0,33525.0,34965.0,4820.0
2023-03-23,35150.0,35175.0,34525.0,34790.0,2230.0
2023-03-24,34890.0,35480.0,34825.0,34965.0,3950.0
2023-03-27,35260.0,35780.0,34560.0,34720.0,3200.0
2023-03-28,35025.0,35990.0,34650.0,35805.0,3250.0
2023-03-29,35800.0,36090.0,35110.0,35430.0,2420.0
2023-03-31,35685.0,35890.0,35470.0,35605.0,1730.0
2023-04-03,35640.0,35700.0,34650.0,35055.0,2920.0
2023-04-05,35170.0,36455.0,35170.0,36315.0,3680.0
2023-04-06,36745.0,37245.0,36240.0,37125.0,3030.0
2023-04-10,38610.0,39350.0,38610.0,39350.0,880.0
2023-04-11,40920.0,41490.0,39500.0,39815.0,2660.0
2023-04-12,39000.0,41405.0,38885.0,41290.0,2000.0
2023-04-13,41840.0,42080.0,40000.0,41360.0,1020.0
2023-04-17,40505.0,40505.0,39720.0,40190.0,120.0
2023-04-18,39710.0,40400.0,39710.0,40175.0,50.0
2023-04-19,39585.0,39860.0,39585.0,39725.0,20.0
2023-04-20,41300.0,41300.0,41300.0,41300.0,20.0
2023-04-21,41300.0,41850.0,40675.0,40890.0,2850.0
2023-04-24,40950.0,40970.0,40210.0,40445.0,2240.0
2023-04-25,40045.0,40190.0,38830.0,39945.0,3390.0
2023-04-26,40000.0,40870.0,39650.0,40680.0,2520.0
2023-04-27,41000.0,43120.0,40915.0,43045.0,5260.0
2023-04-28,43895.0,44275.0,43070.0,43735.0,4820.0
2023-05-02,45480.0,46250.0,44990.0,45560.0,4300.0
2023-05-03,45480.0,45780.0,44005.0,45490.0,2980.0
2023-05-04,45300.0,46320.0,44960.0,45290.0,2520.0
2023-05-05,45350.0,47100.0,44860.0,46560.0,2450.0
2023-05-08,48420.0,48420.0,47370.0,47715.0,2780.0
2023-05-09,48145.0,48145.0,46260.0,46850.0,1530.0
2023-05-10,47100.0,49280.0,47050.0,47890.0,1820.0
2023-05-11,47520.0,48100.0,47365.0,47710.0,1350.0
2023-05-12,47750.0,48030.0,46680.0,47110.0,1290.0
2023-05-15,46605.0,46760.0,45830.0,45915.0,1060.0
2023-05-16,45300.0,45500.0,44080.0,44375.0,140.0
2023-05-17,45250.0,46300.0,45250.0,45990.0,70.0
2023-05-18,46200.0,46200.0,44155.0,45090.0,80.0
2023-05-19,44300.0,46810.0,44300.0,44920.0,50.0
2023-05-22,45925.0,46425.0,44120.0,44645.0,2620.0
2023-05-23,44635.0,44845.0,43200.0,44100.0,3850.0
2023-05-24,44200.0,44790.0,43900.0,44695.0,1500.0
2023-05-25,44750.0,44750.0,43500.0,43710.0,1910.0
2023-05-26,43795.0,44190.0,42880.0,44015.0,2560.0
2023-05-29,43750.0,45775.0,43600.0,45305.0,2770.0
2023-05-30,45800.0,46280.0,44890.0,45030.0,2780.0
2023-05-31,44705.0,44900.0,44275.0,44530.0,1390.0
2023-06-01,44350.0,44960.0,44150.0,44400.0,1060.0
2023-06-02,44620.0,45200.0,44180.0,44765.0,1370.0
2023-06-05,45340.0,45970.0,45050.0,45305.0,1390.0
2023-06-06,45320.0,46300.0,45000.0,45935.0,1840.0
2023-06-07,46445.0,47000.0,45705.0,46850.0,2140.0
2023-06-08,46750.0,47800.0,46355.0,47525.0,1440.0
2023-06-09,47515.0,48290.0,46420.0,46610.0,1730.0
2023-06-12,46760.0,48470.0,46160.0,48185.0,1960.0
2023-06-13,48450.0,49230.0,48155.0,49045.0,1990.0
2023-06-14,49000.0,49700.0,48800.0,49365.0,770.0
2023-06-15,49570.0,49570.0,48860.0,49255.0,190.0
2023-06-16,48625.0,49010.0,48510.0,48820.0,110.0
2023-06-19,50765.0,50770.0,50765.0,50770.0,40.0
2023-06-20,52740.0,52740.0,52695.0,52720.0,50.0
2023-06-21,51420.0,54780.0,51410.0,53640.0,3570.0
2023-06-22,54140.0,55090.0,53770.0,54510.0,3400.0
2023-06-23,54900.0,55600.0,53525.0,54940.0,3560.0
2023-06-26,57135.0,58235.0,57030.0,58085.0,4480.0
2023-06-27,57600.0,57600.0,54600.0,54640.0,3110.0
2023-06-28,54050.0,57265.0,54030.0,55455.0,3800.0
2023-06-30,56105.0,56200.0,54560.0,54975.0,2720.0
2023-07-03,54050.0,54380.0,52780.0,53115.0,2870.0
2023-07-04,53400.0,54450.0,53400.0,54035.0,1530.0
2023-07-05,54615.0,56990.0,54310.0,56780.0,2990.0
2023-07-06,56675.0,58570.0,55485.0,57065.0,2080.0
2023-07-07,57465.0,58765.0,57425.0,58300.0,2050.0
2023-07-10,59005.0,59875.0,58425.0,59740.0,1870.0
2023-07-11,59975.0,60090.0,58520.0,59085.0,790.0
2023-07-12,59005.0,59880.0,58725.0,58865.0,1260.0
2023-07-13,58205.0,58290.0,56665.0,57355.0,780.0
2023-07-14,57495.0,58130.0,56655.0,57100.0,1220.0
2023-07-17,58400.0,58980.0,58400.0,58600.0,70.0
2023-07-18,60880.0,61000.0,59700.0,60765.0,50.0
2023-07-19,59400.0,59400.0,59200.0,59260.0,50.0
2023-07-20,59745.0,61520.0,59745.0,61055.0,30.0
2023-07-21,61490.0,62300.0,60375.0,60775.0,2120.0
2023-07-24,60000.0,61600.0,60000.0,60470.0,1300.0
2023-07-25,61390.0,61390.0,59340.0,59920.0,1280.0
2023-07-26,60060.0,60150.0,58245.0,58920.0,1970.0
2023-07-27,58575.0,60300.0,58360.0,59655.0,1140.0
2023-07-28,60670.0,61310.0,59240.0,59980.0,2000.0
2023-07-31,59430.0,59990.0,58805.0,59215.0,1190.0
2023-08-01,58865.0,60220.0,58865.0,59690.0,1040.0
2023-08-02,59900.0,63200.0,59700.0,61870.0,3200.0
2023-08-03,62080.0,62735.0,61300.0,61855.0,2080.0
2023-08-04,62985.0,63400.0,61865.0,62495.0,1580.0
2023-08-07,63540.0,63540.0,61950.0,62295.0,2140.0
2023-08-08,61800.0,62475.0,61345.0,61500.0,900.0
2023-08-09,62000.0,62480.0,61650.0,62100.0,1630.0
2023-08-10,62485.0,62485.0,61025.0,61420.0,2100.0
2023-08-11,61375.0,61700.0,59655.0,60635.0,1850.0
2023-08-14,60990.0,61320.0,60600.0,60940.0,70.0
2023-08-16,59600.0,59600.0,57305.0,58390.0,140.0
2023-08-17,58000.0,58800.0,56505.0,58125.0,90.0
2023-08-18,59250.0,59250.0,59250.0,59250.0,30.0
2023-08-21,59680.0,60275.0,58650.0,59220.0,910.0
2023-08-22,58900.0,58900.0,57710.0,57915.0,1580.0
2023-08-23,57600.0,57600.0,54800.0,56830.0,3470.0
2023-08-24,57000.0,57500.0,56315.0,56520.0,910.0
2023-08-25,56575.0,56700.0,55700.0,56005.0,1080.0
2023-08-28,56500.0,56840.0,55120.0,55365.0,1610.0
2023-08-29,55300.0,55300.0,53355.0,53495.0,1690.0
2023-08-30,52650.0,54300.0,52650.0,53665.0,1330.0
2023-08-31,54260.0,54975.0,53610.0,54825.0,1520.0
2023-09-01,54585.0,58110.0,54585.0,57650.0,2450.0
2023-09-04,59950.0,61000.0,58800.0,60620.0,1610.0
2023-09-05,60600.0,61110.0,59500.0,60015.0,1430.0
2023-09-06,59210.0,60330.0,58630.0,59730.0,1550.0
2023-09-07,59610.0,62115.0,59610.0,61410.0,1280.0
2023-09-08,63165.0,64000.0,62075.0,63475.0,2080.0
2023-09-11,62400.0,63695.0,60530.0,60905.0,1670.0
2023-09-12,61100.0,62050.0,59370.0,60260.0,1660.0
2023-09-13,59865.0,62670.0,59515.0,61955.0,1320.0
2023-09-14,62190.0,63115.0,62190.0,62720.0,170.0
2023-09-15,62025.0,62025.0,61150.0,61525.0,80.0
2023-09-18,60285.0,60285.0,59630.0,59960.0,30.0
2023-09-20,60225.0,60225.0,60225.0,59960.0,0.0
2023-09-21,60250.0,60800.0,59815.0,60365.0,970.0
2023-09-22,60250.0,62445.0,59500.0,60175.0,1810.0
2023-09-25,60800.0,61170.0,60140.0,60300.0,1030.0
2023-09-26,60100.0,60600.0,58115.0,59895.0,2130.0
2023-09-27,59995.0,60350.0,58710.0,58920.0,920.0
2023-09-28,58605.0,59395.0,58160.0,58870.0,1400.0
2023-09-29,58710.0,60000.0,58710.0,59865.0,1130.0
2023-10-03,59940.0,59940.0,57500.0,57655.0,1890.0
2023-10-04,57060.0,58460.0,57060.0,58350.0,730.0
2023-10-05,58625.0,59250.0,58625.0,58820.0,900.0
2023-10-06,58550.0,59280.0,57600.0,58740.0,1290.0
2023-10-09,58510.0,58650.0,57960.0,58135.0,1730.0
2023-10-10,57915.0,58700.0,54775.0,55585.0,2140.0
2023-10-11,54700.0,55180.0,52250.0,52875.0,1350.0
2023-10-12,53950.0,54990.0,52415.0,53605.0,1090.0
2023-10-13,54120.0,55605.0,53800.0,54760.0,1500.0
2023-10-16,56725.0,57890.0,56200.0,57010.0,620.0
2023-10-17,57200.0,57200.0,57200.0,57200.0,20.0
2023-10-18,57200.0,57200.0,57200.0,57200.0,20.0
2023-10-19,57200.0,57200.0,57200.0,57200.0,0.0
2023-10-20,54200.0,54200.0,54200.0,56510.0,1110.0
2023-10-23,54245.0,54355.0,50995.0,50995.0,2210.0
2023-10-25,50020.0,50370.0,48000.0,49890.0,2650.0
2023-10-26,50065.0,50600.0,46900.0,46915.0,3650.0
2023-10-27,46660.0,48285.0,45525.0,47380.0,1690.0
2023-10-30,47895.0,47895.0,45955.0,46490.0,1190.0
2023-10-31,46300.0,46300.0,43705.0,43710.0,1600.0
2023-11-01,43690.0,44900.0,42200.0,43100.0,2020.0
2023-11-02,42150.0,42195.0,40515.0,40515.0,1400.0
2023-11-03,39200.0,42135.0,38895.0,40140.0,1940.0
2023-11-06,41300.0,42545.0,40400.0,42540.0,1020.0
2023-11-07,43050.0,45090.0,43015.0,45005.0,1180.0
2023-11-08,45200.0,46185.0,42305.0,42535.0,1400.0
2023-11-09,42500.0,43340.0,42420.0,43085.0,880.0
2023-11-10,43000.0,43945.0,42245.0,43700.0,1500.0
2023-11-12,44000.0,44100.0,43550.0,43850.0,60.0
2023-11-13,43435.0,43800.0,41790.0,41925.0,990.0
2023-11-15,42665.0,42665.0,42050.0,42360.0,80.0
2023-11-16,41500.0,42400.0,41500.0,42175.0,50.0
2023-11-17,42175.0,42175.0,42175.0,42175.0,30.0
2023-11-20,45610.0,45610.0,45610.0,42175.0,60.0
2023-11-21,45500.0,47000.0,45420.0,45830.0,2040.0
2023-11-22,45610.0,46350.0,44600.0,46025.0,1210.0
2023-11-23,46190.0,46680.0,44750.0,45000.0,640.0
2023-11-24,45005.0,45550.0,44130.0,45040.0,980.0
2023-11-28,46400.0,46580.0,45360.0,46075.0,1010.0
2023-11-29,45975.0,46345.0,45500.0,45900.0,710.0
2023-11-30,45800.0,45900.0,44410.0,44610.0,1090.0
2023-12-01,44995.0,44995.0,43815.0,44115.0,990.0
2023-12-04,43640.0,44435.0,41470.0,41475.0,1800.0
2023-12-05,41005.0,41205.0,38990.0,39035.0,1760.0
2023-12-06,39600.0,39975.0,38325.0,39350.0,2600.0
2023-12-07,39400.0,39500.0,36990.0,37000.0,1710.0
2023-12-08,36710.0,38110.0,36050.0,36860.0,2710.0
2023-12-11,37840.0,38830.0,36500.0,36740.0,900.0
2023-12-12,36700.0,36700.0,35275.0,36420.0,990.0
2023-12-13,37250.0,38605.0,37250.0,38585.0,690.0
2023-12-14,38375.0,38800.0,38230.0,38405.0,210.0
2023-12-15,38700.0,39890.0,38700.0,39825.0,110.0
2023-12-18,39000.0,39000.0,38235.0,38445.0,30.0
2023-12-19,36910.0,36910.0,36700.0,36805.0,10.0
2023-12-20,37000.0,37900.0,37000.0,37400.0,30.0
2023-12-21,37275.0,38410.0,36750.0,37900.0,930.0
2023-12-22,37700.0,38480.0,37690.0,38140.0,440.0
2023-12-26,37650.0,37650.0,35855.0,35865.0,1310.0
2023-12-27,35460.0,35495.0,33715.0,33715.0,970.0
2023-12-28,32370.0,33100.0,31695.0,31695.0,1800.0
2023-12-29,31255.0,32300.0,30435.0,30995.0,1610.0
2024-01-01,30200.0,31000.0,29140.0,29260.0,1340.0
2024-01-02,28705.0,29765.0,28090.0,29530.0,1760.0
2024-01-03,29885.0,31300.0,29355.0,31290.0,910.0
2024-01-04,31700.0,33165.0,31700.0,33165.0,400.0
2024-01-05,34490.0,35150.0,31840.0,33090.0,1300.0
2024-01-08,32400.0,32600.0,31105.0,31430.0,590.0
2024-01-09,31250.0,31650.0,30600.0,30915.0,220.0
2024-01-10,30560.0,31680.0,30500.0,31520.0,280.0
2024-01-11,31700.0,32780.0,30765.0,31195.0,1830.0
2024-01-12,30950.0,30950.0,29325.0,29325.0,420.0
2024-01-15,28155.0,30495.0,28155.0,30015.0,720.0
2024-01-16,30000.0,31815.0,30000.0,31695.0,160.0
2024-01-17,32350.0,33595.0,32000.0,33550.0,280.0
2024-01-18,33200.0,34140.0,31540.0,31550.0,320.0
2024-01-19,30290.0,30400.0,29660.0,29660.0,470.0
2024-01-23,26700.0,27410.0,26580.0,27255.0,670.0
2024-01-24,27350.0,28755.0,27300.0,28350.0,1190.0
2024-01-25,28195.0,28700.0,27600.0,27715.0,900.0
2024-01-29,27800.0,27900.0,26105.0,26240.0,1220.0
2024-01-30,26020.0,27050.0,26010.0,26745.0,540.0
2024-01-31,26650.0,27200.0,26610.0,27110.0,550.0
2024-02-01,27500.0,27550.0,26865.0,27295.0,430.0
2024-02-02,27060.0,27400.0,26700.0,27275.0,320.0
2024-02-05,27300.0,27590.0,26550.0,26960.0,630.0
2024-02-06,26720.0,27260.0,26720.0,27175.0,540.0
2024-02-07,27190.0,27685.0,27020.0,27570.0,640.0
2024-02-08,27600.0,27700.0,26900.0,27165.0,520.0
2024-02-09,27000.0,27280.0,26950.0,27225.0,340.0
2024-02-12,27100.0,27100.0,26300.0,26545.0,680.0
2024-02-13,26800.0,26800.0,25075.0,25545.0,1100.0
2024-02-14,25515.0,25515.0,25025.0,25150.0,420.0
2024-02-15,25010.0,25800.0,24715.0,25275.0,510.0
2024-02-16,25290.0,25565.0,25255.0,25380.0,200.0
2024-02-19,25395.0,25990.0,25210.0,25745.0,350.0
2024-02-20,25720.0,27285.0,25710.0,27215.0,1130.0
2024-02-21,27600.0,28150.0,26730.0,27040.0,870.0
2024-02-22,26900.0,26900.0,26195.0,26400.0,650.0
2024-02-23,25990.0,26390.0,25800.0,26215.0,380.0
2024-02-26,26110.0,26450.0,25170.0,25335.0,970.0
2024-02-27,24900.0,25060.0,24060.0,24120.0,1360.0
2024-02-28,24350.0,24600.0,24000.0,24365.0,660.0
2024-02-29,24600.0,24880.0,24400.0,24745.0,450.0
2024-03-01,24900.0,25480.0,24620.0,25185.0,600.0
2024-03-04,25700.0,26090.0,25100.0,25675.0,600.0
2024-03-05,25315.0,25800.0,25190.0,25435.0,380.0
2024-03-06,25300.0,26450.0,24910.0,26200.0,1100.0
2024-03-07,26110.0,27095.0,26095.0,26830.0,730.0
2024-03-11,27400.0,28105.0,26650.0,26950.0,1180.0
2024-03-12,26350.0,27300.0,26210.0,27130.0,440.0
2024-03-13,27500.0,27555.0,26500.0,26595.0,300.0
2024-03-14,26300.0,26725.0,25700.0,25880.0,170.0
2024-03-15,25990.0,26080.0,25100.0,25280.0,60.0
2024-03-18,25600.0,25600.0,25600.0,25600.0,20.0
2024-03-19,25600.0,26200.0,25600.0,25910.0,30.0
2024-03-20,25695.0,25695.0,25695.0,25695.0,
2024-03-21,23815.0,24185.0,23675.0,23830.0,1060.0
2024-03-22,23800.0,24040.0,23550.0,23920.0,600.0
2024-03-26,23890.0,23900.0,23415.0,23540.0,950.0
2024-03-27,23500.0,23935.0,23500.0,23860.0,380.0
2024-03-28,23700.0,23730.0,23420.0,23600.0,380.0
2024-04-01,23600.0,23600.0,23100.0,23465.0,760.0
2024-04-02,23435.0,23655.0,23300.0,23465.0,500.0
2024-04-03,23700.0,24540.0,23700.0,24190.0,1070.0
2024-04-04,24300.0,24850.0,24250.0,24450.0,790.0
2024-04-05,24300.0,24805.0,24050.0,24440.0,780.0
2024-04-08,24125.0,24250.0,24000.0,24075.0,500.0
2024-04-09,24100.0,24120.0,23815.0,23935.0,440.0
2024-04-10,23860.0,23985.0,23500.0,23600.0,840.0
2024-04-12,23310.0,23840.0,22810.0,23060.0,1370.0
2024-04-15,22950.0,22950.0,22110.0,22115.0,430.0
2024-04-16,22300.0,22500.0,22300.0,22420.0,20.0
2024-04-18,22700.0,23050.0,22700.0,23015.0,110.0
2024-04-19,23500.0,23935.0,23500.0,23920.0,80.0
2024-04-22,22000.0,22200.0,21560.0,22045.0,1000.0
2024-04-23,22000.0,22370.0,21900.0,22225.0,630.0
2024-04-24,22250.0,22840.0,22225.0,22755.0,1340.0
2024-04-25,22900.0,22960.0,22460.0,22665.0,1010.0
2024-04-26,22700.0,22840.0,22630.0,22700.0,480.0
2024-04-29,22610.0,22695.0,22410.0,22535.0,590.0
2024-04-30,22650.0,23800.0,22650.0,23285.0,2300.0
2024-05-02,23525.0,24680.0,23505.0,24570.0,1720.0
2024-05-03,24700.0,25140.0,24105.0,24230.0,1720.0
2024-05-06,23820.0,25195.0,23820.0,25060.0,850.0
2024-05-07,25400.0,26560.0,25240.0,26540.0,1540.0
2024-05-08,26760.0,27300.0,25850.0,26500.0,810.0
2024-05-09,26600.0,26695.0,25625.0,25955.0,1270.0
2024-05-10,25560.0,27395.0,25530.0,27050.0,1020.0
2024-05-13,27700.0,28650.0,27465.0,28200.0,860.0
2024-05-14,28795.0,29325.0,28400.0,28605.0,260.0
2024-05-15,28400.0,28600.0,28400.0,28575.0,70.0
2024-05-16,28575.0,29715.0,28575.0,29260.0,50.0
2024-05-17,29700.0,29700.0,29300.0,29435.0,80.0
2024-05-21,28500.0,29510.0,28500.0,29510.0,2790.0
2024-05-22,30300.0,30465.0,28655.0,29240.0,2710.0
2024-05-23,29100.0,29800.0,29010.0,29330.0,900.0
2024-05-24,29880.0,29880.0,28600.0,29390.0,1880.0
2024-05-27,29240.0,29240.0,28355.0,28590.0,1350.0
2024-05-28,28660.0,28660.0,27800.0,28365.0,1720.0
2024-05-29,27965.0,28700.0,27965.0,28650.0,890.0
2024-05-30,28770.0,28980.0,28380.0,28475.0,610.0
2024-05-31,28400.0,28400.0,26905.0,27090.0,1500.0
2024-06-03,27100.0,28715.0,27100.0,28600.0,1420.0
2024-06-04,28560.0,28955.0,28150.0,28420.0,860.0
2024-06-05,28210.0,29500.0,27605.0,29140.0,980.0
2024-06-06,29490.0,30000.0,28965.0,29610.0,840.0
2024-06-07,29435.0,29550.0,29260.0,29370.0,710.0
2024-06-10,28900.0,28945.0,28200.0,28735.0,1370.0
2024-06-11,29300.0,29300.0,27960.0,28040.0,920.0
2024-06-12,28045.0,28940.0,28000.0,28760.0,870.0
2024-06-13,29340.0,29365.0,28655.0,28800.0,1030.0
2024-06-14,28740.0,29000.0,28740.0,28820.0,230.0
2024-06-18,28950.0,29500.0,28850.0,28980.0,270.0
2024-06-19,28600.0,29250.0,28550.0,28735.0,170.0
2024-06-20,28350.0,29880.0,28250.0,28640.0,160.0
2024-06-21,28710.0,28950.0,28420.0,28810.0,1400.0
2024-06-24,29000.0,30180.0,28950.0,29435.0,2990.0
2024-06-25,29670.0,30050.0,29075.0,29620.0,1490.0
2024-06-26,29440.0,29560.0,28980.0,29105.0,1010.0
2024-06-27,29000.0,29400.0,28820.0,28990.0,650.0
2024-06-28,28900.0,29475.0,28810.0,29075.0,520.0
2024-07-01,28900.0,29380.0,28200.0,28800.0,1030.0
2024-07-02,28125.0,28900.0,28125.0,28790.0,670.0
2024-07-03,28760.0,29060.0,28525.0,28930.0,930.0
2024-07-04,28850.0,29445.0,28755.0,29165.0,980.0
2024-07-05,29150.0,29445.0,28925.0,29155.0,670.0
2024-07-08,29100.0,29100.0,28325.0,28365.0,910.0
2024-07-09,28400.0,28400.0,27700.0,27940.0,1270.0
2024-07-10,27910.0,28200.0,27910.0,28135.0,440.0
2024-07-11,27950.0,28400.0,27200.0,27675.0,1290.0
2024-07-12,27570.0,27730.0,26665.0,26735.0,1390.0
2024-07-15,26605.0,26750.0,26300.0,26390.0,570.0
2024-07-16,26065.0,26710.0,26065.0,26420.0,530.0
2024-07-18,27075.0,27160.0,26710.0,26920.0,60.0
2024-07-19,26700.0,26715.0,26430.0,26655.0,40.0
2024-07-22,26790.0,26790.0,26000.0,26240.0,640.0
2024-07-23,26000.0,26440.0,25900.0,26250.0,980.0
2024-07-24,26205.0,26205.0,26030.0,26080.0,360.0
2024-07-25,26090.0,27120.0,26090.0,26725.0,1030.0
2024-07-26,26700.0,26960.0,26370.0,26485.0,730.0
2024-07-29,26700.0,27300.0,26600.0,26760.0,450.0
2024-07-30,26310.0,27150.0,26220.0,26715.0,460.0
2024-07-31,26855.0,26990.0,26700.0,26835.0,370.0
2024-08-01,26620.0,26850.0,26600.0,26700.0,270.0
2024-08-02,26795.0,26795.0,26400.0,26655.0,490.0
2024-08-05,26500.0,26580.0,26250.0,26370.0,510.0
2024-08-06,26600.0,26705.0,26260.0,26370.0,350.0
2024-08-07,26400.0,26500.0,26250.0,26400.0,980.0
2024-08-08,26500.0,26800.0,26500.0,26650.0,620.0
2024-08-09,26785.0,27350.0,26620.0,26730.0,730.0
2024-08-12,27500.0,27650.0,26600.0,27015.0,700.0
2024-08-13,26850.0,27000.0,26125.0,26400.0,960.0
2024-08-14,26320.0,26820.0,26095.0,26655.0,860.0
2024-08-16,26055.0,27720.0,26055.0,27040.0,620.0
2024-08-19,27680.0,27680.0,26900.0,27120.0,470.0
2024-08-20,26850.0,27550.0,26040.0,27100.0,470.0
2024-08-21,24000.0,24985.0,24000.0,24760.0,1380.0
2024-08-22,24650.0,25740.0,24650.0,25270.0,1010.0
2024-08-23,25395.0,25795.0,25050.0,25325.0,680.0
2024-08-26,25110.0,25440.0,24910.0,25345.0,650.0
2024-08-27,25370.0,25660.0,25055.0,25435.0,710.0
2024-08-28,25320.0,25575.0,25320.0,25420.0,410.0
2024-08-29,25830.0,26100.0,25310.0,25535.0,410.0
2024-08-30,25410.0,25800.0,25410.0,25710.0,1130.0
2024-09-02,26050.0,26435.0,25940.0,26260.0,1340.0
2024-09-03,26850.0,26850.0,25955.0,26080.0,960.0
2024-09-04,25560.0,26065.0,25270.0,25455.0,1290.0
2024-09-05,25400.0,25880.0,25400.0,25620.0,590.0
2024-09-06,25350.0,25660.0,25200.0,25350.0,600.0
2024-09-09,24900.0,25340.0,24650.0,25100.0,430.0
2024-09-10,24905.0,25550.0,24825.0,25355.0,630.0
2024-09-11,25210.0,25670.0,25210.0,25540.0,410.0
2024-09-12,25565.0,25995.0,25345.0,25610.0,330.0
2024-09-13,25400.0,25495.0,25205.0,25330.0,680.0
2024-09-16,25270.0,26340.0,25105.0,26290.0,1580.0
2024-09-17,25740.0,27180.0,25740.0,26600.0,230.0
2024-09-18,26850.0,27660.0,26400.0,26635.0,120.0
2024-09-19,27200.0,28035.0,27200.0,27470.0,50.0
2024-09-20,27400.0,28565.0,27250.0,27325.0,160.0
2024-09-23,26400.0,26885.0,26320.0,26670.0,750.0
2024-09-24,26790.0,26940.0,26505.0,26810.0,1050.0
2024-09-25,27190.0,27615.0,26730.0,27010.0,1960.0
2024-09-26,27110.0,27280.0,26840.0,26990.0,850.0
2024-09-27,26800.0,27050.0,26800.0,26860.0,350.0
2024-09-30,26850.0,26870.0,26535.0,26575.0,430.0
2024-10-01,26515.0,26545.0,26225.0,26335.0,690.0
2024-10-03,26155.0,26495.0,26155.0,26405.0,410.0
2024-10-04,26570.0,26620.0,26275.0,26335.0,740.0
2024-10-07,26470.0,26670.0,26315.0,26605.0,1210.0
2024-10-08,26590.0,26995.0,26590.0,26770.0,520.0
2024-10-09,26745.0,27100.0,26700.0,26755.0,260.0
2024-10-10,26630.0,26895.0,26550.0,26850.0,290.0
2024-10-11,26700.0,26870.0,26690.0,26725.0,320.0
2024-10-14,26690.0,26950.0,26555.0,26780.0,220.0
2024-10-15,26795.0,26880.0,25450.0,25745.0,1100.0
2024-10-16,25450.0,25665.0,24860.0,24955.0,630.0
2024-10-17,24860.0,25100.0,24860.0,25080.0,30.0
2024-10-18,25500.0,25500.0,25500.0,25500.0,0.0
2024-10-21,25200.0,25450.0,25100.0,25290.0,690.0
2024-10-22,25300.0,25440.0,25190.0,25310.0,270.0
2024-10-23,25130.0,25250.0,25050.0,25150.0,270.0
2024-10-24,25040.0,25220.0,24970.0,25015.0,820.0
2024-10-25,24890.0,24890.0,24300.0,24490.0,1130.0
2024-10-28,24235.0,24475.0,24000.0,24405.0,400.0
2024-10-29,24355.0,24595.0,24100.0,24280.0,300.0
2024-10-30,24060.0,24360.0,23850.0,24160.0,190.0
2024-10-31,24150.0,24295.0,23815.0,24215.0,360.0
2024-11-01,24205.0,24205.0,23855.0,24015.0,110.0
2024-11-04,23100.0,24100.0,23100.0,23825.0,470.0
2024-11-05,23700.0,23985.0,23660.0,23885.0,180.0
2024-11-06,23650.0,25030.0,23650.0,24805.0,1060.0
2024-11-07,25110.0,25500.0,24800.0,25320.0,470.0
2024-11-08,25470.0,25745.0,24935.0,25385.0,1120.0
2024-11-11,25060.0,25450.0,25060.0,25320.0,320.0
2024-11-12,25210.0,25210.0,24635.0,24980.0,610.0
2024-11-13,24795.0,25175.0,24650.0,24860.0,360.0
2024-11-14,25750.0,25750.0,24520.0,24700.0,
2024-11-18,24800.0,24800.0,24800.0,24800.0,0.0
2024-11-19,25425.0,25425.0,25425.0,25425.0,
2024-11-21,25250.0,25610.0,25050.0,25215.0,460.0
2024-11-22,25035.0,25200.0,24930.0,25025.0,580.0
2024-11-25,24990.0,25155.0,24760.0,25085.0,300.0
2024-11-26,25010.0,25145.0,24940.0,25050.0,250.0
2024-11-27,24930.0,25030.0,24535.0,24890.0,650.0
2024-11-28,24870.0,25055.0,24870.0,24990.0,260.0
2024-11-29,24990.0,25385.0,24850.0,25255.0,660.0
2024-12-02,25100.0,25480.0,24855.0,25340.0,590.0
2024-12-03,25155.0,25330.0,24170.0,24445.0,2510.0
2024-12-04,24400.0,24540.0,24200.0,24300.0,530.0
2024-12-05,24500.0,24830.0,23640.0,23800.0,940.0
2024-12-06,23480.0,24065.0,23480.0,23855.0,270.0
2024-12-09,24005.0,24200.0,23915.0,24075.0,1020.0
2024-12-10,24065.0,24400.0,24065.0,24320.0,470.0
2024-12-11,24375.0,24400.0,24205.0,24315.0,80.0
2024-12-12,23990.0,24500.0,23780.0,24400.0,170.0
2024-12-13,24400.0,24505.0,24065.0,24450.0,190.0
2024-12-16,24355.0,24500.0,24140.0,24335.0,130.0
2024-12-17,24840.0,25240.0,24400.0,24835.0,280.0
2024-12-18,24600.0,25320.0,24565.0,24905.0,320.0
2024-12-19,25160.0,25200.0,25160.0,25180.0,10.0
2024-12-20,25700.0,25700.0,24905.0,25060.0,60.0
2024-12-23,24210.0,24210.0,23660.0,23935.0,410.0
2024-12-24,24060.0,24060.0,23710.0,23820.0,290.0
2024-12-26,23855.0,23980.0,23775.0,23820.0,280.0
2024-12-27,23950.0,24100.0,23775.0,24045.0,360.0
2024-12-30,24145.0,24400.0,23925.0,24350.0,930.0
2024-12-31,24400.0,24575.0,24315.0,24550.0,410.0
2025-01-01,24510.0,24580.0,24340.0,24385.0,310.0
2025-01-02,24355.0,24450.0,24050.0,24225.0,240.0
2025-01-03,24210.0,24650.0,24200.0,24415.0,790.0
2025-01-06,24500.0,24835.0,24350.0,24450.0,750.0
2025-01-07,24450.0,24450.0,24230.0,24325.0,410.0
2025-01-08,24300.0,24300.0,23915.0,24005.0,370.0
2025-01-09,23850.0,24050.0,23735.0,24015.0,570.0
2025-01-10,23910.0,23945.0,23750.0,23895.0,310.0
2025-01-13,23745.0,23750.0,22940.0,23005.0,480.0
2025-01-14,22750.0,23140.0,22715.0,23055.0,310.0
2025-01-15,22825.0,23355.0,22700.0,23265.0,330.0
2025-01-16,23250.0,23300.0,22520.0,22590.0,370.0
2025-01-17,22120.0,22260.0,22120.0,22190.0,10.0
2025-01-20,23295.0,23295.0,23295.0,23295.0,
2025-01-21,22155.0,22675.0,22155.0,22565.0,780.0
2025-01-22,22525.0,22680.0,22450.0,22625.0,230.0
2025-01-23,22550.0,22635.0,22300.0,22445.0,360.0
2025-01-24,22325.0,22400.0,22165.0,22225.0,290.0
2025-01-27,22125.0,22125.0,21635.0,21725.0,680.0
2025-01-28,21850.0,21950.0,21665.0,21690.0,480.0
2025-01-29,21700.0,21810.0,21600.0,21780.0,260.0
2025-01-30,21865.0,21940.0,21750.0,21805.0,150.0
2025-01-31,21700.0,21700.0,21155.0,21270.0,740.0
2025-02-01,21145.0,21340.0,20975.0,21100.0,400.0
2025-02-03,21120.0,21370.0,20900.0,21195.0,550.0
2025-02-04,21300.0,21300.0,20810.0,20905.0,550.0
2025-02-05,21155.0,21165.0,20720.0,20910.0,600.0
2025-02-06,20760.0,20880.0,20700.0,20715.0,230.0
2025-02-07,20750.0,20750.0,20200.0,20305.0,620.0
2025-02-10,20250.0,20600.0,20060.0,20180.0,440.0
2025-02-11,20160.0,20790.0,19905.0,20705.0,1180.0
2025-02-12,20780.0,20935.0,20565.0,20625.0,500.0
2025-02-13,20550.0,20845.0,20550.0,20780.0,180.0
2025-02-14,20800.0,21175.0,20750.0,21055.0,630.0
2025-02-17,21365.0,21870.0,21275.0,21805.0,1050.0
2025-02-18,22200.0,22675.0,21320.0,21520.0,710.0
2025-02-19,21490.0,21490.0,21070.0,21140.0,630.0
2025-02-20,21160.0,21290.0,20755.0,21200.0,580.0
2025-02-21,21270.0,21480.0,20860.0,20990.0,370.0
2025-02-24,20930.0,21085.0,20530.0,20765.0,480.0
2025-02-25,20590.0,21480.0,20550.0,20855.0,740.0
2025-02-27,20805.0,21340.0,20800.0,21245.0,310.0
2025-02-28,21320.0,21460.0,21200.0,21335.0,340.0
2025-03-03,20950.0,21280.0,20950.0,21145.0,590.0
2025-03-04,21125.0,21420.0,21065.0,21335.0,710.0
2025-03-05,21180.0,21495.0,21180.0,21395.0,280.0
2025-03-06,21270.0,21485.0,21225.0,21430.0,390.0
2025-03-07,21295.0,21400.0,21240.0,21330.0,240.0
2025-03-10,21195.0,21240.0,21050.0,21120.0,1060.0
2025-03-11,21245.0,21465.0,21090.0,21380.0,630.0
2025-03-12,21550.0,21550.0,20840.0,20865.0,930.0
2025-03-13,20875.0,20875.0,20585.0,20635.0,590.0
2025-03-17,20560.0,21290.0,20560.0,21220.0,590.0
2025-03-18,21200.0,21430.0,20965.0,21290.0,1010.0
2025-03-19,21335.0,21335.0,21295.0,21310.0,70.0
2025-03-20,21425.0,21560.0,21425.0,21510.0,10.0
2025-03-21,21850.0,22190.0,21770.0,22055.0,1330.0
2025-03-24,21905.0,22135.0,21660.0,22085.0,1650.0
2025-03-25,22200.0,22375.0,22000.0,22340.0,1220.0
2025-03-26,22370.0,22750.0,22350.0,22555.0,1940.0
2025-03-27,22410.0,22700.0,22410.0,22585.0,860.0
2025-03-28,22690.0,22720.0,22360.0,22510.0,1050.0
2025-04-01,22315.0,22370.0,22060.0,22180.0,790.0
2025-04-02,22200.0,23065.0,22200.0,22960.0,2160.0
2025-04-03,23230.0,23675.0,23000.0,23120.0,2060.0
2025-04-04,22990.0,23450.0,22830.0,23360.0,1420.0
2025-04-07,24290.0,24760.0,23860.0,24560.0,1900.0
2025-04-08,24960.0,24960.0,24160.0,24495.0,1730.0
2025-04-09,24000.0,24275.0,23720.0,24125.0,1220.0
2025-04-11,23800.0,24440.0,23800.0,24150.0,1020.0
2025-04-15,24320.0,24700.0,24005.0,24425.0,680.0
2025-04-16,24100.0,24180.0,24100.0,24130.0,90.0
2025-04-17,24100.0,24100.0,23170.0,23785.0,90.0
2025-04-21,23880.0,24300.0,23715.0,24030.0,1480.0
2025-04-22,24000.0,24075.0,23180.0,23315.0,3100.0
2025-04-23,23160.0,23295.0,22925.0,23260.0,1780.0
2025-04-24,23260.0,23305.0,22600.0,23005.0,1610.0
2025-04-25,22700.0,22880.0,22500.0,22545.0,1330.0
2025-04-28,22425.0,22725.0,22250.0,22315.0,2020.0
2025-04-29,22280.0,22395.0,21840.0,21925.0,1320.0
2025-04-30,21910.0,22130.0,21565.0,22015.0,1090.0
2025-05-02,22100.0,22460.0,21975.0,22300.0,1030.0
2025-05-05,22300.0,22470.0,22055.0,22115.0,1430.0
2025-05-06,22010.0,22120.0,21400.0,21565.0,1170.0
2025-05-07,21400.0,22395.0,21055.0,21495.0,1040.0
2025-05-08,21450.0,21740.0,21180.0,21290.0,960.0
2025-05-09,21295.0,21295.0,20800.0,21105.0,1380.0
2025-05-12,21500.0,22095.0,21500.0,21985.0,760.0
2025-05-13,21985.0,22120.0,21740.0,21840.0,410.0
2025-05-14,21790.0,21835.0,21565.0,21655.0,560.0
2025-05-15,21550.0,21700.0,21435.0,21620.0,550.0
2025-05-16,21525.0,21620.0,21210.0,21305.0,770.0
2025-05-19,21305.0,21305.0,21305.0,21305.0,100.0
2025-05-20,21620.0,21620.0,21620.0,21620.0,
2025-05-21,21230.0,21340.0,20770.0,20820.0,1870.0
2025-05-22,20735.0,20935.0,20650.0,20750.0,800.0
2025-05-23,20755.0,21125.0,20715.0,21060.0,1100.0
2025-05-26,21160.0,21160.0,20615.0,20725.0,1490.0
2025-05-27,20600.0,20720.0,20535.0,20680.0,1200.0
2025-05-28,20630.0,20730.0,20540.0,20570.0,640.0
2025-05-29,20580.0,20720.0,20580.0,20680.0,480.0
2025-05-30,20760.0,21080.0,20580.0,21015.0,1400.0
2025-06-02,20960.0,20960.0,20300.0,20405.0,1850.0
2025-06-03,20275.0,20520.0,20200.0,20255.0,1290.0
2025-06-04,20145.0,20205.0,19785.0,19880.0,1400.0
2025-06-05,19830.0,19905.0,19710.0,19755.0,840.0
2025-06-06,19845.0,20050.0,19780.0,19840.0,1010.0
2025-06-09,19990.0,20180.0,19920.0,20030.0,1700.0
2025-06-10,20170.0,20180.0,19515.0,19635.0,1170.0
2025-06-11,19440.0,19675.0,19395.0,19590.0,670.0
2025-06-12,19700.0,19770.0,19690.0,19705.0,550.0
2025-06-13,19555.0,19705.0,19425.0,19485.0,510.0
2025-06-16,18725.0,19190.0,18720.0,19035.0,1010.0
2025-06-17,19085.0,19130.0,18980.0,19100.0,700.0
2025-06-18,19200.0,19335.0,19065.0,19115.0,930.0
2025-06-19,19115.0,19115.0,19115.0,19115.0,0.0
2025-06-20,19115.0,19115.0,19115.0,19115.0,150.0
2025-06-23,18850.0,19340.0,18830.0,19140.0,1030.0
2025-06-24,19085.0,19395.0,19085.0,19245.0,680.0
2025-06-25,19250.0,19785.0,19250.0,19610.0,2260.0
2025-06-26,19685.0,19920.0,19460.0,19855.0,1090.0
2025-06-27,19940.0,20115.0,19850.0,20095.0,1200.0
2025-06-30,20145.0,20590.0,19935.0,20115.0,2330.0
2025-07-01,19990.0,20345.0,19870.0,20270.0,1120.0
2025-07-02,20110.0,20195.0,19920.0,19985.0,720.0
2025-07-03,20000.0,20180.0,19850.0,19965.0,770.0
2025-07-04,19950.0,20050.0,19600.0,19720.0,740.0
2025-07-07,19660.0,19870.0,19480.0,19545.0,1140.0
2025-07-08,19480.0,19635.0,19400.0,19555.0,750.0
2025-07-09,19550.0,19675.0,19550.0,19650.0,630.0
2025-07-10,19730.0,20000.0,19720.0,19910.0,2070.0
2025-07-11,19820.0,19890.0,19515.0,19595.0,1010.0
2025-07-14,19410.0,19650.0,19390.0,19460.0,1110.0
2025-07-15,19410.0,19495.0,19370.0,19430.0,1200.0
2025-07-16,19405.0,19455.0,19200.0,19220.0,1730.0
2025-07-17,19920.0,19920.0,19920.0,19920.0,
2025-07-18,19920.0,19920.0,19920.0,19920.0,10.0
2025-07-21,19655.0,19700.0,19110.0,19320.0,620.0
2025-07-22,19220.0,19425.0,19210.0,19285.0,310.0
2025-07-23,19225.0,19280.0,19035.0,19130.0,700.0
2025-07-24,19060.0,19225.0,19050.0,19160.0,360.0
2025-07-25,19070.0,19185.0,18725.0,18790.0,1160.0
2025-07-28,18630.0,18770.0,18520.0,18670.0,670.0
2025-07-29,18640.0,18890.0,18640.0,18810.0,620.0
2025-07-30,18805.0,19060.0,18805.0,18990.0,420.0
2025-07-31,19090.0,19200.0,18835.0,18990.0,840.0
2025-08-01,18900.0,19180.0,18865.0,19110.0,900.0
2025-08-04,19150.0,19320.0,19140.0,19175.0,1010.0
2025-08-05,19125.0,19230.0,19125.0,19210.0,450.0
2025-08-06,19180.0,19200.0,18850.0,18910.0,760.0
2025-08-07,18880.0,19000.0,18870.0,18915.0,650.0
2025-08-08,18410.0,18965.0,18410.0,18840.0,1870.0
2025-08-11,18900.0,18970.0,18800.0,18935.0,740.0
2025-08-12,18945.0,19035.0,18905.0,18940.0,800.0
2025-08-13,18860.0,19020.0,18860.0,19000.0,710.0
2025-08-14,18880.0,18960.0,18835.0,18875.0,1270.0
2025-08-18,18895.0,19490.0,18835.0,19080.0,1180.0
2025-08-19,19255.0,19260.0,19255.0,19260.0,60.0
2025-08-20,19555.0,19555.0,19555.0,19555.0,
2025-08-21,19340.0,19525.0,19320.0,19420.0,340.0
2025-08-22,19420.0,19850.0,19370.0,19705.0,1180.0
2025-08-25,19640.0,19915.0,19530.0,19685.0,960.0
2025-08-26,19630.0,19750.0,19450.0,19465.0,410.0
2025-08-28,19460.0,19490.0,19210.0,19320.0,620.0
2025-08-29,19260.0,19335.0,19220.0,19250.0,220.0
2025-09-01,19480.0,19480.0,19240.0,19280.0,950.0
2025-09-02,19100.0,19285.0,19100.0,19240.0,400.0
2025-09-03,19200.0,19260.0,19190.0,19230.0,260.0
2025-09-04,19265.0,19500.0,19215.0,19455.0,600.0
2025-09-05,19410.0,19530.0,19250.0,19390.0,320.0
2025-09-08,19390.0,19580.0,19215.0,19320.0,560.0
2025-09-09,19300.0,19475.0,19270.0,19385.0,1160.0
2025-09-10,19330.0,19350.0,19205.0,19220.0,870.0
2025-09-11,19160.0,19160.0,18930.0,19050.0,800.0
2025-09-12,19030.0,19200.0,18915.0,19135.0,710.0
2025-09-15,19040.0,19300.0,19040.0,19225.0,680.0
2025-09-16,19200.0,19300.0,19075.0,19220.0,1410.0
2025-09-17,19200.0,19300.0,18905.0,19180.0,1430.0
2025-09-18,19250.0,19505.0,19185.0,19330.0,430.0
2025-09-19,19445.0,19445.0,19445.0,19445.0,10.0
2025-09-22,19550.0,19660.0,19500.0,19530.0,660.0
2025-09-23,19530.0,19550.0,19350.0,19410.0,430.0
2025-09-24,19475.0,19515.0,19315.0,19410.0,210.0
2025-09-25,19400.0,19400.0,19310.0,19350.0,200.0
2025-09-26,19305.0,19350.0,19070.0,19110.0,740.0
2025-09-29,19100.0,19100.0,18935.0,19010.0,420.0
2025-09-30,19025.0,19025.0,18760.0,18845.0,680.0
2025-10-01,18800.0,19075.0,18800.0,18945.0,400.0
2025-10-03,18955.0,19010.0,18885.0,18940.0,180.0
2025-10-06,18830.0,19000.0,18560.0,18945.0,450.0
2025-10-07,19000.0,19080.0,18910.0,18950.0,590.0
2025-10-08,18970.0,19200.0,18925.0,19080.0,620.0
2025-10-09,19045.0,19045.0,18890.0,19020.0,490.0
2025-10-10,19000.0,19010.0,18850.0,18890.0,770.0
2025-10-13,18790.0,18860.0,18715.0,18810.0,700.0
2025-10-14,18760.0,19000.0,18675.0,18810.0,690.0
2025-10-15,18810.0,18845.0,18465.0,18615.0,1430.0
2025-10-16,18700.0,19200.0,18700.0,18770.0,70.0
2025-10-17,18770.0,18770.0,18770.0,18770.0,20.0
2025-10-21,19350.0,19395.0,19300.0,19355.0,260.0
2025-10-23,19400.0,19870.0,19360.0,19495.0,1320.0
2025-10-24,19420.0,19620.0,19420.0,19515.0,220.0
2025-10-27,19630.0,20295.0,19630.0,20190.0,1290.0
2025-10-28,20600.0,20600.0,20020.0,20280.0,1520.0
2025-10-29,20330.0,20335.0,19860.0,19930.0,770.0
2025-10-30,19930.0,20200.0,19850.0,20100.0,660.0
2025-10-31,20210.0,20290.0,20000.0,20175.0,360.0
2025-11-03,20280.0,20600.0,20150.0,20340.0,570.0
2025-11-04,20410.0,20480.0,20070.0,20185.0,540.0
2025-11-06,20110.0,20330.0,20110.0,20135.0,570.0
2025-11-07,20100.0,20130.0,19900.0,19905.0,620.0
2025-11-10,19880.0,19890.0,19705.0,19755.0,830.0
2025-11-11,19805.0,20000.0,19805.0,19885.0,410.0
2025-11-12,19920.0,20225.0,19920.0,20150.0,950.0
2025-11-13,20150.0,20190.0,20035.0,20160.0,260.0
2025-11-14,20150.0,20340.0,20150.0,20205.0,620.0
2025-11-17,20375.0,21280.0,20300.0,21035.0,900.0
2025-11-18,21195.0,21525.0,20525.0,20965.0,210.0
2025-11-19,21000.0,21000.0,21000.0,21000.0,30.0
2025-11-20,21070.0,21070.0,21070.0,21070.0,
2025-11-21,21475.0,21845.0,21415.0,21710.0,670.0
2025-11-24,21740.0,21845.0,21510.0,21745.0,500.0
2025-11-25,21650.0,21755.0,21300.0,21355.0,750.0
2025-11-26,21220.0,21740.0,21220.0,21520.0,660.0
2025-11-27,21620.0,22350.0,21490.0,22120.0,1680.0
2025-11-28,21975.0,22290.0,21910.0,22205.0,680.0
2025-12-01,22470.0,22470.0,21645.0,21710.0,1220.0
2025-12-02,21610.0,21940.0,21505.0,21795.0,550.0
2025-12-03,21745.0,21850.0,21540.0,21600.0,610.0
2025-12-04,21705.0,21740.0,21400.0,21580.0,550.0
2025-12-05,21570.0,21570.0,21440.0,21475.0,320.0
2025-12-08,21375.0,21375.0,20750.0,20810.0,990.0
2025-12-09,20870.0,20935.0,20605.0,20845.0,500.0
2025-12-10,21075.0,21350.0,20825.0,21215.0,630.0
2025-12-11,21365.0,21365.0,20875.0,20925.0,790.0
2025-12-12,20815.0,20960.0,20815.0,20925.0,330.0
2025-12-15,20825.0,21000.0,20665.0,20720.0,560.0
2025-12-16,20665.0,21175.0,20605.0,20965.0,1050.0
2025-12-17,20990.0,21800.0,20840.0,21080.0,660.0
2025-12-18,21500.0,21500.0,21050.0,21285.0,120.0
2025-12-19,21000.0,21275.0,20900.0,21160.0,390.0
2025-12-22,21190.0,22200.0,21100.0,22075.0,2110.0
2025-12-23,21940.0,22275.0,21700.0,21820.0,1020.0
2025-12-24,21480.0,22000.0,21480.0,21880.0,650.0
2025-12-26,21550.0,22550.0,21200.0,22405.0,2950.0
2025-12-29,22500.0,23300.0,22145.0,22210.0,1670.0
2025-12-30,22255.0,22480.0,21930.0,22385.0,1290.0
2025-12-31,22595.0,22800.0,22225.0,22335.0,1240.0
2026-01-01,22400.0,22630.0,22280.0,22405.0,1080.0
2026-01-02,22590.0,22990.0,22455.0,22730.0,1640.0
2026-01-05,22930.0,23075.0,22340.0,22605.0,890.0
2026-01-06,22605.0,22720.0,22000.0,22065.0,940.0
2026-01-07,21905.0,22165.0,21720.0,21765.0,990.0
2026-01-08,21525.0,21900.0,21405.0,21540.0,1190.0
2026-01-09,21370.0,21850.0,21115.0,21690.0,910.0
2026-01-12,22100.0,22790.0,22000.0,22525.0,1090.0
2026-01-13,22275.0,22900.0,22260.0,22310.0,760.0
2026-01-14,22550.0,22650.0,22275.0,22405.0,890.0
2026-01-16,22385.0,22490.0,22150.0,22320.0,1560.0
2026-01-19,23195.0,23650.0,22850.0,23135.0,490.0
2026-01-20,22700.0,23000.0,22700.0,22830.0,60.0
2026-01-21,24370.0,24975.0,24055.0,24870.0,2570.0
2026-01-22,24870.0,25130.0,24100.0,24810.0,2900.0
2026-01-23,24800.0,25120.0,24155.0,24255.0,3080.0
2026-01-27,24400.0,24520.0,23725.0,24020.0,1870.0
2026-01-28,23850.0,24190.0,23790.0,23865.0,1000.0
2026-01-29,23810.0,24675.0,23705.0,24275.0,1880.0
2026-01-30,24350.0,24470.0,23355.0,23570.0,2220.0
2026-02-01,23480.0,23690.0,23385.0,23475.0,470.0
2026-02-02,23500.0,23940.0,23450.0,23870.0,880.0
2026-02-03,23970.0,24180.0,23755.0,23900.0,900.0
2026-02-04,23930.0,23950.0,23610.0,23740.0,760.0
2026-02-05,23710.0,23875.0,23540.0,23810.0,1250.0
2026-02-06,23850.0,24100.0,23635.0,23715.0,1400.0
2026-02-09,23700.0,23730.0,23160.0,23520.0,1360.0
2026-02-10,23460.0,23690.0,23295.0,23525.0,970.0
2026-02-11,23400.0,23450.0,22900.0,22995.0,2070.0
2026-02-12,22970.0,23095.0,22660.0,22955.0,1770.0
2026-02-13,23040.0,23180.0,22730.0,22845.0,1000.0
2026-02-16,22720.0,22780.0,22135.0,22255.0,2040.0
2026-02-17,22160.0,22490.0,21825.0,22345.0,1190.0
2026-02-18,22600.0,23135.0,22500.0,22895.0,1970.0
2026-02-19,23000.0,23080.0,22660.0,22875.0,1160.0
2026-02-20,22880.0,23180.0,22800.0,23060.0,750.0
2026-02-23,23050.0,23050.0,22525.0,22720.0,700.0
2026-02-24,22850.0,22960.0,22420.0,22715.0,1450.0
2026-02-25,22500.0,22780.0,22410.0,22495.0,840.0
2026-02-26,22450.0,22490.0,22010.0,22055.0,990.0
2026-02-27,21970.0,22250.0,21865.0,22160.0,760.0
2026-03-02,22090.0,22090.0,21315.0,21545.0,1500.0
2026-03-04,21060.0,21550.0,20800.0,21475.0,740.0
2026-03-05,21700.0,22100.0,21440.0,21975.0,1950.0
2026-03-06,21990.0,22150.0,21600.0,21655.0,960.0
2026-03-09,21335.0,21965.0,21310.0,21835.0,1080.0
2026-03-10,21990.0,22350.0,21840.0,22305.0,1230.0
2026-03-11,22640.0,22640.0,22020.0,22190.0,830.0
2026-03-12,22070.0,22150.0,21945.0,22060.0,470.0
2026-03-13,21910.0,22100.0,21840.0,21880.0,1200.0
2026-03-16,21700.0,21885.0,21500.0,21540.0,410.0
2026-03-17,21535.0,21725.0,21035.0,21600.0,1480.0
2026-03-18,21780.0,22460.0,21780.0,22105.0,1870.0
2026-03-19,22100.0,22100.0,21900.0,22015.0,50.0
2026-03-20,22080.0,22080.0,21950.0,22010.0,780.0
2026-03-23,22050.0,22050.0,21415.0,21780.0,2050.0
2026-03-24,21860.0,22100.0,21720.0,21945.0,1090.0
2026-03-25,22050.0,22195.0,22000.0,22095.0,990.0
2026-03-27,22085.0,22085.0,21820.0,21905.0,1240.0
2026-03-30,21900.0,22100.0,21730.0,22015.0,1540.0
2026-04-01,22200.0,22380.0,22010.0,22065.0,1010.0
2026-04-02,22010.0,22500.0,22000.0,22325.0,2130.0
2026-04-06,22110.0,22590.0,22110.0,22465.0,2180.0
2026-04-07,22355.0,22425.0,22235.0,22285.0,930.0
2026-04-08,22590.0,22870.0,22285.0,22400.0,2340.0
2026-04-09,22370.0,22370.0,22000.0,22100.0,1320.0
2026-04-10,21980.0,22040.0,21525.0,21730.0,1310.0
2026-04-13,21705.0,21745.0,21400.0,21565.0,2040.0
2026-04-15,21680.0,21815.0,21500.0,21555.0,1850.0
2026-04-16,21310.0,21600.0,21260.0,21290.0,2029.9999999999998
2026-04-17,21545.0,22130.0,21500.0,21720.0,40.0
2026-04-20,21600.0,21610.0,21600.0,21605.0,380.0
2026-04-21,21680.0,21840.0,21450.0,21590.0,1730.0
2026-04-22,21510.0,21650.0,21075.0,21165.0,1880.0
2026-04-23,21100.0,21250.0,20970.0,21170.0,1630.0
2026-04-24,21235.0,21245.0,20800.0,20860.0,1580.0
2026-04-27,20860.0,20925.0,19965.0,20090.0,4860.0
2026-04-28,20050.0,20370.0,20010.0,20320.0,1490.0
2026-04-29,20370.0,20850.0,20240.0,20680.0,1860.0
2026-04-30,20755.0,20755.0,20400.0,20445.0,1480.0
