commodity,state,district,date,rv30,post
bajra,ALL,NATIONAL,2017-01-31,,0
bajra,ALL,NATIONAL,2017-02-28,0.22182680406760347,0
bajra,ALL,NATIONAL,2017-03-31,0.346218900649163,0
bajra,ALL,NATIONAL,2017-04-30,0.31720525367411984,0
bajra,ALL,NATIONAL,2017-05-31,0.2732671819591256,0
bajra,ALL,NATIONAL,2017-06-30,0.26535304278627614,0
bajra,ALL,NATIONAL,2017-07-31,0.33297397741818413,0
bajra,ALL,NATIONAL,2017-08-31,0.5898237091393839,0
bajra,ALL,NATIONAL,2017-09-30,0.5122098645989868,0
bajra,ALL,NATIONAL,2017-10-31,0.2519319065088671,0
bajra,ALL,NATIONAL,2017-11-30,0.24060929702464137,0
bajra,ALL,NATIONAL,2017-12-31,0.2164423602044848,0
bajra,ALL,NATIONAL,2018-01-31,0.2706183686218429,0
bajra,ALL,NATIONAL,2018-02-28,0.7822504906374059,0
bajra,ALL,NATIONAL,2018-03-31,0.616881401073586,0
bajra,ALL,NATIONAL,2018-04-30,0.3418831233889122,0
bajra,ALL,NATIONAL,2018-05-31,0.3338018918244693,0
bajra,ALL,NATIONAL,2018-06-30,0.19901488422380206,0
bajra,ALL,NATIONAL,2018-07-31,0.2130542003556922,0
bajra,ALL,NATIONAL,2018-08-31,0.2776168321247747,0
bajra,ALL,NATIONAL,2018-09-30,0.2961038379899054,0
bajra,ALL,NATIONAL,2018-10-31,0.30913036359360524,0
bajra,ALL,NATIONAL,2018-11-30,0.439751229502429,0
bajra,ALL,NATIONAL,2018-12-31,0.4092451093335996,0
bajra,ALL,NATIONAL,2019-01-31,0.2726373583867328,0
bajra,ALL,NATIONAL,2019-02-28,0.3129344590791802,0
bajra,ALL,NATIONAL,2019-03-31,0.3578706173864785,0
bajra,ALL,NATIONAL,2019-04-30,0.44148785180957867,0
bajra,ALL,NATIONAL,2019-05-31,0.3676875563910712,0
bajra,ALL,NATIONAL,2019-06-30,0.26367570408871,0
bajra,ALL,NATIONAL,2019-07-31,0.2590030477783048,0
bajra,ALL,NATIONAL,2019-08-31,0.34416805028260417,0
bajra,ALL,NATIONAL,2019-09-30,0.3449654446337591,0
bajra,ALL,NATIONAL,2019-10-31,0.2648291765573997,0
bajra,ALL,NATIONAL,2019-11-30,0.18709040176441638,0
bajra,ALL,NATIONAL,2019-12-31,0.14737590136525403,0
bajra,ALL,NATIONAL,2020-01-31,0.22437920337987408,0
bajra,ALL,NATIONAL,2020-02-29,0.24331369422779364,0
bajra,ALL,NATIONAL,2020-03-31,0.23084673749150122,0
bajra,ALL,NATIONAL,2020-04-30,0.7057063944198968,0
bajra,ALL,NATIONAL,2020-05-31,0.7147456227771184,0
bajra,ALL,NATIONAL,2020-06-30,0.4099299883184896,0
bajra,ALL,NATIONAL,2020-07-31,0.2788434422955712,0
bajra,ALL,NATIONAL,2020-08-31,0.4007190400543477,0
bajra,ALL,NATIONAL,2020-09-30,0.5627793637741959,0
bajra,ALL,NATIONAL,2020-10-31,0.4512512112682771,0
bajra,ALL,NATIONAL,2020-11-30,0.28014484919616106,0
bajra,ALL,NATIONAL,2020-12-31,0.3410829370581453,0
bajra,ALL,NATIONAL,2021-01-31,0.28183788334199605,0
bajra,ALL,NATIONAL,2021-02-28,0.4324863738049963,0
bajra,ALL,NATIONAL,2021-03-31,0.31031997193458866,0
bajra,ALL,NATIONAL,2021-04-30,0.5296616701028346,0
bajra,ALL,NATIONAL,2021-05-31,0.579154250219568,0
bajra,ALL,NATIONAL,2021-06-30,0.39513718752322563,0
bajra,ALL,NATIONAL,2021-07-31,0.33161635325281685,0
bajra,ALL,NATIONAL,2021-08-31,0.2101306175229639,0
bajra,ALL,NATIONAL,2021-09-30,0.19836637013711034,0
bajra,ALL,NATIONAL,2021-10-31,0.2515852933014666,0
bajra,ALL,NATIONAL,2021-11-30,0.3664902445467423,0
bajra,ALL,NATIONAL,2021-12-31,0.3242020093422543,1
bajra,ALL,NATIONAL,2022-01-31,0.2624127523521335,1
bajra,ALL,NATIONAL,2022-02-28,0.42910475990965535,1
bajra,ALL,NATIONAL,2022-03-31,0.35522326977341007,1
bajra,ALL,NATIONAL,2022-04-30,0.3723679927526449,1
bajra,ALL,NATIONAL,2022-05-31,0.32425774519549166,1
bajra,ALL,NATIONAL,2022-06-30,0.2595662093676983,1
bajra,ALL,NATIONAL,2022-07-31,0.25301172169458497,1
bajra,ALL,NATIONAL,2022-08-31,0.4510257685759999,1
bajra,ALL,NATIONAL,2022-09-30,0.5688925210350281,1
bajra,ALL,NATIONAL,2022-10-31,0.3727831096543491,1
bajra,ALL,NATIONAL,2022-11-30,0.3875761149037358,1
bajra,ALL,NATIONAL,2022-12-31,0.2888647191164991,1
bajra,ALL,NATIONAL,2023-01-31,0.2690110192354085,1
bajra,ALL,NATIONAL,2023-02-28,0.3821617423864829,1
bajra,ALL,NATIONAL,2023-03-31,0.3422829283232609,1
bajra,ALL,NATIONAL,2023-04-30,0.39231469283136916,1
bajra,ALL,NATIONAL,2023-05-31,0.4993186008743439,1
bajra,ALL,NATIONAL,2023-06-30,0.29836487479710944,1
bajra,ALL,NATIONAL,2023-07-31,0.269409429156011,1
bajra,ALL,NATIONAL,2023-08-31,0.5032356485277291,1
bajra,ALL,NATIONAL,2023-09-30,0.6578330812845498,1
bajra,ALL,NATIONAL,2023-10-31,0.44699276044229896,1
bajra,ALL,NATIONAL,2023-11-30,0.353080993152864,1
bajra,ALL,NATIONAL,2023-12-31,0.33211355218380295,1
bajra,ALL,NATIONAL,2024-01-31,0.15399406916884728,1
bajra,ALL,NATIONAL,2024-02-29,0.15655692851028843,1
bajra,ALL,NATIONAL,2024-03-31,0.1956588425797412,1
bajra,ALL,NATIONAL,2024-04-30,0.26964472177113896,1
bajra,ALL,NATIONAL,2024-05-31,0.26391263960148753,1
bajra,ALL,NATIONAL,2024-06-30,0.18431060070467095,1
bajra,ALL,NATIONAL,2024-07-31,0.2261009253761094,1
bajra,ALL,NATIONAL,2024-08-31,0.34342581027335567,1
bajra,ALL,NATIONAL,2024-09-30,0.4574295660425017,1
bajra,ALL,NATIONAL,2024-10-31,0.20654257262762973,1
bajra,ALL,NATIONAL,2024-11-30,0.2316960731367667,1
bajra,ALL,NATIONAL,2024-12-31,0.18401927438892582,1
bajra,ALL,NATIONAL,2025-01-31,0.18339715949381535,1
bajra,ALL,NATIONAL,2025-02-28,0.2008324510140241,1
bajra,ALL,NATIONAL,2025-03-31,0.16960646952963282,1
bajra,ALL,NATIONAL,2025-04-30,0.19493231931242186,1
bajra,ALL,NATIONAL,2025-05-31,0.2568216995571771,1
bajra,ALL,NATIONAL,2025-06-30,0.20138689561311884,1
bajra,ALL,NATIONAL,2025-07-31,0.18026830272514005,1
bajra,ALL,NATIONAL,2025-08-31,0.2538206748520202,1
bajra,ALL,NATIONAL,2025-09-30,0.2807852388629131,1
bajra,ALL,NATIONAL,2025-10-31,0.21344729664600903,1
barley,ALL,NATIONAL,2017-01-31,,0
barley,ALL,NATIONAL,2017-02-28,0.4996175114252969,0
barley,ALL,NATIONAL,2017-03-31,0.4931004054051531,0
barley,ALL,NATIONAL,2017-04-30,0.2708449284631666,0
barley,ALL,NATIONAL,2017-05-31,0.21568699122134127,0
barley,ALL,NATIONAL,2017-06-30,0.29437970235444894,0
barley,ALL,NATIONAL,2017-07-31,0.37292870879365386,0
barley,ALL,NATIONAL,2017-08-31,0.4210583513473089,0
barley,ALL,NATIONAL,2017-09-30,0.4866616433125277,0
barley,ALL,NATIONAL,2017-10-31,0.4850330872029509,0
barley,ALL,NATIONAL,2017-11-30,0.4005379922861986,0
barley,ALL,NATIONAL,2017-12-31,0.27749492890658295,0
barley,ALL,NATIONAL,2018-01-31,0.40009614715387015,0
barley,ALL,NATIONAL,2018-02-28,0.30466312584450034,0
barley,ALL,NATIONAL,2018-03-31,0.48084527386045467,0
barley,ALL,NATIONAL,2018-04-30,0.37402062394717267,0
barley,ALL,NATIONAL,2018-05-31,0.3497793336488772,0
barley,ALL,NATIONAL,2018-06-30,0.1946280292048729,0
barley,ALL,NATIONAL,2018-07-31,0.18642579367592352,0
barley,ALL,NATIONAL,2018-08-31,0.18929205121246936,0
barley,ALL,NATIONAL,2018-09-30,0.28869645183171905,0
barley,ALL,NATIONAL,2018-10-31,0.23499437761897243,0
barley,ALL,NATIONAL,2018-11-30,0.21798228289098873,0
barley,ALL,NATIONAL,2018-12-31,0.33483043662471124,0
barley,ALL,NATIONAL,2019-01-31,0.29911418303062237,0
barley,ALL,NATIONAL,2019-02-28,0.23993855509957948,0
barley,ALL,NATIONAL,2019-03-31,0.24024844215865637,0
barley,ALL,NATIONAL,2019-04-30,0.265778031857175,0
barley,ALL,NATIONAL,2019-05-31,0.18328496363752814,0
barley,ALL,NATIONAL,2019-06-30,0.1669773300243668,0
barley,ALL,NATIONAL,2019-07-31,0.13078949264061818,0
barley,ALL,NATIONAL,2019-08-31,0.19902664320081642,0
barley,ALL,NATIONAL,2019-09-30,0.26650071081700677,0
barley,ALL,NATIONAL,2019-10-31,0.315066358435074,0
barley,ALL,NATIONAL,2019-11-30,0.2660486344503961,0
barley,ALL,NATIONAL,2019-12-31,0.19151004737887217,0
barley,ALL,NATIONAL,2020-01-31,0.30593577063362537,0
barley,ALL,NATIONAL,2020-02-29,0.28207304586926213,0
barley,ALL,NATIONAL,2020-03-31,0.38342337811104893,0
barley,ALL,NATIONAL,2020-04-30,0.50285062815669,0
barley,ALL,NATIONAL,2020-05-31,0.46831721909458845,0
barley,ALL,NATIONAL,2020-06-30,0.4197560832526684,0
barley,ALL,NATIONAL,2020-07-31,0.4223505741984859,0
barley,ALL,NATIONAL,2020-08-31,0.5711845844651984,0
barley,ALL,NATIONAL,2020-09-30,0.6699467272517804,0
barley,ALL,NATIONAL,2020-10-31,0.5901378195404142,0
barley,ALL,NATIONAL,2020-11-30,0.39907682491761076,0
barley,ALL,NATIONAL,2020-12-31,0.363180215698134,0
barley,ALL,NATIONAL,2021-01-31,0.3575534591344911,0
barley,ALL,NATIONAL,2021-02-28,0.4601485847270312,0
barley,ALL,NATIONAL,2021-03-31,0.30824255564174174,0
barley,ALL,NATIONAL,2021-04-30,0.268115935833537,0
barley,ALL,NATIONAL,2021-05-31,0.1613143300653332,0
barley,ALL,NATIONAL,2021-06-30,0.11009258283278646,0
barley,ALL,NATIONAL,2021-07-31,0.18328386157056525,0
barley,ALL,NATIONAL,2021-08-31,0.23202291950450088,0
barley,ALL,NATIONAL,2021-09-30,0.25978212364247405,0
barley,ALL,NATIONAL,2021-10-31,0.3080322564830951,0
barley,ALL,NATIONAL,2021-11-30,0.2636913662903056,0
barley,ALL,NATIONAL,2021-12-31,0.38032024857993085,1
barley,ALL,NATIONAL,2022-01-31,0.4308501963491871,1
barley,ALL,NATIONAL,2022-02-28,0.34278472934831344,1
barley,ALL,NATIONAL,2022-03-31,0.27756163889474955,1
barley,ALL,NATIONAL,2022-04-30,0.37735528465320656,1
barley,ALL,NATIONAL,2022-05-31,0.2360971597371268,1
barley,ALL,NATIONAL,2022-06-30,0.15011129653466262,1
barley,ALL,NATIONAL,2022-07-31,0.1820095678905599,1
barley,ALL,NATIONAL,2022-08-31,0.17118654258979318,1
barley,ALL,NATIONAL,2022-09-30,0.1340354312473956,1
barley,ALL,NATIONAL,2022-10-31,0.16282470913427957,1
barley,ALL,NATIONAL,2022-11-30,0.23020205062584698,1
barley,ALL,NATIONAL,2022-12-31,0.24596175679953267,1
barley,ALL,NATIONAL,2023-01-31,0.19194528345100262,1
barley,ALL,NATIONAL,2023-02-28,0.22770293010738576,1
barley,ALL,NATIONAL,2023-03-31,0.6278919939761122,1
barley,ALL,NATIONAL,2023-04-30,0.6103130514777093,1
barley,ALL,NATIONAL,2023-05-31,0.28280768707104204,1
barley,ALL,NATIONAL,2023-06-30,0.18079391115757923,1
barley,ALL,NATIONAL,2023-07-31,0.20231394083933546,1
barley,ALL,NATIONAL,2023-08-31,0.36507520037889846,1
barley,ALL,NATIONAL,2023-09-30,0.4122357995058609,1
barley,ALL,NATIONAL,2023-10-31,0.3852971457494748,1
barley,ALL,NATIONAL,2023-11-30,0.38554039679787594,1
barley,ALL,NATIONAL,2023-12-31,0.294326162056361,1
barley,ALL,NATIONAL,2024-01-31,0.29188899377372535,1
barley,ALL,NATIONAL,2024-02-29,0.35841810073047203,1
barley,ALL,NATIONAL,2024-03-31,0.3320403908509219,1
barley,ALL,NATIONAL,2024-04-30,0.39611370638991356,1
barley,ALL,NATIONAL,2024-05-31,0.21693788806347883,1
barley,ALL,NATIONAL,2024-06-30,0.11980720367751677,1
barley,ALL,NATIONAL,2024-07-31,0.1284858530246545,1
barley,ALL,NATIONAL,2024-08-31,0.14377022601456468,1
barley,ALL,NATIONAL,2024-09-30,0.16705169063466596,1
barley,ALL,NATIONAL,2024-10-31,0.14073414665314307,1
barley,ALL,NATIONAL,2024-11-30,0.1905820460281661,1
barley,ALL,NATIONAL,2024-12-31,0.21956118237527594,1
barley,ALL,NATIONAL,2025-01-31,0.20073876462987283,1
barley,ALL,NATIONAL,2025-02-28,0.19460224177902957,1
barley,ALL,NATIONAL,2025-03-31,0.4148051291870632,1
barley,ALL,NATIONAL,2025-04-30,0.5299596805821314,1
barley,ALL,NATIONAL,2025-05-31,0.11017694183363828,1
barley,ALL,NATIONAL,2025-06-30,0.10423597728857545,1
barley,ALL,NATIONAL,2025-07-31,0.15785578708823575,1
barley,ALL,NATIONAL,2025-08-31,0.18510431555231063,1
barley,ALL,NATIONAL,2025-09-30,0.15884484749399555,1
barley,ALL,NATIONAL,2025-10-31,0.2303766369828006,1
castor,ALL,NATIONAL,2017-01-31,,0
castor,ALL,NATIONAL,2017-02-28,0.4730076307019739,0
castor,ALL,NATIONAL,2017-03-31,0.39009306076669403,0
castor,ALL,NATIONAL,2017-04-30,0.49226696367039163,0
castor,ALL,NATIONAL,2017-05-31,0.3558196174182938,0
castor,ALL,NATIONAL,2017-06-30,0.2519169653217043,0
castor,ALL,NATIONAL,2017-07-31,0.37882921410321657,0
castor,ALL,NATIONAL,2017-08-31,0.4300797434467306,0
castor,ALL,NATIONAL,2017-09-30,0.3332494581560917,0
castor,ALL,NATIONAL,2017-10-31,0.4417075310463778,0
castor,ALL,NATIONAL,2017-11-30,0.7022907826658639,0
castor,ALL,NATIONAL,2017-12-31,0.3471034376473336,0
castor,ALL,NATIONAL,2018-01-31,0.30062321726120483,0
castor,ALL,NATIONAL,2018-02-28,0.2503952825540682,0
castor,ALL,NATIONAL,2018-03-31,0.2601747267293462,0
castor,ALL,NATIONAL,2018-04-30,0.221557753570592,0
castor,ALL,NATIONAL,2018-05-31,0.1478256381143741,0
castor,ALL,NATIONAL,2018-06-30,0.12777011474907057,0
castor,ALL,NATIONAL,2018-07-31,0.1675182056380267,0
castor,ALL,NATIONAL,2018-08-31,0.2879954843918663,0
castor,ALL,NATIONAL,2018-09-30,0.5738087607835198,0
castor,ALL,NATIONAL,2018-10-31,0.522489324306843,0
castor,ALL,NATIONAL,2018-11-30,0.62899071369803,0
castor,ALL,NATIONAL,2018-12-31,0.6291784741799689,0
castor,ALL,NATIONAL,2019-01-31,0.3255206942902722,0
castor,ALL,NATIONAL,2019-02-28,0.26801947368843504,0
castor,ALL,NATIONAL,2019-03-31,0.24326467073827832,0
castor,ALL,NATIONAL,2019-04-30,0.31624430483325167,0
castor,ALL,NATIONAL,2019-05-31,0.29410826926928996,0
castor,ALL,NATIONAL,2019-06-30,0.19999168404548,0
castor,ALL,NATIONAL,2019-07-31,0.19706889470368072,0
castor,ALL,NATIONAL,2019-08-31,0.6777889022030048,0
castor,ALL,NATIONAL,2019-09-30,1.0223996070121022,0
castor,ALL,NATIONAL,2019-10-31,0.47681149787952315,0
castor,ALL,NATIONAL,2019-11-30,0.6405145387788957,0
castor,ALL,NATIONAL,2019-12-31,0.5299067532110736,0
castor,ALL,NATIONAL,2020-01-31,0.35405746980357694,0
castor,ALL,NATIONAL,2020-02-29,0.21114013452056485,0
castor,ALL,NATIONAL,2020-03-31,0.33297312824588515,0
castor,ALL,NATIONAL,2020-04-30,0.5757989168999162,0
castor,ALL,NATIONAL,2020-05-31,0.5102704546144249,0
castor,ALL,NATIONAL,2020-06-30,0.24730006309722316,0
castor,ALL,NATIONAL,2020-07-31,0.2053221115910307,0
castor,ALL,NATIONAL,2020-08-31,0.8419534905030924,0
castor,ALL,NATIONAL,2020-09-30,0.6726074139895748,0
castor,ALL,NATIONAL,2020-10-31,0.3164537452411848,0
castor,ALL,NATIONAL,2020-11-30,0.38455244852493237,0
castor,ALL,NATIONAL,2020-12-31,0.5786522929666564,0
castor,ALL,NATIONAL,2021-01-31,0.40386287045073516,0
castor,ALL,NATIONAL,2021-02-28,0.4729134464703293,0
castor,ALL,NATIONAL,2021-03-31,0.3046140372418842,0
castor,ALL,NATIONAL,2021-04-30,0.45943650384711215,0
castor,ALL,NATIONAL,2021-05-31,1.2093452740872865,0
castor,ALL,NATIONAL,2021-06-30,1.0346586383558358,0
castor,ALL,NATIONAL,2021-07-31,0.4507710160485019,0
castor,ALL,NATIONAL,2021-08-31,0.4237260925275155,0
castor,ALL,NATIONAL,2021-09-30,0.41955575062625433,0
castor,ALL,NATIONAL,2021-10-31,0.3286217984929056,0
castor,ALL,NATIONAL,2021-11-30,0.8372219876869671,0
castor,ALL,NATIONAL,2021-12-31,0.6680560409540669,1
castor,ALL,NATIONAL,2022-01-31,0.3858689524992941,1
castor,ALL,NATIONAL,2022-02-28,1.0791464928721273,1
castor,ALL,NATIONAL,2022-03-31,1.0068372297729014,1
castor,ALL,NATIONAL,2022-04-30,1.434079591809984,1
castor,ALL,NATIONAL,2022-05-31,0.4632121310497123,1
castor,ALL,NATIONAL,2022-06-30,0.3400315061200593,1
castor,ALL,NATIONAL,2022-07-31,0.3625449724978112,1
castor,ALL,NATIONAL,2022-08-31,0.47638989806668985,1
castor,ALL,NATIONAL,2022-09-30,0.5227603551830649,1
castor,ALL,NATIONAL,2022-10-31,0.4545834727515943,1
castor,ALL,NATIONAL,2022-11-30,0.5535561891481535,1
castor,ALL,NATIONAL,2022-12-31,0.42550733655936845,1
castor,ALL,NATIONAL,2023-01-31,0.33619648872497393,1
castor,ALL,NATIONAL,2023-02-28,0.20752471015734505,1
castor,ALL,NATIONAL,2023-03-31,0.26618354259450705,1
castor,ALL,NATIONAL,2023-04-30,0.9465751279364399,1
castor,ALL,NATIONAL,2023-05-31,0.4734840730934684,1
castor,ALL,NATIONAL,2023-06-30,0.2379708036790757,1
castor,ALL,NATIONAL,2023-07-31,0.2587311228200016,1
castor,ALL,NATIONAL,2023-08-31,0.2586532772268952,1
castor,ALL,NATIONAL,2023-09-30,0.3806967852417044,1
castor,ALL,NATIONAL,2023-10-31,0.3514769268168476,1
castor,ALL,NATIONAL,2023-11-30,0.3215139383730928,1
castor,ALL,NATIONAL,2023-12-31,0.3856976884453734,1
castor,ALL,NATIONAL,2024-01-31,0.29336909091933455,1
castor,ALL,NATIONAL,2024-02-29,0.5253205324742348,1
castor,ALL,NATIONAL,2024-03-31,0.33467369537639324,1
castor,ALL,NATIONAL,2024-04-30,0.3948488068387758,1
castor,ALL,NATIONAL,2024-05-31,0.30540737426091175,1
castor,ALL,NATIONAL,2024-06-30,0.19221624546847177,1
castor,ALL,NATIONAL,2024-07-31,0.14568400185932387,1
castor,ALL,NATIONAL,2024-08-31,0.22925561412378478,1
castor,ALL,NATIONAL,2024-09-30,0.34598969658409623,1
castor,ALL,NATIONAL,2024-10-31,0.28787718135432927,1
castor,ALL,NATIONAL,2024-11-30,0.3682117746275704,1
castor,ALL,NATIONAL,2024-12-31,0.3082422979849582,1
castor,ALL,NATIONAL,2025-01-31,0.16941812769012143,1
castor,ALL,NATIONAL,2025-02-28,0.18390847672521743,1
castor,ALL,NATIONAL,2025-03-31,0.4864810766058152,1
castor,ALL,NATIONAL,2025-04-30,0.2841884287442457,1
castor,ALL,NATIONAL,2025-05-31,0.16115087854306817,1
castor,ALL,NATIONAL,2025-06-30,0.142950370447453,1
castor,ALL,NATIONAL,2025-07-31,0.1915638456639508,1
castor,ALL,NATIONAL,2025-08-31,0.44255750017190904,1
castor,ALL,NATIONAL,2025-09-30,0.6403237046346676,1
castor,ALL,NATIONAL,2025-10-31,0.45692376535614876,1
chana,ALL,NATIONAL,2017-01-31,,0
chana,ALL,NATIONAL,2017-02-28,0.66868518100074,0
chana,ALL,NATIONAL,2017-03-31,1.2995619407929708,0
chana,ALL,NATIONAL,2017-04-30,0.595099410579424,0
chana,ALL,NATIONAL,2017-05-31,0.24785117510098192,0
chana,ALL,NATIONAL,2017-06-30,0.24750824263028343,0
chana,ALL,NATIONAL,2017-07-31,0.24117463602700617,0
chana,ALL,NATIONAL,2017-08-31,0.45292237509271077,0
chana,ALL,NATIONAL,2017-09-30,0.437576973353621,0
chana,ALL,NATIONAL,2017-10-31,0.3516771197555583,0
chana,ALL,NATIONAL,2017-11-30,0.46452785515390205,0
chana,ALL,NATIONAL,2017-12-31,0.2839287511464146,0
chana,ALL,NATIONAL,2018-01-31,0.45530913645034493,0
chana,ALL,NATIONAL,2018-02-28,0.678606161036855,0
chana,ALL,NATIONAL,2018-03-31,0.6351925092822547,0
chana,ALL,NATIONAL,2018-04-30,0.5538878504660965,0
chana,ALL,NATIONAL,2018-05-31,0.5404887053959387,0
chana,ALL,NATIONAL,2018-06-30,0.26247056575673844,0
chana,ALL,NATIONAL,2018-07-31,0.2644203631856588,0
chana,ALL,NATIONAL,2018-08-31,0.4907931145511482,0
chana,ALL,NATIONAL,2018-09-30,0.8397498468990883,0
chana,ALL,NATIONAL,2018-10-31,0.5308425893906822,0
chana,ALL,NATIONAL,2018-11-30,0.4842981860412692,0
chana,ALL,NATIONAL,2018-12-31,0.44040749578063787,0
chana,ALL,NATIONAL,2019-01-31,0.31431375594766353,0
chana,ALL,NATIONAL,2019-02-28,0.244324641728452,0
chana,ALL,NATIONAL,2019-03-31,0.6094377112988523,0
chana,ALL,NATIONAL,2019-04-30,0.5503443802968488,0
chana,ALL,NATIONAL,2019-05-31,0.30766095641904273,0
chana,ALL,NATIONAL,2019-06-30,0.16306583578114792,0
chana,ALL,NATIONAL,2019-07-31,0.14334767431171738,0
chana,ALL,NATIONAL,2019-08-31,0.32796332858267485,0
chana,ALL,NATIONAL,2019-09-30,0.5144971038906698,0
chana,ALL,NATIONAL,2019-10-31,0.41261159951026927,0
chana,ALL,NATIONAL,2019-11-30,0.3754257715218595,0
chana,ALL,NATIONAL,2019-12-31,0.27736507438023467,0
chana,ALL,NATIONAL,2020-01-31,0.3067836315077766,0
chana,ALL,NATIONAL,2020-02-29,0.39589300235839364,0
chana,ALL,NATIONAL,2020-03-31,0.6585131017637292,0
chana,ALL,NATIONAL,2020-04-30,0.5956692923475843,0
chana,ALL,NATIONAL,2020-05-31,0.4131499081753243,0
chana,ALL,NATIONAL,2020-06-30,0.2806204876702083,0
chana,ALL,NATIONAL,2020-07-31,0.16546015143484397,0
chana,ALL,NATIONAL,2020-08-31,0.2649543282338917,0
chana,ALL,NATIONAL,2020-09-30,0.28621567189812464,0
chana,ALL,NATIONAL,2020-10-31,0.2053371061940263,0
chana,ALL,NATIONAL,2020-11-30,0.3013425417982993,0
chana,ALL,NATIONAL,2020-12-31,0.5398752023447857,0
chana,ALL,NATIONAL,2021-01-31,0.6410768784821171,0
chana,ALL,NATIONAL,2021-02-28,0.8153757249004101,0
chana,ALL,NATIONAL,2021-03-31,0.37990782340937806,0
chana,ALL,NATIONAL,2021-04-30,0.21370180348475945,0
chana,ALL,NATIONAL,2021-05-31,0.18918720225111166,0
chana,ALL,NATIONAL,2021-06-30,0.19163558119163746,0
chana,ALL,NATIONAL,2021-07-31,0.22915186079104827,0
chana,ALL,NATIONAL,2021-08-31,0.3152806543768452,0
chana,ALL,NATIONAL,2021-09-30,0.24381413927677995,0
chana,ALL,NATIONAL,2021-10-31,0.2806377321758735,0
chana,ALL,NATIONAL,2021-11-30,0.39660116737956824,0
chana,ALL,NATIONAL,2021-12-31,0.31039574271556686,1
chana,ALL,NATIONAL,2022-01-31,0.24359534504296407,1
chana,ALL,NATIONAL,2022-02-28,0.41030041194486017,1
chana,ALL,NATIONAL,2022-03-31,0.4452578155265079,1
chana,ALL,NATIONAL,2022-04-30,0.3449757750477064,1
chana,ALL,NATIONAL,2022-05-31,0.3122196441510442,1
chana,ALL,NATIONAL,2022-06-30,0.22910797714314526,1
chana,ALL,NATIONAL,2022-07-31,0.2329298625373407,1
chana,ALL,NATIONAL,2022-08-31,0.39329355942126415,1
chana,ALL,NATIONAL,2022-09-30,0.4874527533825208,1
chana,ALL,NATIONAL,2022-10-31,0.45450905989135104,1
chana,ALL,NATIONAL,2022-11-30,0.6540438907315838,1
chana,ALL,NATIONAL,2022-12-31,0.26601885322852126,1
chana,ALL,NATIONAL,2023-01-31,0.22920959403887206,1
chana,ALL,NATIONAL,2023-02-28,0.36883216987373924,1
chana,ALL,NATIONAL,2023-03-31,0.2663313927962278,1
chana,ALL,NATIONAL,2023-04-30,0.22580892998781282,1
chana,ALL,NATIONAL,2023-05-31,0.19205038906968783,1
chana,ALL,NATIONAL,2023-06-30,0.16359653603424237,1
chana,ALL,NATIONAL,2023-07-31,0.19203150300458566,1
chana,ALL,NATIONAL,2023-08-31,0.215107550258598,1
chana,ALL,NATIONAL,2023-09-30,0.25127009544634815,1
chana,ALL,NATIONAL,2023-10-31,0.2427729073490692,1
chana,ALL,NATIONAL,2023-11-30,0.2056129139171172,1
chana,ALL,NATIONAL,2023-12-31,0.27382580329151984,1
chana,ALL,NATIONAL,2024-01-31,0.38693988231094656,1
chana,ALL,NATIONAL,2024-02-29,0.5809278357820213,1
chana,ALL,NATIONAL,2024-03-31,0.33069266968491917,1
chana,ALL,NATIONAL,2024-04-30,0.34635733755067527,1
chana,ALL,NATIONAL,2024-05-31,0.21105641786140286,1
chana,ALL,NATIONAL,2024-06-30,0.1420409479652955,1
chana,ALL,NATIONAL,2024-07-31,0.15193309264131888,1
chana,ALL,NATIONAL,2024-08-31,0.20383404805913097,1
chana,ALL,NATIONAL,2024-09-30,0.19246628910876826,1
chana,ALL,NATIONAL,2024-10-31,0.18337024248541087,1
chana,ALL,NATIONAL,2024-11-30,0.43029841319233497,1
chana,ALL,NATIONAL,2024-12-31,0.453752239777486,1
chana,ALL,NATIONAL,2025-01-31,0.45714633461290743,1
chana,ALL,NATIONAL,2025-02-28,0.5266992087201608,1
chana,ALL,NATIONAL,2025-03-31,0.7572428214586311,1
chana,ALL,NATIONAL,2025-04-30,0.7042732303234058,1
chana,ALL,NATIONAL,2025-05-31,0.20078832463002413,1
chana,ALL,NATIONAL,2025-06-30,0.17436562968436398,1
chana,ALL,NATIONAL,2025-07-31,0.261254282290279,1
chana,ALL,NATIONAL,2025-08-31,0.3111983595300854,1
chana,ALL,NATIONAL,2025-09-30,0.4486558246207704,1
chana,ALL,NATIONAL,2025-10-31,0.5862947558454382,1
cotton,ALL,NATIONAL,2017-01-31,,0
cotton,ALL,NATIONAL,2017-02-28,0.20954674542894203,0
cotton,ALL,NATIONAL,2017-03-31,0.25213460879346444,0
cotton,ALL,NATIONAL,2017-04-30,0.23431446235573433,0
cotton,ALL,NATIONAL,2017-05-31,0.12163544491093292,0
cotton,ALL,NATIONAL,2017-06-30,0.13276384802742472,0
cotton,ALL,NATIONAL,2017-07-31,0.16268852345171886,0
cotton,ALL,NATIONAL,2017-08-31,0.1658050955019589,0
cotton,ALL,NATIONAL,2017-09-30,0.22825289965439843,0
cotton,ALL,NATIONAL,2017-10-31,0.1675428929845592,0
cotton,ALL,NATIONAL,2017-11-30,0.16024515865856992,0
cotton,ALL,NATIONAL,2017-12-31,0.11589084492860384,0
cotton,ALL,NATIONAL,2018-01-31,0.11685120105901703,0
cotton,ALL,NATIONAL,2018-02-28,0.10361172712814588,0
cotton,ALL,NATIONAL,2018-03-31,0.16895661009486965,0
cotton,ALL,NATIONAL,2018-04-30,0.16614849322475053,0
cotton,ALL,NATIONAL,2018-05-31,0.15395581356600105,0
cotton,ALL,NATIONAL,2018-06-30,0.22309327350982322,0
cotton,ALL,NATIONAL,2018-07-31,0.2525647108137186,0
cotton,ALL,NATIONAL,2018-08-31,0.33584158608769316,0
cotton,ALL,NATIONAL,2018-09-30,0.46610249152369665,0
cotton,ALL,NATIONAL,2018-10-31,0.20915349554881046,0
cotton,ALL,NATIONAL,2018-11-30,0.20280806741101484,0
cotton,ALL,NATIONAL,2018-12-31,0.18705295046830525,0
cotton,ALL,NATIONAL,2019-01-31,0.11541449284477719,0
cotton,ALL,NATIONAL,2019-02-28,0.11682270630891552,0
cotton,ALL,NATIONAL,2019-03-31,0.12879373831304453,0
cotton,ALL,NATIONAL,2019-04-30,0.17013765702418404,0
cotton,ALL,NATIONAL,2019-05-31,0.18885019251719537,0
cotton,ALL,NATIONAL,2019-06-30,0.22147205149289556,0
cotton,ALL,NATIONAL,2019-07-31,0.3507865282637172,0
cotton,ALL,NATIONAL,2019-08-31,0.28711862561456825,0
cotton,ALL,NATIONAL,2019-09-30,0.28484996990565736,0
cotton,ALL,NATIONAL,2019-10-31,0.28308020123977284,0
cotton,ALL,NATIONAL,2019-11-30,0.21092115535287878,0
cotton,ALL,NATIONAL,2019-12-31,0.14089446524129978,0
cotton,ALL,NATIONAL,2020-01-31,0.13573171716814889,0
cotton,ALL,NATIONAL,2020-02-29,0.13644024562176257,0
cotton,ALL,NATIONAL,2020-03-31,0.18268694458779675,0
cotton,ALL,NATIONAL,2020-04-30,0.9226173857916568,0
cotton,ALL,NATIONAL,2020-05-31,1.0125666130604059,0
cotton,ALL,NATIONAL,2020-06-30,0.5347332588025174,0
cotton,ALL,NATIONAL,2020-07-31,0.36564437257159293,0
cotton,ALL,NATIONAL,2020-08-31,0.48518494921659217,0
cotton,ALL,NATIONAL,2020-09-30,0.43597481187336623,0
cotton,ALL,NATIONAL,2020-10-31,0.35942242860141743,0
cotton,ALL,NATIONAL,2020-11-30,0.3124427036471376,0
cotton,ALL,NATIONAL,2020-12-31,0.22791448185596383,0
cotton,ALL,NATIONAL,2021-01-31,0.1413441305217463,0
cotton,ALL,NATIONAL,2021-02-28,0.12760315551460835,0
cotton,ALL,NATIONAL,2021-03-31,0.1326181438623059,0
cotton,ALL,NATIONAL,2021-04-30,0.2732412512352902,0
cotton,ALL,NATIONAL,2021-05-31,0.4022262809366642,0
cotton,ALL,NATIONAL,2021-06-30,0.40749733541935546,0
cotton,ALL,NATIONAL,2021-07-31,0.3487259600467285,0
cotton,ALL,NATIONAL,2021-08-31,0.5691034812496846,0
cotton,ALL,NATIONAL,2021-09-30,0.690979868247066,0
cotton,ALL,NATIONAL,2021-10-31,0.5468341184310889,0
cotton,ALL,NATIONAL,2021-11-30,0.39071453050061977,0
cotton,ALL,NATIONAL,2021-12-31,0.2505589737802433,1
cotton,ALL,NATIONAL,2022-01-31,0.2033279418662052,1
cotton,ALL,NATIONAL,2022-02-28,0.24808388251194385,1
cotton,ALL,NATIONAL,2022-03-31,0.325310785931786,1
cotton,ALL,NATIONAL,2022-04-30,0.531293222750106,1
cotton,ALL,NATIONAL,2022-05-31,0.44590106877325386,1
cotton,ALL,NATIONAL,2022-06-30,0.4991986260574336,1
cotton,ALL,NATIONAL,2022-07-31,0.5596487415327934,1
cotton,ALL,NATIONAL,2022-08-31,0.6973368380450459,1
cotton,ALL,NATIONAL,2022-09-30,0.7090759889126734,1
cotton,ALL,NATIONAL,2022-10-31,0.29074538416483414,1
cotton,ALL,NATIONAL,2022-11-30,0.2960209551398087,1
cotton,ALL,NATIONAL,2022-12-31,0.24716716091798074,1
cotton,ALL,NATIONAL,2023-01-31,0.29636783290168867,1
cotton,ALL,NATIONAL,2023-02-28,0.16069156471807053,1
cotton,ALL,NATIONAL,2023-03-31,0.1362530591902211,1
cotton,ALL,NATIONAL,2023-04-30,0.17557154864260133,1
cotton,ALL,NATIONAL,2023-05-31,0.1391042195854633,1
cotton,ALL,NATIONAL,2023-06-30,0.1428999266493545,1
cotton,ALL,NATIONAL,2023-07-31,0.11659513719699291,1
cotton,ALL,NATIONAL,2023-08-31,0.18548062953404928,1
cotton,ALL,NATIONAL,2023-09-30,0.24831253186528895,1
cotton,ALL,NATIONAL,2023-10-31,0.17604766331997604,1
cotton,ALL,NATIONAL,2023-11-30,0.1473793827119686,1
cotton,ALL,NATIONAL,2023-12-31,0.12267503048651122,1
cotton,ALL,NATIONAL,2024-01-31,0.1344961800233034,1
cotton,ALL,NATIONAL,2024-02-29,0.1710091800803364,1
cotton,ALL,NATIONAL,2024-03-31,0.15011057258278426,1
cotton,ALL,NATIONAL,2024-04-30,0.24584190492901567,1
cotton,ALL,NATIONAL,2024-05-31,0.22825216989501068,1
cotton,ALL,NATIONAL,2024-06-30,0.19575628860867716,1
cotton,ALL,NATIONAL,2024-07-31,0.25495559737076706,1
cotton,ALL,NATIONAL,2024-08-31,0.32822639361117084,1
cotton,ALL,NATIONAL,2024-09-30,0.46414334647018113,1
cotton,ALL,NATIONAL,2024-10-31,0.3200600704638758,1
cotton,ALL,NATIONAL,2024-11-30,0.16848808193902742,1
cotton,ALL,NATIONAL,2024-12-31,0.11386689814716477,1
cotton,ALL,NATIONAL,2025-01-31,0.08304677852864177,1
cotton,ALL,NATIONAL,2025-02-28,0.07466924157982843,1
cotton,ALL,NATIONAL,2025-03-31,0.136511551137744,1
cotton,ALL,NATIONAL,2025-04-30,0.1762918302807641,1
cotton,ALL,NATIONAL,2025-05-31,0.15900315878069307,1
cotton,ALL,NATIONAL,2025-06-30,0.21227437004895802,1
cotton,ALL,NATIONAL,2025-07-31,0.271314737752284,1
cotton,ALL,NATIONAL,2025-08-31,0.29205536569561685,1
cotton,ALL,NATIONAL,2025-09-30,0.4028046605859092,1
cotton,ALL,NATIONAL,2025-10-31,0.2883429361012966,1
groundnut,ALL,NATIONAL,2017-01-31,,0
groundnut,ALL,NATIONAL,2017-02-28,0.3635527679503139,0
groundnut,ALL,NATIONAL,2017-03-31,0.5064620148562298,0
groundnut,ALL,NATIONAL,2017-04-30,0.5828947334179552,0
groundnut,ALL,NATIONAL,2017-05-31,0.7508790468158658,0
groundnut,ALL,NATIONAL,2017-06-30,0.41779254888121575,0
groundnut,ALL,NATIONAL,2017-07-31,0.3467027210728627,0
groundnut,ALL,NATIONAL,2017-08-31,0.6704600034640457,0
groundnut,ALL,NATIONAL,2017-09-30,0.7165738248940271,0
groundnut,ALL,NATIONAL,2017-10-31,0.6434043224216381,0
groundnut,ALL,NATIONAL,2017-11-30,0.5058131535408413,0
groundnut,ALL,NATIONAL,2017-12-31,0.35653433454673417,0
groundnut,ALL,NATIONAL,2018-01-31,0.4168836101632789,0
groundnut,ALL,NATIONAL,2018-02-28,0.45033048417537075,0
groundnut,ALL,NATIONAL,2018-03-31,0.5617797042024069,0
groundnut,ALL,NATIONAL,2018-04-30,0.5371352990006122,0
groundnut,ALL,NATIONAL,2018-05-31,0.5746996847369903,0
groundnut,ALL,NATIONAL,2018-06-30,0.30837257227358666,0
groundnut,ALL,NATIONAL,2018-07-31,0.2480397958679303,0
groundnut,ALL,NATIONAL,2018-08-31,0.5109480506130728,0
groundnut,ALL,NATIONAL,2018-09-30,0.7805051255426401,0
groundnut,ALL,NATIONAL,2018-10-31,0.6490017633792161,0
groundnut,ALL,NATIONAL,2018-11-30,0.5823138513628241,0
groundnut,ALL,NATIONAL,2018-12-31,0.44102891212061207,0
groundnut,ALL,NATIONAL,2019-01-31,0.33069156668612576,0
groundnut,ALL,NATIONAL,2019-02-28,0.3081296483429078,0
groundnut,ALL,NATIONAL,2019-03-31,0.7496360003068601,0
groundnut,ALL,NATIONAL,2019-04-30,0.7520223036408994,0
groundnut,ALL,NATIONAL,2019-05-31,0.884592650541891,0
groundnut,ALL,NATIONAL,2019-06-30,0.5063609578500534,0
groundnut,ALL,NATIONAL,2019-07-31,0.39680816958723164,0
groundnut,ALL,NATIONAL,2019-08-31,1.103830460810674,0
groundnut,ALL,NATIONAL,2019-09-30,1.9500832179877328,0
groundnut,ALL,NATIONAL,2019-10-31,1.2523008215513733,0
groundnut,ALL,NATIONAL,2019-11-30,0.6768436560921453,0
groundnut,ALL,NATIONAL,2019-12-31,0.27926009640139776,0
groundnut,ALL,NATIONAL,2020-01-31,0.25475632753461935,0
groundnut,ALL,NATIONAL,2020-02-29,0.30890765673615017,0
groundnut,ALL,NATIONAL,2020-03-31,0.7263078155480248,0
groundnut,ALL,NATIONAL,2020-04-30,1.4712872398832368,0
groundnut,ALL,NATIONAL,2020-05-31,1.207951914539089,0
groundnut,ALL,NATIONAL,2020-06-30,0.6977896103150629,0
groundnut,ALL,NATIONAL,2020-07-31,0.3975758680280305,0
groundnut,ALL,NATIONAL,2020-08-31,0.7177109208499703,0
groundnut,ALL,NATIONAL,2020-09-30,0.7595580179107121,0
groundnut,ALL,NATIONAL,2020-10-31,0.5097230633060297,0
groundnut,ALL,NATIONAL,2020-11-30,0.4290725546094868,0
groundnut,ALL,NATIONAL,2020-12-31,0.6011660008794082,0
groundnut,ALL,NATIONAL,2021-01-31,0.5148437236500252,0
groundnut,ALL,NATIONAL,2021-02-28,0.509837921326245,0
groundnut,ALL,NATIONAL,2021-03-31,0.7045329247341524,0
groundnut,ALL,NATIONAL,2021-04-30,0.85802936075698,0
groundnut,ALL,NATIONAL,2021-05-31,0.7336239051250375,0
groundnut,ALL,NATIONAL,2021-06-30,0.6809315896704361,0
groundnut,ALL,NATIONAL,2021-07-31,0.504324060022303,0
groundnut,ALL,NATIONAL,2021-08-31,0.5707018936449407,0
groundnut,ALL,NATIONAL,2021-09-30,0.9595585859313128,0
groundnut,ALL,NATIONAL,2021-10-31,0.6522085277554874,0
groundnut,ALL,NATIONAL,2021-11-30,0.6304081244334768,0
groundnut,ALL,NATIONAL,2021-12-31,0.4819744129156553,1
groundnut,ALL,NATIONAL,2022-01-31,0.401898350530361,1
groundnut,ALL,NATIONAL,2022-02-28,0.5077557230939898,1
groundnut,ALL,NATIONAL,2022-03-31,0.5182666086912077,1
groundnut,ALL,NATIONAL,2022-04-30,0.7564874155001746,1
groundnut,ALL,NATIONAL,2022-05-31,0.45323960516124534,1
groundnut,ALL,NATIONAL,2022-06-30,0.3682116076286613,1
groundnut,ALL,NATIONAL,2022-07-31,0.331531988557745,1
groundnut,ALL,NATIONAL,2022-08-31,0.532998513337257,1
groundnut,ALL,NATIONAL,2022-09-30,0.7039698858105685,1
groundnut,ALL,NATIONAL,2022-10-31,0.5881986382536257,1
groundnut,ALL,NATIONAL,2022-11-30,0.4973572295939977,1
groundnut,ALL,NATIONAL,2022-12-31,0.3094242990907881,1
groundnut,ALL,NATIONAL,2023-01-31,0.32107100867022637,1
groundnut,ALL,NATIONAL,2023-02-28,0.7173733094907739,1
groundnut,ALL,NATIONAL,2023-03-31,0.6136485514484051,1
groundnut,ALL,NATIONAL,2023-04-30,0.6270758999328209,1
groundnut,ALL,NATIONAL,2023-05-31,0.43364449347596634,1
groundnut,ALL,NATIONAL,2023-06-30,0.3133839517836255,1
groundnut,ALL,NATIONAL,2023-07-31,0.4020030404139959,1
groundnut,ALL,NATIONAL,2023-08-31,0.39407165413341433,1
groundnut,ALL,NATIONAL,2023-09-30,0.738536602255038,1
groundnut,ALL,NATIONAL,2023-10-31,0.7453663063115084,1
groundnut,ALL,NATIONAL,2023-11-30,0.5993354688760903,1
groundnut,ALL,NATIONAL,2023-12-31,0.5202216387945007,1
groundnut,ALL,NATIONAL,2024-01-31,0.38736104495027623,1
groundnut,ALL,NATIONAL,2024-02-29,0.5394091226063422,1
groundnut,ALL,NATIONAL,2024-03-31,0.5754793057116453,1
groundnut,ALL,NATIONAL,2024-04-30,0.9772463387517142,1
groundnut,ALL,NATIONAL,2024-05-31,0.8600064227787749,1
groundnut,ALL,NATIONAL,2024-06-30,0.34522268672902306,1
groundnut,ALL,NATIONAL,2024-07-31,0.3546991604499985,1
groundnut,ALL,NATIONAL,2024-08-31,0.38906060457368097,1
groundnut,ALL,NATIONAL,2024-09-30,0.5650519827308627,1
groundnut,ALL,NATIONAL,2024-10-31,0.2695775324222198,1
groundnut,ALL,NATIONAL,2024-11-30,0.34609345140681985,1
groundnut,ALL,NATIONAL,2024-12-31,0.3126499785804037,1
groundnut,ALL,NATIONAL,2025-01-31,0.3368288169386661,1
groundnut,ALL,NATIONAL,2025-02-28,0.4177524210626764,1
groundnut,ALL,NATIONAL,2025-03-31,0.6004971681252401,1
groundnut,ALL,NATIONAL,2025-04-30,0.703913902344111,1
groundnut,ALL,NATIONAL,2025-05-31,0.31295364306638984,1
groundnut,ALL,NATIONAL,2025-06-30,0.32808731729229573,1
groundnut,ALL,NATIONAL,2025-07-31,0.5338576861980808,1
groundnut,ALL,NATIONAL,2025-08-31,0.8354824209577042,1
groundnut,ALL,NATIONAL,2025-09-30,0.8633902911953034,1
groundnut,ALL,NATIONAL,2025-10-31,0.7406341558608541,1
guar,ALL,NATIONAL,2017-01-31,,0
guar,ALL,NATIONAL,2017-02-28,0.41789916703143404,0
guar,ALL,NATIONAL,2017-03-31,0.4037557821225257,0
guar,ALL,NATIONAL,2017-04-30,0.45169461179238113,0
guar,ALL,NATIONAL,2017-05-31,0.5187500895168929,0
guar,ALL,NATIONAL,2017-06-30,0.5619389543468926,0
guar,ALL,NATIONAL,2017-07-31,0.4313991994927176,0
guar,ALL,NATIONAL,2017-08-31,0.5043000133015983,0
guar,ALL,NATIONAL,2017-09-30,0.5427940979475692,0
guar,ALL,NATIONAL,2017-10-31,0.4244087556029818,0
guar,ALL,NATIONAL,2017-11-30,0.3423117708887166,0
guar,ALL,NATIONAL,2017-12-31,0.2509185436569562,0
guar,ALL,NATIONAL,2018-01-31,0.2965057178875517,0
guar,ALL,NATIONAL,2018-02-28,0.3051200913831039,0
guar,ALL,NATIONAL,2018-03-31,0.2896923848024863,0
guar,ALL,NATIONAL,2018-04-30,0.41483082651794173,0
guar,ALL,NATIONAL,2018-05-31,0.558961303829543,0
guar,ALL,NATIONAL,2018-06-30,0.46202852578782877,0
guar,ALL,NATIONAL,2018-07-31,0.39910048619213384,0
guar,ALL,NATIONAL,2018-08-31,0.3879274555153861,0
guar,ALL,NATIONAL,2018-09-30,0.7857338791499963,0
guar,ALL,NATIONAL,2018-10-31,0.7296217648681551,0
guar,ALL,NATIONAL,2018-11-30,0.9399692479404578,0
guar,ALL,NATIONAL,2018-12-31,0.8799157805448604,0
guar,ALL,NATIONAL,2019-01-31,0.461275254679903,0
guar,ALL,NATIONAL,2019-02-28,0.405069149590219,0
guar,ALL,NATIONAL,2019-03-31,0.6433669233664607,0
guar,ALL,NATIONAL,2019-04-30,1.2388965636183384,0
guar,ALL,NATIONAL,2019-05-31,0.6407823820379391,0
guar,ALL,NATIONAL,2019-06-30,0.45780571819367666,0
guar,ALL,NATIONAL,2019-07-31,0.38476874756831775,0
guar,ALL,NATIONAL,2019-08-31,0.6557662231224843,0
guar,ALL,NATIONAL,2019-09-30,0.6994065106290789,0
guar,ALL,NATIONAL,2019-10-31,0.5262513462719839,0
guar,ALL,NATIONAL,2019-11-30,0.6042680167703904,0
guar,ALL,NATIONAL,2019-12-31,0.4514227306224207,0
guar,ALL,NATIONAL,2020-01-31,0.44266050617274205,0
guar,ALL,NATIONAL,2020-02-29,0.48162966662487366,0
guar,ALL,NATIONAL,2020-03-31,0.6510269301820711,0
guar,ALL,NATIONAL,2020-04-30,1.3697699687246108,0
guar,ALL,NATIONAL,2020-05-31,1.915328793537614,0
guar,ALL,NATIONAL,2020-06-30,0.962833655162362,0
guar,ALL,NATIONAL,2020-07-31,0.8692634320889906,0
guar,ALL,NATIONAL,2020-08-31,0.8833809661647245,0
guar,ALL,NATIONAL,2020-09-30,0.918666944437333,0
guar,ALL,NATIONAL,2020-10-31,0.9590094815132957,0
guar,ALL,NATIONAL,2020-11-30,0.7456825790818772,0
guar,ALL,NATIONAL,2020-12-31,0.5569535678661008,0
guar,ALL,NATIONAL,2021-01-31,0.4271712891194247,0
guar,ALL,NATIONAL,2021-02-28,0.5716017166706518,0
guar,ALL,NATIONAL,2021-03-31,0.6016683340185218,0
guar,ALL,NATIONAL,2021-04-30,0.7255973842331861,0
guar,ALL,NATIONAL,2021-05-31,0.749184411034683,0
guar,ALL,NATIONAL,2021-06-30,0.8937696198839621,0
guar,ALL,NATIONAL,2021-07-31,0.597674164707703,0
guar,ALL,NATIONAL,2021-08-31,0.7225217414193792,0
guar,ALL,NATIONAL,2021-09-30,1.1401481044722048,0
guar,ALL,NATIONAL,2021-10-31,0.8113286492482523,0
guar,ALL,NATIONAL,2021-11-30,0.6713549736923577,0
guar,ALL,NATIONAL,2021-12-31,0.5947396134676487,1
guar,ALL,NATIONAL,2022-01-31,0.5813970914692245,1
guar,ALL,NATIONAL,2022-02-28,0.537619006316409,1
guar,ALL,NATIONAL,2022-03-31,0.5142590493113023,1
guar,ALL,NATIONAL,2022-04-30,0.6850008995245537,1
guar,ALL,NATIONAL,2022-05-31,0.6086143934507704,1
guar,ALL,NATIONAL,2022-06-30,0.7218934001656646,1
guar,ALL,NATIONAL,2022-07-31,0.6332835756916197,1
guar,ALL,NATIONAL,2022-08-31,0.6819222907828726,1
guar,ALL,NATIONAL,2022-09-30,0.5898481300404748,1
guar,ALL,NATIONAL,2022-10-31,0.5756874335910511,1
guar,ALL,NATIONAL,2022-11-30,0.7441782630267533,1
guar,ALL,NATIONAL,2022-12-31,0.5716595329683917,1
guar,ALL,NATIONAL,2023-01-31,0.42089261052302546,1
guar,ALL,NATIONAL,2023-02-28,0.4336459257479571,1
guar,ALL,NATIONAL,2023-03-31,0.5481688323348216,1
guar,ALL,NATIONAL,2023-04-30,0.6136784334466872,1
guar,ALL,NATIONAL,2023-05-31,0.5208036690971432,1
guar,ALL,NATIONAL,2023-06-30,0.5228314236939914,1
guar,ALL,NATIONAL,2023-07-31,0.5405945859396263,1
guar,ALL,NATIONAL,2023-08-31,19.94392853524455,1
guar,ALL,NATIONAL,2023-09-30,26.565889670213167,1
guar,ALL,NATIONAL,2023-10-31,0.7276218715367828,1
guar,ALL,NATIONAL,2023-11-30,0.7061139153616053,1
guar,ALL,NATIONAL,2023-12-31,0.6910903368584839,1
guar,ALL,NATIONAL,2024-01-31,0.7797243812714886,1
guar,ALL,NATIONAL,2024-02-29,0.6709780159402784,1
guar,ALL,NATIONAL,2024-03-31,0.42452646399186783,1
guar,ALL,NATIONAL,2024-04-30,0.49565446593901685,1
guar,ALL,NATIONAL,2024-05-31,0.597157295459709,1
guar,ALL,NATIONAL,2024-06-30,0.5433638004400557,1
guar,ALL,NATIONAL,2024-07-31,0.4913545064270372,1
guar,ALL,NATIONAL,2024-08-31,0.6327186148309154,1
guar,ALL,NATIONAL,2024-09-30,0.8553127015044365,1
guar,ALL,NATIONAL,2024-10-31,1.036686469262134,1
guar,ALL,NATIONAL,2024-11-30,1.2767991658721694,1
guar,ALL,NATIONAL,2024-12-31,0.6811953190164033,1
guar,ALL,NATIONAL,2025-01-31,0.482998692224515,1
guar,ALL,NATIONAL,2025-02-28,0.41857190635282643,1
guar,ALL,NATIONAL,2025-03-31,0.6805123414887364,1
guar,ALL,NATIONAL,2025-04-30,0.680446014367421,1
guar,ALL,NATIONAL,2025-05-31,0.5371414719536185,1
guar,ALL,NATIONAL,2025-06-30,0.5613134771856378,1
guar,ALL,NATIONAL,2025-07-31,0.7649799400151057,1
guar,ALL,NATIONAL,2025-08-31,0.8042089356115596,1
guar,ALL,NATIONAL,2025-09-30,0.6340744574307836,1
guar,ALL,NATIONAL,2025-10-31,0.8649498960273907,1
guarseed413,ALL,NATIONAL,2017-01-31,,0
guarseed413,ALL,NATIONAL,2017-02-28,0.168243112900469,0
guarseed413,ALL,NATIONAL,2017-03-31,0.2730005534050818,0
guarseed413,ALL,NATIONAL,2017-04-30,0.27062938514482054,0
guarseed413,ALL,NATIONAL,2017-05-31,0.2074368655251125,0
guarseed413,ALL,NATIONAL,2017-06-30,0.22479946225342443,0
guarseed413,ALL,NATIONAL,2017-07-31,0.24730690252525503,0
guarseed413,ALL,NATIONAL,2017-08-31,0.2768342437474767,0
guarseed413,ALL,NATIONAL,2017-09-30,0.2903336355653781,0
guarseed413,ALL,NATIONAL,2017-10-31,0.22642450120729307,0
guarseed413,ALL,NATIONAL,2017-11-30,0.25182326199385296,0
guarseed413,ALL,NATIONAL,2017-12-31,0.17624609726436163,0
guarseed413,ALL,NATIONAL,2018-01-31,0.23802844717015118,0
guarseed413,ALL,NATIONAL,2018-02-28,0.21356180766429125,0
guarseed413,ALL,NATIONAL,2018-03-31,0.2555251956749631,0
guarseed413,ALL,NATIONAL,2018-04-30,0.23443144465951024,0
guarseed413,ALL,NATIONAL,2018-05-31,0.23078011355902736,0
guarseed413,ALL,NATIONAL,2018-06-30,0.21248933183318802,0
guarseed413,ALL,NATIONAL,2018-07-31,0.29490776594549,0
guarseed413,ALL,NATIONAL,2018-08-31,0.3640935746444567,0
guarseed413,ALL,NATIONAL,2018-09-30,0.35210539172295524,0
guarseed413,ALL,NATIONAL,2018-10-31,0.22373719991110777,0
guarseed413,ALL,NATIONAL,2018-11-30,0.2696999010314886,0
guarseed413,ALL,NATIONAL,2018-12-31,0.2423009622104693,0
guarseed413,ALL,NATIONAL,2019-01-31,0.15769252822782137,0
guarseed413,ALL,NATIONAL,2019-02-28,0.17106806370300665,0
guarseed413,ALL,NATIONAL,2019-03-31,0.16728788642491496,0
guarseed413,ALL,NATIONAL,2019-04-30,0.13846009160979464,0
guarseed413,ALL,NATIONAL,2019-05-31,0.17190287265640242,0
guarseed413,ALL,NATIONAL,2019-06-30,0.21546202801390893,0
guarseed413,ALL,NATIONAL,2019-07-31,0.15799725239823117,0
guarseed413,ALL,NATIONAL,2019-08-31,0.1837494986015579,0
guarseed413,ALL,NATIONAL,2019-09-30,0.2389457129508774,0
guarseed413,ALL,NATIONAL,2019-10-31,0.47126500562533236,0
guarseed413,ALL,NATIONAL,2019-11-30,0.3646100050454858,0
guarseed413,ALL,NATIONAL,2019-12-31,0.24525562825278646,0
guarseed413,ALL,NATIONAL,2020-01-31,0.217495100888079,0
guarseed413,ALL,NATIONAL,2020-02-29,0.15779874828092938,0
guarseed413,ALL,NATIONAL,2020-03-31,0.26804779315931515,0
guarseed413,ALL,NATIONAL,2020-04-30,0.4954684740791787,0
guarseed413,ALL,NATIONAL,2020-05-31,1.5004021869228596,0
guarseed413,ALL,NATIONAL,2020-06-30,2.170726418177429,0
guarseed413,ALL,NATIONAL,2020-07-31,0.2891142013245591,0
guarseed413,ALL,NATIONAL,2020-08-31,0.3642457269461815,0
guarseed413,ALL,NATIONAL,2020-09-30,0.5156945649617052,0
guarseed413,ALL,NATIONAL,2020-10-31,0.49594758634701624,0
guarseed413,ALL,NATIONAL,2020-11-30,0.37068245826495544,0
guarseed413,ALL,NATIONAL,2020-12-31,0.28274230679849344,0
guarseed413,ALL,NATIONAL,2021-01-31,0.2006885114021507,0
guarseed413,ALL,NATIONAL,2021-02-28,0.1977826339071523,0
guarseed413,ALL,NATIONAL,2021-03-31,0.23003301962997516,0
guarseed413,ALL,NATIONAL,2021-04-30,0.2659871545574658,0
guarseed413,ALL,NATIONAL,2021-05-31,0.8403904019589069,0
guarseed413,ALL,NATIONAL,2021-06-30,0.6932472504741323,0
guarseed413,ALL,NATIONAL,2021-07-31,0.45980756902707376,0
guarseed413,ALL,NATIONAL,2021-08-31,0.49194949920470354,0
guarseed413,ALL,NATIONAL,2021-09-30,0.8278623491437497,0
guarseed413,ALL,NATIONAL,2021-10-31,0.5581484997413954,0
guarseed413,ALL,NATIONAL,2021-11-30,0.44241566791124626,0
guarseed413,ALL,NATIONAL,2021-12-31,0.3896935275619752,1
guarseed413,ALL,NATIONAL,2022-01-31,0.3867386329240404,1
guarseed413,ALL,NATIONAL,2022-02-28,0.33275637229516464,1
guarseed413,ALL,NATIONAL,2022-03-31,0.25056733993210767,1
guarseed413,ALL,NATIONAL,2022-04-30,0.2762355309024609,1
guarseed413,ALL,NATIONAL,2022-05-31,0.28157395492784326,1
guarseed413,ALL,NATIONAL,2022-06-30,0.2897170938477241,1
guarseed413,ALL,NATIONAL,2022-07-31,0.4154679865602416,1
guarseed413,ALL,NATIONAL,2022-08-31,0.48605624156190574,1
guarseed413,ALL,NATIONAL,2022-09-30,0.5728071600771595,1
guarseed413,ALL,NATIONAL,2022-10-31,0.48336334822566834,1
guarseed413,ALL,NATIONAL,2022-11-30,0.4027659107512326,1
guarseed413,ALL,NATIONAL,2022-12-31,0.41621104229727374,1
guarseed413,ALL,NATIONAL,2023-01-31,0.23987984955464417,1
guarseed413,ALL,NATIONAL,2023-02-28,0.3024974087392087,1
guarseed413,ALL,NATIONAL,2023-03-31,0.34074737314837394,1
guarseed413,ALL,NATIONAL,2023-04-30,0.3224735532077577,1
guarseed413,ALL,NATIONAL,2023-05-31,0.3305629512804186,1
guarseed413,ALL,NATIONAL,2023-06-30,0.40279331725047735,1
guarseed413,ALL,NATIONAL,2023-07-31,0.45829205864344624,1
guarseed413,ALL,NATIONAL,2023-08-31,0.4518807507746655,1
guarseed413,ALL,NATIONAL,2023-09-30,0.3371763480053296,1
guarseed413,ALL,NATIONAL,2023-10-31,0.2613753934327941,1
guarseed413,ALL,NATIONAL,2023-11-30,0.24033688699418387,1
guarseed413,ALL,NATIONAL,2023-12-31,0.2302534045909903,1
guarseed413,ALL,NATIONAL,2024-01-31,0.21626569397195086,1
guarseed413,ALL,NATIONAL,2024-02-29,0.29987790025867755,1
guarseed413,ALL,NATIONAL,2024-03-31,0.21178532307578207,1
guarseed413,ALL,NATIONAL,2024-04-30,0.2888118648648353,1
guarseed413,ALL,NATIONAL,2024-05-31,0.29124917970196373,1
guarseed413,ALL,NATIONAL,2024-06-30,0.2563584469510772,1
guarseed413,ALL,NATIONAL,2024-07-31,0.23669425676390402,1
guarseed413,ALL,NATIONAL,2024-08-31,0.2689522303060462,1
guarseed413,ALL,NATIONAL,2024-09-30,0.31026556567741187,1
guarseed413,ALL,NATIONAL,2024-10-31,0.36144174339205987,1
guarseed413,ALL,NATIONAL,2024-11-30,1.4070816531628552,1
guarseed413,ALL,NATIONAL,2024-12-31,1.012065689813811,1
guarseed413,ALL,NATIONAL,2025-01-31,0.45123966346667027,1
guarseed413,ALL,NATIONAL,2025-02-28,0.41878810641226155,1
guarseed413,ALL,NATIONAL,2025-03-31,0.33513376834548053,1
guarseed413,ALL,NATIONAL,2025-04-30,0.44191699574362214,1
guarseed413,ALL,NATIONAL,2025-05-31,0.29505588651666914,1
guarseed413,ALL,NATIONAL,2025-06-30,0.29901915360342535,1
guarseed413,ALL,NATIONAL,2025-07-31,0.4236012096056994,1
guarseed413,ALL,NATIONAL,2025-08-31,0.39956808643768593,1
guarseed413,ALL,NATIONAL,2025-09-30,0.37233489754029525,1
guarseed413,ALL,NATIONAL,2025-10-31,0.4314945585369926,1
jeera,ALL,NATIONAL,2017-01-31,,0
jeera,ALL,NATIONAL,2017-02-28,0.9456555434530414,0
jeera,ALL,NATIONAL,2017-03-31,1.3635398684224536,0
jeera,ALL,NATIONAL,2017-04-30,1.466346364962954,0
jeera,ALL,NATIONAL,2017-05-31,0.37574305894294663,0
jeera,ALL,NATIONAL,2017-06-30,0.27843065538848005,0
jeera,ALL,NATIONAL,2017-07-31,0.6199097631308126,0
jeera,ALL,NATIONAL,2017-08-31,0.8990128156081689,0
jeera,ALL,NATIONAL,2017-09-30,0.9586109020643748,0
jeera,ALL,NATIONAL,2017-10-31,0.7677738225996364,0
jeera,ALL,NATIONAL,2017-11-30,1.1188486869167622,0
jeera,ALL,NATIONAL,2017-12-31,0.37578919209553224,0
jeera,ALL,NATIONAL,2018-01-31,0.35761429032472614,0
jeera,ALL,NATIONAL,2018-02-28,0.8145270421475341,0
jeera,ALL,NATIONAL,2018-03-31,1.3276364566683423,0
jeera,ALL,NATIONAL,2018-04-30,0.8377853675432857,0
jeera,ALL,NATIONAL,2018-05-31,0.424517827346595,0
jeera,ALL,NATIONAL,2018-06-30,0.2278412582803535,0
jeera,ALL,NATIONAL,2018-07-31,0.24407127383991264,0
jeera,ALL,NATIONAL,2018-08-31,0.4396541409133312,0
jeera,ALL,NATIONAL,2018-09-30,0.5737274804213588,0
jeera,ALL,NATIONAL,2018-10-31,0.45235765365115943,0
jeera,ALL,NATIONAL,2018-11-30,1.0244816363734859,0
jeera,ALL,NATIONAL,2018-12-31,0.7654941418885647,0
jeera,ALL,NATIONAL,2019-01-31,0.3489866502257901,0
jeera,ALL,NATIONAL,2019-02-28,0.4824202486983696,0
jeera,ALL,NATIONAL,2019-03-31,0.6176754865008486,0
jeera,ALL,NATIONAL,2019-04-30,0.5715320397674573,0
jeera,ALL,NATIONAL,2019-05-31,0.49104299107960775,0
jeera,ALL,NATIONAL,2019-06-30,0.40196381600983927,0
jeera,ALL,NATIONAL,2019-07-31,0.4013862851126447,0
jeera,ALL,NATIONAL,2019-08-31,0.6353785408361717,0
jeera,ALL,NATIONAL,2019-09-30,0.8890121533984076,0
jeera,ALL,NATIONAL,2019-10-31,0.7336767497052543,0
jeera,ALL,NATIONAL,2019-11-30,1.6969599771099613,0
jeera,ALL,NATIONAL,2019-12-31,0.6843122563924529,0
jeera,ALL,NATIONAL,2020-01-31,1.006466322722847,0
jeera,ALL,NATIONAL,2020-02-29,1.3988101573829503,0
jeera,ALL,NATIONAL,2020-03-31,0.8462318844711207,0
jeera,ALL,NATIONAL,2020-04-30,1.9344768528043055,0
jeera,ALL,NATIONAL,2020-05-31,1.7450875952605767,0
jeera,ALL,NATIONAL,2020-06-30,0.6300234226938808,0
jeera,ALL,NATIONAL,2020-07-31,0.5627007608599974,0
jeera,ALL,NATIONAL,2020-08-31,0.6779597352268014,0
jeera,ALL,NATIONAL,2020-09-30,0.802925925369681,0
jeera,ALL,NATIONAL,2020-10-31,0.5336921983979491,0
jeera,ALL,NATIONAL,2020-11-30,0.7738217322197662,0
jeera,ALL,NATIONAL,2020-12-31,1.175479038402525,0
jeera,ALL,NATIONAL,2021-01-31,1.045202109404794,0
jeera,ALL,NATIONAL,2021-02-28,2.574943132378338,0
jeera,ALL,NATIONAL,2021-03-31,1.1825018430673868,0
jeera,ALL,NATIONAL,2021-04-30,0.9269509129534952,0
jeera,ALL,NATIONAL,2021-05-31,2.476125098374346,0
jeera,ALL,NATIONAL,2021-06-30,2.287195225297715,0
jeera,ALL,NATIONAL,2021-07-31,0.46580710176120166,0
jeera,ALL,NATIONAL,2021-08-31,0.3514478007680008,0
jeera,ALL,NATIONAL,2021-09-30,0.7197699309155531,0
jeera,ALL,NATIONAL,2021-10-31,0.5730752260659947,0
jeera,ALL,NATIONAL,2021-11-30,3.1084846545733313,0
jeera,ALL,NATIONAL,2021-12-31,1.6199211120009545,1
jeera,ALL,NATIONAL,2022-01-31,0.2435060976149089,1
jeera,ALL,NATIONAL,2022-02-28,0.37938861896224296,1
jeera,ALL,NATIONAL,2022-03-31,0.42836464382714506,1
jeera,ALL,NATIONAL,2022-04-30,0.5025078164382561,1
jeera,ALL,NATIONAL,2022-05-31,0.49161230160411057,1
jeera,ALL,NATIONAL,2022-06-30,0.49735726246546647,1
jeera,ALL,NATIONAL,2022-07-31,0.544483235474226,1
jeera,ALL,NATIONAL,2022-08-31,0.6285473543101636,1
jeera,ALL,NATIONAL,2022-09-30,0.6823460099371587,1
jeera,ALL,NATIONAL,2022-10-31,0.7381251317617685,1
jeera,ALL,NATIONAL,2022-11-30,1.4041204856154044,1
jeera,ALL,NATIONAL,2022-12-31,0.8867617748763336,1
jeera,ALL,NATIONAL,2023-01-31,0.6221414144593181,1
jeera,ALL,NATIONAL,2023-02-28,0.7390266878605335,1
jeera,ALL,NATIONAL,2023-03-31,0.772399332773516,1
jeera,ALL,NATIONAL,2023-04-30,1.3504308006014352,1
jeera,ALL,NATIONAL,2023-05-31,0.9814648232289653,1
jeera,ALL,NATIONAL,2023-06-30,0.7296400685688508,1
jeera,ALL,NATIONAL,2023-07-31,0.6145926148312273,1
jeera,ALL,NATIONAL,2023-08-31,0.5109742838445447,1
jeera,ALL,NATIONAL,2023-09-30,1.0411902271012865,1
jeera,ALL,NATIONAL,2023-10-31,1.0957055314219366,1
jeera,ALL,NATIONAL,2023-11-30,0.9415433079097125,1
jeera,ALL,NATIONAL,2023-12-31,0.7259530861105316,1
jeera,ALL,NATIONAL,2024-01-31,0.7125851911466784,1
jeera,ALL,NATIONAL,2024-02-29,0.6684601477977946,1
jeera,ALL,NATIONAL,2024-03-31,0.6369310353342665,1
jeera,ALL,NATIONAL,2024-04-30,0.4191295034760817,1
jeera,ALL,NATIONAL,2024-05-31,0.45621993881154804,1
jeera,ALL,NATIONAL,2024-06-30,0.4112724230245606,1
jeera,ALL,NATIONAL,2024-07-31,0.24961964075275342,1
jeera,ALL,NATIONAL,2024-08-31,0.3038089301421852,1
jeera,ALL,NATIONAL,2024-09-30,0.5321887667907019,1
jeera,ALL,NATIONAL,2024-10-31,0.38190852691577687,1
jeera,ALL,NATIONAL,2024-11-30,0.8307284746096935,1
jeera,ALL,NATIONAL,2024-12-31,0.636668528567514,1
jeera,ALL,NATIONAL,2025-01-31,0.4340033972866506,1
jeera,ALL,NATIONAL,2025-02-28,0.5371118089549306,1
jeera,ALL,NATIONAL,2025-03-31,0.6055237630470544,1
jeera,ALL,NATIONAL,2025-04-30,0.7927171417656429,1
jeera,ALL,NATIONAL,2025-05-31,0.3603934706027879,1
jeera,ALL,NATIONAL,2025-06-30,0.283757422540571,1
jeera,ALL,NATIONAL,2025-07-31,0.32222877953940565,1
jeera,ALL,NATIONAL,2025-08-31,0.3151628900694866,1
jeera,ALL,NATIONAL,2025-09-30,0.3519520449921692,1
jeera,ALL,NATIONAL,2025-10-31,0.4945098288181416,1
jowar,ALL,NATIONAL,2017-01-31,,0
jowar,ALL,NATIONAL,2017-02-28,0.41512904349415175,0
jowar,ALL,NATIONAL,2017-03-31,0.4205033466213112,0
jowar,ALL,NATIONAL,2017-04-30,0.4757371242994254,0
jowar,ALL,NATIONAL,2017-05-31,0.48321518336909686,0
jowar,ALL,NATIONAL,2017-06-30,0.44637815333062786,0
jowar,ALL,NATIONAL,2017-07-31,0.4449731298078889,0
jowar,ALL,NATIONAL,2017-08-31,0.48009591275231067,0
jowar,ALL,NATIONAL,2017-09-30,0.6489638356068954,0
jowar,ALL,NATIONAL,2017-10-31,0.6263398926344258,0
jowar,ALL,NATIONAL,2017-11-30,0.7991599781136334,0
jowar,ALL,NATIONAL,2017-12-31,0.37806722076559585,0
jowar,ALL,NATIONAL,2018-01-31,0.5365847109124107,0
jowar,ALL,NATIONAL,2018-02-28,0.5863153818709534,0
jowar,ALL,NATIONAL,2018-03-31,0.7836167888566575,0
jowar,ALL,NATIONAL,2018-04-30,0.6651124783383897,0
jowar,ALL,NATIONAL,2018-05-31,0.8892628363270354,0
jowar,ALL,NATIONAL,2018-06-30,0.5938390669890007,0
jowar,ALL,NATIONAL,2018-07-31,0.5597760636966203,0
jowar,ALL,NATIONAL,2018-08-31,0.7579742005804289,0
jowar,ALL,NATIONAL,2018-09-30,1.0937976637361442,0
jowar,ALL,NATIONAL,2018-10-31,0.8543455866324242,0
jowar,ALL,NATIONAL,2018-11-30,0.9307640577266489,0
jowar,ALL,NATIONAL,2018-12-31,0.7946365289943342,0
jowar,ALL,NATIONAL,2019-01-31,0.4100295636962971,0
jowar,ALL,NATIONAL,2019-02-28,0.4321546280543391,0
jowar,ALL,NATIONAL,2019-03-31,0.387407277572616,0
jowar,ALL,NATIONAL,2019-04-30,0.5183907004755957,0
jowar,ALL,NATIONAL,2019-05-31,0.5177343596277286,0
jowar,ALL,NATIONAL,2019-06-30,0.5398311507367921,0
jowar,ALL,NATIONAL,2019-07-31,0.48536589543155095,0
jowar,ALL,NATIONAL,2019-08-31,0.583941943932978,0
jowar,ALL,NATIONAL,2019-09-30,0.5124757226634243,0
jowar,ALL,NATIONAL,2019-10-31,0.5222177465674721,0
jowar,ALL,NATIONAL,2019-11-30,0.7031065876745393,0
jowar,ALL,NATIONAL,2019-12-31,0.45787435308771696,0
jowar,ALL,NATIONAL,2020-01-31,0.7006018823158441,0
jowar,ALL,NATIONAL,2020-02-29,0.940666561771381,0
jowar,ALL,NATIONAL,2020-03-31,0.7115838119120116,0
jowar,ALL,NATIONAL,2020-04-30,1.372622274108142,0
jowar,ALL,NATIONAL,2020-05-31,1.5032449847698257,0
jowar,ALL,NATIONAL,2020-06-30,0.5968713258515015,0
jowar,ALL,NATIONAL,2020-07-31,0.8116952257937458,0
jowar,ALL,NATIONAL,2020-08-31,0.8738932508484851,0
jowar,ALL,NATIONAL,2020-09-30,1.0000431171806052,0
jowar,ALL,NATIONAL,2020-10-31,1.0345146356421397,0
jowar,ALL,NATIONAL,2020-11-30,0.7173877387624069,0
jowar,ALL,NATIONAL,2020-12-31,0.6445755234820062,0
jowar,ALL,NATIONAL,2021-01-31,0.7509381813409688,0
jowar,ALL,NATIONAL,2021-02-28,0.7990304116877227,0
jowar,ALL,NATIONAL,2021-03-31,0.825054801450842,0
jowar,ALL,NATIONAL,2021-04-30,1.0124112300133936,0
jowar,ALL,NATIONAL,2021-05-31,0.9310409047063113,0
jowar,ALL,NATIONAL,2021-06-30,1.0700203141367282,0
jowar,ALL,NATIONAL,2021-07-31,0.7840994669474172,0
jowar,ALL,NATIONAL,2021-08-31,0.8592082408658013,0
jowar,ALL,NATIONAL,2021-09-30,1.1698181791806983,0
jowar,ALL,NATIONAL,2021-10-31,1.1008473320352128,0
jowar,ALL,NATIONAL,2021-11-30,1.1139888307803851,0
jowar,ALL,NATIONAL,2021-12-31,0.7390106657819978,1
jowar,ALL,NATIONAL,2022-01-31,0.5091510199563443,1
jowar,ALL,NATIONAL,2022-02-28,0.7129989324760022,1
jowar,ALL,NATIONAL,2022-03-31,0.8053341282260675,1
jowar,ALL,NATIONAL,2022-04-30,0.7000381083571773,1
jowar,ALL,NATIONAL,2022-05-31,0.7992052082492097,1
jowar,ALL,NATIONAL,2022-06-30,0.5982032353706443,1
jowar,ALL,NATIONAL,2022-07-31,0.5811090952409462,1
jowar,ALL,NATIONAL,2022-08-31,0.7502063448240378,1
jowar,ALL,NATIONAL,2022-09-30,0.7867662301440137,1
jowar,ALL,NATIONAL,2022-10-31,0.4817427246042167,1
jowar,ALL,NATIONAL,2022-11-30,0.46019282550895285,1
jowar,ALL,NATIONAL,2022-12-31,0.3965468105881481,1
jowar,ALL,NATIONAL,2023-01-31,0.45932864681584407,1
jowar,ALL,NATIONAL,2023-02-28,0.6407956869904714,1
jowar,ALL,NATIONAL,2023-03-31,0.5721711069836485,1
jowar,ALL,NATIONAL,2023-04-30,0.7857525343880025,1
jowar,ALL,NATIONAL,2023-05-31,0.6547999436065246,1
jowar,ALL,NATIONAL,2023-06-30,0.44748906485520695,1
jowar,ALL,NATIONAL,2023-07-31,0.5371825169530664,1
jowar,ALL,NATIONAL,2023-08-31,0.7541641341309082,1
jowar,ALL,NATIONAL,2023-09-30,1.085100555712432,1
jowar,ALL,NATIONAL,2023-10-31,0.5836912351599363,1
jowar,ALL,NATIONAL,2023-11-30,0.9064245717536973,1
jowar,ALL,NATIONAL,2023-12-31,1.0873506585498958,1
jowar,ALL,NATIONAL,2024-01-31,0.717888730921938,1
jowar,ALL,NATIONAL,2024-02-29,0.8391148207658458,1
jowar,ALL,NATIONAL,2024-03-31,0.8264163671862389,1
jowar,ALL,NATIONAL,2024-04-30,0.6084484804103818,1
jowar,ALL,NATIONAL,2024-05-31,0.6246171873614148,1
jowar,ALL,NATIONAL,2024-06-30,0.8038983072862826,1
jowar,ALL,NATIONAL,2024-07-31,0.8324005052569897,1
jowar,ALL,NATIONAL,2024-08-31,1.0546954781692168,1
jowar,ALL,NATIONAL,2024-09-30,1.49267744749007,1
jowar,ALL,NATIONAL,2024-10-31,0.9620323262350704,1
jowar,ALL,NATIONAL,2024-11-30,0.7215948922584342,1
jowar,ALL,NATIONAL,2024-12-31,0.9154634243539758,1
jowar,ALL,NATIONAL,2025-01-31,0.9826337706340149,1
jowar,ALL,NATIONAL,2025-02-28,1.1167195207927352,1
jowar,ALL,NATIONAL,2025-03-31,1.2749627096598797,1
jowar,ALL,NATIONAL,2025-04-30,0.947478706113482,1
jowar,ALL,NATIONAL,2025-05-31,1.1882026622652384,1
jowar,ALL,NATIONAL,2025-06-30,0.7855983899243071,1
jowar,ALL,NATIONAL,2025-07-31,0.6033616484372165,1
jowar,ALL,NATIONAL,2025-08-31,0.7506512132774789,1
jowar,ALL,NATIONAL,2025-09-30,0.8232159947608252,1
jowar,ALL,NATIONAL,2025-10-31,0.8548757798909086,1
maize,ALL,NATIONAL,2017-01-31,,0
maize,ALL,NATIONAL,2017-02-28,0.17365199849652554,0
maize,ALL,NATIONAL,2017-03-31,0.21107486183633223,0
maize,ALL,NATIONAL,2017-04-30,0.2118922829681839,0
maize,ALL,NATIONAL,2017-05-31,0.22796657246921584,0
maize,ALL,NATIONAL,2017-06-30,0.16948622581085235,0
maize,ALL,NATIONAL,2017-07-31,0.1492534629264303,0
maize,ALL,NATIONAL,2017-08-31,0.2087316458976237,0
maize,ALL,NATIONAL,2017-09-30,0.3320455122859352,0
maize,ALL,NATIONAL,2017-10-31,0.3165530476456934,0
maize,ALL,NATIONAL,2017-11-30,0.32314209151258644,0
maize,ALL,NATIONAL,2017-12-31,0.18363255112956284,0
maize,ALL,NATIONAL,2018-01-31,0.23816842725430734,0
maize,ALL,NATIONAL,2018-02-28,0.2794632993290893,0
maize,ALL,NATIONAL,2018-03-31,0.25530694613168137,0
maize,ALL,NATIONAL,2018-04-30,0.27848072779074623,0
maize,ALL,NATIONAL,2018-05-31,0.345681039448646,0
maize,ALL,NATIONAL,2018-06-30,0.23145123706918153,0
maize,ALL,NATIONAL,2018-07-31,0.3214381388494175,0
maize,ALL,NATIONAL,2018-08-31,0.35749144561376983,0
maize,ALL,NATIONAL,2018-09-30,0.615666217754223,0
maize,ALL,NATIONAL,2018-10-31,1.5437666011087303,0
maize,ALL,NATIONAL,2018-11-30,0.5455684865595584,0
maize,ALL,NATIONAL,2018-12-31,0.524094970017187,0
maize,ALL,NATIONAL,2019-01-31,1.4203309432967952,0
maize,ALL,NATIONAL,2019-02-28,0.32988556386643464,0
maize,ALL,NATIONAL,2019-03-31,0.16003429331003438,0
maize,ALL,NATIONAL,2019-04-30,0.26948299389869834,0
maize,ALL,NATIONAL,2019-05-31,0.3460001618046206,0
maize,ALL,NATIONAL,2019-06-30,0.26912639224400625,0
maize,ALL,NATIONAL,2019-07-31,0.2711475048602433,0
maize,ALL,NATIONAL,2019-08-31,0.30576704196174076,0
maize,ALL,NATIONAL,2019-09-30,0.4508024092944659,0
maize,ALL,NATIONAL,2019-10-31,0.30313107349064067,0
maize,ALL,NATIONAL,2019-11-30,0.27011441212406506,0
maize,ALL,NATIONAL,2019-12-31,0.19188453312277873,0
maize,ALL,NATIONAL,2020-01-31,0.1556034932137386,0
maize,ALL,NATIONAL,2020-02-29,0.25829924888642636,0
maize,ALL,NATIONAL,2020-03-31,0.5007486051929241,0
maize,ALL,NATIONAL,2020-04-30,0.5789541041936729,0
maize,ALL,NATIONAL,2020-05-31,0.5642919758011052,0
maize,ALL,NATIONAL,2020-06-30,0.5100100369319844,0
maize,ALL,NATIONAL,2020-07-31,0.28965940129272505,0
maize,ALL,NATIONAL,2020-08-31,0.2927191283549502,0
maize,ALL,NATIONAL,2020-09-30,0.3857056372614737,0
maize,ALL,NATIONAL,2020-10-31,0.4967445980232398,0
maize,ALL,NATIONAL,2020-11-30,0.3381165626130467,0
maize,ALL,NATIONAL,2020-12-31,0.4171616369454228,0
maize,ALL,NATIONAL,2021-01-31,0.5069810205172329,0
maize,ALL,NATIONAL,2021-02-28,0.3624943263259191,0
maize,ALL,NATIONAL,2021-03-31,0.3160298804465604,0
maize,ALL,NATIONAL,2021-04-30,0.5577067485142273,0
maize,ALL,NATIONAL,2021-05-31,0.42102016994720964,0
maize,ALL,NATIONAL,2021-06-30,0.2408866626832789,0
maize,ALL,NATIONAL,2021-07-31,0.24937853201337393,0
maize,ALL,NATIONAL,2021-08-31,0.34019572572725615,0
maize,ALL,NATIONAL,2021-09-30,0.22696652527909578,0
maize,ALL,NATIONAL,2021-10-31,0.3056585392637441,0
maize,ALL,NATIONAL,2021-11-30,0.39040161823852787,0
maize,ALL,NATIONAL,2021-12-31,0.21136835001145066,1
maize,ALL,NATIONAL,2022-01-31,0.16900093210320427,1
maize,ALL,NATIONAL,2022-02-28,0.26139067380776176,1
maize,ALL,NATIONAL,2022-03-31,0.21938175529878043,1
maize,ALL,NATIONAL,2022-04-30,0.3099093215132847,1
maize,ALL,NATIONAL,2022-05-31,0.3021458621953986,1
maize,ALL,NATIONAL,2022-06-30,0.22786831511897418,1
maize,ALL,NATIONAL,2022-07-31,0.22100438866662664,1
maize,ALL,NATIONAL,2022-08-31,0.29079823673015864,1
maize,ALL,NATIONAL,2022-09-30,0.3232015480152316,1
maize,ALL,NATIONAL,2022-10-31,0.282743482484977,1
maize,ALL,NATIONAL,2022-11-30,0.26056017162992023,1
maize,ALL,NATIONAL,2022-12-31,0.1521409259945533,1
maize,ALL,NATIONAL,2023-01-31,0.1183477852557171,1
maize,ALL,NATIONAL,2023-02-28,0.12970783319617868,1
maize,ALL,NATIONAL,2023-03-31,0.150538602074942,1
maize,ALL,NATIONAL,2023-04-30,0.251838170935384,1
maize,ALL,NATIONAL,2023-05-31,0.29742348938738894,1
maize,ALL,NATIONAL,2023-06-30,0.2399873321463674,1
maize,ALL,NATIONAL,2023-07-31,0.32214411314086383,1
maize,ALL,NATIONAL,2023-08-31,0.6300082895181307,1
maize,ALL,NATIONAL,2023-09-30,0.7393839264491457,1
maize,ALL,NATIONAL,2023-10-31,0.3159249984003502,1
maize,ALL,NATIONAL,2023-11-30,0.33413004333511,1
maize,ALL,NATIONAL,2023-12-31,0.19897238519087995,1
maize,ALL,NATIONAL,2024-01-31,0.16879978750428173,1
maize,ALL,NATIONAL,2024-02-29,0.19043035960943305,1
maize,ALL,NATIONAL,2024-03-31,0.11972094383580434,1
maize,ALL,NATIONAL,2024-04-30,0.1964959087029886,1
maize,ALL,NATIONAL,2024-05-31,0.24483632999455168,1
maize,ALL,NATIONAL,2024-06-30,0.1743378655546996,1
maize,ALL,NATIONAL,2024-07-31,0.23909859447881113,1
maize,ALL,NATIONAL,2024-08-31,0.22868778422793645,1
maize,ALL,NATIONAL,2024-09-30,0.22953122585146143,1
maize,ALL,NATIONAL,2024-10-31,0.32059958986700804,1
maize,ALL,NATIONAL,2024-11-30,0.3613489803589361,1
maize,ALL,NATIONAL,2024-12-31,0.34406898252871065,1
maize,ALL,NATIONAL,2025-01-31,0.26704605997082687,1
maize,ALL,NATIONAL,2025-02-28,0.2086916289562867,1
maize,ALL,NATIONAL,2025-03-31,0.3624399936014731,1
maize,ALL,NATIONAL,2025-04-30,0.41007280175843214,1
maize,ALL,NATIONAL,2025-05-31,0.23454754155637314,1
maize,ALL,NATIONAL,2025-06-30,0.23410820541864652,1
maize,ALL,NATIONAL,2025-07-31,0.329992635871988,1
maize,ALL,NATIONAL,2025-08-31,0.501825618794071,1
maize,ALL,NATIONAL,2025-09-30,0.6084395828678513,1
maize,ALL,NATIONAL,2025-10-31,0.8700207459379562,1
moong,ALL,NATIONAL,2017-01-31,,0
moong,ALL,NATIONAL,2017-02-28,0.6886210399326693,0
moong,ALL,NATIONAL,2017-03-31,0.7915363749058276,0
moong,ALL,NATIONAL,2017-04-30,0.6901897638283693,0
moong,ALL,NATIONAL,2017-05-31,0.6745027954092103,0
moong,ALL,NATIONAL,2017-06-30,0.7066204724797499,0
moong,ALL,NATIONAL,2017-07-31,0.42823854936131456,0
moong,ALL,NATIONAL,2017-08-31,0.8965516918596855,0
moong,ALL,NATIONAL,2017-09-30,0.7381285106584431,0
moong,ALL,NATIONAL,2017-10-31,0.5566300930958104,0
moong,ALL,NATIONAL,2017-11-30,0.8835313796106007,0
moong,ALL,NATIONAL,2017-12-31,0.31304554007105007,0
moong,ALL,NATIONAL,2018-01-31,0.4502012819017855,0
moong,ALL,NATIONAL,2018-02-28,0.5732068408602617,0
moong,ALL,NATIONAL,2018-03-31,0.6592788342971146,0
moong,ALL,NATIONAL,2018-04-30,0.6255459231197096,0
moong,ALL,NATIONAL,2018-05-31,0.5865971819690228,0
moong,ALL,NATIONAL,2018-06-30,0.3374980111726657,0
moong,ALL,NATIONAL,2018-07-31,0.3319515919295037,0
moong,ALL,NATIONAL,2018-08-31,0.6104051175758096,0
moong,ALL,NATIONAL,2018-09-30,0.8451129082643035,0
moong,ALL,NATIONAL,2018-10-31,0.4800940033110098,0
moong,ALL,NATIONAL,2018-11-30,0.5711390462584774,0
moong,ALL,NATIONAL,2018-12-31,0.5734232999499478,0
moong,ALL,NATIONAL,2019-01-31,0.42437843076118037,0
moong,ALL,NATIONAL,2019-02-28,0.3967660717319399,0
moong,ALL,NATIONAL,2019-03-31,0.5442162714532199,0
moong,ALL,NATIONAL,2019-04-30,0.8136796810994735,0
moong,ALL,NATIONAL,2019-05-31,0.8225365406234139,0
moong,ALL,NATIONAL,2019-06-30,0.3756134805709971,0
moong,ALL,NATIONAL,2019-07-31,0.3685032159491909,0
moong,ALL,NATIONAL,2019-08-31,0.5268285127675373,0
moong,ALL,NATIONAL,2019-09-30,0.6930586442980139,0
moong,ALL,NATIONAL,2019-10-31,0.4843032392783717,0
moong,ALL,NATIONAL,2019-11-30,0.4206144582813939,0
moong,ALL,NATIONAL,2019-12-31,0.2679289537429757,0
moong,ALL,NATIONAL,2020-01-31,0.30742556977234625,0
moong,ALL,NATIONAL,2020-02-29,0.37831337092320033,0
moong,ALL,NATIONAL,2020-03-31,0.4473733923129328,0
moong,ALL,NATIONAL,2020-04-30,0.7459833904100205,0
moong,ALL,NATIONAL,2020-05-31,0.7137557286732142,0
moong,ALL,NATIONAL,2020-06-30,0.6175029905605002,0
moong,ALL,NATIONAL,2020-07-31,0.6025551697457573,0
moong,ALL,NATIONAL,2020-08-31,0.7734540287051698,0
moong,ALL,NATIONAL,2020-09-30,0.7472041747336061,0
moong,ALL,NATIONAL,2020-10-31,0.5251484655513322,0
moong,ALL,NATIONAL,2020-11-30,0.5615918060567954,0
moong,ALL,NATIONAL,2020-12-31,0.8396228359559101,0
moong,ALL,NATIONAL,2021-01-31,0.7770408941898621,0
moong,ALL,NATIONAL,2021-02-28,0.49954703209679374,0
moong,ALL,NATIONAL,2021-03-31,0.549412845302703,0
moong,ALL,NATIONAL,2021-04-30,0.576716167467933,0
moong,ALL,NATIONAL,2021-05-31,0.5549916699018986,0
moong,ALL,NATIONAL,2021-06-30,0.4524281206129602,0
moong,ALL,NATIONAL,2021-07-31,0.45011982780498044,0
moong,ALL,NATIONAL,2021-08-31,0.5699034842696888,0
moong,ALL,NATIONAL,2021-09-30,0.29726558388247437,0
moong,ALL,NATIONAL,2021-10-31,0.2995777357354895,0
moong,ALL,NATIONAL,2021-11-30,0.5616218593786252,0
moong,ALL,NATIONAL,2021-12-31,0.4516782538560108,1
moong,ALL,NATIONAL,2022-01-31,0.3880070494933528,1
moong,ALL,NATIONAL,2022-02-28,0.5676341388970692,1
moong,ALL,NATIONAL,2022-03-31,0.5893942921431207,1
moong,ALL,NATIONAL,2022-04-30,0.7830736625927783,1
moong,ALL,NATIONAL,2022-05-31,0.8869528999500588,1
moong,ALL,NATIONAL,2022-06-30,0.5100359006477748,1
moong,ALL,NATIONAL,2022-07-31,0.31524743331606303,1
moong,ALL,NATIONAL,2022-08-31,0.517723391736058,1
moong,ALL,NATIONAL,2022-09-30,0.6097216262777528,1
moong,ALL,NATIONAL,2022-10-31,0.375689297032691,1
moong,ALL,NATIONAL,2022-11-30,0.7643789977597559,1
moong,ALL,NATIONAL,2022-12-31,0.35303655620830293,1
moong,ALL,NATIONAL,2023-01-31,0.25800208647913403,1
moong,ALL,NATIONAL,2023-02-28,0.337439085265717,1
moong,ALL,NATIONAL,2023-03-31,0.4247497950190168,1
moong,ALL,NATIONAL,2023-04-30,0.5102078197760842,1
moong,ALL,NATIONAL,2023-05-31,0.49045316937359656,1
moong,ALL,NATIONAL,2023-06-30,0.337247102087949,1
moong,ALL,NATIONAL,2023-07-31,0.41363443174866,1
moong,ALL,NATIONAL,2023-08-31,0.3580112299617553,1
moong,ALL,NATIONAL,2023-09-30,0.5254767575965976,1
moong,ALL,NATIONAL,2023-10-31,0.513364883187047,1
moong,ALL,NATIONAL,2023-11-30,0.7023802482479329,1
moong,ALL,NATIONAL,2023-12-31,0.8250951174523122,1
moong,ALL,NATIONAL,2024-01-31,0.30906794664244436,1
moong,ALL,NATIONAL,2024-02-29,0.40573166751014594,1
moong,ALL,NATIONAL,2024-03-31,0.40129694872003746,1
moong,ALL,NATIONAL,2024-04-30,0.7043983229460999,1
moong,ALL,NATIONAL,2024-05-31,0.47977359101469746,1
moong,ALL,NATIONAL,2024-06-30,0.3376050486306146,1
moong,ALL,NATIONAL,2024-07-31,0.2803507122195474,1
moong,ALL,NATIONAL,2024-08-31,0.38810756860404716,1
moong,ALL,NATIONAL,2024-09-30,0.430284992534537,1
moong,ALL,NATIONAL,2024-10-31,0.23056685340097843,1
moong,ALL,NATIONAL,2024-11-30,1.1599192812822368,1
moong,ALL,NATIONAL,2024-12-31,0.8618548754383594,1
moong,ALL,NATIONAL,2025-01-31,0.4168293960376301,1
moong,ALL,NATIONAL,2025-02-28,0.4857144705347586,1
moong,ALL,NATIONAL,2025-03-31,0.7912245921884891,1
moong,ALL,NATIONAL,2025-04-30,0.7647808430923402,1
moong,ALL,NATIONAL,2025-05-31,0.5717493346256628,1
moong,ALL,NATIONAL,2025-06-30,0.44114089885990054,1
moong,ALL,NATIONAL,2025-07-31,0.2817796701800418,1
moong,ALL,NATIONAL,2025-08-31,0.3573360343228377,1
moong,ALL,NATIONAL,2025-09-30,0.5059479631325777,1
moong,ALL,NATIONAL,2025-10-31,0.7408536313838965,1
mustard,ALL,NATIONAL,2017-01-31,,0
mustard,ALL,NATIONAL,2017-02-28,0.36581918282170406,0
mustard,ALL,NATIONAL,2017-03-31,0.48001179939504174,0
mustard,ALL,NATIONAL,2017-04-30,0.39272749322016987,0
mustard,ALL,NATIONAL,2017-05-31,0.0904541283268569,0
mustard,ALL,NATIONAL,2017-06-30,0.08826714573184193,0
mustard,ALL,NATIONAL,2017-07-31,0.1463798495780138,0
mustard,ALL,NATIONAL,2017-08-31,0.18636893561313125,0
mustard,ALL,NATIONAL,2017-09-30,0.15985963766837327,0
mustard,ALL,NATIONAL,2017-10-31,0.15194487187039385,0
mustard,ALL,NATIONAL,2017-11-30,0.2075547605146294,0
mustard,ALL,NATIONAL,2017-12-31,0.11168940675358188,0
mustard,ALL,NATIONAL,2018-01-31,0.09958948920353052,0
mustard,ALL,NATIONAL,2018-02-28,0.1244499026413918,0
mustard,ALL,NATIONAL,2018-03-31,0.13258011447296966,0
mustard,ALL,NATIONAL,2018-04-30,0.11002024836279663,0
mustard,ALL,NATIONAL,2018-05-31,0.1201756120864748,0
mustard,ALL,NATIONAL,2018-06-30,0.09139649784840737,0
mustard,ALL,NATIONAL,2018-07-31,0.11410999267438972,0
mustard,ALL,NATIONAL,2018-08-31,0.1342895494005692,0
mustard,ALL,NATIONAL,2018-09-30,0.2428184122769212,0
mustard,ALL,NATIONAL,2018-10-31,0.17587645652075476,0
mustard,ALL,NATIONAL,2018-11-30,0.14694371633468284,0
mustard,ALL,NATIONAL,2018-12-31,0.14139150431799896,0
mustard,ALL,NATIONAL,2019-01-31,0.183350438446338,0
mustard,ALL,NATIONAL,2019-02-28,0.19252940809298538,0
mustard,ALL,NATIONAL,2019-03-31,0.2522478081872911,0
mustard,ALL,NATIONAL,2019-04-30,0.392279456868418,0
mustard,ALL,NATIONAL,2019-05-31,0.1798129417871138,0
mustard,ALL,NATIONAL,2019-06-30,0.11975948444910604,0
mustard,ALL,NATIONAL,2019-07-31,0.13834651065080736,0
mustard,ALL,NATIONAL,2019-08-31,0.20716863861471302,0
mustard,ALL,NATIONAL,2019-09-30,0.2451161234487025,0
mustard,ALL,NATIONAL,2019-10-31,0.16184043910451276,0
mustard,ALL,NATIONAL,2019-11-30,0.2277338089652367,0
mustard,ALL,NATIONAL,2019-12-31,0.16714148762368167,0
mustard,ALL,NATIONAL,2020-01-31,0.12306979665540134,0
mustard,ALL,NATIONAL,2020-02-29,0.15122043890493622,0
mustard,ALL,NATIONAL,2020-03-31,0.260580595840929,0
mustard,ALL,NATIONAL,2020-04-30,0.4436679720816278,0
mustard,ALL,NATIONAL,2020-05-31,0.2339643566985833,0
mustard,ALL,NATIONAL,2020-06-30,0.14766012927225736,0
mustard,ALL,NATIONAL,2020-07-31,0.12050277043643194,0
mustard,ALL,NATIONAL,2020-08-31,0.11935985794379916,0
mustard,ALL,NATIONAL,2020-09-30,0.12750745282006382,0
mustard,ALL,NATIONAL,2020-10-31,0.13654069724592469,0
mustard,ALL,NATIONAL,2020-11-30,0.15265565672993558,0
mustard,ALL,NATIONAL,2020-12-31,0.14553979800068614,0
mustard,ALL,NATIONAL,2021-01-31,0.13773638936330448,0
mustard,ALL,NATIONAL,2021-02-28,0.16586378529288182,0
mustard,ALL,NATIONAL,2021-03-31,0.19641616310948043,0
mustard,ALL,NATIONAL,2021-04-30,0.22656387195135777,0
mustard,ALL,NATIONAL,2021-05-31,0.21540333168262746,0
mustard,ALL,NATIONAL,2021-06-30,0.17789026183118584,0
mustard,ALL,NATIONAL,2021-07-31,0.1442627726977261,0
mustard,ALL,NATIONAL,2021-08-31,0.09194502985129094,0
mustard,ALL,NATIONAL,2021-09-30,0.11817278841763575,0
mustard,ALL,NATIONAL,2021-10-31,0.1467210214908765,0
mustard,ALL,NATIONAL,2021-11-30,0.16940280978607533,0
mustard,ALL,NATIONAL,2021-12-31,0.135062153801615,1
mustard,ALL,NATIONAL,2022-01-31,0.12996881026382587,1
mustard,ALL,NATIONAL,2022-02-28,0.17507519026799606,1
mustard,ALL,NATIONAL,2022-03-31,0.2531037043869383,1
mustard,ALL,NATIONAL,2022-04-30,0.18528366386573084,1
mustard,ALL,NATIONAL,2022-05-31,0.10941252435250776,1
mustard,ALL,NATIONAL,2022-06-30,0.10231778568675787,1
mustard,ALL,NATIONAL,2022-07-31,0.11744270346402745,1
mustard,ALL,NATIONAL,2022-08-31,0.13214016938471437,1
mustard,ALL,NATIONAL,2022-09-30,0.14537630665817639,1
mustard,ALL,NATIONAL,2022-10-31,0.17822260815834087,1
mustard,ALL,NATIONAL,2022-11-30,0.19894804952799297,1
mustard,ALL,NATIONAL,2022-12-31,0.09790548589854589,1
mustard,ALL,NATIONAL,2023-01-31,0.11192151533037395,1
mustard,ALL,NATIONAL,2023-02-28,0.2627626318658397,1
mustard,ALL,NATIONAL,2023-03-31,0.18007399342223437,1
mustard,ALL,NATIONAL,2023-04-30,0.22862145605493134,1
mustard,ALL,NATIONAL,2023-05-31,0.3871372020336184,1
mustard,ALL,NATIONAL,2023-06-30,0.16100231059677073,1
mustard,ALL,NATIONAL,2023-07-31,0.1095177308609481,1
mustard,ALL,NATIONAL,2023-08-31,0.11313108724302574,1
mustard,ALL,NATIONAL,2023-09-30,0.1804844580058248,1
mustard,ALL,NATIONAL,2023-10-31,0.1280909844111911,1
mustard,ALL,NATIONAL,2023-11-30,0.17227649659078262,1
mustard,ALL,NATIONAL,2023-12-31,0.18148092867835694,1
mustard,ALL,NATIONAL,2024-01-31,0.17738130959807877,1
mustard,ALL,NATIONAL,2024-02-29,0.2896914073145927,1
mustard,ALL,NATIONAL,2024-03-31,0.27108333362753695,1
mustard,ALL,NATIONAL,2024-04-30,0.36021252120615654,1
mustard,ALL,NATIONAL,2024-05-31,0.19665032290479229,1
mustard,ALL,NATIONAL,2024-06-30,0.13679144939695892,1
mustard,ALL,NATIONAL,2024-07-31,0.10246967610783657,1
mustard,ALL,NATIONAL,2024-08-31,0.17026066960638336,1
mustard,ALL,NATIONAL,2024-09-30,0.23649509588611262,1
mustard,ALL,NATIONAL,2024-10-31,0.14769869735401608,1
mustard,ALL,NATIONAL,2024-11-30,0.16317772535159597,1
mustard,ALL,NATIONAL,2024-12-31,0.1967211969953003,1
mustard,ALL,NATIONAL,2025-01-31,0.13866955664241515,1
mustard,ALL,NATIONAL,2025-02-28,0.14489226061703062,1
mustard,ALL,NATIONAL,2025-03-31,0.26146441320310093,1
mustard,ALL,NATIONAL,2025-04-30,0.2773869399202606,1
mustard,ALL,NATIONAL,2025-05-31,0.08012128123371615,1
mustard,ALL,NATIONAL,2025-06-30,0.0888377559109925,1
mustard,ALL,NATIONAL,2025-07-31,0.08917587614522819,1
mustard,ALL,NATIONAL,2025-08-31,0.08567539150890277,1
mustard,ALL,NATIONAL,2025-09-30,0.10394862364530327,1
mustard,ALL,NATIONAL,2025-10-31,0.20130683399981789,1
paddy,ALL,NATIONAL,2017-01-31,,0
paddy,ALL,NATIONAL,2017-02-28,0.21719669174720396,0
paddy,ALL,NATIONAL,2017-03-31,0.19813769424948094,0
paddy,ALL,NATIONAL,2017-04-30,0.28978212552521193,0
paddy,ALL,NATIONAL,2017-05-31,0.27056033177480115,0
paddy,ALL,NATIONAL,2017-06-30,0.15262846308244188,0
paddy,ALL,NATIONAL,2017-07-31,0.13388769704093534,0
paddy,ALL,NATIONAL,2017-08-31,0.15390900571154215,0
paddy,ALL,NATIONAL,2017-09-30,0.19288496132866073,0
paddy,ALL,NATIONAL,2017-10-31,0.15260070729359507,0
paddy,ALL,NATIONAL,2017-11-30,0.1345197216983338,0
paddy,ALL,NATIONAL,2017-12-31,0.13839149328107375,0
paddy,ALL,NATIONAL,2018-01-31,0.19849673682563454,0
paddy,ALL,NATIONAL,2018-02-28,0.23000085746372245,0
paddy,ALL,NATIONAL,2018-03-31,0.3158070363044132,0
paddy,ALL,NATIONAL,2018-04-30,0.3119029647873684,0
paddy,ALL,NATIONAL,2018-05-31,0.29020757357735094,0
paddy,ALL,NATIONAL,2018-06-30,0.1828002164235566,0
paddy,ALL,NATIONAL,2018-07-31,0.1758042498489986,0
paddy,ALL,NATIONAL,2018-08-31,0.15891406946361927,0
paddy,ALL,NATIONAL,2018-09-30,0.1939869902723396,0
paddy,ALL,NATIONAL,2018-10-31,0.24112900782888239,0
paddy,ALL,NATIONAL,2018-11-30,0.27240167492243633,0
paddy,ALL,NATIONAL,2018-12-31,0.37986167667747345,0
paddy,ALL,NATIONAL,2019-01-31,0.26490668011901636,0
paddy,ALL,NATIONAL,2019-02-28,0.14305703694294966,0
paddy,ALL,NATIONAL,2019-03-31,0.1693531486858714,0
paddy,ALL,NATIONAL,2019-04-30,0.20605089195132723,0
paddy,ALL,NATIONAL,2019-05-31,0.2324267490885332,0
paddy,ALL,NATIONAL,2019-06-30,0.2090791809526784,0
paddy,ALL,NATIONAL,2019-07-31,0.15173979982218536,0
paddy,ALL,NATIONAL,2019-08-31,0.20087863481562182,0
paddy,ALL,NATIONAL,2019-09-30,0.27818963244788886,0
paddy,ALL,NATIONAL,2019-10-31,0.21328956253873374,0
paddy,ALL,NATIONAL,2019-11-30,0.17071431162732661,0
paddy,ALL,NATIONAL,2019-12-31,0.14203159908726098,0
paddy,ALL,NATIONAL,2020-01-31,0.14579601234797118,0
paddy,ALL,NATIONAL,2020-02-29,0.13652118902759247,0
paddy,ALL,NATIONAL,2020-03-31,0.16007797239762694,0
paddy,ALL,NATIONAL,2020-04-30,0.23416928517800117,0
paddy,ALL,NATIONAL,2020-05-31,0.2608568016543472,0
paddy,ALL,NATIONAL,2020-06-30,0.2562817000629208,0
paddy,ALL,NATIONAL,2020-07-31,0.294242544774288,0
paddy,ALL,NATIONAL,2020-08-31,0.3262888028079039,0
paddy,ALL,NATIONAL,2020-09-30,0.2662949396476112,0
paddy,ALL,NATIONAL,2020-10-31,0.23941941593081573,0
paddy,ALL,NATIONAL,2020-11-30,0.24575021563002922,0
paddy,ALL,NATIONAL,2020-12-31,0.22398893619346477,0
paddy,ALL,NATIONAL,2021-01-31,0.17892792495006507,0
paddy,ALL,NATIONAL,2021-02-28,0.16758815125334472,0
paddy,ALL,NATIONAL,2021-03-31,0.1632480964542697,0
paddy,ALL,NATIONAL,2021-04-30,0.2632376339534572,0
paddy,ALL,NATIONAL,2021-05-31,0.30798330979768185,0
paddy,ALL,NATIONAL,2021-06-30,0.3174260573126572,0
paddy,ALL,NATIONAL,2021-07-31,0.2023651321212618,0
paddy,ALL,NATIONAL,2021-08-31,0.22824691501974526,0
paddy,ALL,NATIONAL,2021-09-30,0.33713671339921214,0
paddy,ALL,NATIONAL,2021-10-31,0.2779467490926229,0
paddy,ALL,NATIONAL,2021-11-30,0.3348391916871445,0
paddy,ALL,NATIONAL,2021-12-31,0.19630739225500357,1
paddy,ALL,NATIONAL,2022-01-31,0.1829545500861235,1
paddy,ALL,NATIONAL,2022-02-28,0.17434838064561886,1
paddy,ALL,NATIONAL,2022-03-31,0.14855743989575454,1
paddy,ALL,NATIONAL,2022-04-30,0.22385540458359712,1
paddy,ALL,NATIONAL,2022-05-31,0.30824413725233063,1
paddy,ALL,NATIONAL,2022-06-30,0.21985003684439636,1
paddy,ALL,NATIONAL,2022-07-31,0.2196874838427103,1
paddy,ALL,NATIONAL,2022-08-31,0.2310273803165757,1
paddy,ALL,NATIONAL,2022-09-30,0.16750143582081858,1
paddy,ALL,NATIONAL,2022-10-31,0.15829285468916923,1
paddy,ALL,NATIONAL,2022-11-30,0.18948534442603673,1
paddy,ALL,NATIONAL,2022-12-31,0.16116960424738044,1
paddy,ALL,NATIONAL,2023-01-31,0.13375974431953944,1
paddy,ALL,NATIONAL,2023-02-28,0.21134246567142298,1
paddy,ALL,NATIONAL,2023-03-31,0.17375785116656156,1
paddy,ALL,NATIONAL,2023-04-30,0.22514926093828472,1
paddy,ALL,NATIONAL,2023-05-31,0.18910029615493015,1
paddy,ALL,NATIONAL,2023-06-30,0.13235897523906204,1
paddy,ALL,NATIONAL,2023-07-31,0.14339730289294797,1
paddy,ALL,NATIONAL,2023-08-31,0.15619519997869521,1
paddy,ALL,NATIONAL,2023-09-30,0.19227362602682718,1
paddy,ALL,NATIONAL,2023-10-31,0.1646269291176674,1
paddy,ALL,NATIONAL,2023-11-30,0.14771506673358134,1
paddy,ALL,NATIONAL,2023-12-31,0.2686139034884968,1
paddy,ALL,NATIONAL,2024-01-31,0.5139944158978756,1
paddy,ALL,NATIONAL,2024-02-29,0.38752149142834,1
paddy,ALL,NATIONAL,2024-03-31,0.38496299307793197,1
paddy,ALL,NATIONAL,2024-04-30,0.5900780758272623,1
paddy,ALL,NATIONAL,2024-05-31,0.38993664738889405,1
paddy,ALL,NATIONAL,2024-06-30,0.2532082112574515,1
paddy,ALL,NATIONAL,2024-07-31,0.23021362736617307,1
paddy,ALL,NATIONAL,2024-08-31,0.2480432874263651,1
paddy,ALL,NATIONAL,2024-09-30,0.2608627532579194,1
paddy,ALL,NATIONAL,2024-10-31,0.2063171916571944,1
paddy,ALL,NATIONAL,2024-11-30,0.21221616110030866,1
paddy,ALL,NATIONAL,2024-12-31,0.21851175969117712,1
paddy,ALL,NATIONAL,2025-01-31,0.19844150596033588,1
paddy,ALL,NATIONAL,2025-02-28,0.16256511808363158,1
paddy,ALL,NATIONAL,2025-03-31,0.16563605582083946,1
paddy,ALL,NATIONAL,2025-04-30,0.17137091140384372,1
paddy,ALL,NATIONAL,2025-05-31,0.19407978663916445,1
paddy,ALL,NATIONAL,2025-06-30,0.27258080138864643,1
paddy,ALL,NATIONAL,2025-07-31,0.3531821148195803,1
paddy,ALL,NATIONAL,2025-08-31,0.35328198301207475,1
paddy,ALL,NATIONAL,2025-09-30,0.3520068157029679,1
paddy,ALL,NATIONAL,2025-10-31,0.3340840735980933,1
ragi,ALL,NATIONAL,2017-01-31,,0
ragi,ALL,NATIONAL,2017-02-28,0.8672366935564084,0
ragi,ALL,NATIONAL,2017-03-31,0.9569570460484935,0
ragi,ALL,NATIONAL,2017-04-30,0.7145307388399778,0
ragi,ALL,NATIONAL,2017-05-31,0.6597693345207228,0
ragi,ALL,NATIONAL,2017-06-30,0.8214093900885391,0
ragi,ALL,NATIONAL,2017-07-31,0.9712273996111297,0
ragi,ALL,NATIONAL,2017-08-31,0.8612346388575236,0
ragi,ALL,NATIONAL,2017-09-30,1.0882373523590634,0
ragi,ALL,NATIONAL,2017-10-31,1.422405971229497,0
ragi,ALL,NATIONAL,2017-11-30,0.972497620233814,0
ragi,ALL,NATIONAL,2017-12-31,0.6029793125521584,0
ragi,ALL,NATIONAL,2018-01-31,0.8176888096406116,0
ragi,ALL,NATIONAL,2018-02-28,0.8587182013760843,0
ragi,ALL,NATIONAL,2018-03-31,1.066705422796468,0
ragi,ALL,NATIONAL,2018-04-30,1.6897054130506088,0
ragi,ALL,NATIONAL,2018-05-31,1.2716861780011575,0
ragi,ALL,NATIONAL,2018-06-30,0.8266714683895332,0
ragi,ALL,NATIONAL,2018-07-31,0.6972000084011999,0
ragi,ALL,NATIONAL,2018-08-31,0.7137322918431264,0
ragi,ALL,NATIONAL,2018-09-30,0.6957404028334498,0
ragi,ALL,NATIONAL,2018-10-31,1.0145356858562748,0
ragi,ALL,NATIONAL,2018-11-30,0.9589650782407037,0
ragi,ALL,NATIONAL,2018-12-31,0.7470026309637733,0
ragi,ALL,NATIONAL,2019-01-31,1.0447016309575987,0
ragi,ALL,NATIONAL,2019-02-28,1.4701821893861098,0
ragi,ALL,NATIONAL,2019-03-31,0.5481706163112298,0
ragi,ALL,NATIONAL,2019-04-30,0.7911997185787144,0
ragi,ALL,NATIONAL,2019-05-31,1.6362319479659833,0
ragi,ALL,NATIONAL,2019-06-30,0.9187105414082751,0
ragi,ALL,NATIONAL,2019-07-31,0.6254512596854802,0
ragi,ALL,NATIONAL,2019-08-31,0.7541600600015355,0
ragi,ALL,NATIONAL,2019-09-30,1.1167265701939724,0
ragi,ALL,NATIONAL,2019-10-31,1.391754749917864,0
ragi,ALL,NATIONAL,2019-11-30,1.0665648382576263,0
ragi,ALL,NATIONAL,2019-12-31,0.6751035717823671,0
ragi,ALL,NATIONAL,2020-01-31,0.9723970408592117,0
ragi,ALL,NATIONAL,2020-02-29,0.9270719400021615,0
ragi,ALL,NATIONAL,2020-03-31,0.7061890689076162,0
ragi,ALL,NATIONAL,2020-04-30,1.2457600081636877,0
ragi,ALL,NATIONAL,2020-05-31,1.307408291246295,0
ragi,ALL,NATIONAL,2020-06-30,1.5373815482930575,0
ragi,ALL,NATIONAL,2020-07-31,0.8824252316621428,0
ragi,ALL,NATIONAL,2020-08-31,0.9242719529547133,0
ragi,ALL,NATIONAL,2020-09-30,1.018228828952992,0
ragi,ALL,NATIONAL,2020-10-31,1.4106666563028951,0
ragi,ALL,NATIONAL,2020-11-30,2.395866815393398,0
ragi,ALL,NATIONAL,2020-12-31,1.8436148812777604,0
ragi,ALL,NATIONAL,2021-01-31,1.9154576516775401,0
ragi,ALL,NATIONAL,2021-02-28,1.7338354129019344,0
ragi,ALL,NATIONAL,2021-03-31,1.173357863158691,0
ragi,ALL,NATIONAL,2021-04-30,1.3054611006351164,0
ragi,ALL,NATIONAL,2021-05-31,1.7890099282739833,0
ragi,ALL,NATIONAL,2021-06-30,1.6316352670014476,0
ragi,ALL,NATIONAL,2021-07-31,1.5549564822536162,0
ragi,ALL,NATIONAL,2021-08-31,1.8219636829891634,0
ragi,ALL,NATIONAL,2021-09-30,1.706217783959968,0
ragi,ALL,NATIONAL,2021-10-31,2.538323397334596,0
ragi,ALL,NATIONAL,2021-11-30,3.2921392437980233,0
ragi,ALL,NATIONAL,2021-12-31,1.9295425797991541,1
ragi,ALL,NATIONAL,2022-01-31,1.1764895468967018,1
ragi,ALL,NATIONAL,2022-02-28,1.177076798053945,1
ragi,ALL,NATIONAL,2022-03-31,1.0773113969547925,1
ragi,ALL,NATIONAL,2022-04-30,0.980150820627508,1
ragi,ALL,NATIONAL,2022-05-31,1.5904245552113982,1
ragi,ALL,NATIONAL,2022-06-30,1.1227057330755157,1
ragi,ALL,NATIONAL,2022-07-31,1.199520568191305,1
ragi,ALL,NATIONAL,2022-08-31,1.522354438697918,1
ragi,ALL,NATIONAL,2022-09-30,1.181677357319353,1
ragi,ALL,NATIONAL,2022-10-31,1.8449456375217848,1
ragi,ALL,NATIONAL,2022-11-30,1.9340691495379936,1
ragi,ALL,NATIONAL,2022-12-31,1.2713620936514896,1
ragi,ALL,NATIONAL,2023-01-31,0.8499609139561859,1
ragi,ALL,NATIONAL,2023-02-28,0.7899550106021105,1
ragi,ALL,NATIONAL,2023-03-31,0.8410403603723009,1
ragi,ALL,NATIONAL,2023-04-30,1.0380794943339746,1
ragi,ALL,NATIONAL,2023-05-31,2.1614501171768485,1
ragi,ALL,NATIONAL,2023-06-30,1.0930424421690417,1
ragi,ALL,NATIONAL,2023-07-31,0.5859033647642138,1
ragi,ALL,NATIONAL,2023-08-31,1.2624887478967015,1
ragi,ALL,NATIONAL,2023-09-30,1.7961924018924766,1
ragi,ALL,NATIONAL,2023-10-31,1.3158871407261294,1
ragi,ALL,NATIONAL,2023-11-30,1.4603924981341365,1
ragi,ALL,NATIONAL,2023-12-31,1.0869314861342714,1
ragi,ALL,NATIONAL,2024-01-31,0.9737865222848439,1
ragi,ALL,NATIONAL,2024-02-29,1.307277932024028,1
ragi,ALL,NATIONAL,2024-03-31,1.1170440228717555,1
ragi,ALL,NATIONAL,2024-04-30,0.9039945043430897,1
ragi,ALL,NATIONAL,2024-05-31,0.746229829751034,1
ragi,ALL,NATIONAL,2024-06-30,0.6126119457297586,1
ragi,ALL,NATIONAL,2024-07-31,0.6102173920056709,1
ragi,ALL,NATIONAL,2024-08-31,1.0070996780597787,1
ragi,ALL,NATIONAL,2024-09-30,1.2825011372415673,1
ragi,ALL,NATIONAL,2024-10-31,0.8942241439073336,1
ragi,ALL,NATIONAL,2024-11-30,1.7379397274671633,1
ragi,ALL,NATIONAL,2024-12-31,1.7270985238162535,1
ragi,ALL,NATIONAL,2025-01-31,1.2566822764812802,1
ragi,ALL,NATIONAL,2025-02-28,0.722614138053455,1
ragi,ALL,NATIONAL,2025-03-31,0.8219434005188394,1
ragi,ALL,NATIONAL,2025-04-30,2.060817118417914,1
ragi,ALL,NATIONAL,2025-05-31,2.2082290093874297,1
ragi,ALL,NATIONAL,2025-06-30,1.233630584722559,1
ragi,ALL,NATIONAL,2025-07-31,2.1697398645013526,1
ragi,ALL,NATIONAL,2025-08-31,2.908789989754825,1
ragi,ALL,NATIONAL,2025-09-30,3.1775668996119872,1
ragi,ALL,NATIONAL,2025-10-31,2.588445039129969,1
sesamum,ALL,NATIONAL,2017-01-31,,0
sesamum,ALL,NATIONAL,2017-02-28,0.457550554342354,0
sesamum,ALL,NATIONAL,2017-03-31,0.553737931112657,0
sesamum,ALL,NATIONAL,2017-04-30,0.594988129457596,0
sesamum,ALL,NATIONAL,2017-05-31,0.4861206269904002,0
sesamum,ALL,NATIONAL,2017-06-30,0.48598076338909607,0
sesamum,ALL,NATIONAL,2017-07-31,0.5662010127795772,0
sesamum,ALL,NATIONAL,2017-08-31,0.5764276009782204,0
sesamum,ALL,NATIONAL,2017-09-30,0.44182544030729176,0
sesamum,ALL,NATIONAL,2017-10-31,0.3659157436607195,0
sesamum,ALL,NATIONAL,2017-11-30,0.49025813134937724,0
sesamum,ALL,NATIONAL,2017-12-31,0.40012845546181425,0
sesamum,ALL,NATIONAL,2018-01-31,0.2551218689113535,0
sesamum,ALL,NATIONAL,2018-02-28,0.33534257991244865,0
sesamum,ALL,NATIONAL,2018-03-31,0.3366263772697821,0
sesamum,ALL,NATIONAL,2018-04-30,0.6608903461220246,0
sesamum,ALL,NATIONAL,2018-05-31,0.4315886368880386,0
sesamum,ALL,NATIONAL,2018-06-30,0.23651564912660689,0
sesamum,ALL,NATIONAL,2018-07-31,0.299405982318768,0
sesamum,ALL,NATIONAL,2018-08-31,0.4105648189983451,0
sesamum,ALL,NATIONAL,2018-09-30,0.8235698939609388,0
sesamum,ALL,NATIONAL,2018-10-31,0.7083550382567709,0
sesamum,ALL,NATIONAL,2018-11-30,0.8855688262870025,0
sesamum,ALL,NATIONAL,2018-12-31,0.6630928680509692,0
sesamum,ALL,NATIONAL,2019-01-31,0.41089435435023314,0
sesamum,ALL,NATIONAL,2019-02-28,0.4889841588685389,0
sesamum,ALL,NATIONAL,2019-03-31,0.509302470445409,0
sesamum,ALL,NATIONAL,2019-04-30,0.8460071821712231,0
sesamum,ALL,NATIONAL,2019-05-31,0.6988501242908393,0
sesamum,ALL,NATIONAL,2019-06-30,0.5100373205903301,0
sesamum,ALL,NATIONAL,2019-07-31,0.5245225349293663,0
sesamum,ALL,NATIONAL,2019-08-31,0.4184223134131317,0
sesamum,ALL,NATIONAL,2019-09-30,0.7462540281252733,0
sesamum,ALL,NATIONAL,2019-10-31,0.7532255563585571,0
sesamum,ALL,NATIONAL,2019-11-30,0.8427235196280517,0
sesamum,ALL,NATIONAL,2019-12-31,0.4622357868735071,0
sesamum,ALL,NATIONAL,2020-01-31,0.4026098681531579,0
sesamum,ALL,NATIONAL,2020-02-29,0.5484499222685845,0
sesamum,ALL,NATIONAL,2020-03-31,0.7672184945216539,0
sesamum,ALL,NATIONAL,2020-04-30,2.2131658580051687,0
sesamum,ALL,NATIONAL,2020-05-31,2.0016074813961877,0
sesamum,ALL,NATIONAL,2020-06-30,0.7193471319077566,0
sesamum,ALL,NATIONAL,2020-07-31,0.40386150573982726,0
sesamum,ALL,NATIONAL,2020-08-31,0.7028173026538309,0
sesamum,ALL,NATIONAL,2020-09-30,0.7812096297632841,0
sesamum,ALL,NATIONAL,2020-10-31,0.4734586880826646,0
sesamum,ALL,NATIONAL,2020-11-30,0.4062886082656969,0
sesamum,ALL,NATIONAL,2020-12-31,0.3781739703945964,0
sesamum,ALL,NATIONAL,2021-01-31,0.27895277910855015,0
sesamum,ALL,NATIONAL,2021-02-28,0.3194641522073153,0
sesamum,ALL,NATIONAL,2021-03-31,0.5021549485390896,0
sesamum,ALL,NATIONAL,2021-04-30,1.7554933265338333,0
sesamum,ALL,NATIONAL,2021-05-31,1.1126798860743445,0
sesamum,ALL,NATIONAL,2021-06-30,0.699453745478914,0
sesamum,ALL,NATIONAL,2021-07-31,0.3387844299416773,0
sesamum,ALL,NATIONAL,2021-08-31,0.3236323526707473,0
sesamum,ALL,NATIONAL,2021-09-30,0.4092075725008653,0
sesamum,ALL,NATIONAL,2021-10-31,0.40501899865375685,0
sesamum,ALL,NATIONAL,2021-11-30,1.439602864466348,0
sesamum,ALL,NATIONAL,2021-12-31,0.9197719535255998,1
sesamum,ALL,NATIONAL,2022-01-31,0.19931316231885476,1
sesamum,ALL,NATIONAL,2022-02-28,0.4020771916731095,1
sesamum,ALL,NATIONAL,2022-03-31,0.3688668455077614,1
sesamum,ALL,NATIONAL,2022-04-30,0.37766267812279225,1
sesamum,ALL,NATIONAL,2022-05-31,0.3553432666294055,1
sesamum,ALL,NATIONAL,2022-06-30,0.2888117741148744,1
sesamum,ALL,NATIONAL,2022-07-31,0.3221275119569745,1
sesamum,ALL,NATIONAL,2022-08-31,0.8921764939966519,1
sesamum,ALL,NATIONAL,2022-09-30,1.1580508153650386,1
sesamum,ALL,NATIONAL,2022-10-31,0.5327154113301993,1
sesamum,ALL,NATIONAL,2022-11-30,1.126779348917663,1
sesamum,ALL,NATIONAL,2022-12-31,0.40698957732539615,1
sesamum,ALL,NATIONAL,2023-01-31,0.5042502347698729,1
sesamum,ALL,NATIONAL,2023-02-28,1.3017488120910916,1
sesamum,ALL,NATIONAL,2023-03-31,0.7023596472033123,1
sesamum,ALL,NATIONAL,2023-04-30,0.6549276783755948,1
sesamum,ALL,NATIONAL,2023-05-31,0.3935009908361332,1
sesamum,ALL,NATIONAL,2023-06-30,0.2395772269378437,1
sesamum,ALL,NATIONAL,2023-07-31,0.3869366369836654,1
sesamum,ALL,NATIONAL,2023-08-31,1.3341008762625344,1
sesamum,ALL,NATIONAL,2023-09-30,1.879854069622704,1
sesamum,ALL,NATIONAL,2023-10-31,0.4472767890803539,1
sesamum,ALL,NATIONAL,2023-11-30,0.5722287319882051,1
sesamum,ALL,NATIONAL,2023-12-31,,1
sesamum,ALL,NATIONAL,2024-01-31,0.7881151833218842,1
sesamum,ALL,NATIONAL,2024-02-29,0.7813471473313951,1
sesamum,ALL,NATIONAL,2024-03-31,0.4870386272279537,1
sesamum,ALL,NATIONAL,2024-04-30,0.5214917409097071,1
sesamum,ALL,NATIONAL,2024-05-31,0.42072468940982943,1
sesamum,ALL,NATIONAL,2024-06-30,0.2680890912570998,1
sesamum,ALL,NATIONAL,2024-07-31,0.3365752592617013,1
sesamum,ALL,NATIONAL,2024-08-31,0.9845663672898018,1
sesamum,ALL,NATIONAL,2024-09-30,1.4124424525093393,1
sesamum,ALL,NATIONAL,2024-10-31,0.4146363058722409,1
sesamum,ALL,NATIONAL,2024-11-30,0.4392828950630358,1
sesamum,ALL,NATIONAL,2024-12-31,0.4023847368024508,1
sesamum,ALL,NATIONAL,2025-01-31,0.4060107049374463,1
sesamum,ALL,NATIONAL,2025-02-28,0.48329317523078014,1
sesamum,ALL,NATIONAL,2025-03-31,0.6518941294930483,1
sesamum,ALL,NATIONAL,2025-04-30,0.7467422029893864,1
sesamum,ALL,NATIONAL,2025-05-31,0.6772775491814499,1
sesamum,ALL,NATIONAL,2025-06-30,0.5725522763498064,1
sesamum,ALL,NATIONAL,2025-07-31,0.5428501137855214,1
sesamum,ALL,NATIONAL,2025-08-31,0.65228773725496,1
sesamum,ALL,NATIONAL,2025-09-30,0.7082199865698162,1
sesamum,ALL,NATIONAL,2025-10-31,0.8928464525515438,1
soybean,ALL,NATIONAL,2017-01-31,,0
soybean,ALL,NATIONAL,2017-02-28,0.2506694378111803,0
soybean,ALL,NATIONAL,2017-03-31,0.5985759120154551,0
soybean,ALL,NATIONAL,2017-04-30,0.3742355581769068,0
soybean,ALL,NATIONAL,2017-05-31,0.25529345415811905,0
soybean,ALL,NATIONAL,2017-06-30,0.2880863208361624,0
soybean,ALL,NATIONAL,2017-07-31,0.21833532007695544,0
soybean,ALL,NATIONAL,2017-08-31,0.5413429927855828,0
soybean,ALL,NATIONAL,2017-09-30,0.5004535476471025,0
soybean,ALL,NATIONAL,2017-10-31,0.3523943217570154,0
soybean,ALL,NATIONAL,2017-11-30,0.410710085806218,0
soybean,ALL,NATIONAL,2017-12-31,0.2089025410649153,0
soybean,ALL,NATIONAL,2018-01-31,0.18993483361208063,0
soybean,ALL,NATIONAL,2018-02-28,0.38450850773738027,0
soybean,ALL,NATIONAL,2018-03-31,0.2975408922464249,0
soybean,ALL,NATIONAL,2018-04-30,0.20811905380147577,0
soybean,ALL,NATIONAL,2018-05-31,0.13561565580374652,0
soybean,ALL,NATIONAL,2018-06-30,0.1314739367556753,0
soybean,ALL,NATIONAL,2018-07-31,0.1515868183138914,0
soybean,ALL,NATIONAL,2018-08-31,0.16071878191934544,0
soybean,ALL,NATIONAL,2018-09-30,0.2762335520895622,0
soybean,ALL,NATIONAL,2018-10-31,0.28914555012399595,0
soybean,ALL,NATIONAL,2018-11-30,0.7077530077864161,0
soybean,ALL,NATIONAL,2018-12-31,0.530548323626512,0
soybean,ALL,NATIONAL,2019-01-31,0.13077744906569622,0
soybean,ALL,NATIONAL,2019-02-28,0.17188465023432853,0
soybean,ALL,NATIONAL,2019-03-31,0.1200197062147973,0
soybean,ALL,NATIONAL,2019-04-30,0.15389065994723697,0
soybean,ALL,NATIONAL,2019-05-31,0.16149129648509034,0
soybean,ALL,NATIONAL,2019-06-30,0.1333723986554634,0
soybean,ALL,NATIONAL,2019-07-31,0.13379807060870882,0
soybean,ALL,NATIONAL,2019-08-31,0.14853470156989568,0
soybean,ALL,NATIONAL,2019-09-30,0.20009181873532655,0
soybean,ALL,NATIONAL,2019-10-31,0.253175389233391,0
soybean,ALL,NATIONAL,2019-11-30,0.21295760157571705,0
soybean,ALL,NATIONAL,2019-12-31,0.11379866625544897,0
soybean,ALL,NATIONAL,2020-01-31,0.1581248423941313,0
soybean,ALL,NATIONAL,2020-02-29,0.13956409037738546,0
soybean,ALL,NATIONAL,2020-03-31,0.20771856602733807,0
soybean,ALL,NATIONAL,2020-04-30,0.7636795754504192,0
soybean,ALL,NATIONAL,2020-05-31,0.686578657745304,0
soybean,ALL,NATIONAL,2020-06-30,0.15891243326183727,0
soybean,ALL,NATIONAL,2020-07-31,0.1083218070747839,0
soybean,ALL,NATIONAL,2020-08-31,0.16855273529017217,0
soybean,ALL,NATIONAL,2020-09-30,0.19501893350641558,0
soybean,ALL,NATIONAL,2020-10-31,0.21628016134213945,0
soybean,ALL,NATIONAL,2020-11-30,0.18133626446174103,0
soybean,ALL,NATIONAL,2020-12-31,0.12297109329052884,0
soybean,ALL,NATIONAL,2021-01-31,0.1583514377632867,0
soybean,ALL,NATIONAL,2021-02-28,0.24511832990923166,0
soybean,ALL,NATIONAL,2021-03-31,0.26589255044225835,0
soybean,ALL,NATIONAL,2021-04-30,0.6186077772100046,0
soybean,ALL,NATIONAL,2021-05-31,0.6937168192341227,0
soybean,ALL,NATIONAL,2021-06-30,0.4045036384797914,0
soybean,ALL,NATIONAL,2021-07-31,0.29611818748990887,0
soybean,ALL,NATIONAL,2021-08-31,0.5074104041332629,0
soybean,ALL,NATIONAL,2021-09-30,0.6161310604377935,0
soybean,ALL,NATIONAL,2021-10-31,0.6831385609627484,0
soybean,ALL,NATIONAL,2021-11-30,0.4260407988321207,0
soybean,ALL,NATIONAL,2021-12-31,0.41212080558421177,1
soybean,ALL,NATIONAL,2022-01-31,0.20956988097661716,1
soybean,ALL,NATIONAL,2022-02-28,0.1770001526683303,1
soybean,ALL,NATIONAL,2022-03-31,0.2318324104422329,1
soybean,ALL,NATIONAL,2022-04-30,0.20424303820803255,1
soybean,ALL,NATIONAL,2022-05-31,0.21510920222433863,1
soybean,ALL,NATIONAL,2022-06-30,0.1528603271042702,1
soybean,ALL,NATIONAL,2022-07-31,0.1792950019242583,1
soybean,ALL,NATIONAL,2022-08-31,0.1773692435780138,1
soybean,ALL,NATIONAL,2022-09-30,0.24848399976787314,1
soybean,ALL,NATIONAL,2022-10-31,0.4059744979030281,1
soybean,ALL,NATIONAL,2022-11-30,0.5355897566293444,1
soybean,ALL,NATIONAL,2022-12-31,0.22522661435033653,1
soybean,ALL,NATIONAL,2023-01-31,0.1300224195433325,1
soybean,ALL,NATIONAL,2023-02-28,0.11595022861493195,1
soybean,ALL,NATIONAL,2023-03-31,0.12584073836362894,1
soybean,ALL,NATIONAL,2023-04-30,0.21234566299359212,1
soybean,ALL,NATIONAL,2023-05-31,0.20880851726153898,1
soybean,ALL,NATIONAL,2023-06-30,0.15354885007448016,1
soybean,ALL,NATIONAL,2023-07-31,0.14235749309601228,1
soybean,ALL,NATIONAL,2023-08-31,0.20322715320985382,1
soybean,ALL,NATIONAL,2023-09-30,0.2989912276724067,1
soybean,ALL,NATIONAL,2023-10-31,0.34106405137466067,1
soybean,ALL,NATIONAL,2023-11-30,0.38858869874158386,1
soybean,ALL,NATIONAL,2023-12-31,0.4336598525050114,1
soybean,ALL,NATIONAL,2024-01-31,0.1761463299551262,1
soybean,ALL,NATIONAL,2024-02-29,0.17833617867658302,1
soybean,ALL,NATIONAL,2024-03-31,0.21720622946467885,1
soybean,ALL,NATIONAL,2024-04-30,0.3859546474132234,1
soybean,ALL,NATIONAL,2024-05-31,0.40442730267264826,1
soybean,ALL,NATIONAL,2024-06-30,0.11602098064425066,1
soybean,ALL,NATIONAL,2024-07-31,0.10077634764806043,1
soybean,ALL,NATIONAL,2024-08-31,0.6664455451665205,1
soybean,ALL,NATIONAL,2024-09-30,1.1571332183990017,1
soybean,ALL,NATIONAL,2024-10-31,0.2389324020193729,1
soybean,ALL,NATIONAL,2024-11-30,0.46720320188445236,1
soybean,ALL,NATIONAL,2024-12-31,0.3316013821189496,1
soybean,ALL,NATIONAL,2025-01-31,0.1691112562080482,1
soybean,ALL,NATIONAL,2025-02-28,0.2873914609848408,1
soybean,ALL,NATIONAL,2025-03-31,1.1446837348251884,1
soybean,ALL,NATIONAL,2025-04-30,1.3320048874963388,1
soybean,ALL,NATIONAL,2025-05-31,0.2421505645348267,1
soybean,ALL,NATIONAL,2025-06-30,0.11631273545262735,1
soybean,ALL,NATIONAL,2025-07-31,0.1239971958116809,1
soybean,ALL,NATIONAL,2025-08-31,0.15994577687199515,1
soybean,ALL,NATIONAL,2025-09-30,0.2588640687271967,1
soybean,ALL,NATIONAL,2025-10-31,0.45540561767627175,1
sunflower,ALL,NATIONAL,2017-01-31,,0
sunflower,ALL,NATIONAL,2017-02-28,0.5319814779645495,0
sunflower,ALL,NATIONAL,2017-03-31,0.6475711578047665,0
sunflower,ALL,NATIONAL,2017-04-30,0.6431568946925543,0
sunflower,ALL,NATIONAL,2017-05-31,1.1610975768006122,0
sunflower,ALL,NATIONAL,2017-06-30,0.986181853593039,0
sunflower,ALL,NATIONAL,2017-07-31,0.8309844843472236,0
sunflower,ALL,NATIONAL,2017-08-31,1.1984052602964486,0
sunflower,ALL,NATIONAL,2017-09-30,0.9583267712194312,0
sunflower,ALL,NATIONAL,2017-10-31,1.1362066591250681,0
sunflower,ALL,NATIONAL,2017-11-30,1.3527944269415302,0
sunflower,ALL,NATIONAL,2017-12-31,0.8606431999051245,0
sunflower,ALL,NATIONAL,2018-01-31,0.6742347880641849,0
sunflower,ALL,NATIONAL,2018-02-28,1.0373563964465762,0
sunflower,ALL,NATIONAL,2018-03-31,1.2057264255081457,0
sunflower,ALL,NATIONAL,2018-04-30,0.8111322647066684,0
sunflower,ALL,NATIONAL,2018-05-31,1.248501423095549,0
sunflower,ALL,NATIONAL,2018-06-30,0.982082223585626,0
sunflower,ALL,NATIONAL,2018-07-31,0.9529383526345696,0
sunflower,ALL,NATIONAL,2018-08-31,1.0867248917745964,0
sunflower,ALL,NATIONAL,2018-09-30,0.790312174115376,0
sunflower,ALL,NATIONAL,2018-10-31,0.8176545310501591,0
sunflower,ALL,NATIONAL,2018-11-30,0.8570832993767926,0
sunflower,ALL,NATIONAL,2018-12-31,0.6901431719218621,0
sunflower,ALL,NATIONAL,2019-01-31,0.5252158155649114,0
sunflower,ALL,NATIONAL,2019-02-28,0.5254943003135406,0
sunflower,ALL,NATIONAL,2019-03-31,0.5262475482678857,0
sunflower,ALL,NATIONAL,2019-04-30,0.6906951645209122,0
sunflower,ALL,NATIONAL,2019-05-31,1.384095741783103,0
sunflower,ALL,NATIONAL,2019-06-30,2.121877529022015,0
sunflower,ALL,NATIONAL,2019-07-31,2.874921983378057,0
sunflower,ALL,NATIONAL,2019-08-31,2.579624123675304,0
sunflower,ALL,NATIONAL,2019-09-30,1.3750920743842623,0
sunflower,ALL,NATIONAL,2019-10-31,0.9101658242044202,0
sunflower,ALL,NATIONAL,2019-11-30,0.7541754760119781,0
sunflower,ALL,NATIONAL,2019-12-31,0.7308175248542861,0
sunflower,ALL,NATIONAL,2020-01-31,0.8893815535695463,0
sunflower,ALL,NATIONAL,2020-02-29,1.143026175066814,0
sunflower,ALL,NATIONAL,2020-03-31,0.98670598290231,0
sunflower,ALL,NATIONAL,2020-04-30,0.9330839846383194,0
sunflower,ALL,NATIONAL,2020-05-31,0.6181692735003035,0
sunflower,ALL,NATIONAL,2020-06-30,0.8925289394369749,0
sunflower,ALL,NATIONAL,2020-07-31,1.3646154019363517,0
sunflower,ALL,NATIONAL,2020-08-31,1.3776206784067353,0
sunflower,ALL,NATIONAL,2020-09-30,0.9975211063475492,0
sunflower,ALL,NATIONAL,2020-10-31,1.248747525554677,0
sunflower,ALL,NATIONAL,2020-11-30,1.454101979871771,0
sunflower,ALL,NATIONAL,2020-12-31,1.340180524145414,0
sunflower,ALL,NATIONAL,2021-01-31,1.171187800223751,0
sunflower,ALL,NATIONAL,2021-02-28,1.0667760263241874,0
sunflower,ALL,NATIONAL,2021-03-31,0.8472545100582075,0
sunflower,ALL,NATIONAL,2021-04-30,0.8070122237741805,0
sunflower,ALL,NATIONAL,2021-05-31,0.7796981624856991,0
sunflower,ALL,NATIONAL,2021-06-30,0.7842652776891709,0
sunflower,ALL,NATIONAL,2021-07-31,0.7470495987220483,0
sunflower,ALL,NATIONAL,2021-08-31,1.270374657215038,0
sunflower,ALL,NATIONAL,2021-09-30,0.8076274197789971,0
sunflower,ALL,NATIONAL,2021-10-31,0.5075872974923757,0
sunflower,ALL,NATIONAL,2021-11-30,0.8041985819501908,0
sunflower,ALL,NATIONAL,2021-12-31,1.0440821066386263,1
sunflower,ALL,NATIONAL,2022-01-31,0.600259853119496,1
sunflower,ALL,NATIONAL,2022-02-28,0.49887705873043264,1
sunflower,ALL,NATIONAL,2022-03-31,0.6252486833276737,1
sunflower,ALL,NATIONAL,2022-04-30,0.9101545498980211,1
sunflower,ALL,NATIONAL,2022-05-31,0.9918947071562018,1
sunflower,ALL,NATIONAL,2022-06-30,0.7899068639633949,1
sunflower,ALL,NATIONAL,2022-07-31,0.8417732465446183,1
sunflower,ALL,NATIONAL,2022-08-31,1.1638810579295344,1
sunflower,ALL,NATIONAL,2022-09-30,0.976655891477365,1
sunflower,ALL,NATIONAL,2022-10-31,0.7807009330134658,1
sunflower,ALL,NATIONAL,2022-11-30,0.7778624921469021,1
sunflower,ALL,NATIONAL,2022-12-31,0.7539804950622121,1
sunflower,ALL,NATIONAL,2023-01-31,0.6661206927535994,1
sunflower,ALL,NATIONAL,2023-02-28,0.8716053650359277,1
sunflower,ALL,NATIONAL,2023-03-31,0.7578834454345305,1
sunflower,ALL,NATIONAL,2023-04-30,0.5782439307850564,1
sunflower,ALL,NATIONAL,2023-05-31,1.814938480617765,1
sunflower,ALL,NATIONAL,2023-06-30,1.0998674831461543,1
sunflower,ALL,NATIONAL,2023-07-31,0.754763207899492,1
sunflower,ALL,NATIONAL,2023-08-31,0.9892319145023655,1
sunflower,ALL,NATIONAL,2023-09-30,0.8525420847760647,1
sunflower,ALL,NATIONAL,2023-10-31,1.4246241754174442,1
sunflower,ALL,NATIONAL,2023-11-30,0.8948877360661222,1
sunflower,ALL,NATIONAL,2023-12-31,0.7986209268870427,1
sunflower,ALL,NATIONAL,2024-01-31,0.7227044661235572,1
sunflower,ALL,NATIONAL,2024-02-29,1.0045141599453042,1
sunflower,ALL,NATIONAL,2024-03-31,1.2007401749419766,1
sunflower,ALL,NATIONAL,2024-04-30,1.0671219023699934,1
sunflower,ALL,NATIONAL,2024-05-31,1.43847815571452,1
sunflower,ALL,NATIONAL,2024-06-30,1.4919012650114092,1
sunflower,ALL,NATIONAL,2024-07-31,1.3649262246296274,1
sunflower,ALL,NATIONAL,2024-08-31,1.1597731543274588,1
sunflower,ALL,NATIONAL,2024-09-30,1.1538888874834594,1
sunflower,ALL,NATIONAL,2024-10-31,0.9449864259340526,1
sunflower,ALL,NATIONAL,2024-11-30,0.9823487579631058,1
sunflower,ALL,NATIONAL,2024-12-31,1.2406085430807987,1
sunflower,ALL,NATIONAL,2025-01-31,1.1785235737917683,1
sunflower,ALL,NATIONAL,2025-02-28,1.3040743072616323,1
sunflower,ALL,NATIONAL,2025-03-31,1.8325171466543957,1
sunflower,ALL,NATIONAL,2025-04-30,1.6611356092333864,1
sunflower,ALL,NATIONAL,2025-05-31,1.460901866015114,1
sunflower,ALL,NATIONAL,2025-06-30,1.50208007544559,1
sunflower,ALL,NATIONAL,2025-07-31,1.8640118175718698,1
sunflower,ALL,NATIONAL,2025-08-31,2.5736829954332303,1
sunflower,ALL,NATIONAL,2025-09-30,2.969638154756162,1
sunflower,ALL,NATIONAL,2025-10-31,2.5596922467748273,1
turmeric,ALL,NATIONAL,2017-01-31,,0
turmeric,ALL,NATIONAL,2017-02-28,0.6887054320617704,0
turmeric,ALL,NATIONAL,2017-03-31,0.8913320975345248,0
turmeric,ALL,NATIONAL,2017-04-30,1.3074910547032448,0
turmeric,ALL,NATIONAL,2017-05-31,0.9191109779829969,0
turmeric,ALL,NATIONAL,2017-06-30,0.8283251676647805,0
turmeric,ALL,NATIONAL,2017-07-31,0.7760628141193708,0
turmeric,ALL,NATIONAL,2017-08-31,0.7665031969152755,0
turmeric,ALL,NATIONAL,2017-09-30,0.7969440802178928,0
turmeric,ALL,NATIONAL,2017-10-31,0.9350055937885906,0
turmeric,ALL,NATIONAL,2017-11-30,1.0524582890186356,0
turmeric,ALL,NATIONAL,2017-12-31,0.8122484746481211,0
turmeric,ALL,NATIONAL,2018-01-31,0.943909532571631,0
turmeric,ALL,NATIONAL,2018-02-28,0.8869780870252694,0
turmeric,ALL,NATIONAL,2018-03-31,0.9884307960081151,0
turmeric,ALL,NATIONAL,2018-04-30,1.1620395574797957,0
turmeric,ALL,NATIONAL,2018-05-31,0.6743641935771426,0
turmeric,ALL,NATIONAL,2018-06-30,0.5363359879278656,0
turmeric,ALL,NATIONAL,2018-07-31,0.6281974284403234,0
turmeric,ALL,NATIONAL,2018-08-31,0.7629543468869823,0
turmeric,ALL,NATIONAL,2018-09-30,1.0047563682306464,0
turmeric,ALL,NATIONAL,2018-10-31,1.4637972090337825,0
turmeric,ALL,NATIONAL,2018-11-30,1.3729494122381949,0
turmeric,ALL,NATIONAL,2018-12-31,1.3268076661434218,0
turmeric,ALL,NATIONAL,2019-01-31,2.2083556462279126,0
turmeric,ALL,NATIONAL,2019-02-28,1.6809378332571776,0
turmeric,ALL,NATIONAL,2019-03-31,0.8361503028563196,0
turmeric,ALL,NATIONAL,2019-04-30,1.4898184198219633,0
turmeric,ALL,NATIONAL,2019-05-31,1.6920765425916517,0
turmeric,ALL,NATIONAL,2019-06-30,0.8991110749189632,0
turmeric,ALL,NATIONAL,2019-07-31,1.2942998215736128,0
turmeric,ALL,NATIONAL,2019-08-31,0.9403119183732094,0
turmeric,ALL,NATIONAL,2019-09-30,1.2120722452127546,0
turmeric,ALL,NATIONAL,2019-10-31,1.6046796695464816,0
turmeric,ALL,NATIONAL,2019-11-30,1.40057740208367,0
turmeric,ALL,NATIONAL,2019-12-31,1.3551402951595897,0
turmeric,ALL,NATIONAL,2020-01-31,1.240440363288684,0
turmeric,ALL,NATIONAL,2020-02-29,1.440332824835211,0
turmeric,ALL,NATIONAL,2020-03-31,1.3147450310662012,0
turmeric,ALL,NATIONAL,2020-04-30,1.6593035696132965,0
turmeric,ALL,NATIONAL,2020-05-31,1.5596667818403385,0
turmeric,ALL,NATIONAL,2020-06-30,1.1733254711577163,0
turmeric,ALL,NATIONAL,2020-07-31,0.9700077132074129,0
turmeric,ALL,NATIONAL,2020-08-31,1.2532353417415203,0
turmeric,ALL,NATIONAL,2020-09-30,1.5555756916966474,0
turmeric,ALL,NATIONAL,2020-10-31,1.5400849745861498,0
turmeric,ALL,NATIONAL,2020-11-30,1.970408520840372,0
turmeric,ALL,NATIONAL,2020-12-31,3.6193780900919217,0
turmeric,ALL,NATIONAL,2021-01-31,3.359456542684869,0
turmeric,ALL,NATIONAL,2021-02-28,2.2274150413316454,0
turmeric,ALL,NATIONAL,2021-03-31,1.1397617928202737,0
turmeric,ALL,NATIONAL,2021-04-30,0.8779608123953667,0
turmeric,ALL,NATIONAL,2021-05-31,0.8675020957797892,0
turmeric,ALL,NATIONAL,2021-06-30,0.9721257888113606,0
turmeric,ALL,NATIONAL,2021-07-31,1.5979658787124982,0
turmeric,ALL,NATIONAL,2021-08-31,1.3306774190407133,0
turmeric,ALL,NATIONAL,2021-09-30,1.2884756553765788,0
turmeric,ALL,NATIONAL,2021-10-31,1.3411841699292688,0
turmeric,ALL,NATIONAL,2021-11-30,1.6795498497613637,0
turmeric,ALL,NATIONAL,2021-12-31,1.2410452135250853,1
turmeric,ALL,NATIONAL,2022-01-31,1.1075409850324789,1
turmeric,ALL,NATIONAL,2022-02-28,1.39879048087534,1
turmeric,ALL,NATIONAL,2022-03-31,1.0292010423108382,1
turmeric,ALL,NATIONAL,2022-04-30,1.537750196535024,1
turmeric,ALL,NATIONAL,2022-05-31,1.2182844709881342,1
turmeric,ALL,NATIONAL,2022-06-30,0.6114090790948843,1
turmeric,ALL,NATIONAL,2022-07-31,0.9264174121498969,1
turmeric,ALL,NATIONAL,2022-08-31,1.5027218620724634,1
turmeric,ALL,NATIONAL,2022-09-30,1.9538918712828752,1
turmeric,ALL,NATIONAL,2022-10-31,1.6773344913237869,1
turmeric,ALL,NATIONAL,2022-11-30,1.7008641975771772,1
turmeric,ALL,NATIONAL,2022-12-31,1.509680424372894,1
turmeric,ALL,NATIONAL,2023-01-31,1.6985877035765176,1
turmeric,ALL,NATIONAL,2023-02-28,1.9629517987810676,1
turmeric,ALL,NATIONAL,2023-03-31,1.4007201745515714,1
turmeric,ALL,NATIONAL,2023-04-30,2.312987397020353,1
turmeric,ALL,NATIONAL,2023-05-31,2.1623152081070707,1
turmeric,ALL,NATIONAL,2023-06-30,1.109177430549481,1
turmeric,ALL,NATIONAL,2023-07-31,1.858472740912632,1
turmeric,ALL,NATIONAL,2023-08-31,1.231361193568336,1
turmeric,ALL,NATIONAL,2023-09-30,1.3975181836792945,1
turmeric,ALL,NATIONAL,2023-10-31,3.5865188555171845,1
turmeric,ALL,NATIONAL,2023-11-30,2.945955694131395,1
turmeric,ALL,NATIONAL,2023-12-31,1.8941997768814876,1
turmeric,ALL,NATIONAL,2024-01-31,2.094810252469526,1
turmeric,ALL,NATIONAL,2024-02-29,2.5288637409563,1
turmeric,ALL,NATIONAL,2024-03-31,1.331437928411838,1
turmeric,ALL,NATIONAL,2024-04-30,2.0494746796053356,1
turmeric,ALL,NATIONAL,2024-05-31,1.9704357624500297,1
turmeric,ALL,NATIONAL,2024-06-30,0.8828962525616293,1
turmeric,ALL,NATIONAL,2024-07-31,0.8911523867200112,1
turmeric,ALL,NATIONAL,2024-08-31,0.8132931208657179,1
turmeric,ALL,NATIONAL,2024-09-30,0.9833268495117463,1
turmeric,ALL,NATIONAL,2024-10-31,1.6427313873885645,1
turmeric,ALL,NATIONAL,2024-11-30,3.0330362395890083,1
turmeric,ALL,NATIONAL,2024-12-31,2.4471587670797863,1
turmeric,ALL,NATIONAL,2025-01-31,1.7748729798235119,1
turmeric,ALL,NATIONAL,2025-02-28,1.9566356288109426,1
turmeric,ALL,NATIONAL,2025-03-31,2.2951368752904635,1
turmeric,ALL,NATIONAL,2025-04-30,2.10304962568896,1
turmeric,ALL,NATIONAL,2025-05-31,1.481648414172536,1
turmeric,ALL,NATIONAL,2025-06-30,0.9394343966871824,1
turmeric,ALL,NATIONAL,2025-07-31,1.3028067446348728,1
turmeric,ALL,NATIONAL,2025-08-31,2.060743031869427,1
turmeric,ALL,NATIONAL,2025-09-30,2.8287147788592115,1
turmeric,ALL,NATIONAL,2025-10-31,1.9523079845797409,1
wheat,ALL,NATIONAL,2017-01-31,,0
wheat,ALL,NATIONAL,2017-02-28,0.1125570291885719,0
wheat,ALL,NATIONAL,2017-03-31,0.3423350604381902,0
wheat,ALL,NATIONAL,2017-04-30,0.41554614611964774,0
wheat,ALL,NATIONAL,2017-05-31,0.15679029538426056,0
wheat,ALL,NATIONAL,2017-06-30,0.10840666711642565,0
wheat,ALL,NATIONAL,2017-07-31,0.1298086320274511,0
wheat,ALL,NATIONAL,2017-08-31,0.1311536662470046,0
wheat,ALL,NATIONAL,2017-09-30,0.14379659826234223,0
wheat,ALL,NATIONAL,2017-10-31,0.15347653685146495,0
wheat,ALL,NATIONAL,2017-11-30,0.20895428555860382,0
wheat,ALL,NATIONAL,2017-12-31,0.08637665067256559,0
wheat,ALL,NATIONAL,2018-01-31,0.0871754894206132,0
wheat,ALL,NATIONAL,2018-02-28,0.12232027847108276,0
wheat,ALL,NATIONAL,2018-03-31,0.16106306899239264,0
wheat,ALL,NATIONAL,2018-04-30,0.12309940414331164,0
wheat,ALL,NATIONAL,2018-05-31,0.08507941754498564,0
wheat,ALL,NATIONAL,2018-06-30,0.06779476012154953,0
wheat,ALL,NATIONAL,2018-07-31,0.07315654119813182,0
wheat,ALL,NATIONAL,2018-08-31,0.16706327473871588,0
wheat,ALL,NATIONAL,2018-09-30,0.2427474902290525,0
wheat,ALL,NATIONAL,2018-10-31,0.16657303687552716,0
wheat,ALL,NATIONAL,2018-11-30,0.1744593795651088,0
wheat,ALL,NATIONAL,2018-12-31,0.13168937136585881,0
wheat,ALL,NATIONAL,2019-01-31,0.10923896080016575,0
wheat,ALL,NATIONAL,2019-02-28,0.10078845350600005,0
wheat,ALL,NATIONAL,2019-03-31,0.10470980324710387,0
wheat,ALL,NATIONAL,2019-04-30,0.14751086569038274,0
wheat,ALL,NATIONAL,2019-05-31,0.13877368586417393,0
wheat,ALL,NATIONAL,2019-06-30,0.12956136089060966,0
wheat,ALL,NATIONAL,2019-07-31,0.08799574164291452,0
wheat,ALL,NATIONAL,2019-08-31,0.13038710349222915,0
wheat,ALL,NATIONAL,2019-09-30,0.21089818094547422,0
wheat,ALL,NATIONAL,2019-10-31,0.14110005107823262,0
wheat,ALL,NATIONAL,2019-11-30,0.14626173678424836,0
wheat,ALL,NATIONAL,2019-12-31,0.11182932405603134,0
wheat,ALL,NATIONAL,2020-01-31,0.11969062475367066,0
wheat,ALL,NATIONAL,2020-02-29,0.10886059199015477,0
wheat,ALL,NATIONAL,2020-03-31,0.17230209583441777,0
wheat,ALL,NATIONAL,2020-04-30,0.22945775133148755,0
wheat,ALL,NATIONAL,2020-05-31,0.12021735701162911,0
wheat,ALL,NATIONAL,2020-06-30,0.08667865713019478,0
wheat,ALL,NATIONAL,2020-07-31,0.15309887492449112,0
wheat,ALL,NATIONAL,2020-08-31,0.2634586806132974,0
wheat,ALL,NATIONAL,2020-09-30,0.22166504648597635,0
wheat,ALL,NATIONAL,2020-10-31,0.1943995873722231,0
wheat,ALL,NATIONAL,2020-11-30,0.1903511164264121,0
wheat,ALL,NATIONAL,2020-12-31,0.18563909796963438,0
wheat,ALL,NATIONAL,2021-01-31,0.12343192436971255,0
wheat,ALL,NATIONAL,2021-02-28,0.11867699263018505,0
wheat,ALL,NATIONAL,2021-03-31,0.12150809678642256,0
wheat,ALL,NATIONAL,2021-04-30,0.3021439241476189,0
wheat,ALL,NATIONAL,2021-05-31,0.1652105823078491,0
wheat,ALL,NATIONAL,2021-06-30,0.10603427730120547,0
wheat,ALL,NATIONAL,2021-07-31,0.11243665224908693,0
wheat,ALL,NATIONAL,2021-08-31,0.13067331451029482,0
wheat,ALL,NATIONAL,2021-09-30,0.13472803891719884,0
wheat,ALL,NATIONAL,2021-10-31,0.29429731082183647,0
wheat,ALL,NATIONAL,2021-11-30,0.21212314794347495,0
wheat,ALL,NATIONAL,2021-12-31,0.10414679232259462,1
wheat,ALL,NATIONAL,2022-01-31,0.09126455624710733,1
wheat,ALL,NATIONAL,2022-02-28,0.153020762719793,1
wheat,ALL,NATIONAL,2022-03-31,0.16367556396762542,1
wheat,ALL,NATIONAL,2022-04-30,0.15628400779516266,1
wheat,ALL,NATIONAL,2022-05-31,0.16257260803051315,1
wheat,ALL,NATIONAL,2022-06-30,0.10973851357800597,1
wheat,ALL,NATIONAL,2022-07-31,0.08128654312101166,1
wheat,ALL,NATIONAL,2022-08-31,0.13736285199686823,1
wheat,ALL,NATIONAL,2022-09-30,0.16706954444377806,1
wheat,ALL,NATIONAL,2022-10-31,0.09866738717153302,1
wheat,ALL,NATIONAL,2022-11-30,0.10509944838447455,1
wheat,ALL,NATIONAL,2022-12-31,0.10320180481528393,1
wheat,ALL,NATIONAL,2023-01-31,0.13717767212004006,1
wheat,ALL,NATIONAL,2023-02-28,0.2961083946801758,1
wheat,ALL,NATIONAL,2023-03-31,0.19417532641834742,1
wheat,ALL,NATIONAL,2023-04-30,0.19921699323262926,1
wheat,ALL,NATIONAL,2023-05-31,0.15508100764666533,1
wheat,ALL,NATIONAL,2023-06-30,0.09416668847172288,1
wheat,ALL,NATIONAL,2023-07-31,0.11293583121044357,1
wheat,ALL,NATIONAL,2023-08-31,0.19326263000405397,1
wheat,ALL,NATIONAL,2023-09-30,0.22186649216835455,1
wheat,ALL,NATIONAL,2023-10-31,0.1640026394338826,1
wheat,ALL,NATIONAL,2023-11-30,0.14699384165257648,1
wheat,ALL,NATIONAL,2023-12-31,0.13830893530108834,1
wheat,ALL,NATIONAL,2024-01-31,0.10648342285273904,1
wheat,ALL,NATIONAL,2024-02-29,0.14809985234718734,1
wheat,ALL,NATIONAL,2024-03-31,0.1314044296266264,1
wheat,ALL,NATIONAL,2024-04-30,0.17881859389741603,1
wheat,ALL,NATIONAL,2024-05-31,0.18561294637537906,1
wheat,ALL,NATIONAL,2024-06-30,0.15127089099388963,1
wheat,ALL,NATIONAL,2024-07-31,0.1457872765679522,1
wheat,ALL,NATIONAL,2024-08-31,0.17003796347521677,1
wheat,ALL,NATIONAL,2024-09-30,0.2042617386027771,1
wheat,ALL,NATIONAL,2024-10-31,0.1457084764433141,1
wheat,ALL,NATIONAL,2024-11-30,0.1656584711705707,1
wheat,ALL,NATIONAL,2024-12-31,0.1320605754024661,1
wheat,ALL,NATIONAL,2025-01-31,0.1521757435848114,1
wheat,ALL,NATIONAL,2025-02-28,0.14106632012370396,1
wheat,ALL,NATIONAL,2025-03-31,0.23530528115504487,1
wheat,ALL,NATIONAL,2025-04-30,0.2822864639034775,1
wheat,ALL,NATIONAL,2025-05-31,0.09474356364289721,1
wheat,ALL,NATIONAL,2025-06-30,0.054802038603215954,1
wheat,ALL,NATIONAL,2025-07-31,0.04041967907049064,1
wheat,ALL,NATIONAL,2025-08-31,0.08256478719200734,1
wheat,ALL,NATIONAL,2025-09-30,0.1300242957141128,1
wheat,ALL,NATIONAL,2025-10-31,0.08846918427729987,1
