"Date","Price","Open","High","Low","Vol.","Change %"
"30-04-2026","6,693.00","6,693.00","6,693.00","6,693.00","","0.12%"
"29-04-2026","6,685.00","6,685.00","6,685.00","6,685.00","","0.48%"
"28-04-2026","6,653.00","6,653.00","6,653.00","6,653.00","","0.50%"
"27-04-2026","6,620.00","6,620.00","6,620.00","6,620.00","","-0.66%"
"24-04-2026","6,664.00","6,664.00","6,664.00","6,664.00","","-0.13%"
"23-04-2026","6,673.00","6,673.00","6,673.00","6,673.00","","0.29%"
"22-04-2026","6,654.00","6,654.00","6,654.00","6,654.00","","0.54%"
"21-04-2026","6,618.00","6,618.00","6,618.00","6,618.00","","1.64%"
"20-04-2026","6,511.00","6,552.00","6,552.00","6,460.00","0.68K","-0.90%"
"17-04-2026","6,570.00","6,593.00","6,593.00","6,560.00","0.23K","0.21%"
"16-04-2026","6,556.00","6,580.00","6,580.00","6,534.00","0.03K","0.61%"
"15-04-2026","6,516.00","6,520.00","6,540.00","6,510.00","0.05K","-1.29%"
"13-04-2026","6,601.00","6,620.00","6,660.00","6,562.00","0.10K","1.40%"
"10-04-2026","6,510.00","6,510.00","6,510.00","6,510.00","","0.15%"
"09-04-2026","6,500.00","6,500.00","6,500.00","6,500.00","0.03K","-0.11%"
"08-04-2026","6,507.00","6,507.00","6,507.00","6,507.00","","-0.23%"
"07-04-2026","6,522.00","6,522.00","6,522.00","6,522.00","","0.23%"
"06-04-2026","6,507.00","6,520.00","6,520.00","6,500.00","0.03K","-1.33%"
"02-04-2026","6,595.00","6,595.00","6,595.00","6,595.00","","-0.39%"
"01-04-2026","6,621.00","6,621.00","6,621.00","6,621.00","","-0.85%"
"30-03-2026","6,678.00","6,678.00","6,678.00","6,678.00","","0.29%"
"27-03-2026","6,659.00","6,659.00","6,659.00","6,659.00","","-0.54%"
"25-03-2026","6,695.00","6,695.00","6,695.00","6,695.00","","0.71%"
"24-03-2026","6,648.00","6,648.00","6,648.00","6,648.00","","0.30%"
"23-03-2026","6,628.00","6,628.00","6,628.00","6,628.00","","0.84%"
"20-03-2026","6,573.00","6,548.00","6,598.00","6,521.00","1.44K","0.52%"
"19-03-2026","6,539.00","6,483.00","6,552.00","6,483.00","1.48K","0.80%"
"18-03-2026","6,487.00","6,480.00","6,500.00","6,475.00","2.71K","0.09%"
"17-03-2026","6,481.00","6,490.00","6,501.00","6,454.00","0.92K","-0.06%"
"16-03-2026","6,485.00","6,521.00","6,554.00","6,468.00","1.45K","-0.23%"
"13-03-2026","6,500.00","6,421.00","6,518.00","6,421.00","0.39K","0.49%"
"12-03-2026","6,468.00","6,540.00","6,540.00","6,453.00","0.34K","-0.71%"
"11-03-2026","6,514.00","6,438.00","6,518.00","6,438.00","2.35K","1.10%"
"10-03-2026","6,443.00","6,401.00","6,450.00","6,401.00","0.51K","-0.60%"
"09-03-2026","6,482.00","6,482.00","6,482.00","6,482.00","","1.81%"
"06-03-2026","6,367.00","6,367.00","6,367.00","6,367.00","","0.27%"
"05-03-2026","6,350.00","6,301.00","6,350.00","6,301.00","0.21K","0.79%"
"04-03-2026","6,300.00","6,300.00","6,300.00","6,300.00","0.01K","-0.80%"
"02-03-2026","6,351.00","6,351.00","6,351.00","6,351.00","0.01K","1.10%"
"27-02-2026","6,282.00","6,282.00","6,282.00","6,282.00","0.01K","-0.48%"
"26-02-2026","6,312.00","6,312.00","6,312.00","6,312.00","","-0.58%"
"25-02-2026","6,349.00","6,348.00","6,350.00","6,348.00","0.02K","-0.31%"
"24-02-2026","6,369.00","6,370.00","6,370.00","6,360.00","0.06K","-3.85%"
"23-02-2026","6,624.00","6,624.00","6,624.00","6,624.00","","3.66%"
"20-02-2026","6,390.00","6,386.00","6,400.00","6,364.00","0.77K","-0.14%"
"19-02-2026","6,399.00","6,350.00","6,410.00","6,350.00","0.43K","0.88%"
"18-02-2026","6,343.00","6,416.00","6,416.00","6,310.00","0.99K","-0.89%"
"17-02-2026","6,400.00","6,380.00","6,434.00","6,372.00","1.25K","-0.62%"
"16-02-2026","6,440.00","6,462.00","6,462.00","6,436.00","1.41K","-0.57%"
"13-02-2026","6,477.00","6,430.00","6,483.00","6,430.00","1.41K","0.65%"
"12-02-2026","6,435.00","6,449.00","6,450.00","6,427.00","0.45K","-0.34%"
"11-02-2026","6,457.00","6,520.00","6,520.00","6,440.00","0.90K","-1.15%"
"10-02-2026","6,532.00","6,510.00","6,580.00","6,502.00","1.15K","0.31%"
"09-02-2026","6,512.00","6,512.00","6,512.00","6,512.00","0.01K","0.77%"
"06-02-2026","6,462.00","6,464.00","6,464.00","6,454.00","0.11K","-0.77%"
"05-02-2026","6,512.00","6,512.00","6,512.00","6,512.00","0.03K","-0.03%"
"04-02-2026","6,514.00","6,514.00","6,514.00","6,514.00","0.07K","0.99%"
"03-02-2026","6,450.00","6,450.00","6,450.00","6,450.00","0.10K","0.00%"
"02-02-2026","6,450.00","6,440.00","6,450.00","6,440.00","0.18K","-0.03%"
"01-02-2026","6,452.00","6,452.00","6,452.00","6,452.00","0.01K","-0.45%"
"30-01-2026","6,481.00","6,500.00","6,500.00","6,480.00","0.14K","0.47%"
"29-01-2026","6,451.00","6,448.00","6,454.00","6,448.00","0.07K","-0.45%"
"28-01-2026","6,480.00","6,480.00","6,480.00","6,480.00","0.01K","-0.31%"
"27-01-2026","6,500.00","6,500.00","6,500.00","6,500.00","0.61K","-0.88%"
"23-01-2026","6,558.00","6,558.00","6,558.00","6,558.00","","-0.08%"
"22-01-2026","6,563.00","6,563.00","6,563.00","6,563.00","","-0.44%"
"21-01-2026","6,592.00","6,592.00","6,592.00","6,592.00","","1.43%"
"20-01-2026","6,499.00","6,480.00","6,517.00","6,479.00","0.55K","0.15%"
"19-01-2026","6,489.00","6,457.00","6,490.00","6,419.00","1.68K","-0.17%"
"16-01-2026","6,500.00","6,520.00","6,520.00","6,500.00","0.51K","0.29%"
"14-01-2026","6,481.00","6,485.00","6,508.00","6,475.00","0.16K","-0.92%"
"13-01-2026","6,541.00","6,595.00","6,595.00","6,539.00","0.93K","-1.37%"
"12-01-2026","6,632.00","6,640.00","6,640.00","6,625.00","0.16K","-0.45%"
"09-01-2026","6,662.00","6,670.00","6,675.00","6,660.00","0.37K","0.12%"
"08-01-2026","6,654.00","6,666.00","6,677.00","6,642.00","0.47K","-0.37%"
"07-01-2026","6,679.00","6,630.00","6,680.00","6,630.00","1.43K","0.57%"
"06-01-2026","6,641.00","6,659.00","6,660.00","6,634.00","2.36K","-0.73%"
"05-01-2026","6,690.00","6,685.00","6,690.00","6,685.00","1.03K","0.00%"
"02-01-2026","6,690.00","6,690.00","6,690.00","6,690.00","0.02K","0.13%"
"01-01-2026","6,681.00","6,670.00","6,700.00","6,670.00","0.33K","0.04%"
"31-12-2025","6,678.00","6,700.00","6,700.00","6,670.00","0.19K","-0.37%"
"30-12-2025","6,703.00","6,680.00","6,740.00","6,680.00","0.05K","0.27%"
"29-12-2025","6,685.00","6,680.00","6,690.00","6,680.00","0.04K","-1.09%"
"26-12-2025","6,759.00","6,800.00","6,800.00","6,700.00","0.33K","-0.60%"
"24-12-2025","6,800.00","6,800.00","6,800.00","6,800.00","0.01K","-1.58%"
"23-12-2025","6,909.00","6,909.00","6,909.00","6,909.00","","-0.49%"
"22-12-2025","6,943.00","6,943.00","6,943.00","6,943.00","","0.49%"
"19-12-2025","6,909.00","6,925.00","6,925.00","6,895.00","0.51K","-0.13%"
"18-12-2025","6,918.00","6,860.00","6,937.00","6,860.00","1.41K","0.71%"
"17-12-2025","6,869.00","6,820.00","6,876.00","6,820.00","0.51K","0.15%"
"16-12-2025","6,859.00","6,880.00","6,880.00","6,843.00","0.55K","-0.16%"
"15-12-2025","6,870.00","6,870.00","6,870.00","6,864.00","0.22K","0.04%"
"12-12-2025","6,867.00","6,875.00","6,875.00","6,860.00","0.07K","-0.33%"
"11-12-2025","6,890.00","6,895.00","6,900.00","6,875.00","0.25K","-0.14%"
"10-12-2025","6,900.00","6,900.00","6,900.00","6,900.00","0.08K","0.00%"
"09-12-2025","6,900.00","6,900.00","6,900.00","6,900.00","0.16K","-1.57%"
"08-12-2025","7,010.00","7,010.00","7,010.00","7,010.00","","-0.83%"
"05-12-2025","7,069.00","7,069.00","7,069.00","7,069.00","","-0.38%"
"04-12-2025","7,096.00","7,096.00","7,096.00","7,096.00","0.01K","1.46%"
"03-12-2025","6,994.00","7,088.00","7,088.00","6,900.00","0.01K","0.32%"
"02-12-2025","6,972.00","6,968.00","6,975.00","6,968.00","0.01K","-0.14%"
"01-12-2025","6,982.00","6,982.00","6,982.00","6,982.00","","0.53%"
"28-11-2025","6,945.00","6,945.00","6,945.00","6,945.00","","0.59%"
"27-11-2025","6,904.00","6,904.00","6,904.00","6,904.00","","0.04%"
"26-11-2025","6,901.00","6,901.00","6,901.00","6,901.00","","0.35%"
"25-11-2025","6,877.00","6,877.00","6,877.00","6,877.00","","-0.36%"
"24-11-2025","6,902.00","6,902.00","6,902.00","6,902.00","","0.35%"
"21-11-2025","6,878.00","6,878.00","6,878.00","6,878.00","","-0.26%"
"20-11-2025","6,896.00","6,881.00","6,917.00","6,881.00","0.29K","-0.22%"
"19-11-2025","6,911.00","6,925.00","6,998.00","6,880.00","1.74K","0.01%"
"18-11-2025","6,910.00","6,820.00","6,926.00","6,807.00","1.05K","1.80%"
"17-11-2025","6,788.00","6,760.00","6,818.00","6,760.00","0.11K","0.74%"
"14-11-2025","6,738.00","6,820.00","6,820.00","6,735.00","0.12K","-0.98%"
"13-11-2025","6,805.00","6,788.00","6,837.00","6,788.00","0.03K","-0.22%"
"12-11-2025","6,820.00","6,820.00","6,820.00","6,820.00","0.02K","0.00%"
"11-11-2025","6,820.00","6,800.00","6,848.00","6,800.00","0.09K","0.62%"
"10-11-2025","6,778.00","6,788.00","6,788.00","6,768.00","0.02K","0.68%"
"07-11-2025","6,732.00","6,731.00","6,789.00","6,676.00","0.08K","-0.40%"
"06-11-2025","6,759.00","6,728.00","6,797.00","6,728.00","0.08K","-1.86%"
"04-11-2025","6,887.00","6,887.00","6,887.00","6,887.00","","-0.25%"
"03-11-2025","6,904.00","6,904.00","6,904.00","6,904.00","","1.45%"
"31-10-2025","6,805.00","6,790.00","6,810.00","6,790.00","0.03K","0.19%"
"30-10-2025","6,792.00","6,772.00","6,830.00","6,772.00","0.08K","1.46%"
"29-10-2025","6,694.00","6,690.00","6,698.00","6,690.00","0.01K","-0.46%"
"28-10-2025","6,725.00","6,731.00","6,731.00","6,719.00","0.01K","-1.45%"
"27-10-2025","6,824.00","6,824.00","6,824.00","6,824.00","","0.10%"
"24-10-2025","6,817.00","6,817.00","6,817.00","6,817.00","","-0.53%"
"23-10-2025","6,853.00","6,853.00","6,853.00","6,853.00","","-0.62%"
"21-10-2025","6,896.00","6,896.00","6,896.00","6,896.00","","0.92%"
"20-10-2025","6,833.00","6,913.00","6,914.00","6,828.00","1.83K","0.13%"
"17-10-2025","6,824.00","6,831.00","6,839.00","6,788.00","1.52K","-0.19%"
"16-10-2025","6,837.00","6,745.00","6,848.00","6,745.00","0.60K","1.67%"
"15-10-2025","6,725.00","6,721.00","6,760.00","6,720.00","1.17K","-0.36%"
"14-10-2025","6,749.00","6,780.00","6,780.00","6,740.00","0.31K","-0.47%"
"13-10-2025","6,781.00","6,741.00","6,796.00","6,741.00","0.73K","1.63%"
"10-10-2025","6,672.00","6,640.00","6,674.00","6,637.00","0.18K","0.63%"
"09-10-2025","6,630.00","6,630.00","6,630.00","6,630.00","0.12K","0.00%"
"08-10-2025","6,630.00","6,630.00","6,630.00","6,630.00","0.25K","-0.08%"
"07-10-2025","6,635.00","6,635.00","6,635.00","6,635.00","0.01K","0.82%"
"06-10-2025","6,581.00","6,575.00","6,617.00","6,575.00","0.04K","-0.72%"
"03-10-2025","6,629.00","6,660.00","6,660.00","6,616.00","0.05K","-0.97%"
"01-10-2025","6,694.00","6,676.00","6,730.00","6,661.00","0.19K","0.66%"
"30-09-2025","6,650.00","6,650.00","6,650.00","6,650.00","0.01K","0.65%"
"29-09-2025","6,607.00","6,598.00","6,615.00","6,597.00","0.19K","0.95%"
"26-09-2025","6,545.00","6,548.00","6,548.00","6,540.00","0.15K","-0.58%"
"25-09-2025","6,583.00","6,595.00","6,620.00","6,556.00","0.19K","-0.48%"
"24-09-2025","6,615.00","6,620.00","6,620.00","6,595.00","0.14K","-0.26%"
"23-09-2025","6,632.00","6,632.00","6,632.00","6,632.00","0.01K","-0.50%"
"22-09-2025","6,665.00","6,665.00","6,665.00","6,665.00","0.06K","0.26%"
"19-09-2025","6,648.00","6,665.00","6,668.00","6,642.00","3.93K","-0.48%"
"18-09-2025","6,680.00","6,710.00","6,710.00","6,670.00","0.97K","-0.48%"
"17-09-2025","6,712.00","6,714.00","6,720.00","6,702.00","0.15K","-0.09%"
"16-09-2025","6,718.00","6,710.00","6,726.00","6,710.00","0.51K","-0.18%"
"15-09-2025","6,730.00","6,730.00","6,730.00","6,729.00","0.06K","0.24%"
"12-09-2025","6,714.00","6,693.00","6,747.00","6,693.00","0.69K","-0.37%"
"11-09-2025","6,739.00","6,736.00","6,750.00","6,730.00","0.04K","-0.06%"
"10-09-2025","6,743.00","6,745.00","6,745.00","6,741.00","1.22K","0.09%"
"09-09-2025","6,737.00","6,737.00","6,737.00","6,737.00","","-0.04%"
"08-09-2025","6,740.00","6,740.00","6,740.00","6,740.00","0.03K","0.33%"
"05-09-2025","6,718.00","6,718.00","6,718.00","6,718.00","0.04K","-0.42%"
"04-09-2025","6,746.00","6,746.00","6,746.00","6,746.00","0.01K","0.54%"
"03-09-2025","6,710.00","6,710.00","6,710.00","6,710.00","0.01K","0.12%"
"02-09-2025","6,702.00","6,702.00","6,702.00","6,702.00","0.01K","-0.12%"
"01-09-2025","6,710.00","6,710.00","6,710.00","6,710.00","0.01K","-0.19%"
"29-08-2025","6,723.00","6,723.00","6,723.00","6,723.00","0.01K","-0.62%"
"28-08-2025","6,765.00","6,765.00","6,765.00","6,765.00","","-0.50%"
"26-08-2025","6,799.00","6,799.00","6,799.00","6,799.00","","-0.63%"
"25-08-2025","6,842.00","6,842.00","6,842.00","6,842.00","0.01K","-0.23%"
"22-08-2025","6,858.00","6,858.00","6,858.00","6,858.00","","0.23%"
"21-08-2025","6,842.00","6,842.00","6,842.00","6,842.00","","1.38%"
"20-08-2025","6,749.00","6,718.00","6,755.00","6,696.00","1.51K","0.81%"
"19-08-2025","6,695.00","6,680.00","6,700.00","6,680.00","0.13K","0.34%"
"18-08-2025","6,672.00","6,670.00","6,692.00","6,670.00","0.16K","-0.04%"
"14-08-2025","6,675.00","6,675.00","6,675.00","6,675.00","0.01K","0.23%"
"13-08-2025","6,660.00","6,660.00","6,660.00","6,660.00","0.01K","-0.37%"
"12-08-2025","6,685.00","6,690.00","6,690.00","6,680.00","0.01K","-0.24%"
"11-08-2025","6,701.00","6,701.00","6,701.00","6,701.00","0.01K","-0.43%"
"08-08-2025","6,730.00","6,730.00","6,730.00","6,730.00","0.01K","-0.59%"
"07-08-2025","6,770.00","6,770.00","6,770.00","6,770.00","","0.73%"
"06-08-2025","6,721.00","6,721.00","6,721.00","6,721.00","0.01K","0.00%"
"05-08-2025","6,721.00","6,737.00","6,737.00","6,702.00","0.03K","-0.25%"
"04-08-2025","6,738.00","6,730.00","6,741.00","6,710.00","0.13K","0.13%"
"01-08-2025","6,729.00","6,722.00","6,730.00","6,715.00","0.07K","-0.44%"
"31-07-2025","6,759.00","6,759.00","6,759.00","6,759.00","","0.39%"
"30-07-2025","6,733.00","6,720.00","6,735.00","6,711.00","0.17K","-0.34%"
"29-07-2025","6,756.00","6,751.00","6,780.00","6,750.00","0.04K","-0.43%"
"28-07-2025","6,785.00","6,858.00","6,858.00","6,750.00","0.03K","-0.95%"
"25-07-2025","6,850.00","6,850.00","6,850.00","6,850.00","0.01K","0.00%"
"24-07-2025","6,850.00","6,850.00","6,850.00","6,850.00","0.01K","0.68%"
"23-07-2025","6,804.00","6,804.00","6,804.00","6,804.00","","-0.23%"
"22-07-2025","6,820.00","6,820.00","6,820.00","6,820.00","","-0.03%"
"21-07-2025","6,822.00","6,822.00","6,822.00","6,822.00","","0.00%"
"18-07-2025","6,822.00","6,815.00","6,826.00","6,762.00","3.55K","0.03%"
"17-07-2025","6,820.00","6,825.00","6,825.00","6,807.00","0.51K","-0.26%"
"16-07-2025","6,838.00","6,860.00","6,860.00","6,825.00","0.38K","-0.58%"
"15-07-2025","6,878.00","6,853.00","6,883.00","6,840.00","0.29K","0.16%"
"14-07-2025","6,867.00","6,868.00","6,879.00","6,862.00","0.51K","-0.04%"
"11-07-2025","6,870.00","6,880.00","6,881.00","6,829.00","0.35K","-0.68%"
"10-07-2025","6,917.00","6,918.00","6,938.00","6,891.00","0.05K","-0.62%"
"09-07-2025","6,960.00","7,000.00","7,000.00","6,945.00","0.36K","-0.43%"
"08-07-2025","6,990.00","6,943.00","7,000.00","6,943.00","0.47K","0.69%"
"07-07-2025","6,942.00","6,942.00","6,942.00","6,942.00","","-0.81%"
"04-07-2025","6,999.00","6,990.00","7,020.00","6,990.00","0.14K","-0.43%"
"03-07-2025","7,029.00","7,060.00","7,060.00","7,001.00","0.46K","0.36%"
"02-07-2025","7,004.00","6,990.00","7,039.00","6,977.00","0.76K","0.29%"
"01-07-2025","6,984.00","6,956.00","7,011.00","6,956.00","0.34K","0.13%"
"30-06-2025","6,975.00","6,970.00","6,980.00","6,970.00","0.01K","0.24%"
"27-06-2025","6,958.00","6,958.00","6,958.00","6,958.00","","0.88%"
"26-06-2025","6,897.00","6,897.00","6,897.00","6,897.00","","0.69%"
"25-06-2025","6,850.00","6,850.00","6,850.00","6,850.00","","-0.17%"
"24-06-2025","6,862.00","6,862.00","6,862.00","6,862.00","","-0.03%"
"23-06-2025","6,864.00","6,864.00","6,864.00","6,864.00","","1.40%"
"20-06-2025","6,769.00","6,779.00","6,801.00","6,760.00","2.26K","-0.03%"
"19-06-2025","6,771.00","6,770.00","6,773.00","6,755.00","1.68K","0.33%"
"18-06-2025","6,749.00","6,715.00","6,753.00","6,715.00","0.73K","0.07%"
"17-06-2025","6,744.00","6,765.00","6,773.00","6,736.00","0.96K","-0.31%"
"16-06-2025","6,765.00","6,749.00","6,782.00","6,745.00","1.06K","0.82%"
"13-06-2025","6,710.00","6,681.00","6,731.00","6,681.00","0.26K","-0.09%"
"12-06-2025","6,716.00","6,716.00","6,716.00","6,716.00","0.61K","0.09%"
"11-06-2025","6,710.00","6,710.00","6,710.00","6,710.00","0.13K","0.90%"
"10-06-2025","6,650.00","6,600.00","6,725.00","6,600.00","0.74K","0.93%"
"09-06-2025","6,589.00","6,592.00","6,599.00","6,580.00","0.70K","0.90%"
"06-06-2025","6,530.00","6,530.00","6,530.00","6,530.00","0.15K","-0.23%"
"05-06-2025","6,545.00","6,545.00","6,545.00","6,545.00","0.04K","0.23%"
"04-06-2025","6,530.00","6,515.00","6,530.00","6,515.00","0.14K","0.45%"
"03-06-2025","6,501.00","6,501.00","6,501.00","6,501.00","0.03K","0.32%"
"02-06-2025","6,480.00","6,480.00","6,480.00","6,480.00","0.02K","-0.66%"
"30-05-2025","6,523.00","6,523.00","6,523.00","6,523.00","","-0.23%"
"29-05-2025","6,538.00","6,535.00","6,545.00","6,535.00","0.07K","0.37%"
"28-05-2025","6,514.00","6,514.00","6,514.00","6,514.00","0.01K","0.17%"
"27-05-2025","6,503.00","6,503.00","6,503.00","6,503.00","0.03K","-0.91%"
"26-05-2025","6,563.00","6,563.00","6,563.00","6,563.00","0.01K","1.36%"
"23-05-2025","6,475.00","6,475.00","6,475.00","6,474.00","0.02K","-0.81%"
"22-05-2025","6,528.00","6,528.00","6,528.00","6,528.00","","0.52%"
"21-05-2025","6,494.00","6,494.00","6,494.00","6,494.00","","0.48%"
"20-05-2025","6,463.00","6,505.00","6,518.00","6,460.00","1.08K","-0.63%"
"19-05-2025","6,504.00","6,498.00","6,506.00","6,477.00","0.30K","-0.05%"
"16-05-2025","6,507.00","6,495.00","6,530.00","6,495.00","0.35K","0.12%"
"15-05-2025","6,499.00","6,488.00","6,521.00","6,480.00","0.69K","-0.69%"
"14-05-2025","6,544.00","6,544.00","6,544.00","6,544.00","0.82K","1.61%"
"13-05-2025","6,440.00","6,440.00","6,440.00","6,440.00","0.09K","1.15%"
"12-05-2025","6,367.00","6,367.00","6,367.00","6,367.00","","1.16%"
"09-05-2025","6,294.00","6,294.00","6,294.00","6,294.00","0.01K","-0.19%"
"08-05-2025","6,306.00","6,306.00","6,306.00","6,306.00","","0.27%"
"07-05-2025","6,289.00","6,289.00","6,289.00","6,289.00","","0.08%"
"06-05-2025","6,284.00","6,276.00","6,288.00","6,276.00","0.02K","-0.41%"
"05-05-2025","6,310.00","6,310.00","6,310.00","6,310.00","0.06K","-1.04%"
"02-05-2025","6,376.00","6,376.00","6,376.00","6,376.00","","0.30%"
"30-04-2025","6,357.00","6,357.00","6,357.00","6,357.00","0.03K","-0.53%"
"29-04-2025","6,391.00","6,391.00","6,391.00","6,391.00","","-0.62%"
"28-04-2025","6,431.00","6,460.00","6,460.00","6,402.00","0.01K","0.11%"
"25-04-2025","6,424.00","6,424.00","6,424.00","6,424.00","","0.99%"
"24-04-2025","6,361.00","6,361.00","6,361.00","6,361.00","0.01K","0.13%"
"23-04-2025","6,353.00","6,353.00","6,353.00","6,353.00","","-1.06%"
"22-04-2025","6,421.00","6,421.00","6,421.00","6,421.00","","-0.79%"
"21-04-2025","6,472.00","6,472.00","6,472.00","6,472.00","","0.33%"
"17-04-2025","6,451.00","6,419.00","6,461.00","6,417.00","1.36K","0.55%"
"16-04-2025","6,416.00","6,378.00","6,425.00","6,378.00","0.52K","0.22%"
"15-04-2025","6,402.00","6,410.00","6,461.00","6,393.00","1.28K","-1.31%"
"11-04-2025","6,487.00","6,471.00","6,500.00","6,461.00","0.94K","-0.09%"
"09-04-2025","6,493.00","6,488.00","6,510.00","6,450.00","2.79K","1.01%"
"08-04-2025","6,428.00","6,420.00","6,475.00","6,404.00","11.01K","1.74%"
"07-04-2025","6,318.00","6,300.00","6,360.00","6,300.00","1.82K","-0.66%"
"04-04-2025","6,360.00","6,369.00","6,369.00","6,330.00","0.79K","-1.36%"
"03-04-2025","6,448.00","6,448.00","6,448.00","6,448.00","0.01K","0.11%"
"02-04-2025","6,441.00","6,441.00","6,441.00","6,441.00","","0.61%"
"01-04-2025","6,402.00","6,402.00","6,402.00","6,402.00","","0.08%"
"28-03-2025","6,397.00","6,397.00","6,397.00","6,397.00","","0.22%"
"27-03-2025","6,383.00","6,383.00","6,383.00","6,383.00","","-0.39%"
"26-03-2025","6,408.00","6,408.00","6,408.00","6,408.00","","-0.37%"
"25-03-2025","6,432.00","6,432.00","6,432.00","6,432.00","","0.08%"
"24-03-2025","6,427.00","6,427.00","6,427.00","6,427.00","","1.13%"
"21-03-2025","6,355.00","6,355.00","6,355.00","6,355.00","","0.73%"
"20-03-2025","6,309.00","6,310.00","6,337.00","6,290.00","2.40K","0.08%"
"19-03-2025","6,304.00","6,276.00","6,306.00","6,276.00","1.86K","0.61%"
"18-03-2025","6,266.00","6,247.00","6,300.00","6,247.00","1.16K","0.11%"
"17-03-2025","6,259.00","6,200.00","6,272.00","6,200.00","0.57K","0.34%"
"13-03-2025","6,238.00","6,330.00","6,345.00","6,234.00","0.81K","-1.03%"
"12-03-2025","6,303.00","6,303.00","6,303.00","6,303.00","0.05K","-0.68%"
"11-03-2025","6,346.00","6,325.00","6,348.00","6,325.00","0.41K","0.70%"
"10-03-2025","6,302.00","6,350.00","6,350.00","6,300.00","0.40K","-1.52%"
"07-03-2025","6,399.00","6,400.00","6,400.00","6,375.00","0.43K","0.57%"
"06-03-2025","6,363.00","6,363.00","6,363.00","6,363.00","0.01K","-0.31%"
"05-03-2025","6,383.00","6,380.00","6,385.00","6,380.00","0.01K","1.00%"
"04-03-2025","6,320.00","6,340.00","6,340.00","6,320.00","0.21K","-0.47%"
"03-03-2025","6,350.00","6,370.00","6,370.00","6,330.00","0.46K","-0.75%"
"28-02-2025","6,398.00","6,410.00","6,415.00","6,360.00","0.50K","-0.28%"
"27-02-2025","6,416.00","6,410.00","6,420.00","6,408.00","0.10K","-0.06%"
"25-02-2025","6,420.00","6,429.00","6,450.00","6,418.00","0.32K","0.16%"
"24-02-2025","6,410.00","6,395.00","6,449.00","6,395.00","0.32K","0.00%"
"21-02-2025","6,410.00","6,400.00","6,430.00","6,400.00","0.03K","2.22%"
"20-02-2025","6,271.00","6,257.00","6,309.00","6,250.00","1.21K","-0.38%"
"19-02-2025","6,295.00","6,280.00","6,306.00","6,265.00","1.31K","0.56%"
"18-02-2025","6,260.00","6,209.00","6,270.00","6,209.00","0.39K","-0.48%"
"17-02-2025","6,290.00","6,290.00","6,290.00","6,290.00","","0.98%"
"14-02-2025","6,229.00","6,280.00","6,280.00","6,214.00","0.35K","-0.62%"
"13-02-2025","6,268.00","6,265.00","6,270.00","6,262.00","0.05K","0.00%"
"12-02-2025","6,268.00","6,260.00","6,320.00","6,260.00","0.06K","0.35%"
"11-02-2025","6,246.00","6,220.00","6,250.00","6,186.00","0.24K","-0.60%"
"10-02-2025","6,284.00","6,300.00","6,300.00","6,270.00","0.46K","-0.41%"
"07-02-2025","6,310.00","6,323.00","6,324.00","6,310.00","0.19K","0.37%"
"06-02-2025","6,287.00","6,250.00","6,289.00","6,250.00","0.45K","0.35%"
"05-02-2025","6,265.00","6,250.00","6,269.00","6,240.00","0.30K","0.13%"
"04-02-2025","6,257.00","6,279.00","6,280.00","6,210.00","0.50K","-0.37%"
"03-02-2025","6,280.00","6,280.00","6,280.00","6,280.00","0.03K","0.13%"
"01-02-2025","6,272.00","6,272.00","6,272.00","6,272.00","","1.03%"
"31-01-2025","6,208.00","6,215.00","6,215.00","6,201.00","0.02K","-0.29%"
"30-01-2025","6,226.00","6,250.00","6,260.00","6,213.00","0.78K","-0.81%"
"29-01-2025","6,277.00","6,300.00","6,300.00","6,260.00","0.31K","-0.79%"
"28-01-2025","6,327.00","6,345.00","6,345.00","6,300.00","0.14K","-0.49%"
"27-01-2025","6,358.00","6,363.00","6,363.00","6,353.00","0.05K","-0.09%"
"24-01-2025","6,364.00","6,450.00","6,450.00","6,360.00","0.28K","-1.47%"
"23-01-2025","6,459.00","6,462.00","6,462.00","6,348.00","0.61K","-0.32%"
"22-01-2025","6,480.00","6,480.00","6,480.00","6,480.00","0.02K","0.70%"
"21-01-2025","6,435.00","6,430.00","6,440.00","6,430.00","0.07K","-0.05%"
"20-01-2025","6,438.00","6,440.00","6,445.00","6,403.00","0.45K","0.28%"
"17-01-2025","6,420.00","6,439.00","6,439.00","6,404.00","0.53K","-0.02%"
"16-01-2025","6,421.00","6,401.00","6,429.00","6,391.00","0.65K","0.53%"
"15-01-2025","6,387.00","6,395.00","6,395.00","6,380.00","0.15K","-0.19%"
"14-01-2025","6,399.00","6,380.00","6,410.00","6,380.00","0.32K","-0.14%"
"13-01-2025","6,408.00","6,410.00","6,410.00","6,400.00","0.34K","0.14%"
"10-01-2025","6,399.00","6,400.00","6,410.00","6,380.00","0.06K","0.50%"
"09-01-2025","6,367.00","6,384.00","6,400.00","6,365.00","0.24K","-0.06%"
"08-01-2025","6,371.00","6,382.00","6,400.00","6,350.00","1.00K","-1.42%"
"07-01-2025","6,463.00","6,463.00","6,463.00","6,463.00","","2.12%"
"06-01-2025","6,329.00","6,330.00","6,330.00","6,325.00","0.03K","-1.77%"
"03-01-2025","6,443.00","6,443.00","6,443.00","6,443.00","","-0.40%"
"02-01-2025","6,469.00","6,469.00","6,469.00","6,469.00","0.01K","0.29%"
"01-01-2025","6,450.00","6,450.00","6,450.00","6,450.00","0.02K","0.78%"
"31-12-2024","6,400.00","6,410.00","6,410.00","6,400.00","0.53K","-0.02%"
"30-12-2024","6,401.00","6,400.00","6,410.00","6,400.00","0.31K","-0.68%"
"27-12-2024","6,445.00","6,445.00","6,445.00","6,445.00","","-0.15%"
"26-12-2024","6,455.00","6,455.00","6,455.00","6,455.00","0.01K","0.70%"
"24-12-2024","6,410.00","6,410.00","6,410.00","6,410.00","0.02K","0.05%"
"23-12-2024","6,407.00","6,410.00","6,420.00","6,400.00","0.27K","0.08%"
"20-12-2024","6,402.00","6,360.00","6,414.00","6,360.00","1.22K","0.49%"
"19-12-2024","6,371.00","6,380.00","6,380.00","6,360.00","0.53K","0.20%"
"18-12-2024","6,358.00","6,330.00","6,366.00","6,330.00","0.71K","1.24%"
"17-12-2024","6,280.00","6,265.00","6,333.00","6,260.00","0.05K","-0.68%"
"16-12-2024","6,323.00","6,355.00","6,355.00","6,300.00","0.25K","-0.89%"
"13-12-2024","6,380.00","6,380.00","6,380.00","6,380.00","0.01K","-0.25%"
"12-12-2024","6,396.00","6,381.00","6,433.00","6,381.00","0.24K","0.53%"
"11-12-2024","6,362.00","6,395.00","6,404.00","6,350.00","0.44K","-0.24%"
"10-12-2024","6,377.00","6,377.00","6,379.00","6,369.00","0.15K","-2.39%"
"09-12-2024","6,533.00","6,533.00","6,533.00","6,533.00","","0.42%"
"06-12-2024","6,506.00","6,435.00","6,525.00","6,435.00","0.06K","-0.23%"
"05-12-2024","6,521.00","6,560.00","6,560.00","6,435.00","0.06K","-1.20%"
"04-12-2024","6,600.00","6,610.00","6,610.00","6,600.00","0.21K","-0.30%"
"03-12-2024","6,620.00","6,620.00","6,620.00","6,620.00","0.09K","-0.02%"
"02-12-2024","6,621.00","6,620.00","6,622.00","6,620.00","0.11K","0.11%"
"29-11-2024","6,614.00","6,614.00","6,614.00","6,614.00","","0.23%"
"28-11-2024","6,599.00","6,599.00","6,599.00","6,599.00","","0.06%"
"27-11-2024","6,595.00","6,595.00","6,595.00","6,595.00","","-0.69%"
"26-11-2024","6,641.00","6,641.00","6,641.00","6,641.00","","0.14%"
"25-11-2024","6,632.00","6,632.00","6,632.00","6,632.00","","0.03%"
"22-11-2024","6,630.00","6,630.00","6,630.00","6,630.00","","-1.25%"
"21-11-2024","6,714.00","6,714.00","6,714.00","6,714.00","","0.48%"
"19-11-2024","6,682.00","6,705.00","6,705.00","6,665.00","0.08K","-0.45%"
"18-11-2024","6,712.00","6,746.00","6,746.00","6,698.00","0.14K","-0.53%"
"14-11-2024","6,748.00","6,740.00","6,751.00","6,740.00","0.16K","0.19%"
"13-11-2024","6,735.00","6,696.00","6,735.00","6,696.00","0.50K","0.00%"
"12-11-2024","6,735.00","6,735.00","6,735.00","6,735.00","0.40K","-0.47%"
"11-11-2024","6,767.00","6,999.00","6,999.00","6,735.00","1.85K","-0.28%"
"08-11-2024","6,786.00","6,777.00","6,810.00","6,744.00","0.23K","-0.32%"
"07-11-2024","6,808.00","6,769.00","6,821.00","6,762.00","0.39K","1.14%"
"06-11-2024","6,731.00","6,731.00","6,731.00","6,731.00","0.02K","1.05%"
"05-11-2024","6,661.00","6,661.00","6,661.00","6,661.00","0.01K","-0.15%"
"04-11-2024","6,671.00","6,671.00","6,671.00","6,671.00","0.01K","-1.32%"
"01-11-2024","6,760.00","6,760.00","6,760.00","6,760.00","0.27K","0.13%"
"31-10-2024","6,751.00","6,751.00","6,751.00","6,750.00","0.34K","0.19%"
"30-10-2024","6,738.00","6,738.00","6,738.00","6,738.00","0.03K","0.25%"
"29-10-2024","6,721.00","6,723.00","6,724.00","6,714.00","0.22K","-1.94%"
"28-10-2024","6,854.00","6,854.00","6,854.00","6,854.00","0.02K","0.94%"
"25-10-2024","6,790.00","6,790.00","6,790.00","6,790.00","0.01K","0.58%"
"24-10-2024","6,751.00","6,741.00","6,804.00","6,703.00","0.12K","-0.72%"
"23-10-2024","6,800.00","6,806.00","6,806.00","6,793.00","0.04K","-0.60%"
"22-10-2024","6,841.00","6,831.00","6,850.00","6,831.00","0.02K","-1.47%"
"21-10-2024","6,943.00","7,005.00","7,005.00","6,880.00","0.01K","1.18%"
"18-10-2024","6,862.00","6,918.00","6,936.00","6,855.00","1.35K","-0.87%"
"17-10-2024","6,922.00","6,964.00","6,964.00","6,920.00","0.66K","-0.60%"
"16-10-2024","6,964.00","6,970.00","6,979.00","6,955.00","1.59K","0.20%"
"15-10-2024","6,950.00","6,900.00","6,970.00","6,900.00","0.19K","0.46%"
"14-10-2024","6,918.00","6,901.00","6,988.00","6,901.00","0.46K","0.13%"
"11-10-2024","6,909.00","6,878.00","6,925.00","6,878.00","0.08K","-0.52%"
"10-10-2024","6,945.00","6,960.00","6,960.00","6,930.00","0.01K","-0.33%"
"09-10-2024","6,968.00","6,975.00","6,990.00","6,961.00","1.20K","0.39%"
"08-10-2024","6,941.00","6,920.00","6,959.00","6,920.00","0.84K","0.41%"
"07-10-2024","6,913.00","6,850.00","6,925.00","6,808.00","1.21K","-0.59%"
"04-10-2024","6,954.00","6,970.00","6,971.00","6,850.00","0.44K","-0.69%"
"03-10-2024","7,002.00","7,030.00","7,035.00","6,970.00","0.06K","-0.60%"
"01-10-2024","7,044.00","6,983.00","7,100.00","6,905.00","1.92K","-0.25%"
"30-09-2024","7,062.00","7,040.00","7,070.00","7,022.00","0.57K","0.58%"
"27-09-2024","7,021.00","6,999.00","7,025.00","6,939.00","1.18K","0.89%"
"26-09-2024","6,959.00","6,885.00","7,000.00","6,885.00","0.27K","0.51%"
"25-09-2024","6,924.00","6,924.00","6,924.00","6,924.00","0.01K","2.32%"
"24-09-2024","6,767.00","6,767.00","6,767.00","6,767.00","","0.34%"
"23-09-2024","6,744.00","6,744.00","6,744.00","6,744.00","","2.03%"
"20-09-2024","6,610.00","6,550.00","6,620.00","6,537.00","2.07K","1.30%"
"19-09-2024","6,525.00","6,628.00","6,628.00","6,505.00","6.50K","-1.57%"
"18-09-2024","6,629.00","6,501.00","6,669.00","6,499.00","4.65K","1.24%"
"17-09-2024","6,548.00","6,518.00","6,577.00","6,485.00","1.73K","2.22%"
"16-09-2024","6,406.00","6,400.00","6,413.00","6,400.00","0.04K","2.25%"
"13-09-2024","6,265.00","6,265.00","6,265.00","6,265.00","0.70K","1.06%"
"12-09-2024","6,199.00","6,199.00","6,199.00","6,199.00","0.17K","0.21%"
"11-09-2024","6,186.00","6,186.00","6,186.00","6,186.00","","0.00%"
"10-09-2024","6,186.00","6,186.00","6,186.00","6,186.00","","0.41%"
"09-09-2024","6,161.00","6,130.00","6,231.00","6,015.00","0.05K","-1.64%"
"06-09-2024","6,264.00","6,264.00","6,264.00","6,264.00","","-0.22%"
"05-09-2024","6,278.00","6,278.00","6,278.00","6,278.00","","0.26%"
"04-09-2024","6,262.00","6,262.00","6,262.00","6,262.00","","0.13%"
"03-09-2024","6,254.00","6,254.00","6,254.00","6,254.00","","-0.27%"
"02-09-2024","6,271.00","6,271.00","6,271.00","6,271.00","","-0.48%"
"30-08-2024","6,301.00","6,301.00","6,301.00","6,301.00","","0.46%"
"29-08-2024","6,272.00","6,272.00","6,272.00","6,272.00","","0.93%"
"28-08-2024","6,214.00","6,214.00","6,214.00","6,214.00","","-0.16%"
"27-08-2024","6,224.00","6,224.00","6,224.00","6,224.00","","-0.70%"
"26-08-2024","6,268.00","6,268.00","6,268.00","6,268.00","","-0.57%"
"23-08-2024","6,304.00","6,304.00","6,304.00","6,304.00","","-1.39%"
"22-08-2024","6,393.00","6,393.00","6,393.00","6,393.00","","0.27%"
"21-08-2024","6,376.00","6,376.00","6,376.00","6,376.00","","1.42%"
"20-08-2024","6,287.00","6,300.00","6,324.00","6,272.00","1.04K","-0.05%"
"19-08-2024","6,290.00","6,290.00","6,290.00","6,290.00","0.71K","-0.11%"
"16-08-2024","6,297.00","6,297.00","6,297.00","6,297.00","0.12K","-0.17%"
"14-08-2024","6,308.00","6,308.00","6,308.00","6,308.00","0.03K","0.05%"
"13-08-2024","6,305.00","6,305.00","6,305.00","6,305.00","0.21K","-0.94%"
"12-08-2024","6,365.00","6,365.00","6,365.00","6,365.00","","0.66%"
"09-08-2024","6,323.00","6,323.00","6,323.00","6,323.00","0.11K","0.06%"
"08-08-2024","6,319.00","6,319.00","6,319.00","6,319.00","0.02K","0.00%"
"07-08-2024","6,319.00","6,319.00","6,319.00","6,319.00","","-0.02%"
"06-08-2024","6,320.00","6,215.00","6,530.00","6,215.00","0.05K","-0.11%"
"05-08-2024","6,327.00","6,327.00","6,327.00","6,327.00","0.05K","-0.06%"
"02-08-2024","6,331.00","6,331.00","6,331.00","6,331.00","","-0.11%"
"01-08-2024","6,338.00","6,338.00","6,338.00","6,338.00","0.11K","0.49%"
"31-07-2024","6,307.00","6,307.00","6,307.00","6,307.00","","0.53%"
"30-07-2024","6,274.00","6,274.00","6,274.00","6,274.00","","-0.19%"
"29-07-2024","6,286.00","6,286.00","6,286.00","6,286.00","","0.24%"
"26-07-2024","6,271.00","6,271.00","6,271.00","6,271.00","","-0.76%"
"25-07-2024","6,319.00","6,319.00","6,319.00","6,319.00","","-0.14%"
"24-07-2024","6,328.00","6,328.00","6,328.00","6,328.00","","1.35%"
"23-07-2024","6,244.00","6,244.00","6,244.00","6,244.00","","0.00%"
"22-07-2024","6,244.00","6,244.00","6,244.00","6,244.00","","1.54%"
"19-07-2024","6,149.00","6,160.00","6,160.00","6,140.00","0.36K","-0.84%"
"18-07-2024","6,201.00","6,202.00","6,203.00","6,197.00","1.23K","0.10%"
"16-07-2024","6,195.00","6,222.00","6,222.00","6,180.00","0.32K","-0.71%"
"15-07-2024","6,239.00","6,242.00","6,271.00","6,214.00","0.10K","-0.10%"
"12-07-2024","6,245.00","6,235.00","6,295.00","6,215.00","0.05K","0.35%"
"11-07-2024","6,223.00","6,223.00","6,223.00","6,223.00","","0.73%"
"10-07-2024","6,178.00","6,178.00","6,178.00","6,178.00","0.22K","0.46%"
"09-07-2024","6,150.00","6,150.00","6,150.00","6,150.00","0.01K","0.69%"
"08-07-2024","6,108.00","6,109.00","6,109.00","6,105.00","0.02K","0.86%"
"05-07-2024","6,056.00","6,056.00","6,056.00","6,056.00","","1.25%"
"04-07-2024","5,981.00","5,814.00","5,981.00","5,845.00","","0.10%"
"03-07-2024","5,975.00","5,975.00","5,975.00","5,975.00","","-0.07%"
"02-07-2024","5,979.00","5,979.00","5,979.00","5,979.00","","1.15%"
"01-07-2024","5,911.00","5,911.00","5,911.00","5,911.00","","0.39%"
"28-06-2024","5,888.00","5,814.00","5,888.00","5,845.00","","0.26%"
"27-06-2024","5,873.00","5,814.00","5,873.00","5,845.00","","-0.27%"
"26-06-2024","5,889.00","5,889.00","5,889.00","5,889.00","","0.58%"
"25-06-2024","5,855.00","5,855.00","5,855.00","5,855.00","","-0.73%"
"24-06-2024","5,898.00","5,814.00","5,898.00","5,845.00","","0.20%"
"21-06-2024","5,886.00","5,886.00","5,886.00","5,886.00","","1.00%"
"20-06-2024","5,828.00","5,814.00","5,845.00","5,814.00","1.62K","0.50%"
"19-06-2024","5,799.00","5,815.00","5,820.00","5,788.00","0.14K","-0.55%"
"18-06-2024","5,831.00","5,870.00","5,875.00","5,830.00","0.26K","-1.55%"
"14-06-2024","5,923.00","5,923.00","5,923.00","5,923.00","0.03K","1.47%"
"13-06-2024","5,837.00","5,810.00","5,837.00","5,810.00","","0.46%"
"12-06-2024","5,810.00","5,810.00","5,810.00","5,810.00","0.01K","-0.15%"
"11-06-2024","5,819.00","5,819.00","5,819.00","5,819.00","","-0.21%"
"10-06-2024","5,831.00","5,831.00","5,831.00","5,830.00","0.05K","-0.49%"
"07-06-2024","5,860.00","5,835.00","5,860.00","5,845.00","","0.36%"
"06-06-2024","5,839.00","5,835.00","5,845.00","5,835.00","0.02K","0.67%"
"05-06-2024","5,800.00","5,800.00","5,800.00","5,800.00","0.01K","-0.67%"
"04-06-2024","5,839.00","5,839.00","5,839.00","5,839.00","","-0.51%"
"03-06-2024","5,869.00","5,869.00","5,869.00","5,869.00","","0.05%"
"31-05-2024","5,866.00","5,792.00","5,866.00","5,790.00","","-0.12%"
"30-05-2024","5,873.00","5,873.00","5,873.00","5,873.00","","-0.37%"
"29-05-2024","5,895.00","5,792.00","5,895.00","5,790.00","","0.84%"
"28-05-2024","5,846.00","5,846.00","5,846.00","5,846.00","","0.15%"
"27-05-2024","5,837.00","5,837.00","5,837.00","5,837.00","","-0.03%"
"24-05-2024","5,839.00","5,792.00","5,839.00","5,790.00","","-0.29%"
"23-05-2024","5,856.00","5,856.00","5,856.00","5,856.00","","-0.02%"
"22-05-2024","5,857.00","5,857.00","5,857.00","5,857.00","","0.21%"
"21-05-2024","5,845.00","5,845.00","5,845.00","5,845.00","","0.83%"
"17-05-2024","5,797.00","5,792.00","5,848.00","5,790.00","4.19K","-0.10%"
"16-05-2024","5,803.00","5,740.00","5,821.00","5,740.00","2.46K","1.17%"
"15-05-2024","5,736.00","5,767.00","5,767.00","5,730.00","3.04K","-1.36%"
"14-05-2024","5,815.00","5,829.00","5,861.00","5,799.00","1.78K","-0.24%"
"13-05-2024","5,829.00","5,829.00","5,829.00","5,829.00","0.16K","1.75%"
"10-05-2024","5,729.00","5,729.00","5,729.00","5,729.00","","-0.21%"
"09-05-2024","5,741.00","5,741.00","5,741.00","5,741.00","","-0.26%"
"08-05-2024","5,756.00","5,756.00","5,756.00","5,756.00","","0.84%"
"07-05-2024","5,708.00","5,708.00","5,708.00","5,708.00","","-0.87%"
"06-05-2024","5,758.00","5,758.00","5,758.00","5,758.00","","-1.29%"
"03-05-2024","5,833.00","5,833.00","5,833.00","5,833.00","","0.57%"
"02-05-2024","5,800.00","5,800.00","5,800.00","5,800.00","0.01K","0.10%"
"30-04-2024","5,794.00","5,794.00","5,794.00","5,794.00","","-0.60%"
"29-04-2024","5,829.00","5,829.00","5,829.00","5,829.00","","-0.83%"
"26-04-2024","5,878.00","5,878.00","5,878.00","5,878.00","","-0.32%"
"25-04-2024","5,897.00","5,897.00","5,897.00","5,897.00","","0.29%"
"24-04-2024","5,880.00","5,880.00","5,880.00","5,880.00","","-0.81%"
"23-04-2024","5,928.00","5,928.00","5,928.00","5,928.00","","0.24%"
"22-04-2024","5,914.00","5,914.00","5,914.00","5,914.00","","0.37%"
"19-04-2024","5,892.00","5,890.00","5,949.00","5,861.00","0.55K","0.70%"
"18-04-2024","5,851.00","5,837.00","5,866.00","5,823.00","0.47K","0.19%"
"16-04-2024","5,840.00","5,807.00","5,870.00","5,787.00","0.53K","-0.51%"
"15-04-2024","5,870.00","5,865.00","5,884.00","5,840.00","0.70K","-0.41%"
"12-04-2024","5,894.00","5,800.00","5,920.00","5,781.00","0.48K","0.58%"
"10-04-2024","5,860.00","5,860.00","5,860.00","5,860.00","0.01K","-2.17%"
"09-04-2024","5,990.00","5,990.00","5,990.00","5,990.00","","0.02%"
"08-04-2024","5,989.00","5,989.00","5,989.00","5,989.00","","-1.16%"
"05-04-2024","6,059.00","6,059.00","6,059.00","6,059.00","","-0.44%"
"04-04-2024","6,086.00","6,086.00","6,086.00","6,086.00","","0.16%"
"03-04-2024","6,076.00","6,076.00","6,076.00","6,076.00","","0.38%"
"02-04-2024","6,053.00","6,053.00","6,053.00","6,053.00","","-1.11%"
"01-04-2024","6,121.00","6,121.00","6,121.00","6,121.00","","-0.07%"
"28-03-2024","6,125.00","6,125.00","6,125.00","6,125.00","","-0.02%"
"27-03-2024","6,126.00","6,126.00","6,126.00","6,126.00","","-0.02%"
"26-03-2024","6,127.00","6,127.00","6,127.00","6,127.00","","-0.07%"
"22-03-2024","6,131.00","6,131.00","6,131.00","6,131.00","","0.25%"
"21-03-2024","6,116.00","6,116.00","6,116.00","6,116.00","","2.53%"
"20-03-2024","5,965.00","6,008.00","6,008.00","5,948.00","1.58K","-0.30%"
"19-03-2024","5,983.00","5,947.00","6,010.00","5,937.00","1.16K","1.00%"
"18-03-2024","5,924.00","5,893.00","5,927.00","5,683.00","0.41K","0.08%"
"15-03-2024","5,919.00","5,950.00","5,970.00","5,910.00","0.59K","-0.74%"
"14-03-2024","5,963.00","5,940.00","5,974.00","5,940.00","0.29K","0.35%"
"13-03-2024","5,942.00","5,924.00","5,945.00","5,920.00","0.48K","0.78%"
"12-03-2024","5,896.00","5,870.00","5,900.00","5,870.00","0.27K","-0.14%"
"11-03-2024","5,904.00","5,890.00","5,910.00","5,810.00","1.09K","0.79%"
"07-03-2024","5,858.00","6,051.00","6,051.00","5,830.00","0.79K","-1.26%"
"06-03-2024","5,933.00","5,900.00","5,935.00","5,900.00","2.35K","1.00%"
"05-03-2024","5,874.00","5,846.00","5,894.00","5,846.00","0.24K","0.31%"
"04-03-2024","5,856.00","5,831.00","5,874.00","5,831.00","0.71K","0.26%"
"01-03-2024","5,841.00","5,851.00","5,860.00","5,815.00","0.96K","0.10%"
"29-02-2024","5,835.00","5,863.00","5,878.00","5,790.00","0.67K","-1.47%"
"28-02-2024","5,922.00","5,920.00","5,929.00","5,900.00","0.16K","-0.40%"
"27-02-2024","5,946.00","5,953.00","5,953.00","5,938.00","0.67K","0.78%"
"26-02-2024","5,900.00","5,894.00","5,900.00","5,880.00","0.35K","-1.34%"
"23-02-2024","5,980.00","5,900.00","6,036.00","5,900.00","1.17K","3.01%"
"22-02-2024","5,805.00","5,800.00","5,810.00","5,800.00","0.01K","-1.96%"
"21-02-2024","5,921.00","5,921.00","5,921.00","5,921.00","","2.12%"
"20-02-2024","5,798.00","5,758.00","5,814.00","5,736.00","6.95K","0.40%"
"19-02-2024","5,775.00","5,707.00","5,779.00","5,700.00","4.39K","1.32%"
"16-02-2024","5,700.00","5,700.00","5,704.00","5,689.00","1.08K","-0.11%"
"15-02-2024","5,706.00","5,700.00","5,714.00","5,670.00","2.48K","0.26%"
"14-02-2024","5,691.00","5,652.00","5,703.00","5,652.00","3.01K","0.57%"
"13-02-2024","5,659.00","5,649.00","5,695.00","5,622.00","2.06K","0.53%"
"12-02-2024","5,629.00","5,621.00","5,640.00","5,600.00","3.00K","-0.20%"
"09-02-2024","5,640.00","5,660.00","5,660.00","5,635.00","0.11K","0.00%"
"08-02-2024","5,640.00","5,633.00","5,666.00","5,610.00","1.42K","-0.18%"
"07-02-2024","5,650.00","5,600.00","5,652.00","5,600.00","0.78K","0.95%"
"06-02-2024","5,597.00","5,604.00","5,631.00","5,584.00","0.58K","-0.37%"
"05-02-2024","5,618.00","5,600.00","5,630.00","5,585.00","1.65K","-0.25%"
"02-02-2024","5,632.00","5,660.00","5,661.00","5,613.00","0.83K","-0.44%"
"01-02-2024","5,657.00","5,650.00","5,664.00","5,600.00","0.84K","0.18%"
"31-01-2024","5,647.00","5,706.00","5,706.00","5,550.00","0.44K","-0.53%"
"30-01-2024","5,677.00","5,663.00","5,682.00","5,662.00","0.56K","0.48%"
"29-01-2024","5,650.00","5,692.00","5,692.00","5,635.00","0.77K","-1.60%"
"25-01-2024","5,742.00","5,700.00","5,743.00","5,700.00","0.27K","0.38%"
"24-01-2024","5,720.00","5,721.00","5,734.00","5,709.00","0.78K","-0.69%"
"23-01-2024","5,760.00","5,757.00","5,762.00","5,740.00","1.25K","1.89%"
"19-01-2024","5,653.00","5,673.00","5,696.00","5,647.00","1.79K","-0.19%"
"18-01-2024","5,664.00","5,631.00","5,680.00","5,631.00","2.78K","0.27%"
"17-01-2024","5,649.00","5,665.00","5,680.00","5,634.00","1.85K","-0.04%"
"16-01-2024","5,651.00","5,663.00","5,669.00","5,591.00","2.10K","0.07%"
"15-01-2024","5,647.00","5,662.00","5,678.00","5,633.00","1.04K","-0.49%"
"12-01-2024","5,675.00","5,670.00","5,698.00","5,656.00","1.17K","0.58%"
"11-01-2024","5,642.00","5,645.00","5,665.00","5,623.00","3.29K","-0.05%"
"10-01-2024","5,645.00","5,686.00","5,691.00","5,640.00","0.85K","-0.49%"
"09-01-2024","5,673.00","5,690.00","5,699.00","5,652.00","0.66K","-0.18%"
"08-01-2024","5,683.00","5,687.00","5,720.00","5,602.00","0.70K","-0.99%"
"05-01-2024","5,740.00","5,766.00","5,766.00","5,730.00","0.60K","-0.59%"
"04-01-2024","5,774.00","5,780.00","5,780.00","5,765.00","0.13K","0.72%"
"03-01-2024","5,733.00","5,690.00","5,738.00","5,690.00","0.13K","0.56%"
"02-01-2024","5,701.00","5,661.00","5,725.00","5,661.00","0.69K","0.00%"
"01-01-2024","5,701.00","5,755.00","5,759.00","5,687.00","2.51K","-0.45%"
"29-12-2023","5,727.00","5,737.00","5,740.00","5,700.00","1.12K","-0.50%"
"28-12-2023","5,756.00","5,755.00","5,760.00","5,750.00","0.08K","2.06%"
"27-12-2023","5,640.00","5,663.00","5,718.00","5,601.00","0.08K","-1.45%"
"26-12-2023","5,723.00","5,723.00","5,723.00","5,723.00","","0.05%"
"22-12-2023","5,720.00","5,700.00","5,723.00","5,700.00","0.14K","0.49%"
"21-12-2023","5,692.00","5,686.00","5,755.00","5,656.00","0.08K","-0.07%"
"20-12-2023","5,696.00","5,831.00","5,831.00","5,663.00","3.62K","-1.81%"
"19-12-2023","5,801.00","5,750.00","5,818.00","5,750.00","0.92K","0.80%"
"18-12-2023","5,755.00","5,750.00","5,768.00","5,702.00","1.79K","-0.59%"
"15-12-2023","5,789.00","5,850.00","5,860.00","5,770.00","1.79K","-1.14%"
"14-12-2023","5,856.00","5,890.00","5,899.00","5,842.00","0.44K","0.12%"
"13-12-2023","5,849.00","5,815.00","5,853.00","5,815.00","0.68K","0.34%"
"12-12-2023","5,829.00","5,855.00","5,868.00","5,799.00","1.81K","-0.70%"
"11-12-2023","5,870.00","5,900.00","5,900.00","5,860.00","0.46K","0.32%"
"08-12-2023","5,851.00","5,888.00","5,892.00","5,826.00","0.48K","-0.54%"
"07-12-2023","5,883.00","5,930.00","5,959.00","5,857.00","0.61K","-1.09%"
"06-12-2023","5,948.00","5,880.00","5,951.00","5,880.00","1.08K","1.05%"
"05-12-2023","5,886.00","5,800.00","5,893.00","5,800.00","2.11K","0.98%"
"04-12-2023","5,829.00","5,832.00","5,894.00","5,750.00","3.41K","-0.22%"
"01-12-2023","5,842.00","5,911.00","5,962.00","5,807.00","1.38K","-1.90%"
"30-11-2023","5,955.00","5,955.00","6,000.00","5,899.00","0.47K","-1.00%"
"29-11-2023","6,015.00","6,064.00","6,075.00","5,970.00","0.73K","-0.84%"
"28-11-2023","6,066.00","6,029.00","6,085.00","6,029.00","0.19K","1.13%"
"24-11-2023","5,998.00","5,990.00","6,015.00","5,916.00","0.31K","-0.13%"
"23-11-2023","6,006.00","5,930.00","6,039.00","5,930.00","1.16K","1.80%"
"22-11-2023","5,900.00","5,892.00","5,900.00","5,884.00","0.98K","1.67%"
"21-11-2023","5,803.00","5,803.00","5,803.00","5,803.00","0.01K","-1.56%"
"20-11-2023","5,895.00","5,911.00","5,970.00","5,859.00","2.15K","0.19%"
"17-11-2023","5,884.00","5,860.00","5,900.00","5,838.00","0.49K","-0.36%"
"16-11-2023","5,905.00","5,949.00","5,949.00","5,884.00","0.38K","-0.25%"
"15-11-2023","5,920.00","5,909.00","5,936.00","5,909.00","0.48K","0.71%"
"13-11-2023","5,878.00","5,875.00","5,880.00","5,875.00","0.02K","0.09%"
"10-11-2023","5,873.00","5,873.00","5,873.00","5,873.00","0.04K","0.00%"
"09-11-2023","5,873.00","5,873.00","5,873.00","5,873.00","","-0.05%"
"08-11-2023","5,876.00","5,876.00","5,876.00","5,876.00","","0.44%"
"07-11-2023","5,850.00","5,850.00","5,850.00","5,850.00","","0.22%"
"06-11-2023","5,837.00","5,837.00","5,837.00","5,837.00","","0.46%"
"03-11-2023","5,810.00","5,810.00","5,810.00","5,810.00","","0.57%"
"02-11-2023","5,777.00","5,777.00","5,777.00","5,777.00","","-1.40%"
"01-11-2023","5,859.00","5,859.00","5,859.00","5,859.00","","-0.54%"
"31-10-2023","5,891.00","5,891.00","5,891.00","5,891.00","","0.67%"
"30-10-2023","5,852.00","5,852.00","5,852.00","5,852.00","","-1.65%"
"27-10-2023","5,950.00","5,950.00","5,950.00","5,950.00","","-0.82%"
"26-10-2023","5,999.00","5,999.00","5,999.00","5,999.00","","-0.68%"
"25-10-2023","6,040.00","6,040.00","6,040.00","6,040.00","","0.70%"
"23-10-2023","5,998.00","5,998.00","5,998.00","5,998.00","","0.03%"
"20-10-2023","5,996.00","5,985.00","6,012.00","5,938.00","1.16K","0.32%"
"19-10-2023","5,977.00","5,966.00","5,980.00","5,900.00","0.98K","-0.25%"
"18-10-2023","5,992.00","6,051.00","6,065.00","5,980.00","2.51K","-1.11%"
"17-10-2023","6,059.00","6,112.00","6,118.00","6,039.00","1.01K","-0.48%"
"16-10-2023","6,088.00","6,086.00","6,094.00","6,071.00","0.84K","0.98%"
"13-10-2023","6,029.00","6,071.00","6,120.00","6,004.00","1.43K","-0.28%"
"12-10-2023","6,046.00","6,050.00","6,050.00","6,000.00","0.88K","-0.10%"
"11-10-2023","6,052.00","6,139.00","6,147.00","6,030.00","0.79K","-2.04%"
"10-10-2023","6,178.00","6,178.00","6,178.00","6,178.00","","0.21%"
"09-10-2023","6,165.00","6,165.00","6,165.00","6,165.00","","0.23%"
"06-10-2023","6,151.00","6,200.00","6,200.00","6,140.00","0.10K","-0.15%"
"05-10-2023","6,160.00","6,160.00","6,160.00","6,160.00","0.10K","-0.73%"
"04-10-2023","6,205.00","6,229.00","6,229.00","6,192.00","0.13K","0.81%"
"03-10-2023","6,155.00","6,170.00","6,170.00","6,150.00","0.05K","-1.39%"
"29-09-2023","6,242.00","6,241.00","6,250.00","6,240.00","0.07K","-1.59%"
"28-09-2023","6,343.00","6,343.00","6,343.00","6,343.00","","0.68%"
"27-09-2023","6,300.00","6,300.00","6,300.00","6,300.00","0.04K","0.08%"
"26-09-2023","6,295.00","6,295.00","6,295.00","6,295.00","","0.05%"
"25-09-2023","6,292.00","6,292.00","6,292.00","6,292.00","","-0.30%"
"22-09-2023","6,311.00","6,002.00","6,322.00","6,002.00","0.13K","1.01%"
"21-09-2023","6,248.00","6,248.00","6,248.00","6,248.00","","0.05%"
"20-09-2023","6,245.00","6,245.00","6,245.00","6,245.00","","1.84%"
"18-09-2023","6,132.00","6,152.00","6,152.00","6,080.00","2.15K","-1.38%"
"15-09-2023","6,218.00","6,325.00","6,325.00","6,183.00","2.09K","-2.02%"
"14-09-2023","6,346.00","6,342.00","6,369.00","6,330.00","1.86K","-0.44%"
"13-09-2023","6,374.00","6,365.00","6,400.00","6,351.00","0.32K","-0.33%"
"12-09-2023","6,395.00","6,363.00","6,460.00","6,360.00","0.70K","0.82%"
"11-09-2023","6,343.00","6,300.00","6,380.00","6,300.00","0.59K","-0.27%"
"08-09-2023","6,360.00","6,333.00","6,363.00","6,333.00","0.35K","-0.24%"
"07-09-2023","6,375.00","6,375.00","6,375.00","6,375.00","0.13K","-0.76%"
"06-09-2023","6,424.00","6,430.00","6,430.00","6,415.00","0.04K","0.72%"
"05-09-2023","6,378.00","6,360.00","6,382.00","6,348.00","0.23K","1.87%"
"04-09-2023","6,261.00","6,157.00","6,364.00","6,157.00","0.01K","-2.31%"
"01-09-2023","6,409.00","6,400.00","6,420.00","6,400.00","0.13K","1.17%"
"31-08-2023","6,335.00","6,320.00","6,349.00","6,320.00","0.01K","0.59%"
"30-08-2023","6,298.00","6,298.00","6,298.00","6,298.00","","0.69%"
"29-08-2023","6,255.00","6,255.00","6,255.00","6,255.00","0.01K","-1.03%"
"28-08-2023","6,320.00","6,320.00","6,320.00","6,320.00","0.01K","-1.25%"
"25-08-2023","6,400.00","6,400.00","6,400.00","6,400.00","0.01K","1.09%"
"24-08-2023","6,331.00","6,331.00","6,331.00","6,331.00","","-0.38%"
"23-08-2023","6,355.00","6,355.00","6,355.00","6,355.00","","-0.55%"
"22-08-2023","6,390.00","6,390.00","6,390.00","6,390.00","","-1.04%"
"21-08-2023","6,457.00","6,457.00","6,457.00","6,457.00","","1.03%"
"18-08-2023","6,391.00","6,357.00","6,401.00","6,295.00","0.43K","1.14%"
"17-08-2023","6,319.00","6,311.00","6,336.00","6,283.00","0.14K","0.03%"
"16-08-2023","6,317.00","6,371.00","6,610.00","6,300.00","0.46K","-0.61%"
"14-08-2023","6,356.00","6,319.00","6,366.00","6,300.00","0.18K","1.11%"
"11-08-2023","6,286.00","6,301.00","6,320.00","6,270.00","0.05K","-0.55%"
"10-08-2023","6,321.00","6,321.00","6,321.00","6,321.00","","-0.28%"
"09-08-2023","6,339.00","6,339.00","6,339.00","6,339.00","","-1.06%"
"08-08-2023","6,407.00","6,407.00","6,407.00","6,407.00","","-0.84%"
"07-08-2023","6,461.00","6,461.00","6,461.00","6,461.00","","0.53%"
"04-08-2023","6,427.00","6,427.00","6,427.00","6,427.00","","0.72%"
"03-08-2023","6,381.00","6,381.00","6,381.00","6,381.00","","-0.28%"
"02-08-2023","6,399.00","6,399.00","6,399.00","6,399.00","","-0.99%"
"01-08-2023","6,463.00","6,463.00","6,463.00","6,463.00","","-0.62%"
"31-07-2023","6,503.00","6,503.00","6,503.00","6,503.00","","-0.50%"
"28-07-2023","6,536.00","6,536.00","6,536.00","6,536.00","","0.83%"
"27-07-2023","6,482.00","6,482.00","6,482.00","6,482.00","","-0.64%"
"26-07-2023","6,524.00","6,524.00","6,524.00","6,524.00","","0.59%"
"25-07-2023","6,486.00","6,486.00","6,486.00","6,486.00","0.01K","-1.02%"
"24-07-2023","6,553.00","6,553.00","6,553.00","6,553.00","","0.65%"
"21-07-2023","6,511.00","6,511.00","6,511.00","6,511.00","","0.73%"
"20-07-2023","6,464.00","6,424.00","6,631.00","6,384.00","1.73K","1.38%"
"19-07-2023","6,376.00","6,310.00","6,384.00","6,300.00","1.48K","1.54%"
"18-07-2023","6,279.00","6,293.00","6,305.00","6,212.00","0.52K","-0.02%"
"17-07-2023","6,280.00","6,240.00","6,309.00","6,230.00","0.77K","1.67%"
"14-07-2023","6,177.00","6,132.00","6,219.00","6,132.00","0.08K","0.67%"
"13-07-2023","6,136.00","6,120.00","6,150.00","5,987.00","0.30K","-1.14%"
"12-07-2023","6,207.00","6,207.00","6,207.00","6,207.00","","0.27%"
"11-07-2023","6,190.00","6,190.00","6,190.00","6,190.00","","0.55%"
"10-07-2023","6,156.00","6,156.00","6,156.00","6,156.00","","1.42%"
"07-07-2023","6,070.00","6,080.00","6,080.00","6,060.00","0.01K","0.38%"
"06-07-2023","6,047.00","6,047.00","6,047.00","6,047.00","","-0.21%"
"05-07-2023","6,060.00","6,060.00","6,060.00","6,060.00","","0.17%"
"04-07-2023","6,050.00","6,050.00","6,050.00","6,050.00","","-0.33%"
"03-07-2023","6,070.00","6,070.00","6,070.00","6,070.00","","1.10%"
"30-06-2023","6,004.00","6,004.00","6,004.00","6,004.00","","1.32%"
"28-06-2023","5,926.00","5,926.00","5,926.00","5,926.00","","1.87%"
"27-06-2023","5,817.00","5,817.00","5,817.00","5,817.00","","-0.95%"
"26-06-2023","5,873.00","5,873.00","5,873.00","5,873.00","","0.89%"
"23-06-2023","5,821.00","5,821.00","5,821.00","5,821.00","","-0.41%"
"22-06-2023","5,845.00","5,845.00","5,845.00","5,845.00","","-1.27%"
"21-06-2023","5,920.00","5,920.00","5,920.00","5,920.00","","-0.15%"
"20-06-2023","5,929.00","5,929.00","5,929.00","5,929.00","","-0.30%"
"19-06-2023","5,947.00","5,966.00","5,976.00","5,919.00","0.78K","0.07%"
"16-06-2023","5,943.00","5,896.00","5,961.00","5,890.00","1.08K","1.19%"
"15-06-2023","5,873.00","5,757.00","5,889.00","5,757.00","0.42K","1.43%"
"14-06-2023","5,790.00","5,840.00","5,851.00","5,739.00","0.74K","-0.82%"
"13-06-2023","5,838.00","5,824.00","5,899.00","5,801.00","0.95K","0.62%"
"12-06-2023","5,802.00","5,758.00","5,811.00","5,741.00","0.30K","0.85%"
"09-06-2023","5,753.00","5,680.00","5,780.00","5,675.00","0.48K","1.55%"
"08-06-2023","5,665.00","5,616.00","5,683.00","5,615.00","0.54K","1.49%"
"07-06-2023","5,582.00","5,570.00","5,590.00","5,570.00","0.32K","-0.76%"
"06-06-2023","5,625.00","5,625.00","5,625.00","5,625.00","0.08K","0.36%"
"05-06-2023","5,605.00","5,600.00","5,621.00","5,570.00","0.08K","0.36%"
"02-06-2023","5,585.00","5,550.00","5,599.00","5,549.00","0.20K","0.81%"
"01-06-2023","5,540.00","5,539.00","5,540.00","5,539.00","0.20K","-1.04%"
"31-05-2023","5,598.00","5,604.00","5,615.00","5,576.00","0.08K","-2.12%"
"30-05-2023","5,719.00","5,778.00","5,778.00","5,701.00","0.04K","-1.06%"
"29-05-2023","5,780.00","5,780.00","5,780.00","5,780.00","","0.71%"
"26-05-2023","5,739.00","5,739.00","5,739.00","5,739.00","","-1.71%"
"25-05-2023","5,839.00","5,900.00","5,900.00","5,778.00","0.02K","-0.65%"
"24-05-2023","5,877.00","5,877.00","5,877.00","5,877.00","","-0.20%"
"23-05-2023","5,889.00","5,889.00","5,889.00","5,889.00","","-0.36%"
"22-05-2023","5,910.00","5,910.00","5,910.00","5,910.00","","-0.17%"
"19-05-2023","5,920.00","5,913.00","5,981.00","5,904.00","3.20K","0.34%"
"18-05-2023","5,900.00","5,900.00","5,953.00","5,850.00","1.51K","-0.99%"
"17-05-2023","5,959.00","6,030.00","6,031.00","5,951.00","1.65K","-1.46%"
"16-05-2023","6,047.00","5,980.00","6,069.00","5,900.00","0.97K","1.07%"
"15-05-2023","5,983.00","6,040.00","6,049.00","5,950.00","2.07K","-1.24%"
"12-05-2023","6,058.00","6,060.00","6,095.00","6,045.00","0.93K","-0.13%"
"11-05-2023","6,066.00","6,101.00","6,147.00","6,060.00","1.69K","-1.06%"
"10-05-2023","6,131.00","6,099.00","6,140.00","6,099.00","0.07K","0.76%"
"09-05-2023","6,085.00","6,085.00","6,085.00","6,085.00","","-0.38%"
"08-05-2023","6,108.00","6,108.00","6,108.00","6,108.00","","-1.61%"
"05-05-2023","6,208.00","6,208.00","6,208.00","6,208.00","","-0.37%"
"04-05-2023","6,231.00","6,231.00","6,231.00","6,231.00","","0.97%"
"03-05-2023","6,171.00","6,171.00","6,171.00","6,171.00","","1.63%"
"02-05-2023","6,072.00","6,072.00","6,072.00","6,072.00","","-0.49%"
"28-04-2023","6,102.00","6,102.00","6,102.00","6,102.00","0.01K","-1.12%"
"27-04-2023","6,171.00","6,171.00","6,171.00","6,171.00","","0.73%"
"26-04-2023","6,126.00","6,126.00","6,126.00","6,126.00","","-1.48%"
"25-04-2023","6,218.00","6,218.00","6,218.00","6,218.00","","-1.72%"
"24-04-2023","6,327.00","6,327.00","6,327.00","6,327.00","","-0.99%"
"21-04-2023","6,390.00","6,390.00","6,390.00","6,390.00","","1.36%"
"20-04-2023","6,304.00","6,270.00","6,310.00","6,270.00","0.60K","0.32%"
"19-04-2023","6,284.00","6,231.00","6,306.00","6,231.00","0.62K","-0.17%"
"18-04-2023","6,295.00","6,230.00","6,304.00","6,200.00","0.71K","0.54%"
"17-04-2023","6,261.00","6,210.00","6,268.00","6,200.00","0.18K","-0.57%"
"13-04-2023","6,297.00","6,320.00","6,389.00","6,274.00","0.31K","-0.66%"
"12-04-2023","6,339.00","6,300.00","6,370.00","6,300.00","0.17K","-0.86%"
"11-04-2023","6,394.00","6,394.00","6,394.00","6,394.00","","1.00%"
"10-04-2023","6,331.00","6,331.00","6,331.00","6,331.00","","3.18%"
"06-04-2023","6,136.00","6,136.00","6,136.00","6,136.00","","0.23%"
"05-04-2023","6,122.00","6,122.00","6,122.00","6,122.00","","0.16%"
"03-04-2023","6,112.00","6,112.00","6,112.00","6,112.00","","-0.42%"
"31-03-2023","6,138.00","6,148.00","6,148.00","6,148.00","","-1.13%"
"29-03-2023","6,208.00","6,208.00","6,208.00","6,208.00","","-0.32%"
"28-03-2023","6,228.00","6,228.00","6,228.00","6,228.00","","-0.19%"
"27-03-2023","6,240.00","6,240.00","6,240.00","6,240.00","","-1.70%"
"24-03-2023","6,348.00","6,348.00","6,348.00","6,348.00","","-1.28%"
"23-03-2023","6,430.00","6,430.00","6,430.00","6,430.00","","-3.28%"
"22-03-2023","6,648.00","6,648.00","6,648.00","6,648.00","","0.54%"
"21-03-2023","6,612.00","6,612.00","6,612.00","6,612.00","","4.09%"
"20-03-2023","6,352.00","6,342.00","6,382.00","6,340.00","0.51K","1.89%"
"17-03-2023","6,234.00","6,162.00","6,326.00","6,120.00","0.34K","-0.16%"
"16-03-2023","6,244.00","6,310.00","6,376.00","6,200.00","0.21K","-1.82%"
"15-03-2023","6,360.00","6,352.00","6,360.00","6,342.00","0.30K","-3.72%"
"14-03-2023","6,606.00","6,606.00","6,606.00","6,606.00","","2.96%"
"13-03-2023","6,416.00","6,420.00","6,420.00","6,414.00","0.06K","-2.93%"
"10-03-2023","6,610.00","6,610.00","6,610.00","6,610.00","","2.83%"
"09-03-2023","6,428.00","6,428.00","6,428.00","6,428.00","0.03K","-2.78%"
"08-03-2023","6,612.00","6,612.00","6,612.00","6,612.00","","-0.03%"
"06-03-2023","6,614.00","6,614.00","6,614.00","6,614.00","","-0.06%"
"03-03-2023","6,618.00","6,618.00","6,618.00","6,618.00","","-0.09%"
"02-03-2023","6,624.00","6,624.00","6,624.00","6,624.00","","5.34%"
"01-03-2023","6,288.00","6,288.00","6,288.00","6,288.00","","-5.92%"
"28-02-2023","6,684.00","6,684.00","6,684.00","6,684.00","","-1.09%"
"27-02-2023","6,758.00","6,758.00","6,758.00","6,758.00","","-1.63%"
"24-02-2023","6,870.00","6,870.00","6,870.00","6,870.00","","0.09%"
"23-02-2023","6,864.00","6,864.00","6,864.00","6,864.00","","-0.90%"
"22-02-2023","6,926.00","6,926.00","6,926.00","6,926.00","","-0.94%"
"21-02-2023","6,992.00","6,992.00","6,992.00","6,992.00","","4.48%"
"20-02-2023","6,692.00","6,732.00","6,732.00","6,680.00","0.38K","-1.09%"
"17-02-2023","6,766.00","6,750.00","6,780.00","6,750.00","0.02K","-0.44%"
"16-02-2023","6,796.00","6,830.00","6,830.00","6,790.00","0.06K","-0.26%"
"15-02-2023","6,814.00","6,800.00","6,820.00","6,786.00","0.10K","-1.16%"
"14-02-2023","6,894.00","6,894.00","6,894.00","6,894.00","","-3.98%"
"13-02-2023","7,180.00","7,180.00","7,180.00","7,180.00","","-1.51%"
"10-02-2023","7,290.00","7,290.00","7,290.00","7,290.00","","5.56%"
"09-02-2023","6,906.00","6,920.00","6,920.00","6,892.00","0.03K","-1.20%"
"08-02-2023","6,990.00","6,990.00","6,990.00","6,990.00","","-3.98%"
"07-02-2023","7,280.00","7,280.00","7,280.00","7,280.00","","-0.05%"
"06-02-2023","7,284.00","7,284.00","7,284.00","7,284.00","","-0.03%"
"03-02-2023","7,286.00","7,286.00","7,286.00","7,286.00","","-0.30%"
"02-02-2023","7,308.00","7,308.00","7,308.00","7,308.00","","-0.08%"
"01-02-2023","7,314.00","7,314.00","7,314.00","7,314.00","","4.79%"
"31-01-2023","6,980.00","6,980.00","6,980.00","6,980.00","","0.58%"
"30-01-2023","6,940.00","6,978.00","6,978.00","6,900.00","0.01K","-4.51%"
"27-01-2023","7,268.00","7,268.00","7,268.00","7,268.00","","-0.11%"
"25-01-2023","7,276.00","7,276.00","7,276.00","7,276.00","","-0.36%"
"24-01-2023","7,302.00","7,302.00","7,302.00","7,302.00","","4.02%"
"23-01-2023","7,020.00","7,020.00","7,020.00","7,020.00","0.01K","0.03%"
"20-01-2023","7,018.00","6,986.00","7,024.00","6,958.00","0.42K","0.11%"
"19-01-2023","7,010.00","7,088.00","7,088.00","6,990.00","0.75K","-1.21%"
"18-01-2023","7,096.00","7,100.00","7,104.00","7,052.00","0.56K","0.48%"
"17-01-2023","7,062.00","7,036.00","7,100.00","7,026.00","0.13K","-0.56%"
"16-01-2023","7,102.00","7,200.00","7,202.00","7,100.00","0.24K","0.06%"
"13-01-2023","7,098.00","7,070.00","7,120.00","7,030.00","0.19K","2.07%"
"12-01-2023","6,954.00","6,858.00","7,002.00","6,858.00","0.04K","0.20%"
"11-01-2023","6,940.00","7,000.00","7,000.00","6,832.00","0.15K","-1.70%"
"10-01-2023","7,060.00","7,046.00","7,074.00","7,046.00","0.02K","-3.79%"
"09-01-2023","7,338.00","7,338.00","7,338.00","7,338.00","","4.11%"
"06-01-2023","7,048.00","7,050.00","7,050.00","7,030.00","0.03K","0.77%"
"05-01-2023","6,994.00","6,990.00","7,000.00","6,984.00","0.15K","-1.07%"
"04-01-2023","7,070.00","7,052.00","7,070.00","7,052.00","0.10K","-0.70%"
"03-01-2023","7,120.00","7,100.00","7,148.00","7,100.00","0.14K","0.48%"
"02-01-2023","7,086.00","7,100.00","7,122.00","7,024.00","0.03K","-2.80%"
"30-12-2022","7,290.00","7,290.00","7,290.00","7,290.00","","4.56%"
"29-12-2022","6,972.00","6,964.00","6,980.00","6,964.00","0.01K","0.81%"
"28-12-2022","6,916.00","6,928.00","6,940.00","6,794.00","0.17K","-1.43%"
"27-12-2022","7,016.00","7,028.00","7,046.00","6,988.00","0.05K","-3.94%"
"26-12-2022","7,304.00","7,304.00","7,304.00","7,304.00","","-1.56%"
"23-12-2022","7,420.00","7,420.00","7,420.00","7,420.00","","-0.08%"
"22-12-2022","7,426.00","7,426.00","7,426.00","7,426.00","","0.57%"
"21-12-2022","7,384.00","7,384.00","7,384.00","7,384.00","","3.01%"
"20-12-2022","7,168.00","7,160.00","7,190.00","7,150.00","0.40K","0.14%"
"19-12-2022","7,158.00","7,170.00","7,172.00","7,080.00","1.17K","-1.08%"
"16-12-2022","7,236.00","7,292.00","7,296.00","7,192.00","1.06K","-1.31%"
"15-12-2022","7,332.00","7,266.00","7,344.00","7,266.00","0.19K","0.41%"
"14-12-2022","7,302.00","7,310.00","7,346.00","7,286.00","0.31K","-0.65%"
"13-12-2022","7,350.00","7,374.00","7,380.00","7,330.00","0.06K","-0.68%"
"12-12-2022","7,400.00","7,476.00","7,476.00","7,350.00","0.17K","-0.19%"
"09-12-2022","7,414.00","7,468.00","7,468.00","7,408.00","0.12K","-0.40%"
"08-12-2022","7,444.00","7,448.00","7,448.00","7,440.00","0.03K","0.38%"
"07-12-2022","7,416.00","7,410.00","7,424.00","7,410.00","0.07K","0.11%"
"06-12-2022","7,408.00","7,350.00","7,410.00","7,328.00","0.30K","1.09%"
"05-12-2022","7,328.00","7,324.00","7,344.00","7,312.00","0.21K","-1.82%"
"02-12-2022","7,464.00","7,464.00","7,464.00","7,464.00","","0.62%"
"01-12-2022","7,418.00","7,410.00","7,420.00","7,410.00","0.11K","-0.40%"
"30-11-2022","7,448.00","7,448.00","7,448.00","7,448.00","","0.68%"
"29-11-2022","7,398.00","7,294.00","7,400.00","7,294.00","0.20K","1.34%"
"28-11-2022","7,300.00","7,300.00","7,300.00","7,300.00","0.03K","0.00%"
"25-11-2022","7,300.00","7,318.00","7,334.00","7,300.00","0.15K","0.47%"
"24-11-2022","7,266.00","7,300.00","7,312.00","7,250.00","0.25K","-3.79%"
"23-11-2022","7,552.00","7,552.00","7,552.00","7,552.00","","-0.87%"
"22-11-2022","7,618.00","7,618.00","7,618.00","7,618.00","0.01K","0.00%"
"21-11-2022","7,618.00","7,618.00","7,618.00","7,618.00","","3.28%"
"18-11-2022","7,376.00","7,348.00","7,530.00","7,342.00","0.48K","-0.16%"
"17-11-2022","7,388.00","7,400.00","7,400.00","7,376.00","0.16K","-0.65%"
"16-11-2022","7,436.00","7,332.00","7,440.00","7,320.00","0.53K","1.03%"
"15-11-2022","7,360.00","7,424.00","7,424.00","7,326.00","0.14K","0.35%"
"14-11-2022","7,334.00","7,330.00","7,360.00","7,312.00","0.25K","-0.38%"
"11-11-2022","7,362.00","7,298.00","7,374.00","7,280.00","0.63K","1.63%"
"10-11-2022","7,244.00","7,240.00","7,270.00","7,230.00","0.83K","0.03%"
"09-11-2022","7,242.00","7,194.00","7,254.00","7,194.00","0.12K","-0.47%"
"07-11-2022","7,276.00","7,200.00","7,284.00","7,200.00","0.27K","0.75%"
"04-11-2022","7,222.00","7,114.00","7,248.00","7,114.00","0.26K","0.50%"
"03-11-2022","7,186.00","7,200.00","7,228.00","7,142.00","0.31K","-0.53%"
"02-11-2022","7,224.00","7,138.00","7,248.00","7,120.00","0.43K","2.88%"
"01-11-2022","7,022.00","6,978.00","7,094.00","6,978.00","0.13K","0.77%"
"31-10-2022","6,968.00","6,902.00","6,988.00","6,902.00","0.13K","-0.46%"
"28-10-2022","7,000.00","7,000.00","7,000.00","6,988.00","0.58K","0.00%"
"27-10-2022","7,000.00","7,000.00","7,002.00","6,990.00","0.04K","-3.98%"
"25-10-2022","7,290.00","7,290.00","7,290.00","7,290.00","","5.62%"
"24-10-2022","6,902.00","6,890.00","6,914.00","6,890.00","0.01K","-0.66%"
"21-10-2022","6,948.00","6,730.00","6,998.00","6,730.00","0.05K","-2.66%"
"20-10-2022","7,138.00","7,136.00","7,140.00","7,104.00","0.39K","0.39%"
"19-10-2022","7,110.00","7,120.00","7,128.00","7,080.00","0.11K","0.31%"
"18-10-2022","7,088.00","7,134.00","7,134.00","6,850.00","0.55K","-0.59%"
"17-10-2022","7,130.00","7,130.00","7,138.00","7,110.00","0.08K","-0.17%"
"14-10-2022","7,142.00","7,100.00","7,158.00","7,100.00","0.07K","0.62%"
"13-10-2022","7,098.00","7,090.00","7,110.00","7,090.00","0.09K","0.34%"
"12-10-2022","7,074.00","7,000.00","7,084.00","6,962.00","0.13K","0.31%"
"11-10-2022","7,052.00","7,050.00","7,052.00","7,050.00","0.09K","-0.62%"
"10-10-2022","7,096.00","7,052.00","7,104.00","7,008.00","0.09K","-1.50%"
"07-10-2022","7,204.00","7,200.00","7,244.00","7,198.00","0.10K","0.06%"
"06-10-2022","7,200.00","7,200.00","7,200.00","7,190.00","0.07K","0.00%"
"04-10-2022","7,200.00","7,220.00","7,220.00","7,102.00","0.56K","-0.53%"
"03-10-2022","7,238.00","7,150.00","7,248.00","7,048.00","0.22K","-1.28%"
"30-09-2022","7,332.00","7,348.00","7,350.00","7,330.00","0.13K","0.36%"
"29-09-2022","7,306.00","7,350.00","7,350.00","7,298.00","0.51K","-3.21%"
"28-09-2022","7,548.00","7,548.00","7,548.00","7,548.00","","2.69%"
"27-09-2022","7,350.00","7,348.00","7,350.00","7,348.00","0.11K","-2.47%"
"26-09-2022","7,536.00","7,536.00","7,536.00","7,536.00","","-0.48%"
"23-09-2022","7,572.00","7,572.00","7,572.00","7,572.00","","0.48%"
"22-09-2022","7,536.00","7,536.00","7,536.00","7,536.00","","2.67%"
"21-09-2022","7,340.00","7,340.00","7,340.00","7,340.00","0.03K","-0.30%"
"20-09-2022","7,362.00","7,344.00","7,410.00","7,322.00","0.90K","0.14%"
"19-09-2022","7,352.00","7,346.00","7,362.00","7,346.00","0.02K","-1.18%"
"16-09-2022","7,440.00","7,424.00","7,460.00","7,412.00","0.05K","0.00%"
"15-09-2022","7,440.00","7,442.00","7,476.00","7,418.00","0.05K","-0.08%"
"14-09-2022","7,446.00","7,450.00","7,450.00","7,444.00","0.02K","-0.61%"
"13-09-2022","7,492.00","7,494.00","7,504.00","7,484.00","0.21K","0.40%"
"12-09-2022","7,462.00","7,430.00","7,470.00","7,430.00","0.17K","-0.19%"
"09-09-2022","7,476.00","7,400.00","7,500.00","7,400.00","0.13K","1.16%"
"08-09-2022","7,390.00","7,390.00","7,398.00","7,382.00","0.13K","-0.19%"
"07-09-2022","7,404.00","7,420.00","7,420.00","7,366.00","0.10K","-0.46%"
"06-09-2022","7,438.00","7,472.00","7,472.00","7,420.00","0.21K","0.22%"
"05-09-2022","7,422.00","7,300.00","7,468.00","7,300.00","0.03K","-0.35%"
"02-09-2022","7,448.00","7,448.00","7,448.00","7,448.00","","4.02%"
"01-09-2022","7,160.00","7,120.00","7,250.00","7,120.00","0.08K","-3.45%"
"30-08-2022","7,416.00","7,416.00","7,416.00","7,416.00","","-1.12%"
"29-08-2022","7,500.00","7,500.00","7,500.00","7,500.00","","0.29%"
"26-08-2022","7,478.00","7,450.00","7,490.00","7,450.00","0.02K","0.05%"
"25-08-2022","7,474.00","7,542.00","7,542.00","7,444.00","0.44K","-2.30%"
"24-08-2022","7,650.00","7,650.00","7,650.00","7,650.00","","0.08%"
"23-08-2022","7,644.00","7,644.00","7,644.00","7,644.00","0.41K","0.50%"
"22-08-2022","7,606.00","7,606.00","7,606.00","7,606.00","","-0.21%"
"19-08-2022","7,622.00","7,622.00","7,622.00","7,622.00","","0.32%"
"18-08-2022","7,598.00","7,598.00","7,598.00","7,598.00","","-0.63%"
"17-08-2022","7,646.00","7,660.00","7,848.00","7,602.00","0.59K","0.53%"
"16-08-2022","7,606.00","7,514.00","7,628.00","7,514.00","0.29K","2.15%"
"12-08-2022","7,446.00","7,448.00","7,450.00","7,430.00","0.03K","0.11%"
"11-08-2022","7,438.00","7,438.00","7,438.00","7,438.00","","0.62%"
"10-08-2022","7,392.00","7,392.00","7,392.00","7,392.00","","0.82%"
"08-08-2022","7,332.00","7,332.00","7,332.00","7,332.00","","2.49%"
"05-08-2022","7,154.00","6,926.00","7,380.00","6,926.00","0.01K","-0.64%"
"04-08-2022","7,200.00","7,200.00","7,200.00","7,200.00","0.01K","-0.55%"
"03-08-2022","7,240.00","7,240.00","7,240.00","7,240.00","0.01K","-0.17%"
"02-08-2022","7,252.00","7,252.00","7,252.00","7,252.00","","-1.06%"
"01-08-2022","7,330.00","7,330.00","7,330.00","7,330.00","","-0.76%"
"29-07-2022","7,386.00","7,386.00","7,386.00","7,386.00","","-0.30%"
"28-07-2022","7,408.00","7,408.00","7,408.00","7,408.00","","0.60%"
"27-07-2022","7,364.00","7,364.00","7,364.00","7,364.00","","-0.27%"
"26-07-2022","7,384.00","7,384.00","7,384.00","7,384.00","","1.07%"
"25-07-2022","7,306.00","7,306.00","7,306.00","7,306.00","","-1.08%"
"22-07-2022","7,386.00","7,386.00","7,386.00","7,386.00","","-0.75%"
"21-07-2022","7,442.00","7,442.00","7,442.00","7,442.00","","-0.13%"
"20-07-2022","7,452.00","7,396.00","7,456.00","7,376.00","0.89K","0.87%"
"19-07-2022","7,388.00","7,342.00","7,402.00","7,332.00","0.36K","0.65%"
"18-07-2022","7,340.00","7,274.00","7,346.00","7,204.00","1.07K","0.36%"
"15-07-2022","7,314.00","7,348.00","7,348.00","7,274.00","0.06K","-0.16%"
"14-07-2022","7,326.00","7,352.00","7,352.00","7,292.00","0.21K","-1.32%"
"13-07-2022","7,424.00","7,424.00","7,424.00","7,424.00","0.05K","-0.08%"
"12-07-2022","7,430.00","7,430.00","7,430.00","7,430.00","0.01K","-1.46%"
"11-07-2022","7,540.00","7,540.00","7,738.00","7,340.00","0.08K","0.13%"
"08-07-2022","7,530.00","7,530.00","7,530.00","7,530.00","","0.72%"
"07-07-2022","7,476.00","7,476.00","7,476.00","7,476.00","","-0.24%"
"06-07-2022","7,494.00","7,494.00","7,494.00","7,494.00","","-0.16%"
"05-07-2022","7,506.00","7,506.00","7,506.00","7,506.00","","-0.45%"
"04-07-2022","7,540.00","7,540.00","7,540.00","7,540.00","","-1.05%"
"01-07-2022","7,620.00","7,620.00","7,620.00","7,620.00","","0.32%"
"30-06-2022","7,596.00","7,596.00","7,596.00","7,596.00","","0.98%"
"29-06-2022","7,522.00","7,522.00","7,522.00","7,522.00","","0.91%"
"28-06-2022","7,454.00","7,454.00","7,454.00","7,454.00","","1.36%"
"27-06-2022","7,354.00","7,354.00","7,354.00","7,354.00","","0.27%"
"24-06-2022","7,334.00","7,334.00","7,334.00","7,334.00","","-0.70%"
"23-06-2022","7,386.00","7,386.00","7,386.00","7,386.00","","0.98%"
"22-06-2022","7,314.00","7,314.00","7,314.00","7,314.00","","-0.76%"
"21-06-2022","7,370.00","7,370.00","7,370.00","7,370.00","","1.04%"
"20-06-2022","7,294.00","7,372.00","7,392.00","7,166.00","5.09K","-2.36%"
"17-06-2022","7,470.00","7,466.00","7,474.00","7,466.00","0.05K","-0.37%"
"16-06-2022","7,498.00","7,556.00","7,570.00","7,330.00","1.97K","-0.85%"
"15-06-2022","7,562.00","7,546.00","7,576.00","7,546.00","0.03K","0.29%"
"14-06-2022","7,540.00","7,508.00","7,550.00","7,508.00","0.57K","0.00%"
"13-06-2022","7,540.00","7,540.00","7,540.00","7,540.00","0.01K","-1.62%"
"10-06-2022","7,664.00","7,664.00","7,664.00","7,664.00","0.01K","0.90%"
"09-06-2022","7,596.00","7,596.00","7,596.00","7,596.00","","-0.18%"
"08-06-2022","7,610.00","7,610.00","7,610.00","7,610.00","0.12K","0.42%"
"07-06-2022","7,578.00","7,578.00","7,578.00","7,578.00","0.06K","-0.50%"
"06-06-2022","7,616.00","7,616.00","7,616.00","7,616.00","0.12K","-0.37%"
"03-06-2022","7,644.00","7,644.00","7,644.00","7,644.00","","0.53%"
"02-06-2022","7,604.00","7,604.00","7,604.00","7,604.00","","0.48%"
"01-06-2022","7,568.00","7,568.00","7,568.00","7,568.00","","0.24%"
"31-05-2022","7,550.00","7,550.00","7,550.00","7,550.00","","0.29%"
"30-05-2022","7,528.00","7,528.00","7,528.00","7,528.00","","-2.69%"
"27-05-2022","7,736.00","7,736.00","7,736.00","7,736.00","","-0.67%"
"26-05-2022","7,788.00","7,788.00","7,788.00","7,788.00","","1.78%"
"25-05-2022","7,652.00","7,652.00","7,652.00","7,652.00","","-1.24%"
"24-05-2022","7,748.00","7,748.00","7,748.00","7,748.00","","-0.36%"
"23-05-2022","7,776.00","7,776.00","7,776.00","7,776.00","","0.28%"
"20-05-2022","7,754.00","7,656.00","7,790.00","7,656.00","1.97K","1.76%"
"19-05-2022","7,620.00","7,522.00","7,644.00","7,520.00","3.59K","1.01%"
"18-05-2022","7,544.00","7,572.00","7,604.00","7,500.00","3.90K","-0.68%"
"17-05-2022","7,596.00","7,630.00","7,630.00","7,572.00","1.25K","0.00%"
"16-05-2022","7,596.00","7,540.00","7,662.00","7,540.00","1.96K","1.50%"
"13-05-2022","7,484.00","7,494.00","7,540.00","7,474.00","2.58K","0.59%"
"12-05-2022","7,440.00","7,456.00","7,490.00","7,434.00","2.36K","0.08%"
"11-05-2022","7,434.00","7,440.00","7,440.00","7,420.00","0.03K","0.57%"
"10-05-2022","7,392.00","7,380.00","7,400.00","7,372.00","0.22K","-0.16%"
"09-05-2022","7,404.00","7,406.00","7,426.00","7,390.00","0.44K","0.33%"
"06-05-2022","7,380.00","7,300.00","7,396.00","7,300.00","0.77K","-0.11%"
"05-05-2022","7,388.00","7,500.00","7,500.00","7,370.00","1.15K","-0.99%"
"04-05-2022","7,462.00","7,462.00","7,462.00","7,462.00","","0.03%"
"03-05-2022","7,460.00","7,460.00","7,460.00","7,460.00","","0.00%"
"02-05-2022","7,460.00","7,460.00","7,460.00","7,460.00","","-0.88%"
"29-04-2022","7,526.00","7,526.00","7,526.00","7,526.00","","1.32%"
"28-04-2022","7,428.00","7,428.00","7,428.00","7,428.00","","1.01%"
"27-04-2022","7,354.00","7,354.00","7,354.00","7,354.00","","0.30%"
"26-04-2022","7,332.00","7,332.00","7,332.00","7,332.00","","-0.16%"
"25-04-2022","7,344.00","7,344.00","7,344.00","7,344.00","","-0.14%"
"22-04-2022","7,354.00","7,354.00","7,354.00","7,354.00","","-1.00%"
"21-04-2022","7,428.00","7,428.00","7,428.00","7,428.00","","2.65%"
"20-04-2022","7,236.00","7,200.00","7,242.00","7,170.00","1.09K","0.03%"
"19-04-2022","7,234.00","7,292.00","7,338.00","7,214.00","0.30K","-1.39%"
"18-04-2022","7,336.00","7,332.00","7,356.00","7,320.00","0.06K","0.03%"
"14-04-2022","7,334.00","7,334.00","7,334.00","7,334.00","","0.00%"
"13-04-2022","7,334.00","7,334.00","7,334.00","7,334.00","","1.33%"
"12-04-2022","7,238.00","7,238.00","7,238.00","7,238.00","0.01K","-0.08%"
"11-04-2022","7,244.00","7,244.00","7,244.00","7,244.00","","-0.14%"
"08-04-2022","7,254.00","7,254.00","7,254.00","7,254.00","","-0.11%"
"07-04-2022","7,262.00","7,262.00","7,262.00","7,262.00","","-0.52%"
"06-04-2022","7,300.00","7,300.00","7,300.00","7,300.00","","-1.46%"
"05-04-2022","7,408.00","7,408.00","7,408.00","7,408.00","","-0.78%"
"04-04-2022","7,466.00","7,466.00","7,466.00","7,466.00","","-1.58%"
"01-04-2022","7,586.00","7,586.00","7,586.00","7,586.00","","2.02%"
"31-03-2022","7,436.00","7,436.00","7,436.00","7,436.00","","0.54%"
"30-03-2022","7,396.00","7,396.00","7,396.00","7,396.00","","0.30%"
"29-03-2022","7,374.00","7,374.00","7,374.00","7,374.00","","0.19%"
"28-03-2022","7,360.00","7,360.00","7,360.00","7,360.00","","-0.70%"
"25-03-2022","7,412.00","7,412.00","7,412.00","7,412.00","","-0.86%"
"24-03-2022","7,476.00","7,476.00","7,476.00","7,476.00","","0.16%"
"23-03-2022","7,464.00","7,464.00","7,464.00","7,464.00","","0.46%"
"22-03-2022","7,430.00","7,430.00","7,430.00","7,430.00","","0.84%"
"21-03-2022","7,368.00","7,368.00","7,368.00","7,368.00","","-1.42%"
"18-03-2022","7,474.00","7,474.00","7,474.00","7,474.00","","0.00%"
"17-03-2022","7,474.00","7,474.00","7,474.00","7,474.00","","2.08%"
"16-03-2022","7,322.00","7,274.00","7,330.00","7,206.00","1.38K","0.72%"
"15-03-2022","7,270.00","7,428.00","7,428.00","7,248.00","0.37K","-1.54%"
"14-03-2022","7,384.00","7,426.00","7,426.00","7,360.00","0.15K","-0.27%"
"11-03-2022","7,404.00","7,404.00","7,404.00","7,404.00","0.02K","0.63%"
"10-03-2022","7,358.00","7,380.00","7,380.00","7,338.00","0.07K","-0.57%"
"09-03-2022","7,400.00","7,400.00","7,420.00","7,380.00","0.04K","0.41%"
"08-03-2022","7,370.00","7,388.00","7,388.00","7,350.00","0.05K","-0.67%"
"07-03-2022","7,420.00","7,410.00","7,430.00","7,410.00","0.05K","1.06%"
"04-03-2022","7,342.00","7,342.00","7,342.00","7,342.00","","1.19%"
"03-03-2022","7,256.00","7,256.00","7,256.00","7,256.00","","-1.20%"
"02-03-2022","7,344.00","7,344.00","7,344.00","7,344.00","","3.88%"
"01-03-2022","7,070.00","7,070.00","7,070.00","7,070.00","","0.00%"
"28-02-2022","7,070.00","7,070.00","7,070.00","7,070.00","","1.87%"
"25-02-2022","6,940.00","6,940.00","6,940.00","6,940.00","","-0.83%"
"24-02-2022","6,998.00","6,998.00","6,998.00","6,998.00","0.01K","3.95%"
"23-02-2022","6,732.00","6,732.00","6,732.00","6,732.00","","-1.72%"
"22-02-2022","6,850.00","6,850.00","6,850.00","6,850.00","","-1.75%"
"21-02-2022","6,972.00","6,972.00","6,972.00","6,972.00","","-1.86%"
"18-02-2022","7,104.00","7,100.00","7,200.00","7,016.00","2.26K","0.88%"
"17-02-2022","7,042.00","6,908.00","7,080.00","6,870.00","1.63K","2.35%"
"16-02-2022","6,880.00","6,836.00","6,926.00","6,836.00","1.20K","0.58%"
"15-02-2022","6,840.00","6,830.00","6,862.00","6,718.00","0.90K","0.53%"
"14-02-2022","6,804.00","6,858.00","6,972.00","6,778.00","1.43K","0.06%"
"11-02-2022","6,800.00","6,724.00","6,810.00","6,700.00","0.68K","1.67%"
"10-02-2022","6,688.00","6,636.00","6,702.00","6,618.00","0.51K","1.86%"
"09-02-2022","6,566.00","6,556.00","6,610.00","6,550.00","0.63K","0.77%"
"08-02-2022","6,516.00","6,486.00","6,530.00","6,480.00","0.27K","-0.15%"
"07-02-2022","6,526.00","6,506.00","6,536.00","6,490.00","0.14K","1.46%"
"04-02-2022","6,432.00","6,380.00","6,488.00","6,366.00","0.63K","1.01%"
"03-02-2022","6,368.00","6,360.00","6,370.00","6,340.00","0.14K","-0.03%"
"02-02-2022","6,370.00","6,322.00","6,380.00","6,320.00","0.14K","0.09%"
"01-02-2022","6,364.00","6,390.00","6,390.00","6,328.00","0.09K","0.09%"
"31-01-2022","6,358.00","6,370.00","6,396.00","6,350.00","0.12K","0.06%"
"28-01-2022","6,354.00","6,350.00","6,360.00","6,310.00","0.10K","-0.31%"
"27-01-2022","6,374.00","6,350.00","6,400.00","6,350.00","0.41K","0.06%"
"25-01-2022","6,370.00","6,370.00","6,370.00","6,370.00","","1.85%"
"24-01-2022","6,254.00","6,254.00","6,254.00","6,254.00","","0.48%"
"21-01-2022","6,224.00","6,252.00","6,298.00","6,200.00","0.05K","0.42%"
"20-01-2022","6,198.00","6,198.00","6,254.00","6,166.00","1.01K","-0.70%"
"19-01-2022","6,242.00","6,372.00","6,378.00","6,232.00","0.98K","-1.58%"
"18-01-2022","6,342.00","6,296.00","6,440.00","6,296.00","1.44K","1.05%"
"17-01-2022","6,276.00","6,280.00","6,294.00","6,246.00","0.55K","0.19%"
"14-01-2022","6,264.00","6,304.00","6,326.00","6,240.00","0.64K","-0.10%"
"13-01-2022","6,270.00","6,200.00","6,304.00","6,154.00","0.77K","1.88%"
"12-01-2022","6,154.00","6,108.00","6,162.00","6,080.00","0.93K","1.65%"
"11-01-2022","6,054.00","6,020.00","6,056.00","6,006.00","0.44K","1.58%"
"10-01-2022","5,960.00","5,968.00","6,010.00","5,924.00","0.47K","0.27%"
"07-01-2022","5,944.00","5,976.00","5,976.00","5,926.00","0.20K","-0.83%"
"06-01-2022","5,994.00","5,924.00","6,024.00","5,924.00","0.44K","-0.83%"
"05-01-2022","6,044.00","6,040.00","6,070.00","6,010.00","0.10K","0.70%"
"04-01-2022","6,002.00","5,910.00","6,022.00","5,910.00","0.08K","0.67%"
"03-01-2022","5,962.00","5,916.00","6,000.00","5,910.00","0.10K","1.67%"
"31-12-2021","5,864.00","5,830.00","5,880.00","5,830.00","0.03K","3.31%"
"30-12-2021","5,676.00","5,636.00","5,750.00","5,636.00","0.02K","-2.47%"
"29-12-2021","5,820.00","5,820.00","5,820.00","5,820.00","","1.22%"
"28-12-2021","5,750.00","5,750.00","5,750.00","5,750.00","","2.39%"
"27-12-2021","5,616.00","5,616.00","5,616.00","5,616.00","","0.00%"
"24-12-2021","5,616.00","5,616.00","5,616.00","5,616.00","","0.00%"
"23-12-2021","5,616.00","5,616.00","5,616.00","5,616.00","","0.00%"
"22-12-2021","5,616.00","5,616.00","5,616.00","5,616.00","0.01K","-4.00%"
"21-12-2021","5,850.00","5,850.00","5,850.00","5,850.00","","-2.14%"
"20-12-2021","5,978.00","6,090.00","6,090.00","5,880.00","2.46K","-2.38%"
"17-12-2021","6,124.00","6,178.00","6,204.00","6,090.00","1.56K","-1.00%"
"16-12-2021","6,186.00","6,164.00","6,200.00","6,164.00","0.84K","0.13%"
"15-12-2021","6,178.00","6,174.00","6,224.00","6,168.00","1.23K","-0.45%"
"14-12-2021","6,206.00","6,072.00","6,214.00","6,072.00","0.70K","2.65%"
"13-12-2021","6,046.00","6,276.00","6,314.00","6,036.00","0.81K","-3.82%"
"10-12-2021","6,286.00","6,250.00","6,290.00","6,222.00","0.37K","0.13%"
"09-12-2021","6,278.00","6,420.00","6,420.00","6,252.00","0.60K","-2.97%"
"08-12-2021","6,470.00","6,498.00","6,498.00","6,424.00","0.08K","0.31%"
"07-12-2021","6,450.00","6,452.00","6,460.00","6,430.00","0.09K","-0.46%"
"06-12-2021","6,480.00","6,498.00","6,500.00","6,460.00","0.06K","-0.46%"
"03-12-2021","6,510.00","6,500.00","6,516.00","6,490.00","0.38K","0.22%"
"02-12-2021","6,496.00","6,520.00","6,520.00","6,492.00","0.39K","-0.49%"
"01-12-2021","6,528.00","6,516.00","6,548.00","6,502.00","0.18K","0.31%"
"30-11-2021","6,508.00","6,510.00","6,510.00","6,504.00","0.20K","0.25%"
"29-11-2021","6,492.00","6,440.00","6,520.00","6,438.00","0.20K","-0.64%"
"26-11-2021","6,534.00","6,350.00","6,570.00","6,350.00","0.20K","0.25%"
"25-11-2021","6,518.00","6,490.00","6,560.00","6,490.00","0.03K","-1.98%"
"24-11-2021","6,650.00","6,650.00","6,650.00","6,650.00","0.02K","0.36%"
"23-11-2021","6,626.00","6,626.00","6,626.00","6,626.00","","-0.54%"
"22-11-2021","6,662.00","6,662.00","6,662.00","6,662.00","","2.90%"
"19-11-2021","6,474.00","6,474.00","6,474.00","6,474.00","","0.00%"
"18-11-2021","6,474.00","6,474.00","6,474.00","6,474.00","","0.78%"
"17-11-2021","6,424.00","6,376.00","6,440.00","6,364.00","0.25K","1.07%"
"16-11-2021","6,356.00","6,506.00","6,512.00","6,330.00","0.88K","-2.46%"
"15-11-2021","6,516.00","6,598.00","6,680.00","6,500.00","0.48K","-0.85%"
"12-11-2021","6,572.00","6,572.00","6,572.00","6,572.00","0.19K","-0.27%"
"11-11-2021","6,590.00","6,584.00","6,614.00","6,550.00","0.02K","0.24%"
"10-11-2021","6,574.00","6,620.00","6,620.00","6,560.00","0.35K","-1.17%"
"09-11-2021","6,652.00","6,690.00","6,698.00","6,620.00","0.27K","0.00%"
"08-11-2021","6,652.00","6,598.00","6,678.00","6,598.00","0.13K","0.03%"
"05-11-2021","6,650.00","6,650.00","6,650.00","6,650.00","","0.00%"
"04-11-2021","6,650.00","6,650.00","6,650.00","6,650.00","","1.43%"
"03-11-2021","6,556.00","6,618.00","6,618.00","6,520.00","0.30K","-1.86%"
"02-11-2021","6,680.00","6,680.00","6,680.00","6,680.00","","-0.18%"
"01-11-2021","6,692.00","6,692.00","6,692.00","6,692.00","","0.03%"
"29-10-2021","6,690.00","6,690.00","6,690.00","6,690.00","0.02K","0.06%"
"28-10-2021","6,686.00","6,744.00","6,744.00","6,614.00","0.35K","2.17%"
"27-10-2021","6,544.00","6,510.00","6,680.00","6,510.00","0.08K","-0.24%"
"26-10-2021","6,560.00","6,500.00","6,626.00","6,500.00","0.03K","1.39%"
"25-10-2021","6,470.00","6,470.00","6,470.00","6,470.00","0.01K","-0.46%"
"22-10-2021","6,500.00","6,500.00","6,500.00","6,500.00","0.01K","-0.94%"
"21-10-2021","6,562.00","6,600.00","6,708.00","6,500.00","0.08K","1.74%"
"20-10-2021","6,450.00","6,450.00","6,450.00","6,450.00","0.01K","-0.74%"
"19-10-2021","6,498.00","6,498.00","6,498.00","6,498.00","","0.93%"
"18-10-2021","6,438.00","6,320.00","6,450.00","6,318.00","1.36K","2.78%"
"15-10-2021","6,264.00","6,264.00","6,264.00","6,264.00","","0.00%"
"14-10-2021","6,264.00","6,266.00","6,266.00","6,258.00","0.10K","1.03%"
"13-10-2021","6,200.00","6,258.00","6,258.00","6,190.00","0.08K","-1.24%"
"12-10-2021","6,278.00","6,278.00","6,278.00","6,278.00","0.16K","0.22%"
"11-10-2021","6,264.00","6,264.00","6,264.00","6,264.00","0.03K","-0.57%"
"08-10-2021","6,300.00","6,300.00","6,300.00","6,300.00","","0.93%"
"07-10-2021","6,242.00","6,242.00","6,242.00","6,242.00","0.02K","0.32%"
"06-10-2021","6,222.00","6,222.00","6,222.00","6,222.00","","0.58%"
"05-10-2021","6,186.00","6,186.00","6,186.00","6,186.00","0.01K","-0.13%"
"04-10-2021","6,194.00","6,194.00","6,194.00","6,194.00","","-1.43%"
"01-10-2021","6,284.00","6,284.00","6,284.00","6,284.00","","0.22%"
"30-09-2021","6,270.00","6,270.00","6,270.00","6,270.00","","-1.29%"
"29-09-2021","6,352.00","6,352.00","6,352.00","6,352.00","","1.21%"
"28-09-2021","6,276.00","6,276.00","6,276.00","6,276.00","","-0.13%"
"27-09-2021","6,284.00","6,284.00","6,284.00","6,284.00","","-0.91%"
"24-09-2021","6,342.00","6,342.00","6,342.00","6,342.00","","0.44%"
"23-09-2021","6,314.00","6,314.00","6,314.00","6,314.00","","1.67%"
"22-09-2021","6,210.00","6,210.00","6,210.00","6,210.00","","-0.61%"
"21-09-2021","6,248.00","6,248.00","6,248.00","6,248.00","","-1.79%"
"20-09-2021","6,362.00","6,362.00","6,362.00","6,362.00","","-0.25%"
"17-09-2021","6,378.00","6,386.00","6,402.00","6,354.00","0.75K","-0.19%"
"16-09-2021","6,390.00","6,400.00","6,400.00","6,352.00","0.66K","0.63%"
"15-09-2021","6,350.00","6,304.00","6,398.00","6,304.00","1.44K","0.25%"
"14-09-2021","6,334.00","6,368.00","6,564.00","6,324.00","2.27K","-0.88%"
"13-09-2021","6,390.00","6,374.00","6,420.00","6,356.00","0.23K","-0.87%"
"10-09-2021","6,446.00","6,446.00","6,446.00","6,446.00","","0.00%"
"09-09-2021","6,446.00","6,450.00","6,498.00","6,392.00","0.04K","0.03%"
"08-09-2021","6,444.00","6,410.00","6,450.00","6,410.00","0.08K","2.32%"
"07-09-2021","6,298.00","6,298.00","6,298.00","6,298.00","0.06K","1.38%"
"06-09-2021","6,212.00","6,212.00","6,212.00","6,212.00","0.05K","-0.45%"
"03-09-2021","6,240.00","6,240.00","6,240.00","6,240.00","0.40K","0.58%"
"02-09-2021","6,204.00","6,204.00","6,204.00","6,204.00","","2.24%"
"01-09-2021","6,068.00","6,068.00","6,068.00","6,068.00","","-0.52%"
"31-08-2021","6,100.00","6,100.00","6,100.00","6,100.00","0.01K","-0.78%"
"30-08-2021","6,148.00","6,148.00","6,148.00","6,148.00","","-2.54%"
"27-08-2021","6,308.00","6,308.00","6,308.00","6,308.00","","-3.99%"
"26-08-2021","6,570.00","6,828.00","6,828.00","6,310.00","0.01K","-0.03%"
"25-08-2021","6,572.00","6,572.00","6,572.00","6,572.00","","1.39%"
"24-08-2021","6,482.00","6,482.00","6,482.00","6,482.00","","4.65%"
"23-08-2021","6,194.00","6,194.00","6,194.00","6,194.00","","3.47%"
"20-08-2021","5,986.00","5,992.00","6,040.00","5,938.00","2.08K","-0.37%"
"19-08-2021","6,008.00","6,008.00","6,008.00","6,008.00","","0.00%"
"18-08-2021","6,008.00","5,918.00","6,060.00","5,918.00","4.02K","1.56%"
"17-08-2021","5,916.00","5,890.00","5,934.00","5,866.00","1.00K","-0.44%"
"16-08-2021","5,942.00","5,940.00","6,042.00","5,920.00","0.46K","2.10%"
"13-08-2021","5,820.00","5,820.00","5,820.00","5,820.00","","0.97%"
"12-08-2021","5,764.00","5,764.00","5,764.00","5,764.00","","0.56%"
"11-08-2021","5,732.00","5,732.00","5,732.00","5,732.00","","-0.35%"
"10-08-2021","5,752.00","5,752.00","5,752.00","5,752.00","","0.98%"
"09-08-2021","5,696.00","5,696.00","5,696.00","5,696.00","","0.42%"
"06-08-2021","5,672.00","5,672.00","5,672.00","5,672.00","","-1.25%"
"05-08-2021","5,744.00","5,744.00","5,744.00","5,744.00","","0.21%"
"04-08-2021","5,732.00","5,732.00","5,732.00","5,732.00","","0.24%"
"03-08-2021","5,718.00","5,718.00","5,718.00","5,718.00","","-0.24%"
"02-08-2021","5,732.00","5,732.00","5,732.00","5,732.00","","0.24%"
"30-07-2021","5,718.00","5,718.00","5,718.00","5,718.00","","0.25%"
"29-07-2021","5,704.00","5,704.00","5,704.00","5,704.00","","0.96%"
"28-07-2021","5,650.00","5,650.00","5,650.00","5,650.00","","-0.84%"
"27-07-2021","5,698.00","5,698.00","5,698.00","5,698.00","","-0.45%"
"26-07-2021","5,724.00","5,724.00","5,724.00","5,724.00","","0.42%"
"23-07-2021","5,700.00","5,700.00","5,700.00","5,700.00","0.02K","-1.66%"
"22-07-2021","5,796.00","5,796.00","5,796.00","5,796.00","0.02K","3.95%"
"21-07-2021","5,576.00","5,576.00","5,576.00","5,576.00","","1.05%"
"20-07-2021","5,518.00","5,508.00","5,530.00","5,484.00","1.01K","0.00%"
"19-07-2021","5,518.00","5,526.00","5,556.00","5,496.00","0.51K","0.62%"
"16-07-2021","5,484.00","5,408.00","5,512.00","5,408.00","1.56K","1.67%"
"15-07-2021","5,394.00","5,400.00","5,400.00","5,386.00","0.54K","-0.19%"
"14-07-2021","5,404.00","5,424.00","5,438.00","5,400.00","0.68K","-0.44%"
"13-07-2021","5,428.00","5,428.00","5,432.00","5,420.00","0.31K","0.52%"
"12-07-2021","5,400.00","5,400.00","5,400.00","5,400.00","1.07K","0.71%"
"09-07-2021","5,362.00","5,350.00","5,488.00","5,330.00","0.08K","1.17%"
"08-07-2021","5,300.00","5,300.00","5,300.00","5,300.00","","0.23%"
"07-07-2021","5,288.00","5,288.00","5,288.00","5,288.00","","0.23%"
"06-07-2021","5,276.00","5,276.00","5,276.00","5,276.00","","-0.04%"
"05-07-2021","5,278.00","5,278.00","5,278.00","5,278.00","","-0.71%"
"02-07-2021","5,316.00","5,316.00","5,316.00","5,316.00","","1.53%"
"01-07-2021","5,236.00","5,236.00","5,236.00","5,236.00","","0.61%"
"30-06-2021","5,204.00","5,204.00","5,204.00","5,204.00","","-0.12%"
"29-06-2021","5,210.00","5,210.00","5,210.00","5,210.00","","0.81%"
"28-06-2021","5,168.00","5,168.00","5,168.00","5,168.00","","-0.39%"
"25-06-2021","5,188.00","5,188.00","5,188.00","5,188.00","","0.00%"
"24-06-2021","5,188.00","5,188.00","5,188.00","5,188.00","","-0.61%"
"23-06-2021","5,220.00","5,220.00","5,220.00","5,220.00","","-0.23%"
"22-06-2021","5,232.00","5,232.00","5,232.00","5,232.00","","0.11%"
"21-06-2021","5,226.00","5,226.00","5,226.00","5,226.00","","1.32%"
"18-06-2021","5,158.00","5,156.00","5,180.00","5,148.00","0.69K","0.86%"
"17-06-2021","5,114.00","5,088.00","5,128.00","5,088.00","0.06K","-0.16%"
"16-06-2021","5,122.00","5,128.00","5,130.00","5,110.00","0.05K","-0.70%"
"15-06-2021","5,158.00","5,162.00","5,164.00","5,122.00","0.30K","2.75%"
"14-06-2021","5,020.00","5,018.00","5,050.00","4,988.00","0.03K","-1.38%"
"11-06-2021","5,090.00","5,090.00","5,090.00","5,090.00","","-0.78%"
"10-06-2021","5,130.00","5,130.00","5,130.00","5,130.00","","0.20%"
"09-06-2021","5,120.00","5,120.00","5,120.00","5,120.00","0.01K","-1.01%"
"08-06-2021","5,172.00","5,172.00","5,172.00","5,172.00","","-0.88%"
"07-06-2021","5,218.00","5,218.00","5,218.00","5,218.00","","1.36%"
"04-06-2021","5,148.00","5,148.00","5,148.00","5,148.00","","0.08%"
"03-06-2021","5,144.00","5,144.00","5,144.00","5,144.00","","0.04%"
"02-06-2021","5,142.00","5,142.00","5,142.00","5,142.00","","0.27%"
"01-06-2021","5,128.00","5,128.00","5,128.00","5,128.00","","-0.39%"
"31-05-2021","5,148.00","5,148.00","5,148.00","5,148.00","","-0.77%"
"28-05-2021","5,188.00","5,188.00","5,188.00","5,188.00","","-0.27%"
"27-05-2021","5,202.00","5,202.00","5,202.00","5,202.00","","0.04%"
"26-05-2021","5,200.00","5,200.00","5,200.00","5,200.00","","-0.65%"
"25-05-2021","5,234.00","5,234.00","5,234.00","5,234.00","","1.83%"
"24-05-2021","5,140.00","5,140.00","5,140.00","5,140.00","","-1.49%"
"21-05-2021","5,218.00","5,218.00","5,218.00","5,218.00","","0.77%"
"20-05-2021","5,178.00","5,264.00","5,264.00","5,154.00","0.89K","-1.22%"
"19-05-2021","5,242.00","5,232.00","5,248.00","5,226.00","0.43K","-0.76%"
"18-05-2021","5,282.00","5,322.00","5,322.00","5,184.00","1.70K","-0.49%"
"17-05-2021","5,308.00","5,326.00","5,340.00","5,298.00","1.13K","0.19%"
"14-05-2021","5,298.00","5,298.00","5,306.00","5,282.00","0.41K","-0.67%"
"13-05-2021","5,334.00","5,334.00","5,334.00","5,334.00","","0.00%"
"12-05-2021","5,334.00","5,312.00","5,354.00","5,310.00","0.19K","0.49%"
"11-05-2021","5,308.00","5,308.00","5,308.00","5,308.00","0.01K","-0.19%"
"10-05-2021","5,318.00","5,318.00","5,318.00","5,318.00","0.01K","-0.41%"
"07-05-2021","5,340.00","5,330.00","5,354.00","5,330.00","0.05K","-0.52%"
"06-05-2021","5,368.00","5,368.00","5,368.00","5,368.00","","-0.30%"
"05-05-2021","5,384.00","5,384.00","5,384.00","5,384.00","","0.37%"
"04-05-2021","5,364.00","5,364.00","5,364.00","5,364.00","","1.63%"
"03-05-2021","5,278.00","5,304.00","5,304.00","5,252.00","0.01K","-1.20%"
"30-04-2021","5,342.00","5,342.00","5,342.00","5,342.00","","-1.48%"
"29-04-2021","5,422.00","5,422.00","5,422.00","5,422.00","","0.11%"
"28-04-2021","5,416.00","5,416.00","5,416.00","5,416.00","","0.33%"
"27-04-2021","5,398.00","5,398.00","5,398.00","5,398.00","","2.78%"
"26-04-2021","5,252.00","5,252.00","5,252.00","5,252.00","0.01K","-2.78%"
"23-04-2021","5,402.00","5,402.00","5,402.00","5,402.00","0.01K","-1.92%"
"22-04-2021","5,508.00","5,508.00","5,508.00","5,508.00","","2.80%"
"21-04-2021","5,358.00","5,358.00","5,358.00","5,358.00","","1.32%"
"20-04-2021","5,288.00","5,334.00","5,342.00","5,270.00","0.91K","-0.64%"
"19-04-2021","5,322.00","5,180.00","5,350.00","5,180.00","2.05K","2.11%"
"16-04-2021","5,212.00","5,278.00","5,384.00","5,182.00","2.21K","-0.72%"
"15-04-2021","5,250.00","5,086.00","5,260.00","5,060.00","0.86K","5.17%"
"14-04-2021","4,992.00","4,992.00","4,992.00","4,992.00","","0.00%"
"13-04-2021","4,992.00","4,962.00","5,008.00","4,950.00","0.67K","2.00%"
"12-04-2021","4,894.00","4,930.00","4,932.00","4,878.00","0.46K","-1.29%"
"09-04-2021","4,958.00","4,980.00","4,980.00","4,920.00","0.23K","0.24%"
"08-04-2021","4,946.00","4,954.00","4,954.00","4,940.00","0.39K","-0.64%"
"07-04-2021","4,978.00","4,978.00","4,978.00","4,978.00","","-1.03%"
"06-04-2021","5,030.00","5,098.00","5,098.00","5,004.00","0.02K","-1.60%"
"05-04-2021","5,112.00","5,112.00","5,112.00","5,112.00","","2.24%"
"01-04-2021","5,000.00","5,000.00","5,000.00","5,000.00","","0.89%"
"31-03-2021","4,956.00","4,956.00","4,956.00","4,956.00","","1.47%"
"30-03-2021","4,884.00","4,884.00","4,884.00","4,884.00","","0.33%"
"29-03-2021","4,868.00","4,868.00","4,868.00","4,868.00","","0.00%"
"26-03-2021","4,868.00","4,868.00","4,868.00","4,868.00","","-0.08%"
"25-03-2021","4,872.00","4,872.00","4,872.00","4,872.00","","-1.26%"
"24-03-2021","4,934.00","4,934.00","4,934.00","4,934.00","","-0.08%"
"23-03-2021","4,938.00","4,938.00","4,938.00","4,938.00","","1.86%"
"22-03-2021","4,848.00","4,848.00","4,848.00","4,848.00","","2.58%"
"19-03-2021","4,726.00","4,732.00","4,736.00","4,708.00","1.82K","-0.46%"
"18-03-2021","4,748.00","4,740.00","4,756.00","4,726.00","1.24K","-0.17%"
"17-03-2021","4,756.00","4,780.00","4,780.00","4,730.00","0.41K","-0.92%"
"16-03-2021","4,800.00","4,840.00","4,844.00","4,800.00","0.48K","-0.46%"
"15-03-2021","4,822.00","4,878.00","4,878.00","4,744.00","1.61K","0.67%"
"12-03-2021","4,790.00","4,750.00","4,846.00","4,746.00","0.25K","2.53%"
"10-03-2021","4,672.00","4,674.00","4,678.00","4,666.00","0.03K","0.91%"
"09-03-2021","4,630.00","4,638.00","4,674.00","4,620.00","0.19K","-0.17%"
"08-03-2021","4,638.00","4,584.00","4,642.00","4,580.00","0.45K","2.84%"
"05-03-2021","4,510.00","4,506.00","4,512.00","4,506.00","0.17K","-0.97%"
"04-03-2021","4,554.00","4,580.00","4,580.00","4,510.00","0.07K","-0.22%"
"03-03-2021","4,564.00","4,590.00","4,592.00","4,532.00","0.15K","-0.70%"
"02-03-2021","4,596.00","4,592.00","4,606.00","4,566.00","0.25K","1.28%"
"01-03-2021","4,538.00","4,538.00","4,538.00","4,538.00","","0.80%"
"26-02-2021","4,502.00","4,502.00","4,502.00","4,502.00","","0.49%"
"25-02-2021","4,480.00","4,480.00","4,480.00","4,480.00","","0.72%"
"24-02-2021","4,448.00","4,448.00","4,448.00","4,448.00","","0.54%"
"23-02-2021","4,424.00","4,424.00","4,424.00","4,424.00","","2.22%"
"22-02-2021","4,328.00","4,328.00","4,328.00","4,328.00","","-1.81%"
"19-02-2021","4,408.00","4,408.00","4,408.00","4,408.00","0.02K","-0.14%"
"18-02-2021","4,414.00","4,430.00","4,430.00","4,404.00","0.07K","-0.41%"
"17-02-2021","4,432.00","4,432.00","4,432.00","4,432.00","","0.32%"
"16-02-2021","4,418.00","4,418.00","4,418.00","4,418.00","","-0.94%"
"15-02-2021","4,460.00","4,460.00","4,460.00","4,460.00","0.01K","0.63%"
"12-02-2021","4,432.00","4,432.00","4,432.00","4,432.00","","-0.14%"
"11-02-2021","4,438.00","4,438.00","4,438.00","4,438.00","","0.18%"
"10-02-2021","4,430.00","4,430.00","4,430.00","4,430.00","","-0.18%"
"09-02-2021","4,438.00","4,438.00","4,438.00","4,438.00","","0.00%"
"08-02-2021","4,438.00","4,438.00","4,438.00","4,438.00","","-0.76%"
"05-02-2021","4,472.00","4,472.00","4,472.00","4,472.00","","-0.18%"
"04-02-2021","4,480.00","4,480.00","4,480.00","4,480.00","","0.18%"
"03-02-2021","4,472.00","4,472.00","4,472.00","4,472.00","","0.22%"
"02-02-2021","4,462.00","4,462.00","4,462.00","4,462.00","","0.09%"
"01-02-2021","4,458.00","4,458.00","4,458.00","4,458.00","","-0.22%"
"29-01-2021","4,468.00","4,468.00","4,468.00","4,468.00","","-0.58%"
"28-01-2021","4,494.00","4,494.00","4,494.00","4,494.00","","1.13%"
"27-01-2021","4,444.00","4,444.00","4,444.00","4,444.00","","0.00%"
"25-01-2021","4,444.00","4,444.00","4,444.00","4,444.00","","-1.64%"
"22-01-2021","4,518.00","4,518.00","4,518.00","4,518.00","","0.62%"
"21-01-2021","4,490.00","4,490.00","4,490.00","4,490.00","","1.58%"
"20-01-2021","4,420.00","4,414.00","4,444.00","4,400.00","0.47K","0.00%"
"19-01-2021","4,420.00","4,450.00","4,460.00","4,410.00","0.47K","-1.16%"
"18-01-2021","4,472.00","4,490.00","4,490.00","4,458.00","0.34K","-0.13%"
"15-01-2021","4,478.00","4,470.00","4,490.00","4,470.00","0.18K","-1.45%"
"14-01-2021","4,544.00","4,544.00","4,544.00","4,544.00","","0.13%"
"13-01-2021","4,538.00","4,538.00","4,538.00","4,538.00","","0.44%"
"12-01-2021","4,518.00","4,518.00","4,518.00","4,518.00","","-0.09%"
"11-01-2021","4,522.00","4,522.00","4,522.00","4,522.00","","-0.18%"
"08-01-2021","4,530.00","4,530.00","4,530.00","4,530.00","","0.09%"
"07-01-2021","4,526.00","4,526.00","4,526.00","4,526.00","","-0.22%"
"06-01-2021","4,536.00","4,536.00","4,536.00","4,536.00","","0.80%"
"05-01-2021","4,500.00","4,500.00","4,500.00","4,500.00","","0.49%"
"04-01-2021","4,478.00","4,478.00","4,478.00","4,478.00","","-1.06%"
"01-01-2021","4,526.00","4,526.00","4,526.00","4,526.00","","-0.04%"
"31-12-2020","4,528.00","4,528.00","4,528.00","4,528.00","","0.40%"
"30-12-2020","4,510.00","4,510.00","4,510.00","4,510.00","","1.12%"
"29-12-2020","4,460.00","4,460.00","4,460.00","4,460.00","","0.09%"
"28-12-2020","4,456.00","4,456.00","4,456.00","4,456.00","","-0.85%"
"24-12-2020","4,494.00","4,494.00","4,494.00","4,494.00","","0.81%"
"23-12-2020","4,458.00","4,458.00","4,458.00","4,458.00","","0.59%"
"22-12-2020","4,432.00","4,432.00","4,432.00","4,432.00","","-0.40%"
"21-12-2020","4,450.00","4,450.00","4,450.00","4,450.00","","1.09%"
"18-12-2020","4,402.00","4,484.00","4,486.00","4,380.00","0.74K","-2.35%"
"17-12-2020","4,508.00","4,520.00","4,520.00","4,476.00","0.16K","-0.13%"
"16-12-2020","4,514.00","4,536.00","4,536.00","4,504.00","0.06K","0.76%"
"15-12-2020","4,480.00","4,500.00","4,508.00","4,456.00","0.13K","-0.93%"
"14-12-2020","4,522.00","4,522.00","4,522.00","4,522.00","","-0.62%"
"11-12-2020","4,550.00","4,550.00","4,550.00","4,550.00","","-1.39%"
"10-12-2020","4,614.00","4,614.00","4,614.00","4,614.00","","0.04%"
"09-12-2020","4,612.00","4,612.00","4,612.00","4,612.00","","-0.73%"
"08-12-2020","4,646.00","4,646.00","4,646.00","4,646.00","","-0.30%"
"07-12-2020","4,660.00","4,660.00","4,660.00","4,660.00","","-0.47%"
"04-12-2020","4,682.00","4,682.00","4,682.00","4,682.00","","-0.43%"
"03-12-2020","4,702.00","4,702.00","4,702.00","4,702.00","","1.25%"
"02-12-2020","4,644.00","4,644.00","4,644.00","4,644.00","","-0.21%"
"01-12-2020","4,654.00","4,654.00","4,654.00","4,654.00","","-1.06%"
"27-11-2020","4,704.00","4,704.00","4,704.00","4,704.00","","0.30%"
"26-11-2020","4,690.00","4,690.00","4,690.00","4,690.00","","-1.51%"
"25-11-2020","4,762.00","4,762.00","4,762.00","4,762.00","","1.19%"
"24-11-2020","4,706.00","4,706.00","4,706.00","4,706.00","","-1.63%"
"23-11-2020","4,784.00","4,784.00","4,784.00","4,784.00","","0.04%"
"20-11-2020","4,782.00","4,782.00","4,792.00","4,764.00","1.45K","0.55%"
"19-11-2020","4,756.00","4,690.00","4,758.00","4,690.00","0.77K","1.19%"
"18-11-2020","4,700.00","4,648.00","4,700.00","4,644.00","0.40K","-0.04%"
"17-11-2020","4,702.00","4,726.00","4,726.00","4,660.00","0.04K","-1.30%"
"14-11-2020","4,764.00","4,764.00","4,764.00","4,764.00","","-0.46%"
"13-11-2020","4,786.00","4,786.00","4,786.00","4,786.00","0.02K","0.76%"
"12-11-2020","4,750.00","4,740.00","4,786.00","4,740.00","0.12K","0.34%"
"11-11-2020","4,734.00","4,734.00","4,734.00","4,734.00","","-0.13%"
"10-11-2020","4,740.00","4,740.00","4,740.00","4,740.00","","0.00%"
"09-11-2020","4,740.00","4,690.00","4,754.00","4,690.00","0.06K","0.00%"
"06-11-2020","4,740.00","4,740.00","4,740.00","4,740.00","0.03K","-1.82%"
"05-11-2020","4,828.00","4,828.00","4,828.00","4,828.00","","0.00%"
"04-11-2020","4,828.00","4,828.00","4,828.00","4,828.00","0.01K","1.77%"
"03-11-2020","4,744.00","4,744.00","4,744.00","4,744.00","","2.07%"
"02-11-2020","4,648.00","4,648.00","4,648.00","4,648.00","","0.17%"
"30-10-2020","4,640.00","4,640.00","4,640.00","4,640.00","","1.53%"
"29-10-2020","4,570.00","4,570.00","4,570.00","4,570.00","","1.24%"
"28-10-2020","4,514.00","4,514.00","4,514.00","4,514.00","","-0.35%"
"27-10-2020","4,530.00","4,530.00","4,530.00","4,530.00","","0.89%"
"26-10-2020","4,490.00","4,490.00","4,490.00","4,490.00","","2.93%"
"23-10-2020","4,362.00","4,362.00","4,362.00","4,362.00","","-0.64%"
"22-10-2020","4,390.00","4,390.00","4,390.00","4,390.00","","0.23%"
"21-10-2020","4,380.00","4,380.00","4,380.00","4,380.00","","2.91%"
"20-10-2020","4,256.00","4,258.00","4,274.00","4,228.00","1.37K","-0.19%"
"19-10-2020","4,264.00","4,300.00","4,300.00","4,248.00","1.27K","-0.28%"
"16-10-2020","4,276.00","4,270.00","4,288.00","4,270.00","1.07K","0.09%"
"15-10-2020","4,272.00","4,272.00","4,272.00","4,272.00","0.51K","0.80%"
"14-10-2020","4,238.00","4,238.00","4,238.00","4,238.00","0.01K","-0.19%"
"13-10-2020","4,246.00","4,246.00","4,246.00","4,246.00","0.41K","-0.09%"
"12-10-2020","4,250.00","4,250.00","4,250.00","4,250.00","0.04K","-0.28%"
"09-10-2020","4,262.00","4,262.00","4,262.00","4,262.00","0.05K","0.00%"
"08-10-2020","4,262.00","4,262.00","4,262.00","4,262.00","0.03K","1.38%"
"07-10-2020","4,204.00","4,204.00","4,204.00","4,204.00","0.03K","-1.50%"
"06-10-2020","4,268.00","4,268.00","4,268.00","4,268.00","","-1.07%"
"05-10-2020","4,314.00","4,314.00","4,314.00","4,314.00","","-0.46%"
"01-10-2020","4,334.00","4,334.00","4,334.00","4,334.00","","0.32%"
"30-09-2020","4,320.00","4,320.00","4,320.00","4,320.00","","-0.05%"
"29-09-2020","4,322.00","4,322.00","4,322.00","4,322.00","","0.28%"
"28-09-2020","4,310.00","4,310.00","4,310.00","4,310.00","","0.56%"
"25-09-2020","4,286.00","4,286.00","4,286.00","4,286.00","","0.75%"
"24-09-2020","4,254.00","4,254.00","4,254.00","4,254.00","","-0.19%"
"23-09-2020","4,262.00","4,262.00","4,262.00","4,262.00","","0.52%"
"22-09-2020","4,240.00","4,240.00","4,240.00","4,240.00","","-0.24%"
"21-09-2020","4,250.00","4,250.00","4,250.00","4,250.00","","0.85%"
"18-09-2020","4,214.00","4,170.00","4,230.00","4,166.00","0.78K","0.57%"
"17-09-2020","4,190.00","4,218.00","4,226.00","4,154.00","1.42K","1.21%"
"16-09-2020","4,140.00","4,120.00","4,160.00","4,120.00","0.02K","0.29%"
"15-09-2020","4,128.00","4,128.00","4,128.00","4,128.00","","0.19%"
"14-09-2020","4,120.00","4,120.00","4,120.00","4,120.00","","0.24%"
"11-09-2020","4,110.00","4,110.00","4,110.00","4,110.00","0.01K","0.24%"
"10-09-2020","4,100.00","4,100.00","4,100.00","4,100.00","","0.74%"
"09-09-2020","4,070.00","4,070.00","4,070.00","4,070.00","","0.39%"
"08-09-2020","4,054.00","4,054.00","4,054.00","4,054.00","","-0.44%"
"07-09-2020","4,072.00","4,072.00","4,072.00","4,072.00","","-0.15%"
"04-09-2020","4,078.00","4,078.00","4,078.00","4,078.00","","-0.78%"
"03-09-2020","4,110.00","4,110.00","4,110.00","4,110.00","","-0.39%"
"02-09-2020","4,126.00","4,126.00","4,126.00","4,126.00","","-0.29%"
"01-09-2020","4,138.00","4,138.00","4,138.00","4,138.00","0.01K","0.00%"
"31-08-2020","4,138.00","4,138.00","4,138.00","4,138.00","","0.78%"
"28-08-2020","4,106.00","4,106.00","4,106.00","4,106.00","","-2.24%"
"27-08-2020","4,200.00","4,200.00","4,200.00","4,200.00","0.01K","0.96%"
"26-08-2020","4,160.00","4,160.00","4,160.00","4,160.00","","-0.14%"
"25-08-2020","4,166.00","4,202.00","4,202.00","4,130.00","0.04K","2.11%"
"24-08-2020","4,080.00","4,080.00","4,080.00","4,080.00","","0.64%"
"21-08-2020","4,054.00","4,054.00","4,054.00","4,054.00","","1.10%"
"20-08-2020","4,010.00","4,006.00","4,016.00","4,000.00","0.26K","-0.30%"
"19-08-2020","4,022.00","4,030.00","4,030.00","4,010.00","0.45K","-0.49%"
"18-08-2020","4,042.00","4,050.00","4,052.00","4,022.00","0.52K","0.75%"
"17-08-2020","4,012.00","4,004.00","4,014.00","4,004.00","0.09K","0.80%"
"14-08-2020","3,980.00","3,996.00","3,998.00","3,970.00","0.19K","-0.60%"
"13-08-2020","4,004.00","4,004.00","4,016.00","3,990.00","0.23K","-0.40%"
"12-08-2020","4,020.00","3,978.00","4,030.00","3,978.00","0.24K","0.15%"
"11-08-2020","4,014.00","4,014.00","4,014.00","4,014.00","","-0.59%"
"10-08-2020","4,038.00","4,050.00","4,050.00","4,028.00","0.09K","-0.64%"
"07-08-2020","4,064.00","4,064.00","4,064.00","4,064.00","","0.15%"
"06-08-2020","4,058.00","4,058.00","4,058.00","4,058.00","","0.74%"
"05-08-2020","4,028.00","4,028.00","4,028.00","4,028.00","","-0.44%"
"04-08-2020","4,046.00","4,046.00","4,046.00","4,046.00","","-0.69%"
"03-08-2020","4,074.00","4,074.00","4,074.00","4,074.00","","0.49%"
"31-07-2020","4,054.00","4,054.00","4,054.00","4,054.00","","-0.34%"
"30-07-2020","4,068.00","4,068.00","4,068.00","4,068.00","","1.19%"
"29-07-2020","4,020.00","4,020.00","4,020.00","4,020.00","","-0.74%"
"28-07-2020","4,050.00","4,050.00","4,050.00","4,050.00","","-0.69%"
"27-07-2020","4,078.00","4,078.00","4,078.00","4,078.00","","-0.15%"
"24-07-2020","4,084.00","4,084.00","4,084.00","4,084.00","","0.39%"
"23-07-2020","4,068.00","4,068.00","4,068.00","4,068.00","","0.10%"
"22-07-2020","4,064.00","4,064.00","4,064.00","4,064.00","","-0.15%"
"21-07-2020","4,070.00","4,070.00","4,070.00","4,070.00","","-0.39%"
"20-07-2020","4,086.00","4,086.00","4,086.00","4,086.00","","0.69%"
"17-07-2020","4,058.00","4,044.00","4,076.00","4,030.00","0.67K","0.95%"
"16-07-2020","4,020.00","4,014.00","4,036.00","4,008.00","0.53K","0.00%"
"15-07-2020","4,020.00","4,032.00","4,038.00","4,014.00","0.43K","0.30%"
"14-07-2020","4,008.00","4,002.00","4,032.00","3,990.00","0.42K","-0.69%"
"13-07-2020","4,036.00","4,010.00","4,040.00","4,010.00","0.69K","0.75%"
"10-07-2020","4,006.00","4,010.00","4,030.00","3,986.00","0.57K","-0.40%"
"09-07-2020","4,022.00","4,022.00","4,030.00","4,004.00","0.05K","-0.69%"
"08-07-2020","4,050.00","4,100.00","4,100.00","4,026.00","0.35K","0.00%"
"07-07-2020","4,050.00","4,030.00","4,050.00","4,030.00","0.16K","0.75%"
"06-07-2020","4,020.00","4,020.00","4,020.00","4,020.00","0.06K","0.10%"
"03-07-2020","4,016.00","4,016.00","4,016.00","4,016.00","","0.65%"
"02-07-2020","3,990.00","3,990.00","3,990.00","3,990.00","","0.30%"
"01-07-2020","3,978.00","3,978.00","3,978.00","3,978.00","","1.02%"
"30-06-2020","3,938.00","3,938.00","3,938.00","3,938.00","","-0.46%"
"29-06-2020","3,956.00","3,956.00","3,956.00","3,956.00","","-1.40%"
"26-06-2020","4,012.00","4,012.00","4,012.00","4,012.00","","-0.10%"
"25-06-2020","4,016.00","4,016.00","4,016.00","4,016.00","","0.75%"
"24-06-2020","3,986.00","3,986.00","3,986.00","3,986.00","","0.20%"
"23-06-2020","3,978.00","3,978.00","3,978.00","3,978.00","","0.76%"
"22-06-2020","3,948.00","3,948.00","3,948.00","3,948.00","","1.18%"
"19-06-2020","3,902.00","3,898.00","3,924.00","3,866.00","1.18K","0.41%"
"18-06-2020","3,886.00","3,846.00","3,892.00","3,846.00","0.30K","1.89%"
"17-06-2020","3,814.00","3,794.00","3,834.00","3,790.00","0.45K","0.16%"
"16-06-2020","3,808.00","3,820.00","3,826.00","3,800.00","0.23K","-0.68%"
"15-06-2020","3,834.00","3,834.00","3,834.00","3,832.00","0.01K","0.00%"
"12-06-2020","3,834.00","3,834.00","3,834.00","3,834.00","","-1.24%"
"11-06-2020","3,882.00","3,882.00","3,882.00","3,882.00","","2.05%"
"10-06-2020","3,804.00","3,804.00","3,804.00","3,804.00","","0.48%"
"09-06-2020","3,786.00","3,786.00","3,786.00","3,786.00","0.01K","-0.32%"
"08-06-2020","3,798.00","3,798.00","3,798.00","3,798.00","","1.50%"
"05-06-2020","3,742.00","3,742.00","3,742.00","3,742.00","","0.92%"
"04-06-2020","3,708.00","3,708.00","3,708.00","3,708.00","","-0.59%"
"03-06-2020","3,730.00","3,730.00","3,730.00","3,730.00","","2.42%"
"02-06-2020","3,642.00","3,642.00","3,642.00","3,642.00","","0.17%"
"01-06-2020","3,636.00","3,636.00","3,636.00","3,636.00","","0.44%"
"29-05-2020","3,620.00","3,620.00","3,620.00","3,620.00","","-0.60%"
"28-05-2020","3,642.00","3,642.00","3,642.00","3,642.00","","0.89%"
"27-05-2020","3,610.00","3,610.00","3,610.00","3,610.00","","0.61%"
"26-05-2020","3,588.00","3,588.00","3,588.00","3,588.00","","0.62%"
"22-05-2020","3,566.00","3,566.00","3,566.00","3,566.00","","-0.39%"
"21-05-2020","3,580.00","3,580.00","3,580.00","3,580.00","","-0.06%"
"20-05-2020","3,582.00","3,610.00","3,612.00","3,574.00","1.84K","-0.67%"
"19-05-2020","3,606.00","3,630.00","3,630.00","3,598.00","0.90K","-0.72%"
"18-05-2020","3,632.00","3,650.00","3,676.00","3,620.00","0.66K","-0.06%"
"15-05-2020","3,634.00","3,666.00","3,666.00","3,610.00","0.65K","-1.52%"
"14-05-2020","3,690.00","3,698.00","3,706.00","3,668.00","0.07K","0.82%"
"13-05-2020","3,660.00","3,660.00","3,660.00","3,660.00","","0.05%"
"12-05-2020","3,658.00","3,658.00","3,658.00","3,658.00","","-0.71%"
"11-05-2020","3,684.00","3,684.00","3,684.00","3,684.00","","-0.32%"
"08-05-2020","3,696.00","3,696.00","3,696.00","3,696.00","","-1.12%"
"07-05-2020","3,738.00","3,738.00","3,738.00","3,738.00","","1.19%"
"06-05-2020","3,694.00","3,694.00","3,694.00","3,694.00","","-1.18%"
"05-05-2020","3,738.00","3,738.00","3,738.00","3,738.00","","2.24%"
"04-05-2020","3,656.00","3,656.00","3,656.00","3,656.00","","-1.98%"
"30-04-2020","3,730.00","3,758.00","3,762.00","3,684.00","3.79K","-1.01%"
"29-04-2020","3,768.00","3,798.00","3,812.00","3,758.00","0.69K","-0.37%"
"28-04-2020","3,782.00","3,788.00","3,800.00","3,762.00","1.84K","-0.16%"
"27-04-2020","3,788.00","3,750.00","3,794.00","3,746.00","1.21K","0.80%"
"24-04-2020","3,758.00","3,826.00","3,826.00","3,740.00","2.03K","-1.67%"
"23-04-2020","3,822.00","3,790.00","3,860.00","3,784.00","1.39K","1.00%"
"22-04-2020","3,784.00","3,756.00","3,800.00","3,742.00","1.75K","1.50%"
"21-04-2020","3,728.00","3,764.00","3,800.00","3,714.00","3.95K","-3.17%"
"20-04-2020","3,850.00","3,950.00","3,950.00","3,850.00","2.36K","-3.99%"
"17-04-2020","4,010.00","4,154.00","4,154.00","4,008.00","1.83K","-3.93%"
"16-04-2020","4,174.00","4,106.00","4,182.00","4,090.00","1.59K","2.96%"
"15-04-2020","4,054.00","4,030.00","4,068.00","4,030.00","0.62K","0.60%"
"13-04-2020","4,030.00","4,030.00","4,030.00","4,028.00","0.24K","0.85%"
"09-04-2020","3,996.00","3,996.00","3,996.00","3,996.00","","0.00%"
"08-04-2020","3,996.00","4,000.00","4,000.00","3,990.00","0.01K","1.58%"
"07-04-2020","3,934.00","3,934.00","3,934.00","3,934.00","","0.46%"
"03-04-2020","3,916.00","3,916.00","3,916.00","3,916.00","","-0.05%"
"01-04-2020","3,918.00","3,918.00","3,918.00","3,918.00","","-0.05%"
"31-03-2020","3,920.00","3,920.00","3,920.00","3,920.00","","-0.05%"
"30-03-2020","3,922.00","3,922.00","3,922.00","3,922.00","","-0.10%"
"27-03-2020","3,926.00","3,926.00","3,926.00","3,926.00","","-0.05%"
"26-03-2020","3,928.00","3,928.00","3,928.00","3,928.00","","0.00%"
"25-03-2020","3,928.00","3,928.00","3,928.00","3,928.00","","2.08%"
"24-03-2020","3,848.00","3,848.00","3,848.00","3,848.00","","1.16%"
"23-03-2020","3,804.00","3,804.00","3,804.00","3,804.00","","1.82%"
"20-03-2020","3,736.00","3,700.00","3,756.00","3,700.00","1.21K","0.97%"
"19-03-2020","3,700.00","3,646.00","3,700.00","3,638.00","1.19K","0.27%"
"18-03-2020","3,690.00","3,656.00","3,700.00","3,636.00","2.81K","1.88%"
"17-03-2020","3,622.00","3,698.00","3,722.00","3,610.00","2.17K","-1.47%"
"16-03-2020","3,676.00","3,742.00","3,750.00","3,664.00","1.76K","-2.65%"
"13-03-2020","3,776.00","3,720.00","3,780.00","3,690.00","1.65K","0.11%"
"12-03-2020","3,772.00","3,788.00","3,800.00","3,730.00","1.47K","-0.84%"
"11-03-2020","3,804.00","3,780.00","3,844.00","3,780.00","1.14K","0.42%"
"09-03-2020","3,788.00","3,844.00","3,844.00","3,754.00","1.38K","-2.57%"
"06-03-2020","3,888.00","3,826.00","3,898.00","3,826.00","0.86K","1.94%"
"05-03-2020","3,814.00","3,786.00","3,860.00","3,786.00","1.50K","0.16%"
"04-03-2020","3,808.00","3,766.00","3,826.00","3,766.00","2.06K","0.74%"
"03-03-2020","3,780.00","3,758.00","3,790.00","3,758.00","0.88K","0.85%"
"02-03-2020","3,748.00","3,794.00","3,812.00","3,734.00","0.89K","0.48%"
"28-02-2020","3,730.00","3,734.00","3,772.00","3,700.00","0.98K","-1.22%"
"27-02-2020","3,776.00","3,784.00","3,784.00","3,770.00","0.38K","1.40%"
"26-02-2020","3,724.00","3,786.00","3,790.00","3,692.00","1.04K","-2.97%"
"25-02-2020","3,838.00","3,830.00","3,850.00","3,820.00","1.17K","0.68%"
"24-02-2020","3,812.00","3,870.00","3,872.00","3,810.00","0.47K","-2.80%"
"20-02-2020","3,922.00","3,940.00","3,950.00","3,914.00","0.85K","-0.61%"
"19-02-2020","3,946.00","3,966.00","3,970.00","3,938.00","0.87K","-1.05%"
"18-02-2020","3,988.00","3,942.00","3,990.00","3,914.00","1.13K","1.01%"
"17-02-2020","3,948.00","4,008.00","4,018.00","3,944.00","2.16K","-0.90%"
"14-02-2020","3,984.00","3,912.00","3,994.00","3,912.00","1.69K","1.58%"
"13-02-2020","3,922.00","3,906.00","3,936.00","3,904.00","0.74K","0.05%"
"12-02-2020","3,920.00","3,876.00","3,928.00","3,870.00","0.66K","0.62%"
"11-02-2020","3,896.00","3,862.00","3,906.00","3,862.00","0.34K","-0.26%"
"10-02-2020","3,906.00","3,902.00","3,920.00","3,860.00","1.20K","0.10%"
"07-02-2020","3,902.00","3,910.00","3,920.00","3,894.00","0.73K","-0.10%"
"06-02-2020","3,906.00","3,930.00","3,978.00","3,898.00","0.66K","-1.36%"
"05-02-2020","3,960.00","3,890.00","3,960.00","3,870.00","0.68K","1.54%"
"04-02-2020","3,900.00","3,922.00","3,922.00","3,880.00","0.99K","-1.27%"
"03-02-2020","3,950.00","3,960.00","3,960.00","3,918.00","0.30K","-0.95%"
"01-02-2020","3,988.00","4,000.00","4,000.00","3,952.00","0.09K","0.20%"
"31-01-2020","3,980.00","3,968.00","3,988.00","3,938.00","0.48K","-0.65%"
"30-01-2020","4,006.00","4,038.00","4,038.00","3,958.00","0.20K","-0.40%"
"29-01-2020","4,022.00","4,030.00","4,030.00","4,018.00","0.18K","-0.40%"
"28-01-2020","4,038.00","3,996.00","4,050.00","3,996.00","0.85K","0.60%"
"27-01-2020","4,014.00","4,074.00","4,086.00","4,000.00","0.44K","-1.67%"
"24-01-2020","4,082.00","4,092.00","4,100.00","4,064.00","0.49K","-0.29%"
"23-01-2020","4,094.00","4,114.00","4,114.00","4,080.00","0.72K","-1.25%"
"22-01-2020","4,146.00","4,152.00","4,152.00","4,128.00","1.23K","-0.24%"
"21-01-2020","4,156.00","4,160.00","4,184.00","4,136.00","0.33K","0.63%"
"20-01-2020","4,130.00","4,194.00","4,258.00","4,120.00","2.34K","-1.81%"
"17-01-2020","4,206.00","4,160.00","4,274.00","4,152.00","0.81K","1.30%"
"16-01-2020","4,152.00","4,170.00","4,170.00","4,128.00","0.25K","-0.43%"
"15-01-2020","4,170.00","4,158.00","4,208.00","4,156.00","1.09K","0.43%"
"14-01-2020","4,152.00","4,160.00","4,176.00","4,148.00","0.88K","-0.62%"
"13-01-2020","4,178.00","4,190.00","4,198.00","4,150.00","1.13K","-0.62%"
"10-01-2020","4,204.00","4,220.00","4,228.00","4,194.00","0.56K","-0.85%"
"09-01-2020","4,240.00","4,242.00","4,248.00","4,220.00","0.17K","0.95%"
"08-01-2020","4,200.00","4,174.00","4,204.00","4,174.00","0.56K","-0.47%"
"07-01-2020","4,220.00","4,252.00","4,252.00","4,190.00","0.46K","-0.14%"
"06-01-2020","4,226.00","4,182.00","4,258.00","4,180.00","0.35K","0.48%"
"03-01-2020","4,206.00","4,190.00","4,214.00","4,190.00","0.10K","-0.28%"
"02-01-2020","4,218.00","4,194.00","4,238.00","4,170.00","0.32K","0.96%"
"01-01-2020","4,178.00","4,160.00","4,200.00","4,150.00","0.31K","-0.29%"
"31-12-2019","4,190.00","4,202.00","4,222.00","4,170.00","0.66K","-1.69%"
"30-12-2019","4,262.00","4,240.00","4,280.00","4,240.00","0.21K","0.61%"
"27-12-2019","4,236.00","4,218.00","4,256.00","4,216.00","0.24K","0.81%"
"26-12-2019","4,202.00","4,234.00","4,236.00","4,184.00","0.84K","-1.59%"
"24-12-2019","4,270.00","4,364.00","4,364.00","4,206.00","1.45K","-2.20%"
"23-12-2019","4,366.00","4,348.00","4,382.00","4,348.00","0.18K","0.14%"
"20-12-2019","4,360.00","4,410.00","4,418.00","4,352.00","2.52K","-0.95%"
"19-12-2019","4,402.00","4,360.00","4,412.00","4,352.00","0.78K","1.24%"
"18-12-2019","4,348.00","4,348.00","4,370.00","4,320.00","0.59K","1.21%"
"17-12-2019","4,296.00","4,280.00","4,300.00","4,278.00","0.33K","0.33%"
"16-12-2019","4,282.00","4,256.00","4,298.00","4,256.00","0.29K","0.47%"
"13-12-2019","4,262.00","4,316.00","4,318.00","4,214.00","0.44K","0.00%"
"12-12-2019","4,262.00","4,230.00","4,310.00","4,210.00","0.44K","1.77%"
"11-12-2019","4,188.00","4,156.00","4,200.00","4,156.00","0.18K","-0.90%"
"10-12-2019","4,226.00","4,250.00","4,256.00","4,144.00","0.32K","-0.38%"
"09-12-2019","4,242.00","4,242.00","4,274.00","4,202.00","0.35K","0.81%"
"06-12-2019","4,208.00","4,184.00","4,240.00","4,178.00","0.21K","1.89%"
"05-12-2019","4,130.00","4,110.00","4,152.00","4,090.00","0.11K","2.58%"
"04-12-2019","4,026.00","4,014.00","4,050.00","4,014.00","0.08K","-0.10%"
"03-12-2019","4,030.00","4,032.00","4,032.00","4,020.00","0.04K","0.80%"
"02-12-2019","3,998.00","4,010.00","4,070.00","3,980.00","0.20K","-2.25%"
"29-11-2019","4,090.00","4,152.00","4,156.00","4,040.00","0.42K","-1.78%"
"28-11-2019","4,164.00","4,160.00","4,164.00","4,160.00","0.03K","-0.48%"
"27-11-2019","4,184.00","4,170.00","4,200.00","4,162.00","0.23K","-0.05%"
"26-11-2019","4,186.00","4,200.00","4,210.00","4,160.00","0.24K","-0.66%"
"25-11-2019","4,214.00","4,214.00","4,214.00","4,214.00","0.02K","1.01%"
"22-11-2019","4,172.00","4,152.00","4,214.00","4,124.00","0.09K","-1.60%"
"21-11-2019","4,240.00","4,270.00","4,270.00","4,222.00","0.04K","-4.03%"
"20-11-2019","4,418.00","4,430.00","4,466.00","4,408.00","1.48K","-0.50%"
"19-11-2019","4,440.00","4,388.00","4,444.00","4,372.00","1.98K","1.00%"
"18-11-2019","4,396.00","4,462.00","4,462.00","4,368.00","2.43K","-2.35%"
"15-11-2019","4,502.00","4,520.00","4,528.00","4,484.00","1.97K","1.17%"
"14-11-2019","4,450.00","4,526.00","4,528.00","4,434.00","1.55K","-1.81%"
"13-11-2019","4,532.00","4,508.00","4,560.00","4,508.00","1.11K","0.44%"
"11-11-2019","4,512.00","4,464.00","4,528.00","4,414.00","2.59K","0.36%"
"08-11-2019","4,496.00","4,438.00","4,500.00","4,410.00","2.33K","1.31%"
"07-11-2019","4,438.00","4,314.00","4,460.00","4,202.00","2.11K","1.88%"
"06-11-2019","4,356.00","4,510.00","4,510.00","4,356.00","2.15K","-3.97%"
"05-11-2019","4,536.00","4,612.00","4,612.00","4,490.00","1.67K","-1.78%"
"04-11-2019","4,618.00","4,594.00","4,640.00","4,594.00","0.95K","0.92%"
"01-11-2019","4,576.00","4,596.00","4,596.00","4,562.00","0.34K","-0.65%"
"31-10-2019","4,606.00","4,616.00","4,616.00","4,602.00","0.07K","-1.12%"
"30-10-2019","4,658.00","4,658.00","4,658.00","4,658.00","","1.13%"
"29-10-2019","4,606.00","4,606.00","4,606.00","4,606.00","0.01K","0.70%"
"27-10-2019","4,574.00","4,580.00","4,580.00","4,566.00","0.14K","-0.35%"
"25-10-2019","4,590.00","4,580.00","4,612.00","4,566.00","0.18K","0.57%"
"24-10-2019","4,564.00","4,574.00","4,580.00","4,538.00","0.39K","-0.35%"
"23-10-2019","4,580.00","4,562.00","4,590.00","4,562.00","2.12K","0.04%"
"22-10-2019","4,578.00","4,580.00","4,582.00","4,566.00","0.08K","0.22%"
"18-10-2019","4,568.00","4,508.00","4,588.00","4,508.00","4.57K","1.42%"
"17-10-2019","4,504.00","4,482.00","4,516.00","4,482.00","2.23K","0.27%"
"16-10-2019","4,492.00","4,486.00","4,504.00","4,462.00","3.45K","0.18%"
"15-10-2019","4,484.00","4,416.00","4,496.00","4,416.00","2.12K","0.99%"
"14-10-2019","4,440.00","4,476.00","4,476.00","4,334.00","1.07K","-0.63%"
"11-10-2019","4,468.00","4,460.00","4,484.00","4,440.00","1.22K","0.72%"
"10-10-2019","4,436.00","4,486.00","4,500.00","4,320.00","5.52K","-1.38%"
"09-10-2019","4,498.00","4,500.00","4,574.00","4,448.00","6.65K","-2.89%"
"07-10-2019","4,632.00","4,586.00","4,632.00","4,586.00","2.40K","4.00%"
"04-10-2019","4,454.00","4,418.00","4,470.00","4,372.00","30.23K","-2.20%"
"03-10-2019","4,554.00","4,600.00","4,600.00","4,554.00","1.35K","-3.96%"
"01-10-2019","4,742.00","4,894.00","4,894.00","4,742.00","7.01K","-5.99%"
"30-09-2019","5,044.00","5,102.00","5,102.00","5,044.00","5.55K","-4.00%"
"27-09-2019","5,254.00","5,308.00","5,308.00","5,254.00","2.58K","-3.98%"
"26-09-2019","5,472.00","5,528.00","5,528.00","5,472.00","2.65K","-3.97%"
"25-09-2019","5,698.00","5,832.00","5,832.00","5,698.00","0.35K","-3.98%"
"24-09-2019","5,934.00","5,940.00","5,944.00","5,914.00","4.14K","0.13%"
"23-09-2019","5,926.00","5,962.00","5,962.00","5,910.00","1.10K","-0.57%"
"20-09-2019","5,960.00","6,052.00","6,080.00","5,944.00","14.56K","-1.49%"
"19-09-2019","6,050.00","5,956.00","6,056.00","5,944.00","10.70K","1.82%"
"18-09-2019","5,942.00","5,880.00","5,982.00","5,878.00","14.11K","1.02%"
"17-09-2019","5,882.00","5,880.00","5,890.00","5,876.00","16.46K","0.00%"
"16-09-2019","5,882.00","5,890.00","5,904.00","5,878.00","6.99K","0.00%"
"13-09-2019","5,882.00","5,890.00","5,918.00","5,876.00","7.41K","-0.10%"
"12-09-2019","5,888.00","5,896.00","5,924.00","5,880.00","2.90K","0.00%"
"11-09-2019","5,888.00","5,894.00","5,920.00","5,880.00","4.95K","0.07%"
"09-09-2019","5,884.00","5,888.00","5,892.00","5,876.00","2.42K","-0.27%"
"06-09-2019","5,900.00","5,910.00","5,910.00","5,892.00","1.79K","-0.14%"
"05-09-2019","5,908.00","5,910.00","5,940.00","5,898.00","5.67K","0.20%"
"04-09-2019","5,896.00","5,894.00","5,906.00","5,886.00","1.97K","-0.17%"
"03-09-2019","5,906.00","5,906.00","5,920.00","5,892.00","0.95K","0.00%"
"30-08-2019","5,906.00","5,884.00","5,954.00","5,880.00","2.31K","0.27%"
"29-08-2019","5,890.00","5,900.00","5,912.00","5,884.00","3.97K","0.03%"
"28-08-2019","5,888.00","5,890.00","5,930.00","5,872.00","5.48K","-0.14%"
"27-08-2019","5,896.00","5,922.00","5,950.00","5,892.00","3.98K","-0.67%"
"26-08-2019","5,936.00","5,906.00","6,030.00","5,896.00","2.50K","1.37%"
"23-08-2019","5,856.00","5,790.00","5,912.00","5,698.00","3.45K","1.14%"
"22-08-2019","5,790.00","5,794.00","5,812.00","5,780.00","1.14K","0.03%"
"21-08-2019","5,788.00","5,796.00","5,810.00","5,762.00","2.61K","1.47%"
"20-08-2019","5,704.00","5,706.00","5,730.00","5,690.00","8.65K","-0.21%"
"19-08-2019","5,716.00","5,746.00","5,746.00","5,704.00","3.54K","-0.42%"
"16-08-2019","5,740.00","5,746.00","5,790.00","5,716.00","6.89K","0.46%"
"14-08-2019","5,714.00","5,706.00","5,746.00","5,698.00","3.99K","0.04%"
"13-08-2019","5,712.00","5,704.00","5,728.00","5,684.00","3.28K","-0.76%"
"09-08-2019","5,756.00","5,740.00","5,816.00","5,736.00","5.64K","0.17%"
"08-08-2019","5,746.00","5,724.00","5,764.00","5,710.00","1.80K","0.81%"
"07-08-2019","5,700.00","5,700.00","5,710.00","5,690.00","3.12K","0.04%"
"06-08-2019","5,698.00","5,692.00","5,704.00","5,668.00","3.80K","0.04%"
"05-08-2019","5,696.00","5,714.00","5,718.00","5,690.00","5.32K","-0.56%"
"02-08-2019","5,728.00","5,710.00","5,744.00","5,710.00","0.31K","-0.14%"
"01-08-2019","5,736.00","5,788.00","5,790.00","5,726.00","1.22K","-1.10%"
"31-07-2019","5,800.00","5,682.00","5,834.00","5,682.00","2.68K","2.36%"
"30-07-2019","5,666.00","5,670.00","5,678.00","5,646.00","3.15K","-0.35%"
"29-07-2019","5,686.00","5,662.00","5,688.00","5,662.00","0.92K","0.21%"
"26-07-2019","5,674.00","5,674.00","5,674.00","5,674.00","0.06K","-0.04%"
"25-07-2019","5,676.00","5,690.00","5,694.00","5,656.00","0.34K","0.64%"
"24-07-2019","5,640.00","5,654.00","5,658.00","5,630.00","1.24K","-0.18%"
"23-07-2019","5,650.00","5,668.00","5,668.00","5,640.00","0.61K","-0.14%"
"22-07-2019","5,658.00","5,686.00","5,686.00","5,624.00","0.87K","0.25%"
"19-07-2019","5,644.00","5,670.00","5,680.00","5,610.00","6.76K","-0.53%"
"18-07-2019","5,674.00","5,660.00","5,694.00","5,650.00","8.56K","0.07%"
"17-07-2019","5,670.00","5,660.00","5,692.00","5,618.00","11.74K","0.21%"
"16-07-2019","5,658.00","5,718.00","5,718.00","5,640.00","6.84K","-1.05%"
"15-07-2019","5,718.00","5,746.00","5,778.00","5,710.00","8.82K","-0.21%"
"12-07-2019","5,730.00","5,716.00","5,748.00","5,710.00","5.65K","0.10%"
"11-07-2019","5,724.00","5,714.00","5,750.00","5,708.00","8.27K","0.07%"
"10-07-2019","5,720.00","5,734.00","5,742.00","5,702.00","4.25K","-0.49%"
"09-07-2019","5,748.00","5,752.00","5,760.00","5,724.00","6.09K","0.67%"
"08-07-2019","5,710.00","5,734.00","5,752.00","5,642.00","3.00K","-0.45%"
"05-07-2019","5,736.00","5,754.00","5,780.00","5,718.00","2.60K","-0.17%"
"04-07-2019","5,746.00","5,724.00","5,760.00","5,720.00","1.27K","0.24%"
"03-07-2019","5,732.00","5,706.00","5,748.00","5,678.00","2.44K","0.74%"
"02-07-2019","5,690.00","5,758.00","5,758.00","5,688.00","1.93K","-1.39%"
"01-07-2019","5,770.00","5,666.00","5,776.00","5,666.00","1.06K","2.89%"
"28-06-2019","5,608.00","5,614.00","5,622.00","5,598.00","1.82K","0.18%"
"27-06-2019","5,598.00","5,638.00","5,638.00","5,576.00","0.89K","-1.10%"
"26-06-2019","5,660.00","5,684.00","5,684.00","5,634.00","0.82K","-0.18%"
"25-06-2019","5,670.00","5,560.00","5,680.00","5,560.00","0.96K","2.27%"
"24-06-2019","5,544.00","5,556.00","5,560.00","5,518.00","0.54K","0.00%"
"21-06-2019","5,544.00","5,580.00","5,580.00","5,474.00","0.39K","0.87%"
"20-06-2019","5,496.00","5,438.00","5,508.00","5,436.00","13.51K","1.07%"
"19-06-2019","5,438.00","5,472.00","5,490.00","5,420.00","11.54K","-1.06%"
"18-06-2019","5,496.00","5,406.00","5,522.00","5,378.00","19.97K","1.66%"
"17-06-2019","5,406.00","5,610.00","5,620.00","5,384.00","8.73K","-3.57%"
"14-06-2019","5,606.00","5,594.00","5,626.00","5,530.00","8.41K","0.72%"
"13-06-2019","5,566.00","5,582.00","5,604.00","5,502.00","14.19K","0.51%"
"12-06-2019","5,538.00","5,428.00","5,564.00","5,428.00","4.21K","1.54%"
"11-06-2019","5,454.00","5,462.00","5,470.00","5,304.00","5.40K","-0.26%"
"10-06-2019","5,468.00","5,544.00","5,620.00","5,454.00","4.88K","-2.15%"
"07-06-2019","5,588.00","5,590.00","5,732.00","5,556.00","4.69K","0.40%"
"06-06-2019","5,566.00","5,676.00","5,700.00","5,496.00","3.45K","-1.73%"
"04-06-2019","5,664.00","5,750.00","5,750.00","5,560.00","5.02K","-1.43%"
"03-06-2019","5,746.00","5,882.00","5,884.00","5,736.00","0.78K","-2.41%"
"31-05-2019","5,888.00","5,908.00","5,908.00","5,866.00","0.14K","-0.07%"
"30-05-2019","5,892.00","5,824.00","5,912.00","5,824.00","0.27K","2.11%"
"29-05-2019","5,770.00","5,776.00","5,780.00","5,740.00","0.48K","0.31%"
"28-05-2019","5,752.00","5,930.00","5,948.00","5,742.00","2.05K","-2.81%"
"27-05-2019","5,918.00","5,978.00","5,988.00","5,894.00","1.15K","-1.86%"
"24-05-2019","6,030.00","6,024.00","6,034.00","6,024.00","0.04K","0.50%"
"23-05-2019","6,000.00","6,000.00","6,010.00","5,974.00","0.09K","0.70%"
"22-05-2019","5,958.00","5,958.00","5,958.00","5,958.00","0.02K","0.91%"
"21-05-2019","5,904.00","5,920.00","5,920.00","5,898.00","0.06K","0.72%"
"20-05-2019","5,862.00","5,960.00","5,966.00","5,846.00","16.99K","-1.41%"
"17-05-2019","5,946.00","5,986.00","6,030.00","5,932.00","14.59K","-0.67%"
"16-05-2019","5,986.00","5,924.00","6,028.00","5,924.00","14.83K","0.74%"
"15-05-2019","5,942.00","5,954.00","5,972.00","5,910.00","11.37K","-0.27%"
"14-05-2019","5,958.00","6,032.00","6,034.00","5,940.00","6.96K","-0.83%"
"13-05-2019","6,008.00","5,900.00","6,060.00","5,900.00","19.63K","1.73%"
"10-05-2019","5,906.00","5,922.00","5,966.00","5,880.00","3.10K","-0.14%"
"09-05-2019","5,914.00","5,858.00","5,922.00","5,838.00","5.30K","1.30%"
"08-05-2019","5,838.00","5,878.00","5,898.00","5,814.00","2.75K","-0.88%"
"07-05-2019","5,890.00","5,862.00","6,000.00","5,852.00","6.51K","0.10%"
"06-05-2019","5,884.00","5,848.00","5,898.00","5,822.00","3.76K","1.24%"
"03-05-2019","5,812.00","5,898.00","5,906.00","5,788.00","2.68K","-1.42%"
"02-05-2019","5,896.00","5,758.00","5,908.00","5,756.00","5.18K","2.36%"
"30-04-2019","5,760.00","5,962.00","5,974.00","5,750.00","2.02K","-2.07%"
"26-04-2019","5,882.00","5,980.00","5,992.00","5,878.00","1.36K","-2.23%"
"25-04-2019","6,016.00","6,066.00","6,144.00","5,980.00","2.07K","-0.03%"
"24-04-2019","6,018.00","5,864.00","6,032.00","5,864.00","0.15K","2.73%"
"23-04-2019","5,858.00","5,866.00","5,866.00","5,844.00","0.15K","0.27%"
"22-04-2019","5,842.00","5,856.00","5,856.00","5,774.00","0.23K","-1.45%"
"18-04-2019","5,928.00","6,050.00","6,050.00","5,896.00","1.41K","-1.10%"
"16-04-2019","5,994.00","6,120.00","6,120.00","5,898.00","55.63K","-2.41%"
"15-04-2019","6,142.00","6,144.00","6,214.00","6,122.00","23.15K","-1.95%"
"12-04-2019","6,264.00","6,210.00","6,318.00","6,204.00","5.75K","0.97%"
"11-04-2019","6,204.00","6,156.00","6,240.00","6,100.00","7.73K","1.31%"
"10-04-2019","6,124.00","5,900.00","6,124.00","5,898.00","6.88K","3.97%"
"09-04-2019","5,890.00","5,924.00","5,944.00","5,860.00","6.07K","-0.37%"
"08-04-2019","5,912.00","5,826.00","5,930.00","5,822.00","2.75K","1.48%"
"05-04-2019","5,826.00","5,758.00","5,864.00","5,758.00","1.28K","0.97%"
"04-04-2019","5,770.00","5,716.00","5,812.00","5,680.00","4.49K","0.52%"
"03-04-2019","5,740.00","5,694.00","5,798.00","5,664.00","7.36K","1.52%"
"02-04-2019","5,654.00","5,406.00","5,654.00","5,404.00","2.89K","3.97%"
"01-04-2019","5,438.00","5,436.00","5,452.00","5,416.00","0.27K","0.15%"
"29-03-2019","5,430.00","5,430.00","5,438.00","5,424.00","2.57K","-0.48%"
"28-03-2019","5,456.00","5,444.00","5,470.00","5,444.00","1.25K","0.15%"
"27-03-2019","5,448.00","5,456.00","5,458.00","5,434.00","12.22K","0.52%"
"26-03-2019","5,420.00","5,418.00","5,420.00","5,418.00","0.08K","0.15%"
"25-03-2019","5,412.00","5,418.00","5,432.00","5,400.00","0.11K","-0.81%"
"22-03-2019","5,456.00","5,470.00","5,470.00","5,442.00","0.03K","-0.26%"
"20-03-2019","5,470.00","5,470.00","5,470.00","5,470.00","0.08K","1.71%"
"19-03-2019","5,378.00","5,352.00","5,384.00","5,320.00","5.01K","0.60%"
"18-03-2019","5,346.00","5,398.00","5,414.00","5,340.00","3.49K","-1.00%"
"15-03-2019","5,400.00","5,438.00","5,454.00","5,392.00","5.31K","-1.10%"
"14-03-2019","5,460.00","5,450.00","5,514.00","5,450.00","5.67K","0.26%"
"13-03-2019","5,446.00","5,416.00","5,450.00","5,404.00","1.47K","0.59%"
"12-03-2019","5,414.00","5,400.00","5,416.00","5,366.00","2.98K","-0.04%"
"11-03-2019","5,416.00","5,456.00","5,462.00","5,402.00","6.75K","0.00%"
"08-03-2019","5,416.00","5,338.00","5,454.00","5,330.00","9.68K","1.46%"
"07-03-2019","5,338.00","5,300.00","5,340.00","5,300.00","0.95K","0.72%"
"06-03-2019","5,300.00","5,344.00","5,344.00","5,290.00","5.01K","-0.79%"
"05-03-2019","5,342.00","5,400.00","5,400.00","5,336.00","2.32K","-1.11%"
"01-03-2019","5,402.00","5,422.00","5,436.00","5,394.00","2.84K","0.15%"
"28-02-2019","5,394.00","5,418.00","5,446.00","5,372.00","5.95K","-0.66%"
"27-02-2019","5,430.00","5,448.00","5,448.00","5,402.00","4.24K","-0.18%"
"26-02-2019","5,440.00","5,390.00","5,440.00","5,378.00","5.96K","0.41%"
"25-02-2019","5,418.00","5,404.00","5,454.00","5,398.00","3.88K","0.26%"
"22-02-2019","5,404.00","5,446.00","5,456.00","5,394.00","1.55K","-1.31%"
"21-02-2019","5,476.00","5,458.00","5,520.00","5,458.00","3.36K","2.01%"
"20-02-2019","5,368.00","5,330.00","5,376.00","5,322.00","5.02K","0.60%"
"19-02-2019","5,336.00","5,324.00","5,360.00","5,324.00","8.12K","0.45%"
"18-02-2019","5,312.00","5,346.00","5,346.00","5,284.00","5.42K","-1.04%"
"15-02-2019","5,368.00","5,442.00","5,480.00","5,346.00","5.88K","-1.43%"
"14-02-2019","5,446.00","5,322.00","5,454.00","5,316.00","6.52K","2.60%"
"13-02-2019","5,308.00","5,238.00","5,336.00","5,238.00","4.02K","1.57%"
"12-02-2019","5,226.00","5,228.00","5,246.00","5,216.00","1.90K","-0.15%"
"11-02-2019","5,234.00","5,252.00","5,276.00","5,218.00","0.84K","-0.34%"
"08-02-2019","5,252.00","5,236.00","5,268.00","5,200.00","4.46K","1.00%"
"07-02-2019","5,200.00","5,166.00","5,206.00","5,114.00","3.72K","1.05%"
"06-02-2019","5,146.00","5,204.00","5,204.00","5,114.00","4.78K","-1.42%"
"05-02-2019","5,220.00","5,238.00","5,244.00","5,214.00","2.41K","-0.27%"
"04-02-2019","5,234.00","5,280.00","5,282.00","5,228.00","0.96K","-0.68%"
"01-02-2019","5,270.00","5,288.00","5,302.00","5,260.00","1.79K","-0.08%"
"31-01-2019","5,274.00","5,276.00","5,292.00","5,246.00","1.88K","0.19%"
"30-01-2019","5,264.00","5,250.00","5,268.00","5,250.00","2.75K","1.08%"
"29-01-2019","5,208.00","5,218.00","5,240.00","5,200.00","3.22K","-0.53%"
"28-01-2019","5,236.00","5,220.00","5,260.00","5,220.00","1.59K","-1.32%"
"25-01-2019","5,306.00","5,330.00","5,364.00","5,294.00","2.06K","-0.67%"
"24-01-2019","5,342.00","5,386.00","5,386.00","5,328.00","1.38K","-1.11%"
"23-01-2019","5,402.00","5,370.00","5,416.00","5,370.00","0.51K","0.86%"
"22-01-2019","5,356.00","5,356.00","5,386.00","5,346.00","0.38K","-0.26%"
"21-01-2019","5,370.00","5,434.00","5,434.00","5,324.00","0.19K","0.30%"
"18-01-2019","5,354.00","5,344.00","5,360.00","5,310.00","10.40K","0.41%"
"17-01-2019","5,332.00","5,290.00","5,338.00","5,290.00","5.77K","0.91%"
"16-01-2019","5,284.00","5,344.00","5,354.00","5,272.00","2.72K","-0.90%"
"15-01-2019","5,332.00","5,384.00","5,422.00","5,322.00","2.64K","-0.67%"
"14-01-2019","5,368.00","5,358.00","5,424.00","5,332.00","1.34K","0.83%"
"11-01-2019","5,324.00","5,322.00","5,364.00","5,312.00","0.84K","0.00%"
"10-01-2019","5,324.00","5,422.00","5,438.00","5,298.00","2.07K","-1.30%"
"09-01-2019","5,394.00","5,392.00","5,416.00","5,342.00","1.08K","0.00%"
"08-01-2019","5,394.00","5,480.00","5,480.00","5,382.00","3.76K","-2.28%"
"07-01-2019","5,520.00","5,460.00","5,538.00","5,456.00","2.77K","1.66%"
"04-01-2019","5,430.00","5,366.00","5,438.00","5,366.00","3.46K","2.18%"
"03-01-2019","5,314.00","5,316.00","5,378.00","5,286.00","0.42K","-0.04%"
"02-01-2019","5,316.00","5,370.00","5,460.00","5,304.00","1.03K","-1.48%"
"01-01-2019","5,396.00","5,406.00","5,438.00","5,366.00","0.66K","0.71%"
"31-12-2018","5,358.00","5,342.00","5,416.00","5,318.00","0.31K","1.52%"
"28-12-2018","5,278.00","5,222.00","5,302.00","5,200.00","0.26K","0.69%"
"27-12-2018","5,242.00","5,262.00","5,270.00","5,182.00","0.35K","0.38%"
"26-12-2018","5,222.00","5,066.00","5,252.00","5,066.00","0.41K","2.39%"
"24-12-2018","5,100.00","5,246.00","5,246.00","5,100.00","0.70K","-3.99%"
"21-12-2018","5,312.00","5,284.00","5,320.00","5,250.00","1.46K","1.22%"
"20-12-2018","5,248.00","5,350.00","5,378.00","5,240.00","9.43K","-1.94%"
"19-12-2018","5,352.00","5,228.00","5,372.00","5,218.00","8.20K","1.79%"
"18-12-2018","5,258.00","5,328.00","5,348.00","5,204.00","10.00K","-1.20%"
"17-12-2018","5,322.00","5,554.00","5,562.00","5,322.00","8.65K","-3.97%"
"14-12-2018","5,542.00","5,510.00","5,572.00","5,482.00","5.37K","0.36%"
"13-12-2018","5,522.00","5,530.00","5,566.00","5,500.00","3.63K","-0.79%"
"12-12-2018","5,566.00","5,630.00","5,630.00","5,528.00","5.89K","-1.00%"
"11-12-2018","5,622.00","5,700.00","5,700.00","5,580.00","4.36K","-0.71%"
"10-12-2018","5,662.00","5,670.00","5,716.00","5,614.00","1.31K","0.57%"
"07-12-2018","5,630.00","5,634.00","5,660.00","5,562.00","2.55K","0.68%"
"06-12-2018","5,592.00","5,676.00","5,688.00","5,560.00","8.65K","-1.51%"
"05-12-2018","5,678.00","5,792.00","5,792.00","5,652.00","3.64K","-2.47%"
"04-12-2018","5,822.00","5,718.00","5,874.00","5,718.00","3.84K","2.00%"
"03-12-2018","5,708.00","5,594.00","5,714.00","5,572.00","3.13K","3.74%"
"30-11-2018","5,502.00","5,466.00","5,552.00","5,460.00","2.58K","0.70%"
"29-11-2018","5,464.00","5,626.00","5,650.00","5,446.00","12.00K","-3.67%"
"28-11-2018","5,672.00","5,720.00","5,740.00","5,642.00","0.89K","-0.53%"
"27-11-2018","5,702.00","5,668.00","5,758.00","5,594.00","3.60K","-0.11%"
"26-11-2018","5,708.00","5,850.00","5,870.00","5,652.00","1.10K","-1.52%"
"22-11-2018","5,796.00","5,862.00","5,870.00","5,712.00","3.20K","0.42%"
"21-11-2018","5,772.00","5,932.00","5,952.00","5,714.00","5.47K","0.00%"
"20-11-2018","5,772.00","5,700.00","5,796.00","5,578.00","38.29K","-0.65%"
"19-11-2018","5,810.00","5,972.00","5,996.00","5,810.00","27.12K","-4.00%"
"16-11-2018","6,052.00","6,294.00","6,322.00","6,052.00","23.68K","-4.00%"
"15-11-2018","6,304.00","6,436.00","6,530.00","6,260.00","11.91K","-1.47%"
"14-11-2018","6,398.00","6,350.00","6,438.00","6,282.00","9.32K","0.79%"
"13-11-2018","6,348.00","6,230.00","6,442.00","6,230.00","14.20K","1.83%"
"12-11-2018","6,234.00","6,100.00","6,250.00","6,058.00","12.25K","3.01%"
"09-11-2018","6,052.00","6,012.00","6,112.00","5,954.00","6.61K","0.30%"
"07-11-2018","6,034.00","6,052.00","6,072.00","6,022.00","1.33K","-0.46%"
"06-11-2018","6,062.00","6,076.00","6,130.00","6,000.00","10.52K","0.40%"
"05-11-2018","6,038.00","5,850.00","6,038.00","5,850.00","3.44K","4.00%"
"02-11-2018","5,806.00","5,852.00","5,852.00","5,774.00","3.22K","-0.72%"
"01-11-2018","5,848.00","5,840.00","5,880.00","5,770.00","2.61K","-0.10%"
"31-10-2018","5,854.00","5,886.00","5,900.00","5,814.00","3.61K","-0.20%"
"30-10-2018","5,866.00","5,818.00","5,876.00","5,812.00","2.77K","2.98%"
"29-10-2018","5,696.00","5,650.00","5,782.00","5,650.00","1.37K","2.45%"
"26-10-2018","5,560.00","5,590.00","5,680.00","5,550.00","1.80K","-0.11%"
"25-10-2018","5,566.00","5,448.00","5,582.00","5,448.00","0.51K","1.38%"
"24-10-2018","5,490.00","5,510.00","5,550.00","5,454.00","0.54K","1.22%"
"23-10-2018","5,424.00","5,392.00","5,468.00","5,386.00","0.71K","0.44%"
"22-10-2018","5,400.00","5,378.00","5,466.00","5,360.00","0.76K","2.51%"
"19-10-2018","5,268.00","5,252.00","5,296.00","5,226.00","0.23K","2.45%"
"17-10-2018","5,142.00","5,110.00","5,230.00","5,110.00","0.36K","0.94%"
"16-10-2018","5,094.00","5,120.00","5,136.00","5,062.00","10.37K","-0.20%"
"15-10-2018","5,104.00","4,984.00","5,130.00","4,984.00","10.30K","2.90%"
"12-10-2018","4,960.00","4,984.00","4,998.00","4,944.00","2.21K","-0.40%"
"11-10-2018","4,980.00","4,900.00","4,986.00","4,896.00","4.23K","1.67%"
"10-10-2018","4,898.00","4,830.00","4,914.00","4,826.00","13.51K","1.66%"
"09-10-2018","4,818.00","4,808.00","4,824.00","4,802.00","1.81K","0.04%"
"08-10-2018","4,816.00","4,798.00","4,820.00","4,794.00","5.25K","1.22%"
"05-10-2018","4,758.00","4,740.00","4,778.00","4,708.00","8.58K","0.34%"
"04-10-2018","4,742.00","4,808.00","4,822.00","4,734.00","1.01K","-0.96%"
"03-10-2018","4,788.00","4,790.00","4,790.00","4,782.00","0.02K","-0.58%"
"01-10-2018","4,816.00","4,816.00","4,816.00","4,816.00","","0.12%"
"28-09-2018","4,810.00","4,819.00","4,827.00","4,793.00","0.41K","0.17%"
"27-09-2018","4,802.00","4,800.00","4,803.00","4,800.00","0.05K","-0.46%"
"26-09-2018","4,824.00","4,824.00","4,824.00","4,824.00","0.01K","-0.31%"
"25-09-2018","4,839.00","4,841.00","4,850.00","4,824.00","0.03K","-0.53%"
"24-09-2018","4,865.00","4,868.00","4,868.00","4,862.00","0.02K","-0.21%"
"21-09-2018","4,875.00","4,875.00","4,875.00","4,875.00","0.11K","1.29%"
"19-09-2018","4,813.00","4,830.00","4,860.00","4,805.00","7.02K","-0.29%"
"18-09-2018","4,827.00","4,720.00","4,837.00","4,713.00","11.42K","2.20%"
"17-09-2018","4,723.00","4,742.00","4,742.00","4,710.00","6.75K","-0.59%"
"14-09-2018","4,751.00","4,777.00","4,777.00","4,727.00","2.90K","-0.19%"
"12-09-2018","4,760.00","4,785.00","4,798.00","4,755.00","3.25K","-0.52%"
"11-09-2018","4,785.00","4,788.00","4,803.00","4,759.00","3.63K","-0.29%"
"10-09-2018","4,799.00","4,820.00","4,830.00","4,788.00","5.76K","0.00%"
"07-09-2018","4,799.00","4,796.00","4,818.00","4,779.00","3.81K","-0.42%"
"06-09-2018","4,819.00","4,824.00","4,838.00","4,813.00","2.54K","-0.15%"
"05-09-2018","4,826.00","4,870.00","4,873.00","4,810.00","1.16K","-1.05%"
"04-09-2018","4,877.00","4,904.00","4,905.00","4,850.00","4.97K","-0.37%"
"03-09-2018","4,895.00","4,839.00","4,905.00","4,832.00","4.79K","2.34%"
"31-08-2018","4,783.00","4,770.00","4,808.00","4,770.00","1.32K","0.97%"
"30-08-2018","4,737.00","4,712.00","4,765.00","4,712.00","8.62K","0.00%"
"29-08-2018","4,737.00","4,725.00","4,755.00","4,712.00","1.44K","0.77%"
"28-08-2018","4,701.00","4,741.00","4,775.00","4,670.00","3.55K","0.02%"
"27-08-2018","4,700.00","4,791.00","4,793.00","4,681.00","1.16K","-2.59%"
"24-08-2018","4,825.00","4,864.00","4,872.00","4,774.00","0.62K","-1.11%"
"23-08-2018","4,879.00","4,866.00","4,894.00","4,865.00","0.34K","0.89%"
"21-08-2018","4,836.00","4,811.00","4,850.00","4,811.00","1.42K","1.34%"
"20-08-2018","4,772.00","4,699.00","4,789.00","4,682.00","10.53K","1.29%"
"17-08-2018","4,711.00","4,711.00","4,750.00","4,603.00","7.35K","-0.67%"
"16-08-2018","4,743.00","4,678.00","4,775.00","4,668.00","8.23K","1.02%"
"14-08-2018","4,695.00","4,672.00","4,711.00","4,618.00","8.80K","1.25%"
"13-08-2018","4,637.00","4,747.00","4,747.00","4,629.00","6.49K","-2.58%"
"10-08-2018","4,760.00","4,751.00","4,779.00","4,730.00","4.12K","0.08%"
"09-08-2018","4,756.00","4,800.00","4,808.00","4,723.00","2.08K","-0.56%"
"08-08-2018","4,783.00","4,778.00","4,806.00","4,770.00","0.68K","1.29%"
"07-08-2018","4,722.00","4,702.00","4,740.00","4,699.00","1.05K","0.90%"
"06-08-2018","4,680.00","4,750.00","4,763.00","4,674.00","2.77K","-2.30%"
"03-08-2018","4,790.00","4,792.00","4,799.00","4,769.00","1.15K","-0.13%"
"02-08-2018","4,796.00","4,771.00","4,823.00","4,771.00","0.42K","1.59%"
"01-08-2018","4,721.00","4,735.00","4,735.00","4,699.00","0.28K","-0.25%"
"31-07-2018","4,733.00","4,720.00","4,750.00","4,720.00","0.54K","0.51%"
"30-07-2018","4,709.00","4,719.00","4,719.00","4,700.00","0.19K","0.75%"
"27-07-2018","4,674.00","4,618.00","4,700.00","4,618.00","0.16K","1.83%"
"26-07-2018","4,590.00","4,590.00","4,590.00","4,590.00","0.04K","1.26%"
"25-07-2018","4,533.00","4,571.00","4,571.00","4,485.00","0.04K","-1.71%"
"24-07-2018","4,612.00","4,612.00","4,612.00","4,612.00","0.01K","-0.28%"
"23-07-2018","4,625.00","4,625.00","4,625.00","4,625.00","","0.96%"
"20-07-2018","4,581.00","4,550.00","4,610.00","4,550.00","5.51K","0.11%"
"19-07-2018","4,576.00","4,610.00","4,620.00","4,556.00","7.16K","-0.44%"
"18-07-2018","4,596.00","4,520.00","4,616.00","4,516.00","5.25K","2.16%"
"17-07-2018","4,499.00","4,538.00","4,543.00","4,479.00","3.15K","-1.19%"
"16-07-2018","4,553.00","4,543.00","4,627.00","4,541.00","3.83K","0.31%"
"13-07-2018","4,539.00","4,572.00","4,601.00","4,491.00","5.32K","-1.67%"
"12-07-2018","4,616.00","4,596.00","4,692.00","4,587.00","4.16K","0.94%"
"11-07-2018","4,573.00","4,535.00","4,596.00","4,522.00","1.51K","-0.24%"
"10-07-2018","4,584.00","4,585.00","4,623.00","4,545.00","1.07K","0.09%"
"09-07-2018","4,580.00","4,483.00","4,596.00","4,483.00","0.93K","2.62%"
"06-07-2018","4,463.00","4,452.00","4,486.00","4,447.00","0.22K","1.32%"
"05-07-2018","4,405.00","4,401.00","4,408.00","4,401.00","0.02K","0.55%"
"04-07-2018","4,381.00","4,345.00","4,394.00","4,345.00","0.10K","2.38%"
"03-07-2018","4,279.00","4,279.00","4,279.00","4,279.00","0.03K","-0.51%"
"02-07-2018","4,301.00","4,279.00","4,312.00","4,279.00","0.07K","0.68%"
"29-06-2018","4,272.00","4,278.00","4,301.00","4,243.00","0.06K","-0.28%"
"28-06-2018","4,284.00","4,285.00","4,300.00","4,272.00","0.06K","0.71%"
"27-06-2018","4,254.00","4,244.00","4,281.00","4,234.00","0.12K","0.45%"
"26-06-2018","4,235.00","4,237.00","4,237.00","4,232.00","0.24K","0.88%"
"25-06-2018","4,198.00","4,200.00","4,200.00","4,195.00","0.02K","-1.15%"
"22-06-2018","4,247.00","4,247.00","4,247.00","4,247.00","0.01K","0.02%"
"21-06-2018","4,246.00","4,225.00","4,256.00","4,225.00","0.10K","2.46%"
"20-06-2018","4,144.00","4,125.00","4,147.00","4,109.00","3.75K","0.93%"
"19-06-2018","4,106.00","4,138.00","4,157.00","4,094.00","2.74K","-0.70%"
"18-06-2018","4,135.00","4,136.00","4,190.00","4,122.00","8.04K","-0.12%"
"15-06-2018","4,140.00","4,086.00","4,158.00","4,085.00","5.20K","1.12%"
"14-06-2018","4,094.00","4,052.00","4,100.00","4,029.00","3.78K","1.29%"
"13-06-2018","4,042.00","3,940.00","4,055.00","3,940.00","2.53K","2.67%"
"12-06-2018","3,937.00","3,955.00","3,977.00","3,910.00","1.81K","-0.23%"
"11-06-2018","3,946.00","4,004.00","4,025.00","3,936.00","2.35K","-1.99%"
"08-06-2018","4,026.00","4,037.00","4,044.00","4,017.00","0.60K","-0.15%"
"07-06-2018","4,032.00","4,014.00","4,051.00","4,014.00","0.34K","0.40%"
"06-06-2018","4,016.00","4,016.00","4,026.00","4,012.00","0.80K","0.17%"
"05-06-2018","4,009.00","3,991.00","4,028.00","3,989.00","0.75K","-1.26%"
"04-06-2018","4,060.00","4,110.00","4,110.00","4,010.00","0.10K","-0.02%"
"01-06-2018","4,061.00","4,041.00","4,075.00","4,034.00","0.30K","1.37%"
"31-05-2018","4,006.00","3,981.00","4,026.00","3,980.00","0.26K","0.07%"
"30-05-2018","4,003.00","4,058.00","4,065.00","3,986.00","1.22K","-1.43%"
"29-05-2018","4,061.00","4,090.00","4,090.00","4,048.00","0.07K","-0.44%"
"28-05-2018","4,079.00","4,081.00","4,087.00","4,071.00","0.11K","-0.61%"
"25-05-2018","4,104.00","4,110.00","4,110.00","4,092.00","0.10K","-0.27%"
"24-05-2018","4,115.00","4,115.00","4,115.00","4,115.00","0.01K","-1.01%"
"23-05-2018","4,157.00","4,166.00","4,166.00","4,140.00","0.20K","0.43%"
"22-05-2018","4,139.00","4,139.00","4,139.00","4,139.00","0.01K","0.32%"
"21-05-2018","4,126.00","4,126.00","4,126.00","4,126.00","0.01K","1.40%"
"18-05-2018","4,069.00","4,057.00","4,088.00","4,055.00","3.65K","0.52%"
"17-05-2018","4,048.00","4,065.00","4,082.00","4,040.00","4.40K","-0.66%"
"16-05-2018","4,075.00","4,111.00","4,111.00","4,061.00","3.56K","-1.12%"
"15-05-2018","4,121.00","4,114.00","4,127.00","4,078.00","2.46K","-0.36%"
"14-05-2018","4,136.00","4,141.00","4,150.00","4,125.00","1.45K","0.00%"
"11-05-2018","4,136.00","4,119.00","4,149.00","4,104.00","2.78K","0.98%"
"10-05-2018","4,096.00","4,126.00","4,149.00","4,089.00","1.99K","-0.99%"
"09-05-2018","4,137.00","4,154.00","4,164.00","4,125.00","1.62K","0.15%"
"08-05-2018","4,131.00","4,101.00","4,163.00","4,100.00","3.10K","1.05%"
"07-05-2018","4,088.00","4,020.00","4,090.00","4,016.00","1.90K","2.38%"
"04-05-2018","3,993.00","4,050.00","4,050.00","3,944.00","6.51K","-1.58%"
"03-05-2018","4,057.00","4,109.00","4,109.00","4,047.00","0.81K","-0.66%"
"02-05-2018","4,084.00","4,081.00","4,090.00","4,075.00","0.64K","-0.37%"
"30-04-2018","4,099.00","4,110.00","4,116.00","4,083.00","1.82K","-0.24%"
"27-04-2018","4,109.00","4,155.00","4,164.00","4,098.00","0.28K","-1.77%"
"26-04-2018","4,183.00","4,183.00","4,183.00","4,183.00","0.02K","0.17%"
"25-04-2018","4,176.00","4,171.00","4,181.00","4,171.00","0.04K","-0.64%"
"24-04-2018","4,203.00","4,200.00","4,207.00","4,200.00","0.04K","-0.26%"
"23-04-2018","4,214.00","4,162.00","4,229.00","4,162.00","0.14K","0.60%"
"20-04-2018","4,189.00","4,184.00","4,208.00","4,170.00","7.39K","0.60%"
"19-04-2018","4,164.00","4,150.00","4,188.00","4,133.00","7.05K","0.46%"
"18-04-2018","4,145.00","4,150.00","4,170.00","4,142.00","6.13K","-0.10%"
"17-04-2018","4,149.00","4,110.00","4,160.00","4,105.00","9.16K","0.24%"
"16-04-2018","4,139.00","4,155.00","4,155.00","4,135.00","2.15K","-1.36%"
"13-04-2018","4,196.00","4,200.00","4,203.00","4,180.00","2.24K","-0.24%"
"12-04-2018","4,206.00","4,200.00","4,223.00","4,193.00","2.50K","-0.05%"
"11-04-2018","4,208.00","4,200.00","4,236.00","4,198.00","4.80K","0.48%"
"10-04-2018","4,188.00","4,119.00","4,215.00","4,118.00","3.60K","1.23%"
"09-04-2018","4,137.00","4,151.00","4,165.00","4,124.00","1.85K","-1.31%"
"06-04-2018","4,192.00","4,095.00","4,218.00","4,095.00","0.90K","-0.33%"
"05-04-2018","4,206.00","4,180.00","4,228.00","4,178.00","0.73K","0.26%"
"04-04-2018","4,195.00","4,215.00","4,215.00","4,185.00","0.83K","-1.08%"
"03-04-2018","4,241.00","4,241.00","4,241.00","4,241.00","0.02K","-0.38%"
"02-04-2018","4,257.00","4,231.00","4,275.00","4,231.00","0.04K","0.52%"
"28-03-2018","4,235.00","4,225.00","4,244.00","4,225.00","0.03K","0.71%"
"27-03-2018","4,205.00","4,231.00","4,231.00","4,190.00","0.07K","-0.38%"
"26-03-2018","4,221.00","4,186.00","4,231.00","4,186.00","0.16K","0.96%"
"23-03-2018","4,181.00","4,181.00","4,181.00","4,181.00","0.02K","-1.37%"
"22-03-2018","4,239.00","4,241.00","4,246.00","4,205.00","0.23K","-0.16%"
"21-03-2018","4,246.00","4,272.00","4,272.00","4,235.00","0.08K","1.17%"
"20-03-2018","4,197.00","4,230.00","4,231.00","4,188.00","3.17K","-1.48%"
"19-03-2018","4,260.00","4,270.00","4,286.00","4,223.00","5.99K","-0.44%"
"16-03-2018","4,279.00","4,270.00","4,295.00","4,266.00","13.70K","0.66%"
"15-03-2018","4,251.00","4,250.00","4,270.00","4,240.00","1.35K","-0.23%"
"14-03-2018","4,261.00","4,305.00","4,308.00","4,241.00","2.55K","-0.70%"
"13-03-2018","4,291.00","4,159.00","4,303.00","4,159.00","2.55K","1.20%"
"12-03-2018","4,240.00","4,250.00","4,254.00","4,234.00","1.99K","-1.46%"
"09-03-2018","4,303.00","4,281.00","4,315.00","4,281.00","2.30K","1.01%"
"08-03-2018","4,260.00","4,227.00","4,265.00","4,212.00","3.77K","0.90%"
"07-03-2018","4,222.00","4,198.00","4,252.00","4,194.00","0.65K","0.79%"
"06-03-2018","4,189.00","4,153.00","4,196.00","4,099.00","1.61K","0.12%"
"05-03-2018","4,184.00","4,191.00","4,191.00","4,171.00","0.26K","-0.83%"
"01-03-2018","4,219.00","4,238.00","4,246.00","4,176.00","0.21K","0.19%"
"28-02-2018","4,211.00","4,191.00","4,225.00","4,176.00","0.44K","0.45%"
"27-02-2018","4,192.00","4,225.00","4,225.00","4,175.00","0.25K","-2.24%"
"26-02-2018","4,288.00","4,281.00","4,299.00","4,265.00","0.20K","-1.63%"
"23-02-2018","4,359.00","4,408.00","4,415.00","4,301.00","0.30K","0.05%"
"22-02-2018","4,357.00","4,374.00","4,374.00","4,345.00","0.06K","-0.39%"
"21-02-2018","4,374.00","4,333.00","4,399.00","4,333.00","0.06K","2.60%"
"20-02-2018","4,263.00","4,281.00","4,281.00","4,243.00","3.64K","-0.58%"
"19-02-2018","4,288.00","4,311.00","4,343.00","4,281.00","1.96K","0.09%"
"16-02-2018","4,284.00","4,220.00","4,294.00","4,208.00","4.12K","2.02%"
"15-02-2018","4,199.00","4,190.00","4,219.00","4,160.00","1.62K","0.41%"
"14-02-2018","4,182.00","4,216.00","4,220.00","4,152.00","1.61K","-1.18%"
"12-02-2018","4,232.00","4,270.00","4,270.00","4,215.00","1.84K","-0.40%"
"09-02-2018","4,249.00","4,250.00","4,285.00","4,230.00","0.65K","-0.21%"
"08-02-2018","4,258.00","4,306.00","4,307.00","4,242.00","0.68K","-1.96%"
"07-02-2018","4,343.00","4,398.00","4,398.00","4,325.00","1.37K","-0.98%"
"06-02-2018","4,386.00","4,380.00","4,390.00","4,362.00","1.26K","0.18%"
"05-02-2018","4,378.00","4,374.00","4,385.00","4,359.00","0.15K","-0.21%"
"02-02-2018","4,387.00","4,405.00","4,405.00","4,374.00","0.14K","0.11%"
"01-02-2018","4,382.00","4,376.00","4,415.00","4,338.00","0.18K","-0.18%"
"31-01-2018","4,390.00","4,445.00","4,445.00","4,370.00","0.29K","-1.37%"
"30-01-2018","4,451.00","4,457.00","4,457.00","4,417.00","0.35K","0.82%"
"29-01-2018","4,415.00","4,415.00","4,415.00","4,415.00","","3.98%"
"25-01-2018","4,246.00","4,246.00","4,246.00","4,246.00","","0.78%"
"24-01-2018","4,213.00","4,213.00","4,213.00","4,213.00","","-0.66%"
"23-01-2018","4,241.00","4,241.00","4,241.00","4,241.00","","2.05%"
"22-01-2018","4,156.00","4,156.00","4,156.00","4,156.00","","1.37%"
"19-01-2018","4,100.00","4,063.00","4,140.00","4,054.00","3.76K","0.59%"
"18-01-2018","4,076.00","4,115.00","4,115.00","4,067.00","2.08K","-0.75%"
"17-01-2018","4,107.00","4,075.00","4,114.00","4,075.00","3.33K","0.22%"
"16-01-2018","4,098.00","4,169.00","4,169.00","4,047.00","8.79K","-2.20%"
"15-01-2018","4,190.00","4,187.00","4,205.00","4,177.00","1.64K","0.19%"
"12-01-2018","4,182.00","4,182.00","4,193.00","4,168.00","3.82K","0.10%"
"11-01-2018","4,178.00","4,206.00","4,222.00","4,170.00","2.51K","-0.31%"
"10-01-2018","4,191.00","4,129.00","4,200.00","4,128.00","3.32K","1.70%"
"09-01-2018","4,121.00","4,235.00","4,251.00","4,108.00","3.10K","-3.19%"
"08-01-2018","4,257.00","4,370.00","4,370.00","4,249.00","1.35K","-3.05%"
"05-01-2018","4,391.00","4,384.00","4,400.00","4,377.00","0.65K","0.14%"
"04-01-2018","4,385.00","4,387.00","4,393.00","4,370.00","0.65K","0.02%"
"03-01-2018","4,384.00","4,407.00","4,426.00","4,365.00","0.92K","-1.33%"
"02-01-2018","4,443.00","4,440.00","4,451.00","4,421.00","1.61K","-0.20%"
"01-01-2018","4,452.00","4,410.00","4,457.00","4,410.00","0.49K","-0.18%"
"29-12-2017","4,460.00","4,480.00","4,484.00","4,442.00","0.99K","-0.58%"
"28-12-2017","4,486.00","4,480.00","4,495.00","4,470.00","0.61K","0.13%"
"27-12-2017","4,480.00","4,500.00","4,500.00","4,460.00","0.38K","-0.93%"
"26-12-2017","4,522.00","4,510.00","4,531.00","4,510.00","0.08K","-0.81%"
"22-12-2017","4,559.00","4,533.00","4,566.00","4,530.00","0.68K","0.66%"
"21-12-2017","4,529.00","4,530.00","4,564.00","4,500.00","0.17K","0.60%"
"20-12-2017","4,502.00","4,537.00","4,556.00","4,492.00","3.94K","-1.16%"
"19-12-2017","4,555.00","4,510.00","4,562.00","4,510.00","4.83K","1.27%"
"18-12-2017","4,498.00","4,525.00","4,527.00","4,463.00","1.97K","-0.68%"
"15-12-2017","4,529.00","4,555.00","4,555.00","4,519.00","0.86K","-0.44%"
"14-12-2017","4,549.00","4,550.00","4,575.00","4,542.00","0.84K","0.09%"
"13-12-2017","4,545.00","4,575.00","4,575.00","4,527.00","1.45K","-1.52%"
"12-12-2017","4,615.00","4,620.00","4,631.00","4,577.00","1.51K","0.07%"
"11-12-2017","4,612.00","4,580.00","4,617.00","4,580.00","0.87K","0.61%"
"08-12-2017","4,584.00","4,527.00","4,617.00","4,480.00","0.88K","1.26%"
"07-12-2017","4,527.00","4,630.00","4,630.00","4,510.00","1.31K","-2.35%"
"06-12-2017","4,636.00","4,644.00","4,648.00","4,621.00","0.40K","-0.34%"
"05-12-2017","4,652.00","4,675.00","4,686.00","4,633.00","0.20K","-0.30%"
"04-12-2017","4,666.00","4,670.00","4,673.00","4,647.00","0.28K","1.26%"
"01-12-2017","4,608.00","4,608.00","4,638.00","4,599.00","2.03K","-1.37%"
"30-11-2017","4,672.00","4,650.00","4,682.00","4,650.00","0.79K","1.21%"
"29-11-2017","4,616.00","4,631.00","4,631.00","4,591.00","1.25K","-1.54%"
"28-11-2017","4,688.00","4,693.00","4,698.00","4,641.00","0.40K","0.21%"
"27-11-2017","4,678.00","4,620.00","4,705.00","4,620.00","0.93K","2.12%"
"24-11-2017","4,581.00","4,560.00","4,584.00","4,560.00","0.20K","1.01%"
"23-11-2017","4,535.00","4,535.00","4,535.00","4,535.00","0.01K","0.04%"
"22-11-2017","4,533.00","4,533.00","4,533.00","4,533.00","0.05K","-0.68%"
"21-11-2017","4,564.00","4,564.00","4,564.00","4,564.00","0.07K","1.44%"
"20-11-2017","4,499.00","4,510.00","4,548.00","4,491.00","4.34K","0.18%"
"17-11-2017","4,491.00","4,410.00","4,515.00","4,405.00","2.67K","1.70%"
"16-11-2017","4,416.00","4,380.00","4,436.00","4,370.00","0.95K","0.36%"
"15-11-2017","4,400.00","4,429.00","4,429.00","4,390.00","1.35K","-0.61%"
"14-11-2017","4,427.00","4,411.00","4,440.00","4,411.00","0.90K","0.66%"
"13-11-2017","4,398.00","4,398.00","4,417.00","4,380.00","2.00K","-0.27%"
"10-11-2017","4,410.00","4,428.00","4,438.00","4,385.00","2.03K","-0.34%"
"09-11-2017","4,425.00","4,464.00","4,464.00","4,408.00","0.83K","-0.94%"
"08-11-2017","4,467.00","4,482.00","4,489.00","4,447.00","0.40K","-0.09%"
"07-11-2017","4,471.00","4,463.00","4,488.00","4,460.00","0.40K","-0.33%"
"06-11-2017","4,486.00","4,521.00","4,521.00","4,430.00","0.35K","-0.47%"
"03-11-2017","4,507.00","4,513.00","4,522.00","4,492.00","0.14K","1.03%"
"02-11-2017","4,461.00","4,450.00","4,475.00","4,441.00","0.51K","-0.36%"
"01-11-2017","4,477.00","4,530.00","4,568.00","4,422.00","0.21K","-0.89%"
"31-10-2017","4,517.00","4,505.00","4,545.00","4,500.00","0.03K","-0.88%"
"30-10-2017","4,557.00","4,613.00","4,613.00","4,538.00","0.05K","-1.04%"
"27-10-2017","4,605.00","4,619.00","4,650.00","4,581.00","0.13K","0.72%"
"26-10-2017","4,572.00","4,519.00","4,665.00","4,517.00","0.31K","1.78%"
"25-10-2017","4,492.00","4,489.00","4,500.00","4,480.00","0.06K","0.27%"
"24-10-2017","4,480.00","4,460.00","4,492.00","4,460.00","0.14K","-1.71%"
"23-10-2017","4,558.00","4,602.00","4,602.00","4,515.00","0.30K","-1.87%"
"19-10-2017","4,645.00","4,645.00","4,645.00","4,645.00","","-0.73%"
"18-10-2017","4,679.00","4,679.00","4,679.00","4,678.00","0.05K","-0.45%"
"17-10-2017","4,700.00","4,700.00","4,700.00","4,700.00","0.05K","-0.53%"
"16-10-2017","4,725.00","4,725.00","4,725.00","4,725.00","","1.16%"
"13-10-2017","4,671.00","4,664.00","4,691.00","4,641.00","2.95K","-0.04%"
"12-10-2017","4,673.00","4,650.00","4,692.00","4,620.00","2.09K","0.49%"
"11-10-2017","4,650.00","4,681.00","4,695.00","4,622.00","3.27K","-0.49%"
"10-10-2017","4,673.00","4,653.00","4,690.00","4,645.00","3.56K","0.91%"
"09-10-2017","4,631.00","4,622.00","4,657.00","4,612.00","3.78K","-0.24%"
"06-10-2017","4,642.00","4,676.00","4,690.00","4,635.00","3.36K","-1.04%"
"05-10-2017","4,691.00","4,701.00","4,710.00","4,670.00","2.75K","-0.36%"
"04-10-2017","4,708.00","4,762.00","4,762.00","4,675.00","2.12K","-1.49%"
"03-10-2017","4,779.00","4,791.00","4,791.00","4,752.00","0.07K","-0.06%"
"29-09-2017","4,782.00","4,780.00","4,790.00","4,780.00","0.21K","0.95%"
"28-09-2017","4,737.00","4,750.00","4,750.00","4,725.00","0.38K","-0.59%"
"27-09-2017","4,765.00","4,765.00","4,765.00","4,764.00","0.02K","0.51%"
"26-09-2017","4,741.00","4,742.00","4,742.00","4,740.00","0.57K","0.21%"
"25-09-2017","4,731.00","4,701.00","4,735.00","4,701.00","0.07K","-1.11%"
"22-09-2017","4,784.00","4,784.00","4,784.00","4,784.00","0.01K","0.31%"
"21-09-2017","4,769.00","4,775.00","4,775.00","4,755.00","0.03K","0.63%"
"20-09-2017","4,739.00","4,784.00","4,795.00","4,728.00","8.15K","-0.77%"
"19-09-2017","4,776.00","4,715.00","4,783.00","4,677.00","6.06K","1.06%"
"18-09-2017","4,726.00","4,800.00","4,810.00","4,707.00","10.14K","-1.58%"
"15-09-2017","4,802.00","4,870.00","4,880.00","4,785.00","5.14K","-1.11%"
"14-09-2017","4,856.00","4,924.00","4,936.00","4,779.00","16.08K","-1.22%"
"13-09-2017","4,916.00","4,903.00","4,932.00","4,897.00","11.01K","0.41%"
"12-09-2017","4,896.00","4,853.00","4,937.00","4,850.00","5.12K","0.64%"
"11-09-2017","4,865.00","4,850.00","4,868.00","4,839.00","4.66K","0.83%"
"08-09-2017","4,825.00","4,810.00","4,838.00","4,806.00","2.83K","0.15%"
"07-09-2017","4,818.00","4,814.00","4,845.00","4,813.00","5.97K","0.02%"
"06-09-2017","4,817.00","4,796.00","4,830.00","4,796.00","1.21K","1.05%"
"05-09-2017","4,767.00","4,767.00","4,767.00","4,767.00","0.36K","0.15%"
"04-09-2017","4,760.00","4,760.00","4,760.00","4,760.00","0.11K","-0.23%"
"01-09-2017","4,771.00","4,765.00","4,775.00","4,765.00","0.05K","-0.65%"
"31-08-2017","4,802.00","4,758.00","4,846.00","4,758.00","0.23K","-0.89%"
"30-08-2017","4,845.00","4,840.00","4,845.00","4,840.00","0.51K","0.48%"
"29-08-2017","4,822.00","4,822.00","4,822.00","4,822.00","0.01K","-0.94%"
"28-08-2017","4,868.00","4,868.00","4,868.00","4,868.00","0.01K","0.08%"
"24-08-2017","4,864.00","4,864.00","4,864.00","4,864.00","","-0.04%"
"23-08-2017","4,866.00","4,866.00","4,866.00","4,866.00","","-0.75%"
"22-08-2017","4,903.00","4,903.00","4,903.00","4,903.00","","0.14%"
"21-08-2017","4,896.00","4,896.00","4,896.00","4,896.00","0.01K","3.60%"
"18-08-2017","4,726.00","4,749.00","4,757.00","4,687.00","5.48K","0.06%"
"17-08-2017","4,723.00","4,747.00","4,763.00","4,713.00","4.94K","0.32%"
"16-08-2017","4,708.00","4,746.00","4,746.00","4,667.00","2.19K","-0.72%"
"14-08-2017","4,742.00","4,753.00","4,756.00","4,709.00","0.18K","0.47%"
"11-08-2017","4,720.00","4,660.00","4,740.00","4,650.00","1.48K","1.42%"
"10-08-2017","4,654.00","4,791.00","4,798.00","4,650.00","2.36K","-2.39%"
"09-08-2017","4,768.00","4,595.00","4,788.00","4,594.00","1.85K","3.03%"
"08-08-2017","4,628.00","4,630.00","4,654.00","4,593.00","1.27K","-0.13%"
"07-08-2017","4,634.00","4,621.00","4,646.00","4,621.00","0.02K","1.16%"
"04-08-2017","4,581.00","4,537.00","4,614.00","4,533.00","0.57K","1.15%"
"03-08-2017","4,529.00","4,560.00","4,569.00","4,521.00","0.52K","-0.79%"
"02-08-2017","4,565.00","4,577.00","4,577.00","4,552.00","0.02K","-1.45%"
"01-08-2017","4,632.00","4,632.00","4,632.00","4,631.00","0.04K","-0.88%"
"31-07-2017","4,673.00","4,670.00","4,675.00","4,670.00","0.17K","0.45%"
"28-07-2017","4,652.00","4,660.00","4,669.00","4,660.00","0.21K","-0.28%"
"27-07-2017","4,665.00","4,660.00","4,669.00","4,660.00","0.21K","1.48%"
"26-07-2017","4,597.00","4,590.00","4,629.00","4,580.00","0.76K","0.22%"
"25-07-2017","4,587.00","4,581.00","4,595.00","4,580.00","0.15K","-0.91%"
"24-07-2017","4,629.00","4,660.00","4,660.00","4,566.00","0.04K","-0.96%"
"21-07-2017","4,674.00","4,674.00","4,674.00","4,674.00","","1.72%"
"20-07-2017","4,595.00","4,591.00","4,627.00","4,583.00","2.81K","-0.28%"
"19-07-2017","4,608.00","4,650.00","4,669.00","4,593.00","3.74K","-1.50%"
"18-07-2017","4,678.00","4,654.00","4,700.00","4,645.00","2.74K","0.41%"
"17-07-2017","4,659.00","4,660.00","4,740.00","4,655.00","2.03K","-0.32%"
"14-07-2017","4,674.00","4,572.00","4,687.00","4,546.00","1.52K","2.30%"
"13-07-2017","4,569.00","4,568.00","4,602.00","4,555.00","1.16K","0.29%"
"12-07-2017","4,556.00","4,525.00","4,568.00","4,515.00","0.80K","0.98%"
"11-07-2017","4,512.00","4,512.00","4,519.00","4,490.00","0.47K","-0.77%"
"10-07-2017","4,547.00","4,549.00","4,549.00","4,544.00","0.04K","-0.53%"
"07-07-2017","4,571.00","4,608.00","4,608.00","4,537.00","0.07K","0.42%"
"06-07-2017","4,552.00","4,536.00","4,567.00","4,536.00","0.02K","1.72%"
"05-07-2017","4,475.00","4,489.00","4,489.00","4,462.00","0.11K","-0.18%"
"04-07-2017","4,483.00","4,488.00","4,500.00","4,465.00","0.09K","-0.38%"
"03-07-2017","4,500.00","4,500.00","4,500.00","4,500.00","0.08K","-1.98%"
"30-06-2017","4,591.00","4,591.00","4,591.00","4,591.00","0.02K","0.90%"
"29-06-2017","4,550.00","4,550.00","4,550.00","4,550.00","","0.00%"
"28-06-2017","4,550.00","4,550.00","4,550.00","4,550.00","","1.00%"
"27-06-2017","4,505.00","4,505.00","4,505.00","4,505.00","","2.99%"
"23-06-2017","4,374.00","4,374.00","4,374.00","4,374.00","0.01K","2.87%"
"22-06-2017","4,252.00","4,252.00","4,254.00","4,250.00","0.07K","-2.92%"
"21-06-2017","4,380.00","4,387.00","4,387.00","4,372.00","0.02K","0.67%"
"20-06-2017","4,351.00","4,387.00","4,424.00","4,336.00","3.71K","-1.49%"
"19-06-2017","4,417.00","4,460.00","4,477.00","4,390.00","1.74K","-1.12%"
"16-06-2017","4,467.00","4,443.00","4,485.00","4,410.00","2.95K","0.56%"
"15-06-2017","4,442.00","4,426.00","4,575.00","4,420.00","2.81K","-0.11%"
"14-06-2017","4,447.00","4,405.00","4,470.00","4,399.00","1.84K","1.55%"
"13-06-2017","4,379.00","4,396.00","4,440.00","4,361.00","2.08K","-0.27%"
"12-06-2017","4,391.00","4,392.00","4,444.00","4,385.00","5.44K","0.16%"
"09-06-2017","4,384.00","4,350.00","4,403.00","4,350.00","1.66K","0.97%"
"08-06-2017","4,342.00","4,306.00","4,350.00","4,275.00","0.96K","1.14%"
"07-06-2017","4,293.00","4,350.00","4,368.00","4,278.00","1.00K","-2.65%"
"06-06-2017","4,410.00","4,500.00","4,504.00","4,350.00","0.86K","-1.52%"
"05-06-2017","4,478.00","4,469.00","4,501.00","4,449.00","0.35K","0.58%"
"02-06-2017","4,452.00","4,431.00","4,490.00","4,389.00","2.55K","1.00%"
"01-06-2017","4,408.00","4,428.00","4,428.00","4,383.00","1.08K","0.69%"
"31-05-2017","4,378.00","4,435.00","4,435.00","4,338.00","0.21K","-2.10%"
"30-05-2017","4,472.00","4,470.00","4,510.00","4,387.00","1.66K","-0.36%"
"29-05-2017","4,488.00","4,633.00","4,633.00","4,488.00","0.46K","-3.98%"
"26-05-2017","4,674.00","4,647.00","4,685.00","4,647.00","0.66K","1.72%"
"25-05-2017","4,595.00","4,590.00","4,617.00","4,573.00","1.08K","0.24%"
"24-05-2017","4,584.00","4,631.00","4,631.00","4,555.00","1.88K","-0.65%"
"23-05-2017","4,614.00","4,635.00","4,638.00","4,590.00","2.58K","-0.88%"
"22-05-2017","4,655.00","4,664.00","4,680.00","4,611.00","5.60K","0.43%"
"19-05-2017","4,635.00","4,676.00","4,721.00","4,623.00","4.35K","-0.17%"
"18-05-2017","4,643.00","4,602.00","4,675.00","4,602.00","6.64K","0.96%"
"17-05-2017","4,599.00","4,604.00","4,655.00","4,579.00","4.29K","0.57%"
"16-05-2017","4,573.00","4,461.00","4,573.00","4,450.00","3.45K","3.00%"
"15-05-2017","4,440.00","4,468.00","4,533.00","4,413.00","2.03K","-2.29%"
"12-05-2017","4,544.00","4,600.00","4,622.00","4,515.00","1.92K","-2.26%"
"11-05-2017","4,649.00","4,684.00","4,693.00","4,615.00","1.48K","0.41%"
"10-05-2017","4,630.00","4,617.00","4,679.00","4,568.00","1.69K","-0.77%"
"09-05-2017","4,666.00","4,492.00","4,666.00","4,458.00","1.99K","3.99%"
"08-05-2017","4,487.00","4,625.00","4,633.00","4,455.00","1.10K","-2.01%"
"05-05-2017","4,579.00","4,491.00","4,622.00","4,415.00","1.80K","0.62%"
"04-05-2017","4,551.00","4,570.00","4,589.00","4,448.00","2.31K","-0.42%"
"03-05-2017","4,570.00","4,601.00","4,694.00","4,570.00","1.10K","-2.99%"
"02-05-2017","4,711.00","4,814.00","4,814.00","4,703.00","0.54K","-2.83%"
"28-04-2017","4,848.00","4,902.00","4,902.00","4,798.00","0.11K","-1.38%"
"27-04-2017","4,916.00","4,930.00","4,934.00","4,862.00","0.17K","0.82%"
"26-04-2017","4,876.00","4,855.00","4,921.00","4,848.00","0.07K","0.37%"
"25-04-2017","4,858.00","4,854.00","4,862.00","4,854.00","0.09K","0.25%"
"24-04-2017","4,846.00","4,874.00","4,874.00","4,790.00","0.11K","-2.87%"
"21-04-2017","4,989.00","4,990.00","4,990.00","4,987.00","0.03K","1.75%"
"20-04-2017","4,903.00","4,806.00","4,924.00","4,791.00","10.13K","3.40%"
"19-04-2017","4,742.00","4,698.00","4,787.00","4,698.00","7.96K","1.65%"
"18-04-2017","4,665.00","4,700.00","4,759.00","4,625.00","7.19K","0.00%"
"17-04-2017","4,665.00","4,761.00","4,770.00","4,649.00","7.77K","-3.66%"
"13-04-2017","4,842.00","4,813.00","4,923.00","4,802.00","2.68K","0.14%"
"12-04-2017","4,835.00","4,857.00","4,888.00","4,776.00","1.94K","-0.37%"
"11-04-2017","4,853.00","4,994.00","5,014.00","4,825.00","1.64K","-2.28%"
"10-04-2017","4,966.00","4,904.00","4,980.00","4,904.00","1.35K","1.02%"
"07-04-2017","4,916.00","5,001.00","5,005.00","4,875.00","2.56K","-2.05%"
"06-04-2017","5,019.00","5,056.00","5,059.00","4,972.00","2.42K","0.04%"
"05-04-2017","5,017.00","5,200.00","5,232.00","4,985.00","3.87K","-2.37%"
"04-04-2017","5,139.00","5,139.00","5,139.00","5,139.00","","0.00%"
"03-04-2017","5,139.00","5,040.00","5,139.00","5,028.00","1.71K","3.99%"
"31-03-2017","4,942.00","4,957.00","4,983.00","4,896.00","1.39K","0.06%"
"30-03-2017","4,939.00","4,924.00","4,979.00","4,899.00","0.79K","1.71%"
"29-03-2017","4,856.00","4,865.00","4,880.00","4,810.00","1.07K","-0.59%"
"28-03-2017","4,885.00","4,814.00","4,929.00","4,781.00","1.75K","2.15%"
"27-03-2017","4,782.00","4,771.00","4,926.00","4,739.00","11.60K","-2.77%"
"24-03-2017","4,918.00","5,134.00","5,151.00","4,910.00","7.92K","-2.65%"
"23-03-2017","5,052.00","4,920.00","5,065.00","4,918.00","3.82K","3.72%"
"22-03-2017","4,871.00","4,794.00","4,895.00","4,781.00","2.83K","2.81%"
"21-03-2017","4,738.00","4,680.00","4,762.00","4,679.00","1.16K","1.96%"
"20-03-2017","4,647.00","4,630.00","4,733.00","4,594.00","34.61K","0.32%"
"17-03-2017","4,632.00","4,469.00","4,632.00","4,468.00","30.09K","4.00%"
"16-03-2017","4,454.00","4,431.00","4,482.00","4,411.00","9.87K","0.41%"
"15-03-2017","4,436.00","4,416.00","4,451.00","4,388.00","12.32K","0.61%"
"14-03-2017","4,409.00","4,333.00","4,420.00","4,327.00","14.32K","1.47%"
"10-03-2017","4,345.00","4,343.00","4,380.00","4,305.00","3.78K","0.23%"
"09-03-2017","4,335.00","4,414.00","4,425.00","4,328.00","4.24K","-1.63%"
"08-03-2017","4,407.00","4,347.00","4,428.00","4,325.00","4.43K","1.26%"
"07-03-2017","4,352.00","4,397.00","4,439.00","4,341.00","6.88K","-1.65%"
"06-03-2017","4,425.00","4,307.00","4,425.00","4,301.00","4.75K","4.00%"
"03-03-2017","4,255.00","4,233.00","4,286.00","4,230.00","1.37K","0.28%"
"02-03-2017","4,243.00","4,230.00","4,259.00","4,220.00","0.99K","1.07%"
"01-03-2017","4,198.00","4,165.00","4,239.00","4,165.00","2.82K","2.39%"
"28-02-2017","4,100.00","4,096.00","4,106.00","4,092.00","1.04K","0.15%"
"27-02-2017","4,094.00","4,059.00","4,110.00","4,059.00","0.35K","1.09%"
"24-02-2017","4,050.00","4,050.00","4,050.00","4,050.00","","0.00%"
"23-02-2017","4,050.00","4,071.00","4,071.00","4,034.00","0.38K","-0.47%"
"22-02-2017","4,069.00","4,055.00","4,080.00","4,050.00","0.13K","0.12%"
"21-02-2017","4,064.00","4,084.00","4,084.00","4,052.00","0.17K","0.47%"
"20-02-2017","4,045.00","4,100.00","4,110.00","4,016.00","6.99K","-0.34%"
"17-02-2017","4,059.00","4,031.00","4,074.00","4,031.00","5.07K","0.79%"
"16-02-2017","4,027.00","4,005.00","4,037.00","3,985.00","1.83K","0.95%"
"15-02-2017","3,989.00","3,969.00","4,015.00","3,969.00","1.56K","0.76%"
"14-02-2017","3,959.00","3,968.00","3,980.00","3,937.00","1.76K","-0.10%"
"13-02-2017","3,963.00","3,983.00","4,002.00","3,960.00","0.74K","-0.73%"
"10-02-2017","3,992.00","4,021.00","4,031.00","3,989.00","1.33K","-0.92%"
"09-02-2017","4,029.00","4,048.00","4,056.00","4,020.00","1.04K","-0.76%"
"08-02-2017","4,060.00","4,030.00","4,066.00","4,030.00","0.89K","0.67%"
"07-02-2017","4,033.00","4,016.00","4,035.00","4,016.00","1.13K","0.42%"
"06-02-2017","4,016.00","4,050.00","4,050.00","4,012.00","1.64K","-1.01%"
"03-02-2017","4,057.00","4,037.00","4,070.00","4,010.00","0.65K","-0.66%"
"02-02-2017","4,084.00","4,091.00","4,091.00","4,065.00","0.51K","-0.17%"
"01-02-2017","4,091.00","4,100.00","4,110.00","4,080.00","1.71K","0.12%"
"31-01-2017","4,086.00","4,078.00","4,090.00","4,068.00","0.72K","0.39%"
"30-01-2017","4,070.00","4,073.00","4,078.00","4,062.00","0.33K","-1.12%"
"27-01-2017","4,116.00","4,125.00","4,138.00","4,101.00","0.13K","0.29%"
"25-01-2017","4,104.00","4,080.00","4,119.00","4,080.00","0.98K","0.59%"
"24-01-2017","4,080.00","4,140.00","4,165.00","4,068.00","1.02K","-1.28%"
"23-01-2017","4,133.00","4,152.00","4,162.00","4,130.00","0.81K","-1.15%"
"20-01-2017","4,181.00","4,191.00","4,200.00","4,147.00","0.93K","0.36%"
"19-01-2017","4,166.00","4,197.00","4,198.00","4,160.00","1.20K","-1.30%"
"18-01-2017","4,221.00","4,238.00","4,254.00","4,211.00","0.73K","-1.10%"
"17-01-2017","4,268.00","4,275.00","4,289.00","4,248.00","0.69K","0.02%"
"16-01-2017","4,267.00","4,283.00","4,285.00","4,252.00","0.78K","0.19%"
"13-01-2017","4,259.00","4,235.00","4,280.00","4,235.00","0.54K","0.24%"
"12-01-2017","4,249.00","4,271.00","4,286.00","4,209.00","0.64K","0.54%"
"11-01-2017","4,226.00","4,186.00","4,270.00","4,186.00","0.41K","2.25%"
"10-01-2017","4,133.00","4,128.00","4,141.00","4,117.00","0.14K","1.13%"
"09-01-2017","4,087.00","4,087.00","4,087.00","4,087.00","","0.86%"
"06-01-2017","4,052.00","4,052.00","4,052.00","4,052.00","","2.07%"
"05-01-2017","3,970.00","3,970.00","3,970.00","3,970.00","0.02K","26.84%"