"Date","Price","Open","High","Low","Vol.","Change %"
"30-04-2026","6,619.00","6,634.00","6,688.00","6,610.00","5.82K","0.26%"
"29-04-2026","6,602.00","6,591.00","6,619.00","6,570.00","2.04K","0.33%"
"28-04-2026","6,580.00","6,530.00","6,588.00","6,518.00","2.46K","0.55%"
"27-04-2026","6,544.00","6,572.00","6,580.00","6,535.00","2.40K","-0.59%"
"24-04-2026","6,583.00","6,600.00","6,615.00","6,572.00","2.10K","-0.11%"
"23-04-2026","6,590.00","6,598.00","6,598.00","6,560.00","1.37K","0.26%"
"22-04-2026","6,573.00","6,550.00","6,583.00","6,550.00","1.20K","0.41%"
"21-04-2026","6,546.00","6,621.00","6,650.00","6,531.00","0.35K","1.00%"
"20-04-2026","6,481.00","6,486.00","6,498.00","6,466.00","2.73K","-0.48%"
"17-04-2026","6,512.00","6,490.00","6,528.00","6,489.00","6.84K","0.26%"
"16-04-2026","6,495.00","6,470.00","6,522.00","6,454.00","7.11K","0.51%"
"15-04-2026","6,462.00","6,470.00","6,479.00","6,432.00","5.43K","-0.20%"
"13-04-2026","6,475.00","6,448.00","6,522.00","6,442.00","6.56K","0.42%"
"10-04-2026","6,448.00","6,465.00","6,498.00","6,440.00","7.95K","-0.12%"
"09-04-2026","6,456.00","6,415.00","6,498.00","6,414.00","5.37K","0.23%"
"08-04-2026","6,441.00","6,416.00","6,467.00","6,402.00","3.87K","-0.25%"
"07-04-2026","6,457.00","6,421.00","6,484.00","6,408.00","4.43K","0.34%"
"06-04-2026","6,435.00","6,500.00","6,500.00","6,426.00","5.27K","-1.74%"
"02-04-2026","6,549.00","6,552.00","6,594.00","6,533.00","3.03K","-0.14%"
"01-04-2026","6,558.00","6,615.00","6,619.00","6,516.00","2.15K","-0.97%"
"30-03-2026","6,622.00","6,610.00","6,631.00","6,565.00","2.19K","0.18%"
"27-03-2026","6,610.00","6,621.00","6,621.00","6,590.00","1.43K","-0.51%"
"25-03-2026","6,644.00","6,605.00","6,649.00","6,605.00","0.95K","0.64%"
"24-03-2026","6,602.00","6,600.00","6,617.00","6,583.00","0.40K","0.24%"
"23-03-2026","6,586.00","6,592.00","6,624.00","6,552.00","1.48K","0.92%"
"20-03-2026","6,526.00","6,500.00","6,549.00","6,464.00","4.05K","0.63%"
"19-03-2026","6,485.00","6,460.00","6,499.00","6,425.00","4.79K","0.73%"
"18-03-2026","6,438.00","6,450.00","6,457.00","6,426.00","5.10K","-0.06%"
"17-03-2026","6,442.00","6,441.00","6,474.00","6,416.00","4.20K","0.03%"
"16-03-2026","6,440.00","6,488.00","6,518.00","6,430.00","5.10K","-0.28%"
"13-03-2026","6,458.00","6,430.00","6,469.00","6,410.00","4.08K","0.53%"
"12-03-2026","6,424.00","6,498.00","6,505.00","6,402.00","6.33K","-0.76%"
"11-03-2026","6,473.00","6,418.00","6,498.00","6,400.00","8.86K","0.94%"
"10-03-2026","6,413.00","6,416.00","6,445.00","6,380.00","4.74K","-0.22%"
"09-03-2026","6,427.00","6,320.00","6,465.00","6,320.00","8.55K","1.66%"
"06-03-2026","6,322.00","6,346.00","6,388.00","6,315.00","5.61K","-0.85%"
"05-03-2026","6,376.00","6,277.00","6,388.00","6,277.00","6.13K","1.43%"
"04-03-2026","6,286.00","6,262.00","6,307.00","6,168.00","1.40K","0.34%"
"02-03-2026","6,265.00","6,270.00","6,300.00","6,258.00","1.48K","-0.24%"
"27-02-2026","6,280.00","6,290.00","6,290.00","6,256.00","2.75K","-0.21%"
"26-02-2026","6,293.00","6,320.00","6,363.00","6,290.00","2.61K","-0.40%"
"25-02-2026","6,318.00","6,296.00","6,340.00","6,292.00","0.78K","0.22%"
"24-02-2026","6,304.00","6,367.00","6,385.00","6,302.00","3.70K","-1.07%"
"23-02-2026","6,372.00","6,352.00","6,384.00","6,348.00","0.91K","0.09%"
"20-02-2026","6,366.00","6,370.00","6,390.00","6,342.00","2.17K","-0.13%"
"19-02-2026","6,374.00","6,326.00","6,390.00","6,326.00","4.72K","0.81%"
"18-02-2026","6,323.00","6,395.00","6,408.00","6,306.00","6.71K","-1.05%"
"17-02-2026","6,390.00","6,370.00","6,461.00","6,350.00","7.52K","0.11%"
"16-02-2026","6,383.00","6,430.00","6,448.00","6,372.00","5.01K","-0.82%"
"13-02-2026","6,436.00","6,391.00","6,458.00","6,391.00","6.48K","0.42%"
"12-02-2026","6,409.00","6,464.00","6,464.00","6,400.00","3.22K","-0.56%"
"11-02-2026","6,445.00","6,495.00","6,515.00","6,428.00","6.12K","-0.98%"
"10-02-2026","6,509.00","6,508.00","6,554.00","6,500.00","5.40K","0.22%"
"09-02-2026","6,495.00","6,425.00","6,526.00","6,425.00","3.88K","0.62%"
"06-02-2026","6,455.00","6,470.00","6,485.00","6,425.00","4.35K","-0.39%"
"05-02-2026","6,480.00","6,450.00","6,488.00","6,450.00","3.67K","0.42%"
"04-02-2026","6,453.00","6,405.00","6,472.00","6,400.00","1.88K","0.70%"
"03-02-2026","6,408.00","6,459.00","6,468.00","6,402.00","1.90K","-0.45%"
"02-02-2026","6,437.00","6,363.00","6,454.00","6,363.00","1.43K","0.33%"
"01-02-2026","6,416.00","6,472.00","6,475.00","6,408.00","1.19K","-0.71%"
"30-01-2026","6,462.00","6,470.00","6,505.00","6,450.00","2.87K","0.08%"
"29-01-2026","6,457.00","6,440.00","6,466.00","6,417.00","1.26K","0.59%"
"28-01-2026","6,419.00","6,376.00","6,439.00","6,351.00","2.27K","-0.06%"
"27-01-2026","6,423.00","6,485.00","6,503.00","6,386.00","2.41K","-1.43%"
"23-01-2026","6,516.00","6,510.00","6,530.00","6,486.00","0.89K","-0.18%"
"22-01-2026","6,528.00","6,565.00","6,600.00","6,517.00","0.89K","-0.53%"
"21-01-2026","6,563.00","6,490.00","6,565.00","6,490.00","1.82K","1.58%"
"20-01-2026","6,461.00","6,467.00","6,495.00","6,410.00","1.95K","0.23%"
"19-01-2026","6,446.00","6,507.00","6,507.00","6,412.00","3.11K","-0.82%"
"16-01-2026","6,499.00","6,480.00","6,524.00","6,480.00","4.70K","0.17%"
"14-01-2026","6,488.00","6,530.00","6,534.00","6,475.00","4.12K","-1.05%"
"13-01-2026","6,557.00","6,626.00","6,626.00","6,520.00","5.59K","-1.07%"
"12-01-2026","6,628.00","6,700.00","6,700.00","6,618.00","6.64K","-0.57%"
"09-01-2026","6,666.00","6,663.00","6,697.00","6,648.00","2.55K","-0.01%"
"08-01-2026","6,667.00","6,675.00","6,688.00","6,644.00","3.88K","-0.27%"
"07-01-2026","6,685.00","6,626.00","6,689.00","6,610.00","5.62K","0.68%"
"06-01-2026","6,640.00","6,697.00","6,700.00","6,626.00","6.80K","-0.84%"
"05-01-2026","6,696.00","6,724.00","6,750.00","6,666.00","4.04K","-0.49%"
"02-01-2026","6,729.00","6,701.00","6,745.00","6,700.00","1.68K","0.39%"
"01-01-2026","6,703.00","6,700.00","6,737.00","6,700.00","2.16K","-0.31%"
"31-12-2025","6,724.00","6,755.00","6,775.00","6,685.00","2.46K","-0.65%"
"30-12-2025","6,768.00","6,730.00","6,772.00","6,718.00","2.36K","0.53%"
"29-12-2025","6,732.00","6,822.00","6,838.00","6,720.00","3.33K","-1.62%"
"26-12-2025","6,843.00","6,880.00","6,880.00","6,821.00","3.83K","-0.01%"
"24-12-2025","6,844.00","6,837.00","6,848.00","6,795.00","5.22K","0.20%"
"23-12-2025","6,830.00","6,842.00","6,850.00","6,817.00","0.49K","-0.51%"
"22-12-2025","6,865.00","6,873.00","6,883.00","6,859.00","0.14K","-0.98%"
"19-12-2025","6,933.00","6,968.00","6,980.00","6,921.00","2.40K","-0.29%"
"18-12-2025","6,953.00","6,910.00","6,965.00","6,873.00","5.87K","0.75%"
"17-12-2025","6,901.00","6,858.00","6,920.00","6,646.00","6.08K","0.26%"
"16-12-2025","6,883.00","6,940.00","6,940.00","6,874.00","4.69K","-0.56%"
"15-12-2025","6,922.00","6,970.00","6,995.00","6,914.00","3.82K","-0.36%"
"12-12-2025","6,947.00","6,991.00","6,991.00","6,944.00","2.73K","-0.24%"
"11-12-2025","6,964.00","6,960.00","6,985.00","6,955.00","1.95K","-0.01%"
"10-12-2025","6,965.00","6,954.00","7,017.00","6,954.00","4.54K","-0.41%"
"09-12-2025","6,994.00","6,976.00","7,005.00","6,939.00","5.87K","0.14%"
"08-12-2025","6,984.00","7,040.00","7,040.00","6,974.00","4.18K","-0.77%"
"05-12-2025","7,038.00","7,038.00","7,069.00","7,026.00","4.30K","-0.30%"
"04-12-2025","7,059.00","7,066.00","7,103.00","7,044.00","4.36K","-0.04%"
"03-12-2025","7,062.00","7,092.00","7,140.00","7,012.00","5.17K","0.24%"
"02-12-2025","7,045.00","6,954.00","7,060.00","6,954.00","4.81K","1.09%"
"01-12-2025","6,969.00","7,011.00","7,012.00","6,930.00","3.05K","0.40%"
"28-11-2025","6,941.00","6,920.00","6,959.00","6,915.00","2.08K","0.38%"
"27-11-2025","6,915.00","6,916.00","6,935.00","6,888.00","1.01K","0.25%"
"26-11-2025","6,898.00","6,777.00","6,908.00","6,777.00","2.17K","0.80%"
"25-11-2025","6,843.00","6,834.00","6,850.00","6,820.00","0.77K","-0.26%"
"24-11-2025","6,861.00","6,853.00","6,876.00","6,842.00","0.28K","0.16%"
"21-11-2025","6,850.00","6,854.00","6,860.00","6,840.00","0.85K","-1.03%"
"20-11-2025","6,921.00","6,914.00","6,955.00","6,886.00","2.71K","-0.16%"
"19-11-2025","6,932.00","6,951.00","6,994.00","6,924.00","5.32K","-0.20%"
"18-11-2025","6,946.00","6,899.00","6,958.00","6,890.00","13.24K","0.77%"
"17-11-2025","6,893.00","6,828.00","6,902.00","6,822.00","3.28K","0.50%"
"14-11-2025","6,859.00","6,910.00","6,920.00","6,850.00","4.36K","-0.91%"
"13-11-2025","6,922.00","6,930.00","6,969.00","6,906.00","2.41K","-0.22%"
"12-11-2025","6,937.00","6,910.00","6,950.00","6,910.00","6.10K","0.48%"
"11-11-2025","6,904.00","6,860.00","6,958.00","6,855.00","5.52K","0.71%"
"10-11-2025","6,855.00","6,838.00","6,866.00","6,827.00","3.18K","0.38%"
"07-11-2025","6,829.00","6,863.00","6,867.00","6,819.00","4.92K","-0.50%"
"06-11-2025","6,863.00","6,789.00","6,876.00","6,789.00","4.83K","0.87%"
"04-11-2025","6,804.00","6,837.00","6,837.00","6,782.00","6.48K","-0.44%"
"03-11-2025","6,834.00","6,855.00","6,875.00","6,824.00","4.23K","-0.60%"
"31-10-2025","6,875.00","6,890.00","6,895.00","6,845.00","3.47K","0.03%"
"30-10-2025","6,873.00","6,809.00","6,885.00","6,790.00","2.04K","1.07%"
"29-10-2025","6,800.00","6,794.00","6,855.00","6,794.00","1.69K","0.12%"
"28-10-2025","6,792.00","6,770.00","6,807.00","6,760.00","1.85K","0.50%"
"27-10-2025","6,758.00","6,759.00","6,769.00","6,724.00","2.27K","0.19%"
"24-10-2025","6,745.00","6,762.00","6,770.00","6,740.00","1.04K","-0.49%"
"23-10-2025","6,778.00","6,847.00","6,847.00","6,768.00","1.32K","-0.72%"
"21-10-2025","6,827.00","6,817.00","6,834.00","6,815.00","0.34K","0.95%"
"20-10-2025","6,763.00","6,788.00","6,836.00","6,752.00","3.90K","0.06%"
"17-10-2025","6,759.00","6,790.00","6,790.00","6,721.00","3.27K","0.01%"
"16-10-2025","6,758.00","6,645.00","6,770.00","6,645.00","6.55K","1.62%"
"15-10-2025","6,650.00","6,650.00","6,686.00","6,643.00","4.96K","-0.25%"
"14-10-2025","6,667.00","6,722.00","6,724.00","6,664.00","5.76K","-0.71%"
"13-10-2025","6,715.00","6,610.00","6,760.00","6,602.00","9.54K","1.80%"
"10-10-2025","6,596.00","6,579.00","6,620.00","6,569.00","6.93K","0.30%"
"09-10-2025","6,576.00","6,585.00","6,594.00","6,545.00","5.79K","-0.08%"
"08-10-2025","6,581.00","6,596.00","6,608.00","6,570.00","3.63K","0.03%"
"07-10-2025","6,579.00","6,560.00","6,596.00","6,555.00","2.37K","0.53%"
"06-10-2025","6,544.00","6,494.00","6,590.00","6,472.00","3.48K","0.03%"
"03-10-2025","6,542.00","6,630.00","6,630.00","6,538.00","3.76K","-1.31%"
"01-10-2025","6,629.00","6,615.00","6,671.00","6,608.00","4.77K","0.38%"
"30-09-2025","6,604.00","6,520.00","6,615.00","6,520.00","4.11K","1.09%"
"29-09-2025","6,533.00","6,498.00","6,568.00","6,485.00","3.67K","0.83%"
"26-09-2025","6,479.00","6,477.00","6,495.00","6,450.00","1.57K","-0.23%"
"25-09-2025","6,494.00","6,573.00","6,573.00","6,483.00","2.69K","-0.99%"
"24-09-2025","6,559.00","6,553.00","6,565.00","6,546.00","1.51K","-0.03%"
"23-09-2025","6,561.00","6,603.00","6,611.00","6,556.00","2.31K","-0.65%"
"22-09-2025","6,604.00","6,645.00","6,645.00","6,551.00","3.97K","0.30%"
"19-09-2025","6,584.00","6,602.00","6,620.00","6,581.00","5.94K","-0.54%"
"18-09-2025","6,620.00","6,655.00","6,660.00","6,608.00","4.42K","-0.57%"
"17-09-2025","6,658.00","6,672.00","6,675.00","6,642.00","4.85K","-0.21%"
"16-09-2025","6,672.00","6,680.00","6,680.00","6,650.00","4.42K","-0.06%"
"15-09-2025","6,676.00","6,670.00","6,698.00","6,658.00","1.95K","0.06%"
"12-09-2025","6,672.00","6,685.00","6,685.00","6,650.00","4.09K","-0.13%"
"11-09-2025","6,681.00","6,680.00","6,695.00","6,659.00","2.37K","0.01%"
"10-09-2025","6,680.00","6,683.00","6,704.00","6,676.00","5.57K","0.03%"
"09-09-2025","6,678.00","6,668.00","6,690.00","6,632.00","4.75K","0.03%"
"08-09-2025","6,676.00","6,688.00","6,698.00","6,671.00","4.36K","0.38%"
"05-09-2025","6,651.00","6,685.00","6,710.00","6,646.00","4.43K","-0.51%"
"04-09-2025","6,685.00","6,683.00","6,724.00","6,680.00","2.62K","0.04%"
"03-09-2025","6,682.00","6,638.00","6,694.00","6,634.00","2.10K","0.65%"
"02-09-2025","6,639.00","6,643.00","6,643.00","6,604.00","3.49K","0.12%"
"01-09-2025","6,631.00","6,680.00","6,685.00","6,624.00","3.74K","-0.78%"
"29-08-2025","6,683.00","6,698.00","6,702.00","6,680.00","1.16K","-0.22%"
"28-08-2025","6,698.00","6,749.00","6,749.00","6,656.00","1.60K","-0.55%"
"26-08-2025","6,735.00","6,752.00","6,757.00","6,730.00","1.38K","-0.28%"
"25-08-2025","6,754.00","6,805.00","6,811.00","6,748.00","4.71K","-0.57%"
"22-08-2025","6,793.00","6,746.00","6,807.00","6,738.00","6.41K","0.34%"
"21-08-2025","6,770.00","6,758.00","6,782.00","6,758.00","0.45K","1.12%"
"20-08-2025","6,695.00","6,650.00","6,700.00","6,635.00","5.29K","0.68%"
"19-08-2025","6,650.00","6,631.00","6,666.00","6,612.00","3.92K","0.11%"
"18-08-2025","6,643.00","6,606.00","6,656.00","6,606.00","6.51K","0.56%"
"14-08-2025","6,606.00","6,619.00","6,638.00","6,601.00","3.64K","0.02%"
"13-08-2025","6,605.00","6,615.00","6,622.00","6,596.00","4.34K","-0.18%"
"12-08-2025","6,617.00","6,652.00","6,661.00","6,610.00","6.43K","-0.57%"
"11-08-2025","6,655.00","6,684.00","6,699.00","6,632.00","6.35K","-0.43%"
"08-08-2025","6,684.00","6,701.00","6,718.00","6,680.00","5.78K","-0.30%"
"07-08-2025","6,704.00","6,703.00","6,725.00","6,696.00","4.76K","0.06%"
"06-08-2025","6,700.00","6,670.00","6,701.00","6,667.00","3.51K","0.56%"
"05-08-2025","6,663.00","6,651.00","6,677.00","6,650.00","3.75K","0.06%"
"04-08-2025","6,659.00","6,693.00","6,712.00","6,652.00","4.04K","-0.39%"
"01-08-2025","6,685.00","6,703.00","6,703.00","6,657.00","1.75K","-0.22%"
"31-07-2025","6,700.00","6,650.00","6,705.00","6,650.00","1.94K","0.56%"
"30-07-2025","6,663.00","6,665.00","6,687.00","6,650.00","2.82K","-0.03%"
"29-07-2025","6,665.00","6,666.00","6,710.00","6,661.00","2.69K","-0.30%"
"28-07-2025","6,685.00","6,757.00","6,757.00","6,677.00","3.26K","-1.34%"
"25-07-2025","6,776.00","6,800.00","6,808.00","6,767.00","0.99K","-0.29%"
"24-07-2025","6,796.00","6,750.00","6,809.00","6,750.00","1.63K","0.76%"
"23-07-2025","6,745.00","6,770.00","6,787.00","6,740.00","2.67K","-0.21%"
"22-07-2025","6,759.00","6,760.00","6,772.00","6,744.00","0.86K","0.10%"
"21-07-2025","6,752.00","6,807.00","6,810.00","6,741.00","3.02K","-0.09%"
"18-07-2025","6,758.00","6,765.00","6,775.00","6,698.00","8.49K","-0.16%"
"17-07-2025","6,769.00","6,760.00","6,780.00","6,715.00","2.35K","-0.01%"
"16-07-2025","6,770.00","6,815.00","6,815.00","6,760.00","5.10K","-0.66%"
"15-07-2025","6,815.00","6,820.00","6,831.00","6,783.00","6.00K","0.06%"
"14-07-2025","6,811.00","6,776.00","6,838.00","6,750.00","6.74K","0.52%"
"11-07-2025","6,776.00","6,811.00","6,828.00","6,751.00","7.43K","-0.78%"
"10-07-2025","6,829.00","6,885.00","6,885.00","6,821.00","3.90K","-0.61%"
"09-07-2025","6,871.00","6,920.00","6,925.00","6,869.00","4.30K","-0.55%"
"08-07-2025","6,909.00","6,867.00","6,940.00","6,850.00","7.51K","0.60%"
"07-07-2025","6,868.00","6,868.00","6,913.00","6,850.00","5.71K","-0.56%"
"04-07-2025","6,907.00","6,916.00","6,948.00","6,890.00","5.97K","-0.27%"
"03-07-2025","6,926.00","6,987.00","7,005.00","6,915.00","8.18K","-0.69%"
"02-07-2025","6,974.00","6,930.00","6,980.00","6,888.00","6.25K","0.56%"
"01-07-2025","6,935.00","6,930.00","6,959.00","6,881.00","7.09K","0.16%"
"30-06-2025","6,924.00","6,913.00","6,938.00","6,897.00","4.55K","0.61%"
"27-06-2025","6,882.00","6,834.00","6,884.00","6,829.00","2.38K","0.88%"
"26-06-2025","6,822.00","6,799.00","6,830.00","6,787.00","2.74K","0.62%"
"25-06-2025","6,780.00","6,793.00","6,813.00","6,775.00","2.43K","-0.15%"
"24-06-2025","6,790.00","6,778.00","6,840.00","6,778.00","2.25K","-0.06%"
"23-06-2025","6,794.00","6,745.00","6,815.00","6,722.00","3.67K","1.52%"
"20-06-2025","6,692.00","6,701.00","6,737.00","6,680.00","5.31K","-0.13%"
"19-06-2025","6,701.00","6,677.00","6,705.00","6,676.00","3.80K","0.36%"
"18-06-2025","6,677.00","6,655.00","6,686.00","6,631.00","3.65K","0.12%"
"17-06-2025","6,669.00","6,698.00","6,715.00","6,653.00","4.67K","-0.51%"
"16-06-2025","6,703.00","6,655.00","6,728.00","6,655.00","7.56K","1.12%"
"13-06-2025","6,629.00","6,635.00","6,670.00","6,602.00","5.13K","-0.26%"
"12-06-2025","6,646.00","6,618.00","6,665.00","6,618.00","3.93K","-0.05%"
"11-06-2025","6,649.00","6,638.00","6,688.00","6,630.00","4.95K","0.18%"
"10-06-2025","6,637.00","6,500.00","6,664.00","6,458.00","17.35K","1.67%"
"09-06-2025","6,528.00","6,478.00","6,535.00","6,478.00","9.75K","0.99%"
"06-06-2025","6,464.00","6,460.00","6,477.00","6,457.00","3.92K","0.00%"
"05-06-2025","6,464.00","6,475.00","6,491.00","6,455.00","4.26K","-0.09%"
"04-06-2025","6,470.00","6,440.00","6,478.00","6,437.00","6.02K","0.65%"
"03-06-2025","6,428.00","6,450.00","6,466.00","6,421.00","1.69K","-0.28%"
"02-06-2025","6,446.00","6,437.00","6,458.00","6,411.00","3.33K","-0.06%"
"30-05-2025","6,450.00","6,479.00","6,479.00","6,435.00","1.68K","-0.45%"
"29-05-2025","6,479.00","6,460.00","6,496.00","6,458.00","2.42K","0.43%"
"28-05-2025","6,451.00","6,468.00","6,470.00","6,440.00","1.91K","-0.08%"
"27-05-2025","6,456.00","6,456.00","6,482.00","6,378.00","4.25K","-0.29%"
"26-05-2025","6,475.00","6,472.00","6,489.00","6,460.00","2.17K","0.34%"
"23-05-2025","6,453.00","6,507.00","6,521.00","6,450.00","2.99K","-0.45%"
"22-05-2025","6,482.00","6,455.00","6,511.00","6,455.00","1.38K","0.64%"
"21-05-2025","6,441.00","6,445.00","6,452.00","6,420.00","4.75K","0.62%"
"20-05-2025","6,401.00","6,448.00","6,457.00","6,390.00","4.24K","-0.70%"
"19-05-2025","6,446.00","6,448.00","6,450.00","6,403.00","5.00K","0.09%"
"16-05-2025","6,440.00","6,440.00","6,480.00","6,430.00","6.09K","0.03%"
"15-05-2025","6,438.00","6,468.00","6,471.00","6,425.00","6.12K","-0.62%"
"14-05-2025","6,478.00","6,400.00","6,489.00","6,387.00","11.33K","1.46%"
"13-05-2025","6,385.00","6,352.00","6,400.00","6,335.00","4.87K","0.28%"
"12-05-2025","6,367.00","6,308.00","6,385.00","6,301.00","6.31K","0.97%"
"09-05-2025","6,306.00","6,230.00","6,315.00","6,209.00","9.54K","0.96%"
"08-05-2025","6,246.00","6,240.00","6,298.00","6,228.00","8.72K","0.24%"
"07-05-2025","6,231.00","6,205.00","6,235.00","6,192.00","3.26K","0.31%"
"06-05-2025","6,212.00","6,250.00","6,292.00","6,206.00","3.69K","-0.67%"
"05-05-2025","6,254.00","6,306.00","6,306.00","6,240.00","4.47K","-0.90%"
"02-05-2025","6,311.00","6,293.00","6,336.00","6,288.00","2.51K","0.29%"
"30-04-2025","6,293.00","6,311.00","6,327.00","6,262.00","3.54K","-0.52%"
"29-04-2025","6,326.00","6,290.00","6,350.00","6,280.00","1.97K","0.27%"
"28-04-2025","6,309.00","6,368.00","6,410.00","6,303.00","2.95K","-0.74%"
"25-04-2025","6,356.00","6,312.00","6,372.00","6,301.00","1.69K","0.81%"
"24-04-2025","6,305.00","6,317.00","6,334.00","6,290.00","0.85K","0.06%"
"23-04-2025","6,301.00","6,353.00","6,360.00","6,282.00","2.47K","-1.04%"
"22-04-2025","6,367.00","6,391.00","6,403.00","6,360.00","2.85K","-0.76%"
"21-04-2025","6,416.00","6,418.00","6,440.00","6,405.00","3.10K","0.22%"
"17-04-2025","6,402.00","6,372.00","6,419.00","6,365.00","5.60K","0.47%"
"16-04-2025","6,372.00","6,340.00","6,379.00","6,340.00","1.96K","0.27%"
"15-04-2025","6,355.00","6,382.00","6,400.00","6,350.00","5.73K","-1.20%"
"11-04-2025","6,432.00","6,440.00","6,460.00","6,418.00","5.13K","-0.31%"
"09-04-2025","6,452.00","6,414.00","6,476.00","6,400.00","10.90K","0.51%"
"08-04-2025","6,419.00","6,325.00","6,440.00","6,325.00","18.38K","1.49%"
"07-04-2025","6,325.00","6,256.00","6,360.00","6,240.00","8.44K","0.40%"
"04-04-2025","6,300.00","6,330.00","6,340.00","6,292.00","5.17K","-0.79%"
"03-04-2025","6,350.00","6,350.00","6,368.00","6,332.00","2.64K","-0.06%"
"02-04-2025","6,354.00","6,345.00","6,399.00","6,342.00","4.68K","0.33%"
"01-04-2025","6,333.00","6,286.00","6,345.00","6,286.00","2.65K","-0.06%"
"28-03-2025","6,337.00","6,346.00","6,350.00","6,334.00","1.26K","0.24%"
"27-03-2025","6,322.00","6,347.00","6,359.00","6,317.00","2.72K","-0.28%"
"26-03-2025","6,340.00","6,352.00","6,366.00","6,332.00","2.08K","-0.44%"
"25-03-2025","6,368.00","6,380.00","6,380.00","6,353.00","2.48K","-0.23%"
"24-03-2025","6,383.00","6,377.00","6,387.00","6,355.00","6.44K","0.82%"
"21-03-2025","6,331.00","6,310.00","6,360.00","6,300.00","2.51K","0.54%"
"20-03-2025","6,297.00","6,300.00","6,345.00","6,282.00","4.82K","0.08%"
"19-03-2025","6,292.00","6,250.00","6,298.00","6,244.00","3.98K","0.75%"
"18-03-2025","6,245.00","6,229.00","6,270.00","6,223.00","5.66K","0.34%"
"17-03-2025","6,224.00","6,177.00","6,240.00","6,150.00","6.89K","0.24%"
"13-03-2025","6,209.00","6,281.00","6,300.00","6,185.00","14.98K","-1.15%"
"12-03-2025","6,281.00","6,278.00","6,300.00","6,262.00","1.85K","-0.08%"
"11-03-2025","6,286.00","6,272.00","6,299.00","6,233.00","2.97K","0.35%"
"10-03-2025","6,264.00","6,313.00","6,322.00","6,254.00","3.20K","-1.23%"
"07-03-2025","6,342.00","6,320.00","6,356.00","6,315.00","1.60K","0.27%"
"06-03-2025","6,325.00","6,350.00","6,350.00","6,285.00","2.19K","0.35%"
"05-03-2025","6,303.00","6,270.00","6,336.00","6,270.00","1.88K","0.17%"
"04-03-2025","6,292.00","6,275.00","6,301.00","6,261.00","3.23K","-0.14%"
"03-03-2025","6,301.00","6,311.00","6,325.00","6,280.00","2.60K","-0.41%"
"28-02-2025","6,327.00","6,355.00","6,360.00","6,312.00","0.64K","-0.39%"
"27-02-2025","6,352.00","6,325.00","6,356.00","6,314.00","0.50K","0.33%"
"25-02-2025","6,331.00","6,380.00","6,399.00","6,331.00","3.08K","-0.60%"
"24-02-2025","6,369.00","6,357.00","6,400.00","6,340.00","1.68K","-0.11%"
"21-02-2025","6,376.00","6,300.00","6,383.00","6,300.00","3.79K","1.09%"
"20-02-2025","6,307.00","6,339.00","6,345.00","6,281.00","3.02K","-0.44%"
"19-02-2025","6,335.00","6,323.00","6,348.00","6,306.00","2.66K","0.35%"
"18-02-2025","6,313.00","6,290.00","6,316.00","6,270.00","2.89K","0.37%"
"17-02-2025","6,290.00","6,253.00","6,297.00","6,240.00","2.12K","0.27%"
"14-02-2025","6,273.00","6,305.00","6,305.00","6,262.00","2.05K","-0.67%"
"13-02-2025","6,315.00","6,320.00","6,325.00","6,306.00","1.59K","-0.05%"
"12-02-2025","6,318.00","6,290.00","6,325.00","6,280.00","3.29K","0.45%"
"11-02-2025","6,290.00","6,335.00","6,335.00","6,273.00","4.84K","-0.80%"
"10-02-2025","6,341.00","6,400.00","6,400.00","6,329.00","2.62K","-0.46%"
"07-02-2025","6,370.00","6,385.00","6,385.00","6,350.00","2.38K","0.28%"
"06-02-2025","6,352.00","6,302.00","6,362.00","6,302.00","4.74K","0.40%"
"05-02-2025","6,327.00","6,319.00","6,329.00","6,277.00","7.41K","0.33%"
"04-02-2025","6,306.00","6,324.00","6,324.00","6,268.00","3.96K","0.02%"
"03-02-2025","6,305.00","6,290.00","6,309.00","6,275.00","2.97K","0.53%"
"01-02-2025","6,272.00","6,266.00","6,289.00","6,260.00","1.52K","0.19%"
"31-01-2025","6,260.00","6,278.00","6,278.00","6,185.00","3.46K","-0.10%"
"30-01-2025","6,266.00","6,329.00","6,329.00","6,247.00","4.26K","-1.04%"
"29-01-2025","6,332.00","6,338.00","6,346.00","6,308.00","1.96K","-0.06%"
"28-01-2025","6,336.00","6,390.00","6,402.00","6,328.00","0.99K","-0.86%"
"27-01-2025","6,391.00","6,395.00","6,423.00","6,381.00","1.32K","-0.20%"
"24-01-2025","6,404.00","6,475.00","6,479.00","6,361.00","1.55K","-1.23%"
"23-01-2025","6,484.00","6,502.00","6,502.00","6,474.00","1.62K","-0.22%"
"22-01-2025","6,498.00","6,458.00","6,500.00","6,455.00","0.36K","0.70%"
"21-01-2025","6,453.00","6,470.00","6,470.00","6,444.00","0.36K","-0.12%"
"20-01-2025","6,461.00","6,412.00","6,469.00","6,410.00","2.86K","0.51%"
"17-01-2025","6,428.00","6,424.00","6,462.00","6,421.00","2.69K","0.00%"
"16-01-2025","6,428.00","6,390.00","6,438.00","6,390.00","3.39K","0.72%"
"15-01-2025","6,382.00","6,400.00","6,400.00","6,353.00","4.35K","-0.33%"
"14-01-2025","6,403.00","6,377.00","6,405.00","6,370.00","4.46K","0.30%"
"13-01-2025","6,384.00","6,428.00","6,438.00","6,372.00","6.22K","-0.08%"
"10-01-2025","6,389.00","6,383.00","6,420.00","6,366.00","3.66K","0.33%"
"09-01-2025","6,368.00","6,362.00","6,398.00","6,356.00","3.17K","0.00%"
"08-01-2025","6,368.00","6,382.00","6,404.00","6,348.00","3.87K","-0.55%"
"07-01-2025","6,403.00","6,359.00","6,405.00","6,359.00","4.23K","0.80%"
"06-01-2025","6,352.00","6,402.00","6,408.00","6,333.00","6.99K","-0.87%"
"03-01-2025","6,408.00","6,464.00","6,475.00","6,395.00","5.06K","-0.90%"
"02-01-2025","6,466.00","6,443.00","6,479.00","6,443.00","1.06K","-0.12%"
"01-01-2025","6,474.00","6,444.00","6,482.00","6,428.00","3.24K","0.39%"
"31-12-2024","6,449.00","6,446.00","6,471.00","6,430.00","4.10K","-0.19%"
"30-12-2024","6,461.00","6,420.00","6,465.00","6,410.00","2.29K","0.83%"
"27-12-2024","6,408.00","6,394.00","6,417.00","6,389.00","0.50K","-0.09%"
"26-12-2024","6,414.00","6,418.00","6,450.00","6,404.00","0.95K","0.31%"
"24-12-2024","6,394.00","6,516.00","6,581.00","6,387.00","0.93K","-1.02%"
"23-12-2024","6,460.00","6,420.00","6,464.00","6,420.00","1.43K","1.32%"
"20-12-2024","6,376.00","6,328.00","6,387.00","6,320.00","5.01K","0.76%"
"19-12-2024","6,328.00","6,315.00","6,356.00","6,315.00","3.23K","0.24%"
"18-12-2024","6,313.00","6,220.00","6,318.00","6,220.00","4.81K","1.07%"
"17-12-2024","6,246.00","6,289.00","6,298.00","6,202.00","4.56K","-0.30%"
"16-12-2024","6,265.00","6,348.00","6,348.00","6,242.00","5.38K","-1.29%"
"13-12-2024","6,347.00","6,374.00","6,393.00","6,337.00","3.65K","-0.39%"
"12-12-2024","6,372.00","6,340.00","6,379.00","6,340.00","2.30K","0.41%"
"11-12-2024","6,346.00","6,350.00","6,380.00","6,315.00","4.75K","-0.35%"
"10-12-2024","6,368.00","6,448.00","6,448.00","6,357.00","5.73K","-1.39%"
"09-12-2024","6,458.00","6,432.00","6,519.00","6,432.00","6.03K","-0.42%"
"06-12-2024","6,485.00","6,455.00","6,503.00","6,445.00","3.64K","0.46%"
"05-12-2024","6,455.00","6,555.00","6,555.00","6,439.00","7.22K","-1.47%"
"04-12-2024","6,551.00","6,560.00","6,600.00","6,545.00","6.00K","-0.27%"
"03-12-2024","6,569.00","6,590.00","6,595.00","6,545.00","2.24K","-0.14%"
"02-12-2024","6,578.00","6,566.00","6,617.00","6,561.00","2.91K","0.37%"
"29-11-2024","6,554.00","6,532.00","6,568.00","6,492.00","1.20K","0.28%"
"28-11-2024","6,536.00","6,526.00","6,592.00","6,526.00","0.58K","0.06%"
"27-11-2024","6,532.00","6,580.00","6,580.00","6,530.00","1.88K","-0.74%"
"26-11-2024","6,581.00","6,582.00","6,600.00","6,574.00","1.39K","0.02%"
"25-11-2024","6,580.00","6,545.00","6,585.00","6,540.00","0.41K","0.03%"
"22-11-2024","6,578.00","6,611.00","6,634.00","6,573.00","0.59K","-1.11%"
"21-11-2024","6,652.00","6,624.00","6,660.00","6,624.00","0.34K","0.39%"
"19-11-2024","6,626.00","6,673.00","6,680.00","6,604.00","3.13K","-0.48%"
"18-11-2024","6,658.00","6,685.00","6,707.00","6,652.00","1.63K","-0.49%"
"14-11-2024","6,691.00","6,710.00","6,720.00","6,680.00","6.48K","-0.34%"
"13-11-2024","6,714.00","6,684.00","6,739.00","6,620.00","10.95K","0.66%"
"12-11-2024","6,670.00","6,688.00","6,698.00","6,665.00","5.22K","-0.31%"
"11-11-2024","6,691.00","6,700.00","6,743.00","6,670.00","5.89K","-0.31%"
"08-11-2024","6,712.00","6,755.00","6,772.00","6,700.00","6.88K","-0.58%"
"07-11-2024","6,751.00","6,735.00","6,790.00","6,735.00","7.25K","0.30%"
"06-11-2024","6,731.00","6,666.00","6,741.00","6,661.00","5.25K","1.05%"
"05-11-2024","6,661.00","6,652.00","6,683.00","6,635.00","3.20K","-0.15%"
"04-11-2024","6,671.00","6,731.00","6,731.00","6,659.00","5.19K","-1.01%"
"01-11-2024","6,739.00","6,725.00","6,742.00","6,725.00","2.71K","0.22%"
"31-10-2024","6,724.00","6,713.00","6,738.00","6,713.00","5.14K","0.24%"
"30-10-2024","6,708.00","6,677.00","6,742.00","6,660.00","5.41K","0.40%"
"29-10-2024","6,681.00","6,720.00","6,725.00","6,676.00","3.95K","-0.85%"
"28-10-2024","6,738.00","6,754.00","6,755.00","6,698.00","5.52K","-0.31%"
"25-10-2024","6,759.00","6,785.00","6,798.00","6,745.00","2.19K","-0.28%"
"24-10-2024","6,778.00","6,770.00","6,785.00","6,728.00","4.46K","-0.28%"
"23-10-2024","6,797.00","6,812.00","6,824.00","6,770.00","2.25K","-0.47%"
"22-10-2024","6,829.00","6,864.00","6,864.00","6,800.00","3.18K","-0.61%"
"21-10-2024","6,871.00","6,827.00","6,882.00","6,792.00","6.23K","1.04%"
"18-10-2024","6,800.00","6,870.00","6,870.00","6,788.00","8.26K","-0.83%"
"17-10-2024","6,857.00","6,904.00","6,926.00","6,853.00","3.03K","-0.39%"
"16-10-2024","6,884.00","6,850.00","6,914.00","6,850.00","9.10K","0.00%"
"15-10-2024","6,884.00","6,843.00","6,970.00","6,825.00","11.90K","0.44%"
"14-10-2024","6,854.00","6,866.00","6,883.00","6,835.00","5.70K","-0.15%"
"11-10-2024","6,864.00","6,860.00","6,876.00","6,810.00","6.07K","0.03%"
"10-10-2024","6,862.00","6,947.00","6,947.00","6,851.00","5.87K","-0.67%"
"09-10-2024","6,908.00","6,860.00","6,940.00","6,860.00","9.45K","0.55%"
"08-10-2024","6,870.00","6,806.00","6,887.00","6,805.00","9.97K","0.51%"
"07-10-2024","6,835.00","6,830.00","6,848.00","6,748.00","15.05K","-0.78%"
"04-10-2024","6,889.00","6,912.00","6,936.00","6,807.00","14.04K","-1.19%"
"03-10-2024","6,972.00","7,060.00","7,060.00","6,902.00","11.32K","-0.27%"
"01-10-2024","6,991.00","6,981.00","7,038.00","6,888.00","10.82K","-0.17%"
"30-09-2024","7,003.00","6,654.00","7,020.00","6,654.00","7.79K","1.17%"
"27-09-2024","6,922.00","6,887.00","6,965.00","6,862.00","5.78K","1.01%"
"26-09-2024","6,853.00","6,851.00","6,872.00","6,778.00","4.39K","0.12%"
"25-09-2024","6,845.00","6,730.00","6,880.00","6,730.00","8.59K","1.91%"
"24-09-2024","6,717.00","6,677.00","6,720.00","6,650.00","5.07K","0.28%"
"23-09-2024","6,698.00","6,600.00","6,711.00","6,600.00","2.08K","1.76%"
"20-09-2024","6,582.00","6,510.00","6,594.00","6,505.00","6.37K","1.09%"
"19-09-2024","6,511.00","6,570.00","6,571.00","6,482.00","15.44K","-1.08%"
"18-09-2024","6,582.00","6,480.00","6,625.00","6,439.00","18.83K","1.72%"
"17-09-2024","6,471.00","6,398.00","6,486.00","6,352.00","17.32K","1.01%"
"16-09-2024","6,406.00","6,298.00","6,430.00","6,288.00","13.64K","2.25%"
"13-09-2024","6,265.00","6,182.00","6,279.00","6,182.00","11.39K","1.06%"
"12-09-2024","6,199.00","6,186.00","6,208.00","6,171.00","4.17K","0.21%"
"11-09-2024","6,186.00","6,161.00","6,229.00","6,161.00","6.53K","0.00%"
"10-09-2024","6,186.00","6,120.00","6,198.00","6,120.00","7.82K","0.90%"
"09-09-2024","6,131.00","6,112.00","6,155.00","6,085.00","8.19K","-0.70%"
"06-09-2024","6,174.00","6,175.00","6,196.00","6,140.00","5.16K","-0.31%"
"05-09-2024","6,193.00","6,205.00","6,220.00","6,174.00","6.25K","0.03%"
"04-09-2024","6,191.00","6,195.00","6,205.00","6,152.00","4.99K","0.08%"
"03-09-2024","6,186.00","6,192.00","6,226.00","6,136.00","3.45K","-0.13%"
"02-09-2024","6,194.00","6,230.00","6,241.00","6,170.00","2.25K","-0.56%"
"30-08-2024","6,229.00","6,183.00","6,242.00","6,183.00","7.12K","0.55%"
"29-08-2024","6,195.00","6,135.00","6,210.00","6,135.00","3.56K","0.73%"
"28-08-2024","6,150.00","6,131.00","6,176.00","6,100.00","2.92K","0.05%"
"27-08-2024","6,147.00","6,169.00","6,175.00","6,127.00","3.99K","-0.60%"
"26-08-2024","6,184.00","6,215.00","6,223.00","6,080.00","3.56K","-0.74%"
"23-08-2024","6,230.00","6,283.00","6,299.00","6,170.00","3.54K","-1.19%"
"22-08-2024","6,305.00","6,296.00","6,325.00","6,292.00","1.89K","0.10%"
"21-08-2024","6,299.00","6,310.00","6,310.00","6,280.00","5.08K","1.17%"
"20-08-2024","6,226.00","6,210.00","6,262.00","6,206.00","5.56K","0.18%"
"19-08-2024","6,215.00","6,232.00","6,242.00","6,190.00","1.92K","-0.22%"
"16-08-2024","6,229.00","6,231.00","6,250.00","6,202.00","7.34K","-0.19%"
"14-08-2024","6,241.00","6,236.00","6,255.00","6,218.00","4.16K","-0.03%"
"13-08-2024","6,243.00","6,300.00","6,310.00","6,213.00","10.49K","-0.83%"
"12-08-2024","6,295.00","6,255.00","6,304.00","6,250.00","6.83K","0.64%"
"09-08-2024","6,255.00","6,255.00","6,270.00","6,226.00","9.13K","0.03%"
"08-08-2024","6,253.00","6,252.00","6,272.00","6,210.00","6.82K","0.00%"
"07-08-2024","6,253.00","6,222.00","6,260.00","6,217.00","4.52K","0.43%"
"06-08-2024","6,226.00","6,300.00","6,330.00","6,217.00","4.37K","-0.54%"
"05-08-2024","6,260.00","6,211.00","6,270.00","6,172.00","12.00K","-0.03%"
"02-08-2024","6,262.00","6,309.00","6,370.00","6,237.00","11.16K","-0.06%"
"01-08-2024","6,266.00","6,224.00","6,290.00","6,210.00","5.34K","0.46%"
"31-07-2024","6,237.00","6,214.00","6,253.00","6,188.00","5.11K","0.35%"
"30-07-2024","6,215.00","6,221.00","6,225.00","6,194.00","4.01K","-0.14%"
"29-07-2024","6,224.00","6,214.00","6,250.00","6,153.00","3.21K","0.13%"
"26-07-2024","6,216.00","6,247.00","6,265.00","6,191.00","3.29K","-0.67%"
"25-07-2024","6,258.00","6,277.00","6,296.00","6,230.00","1.50K","-0.08%"
"24-07-2024","6,263.00","6,154.00","6,272.00","6,154.00","2.63K","1.38%"
"23-07-2024","6,178.00","6,201.00","6,213.00","6,162.00","2.72K","-0.18%"
"22-07-2024","6,189.00","6,131.00","6,200.00","6,106.00","2.47K","1.71%"
"19-07-2024","6,085.00","6,120.00","6,131.00","6,074.00","4.11K","-0.78%"
"18-07-2024","6,133.00","6,110.00","6,154.00","6,096.00","4.34K","0.16%"
"16-07-2024","6,123.00","6,208.00","6,208.00","6,113.00","7.33K","-1.26%"
"15-07-2024","6,201.00","6,205.00","6,240.00","6,154.00","8.58K","-0.23%"
"12-07-2024","6,215.00","6,181.00","6,229.00","6,148.00","10.98K","0.83%"
"11-07-2024","6,164.00","6,178.00","6,199.00","6,129.00","7.57K","0.10%"
"10-07-2024","6,158.00","6,085.00","6,167.00","6,045.00","12.62K","1.23%"
"09-07-2024","6,083.00","6,107.00","6,134.00","6,052.00","6.24K","0.10%"
"08-07-2024","6,077.00","5,974.00","6,110.00","5,972.00","15.15K","1.69%"
"05-07-2024","5,976.00","5,921.00","5,994.00","5,915.00","10.21K","1.10%"
"04-07-2024","5,911.00","5,900.00","5,920.00","5,890.00","2.27K","0.10%"
"03-07-2024","5,905.00","5,930.00","5,957.00","5,895.00","5.06K","-0.05%"
"02-07-2024","5,908.00","5,855.00","5,920.00","5,855.00","6.64K","1.08%"
"01-07-2024","5,845.00","5,815.00","5,848.00","5,815.00","3.45K","0.41%"
"28-06-2024","5,821.00","5,810.00","5,829.00","5,810.00","2.06K","0.09%"
"27-06-2024","5,816.00","5,810.00","5,840.00","5,808.00","2.25K","-0.15%"
"26-06-2024","5,825.00","5,820.00","5,840.00","5,780.00","2.44K","0.34%"
"25-06-2024","5,805.00","5,838.00","5,840.00","5,797.00","2.56K","-0.53%"
"24-06-2024","5,836.00","5,860.00","5,874.00","5,830.00","1.45K","0.14%"
"21-06-2024","5,828.00","5,845.00","5,865.00","5,820.00","1.39K","0.92%"
"20-06-2024","5,775.00","5,769.00","5,789.00","5,753.00","3.37K","0.21%"
"19-06-2024","5,763.00","5,762.00","5,770.00","5,716.00","3.40K","-0.03%"
"18-06-2024","5,765.00","5,777.00","5,808.00","5,685.00","3.57K","-0.79%"
"14-06-2024","5,811.00","5,788.00","5,822.00","5,788.00","6.38K","0.57%"
"13-06-2024","5,778.00","5,760.00","5,787.00","5,750.00","6.86K","0.33%"
"12-06-2024","5,759.00","5,756.00","5,768.00","5,720.00","6.28K","0.03%"
"11-06-2024","5,757.00","5,769.00","5,780.00","5,755.00","4.83K","-0.19%"
"10-06-2024","5,768.00","5,788.00","5,800.00","5,757.00","6.90K","-0.33%"
"07-06-2024","5,787.00","5,790.00","5,818.00","5,771.00","3.07K","0.10%"
"06-06-2024","5,781.00","5,784.00","5,793.00","5,764.00","3.29K","0.10%"
"05-06-2024","5,775.00","5,793.00","5,793.00","5,750.00","2.72K","-0.07%"
"04-06-2024","5,779.00","5,800.00","5,824.00","5,768.00","2.34K","-0.45%"
"03-06-2024","5,805.00","5,781.00","5,815.00","5,781.00","3.34K","0.36%"
"31-05-2024","5,784.00","5,784.00","5,800.00","5,700.00","7.49K","-0.17%"
"30-05-2024","5,794.00","5,823.00","5,837.00","5,783.00","5.45K","-0.45%"
"29-05-2024","5,820.00","5,781.00","5,824.00","5,774.00","4.18K","0.81%"
"28-05-2024","5,773.00","5,750.00","5,785.00","5,750.00","2.69K","0.21%"
"27-05-2024","5,761.00","5,761.00","5,765.00","5,752.00","0.86K","-0.07%"
"24-05-2024","5,765.00","5,774.00","5,789.00","5,744.00","1.57K","-0.33%"
"23-05-2024","5,784.00","5,778.00","5,804.00","5,778.00","1.51K","-0.16%"
"22-05-2024","5,793.00","5,770.00","5,799.00","5,766.00","3.32K","0.35%"
"21-05-2024","5,773.00","5,800.00","5,800.00","5,730.00","1.30K","0.94%"
"17-05-2024","5,719.00","5,731.00","5,774.00","5,713.00","7.04K","-0.26%"
"16-05-2024","5,734.00","5,683.00","5,748.00","5,683.00","4.87K","0.79%"
"15-05-2024","5,689.00","5,719.00","5,719.00","5,650.00","6.09K","-0.73%"
"14-05-2024","5,731.00","5,730.00","5,798.00","5,725.00","8.37K","0.05%"
"13-05-2024","5,728.00","5,650.00","5,736.00","5,643.00","6.96K","1.67%"
"10-05-2024","5,634.00","5,654.00","5,678.00","5,626.00","7.47K","-0.32%"
"09-05-2024","5,652.00","5,678.00","5,682.00","5,648.00","5.96K","-0.25%"
"08-05-2024","5,666.00","5,612.00","5,690.00","5,612.00","5.84K","0.78%"
"07-05-2024","5,622.00","5,656.00","5,662.00","5,618.00","2.62K","-0.92%"
"06-05-2024","5,674.00","5,720.00","5,722.00","5,656.00","6.38K","-1.10%"
"03-05-2024","5,737.00","5,763.00","5,763.00","5,729.00","4.99K","-0.23%"
"02-05-2024","5,750.00","5,683.00","5,816.00","5,680.00","4.76K","0.49%"
"30-04-2024","5,722.00","5,770.00","5,777.00","5,715.00","4.45K","-0.80%"
"29-04-2024","5,768.00","5,770.00","5,795.00","5,755.00","3.07K","-0.83%"
"26-04-2024","5,816.00","5,842.00","5,850.00","5,808.00","1.78K","-0.45%"
"25-04-2024","5,842.00","5,815.00","5,855.00","5,813.00","2.66K","0.21%"
"24-04-2024","5,830.00","5,845.00","5,848.00","5,820.00","2.32K","-0.66%"
"23-04-2024","5,869.00","5,858.00","5,886.00","5,854.00","1.03K","0.15%"
"22-04-2024","5,860.00","5,868.00","5,878.00","5,848.00","0.76K","0.51%"
"19-04-2024","5,830.00","5,819.00","5,888.00","5,814.00","4.47K","0.41%"
"18-04-2024","5,806.00","5,785.00","5,825.00","5,769.00","6.47K","0.07%"
"16-04-2024","5,802.00","5,780.00","5,830.00","5,756.00","7.16K","-0.36%"
"15-04-2024","5,823.00","5,878.00","5,880.00","5,810.00","14.33K","-1.34%"
"12-04-2024","5,902.00","5,843.00","5,928.00","5,800.00","10.60K","0.63%"
"10-04-2024","5,865.00","5,900.00","5,920.00","5,840.00","6.59K","-0.73%"
"09-04-2024","5,908.00","5,911.00","5,935.00","5,881.00","3.66K","0.22%"
"08-04-2024","5,895.00","5,901.00","5,925.00","5,876.00","4.18K","-0.97%"
"05-04-2024","5,953.00","6,000.00","6,007.00","5,945.00","3.31K","-0.67%"
"04-04-2024","5,993.00","5,940.00","6,000.00","5,940.00","2.96K","0.84%"
"03-04-2024","5,943.00","5,910.00","5,950.00","5,890.00","1.64K","0.78%"
"02-04-2024","5,897.00","5,922.00","5,922.00","5,875.00","1.17K","-0.66%"
"01-04-2024","5,936.00","5,965.00","5,989.00","5,928.00","1.41K","-0.90%"
"28-03-2024","5,990.00","6,049.00","6,049.00","5,960.00","0.99K","-0.17%"
"27-03-2024","6,000.00","5,980.00","6,010.00","5,944.00","2.47K","0.50%"
"26-03-2024","5,970.00","6,075.00","6,075.00","5,956.00","2.52K","-2.07%"
"22-03-2024","6,096.00","6,033.00","6,124.00","6,033.00","2.65K","0.11%"
"21-03-2024","6,089.00","5,955.00","6,100.00","5,955.00","1.02K","1.35%"
"20-03-2024","6,008.00","5,980.00","6,025.00","5,980.00","3.54K","0.28%"
"19-03-2024","5,991.00","5,842.00","5,998.00","5,842.00","5.78K","1.59%"
"18-03-2024","5,897.00","5,825.00","5,910.00","5,776.00","2.21K","0.08%"
"15-03-2024","5,892.00","5,940.00","5,940.00","5,881.00","2.54K","-0.57%"
"14-03-2024","5,926.00","5,917.00","5,940.00","5,891.00","5.75K","0.32%"
"13-03-2024","5,907.00","5,860.00","5,913.00","5,860.00","5.24K","0.80%"
"12-03-2024","5,860.00","5,850.00","5,870.00","5,830.00","5.39K","0.05%"
"11-03-2024","5,857.00","5,835.00","5,885.00","5,835.00","4.94K","0.17%"
"07-03-2024","5,847.00","5,900.00","5,938.00","5,661.00","7.61K","-0.83%"
"06-03-2024","5,896.00","5,865.00","5,900.00","5,860.00","6.05K","0.87%"
"05-03-2024","5,845.00","5,818.00","5,868.00","5,818.00","2.75K","0.43%"
"04-03-2024","5,820.00","5,815.00","5,840.00","5,772.00","3.53K","0.00%"
"01-03-2024","5,820.00","5,830.00","5,847.00","5,808.00","2.57K","-0.12%"
"29-02-2024","5,827.00","5,850.00","5,860.00","5,773.00","4.22K","-0.87%"
"28-02-2024","5,878.00","5,874.00","5,900.00","5,861.00","1.71K","-0.27%"
"27-02-2024","5,894.00","5,932.00","5,968.00","5,875.00","2.30K","-0.64%"
"26-02-2024","5,932.00","5,900.00","5,945.00","5,869.00","6.44K","0.19%"
"23-02-2024","5,921.00","5,855.00","5,934.00","5,820.00","9.05K","0.78%"
"22-02-2024","5,875.00","5,849.00","5,895.00","5,775.00","10.20K","0.60%"
"21-02-2024","5,840.00","5,811.00","5,881.00","5,775.00","4.19K","2.31%"
"20-02-2024","5,708.00","5,680.00","5,726.00","5,660.00","8.36K","0.18%"
"19-02-2024","5,698.00","5,644.00","5,710.00","5,631.00","6.85K","1.06%"
"16-02-2024","5,638.00","5,640.00","5,648.00","5,623.00","2.28K","-0.02%"
"15-02-2024","5,639.00","5,630.00","5,653.00","5,612.00","3.97K","0.02%"
"14-02-2024","5,638.00","5,619.00","5,668.00","5,615.00","10.91K","0.32%"
"13-02-2024","5,620.00","5,678.00","5,680.00","5,586.00","4.26K","0.27%"
"12-02-2024","5,605.00","5,595.00","5,614.00","5,578.00","5.05K","-0.09%"
"09-02-2024","5,610.00","5,596.00","5,637.00","5,590.00","4.87K","-0.18%"
"08-02-2024","5,620.00","5,640.00","5,654.00","5,600.00","5.90K","-0.18%"
"07-02-2024","5,630.00","5,580.00","5,670.00","5,579.00","4.34K","0.66%"
"06-02-2024","5,593.00","5,570.00","5,605.00","5,551.00","2.72K","0.09%"
"05-02-2024","5,588.00","5,625.00","5,640.00","5,547.00","4.70K","-1.06%"
"02-02-2024","5,648.00","5,669.00","5,670.00","5,616.00","3.31K","-0.23%"
"01-02-2024","5,661.00","5,651.00","5,669.00","5,631.00","2.67K","0.04%"
"31-01-2024","5,659.00","5,713.00","5,730.00","5,642.00","2.81K","-0.65%"
"30-01-2024","5,696.00","5,636.00","5,709.00","5,636.00","3.36K","0.49%"
"29-01-2024","5,668.00","5,717.00","5,730.00","5,612.00","2.66K","-1.31%"
"25-01-2024","5,743.00","5,645.00","5,750.00","5,645.00","1.42K","0.38%"
"24-01-2024","5,721.00","5,725.00","5,750.00","5,696.00","4.75K","-0.50%"
"23-01-2024","5,750.00","5,683.00","5,758.00","5,650.00","4.71K","1.11%"
"19-01-2024","5,687.00","5,676.00","5,728.00","5,672.00","4.33K","0.07%"
"18-01-2024","5,683.00","5,640.00","5,698.00","5,633.00","3.74K","0.64%"
"17-01-2024","5,647.00","5,650.00","5,692.00","5,635.00","4.78K","-0.04%"
"16-01-2024","5,649.00","5,640.00","5,661.00","5,586.00","4.94K","0.18%"
"15-01-2024","5,639.00","5,655.00","5,668.00","5,600.00","3.30K","-0.25%"
"12-01-2024","5,653.00","5,630.00","5,675.00","5,629.00","5.22K","0.52%"
"11-01-2024","5,624.00","5,590.00","5,644.00","5,584.00","7.51K","0.18%"
"10-01-2024","5,614.00","5,651.00","5,671.00","5,605.00","4.23K","-1.01%"
"09-01-2024","5,671.00","5,687.00","5,696.00","5,640.00","3.19K","-0.02%"
"08-01-2024","5,672.00","5,726.00","5,740.00","5,603.00","4.53K","-1.17%"
"05-01-2024","5,739.00","5,777.00","5,808.00","5,728.00","4.45K","-0.40%"
"04-01-2024","5,762.00","5,740.00","5,787.00","5,738.00","2.54K","0.73%"
"03-01-2024","5,720.00","5,710.00","5,745.00","5,687.00","3.86K","0.21%"
"02-01-2024","5,708.00","5,683.00","5,753.00","5,673.00","4.52K","0.23%"
"01-01-2024","5,695.00","5,750.00","5,768.00","5,661.00","7.09K","-0.73%"
"29-12-2023","5,737.00","5,757.00","5,764.00","5,723.00","2.67K","-0.24%"
"28-12-2023","5,751.00","5,772.00","5,778.00","5,743.00","2.35K","0.38%"
"27-12-2023","5,729.00","5,686.00","5,758.00","5,673.00","1.55K","0.10%"
"26-12-2023","5,723.00","5,740.00","5,740.00","5,686.00","0.79K","-0.38%"
"22-12-2023","5,745.00","5,560.00","5,900.00","5,512.00","0.98K","0.47%"
"21-12-2023","5,718.00","5,718.00","5,720.00","5,633.00","3.37K","-0.17%"
"20-12-2023","5,728.00","5,820.00","5,837.00","5,714.00","7.20K","-1.38%"
"19-12-2023","5,808.00","5,760.00","5,824.00","5,755.00","2.73K","0.76%"
"18-12-2023","5,764.00","5,788.00","5,788.00","5,687.00","5.28K","-0.36%"
"15-12-2023","5,785.00","5,860.00","5,882.00","5,730.00","8.93K","-1.62%"
"14-12-2023","5,880.00","5,890.00","5,938.00","5,874.00","7.57K","-0.02%"
"13-12-2023","5,881.00","5,879.00","5,890.00","5,856.00","4.65K","0.19%"
"12-12-2023","5,870.00","5,844.00","5,903.00","5,825.00","9.83K","-0.73%"
"11-12-2023","5,913.00","5,978.00","5,990.00","5,909.00","3.88K","-0.49%"
"08-12-2023","5,942.00","5,942.00","5,956.00","5,916.00","2.95K","0.12%"
"07-12-2023","5,935.00","5,974.00","6,004.00","5,914.00","4.77K","-0.89%"
"06-12-2023","5,988.00","5,908.00","6,000.00","5,903.00","4.40K","1.06%"
"05-12-2023","5,925.00","5,860.00","5,933.00","5,820.00","6.89K","0.97%"
"04-12-2023","5,868.00","5,870.00","5,975.00","5,843.00","10.19K","-1.21%"
"01-12-2023","5,940.00","5,995.00","6,020.00","5,900.00","7.38K","-1.10%"
"30-11-2023","6,006.00","6,060.00","6,080.00","5,990.00","5.41K","-1.20%"
"29-11-2023","6,079.00","6,050.00","6,140.00","6,040.00","2.69K","-0.59%"
"28-11-2023","6,115.00","6,196.00","6,198.00","6,094.00","2.64K","0.99%"
"24-11-2023","6,055.00","6,154.00","6,184.00","6,012.00","1.43K","-1.08%"
"23-11-2023","6,121.00","5,958.00","6,207.00","5,955.00","3.50K","2.55%"
"22-11-2023","5,969.00","5,924.00","5,978.00","5,924.00","2.19K","1.14%"
"21-11-2023","5,902.00","5,881.00","5,940.00","5,881.00","0.85K","-0.20%"
"20-11-2023","5,914.00","5,925.00","5,998.00","5,900.00","9.26K","-0.07%"
"17-11-2023","5,918.00","5,920.00","5,930.00","5,870.00","3.42K","-0.30%"
"16-11-2023","5,936.00","5,988.00","6,008.00","5,916.00","4.19K","-0.39%"
"15-11-2023","5,959.00","5,928.00","5,978.00","5,900.00","5.08K","1.05%"
"13-11-2023","5,897.00","5,880.00","5,916.00","5,872.00","10.31K","0.24%"
"12-11-2023","5,883.00","5,895.00","5,895.00","5,861.00","2.05K","0.09%"
"10-11-2023","5,878.00","5,843.00","5,897.00","5,843.00","8.49K","0.09%"
"09-11-2023","5,873.00","5,890.00","5,907.00","5,858.00","8.83K","-0.05%"
"08-11-2023","5,876.00","5,850.00","5,890.00","5,835.00","2.90K","0.44%"
"07-11-2023","5,850.00","5,809.00","5,940.00","5,809.00","5.08K","0.22%"
"06-11-2023","5,837.00","5,791.00","5,880.00","5,760.00","7.02K","0.46%"
"03-11-2023","5,810.00","5,761.00","5,840.00","5,761.00","4.84K","0.57%"
"02-11-2023","5,777.00","5,823.00","5,850.00","5,760.00","5.72K","-1.40%"
"01-11-2023","5,859.00","5,892.00","5,892.00","5,840.00","1.94K","-0.54%"
"31-10-2023","5,891.00","5,821.00","6,080.00","5,820.00","2.54K","0.67%"
"30-10-2023","5,852.00","5,960.00","5,964.00","5,840.00","2.40K","-1.65%"
"27-10-2023","5,950.00","5,965.00","6,008.00","5,920.00","1.04K","-0.82%"
"26-10-2023","5,999.00","6,054.00","6,069.00","5,990.00","0.69K","-0.68%"
"25-10-2023","6,040.00","6,080.00","6,080.00","5,976.00","2.22K","0.70%"
"23-10-2023","5,998.00","6,039.00","6,098.00","5,972.00","0.19K","-0.63%"
"20-10-2023","6,036.00","6,007.00","6,050.00","5,980.00","5.24K","0.50%"
"19-10-2023","6,006.00","6,000.00","6,020.00","5,965.00","4.73K","-0.05%"
"18-10-2023","6,009.00","6,086.00","6,086.00","5,980.00","6.40K","-1.02%"
"17-10-2023","6,071.00","6,045.00","6,108.00","6,045.00","3.75K","-0.13%"
"16-10-2023","6,079.00","6,040.00","6,097.00","6,040.00","4.98K","0.73%"
"13-10-2023","6,035.00","6,059.00","6,059.00","5,993.00","6.98K","0.02%"
"12-10-2023","6,034.00","6,109.00","6,109.00","6,003.00","6.83K","-0.63%"
"11-10-2023","6,072.00","6,102.00","6,140.00","6,004.00","10.22K","-0.85%"
"10-10-2023","6,124.00","6,084.00","6,200.00","6,084.00","5.30K","0.15%"
"09-10-2023","6,115.00","6,125.00","6,127.00","6,078.00","5.35K","-0.76%"
"06-10-2023","6,162.00","6,160.00","6,181.00","6,132.00","6.59K","-0.21%"
"05-10-2023","6,175.00","6,180.00","6,212.00","6,142.00","4.07K","-0.29%"
"04-10-2023","6,193.00","6,131.00","6,237.00","6,131.00","5.19K","0.58%"
"03-10-2023","6,157.00","6,170.00","6,180.00","6,102.00","3.98K","-0.84%"
"29-09-2023","6,209.00","6,224.00","6,295.00","6,184.00","3.24K","-1.11%"
"28-09-2023","6,279.00","6,216.00","6,280.00","6,216.00","3.14K","0.75%"
"27-09-2023","6,232.00","6,219.00","6,252.00","6,170.00","5.47K","0.11%"
"26-09-2023","6,225.00","6,235.00","6,236.00","6,188.00","2.40K","-0.14%"
"25-09-2023","6,234.00","6,344.00","6,344.00","6,216.00","3.66K","-1.00%"
"22-09-2023","6,297.00","6,200.00","6,431.00","6,198.00","3.70K","1.78%"
"21-09-2023","6,187.00","6,228.00","6,260.00","6,150.00","3.48K","0.05%"
"20-09-2023","6,184.00","6,087.00","6,235.00","6,045.00","2.19K","2.00%"
"18-09-2023","6,063.00","6,100.00","6,100.00","6,040.00","11.77K","-1.57%"
"15-09-2023","6,160.00","6,288.00","6,288.00","6,115.00","13.31K","-2.02%"
"14-09-2023","6,287.00","6,324.00","6,324.00","6,266.00","9.38K","-0.55%"
"13-09-2023","6,322.00","6,308.00","6,337.00","6,290.00","5.54K","0.19%"
"12-09-2023","6,310.00","6,299.00","6,360.00","6,288.00","13.34K","0.32%"
"11-09-2023","6,290.00","6,283.00","6,316.00","6,232.00","13.57K","0.03%"
"08-09-2023","6,288.00","6,295.00","6,318.00","6,165.00","6.20K","-0.24%"
"07-09-2023","6,303.00","6,330.00","6,354.00","6,295.00","4.40K","-0.61%"
"06-09-2023","6,342.00","6,286.00","6,384.00","6,286.00","4.50K","0.35%"
"05-09-2023","6,320.00","6,268.00","6,340.00","6,268.00","4.16K","0.40%"
"04-09-2023","6,295.00","6,329.00","6,340.00","6,289.00","4.28K","-0.57%"
"01-09-2023","6,331.00","6,255.00","6,390.00","6,248.00","6.49K","1.41%"
"31-08-2023","6,243.00","6,228.00","6,295.00","6,162.00","3.20K","0.21%"
"30-08-2023","6,230.00","6,200.00","6,233.00","6,161.00","2.15K","0.39%"
"29-08-2023","6,206.00","6,248.00","6,249.00","6,152.00","5.07K","-0.58%"
"28-08-2023","6,242.00","6,308.00","6,314.00","6,230.00","3.05K","-0.84%"
"25-08-2023","6,295.00","6,282.00","6,307.00","6,279.00","0.80K","0.32%"
"24-08-2023","6,275.00","6,314.00","6,323.00","6,262.00","1.49K","-0.35%"
"23-08-2023","6,297.00","6,305.00","6,305.00","6,265.00","1.09K","-0.38%"
"22-08-2023","6,321.00","6,400.00","6,415.00","6,306.00","2.78K","-1.19%"
"21-08-2023","6,397.00","6,395.00","6,458.00","6,374.00","2.04K","1.06%"
"18-08-2023","6,330.00","6,266.00","6,340.00","6,250.00","6.82K","1.07%"
"17-08-2023","6,263.00","6,242.00","6,274.00","6,220.00","3.40K","0.16%"
"16-08-2023","6,253.00","6,270.00","6,378.00","6,226.00","6.69K","-0.30%"
"14-08-2023","6,272.00","6,223.00","6,310.00","6,220.00","6.39K","0.66%"
"11-08-2023","6,231.00","6,231.00","6,258.00","6,190.00","8.34K","-0.30%"
"10-08-2023","6,250.00","6,269.00","6,284.00","6,240.00","9.95K","-0.35%"
"09-08-2023","6,272.00","6,330.00","6,351.00","6,255.00","10.01K","-1.04%"
"08-08-2023","6,338.00","6,400.00","6,400.00","6,321.00","5.15K","-0.81%"
"07-08-2023","6,390.00","6,350.00","6,422.00","6,335.00","8.11K","0.50%"
"04-08-2023","6,358.00","6,330.00","6,395.00","6,310.00","6.13K","0.57%"
"03-08-2023","6,322.00","6,365.00","6,365.00","6,310.00","2.82K","-0.22%"
"02-08-2023","6,336.00","6,380.00","6,402.00","6,310.00","6.55K","-0.95%"
"01-08-2023","6,397.00","6,436.00","6,436.00","6,380.00","2.61K","-0.67%"
"31-07-2023","6,440.00","6,458.00","6,473.00","6,405.00","3.33K","-0.45%"
"28-07-2023","6,469.00","6,433.00","6,490.00","6,428.00","4.78K","0.68%"
"27-07-2023","6,425.00","6,434.00","6,439.00","6,382.00","2.01K","-0.54%"
"26-07-2023","6,460.00","6,414.00","6,480.00","6,406.00","3.58K","0.45%"
"25-07-2023","6,431.00","6,498.00","6,540.00","6,374.00","3.32K","-0.97%"
"24-07-2023","6,494.00","6,460.00","6,542.00","6,425.00","2.19K","0.78%"
"21-07-2023","6,444.00","6,453.00","6,490.00","6,340.00","2.71K","0.77%"
"20-07-2023","6,395.00","6,330.00","6,423.00","6,327.00","10.70K","1.27%"
"19-07-2023","6,315.00","6,258.00","6,323.00","6,243.00","10.16K","1.25%"
"18-07-2023","6,237.00","6,200.00","6,250.00","6,150.00","5.39K","0.39%"
"17-07-2023","6,213.00","6,158.00","6,245.00","6,152.00","8.21K","1.09%"
"14-07-2023","6,146.00","6,100.00","6,152.00","6,082.00","7.72K","0.74%"
"13-07-2023","6,101.00","6,140.00","6,142.00","6,070.00","6.95K","-0.83%"
"12-07-2023","6,152.00","6,195.00","6,200.00","6,130.00","8.14K","0.33%"
"11-07-2023","6,132.00","6,100.00","6,150.00","6,087.00","9.90K","0.67%"
"10-07-2023","6,091.00","6,098.00","6,108.00","6,040.00","8.30K","1.25%"
"07-07-2023","6,016.00","6,000.00","6,050.00","5,952.00","8.54K","0.62%"
"06-07-2023","5,979.00","6,005.00","6,015.00","5,922.00","5.74K","-0.30%"
"05-07-2023","5,997.00","5,977.00","6,018.00","5,977.00","3.44K","0.15%"
"04-07-2023","5,988.00","5,968.00","6,025.00","5,922.00","6.67K","-0.32%"
"03-07-2023","6,007.00","5,994.00","6,140.00","5,970.00","5.59K","1.14%"
"30-06-2023","5,939.00","5,873.00","5,974.00","5,873.00","3.75K","1.37%"
"28-06-2023","5,859.00","5,792.00","5,900.00","5,767.00","2.48K","1.58%"
"27-06-2023","5,768.00","5,826.00","5,843.00","5,752.00","3.56K","-0.79%"
"26-06-2023","5,814.00","5,760.00","5,842.00","5,760.00","1.73K","0.81%"
"23-06-2023","5,767.00","5,780.00","5,812.00","5,750.00","1.02K","-0.33%"
"22-06-2023","5,786.00","5,861.00","5,872.00","5,770.00","2.96K","-1.20%"
"21-06-2023","5,856.00","5,825.00","5,872.00","5,798.00","1.75K","-0.19%"
"20-06-2023","5,867.00","5,927.00","5,927.00","5,841.00","0.70K","-0.37%"
"19-06-2023","5,889.00","5,876.00","5,925.00","5,852.00","4.18K","0.22%"
"16-06-2023","5,876.00","5,830.00","5,898.00","5,820.00","5.85K","1.07%"
"15-06-2023","5,814.00","5,710.00","5,830.00","5,710.00","4.09K","1.50%"
"14-06-2023","5,728.00","5,770.00","5,788.00","5,684.00","6.43K","-0.69%"
"13-06-2023","5,768.00","5,721.00","5,800.00","5,721.00","7.44K","0.75%"
"12-06-2023","5,725.00","5,672.00","5,768.00","5,652.00","7.75K","0.93%"
"09-06-2023","5,672.00","5,610.00","5,714.00","5,605.00","12.15K","1.11%"
"08-06-2023","5,610.00","5,549.00","5,644.00","5,540.00","9.99K","1.21%"
"07-06-2023","5,543.00","5,520.00","5,560.00","5,486.00","5.18K","0.45%"
"06-06-2023","5,518.00","5,526.00","5,545.00","5,512.00","5.55K","-0.18%"
"05-06-2023","5,528.00","5,555.00","5,592.00","5,503.00","4.92K","0.25%"
"02-06-2023","5,514.00","5,470.00","5,560.00","5,461.00","3.71K","0.95%"
"01-06-2023","5,462.00","5,408.00","5,505.00","5,408.00","5.03K","0.05%"
"31-05-2023","5,459.00","5,600.00","5,600.00","5,412.00","5.52K","-3.07%"
"30-05-2023","5,632.00","5,680.00","5,700.00","5,590.00","1.87K","-1.07%"
"29-05-2023","5,693.00","5,603.00","5,884.00","5,549.00","3.25K","0.62%"
"26-05-2023","5,658.00","5,640.00","5,667.00","5,626.00","1.75K","-0.32%"
"25-05-2023","5,676.00","5,761.00","5,784.00","5,655.00","3.01K","-2.09%"
"24-05-2023","5,797.00","5,800.00","5,833.00","5,760.00","3.06K","-0.26%"
"23-05-2023","5,812.00","5,828.00","5,862.00","5,766.00","2.21K","-0.55%"
"22-05-2023","5,844.00","5,920.00","5,943.00","5,806.00","3.62K","-0.12%"
"19-05-2023","5,851.00","5,832.00","5,918.00","5,832.00","9.27K","0.34%"
"18-05-2023","5,831.00","5,862.00","5,890.00","5,800.00","5.98K","-1.15%"
"17-05-2023","5,899.00","5,972.00","5,980.00","5,886.00","6.67K","-1.24%"
"16-05-2023","5,973.00","5,923.00","6,000.00","5,858.00","6.90K","0.84%"
"15-05-2023","5,923.00","6,000.00","6,000.00","5,900.00","6.55K","-1.18%"
"12-05-2023","5,994.00","6,040.00","6,040.00","5,985.00","5.17K","-0.48%"
"11-05-2023","6,023.00","6,056.00","6,132.00","6,018.00","9.46K","-0.56%"
"10-05-2023","6,057.00","5,936.00","6,068.00","5,936.00","8.14K","1.17%"
"09-05-2023","5,987.00","6,018.00","6,029.00","5,981.00","7.49K","-0.68%"
"08-05-2023","6,028.00","6,052.00","6,085.00","6,020.00","6.15K","-1.44%"
"05-05-2023","6,116.00","6,150.00","6,196.00","6,081.00","6.27K","-0.60%"
"04-05-2023","6,153.00","6,100.00","6,165.00","6,085.00","7.49K","1.02%"
"03-05-2023","6,091.00","6,020.00","6,098.00","5,990.00","4.76K","1.38%"
"02-05-2023","6,008.00","5,970.00","6,035.00","5,950.00","4.95K","-0.35%"
"28-04-2023","6,029.00","6,111.00","6,120.00","6,000.00","3.97K","-1.34%"
"27-04-2023","6,111.00","6,052.00","6,128.00","6,040.00","2.34K","0.54%"
"26-04-2023","6,078.00","6,180.00","6,192.00","6,062.00","4.57K","-1.75%"
"25-04-2023","6,186.00","6,227.00","6,250.00","6,160.00","2.23K","-1.20%"
"24-04-2023","6,261.00","6,300.00","6,300.00","6,231.00","1.15K","-1.06%"
"21-04-2023","6,328.00","6,318.00","6,334.00","6,301.00","1.47K","1.33%"
"20-04-2023","6,245.00","6,220.00","6,254.00","6,205.00","3.62K","0.24%"
"19-04-2023","6,230.00","6,211.00","6,250.00","6,211.00","3.66K","-0.10%"
"18-04-2023","6,236.00","6,176.00","6,245.00","6,170.00","4.69K","0.76%"
"17-04-2023","6,189.00","6,270.00","6,270.00","6,151.00","5.34K","-1.64%"
"13-04-2023","6,292.00","6,303.00","6,344.00","6,263.00","7.64K","-0.25%"
"12-04-2023","6,308.00","6,380.00","6,398.00","6,302.00","5.58K","-0.30%"
"11-04-2023","6,327.00","6,260.00","6,348.00","6,230.00","7.54K","1.09%"
"10-04-2023","6,259.00","6,110.00","6,300.00","6,110.00","11.03K","2.84%"
"06-04-2023","6,086.00","6,060.00","6,170.00","6,058.00","4.63K","-0.29%"
"05-04-2023","6,104.00","6,112.00","6,130.00","6,060.00","5.33K","-0.13%"
"03-04-2023","6,112.00","6,138.00","6,188.00","6,050.00","4.37K","-0.42%"
"31-03-2023","6,138.00","6,240.00","6,240.00","6,080.00","3.09K","-1.13%"
"29-03-2023","6,208.00","6,228.00","6,242.00","6,180.00","1.26K","-0.32%"
"28-03-2023","6,228.00","6,260.00","6,260.00","6,172.00","2.37K","-0.19%"
"27-03-2023","6,240.00","6,296.00","6,296.00","6,204.00","1.97K","-1.45%"
"24-03-2023","6,332.00","6,362.00","6,392.00","6,260.00","1.12K","-1.19%"
"23-03-2023","6,408.00","6,358.00","6,458.00","6,350.00","0.65K","-0.50%"
"22-03-2023","6,440.00","6,362.00","6,448.00","6,360.00","3.32K","1.04%"
"21-03-2023","6,374.00","6,378.00","6,380.00","6,360.00","0.35K","0.54%"
"20-03-2023","6,340.00","6,350.00","6,380.00","6,294.00","3.67K","0.44%"
"17-03-2023","6,312.00","6,232.00","6,330.00","6,188.00","4.59K","0.29%"
"16-03-2023","6,294.00","6,344.00","6,362.00","6,196.00","5.51K","-1.07%"
"15-03-2023","6,362.00","6,360.00","6,398.00","6,340.00","2.09K","0.19%"
"14-03-2023","6,350.00","6,356.00","6,366.00","6,302.00","4.77K","-0.19%"
"13-03-2023","6,362.00","6,350.00","6,376.00","6,330.00","5.08K","0.41%"
"10-03-2023","6,336.00","6,410.00","6,438.00","6,306.00","4.44K","-1.37%"
"09-03-2023","6,424.00","6,342.00","6,430.00","6,342.00","4.78K","1.01%"
"08-03-2023","6,360.00","6,340.00","6,364.00","6,322.00","1.19K","0.41%"
"06-03-2023","6,334.00","6,320.00","6,350.00","6,302.00","1.74K","0.16%"
"03-03-2023","6,324.00","6,370.00","6,380.00","6,304.00","2.20K","-0.09%"
"02-03-2023","6,330.00","6,300.00","6,404.00","6,300.00","5.39K","0.70%"
"01-03-2023","6,286.00","6,350.00","6,350.00","6,272.00","6.59K","-0.88%"
"28-02-2023","6,342.00","6,390.00","6,400.00","6,284.00","3.93K","-0.91%"
"27-02-2023","6,400.00","6,508.00","6,530.00","6,390.00","2.24K","-1.78%"
"24-02-2023","6,516.00","6,520.00","6,564.00","6,486.00","2.11K","0.03%"
"23-02-2023","6,514.00","6,570.00","6,570.00","6,500.00","1.74K","-0.88%"
"22-02-2023","6,572.00","6,670.00","6,670.00","6,540.00","2.10K","-1.71%"
"21-02-2023","6,686.00","6,662.00","6,710.00","6,660.00","0.71K","0.00%"
"20-02-2023","6,686.00","6,726.00","6,726.00","6,642.00","4.44K","-1.01%"
"17-02-2023","6,754.00","6,790.00","6,794.00","6,738.00","3.09K","-0.68%"
"16-02-2023","6,800.00","6,820.00","6,860.00","6,788.00","2.24K","-0.29%"
"15-02-2023","6,820.00","6,814.00","6,842.00","6,782.00","2.01K","0.21%"
"14-02-2023","6,806.00","6,788.00","6,870.00","6,702.00","11.82K","0.68%"
"13-02-2023","6,760.00","6,928.00","6,940.00","6,740.00","12.69K","-2.48%"
"10-02-2023","6,932.00","6,912.00","6,998.00","6,906.00","4.47K","-0.06%"
"09-02-2023","6,936.00","6,960.00","6,976.00","6,900.00","2.13K","-0.26%"
"08-02-2023","6,954.00","6,914.00","6,964.00","6,908.00","2.32K","0.58%"
"07-02-2023","6,914.00","6,900.00","6,938.00","6,896.00","2.12K","-0.06%"
"06-02-2023","6,918.00","6,914.00","7,006.00","6,896.00","2.26K","-0.03%"
"03-02-2023","6,920.00","6,934.00","6,980.00","6,912.00","3.02K","-0.23%"
"02-02-2023","6,936.00","6,904.00","6,946.00","6,872.00","3.05K","-0.12%"
"01-02-2023","6,944.00","6,974.00","7,016.00","6,900.00","2.94K","-0.52%"
"31-01-2023","6,980.00","6,938.00","6,998.00","6,930.00","1.34K","0.69%"
"30-01-2023","6,932.00","6,978.00","6,980.00","6,910.00","0.59K","0.41%"
"27-01-2023","6,904.00","6,868.00","6,950.00","6,844.00","1.31K","0.82%"
"25-01-2023","6,848.00","6,952.00","6,958.00","6,834.00","2.08K","-1.83%"
"24-01-2023","6,976.00","6,980.00","7,000.00","6,970.00","0.19K","-0.09%"
"23-01-2023","6,982.00","7,020.00","7,020.00","6,946.00","0.29K","-0.91%"
"20-01-2023","7,046.00","7,030.00","7,076.00","7,002.00","3.29K","0.20%"
"19-01-2023","7,032.00","7,080.00","7,118.00","7,000.00","6.39K","-1.12%"
"18-01-2023","7,112.00","7,122.00","7,170.00","7,098.00","2.67K","-0.22%"
"17-01-2023","7,128.00","7,160.00","7,186.00","7,110.00","5.42K","-0.06%"
"16-01-2023","7,132.00","7,242.00","7,324.00","7,102.00","10.75K","-0.53%"
"13-01-2023","7,170.00","7,050.00","7,194.00","7,050.00","10.06K","1.73%"
"12-01-2023","7,048.00","6,990.00","7,070.00","6,960.00","3.93K","1.03%"
"11-01-2023","6,976.00","7,014.00","7,030.00","6,964.00","5.31K","-0.82%"
"10-01-2023","7,034.00","7,090.00","7,100.00","7,020.00","5.21K","-0.85%"
"09-01-2023","7,094.00","7,160.00","7,160.00","7,070.00","3.74K","-0.39%"
"06-01-2023","7,122.00","7,130.00","7,194.00","7,112.00","2.11K","0.03%"
"05-01-2023","7,120.00","7,090.00","7,140.00","7,048.00","2.47K","0.23%"
"04-01-2023","7,104.00","7,190.00","7,190.00","7,088.00","1.66K","-1.03%"
"03-01-2023","7,178.00","7,132.00","7,196.00","7,132.00","1.82K","0.64%"
"02-01-2023","7,132.00","7,070.00","7,150.00","7,070.00","1.89K","0.76%"
"30-12-2022","7,078.00","7,000.00","7,094.00","6,984.00","2.13K","0.94%"
"29-12-2022","7,012.00","6,992.00","7,040.00","6,974.00","1.19K","0.09%"
"28-12-2022","7,006.00","6,990.00","7,016.00","6,874.00","1.61K","0.09%"
"27-12-2022","7,000.00","7,030.00","7,060.00","6,990.00","1.16K","-0.40%"
"26-12-2022","7,028.00","7,050.00","7,070.00","7,000.00","1.25K","-1.24%"
"23-12-2022","7,116.00","7,150.00","7,174.00","7,100.00","0.74K","-0.50%"
"22-12-2022","7,152.00","7,150.00","7,180.00","7,130.00","0.36K","0.17%"
"21-12-2022","7,140.00","7,166.00","7,166.00","7,060.00","1.46K","-1.05%"
"20-12-2022","7,216.00","7,250.00","7,284.00","7,200.00","3.43K","-0.50%"
"19-12-2022","7,252.00","7,248.00","7,280.00","7,180.00","6.11K","-1.01%"
"16-12-2022","7,326.00","7,396.00","7,396.00","7,260.00","5.24K","-0.84%"
"15-12-2022","7,388.00","7,380.00","7,430.00","7,356.00","2.24K","-0.11%"
"14-12-2022","7,396.00","7,398.00","7,400.00","7,318.00","7.02K","0.00%"
"13-12-2022","7,396.00","7,408.00","7,410.00","7,370.00","3.48K","-0.22%"
"12-12-2022","7,412.00","7,480.00","7,560.00","7,354.00","4.67K","-0.56%"
"09-12-2022","7,454.00","7,482.00","7,482.00","7,424.00","5.97K","-0.43%"
"08-12-2022","7,486.00","7,482.00","7,498.00","7,474.00","2.76K","0.13%"
"07-12-2022","7,476.00","7,470.00","7,486.00","7,454.00","2.48K","0.11%"
"06-12-2022","7,468.00","7,414.00","7,490.00","7,402.00","5.57K","0.84%"
"05-12-2022","7,406.00","7,430.00","7,430.00","7,368.00","2.88K","-0.62%"
"02-12-2022","7,452.00","7,498.00","7,510.00","7,432.00","2.10K","-0.53%"
"01-12-2022","7,492.00","7,450.00","7,516.00","7,430.00","3.09K","0.62%"
"30-11-2022","7,446.00","7,452.00","7,460.00","7,422.00","2.14K","-0.37%"
"29-11-2022","7,474.00","7,410.00","7,500.00","7,390.00","2.59K","1.03%"
"28-11-2022","7,398.00","7,360.00","7,400.00","7,300.00","1.19K","0.16%"
"25-11-2022","7,386.00","7,438.00","7,452.00","7,334.00","1.67K","-0.40%"
"24-11-2022","7,416.00","7,376.00","7,444.00","7,370.00","1.47K","0.73%"
"23-11-2022","7,362.00","7,320.00","7,376.00","7,304.00","1.32K","0.25%"
"22-11-2022","7,344.00","7,388.00","7,402.00","7,200.00","0.44K","-0.60%"
"21-11-2022","7,388.00","7,374.00","7,400.00","7,330.00","0.27K","-1.26%"
"18-11-2022","7,482.00","7,494.00","7,650.00","7,402.00","6.66K","0.08%"
"17-11-2022","7,476.00","7,508.00","7,530.00","7,462.00","3.68K","-0.66%"
"16-11-2022","7,526.00","7,436.00","7,546.00","7,408.00","6.15K","1.35%"
"15-11-2022","7,426.00","7,394.00","7,450.00","7,380.00","3.12K","0.43%"
"14-11-2022","7,394.00","7,400.00","7,420.00","7,354.00","7.28K","-0.03%"
"11-11-2022","7,396.00","7,300.00","7,410.00","7,288.00","10.31K","1.20%"
"10-11-2022","7,308.00","7,300.00","7,316.00","7,262.00","3.86K","0.03%"
"09-11-2022","7,306.00","7,334.00","7,338.00","7,280.00","4.04K","-0.38%"
"07-11-2022","7,334.00","7,280.00","7,380.00","7,276.00","6.68K","0.77%"
"04-11-2022","7,278.00","7,254.00","7,326.00","7,240.00","3.79K","0.28%"
"03-11-2022","7,258.00","7,282.00","7,302.00","7,100.00","2.95K","-0.66%"
"02-11-2022","7,306.00","7,180.00","7,328.00","7,180.00","4.62K","1.53%"
"01-11-2022","7,196.00","7,120.00","7,198.00","7,114.00","1.11K","1.18%"
"31-10-2022","7,112.00","7,100.00","7,250.00","6,954.00","1.76K","-0.03%"
"28-10-2022","7,114.00","7,110.00","7,128.00","7,094.00","0.37K","0.17%"
"27-10-2022","7,102.00","7,100.00","7,116.00","7,056.00","0.24K","-0.08%"
"25-10-2022","7,108.00","7,118.00","7,118.00","7,094.00","0.02K","0.31%"
"24-10-2022","7,086.00","7,110.00","7,110.00","7,074.00","0.10K","-0.51%"
"21-10-2022","7,122.00","7,140.00","7,174.00","7,052.00","0.45K","-0.61%"
"20-10-2022","7,166.00","7,160.00","7,190.00","7,150.00","4.39K","0.00%"
"19-10-2022","7,166.00","7,160.00","7,180.00","7,132.00","2.94K","0.22%"
"18-10-2022","7,150.00","7,194.00","7,220.00","7,118.00","3.74K","-0.56%"
"17-10-2022","7,190.00","7,178.00","7,198.00","7,160.00","2.84K","0.39%"
"14-10-2022","7,162.00","7,148.00","7,198.00","7,134.00","7.56K","0.31%"
"13-10-2022","7,140.00","7,062.00","7,184.00","7,062.00","8.04K","0.42%"
"12-10-2022","7,110.00","7,140.00","7,326.00","7,080.00","14.63K","-0.06%"
"11-10-2022","7,114.00","7,250.00","7,250.00","7,062.00","3.78K","-0.78%"
"10-10-2022","7,170.00","7,224.00","7,228.00","7,106.00","11.96K","-1.35%"
"07-10-2022","7,268.00","7,300.00","7,314.00","7,244.00","2.91K","0.03%"
"06-10-2022","7,266.00","7,270.00","7,290.00","7,234.00","2.47K","0.00%"
"04-10-2022","7,266.00","7,264.00","7,300.00","7,212.00","2.39K","-0.33%"
"03-10-2022","7,290.00","7,360.00","7,360.00","7,200.00","3.78K","-1.25%"
"30-09-2022","7,382.00","7,410.00","7,420.00","7,364.00","1.43K","-0.35%"
"29-09-2022","7,408.00","7,400.00","7,418.00","7,386.00","3.86K","0.16%"
"28-09-2022","7,396.00","7,406.00","7,430.00","7,300.00","1.43K","-0.46%"
"27-09-2022","7,430.00","7,408.00","7,466.00","7,380.00","0.85K","0.11%"
"26-09-2022","7,422.00","7,452.00","7,454.00","7,404.00","0.64K","-0.72%"
"23-09-2022","7,476.00","7,414.00","7,490.00","7,402.00","0.75K","1.22%"
"22-09-2022","7,386.00","7,412.00","7,412.00","7,368.00","0.23K","-0.19%"
"21-09-2022","7,400.00","7,378.00","7,440.00","7,378.00","1.09K","0.33%"
"20-09-2022","7,376.00","7,340.00","7,388.00","7,306.00","5.11K","0.24%"
"19-09-2022","7,358.00","7,414.00","7,430.00","7,312.00","4.10K","-0.76%"
"16-09-2022","7,414.00","7,400.00","7,450.00","7,386.00","2.44K","0.11%"
"15-09-2022","7,406.00","7,458.00","7,458.00","7,398.00","1.77K","-0.64%"
"14-09-2022","7,454.00","7,460.00","7,474.00","7,412.00","4.82K","-0.27%"
"13-09-2022","7,474.00","7,500.00","7,522.00","7,466.00","5.59K","-0.21%"
"12-09-2022","7,490.00","7,520.00","7,528.00","7,436.00","6.10K","-0.32%"
"09-09-2022","7,514.00","7,368.00","7,548.00","7,360.00","8.89K","1.51%"
"08-09-2022","7,402.00","7,426.00","7,448.00","7,384.00","4.64K","-0.24%"
"07-09-2022","7,420.00","7,432.00","7,452.00","7,382.00","6.08K","-0.16%"
"06-09-2022","7,432.00","7,436.00","7,460.00","7,406.00","3.26K","-0.16%"
"05-09-2022","7,444.00","7,386.00","7,448.00","7,366.00","3.41K","0.68%"
"02-09-2022","7,394.00","7,360.00","7,412.00","7,330.00","3.57K","0.19%"
"01-09-2022","7,380.00","7,330.00","7,392.00","7,240.00","6.59K","0.35%"
"30-08-2022","7,354.00","7,450.00","7,470.00","7,322.00","4.75K","-1.32%"
"29-08-2022","7,452.00","7,480.00","7,506.00","7,446.00","3.89K","-0.61%"
"26-08-2022","7,498.00","7,460.00","7,516.00","7,440.00","5.17K","0.48%"
"25-08-2022","7,462.00","7,618.00","7,618.00","7,434.00","5.91K","-1.82%"
"24-08-2022","7,600.00","7,624.00","7,634.00","7,570.00","3.14K","0.08%"
"23-08-2022","7,594.00","7,574.00","7,600.00","7,570.00","4.05K","0.56%"
"22-08-2022","7,552.00","7,616.00","7,644.00","7,540.00","2.83K","-0.34%"
"19-08-2022","7,578.00","7,632.00","7,674.00","7,552.00","2.15K","-0.16%"
"18-08-2022","7,590.00","7,674.00","7,674.00","7,570.00","3.88K","-0.13%"
"17-08-2022","7,600.00","7,616.00","7,688.00","7,552.00","8.30K","0.05%"
"16-08-2022","7,596.00","7,400.00","7,608.00","7,400.00","11.99K","2.57%"
"12-08-2022","7,406.00","7,354.00","7,450.00","7,354.00","6.10K","0.52%"
"11-08-2022","7,368.00","7,300.00","7,390.00","7,236.00","4.50K","0.57%"
"10-08-2022","7,326.00","7,300.00","7,422.00","7,300.00","11.33K","0.60%"
"08-08-2022","7,282.00","7,258.00","7,300.00","7,220.00","11.49K","0.44%"
"05-08-2022","7,250.00","7,238.00","7,258.00","7,204.00","8.39K","-0.08%"
"04-08-2022","7,256.00","7,218.00","7,274.00","7,182.00","5.94K","0.58%"
"03-08-2022","7,214.00","7,186.00","7,226.00","7,094.00","6.30K","0.06%"
"02-08-2022","7,210.00","7,270.00","7,278.00","7,182.00","3.74K","-1.04%"
"01-08-2022","7,286.00","7,334.00","7,364.00","7,272.00","1.64K","-0.65%"
"29-07-2022","7,334.00","7,354.00","7,392.00","7,322.00","4.16K","-0.30%"
"28-07-2022","7,356.00","7,330.00","7,406.00","7,320.00","6.42K","0.41%"
"27-07-2022","7,326.00","7,340.00","7,386.00","7,298.00","1.83K","-0.19%"
"26-07-2022","7,340.00","7,232.00","7,350.00","7,232.00","7.01K","0.94%"
"25-07-2022","7,272.00","7,318.00","7,318.00","7,228.00","3.67K","-1.03%"
"22-07-2022","7,348.00","7,390.00","7,406.00","7,314.00","2.91K","-0.86%"
"21-07-2022","7,412.00","7,452.00","7,478.00","7,400.00","1.87K","0.03%"
"20-07-2022","7,410.00","7,324.00","7,418.00","7,324.00","7.95K","0.71%"
"19-07-2022","7,358.00","7,280.00","7,372.00","7,232.00","7.30K","0.91%"
"18-07-2022","7,292.00","7,250.00","7,318.00","7,148.00","11.28K","0.61%"
"15-07-2022","7,248.00","7,290.00","7,318.00","7,236.00","9.66K","-0.30%"
"14-07-2022","7,270.00","7,328.00","7,328.00","7,206.00","13.54K","-0.79%"
"13-07-2022","7,328.00","7,352.00","7,368.00","7,300.00","7.48K","-0.60%"
"12-07-2022","7,372.00","7,404.00","7,442.00","7,310.00","11.84K","-0.62%"
"11-07-2022","7,418.00","7,478.00","7,518.00","7,406.00","7.48K","-0.67%"
"08-07-2022","7,468.00","7,370.00","7,526.00","7,370.00","8.89K","0.81%"
"07-07-2022","7,408.00","7,440.00","7,462.00","7,378.00","6.89K","-0.27%"
"06-07-2022","7,428.00","7,352.00","7,454.00","7,286.00","10.05K","-0.19%"
"05-07-2022","7,442.00","7,480.00","7,504.00","7,410.00","7.83K","-0.59%"
"04-07-2022","7,486.00","7,530.00","7,558.00","7,452.00","7.34K","-1.11%"
"01-07-2022","7,570.00","7,460.00","7,578.00","7,422.00","4.94K","0.42%"
"30-06-2022","7,538.00","7,492.00","7,592.00","7,462.00","8.70K","0.91%"
"29-06-2022","7,470.00","7,400.00","7,490.00","7,380.00","4.39K","0.92%"
"28-06-2022","7,402.00","7,294.00","7,406.00","7,294.00","4.87K","1.45%"
"27-06-2022","7,296.00","7,294.00","7,326.00","7,232.00","5.02K","0.36%"
"24-06-2022","7,270.00","7,314.00","7,350.00","7,234.00","6.04K","-0.85%"
"23-06-2022","7,332.00","7,250.00","7,356.00","7,204.00","6.05K","1.10%"
"22-06-2022","7,252.00","7,298.00","7,310.00","7,236.00","5.97K","-0.74%"
"21-06-2022","7,306.00","7,322.00","7,350.00","7,254.00","1.95K","1.14%"
"20-06-2022","7,224.00","7,350.00","7,350.00","7,040.00","18.30K","-2.56%"
"17-06-2022","7,414.00","7,428.00","7,428.00","7,380.00","3.98K","-0.22%"
"16-06-2022","7,430.00","7,492.00","7,510.00","7,250.00","12.28K","-0.96%"
"15-06-2022","7,502.00","7,490.00","7,520.00","7,452.00","3.63K","0.35%"
"14-06-2022","7,476.00","7,422.00","7,482.00","7,412.00","5.72K","0.51%"
"13-06-2022","7,438.00","7,520.00","7,520.00","7,412.00","9.68K","-1.25%"
"10-06-2022","7,532.00","7,588.00","7,588.00","7,492.00","6.75K","-0.03%"
"09-06-2022","7,534.00","7,540.00","7,564.00","7,524.00","4.98K","-0.13%"
"08-06-2022","7,544.00","7,520.00","7,568.00","7,506.00","8.99K","0.35%"
"07-06-2022","7,518.00","7,542.00","7,600.00","7,500.00","9.89K","-0.45%"
"06-06-2022","7,552.00","7,552.00","7,608.00","7,544.00","4.81K","-0.26%"
"03-06-2022","7,572.00","7,536.00","7,588.00","7,528.00","6.34K","0.58%"
"02-06-2022","7,528.00","7,466.00","7,540.00","7,460.00","7.46K","0.48%"
"01-06-2022","7,492.00","7,476.00","7,530.00","7,420.00","6.19K","0.21%"
"31-05-2022","7,476.00","7,444.00","7,508.00","7,342.00","7.23K","0.38%"
"30-05-2022","7,448.00","7,630.00","7,652.00","7,360.00","11.41K","-2.82%"
"27-05-2022","7,664.00","7,736.00","7,736.00","7,628.00","2.47K","-0.60%"
"26-05-2022","7,710.00","7,610.00","7,720.00","7,590.00","5.20K","1.77%"
"25-05-2022","7,576.00","7,662.00","7,662.00","7,570.00","5.91K","-1.35%"
"24-05-2022","7,680.00","7,718.00","7,752.00","7,660.00","2.45K","-0.29%"
"23-05-2022","7,702.00","7,780.00","7,798.00","7,654.00","7.83K","0.29%"
"20-05-2022","7,680.00","7,570.00","7,708.00","7,550.00","18.08K","1.80%"
"19-05-2022","7,544.00","7,456.00","7,556.00","7,440.00","12.47K","1.07%"
"18-05-2022","7,464.00","7,516.00","7,528.00","7,422.00","9.73K","-0.74%"
"17-05-2022","7,520.00","7,536.00","7,548.00","7,484.00","6.31K","-0.13%"
"16-05-2022","7,530.00","7,450.00","7,586.00","7,450.00","12.49K","1.59%"
"13-05-2022","7,412.00","7,410.00","7,470.00","7,380.00","11.05K","0.46%"
"12-05-2022","7,378.00","7,366.00","7,428.00","7,352.00","13.35K","0.27%"
"11-05-2022","7,358.00","7,310.00","7,390.00","7,310.00","11.85K","0.68%"
"10-05-2022","7,308.00","7,316.00","7,340.00","7,288.00","9.54K","-0.14%"
"09-05-2022","7,318.00","7,320.00","7,356.00","7,312.00","9.03K","0.19%"
"06-05-2022","7,304.00","7,290.00","7,320.00","7,150.00","12.06K","0.08%"
"05-05-2022","7,298.00","7,384.00","7,416.00","7,214.00","14.47K","-0.98%"
"04-05-2022","7,370.00","7,396.00","7,410.00","7,330.00","7.77K","0.00%"
"03-05-2022","7,370.00","7,370.00","7,370.00","7,370.00","","0.00%"
"02-05-2022","7,370.00","7,396.00","7,408.00","7,352.00","9.12K","-0.78%"
"29-04-2022","7,428.00","7,380.00","7,600.00","7,350.00","17.39K","1.23%"
"28-04-2022","7,338.00","7,270.00","7,348.00","7,254.00","6.30K","0.96%"
"27-04-2022","7,268.00","7,248.00","7,450.00","7,210.00","4.10K","0.28%"
"26-04-2022","7,248.00","7,230.00","7,264.00","7,182.00","3.17K","-0.19%"
"25-04-2022","7,262.00","7,258.00","7,304.00","7,242.00","3.11K","-0.08%"
"22-04-2022","7,268.00","7,322.00","7,330.00","7,252.00","1.93K","-0.82%"
"21-04-2022","7,328.00","7,250.00","7,330.00","7,250.00","4.21K","2.49%"
"20-04-2022","7,150.00","7,142.00","7,170.00","7,090.00","7.66K","-0.17%"
"19-04-2022","7,162.00","7,240.00","7,276.00","7,144.00","10.49K","-1.32%"
"18-04-2022","7,258.00","7,186.00","7,310.00","7,186.00","10.92K","1.43%"
"14-04-2022","7,156.00","7,156.00","7,156.00","7,156.00","","0.00%"
"13-04-2022","7,156.00","7,150.00","7,196.00","7,130.00","6.72K","0.28%"
"12-04-2022","7,136.00","7,100.00","7,192.00","7,100.00","7.19K","0.48%"
"11-04-2022","7,102.00","7,100.00","7,164.00","7,054.00","7.78K","-0.14%"
"08-04-2022","7,112.00","7,122.00","7,248.00","7,050.00","11.84K","-0.34%"
"07-04-2022","7,136.00","7,196.00","7,230.00","7,102.00","8.27K","-1.05%"
"06-04-2022","7,212.00","7,270.00","7,324.00","7,200.00","9.48K","-1.39%"
"05-04-2022","7,314.00","7,398.00","7,426.00","7,292.00","7.03K","-1.08%"
"04-04-2022","7,394.00","7,500.00","7,544.00","7,332.00","6.53K","-1.54%"
"01-04-2022","7,510.00","7,380.00","7,642.00","7,330.00","8.27K","2.01%"
"31-03-2022","7,362.00","7,338.00","7,374.00","7,300.00","2.02K","0.55%"
"30-03-2022","7,322.00","7,268.00","7,354.00","7,260.00","2.32K","0.38%"
"29-03-2022","7,294.00","7,270.00","7,306.00","7,250.00","0.82K","0.16%"
"28-03-2022","7,282.00","7,360.00","7,360.00","7,240.00","1.59K","-0.87%"
"25-03-2022","7,346.00","7,344.00","7,386.00","7,332.00","1.09K","-0.68%"
"24-03-2022","7,396.00","7,362.00","7,408.00","7,350.00","0.97K","0.05%"
"23-03-2022","7,392.00","7,408.00","7,428.00","7,368.00","1.07K","0.38%"
"22-03-2022","7,364.00","7,354.00","7,388.00","7,320.00","0.76K","0.66%"
"21-03-2022","7,316.00","7,404.00","7,404.00","7,300.00","1.09K","-1.03%"
"18-03-2022","7,392.00","7,392.00","7,392.00","7,392.00","","0.00%"
"17-03-2022","7,392.00","7,346.00","7,418.00","7,346.00","1.18K","1.73%"
"16-03-2022","7,266.00","7,214.00","7,286.00","7,152.00","7.34K","0.83%"
"15-03-2022","7,206.00","7,366.00","7,376.00","7,192.00","5.72K","-1.85%"
"14-03-2022","7,342.00","7,330.00","7,420.00","7,312.00","4.60K","0.03%"
"11-03-2022","7,340.00","7,310.00","7,376.00","7,288.00","3.42K","0.58%"
"10-03-2022","7,298.00","7,380.00","7,400.00","7,282.00","7.75K","-1.16%"
"09-03-2022","7,384.00","7,320.00","7,434.00","7,308.00","9.62K","1.04%"
"08-03-2022","7,308.00","7,306.00","7,348.00","7,210.00","9.84K","0.00%"
"07-03-2022","7,308.00","7,274.00","7,416.00","7,192.00","10.48K","0.16%"
"04-03-2022","7,296.00","7,220.00","7,318.00","7,192.00","7.80K","0.94%"
"03-03-2022","7,228.00","7,330.00","7,432.00","7,150.00","9.03K","-1.58%"
"02-03-2022","7,344.00","7,110.00","7,460.00","7,102.00","9.49K","4.02%"
"01-03-2022","7,060.00","7,060.00","7,060.00","7,060.00","","0.00%"
"28-02-2022","7,060.00","6,916.00","7,074.00","6,856.00","4.21K","2.08%"
"25-02-2022","6,916.00","6,910.00","6,972.00","6,852.00","2.54K","0.79%"
"24-02-2022","6,862.00","6,686.00","6,898.00","6,616.00","6.69K","1.93%"
"23-02-2022","6,732.00","6,868.00","6,900.00","6,670.00","3.41K","-1.72%"
"22-02-2022","6,850.00","6,968.00","6,988.00","6,806.00","1.73K","-1.75%"
"21-02-2022","6,972.00","7,120.00","7,132.00","6,942.00","1.68K","-2.00%"
"18-02-2022","7,114.00","7,124.00","7,248.00","7,028.00","15.68K","0.62%"
"17-02-2022","7,070.00","6,882.00","7,112.00","6,882.00","13.60K","2.70%"
"16-02-2022","6,884.00","6,820.00","6,940.00","6,802.00","10.29K","1.00%"
"15-02-2022","6,816.00","6,812.00","6,860.00","6,710.00","10.13K","0.18%"
"14-02-2022","6,804.00","6,842.00","6,986.00","6,772.00","20.28K","0.09%"
"11-02-2022","6,798.00","6,714.00","6,814.00","6,686.00","13.56K","1.37%"
"10-02-2022","6,706.00","6,620.00","6,718.00","6,600.00","11.63K","1.73%"
"09-02-2022","6,592.00","6,538.00","6,654.00","6,538.00","11.86K","0.67%"
"08-02-2022","6,548.00","6,530.00","6,558.00","6,484.00","4.97K","0.21%"
"07-02-2022","6,534.00","6,500.00","6,574.00","6,490.00","7.48K","0.86%"
"04-02-2022","6,478.00","6,406.00","6,528.00","6,400.00","9.09K","1.16%"
"03-02-2022","6,404.00","6,402.00","6,412.00","6,366.00","3.30K","0.22%"
"02-02-2022","6,390.00","6,392.00","6,402.00","6,360.00","2.34K","0.19%"
"01-02-2022","6,378.00","6,414.00","6,440.00","6,368.00","2.00K","-0.28%"
"31-01-2022","6,396.00","6,368.00","6,438.00","6,348.00","2.94K","0.82%"
"28-01-2022","6,344.00","6,408.00","6,412.00","6,300.00","2.94K","-1.00%"
"27-01-2022","6,408.00","6,400.00","6,450.00","6,346.00","4.04K","0.60%"
"25-01-2022","6,370.00","6,272.00","6,382.00","6,266.00","2.48K","1.85%"
"24-01-2022","6,254.00","6,290.00","6,308.00","6,226.00","0.83K","0.06%"
"21-01-2022","6,250.00","6,202.00","6,280.00","6,174.00","1.05K","0.58%"
"20-01-2022","6,214.00","6,222.00","6,270.00","6,180.00","5.58K","-0.64%"
"19-01-2022","6,254.00","6,376.00","6,388.00","6,240.00","8.05K","-1.42%"
"18-01-2022","6,344.00","6,262.00","6,440.00","6,262.00","11.34K","1.28%"
"17-01-2022","6,264.00","6,262.00","6,294.00","6,232.00","4.16K","0.16%"
"14-01-2022","6,254.00","6,234.00","6,310.00","6,232.00","8.21K","0.00%"
"13-01-2022","6,254.00","6,150.00","6,288.00","6,134.00","14.31K","1.76%"
"12-01-2022","6,146.00","6,076.00","6,160.00","6,062.00","10.11K","1.82%"
"11-01-2022","6,036.00","5,950.00","6,046.00","5,940.00","7.35K","1.58%"
"10-01-2022","5,942.00","5,900.00","5,990.00","5,900.00","9.28K","0.44%"
"07-01-2022","5,916.00","5,954.00","6,018.00","5,902.00","6.57K","-1.10%"
"06-01-2022","5,982.00","6,000.00","6,000.00","5,866.00","4.79K","-0.57%"
"05-01-2022","6,016.00","6,044.00","6,066.00","6,002.00","3.53K","-0.33%"
"04-01-2022","6,036.00","5,998.00","6,048.00","5,934.00","7.46K","0.97%"
"03-01-2022","5,978.00","5,930.00","6,040.00","5,924.00","5.13K","1.29%"
"31-12-2021","5,902.00","5,840.00","5,940.00","5,830.00","3.85K","0.89%"
"30-12-2021","5,850.00","5,810.00","5,854.00","5,794.00","2.15K","0.65%"
"29-12-2021","5,812.00","5,818.00","5,876.00","5,764.00","2.51K","0.00%"
"28-12-2021","5,812.00","5,860.00","5,880.00","5,774.00","2.54K","-0.55%"
"27-12-2021","5,844.00","5,950.00","5,956.00","5,822.00","1.88K","-1.98%"
"24-12-2021","5,962.00","5,966.00","5,982.00","5,932.00","1.12K","-0.10%"
"23-12-2021","5,968.00","5,928.00","5,986.00","5,902.00","0.86K","1.12%"
"22-12-2021","5,902.00","5,834.00","5,986.00","5,800.00","2.69K","0.89%"
"21-12-2021","5,850.00","5,960.00","5,984.00","5,820.00","1.57K","-1.94%"
"20-12-2021","5,966.00","6,090.00","6,112.00","5,806.00","10.74K","-2.80%"
"17-12-2021","6,138.00","6,228.00","6,236.00","6,114.00","5.68K","-1.29%"
"16-12-2021","6,218.00","6,210.00","6,236.00","6,186.00","3.90K","0.16%"
"15-12-2021","6,208.00","6,238.00","6,270.00","6,182.00","6.65K","-0.32%"
"14-12-2021","6,228.00","6,122.00","6,248.00","6,106.00","12.20K","1.86%"
"13-12-2021","6,114.00","6,350.00","6,396.00","6,038.00","10.92K","-3.90%"
"10-12-2021","6,362.00","6,310.00","6,378.00","6,260.00","10.89K","0.60%"
"09-12-2021","6,324.00","6,424.00","6,470.00","6,300.00","11.32K","-1.83%"
"08-12-2021","6,442.00","6,468.00","6,504.00","6,432.00","5.03K","-0.40%"
"07-12-2021","6,468.00","6,466.00","6,488.00","6,414.00","5.40K","0.15%"
"06-12-2021","6,458.00","6,552.00","6,566.00","6,440.00","3.95K","-0.86%"
"03-12-2021","6,514.00","6,462.00","6,520.00","6,456.00","3.42K","0.62%"
"02-12-2021","6,474.00","6,536.00","6,564.00","6,458.00","3.79K","-1.16%"
"01-12-2021","6,550.00","6,514.00","6,558.00","6,514.00","1.45K","0.49%"
"30-11-2021","6,518.00","6,488.00","6,520.00","6,452.00","3.12K","0.49%"
"29-11-2021","6,486.00","6,544.00","6,554.00","6,382.00","5.65K","-1.46%"
"26-11-2021","6,582.00","6,506.00","6,592.00","6,502.00","1.89K","0.67%"
"25-11-2021","6,538.00","6,504.00","6,542.00","6,504.00","1.79K","0.40%"
"24-11-2021","6,512.00","6,520.00","6,540.00","6,482.00","1.41K","-0.73%"
"23-11-2021","6,560.00","6,614.00","6,614.00","6,540.00","0.45K","-0.61%"
"22-11-2021","6,600.00","6,426.00","6,614.00","6,426.00","1.72K","2.84%"
"19-11-2021","6,418.00","6,418.00","6,418.00","6,418.00","","0.00%"
"18-11-2021","6,418.00","6,410.00","6,472.00","6,398.00","0.64K","0.66%"
"17-11-2021","6,376.00","6,338.00","6,388.00","6,304.00","4.39K","1.17%"
"16-11-2021","6,302.00","6,432.00","6,458.00","6,252.00","16.74K","-2.45%"
"15-11-2021","6,460.00","6,530.00","6,634.00","6,428.00","7.24K","-0.80%"
"12-11-2021","6,512.00","6,474.00","6,538.00","6,464.00","4.17K","0.18%"
"11-11-2021","6,500.00","6,526.00","6,568.00","6,482.00","14.26K","-0.31%"
"10-11-2021","6,520.00","6,578.00","6,598.00","6,500.00","18.81K","-1.00%"
"09-11-2021","6,586.00","6,690.00","6,710.00","6,560.00","13.34K","-0.96%"
"08-11-2021","6,650.00","6,570.00","6,670.00","6,566.00","15.81K","1.19%"
"05-11-2021","6,572.00","6,572.00","6,572.00","6,572.00","","0.00%"
"04-11-2021","6,572.00","6,530.00","6,596.00","6,522.00","2.57K","0.40%"
"03-11-2021","6,546.00","6,600.00","6,618.00","6,512.00","4.64K","-0.76%"
"02-11-2021","6,596.00","6,600.00","6,644.00","6,580.00","7.82K","-0.30%"
"01-11-2021","6,616.00","6,708.00","6,708.00","6,552.00","3.85K","-0.75%"
"29-10-2021","6,666.00","6,680.00","6,738.00","6,612.00","9.55K","-0.24%"
"28-10-2021","6,682.00","6,700.00","6,774.00","6,640.00","8.99K","-0.51%"
"27-10-2021","6,716.00","6,650.00","6,750.00","6,644.00","7.23K","1.39%"
"26-10-2021","6,624.00","6,448.00","6,666.00","6,448.00","7.00K","2.19%"
"25-10-2021","6,482.00","6,548.00","6,584.00","6,386.00","3.18K","-0.37%"
"22-10-2021","6,506.00","6,494.00","6,568.00","6,462.00","2.55K","-0.55%"
"21-10-2021","6,542.00","6,522.00","6,640.00","6,498.00","2.52K","1.33%"
"20-10-2021","6,456.00","6,420.00","6,468.00","6,416.00","1.18K","0.40%"
"19-10-2021","6,430.00","6,400.00","6,492.00","6,378.00","1.45K","1.10%"
"18-10-2021","6,360.00","6,224.00","6,400.00","6,224.00","17.30K","2.58%"
"15-10-2021","6,200.00","6,200.00","6,200.00","6,200.00","","0.00%"
"14-10-2021","6,200.00","6,152.00","6,236.00","6,142.00","8.14K","0.75%"
"13-10-2021","6,154.00","6,164.00","6,196.00","6,118.00","6.45K","-0.29%"
"12-10-2021","6,172.00","6,180.00","6,220.00","6,160.00","6.36K","0.10%"
"11-10-2021","6,166.00","6,208.00","6,270.00","6,148.00","26.90K","-0.71%"
"08-10-2021","6,210.00","6,160.00","6,284.00","6,154.00","21.32K","0.88%"
"07-10-2021","6,156.00","6,140.00","6,168.00","6,100.00","10.45K","0.26%"
"06-10-2021","6,140.00","6,128.00","6,184.00","6,120.00","13.32K","0.46%"
"05-10-2021","6,112.00","6,090.00","6,156.00","6,080.00","8.17K","-0.13%"
"04-10-2021","6,120.00","6,206.00","6,206.00","6,042.00","7.60K","-1.42%"
"01-10-2021","6,208.00","6,170.00","6,230.00","6,152.00","4.50K","0.16%"
"30-09-2021","6,198.00","6,286.00","6,300.00","6,180.00","5.94K","-1.27%"
"29-09-2021","6,278.00","6,222.00","6,296.00","6,220.00","6.40K","1.13%"
"28-09-2021","6,208.00","6,188.00","6,274.00","6,170.00","5.26K","-0.03%"
"27-09-2021","6,210.00","6,306.00","6,306.00","6,200.00","4.37K","-1.08%"
"24-09-2021","6,278.00","6,280.00","6,320.00","6,240.00","4.07K","0.61%"
"23-09-2021","6,240.00","6,150.00","6,248.00","6,112.00","3.91K","1.73%"
"22-09-2021","6,134.00","6,148.00","6,190.00","6,050.00","2.70K","-0.58%"
"21-09-2021","6,170.00","6,272.00","6,328.00","6,102.00","2.75K","-1.72%"
"20-09-2021","6,278.00","6,326.00","6,326.00","6,010.00","3.06K","-0.22%"
"17-09-2021","6,292.00","6,300.00","6,318.00","6,260.00","11.52K","-0.06%"
"16-09-2021","6,296.00","6,300.00","6,330.00","6,262.00","11.36K","0.51%"
"15-09-2021","6,264.00","6,250.00","6,310.00","6,180.00","14.08K","0.55%"
"14-09-2021","6,230.00","6,306.00","6,348.00","6,220.00","16.44K","-1.08%"
"13-09-2021","6,298.00","6,320.00","6,356.00","6,240.00","22.93K","-0.94%"
"10-09-2021","6,358.00","6,358.00","6,358.00","6,358.00","","0.00%"
"09-09-2021","6,358.00","6,430.00","6,460.00","6,308.00","32.38K","-0.53%"
"08-09-2021","6,392.00","6,230.00","6,440.00","6,224.00","30.35K","2.73%"
"07-09-2021","6,222.00","6,120.00","6,260.00","6,118.00","19.07K","1.43%"
"06-09-2021","6,134.00","6,188.00","6,220.00","6,120.00","12.92K","-0.42%"
"03-09-2021","6,160.00","6,154.00","6,216.00","6,112.00","13.67K","0.65%"
"02-09-2021","6,120.00","6,000.00","6,136.00","5,952.00","15.00K","2.24%"
"01-09-2021","5,986.00","5,910.00","6,064.00","5,886.00","19.52K","0.03%"
"31-08-2021","5,984.00","5,992.00","6,140.00","5,950.00","12.14K","-1.06%"
"30-08-2021","6,048.00","6,112.00","6,250.00","5,852.00","20.74K","-0.75%"
"27-08-2021","6,094.00","6,242.00","6,332.00","6,038.00","15.75K","-2.09%"
"26-08-2021","6,224.00","6,450.00","6,494.00","6,210.00","21.50K","-4.10%"
"25-08-2021","6,490.00","6,686.00","6,870.00","6,400.00","15.49K","0.12%"
"24-08-2021","6,482.00","6,164.00","6,482.00","6,156.00","8.20K","5.98%"
"23-08-2021","6,116.00","6,008.00","6,132.00","5,966.00","10.94K","3.42%"
"20-08-2021","5,914.00","5,922.00","5,966.00","5,852.00","20.59K","-0.34%"
"19-08-2021","5,934.00","5,934.00","5,934.00","5,934.00","","0.00%"
"18-08-2021","5,934.00","5,860.00","5,990.00","5,848.00","20.38K","1.64%"
"17-08-2021","5,838.00","5,852.00","5,880.00","5,796.00","8.68K","-0.38%"
"16-08-2021","5,860.00","5,828.00","5,970.00","5,810.00","19.00K","1.28%"
"13-08-2021","5,786.00","5,700.00","5,840.00","5,690.00","19.43K","1.26%"
"12-08-2021","5,714.00","5,690.00","5,734.00","5,674.00","13.74K","0.46%"
"11-08-2021","5,688.00","5,712.00","5,728.00","5,678.00","7.20K","-0.25%"
"10-08-2021","5,702.00","5,630.00","5,722.00","5,560.00","17.94K","0.99%"
"09-08-2021","5,646.00","5,638.00","5,660.00","5,580.00","12.48K","0.36%"
"06-08-2021","5,626.00","5,698.00","5,712.00","5,608.00","7.18K","-1.26%"
"05-08-2021","5,698.00","5,750.00","5,750.00","5,672.00","8.93K","0.25%"
"04-08-2021","5,684.00","5,686.00","5,718.00","5,444.00","7.76K","0.25%"
"03-08-2021","5,670.00","5,672.00","5,696.00","5,642.00","6.93K","-0.21%"
"02-08-2021","5,682.00","5,692.00","5,732.00","5,660.00","8.93K","0.18%"
"30-07-2021","5,672.00","5,676.00","5,714.00","5,660.00","5.47K","0.28%"
"29-07-2021","5,656.00","5,610.00","5,808.00","5,610.00","6.99K","1.00%"
"28-07-2021","5,600.00","5,630.00","5,630.00","5,560.00","4.97K","-0.85%"
"27-07-2021","5,648.00","5,690.00","5,720.00","5,642.00","4.30K","-0.49%"
"26-07-2021","5,676.00","5,630.00","5,714.00","5,620.00","2.47K","0.32%"
"23-07-2021","5,658.00","5,740.00","5,742.00","5,652.00","4.57K","-1.05%"
"22-07-2021","5,718.00","5,520.00","5,738.00","5,520.00","4.51K","3.62%"
"21-07-2021","5,518.00","5,518.00","5,518.00","5,518.00","","1.06%"
"20-07-2021","5,460.00","5,454.00","5,482.00","5,430.00","7.91K","-0.07%"
"19-07-2021","5,464.00","5,470.00","5,508.00","5,440.00","8.14K","0.74%"
"16-07-2021","5,424.00","5,350.00","5,460.00","5,350.00","7.89K","1.35%"
"15-07-2021","5,352.00","5,360.00","5,364.00","5,338.00","3.81K","-0.19%"
"14-07-2021","5,362.00","5,362.00","5,388.00","5,354.00","8.22K","-0.26%"
"13-07-2021","5,376.00","5,368.00","5,398.00","5,360.00","10.19K","0.41%"
"12-07-2021","5,354.00","5,310.00","5,360.00","5,308.00","11.92K","0.87%"
"09-07-2021","5,308.00","5,264.00","5,320.00","5,264.00","10.95K","1.10%"
"08-07-2021","5,250.00","5,240.00","5,268.00","5,238.00","6.54K","0.23%"
"07-07-2021","5,238.00","5,236.00","5,248.00","5,222.00","3.52K","0.15%"
"06-07-2021","5,230.00","5,218.00","5,240.00","5,212.00","4.46K","0.04%"
"05-07-2021","5,228.00","5,270.00","5,286.00","5,222.00","4.94K","-0.65%"
"02-07-2021","5,262.00","5,190.00","5,288.00","5,190.00","9.10K","1.43%"
"01-07-2021","5,188.00","5,158.00","5,190.00","5,150.00","3.64K","0.66%"
"30-06-2021","5,154.00","5,160.00","5,188.00","5,146.00","4.30K","-0.08%"
"29-06-2021","5,158.00","5,122.00","5,160.00","5,122.00","1.67K","0.66%"
"28-06-2021","5,124.00","5,146.00","5,174.00","5,112.00","2.09K","-0.27%"
"25-06-2021","5,138.00","5,158.00","5,170.00","5,134.00","2.57K","-0.04%"
"24-06-2021","5,140.00","5,150.00","5,164.00","5,126.00","3.38K","-0.54%"
"23-06-2021","5,168.00","5,176.00","5,196.00","5,150.00","3.29K","-0.27%"
"22-06-2021","5,182.00","5,200.00","5,214.00","5,168.00","1.25K","0.12%"
"21-06-2021","5,176.00","5,174.00","5,222.00","5,164.00","1.90K","1.33%"
"18-06-2021","5,108.00","5,070.00","5,136.00","5,070.00","6.41K","0.75%"
"17-06-2021","5,070.00","5,040.00","5,080.00","5,030.00","3.16K","0.36%"
"16-06-2021","5,052.00","5,084.00","5,094.00","5,048.00","2.83K","-0.47%"
"15-06-2021","5,076.00","5,050.00","5,106.00","5,046.00","4.52K","0.91%"
"14-06-2021","5,030.00","5,020.00","5,048.00","4,990.00","13.67K","-0.28%"
"11-06-2021","5,044.00","5,074.00","5,092.00","5,012.00","8.19K","-0.79%"
"10-06-2021","5,084.00","5,120.00","5,120.00","5,074.00","5.95K","-0.47%"
"09-06-2021","5,108.00","5,126.00","5,148.00","5,074.00","6.96K","-0.27%"
"08-06-2021","5,122.00","5,170.00","5,170.00","5,112.00","6.06K","-0.77%"
"07-06-2021","5,162.00","5,126.00","5,196.00","5,126.00","12.74K","1.45%"
"04-06-2021","5,088.00","5,084.00","5,134.00","5,076.00","7.18K","-0.08%"
"03-06-2021","5,092.00","5,080.00","5,144.00","5,080.00","7.24K","0.16%"
"02-06-2021","5,084.00","5,080.00","5,090.00","5,030.00","4.03K","0.36%"
"01-06-2021","5,066.00","5,096.00","5,100.00","5,054.00","4.46K","-0.39%"
"31-05-2021","5,086.00","5,100.00","5,118.00","5,060.00","5.94K","-0.78%"
"28-05-2021","5,126.00","5,156.00","5,166.00","5,048.00","2.87K","-0.19%"
"27-05-2021","5,136.00","5,120.00","5,150.00","5,108.00","1.58K","0.04%"
"26-05-2021","5,134.00","5,164.00","5,188.00","5,110.00","2.87K","-0.54%"
"25-05-2021","5,162.00","5,150.00","5,170.00","5,126.00","3.61K","1.14%"
"24-05-2021","5,104.00","5,080.00","5,140.00","4,952.00","4.03K","-0.62%"
"21-05-2021","5,136.00","5,200.00","5,200.00","5,124.00","1.10K","0.55%"
"20-05-2021","5,108.00","5,190.00","5,198.00","5,080.00","5.37K","-1.31%"
"19-05-2021","5,176.00","5,188.00","5,190.00","5,150.00","2.89K","-0.42%"
"18-05-2021","5,198.00","5,260.00","5,260.00","5,038.00","8.72K","-0.84%"
"17-05-2021","5,242.00","5,204.00","5,290.00","5,204.00","5.82K","0.46%"
"14-05-2021","5,218.00","5,238.00","5,248.00","5,202.00","9.42K","-0.53%"
"13-05-2021","5,246.00","5,246.00","5,246.00","5,246.00","","0.00%"
"12-05-2021","5,246.00","5,248.00","5,300.00","5,230.00","9.40K","0.19%"
"11-05-2021","5,236.00","5,202.00","5,244.00","5,190.00","11.48K","0.34%"
"10-05-2021","5,218.00","5,270.00","5,280.00","5,204.00","12.80K","-0.76%"
"07-05-2021","5,258.00","5,296.00","5,308.00","5,230.00","10.33K","-0.49%"
"06-05-2021","5,284.00","5,308.00","5,322.00","5,274.00","8.70K","-0.38%"
"05-05-2021","5,304.00","5,308.00","5,322.00","5,262.00","7.37K","0.38%"
"04-05-2021","5,284.00","5,216.00","5,290.00","5,200.00","7.19K","1.62%"
"03-05-2021","5,200.00","5,280.00","5,306.00","5,164.00","7.02K","-1.44%"
"30-04-2021","5,276.00","5,332.00","5,332.00","5,258.00","7.13K","-1.24%"
"29-04-2021","5,342.00","5,380.00","5,400.00","5,302.00","7.55K","0.07%"
"28-04-2021","5,338.00","5,268.00","5,420.00","5,240.00","9.68K","0.38%"
"27-04-2021","5,318.00","5,170.00","5,322.00","5,170.00","7.20K","2.74%"
"26-04-2021","5,176.00","5,300.00","5,322.00","5,150.00","8.83K","-3.50%"
"23-04-2021","5,364.00","5,444.00","5,496.00","5,290.00","4.55K","-1.32%"
"22-04-2021","5,436.00","5,334.00","5,498.00","5,332.00","4.41K","2.80%"
"21-04-2021","5,288.00","5,288.00","5,288.00","5,288.00","","1.34%"
"20-04-2021","5,218.00","5,272.00","5,280.00","5,192.00","7.30K","-0.72%"
"19-04-2021","5,256.00","5,106.00","5,286.00","5,086.00","17.52K","2.22%"
"16-04-2021","5,142.00","5,218.00","5,320.00","5,102.00","20.36K","-0.70%"
"15-04-2021","5,178.00","4,980.00","5,190.00","4,980.00","17.31K","5.20%"
"14-04-2021","4,922.00","4,922.00","4,922.00","4,922.00","","0.00%"
"13-04-2021","4,922.00","4,878.00","4,936.00","4,860.00","10.70K","1.53%"
"12-04-2021","4,848.00","4,870.00","4,880.00","4,802.00","12.14K","-0.25%"
"09-04-2021","4,860.00","4,902.00","4,938.00","4,846.00","9.78K","-0.57%"
"08-04-2021","4,888.00","4,878.00","4,914.00","4,860.00","6.41K","-0.04%"
"07-04-2021","4,890.00","4,922.00","4,974.00","4,876.00","7.79K","-0.61%"
"06-04-2021","4,920.00","5,040.00","5,040.00","4,880.00","10.75K","-2.11%"
"05-04-2021","5,026.00","4,918.00","5,058.00","4,902.00","15.96K","1.74%"
"01-04-2021","4,940.00","4,950.00","4,990.00","4,904.00","8.21K","0.78%"
"31-03-2021","4,902.00","4,794.00","4,920.00","4,788.00","6.59K","1.62%"
"30-03-2021","4,824.00","4,806.00","4,826.00","4,770.00","2.38K","0.25%"
"29-03-2021","4,812.00","4,812.00","4,812.00","4,812.00","","0.00%"
"26-03-2021","4,812.00","4,754.00","4,820.00","4,740.00","3.00K","0.17%"
"25-03-2021","4,804.00","4,872.00","4,890.00","4,772.00","2.37K","-1.44%"
"24-03-2021","4,874.00","4,894.00","4,930.00","4,848.00","2.66K","-0.29%"
"23-03-2021","4,888.00","4,878.00","4,982.00","4,824.00","3.98K","1.71%"
"22-03-2021","4,806.00","4,748.00","4,828.00","4,744.00","0.77K","2.47%"
"19-03-2021","4,690.00","4,700.00","4,700.00","4,650.00","4.09K","-0.30%"
"18-03-2021","4,704.00","4,714.00","4,722.00","4,670.00","3.49K","-0.08%"
"17-03-2021","4,708.00","4,786.00","4,786.00","4,686.00","3.52K","-1.01%"
"16-03-2021","4,756.00","4,800.00","4,812.00","4,750.00","3.92K","-0.63%"
"15-03-2021","4,786.00","4,784.00","4,832.00","4,722.00","9.99K","-0.54%"
"12-03-2021","4,812.00","4,698.00","4,812.00","4,698.00","10.49K","3.00%"
"10-03-2021","4,672.00","4,656.00","4,680.00","4,626.00","8.51K","0.69%"
"09-03-2021","4,640.00","4,634.00","4,650.00","4,578.00","6.16K","0.61%"
"08-03-2021","4,612.00","4,550.00","4,636.00","4,512.00","7.89K","2.95%"
"05-03-2021","4,480.00","4,460.00","4,496.00","4,442.00","3.26K","0.40%"
"04-03-2021","4,462.00","4,558.00","4,558.00","4,430.00","5.34K","-2.23%"
"03-03-2021","4,564.00","4,540.00","4,574.00","4,530.00","4.39K","0.04%"
"02-03-2021","4,562.00","4,498.00","4,598.00","4,494.00","9.06K","1.33%"
"01-03-2021","4,502.00","4,490.00","4,520.00","4,480.00","2.45K","0.85%"
"26-02-2021","4,464.00","4,430.00","4,480.00","4,426.00","1.97K","0.50%"
"25-02-2021","4,442.00","4,420.00","4,460.00","4,420.00","0.96K","0.68%"
"24-02-2021","4,412.00","4,400.00","4,432.00","4,386.00","0.48K","0.32%"
"23-02-2021","4,398.00","4,336.00","4,410.00","4,332.00","0.85K","1.76%"
"22-02-2021","4,322.00","4,292.00","4,370.00","4,292.00","0.33K","-0.64%"
"19-02-2021","4,350.00","4,384.00","4,384.00","4,340.00","1.24K","-0.68%"
"18-02-2021","4,380.00","4,420.00","4,430.00","4,370.00","2.31K","-1.08%"
"17-02-2021","4,428.00","4,424.00","4,442.00","4,418.00","1.69K","0.23%"
"16-02-2021","4,418.00","4,430.00","4,436.00","4,412.00","2.41K","-0.09%"
"15-02-2021","4,422.00","4,422.00","4,450.00","4,418.00","4.95K","0.00%"
"12-02-2021","4,422.00","4,422.00","4,432.00","4,412.00","2.94K","0.09%"
"11-02-2021","4,418.00","4,410.00","4,430.00","4,406.00","3.47K","0.05%"
"10-02-2021","4,416.00","4,420.00","4,430.00","4,404.00","3.02K","-0.05%"
"09-02-2021","4,418.00","4,416.00","4,444.00","4,404.00","4.59K","0.14%"
"08-02-2021","4,412.00","4,450.00","4,452.00","4,394.00","4.32K","-0.63%"
"05-02-2021","4,440.00","4,416.00","4,452.00","4,410.00","2.98K","0.14%"
"04-02-2021","4,434.00","4,440.00","4,448.00","4,412.00","1.58K","0.05%"
"03-02-2021","4,432.00","4,420.00","4,438.00","4,420.00","1.56K","0.27%"
"02-02-2021","4,420.00","4,408.00","4,442.00","4,398.00","3.01K","0.14%"
"01-02-2021","4,414.00","4,436.00","4,446.00","4,404.00","2.04K","-0.23%"
"29-01-2021","4,424.00","4,434.00","4,440.00","4,412.00","0.66K","-0.63%"
"28-01-2021","4,452.00","4,408.00","4,454.00","4,408.00","2.03K","1.18%"
"27-01-2021","4,400.00","4,402.00","4,404.00","4,378.00","1.46K","-0.05%"
"25-01-2021","4,402.00","4,430.00","4,436.00","4,396.00","1.07K","-1.39%"
"22-01-2021","4,464.00","4,464.00","4,478.00","4,444.00","0.69K","0.36%"
"21-01-2021","4,448.00","4,410.00","4,450.00","4,410.00","0.86K","1.37%"
"20-01-2021","4,388.00","4,392.00","4,402.00","4,360.00","3.40K","-0.05%"
"19-01-2021","4,390.00","4,458.00","4,458.00","4,366.00","4.44K","-1.13%"
"18-01-2021","4,440.00","4,466.00","4,468.00","4,426.00","3.55K","-0.67%"
"15-01-2021","4,470.00","4,480.00","4,484.00","4,460.00","1.60K","-0.31%"
"14-01-2021","4,484.00","4,462.00","4,494.00","4,462.00","2.43K","0.09%"
"13-01-2021","4,480.00","4,470.00","4,492.00","4,456.00","4.77K","0.31%"
"12-01-2021","4,466.00","4,488.00","4,490.00","4,452.00","4.97K","-0.04%"
"11-01-2021","4,468.00","4,480.00","4,510.00","4,462.00","5.85K","-0.18%"
"08-01-2021","4,476.00","4,470.00","4,500.00","4,452.00","5.12K","0.27%"
"07-01-2021","4,464.00","4,474.00","4,528.00","4,440.00","4.73K","-0.40%"
"06-01-2021","4,482.00","4,466.00","4,518.00","4,454.00","4.96K","0.72%"
"05-01-2021","4,450.00","4,436.00","4,454.00","4,402.00","3.04K","0.41%"
"04-01-2021","4,432.00","4,470.00","4,480.00","4,422.00","4.06K","-1.03%"
"01-01-2021","4,478.00","4,484.00","4,496.00","4,460.00","1.43K","-0.18%"
"31-12-2020","4,486.00","4,474.00","4,516.00","4,474.00","4.28K","0.45%"
"30-12-2020","4,466.00","4,440.00","4,478.00","4,434.00","1.73K","1.04%"
"29-12-2020","4,420.00","4,420.00","4,444.00","4,404.00","2.40K","0.14%"
"28-12-2020","4,414.00","4,450.00","4,466.00","4,400.00","2.13K","-1.12%"
"24-12-2020","4,464.00","4,430.00","4,480.00","4,426.00","1.10K","1.09%"
"23-12-2020","4,416.00","4,390.00","4,424.00","4,384.00","1.02K","0.55%"
"22-12-2020","4,392.00","4,380.00","4,426.00","4,330.00","2.64K","0.23%"
"21-12-2020","4,382.00","4,404.00","4,436.00","4,354.00","0.51K","0.50%"
"18-12-2020","4,360.00","4,446.00","4,468.00","4,324.00","4.79K","-1.67%"
"17-12-2020","4,434.00","4,484.00","4,490.00","4,428.00","5.55K","-0.81%"
"16-12-2020","4,470.00","4,454.00","4,528.00","4,440.00","3.15K","0.63%"
"15-12-2020","4,442.00","4,462.00","4,490.00","4,416.00","2.85K","-0.63%"
"14-12-2020","4,470.00","4,480.00","4,500.00","4,456.00","4.55K","-0.58%"
"11-12-2020","4,496.00","4,568.00","4,596.00","4,480.00","7.29K","-1.40%"
"10-12-2020","4,560.00","4,544.00","4,582.00","4,544.00","5.69K","-0.04%"
"09-12-2020","4,562.00","4,628.00","4,628.00","4,542.00","8.32K","-0.87%"
"08-12-2020","4,602.00","4,610.00","4,612.00","4,572.00","4.48K","-0.26%"
"07-12-2020","4,614.00","4,606.00","4,628.00","4,560.00","4.64K","-0.56%"
"04-12-2020","4,640.00","4,632.00","4,670.00","4,630.00","4.22K","-0.26%"
"03-12-2020","4,652.00","4,646.00","4,660.00","4,600.00","4.07K","1.09%"
"02-12-2020","4,602.00","4,600.00","4,652.00","4,522.00","7.20K","-0.04%"
"01-12-2020","4,604.00","4,648.00","4,674.00","4,570.00","6.14K","-1.41%"
"27-11-2020","4,670.00","4,628.00","4,674.00","4,520.00","5.77K","0.34%"
"26-11-2020","4,654.00","4,710.00","4,726.00","4,648.00","1.24K","-1.44%"
"25-11-2020","4,722.00","4,698.00","4,734.00","4,694.00","1.26K","1.16%"
"24-11-2020","4,668.00","4,694.00","4,696.00","4,654.00","0.68K","-1.35%"
"23-11-2020","4,732.00","4,750.00","4,772.00","4,716.00","1.07K","-0.38%"
"20-11-2020","4,750.00","4,702.00","4,760.00","4,702.00","6.22K","0.51%"
"19-11-2020","4,726.00","4,680.00","4,732.00","4,650.00","4.86K","1.24%"
"18-11-2020","4,668.00","4,658.00","4,692.00","4,584.00","4.33K","0.52%"
"17-11-2020","4,644.00","4,702.00","4,758.00","4,600.00","3.90K","-1.94%"
"14-11-2020","4,736.00","4,770.00","4,770.00","4,726.00","3.16K","-0.38%"
"13-11-2020","4,754.00","4,748.00","4,766.00","4,724.00","4.74K","0.25%"
"12-11-2020","4,742.00","4,738.00","4,760.00","4,720.00","5.49K","0.59%"
"11-11-2020","4,714.00","4,652.00","4,750.00","4,652.00","7.33K","0.17%"
"10-11-2020","4,706.00","4,692.00","4,760.00","4,670.00","5.38K","0.09%"
"09-11-2020","4,702.00","4,636.00","4,728.00","4,562.00","11.53K","0.13%"
"06-11-2020","4,696.00","4,808.00","4,808.00","4,668.00","8.67K","-1.68%"
"05-11-2020","4,776.00","4,770.00","4,900.00","4,756.00","7.12K","-0.71%"
"04-11-2020","4,810.00","4,702.00","4,826.00","4,694.00","12.38K","2.38%"
"03-11-2020","4,698.00","4,586.00","4,708.00","4,586.00","9.70K","2.26%"
"02-11-2020","4,594.00","4,596.00","4,618.00","4,550.00","4.71K","0.39%"
"30-10-2020","4,576.00","4,500.00","4,592.00","4,500.00","5.97K","1.55%"
"29-10-2020","4,506.00","4,450.00","4,550.00","4,450.00","3.71K","1.21%"
"28-10-2020","4,452.00","4,496.00","4,498.00","4,450.00","2.69K","-0.45%"
"27-10-2020","4,472.00","4,460.00","4,490.00","4,418.00","3.94K","1.13%"
"26-10-2020","4,422.00","4,318.00","4,460.00","4,318.00","4.31K","2.79%"
"23-10-2020","4,302.00","4,314.00","4,316.00","4,296.00","0.84K","-0.28%"
"22-10-2020","4,314.00","4,310.00","4,330.00","4,300.00","2.18K","0.05%"
"21-10-2020","4,312.00","4,284.00","4,330.00","4,284.00","2.03K","2.47%"
"20-10-2020","4,208.00","4,192.00","4,240.00","4,176.00","6.85K","-0.14%"
"19-10-2020","4,214.00","4,232.00","4,260.00","4,202.00","4.28K","-0.52%"
"16-10-2020","4,236.00","4,194.00","4,244.00","4,194.00","3.60K","0.81%"
"15-10-2020","4,202.00","4,220.00","4,264.00","4,186.00","3.20K","0.57%"
"14-10-2020","4,178.00","4,174.00","4,210.00","4,162.00","4.27K","-0.05%"
"13-10-2020","4,180.00","4,168.00","4,200.00","4,166.00","4.53K","-0.48%"
"12-10-2020","4,200.00","4,210.00","4,210.00","4,160.00","2.31K","0.19%"
"09-10-2020","4,192.00","4,206.00","4,220.00","4,184.00","5.81K","-0.10%"
"08-10-2020","4,196.00","4,142.00","4,228.00","4,142.00","6.72K","1.35%"
"07-10-2020","4,140.00","4,238.00","4,238.00","4,110.00","11.51K","-1.85%"
"06-10-2020","4,218.00","4,258.00","4,276.00","4,156.00","11.87K","-1.17%"
"05-10-2020","4,268.00","4,286.00","4,292.00","4,262.00","3.27K","-0.51%"
"01-10-2020","4,290.00","4,280.00","4,314.00","4,274.00","7.83K","0.37%"
"30-09-2020","4,274.00","4,260.00","4,296.00","4,260.00","4.18K","-0.09%"
"29-09-2020","4,278.00","4,278.00","4,286.00","4,250.00","4.39K","0.09%"
"28-09-2020","4,274.00","4,270.00","4,314.00","4,252.00","5.51K","0.52%"
"25-09-2020","4,252.00","4,240.00","4,268.00","4,240.00","1.23K","0.81%"
"24-09-2020","4,218.00","4,202.00","4,256.00","4,202.00","1.47K","0.00%"
"23-09-2020","4,218.00","4,222.00","4,240.00","4,202.00","0.88K","0.14%"
"22-09-2020","4,212.00","4,252.00","4,252.00","4,208.00","1.89K","-0.47%"
"21-09-2020","4,232.00","4,238.00","4,282.00","4,218.00","1.46K","0.91%"
"18-09-2020","4,194.00","4,154.00","4,220.00","4,130.00","7.61K","1.60%"
"17-09-2020","4,128.00","4,170.00","4,180.00","4,110.00","13.43K","0.15%"
"16-09-2020","4,122.00","4,086.00","4,190.00","4,074.00","4.23K","1.03%"
"15-09-2020","4,080.00","4,086.00","4,092.00","4,062.00","1.19K","0.10%"
"14-09-2020","4,076.00","4,080.00","4,120.00","4,066.00","8.53K","-0.20%"
"11-09-2020","4,084.00","4,052.00","4,096.00","4,042.00","6.46K","0.59%"
"10-09-2020","4,060.00","4,046.00","4,068.00","4,030.00","5.30K","0.59%"
"09-09-2020","4,036.00","4,020.00","4,054.00","4,020.00","5.78K","0.45%"
"08-09-2020","4,018.00","4,022.00","4,040.00","4,010.00","1.94K","-0.30%"
"07-09-2020","4,030.00","4,044.00","4,044.00","4,010.00","4.88K","-0.25%"
"04-09-2020","4,040.00","4,060.00","4,068.00","4,032.00","3.41K","-0.74%"
"03-09-2020","4,070.00","4,072.00","4,092.00","4,060.00","2.49K","-0.15%"
"02-09-2020","4,076.00","4,056.00","4,094.00","4,056.00","3.77K","0.05%"
"01-09-2020","4,074.00","4,112.00","4,118.00","4,058.00","6.30K","-0.54%"
"31-08-2020","4,096.00","4,076.00","4,112.00","4,054.00","5.84K","0.84%"
"28-08-2020","4,062.00","4,072.00","4,072.00","4,044.00","0.85K","-0.05%"
"27-08-2020","4,064.00","4,106.00","4,108.00","4,000.00","2.07K","-1.31%"
"26-08-2020","4,118.00","4,108.00","4,140.00","4,088.00","2.87K","0.49%"
"25-08-2020","4,098.00","4,050.00","4,130.00","4,046.00","3.54K","1.49%"
"24-08-2020","4,038.00","4,024.00","4,050.00","4,024.00","2.23K","0.55%"
"21-08-2020","4,016.00","4,010.00","4,024.00","4,010.00","0.12K","1.01%"
"20-08-2020","3,976.00","3,976.00","3,986.00","3,962.00","1.48K","-0.10%"
"19-08-2020","3,980.00","3,998.00","4,000.00","3,972.00","1.87K","-0.40%"
"18-08-2020","3,996.00","3,990.00","4,020.00","3,980.00","2.91K","0.30%"
"17-08-2020","3,984.00","3,970.00","3,992.00","3,960.00","1.25K","0.61%"
"14-08-2020","3,960.00","3,920.00","3,970.00","3,920.00","4.86K","0.15%"
"13-08-2020","3,954.00","3,970.00","3,980.00","3,946.00","4.06K","-0.55%"
"12-08-2020","3,976.00","3,968.00","3,990.00","3,924.00","5.09K","0.15%"
"11-08-2020","3,970.00","3,990.00","3,998.00","3,964.00","5.03K","-0.45%"
"10-08-2020","3,988.00","4,040.00","4,048.00","3,982.00","6.79K","-0.75%"
"07-08-2020","4,018.00","4,024.00","4,034.00","4,010.00","3.30K","0.05%"
"06-08-2020","4,016.00","3,990.00","4,028.00","3,990.00","3.73K","0.70%"
"05-08-2020","3,988.00","3,998.00","4,008.00","3,982.00","2.09K","-0.40%"
"04-08-2020","4,004.00","4,012.00","4,030.00","3,996.00","3.83K","-0.55%"
"03-08-2020","4,026.00","4,030.00","4,038.00","4,012.00","1.13K","0.40%"
"31-07-2020","4,010.00","4,022.00","4,042.00","4,000.00","2.87K","-0.35%"
"30-07-2020","4,024.00","3,970.00","4,032.00","3,968.00","4.95K","1.05%"
"29-07-2020","3,982.00","4,008.00","4,010.00","3,964.00","1.45K","-0.75%"
"28-07-2020","4,012.00","4,026.00","4,028.00","3,980.00","2.62K","-0.59%"
"27-07-2020","4,036.00","4,050.00","4,050.00","4,030.00","1.40K","-0.20%"
"24-07-2020","4,044.00","4,056.00","4,070.00","4,032.00","0.87K","0.15%"
"23-07-2020","4,038.00","4,030.00","4,052.00","4,028.00","0.47K","0.30%"
"22-07-2020","4,026.00","4,028.00","4,038.00","4,014.00","0.94K","-0.10%"
"21-07-2020","4,030.00","4,034.00","4,050.00","4,020.00","1.21K","-0.40%"
"20-07-2020","4,046.00","4,058.00","4,082.00","4,038.00","1.26K","0.70%"
"17-07-2020","4,018.00","3,990.00","4,040.00","3,990.00","6.75K","0.85%"
"16-07-2020","3,984.00","3,984.00","4,000.00","3,972.00","3.52K","0.00%"
"15-07-2020","3,984.00","3,992.00","4,008.00","3,980.00","3.42K","-0.05%"
"14-07-2020","3,986.00","3,984.00","4,002.00","3,960.00","5.08K","-0.20%"
"13-07-2020","3,994.00","3,972.00","4,020.00","3,972.00","9.01K","0.25%"
"10-07-2020","3,984.00","3,998.00","4,010.00","3,964.00","7.42K","-0.45%"
"09-07-2020","4,002.00","4,034.00","4,036.00","3,976.00","5.14K","-0.65%"
"08-07-2020","4,028.00","4,036.00","4,090.00","4,012.00","6.48K","-0.54%"
"07-07-2020","4,050.00","4,016.00","4,064.00","3,986.00","7.26K","1.15%"
"06-07-2020","4,004.00","3,998.00","4,024.00","3,980.00","6.41K","0.40%"
"03-07-2020","3,988.00","3,972.00","4,004.00","3,930.00","5.27K","0.76%"
"02-07-2020","3,958.00","3,950.00","3,976.00","3,940.00","3.62K","0.35%"
"01-07-2020","3,944.00","3,904.00","3,950.00","3,898.00","3.88K","0.97%"
"30-06-2020","3,906.00","3,952.00","3,968.00","3,886.00","4.52K","-0.41%"
"29-06-2020","3,922.00","3,912.00","3,930.00","3,858.00","5.64K","-1.36%"
"26-06-2020","3,976.00","3,996.00","4,056.00","3,962.00","5.59K","-0.20%"
"25-06-2020","3,984.00","3,886.00","3,990.00","3,878.00","2.18K","0.91%"
"24-06-2020","3,948.00","3,938.00","3,974.00","3,920.00","4.75K","0.15%"
"23-06-2020","3,942.00","3,918.00","3,946.00","3,906.00","1.81K","0.72%"
"22-06-2020","3,914.00","3,920.00","3,930.00","3,906.00","0.85K","1.24%"
"19-06-2020","3,866.00","3,850.00","3,890.00","3,832.00","5.93K","0.36%"
"18-06-2020","3,852.00","3,792.00","3,860.00","3,792.00","5.14K","1.48%"
"17-06-2020","3,796.00","3,770.00","3,798.00","3,758.00","3.29K","0.64%"
"16-06-2020","3,772.00","3,784.00","3,794.00","3,762.00","4.54K","-0.79%"
"15-06-2020","3,802.00","3,808.00","3,840.00","3,792.00","5.18K","-0.16%"
"12-06-2020","3,808.00","3,830.00","3,830.00","3,784.00","6.44K","-0.68%"
"11-06-2020","3,834.00","3,770.00","3,844.00","3,770.00","8.56K","1.81%"
"10-06-2020","3,766.00","3,748.00","3,782.00","3,732.00","5.96K","0.59%"
"09-06-2020","3,744.00","3,760.00","3,778.00","3,702.00","4.71K","-0.53%"
"08-06-2020","3,764.00","3,710.00","3,818.00","3,710.00","7.81K","1.51%"
"05-06-2020","3,708.00","3,688.00","3,726.00","3,680.00","4.80K","0.76%"
"04-06-2020","3,680.00","3,700.00","3,734.00","3,650.00","5.26K","-0.70%"
"03-06-2020","3,706.00","3,614.00","3,724.00","3,614.00","8.15K","2.49%"
"02-06-2020","3,616.00","3,606.00","3,628.00","3,606.00","1.67K","0.17%"
"01-06-2020","3,610.00","3,600.00","3,626.00","3,600.00","1.10K","0.39%"
"29-05-2020","3,596.00","3,612.00","3,626.00","3,580.00","1.25K","-0.61%"
"28-05-2020","3,618.00","3,586.00","3,628.00","3,570.00","1.78K","0.95%"
"27-05-2020","3,584.00","3,586.00","3,598.00","3,556.00","1.77K","0.00%"
"26-05-2020","3,584.00","3,568.00","3,612.00","3,560.00","1.43K","0.84%"
"22-05-2020","3,554.00","3,538.00","3,560.00","3,530.00","0.97K","-0.39%"
"21-05-2020","3,568.00","3,592.00","3,606.00","3,540.00","1.54K","0.11%"
"20-05-2020","3,564.00","3,590.00","3,610.00","3,558.00","4.26K","-1.05%"
"19-05-2020","3,602.00","3,610.00","3,626.00","3,592.00","2.69K","-0.44%"
"18-05-2020","3,618.00","3,630.00","3,662.00","3,610.00","4.19K","-0.17%"
"15-05-2020","3,624.00","3,660.00","3,670.00","3,592.00","4.90K","-1.15%"
"14-05-2020","3,666.00","3,644.00","3,678.00","3,644.00","4.81K","0.83%"
"13-05-2020","3,636.00","3,642.00","3,658.00","3,628.00","2.79K","-0.05%"
"12-05-2020","3,638.00","3,660.00","3,660.00","3,610.00","3.21K","-0.71%"
"11-05-2020","3,664.00","3,676.00","3,688.00","3,630.00","3.96K","-0.38%"
"08-05-2020","3,678.00","3,720.00","3,720.00","3,660.00","4.31K","-1.29%"
"07-05-2020","3,726.00","3,660.00","3,740.00","3,660.00","4.12K","1.36%"
"06-05-2020","3,676.00","3,734.00","3,740.00","3,652.00","2.41K","-1.13%"
"05-05-2020","3,718.00","3,642.00","3,742.00","3,642.00","6.70K","2.03%"
"04-05-2020","3,644.00","3,650.00","3,660.00","3,608.00","6.59K","-2.31%"
"30-04-2020","3,730.00","3,774.00","3,774.00","3,684.00","4.59K","-1.32%"
"29-04-2020","3,780.00","3,800.00","3,826.00","3,774.00","2.36K","-0.53%"
"28-04-2020","3,800.00","3,800.00","3,816.00","3,776.00","1.93K","0.11%"
"27-04-2020","3,796.00","3,780.00","3,800.00","3,752.00","2.01K","0.74%"
"24-04-2020","3,768.00","3,824.00","3,830.00","3,750.00","5.59K","-1.62%"
"23-04-2020","3,830.00","3,820.00","3,868.00","3,790.00","4.03K","0.79%"
"22-04-2020","3,800.00","3,758.00","3,808.00","3,734.00","3.98K","1.77%"
"21-04-2020","3,734.00","3,750.00","3,800.00","3,710.00","6.80K","-3.36%"
"20-04-2020","3,864.00","3,988.00","3,988.00","3,864.00","5.79K","-3.98%"
"17-04-2020","4,024.00","4,180.00","4,198.00","4,024.00","6.19K","-3.96%"
"16-04-2020","4,190.00","4,130.00","4,200.00","4,102.00","4.86K","2.90%"
"15-04-2020","4,072.00","4,028.00","4,090.00","4,016.00","2.00K","1.50%"
"13-04-2020","4,012.00","3,980.00","4,022.00","3,980.00","4.49K","0.50%"
"09-04-2020","3,992.00","3,976.00","4,002.00","3,930.00","3.03K","0.71%"
"08-04-2020","3,964.00","3,956.00","3,978.00","3,926.00","1.90K","0.76%"
"07-04-2020","3,934.00","3,940.00","3,940.00","3,884.00","2.37K","-0.15%"
"03-04-2020","3,940.00","3,972.00","3,988.00","3,926.00","2.39K","-0.30%"
"01-04-2020","3,952.00","3,980.00","4,000.00","3,942.00","1.68K","-1.20%"
"31-03-2020","4,000.00","4,024.00","4,024.00","3,978.00","1.34K","-1.04%"
"30-03-2020","4,042.00","4,000.00","4,076.00","4,000.00","2.15K","-0.44%"
"27-03-2020","4,060.00","4,002.00","4,070.00","4,000.00","1.58K","1.15%"
"26-03-2020","4,014.00","4,080.00","4,120.00","3,908.00","4.76K","0.35%"
"25-03-2020","4,000.00","3,926.00","4,000.00","3,900.00","1.93K","3.95%"
"24-03-2020","3,848.00","3,802.00","3,860.00","3,800.00","1.61K","1.16%"
"23-03-2020","3,804.00","3,658.00","3,824.00","3,658.00","2.33K","1.33%"
"20-03-2020","3,754.00","3,700.00","3,788.00","3,700.00","2.83K","0.75%"
"19-03-2020","3,726.00","3,702.00","3,736.00","3,660.00","3.11K","0.11%"
"18-03-2020","3,722.00","3,670.00","3,736.00","3,654.00","6.50K","2.14%"
"17-03-2020","3,644.00","3,690.00","3,740.00","3,632.00","5.88K","-0.98%"
"16-03-2020","3,680.00","3,770.00","3,770.00","3,670.00","6.53K","-2.70%"
"13-03-2020","3,782.00","3,730.00","3,790.00","3,714.00","5.03K","0.32%"
"12-03-2020","3,770.00","3,800.00","3,850.00","3,756.00","7.55K","-1.62%"
"11-03-2020","3,832.00","3,800.00","3,852.00","3,782.00","8.76K","1.32%"
"09-03-2020","3,782.00","3,824.00","3,858.00","3,766.00","9.76K","-2.58%"
"06-03-2020","3,882.00","3,830.00","3,896.00","3,814.00","6.89K","1.04%"
"05-03-2020","3,842.00","3,788.00","3,854.00","3,780.00","8.53K","1.16%"
"04-03-2020","3,798.00","3,756.00","3,816.00","3,750.00","7.02K","0.85%"
"03-03-2020","3,766.00","3,746.00","3,780.00","3,726.00","3.62K","0.97%"
"02-03-2020","3,730.00","3,790.00","3,808.00","3,722.00","4.33K","-1.06%"
"28-02-2020","3,770.00","3,746.00","3,778.00","3,696.00","6.02K","0.16%"
"27-02-2020","3,764.00","3,726.00","3,774.00","3,712.00","3.56K","0.75%"
"26-02-2020","3,736.00","3,800.00","3,816.00","3,702.00","6.01K","-2.10%"
"25-02-2020","3,816.00","3,806.00","3,826.00","3,780.00","3.00K","0.74%"
"24-02-2020","3,788.00","3,902.00","3,902.00","3,766.00","4.68K","-2.92%"
"20-02-2020","3,902.00","3,916.00","3,932.00","3,894.00","3.63K","-0.51%"
"19-02-2020","3,922.00","3,950.00","3,950.00","3,906.00","3.39K","-0.86%"
"18-02-2020","3,956.00","3,920.00","3,964.00","3,892.00","5.53K","0.76%"
"17-02-2020","3,926.00","3,980.00","4,020.00","3,922.00","7.02K","-0.91%"
"14-02-2020","3,962.00","3,920.00","3,970.00","3,882.00","9.81K","1.69%"
"13-02-2020","3,896.00","3,886.00","3,916.00","3,884.00","5.16K","0.21%"
"12-02-2020","3,888.00","3,860.00","3,900.00","3,850.00","4.84K","0.26%"
"11-02-2020","3,878.00","3,850.00","3,888.00","3,830.00","3.10K","-0.10%"
"10-02-2020","3,882.00","3,874.00","3,912.00","3,842.00","6.74K","-0.21%"
"07-02-2020","3,890.00","3,900.00","3,906.00","3,880.00","3.70K","-0.21%"
"06-02-2020","3,898.00","3,916.00","3,964.00","3,880.00","6.22K","-0.61%"
"05-02-2020","3,922.00","3,868.00","3,942.00","3,854.00","5.67K","1.45%"
"04-02-2020","3,866.00","3,900.00","3,904.00","3,860.00","4.47K","-0.97%"
"03-02-2020","3,904.00","3,960.00","3,960.00","3,896.00","3.35K","-0.81%"
"01-02-2020","3,936.00","3,888.00","3,980.00","3,888.00","2.41K","-0.66%"
"31-01-2020","3,962.00","3,962.00","3,966.00","3,914.00","4.98K","0.10%"
"30-01-2020","3,958.00","3,996.00","4,018.00","3,934.00","2.88K","-1.05%"
"29-01-2020","4,000.00","4,032.00","4,042.00","3,986.00","2.13K","-0.50%"
"28-01-2020","4,020.00","3,970.00","4,044.00","3,970.00","4.71K","0.50%"
"27-01-2020","4,000.00","4,084.00","4,084.00","3,988.00","3.43K","-2.10%"
"24-01-2020","4,086.00","4,072.00","4,098.00","4,054.00","2.48K","0.10%"
"23-01-2020","4,082.00","4,110.00","4,110.00","4,066.00","1.56K","-0.63%"
"22-01-2020","4,108.00","4,150.00","4,150.00","4,092.00","1.63K","-0.92%"
"21-01-2020","4,146.00","4,132.00","4,170.00","4,122.00","0.90K","0.44%"
"20-01-2020","4,128.00","4,176.00","4,242.00","4,122.00","7.88K","-1.01%"
"17-01-2020","4,170.00","4,130.00","4,188.00","4,130.00","4.52K","0.72%"
"16-01-2020","4,140.00","4,148.00","4,166.00","4,100.00","4.12K","-0.10%"
"15-01-2020","4,144.00","4,136.00","4,190.00","4,124.00","5.42K","0.29%"
"14-01-2020","4,132.00","4,140.00","4,160.00","4,128.00","6.83K","-0.58%"
"13-01-2020","4,156.00","4,192.00","4,200.00","4,102.00","7.69K","-0.91%"
"10-01-2020","4,194.00","4,238.00","4,238.00","4,180.00","3.86K","-0.85%"
"09-01-2020","4,230.00","4,204.00","4,260.00","4,204.00","4.52K","0.05%"
"08-01-2020","4,228.00","4,222.00","4,238.00","4,202.00","3.39K","-0.09%"
"07-01-2020","4,232.00","4,278.00","4,282.00","4,214.00","4.22K","-0.70%"
"06-01-2020","4,262.00","4,230.00","4,268.00","4,194.00","6.00K","0.71%"
"03-01-2020","4,232.00","4,234.00","4,248.00","4,212.00","1.84K","-0.19%"
"02-01-2020","4,240.00","4,236.00","4,260.00","4,210.00","3.25K","0.76%"
"01-01-2020","4,208.00","4,194.00","4,238.00","4,182.00","1.74K","-0.09%"
"31-12-2019","4,212.00","4,288.00","4,288.00","4,144.00","4.67K","-1.31%"
"30-12-2019","4,268.00","4,262.00","4,280.00","4,254.00","3.46K","0.76%"
"27-12-2019","4,236.00","4,200.00","4,282.00","4,180.00","2.86K","0.19%"
"26-12-2019","4,228.00","4,282.00","4,294.00","4,180.00","2.51K","-1.54%"
"24-12-2019","4,294.00","4,364.00","4,364.00","4,250.00","4.31K","-1.96%"
"23-12-2019","4,380.00","4,378.00","4,386.00","4,366.00","1.35K","0.69%"
"20-12-2019","4,350.00","4,388.00","4,400.00","4,344.00","6.45K","-0.73%"
"19-12-2019","4,382.00","4,344.00","4,394.00","4,332.00","5.82K","0.78%"
"18-12-2019","4,348.00","4,296.00","4,360.00","4,280.00","6.99K","1.49%"
"17-12-2019","4,284.00","4,286.00","4,294.00","4,260.00","4.52K","0.09%"
"16-12-2019","4,280.00","4,274.00","4,300.00","4,250.00","8.16K","0.33%"
"13-12-2019","4,266.00","4,290.00","4,326.00","4,202.00","7.06K","-0.37%"
"12-12-2019","4,282.00","4,242.00","4,288.00","4,230.00","6.44K","1.33%"
"11-12-2019","4,226.00","4,180.00","4,238.00","4,162.00","6.55K","0.96%"
"10-12-2019","4,186.00","4,244.00","4,262.00","4,160.00","9.89K","-0.99%"
"09-12-2019","4,228.00","4,182.00","4,280.00","4,178.00","8.43K","0.62%"
"06-12-2019","4,202.00","4,156.00","4,240.00","4,140.00","10.63K","1.16%"
"05-12-2019","4,154.00","4,084.00","4,168.00","4,076.00","8.14K","1.86%"
"04-12-2019","4,078.00","3,996.00","4,088.00","3,996.00","4.69K","1.44%"
"03-12-2019","4,020.00","4,070.00","4,084.00","4,012.00","5.26K","-1.23%"
"02-12-2019","4,070.00","4,092.00","4,098.00","4,002.00","10.53K","-1.26%"
"29-11-2019","4,122.00","4,218.00","4,220.00","4,084.00","10.41K","-2.09%"
"28-11-2019","4,210.00","4,212.00","4,230.00","4,190.00","4.62K","-0.52%"
"27-11-2019","4,232.00","4,238.00","4,260.00","4,160.00","4.53K","0.38%"
"26-11-2019","4,216.00","4,270.00","4,302.00","4,200.00","3.43K","-1.31%"
"25-11-2019","4,272.00","4,256.00","4,322.00","4,160.00","4.52K","0.33%"
"22-11-2019","4,258.00","4,294.00","4,340.00","4,208.00","5.12K","-0.98%"
"21-11-2019","4,300.00","4,424.00","4,424.00","4,286.00","2.44K","-1.78%"
"20-11-2019","4,378.00","4,402.00","4,430.00","4,366.00","4.72K","-0.59%"
"19-11-2019","4,404.00","4,350.00","4,410.00","4,336.00","6.56K","1.01%"
"18-11-2019","4,360.00","4,454.00","4,454.00","4,334.00","7.30K","-2.37%"
"15-11-2019","4,466.00","4,480.00","4,520.00","4,456.00","6.24K","-0.27%"
"14-11-2019","4,478.00","4,514.00","4,522.00","4,402.00","10.37K","-0.67%"
"13-11-2019","4,508.00","4,480.00","4,532.00","4,460.00","8.72K","0.81%"
"11-11-2019","4,472.00","4,430.00","4,494.00","4,388.00","12.74K","0.40%"
"08-11-2019","4,454.00","4,388.00","4,480.00","4,362.00","11.00K","1.92%"
"07-11-2019","4,370.00","4,256.00","4,412.00","4,172.00","29.66K","0.60%"
"06-11-2019","4,344.00","4,502.00","4,506.00","4,344.00","11.19K","-3.98%"
"05-11-2019","4,524.00","4,572.00","4,572.00","4,442.00","11.15K","-1.18%"
"04-11-2019","4,578.00","4,546.00","4,586.00","4,524.00","12.15K","0.97%"
"01-11-2019","4,534.00","4,566.00","4,576.00","4,528.00","5.70K","-0.61%"
"31-10-2019","4,562.00","4,586.00","4,600.00","4,554.00","4.70K","-0.44%"
"30-10-2019","4,582.00","4,542.00","4,594.00","4,522.00","8.81K","0.97%"
"29-10-2019","4,538.00","4,546.00","4,546.00","4,518.00","1.33K","-0.40%"
"27-10-2019","4,556.00","4,580.00","4,584.00","4,536.00","2.12K","-0.39%"
"25-10-2019","4,574.00","4,542.00","4,588.00","4,528.00","5.89K","1.06%"
"24-10-2019","4,526.00","4,550.00","4,556.00","4,460.00","1.91K","-0.57%"
"23-10-2019","4,552.00","4,502.00","4,566.00","4,502.00","6.16K","1.07%"
"22-10-2019","4,504.00","4,580.00","4,602.00","4,498.00","2.32K","-0.09%"
"18-10-2019","4,508.00","4,460.00","4,536.00","4,448.00","16.42K","1.39%"
"17-10-2019","4,446.00","4,418.00","4,458.00","4,418.00","8.32K","0.32%"
"16-10-2019","4,432.00","4,434.00","4,440.00","4,400.00","8.61K","0.41%"
"15-10-2019","4,414.00","4,340.00","4,436.00","4,340.00","13.08K","0.96%"
"14-10-2019","4,372.00","4,410.00","4,410.00","4,268.00","13.50K","-0.55%"
"11-10-2019","4,396.00","4,372.00","4,420.00","4,364.00","17.34K","0.78%"
"10-10-2019","4,362.00","4,412.00","4,438.00","4,262.00","38.62K","-1.71%"
"09-10-2019","4,438.00","4,696.00","4,696.00","4,378.00","49.30K","-2.68%"
"07-10-2019","4,560.00","4,512.00","4,560.00","4,512.00","8.68K","3.97%"
"04-10-2019","4,386.00","4,378.00","4,422.00","4,332.00","77.48K","-2.79%"
"03-10-2019","4,512.00","4,560.00","4,560.00","4,512.00","123.73K","-4.00%"
"01-10-2019","4,700.00","4,850.00","4,850.00","4,700.00","40.14K","-6.00%"
"30-09-2019","5,000.00","5,052.00","5,052.00","5,000.00","49.78K","-3.99%"
"27-09-2019","5,208.00","5,262.00","5,262.00","5,208.00","63.70K","-3.98%"
"26-09-2019","5,424.00","5,482.00","5,482.00","5,424.00","53.13K","-4.00%"
"25-09-2019","5,650.00","5,872.00","5,872.00","5,650.00","8.35K","-3.98%"
"24-09-2019","5,884.00","5,896.00","5,906.00","5,882.00","20.01K","-0.03%"
"23-09-2019","5,886.00","5,954.00","5,954.00","5,878.00","11.73K","-0.03%"
"20-09-2019","5,888.00","5,982.00","6,000.00","5,862.00","45.19K","-1.31%"
"19-09-2019","5,966.00","5,850.00","5,976.00","5,850.00","60.61K","1.74%"
"18-09-2019","5,864.00","5,802.00","5,900.00","5,798.00","45.76K","1.07%"
"17-09-2019","5,802.00","5,802.00","5,810.00","5,796.00","45.98K","0.00%"
"16-09-2019","5,802.00","5,812.00","5,830.00","5,800.00","20.65K","-0.14%"
"13-09-2019","5,810.00","5,810.00","5,838.00","5,796.00","41.38K","0.10%"
"12-09-2019","5,804.00","5,810.00","5,854.00","5,800.00","22.24K","0.03%"
"11-09-2019","5,802.00","5,802.00","5,848.00","5,798.00","73.36K","-0.03%"
"09-09-2019","5,804.00","5,810.00","5,820.00","5,800.00","49.27K","-0.14%"
"06-09-2019","5,812.00","5,824.00","5,836.00","5,806.00","27.64K","-0.24%"
"05-09-2019","5,826.00","5,820.00","5,864.00","5,814.00","36.13K","0.24%"
"04-09-2019","5,812.00","5,824.00","5,832.00","5,806.00","22.81K","-0.10%"
"03-09-2019","5,818.00","5,826.00","5,856.00","5,812.00","17.02K","-0.31%"
"30-08-2019","5,836.00","5,812.00","5,882.00","5,804.00","44.93K","0.41%"
"29-08-2019","5,812.00","5,820.00","5,846.00","5,802.00","20.83K","-0.41%"
"28-08-2019","5,836.00","5,830.00","5,858.00","5,800.00","22.74K","0.17%"
"27-08-2019","5,826.00","5,826.00","5,874.00","5,816.00","23.70K","-0.44%"
"26-08-2019","5,852.00","5,822.00","5,950.00","5,810.00","30.11K","1.07%"
"23-08-2019","5,790.00","5,708.00","5,844.00","5,598.00","29.08K","1.44%"
"22-08-2019","5,708.00","5,710.00","5,740.00","5,698.00","14.24K","-0.11%"
"21-08-2019","5,714.00","5,710.00","5,728.00","5,684.00","16.08K","1.42%"
"20-08-2019","5,634.00","5,642.00","5,660.00","5,612.00","24.16K","-0.14%"
"19-08-2019","5,642.00","5,668.00","5,678.00","5,634.00","16.70K","-0.42%"
"16-08-2019","5,666.00","5,660.00","5,724.00","5,642.00","26.06K","0.04%"
"14-08-2019","5,664.00","5,644.00","5,676.00","5,626.00","23.52K","0.46%"
"13-08-2019","5,638.00","5,644.00","5,662.00","5,612.00","35.52K","-0.67%"
"09-08-2019","5,676.00","5,686.00","5,744.00","5,656.00","47.37K","-0.11%"
"08-08-2019","5,682.00","5,630.00","5,698.00","5,630.00","28.35K","0.92%"
"07-08-2019","5,630.00","5,624.00","5,640.00","5,610.00","30.06K","0.00%"
"06-08-2019","5,630.00","5,624.00","5,644.00","5,598.00","33.49K","0.07%"
"05-08-2019","5,626.00","5,650.00","5,670.00","5,616.00","39.90K","-0.78%"
"02-08-2019","5,670.00","5,580.00","5,688.00","5,580.00","30.44K","-0.11%"
"01-08-2019","5,676.00","5,710.00","5,726.00","5,660.00","22.33K","-1.01%"
"31-07-2019","5,734.00","5,616.00","5,760.00","5,612.00","48.48K","2.21%"
"30-07-2019","5,610.00","5,606.00","5,620.00","5,584.00","22.78K","-0.21%"
"29-07-2019","5,622.00","5,598.00","5,652.00","5,598.00","23.76K","0.14%"
"26-07-2019","5,614.00","5,578.00","5,624.00","5,576.00","7.80K","-0.11%"
"25-07-2019","5,620.00","5,586.00","5,638.00","5,578.00","20.52K","0.68%"
"24-07-2019","5,582.00","5,610.00","5,628.00","5,564.00","19.04K","-0.39%"
"23-07-2019","5,604.00","5,610.00","5,632.00","5,582.00","12.54K","0.21%"
"22-07-2019","5,592.00","5,652.00","5,654.00","5,564.00","21.31K","0.07%"
"19-07-2019","5,588.00","5,600.00","5,618.00","5,546.00","30.90K","-0.39%"
"18-07-2019","5,610.00","5,600.00","5,634.00","5,588.00","20.24K","0.14%"
"17-07-2019","5,602.00","5,584.00","5,626.00","5,556.00","33.88K","0.11%"
"16-07-2019","5,596.00","5,652.00","5,656.00","5,578.00","40.32K","-1.03%"
"15-07-2019","5,654.00","5,690.00","5,714.00","5,648.00","30.28K","-0.28%"
"12-07-2019","5,670.00","5,644.00","5,684.00","5,640.00","24.25K","0.32%"
"11-07-2019","5,652.00","5,650.00","5,690.00","5,640.00","35.24K","0.14%"
"10-07-2019","5,644.00","5,666.00","5,678.00","5,630.00","25.21K","-0.74%"
"09-07-2019","5,686.00","5,670.00","5,702.00","5,650.00","47.06K","0.74%"
"08-07-2019","5,644.00","5,650.00","5,688.00","5,572.00","48.51K","-0.18%"
"05-07-2019","5,654.00","5,670.00","5,712.00","5,642.00","38.40K","-0.25%"
"04-07-2019","5,668.00","5,652.00","5,692.00","5,646.00","25.46K","0.46%"
"03-07-2019","5,642.00","5,622.00","5,680.00","5,612.00","27.76K","0.14%"
"02-07-2019","5,634.00","5,720.00","5,720.00","5,620.00","26.37K","-1.12%"
"01-07-2019","5,698.00","5,560.00","5,710.00","5,548.00","39.76K","2.59%"
"28-06-2019","5,554.00","5,540.00","5,560.00","5,524.00","23.36K","0.36%"
"27-06-2019","5,534.00","5,580.00","5,592.00","5,510.00","20.39K","-0.97%"
"26-06-2019","5,588.00","5,602.00","5,622.00","5,552.00","34.79K","-0.07%"
"25-06-2019","5,592.00","5,464.00","5,616.00","5,462.00","35.27K","2.31%"
"24-06-2019","5,466.00","5,466.00","5,502.00","5,434.00","20.88K","0.07%"
"21-06-2019","5,462.00","5,502.00","5,514.00","5,402.00","14.81K","0.89%"
"20-06-2019","5,414.00","5,370.00","5,428.00","5,348.00","36.05K","1.05%"
"19-06-2019","5,358.00","5,380.00","5,408.00","5,340.00","33.69K","-0.81%"
"18-06-2019","5,402.00","5,340.00","5,438.00","5,302.00","79.46K","1.39%"
"17-06-2019","5,328.00","5,530.00","5,540.00","5,306.00","59.21K","-3.58%"
"14-06-2019","5,526.00","5,508.00","5,554.00","5,444.00","45.39K","0.66%"
"13-06-2019","5,490.00","5,494.00","5,526.00","5,424.00","54.57K","0.44%"
"12-06-2019","5,466.00","5,358.00","5,484.00","5,354.00","46.66K","1.75%"
"11-06-2019","5,372.00","5,372.00","5,392.00","5,220.00","73.28K","-0.15%"
"10-06-2019","5,380.00","5,510.00","5,540.00","5,364.00","58.25K","-2.25%"
"07-06-2019","5,504.00","5,460.00","5,558.00","5,458.00","57.66K","0.22%"
"06-06-2019","5,492.00","5,576.00","5,620.00","5,412.00","93.49K","-1.54%"
"04-06-2019","5,578.00","5,670.00","5,710.00","5,478.00","103.72K","-1.62%"
"03-06-2019","5,670.00","5,794.00","5,798.00","5,656.00","30.78K","-2.14%"
"31-05-2019","5,794.00","5,820.00","5,834.00","5,780.00","33.70K","-0.41%"
"30-05-2019","5,818.00","5,718.00","5,834.00","5,718.00","40.50K","1.96%"
"29-05-2019","5,706.00","5,680.00","5,728.00","5,654.00","21.84K","0.49%"
"28-05-2019","5,678.00","5,826.00","5,862.00","5,654.00","36.73K","-2.44%"
"27-05-2019","5,820.00","5,904.00","5,926.00","5,810.00","17.43K","-1.42%"
"24-05-2019","5,904.00","5,914.00","5,966.00","5,884.00","13.55K","0.03%"
"23-05-2019","5,902.00","5,890.00","5,924.00","5,860.00","10.46K","0.44%"
"22-05-2019","5,876.00","5,848.00","5,910.00","5,844.00","15.05K","0.72%"
"21-05-2019","5,834.00","5,858.00","5,878.00","5,814.00","23.06K","1.18%"
"20-05-2019","5,766.00","5,856.00","5,876.00","5,754.00","51.44K","-1.47%"
"17-05-2019","5,852.00","5,890.00","5,940.00","5,834.00","46.98K","-0.75%"
"16-05-2019","5,896.00","5,830.00","5,936.00","5,830.00","61.29K","1.03%"
"15-05-2019","5,836.00","5,860.00","5,876.00","5,812.00","37.33K","-0.34%"
"14-05-2019","5,856.00","5,912.00","5,938.00","5,844.00","40.83K","-1.05%"
"13-05-2019","5,918.00","5,810.00","5,976.00","5,810.00","87.07K","1.72%"
"10-05-2019","5,818.00","5,840.00","5,880.00","5,790.00","59.44K","-0.21%"
"09-05-2019","5,830.00","5,770.00","5,842.00","5,750.00","48.75K","1.36%"
"08-05-2019","5,752.00","5,800.00","5,810.00","5,724.00","40.15K","-0.86%"
"07-05-2019","5,802.00","5,798.00","5,920.00","5,762.00","71.51K","0.28%"
"06-05-2019","5,786.00","5,720.00","5,816.00","5,720.00","40.40K","1.01%"
"03-05-2019","5,728.00","5,806.00","5,826.00","5,706.00","46.49K","-1.45%"
"02-05-2019","5,812.00","5,680.00","5,836.00","5,670.00","61.68K","2.25%"
"30-04-2019","5,684.00","5,878.00","5,892.00","5,668.00","79.51K","-1.93%"
"26-04-2019","5,796.00","5,900.00","5,910.00","5,782.00","53.63K","-2.09%"
"25-04-2019","5,920.00","5,934.00","6,060.00","5,886.00","60.72K","-0.17%"
"24-04-2019","5,930.00","5,770.00","5,980.00","5,766.00","27.22K","2.88%"
"23-04-2019","5,764.00","5,762.00","5,804.00","5,748.00","27.22K","0.28%"
"22-04-2019","5,748.00","5,798.00","5,830.00","5,696.00","26.97K","-2.11%"
"18-04-2019","5,872.00","5,970.00","6,032.00","5,822.00","25.12K","-0.27%"
"16-04-2019","5,888.00","6,022.00","6,028.00","5,802.00","126.47K","-2.55%"
"15-04-2019","6,042.00","6,140.00","6,140.00","6,022.00","80.14K","-2.14%"
"12-04-2019","6,174.00","6,100.00","6,234.00","6,100.00","70.47K","0.85%"
"11-04-2019","6,122.00","6,092.00","6,162.00","6,014.00","98.93K","1.29%"
"10-04-2019","6,044.00","5,810.00","6,044.00","5,810.00","75.04K","3.99%"
"09-04-2019","5,812.00","5,858.00","5,866.00","5,776.00","54.45K","-0.34%"
"08-04-2019","5,832.00","5,726.00","5,860.00","5,724.00","62.86K","1.96%"
"05-04-2019","5,720.00","5,670.00","5,788.00","5,670.00","57.80K","0.70%"
"04-04-2019","5,680.00","5,650.00","5,736.00","5,590.00","65.51K","0.25%"
"03-04-2019","5,666.00","5,600.00","5,720.00","5,584.00","86.32K","1.94%"
"02-04-2019","5,558.00","5,340.00","5,558.00","5,330.00","51.45K","3.97%"
"01-04-2019","5,346.00","5,348.00","5,378.00","5,330.00","29.94K","-0.26%"
"29-03-2019","5,360.00","5,368.00","5,374.00","5,340.00","30.55K","-0.22%"
"28-03-2019","5,372.00","5,360.00","5,408.00","5,350.00","19.38K","0.11%"
"27-03-2019","5,366.00","5,360.00","5,390.00","5,352.00","25.77K","0.19%"
"26-03-2019","5,356.00","5,336.00","5,366.00","5,314.00","13.65K","0.41%"
"25-03-2019","5,334.00","5,364.00","5,372.00","5,328.00","12.73K","-0.63%"
"22-03-2019","5,368.00","5,414.00","5,424.00","5,360.00","7.12K","-0.70%"
"20-03-2019","5,406.00","5,374.00","5,412.00","5,374.00","2.20K","2.00%"
"19-03-2019","5,300.00","5,272.00","5,308.00","5,240.00","22.11K","0.61%"
"18-03-2019","5,268.00","5,314.00","5,338.00","5,262.00","18.92K","-0.98%"
"15-03-2019","5,320.00","5,368.00","5,378.00","5,312.00","21.09K","-1.19%"
"14-03-2019","5,384.00","5,370.00","5,436.00","5,370.00","38.01K","0.30%"
"13-03-2019","5,368.00","5,334.00","5,374.00","5,320.00","17.94K","0.64%"
"12-03-2019","5,334.00","5,318.00","5,342.00","5,286.00","27.95K","0.08%"
"11-03-2019","5,330.00","5,380.00","5,382.00","5,320.00","41.39K","-0.22%"
"08-03-2019","5,342.00","5,262.00","5,380.00","5,252.00","65.43K","1.48%"
"07-03-2019","5,264.00","5,216.00","5,266.00","5,210.00","33.32K","0.65%"
"06-03-2019","5,230.00","5,268.00","5,274.00","5,210.00","37.12K","-0.76%"
"05-03-2019","5,270.00","5,312.00","5,332.00","5,262.00","22.36K","-0.98%"
"01-03-2019","5,322.00","5,330.00","5,364.00","5,316.00","19.52K","0.08%"
"28-02-2019","5,318.00","5,342.00","5,376.00","5,300.00","24.37K","-0.71%"
"27-02-2019","5,356.00","5,376.00","5,376.00","5,326.00","11.69K","-0.07%"
"26-02-2019","5,360.00","5,320.00","5,364.00","5,304.00","13.54K","0.41%"
"25-02-2019","5,338.00","5,330.00","5,380.00","5,324.00","12.68K","0.23%"
"22-02-2019","5,326.00","5,386.00","5,386.00","5,316.00","5.16K","-1.26%"
"21-02-2019","5,394.00","5,378.00","5,450.00","5,372.00","9.42K","1.81%"
"20-02-2019","5,298.00","5,272.00","5,306.00","5,252.00","17.76K","0.76%"
"19-02-2019","5,258.00","5,248.00","5,280.00","5,236.00","19.50K","0.23%"
"18-02-2019","5,246.00","5,300.00","5,300.00","5,210.00","20.18K","-1.02%"
"15-02-2019","5,300.00","5,350.00","5,406.00","5,254.00","29.27K","-1.27%"
"14-02-2019","5,368.00","5,240.00","5,380.00","5,240.00","36.67K","2.48%"
"13-02-2019","5,238.00","5,166.00","5,278.00","5,160.00","20.93K","1.67%"
"12-02-2019","5,152.00","5,160.00","5,176.00","5,140.00","8.21K","-0.12%"
"11-02-2019","5,158.00","5,200.00","5,218.00","5,146.00","27.03K","-0.50%"
"08-02-2019","5,184.00","5,136.00","5,208.00","5,126.00","43.22K","0.93%"
"07-02-2019","5,136.00","5,082.00","5,144.00","5,056.00","27.05K","1.18%"
"06-02-2019","5,076.00","5,140.00","5,144.00","5,046.00","36.80K","-1.40%"
"05-02-2019","5,148.00","5,176.00","5,180.00","5,142.00","22.41K","-0.39%"
"04-02-2019","5,168.00","5,208.00","5,214.00","5,156.00","30.28K","-0.58%"
"01-02-2019","5,198.00","5,214.00","5,220.00","5,190.00","10.50K","-0.35%"
"31-01-2019","5,216.00","5,200.00","5,244.00","5,170.00","20.79K","0.42%"
"30-01-2019","5,194.00","5,178.00","5,200.00","5,174.00","16.16K","0.50%"
"29-01-2019","5,168.00","5,146.00","5,176.00","5,130.00","15.40K","0.12%"
"28-01-2019","5,162.00","5,214.00","5,228.00","5,144.00","9.83K","-1.41%"
"25-01-2019","5,236.00","5,254.00","5,290.00","5,220.00","5.88K","-0.61%"
"24-01-2019","5,268.00","5,336.00","5,336.00","5,250.00","9.64K","-1.31%"
"23-01-2019","5,338.00","5,304.00","5,344.00","5,298.00","8.76K","0.76%"
"22-01-2019","5,298.00","5,288.00","5,324.00","5,270.00","8.34K","0.15%"
"21-01-2019","5,290.00","5,368.00","5,368.00","5,194.00","8.35K","0.23%"
"18-01-2019","5,278.00","5,268.00","5,286.00","5,238.00","21.03K","0.38%"
"17-01-2019","5,258.00","5,204.00","5,266.00","5,204.00","14.58K","0.84%"
"16-01-2019","5,214.00","5,280.00","5,290.00","5,202.00","17.50K","-0.84%"
"15-01-2019","5,258.00","5,316.00","5,350.00","5,248.00","23.36K","-0.87%"
"14-01-2019","5,304.00","5,284.00","5,350.00","5,250.00","13.82K","0.91%"
"11-01-2019","5,256.00","5,246.00","5,290.00","5,236.00","23.23K","-0.38%"
"10-01-2019","5,276.00","5,348.00","5,368.00","5,220.00","33.72K","-1.05%"
"09-01-2019","5,332.00","5,324.00","5,348.00","5,272.00","26.53K","0.23%"
"08-01-2019","5,320.00","5,420.00","5,434.00","5,310.00","36.54K","-2.03%"
"07-01-2019","5,430.00","5,370.00","5,476.00","5,370.00","47.49K","1.38%"
"04-01-2019","5,356.00","5,300.00","5,364.00","5,290.00","29.12K","0.90%"
"03-01-2019","5,308.00","5,270.00","5,314.00","5,202.00","25.33K","1.07%"
"02-01-2019","5,252.00","5,310.00","5,400.00","5,240.00","26.37K","-1.43%"
"01-01-2019","5,328.00","5,352.00","5,374.00","5,300.00","21.86K","-0.15%"
"31-12-2018","5,336.00","5,230.00","5,350.00","5,230.00","25.02K","2.58%"
"28-12-2018","5,202.00","5,136.00","5,246.00","5,126.00","14.67K","1.48%"
"27-12-2018","5,126.00","5,188.00","5,208.00","5,112.00","16.29K","-0.35%"
"26-12-2018","5,144.00","5,018.00","5,180.00","4,980.00","16.46K","2.51%"
"24-12-2018","5,018.00","5,228.00","5,230.00","5,010.00","20.16K","-3.83%"
"21-12-2018","5,218.00","5,250.00","5,264.00","5,190.00","11.60K","0.77%"
"20-12-2018","5,178.00","5,280.00","5,298.00","5,168.00","26.39K","-1.82%"
"19-12-2018","5,274.00","5,138.00","5,292.00","5,122.00","31.05K","1.85%"
"18-12-2018","5,178.00","5,272.00","5,272.00","5,130.00","46.98K","-1.82%"
"17-12-2018","5,274.00","5,490.00","5,498.00","5,274.00","43.67K","-3.97%"
"14-12-2018","5,492.00","5,436.00","5,502.00","5,410.00","26.59K","0.70%"
"13-12-2018","5,454.00","5,418.00","5,498.00","5,418.00","15.26K","-0.73%"
"12-12-2018","5,494.00","5,556.00","5,558.00","5,446.00","35.89K","-1.08%"
"11-12-2018","5,554.00","5,600.00","5,628.00","5,508.00","27.69K","-0.64%"
"10-12-2018","5,590.00","5,584.00","5,640.00","5,544.00","35.15K","0.40%"
"07-12-2018","5,568.00","5,554.00","5,590.00","5,476.00","34.16K","0.69%"
"06-12-2018","5,530.00","5,628.00","5,628.00","5,478.00","52.01K","-1.46%"
"05-12-2018","5,612.00","5,730.00","5,730.00","5,590.00","42.34K","-2.50%"
"04-12-2018","5,756.00","5,650.00","5,810.00","5,622.00","40.06K","2.38%"
"03-12-2018","5,622.00","5,480.00","5,644.00","5,480.00","43.66K","3.38%"
"30-11-2018","5,438.00","5,382.00","5,476.00","5,374.00","28.09K","1.04%"
"29-11-2018","5,382.00","5,598.00","5,598.00","5,376.00","52.92K","-3.89%"
"28-11-2018","5,600.00","5,650.00","5,678.00","5,564.00","19.03K","-0.96%"
"27-11-2018","5,654.00","5,566.00","5,690.00","5,518.00","37.57K","0.60%"
"26-11-2018","5,620.00","5,762.00","5,794.00","5,570.00","17.05K","-1.92%"
"22-11-2018","5,730.00","5,778.00","5,828.00","5,630.00","13.14K","0.35%"
"21-11-2018","5,710.00","5,824.00","5,900.00","5,630.00","22.44K","0.39%"
"20-11-2018","5,688.00","5,632.00","5,704.00","5,504.00","113.20K","-0.77%"
"19-11-2018","5,732.00","5,850.00","5,914.00","5,732.00","72.85K","-3.99%"
"16-11-2018","5,970.00","6,176.00","6,232.00","5,970.00","73.50K","-3.99%"
"15-11-2018","6,218.00","6,348.00","6,440.00","6,170.00","60.40K","-1.61%"
"14-11-2018","6,320.00","6,270.00","6,346.00","6,188.00","45.36K","1.02%"
"13-11-2018","6,256.00","6,150.00","6,364.00","6,140.00","76.19K","1.86%"
"12-11-2018","6,142.00","5,950.00","6,158.00","5,950.00","61.28K","3.19%"
"09-11-2018","5,952.00","5,930.00","6,030.00","5,862.00","49.89K","-0.07%"
"07-11-2018","5,956.00","5,990.00","5,990.00","5,930.00","11.58K","-0.33%"
"06-11-2018","5,976.00","6,016.00","6,070.00","5,928.00","55.14K","-0.30%"
"05-11-2018","5,994.00","5,770.00","5,994.00","5,770.00","70.84K","3.99%"
"02-11-2018","5,764.00","5,800.00","5,800.00","5,710.00","51.71K","-0.65%"
"01-11-2018","5,802.00","5,800.00","5,836.00","5,704.00","52.35K","-0.24%"
"31-10-2018","5,816.00","5,818.00","5,830.00","5,760.00","50.70K","0.52%"
"30-10-2018","5,786.00","5,742.00","5,840.00","5,742.00","57.86K","1.19%"
"29-10-2018","5,718.00","5,504.00","5,762.00","5,504.00","70.56K","3.03%"
"26-10-2018","5,550.00","5,530.00","5,600.00","5,530.00","38.02K","0.36%"
"25-10-2018","5,530.00","5,422.00","5,544.00","5,390.00","37.59K","1.62%"
"24-10-2018","5,442.00","5,474.00","5,518.00","5,414.00","34.03K","0.22%"
"23-10-2018","5,430.00","5,374.00","5,470.00","5,354.00","26.51K","0.44%"
"22-10-2018","5,406.00","5,318.00","5,466.00","5,318.00","25.92K","2.12%"
"19-10-2018","5,294.00","5,226.00","5,322.00","5,214.00","15.51K","1.50%"
"17-10-2018","5,216.00","5,088.00","5,230.00","5,078.00","11.64K","3.25%"
"16-10-2018","5,052.00","5,078.00","5,096.00","5,024.00","51.14K","-0.04%"
"15-10-2018","5,054.00","4,910.00","5,080.00","4,910.00","52.61K","2.89%"
"12-10-2018","4,912.00","4,940.00","4,952.00","4,896.00","30.90K","-0.45%"
"11-10-2018","4,934.00","4,870.00","4,942.00","4,854.00","49.18K","1.52%"
"10-10-2018","4,860.00","4,792.00","4,878.00","4,780.00","69.06K","1.67%"
"09-10-2018","4,780.00","4,768.00","4,790.00","4,758.00","24.26K","0.29%"
"08-10-2018","4,766.00","4,720.00","4,778.00","4,718.00","36.13K","1.10%"
"05-10-2018","4,714.00","4,676.00","4,730.00","4,650.00","64.16K","0.73%"
"04-10-2018","4,680.00","4,742.00","4,762.00","4,674.00","32.56K","-1.14%"
"03-10-2018","4,734.00","4,738.00","4,764.00","4,710.00","26.30K","0.00%"
"01-10-2018","4,734.00","4,770.00","4,780.00","4,730.00","15.97K","-0.50%"
"28-09-2018","4,758.00","4,745.00","4,779.00","4,733.00","24.70K","0.25%"
"27-09-2018","4,746.00","4,744.00","4,820.00","4,739.00","20.76K","-0.15%"
"26-09-2018","4,753.00","4,770.00","4,785.00","4,745.00","9.70K","-0.17%"
"25-09-2018","4,761.00","4,803.00","4,805.00","4,744.00","20.03K","-0.81%"
"24-09-2018","4,800.00","4,826.00","4,835.00","4,795.00","6.41K","-0.66%"
"21-09-2018","4,832.00","4,818.00","4,850.00","4,809.00","6.36K","2.03%"
"19-09-2018","4,736.00","4,760.00","4,789.00","4,727.00","37.69K","-0.29%"
"18-09-2018","4,750.00","4,645.00","4,765.00","4,630.00","68.12K","2.39%"
"17-09-2018","4,639.00","4,666.00","4,674.00","4,633.00","27.46K","-0.71%"
"14-09-2018","4,672.00","4,685.00","4,702.00","4,650.00","25.31K","-0.26%"
"12-09-2018","4,684.00","4,701.00","4,719.00","4,675.00","23.46K","-0.28%"
"11-09-2018","4,697.00","4,701.00","4,725.00","4,677.00","39.38K","-0.28%"
"10-09-2018","4,710.00","4,728.00","4,759.00","4,702.00","47.97K","-0.21%"
"07-09-2018","4,720.00","4,755.00","4,755.00","4,705.00","40.07K","-0.55%"
"06-09-2018","4,746.00","4,757.00","4,773.00","4,735.00","42.72K","0.02%"
"05-09-2018","4,745.00","4,790.00","4,799.00","4,722.00","48.67K","-0.73%"
"04-09-2018","4,780.00","4,821.00","4,836.00","4,768.00","49.37K","-0.69%"
"03-09-2018","4,813.00","4,730.00","4,835.00","4,730.00","57.87K","1.65%"
"31-08-2018","4,735.00","4,675.00","4,746.00","4,675.00","35.94K","1.02%"
"30-08-2018","4,687.00","4,659.00","4,700.00","4,636.00","32.36K","0.58%"
"29-08-2018","4,660.00","4,667.00","4,705.00","4,641.00","22.86K","-0.13%"
"28-08-2018","4,666.00","4,666.00","4,722.00","4,582.00","30.82K","0.43%"
"27-08-2018","4,646.00","4,754.00","4,754.00","4,611.00","26.39K","-1.78%"
"24-08-2018","4,730.00","4,827.00","4,828.00","4,714.00","16.91K","-1.68%"
"23-08-2018","4,811.00","4,800.00","4,846.00","4,784.00","23.73K","0.82%"
"21-08-2018","4,772.00","4,777.00","4,800.00","4,746.00","18.96K","1.17%"
"20-08-2018","4,717.00","4,645.00","4,735.00","4,627.00","75.91K","1.27%"
"17-08-2018","4,658.00","4,662.00","4,696.00","4,621.00","61.63K","-0.60%"
"16-08-2018","4,686.00","4,645.00","4,723.00","4,611.00","67.42K","0.90%"
"14-08-2018","4,644.00","4,607.00","4,665.00","4,564.00","58.44K","1.11%"
"13-08-2018","4,593.00","4,699.00","4,710.00","4,580.00","74.50K","-2.57%"
"10-08-2018","4,714.00","4,690.00","4,734.00","4,674.00","66.20K","0.55%"
"09-08-2018","4,688.00","4,730.00","4,768.00","4,674.00","70.98K","-0.89%"
"08-08-2018","4,730.00","4,699.00","4,827.00","4,699.00","64.93K","0.92%"
"07-08-2018","4,687.00","4,655.00","4,698.00","4,603.00","43.64K","0.86%"
"06-08-2018","4,647.00","4,731.00","4,740.00","4,626.00","62.00K","-2.52%"
"03-08-2018","4,767.00","4,773.00","4,788.00","4,722.00","60.54K","0.15%"
"02-08-2018","4,760.00","4,675.00","4,779.00","4,659.00","81.28K","2.15%"
"01-08-2018","4,660.00","4,719.00","4,720.00","4,650.00","38.07K","-0.83%"
"31-07-2018","4,699.00","4,650.00","4,725.00","4,650.00","50.45K","0.56%"
"30-07-2018","4,673.00","4,675.00","4,692.00","4,635.00","29.55K","0.02%"
"27-07-2018","4,672.00","4,557.00","4,681.00","4,556.00","41.97K","2.73%"
"26-07-2018","4,548.00","4,530.00","4,555.00","4,510.00","22.04K","1.02%"
"25-07-2018","4,502.00","4,553.00","4,559.00","4,442.00","24.21K","-1.12%"
"24-07-2018","4,553.00","4,594.00","4,632.00","4,537.00","23.13K","-0.76%"
"23-07-2018","4,588.00","4,556.00","4,609.00","4,541.00","6.40K","0.92%"
"20-07-2018","4,546.00","4,520.00","4,572.00","4,508.00","50.21K","0.53%"
"19-07-2018","4,522.00","4,570.00","4,585.00","4,513.00","43.18K","-0.66%"
"18-07-2018","4,552.00","4,468.00","4,575.00","4,468.00","58.46K","2.13%"
"17-07-2018","4,457.00","4,515.00","4,515.00","4,437.00","44.64K","-1.22%"
"16-07-2018","4,512.00","4,507.00","4,585.00","4,491.00","51.16K","0.07%"
"13-07-2018","4,509.00","4,530.00","4,559.00","4,443.00","65.52K","-0.90%"
"12-07-2018","4,550.00","4,545.00","4,610.00","4,540.00","74.72K","0.33%"
"11-07-2018","4,535.00","4,500.00","4,549.00","4,471.00","70.02K","0.29%"
"10-07-2018","4,522.00","4,570.00","4,580.00","4,495.00","74.08K","-0.94%"
"09-07-2018","4,565.00","4,424.00","4,580.00","4,424.00","68.93K","3.54%"
"06-07-2018","4,409.00","4,384.00","4,444.00","4,369.00","53.29K","0.46%"
"05-07-2018","4,389.00","4,325.00","4,405.00","4,315.00","51.35K","1.25%"
"04-07-2018","4,335.00","4,249.00","4,352.00","4,249.00","61.88K","2.24%"
"03-07-2018","4,240.00","4,235.00","4,264.00","4,213.00","28.29K","0.02%"
"02-07-2018","4,239.00","4,238.00","4,275.00","4,231.00","26.98K","-0.16%"
"29-06-2018","4,246.00","4,230.00","4,273.00","4,171.00","54.98K","0.50%"
"28-06-2018","4,225.00","4,240.00","4,257.00","4,211.00","21.63K","-0.05%"
"27-06-2018","4,227.00","4,193.00","4,235.00","4,167.00","20.57K","0.76%"
"26-06-2018","4,195.00","4,186.00","4,217.00","4,177.00","15.23K","0.50%"
"25-06-2018","4,174.00","4,176.00","4,194.00","4,113.00","13.66K","-0.45%"
"22-06-2018","4,193.00","4,210.00","4,228.00","4,177.00","11.83K","-0.26%"
"21-06-2018","4,204.00","4,158.00","4,207.00","4,156.00","11.71K","2.76%"
"20-06-2018","4,091.00","4,055.00","4,098.00","4,055.00","17.15K","0.84%"
"19-06-2018","4,057.00","4,082.00","4,107.00","4,044.00","21.00K","-0.69%"
"18-06-2018","4,085.00","4,085.00","4,142.00","4,070.00","39.33K","-0.20%"
"15-06-2018","4,093.00","4,041.00","4,110.00","4,040.00","29.52K","1.16%"
"14-06-2018","4,046.00","4,055.00","4,055.00","3,981.00","30.46K","1.20%"
"13-06-2018","3,998.00","3,890.00","4,008.00","3,887.00","29.92K","2.72%"
"12-06-2018","3,892.00","3,905.00","3,930.00","3,861.00","21.51K","-0.10%"
"11-06-2018","3,896.00","3,970.00","3,983.00","3,885.00","41.06K","-1.99%"
"08-06-2018","3,975.00","3,979.00","4,001.00","3,967.00","21.40K","-0.10%"
"07-06-2018","3,979.00","3,966.00","4,009.00","3,961.00","25.30K","0.15%"
"06-06-2018","3,973.00","3,963.00","3,988.00","3,953.00","12.05K","0.33%"
"05-06-2018","3,960.00","3,965.00","3,993.00","3,932.00","19.52K","-0.18%"
"04-06-2018","3,967.00","4,049.00","4,064.00","3,955.00","17.93K","-1.42%"
"01-06-2018","4,024.00","3,986.00","4,032.00","3,975.00","17.26K","1.26%"
"31-05-2018","3,974.00","3,945.00","3,985.00","3,923.00","11.63K","0.40%"
"30-05-2018","3,958.00","4,010.00","4,025.00","3,932.00","13.39K","-1.12%"
"29-05-2018","4,003.00","4,020.00","4,058.00","3,995.00","17.38K","-0.60%"
"28-05-2018","4,027.00","4,053.00","4,053.00","4,015.00","13.17K","-0.57%"
"25-05-2018","4,050.00","4,069.00","4,076.00","4,040.00","3.88K","-0.47%"
"24-05-2018","4,069.00","4,097.00","4,097.00","4,060.00","9.80K","-0.78%"
"23-05-2018","4,101.00","4,123.00","4,132.00","4,093.00","8.12K","-0.24%"
"22-05-2018","4,111.00","4,086.00","4,118.00","4,086.00","5.35K","0.76%"
"21-05-2018","4,080.00","4,089.00","4,097.00","4,073.00","5.70K","1.47%"
"18-05-2018","4,021.00","4,010.00","4,044.00","4,007.00","13.41K","0.50%"
"17-05-2018","4,001.00","4,012.00","4,038.00","3,993.00","16.33K","-0.77%"
"16-05-2018","4,032.00","4,061.00","4,066.00","4,017.00","17.31K","-1.03%"
"15-05-2018","4,074.00","4,067.00","4,081.00","4,030.00","20.88K","-0.42%"
"14-05-2018","4,091.00","4,094.00","4,107.00","4,076.00","13.77K","0.05%"
"11-05-2018","4,089.00","4,050.00","4,105.00","4,050.00","24.39K","1.09%"
"10-05-2018","4,045.00","4,079.00","4,105.00","4,035.00","26.96K","-0.88%"
"09-05-2018","4,081.00","4,105.00","4,128.00","4,072.00","35.12K","-0.34%"
"08-05-2018","4,095.00","4,045.00","4,117.00","4,040.00","42.56K","1.44%"
"07-05-2018","4,037.00","3,960.00","4,042.00","3,960.00","36.11K","2.44%"
"04-05-2018","3,941.00","4,005.00","4,007.00","3,891.00","40.17K","-1.75%"
"03-05-2018","4,011.00","4,043.00","4,070.00","3,991.00","15.27K","-0.67%"
"02-05-2018","4,038.00","4,101.00","4,101.00","4,009.00","11.97K","-0.27%"
"30-04-2018","4,049.00","4,150.00","4,150.00","4,007.00","18.83K","-0.32%"
"27-04-2018","4,062.00","4,149.00","4,155.00","4,049.00","18.39K","-1.88%"
"26-04-2018","4,140.00","4,129.00","4,157.00","4,129.00","7.68K","0.34%"
"25-04-2018","4,126.00","4,132.00","4,148.00","4,118.00","7.65K","-0.39%"
"24-04-2018","4,142.00","4,180.00","4,184.00","4,138.00","5.81K","-1.00%"
"23-04-2018","4,184.00","4,179.00","4,197.00","4,159.00","11.74K","1.01%"
"20-04-2018","4,142.00","4,135.00","4,164.00","4,124.00","26.89K","0.53%"
"19-04-2018","4,120.00","4,115.00","4,145.00","4,085.00","21.42K","0.49%"
"18-04-2018","4,100.00","4,100.00","4,120.00","4,095.00","15.85K","0.05%"
"17-04-2018","4,098.00","4,080.00","4,111.00","4,052.00","24.86K","0.29%"
"16-04-2018","4,086.00","4,120.00","4,125.00","4,081.00","13.55K","-1.47%"
"13-04-2018","4,147.00","4,150.00","4,158.00","4,131.00","15.65K","-0.46%"
"12-04-2018","4,166.00","4,145.00","4,180.00","4,141.00","20.00K","0.07%"
"11-04-2018","4,163.00","4,140.00","4,193.00","4,137.00","35.52K","0.29%"
"10-04-2018","4,151.00","4,084.00","4,173.00","4,075.00","36.46K","1.47%"
"09-04-2018","4,091.00","4,140.00","4,140.00","4,075.00","26.01K","-1.45%"
"06-04-2018","4,151.00","4,147.00","4,177.00","4,134.00","20.21K","-0.14%"
"05-04-2018","4,157.00","4,135.00","4,178.00","4,120.00","19.43K","0.46%"
"04-04-2018","4,138.00","4,182.00","4,182.00","4,130.00","18.79K","-1.17%"
"03-04-2018","4,187.00","4,206.00","4,210.00","4,174.00","12.81K","-0.62%"
"02-04-2018","4,213.00","4,185.00","4,245.00","4,172.00","19.88K","0.69%"
"28-03-2018","4,184.00","4,170.00","4,195.00","4,136.00","5.71K","0.75%"
"27-03-2018","4,153.00","4,189.00","4,190.00","4,131.00","2.82K","-0.65%"
"26-03-2018","4,180.00","4,147.00","4,186.00","4,127.00","4.36K","1.14%"
"23-03-2018","4,133.00","4,124.00","4,167.00","4,124.00","4.05K","-0.63%"
"22-03-2018","4,159.00","4,171.00","4,186.00","4,138.00","6.51K","-0.43%"
"21-03-2018","4,177.00","4,200.00","4,220.00","4,175.00","5.43K","0.41%"
"20-03-2018","4,160.00","4,200.00","4,201.00","4,150.00","17.37K","-1.12%"
"19-03-2018","4,207.00","4,233.00","4,250.00","4,180.00","23.42K","-0.83%"
"16-03-2018","4,242.00","4,208.00","4,253.00","4,200.00","27.08K","0.93%"
"15-03-2018","4,203.00","4,206.00","4,220.00","4,182.00","12.28K","-0.12%"
"14-03-2018","4,208.00","4,245.00","4,260.00","4,190.00","14.70K","-0.85%"
"13-03-2018","4,244.00","4,195.00","4,249.00","4,160.00","18.06K","1.31%"
"12-03-2018","4,189.00","4,220.00","4,220.00","4,164.00","19.12K","-1.34%"
"09-03-2018","4,246.00","4,227.00","4,269.00","4,220.00","30.62K","0.76%"
"08-03-2018","4,214.00","4,175.00","4,222.00","4,155.00","27.42K","1.18%"
"07-03-2018","4,165.00","4,125.00","4,210.00","4,125.00","29.11K","0.46%"
"06-03-2018","4,146.00","4,113.00","4,149.00","4,064.00","27.30K","0.44%"
"05-03-2018","4,128.00","4,165.00","4,166.00","4,112.00","14.29K","-0.60%"
"01-03-2018","4,153.00","4,173.00","4,197.00","4,129.00","11.30K","-0.41%"
"28-02-2018","4,170.00","4,118.00","4,178.00","4,106.00","21.10K","1.26%"
"27-02-2018","4,118.00","4,190.00","4,190.00","4,106.00","12.71K","-1.91%"
"26-02-2018","4,198.00","4,277.00","4,280.00","4,177.00","15.49K","-1.71%"
"23-02-2018","4,271.00","4,335.00","4,396.00","4,248.00","12.57K","-1.09%"
"22-02-2018","4,318.00","4,301.00","4,324.00","4,287.00","5.31K","0.42%"
"21-02-2018","4,300.00","4,259.00","4,331.00","4,252.00","6.41K","2.53%"
"20-02-2018","4,194.00","4,219.00","4,219.00","4,175.00","13.03K","-0.69%"
"19-02-2018","4,223.00","4,230.00","4,278.00","4,211.00","18.79K","0.17%"
"16-02-2018","4,216.00","4,140.00","4,226.00","4,138.00","25.75K","1.98%"
"15-02-2018","4,134.00","4,119.00","4,159.00","4,094.00","20.60K","0.71%"
"14-02-2018","4,105.00","4,162.00","4,162.00","4,080.00","23.67K","-1.49%"
"12-02-2018","4,167.00","4,200.00","4,226.00","4,151.00","25.65K","-0.24%"
"09-02-2018","4,177.00","4,196.00","4,226.00","4,158.00","27.22K","-0.31%"
"08-02-2018","4,190.00","4,274.00","4,276.00","4,174.00","31.71K","-2.24%"
"07-02-2018","4,286.00","4,332.00","4,359.00","4,238.00","29.36K","-0.88%"
"06-02-2018","4,324.00","4,317.00","4,349.00","4,308.00","18.82K","-0.23%"
"05-02-2018","4,334.00","4,302.00","4,364.00","4,302.00","18.50K","0.16%"
"02-02-2018","4,327.00","4,335.00","4,374.00","4,304.00","17.71K","-0.35%"
"01-02-2018","4,342.00","4,330.00","4,362.00","4,270.00","17.84K","0.32%"
"31-01-2018","4,328.00","4,410.00","4,410.00","4,320.00","24.64K","-1.68%"
"30-01-2018","4,402.00","4,380.00","4,427.00","4,350.00","40.42K","1.10%"
"29-01-2018","4,354.00","4,220.00","4,354.00","4,198.00","28.19K","3.99%"
"25-01-2018","4,187.00","4,177.00","4,205.00","4,171.00","6.48K","0.75%"
"24-01-2018","4,156.00","4,195.00","4,235.00","4,084.00","9.96K","-0.60%"
"23-01-2018","4,181.00","4,097.00","4,215.00","4,094.00","8.30K","2.03%"
"22-01-2018","4,098.00","4,121.00","4,121.00","4,085.00","2.06K","1.16%"
"19-01-2018","4,051.00","4,005.00","4,078.00","3,992.00","16.35K","0.85%"
"18-01-2018","4,017.00","4,046.00","4,059.00","4,005.00","11.07K","-0.64%"
"17-01-2018","4,043.00","4,032.00","4,048.00","4,005.00","12.54K","0.17%"
"16-01-2018","4,036.00","4,120.00","4,120.00","3,976.00","29.70K","-2.18%"
"15-01-2018","4,126.00","4,128.00","4,147.00","4,115.00","5.09K","0.12%"
"12-01-2018","4,121.00","4,125.00","4,135.00","4,108.00","11.26K","-0.02%"
"11-01-2018","4,122.00","4,135.00","4,165.00","4,109.00","31.54K","-0.24%"
"10-01-2018","4,132.00","4,088.00","4,144.00","4,062.00","30.80K","1.55%"
"09-01-2018","4,069.00","4,214.00","4,220.00","4,045.00","46.01K","-3.17%"
"08-01-2018","4,202.00","4,332.00","4,339.00","4,192.00","31.92K","-3.34%"
"05-01-2018","4,347.00","4,334.00","4,365.00","4,309.00","20.06K","0.49%"
"04-01-2018","4,326.00","4,328.00","4,350.00","4,309.00","16.66K","0.14%"
"03-01-2018","4,320.00","4,367.00","4,373.00","4,307.00","20.49K","-1.12%"
"02-01-2018","4,369.00","4,390.00","4,399.00","4,362.00","13.83K","-0.68%"
"01-01-2018","4,399.00","4,414.00","4,417.00","4,384.00","11.56K","-0.18%"
"29-12-2017","4,407.00","4,432.00","4,440.00","4,384.00","8.82K","-0.32%"
"28-12-2017","4,421.00","4,417.00","4,443.00","4,410.00","6.51K","0.18%"
"27-12-2017","4,413.00","4,474.00","4,474.00","4,400.00","10.43K","-1.34%"
"26-12-2017","4,473.00","4,494.00","4,499.00","4,450.00","3.75K","-0.73%"
"22-12-2017","4,506.00","4,505.00","4,512.00","4,475.00","2.98K","-0.04%"
"21-12-2017","4,508.00","4,490.00","4,520.00","4,434.00","8.57K","1.05%"
"20-12-2017","4,461.00","4,512.00","4,515.00","4,446.00","16.92K","-1.13%"
"19-12-2017","4,512.00","4,440.00","4,535.00","4,440.00","21.48K","1.28%"
"18-12-2017","4,455.00","4,480.00","4,488.00","4,415.00","11.52K","-0.49%"
"15-12-2017","4,477.00","4,511.00","4,515.00","4,466.00","12.51K","-0.56%"
"14-12-2017","4,502.00","4,496.00","4,538.00","4,490.00","11.25K","-0.07%"
"13-12-2017","4,505.00","4,548.00","4,556.00","4,480.00","19.79K","-1.12%"
"12-12-2017","4,556.00","4,585.00","4,598.00","4,535.00","23.61K","-0.52%"
"11-12-2017","4,580.00","4,570.00","4,587.00","4,545.00","32.14K","0.50%"
"08-12-2017","4,557.00","4,500.00","4,591.00","4,460.00","27.55K","1.47%"
"07-12-2017","4,491.00","4,599.00","4,604.00","4,472.00","34.14K","-2.58%"
"06-12-2017","4,610.00","4,614.00","4,622.00","4,580.00","19.54K","0.11%"
"05-12-2017","4,605.00","4,620.00","4,658.00","4,581.00","19.63K","-0.26%"
"04-12-2017","4,617.00","4,598.00","4,647.00","4,598.00","18.69K","0.79%"
"01-12-2017","4,581.00","4,620.00","4,624.00","4,569.00","12.53K","-0.99%"
"30-11-2017","4,627.00","4,604.00","4,654.00","4,604.00","21.24K","0.63%"
"29-11-2017","4,598.00","4,615.00","4,627.00","4,566.00","14.21K","-0.76%"
"28-11-2017","4,633.00","4,698.00","4,698.00","4,613.00","8.27K","-0.71%"
"27-11-2017","4,666.00","4,604.00","4,679.00","4,578.00","13.35K","2.46%"
"24-11-2017","4,554.00","4,516.00","4,583.00","4,501.00","6.20K","1.13%"
"23-11-2017","4,503.00","4,456.00","4,527.00","4,452.00","6.82K","0.87%"
"22-11-2017","4,464.00","4,500.00","4,508.00","4,441.00","3.98K","-0.87%"
"21-11-2017","4,503.00","4,500.00","4,518.00","4,468.00","2.28K","1.15%"
"20-11-2017","4,452.00","4,465.00","4,506.00","4,431.00","20.13K","0.18%"
"17-11-2017","4,444.00","4,375.00","4,475.00","4,357.00","26.08K","1.60%"
"16-11-2017","4,374.00","4,344.00","4,394.00","4,326.00","11.96K","0.55%"
"15-11-2017","4,350.00","4,379.00","4,398.00","4,341.00","11.52K","-0.64%"
"14-11-2017","4,378.00","4,371.00","4,405.00","4,365.00","14.26K","0.39%"
"13-11-2017","4,361.00","4,349.00","4,377.00","4,335.00","20.07K","-0.11%"
"10-11-2017","4,366.00","4,380.00","4,392.00","4,326.00","26.57K","-0.27%"
"09-11-2017","4,378.00","4,436.00","4,440.00","4,353.00","24.65K","-0.45%"
"08-11-2017","4,398.00","4,410.00","4,449.00","4,390.00","16.51K","-0.43%"
"07-11-2017","4,417.00","4,411.00","4,442.00","4,401.00","16.60K","0.14%"
"06-11-2017","4,411.00","4,435.00","4,484.00","4,371.00","18.87K","-0.92%"
"03-11-2017","4,452.00","4,444.00","4,490.00","4,431.00","15.73K","0.38%"
"02-11-2017","4,435.00","4,393.00","4,445.00","4,385.00","19.26K","1.16%"
"01-11-2017","4,384.00","4,490.00","4,539.00","4,361.00","20.15K","-2.40%"
"31-10-2017","4,492.00","4,485.00","4,500.00","4,422.00","18.88K","0.29%"
"30-10-2017","4,479.00","4,550.00","4,585.00","4,471.00","16.40K","-1.04%"
"27-10-2017","4,526.00","4,581.00","4,618.00","4,511.00","14.10K","-1.46%"
"26-10-2017","4,593.00","4,444.00","4,600.00","4,440.00","19.91K","3.59%"
"25-10-2017","4,434.00","4,431.00","4,450.00","4,414.00","5.45K","0.09%"
"24-10-2017","4,430.00","4,414.00","4,453.00","4,382.00","13.67K","0.48%"
"23-10-2017","4,409.00","4,585.00","4,587.00","4,409.00","8.70K","-3.99%"
"19-10-2017","4,592.00","4,601.00","4,610.00","4,582.00","3.39K","-0.11%"
"18-10-2017","4,597.00","4,670.00","4,670.00","4,560.00","5.12K","-1.50%"
"17-10-2017","4,667.00","4,678.00","4,679.00","4,665.00","2.84K","-0.06%"
"16-10-2017","4,670.00","4,666.00","4,684.00","4,652.00","5.19K","0.95%"
"13-10-2017","4,626.00","4,607.00","4,636.00","4,583.00","17.21K","0.50%"
"12-10-2017","4,603.00","4,593.00","4,638.00","4,563.00","18.26K","0.11%"
"11-10-2017","4,598.00","4,618.00","4,640.00","4,560.00","24.38K","-0.39%"
"10-10-2017","4,616.00","4,580.00","4,634.00","4,580.00","27.40K","1.01%"
"09-10-2017","4,570.00","4,586.00","4,598.00","4,546.00","23.54K","-0.35%"
"06-10-2017","4,586.00","4,615.00","4,626.00","4,575.00","23.76K","-0.67%"
"05-10-2017","4,617.00","4,634.00","4,648.00","4,607.00","21.52K","-0.24%"
"04-10-2017","4,628.00","4,711.00","4,722.00","4,604.00","32.65K","-1.95%"
"03-10-2017","4,720.00","4,750.00","4,756.00","4,707.00","16.60K","-0.32%"
"29-09-2017","4,735.00","4,681.00","4,750.00","4,681.00","22.29K","0.98%"
"28-09-2017","4,689.00","4,699.00","4,710.00","4,662.00","15.68K","-0.06%"
"27-09-2017","4,692.00","4,680.00","4,720.00","4,679.00","12.85K","-0.02%"
"26-09-2017","4,693.00","4,685.00","4,700.00","4,642.00","26.40K","0.30%"
"25-09-2017","4,679.00","4,702.00","4,705.00","4,645.00","13.01K","-0.55%"
"22-09-2017","4,705.00","4,735.00","4,764.00","4,692.00","13.70K","-0.34%"
"21-09-2017","4,721.00","4,744.00","4,746.00","4,709.00","6.27K","1.53%"
"20-09-2017","4,650.00","4,685.00","4,704.00","4,636.00","30.43K","-0.73%"
"19-09-2017","4,684.00","4,639.00","4,691.00","4,576.00","30.93K","1.08%"
"18-09-2017","4,634.00","4,715.00","4,720.00","4,611.00","34.70K","-1.66%"
"15-09-2017","4,712.00","4,759.00","4,783.00","4,694.00","29.48K","-1.03%"
"14-09-2017","4,761.00","4,819.00","4,843.00","4,680.00","55.47K","-1.29%"
"13-09-2017","4,823.00","4,805.00","4,837.00","4,805.00","41.26K","0.31%"
"12-09-2017","4,808.00","4,760.00","4,847.00","4,756.00","45.80K","0.73%"
"11-09-2017","4,773.00","4,750.00","4,782.00","4,750.00","48.49K","0.61%"
"08-09-2017","4,744.00","4,730.00","4,758.00","4,722.00","25.23K","0.21%"
"07-09-2017","4,734.00","4,740.00","4,763.00","4,726.00","24.24K","-0.06%"
"06-09-2017","4,737.00","4,698.00","4,761.00","4,698.00","31.46K","0.92%"
"05-09-2017","4,694.00","4,680.00","4,719.00","4,647.00","30.26K","0.32%"
"04-09-2017","4,679.00","4,699.00","4,721.00","4,675.00","15.71K","-0.36%"
"01-09-2017","4,696.00","4,695.00","4,720.00","4,670.00","18.75K","-0.38%"
"31-08-2017","4,714.00","4,776.00","4,779.00","4,701.00","24.43K","-1.19%"
"30-08-2017","4,771.00","4,736.00","4,798.00","4,728.00","23.65K","0.40%"
"29-08-2017","4,752.00","4,775.00","4,795.00","4,741.00","12.44K","-0.44%"
"28-08-2017","4,773.00","4,758.00","4,820.00","4,751.00","16.91K","-0.04%"
"24-08-2017","4,775.00","4,760.00","4,796.00","4,741.00","10.05K","0.15%"
"23-08-2017","4,768.00","4,753.00","4,828.00","4,753.00","14.88K","-0.79%"
"22-08-2017","4,806.00","4,832.00","4,874.00","4,793.00","20.28K","-0.50%"
"21-08-2017","4,830.00","4,752.00","4,855.00","4,752.00","13.78K","3.96%"
"18-08-2017","4,646.00","4,655.00","4,675.00","4,602.00","24.27K","0.06%"
"17-08-2017","4,643.00","4,689.00","4,692.00","4,631.00","26.37K","0.02%"
"16-08-2017","4,642.00","4,651.00","4,672.00","4,591.00","27.12K","-0.32%"
"14-08-2017","4,657.00","4,675.00","4,700.00","4,634.00","17.96K","0.39%"
"11-08-2017","4,639.00","4,572.00","4,676.00","4,572.00","32.50K","1.02%"
"10-08-2017","4,592.00","4,700.00","4,730.00","4,570.00","42.69K","-2.30%"
"09-08-2017","4,700.00","4,580.00","4,744.00","4,552.00","59.16K","2.73%"
"08-08-2017","4,575.00","4,544.00","4,589.00","4,521.00","27.60K","0.53%"
"07-08-2017","4,551.00","4,552.00","4,590.00","4,540.00","14.46K","0.46%"
"04-08-2017","4,530.00","4,490.00","4,539.00","4,454.00","18.04K","1.80%"
"03-08-2017","4,450.00","4,480.00","4,513.00","4,441.00","18.54K","-0.85%"
"02-08-2017","4,488.00","4,528.00","4,535.00","4,471.00","15.05K","-0.88%"
"01-08-2017","4,528.00","4,550.00","4,572.00","4,511.00","7.66K","-0.44%"
"31-07-2017","4,548.00","4,588.00","4,611.00","4,541.00","10.34K","-0.63%"
"28-07-2017","4,577.00","4,550.00","4,591.00","4,549.00","5.09K","0.46%"
"27-07-2017","4,556.00","4,581.00","4,620.00","4,546.00","10.19K","-0.35%"
"26-07-2017","4,572.00","4,515.00","4,584.00","4,501.00","5.47K","1.24%"
"25-07-2017","4,516.00","4,530.00","4,550.00","4,502.00","5.16K","0.20%"
"24-07-2017","4,507.00","4,581.00","4,581.00","4,480.00","9.27K","-1.96%"
"21-07-2017","4,597.00","4,606.00","4,630.00","4,577.00","4.46K","1.64%"
"20-07-2017","4,523.00","4,526.00","4,562.00","4,508.00","14.34K","-0.31%"
"19-07-2017","4,537.00","4,582.00","4,603.00","4,520.00","30.05K","-1.58%"
"18-07-2017","4,610.00","4,590.00","4,629.00","4,566.00","21.06K","0.35%"
"17-07-2017","4,594.00","4,600.00","4,685.00","4,580.00","36.51K","-0.22%"
"14-07-2017","4,604.00","4,486.00","4,624.00","4,477.00","32.58K","2.40%"
"13-07-2017","4,496.00","4,475.00","4,542.00","4,470.00","17.55K","0.33%"
"12-07-2017","4,481.00","4,440.00","4,508.00","4,434.00","20.76K","1.11%"
"11-07-2017","4,432.00","4,478.00","4,480.00","4,421.00","27.26K","-0.76%"
"10-07-2017","4,466.00","4,518.00","4,522.00","4,461.00","27.41K","0.04%"
"07-07-2017","4,464.00","4,509.00","4,573.00","4,454.00","31.46K","-1.50%"
"06-07-2017","4,532.00","4,400.00","4,559.00","4,399.00","36.11K","2.84%"
"05-07-2017","4,407.00","4,400.00","4,429.00","4,377.00","18.37K","0.39%"
"04-07-2017","4,390.00","4,397.00","4,436.00","4,355.00","22.80K","-0.32%"
"03-07-2017","4,404.00","4,476.00","4,505.00","4,391.00","14.84K","-1.83%"
"30-06-2017","4,486.00","4,490.00","4,599.00","4,465.00","22.59K","-0.51%"
"29-06-2017","4,509.00","4,440.00","4,559.00","4,440.00","20.72K","-0.90%"
"28-06-2017","4,550.00","4,459.00","4,559.00","4,455.00","17.92K","1.84%"
"27-06-2017","4,468.00","4,325.00","4,475.00","4,290.00","20.43K","2.97%"
"23-06-2017","4,339.00","4,235.00","4,360.00","4,235.00","12.63K","2.46%"
"22-06-2017","4,235.00","4,237.00","4,245.00","4,166.00","8.25K","-0.87%"
"21-06-2017","4,272.00","4,358.00","4,358.00","4,247.00","4.05K","-0.19%"
"20-06-2017","4,280.00","4,325.00","4,346.00","4,260.00","18.43K","-1.06%"
"19-06-2017","4,326.00","4,400.00","4,401.00","4,313.00","21.02K","-1.44%"
"16-06-2017","4,389.00","4,368.00","4,419.00","4,330.00","23.74K","0.67%"
"15-06-2017","4,360.00","4,338.00","4,495.00","4,338.00","27.64K","-0.37%"
"14-06-2017","4,376.00","4,314.00","4,399.00","4,307.00","24.52K","1.70%"
"13-06-2017","4,303.00","4,305.00","4,358.00","4,280.00","19.04K","-0.14%"
"12-06-2017","4,309.00","4,260.00","4,360.00","4,260.00","33.85K","0.23%"
"09-06-2017","4,299.00","4,256.00","4,327.00","4,256.00","29.34K","1.06%"
"08-06-2017","4,254.00","4,200.00","4,278.00","4,190.00","30.35K","0.90%"
"07-06-2017","4,216.00","4,280.00","4,299.00","4,201.00","35.15K","-2.27%"
"06-06-2017","4,314.00","4,409.00","4,444.00","4,276.00","30.80K","-2.13%"
"05-06-2017","4,408.00","4,391.00","4,437.00","4,368.00","20.81K","1.08%"
"02-06-2017","4,361.00","4,344.00","4,424.00","4,310.00","30.68K","0.95%"
"01-06-2017","4,320.00","4,289.00","4,360.00","4,289.00","12.51K","0.58%"
"31-05-2017","4,295.00","4,366.00","4,385.00","4,260.00","18.30K","-2.34%"
"30-05-2017","4,398.00","4,354.00","4,448.00","4,310.00","19.82K","-0.50%"
"29-05-2017","4,420.00","4,590.00","4,590.00","4,420.00","14.21K","-4.00%"
"26-05-2017","4,604.00","4,530.00","4,625.00","4,530.00","17.65K","1.93%"
"25-05-2017","4,517.00","4,494.00","4,554.00","4,490.00","5.14K","0.69%"
"24-05-2017","4,486.00","4,550.00","4,580.00","4,470.00","10.32K","-1.77%"
"23-05-2017","4,567.00","4,575.00","4,590.00","4,500.00","12.29K","0.22%"
"22-05-2017","4,557.00","4,630.00","4,640.00","4,532.00","8.86K","-0.26%"
"19-05-2017","4,569.00","4,618.00","4,655.00","4,555.00","25.27K","-0.35%"
"18-05-2017","4,585.00","4,534.00","4,610.00","4,530.00","22.93K","1.19%"
"17-05-2017","4,531.00","4,520.00","4,590.00","4,506.00","19.95K","0.55%"
"16-05-2017","4,506.00","4,400.00","4,506.00","4,382.00","19.14K","2.99%"
"15-05-2017","4,375.00","4,449.00","4,475.00","4,348.00","18.73K","-2.34%"
"12-05-2017","4,480.00","4,544.00","4,561.00","4,451.00","17.46K","-1.69%"
"11-05-2017","4,557.00","4,606.00","4,630.00","4,545.00","24.15K","-0.65%"
"10-05-2017","4,587.00","4,560.00","4,619.00","4,500.00","35.21K","0.11%"
"09-05-2017","4,582.00","4,409.00","4,582.00","4,375.00","47.33K","3.99%"
"08-05-2017","4,406.00","4,550.00","4,594.00","4,396.00","36.42K","-2.76%"
"05-05-2017","4,531.00","4,450.00","4,563.00","4,317.00","49.91K","1.82%"
"04-05-2017","4,450.00","4,500.00","4,536.00","4,381.00","39.11K","-1.35%"
"03-05-2017","4,511.00","4,650.00","4,650.00","4,463.00","28.23K","-2.95%"
"02-05-2017","4,648.00","4,790.00","4,811.00","4,621.00","14.85K","-2.37%"
"28-04-2017","4,761.00","4,849.00","4,849.00","4,739.00","13.21K","-1.67%"
"27-04-2017","4,842.00","4,880.00","4,880.00","4,792.00","21.86K","-0.35%"
"26-04-2017","4,859.00","4,758.00","4,878.00","4,758.00","10.49K","1.55%"
"25-04-2017","4,785.00","4,800.00","4,820.00","4,765.00","6.32K","-0.15%"
"24-04-2017","4,792.00","4,801.00","4,828.00","4,737.00","8.59K","-1.32%"
"21-04-2017","4,856.00","4,960.00","4,960.00","4,842.00","9.83K","0.52%"
"20-04-2017","4,831.00","4,723.00","4,858.00","4,718.00","43.86K","3.36%"
"19-04-2017","4,674.00","4,630.00","4,724.00","4,630.00","27.35K","1.59%"
"18-04-2017","4,601.00","4,635.00","4,699.00","4,561.00","30.64K","0.00%"
"17-04-2017","4,601.00","4,715.00","4,715.00","4,590.00","37.88K","-3.76%"
"13-04-2017","4,781.00","4,784.00","4,859.00","4,736.00","26.72K","-0.06%"
"12-04-2017","4,784.00","4,788.00","4,823.00","4,700.00","31.96K","-0.19%"
"11-04-2017","4,793.00","4,915.00","4,956.00","4,758.00","50.59K","-2.24%"
"10-04-2017","4,903.00","4,870.00","4,920.00","4,821.00","44.14K","0.99%"
"07-04-2017","4,855.00","4,905.00","4,970.00","4,804.00","48.05K","-1.78%"
"06-04-2017","4,943.00","4,965.00","4,997.00","4,896.00","35.80K","-0.18%"
"05-04-2017","4,952.00","5,110.00","5,190.00","4,909.00","58.66K","-2.13%"
"04-04-2017","5,060.00","5,060.00","5,060.00","5,060.00","","0.00%"
"03-04-2017","5,060.00","4,954.00","5,060.00","4,943.00","29.03K","3.99%"
"31-03-2017","4,866.00","4,878.00","4,920.00","4,816.00","25.19K","0.43%"
"30-03-2017","4,845.00","4,834.00","4,915.00","4,815.00","25.25K","1.23%"
"29-03-2017","4,786.00","4,757.00","4,820.00","4,740.00","15.72K","0.36%"
"28-03-2017","4,769.00","4,734.00","4,872.00","4,704.00","23.38K","1.30%"
"27-03-2017","4,708.00","4,808.00","4,870.00","4,664.00","59.66K","-3.09%"
"24-03-2017","4,858.00","5,040.00","5,100.00","4,844.00","53.34K","-2.82%"
"23-03-2017","4,999.00","4,837.00","4,999.00","4,835.00","42.22K","3.99%"
"22-03-2017","4,807.00","4,684.00","4,830.00","4,684.00","41.34K","2.65%"
"21-03-2017","4,683.00","4,667.00","4,699.00","4,610.00","21.91K","2.27%"
"20-03-2017","4,579.00","4,607.00","4,666.00","4,524.00","114.77K","0.39%"
"17-03-2017","4,561.00","4,400.00","4,561.00","4,398.00","99.98K","3.99%"
"16-03-2017","4,386.00","4,370.00","4,413.00","4,342.00","62.98K","0.44%"
"15-03-2017","4,367.00","4,350.00","4,384.00","4,322.00","51.97K","0.55%"
"14-03-2017","4,343.00","4,285.00","4,353.00","4,262.00","54.33K","1.47%"
"10-03-2017","4,280.00","4,260.00","4,322.00","4,240.00","57.22K","0.16%"
"09-03-2017","4,273.00","4,351.00","4,362.00","4,261.00","63.51K","-1.72%"
"08-03-2017","4,348.00","4,279.00","4,368.00","4,258.00","60.80K","1.40%"
"07-03-2017","4,288.00","4,353.00","4,378.00","4,275.00","59.81K","-1.49%"
"06-03-2017","4,353.00","4,245.00","4,372.00","4,233.00","75.85K","3.54%"
"03-03-2017","4,204.00","4,170.00","4,223.00","4,161.00","42.38K","0.65%"
"02-03-2017","4,177.00","4,130.00","4,198.00","4,130.00","42.04K","1.11%"
"01-03-2017","4,131.00","4,075.00","4,180.00","4,065.00","56.40K","1.72%"
"28-02-2017","4,061.00","4,034.00","4,072.00","4,027.00","18.47K","0.94%"
"27-02-2017","4,023.00","4,016.00","4,054.00","3,998.00","19.84K","0.90%"
"24-02-2017","3,987.00","3,987.00","3,987.00","3,987.00","","0.00%"
"23-02-2017","3,987.00","4,008.00","4,020.00","3,978.00","9.37K","-0.72%"
"22-02-2017","4,016.00","4,005.00","4,028.00","3,992.00","5.49K","0.17%"
"21-02-2017","4,009.00","4,039.00","4,040.00","3,994.00","4.66K","0.63%"
"20-02-2017","3,984.00","4,058.00","4,058.00","3,952.00","31.10K","-0.50%"
"17-02-2017","4,004.00","3,970.00","4,019.00","3,970.00","20.63K","0.73%"
"16-02-2017","3,975.00","3,951.00","3,984.00","3,929.00","21.04K","0.66%"
"15-02-2017","3,949.00","3,920.00","3,969.00","3,910.00","21.94K","0.97%"
"14-02-2017","3,911.00","3,911.00","3,925.00","3,881.00","19.46K","0.08%"
"13-02-2017","3,908.00","3,932.00","3,952.00","3,903.00","17.21K","-0.71%"
"10-02-2017","3,936.00","3,956.00","3,981.00","3,932.00","14.94K","-0.73%"
"09-02-2017","3,965.00","4,001.00","4,005.00","3,958.00","13.94K","-1.12%"
"08-02-2017","4,010.00","3,976.00","4,015.00","3,970.00","19.86K","0.86%"
"07-02-2017","3,976.00","3,962.00","3,984.00","3,950.00","14.14K","0.30%"
"06-02-2017","3,964.00","4,005.00","4,005.00","3,955.00","12.75K","-1.17%"
"03-02-2017","4,011.00","4,015.00","4,021.00","4,001.00","8.87K","-0.25%"
"02-02-2017","4,021.00","4,045.00","4,050.00","4,010.00","6.62K","-0.52%"
"01-02-2017","4,042.00","4,040.00","4,060.00","4,028.00","13.20K","0.15%"
"31-01-2017","4,036.00","4,011.00","4,042.00","4,010.00","6.65K","0.27%"
"30-01-2017","4,025.00","4,057.00","4,071.00","4,007.00","6.87K","-0.59%"
"27-01-2017","4,049.00","4,050.00","4,090.00","4,041.00","7.99K","-0.32%"
"25-01-2017","4,062.00","4,045.00","4,072.00","4,023.00","10.17K","0.82%"
"24-01-2017","4,029.00","4,080.00","4,117.00","4,020.00","12.17K","-1.42%"
"23-01-2017","4,087.00","4,116.00","4,130.00","4,080.00","5.58K","-0.61%"
"20-01-2017","4,112.00","4,143.00","4,167.00","4,100.00","5.05K","-0.60%"
"19-01-2017","4,137.00","4,168.00","4,168.00","4,125.00","6.51K","-0.91%"
"18-01-2017","4,175.00","4,215.00","4,219.00","4,171.00","8.05K","-1.18%"
"17-01-2017","4,225.00","4,240.00","4,256.00","4,215.00","5.21K","-0.09%"
"16-01-2017","4,229.00","4,227.00","4,274.00","4,214.00","5.94K","-0.02%"
"13-01-2017","4,230.00","4,212.00","4,245.00","4,185.00","10.13K","0.40%"
"12-01-2017","4,213.00","4,213.00","4,275.00","4,175.00","16.60K","-0.17%"
"11-01-2017","4,220.00","4,145.00","4,220.00","4,140.00","11.33K","2.98%"
"10-01-2017","4,098.00","4,040.00","4,119.00","4,040.00","4.91K","1.44%"
"09-01-2017","4,040.00","4,023.00","4,060.00","4,018.00","3.56K","0.67%"
"06-01-2017","4,013.00","3,970.00","4,040.00","3,961.00","4.32K","1.49%"
"05-01-2017","3,954.00","3,897.00","3,970.00","3,862.00","7.35K","28.29%"