"Date","Price","Open","High","Low","Vol.","Change %"
"30-04-2026","6,545.00","6,549.00","6,575.00","6,530.00","8.75K","0.40%"
"29-04-2026","6,519.00","6,510.00","6,535.00","6,492.00","5.84K","0.18%"
"28-04-2026","6,507.00","6,438.00","6,515.00","6,438.00","7.32K","0.60%"
"27-04-2026","6,468.00","6,524.00","6,524.00","6,460.00","5.68K","-0.52%"
"24-04-2026","6,502.00","6,524.00","6,536.00","6,490.00","6.95K","-0.08%"
"23-04-2026","6,507.00","6,514.00","6,524.00","6,482.00","3.26K","0.23%"
"22-04-2026","6,492.00","6,480.00","6,510.00","6,480.00","2.46K","0.28%"
"21-04-2026","6,474.00","6,490.00","6,570.00","6,467.00","2.86K","0.11%"
"20-04-2026","6,467.00","6,840.00","6,840.00","6,371.00","0.15K","-1.88%"
"17-04-2026","6,591.00","6,596.00","6,676.00","6,494.00","0.18K","2.38%"
"16-04-2026","6,438.00","6,405.00","6,477.00","6,400.00","4.43K","0.63%"
"15-04-2026","6,398.00","6,398.00","6,419.00","6,370.00","3.30K","-0.16%"
"13-04-2026","6,408.00","6,397.00","6,469.00","6,370.00","3.55K","0.34%"
"10-04-2026","6,386.00","6,386.00","6,436.00","6,380.00","5.26K","0.03%"
"09-04-2026","6,384.00","6,364.00","6,432.00","6,352.00","3.58K","0.14%"
"08-04-2026","6,375.00","6,391.00","6,396.00","6,335.00","2.60K","-0.27%"
"07-04-2026","6,392.00","6,349.00","6,426.00","6,252.00","4.23K","0.19%"
"06-04-2026","6,380.00","6,460.00","6,460.00","6,362.00","5.19K","-1.89%"
"02-04-2026","6,503.00","6,502.00","6,530.00","6,475.00","2.57K","0.12%"
"01-04-2026","6,495.00","6,551.00","6,551.00","6,469.00","2.94K","-1.08%"
"30-03-2026","6,566.00","6,550.00","6,570.00","6,506.00","2.43K","0.08%"
"27-03-2026","6,561.00","6,596.00","6,599.00","6,534.00","3.68K","-0.49%"
"25-03-2026","6,593.00","6,553.00","6,597.00","6,553.00","2.55K","0.56%"
"24-03-2026","6,556.00","6,560.00","6,570.00","6,532.00","2.04K","0.18%"
"23-03-2026","6,544.00","6,538.00","6,578.00","6,504.00","5.00K","2.52%"
"20-03-2026","6,383.00","6,383.00","6,383.00","6,383.00","0.07K","0.00%"
"19-03-2026","6,383.00","6,383.00","6,383.00","6,383.00","0.04K","0.00%"
"18-03-2026","6,383.00","6,346.00","6,396.00","6,346.00","1.60K","-0.09%"
"17-03-2026","6,389.00","6,360.00","6,401.00","6,351.00","1.49K","0.03%"
"16-03-2026","6,387.00","6,432.00","6,471.00","6,370.00","1.34K","-0.16%"
"13-03-2026","6,397.00","6,391.00","6,400.00","6,367.00","0.55K","0.42%"
"12-03-2026","6,370.00","6,430.00","6,452.00","6,356.00","2.25K","-0.69%"
"11-03-2026","6,414.00","6,383.00","6,435.00","6,362.00","2.62K","0.63%"
"10-03-2026","6,374.00","6,357.00","6,390.00","6,328.00","2.10K","0.03%"
"09-03-2026","6,372.00","6,275.00","6,471.00","6,262.00","6.06K","1.51%"
"06-03-2026","6,277.00","6,315.00","6,340.00","6,262.00","3.16K","-0.74%"
"05-03-2026","6,324.00","6,250.00","6,329.00","6,250.00","6.37K","1.10%"
"04-03-2026","6,255.00","6,228.00","6,278.00","6,136.00","1.48K","0.30%"
"02-03-2026","6,236.00","6,237.00","6,275.00","6,231.00","1.82K","-0.35%"
"27-02-2026","6,258.00","6,275.00","6,275.00","6,241.00","2.74K","-0.26%"
"26-02-2026","6,274.00","6,299.00","6,333.00","6,269.00","2.98K","-0.29%"
"25-02-2026","6,292.00","6,315.00","6,315.00","6,263.00","2.00K","0.21%"
"24-02-2026","6,279.00","6,347.00","6,380.00","6,272.00","6.32K","-1.07%"
"23-02-2026","6,347.00","6,340.00","6,365.00","6,329.00","1.22K","0.22%"
"20-02-2026","6,333.00","6,333.00","6,333.00","6,333.00","0.08K","0.00%"
"19-02-2026","6,333.00","6,334.00","6,334.00","6,332.00","0.07K","1.39%"
"18-02-2026","6,246.00","6,332.00","6,350.00","6,240.00","1.91K","-1.53%"
"17-02-2026","6,343.00","6,311.00","6,370.00","6,311.00","2.79K","0.21%"
"16-02-2026","6,330.00","6,385.00","6,396.00","6,326.00","2.70K","-0.72%"
"13-02-2026","6,376.00","6,355.00","6,385.00","6,352.00","3.87K","0.44%"
"12-02-2026","6,348.00","6,369.00","6,390.00","6,343.00","3.00K","-0.63%"
"11-02-2026","6,388.00","6,440.00","6,452.00","6,368.00","4.03K","-0.96%"
"10-02-2026","6,450.00","6,439.00","6,500.00","6,439.00","4.79K","0.20%"
"09-02-2026","6,437.00","6,422.00","6,474.00","6,394.00","3.79K","0.69%"
"06-02-2026","6,393.00","6,433.00","6,440.00","6,371.00","4.81K","-0.62%"
"05-02-2026","6,433.00","6,404.00","6,442.00","6,390.00","3.70K","0.64%"
"04-02-2026","6,392.00","6,339.00","6,414.00","6,338.00","1.55K","0.68%"
"03-02-2026","6,349.00","6,414.00","6,414.00","6,342.00","2.52K","-0.70%"
"02-02-2026","6,394.00","6,332.00","6,403.00","6,332.00","1.67K","0.58%"
"01-02-2026","6,357.00","6,424.00","6,427.00","6,320.00","1.37K","-0.70%"
"30-01-2026","6,402.00","6,423.00","6,457.00","6,385.00","2.26K","-0.06%"
"29-01-2026","6,406.00","6,390.00","6,422.00","6,375.00","1.83K","0.33%"
"28-01-2026","6,385.00","6,363.00","6,398.00","6,315.00","3.93K","0.06%"
"27-01-2026","6,381.00","6,413.00","6,470.00","6,341.00","3.53K","-1.44%"
"23-01-2026","6,474.00","6,495.00","6,507.00","6,455.00","2.06K","-0.29%"
"22-01-2026","6,493.00","6,540.00","6,570.00","6,484.00","3.21K","-0.63%"
"21-01-2026","6,534.00","6,460.00","6,538.00","6,451.00","3.58K","4.31%"
"20-01-2026","6,264.00","6,228.00","6,300.00","6,228.00","0.01K","-3.44%"
"19-01-2026","6,487.00","6,487.00","6,487.00","6,487.00","","1.15%"
"16-01-2026","6,413.00","6,428.00","6,448.00","6,400.00","1.12K","0.17%"
"14-01-2026","6,402.00","6,451.00","6,451.00","6,400.00","3.54K","-1.13%"
"13-01-2026","6,475.00","6,527.00","6,527.00","6,457.00","3.73K","-1.39%"
"12-01-2026","6,566.00","6,636.00","6,641.00","6,551.00","5.74K","-0.85%"
"09-01-2026","6,622.00","6,615.00","6,647.00","6,615.00","1.94K","0.06%"
"08-01-2026","6,618.00","6,653.00","6,658.00","6,600.00","2.74K","-0.30%"
"07-01-2026","6,638.00","6,596.00","6,649.00","6,557.00","3.60K","0.85%"
"06-01-2026","6,582.00","6,649.00","6,649.00","6,570.00","2.87K","-0.90%"
"05-01-2026","6,642.00","6,672.00","6,700.00","6,612.00","2.37K","-0.57%"
"02-01-2026","6,680.00","6,694.00","6,700.00","6,660.00","2.32K","-0.01%"
"01-01-2026","6,681.00","6,690.00","6,710.00","6,666.00","2.25K","-0.24%"
"31-12-2025","6,697.00","6,758.00","6,764.00","6,656.00","4.14K","-0.67%"
"30-12-2025","6,742.00","6,682.00","6,746.00","6,680.00","4.96K","0.63%"
"29-12-2025","6,700.00","6,825.00","6,825.00","6,686.00","5.88K","-1.98%"
"26-12-2025","6,835.00","6,870.00","6,870.00","6,817.00","5.96K","-0.13%"
"24-12-2025","6,844.00","6,840.00","6,850.00","6,790.00","9.25K","-0.13%"
"23-12-2025","6,853.00","6,869.00","6,882.00","6,840.00","2.78K","-0.48%"
"22-12-2025","6,886.00","6,930.00","6,930.00","6,873.00","1.91K","-0.07%"
"19-12-2025","6,891.00","6,891.00","6,891.00","6,891.00","0.09K","0.00%"
"18-12-2025","6,891.00","6,900.00","6,999.00","6,820.00","0.25K","1.34%"
"17-12-2025","6,800.00","6,542.00","6,810.00","6,542.00","3.08K","-0.18%"
"16-12-2025","6,812.00","6,875.00","6,875.00","6,800.00","2.68K","-1.00%"
"15-12-2025","6,881.00","6,970.00","6,990.00","6,875.00","3.20K","-0.69%"
"12-12-2025","6,929.00","6,973.00","6,973.00","6,926.00","1.84K","-0.49%"
"11-12-2025","6,963.00","6,960.00","6,973.00","6,952.00","1.21K","-0.06%"
"10-12-2025","6,967.00","6,965.00","7,027.00","6,963.00","3.38K","-0.06%"
"09-12-2025","6,971.00","6,949.00","6,985.00","6,911.00","5.67K","0.19%"
"08-12-2025","6,958.00","7,020.00","7,020.00","6,949.00","3.29K","-0.70%"
"05-12-2025","7,007.00","6,992.00","7,037.00","6,992.00","3.09K","-0.21%"
"04-12-2025","7,022.00","7,020.00","7,064.00","7,014.00","2.90K","-0.18%"
"03-12-2025","7,035.00","7,069.00","7,120.00","6,985.00","4.44K","0.17%"
"02-12-2025","7,023.00","6,942.00","7,044.00","6,942.00","4.99K","0.96%"
"01-12-2025","6,956.00","6,958.00","7,015.00","6,933.00","3.25K","0.27%"
"28-11-2025","6,937.00","6,925.00","6,947.00","6,917.00","2.54K","0.19%"
"27-11-2025","6,924.00","6,919.00","6,934.00","6,889.00","2.22K","0.28%"
"26-11-2025","6,905.00","6,876.00","6,923.00","6,875.00","4.07K","0.28%"
"25-11-2025","6,886.00","6,885.00","6,893.00","6,850.00","2.61K","-0.04%"
"24-11-2025","6,889.00","6,876.00","6,915.00","6,876.00","2.31K","0.19%"
"21-11-2025","6,876.00","6,920.00","6,922.00","6,865.00","3.10K","0.06%"
"20-11-2025","6,872.00","6,880.00","6,880.00","6,863.00","0.06K","-1.83%"
"19-11-2025","7,000.00","7,000.00","7,000.00","7,000.00","0.13K","1.46%"
"18-11-2025","6,899.00","6,800.00","7,035.00","6,800.00","9.98K","1.52%"
"17-11-2025","6,796.00","6,760.00","6,800.00","6,711.00","3.75K","0.31%"
"14-11-2025","6,775.00","6,825.00","6,830.00","6,762.00","2.30K","-0.89%"
"13-11-2025","6,836.00","6,846.00","6,870.00","6,833.00","1.15K","-0.31%"
"12-11-2025","6,857.00","6,830.00","6,866.00","6,830.00","3.09K","0.51%"
"11-11-2025","6,822.00","6,766.00","6,895.00","6,762.00","3.11K","0.75%"
"10-11-2025","6,771.00","6,765.00","6,788.00","6,750.00","4.96K","0.19%"
"07-11-2025","6,758.00","6,789.00","6,789.00","6,748.00","4.77K","-0.46%"
"06-11-2025","6,789.00","6,712.00","6,803.00","6,712.00","5.07K","1.01%"
"04-11-2025","6,721.00","6,750.00","6,762.00","6,714.00","5.45K","-0.64%"
"03-11-2025","6,764.00","6,790.00","6,808.00","6,750.00","3.39K","-0.57%"
"31-10-2025","6,803.00","6,815.00","6,834.00","6,778.00","3.90K","0.00%"
"30-10-2025","6,803.00","6,738.00","6,819.00","6,720.00","3.88K","1.05%"
"29-10-2025","6,732.00","6,720.00","6,789.00","6,720.00","2.52K","0.19%"
"28-10-2025","6,719.00","6,727.00","6,741.00","6,676.00","2.93K","0.40%"
"27-10-2025","6,692.00","6,685.00","6,698.00","6,652.00","3.48K","0.28%"
"24-10-2025","6,673.00","6,712.00","6,712.00","6,671.00","3.31K","-0.45%"
"23-10-2025","6,703.00","6,776.00","6,776.00","6,696.00","2.96K","-0.81%"
"21-10-2025","6,758.00","6,751.00","6,765.00","6,751.00","0.58K","1.12%"
"17-10-2025","6,683.00","6,683.00","6,683.00","6,683.00","","0.89%"
"16-10-2025","6,624.00","6,570.00","6,670.00","6,570.00","0.16K","0.42%"
"15-10-2025","6,596.00","6,606.00","6,635.00","6,583.00","3.31K","-0.54%"
"14-10-2025","6,632.00","6,760.00","6,760.00","6,627.00","3.38K","-0.42%"
"13-10-2025","6,660.00","6,549.00","6,685.00","6,541.00","7.06K","2.05%"
"10-10-2025","6,526.00","6,511.00","6,548.00","6,508.00","6.80K","0.38%"
"09-10-2025","6,501.00","6,519.00","6,527.00","6,484.00","4.93K","-0.31%"
"08-10-2025","6,521.00","6,525.00","6,543.00","6,502.00","2.75K","0.12%"
"07-10-2025","6,513.00","6,490.00","6,524.00","6,490.00","1.92K","0.62%"
"06-10-2025","6,473.00","6,450.00","6,480.00","6,397.00","3.78K","0.11%"
"03-10-2025","6,466.00","6,552.00","6,552.00","6,460.00","2.85K","-1.27%"
"01-10-2025","6,549.00","6,539.00","6,587.00","6,535.00","4.17K","0.28%"
"30-09-2025","6,531.00","6,450.00","6,540.00","6,450.00","6.26K","1.01%"
"29-09-2025","6,466.00","6,424.00","6,500.00","6,418.00","6.20K","0.73%"
"26-09-2025","6,419.00","6,420.00","6,434.00","6,385.00","2.89K","-0.20%"
"25-09-2025","6,432.00","6,515.00","6,515.00","6,412.00","5.67K","-1.09%"
"24-09-2025","6,503.00","6,492.00","6,507.00","6,482.00","2.16K","-0.02%"
"23-09-2025","6,504.00","6,548.00","6,550.00","6,492.00","4.60K","-0.60%"
"22-09-2025","6,543.00","6,584.00","6,587.00","6,475.00","7.36K","-0.24%"
"19-09-2025","6,559.00","6,522.00","6,580.00","6,522.00","0.07K","-0.29%"
"18-09-2025","6,578.00","6,580.00","6,580.00","6,560.00","0.05K","-0.30%"
"17-09-2025","6,598.00","6,610.00","6,615.00","6,584.00","2.91K","-0.36%"
"16-09-2025","6,622.00","6,633.00","6,633.00","6,611.00","3.17K","-0.11%"
"15-09-2025","6,629.00","6,614.00","6,640.00","6,614.00","1.40K","0.18%"
"12-09-2025","6,617.00","6,626.00","6,626.00","6,606.00","2.79K","-0.20%"
"11-09-2025","6,630.00","6,625.00","6,634.00","6,606.00","1.54K","0.09%"
"10-09-2025","6,624.00","6,620.00","6,645.00","6,618.00","3.79K","0.08%"
"09-09-2025","6,619.00","6,620.00","6,630.00","6,574.00","3.61K","0.00%"
"08-09-2025","6,619.00","6,635.00","6,636.00","6,615.00","4.24K","0.36%"
"05-09-2025","6,595.00","6,640.00","6,646.00","6,590.00","3.53K","-0.41%"
"04-09-2025","6,622.00","6,620.00","6,668.00","6,619.00","2.78K","0.05%"
"03-09-2025","6,619.00","6,575.00","6,637.00","6,575.00","2.79K","0.65%"
"02-09-2025","6,576.00","6,565.00","6,579.00","6,557.00","3.65K","0.09%"
"01-09-2025","6,570.00","6,615.00","6,628.00","6,563.00","5.41K","-0.83%"
"29-08-2025","6,625.00","6,620.00","6,643.00","6,618.00","2.35K","-0.09%"
"28-08-2025","6,631.00","6,684.00","6,684.00","6,617.00","3.62K","-0.60%"
"26-08-2025","6,671.00","6,699.00","6,699.00","6,666.00","3.35K","-0.34%"
"25-08-2025","6,694.00","6,725.00","6,750.00","6,681.00","9.05K","-0.51%"
"22-08-2025","6,728.00","6,690.00","6,748.00","6,680.00","8.60K","0.45%"
"21-08-2025","6,698.00","6,690.00","6,728.00","6,685.00","3.32K","0.77%"
"20-08-2025","6,647.00","6,616.00","6,677.00","6,616.00","0.02K","1.10%"
"19-08-2025","6,575.00","6,575.00","6,575.00","6,575.00","0.03K","0.00%"
"18-08-2025","6,575.00","6,539.00","6,585.00","6,539.00","4.57K","0.54%"
"14-08-2025","6,540.00","6,563.00","6,578.00","6,536.00","2.85K","0.03%"
"13-08-2025","6,538.00","6,547.00","6,560.00","6,526.00","3.50K","-0.23%"
"12-08-2025","6,553.00","6,580.00","6,598.00","6,544.00","4.23K","-0.53%"
"11-08-2025","6,588.00","6,629.00","6,640.00","6,569.00","4.94K","-0.48%"
"08-08-2025","6,620.00","6,647.00","6,650.00","6,613.00","5.48K","-0.27%"
"07-08-2025","6,638.00","6,634.00","6,659.00","6,630.00","4.64K","0.09%"
"06-08-2025","6,632.00","6,590.00","6,634.00","6,590.00","4.77K","0.58%"
"05-08-2025","6,594.00","6,583.00","6,615.00","6,583.00","4.94K","-0.02%"
"04-08-2025","6,595.00","6,625.00","6,645.00","6,585.00","4.25K","-0.36%"
"01-08-2025","6,619.00","6,645.00","6,648.00","6,576.00","2.67K","-0.33%"
"31-07-2025","6,641.00","6,586.00","6,645.00","6,585.00","2.82K","0.56%"
"30-07-2025","6,604.00","6,594.00","6,624.00","6,584.00","4.49K","0.03%"
"29-07-2025","6,602.00","6,609.00","6,648.00","6,597.00","4.91K","-0.36%"
"28-07-2025","6,626.00","6,690.00","6,690.00","6,620.00","6.39K","-1.24%"
"25-07-2025","6,709.00","6,720.00","6,748.00","6,702.00","3.04K","-0.28%"
"24-07-2025","6,728.00","6,689.00","6,748.00","6,689.00","3.73K","0.63%"
"23-07-2025","6,686.00","6,702.00","6,724.00","6,681.00","4.78K","-0.18%"
"22-07-2025","6,698.00","6,686.00","6,710.00","6,670.00","3.26K","0.24%"
"21-07-2025","6,682.00","6,750.00","6,751.00","6,672.00","7.21K","0.48%"
"18-07-2025","6,650.00","6,650.00","6,650.00","6,650.00","0.01K","-0.69%"
"17-07-2025","6,696.00","6,670.00","6,700.00","6,670.00","0.07K","0.09%"
"16-07-2025","6,690.00","6,713.00","6,714.00","6,682.00","1.78K","-0.61%"
"15-07-2025","6,731.00","6,748.00","6,755.00","6,706.00","3.76K","-0.16%"
"14-07-2025","6,742.00","6,683.00","6,779.00","6,683.00","3.55K","0.60%"
"11-07-2025","6,702.00","6,748.00","6,754.00","6,492.00","2.09K","-0.89%"
"10-07-2025","6,762.00","6,805.00","6,820.00","6,756.00","2.06K","-0.65%"
"09-07-2025","6,806.00","6,849.00","6,849.00","6,796.00","3.06K","-0.41%"
"08-07-2025","6,834.00","6,791.00","6,868.00","6,780.00","4.62K","0.59%"
"07-07-2025","6,794.00","6,802.00","6,844.00","6,781.00","5.64K","-0.59%"
"04-07-2025","6,834.00","6,841.00","6,878.00","6,820.00","4.82K","-0.31%"
"03-07-2025","6,855.00","6,910.00","6,928.00","6,842.00","7.30K","-0.62%"
"02-07-2025","6,898.00","6,852.00","6,908.00","6,805.00","7.69K","0.57%"
"01-07-2025","6,859.00","6,852.00","6,884.00","6,802.00","7.93K","0.18%"
"30-06-2025","6,847.00","6,830.00","6,864.00","6,818.00","7.52K","0.60%"
"27-06-2025","6,806.00","6,748.00","6,810.00","6,748.00","5.23K","0.87%"
"26-06-2025","6,747.00","6,712.00","6,759.00","6,712.00","5.44K","0.55%"
"25-06-2025","6,710.00","6,719.00","6,740.00","6,700.00","4.39K","-0.12%"
"24-06-2025","6,718.00","6,715.00","6,768.00","6,709.00","4.58K","-0.09%"
"23-06-2025","6,724.00","6,680.00","6,744.00","6,655.00","6.67K","0.36%"
"20-06-2025","6,700.00","6,700.00","6,700.00","6,700.00","0.01K","0.75%"
"19-06-2025","6,650.00","6,649.00","6,650.00","6,649.00","0.09K","0.54%"
"18-06-2025","6,614.00","6,605.00","6,625.00","6,605.00","0.63K","0.08%"
"17-06-2025","6,609.00","6,642.00","6,642.00","6,591.00","0.93K","-0.39%"
"16-06-2025","6,635.00","6,609.00","6,646.00","6,595.00","2.65K","0.73%"
"13-06-2025","6,587.00","6,565.00","6,595.00","6,523.00","1.80K","0.17%"
"12-06-2025","6,576.00","6,583.00","6,594.00","6,569.00","1.35K","-0.05%"
"11-06-2025","6,579.00","6,561.00","6,610.00","6,546.00","1.35K","0.24%"
"10-06-2025","6,563.00","6,396.00","6,583.00","6,396.00","9.49K","1.82%"
"09-06-2025","6,446.00","6,398.00","6,449.00","6,398.00","6.37K","0.99%"
"06-06-2025","6,383.00","6,392.00","6,397.00","6,380.00","2.55K","0.00%"
"05-06-2025","6,383.00","6,392.00","6,410.00","6,380.00","3.59K","-0.14%"
"04-06-2025","6,392.00","6,369.00","6,398.00","6,359.00","5.00K","0.66%"
"03-06-2025","6,350.00","6,370.00","6,395.00","6,345.00","2.32K","-0.25%"
"02-06-2025","6,366.00","6,377.00","6,388.00","6,324.00","3.80K","-0.17%"
"30-05-2025","6,377.00","6,388.00","6,400.00","6,360.00","2.42K","-0.42%"
"29-05-2025","6,404.00","6,389.00","6,431.00","6,374.00","4.48K","0.49%"
"28-05-2025","6,373.00","6,372.00","6,397.00","6,365.00","3.04K","-0.14%"
"27-05-2025","6,382.00","6,380.00","6,400.00","6,311.00","5.92K","-0.31%"
"26-05-2025","6,402.00","6,382.00","6,422.00","6,382.00","3.89K","0.31%"
"23-05-2025","6,382.00","6,440.00","6,458.00","6,376.00","5.55K","-0.84%"
"22-05-2025","6,436.00","6,386.00","6,446.00","6,386.00","4.51K","0.75%"
"21-05-2025","6,388.00","6,395.00","6,396.00","6,358.00","9.73K","0.36%"
"20-05-2025","6,365.00","6,365.00","6,365.00","6,365.00","0.02K","0.00%"
"19-05-2025","6,365.00","6,375.00","6,375.00","6,360.00","0.02K","-0.25%"
"16-05-2025","6,381.00","6,392.00","6,415.00","6,365.00","1.30K","0.22%"
"15-05-2025","6,367.00","6,377.00","6,385.00","6,362.00","0.73K","-0.70%"
"14-05-2025","6,412.00","6,326.00","6,421.00","6,326.00","3.26K","1.58%"
"13-05-2025","6,312.00","6,279.00","6,320.00","6,271.00","0.81K","0.19%"
"12-05-2025","6,300.00","6,249.00","6,309.00","6,232.00","1.91K","1.06%"
"09-05-2025","6,234.00","6,184.00","6,244.00","6,148.00","5.30K","0.78%"
"08-05-2025","6,186.00","6,183.00","6,233.00","6,167.00","5.61K","0.21%"
"07-05-2025","6,173.00","6,141.00","6,182.00","6,135.00","2.13K","0.34%"
"06-05-2025","6,152.00","6,195.00","6,232.00","6,146.00","2.29K","-0.73%"
"05-05-2025","6,197.00","6,210.00","6,216.00","6,173.00","3.59K","-0.78%"
"02-05-2025","6,246.00","6,225.00","6,278.00","6,225.00","2.59K","0.16%"
"30-04-2025","6,236.00","6,268.00","6,280.00","6,206.00","3.44K","-0.40%"
"29-04-2025","6,261.00","6,225.00","6,300.00","6,225.00","2.34K","0.14%"
"28-04-2025","6,252.00","6,310.00","6,346.00","6,245.00","3.79K","-0.57%"
"25-04-2025","6,288.00","6,257.00","6,320.00","6,248.00","3.36K","0.62%"
"24-04-2025","6,249.00","6,258.00","6,297.00","6,237.00","2.81K","0.00%"
"23-04-2025","6,249.00","6,291.00","6,305.00","6,224.00","4.46K","-1.01%"
"22-04-2025","6,313.00","6,336.00","6,356.00","6,306.00","6.63K","-0.74%"
"21-04-2025","6,360.00","6,384.00","6,390.00","6,352.00","5.51K","3.01%"
"17-04-2025","6,174.00","6,220.00","6,220.00","6,100.00","0.06K","-0.50%"
"16-04-2025","6,205.00","6,205.00","6,205.00","6,205.00","0.01K","1.31%"
"15-04-2025","6,125.00","6,230.00","6,343.00","6,102.00","0.90K","-3.54%"
"11-04-2025","6,350.00","6,367.00","6,381.00","6,318.00","0.55K","-0.27%"
"09-04-2025","6,367.00","6,290.00","6,385.00","6,290.00","3.06K","1.21%"
"08-04-2025","6,291.00","6,205.00","6,305.00","6,205.00","4.61K","1.55%"
"07-04-2025","6,195.00","6,150.00","6,212.00","6,138.00","2.68K","0.08%"
"04-04-2025","6,190.00","6,267.00","6,267.00","6,181.00","3.19K","-0.99%"
"03-04-2025","6,252.00","6,270.00","6,278.00","6,250.00","2.12K","-0.24%"
"02-04-2025","6,267.00","6,285.00","6,330.00","6,250.00","4.12K","0.05%"
"01-04-2025","6,264.00","6,220.00","6,274.00","6,220.00","2.08K","-0.21%"
"28-03-2025","6,277.00","6,260.00","6,295.00","6,260.00","2.23K","0.26%"
"27-03-2025","6,261.00","6,278.00","6,294.00","6,251.00","3.39K","-0.18%"
"26-03-2025","6,272.00","6,290.00","6,300.00","6,264.00","3.68K","-0.51%"
"25-03-2025","6,304.00","6,334.00","6,334.00","6,300.00","3.31K","-0.55%"
"24-03-2025","6,339.00","6,307.00","6,345.00","6,307.00","8.59K","0.51%"
"21-03-2025","6,307.00","6,292.00","6,336.00","6,273.00","4.07K","1.04%"
"20-03-2025","6,242.00","6,242.00","6,242.00","6,242.00","0.01K","0.00%"
"19-03-2025","6,242.00","6,240.00","6,250.00","6,240.00","0.16K","0.95%"
"18-03-2025","6,183.00","6,165.00","6,205.00","6,165.00","12.49K","0.57%"
"17-03-2025","6,148.00","5,920.00","6,174.00","5,920.00","5.45K","0.44%"
"13-03-2025","6,121.00","6,255.00","6,255.00","6,100.00","12.85K","-2.20%"
"12-03-2025","6,259.00","6,242.00","6,274.00","6,235.00","2.18K","-0.05%"
"11-03-2025","6,262.00","6,260.00","6,267.00","6,213.00","2.14K","0.10%"
"10-03-2025","6,256.00","6,320.00","6,320.00","6,243.00","2.99K","-1.42%"
"07-03-2025","6,346.00","6,315.00","6,354.00","6,315.00","1.97K","0.43%"
"06-03-2025","6,319.00","6,246.00","6,343.00","6,246.00","1.84K","0.49%"
"05-03-2025","6,288.00","6,248.00","6,315.00","6,238.00","1.93K","0.34%"
"04-03-2025","6,267.00","6,265.00","6,285.00","6,230.00","3.84K","-0.06%"
"03-03-2025","6,271.00","6,324.00","6,324.00","6,267.00","3.96K","-1.03%"
"28-02-2025","6,336.00","6,356.00","6,366.00","6,330.00","1.08K","-0.33%"
"27-02-2025","6,357.00","6,359.00","6,360.00","6,330.00","2.11K","0.11%"
"25-02-2025","6,350.00","6,388.00","6,433.00","6,346.00","5.31K","-0.56%"
"24-02-2025","6,386.00","6,370.00","6,393.00","6,324.00","3.80K","0.49%"
"21-02-2025","6,355.00","6,307.00","6,360.00","6,301.00","6.56K","-4.52%"
"20-02-2025","6,656.00","6,715.00","6,715.00","6,631.00","1.42K","-0.73%"
"19-02-2025","6,705.00","6,794.00","6,794.00","6,690.00","0.83K","0.71%"
"18-02-2025","6,658.00","6,616.00","6,680.00","6,610.00","3.62K","0.48%"
"17-02-2025","6,626.00","6,580.00","6,635.00","6,560.00","6.07K","0.87%"
"14-02-2025","6,569.00","6,637.00","6,637.00","6,563.00","4.25K","-0.73%"
"13-02-2025","6,617.00","6,594.00","6,628.00","6,575.00","2.28K","0.62%"
"12-02-2025","6,576.00","6,554.00","6,578.00","6,545.00","1.25K","0.50%"
"11-02-2025","6,543.00","6,580.00","6,580.00","6,534.00","4.17K","-0.76%"
"10-02-2025","6,593.00","6,528.00","6,601.00","6,528.00","4.27K","0.35%"
"07-02-2025","6,570.00","6,466.00","6,570.00","6,466.00","2.65K","1.11%"
"06-02-2025","6,498.00","6,418.00","6,500.00","6,418.00","4.56K","0.59%"
"05-02-2025","6,460.00","6,444.00","6,468.00","6,419.00","7.13K","0.34%"
"04-02-2025","6,438.00","6,423.00","6,450.00","6,382.00","5.60K","0.52%"
"03-02-2025","6,405.00","6,375.00","6,424.00","6,357.00","2.82K","0.71%"
"01-02-2025","6,360.00","6,335.00","6,379.00","6,335.00","2.10K","0.30%"
"31-01-2025","6,341.00","6,317.00","6,368.00","6,243.00","6.33K","0.25%"
"30-01-2025","6,325.00","6,385.00","6,395.00","6,302.00","6.02K","-1.02%"
"29-01-2025","6,390.00","6,375.00","6,397.00","6,365.00","2.94K","0.17%"
"28-01-2025","6,379.00","6,405.00","6,430.00","6,374.00","3.59K","-0.44%"
"27-01-2025","6,407.00","6,418.00","6,444.00","6,399.00","3.09K","-0.14%"
"24-01-2025","6,416.00","6,480.00","6,486.00","6,408.00","4.32K","-1.00%"
"23-01-2025","6,481.00","6,515.00","6,530.00","6,474.00","5.77K","-0.45%"
"22-01-2025","6,510.00","6,479.00","6,516.00","6,465.00","1.90K","0.66%"
"21-01-2025","6,467.00","6,460.00","6,491.00","6,453.00","2.06K","0.97%"
"20-01-2025","6,405.00","6,400.00","6,410.00","6,400.00","0.03K","-0.25%"
"17-01-2025","6,421.00","6,443.00","6,443.00","6,397.00","0.22K","0.64%"
"16-01-2025","6,380.00","6,327.00","6,380.00","6,327.00","3.76K","0.95%"
"15-01-2025","6,320.00","6,328.00","6,338.00","6,296.00","2.07K","-0.35%"
"14-01-2025","6,342.00","6,330.00","6,349.00","6,320.00","3.13K","0.22%"
"13-01-2025","6,328.00","6,375.00","6,378.00","6,317.00","4.70K","-0.09%"
"10-01-2025","6,334.00","6,327.00","6,365.00","6,311.00","3.28K","0.25%"
"09-01-2025","6,318.00","6,305.00","6,351.00","6,305.00","2.50K","0.00%"
"08-01-2025","6,318.00","6,352.00","6,352.00","6,302.00","2.75K","-0.39%"
"07-01-2025","6,343.00","6,284.00","6,378.00","6,284.00","3.30K","0.75%"
"06-01-2025","6,296.00","6,363.00","6,363.00","6,281.00","8.88K","-1.21%"
"03-01-2025","6,373.00","6,462.00","6,466.00","6,354.00","7.03K","-1.39%"
"02-01-2025","6,463.00","6,460.00","6,488.00","6,457.00","2.99K","-0.25%"
"01-01-2025","6,479.00","6,454.00","6,495.00","6,430.00","4.81K","0.48%"
"31-12-2024","6,448.00","6,411.00","6,457.00","6,411.00","4.90K","0.20%"
"30-12-2024","6,435.00","6,387.00","6,440.00","6,383.00","4.95K","1.00%"
"27-12-2024","6,371.00","6,361.00","6,390.00","6,355.00","1.52K","-0.03%"
"26-12-2024","6,373.00","6,386.00","6,415.00","6,366.00","2.61K","0.16%"
"24-12-2024","6,363.00","6,479.00","6,581.00","6,351.00","5.27K","-1.16%"
"23-12-2024","6,438.00","6,385.00","6,440.00","6,351.00","5.19K","2.37%"
"20-12-2024","6,289.00","6,280.00","6,300.00","6,280.00","0.71K","0.13%"
"19-12-2024","6,281.00","6,280.00","6,282.00","6,259.00","0.45K","0.54%"
"18-12-2024","6,247.00","6,133.00","6,252.00","6,133.00","1.63K","1.12%"
"17-12-2024","6,178.00","6,147.00","6,220.00","6,128.00","1.08K","-0.26%"
"16-12-2024","6,194.00","6,247.00","6,254.00","6,162.00","2.75K","-1.18%"
"13-12-2024","6,268.00","6,290.00","6,313.00","6,265.00","2.76K","-0.43%"
"12-12-2024","6,295.00","6,272.00","6,298.00","6,266.00","1.40K","0.41%"
"11-12-2024","6,269.00","6,273.00","6,300.00","6,236.00","3.88K","-0.40%"
"10-12-2024","6,294.00","6,365.00","6,365.00","6,280.00","4.69K","-1.39%"
"09-12-2024","6,383.00","6,339.00","6,448.00","6,339.00","4.54K","-0.53%"
"06-12-2024","6,417.00","6,390.00","6,430.00","6,371.00","3.42K","0.42%"
"05-12-2024","6,390.00","6,484.00","6,484.00","6,370.00","4.78K","-1.37%"
"04-12-2024","6,479.00","6,500.00","6,531.00","6,475.00","6.43K","-0.40%"
"03-12-2024","6,505.00","6,540.00","6,540.00","6,478.00","3.44K","-0.23%"
"02-12-2024","6,520.00","6,490.00","6,548.00","6,490.00","4.01K","0.40%"
"29-11-2024","6,494.00","6,482.00","6,506.00","6,413.00","2.55K","0.32%"
"28-11-2024","6,473.00","6,461.00","6,519.00","6,455.00","2.78K","0.06%"
"27-11-2024","6,469.00","6,518.00","6,528.00","6,464.00","5.29K","-0.80%"
"26-11-2024","6,521.00","6,536.00","6,547.00","6,515.00","2.80K","-0.11%"
"25-11-2024","6,528.00","6,490.00","6,530.00","6,490.00","3.69K","0.03%"
"22-11-2024","6,526.00","6,574.00","6,579.00","6,520.00","3.63K","-0.97%"
"21-11-2024","6,590.00","6,600.00","6,613.00","6,575.00","3.79K","1.14%"
"19-11-2024","6,516.00","6,500.00","6,565.00","6,500.00","0.27K","-1.62%"
"18-11-2024","6,623.00","6,767.00","6,767.00","6,550.00","0.02K","1.77%"
"14-11-2024","6,508.00","6,590.00","6,596.00","6,500.00","","-1.18%"
"13-11-2024","6,586.00","6,504.00","6,695.00","6,497.00","9.50K","1.20%"
"12-11-2024","6,508.00","6,520.00","6,538.00","6,505.00","4.13K","-0.26%"
"11-11-2024","6,525.00","6,481.00","6,560.00","6,481.00","3.62K","-0.15%"
"08-11-2024","6,535.00","6,620.00","6,620.00","6,500.00","6.06K","-1.07%"
"07-11-2024","6,606.00","6,608.00","6,648.00","6,589.00","4.06K","0.29%"
"06-11-2024","6,587.00","6,534.00","6,599.00","6,526.00","5.82K","0.97%"
"05-11-2024","6,524.00","6,516.00","6,546.00","6,501.00","3.06K","-0.15%"
"04-11-2024","6,534.00","6,621.00","6,621.00","6,513.00","4.87K","-1.24%"
"01-11-2024","6,616.00","6,604.00","6,623.00","6,604.00","1.24K","0.20%"
"31-10-2024","6,603.00","6,596.00","6,621.00","6,596.00","2.98K","0.17%"
"30-10-2024","6,592.00","6,562.00","6,636.00","6,535.00","5.01K","0.41%"
"29-10-2024","6,565.00","6,620.00","6,625.00","6,558.00","6.85K","-0.86%"
"28-10-2024","6,622.00","6,666.00","6,666.00","6,606.00","8.96K","-0.67%"
"25-10-2024","6,667.00","6,695.00","6,699.00","6,645.00","4.50K","-0.22%"
"24-10-2024","6,682.00","6,685.00","6,692.00","6,631.00","14.04K","-0.22%"
"23-10-2024","6,697.00","6,734.00","6,741.00","6,680.00","6.69K","-0.62%"
"22-10-2024","6,739.00","6,780.00","6,780.00","6,711.00","9.75K","-0.53%"
"21-10-2024","6,775.00","6,768.00","6,792.00","6,711.00","17.08K","-0.37%"
"18-10-2024","6,800.00","6,800.00","6,800.00","6,800.00","0.15K","0.15%"
"17-10-2024","6,790.00","6,790.00","6,790.00","6,772.00","0.22K","-0.04%"
"16-10-2024","6,793.00","6,821.00","6,848.00","6,780.00","5.08K","-0.31%"
"15-10-2024","6,814.00","6,730.00","6,878.00","6,720.00","4.94K","1.02%"
"14-10-2024","6,745.00","6,775.00","6,785.00","6,735.00","2.93K","-0.35%"
"11-10-2024","6,769.00","6,760.00","6,785.00","6,720.00","2.45K","-0.04%"
"10-10-2024","6,772.00","6,860.00","6,860.00","6,758.00","2.87K","-0.86%"
"09-10-2024","6,831.00","6,792.00","6,854.00","6,792.00","4.01K","0.74%"
"08-10-2024","6,781.00","6,709.00","6,800.00","6,709.00","5.40K","0.82%"
"07-10-2024","6,726.00","6,778.00","6,778.00","6,660.00","11.69K","-1.36%"
"04-10-2024","6,819.00","6,823.00","6,861.00","6,726.00","14.32K","-1.04%"
"03-10-2024","6,891.00","6,949.00","7,016.00","6,832.00","13.47K","-0.27%"
"01-10-2024","6,910.00","6,901.00","6,959.00","6,811.00","19.52K","-0.25%"
"30-09-2024","6,927.00","6,886.00","6,950.00","6,832.00","15.48K","1.08%"
"27-09-2024","6,853.00","6,810.00","6,880.00","6,800.00","13.54K","1.11%"
"26-09-2024","6,778.00","6,804.00","6,830.00","6,716.00","8.28K","-0.01%"
"25-09-2024","6,779.00","6,665.00","6,812.00","6,665.00","16.01K","1.68%"
"24-09-2024","6,667.00","6,677.00","6,678.00","6,603.00","10.46K","0.23%"
"23-09-2024","6,652.00","6,590.00","6,673.00","6,567.00","13.86K","1.56%"
"20-09-2024","6,550.00","6,550.00","6,550.00","6,550.00","0.02K","0.99%"
"19-09-2024","6,486.00","6,532.00","6,536.00","6,470.00","0.14K","-0.87%"
"18-09-2024","6,543.00","6,520.00","6,678.00","6,441.00","2.45K","1.79%"
"17-09-2024","6,428.00","6,382.00","6,471.00","6,320.00","10.26K","0.97%"
"16-09-2024","6,366.00","6,242.00","6,425.00","6,240.00","6.49K","2.71%"
"13-09-2024","6,198.00","6,123.00","6,219.00","6,123.00","4.53K","1.22%"
"12-09-2024","6,123.00","6,090.00","6,140.00","6,080.00","2.49K","0.51%"
"11-09-2024","6,092.00","6,083.00","6,144.00","6,080.00","2.65K","0.07%"
"10-09-2024","6,088.00","5,935.00","6,113.00","5,880.00","6.09K","0.64%"
"09-09-2024","6,049.00","6,052.00","6,071.00","5,924.00","6.38K","-0.58%"
"06-09-2024","6,084.00","6,094.00","6,115.00","6,050.00","4.34K","-0.39%"
"05-09-2024","6,108.00","6,130.00","6,159.00","6,095.00","7.13K","-0.20%"
"04-09-2024","6,120.00","6,120.00","6,139.00","6,094.00","5.40K","0.03%"
"03-09-2024","6,118.00","6,127.00","6,158.00","6,088.00","7.02K","0.02%"
"02-09-2024","6,117.00","6,157.00","6,180.00","6,103.00","3.94K","-0.65%"
"30-08-2024","6,157.00","6,110.00","6,173.00","6,110.00","8.07K","0.64%"
"29-08-2024","6,118.00","6,060.00","6,134.00","6,053.00","4.44K","0.53%"
"28-08-2024","6,086.00","6,050.00","6,096.00","6,017.00","5.57K","0.26%"
"27-08-2024","6,070.00","6,082.00","6,104.00","6,048.00","6.90K","-0.49%"
"26-08-2024","6,100.00","6,143.00","6,148.00","5,982.00","8.81K","-0.91%"
"23-08-2024","6,156.00","6,211.00","6,220.00","6,113.00","9.32K","-0.98%"
"22-08-2024","6,217.00","6,214.00","6,248.00","6,213.00","4.33K","-0.08%"
"21-08-2024","6,222.00","6,262.00","6,262.00","6,213.00","6.79K","1.24%"
"20-08-2024","6,146.00","6,110.00","6,194.00","6,110.00","0.14K","-0.24%"
"19-08-2024","6,161.00","6,161.00","6,161.00","6,161.00","0.09K","0.00%"
"16-08-2024","6,161.00","6,158.00","6,175.00","6,142.00","5.58K","-0.21%"
"14-08-2024","6,174.00","6,162.00","6,181.00","6,132.00","2.87K","0.02%"
"13-08-2024","6,173.00","6,320.00","6,320.00","6,162.00","3.76K","-0.84%"
"12-08-2024","6,225.00","6,190.00","6,236.00","6,179.00","3.55K","0.61%"
"09-08-2024","6,187.00","6,195.00","6,198.00","6,161.00","7.89K","0.00%"
"08-08-2024","6,187.00","6,178.00","6,208.00","6,156.00","4.52K","0.00%"
"07-08-2024","6,187.00","6,156.00","6,195.00","6,156.00","2.97K","0.39%"
"06-08-2024","6,163.00","6,226.00","6,226.00","6,152.00","3.05K","-0.48%"
"05-08-2024","6,193.00","6,132.00","6,205.00","6,002.00","8.27K","0.00%"
"02-08-2024","6,193.00","6,222.00","6,282.00","6,169.00","10.62K","-0.02%"
"01-08-2024","6,194.00","6,161.00","6,220.00","6,145.00","9.06K","0.44%"
"31-07-2024","6,167.00","6,156.00","6,189.00","6,126.00","6.01K","0.18%"
"30-07-2024","6,156.00","6,206.00","6,215.00","6,130.00","5.82K","-0.10%"
"29-07-2024","6,162.00","6,152.00","6,188.00","6,093.00","6.78K","0.02%"
"26-07-2024","6,161.00","6,185.00","6,203.00","6,130.00","6.97K","-0.58%"
"25-07-2024","6,197.00","6,210.00","6,228.00","6,160.00","5.09K","-0.02%"
"24-07-2024","6,198.00","6,101.00","6,209.00","6,088.00","9.25K","1.41%"
"23-07-2024","6,112.00","6,130.00","6,147.00","6,093.00","5.63K","-0.36%"
"22-07-2024","6,134.00","6,099.00","6,138.00","6,040.00","8.08K","1.71%"
"19-07-2024","6,031.00","6,042.00","6,059.00","6,017.00","0.06K","-0.48%"
"18-07-2024","6,060.00","6,060.00","6,060.00","6,060.00","0.10K","0.28%"
"16-07-2024","6,043.00","6,144.00","6,144.00","6,040.00","2.79K","-1.32%"
"15-07-2024","6,124.00","6,168.00","6,186.00","6,102.00","2.37K","-0.52%"
"12-07-2024","6,156.00","6,122.00","6,174.00","6,089.00","4.17K","0.84%"
"11-07-2024","6,105.00","6,104.00","6,137.00","6,067.00","2.65K","0.33%"
"10-07-2024","6,085.00","6,014.00","6,100.00","5,982.00","3.46K","1.00%"
"09-07-2024","6,025.00","6,039.00","6,078.00","5,980.00","2.40K","0.33%"
"08-07-2024","6,005.00","5,900.00","6,043.00","5,897.00","10.47K","1.85%"
"05-07-2024","5,896.00","5,847.00","5,918.00","5,843.00","8.88K","0.94%"
"04-07-2024","5,841.00","5,832.00","5,850.00","5,819.00","2.49K","0.10%"
"03-07-2024","5,835.00","5,866.00","5,880.00","5,820.00","5.84K","-0.03%"
"02-07-2024","5,837.00","5,787.00","5,851.00","5,787.00","9.52K","1.00%"
"01-07-2024","5,779.00","5,765.00","5,786.00","5,750.00","5.13K","0.43%"
"28-06-2024","5,754.00","5,745.00","5,770.00","5,745.00","2.98K","-0.09%"
"27-06-2024","5,759.00","5,741.00","5,780.00","5,741.00","3.89K","-0.03%"
"26-06-2024","5,761.00","5,745.00","5,776.00","5,725.00","3.74K","0.10%"
"25-06-2024","5,755.00","5,770.00","5,777.00","5,736.00","4.06K","-0.33%"
"24-06-2024","5,774.00","5,789.00","5,806.00","5,766.00","3.09K","0.07%"
"21-06-2024","5,770.00","5,780.00","5,808.00","5,760.00","4.41K","0.75%"
"20-06-2024","5,727.00","5,690.00","5,750.00","5,690.00","0.08K","2.05%"
"19-06-2024","5,612.00","5,700.00","5,700.00","5,524.00","0.03K","-1.91%"
"18-06-2024","5,721.00","5,715.00","5,727.00","5,700.00","0.15K","0.39%"
"14-06-2024","5,699.00","5,735.00","5,766.00","5,624.00","0.93K","-0.35%"
"13-06-2024","5,719.00","5,687.00","5,736.00","5,685.00","6.05K","0.33%"
"12-06-2024","5,700.00","5,686.00","5,704.00","5,680.00","2.04K","0.09%"
"11-06-2024","5,695.00","5,706.00","5,707.00","5,684.00","3.72K","0.05%"
"10-06-2024","5,692.00","5,715.00","5,728.00","5,682.00","5.22K","-0.39%"
"07-06-2024","5,714.00","5,716.00","5,749.00","5,700.00","2.44K","0.04%"
"06-06-2024","5,712.00","5,710.00","5,720.00","5,694.00","3.03K","0.21%"
"05-06-2024","5,700.00","5,710.00","5,720.00","5,664.00","2.69K","-0.33%"
"04-06-2024","5,719.00","5,735.00","5,757.00","5,687.00","3.00K","-0.38%"
"03-06-2024","5,741.00","5,725.00","5,750.00","5,708.00","3.61K","0.68%"
"31-05-2024","5,702.00","5,723.00","5,723.00","5,618.00","8.02K","-0.23%"
"30-05-2024","5,715.00","5,745.00","5,766.00","5,701.00","6.88K","-0.52%"
"29-05-2024","5,745.00","5,719.00","5,753.00","5,700.00","6.54K","0.79%"
"28-05-2024","5,700.00","5,675.00","5,713.00","5,675.00","4.16K","0.26%"
"27-05-2024","5,685.00","5,691.00","5,700.00","5,668.00","2.69K","-0.11%"
"24-05-2024","5,691.00","5,712.00","5,719.00","5,663.00","3.60K","-0.37%"
"23-05-2024","5,712.00","5,712.00","5,734.00","5,705.00","2.25K","-0.30%"
"22-05-2024","5,729.00","5,702.00","5,740.00","5,686.00","6.05K","0.49%"
"21-05-2024","5,701.00","5,715.00","5,740.00","5,663.00","3.11K","-0.77%"
"17-05-2024","5,745.00","5,745.00","5,745.00","5,745.00","","0.47%"
"16-05-2024","5,718.00","5,718.00","5,718.00","5,718.00","","1.31%"
"15-05-2024","5,644.00","5,644.00","5,644.00","5,644.00","0.02K","-0.56%"
"14-05-2024","5,676.00","5,489.00","5,691.00","5,489.00","0.20K","0.87%"
"13-05-2024","5,627.00","5,554.00","5,650.00","5,550.00","3.03K","1.59%"
"10-05-2024","5,539.00","5,588.00","5,590.00","5,530.00","5.58K","-0.43%"
"09-05-2024","5,563.00","5,585.00","5,593.00","5,560.00","4.60K","-0.23%"
"08-05-2024","5,576.00","5,519.00","5,603.00","5,519.00","4.71K","0.72%"
"07-05-2024","5,536.00","5,600.00","5,600.00","5,531.00","2.50K","-0.97%"
"06-05-2024","5,590.00","5,666.00","5,666.00","5,579.00","5.65K","-0.90%"
"03-05-2024","5,641.00","5,665.00","5,670.00","5,630.00","4.64K","-0.28%"
"02-05-2024","5,657.00","5,600.00","5,774.00","5,600.00","8.50K","0.12%"
"30-04-2024","5,650.00","5,702.00","5,709.00","5,643.00","6.18K","-1.00%"
"29-04-2024","5,707.00","5,710.00","5,720.00","5,689.00","6.29K","-0.82%"
"26-04-2024","5,754.00","5,780.00","5,794.00","5,742.00","4.10K","-0.57%"
"25-04-2024","5,787.00","5,770.00","5,803.00","5,755.00","5.81K","0.12%"
"24-04-2024","5,780.00","5,800.00","5,800.00","5,767.00","4.12K","-0.52%"
"23-04-2024","5,810.00","5,797.00","5,839.00","5,790.00","5.97K","0.07%"
"22-04-2024","5,806.00","5,848.00","5,858.00","5,794.00","4.78K","0.36%"
"19-04-2024","5,785.00","5,776.00","5,800.00","5,776.00","0.70K","0.16%"
"18-04-2024","5,776.00","5,735.00","5,900.00","5,730.00","1.89K","0.54%"
"16-04-2024","5,745.00","5,731.00","5,756.00","5,694.00","4.54K","-0.71%"
"15-04-2024","5,786.00","5,885.00","5,910.00","5,770.00","11.22K","-2.95%"
"12-04-2024","5,962.00","5,885.00","6,050.00","5,812.00","10.24K","0.95%"
"10-04-2024","5,906.00","5,925.00","5,936.00","5,882.00","6.99K","-0.62%"
"09-04-2024","5,943.00","5,926.00","5,970.00","5,900.00","3.91K","0.20%"
"08-04-2024","5,931.00","5,962.00","5,962.00","5,895.00","8.14K","-1.61%"
"05-04-2024","6,028.00","6,085.00","6,101.00","6,020.00","2.99K","-0.87%"
"04-04-2024","6,081.00","6,040.00","6,107.00","6,020.00","3.30K","0.91%"
"03-04-2024","6,026.00","5,993.00","6,044.00","5,975.00","3.23K","0.79%"
"02-04-2024","5,979.00","6,001.00","6,014.00","5,954.00","2.49K","-0.50%"
"01-04-2024","6,009.00","6,065.00","6,065.00","6,005.00","1.79K","-0.68%"
"28-03-2024","6,050.00","6,055.00","6,073.00","6,015.00","2.27K","-0.36%"
"27-03-2024","6,072.00","6,010.00","6,078.00","5,997.00","19.27K","0.81%"
"26-03-2024","6,023.00","6,115.00","6,130.00","6,000.00","5.99K","-1.87%"
"22-03-2024","6,138.00","6,065.00","6,160.00","6,065.00","7.24K","0.62%"
"21-03-2024","6,100.00","6,008.00","6,130.00","5,970.00","9.23K","4.01%"
"20-03-2024","5,865.00","5,865.00","5,865.00","5,865.00","0.03K","0.00%"
"19-03-2024","5,865.00","5,850.00","5,950.00","5,850.00","0.07K","0.60%"
"18-03-2024","5,830.00","5,830.00","5,830.00","5,830.00","0.10K","0.00%"
"15-03-2024","5,830.00","5,830.00","5,830.00","5,830.00","0.03K","0.71%"
"14-03-2024","5,789.00","5,772.00","5,810.00","5,769.00","5.92K","0.19%"
"13-03-2024","5,778.00","5,703.00","5,787.00","5,703.00","3.16K","1.16%"
"12-03-2024","5,712.00","5,713.00","5,719.00","5,685.00","2.14K","0.07%"
"11-03-2024","5,708.00","5,722.00","5,748.00","5,705.00","2.25K","-0.24%"
"07-03-2024","5,722.00","5,761.00","5,799.00","5,653.00","5.23K","-0.68%"
"06-03-2024","5,761.00","5,715.00","5,778.00","5,715.00","3.66K","0.84%"
"05-03-2024","5,713.00","5,699.00","5,749.00","5,693.00","2.81K","0.23%"
"04-03-2024","5,700.00","5,724.00","5,725.00","5,630.00","2.80K","-0.09%"
"01-03-2024","5,705.00","5,708.00","5,735.00","5,694.00","1.68K","-0.26%"
"29-02-2024","5,720.00","5,774.00","5,774.00","5,684.00","4.02K","-0.54%"
"28-02-2024","5,751.00","5,792.00","5,796.00","5,720.00","2.28K","-0.31%"
"27-02-2024","5,769.00","5,795.00","5,840.00","5,761.00","2.87K","-0.50%"
"26-02-2024","5,798.00","5,752.00","5,810.00","5,745.00","5.75K","0.31%"
"23-02-2024","5,780.00","5,739.00","5,793.00","5,708.00","6.45K","0.66%"
"22-02-2024","5,742.00","5,759.00","5,768.00","5,690.00","9.99K","-0.30%"
"21-02-2024","5,759.00","5,730.00","5,810.00","5,695.00","12.70K","-4.38%"
"20-02-2024","6,023.00","6,011.00","6,098.00","6,000.00","2.44K","-0.02%"
"19-02-2024","6,024.00","5,730.00","6,038.00","5,730.00","0.98K","2.64%"
"16-02-2024","5,869.00","5,902.00","5,902.00","5,860.00","1.08K","-0.44%"
"15-02-2024","5,895.00","5,850.00","5,900.00","5,840.00","0.92K","0.70%"
"14-02-2024","5,854.00","5,775.00","5,870.00","5,775.00","7.34K","1.19%"
"13-02-2024","5,785.00","5,780.00","5,851.00","5,750.00","2.66K","0.54%"
"12-02-2024","5,754.00","5,732.00","5,777.00","5,728.00","1.77K","-0.33%"
"09-02-2024","5,773.00","5,759.00","5,805.00","5,741.00","3.57K","0.30%"
"08-02-2024","5,756.00","5,758.00","5,781.00","5,726.00","3.43K","-0.03%"
"07-02-2024","5,758.00","5,697.00","5,791.00","5,697.00","4.69K","1.07%"
"06-02-2024","5,697.00","5,643.00","5,710.00","5,643.00","2.11K","0.39%"
"05-02-2024","5,675.00","5,720.00","5,720.00","5,648.00","2.85K","-1.12%"
"02-02-2024","5,739.00","5,725.00","5,750.00","5,694.00","3.01K","-0.02%"
"01-02-2024","5,740.00","5,758.00","5,758.00","5,721.00","2.91K","0.02%"
"31-01-2024","5,739.00","5,770.00","5,814.00","5,730.00","5.35K","-0.42%"
"30-01-2024","5,763.00","5,710.00","5,788.00","5,703.00","4.43K","0.88%"
"29-01-2024","5,713.00","5,780.00","5,823.00","5,676.00","5.10K","-1.80%"
"25-01-2024","5,818.00","5,770.00","5,829.00","5,761.00","2.72K","0.59%"
"24-01-2024","5,784.00","5,838.00","5,838.00","5,747.00","6.95K","-0.16%"
"23-01-2024","5,793.00","5,670.00","5,804.00","5,670.00","6.27K","-0.97%"
"19-01-2024","5,850.00","5,695.00","5,695.00","5,695.00","4.33K","0.14%"
"18-01-2024","5,842.00","5,842.00","5,842.00","5,842.00","","3.51%"
"17-01-2024","5,644.00","5,636.00","5,655.00","5,633.00","0.38K","-2.99%"
"16-01-2024","5,818.00","5,818.00","5,818.00","5,818.00","","4.66%"
"15-01-2024","5,559.00","5,588.00","5,668.00","5,433.00","2.27K","-0.52%"
"12-01-2024","5,588.00","5,592.00","5,640.00","5,567.00","1.88K","0.40%"
"11-01-2024","5,566.00","5,519.00","5,580.00","5,519.00","2.58K","0.25%"
"10-01-2024","5,552.00","5,596.00","5,611.00","5,548.00","2.04K","-0.95%"
"09-01-2024","5,605.00","5,521.00","5,697.00","5,521.00","1.73K","-0.27%"
"08-01-2024","5,620.00","5,678.00","5,681.00","5,580.00","2.47K","-1.16%"
"05-01-2024","5,686.00","5,738.00","5,760.00","5,680.00","2.53K","-0.61%"
"04-01-2024","5,721.00","5,700.00","5,738.00","5,700.00","2.79K","0.70%"
"03-01-2024","5,681.00","5,680.00","5,712.00","5,648.00","3.83K","0.19%"
"02-01-2024","5,670.00","5,641.00","5,719.00","5,641.00","3.65K","0.05%"
"01-01-2024","5,667.00","5,731.00","5,750.00","5,633.00","6.95K","-1.00%"
"29-12-2023","5,724.00","5,742.00","5,750.00","5,710.00","3.24K","-0.28%"
"28-12-2023","5,740.00","5,750.00","5,798.00","5,735.00","3.35K","0.02%"
"27-12-2023","5,739.00","5,730.00","5,768.00","5,692.00","3.27K","0.05%"
"26-12-2023","5,736.00","5,745.00","5,749.00","5,711.00","1.87K","-0.54%"
"22-12-2023","5,767.00","5,714.00","5,788.00","5,702.00","3.19K","0.68%"
"21-12-2023","5,728.00","5,730.00","5,755.00","5,680.00","8.99K","0.32%"
"20-12-2023","5,710.00","5,750.00","5,752.00","5,680.00","0.23K","-0.63%"
"19-12-2023","5,746.00","5,748.00","5,748.00","5,742.00","0.06K","1.11%"
"18-12-2023","5,683.00","5,684.00","5,685.00","5,678.00","0.08K","-0.91%"
"15-12-2023","5,735.00","5,760.00","5,760.00","5,695.00","0.03K","-1.09%"
"14-12-2023","5,798.00","5,835.00","5,885.00","5,793.00","3.99K","-0.62%"
"13-12-2023","5,834.00","5,798.00","5,858.00","5,792.00","1.99K","0.48%"
"12-12-2023","5,806.00","5,840.00","5,861.00","5,780.00","2.30K","-1.16%"
"11-12-2023","5,874.00","5,942.00","5,942.00","5,865.00","3.35K","-0.68%"
"08-12-2023","5,914.00","5,949.00","5,949.00","5,890.00","2.63K","-0.20%"
"07-12-2023","5,926.00","5,950.00","5,989.00","5,917.00","4.31K","-0.45%"
"06-12-2023","5,953.00","5,855.00","5,963.00","5,816.00","5.24K","1.24%"
"05-12-2023","5,880.00","5,872.00","5,884.00","5,750.00","5.41K","0.63%"
"04-12-2023","5,843.00","5,921.00","6,000.00","5,820.00","8.31K","-2.54%"
"01-12-2023","5,995.00","6,050.00","6,074.00","5,971.00","7.49K","-1.17%"
"30-11-2023","6,066.00","6,118.00","6,118.00","6,021.00","6.10K","-0.90%"
"29-11-2023","6,121.00","6,140.00","6,210.00","6,100.00","4.51K","-0.91%"
"28-11-2023","6,177.00","6,189.00","6,300.00","6,160.00","5.20K","0.93%"
"24-11-2023","6,120.00","6,224.00","6,248.00","6,084.00","9.82K","-1.35%"
"23-11-2023","6,204.00","6,012.00","6,231.00","6,012.00","12.05K","3.04%"
"22-11-2023","6,021.00","5,954.00","6,038.00","5,952.00","6.98K","1.33%"
"21-11-2023","5,942.00","5,920.00","5,982.00","5,902.00","3.96K","-3.71%"
"20-11-2023","6,171.00","6,330.00","6,520.00","6,140.00","12.61K","0.29%"
"17-11-2023","6,153.00","6,105.00","6,180.00","6,099.00","1.26K","0.52%"
"16-11-2023","6,121.00","6,127.00","6,182.00","6,100.00","0.96K","0.10%"
"15-11-2023","6,115.00","6,100.00","6,240.00","5,980.00","0.87K","1.83%"
"13-11-2023","6,005.00","5,979.00","6,029.00","5,970.00","12.00K","0.59%"
"12-11-2023","5,970.00","5,967.00","5,981.00","5,945.00","1.24K","0.42%"
"10-11-2023","5,945.00","5,902.00","5,965.00","5,902.00","6.89K","-0.13%"
"09-11-2023","5,953.00","5,953.00","6,019.00","5,920.00","8.76K","0.56%"
"08-11-2023","5,920.00","5,900.00","5,933.00","5,879.00","3.63K","0.46%"
"07-11-2023","5,893.00","5,823.00","5,952.00","5,823.00","6.30K","0.68%"
"06-11-2023","5,853.00","5,782.00","5,860.00","5,740.00","5.98K","0.65%"
"03-11-2023","5,815.00","5,800.00","5,865.00","5,800.00","5.65K","-0.05%"
"02-11-2023","5,818.00","5,870.00","5,880.00","5,810.00","6.24K","-1.26%"
"01-11-2023","5,892.00","5,924.00","5,925.00","5,880.00","5.47K","-0.54%"
"31-10-2023","5,924.00","5,920.00","5,945.00","5,890.00","9.17K","0.07%"
"30-10-2023","5,920.00","5,970.00","5,980.00","5,915.00","7.36K","-1.00%"
"27-10-2023","5,980.00","5,992.00","6,027.00","5,960.00","4.77K","-0.47%"
"26-10-2023","6,008.00","6,069.00","6,070.00","6,001.00","3.09K","-0.78%"
"25-10-2023","6,055.00","6,029.00","6,085.00","5,980.00","6.35K","0.31%"
"23-10-2023","6,036.00","6,060.00","6,060.00","6,012.00","2.26K","1.46%"
"20-10-2023","5,949.00","5,895.00","5,950.00","5,895.00","0.38K","0.19%"
"19-10-2023","5,938.00","5,811.00","5,940.00","5,811.00","0.93K","-1.23%"
"18-10-2023","6,012.00","5,824.00","6,035.00","5,824.00","0.08K","-0.08%"
"17-10-2023","6,017.00","6,024.00","6,027.00","5,986.00","1.79K","-0.07%"
"16-10-2023","6,021.00","6,023.00","6,100.00","5,987.00","4.93K","0.77%"
"13-10-2023","5,975.00","5,999.00","6,036.00","5,948.00","2.03K","-0.17%"
"12-10-2023","5,985.00","5,986.00","6,045.00","5,946.00","3.91K","-0.50%"
"11-10-2023","6,015.00","6,085.00","6,085.00","5,956.00","7.45K","-0.91%"
"10-10-2023","6,070.00","6,036.00","6,155.00","6,021.00","3.47K","0.08%"
"09-10-2023","6,065.00","6,085.00","6,090.00","6,036.00","3.82K","-0.77%"
"06-10-2023","6,112.00","6,101.00","6,149.00","6,066.00","5.88K","-0.11%"
"05-10-2023","6,119.00","6,154.00","6,154.00","6,072.00","7.31K","-0.26%"
"04-10-2023","6,135.00","6,091.00","6,174.00","6,090.00","5.91K","0.56%"
"03-10-2023","6,101.00","6,148.00","6,148.00","6,050.00","4.63K","-0.59%"
"29-09-2023","6,137.00","6,170.00","6,240.00","6,120.00","9.42K","-1.26%"
"28-09-2023","6,215.00","6,160.00","6,224.00","6,156.00","5.84K","0.83%"
"27-09-2023","6,164.00","6,160.00","6,198.00","6,110.00","8.78K","0.15%"
"26-09-2023","6,155.00","6,176.00","6,176.00","6,124.00","4.34K","-0.34%"
"25-09-2023","6,176.00","6,278.00","6,288.00","6,152.00","6.82K","-0.74%"
"22-09-2023","6,222.00","6,100.00","6,352.00","6,100.00","10.94K","1.57%"
"21-09-2023","6,126.00","6,160.00","6,220.00","6,100.00","6.30K","0.05%"
"20-09-2023","6,123.00","6,050.00","6,165.00","5,990.00","7.94K","3.05%"
"18-09-2023","5,942.00","5,924.00","6,063.00","5,860.00","0.06K","-2.54%"
"15-09-2023","6,097.00","6,173.00","6,176.00","5,991.00","0.11K","-2.26%"
"14-09-2023","6,238.00","6,255.00","6,292.00","6,225.00","0.34K","-0.80%"
"13-09-2023","6,288.00","6,268.00","6,450.00","6,228.00","0.91K","0.74%"
"12-09-2023","6,242.00","6,226.00","6,294.00","6,217.00","6.91K","0.34%"
"11-09-2023","6,221.00","6,220.00","6,248.00","6,163.00","6.80K","0.02%"
"08-09-2023","6,220.00","6,221.00","6,247.00","5,989.00","4.41K","-0.29%"
"07-09-2023","6,238.00","6,264.00","6,274.00","6,228.00","2.73K","-0.46%"
"06-09-2023","6,267.00","6,223.00","6,319.00","6,223.00","3.21K","0.26%"
"05-09-2023","6,251.00","6,194.00","6,274.00","6,194.00","3.20K","0.34%"
"04-09-2023","6,230.00","6,288.00","6,288.00","6,216.00","4.23K","-0.59%"
"01-09-2023","6,267.00","6,156.00","6,344.00","6,156.00","8.54K","1.49%"
"31-08-2023","6,175.00","6,162.00","6,230.00","6,050.00","5.91K","0.21%"
"30-08-2023","6,162.00","6,136.00","6,167.00","6,110.00","3.01K","0.33%"
"29-08-2023","6,142.00","6,180.00","6,180.00","6,090.00","10.30K","-0.52%"
"28-08-2023","6,174.00","6,240.00","6,263.00","6,134.00","8.04K","-0.93%"
"25-08-2023","6,232.00","6,227.00","6,241.00","6,215.00","2.61K","0.21%"
"24-08-2023","6,219.00","6,230.00","6,264.00","6,210.00","3.68K","-0.32%"
"23-08-2023","6,239.00","6,254.00","6,254.00","6,190.00","6.35K","-0.21%"
"22-08-2023","6,252.00","6,339.00","6,350.00","6,234.00","6.94K","-1.34%"
"21-08-2023","6,337.00","6,340.00","6,378.00","6,305.00","5.87K","2.62%"
"18-08-2023","6,175.00","6,340.00","6,340.00","6,340.00","0.17K","0.00%"
"17-08-2023","6,175.00","6,200.00","6,200.00","6,174.00","0.32K","-0.47%"
"16-08-2023","6,204.00","6,204.00","6,204.00","6,204.00","0.05K","0.00%"
"14-08-2023","6,204.00","6,184.00","6,224.00","6,184.00","0.13K","0.91%"
"11-08-2023","6,148.00","6,166.00","6,171.00","6,080.00","4.66K","-0.50%"
"10-08-2023","6,179.00","6,190.00","6,201.00","6,165.00","6.54K","-0.42%"
"09-08-2023","6,205.00","6,260.00","6,289.00","6,185.00","6.63K","-1.02%"
"08-08-2023","6,269.00","6,330.00","6,336.00","6,260.00","3.52K","-0.79%"
"07-08-2023","6,319.00","6,303.00","6,350.00","6,272.00","5.84K","0.48%"
"04-08-2023","6,289.00","6,275.00","6,330.00","6,250.00","4.98K","0.42%"
"03-08-2023","6,263.00","6,300.00","6,300.00","6,242.00","2.95K","-0.16%"
"02-08-2023","6,273.00","6,325.00","6,338.00","6,252.00","6.80K","-0.92%"
"01-08-2023","6,331.00","6,378.00","6,380.00","6,316.00","3.59K","-0.72%"
"31-07-2023","6,377.00","6,400.00","6,405.00","6,342.00","4.56K","-0.39%"
"28-07-2023","6,402.00","6,380.00","6,428.00","6,367.00","6.65K","0.53%"
"27-07-2023","6,368.00","6,398.00","6,398.00","6,321.00","3.73K","-0.44%"
"26-07-2023","6,396.00","6,360.00","6,424.00","6,350.00","6.24K","0.30%"
"25-07-2023","6,377.00","6,475.00","6,504.00","6,322.00","10.00K","-0.90%"
"24-07-2023","6,435.00","6,400.00","6,476.00","6,371.00","9.04K","0.91%"
"21-07-2023","6,377.00","6,388.00","6,436.00","6,272.00","11.25K","1.87%"
"20-07-2023","6,260.00","6,393.00","6,393.00","6,393.00","0.01K","0.00%"
"19-07-2023","6,260.00","6,260.00","6,260.00","6,260.00","0.12K","0.00%"
"18-07-2023","6,260.00","6,260.00","6,260.00","6,260.00","0.06K","1.02%"
"17-07-2023","6,197.00","6,197.00","6,197.00","6,197.00","0.33K","1.99%"
"14-07-2023","6,076.00","6,032.00","6,090.00","6,032.00","2.76K","0.43%"
"13-07-2023","6,050.00","6,054.00","6,070.00","6,017.00","2.33K","-0.77%"
"12-07-2023","6,097.00","6,128.00","6,128.00","6,073.00","1.91K","0.38%"
"11-07-2023","6,074.00","6,045.00","6,092.00","6,019.00","4.65K","0.80%"
"10-07-2023","6,026.00","5,980.00","6,050.00","5,980.00","4.54K","1.28%"
"07-07-2023","5,950.00","5,943.00","5,973.00","5,890.00","6.24K","0.66%"
"06-07-2023","5,911.00","5,946.00","5,950.00","5,864.00","3.58K","-0.39%"
"05-07-2023","5,934.00","5,920.00","5,954.00","5,918.00","3.10K","0.13%"
"04-07-2023","5,926.00","5,909.00","5,963.00","5,866.00","7.96K","-0.30%"
"03-07-2023","5,944.00","5,928.00","5,968.00","5,913.00","7.94K","1.19%"
"30-06-2023","5,874.00","5,800.00","5,910.00","5,800.00","7.19K","1.42%"
"28-06-2023","5,792.00","5,728.00","5,837.00","5,705.00","5.98K","1.28%"
"27-06-2023","5,719.00","5,751.00","5,780.00","5,704.00","5.58K","-0.63%"
"26-06-2023","5,755.00","5,722.00","5,780.00","5,702.00","4.86K","0.74%"
"23-06-2023","5,713.00","5,727.00","5,744.00","5,662.00","4.38K","-0.24%"
"22-06-2023","5,727.00","5,793.00","5,814.00","5,705.00","7.11K","-1.12%"
"21-06-2023","5,792.00","5,790.00","5,818.00","5,740.00","5.19K","-0.22%"
"20-06-2023","5,805.00","5,891.00","5,891.00","5,785.00","5.53K","-1.17%"
"19-06-2023","5,874.00","5,885.00","5,885.00","5,885.00","","2.53%"
"16-06-2023","5,729.00","5,729.00","5,729.00","5,729.00","0.09K","0.00%"
"15-06-2023","5,729.00","5,588.00","5,788.00","5,588.00","0.13K","0.51%"
"14-06-2023","5,700.00","5,786.00","5,786.00","5,612.00","0.39K","0.26%"
"13-06-2023","5,685.00","5,675.00","5,720.00","5,664.00","4.29K","0.64%"
"12-06-2023","5,649.00","5,560.00","5,660.00","5,560.00","4.24K","1.13%"
"09-06-2023","5,586.00","5,547.00","5,625.00","5,514.00","5.56K","1.07%"
"08-06-2023","5,527.00","5,447.00","5,548.00","5,440.00","7.26K","1.64%"
"07-06-2023","5,438.00","5,410.00","5,453.00","5,382.00","5.21K","0.50%"
"06-06-2023","5,411.00","5,426.00","5,446.00","5,403.00","4.99K","-0.35%"
"05-06-2023","5,430.00","5,455.00","5,499.00","5,402.00","3.79K","0.17%"
"02-06-2023","5,421.00","5,378.00","5,466.00","5,366.00","3.54K","1.06%"
"01-06-2023","5,364.00","5,314.00","5,405.00","5,314.00","5.09K","-0.04%"
"31-05-2023","5,366.00","5,531.00","5,540.00","5,338.00","7.33K","-3.28%"
"30-05-2023","5,548.00","5,575.00","5,608.00","5,502.00","3.83K","-1.03%"
"29-05-2023","5,606.00","5,530.00","5,640.00","5,480.00","7.46K","0.52%"
"26-05-2023","5,577.00","5,575.00","5,589.00","5,552.00","3.63K","-0.36%"
"25-05-2023","5,597.00","5,693.00","5,710.00","5,575.00","6.57K","-2.10%"
"24-05-2023","5,717.00","5,711.00","5,759.00","5,684.00","5.89K","-0.31%"
"23-05-2023","5,735.00","5,800.00","5,800.00","5,702.00","6.46K","-0.74%"
"22-05-2023","5,778.00","5,858.00","5,878.00","5,721.00","9.23K","-4.89%"
"19-05-2023","6,075.00","6,075.00","6,075.00","6,075.00","0.01K","3.72%"
"18-05-2023","5,857.00","5,857.00","5,857.00","5,857.00","0.01K","0.00%"
"17-05-2023","5,857.00","5,857.00","5,857.00","5,857.00","0.08K","2.34%"
"16-05-2023","5,723.00","5,723.00","5,723.00","5,723.00","0.04K","0.00%"
"15-05-2023","5,723.00","5,800.00","5,800.00","5,690.00","1.66K","-1.94%"
"12-05-2023","5,836.00","5,919.00","5,955.00","5,821.00","1.58K","-1.63%"
"11-05-2023","5,933.00","5,941.00","6,010.00","5,926.00","2.41K","-0.44%"
"10-05-2023","5,959.00","5,836.00","5,968.00","5,813.00","3.18K","1.19%"
"09-05-2023","5,889.00","5,904.00","5,940.00","5,862.00","6.26K","-0.99%"
"08-05-2023","5,948.00","5,970.00","6,001.00","5,934.00","3.45K","-1.26%"
"05-05-2023","6,024.00","6,076.00","6,115.00","6,011.00","3.39K","-0.84%"
"04-05-2023","6,075.00","6,050.00","6,092.00","6,010.00","4.69K","1.06%"
"03-05-2023","6,011.00","5,945.00","6,078.00","5,912.00","4.95K","1.13%"
"02-05-2023","5,944.00","5,918.00","5,966.00","5,870.00","9.25K","-0.39%"
"28-04-2023","5,967.00","6,041.00","6,056.00","5,935.00","8.34K","-1.39%"
"27-04-2023","6,051.00","6,013.00","6,060.00","5,981.00","4.95K","0.35%"
"26-04-2023","6,030.00","6,140.00","6,145.00","6,012.00","10.48K","-2.01%"
"25-04-2023","6,154.00","6,173.00","6,188.00","6,112.00","7.04K","-0.66%"
"24-04-2023","6,195.00","6,225.00","6,246.00","6,180.00","6.27K","-1.13%"
"21-04-2023","6,266.00","6,240.00","6,278.00","6,240.00","5.30K","2.05%"
"20-04-2023","6,140.00","6,248.00","6,248.00","6,248.00","0.03K","0.00%"
"19-04-2023","6,140.00","6,140.00","6,140.00","6,140.00","0.05K","0.00%"
"18-04-2023","6,140.00","6,140.00","6,140.00","6,140.00","0.10K","0.00%"
"17-04-2023","6,140.00","6,218.00","6,218.00","6,100.00","0.39K","-1.37%"
"13-04-2023","6,225.00","6,250.00","6,268.00","6,200.00","2.71K","-0.35%"
"12-04-2023","6,247.00","6,308.00","6,308.00","6,242.00","1.53K","-0.21%"
"11-04-2023","6,260.00","6,148.00","6,277.00","6,148.00","2.49K","1.18%"
"10-04-2023","6,187.00","6,100.00","6,277.00","6,052.00","5.03K","2.50%"
"06-04-2023","6,036.00","6,020.00","6,130.00","6,000.00","3.73K","-0.82%"
"05-04-2023","6,086.00","6,082.00","6,132.00","6,066.00","4.35K","-0.43%"
"03-04-2023","6,112.00","6,110.00","6,178.00","6,078.00","5.65K","-0.59%"
"31-03-2023","6,148.00","6,240.00","6,278.00","6,110.00","3.99K","-1.44%"
"29-03-2023","6,238.00","6,234.00","6,264.00","6,222.00","1.48K","-0.32%"
"28-03-2023","6,258.00","6,256.00","6,276.00","6,194.00","5.01K","0.03%"
"27-03-2023","6,256.00","6,300.00","6,316.00","6,218.00","3.97K","-0.95%"
"24-03-2023","6,316.00","6,378.00","6,410.00","6,260.00","5.43K","-1.10%"
"23-03-2023","6,386.00","6,408.00","6,466.00","6,350.00","4.97K","-0.93%"
"22-03-2023","6,446.00","6,370.00","6,462.00","6,350.00","9.12K","0.84%"
"21-03-2023","6,392.00","6,340.00","6,398.00","6,330.00","3.99K","-2.71%"
"20-03-2023","6,570.00","6,550.00","6,588.00","6,516.00","0.20K","1.67%"
"17-03-2023","6,462.00","6,450.00","6,470.00","6,440.00","0.47K","-0.31%"
"16-03-2023","6,482.00","6,460.00","6,550.00","6,450.00","0.79K","-0.89%"
"15-03-2023","6,540.00","6,550.00","6,552.00","6,536.00","1.01K","-0.03%"
"14-03-2023","6,542.00","6,580.00","6,580.00","6,470.00","3.23K","0.18%"
"13-03-2023","6,530.00","6,520.00","6,546.00","6,454.00","2.33K","1.71%"
"10-03-2023","6,420.00","6,350.00","6,458.00","6,350.00","3.03K","0.00%"
"09-03-2023","6,420.00","6,378.00","6,426.00","6,364.00","3.68K","0.72%"
"08-03-2023","6,374.00","6,380.00","6,390.00","6,350.00","0.75K","0.13%"
"06-03-2023","6,366.00","6,394.00","6,394.00","6,306.00","1.81K","0.16%"
"03-03-2023","6,356.00","6,450.00","6,450.00","6,320.00","2.20K","-0.13%"
"02-03-2023","6,364.00","6,274.00","6,438.00","6,274.00","5.98K","1.27%"
"01-03-2023","6,284.00","6,370.00","6,380.00","6,254.00","7.01K","-1.41%"
"28-02-2023","6,374.00","6,440.00","6,480.00","6,330.00","5.95K","-1.51%"
"27-02-2023","6,472.00","6,570.00","6,596.00","6,444.00","5.81K","-1.70%"
"24-02-2023","6,584.00","6,538.00","6,610.00","6,516.00","6.19K","0.30%"
"23-02-2023","6,564.00","6,618.00","6,618.00","6,538.00","5.13K","-0.64%"
"22-02-2023","6,606.00","6,700.00","6,700.00","6,580.00","7.56K","-1.31%"
"21-02-2023","6,694.00","6,660.00","6,710.00","6,650.00","3.92K","-2.90%"
"20-02-2023","6,894.00","6,688.00","6,688.00","6,688.00","","2.13%"
"17-02-2023","6,750.00","6,750.00","6,750.00","6,750.00","0.01K","-0.74%"
"16-02-2023","6,800.00","6,800.00","6,800.00","6,800.00","0.02K","0.15%"
"15-02-2023","6,790.00","6,778.00","6,796.00","6,778.00","0.06K","1.07%"
"14-02-2023","6,718.00","6,802.00","6,868.00","6,652.00","6.49K","-1.70%"
"13-02-2023","6,834.00","7,044.00","7,060.00","6,802.00","8.83K","-3.39%"
"10-02-2023","7,074.00","7,040.00","7,124.00","7,040.00","4.56K","0.34%"
"09-02-2023","7,050.00","7,066.00","7,088.00","7,026.00","3.48K","-0.20%"
"08-02-2023","7,064.00","7,030.00","7,076.00","7,012.00","2.27K","0.66%"
"07-02-2023","7,018.00","7,000.00","7,032.00","7,000.00","1.28K","0.03%"
"06-02-2023","7,016.00","6,978.00","7,054.00","6,978.00","3.52K","-0.26%"
"03-02-2023","7,034.00","7,042.00","7,080.00","7,022.00","7.80K","-0.26%"
"02-02-2023","7,052.00","7,060.00","7,074.00","7,006.00","2.57K","-0.25%"
"01-02-2023","7,070.00","7,114.00","7,152.00","7,032.00","3.45K","-0.51%"
"31-01-2023","7,106.00","7,050.00","7,124.00","7,050.00","3.28K","0.74%"
"30-01-2023","7,054.00","7,064.00","7,100.00","7,034.00","2.00K","0.57%"
"27-01-2023","7,014.00","6,970.00","7,090.00","6,930.00","5.00K","1.12%"
"25-01-2023","6,936.00","6,992.00","7,018.00","6,904.00","5.30K","-1.08%"
"24-01-2023","7,012.00","6,982.00","7,042.00","6,982.00","1.32K","-0.11%"
"23-01-2023","7,020.00","7,042.00","7,050.00","6,986.00","2.48K","0.29%"
"20-01-2023","7,000.00","7,000.00","7,000.00","6,994.00","0.72K","-0.68%"
"19-01-2023","7,048.00","7,066.00","7,066.00","7,030.00","0.03K","-2.89%"
"18-01-2023","7,258.00","7,258.00","7,258.00","7,258.00","","1.74%"
"17-01-2023","7,134.00","7,224.00","7,250.00","7,050.00","2.80K","-1.49%"
"16-01-2023","7,242.00","7,596.00","7,596.00","7,230.00","5.14K","-0.98%"
"13-01-2023","7,314.00","7,192.00","7,332.00","7,180.00","5.62K","1.92%"
"12-01-2023","7,176.00","7,132.00","7,182.00","7,106.00","3.22K","0.79%"
"11-01-2023","7,120.00","7,100.00","7,124.00","7,060.00","4.60K","-0.08%"
"10-01-2023","7,126.00","7,216.00","7,224.00","7,116.00","4.98K","-0.89%"
"09-01-2023","7,190.00","7,220.00","7,230.00","7,176.00","5.67K","-0.47%"
"06-01-2023","7,224.00","7,252.00","7,272.00","7,210.00","4.26K","0.00%"
"05-01-2023","7,224.00","7,164.00","7,256.00","7,122.00","2.52K","0.61%"
"04-01-2023","7,180.00","7,214.00","7,216.00","7,160.00","2.88K","-0.72%"
"03-01-2023","7,232.00","7,242.00","7,246.00","7,162.00","3.40K","0.70%"
"02-01-2023","7,182.00","7,128.00","7,188.00","7,128.00","3.85K","0.87%"
"30-12-2022","7,120.00","7,034.00","7,140.00","7,028.00","5.75K","0.99%"
"29-12-2022","7,050.00","7,048.00","7,098.00","7,024.00","4.20K","0.00%"
"28-12-2022","7,050.00","7,048.00","7,064.00","6,926.00","5.75K","0.14%"
"27-12-2022","7,040.00","7,082.00","7,110.00","7,024.00","6.06K","-0.62%"
"26-12-2022","7,084.00","7,100.00","7,120.00","7,072.00","4.16K","-1.01%"
"23-12-2022","7,156.00","7,070.00","7,210.00","7,070.00","3.91K","-0.45%"
"22-12-2022","7,188.00","7,182.00","7,220.00","7,150.00","2.71K","0.08%"
"21-12-2022","7,182.00","7,194.00","7,208.00","7,072.00","6.42K","-2.07%"
"20-12-2022","7,334.00","7,254.00","7,438.00","7,252.00","0.18K","1.27%"
"19-12-2022","7,242.00","7,294.00","7,298.00","7,220.00","0.32K","-2.19%"
"16-12-2022","7,404.00","7,470.00","7,478.00","7,380.00","0.47K","-1.44%"
"15-12-2022","7,512.00","7,500.00","7,526.00","7,470.00","1.14K","0.24%"
"14-12-2022","7,494.00","7,406.00","7,588.00","7,400.00","3.80K","0.70%"
"13-12-2022","7,442.00","7,412.00","7,446.00","7,410.00","3.37K","0.19%"
"12-12-2022","7,428.00","7,486.00","7,508.00","7,336.00","7.88K","-0.27%"
"09-12-2022","7,448.00","7,452.00","7,464.00","7,416.00","4.16K","-0.08%"
"08-12-2022","7,454.00","7,444.00","7,466.00","7,444.00","2.67K","0.13%"
"07-12-2022","7,444.00","7,440.00","7,454.00","7,436.00","1.65K","0.05%"
"06-12-2022","7,440.00","7,392.00","7,460.00","7,392.00","5.77K","0.22%"
"05-12-2022","7,424.00","7,396.00","7,442.00","7,376.00","1.99K","-0.22%"
"02-12-2022","7,440.00","7,480.00","7,490.00","7,430.00","3.70K","-0.48%"
"01-12-2022","7,476.00","7,444.00","7,490.00","7,436.00","4.81K","0.43%"
"30-11-2022","7,444.00","7,490.00","7,490.00","7,434.00","5.56K","-0.37%"
"29-11-2022","7,472.00","7,430.00","7,490.00","7,414.00","4.20K","0.70%"
"28-11-2022","7,420.00","7,408.00","7,438.00","7,334.00","4.12K","0.05%"
"25-11-2022","7,416.00","7,438.00","7,488.00","7,402.00","5.23K","-0.24%"
"24-11-2022","7,434.00","7,392.00","7,458.00","7,372.00","4.11K","0.35%"
"23-11-2022","7,408.00","7,412.00","7,430.00","7,382.00","5.59K","-0.27%"
"22-11-2022","7,428.00","7,490.00","7,490.00","7,384.00","5.89K","-0.64%"
"21-11-2022","7,476.00","7,520.00","7,520.00","7,422.00","3.10K","0.62%"
"18-11-2022","7,430.00","7,430.00","7,430.00","7,430.00","0.16K","-0.13%"
"17-11-2022","7,440.00","7,434.00","7,450.00","7,434.00","1.06K","0.51%"
"16-11-2022","7,402.00","7,400.00","7,420.00","7,400.00","0.47K","0.38%"
"15-11-2022","7,374.00","7,370.00","7,390.00","7,368.00","1.12K","0.71%"
"14-11-2022","7,322.00","7,300.00","7,370.00","7,292.00","7.51K","0.11%"
"11-11-2022","7,314.00","7,250.00","7,336.00","7,244.00","6.26K","0.80%"
"10-11-2022","7,256.00","7,338.00","7,338.00","7,234.00","3.39K","0.03%"
"09-11-2022","7,254.00","7,270.00","7,288.00","7,240.00","3.70K","-0.19%"
"07-11-2022","7,268.00","7,280.00","7,318.00","7,252.00","5.80K","0.44%"
"04-11-2022","7,236.00","7,238.00","7,282.00","7,204.00","2.99K","0.22%"
"03-11-2022","7,220.00","7,242.00","7,268.00","7,106.00","3.50K","-0.91%"
"02-11-2022","7,286.00","7,170.00","7,298.00","7,170.00","5.32K","1.22%"
"01-11-2022","7,198.00","7,120.00","7,200.00","7,120.00","2.83K","1.01%"
"31-10-2022","7,126.00","7,140.00","7,268.00","6,940.00","7.83K","-0.08%"
"28-10-2022","7,132.00","7,130.00","7,150.00","7,120.00","1.95K","-0.03%"
"27-10-2022","7,134.00","7,124.00","7,150.00","7,088.00","1.56K","0.31%"
"25-10-2022","7,112.00","7,134.00","7,134.00","7,094.00","0.39K","-0.03%"
"24-10-2022","7,114.00","7,152.00","7,152.00","7,102.00","1.58K","-0.34%"
"21-10-2022","7,138.00","7,170.00","7,174.00","7,064.00","2.21K","-0.64%"
"20-10-2022","7,184.00","7,164.00","7,164.00","7,164.00","","1.33%"
"19-10-2022","7,090.00","7,100.00","7,100.00","7,066.00","0.03K","-1.34%"
"18-10-2022","7,186.00","7,186.00","7,186.00","7,186.00","","1.18%"
"17-10-2022","7,102.00","7,092.00","7,108.00","7,088.00","1.45K","0.25%"
"14-10-2022","7,084.00","7,106.00","7,126.00","7,082.00","7.90K","0.00%"
"13-10-2022","7,084.00","6,992.00","7,128.00","6,992.00","4.84K","0.37%"
"12-10-2022","7,058.00","7,110.00","7,280.00","7,050.00","13.15K","-0.70%"
"11-10-2022","7,108.00","7,168.00","7,168.00","6,900.00","3.08K","-0.86%"
"10-10-2022","7,170.00","7,300.00","7,300.00","7,132.00","12.69K","-2.05%"
"07-10-2022","7,320.00","7,366.00","7,394.00","7,310.00","5.86K","-0.03%"
"06-10-2022","7,322.00","7,292.00","7,334.00","7,292.00","2.52K","0.25%"
"04-10-2022","7,304.00","7,346.00","7,350.00","7,280.00","3.86K","-0.52%"
"03-10-2022","7,342.00","7,398.00","7,398.00","7,252.00","7.84K","-0.78%"
"30-09-2022","7,400.00","7,416.00","7,442.00","7,390.00","4.97K","-0.35%"
"29-09-2022","7,426.00","7,418.00","7,440.00","7,412.00","8.94K","0.11%"
"28-09-2022","7,418.00","7,416.00","7,458.00","7,400.00","5.12K","-0.19%"
"27-09-2022","7,432.00","7,410.00","7,478.00","7,380.00","4.04K","0.11%"
"26-09-2022","7,424.00","7,476.00","7,476.00","7,400.00","3.39K","-0.80%"
"23-09-2022","7,484.00","7,430.00","7,496.00","7,430.00","4.22K","0.78%"
"22-09-2022","7,426.00","7,428.00","7,444.00","7,394.00","2.18K","0.38%"
"21-09-2022","7,398.00","7,370.00","7,430.00","7,358.00","3.48K","-0.40%"
"20-09-2022","7,428.00","7,382.00","7,382.00","7,382.00","0.01K","0.00%"
"19-09-2022","7,428.00","7,428.00","7,428.00","7,428.00","","0.35%"
"16-09-2022","7,402.00","7,406.00","7,426.00","7,400.00","0.78K","-0.11%"
"15-09-2022","7,410.00","7,408.00","7,412.00","7,400.00","0.12K","0.00%"
"14-09-2022","7,410.00","7,400.00","7,412.00","7,366.00","4.40K","-0.22%"
"13-09-2022","7,426.00","7,460.00","7,472.00","7,422.00","4.33K","-0.21%"
"12-09-2022","7,442.00","7,426.00","7,442.00","7,394.00","3.92K","-0.24%"
"09-09-2022","7,460.00","7,322.00","7,648.00","7,320.00","4.04K","1.33%"
"08-09-2022","7,362.00","7,400.00","7,408.00","7,356.00","8.25K","-0.32%"
"07-09-2022","7,386.00","7,400.00","7,400.00","7,350.00","4.16K","0.11%"
"06-09-2022","7,378.00","7,378.00","7,412.00","7,350.00","3.71K","-0.05%"
"05-09-2022","7,382.00","7,250.00","7,392.00","7,250.00","5.73K","0.57%"
"02-09-2022","7,340.00","7,306.00","7,358.00","7,280.00","3.78K","0.25%"
"01-09-2022","7,322.00","7,286.00","7,336.00","7,190.00","7.33K","0.41%"
"30-08-2022","7,292.00","7,400.00","7,422.00","7,268.00","8.23K","-1.51%"
"29-08-2022","7,404.00","7,450.00","7,460.00","7,398.00","4.47K","-0.54%"
"26-08-2022","7,444.00","7,390.00","7,460.00","7,390.00","7.61K","0.43%"
"25-08-2022","7,412.00","7,568.00","7,570.00","7,382.00","10.07K","-1.83%"
"24-08-2022","7,550.00","7,544.00","7,586.00","7,516.00","4.70K","0.08%"
"23-08-2022","7,544.00","7,514.00","7,564.00","7,506.00","5.95K","0.61%"
"22-08-2022","7,498.00","7,546.00","7,590.00","7,482.00","5.94K","-0.48%"
"19-08-2022","7,534.00","7,586.00","7,618.00","7,502.00","6.38K","-0.63%"
"18-08-2022","7,582.00","7,616.00","7,620.00","7,508.00","8.01K","0.00%"
"17-08-2022","7,582.00","7,550.00","7,630.00","7,550.00","0.38K","1.15%"
"16-08-2022","7,496.00","7,460.00","7,544.00","7,380.00","0.20K","1.90%"
"12-08-2022","7,356.00","7,310.00","7,376.00","7,310.00","0.17K","0.79%"
"11-08-2022","7,298.00","7,192.00","7,550.00","7,192.00","1.67K","0.52%"
"10-08-2022","7,260.00","7,260.00","7,332.00","7,230.00","9.78K","0.39%"
"08-08-2022","7,232.00","7,214.00","7,250.00","7,168.00","13.70K","0.53%"
"05-08-2022","7,194.00","7,176.00","7,210.00","7,158.00","8.14K","-0.14%"
"04-08-2022","7,204.00","7,170.00","7,220.00","7,134.00","4.90K","0.53%"
"03-08-2022","7,166.00","7,158.00","7,178.00","7,058.00","6.40K","-0.03%"
"02-08-2022","7,168.00","7,224.00","7,228.00","7,132.00","6.08K","-1.02%"
"01-08-2022","7,242.00","7,270.00","7,310.00","7,220.00","3.71K","-0.55%"
"29-07-2022","7,282.00","7,304.00","7,340.00","7,266.00","5.92K","-0.30%"
"28-07-2022","7,304.00","7,296.00","7,360.00","7,282.00","10.15K","0.22%"
"27-07-2022","7,288.00","7,282.00","7,342.00","7,246.00","4.96K","-0.11%"
"26-07-2022","7,296.00","7,210.00","7,310.00","7,196.00","10.38K","0.80%"
"25-07-2022","7,238.00","7,282.00","7,282.00","7,192.00","8.48K","-0.98%"
"22-07-2022","7,310.00","7,370.00","7,370.00","7,280.00","7.11K","-0.98%"
"21-07-2022","7,382.00","7,418.00","7,440.00","7,360.00","6.45K","0.98%"
"20-07-2022","7,310.00","7,310.00","7,310.00","7,310.00","1.48K","1.90%"
"19-07-2022","7,174.00","7,174.00","7,174.00","7,174.00","0.33K","0.00%"
"18-07-2022","7,174.00","7,152.00","7,220.00","7,152.00","0.03K","-1.51%"
"15-07-2022","7,284.00","7,276.00","7,290.00","7,254.00","0.39K","0.44%"
"14-07-2022","7,252.00","7,280.00","7,292.00","7,184.00","6.28K","-0.55%"
"13-07-2022","7,292.00","7,284.00","7,312.00","7,252.00","3.58K","-0.30%"
"12-07-2022","7,314.00","7,350.00","7,376.00","7,262.00","6.94K","-0.57%"
"11-07-2022","7,356.00","7,388.00","7,454.00","7,344.00","3.93K","-0.68%"
"08-07-2022","7,406.00","7,332.00","7,458.00","7,330.00","6.47K","0.90%"
"07-07-2022","7,340.00","7,354.00","7,398.00","7,320.00","5.08K","-0.30%"
"06-07-2022","7,362.00","7,320.00","7,388.00","7,214.00","9.51K","-0.22%"
"05-07-2022","7,378.00","7,426.00","7,444.00","7,344.00","7.43K","-0.73%"
"04-07-2022","7,432.00","7,488.00","7,500.00","7,400.00","8.02K","-1.17%"
"01-07-2022","7,520.00","7,410.00","7,526.00","7,370.00","4.52K","0.53%"
"30-06-2022","7,480.00","7,414.00","7,546.00","7,414.00","10.61K","0.84%"
"29-06-2022","7,418.00","7,352.00","7,440.00","7,324.00","7.75K","0.93%"
"28-06-2022","7,350.00","7,248.00","7,356.00","7,226.00","10.34K","1.55%"
"27-06-2022","7,238.00","7,200.00","7,270.00","7,178.00","7.60K","0.44%"
"24-06-2022","7,206.00","7,260.00","7,288.00","7,180.00","10.49K","-0.99%"
"23-06-2022","7,278.00","7,172.00","7,296.00","7,142.00","15.30K","1.22%"
"22-06-2022","7,190.00","7,226.00","7,250.00","7,172.00","11.31K","-0.72%"
"21-06-2022","7,242.00","7,220.00","7,296.00","7,190.00","6.06K","-2.21%"
"20-06-2022","7,406.00","7,234.00","7,234.00","7,234.00","0.07K","0.00%"
"17-06-2022","7,406.00","7,402.00","7,474.00","7,362.00","0.06K","1.04%"
"16-06-2022","7,330.00","7,450.00","7,450.00","7,312.00","0.64K","-1.35%"
"15-06-2022","7,430.00","7,430.00","7,450.00","7,414.00","0.21K","0.32%"
"14-06-2022","7,406.00","7,358.00","7,408.00","7,358.00","4.16K","0.65%"
"13-06-2022","7,358.00","7,440.00","7,440.00","7,336.00","8.83K","-1.45%"
"10-06-2022","7,466.00","7,458.00","7,482.00","7,430.00","4.90K","-0.08%"
"09-06-2022","7,472.00","7,480.00","7,498.00","7,458.00","3.70K","-0.08%"
"08-06-2022","7,478.00","7,444.00","7,510.00","7,444.00","8.57K","0.27%"
"07-06-2022","7,458.00","7,480.00","7,532.00","7,400.00","8.01K","-0.40%"
"06-06-2022","7,488.00","7,480.00","7,542.00","7,478.00","4.46K","-0.16%"
"03-06-2022","7,500.00","7,450.00","7,518.00","7,446.00","6.80K","0.64%"
"02-06-2022","7,452.00","7,402.00","7,478.00","7,380.00","7.71K","0.49%"
"01-06-2022","7,416.00","7,392.00","7,456.00","7,342.00","8.81K","0.19%"
"31-05-2022","7,402.00","7,342.00","7,430.00","7,270.00","10.21K","0.46%"
"30-05-2022","7,368.00","7,572.00","7,584.00","7,290.00","19.21K","-2.95%"
"27-05-2022","7,592.00","7,630.00","7,656.00","7,554.00","6.27K","-0.52%"
"26-05-2022","7,632.00","7,530.00","7,648.00","7,510.00","12.70K","1.76%"
"25-05-2022","7,500.00","7,598.00","7,598.00","7,486.00","12.24K","-1.47%"
"24-05-2022","7,612.00","7,630.00","7,676.00","7,584.00","7.45K","-0.21%"
"23-05-2022","7,628.00","7,652.00","7,724.00","7,562.00","16.52K","1.36%"
"20-05-2022","7,526.00","7,550.00","7,550.00","7,500.00","0.60K","1.02%"
"19-05-2022","7,450.00","7,450.00","7,450.00","7,450.00","0.37K","0.22%"
"18-05-2022","7,434.00","7,450.00","7,450.00","7,392.00","0.92K","-0.83%"
"17-05-2022","7,496.00","7,474.00","7,578.00","7,440.00","0.39K","0.29%"
"16-05-2022","7,474.00","7,408.00","7,510.00","7,408.00","2.14K","1.83%"
"13-05-2022","7,340.00","7,328.00","7,378.00","7,322.00","1.02K","0.63%"
"12-05-2022","7,294.00","7,298.00","7,342.00","7,278.00","3.61K","0.11%"
"11-05-2022","7,286.00","7,240.00","7,308.00","7,240.00","3.66K","0.64%"
"10-05-2022","7,240.00","7,236.00","7,260.00","7,214.00","4.83K","0.03%"
"09-05-2022","7,238.00","7,232.00","7,274.00","7,232.00","5.95K","0.30%"
"06-05-2022","7,216.00","7,200.00","7,230.00","7,000.00","6.64K","0.08%"
"05-05-2022","7,210.00","7,290.00","7,324.00","7,150.00","10.14K","-0.93%"
"04-05-2022","7,278.00","7,294.00","7,310.00","7,238.00","7.73K","-0.03%"
"03-05-2022","7,280.00","7,280.00","7,280.00","7,280.00","","0.00%"
"02-05-2022","7,280.00","7,292.00","7,318.00","7,254.00","10.46K","-0.68%"
"29-04-2022","7,330.00","7,260.00","7,508.00","7,260.00","27.82K","1.13%"
"28-04-2022","7,248.00","7,184.00","7,258.00","7,168.00","17.15K","0.92%"
"27-04-2022","7,182.00","7,160.00","7,218.00","7,130.00","11.08K","0.25%"
"26-04-2022","7,164.00","7,150.00","7,182.00","7,102.00","8.77K","-0.22%"
"25-04-2022","7,180.00","7,170.00","7,228.00","7,154.00","10.53K","-0.03%"
"22-04-2022","7,182.00","7,230.00","7,234.00","7,166.00","6.37K","-0.64%"
"21-04-2022","7,228.00","7,154.00","7,248.00","7,150.00","15.08K","0.72%"
"20-04-2022","7,176.00","7,148.00","7,148.00","7,148.00","","2.96%"
"19-04-2022","6,970.00","7,020.00","7,020.00","6,970.00","0.22K","-1.83%"
"18-04-2022","7,100.00","7,108.00","7,108.00","7,090.00","0.02K","1.75%"
"14-04-2022","6,978.00","6,978.00","6,978.00","6,978.00","","0.00%"
"13-04-2022","6,978.00","6,970.00","7,000.00","6,964.00","0.07K","0.46%"
"12-04-2022","6,946.00","6,980.00","7,020.00","6,912.00","2.00K","-0.20%"
"11-04-2022","6,960.00","6,952.00","7,030.00","6,912.00","2.42K","-0.14%"
"08-04-2022","6,970.00","6,990.00","7,092.00","6,924.00","4.45K","-0.57%"
"07-04-2022","7,010.00","7,102.00","7,140.00","6,998.00","4.28K","-1.60%"
"06-04-2022","7,124.00","7,190.00","7,210.00","7,082.00","3.83K","-1.33%"
"05-04-2022","7,220.00","7,300.00","7,350.00","7,202.00","5.29K","-1.39%"
"04-04-2022","7,322.00","7,420.00","7,476.00","7,250.00","5.63K","-1.51%"
"01-04-2022","7,434.00","7,310.00","7,578.00","7,262.00","7.93K","2.00%"
"31-03-2022","7,288.00","7,236.00","7,310.00","7,228.00","2.64K","0.55%"
"30-03-2022","7,248.00","7,220.00","7,280.00","7,190.00","4.80K","0.47%"
"29-03-2022","7,214.00","7,204.00","7,240.00","7,172.00","3.20K","0.14%"
"28-03-2022","7,204.00","7,268.00","7,288.00","7,156.00","5.01K","-1.04%"
"25-03-2022","7,280.00","7,290.00","7,314.00","7,254.00","2.74K","-0.49%"
"24-03-2022","7,316.00","7,284.00","7,336.00","7,278.00","2.51K","-0.05%"
"23-03-2022","7,320.00","7,320.00","7,356.00","7,286.00","4.13K","0.30%"
"22-03-2022","7,298.00","7,274.00","7,328.00","7,240.00","4.58K","0.47%"
"21-03-2022","7,264.00","7,312.00","7,336.00","7,228.00","3.69K","-0.63%"
"18-03-2022","7,310.00","7,310.00","7,310.00","7,310.00","","0.00%"
"17-03-2022","7,310.00","7,280.00","7,346.00","7,272.00","5.17K","-0.57%"
"16-03-2022","7,352.00","7,270.00","7,270.00","7,270.00","","3.14%"
"15-03-2022","7,128.00","7,268.00","7,270.00","7,080.00","0.17K","-1.57%"
"14-03-2022","7,242.00","7,304.00","7,304.00","7,220.00","0.06K","0.58%"
"11-03-2022","7,200.00","7,140.00","7,230.00","7,140.00","0.34K","0.61%"
"10-03-2022","7,156.00","7,264.00","7,280.00","7,122.00","4.39K","-1.84%"
"09-03-2022","7,290.00","7,260.00","7,328.00","7,216.00","4.50K","0.94%"
"08-03-2022","7,222.00","7,258.00","7,284.00","7,148.00","5.77K","-0.52%"
"07-03-2022","7,260.00","7,200.00","7,360.00","7,150.00","5.18K","0.14%"
"04-03-2022","7,250.00","7,190.00","7,288.00","7,150.00","5.68K","0.69%"
"03-03-2022","7,200.00","7,330.00","7,416.00","7,118.00","9.02K","-1.48%"
"02-03-2022","7,308.00","7,090.00","7,430.00","7,088.00","13.91K","3.66%"
"01-03-2022","7,050.00","7,050.00","7,050.00","7,050.00","","0.00%"
"28-02-2022","7,050.00","6,870.00","7,066.00","6,808.00","8.28K","2.29%"
"25-02-2022","6,892.00","6,890.00","6,970.00","6,824.00","7.03K","0.76%"
"24-02-2022","6,840.00","6,760.00","6,890.00","6,606.00","17.46K","1.45%"
"23-02-2022","6,742.00","6,876.00","6,918.00","6,680.00","15.26K","-1.69%"
"22-02-2022","6,858.00","6,946.00","7,000.00","6,802.00","11.52K","-1.83%"
"21-02-2022","6,986.00","7,138.00","7,148.00","6,964.00","9.96K","-1.63%"
"18-02-2022","7,102.00","7,108.00","7,120.00","7,060.00","0.64K","0.85%"
"17-02-2022","7,042.00","6,998.00","7,058.00","6,974.00","0.41K","1.85%"
"16-02-2022","6,914.00","6,858.00","6,920.00","6,840.00","0.18K","1.08%"
"15-02-2022","6,840.00","6,790.00","6,850.00","6,780.00","0.13K","0.50%"
"14-02-2022","6,806.00","6,910.00","7,028.00","6,758.00","4.78K","-0.67%"
"11-02-2022","6,852.00","6,806.00","6,864.00","6,736.00","3.16K","1.36%"
"10-02-2022","6,760.00","6,664.00","6,778.00","6,652.00","4.05K","1.75%"
"09-02-2022","6,644.00","6,606.00","6,688.00","6,586.00","4.05K","0.82%"
"08-02-2022","6,590.00","6,574.00","6,598.00","6,520.00","2.15K","0.12%"
"07-02-2022","6,582.00","6,576.00","6,628.00","6,556.00","3.60K","0.70%"
"04-02-2022","6,536.00","6,454.00","6,580.00","6,454.00","4.71K","1.18%"
"03-02-2022","6,460.00","6,446.00","6,466.00","6,426.00","3.29K","0.22%"
"02-02-2022","6,446.00","6,464.00","6,476.00","6,438.00","2.73K","-0.15%"
"01-02-2022","6,456.00","6,490.00","6,516.00","6,446.00","3.16K","-0.31%"
"31-01-2022","6,476.00","6,450.00","6,516.00","6,412.00","9.54K","0.47%"
"28-01-2022","6,446.00","6,470.00","6,486.00","6,370.00","7.51K","-0.49%"
"27-01-2022","6,478.00","6,440.00","6,518.00","6,404.00","13.29K","0.93%"
"25-01-2022","6,418.00","6,332.00","6,436.00","6,302.00","7.42K","1.78%"
"24-01-2022","6,306.00","6,296.00","6,330.00","6,262.00","4.27K","0.61%"
"21-01-2022","6,268.00","6,218.00","6,312.00","6,182.00","9.11K","2.02%"
"20-01-2022","6,144.00","6,144.00","6,144.00","6,144.00","0.17K","-2.78%"
"19-01-2022","6,320.00","6,346.00","6,350.00","6,266.00","0.07K","1.35%"
"18-01-2022","6,236.00","6,236.00","6,236.00","6,236.00","0.05K","0.00%"
"17-01-2022","6,236.00","6,238.00","6,248.00","6,230.00","0.28K","-0.29%"
"14-01-2022","6,254.00","6,202.00","6,272.00","6,202.00","2.66K","0.90%"
"13-01-2022","6,198.00","6,094.00","6,242.00","6,090.00","3.03K","1.67%"
"12-01-2022","6,096.00","6,032.00","6,100.00","6,016.00","3.23K","1.97%"
"11-01-2022","5,978.00","5,908.00","5,980.00","5,906.00","3.95K","1.36%"
"10-01-2022","5,898.00","5,880.00","5,940.00","5,834.00","8.15K","0.31%"
"07-01-2022","5,880.00","5,898.00","5,976.00","5,868.00","3.42K","-1.08%"
"06-01-2022","5,944.00","5,822.00","5,950.00","5,822.00","2.81K","-0.47%"
"05-01-2022","5,972.00","5,994.00","6,016.00","5,954.00","1.58K","-0.20%"
"04-01-2022","5,984.00","5,946.00","5,988.00","5,892.00","4.75K","0.77%"
"03-01-2022","5,938.00","5,914.00","5,992.00","5,878.00","4.36K","1.02%"
"31-12-2021","5,878.00","5,858.00","5,920.00","5,802.00","7.52K","0.75%"
"30-12-2021","5,834.00","5,800.00","5,838.00","5,774.00","5.47K","0.52%"
"29-12-2021","5,804.00","5,810.00","5,864.00","5,758.00","5.02K","-0.03%"
"28-12-2021","5,806.00","5,848.00","5,878.00","5,754.00","6.52K","-0.72%"
"27-12-2021","5,848.00","5,922.00","5,946.00","5,824.00","4.34K","-1.65%"
"24-12-2021","5,946.00","5,946.00","5,988.00","5,924.00","5.04K","-0.30%"
"23-12-2021","5,964.00","5,900.00","5,994.00","5,892.00","5.02K","0.91%"
"22-12-2021","5,910.00","5,850.00","5,984.00","5,798.00","8.92K","0.82%"
"21-12-2021","5,862.00","5,936.00","5,980.00","5,822.00","5.41K","-0.91%"
"20-12-2021","5,916.00","5,990.00","5,990.00","5,898.00","1.42K","-2.92%"
"17-12-2021","6,094.00","6,190.00","6,190.00","6,092.00","0.84K","-1.65%"
"16-12-2021","6,196.00","6,180.00","6,202.00","6,180.00","0.89K","0.42%"
"15-12-2021","6,170.00","6,180.00","6,222.00","6,164.00","1.34K","-0.23%"
"14-12-2021","6,184.00","6,108.00","6,200.00","6,108.00","5.18K","2.21%"
"13-12-2021","6,050.00","6,328.00","6,366.00","5,970.00","5.60K","-4.42%"
"10-12-2021","6,330.00","6,280.00","6,338.00","6,234.00","7.47K","0.48%"
"09-12-2021","6,300.00","6,410.00","6,436.00","6,268.00","9.84K","-1.84%"
"08-12-2021","6,418.00","6,438.00","6,472.00","6,406.00","5.34K","-0.28%"
"07-12-2021","6,436.00","6,424.00","6,440.00","6,380.00","5.95K","0.22%"
"06-12-2021","6,422.00","6,500.00","6,512.00","6,402.00","5.30K","-0.74%"
"03-12-2021","6,470.00","6,420.00","6,476.00","6,412.00","4.11K","0.56%"
"02-12-2021","6,434.00","6,494.00","6,518.00","6,412.00","5.43K","-1.05%"
"01-12-2021","6,502.00","6,472.00","6,514.00","6,456.00","4.02K","0.59%"
"30-11-2021","6,464.00","6,430.00","6,474.00","6,410.00","5.70K","0.44%"
"29-11-2021","6,436.00","6,560.00","6,560.00","6,342.00","11.09K","-1.47%"
"26-11-2021","6,532.00","6,456.00","6,542.00","6,450.00","8.49K","0.86%"
"25-11-2021","6,476.00","6,464.00","6,488.00","6,438.00","5.00K","0.28%"
"24-11-2021","6,458.00","6,480.00","6,500.00","6,430.00","5.38K","-0.55%"
"23-11-2021","6,494.00","6,574.00","6,574.00","6,474.00","4.95K","-0.67%"
"22-11-2021","6,538.00","6,386.00","6,550.00","6,372.00","10.50K","2.77%"
"19-11-2021","6,362.00","6,362.00","6,362.00","6,362.00","","0.00%"
"18-11-2021","6,362.00","6,380.00","6,418.00","6,330.00","9.15K","1.14%"
"17-11-2021","6,290.00","6,290.00","6,290.00","6,290.00","0.19K","0.10%"
"16-11-2021","6,284.00","6,362.00","6,368.00","6,270.00","0.28K","-2.63%"
"15-11-2021","6,454.00","6,532.00","6,658.00","6,402.00","0.37K","0.03%"
"12-11-2021","6,452.00","6,430.00","6,482.00","6,430.00","0.89K","0.47%"
"11-11-2021","6,422.00","6,436.00","6,480.00","6,418.00","12.13K","-0.22%"
"10-11-2021","6,436.00","6,490.00","6,520.00","6,424.00","16.93K","-0.92%"
"09-11-2021","6,496.00","6,590.00","6,650.00","6,474.00","9.35K","-0.95%"
"08-11-2021","6,558.00","6,490.00","6,590.00","6,488.00","14.99K","0.99%"
"05-11-2021","6,494.00","6,494.00","6,494.00","6,494.00","","0.00%"
"04-11-2021","6,494.00","6,450.00","6,528.00","6,444.00","2.88K","0.40%"
"03-11-2021","6,468.00","6,518.00","6,540.00","6,430.00","6.94K","-0.68%"
"02-11-2021","6,512.00","6,592.00","6,592.00","6,504.00","7.29K","-0.43%"
"01-11-2021","6,540.00","6,576.00","6,634.00","6,522.00","5.84K","-0.79%"
"29-10-2021","6,592.00","6,610.00","6,660.00","6,530.00","13.50K","-0.30%"
"28-10-2021","6,612.00","6,636.00","6,690.00","6,560.00","20.03K","-0.45%"
"27-10-2021","6,642.00","6,578.00","6,680.00","6,570.00","17.35K","1.53%"
"26-10-2021","6,542.00","6,402.00","6,590.00","6,390.00","19.65K","1.74%"
"25-10-2021","6,430.00","6,480.00","6,520.00","6,322.00","16.58K","-0.16%"
"22-10-2021","6,440.00","6,440.00","6,510.00","6,384.00","15.09K","-0.37%"
"21-10-2021","6,464.00","6,412.00","6,600.00","6,412.00","21.97K","1.32%"
"20-10-2021","6,380.00","6,332.00","6,404.00","6,332.00","8.44K","0.28%"
"19-10-2021","6,362.00","6,362.00","6,424.00","6,312.00","13.98K","1.47%"
"18-10-2021","6,270.00","6,258.00","6,280.00","5,966.00","0.19K","3.06%"
"15-10-2021","6,084.00","6,084.00","6,084.00","6,084.00","","0.00%"
"14-10-2021","6,084.00","6,084.00","6,084.00","6,084.00","0.01K","1.26%"
"13-10-2021","6,008.00","6,100.00","6,116.00","5,996.00","0.51K","-1.70%"
"12-10-2021","6,112.00","6,110.00","6,148.00","6,086.00","0.21K","0.73%"
"11-10-2021","6,068.00","6,148.00","6,180.00","6,022.00","20.97K","-0.85%"
"08-10-2021","6,120.00","6,072.00","6,188.00","6,068.00","14.37K","0.82%"
"07-10-2021","6,070.00","6,058.00","6,080.00","5,974.00","10.71K","0.20%"
"06-10-2021","6,058.00","6,054.00","6,100.00","6,044.00","9.70K","0.40%"
"05-10-2021","6,034.00","6,022.00","6,080.00","6,006.00","7.06K","-0.20%"
"04-10-2021","6,046.00","6,128.00","6,130.00","5,970.00","9.42K","-1.40%"
"01-10-2021","6,132.00","6,110.00","6,160.00","6,070.00","8.38K","0.10%"
"30-09-2021","6,126.00","6,210.00","6,228.00","6,108.00","9.30K","-1.26%"
"29-09-2021","6,204.00","6,142.00","6,222.00","6,142.00","9.80K","1.04%"
"28-09-2021","6,140.00","6,134.00","6,198.00","6,096.00","10.03K","0.07%"
"27-09-2021","6,136.00","6,226.00","6,232.00","6,122.00","9.34K","-1.26%"
"24-09-2021","6,214.00","6,184.00","6,248.00","6,170.00","13.41K","0.78%"
"23-09-2021","6,166.00","6,080.00","6,180.00","6,030.00","14.00K","1.78%"
"22-09-2021","6,058.00","6,076.00","6,128.00","5,970.00","11.03K","-0.56%"
"21-09-2021","6,092.00","6,210.00","6,246.00","6,024.00","16.75K","-1.65%"
"20-09-2021","6,194.00","6,254.00","6,254.00","5,930.00","25.35K","-0.32%"
"17-09-2021","6,214.00","6,220.00","6,230.00","6,200.00","0.04K","-0.83%"
"16-09-2021","6,266.00","6,272.00","6,276.00","6,250.00","0.25K","1.39%"
"15-09-2021","6,180.00","6,174.00","6,264.00","6,160.00","0.26K","-0.06%"
"14-09-2021","6,184.00","6,230.00","6,248.00","6,150.00","0.92K","-0.23%"
"13-09-2021","6,198.00","6,230.00","6,264.00","6,176.00","12.65K","-1.59%"
"10-09-2021","6,298.00","6,298.00","6,298.00","6,298.00","","0.00%"
"09-09-2021","6,298.00","6,340.00","6,380.00","6,230.00","10.84K","-0.32%"
"08-09-2021","6,318.00","6,150.00","6,370.00","6,150.00","13.00K","2.97%"
"07-09-2021","6,136.00","6,060.00","6,174.00","6,054.00","7.58K","1.32%"
"06-09-2021","6,056.00","6,100.00","6,146.00","6,038.00","7.00K","-0.39%"
"03-09-2021","6,080.00","6,078.00","6,132.00","6,040.00","7.52K","0.73%"
"02-09-2021","6,036.00","5,938.00","6,050.00","5,866.00","8.77K","2.24%"
"01-09-2021","5,904.00","5,840.00","5,974.00","5,794.00","13.54K","0.27%"
"31-08-2021","5,888.00","5,902.00","6,044.00","5,850.00","14.30K","-1.01%"
"30-08-2021","5,948.00","6,010.00","6,156.00","5,760.00","26.13K","-0.87%"
"27-08-2021","6,000.00","6,150.00","6,230.00","5,952.00","26.05K","-2.09%"
"26-08-2021","6,128.00","6,350.00","6,398.00","6,100.00","41.16K","-4.37%"
"25-08-2021","6,408.00","6,480.00","6,784.00","6,318.00","49.34K","0.13%"
"24-08-2021","6,400.00","6,068.00","6,400.00","6,062.00","35.47K","6.00%"
"23-08-2021","6,038.00","5,910.00","6,060.00","5,880.00","29.30K","2.51%"
"20-08-2021","5,890.00","5,914.00","5,914.00","5,914.00","0.02K","0.00%"
"19-08-2021","5,890.00","5,890.00","5,890.00","5,890.00","","0.00%"
"18-08-2021","5,890.00","5,820.00","5,892.00","5,820.00","0.25K","0.99%"
"17-08-2021","5,832.00","5,832.00","5,832.00","5,832.00","0.01K","0.00%"
"16-08-2021","5,832.00","5,838.00","5,838.00","5,820.00","0.31K","1.39%"
"13-08-2021","5,752.00","5,668.00","5,880.00","5,632.00","8.57K","1.55%"
"12-08-2021","5,664.00","5,640.00","5,682.00","5,622.00","7.26K","0.35%"
"11-08-2021","5,644.00","5,666.00","5,676.00","5,636.00","2.77K","-0.14%"
"10-08-2021","5,652.00","5,564.00","5,670.00","5,510.00","7.21K","1.00%"
"09-08-2021","5,596.00","5,598.00","5,616.00","5,542.00","6.94K","0.29%"
"06-08-2021","5,580.00","5,630.00","5,660.00","5,562.00","6.16K","-1.27%"
"05-08-2021","5,652.00","5,660.00","5,674.00","5,612.00","8.70K","0.28%"
"04-08-2021","5,636.00","5,638.00","5,670.00","5,608.00","7.58K","0.25%"
"03-08-2021","5,622.00","5,618.00","5,646.00","5,590.00","8.04K","-0.18%"
"02-08-2021","5,632.00","5,636.00","5,688.00","5,612.00","9.06K","0.11%"
"30-07-2021","5,626.00","5,634.00","5,662.00","5,612.00","7.19K","0.32%"
"29-07-2021","5,608.00","5,560.00","5,772.00","5,560.00","13.86K","1.05%"
"28-07-2021","5,550.00","5,584.00","5,584.00","5,500.00","7.39K","-0.86%"
"27-07-2021","5,598.00","5,620.00","5,678.00","5,590.00","7.61K","-0.53%"
"26-07-2021","5,628.00","5,600.00","5,664.00","5,562.00","10.03K","0.32%"
"23-07-2021","5,610.00","5,686.00","5,690.00","5,598.00","13.06K","-0.88%"
"22-07-2021","5,660.00","5,468.00","5,678.00","5,468.00","18.58K","3.66%"
"21-07-2021","5,460.00","5,460.00","5,460.00","5,460.00","","0.92%"
"20-07-2021","5,410.00","5,400.00","5,420.00","5,400.00","0.27K","-0.59%"
"19-07-2021","5,442.00","5,422.00","5,450.00","5,422.00","0.19K","0.85%"
"16-07-2021","5,396.00","5,300.00","5,438.00","5,300.00","0.90K","1.85%"
"15-07-2021","5,298.00","5,314.00","5,314.00","5,292.00","0.54K","-0.26%"
"14-07-2021","5,312.00","5,334.00","5,336.00","5,302.00","6.66K","-0.26%"
"13-07-2021","5,326.00","5,322.00","5,344.00","5,312.00","6.09K","0.41%"
"12-07-2021","5,304.00","5,260.00","5,308.00","5,260.00","6.86K","1.03%"
"09-07-2021","5,250.00","5,212.00","5,264.00","5,212.00","8.34K","0.96%"
"08-07-2021","5,200.00","5,198.00","5,216.00","5,186.00","5.77K","0.23%"
"07-07-2021","5,188.00","5,186.00","5,196.00","5,172.00","3.21K","0.08%"
"06-07-2021","5,184.00","5,172.00","5,190.00","5,162.00","3.77K","0.12%"
"05-07-2021","5,178.00","5,210.00","5,234.00","5,164.00","5.84K","-0.58%"
"02-07-2021","5,208.00","5,144.00","5,236.00","5,144.00","9.18K","1.32%"
"01-07-2021","5,140.00","5,106.00","5,140.00","5,100.00","4.19K","0.71%"
"30-06-2021","5,104.00","5,108.00","5,144.00","5,098.00","7.07K","-0.04%"
"29-06-2021","5,106.00","5,074.00","5,112.00","5,070.00","3.30K","0.51%"
"28-06-2021","5,080.00","5,088.00","5,126.00","5,050.00","4.21K","-0.16%"
"25-06-2021","5,088.00","5,098.00","5,128.00","5,080.00","5.25K","-0.08%"
"24-06-2021","5,092.00","5,104.00","5,116.00","5,072.00","4.77K","-0.47%"
"23-06-2021","5,116.00","5,132.00","5,148.00","5,098.00","5.28K","-0.31%"
"22-06-2021","5,132.00","5,160.00","5,164.00","5,122.00","4.58K","0.12%"
"21-06-2021","5,126.00","5,122.00","5,168.00","5,114.00","6.13K","1.30%"
"18-06-2021","5,060.00","5,060.00","5,060.00","5,060.00","0.15K","0.56%"
"17-06-2021","5,032.00","5,000.00","5,040.00","5,000.00","0.37K","0.24%"
"16-06-2021","5,020.00","5,050.00","5,050.00","5,020.00","0.90K","-0.48%"
"15-06-2021","5,044.00","5,056.00","5,056.00","5,038.00","0.06K","1.29%"
"14-06-2021","4,980.00","4,968.00","4,996.00","4,948.00","10.99K","-0.36%"
"11-06-2021","4,998.00","5,028.00","5,042.00","4,972.00","5.01K","-0.79%"
"10-06-2021","5,038.00","5,068.00","5,068.00","5,032.00","5.45K","-0.43%"
"09-06-2021","5,060.00","5,082.00","5,100.00","5,036.00","4.67K","-0.24%"
"08-06-2021","5,072.00","5,120.00","5,120.00","5,062.00","4.86K","-0.67%"
"07-06-2021","5,106.00","5,060.00","5,136.00","5,044.00","9.45K","1.55%"
"04-06-2021","5,028.00","5,038.00","5,080.00","5,020.00","7.06K","-0.24%"
"03-06-2021","5,040.00","5,036.00","5,084.00","5,022.00","6.71K","0.28%"
"02-06-2021","5,026.00","5,016.00","5,032.00","4,968.00","5.21K","0.44%"
"01-06-2021","5,004.00","5,038.00","5,038.00","4,990.00","4.94K","-0.40%"
"31-05-2021","5,024.00","5,038.00","5,058.00","4,988.00","7.54K","-0.79%"
"28-05-2021","5,064.00","5,088.00","5,108.00","5,060.00","5.42K","-0.12%"
"27-05-2021","5,070.00","5,058.00","5,082.00","5,042.00","3.01K","0.04%"
"26-05-2021","5,068.00","5,090.00","5,120.00","5,032.00","6.64K","-0.43%"
"25-05-2021","5,090.00","5,090.00","5,100.00","5,060.00","6.11K","0.43%"
"24-05-2021","5,068.00","5,028.00","5,084.00","4,882.00","12.49K","0.28%"
"21-05-2021","5,054.00","5,114.00","5,138.00","5,042.00","5.60K","-0.12%"
"20-05-2021","5,060.00","5,070.00","5,070.00","5,050.00","0.03K","-0.78%"
"19-05-2021","5,100.00","5,100.00","5,100.00","5,100.00","0.03K","0.12%"
"18-05-2021","5,094.00","5,150.00","5,194.00","5,000.00","0.18K","-1.51%"
"17-05-2021","5,172.00","5,220.00","5,220.00","5,156.00","0.22K","1.25%"
"14-05-2021","5,108.00","5,128.00","5,166.00","5,094.00","5.26K","-1.01%"
"13-05-2021","5,160.00","5,160.00","5,160.00","5,160.00","","0.00%"
"12-05-2021","5,160.00","5,154.00","5,220.00","5,154.00","3.01K","0.00%"
"11-05-2021","5,160.00","5,122.00","5,166.00","5,116.00","6.33K","0.39%"
"10-05-2021","5,140.00","5,200.00","5,200.00","5,128.00","8.79K","-0.58%"
"07-05-2021","5,170.00","5,210.00","5,222.00","5,144.00","8.51K","-0.58%"
"06-05-2021","5,200.00","5,224.00","5,240.00","5,188.00","6.06K","-0.46%"
"05-05-2021","5,224.00","5,224.00","5,240.00","5,184.00","6.87K","0.38%"
"04-05-2021","5,204.00","5,144.00","5,210.00","5,122.00","6.40K","1.40%"
"03-05-2021","5,132.00","5,204.00","5,238.00","5,064.00","6.99K","-1.50%"
"30-04-2021","5,210.00","5,250.00","5,250.00","5,180.00","7.43K","-0.99%"
"29-04-2021","5,262.00","5,298.00","5,320.00","5,222.00","7.68K","0.04%"
"28-04-2021","5,260.00","5,184.00","5,280.00","5,150.00","13.22K","0.42%"
"27-04-2021","5,238.00","5,080.00","5,248.00","5,080.00","11.77K","2.83%"
"26-04-2021","5,094.00","5,212.00","5,248.00","5,054.00","13.88K","-3.23%"
"23-04-2021","5,264.00","5,370.00","5,428.00","5,200.00","16.51K","-1.86%"
"22-04-2021","5,364.00","5,280.00","5,426.00","5,256.00","20.98K","2.80%"
"21-04-2021","5,218.00","5,218.00","5,218.00","5,218.00","","1.79%"
"20-04-2021","5,126.00","5,224.00","5,224.00","5,224.00","0.10K","0.00%"
"19-04-2021","5,126.00","5,126.00","5,126.00","5,126.00","0.03K","2.36%"
"16-04-2021","5,008.00","5,008.00","5,008.00","5,008.00","","0.00%"
"15-04-2021","5,008.00","4,900.00","5,130.00","4,900.00","0.07K","3.30%"
"14-04-2021","4,848.00","4,848.00","4,848.00","4,848.00","","0.00%"
"13-04-2021","4,848.00","4,800.00","4,888.00","4,768.00","2.43K","2.06%"
"12-04-2021","4,750.00","4,782.00","4,782.00","4,726.00","4.90K","-0.46%"
"09-04-2021","4,772.00","4,810.00","4,836.00","4,742.00","3.74K","-0.38%"
"08-04-2021","4,790.00","4,788.00","4,826.00","4,774.00","2.31K","-0.25%"
"07-04-2021","4,802.00","4,842.00","4,880.00","4,790.00","4.20K","-0.70%"
"06-04-2021","4,836.00","4,930.00","4,932.00","4,796.00","5.95K","-2.11%"
"05-04-2021","4,940.00","4,840.00","4,970.00","4,830.00","14.49K","1.23%"
"01-04-2021","4,880.00","4,880.00","4,930.00","4,846.00","8.41K","0.66%"
"31-03-2021","4,848.00","4,740.00","4,866.00","4,734.00","7.61K","1.76%"
"30-03-2021","4,764.00","4,760.00","4,772.00","4,704.00","2.70K","0.17%"
"29-03-2021","4,756.00","4,756.00","4,756.00","4,756.00","","0.00%"
"26-03-2021","4,756.00","4,700.00","4,762.00","4,684.00","4.67K","0.42%"
"25-03-2021","4,736.00","4,816.00","4,834.00","4,704.00","4.78K","-1.62%"
"24-03-2021","4,814.00","4,838.00","4,876.00","4,792.00","5.55K","-0.50%"
"23-03-2021","4,838.00","4,820.00","4,930.00","4,750.00","9.82K","1.55%"
"22-03-2021","4,764.00","4,696.00","4,778.00","4,684.00","4.27K","2.94%"
"19-03-2021","4,628.00","4,628.00","4,628.00","4,628.00","0.02K","-2.98%"
"18-03-2021","4,770.00","4,770.00","4,770.00","4,770.00","0.01K","-0.67%"
"17-03-2021","4,802.00","4,802.00","4,802.00","4,802.00","","2.34%"
"16-03-2021","4,692.00","4,670.00","4,726.00","4,670.00","0.27K","1.21%"
"15-03-2021","4,636.00","4,738.00","4,772.00","4,604.00","1.38K","-2.07%"
"12-03-2021","4,734.00","4,672.00","4,750.00","4,672.00","3.27K","2.42%"
"10-03-2021","4,622.00","4,600.00","4,626.00","4,566.00","6.80K","0.52%"
"09-03-2021","4,598.00","4,600.00","4,600.00","4,538.00","2.84K","0.61%"
"08-03-2021","4,570.00","4,484.00","4,590.00","4,482.00","3.79K","2.79%"
"05-03-2021","4,446.00","4,346.00","4,456.00","4,346.00","2.81K","0.45%"
"04-03-2021","4,426.00","4,522.00","4,532.00","4,394.00","3.86K","-2.25%"
"03-03-2021","4,528.00","4,502.00","4,540.00","4,492.00","3.34K","-0.13%"
"02-03-2021","4,534.00","4,450.00","4,560.00","4,450.00","9.16K","1.52%"
"01-03-2021","4,466.00","4,444.00","4,492.00","4,444.00","3.64K","0.90%"
"26-02-2021","4,426.00","4,394.00","4,448.00","4,392.00","3.14K","0.50%"
"25-02-2021","4,404.00","4,388.00","4,440.00","4,388.00","3.69K","0.64%"
"24-02-2021","4,376.00","4,370.00","4,410.00","4,356.00","1.93K","0.09%"
"23-02-2021","4,372.00","4,328.00","4,388.00","4,314.00","2.23K","1.30%"
"22-02-2021","4,316.00","4,300.00","4,336.00","4,270.00","1.95K","0.56%"
"19-02-2021","4,292.00","4,350.00","4,350.00","4,350.00","0.14K","0.00%"
"18-02-2021","4,292.00","4,400.00","4,400.00","4,292.00","0.51K","-2.98%"
"17-02-2021","4,424.00","4,424.00","4,424.00","4,424.00","0.04K","0.14%"
"16-02-2021","4,418.00","4,420.00","4,420.00","4,410.00","0.53K","0.68%"
"15-02-2021","4,388.00","4,372.00","4,426.00","4,372.00","2.96K","-0.54%"
"12-02-2021","4,412.00","4,396.00","4,416.00","4,394.00","2.38K","0.32%"
"11-02-2021","4,398.00","4,390.00","4,410.00","4,384.00","2.71K","-0.09%"
"10-02-2021","4,402.00","4,390.00","4,404.00","4,372.00","2.62K","0.09%"
"09-02-2021","4,398.00","4,376.00","4,428.00","4,370.00","4.85K","0.27%"
"08-02-2021","4,386.00","4,416.00","4,416.00","4,376.00","4.86K","-0.50%"
"05-02-2021","4,408.00","4,400.00","4,420.00","4,370.00","3.92K","0.46%"
"04-02-2021","4,388.00","4,390.00","4,408.00","4,376.00","2.52K","-0.09%"
"03-02-2021","4,392.00","4,380.00","4,398.00","4,378.00","1.79K","0.32%"
"02-02-2021","4,378.00","4,374.00","4,388.00","4,350.00","3.77K","0.18%"
"01-02-2021","4,370.00","4,380.00","4,418.00","4,356.00","2.95K","-0.23%"
"29-01-2021","4,380.00","4,394.00","4,412.00","4,370.00","2.15K","-0.68%"
"28-01-2021","4,410.00","4,360.00","4,414.00","4,358.00","3.85K","1.24%"
"27-01-2021","4,356.00","4,360.00","4,370.00","4,330.00","2.57K","-0.09%"
"25-01-2021","4,360.00","4,362.00","4,450.00","4,354.00","4.22K","-1.13%"
"22-01-2021","4,410.00","4,402.00","4,438.00","4,400.00","2.97K","0.09%"
"21-01-2021","4,406.00","4,394.00","4,412.00","4,374.00","2.31K","-0.45%"
"20-01-2021","4,426.00","4,388.00","4,388.00","4,388.00","0.21K","0.00%"
"19-01-2021","4,426.00","4,426.00","4,426.00","4,426.00","0.01K","0.00%"
"18-01-2021","4,426.00","4,336.00","4,508.00","4,336.00","0.30K","0.05%"
"15-01-2021","4,424.00","4,424.00","4,424.00","4,424.00","","0.00%"
"14-01-2021","4,424.00","4,424.00","4,440.00","4,414.00","2.09K","0.05%"
"13-01-2021","4,422.00","4,418.00","4,436.00","4,408.00","4.08K","0.18%"
"12-01-2021","4,414.00","4,418.00","4,436.00","4,390.00","4.22K","0.00%"
"11-01-2021","4,414.00","4,420.00","4,462.00","4,302.00","4.71K","-0.18%"
"08-01-2021","4,422.00","4,422.00","4,448.00","4,400.00","4.13K","0.45%"
"07-01-2021","4,402.00","4,432.00","4,468.00","4,392.00","3.41K","-0.59%"
"06-01-2021","4,428.00","4,416.00","4,462.00","4,396.00","3.96K","0.64%"
"05-01-2021","4,400.00","4,400.00","4,402.00","4,352.00","3.09K","0.32%"
"04-01-2021","4,386.00","4,420.00","4,426.00","4,370.00","4.03K","-0.99%"
"01-01-2021","4,430.00","4,458.00","4,458.00","4,412.00","2.02K","-0.32%"
"31-12-2020","4,444.00","4,430.00","4,470.00","4,426.00","6.09K","0.50%"
"30-12-2020","4,422.00","4,390.00","4,438.00","4,386.00","3.75K","0.96%"
"29-12-2020","4,380.00","4,378.00","4,410.00","4,350.00","5.14K","0.18%"
"28-12-2020","4,372.00","4,418.00","4,430.00","4,358.00","4.17K","-1.40%"
"24-12-2020","4,434.00","4,408.00","4,448.00","4,382.00","3.32K","1.37%"
"23-12-2020","4,374.00","4,378.00","4,390.00","4,342.00","3.09K","0.51%"
"22-12-2020","4,352.00","4,318.00","4,386.00","4,286.00","5.29K","0.88%"
"21-12-2020","4,314.00","4,368.00","4,400.00","4,308.00","3.38K","0.28%"
"18-12-2020","4,302.00","4,302.00","4,302.00","4,302.00","0.07K","-2.85%"
"17-12-2020","4,428.00","4,428.00","4,428.00","4,428.00","","0.00%"
"16-12-2020","4,428.00","4,442.00","4,472.00","4,420.00","0.57K","0.64%"
"15-12-2020","4,400.00","4,400.00","4,400.00","4,400.00","0.69K","-0.41%"
"14-12-2020","4,418.00","4,442.00","4,444.00","4,408.00","3.60K","-0.54%"
"11-12-2020","4,442.00","4,508.00","4,544.00","4,420.00","4.97K","-1.42%"
"10-12-2020","4,506.00","4,518.00","4,528.00","4,494.00","3.92K","-0.13%"
"09-12-2020","4,512.00","4,572.00","4,572.00","4,490.00","5.52K","-1.01%"
"08-12-2020","4,558.00","4,572.00","4,572.00","4,532.00","3.42K","-0.22%"
"07-12-2020","4,568.00","4,556.00","4,580.00","4,508.00","2.71K","-0.65%"
"04-12-2020","4,598.00","4,600.00","4,624.00","4,584.00","3.62K","-0.09%"
"03-12-2020","4,602.00","4,574.00","4,614.00","4,552.00","6.83K","0.92%"
"02-12-2020","4,560.00","4,560.00","4,620.00","4,464.00","8.65K","0.13%"
"01-12-2020","4,554.00","4,650.00","4,668.00","4,516.00","10.78K","-1.77%"
"27-11-2020","4,636.00","4,640.00","4,660.00","4,480.00","9.83K","0.39%"
"26-11-2020","4,618.00","4,712.00","4,716.00","4,610.00","3.84K","-1.37%"
"25-11-2020","4,682.00","4,650.00","4,696.00","4,650.00","3.57K","1.12%"
"24-11-2020","4,630.00","4,718.00","4,718.00","4,614.00","4.85K","-1.07%"
"23-11-2020","4,680.00","4,740.00","4,746.00","4,670.00","4.62K","-0.09%"
"20-11-2020","4,684.00","4,690.00","4,768.00","4,640.00","0.07K","0.99%"
"19-11-2020","4,638.00","4,650.00","4,690.00","4,600.00","0.48K","1.22%"
"18-11-2020","4,582.00","4,600.00","4,600.00","4,580.00","1.59K","-1.63%"
"17-11-2020","4,658.00","4,658.00","4,658.00","4,650.00","1.66K","-2.43%"
"14-11-2020","4,774.00","4,700.00","4,774.00","4,680.00","1.23K","1.44%"
"13-11-2020","4,706.00","4,698.00","4,718.00","4,696.00","3.67K","-0.04%"
"12-11-2020","4,708.00","4,674.00","4,726.00","4,674.00","2.09K","0.30%"
"11-11-2020","4,694.00","4,672.00","4,714.00","4,646.00","3.26K","0.47%"
"10-11-2020","4,672.00","4,698.00","4,700.00","4,634.00","1.73K","0.17%"
"09-11-2020","4,664.00","4,570.00","4,700.00","4,534.00","4.30K","0.26%"
"06-11-2020","4,652.00","4,702.00","4,718.00","4,626.00","3.50K","-1.52%"
"05-11-2020","4,724.00","4,764.00","4,848.00","4,708.00","3.36K","-0.55%"
"04-11-2020","4,750.00","4,680.00","4,780.00","4,650.00","7.37K","2.11%"
"03-11-2020","4,652.00","4,526.00","4,670.00","4,526.00","9.11K","2.47%"
"02-11-2020","4,540.00","4,532.00","4,554.00","4,480.00","5.17K","0.62%"
"30-10-2020","4,512.00","4,436.00","4,524.00","4,430.00","8.32K","1.58%"
"29-10-2020","4,442.00","4,380.00","4,490.00","4,380.00","8.36K","1.18%"
"28-10-2020","4,390.00","4,426.00","4,440.00","4,382.00","5.28K","-0.54%"
"27-10-2020","4,414.00","4,390.00","4,428.00","4,344.00","5.63K","1.38%"
"26-10-2020","4,354.00","4,250.00","4,396.00","4,250.00","8.01K","2.64%"
"23-10-2020","4,242.00","4,240.00","4,250.00","4,224.00","3.58K","0.09%"
"22-10-2020","4,238.00","4,244.00","4,268.00","4,230.00","3.76K","-0.14%"
"21-10-2020","4,244.00","4,226.00","4,274.00","4,206.00","6.15K","1.68%"
"20-10-2020","4,174.00","4,220.00","4,220.00","4,220.00","0.09K","0.00%"
"19-10-2020","4,174.00","4,174.00","4,174.00","4,174.00","0.02K","1.02%"
"16-10-2020","4,132.00","4,132.00","4,132.00","4,132.00","","0.00%"
"15-10-2020","4,132.00","4,132.00","4,132.00","4,132.00","0.08K","0.93%"
"14-10-2020","4,094.00","4,096.00","4,134.00","4,000.00","2.43K","-0.49%"
"13-10-2020","4,114.00","4,112.00","4,132.00","4,102.00","2.95K","-0.19%"
"12-10-2020","4,122.00","4,100.00","4,138.00","4,100.00","2.13K","0.00%"
"09-10-2020","4,122.00","4,140.00","4,150.00","4,116.00","3.49K","-0.19%"
"08-10-2020","4,130.00","4,094.00","4,136.00","4,072.00","3.61K","1.28%"
"07-10-2020","4,078.00","4,166.00","4,184.00","4,044.00","9.60K","-2.16%"
"06-10-2020","4,168.00","4,214.00","4,228.00","4,112.00","8.38K","-1.28%"
"05-10-2020","4,222.00","4,248.00","4,248.00","4,216.00","4.33K","-0.57%"
"01-10-2020","4,246.00","4,234.00","4,270.00","4,224.00","8.56K","0.43%"
"30-09-2020","4,228.00","4,226.00","4,256.00","4,216.00","5.41K","-0.14%"
"29-09-2020","4,234.00","4,250.00","4,250.00","4,206.00","5.43K","-0.09%"
"28-09-2020","4,238.00","4,222.00","4,270.00","4,220.00","8.19K","0.47%"
"25-09-2020","4,218.00","4,184.00","4,228.00","4,182.00","4.50K","0.86%"
"24-09-2020","4,182.00","4,168.00","4,220.00","4,150.00","4.56K","0.19%"
"23-09-2020","4,174.00","4,192.00","4,200.00","4,162.00","3.25K","-0.24%"
"22-09-2020","4,184.00","4,226.00","4,226.00","4,170.00","5.78K","-0.71%"
"21-09-2020","4,214.00","4,190.00","4,248.00","4,168.00","9.76K","2.28%"
"18-09-2020","4,120.00","4,152.00","4,152.00","4,072.00","0.25K","-0.77%"
"17-09-2020","4,152.00","4,152.00","4,152.00","4,152.00","","0.78%"
"16-09-2020","4,120.00","4,220.00","4,220.00","4,070.00","0.06K","0.44%"
"15-09-2020","4,102.00","4,102.00","4,102.00","4,102.00","","1.74%"
"14-09-2020","4,032.00","4,050.00","4,082.00","4,026.00","3.56K","-0.35%"
"11-09-2020","4,046.00","4,028.00","4,056.00","4,026.00","4.26K","0.65%"
"10-09-2020","4,020.00","4,008.00","4,026.00","3,996.00","4.46K","0.45%"
"09-09-2020","4,002.00","3,988.00","4,020.00","3,976.00","3.98K","0.50%"
"08-09-2020","3,982.00","4,000.00","4,000.00","3,970.00","1.68K","-0.15%"
"07-09-2020","3,988.00","3,996.00","3,998.00","3,970.00","3.96K","-0.35%"
"04-09-2020","4,002.00","4,020.00","4,030.00","3,992.00","4.51K","-0.69%"
"03-09-2020","4,030.00","4,040.00","4,050.00","4,016.00","1.95K","0.10%"
"02-09-2020","4,026.00","4,010.00","4,050.00","4,006.00","3.93K","-0.20%"
"01-09-2020","4,034.00","4,064.00","4,070.00","4,014.00","6.91K","-0.49%"
"31-08-2020","4,054.00","4,038.00","4,070.00","4,014.00","7.03K","0.90%"
"28-08-2020","4,018.00","4,036.00","4,038.00","4,002.00","2.01K","-0.20%"
"27-08-2020","4,026.00","4,070.00","4,070.00","3,954.00","4.27K","-1.23%"
"26-08-2020","4,076.00","4,066.00","4,100.00","4,048.00","6.11K","0.44%"
"25-08-2020","4,058.00","3,996.00","4,090.00","3,996.00","11.45K","1.55%"
"24-08-2020","3,996.00","3,980.00","4,012.00","3,980.00","4.60K","0.45%"
"21-08-2020","3,978.00","3,982.00","3,990.00","3,970.00","0.88K","-2.79%"
"20-08-2020","4,092.00","4,092.00","4,092.00","4,092.00","0.15K","2.81%"
"19-08-2020","3,980.00","3,980.00","3,980.00","3,980.00","0.15K","0.71%"
"18-08-2020","3,952.00","3,990.00","4,020.00","3,980.00","0.03K","0.00%"
"17-08-2020","3,952.00","3,952.00","3,952.00","3,950.00","0.38K","0.76%"
"14-08-2020","3,922.00","3,914.00","3,944.00","3,888.00","3.52K","0.26%"
"13-08-2020","3,912.00","3,924.00","3,940.00","3,906.00","2.48K","-0.71%"
"12-08-2020","3,940.00","3,930.00","3,950.00","3,886.00","2.58K","0.36%"
"11-08-2020","3,926.00","3,940.00","3,948.00","3,920.00","4.46K","-0.36%"
"10-08-2020","3,940.00","3,994.00","3,994.00","3,930.00","5.81K","-0.81%"
"07-08-2020","3,972.00","3,980.00","3,992.00","3,962.00","3.22K","-0.05%"
"06-08-2020","3,974.00","3,958.00","3,986.00","3,952.00","5.00K","0.66%"
"05-08-2020","3,948.00","3,970.00","3,970.00","3,942.00","2.25K","-0.35%"
"04-08-2020","3,962.00","3,966.00","3,990.00","3,950.00","4.17K","-0.40%"
"03-08-2020","3,978.00","3,980.00","3,998.00","3,968.00","1.40K","0.30%"
"31-07-2020","3,966.00","3,976.00","4,004.00","3,950.00","4.26K","-0.35%"
"30-07-2020","3,980.00","3,930.00","3,988.00","3,930.00","5.39K","0.91%"
"29-07-2020","3,944.00","3,972.00","3,980.00","3,930.00","3.13K","-0.75%"
"28-07-2020","3,974.00","3,992.00","3,994.00","3,946.00","5.44K","-0.50%"
"27-07-2020","3,994.00","4,004.00","4,024.00","3,990.00","2.43K","-0.25%"
"24-07-2020","4,004.00","4,016.00","4,034.00","3,998.00","3.05K","-0.10%"
"23-07-2020","4,008.00","4,000.00","4,016.00","3,996.00","2.61K","0.50%"
"22-07-2020","3,988.00","3,998.00","4,008.00","3,982.00","3.83K","-0.05%"
"21-07-2020","3,990.00","4,002.00","4,018.00","3,984.00","3.70K","-0.40%"
"20-07-2020","4,006.00","4,022.00","4,058.00","4,000.00","6.99K","-0.94%"
"17-07-2020","4,044.00","4,030.00","4,072.00","4,010.00","0.20K","2.12%"
"16-07-2020","3,960.00","3,960.00","3,960.00","3,960.00","0.04K","0.00%"
"15-07-2020","3,960.00","3,992.00","4,008.00","3,980.00","0.67K","0.00%"
"14-07-2020","3,960.00","3,934.00","3,978.00","3,930.00","1.35K","0.20%"
"13-07-2020","3,952.00","3,946.00","3,980.00","3,940.00","5.90K","0.10%"
"10-07-2020","3,948.00","3,940.00","3,970.00","3,934.00","4.80K","-0.35%"
"09-07-2020","3,962.00","3,992.00","3,994.00","3,938.00","3.37K","-0.85%"
"08-07-2020","3,996.00","4,008.00","4,064.00","3,982.00","3.81K","-0.40%"
"07-07-2020","4,012.00","3,966.00","4,024.00","3,956.00","4.36K","0.70%"
"06-07-2020","3,984.00","3,966.00","3,998.00","3,950.00","4.38K","0.61%"
"03-07-2020","3,960.00","3,930.00","3,970.00","3,900.00","4.05K","0.87%"
"02-07-2020","3,926.00","3,916.00","3,942.00","3,908.00","3.46K","0.41%"
"01-07-2020","3,910.00","3,874.00","3,914.00","3,866.00","3.34K","0.93%"
"30-06-2020","3,874.00","3,900.00","3,940.00","3,852.00","6.21K","-0.36%"
"29-06-2020","3,888.00","3,900.00","3,900.00","3,822.00","9.28K","-1.32%"
"26-06-2020","3,940.00","3,968.00","4,024.00","3,930.00","11.02K","-0.30%"
"25-06-2020","3,952.00","3,904.00","3,960.00","3,902.00","4.67K","1.07%"
"24-06-2020","3,910.00","3,900.00","3,938.00","3,886.00","7.90K","0.10%"
"23-06-2020","3,906.00","3,880.00","3,914.00","3,868.00","4.82K","0.67%"
"22-06-2020","3,880.00","3,866.00","3,898.00","3,866.00","4.17K","2.16%"
"19-06-2020","3,798.00","3,850.00","3,890.00","3,832.00","0.19K","0.00%"
"18-06-2020","3,798.00","3,790.00","3,800.00","3,790.00","0.25K","-0.16%"
"17-06-2020","3,804.00","3,770.00","3,870.00","3,770.00","0.54K","0.11%"
"16-06-2020","3,800.00","3,796.00","3,800.00","3,796.00","0.53K","0.53%"
"15-06-2020","3,780.00","3,774.00","3,816.00","3,770.00","2.05K","-0.05%"
"12-06-2020","3,782.00","3,774.00","3,790.00","3,750.00","1.75K","-0.11%"
"11-06-2020","3,786.00","3,732.00","3,804.00","3,732.00","2.98K","1.56%"
"10-06-2020","3,728.00","3,726.00","3,740.00","3,698.00","3.23K","0.70%"
"09-06-2020","3,702.00","3,730.00","3,730.00","3,670.00","2.45K","-0.75%"
"08-06-2020","3,730.00","3,716.00","3,784.00","3,698.00","4.83K","1.52%"
"05-06-2020","3,674.00","3,662.00","3,692.00","3,658.00","2.91K","0.60%"
"04-06-2020","3,652.00","3,672.00","3,710.00","3,618.00","3.22K","-0.81%"
"03-06-2020","3,682.00","3,588.00","3,694.00","3,586.00","6.52K","2.56%"
"02-06-2020","3,590.00","3,580.00","3,598.00","3,578.00","1.62K","0.17%"
"01-06-2020","3,584.00","3,580.00","3,610.00","3,570.00","1.61K","0.34%"
"29-05-2020","3,572.00","3,586.00","3,600.00","3,552.00","2.37K","-0.61%"
"28-05-2020","3,594.00","3,560.00","3,610.00","3,538.00","3.38K","1.01%"
"27-05-2020","3,558.00","3,578.00","3,584.00","3,538.00","3.91K","-0.61%"
"26-05-2020","3,580.00","3,570.00","3,596.00","3,542.00","3.98K","1.07%"
"22-05-2020","3,542.00","3,530.00","3,546.00","3,520.00","2.40K","-0.39%"
"21-05-2020","3,556.00","3,560.00","3,588.00","3,530.00","2.12K","-0.45%"
"20-05-2020","3,572.00","3,580.00","3,580.00","3,570.00","0.07K","-1.60%"
"19-05-2020","3,630.00","3,630.00","3,630.00","3,630.00","0.08K","-0.22%"
"18-05-2020","3,638.00","3,636.00","3,638.00","3,636.00","0.46K","-0.27%"
"15-05-2020","3,648.00","3,660.00","3,660.00","3,622.00","0.44K","-0.05%"
"14-05-2020","3,650.00","3,638.00","3,668.00","3,638.00","2.68K","1.05%"
"13-05-2020","3,612.00","3,620.00","3,630.00","3,604.00","1.73K","-0.17%"
"12-05-2020","3,618.00","3,640.00","3,640.00","3,594.00","2.55K","-0.71%"
"11-05-2020","3,644.00","3,656.00","3,670.00","3,622.00","3.20K","-0.44%"
"08-05-2020","3,660.00","3,710.00","3,710.00","3,650.00","3.66K","-1.45%"
"07-05-2020","3,714.00","3,646.00","3,766.00","3,646.00","2.75K","1.53%"
"06-05-2020","3,658.00","3,696.00","3,712.00","3,634.00","1.36K","-1.08%"
"05-05-2020","3,698.00","3,648.00","3,718.00","3,620.00","4.16K","1.82%"
"04-05-2020","3,632.00","3,680.00","3,680.00","3,590.00","6.83K","-3.25%"
"30-04-2020","3,754.00","3,760.00","3,760.00","3,730.00","0.14K","-0.42%"
"29-04-2020","3,770.00","3,800.00","3,800.00","3,770.00","0.12K","-1.31%"
"28-04-2020","3,820.00","3,820.00","3,840.00","3,800.00","0.39K","-0.05%"
"27-04-2020","3,822.00","3,828.00","3,834.00","3,812.00","0.74K","-0.21%"
"24-04-2020","3,830.00","3,850.00","3,850.00","3,820.00","1.50K","-1.49%"
"23-04-2020","3,888.00","3,852.00","3,910.00","3,850.00","1.66K","1.04%"
"22-04-2020","3,848.00","3,870.00","3,870.00","3,830.00","0.34K","-0.82%"
"21-04-2020","3,880.00","3,880.00","3,896.00","3,830.00","0.33K","-2.61%"
"20-04-2020","3,984.00","4,010.00","4,010.00","3,958.00","0.65K","-2.64%"
"17-04-2020","4,092.00","4,180.00","4,180.00","4,076.00","0.52K","-3.58%"
"16-04-2020","4,244.00","4,200.00","4,260.00","4,200.00","1.23K","3.11%"
"15-04-2020","4,116.00","4,010.00","4,120.00","4,010.00","0.36K","2.29%"
"13-04-2020","4,024.00","4,002.00","4,052.00","4,002.00","2.81K","-0.05%"
"09-04-2020","4,026.00","4,026.00","4,040.00","3,978.00","1.67K","0.50%"
"08-04-2020","4,006.00","3,992.00","4,012.00","3,968.00","1.52K","0.60%"
"07-04-2020","3,982.00","3,948.00","3,992.00","3,926.00","1.20K","0.30%"
"03-04-2020","3,970.00","4,010.00","4,020.00","3,956.00","1.77K","-0.95%"
"01-04-2020","4,008.00","4,020.00","4,068.00","3,982.00","1.83K","-0.89%"
"31-03-2020","4,044.00","4,100.00","4,100.00","4,014.00","2.02K","-1.46%"
"30-03-2020","4,104.00","4,080.00","4,140.00","4,040.00","2.94K","-0.63%"
"27-03-2020","4,130.00","4,062.00","4,140.00","3,958.00","2.17K","1.67%"
"26-03-2020","4,062.00","4,060.00","4,198.00","3,976.00","6.93K","0.49%"
"25-03-2020","4,042.00","3,912.00","4,042.00","3,912.00","3.14K","3.96%"
"24-03-2020","3,888.00","3,808.00","3,900.00","3,806.00","2.87K","1.67%"
"23-03-2020","3,824.00","3,750.00","3,866.00","3,702.00","4.80K","4.20%"
"20-03-2020","3,670.00","3,654.00","3,702.00","3,652.00","0.04K","-0.22%"
"19-03-2020","3,678.00","3,652.00","3,702.00","3,652.00","0.01K","-0.81%"
"18-03-2020","3,708.00","3,684.00","3,748.00","3,602.00","0.46K","1.81%"
"17-03-2020","3,642.00","3,652.00","3,716.00","3,616.00","0.65K","-2.78%"
"16-03-2020","3,746.00","3,840.00","3,840.00","3,690.00","1.36K","-2.45%"
"13-03-2020","3,840.00","3,840.00","3,868.00","3,824.00","1.85K","-0.31%"
"12-03-2020","3,852.00","3,840.00","3,860.00","3,796.00","1.93K","-0.36%"
"11-03-2020","3,866.00","3,780.00","3,916.00","3,776.00","4.99K","2.66%"
"09-03-2020","3,766.00","3,802.00","3,880.00","3,740.00","6.42K","-2.28%"
"06-03-2020","3,854.00","3,800.00","3,866.00","3,794.00","3.34K","0.94%"
"05-03-2020","3,818.00","3,778.00","3,826.00","3,762.00","6.01K","1.11%"
"04-03-2020","3,776.00","3,738.00","3,794.00","3,730.00","5.30K","0.80%"
"03-03-2020","3,746.00","3,730.00","3,758.00","3,706.00","5.33K","0.86%"
"02-03-2020","3,714.00","3,742.00","3,790.00","3,702.00","6.94K","-1.01%"
"28-02-2020","3,752.00","3,720.00","3,760.00","3,672.00","6.46K","0.16%"
"27-02-2020","3,746.00","3,702.00","3,756.00","3,692.00","5.77K","0.92%"
"26-02-2020","3,712.00","3,776.00","3,790.00","3,678.00","7.98K","-2.06%"
"25-02-2020","3,790.00","3,764.00","3,806.00","3,758.00","5.10K","0.74%"
"24-02-2020","3,762.00","3,850.00","3,850.00","3,746.00","8.62K","-3.54%"
"20-02-2020","3,900.00","3,916.00","3,932.00","3,894.00","0.10K","0.00%"
"19-02-2020","3,900.00","3,900.00","3,900.00","3,890.00","0.34K","0.36%"
"18-02-2020","3,886.00","3,878.00","3,930.00","3,878.00","0.46K","-0.61%"
"17-02-2020","3,910.00","3,980.00","3,980.00","3,900.00","0.81K","-0.41%"
"14-02-2020","3,926.00","3,890.00","3,932.00","3,854.00","1.87K","1.76%"
"13-02-2020","3,858.00","3,858.00","3,870.00","3,850.00","1.98K","0.00%"
"12-02-2020","3,858.00","3,822.00","3,862.00","3,818.00","1.65K","0.52%"
"11-02-2020","3,838.00","3,812.00","3,850.00","3,802.00","1.42K","-0.16%"
"10-02-2020","3,844.00","3,852.00","3,894.00","3,830.00","4.55K","-0.77%"
"07-02-2020","3,874.00","3,880.00","3,892.00","3,862.00","3.16K","-0.21%"
"06-02-2020","3,882.00","3,900.00","3,940.00","3,860.00","3.12K","-0.46%"
"05-02-2020","3,900.00","3,854.00","3,924.00","3,840.00","5.21K","1.14%"
"04-02-2020","3,856.00","3,890.00","3,890.00","3,850.00","3.50K","-0.92%"
"03-02-2020","3,892.00","3,930.00","3,934.00","3,884.00","3.21K","-0.76%"
"01-02-2020","3,922.00","3,936.00","3,960.00","3,912.00","2.03K","-0.41%"
"31-01-2020","3,938.00","3,950.00","3,950.00","3,902.00","5.22K","-0.05%"
"30-01-2020","3,940.00","3,980.00","4,000.00","3,920.00","4.06K","-1.05%"
"29-01-2020","3,982.00","4,012.00","4,026.00","3,970.00","3.26K","-0.50%"
"28-01-2020","4,002.00","3,996.00","4,038.00","3,966.00","5.47K","0.00%"
"27-01-2020","4,002.00","4,072.00","4,080.00","3,986.00","7.36K","-1.86%"
"24-01-2020","4,078.00","4,052.00","4,084.00","4,040.00","4.23K","0.15%"
"23-01-2020","4,072.00","4,100.00","4,106.00","4,050.00","4.20K","-0.73%"
"22-01-2020","4,102.00","4,168.00","4,168.00","4,088.00","5.41K","-0.97%"
"21-01-2020","4,142.00","4,126.00","4,168.00","4,118.00","2.63K","0.05%"
"20-01-2020","4,140.00","4,160.00","4,228.00","4,106.00","0.48K","0.53%"
"17-01-2020","4,118.00","4,104.00","4,140.00","4,104.00","0.43K","0.29%"
"16-01-2020","4,106.00","4,118.00","4,122.00","4,080.00","1.20K","-0.48%"
"15-01-2020","4,126.00","4,136.00","4,158.00","4,106.00","2.14K","0.49%"
"14-01-2020","4,106.00","4,102.00","4,122.00","4,096.00","4.15K","-0.24%"
"13-01-2020","4,116.00","4,152.00","4,154.00","4,068.00","3.24K","-1.11%"
"10-01-2020","4,162.00","4,190.00","4,200.00","4,150.00","3.13K","-0.72%"
"09-01-2020","4,192.00","4,178.00","4,226.00","4,174.00","4.25K","-0.19%"
"08-01-2020","4,200.00","4,192.00","4,204.00","4,168.00","3.17K","0.00%"
"07-01-2020","4,200.00","4,242.00","4,248.00","4,178.00","3.17K","-0.66%"
"06-01-2020","4,228.00","4,220.00","4,240.00","4,156.00","5.98K","0.43%"
"03-01-2020","4,210.00","4,220.00","4,224.00","4,188.00","2.67K","-0.14%"
"02-01-2020","4,216.00","4,210.00","4,238.00","4,190.00","4.44K","0.62%"
"01-01-2020","4,190.00","4,180.00","4,218.00","4,168.00","2.93K","0.00%"
"31-12-2019","4,190.00","4,252.00","4,260.00","4,118.00","6.11K","-1.18%"
"30-12-2019","4,240.00","4,244.00","4,250.00","4,232.00","4.09K","0.52%"
"27-12-2019","4,218.00","4,198.00","4,270.00","4,160.00","5.23K","0.24%"
"26-12-2019","4,208.00","4,286.00","4,286.00","4,152.00","7.73K","-1.64%"
"24-12-2019","4,278.00","4,350.00","4,370.00","4,234.00","9.77K","-1.97%"
"23-12-2019","4,364.00","4,374.00","4,374.00","4,352.00","3.92K","0.93%"
"20-12-2019","4,324.00","4,392.00","4,392.00","4,310.00","0.56K","-0.78%"
"19-12-2019","4,358.00","4,320.00","4,370.00","4,304.00","0.52K","1.02%"
"18-12-2019","4,314.00","4,286.00","4,318.00","4,286.00","0.86K","1.41%"
"17-12-2019","4,254.00","4,240.00","4,256.00","4,240.00","1.40K","0.24%"
"16-12-2019","4,244.00","4,248.00","4,260.00","4,220.00","7.27K","0.28%"
"13-12-2019","4,232.00","4,260.00","4,280.00","4,170.00","3.76K","-0.38%"
"12-12-2019","4,248.00","4,210.00","4,252.00","4,200.00","2.54K","1.29%"
"11-12-2019","4,194.00","4,140.00","4,208.00","4,128.00","4.18K","1.11%"
"10-12-2019","4,148.00","4,198.00","4,222.00","4,110.00","7.87K","-1.00%"
"09-12-2019","4,190.00","4,150.00","4,240.00","4,140.00","7.16K","0.53%"
"06-12-2019","4,168.00","4,118.00","4,200.00","4,104.00","7.94K","1.36%"
"05-12-2019","4,112.00","4,044.00","4,124.00","4,038.00","7.88K","1.93%"
"04-12-2019","4,034.00","3,962.00","4,046.00","3,962.00","9.65K","1.31%"
"03-12-2019","3,982.00","4,030.00","4,040.00","3,974.00","7.40K","-1.09%"
"02-12-2019","4,026.00","4,048.00","4,056.00","3,956.00","11.81K","-1.18%"
"29-11-2019","4,074.00","4,150.00","4,172.00","4,040.00","13.21K","-2.16%"
"28-11-2019","4,164.00","4,170.00","4,184.00","4,140.00","5.06K","-0.53%"
"27-11-2019","4,186.00","4,196.00","4,220.00","4,124.00","8.07K","0.05%"
"26-11-2019","4,184.00","4,240.00","4,272.00","4,158.00","8.59K","-1.32%"
"25-11-2019","4,240.00","4,232.00","4,292.00","4,120.00","7.80K","0.33%"
"22-11-2019","4,226.00","4,262.00","4,304.00","4,164.00","10.57K","-0.70%"
"21-11-2019","4,256.00","4,380.00","4,392.00","4,248.00","10.15K","-2.79%"
"20-11-2019","4,378.00","4,370.00","4,390.00","4,350.00","1.00K","0.41%"
"19-11-2019","4,360.00","4,320.00","4,364.00","4,310.00","2.00K","0.88%"
"18-11-2019","4,322.00","4,330.00","4,340.00","4,310.00","1.70K","-2.22%"
"15-11-2019","4,420.00","4,498.00","4,500.00","4,414.00","1.16K","0.09%"
"14-11-2019","4,416.00","4,462.00","4,466.00","4,354.00","6.92K","-0.94%"
"13-11-2019","4,458.00","4,422.00","4,468.00","4,400.00","5.64K","0.95%"
"11-11-2019","4,416.00","4,390.00","4,440.00","4,330.00","9.10K","0.41%"
"08-11-2019","4,398.00","4,300.00","4,420.00","4,300.00","9.13K","2.04%"
"07-11-2019","4,310.00","4,188.00","4,346.00","4,102.00","24.93K","0.89%"
"06-11-2019","4,272.00","4,424.00","4,442.00","4,272.00","10.53K","-4.00%"
"05-11-2019","4,450.00","4,508.00","4,508.00","4,366.00","11.73K","-1.11%"
"04-11-2019","4,500.00","4,480.00","4,510.00","4,458.00","14.14K","0.81%"
"01-11-2019","4,464.00","4,500.00","4,506.00","4,460.00","5.26K","-0.40%"
"31-10-2019","4,482.00","4,516.00","4,530.00","4,480.00","5.58K","-0.53%"
"30-10-2019","4,506.00","4,472.00","4,520.00","4,454.00","10.78K","0.81%"
"29-10-2019","4,470.00","4,480.00","4,490.00","4,452.00","2.27K","-0.58%"
"27-10-2019","4,496.00","4,524.00","4,524.00","4,470.00","4.69K","-0.22%"
"25-10-2019","4,506.00","4,476.00","4,524.00","4,462.00","10.36K","1.12%"
"24-10-2019","4,456.00","4,472.00","4,494.00","4,402.00","4.38K","-0.71%"
"23-10-2019","4,488.00","4,442.00","4,508.00","4,440.00","8.67K","1.04%"
"22-10-2019","4,442.00","4,512.00","4,548.00","4,432.00","10.29K","0.14%"
"18-10-2019","4,436.00","4,390.00","4,462.00","4,390.00","2.24K","1.32%"
"17-10-2019","4,378.00","4,360.00","4,380.00","4,352.00","0.63K","0.46%"
"16-10-2019","4,358.00","4,342.00","4,364.00","4,330.00","0.86K","0.28%"
"15-10-2019","4,346.00","4,318.00","4,360.00","4,302.00","1.64K","1.02%"
"14-10-2019","4,302.00","4,382.00","4,382.00","4,206.00","0.92K","0.37%"
"11-10-2019","4,286.00","4,282.00","4,334.00","4,264.00","9.16K","0.61%"
"10-10-2019","4,260.00","4,290.00","4,330.00","4,176.00","20.82K","-2.07%"
"09-10-2019","4,350.00","4,582.00","4,582.00","4,272.00","20.70K","-2.25%"
"07-10-2019","4,450.00","4,340.00","4,450.00","4,340.00","8.68K","3.97%"
"04-10-2019","4,280.00","4,322.00","4,322.00","4,276.00","22.67K","-3.91%"
"03-10-2019","4,454.00","4,500.00","4,500.00","4,454.00","37.51K","-3.97%"
"01-10-2019","4,638.00","4,786.00","4,786.00","4,638.00","36.02K","-5.96%"
"30-09-2019","4,932.00","4,982.00","4,982.00","4,932.00","49.59K","-3.97%"
"27-09-2019","5,136.00","5,188.00","5,188.00","5,136.00","62.93K","-3.96%"
"26-09-2019","5,348.00","5,404.00","5,404.00","5,348.00","51.75K","-3.99%"
"25-09-2019","5,570.00","5,718.00","5,770.00","5,570.00","10.13K","-4.00%"
"24-09-2019","5,802.00","5,810.00","5,826.00","5,800.00","38.13K","-0.03%"
"23-09-2019","5,804.00","5,880.00","5,880.00","5,794.00","40.97K","0.00%"
"20-09-2019","5,804.00","5,928.00","5,930.00","5,800.00","0.71K","-0.27%"
"19-09-2019","5,820.00","5,800.00","5,880.00","5,800.00","1.94K","1.43%"
"18-09-2019","5,738.00","5,738.00","5,744.00","5,734.00","1.41K","-0.24%"
"17-09-2019","5,752.00","5,734.00","5,734.00","5,734.00","0.36K","0.00%"
"16-09-2019","5,752.00","5,812.00","5,830.00","5,800.00","0.64K","0.00%"
"13-09-2019","5,752.00","5,738.00","5,766.00","5,736.00","4.41K","0.38%"
"12-09-2019","5,730.00","5,724.00","5,860.00","5,724.00","5.36K","0.46%"
"11-09-2019","5,704.00","5,720.00","5,758.00","5,694.00","64.39K","-0.18%"
"09-09-2019","5,714.00","5,734.00","5,740.00","5,710.00","48.24K","-0.31%"
"06-09-2019","5,732.00","5,748.00","5,756.00","5,726.00","24.50K","-0.35%"
"05-09-2019","5,752.00","5,736.00","5,784.00","5,732.00","37.38K","0.38%"
"04-09-2019","5,730.00","5,738.00","5,752.00","5,724.00","18.27K","-0.14%"
"03-09-2019","5,738.00","5,740.00","5,780.00","5,732.00","16.57K","-0.38%"
"30-08-2019","5,760.00","5,734.00","5,804.00","5,728.00","50.11K","0.35%"
"29-08-2019","5,740.00","5,758.00","5,774.00","5,730.00","21.21K","-0.28%"
"28-08-2019","5,756.00","5,752.00","5,786.00","5,722.00","32.76K","0.10%"
"27-08-2019","5,750.00","5,768.00","5,792.00","5,732.00","33.05K","-0.31%"
"26-08-2019","5,768.00","5,730.00","5,868.00","5,730.00","67.55K","1.19%"
"23-08-2019","5,700.00","5,632.00","5,758.00","5,552.00","86.83K","1.14%"
"22-08-2019","5,636.00","5,642.00","5,660.00","5,620.00","25.95K","-0.04%"
"21-08-2019","5,638.00","5,636.00","5,650.00","5,608.00","33.85K","1.44%"
"20-08-2019","5,558.00","5,588.00","5,600.00","5,540.00","0.17K","-0.43%"
"19-08-2019","5,582.00","5,590.00","5,590.00","5,576.00","0.64K","-0.39%"
"16-08-2019","5,604.00","5,648.00","5,648.00","5,584.00","0.95K","0.11%"
"14-08-2019","5,598.00","5,580.00","5,598.00","5,570.00","4.35K","0.43%"
"13-08-2019","5,574.00","5,582.00","5,610.00","5,540.00","21.62K","-0.75%"
"09-08-2019","5,616.00","5,600.00","5,668.00","5,576.00","22.67K","0.29%"
"08-08-2019","5,600.00","5,560.00","5,614.00","5,552.00","16.54K","0.97%"
"07-08-2019","5,546.00","5,550.00","5,560.00","5,526.00","20.57K","-0.07%"
"06-08-2019","5,550.00","5,554.00","5,574.00","5,526.00","22.93K","-0.11%"
"05-08-2019","5,556.00","5,590.00","5,596.00","5,546.00","30.97K","-0.82%"
"02-08-2019","5,602.00","5,590.00","5,628.00","5,578.00","23.36K","-0.14%"
"01-08-2019","5,610.00","5,650.00","5,658.00","5,594.00","18.66K","-0.99%"
"31-07-2019","5,666.00","5,548.00","5,690.00","5,544.00","47.93K","2.27%"
"30-07-2019","5,540.00","5,550.00","5,558.00","5,522.00","28.82K","-0.29%"
"29-07-2019","5,556.00","5,540.00","5,590.00","5,532.00","31.68K","0.04%"
"26-07-2019","5,554.00","5,544.00","5,564.00","5,534.00","19.87K","0.00%"
"25-07-2019","5,554.00","5,520.00","5,578.00","5,518.00","34.87K","0.58%"
"24-07-2019","5,522.00","5,554.00","5,570.00","5,504.00","35.69K","-0.47%"
"23-07-2019","5,548.00","5,546.00","5,568.00","5,524.00","26.74K","0.29%"
"22-07-2019","5,532.00","5,580.00","5,604.00","5,504.00","47.00K","0.29%"
"19-07-2019","5,516.00","5,520.00","5,520.00","5,510.00","0.23K","-0.65%"
"18-07-2019","5,552.00","5,570.00","5,580.00","5,550.00","1.07K","-0.04%"
"17-07-2019","5,554.00","5,544.00","5,572.00","5,524.00","0.98K","-0.18%"
"16-07-2019","5,564.00","5,630.00","5,630.00","5,546.00","2.49K","-1.03%"
"15-07-2019","5,622.00","5,666.00","5,666.00","5,620.00","2.23K","-0.11%"
"12-07-2019","5,628.00","5,628.00","5,648.00","5,612.00","4.14K","0.14%"
"11-07-2019","5,620.00","5,636.00","5,636.00","5,602.00","19.18K","0.46%"
"10-07-2019","5,594.00","5,608.00","5,620.00","5,588.00","13.60K","-0.67%"
"09-07-2019","5,632.00","5,614.00","5,640.00","5,584.00","29.88K","1.40%"
"08-07-2019","5,554.00","5,590.00","5,618.00","5,506.00","24.89K","-0.47%"
"05-07-2019","5,580.00","5,600.00","5,636.00","5,570.00","23.17K","-0.29%"
"04-07-2019","5,596.00","5,582.00","5,624.00","5,574.00","19.19K","0.39%"
"03-07-2019","5,574.00","5,564.00","5,610.00","5,544.00","25.61K","0.18%"
"02-07-2019","5,564.00","5,640.00","5,648.00","5,550.00","26.26K","-1.10%"
"01-07-2019","5,626.00","5,492.00","5,640.00","5,480.00","53.53K","2.59%"
"28-06-2019","5,484.00","5,470.00","5,494.00","5,456.00","35.06K","0.37%"
"27-06-2019","5,464.00","5,492.00","5,530.00","5,436.00","37.12K","-0.98%"
"26-06-2019","5,518.00","5,532.00","5,550.00","5,482.00","57.08K","-0.04%"
"25-06-2019","5,520.00","5,376.00","5,550.00","5,376.00","64.73K","2.37%"
"24-06-2019","5,392.00","5,400.00","5,430.00","5,360.00","37.62K","0.11%"
"21-06-2019","5,386.00","5,418.00","5,438.00","5,328.00","44.48K","0.15%"
"20-06-2019","5,378.00","5,370.00","5,390.00","5,370.00","0.09K","0.94%"
"19-06-2019","5,328.00","5,330.00","5,330.00","5,324.00","1.12K","0.38%"
"18-06-2019","5,308.00","5,310.00","5,368.00","5,296.00","0.88K","-0.38%"
"17-06-2019","5,328.00","5,494.00","5,494.00","5,282.00","2.77K","-1.91%"
"14-06-2019","5,432.00","5,424.00","5,496.00","5,400.00","1.76K","0.44%"
"13-06-2019","5,408.00","5,450.00","5,452.00","5,400.00","3.66K","-0.18%"
"12-06-2019","5,418.00","5,350.00","5,440.00","5,344.00","4.85K","2.85%"
"11-06-2019","5,268.00","5,280.00","5,302.00","5,130.00","17.57K","-0.23%"
"10-06-2019","5,280.00","5,392.00","5,440.00","5,264.00","27.55K","-2.19%"
"07-06-2019","5,398.00","5,420.00","5,540.00","5,360.00","31.85K","0.15%"
"06-06-2019","5,390.00","5,502.00","5,524.00","5,314.00","62.89K","-1.61%"
"04-06-2019","5,478.00","5,574.00","5,618.00","5,386.00","84.25K","-1.79%"
"03-06-2019","5,578.00","5,650.00","5,708.00","5,564.00","30.62K","-2.17%"
"31-05-2019","5,702.00","5,730.00","5,738.00","5,682.00","45.86K","-0.45%"
"30-05-2019","5,728.00","5,620.00","5,744.00","5,620.00","55.51K","1.96%"
"29-05-2019","5,618.00","5,594.00","5,636.00","5,564.00","42.04K","0.61%"
"28-05-2019","5,584.00","5,748.00","5,774.00","5,564.00","68.67K","-2.51%"
"27-05-2019","5,728.00","5,800.00","5,828.00","5,714.00","36.87K","-1.28%"
"24-05-2019","5,802.00","5,820.00","5,870.00","5,790.00","37.70K","-0.17%"
"23-05-2019","5,812.00","5,798.00","5,828.00","5,764.00","29.42K","0.66%"
"22-05-2019","5,774.00","5,740.00","5,810.00","5,740.00","39.46K","0.66%"
"21-05-2019","5,736.00","5,790.00","5,790.00","5,716.00","43.68K","2.50%"
"20-05-2019","5,596.00","5,674.00","5,674.00","5,530.00","1.23K","-1.62%"
"17-05-2019","5,688.00","5,754.00","5,760.00","5,680.00","1.48K","-0.77%"
"16-05-2019","5,732.00","5,700.00","5,744.00","5,698.00","1.35K","1.45%"
"15-05-2019","5,650.00","5,676.00","5,676.00","5,640.00","1.18K","-0.35%"
"14-05-2019","5,670.00","5,700.00","5,730.00","5,666.00","3.38K","-0.49%"
"13-05-2019","5,698.00","5,678.00","5,770.00","5,678.00","15.12K","0.78%"
"10-05-2019","5,654.00","5,662.00","5,718.00","5,644.00","20.12K","-0.21%"
"09-05-2019","5,666.00","5,640.00","5,698.00","5,618.00","17.44K","0.82%"
"08-05-2019","5,620.00","5,670.00","5,680.00","5,600.00","12.63K","-1.02%"
"07-05-2019","5,678.00","5,640.00","5,768.00","5,610.00","34.66K","0.85%"
"06-05-2019","5,630.00","5,570.00","5,660.00","5,570.00","22.90K","0.93%"
"03-05-2019","5,578.00","5,660.00","5,678.00","5,558.00","28.22K","-1.62%"
"02-05-2019","5,670.00","5,522.00","5,678.00","5,512.00","54.96K","2.68%"
"30-04-2019","5,522.00","5,690.00","5,748.00","5,504.00","80.82K","-2.27%"
"26-04-2019","5,650.00","5,748.00","5,772.00","5,634.00","66.96K","-2.25%"
"25-04-2019","5,780.00","5,820.00","5,918.00","5,752.00","78.54K","-0.38%"
"24-04-2019","5,802.00","5,666.00","5,848.00","5,652.00","44.36K","2.62%"
"23-04-2019","5,654.00","5,656.00","5,690.00","5,642.00","44.36K","0.14%"
"22-04-2019","5,646.00","5,696.00","5,736.00","5,588.00","65.42K","-1.91%"
"18-04-2019","5,756.00","5,880.00","5,924.00","5,718.00","69.76K","-2.41%"
"16-04-2019","5,898.00","6,022.00","6,028.00","5,802.00","126.47K","0.79%"
"15-04-2019","5,852.00","5,852.00","5,852.00","5,852.00","0.27K","-2.60%"
"12-04-2019","6,008.00","6,102.00","6,102.00","5,988.00","3.00K","-0.36%"
"11-04-2019","6,030.00","5,976.00","6,064.00","5,932.00","25.46K","1.34%"
"10-04-2019","5,950.00","5,732.00","5,950.00","5,720.00","14.52K","3.98%"
"09-04-2019","5,722.00","5,746.00","5,776.00","5,688.00","11.01K","-0.31%"
"08-04-2019","5,740.00","5,640.00","5,766.00","5,640.00","15.50K","1.92%"
"05-04-2019","5,632.00","5,618.00","5,742.00","5,600.00","26.37K","0.68%"
"04-04-2019","5,594.00","5,572.00","5,648.00","5,508.00","27.22K","0.21%"
"03-04-2019","5,582.00","5,530.00","5,630.00","5,476.00","52.64K","2.01%"
"02-04-2019","5,472.00","5,260.00","5,472.00","5,244.00","42.27K","3.99%"
"01-04-2019","5,262.00","5,270.00","5,294.00","5,250.00","30.37K","-0.30%"
"29-03-2019","5,278.00","5,290.00","5,298.00","5,260.00","27.96K","-0.34%"
"28-03-2019","5,296.00","5,272.00","5,326.00","5,272.00","25.24K","0.19%"
"27-03-2019","5,286.00","5,278.00","5,314.00","5,272.00","34.39K","0.19%"
"26-03-2019","5,276.00","5,260.00","5,290.00","5,236.00","22.65K","0.34%"
"25-03-2019","5,258.00","5,286.00","5,300.00","5,248.00","25.15K","-0.72%"
"22-03-2019","5,296.00","5,340.00","5,360.00","5,272.00","18.22K","-0.68%"
"20-03-2019","5,332.00","5,296.00","5,338.00","5,290.00","11.74K","0.76%"
"19-03-2019","5,292.00","5,272.00","5,308.00","5,240.00","22.11K","0.61%"
"18-03-2019","5,260.00","5,260.00","5,260.00","5,260.00","0.01K","0.34%"
"15-03-2019","5,242.00","5,242.00","5,242.00","5,242.00","0.05K","-1.58%"
"14-03-2019","5,326.00","5,352.00","5,352.00","5,312.00","1.33K","0.60%"
"13-03-2019","5,294.00","5,290.00","5,296.00","5,268.00","3.13K","0.42%"
"12-03-2019","5,272.00","5,246.00","5,272.00","5,232.00","3.69K","0.00%"
"11-03-2019","5,272.00","5,316.00","5,316.00","5,260.00","24.12K","0.19%"
"08-03-2019","5,262.00","5,188.00","5,308.00","5,178.00","45.47K","1.47%"
"07-03-2019","5,186.00","5,140.00","5,190.00","5,136.00","26.58K","0.62%"
"06-03-2019","5,154.00","5,190.00","5,204.00","5,136.00","29.35K","-0.88%"
"05-03-2019","5,200.00","5,240.00","5,258.00","5,186.00","23.11K","-0.91%"
"01-03-2019","5,248.00","5,252.00","5,288.00","5,242.00","20.90K","0.15%"
"28-02-2019","5,240.00","5,270.00","5,304.00","5,220.00","29.50K","-0.80%"
"27-02-2019","5,282.00","5,300.00","5,300.00","5,254.00","17.63K","-0.04%"
"26-02-2019","5,284.00","5,248.00","5,292.00","5,230.00","27.42K","0.38%"
"25-02-2019","5,264.00","5,254.00","5,306.00","5,250.00","24.33K","0.23%"
"22-02-2019","5,252.00","5,320.00","5,320.00","5,244.00","19.75K","-1.32%"
"21-02-2019","5,322.00","5,296.00","5,378.00","5,296.00","22.08K","1.10%"
"20-02-2019","5,264.00","5,264.00","5,264.00","5,264.00","0.03K","0.77%"
"19-02-2019","5,224.00","5,200.00","5,200.00","5,200.00","0.22K","0.00%"
"18-02-2019","5,224.00","5,254.00","5,254.00","5,196.00","0.07K","-2.39%"
"15-02-2019","5,352.00","5,358.00","5,370.00","5,254.00","0.34K","1.87%"
"14-02-2019","5,254.00","5,254.00","5,254.00","5,254.00","0.10K","2.42%"
"13-02-2019","5,130.00","5,118.00","5,190.00","5,108.00","0.48K","0.83%"
"12-02-2019","5,088.00","5,082.00","5,104.00","5,080.00","2.22K","0.12%"
"11-02-2019","5,082.00","5,122.00","5,140.00","5,072.00","19.61K","-0.35%"
"08-02-2019","5,100.00","5,064.00","5,130.00","5,054.00","23.54K","0.75%"
"07-02-2019","5,062.00","5,018.00","5,070.00","4,982.00","18.92K","1.20%"
"06-02-2019","5,002.00","5,066.00","5,072.00","4,968.00","24.78K","-1.46%"
"05-02-2019","5,076.00","5,110.00","5,110.00","5,072.00","22.34K","-0.39%"
"04-02-2019","5,096.00","5,128.00","5,142.00","5,082.00","32.07K","-0.55%"
"01-02-2019","5,124.00","5,136.00","5,150.00","5,114.00","15.62K","-0.35%"
"31-01-2019","5,142.00","5,124.00","5,148.00","5,092.00","25.23K","0.47%"
"30-01-2019","5,118.00","5,102.00","5,122.00","5,092.00","20.77K","0.43%"
"29-01-2019","5,096.00","5,072.00","5,100.00","5,042.00","24.16K","0.16%"
"28-01-2019","5,088.00","5,140.00","5,156.00","5,060.00","23.83K","-1.28%"
"25-01-2019","5,154.00","5,190.00","5,218.00","5,142.00","22.04K","-0.69%"
"24-01-2019","5,190.00","5,260.00","5,260.00","5,170.00","22.63K","-1.29%"
"23-01-2019","5,258.00","5,230.00","5,270.00","5,216.00","23.85K","0.65%"
"22-01-2019","5,224.00","5,226.00","5,250.00","5,194.00","21.22K","0.15%"
"21-01-2019","5,216.00","5,296.00","5,298.00","5,162.00","26.75K","2.27%"
"18-01-2019","5,100.00","5,100.00","5,100.00","5,100.00","0.01K","-1.09%"
"17-01-2019","5,156.00","5,160.00","5,186.00","5,100.00","0.31K","-0.39%"
"16-01-2019","5,176.00","5,200.00","5,200.00","5,070.00","0.13K","-0.96%"
"15-01-2019","5,226.00","5,240.00","5,260.00","5,206.00","0.48K","-0.27%"
"14-01-2019","5,240.00","5,228.00","5,266.00","5,224.00","0.63K","1.24%"
"11-01-2019","5,176.00","5,170.00","5,206.00","5,156.00","9.47K","-0.23%"
"10-01-2019","5,188.00","5,280.00","5,288.00","5,096.00","13.78K","-1.22%"
"09-01-2019","5,252.00","5,258.00","5,274.00","5,198.00","9.76K","0.15%"
"08-01-2019","5,244.00","5,352.00","5,360.00","5,234.00","19.40K","-1.98%"
"07-01-2019","5,350.00","5,304.00","5,398.00","5,284.00","24.90K","1.48%"
"04-01-2019","5,272.00","5,212.00","5,280.00","5,200.00","22.86K","0.92%"
"03-01-2019","5,224.00","5,190.00","5,232.00","5,106.00","26.15K","1.01%"
"02-01-2019","5,172.00","5,214.00","5,322.00","5,160.00","23.34K","-1.45%"
"01-01-2019","5,248.00","5,278.00","5,298.00","5,220.00","23.35K","-0.23%"
"31-12-2018","5,260.00","5,158.00","5,270.00","5,154.00","31.90K","2.57%"
"28-12-2018","5,128.00","5,056.00","5,172.00","5,048.00","26.69K","1.63%"
"27-12-2018","5,046.00","5,086.00","5,132.00","5,034.00","27.43K","-0.47%"
"26-12-2018","5,070.00","4,922.00","5,100.00","4,908.00","33.27K","2.59%"
"24-12-2018","4,942.00","5,148.00","5,150.00","4,938.00","44.32K","-3.89%"
"21-12-2018","5,142.00","5,174.00","5,194.00","5,122.00","24.43K","0.43%"
"20-12-2018","5,120.00","5,150.00","5,150.00","5,120.00","0.12K","0.23%"
"19-12-2018","5,108.00","5,108.00","5,108.00","5,102.00","0.18K","-1.31%"
"18-12-2018","5,176.00","5,272.00","5,272.00","5,130.00","46.98K","-4.25%"
"17-12-2018","5,406.00","5,402.00","5,418.00","5,236.00","2.06K","0.48%"
"14-12-2018","5,380.00","5,342.00","5,396.00","5,342.00","0.12K","-0.15%"
"13-12-2018","5,388.00","5,362.00","5,412.00","5,362.00","0.07K","-0.88%"
"12-12-2018","5,436.00","5,468.00","5,470.00","5,400.00","0.42K","-0.37%"
"11-12-2018","5,456.00","5,522.00","5,530.00","5,426.00","3.34K","-0.66%"
"10-12-2018","5,492.00","5,512.00","5,564.00","5,456.00","9.22K","0.33%"
"07-12-2018","5,474.00","5,480.00","5,504.00","5,396.00","10.82K","0.44%"
"06-12-2018","5,450.00","5,494.00","5,548.00","5,392.00","23.02K","-1.66%"
"05-12-2018","5,542.00","5,662.00","5,662.00","5,522.00","19.71K","-2.64%"
"04-12-2018","5,692.00","5,620.00","5,742.00","5,544.00","27.68K","2.37%"
"03-12-2018","5,560.00","5,392.00","5,560.00","5,392.00","41.27K","3.96%"
"30-11-2018","5,348.00","5,306.00","5,390.00","5,284.00","29.67K","0.98%"
"29-11-2018","5,296.00","5,470.00","5,500.00","5,296.00","70.13K","-3.99%"
"28-11-2018","5,516.00","5,570.00","5,594.00","5,476.00","29.44K","-0.90%"
"27-11-2018","5,566.00","5,500.00","5,604.00","5,428.00","63.23K","0.47%"
"26-11-2018","5,540.00","5,678.00","5,712.00","5,474.00","42.32K","-1.81%"
"22-11-2018","5,642.00","5,670.00","5,738.00","5,542.00","42.02K","0.36%"
"21-11-2018","5,622.00","5,714.00","5,778.00","5,540.00","70.67K","0.50%"
"20-11-2018","5,594.00","5,608.00","5,670.00","5,550.00","0.47K","-3.22%"
"19-11-2018","5,780.00","5,840.00","5,840.00","5,780.00","0.02K","-3.99%"
"16-11-2018","6,020.00","6,100.00","6,100.00","6,020.00","0.40K","-3.99%"
"15-11-2018","6,270.00","6,300.00","6,300.00","6,094.00","0.74K","1.52%"
"14-11-2018","6,176.00","6,144.00","6,208.00","6,144.00","0.29K","-0.13%"
"13-11-2018","6,184.00","6,054.00","6,240.00","6,054.00","0.55K","3.07%"
"12-11-2018","6,000.00","5,906.00","6,014.00","5,876.00","5.01K","2.70%"
"09-11-2018","5,842.00","5,826.00","5,916.00","5,750.00","15.31K","0.03%"
"07-11-2018","5,840.00","5,890.00","5,892.00","5,826.00","1.95K","-0.41%"
"06-11-2018","5,864.00","5,918.00","5,956.00","5,826.00","15.51K","-0.68%"
"05-11-2018","5,904.00","5,674.00","5,904.00","5,674.00","29.80K","3.98%"
"02-11-2018","5,678.00","5,702.00","5,702.00","5,628.00","24.11K","-0.73%"
"01-11-2018","5,720.00","5,728.00","5,756.00","5,622.00","24.12K","-0.24%"
"31-10-2018","5,734.00","5,730.00","5,756.00","5,676.00","28.35K","0.42%"
"30-10-2018","5,710.00","5,680.00","5,770.00","5,640.00","47.34K","1.35%"
"29-10-2018","5,634.00","5,490.00","5,680.00","5,480.00","66.87K","2.70%"
"26-10-2018","5,486.00","5,466.00","5,538.00","5,460.00","53.28K","0.37%"
"25-10-2018","5,466.00","5,356.00","5,480.00","5,330.00","58.75K","1.52%"
"24-10-2018","5,384.00","5,426.00","5,464.00","5,354.00","68.56K","0.15%"
"23-10-2018","5,376.00","5,326.00","5,418.00","5,302.00","70.24K","0.07%"
"22-10-2018","5,372.00","5,284.00","5,432.00","5,284.00","70.66K","2.01%"
"19-10-2018","5,266.00","5,182.00","5,316.00","5,170.00","70.61K","1.78%"
"17-10-2018","5,174.00","5,046.00","5,196.00","5,030.00","56.43K","2.86%"
"16-10-2018","5,030.00","5,020.00","5,044.00","5,002.00","1.37K","1.49%"
"15-10-2018","4,956.00","4,926.00","5,024.00","4,920.00","0.66K","1.85%"
"12-10-2018","4,866.00","4,888.00","4,888.00","4,842.00","4.02K","-0.12%"
"11-10-2018","4,872.00","4,814.00","4,890.00","4,814.00","9.12K","1.33%"
"10-10-2018","4,808.00","4,770.00","4,836.00","4,740.00","22.89K","1.74%"
"09-10-2018","4,726.00","4,716.00","4,738.00","4,702.00","11.15K","0.25%"
"08-10-2018","4,714.00","4,666.00","4,722.00","4,666.00","23.56K","1.29%"
"05-10-2018","4,654.00","4,590.00","4,664.00","4,566.00","47.57K","1.31%"
"04-10-2018","4,594.00","4,658.00","4,678.00","4,588.00","31.08K","-1.20%"
"03-10-2018","4,650.00","4,656.00","4,680.00","4,638.00","26.09K","-0.04%"
"01-10-2018","4,652.00","4,680.00","4,690.00","4,640.00","18.83K","-0.43%"
"28-09-2018","4,672.00","4,656.00","4,693.00","4,649.00","43.21K","0.15%"
"27-09-2018","4,665.00","4,675.00","4,685.00","4,654.00","32.27K","-0.24%"
"26-09-2018","4,676.00","4,683.00","4,709.00","4,668.00","21.43K","-0.11%"
"25-09-2018","4,681.00","4,729.00","4,740.00","4,669.00","46.48K","-1.02%"
"24-09-2018","4,729.00","4,745.00","4,759.00","4,721.00","30.20K","-0.61%"
"21-09-2018","4,758.00","4,725.00","4,774.00","4,725.00","40.03K","0.83%"
"19-09-2018","4,719.00","4,736.00","4,756.00","4,660.00","0.32K","1.70%"
"18-09-2018","4,640.00","4,640.00","4,640.00","4,640.00","0.01K","1.20%"
"17-09-2018","4,585.00","4,585.00","4,585.00","4,585.00","0.03K","-0.39%"
"14-09-2018","4,603.00","4,610.00","4,610.00","4,585.00","0.69K","-0.69%"
"12-09-2018","4,635.00","4,645.00","4,645.00","4,626.00","0.28K","0.70%"
"11-09-2018","4,603.00","4,613.00","4,645.00","4,594.00","12.64K","-0.20%"
"10-09-2018","4,612.00","4,650.00","4,665.00","4,600.00","26.55K","-0.37%"
"07-09-2018","4,629.00","4,661.00","4,672.00","4,615.00","17.68K","-0.81%"
"06-09-2018","4,667.00","4,674.00","4,698.00","4,656.00","21.14K","0.00%"
"05-09-2018","4,667.00","4,705.00","4,714.00","4,645.00","25.91K","-0.62%"
"04-09-2018","4,696.00","4,728.00","4,745.00","4,684.00","32.51K","-0.63%"
"03-09-2018","4,726.00","4,650.00","4,745.00","4,650.00","51.64K","1.44%"
"31-08-2018","4,659.00","4,592.00","4,670.00","4,570.00","51.74K","1.00%"
"30-08-2018","4,613.00","4,590.00","4,629.00","4,568.00","47.70K","0.37%"
"29-08-2018","4,596.00","4,599.00","4,641.00","4,575.00","53.74K","-0.17%"
"28-08-2018","4,604.00","4,608.00","4,663.00","4,512.00","65.72K","0.28%"
"27-08-2018","4,591.00","4,700.00","4,700.00","4,554.00","81.72K","-1.69%"
"24-08-2018","4,670.00","4,761.00","4,774.00","4,654.00","72.20K","-1.79%"
"23-08-2018","4,755.00","4,738.00","4,790.00","4,725.00","74.24K","0.85%"
"21-08-2018","4,715.00","4,710.00","4,745.00","4,687.00","61.97K","1.90%"
"20-08-2018","4,627.00","4,609.00","4,667.00","4,609.00","0.41K","0.06%"
"17-08-2018","4,624.00","4,626.00","4,636.00","4,609.00","0.03K","-0.41%"
"16-08-2018","4,643.00","4,591.00","4,660.00","4,585.00","2.46K","1.95%"
"14-08-2018","4,554.00","4,580.00","4,610.00","4,533.00","0.63K","0.18%"
"13-08-2018","4,546.00","4,636.00","4,636.00","4,538.00","4.60K","-2.45%"
"10-08-2018","4,660.00","4,725.00","4,725.00","4,624.00","10.80K","0.45%"
"09-08-2018","4,639.00","4,682.00","4,720.00","4,625.00","14.14K","-0.85%"
"08-08-2018","4,679.00","4,676.00","4,780.00","4,666.00","19.81K","0.78%"
"07-08-2018","4,643.00","4,601.00","4,655.00","4,597.00","12.34K","0.96%"
"06-08-2018","4,599.00","4,680.00","4,699.00","4,581.00","28.29K","-2.58%"
"03-08-2018","4,721.00","4,723.00","4,744.00","4,673.00","40.07K","0.28%"
"02-08-2018","4,708.00","4,625.00","4,730.00","4,614.00","59.13K","2.04%"
"01-08-2018","4,614.00","4,671.00","4,673.00","4,603.00","32.43K","-0.90%"
"31-07-2018","4,656.00","4,630.00","4,684.00","4,630.00","53.29K","0.28%"
"30-07-2018","4,643.00","4,667.00","4,667.00","4,610.00","50.78K","0.02%"
"27-07-2018","4,642.00","4,520.00","4,650.00","4,520.00","102.28K","2.79%"
"26-07-2018","4,516.00","4,488.00","4,524.00","4,473.00","50.17K","1.14%"
"25-07-2018","4,465.00","4,510.00","4,519.00","4,394.00","68.71K","-1.09%"
"24-07-2018","4,514.00","4,557.00","4,595.00","4,497.00","68.38K","-0.81%"
"23-07-2018","4,551.00","4,530.00","4,568.00","4,495.00","34.44K","-0.15%"
"20-07-2018","4,558.00","4,595.00","4,595.00","4,536.00","0.28K","1.38%"
"19-07-2018","4,496.00","4,516.00","4,516.00","4,475.00","0.14K","0.13%"
"18-07-2018","4,490.00","4,490.00","4,490.00","4,490.00","0.07K","1.10%"
"17-07-2018","4,441.00","4,445.00","4,461.00","4,413.00","0.78K","-0.87%"
"16-07-2018","4,480.00","4,535.00","4,550.00","4,480.00","0.79K","0.07%"
"13-07-2018","4,477.00","4,500.00","4,500.00","4,460.00","1.68K","-1.15%"
"12-07-2018","4,529.00","4,510.00","4,572.00","4,510.00","4.35K","0.62%"
"11-07-2018","4,501.00","4,432.00","4,505.00","4,422.00","14.71K","0.56%"
"10-07-2018","4,476.00","4,511.00","4,526.00","4,447.00","12.64K","-1.00%"
"09-07-2018","4,521.00","4,398.00","4,533.00","4,379.00","13.78K","3.62%"
"06-07-2018","4,363.00","4,338.00","4,393.00","4,321.00","21.78K","0.53%"
"05-07-2018","4,340.00","4,282.00","4,358.00","4,268.00","27.74K","1.28%"
"04-07-2018","4,285.00","4,205.00","4,300.00","4,203.00","38.09K","2.27%"
"03-07-2018","4,190.00","4,192.00","4,214.00","4,162.00","21.91K","0.02%"
"02-07-2018","4,189.00","4,187.00","4,224.00","4,178.00","33.90K","-0.10%"
"29-06-2018","4,193.00","4,180.00","4,220.00","4,112.00","48.65K","0.50%"
"28-06-2018","4,172.00","4,190.00","4,207.00","4,161.00","40.84K","-0.17%"
"27-06-2018","4,179.00","4,141.00","4,185.00","4,115.00","41.62K","0.77%"
"26-06-2018","4,147.00","4,141.00","4,168.00","4,130.00","32.59K","0.34%"
"25-06-2018","4,133.00","4,125.00","4,150.00","4,065.00","44.14K","-0.19%"
"22-06-2018","4,141.00","4,167.00","4,178.00","4,130.00","33.45K","-0.31%"
"21-06-2018","4,154.00","4,108.00","4,160.00","4,106.00","40.11K","2.32%"
"20-06-2018","4,060.00","4,060.00","4,060.00","4,059.00","0.10K","0.25%"
"19-06-2018","4,050.00","4,050.00","4,050.00","4,050.00","0.02K","-1.10%"
"18-06-2018","4,095.00","4,095.00","4,095.00","4,095.00","0.07K","1.14%"
"15-06-2018","4,049.00","4,119.00","4,119.00","4,023.00","0.08K","1.20%"
"14-06-2018","4,001.00","3,980.00","4,003.00","3,949.00","0.27K","1.52%"
"13-06-2018","3,941.00","3,920.00","3,961.00","3,920.00","0.13K","2.47%"
"12-06-2018","3,846.00","3,870.00","3,873.00","3,840.00","0.73K","-0.13%"
"11-06-2018","3,851.00","3,911.00","3,933.00","3,831.00","19.73K","-1.91%"
"08-06-2018","3,926.00","3,935.00","3,953.00","3,917.00","12.58K","-0.08%"
"07-06-2018","3,929.00","3,917.00","3,957.00","3,915.00","15.22K","0.00%"
"06-06-2018","3,929.00","3,915.00","3,939.00","3,907.00","8.85K","0.36%"
"05-06-2018","3,915.00","3,910.00","3,940.00","3,881.00","15.49K","-0.10%"
"04-06-2018","3,919.00","4,000.00","4,015.00","3,907.00","14.62K","-1.33%"
"01-06-2018","3,972.00","3,929.00","3,990.00","3,915.00","18.28K","1.33%"
"31-05-2018","3,920.00","3,900.00","3,932.00","3,874.00","14.99K","0.33%"
"30-05-2018","3,907.00","3,958.00","3,975.00","3,884.00","17.47K","-1.21%"
"29-05-2018","3,955.00","3,980.00","4,008.00","3,945.00","30.45K","-0.60%"
"28-05-2018","3,979.00","4,006.00","4,008.00","3,967.00","18.05K","-0.57%"
"25-05-2018","4,002.00","4,020.00","4,030.00","3,991.00","10.40K","-0.40%"
"24-05-2018","4,018.00","4,050.00","4,051.00","4,011.00","17.76K","-0.86%"
"23-05-2018","4,053.00","4,075.00","4,090.00","4,043.00","18.52K","-0.34%"
"22-05-2018","4,067.00","4,037.00","4,072.00","4,037.00","18.30K","0.82%"
"21-05-2018","4,034.00","4,050.00","4,058.00","4,022.00","13.08K","0.93%"
"18-05-2018","3,997.00","4,000.00","4,000.00","3,990.00","0.06K","-0.30%"
"17-05-2018","4,009.00","4,012.00","4,038.00","3,995.00","16.33K","0.23%"
"16-05-2018","4,000.00","4,005.00","4,020.00","3,977.00","0.40K","-0.50%"
"15-05-2018","4,020.00","4,021.00","4,030.00","4,000.00","0.94K","-0.67%"
"14-05-2018","4,047.00","4,055.00","4,055.00","4,034.00","1.16K","0.45%"
"11-05-2018","4,029.00","4,024.00","4,049.00","4,008.00","7.28K","1.05%"
"10-05-2018","3,987.00","4,011.00","4,054.00","3,926.00","10.93K","-0.99%"
"09-05-2018","4,027.00","4,062.00","4,063.00","4,018.00","15.92K","-0.17%"
"08-05-2018","4,034.00","3,992.00","4,060.00","3,986.00","20.23K","1.43%"
"07-05-2018","3,977.00","3,900.00","3,985.00","3,900.00","22.87K","2.26%"
"04-05-2018","3,889.00","3,955.00","3,955.00","3,841.00","29.18K","-1.77%"
"03-05-2018","3,959.00","3,990.00","4,019.00","3,943.00","19.08K","-0.65%"
"02-05-2018","3,985.00","3,980.00","3,998.00","3,961.00","20.05K","-0.30%"
"30-04-2018","3,997.00","4,020.00","4,050.00","3,960.00","30.78K","-0.32%"
"27-04-2018","4,010.00","4,097.00","4,108.00","4,000.00","38.60K","-2.03%"
"26-04-2018","4,093.00","4,078.00","4,107.00","4,075.00","16.42K","0.39%"
"25-04-2018","4,077.00","4,080.00","4,097.00","4,066.00","18.40K","-0.39%"
"24-04-2018","4,093.00","4,130.00","4,134.00","4,088.00","19.13K","-0.99%"
"23-04-2018","4,134.00","4,149.00","4,149.00","4,112.00","23.75K","0.00%"
"20-04-2018","4,134.00","4,130.00","4,140.00","4,130.00","0.75K","0.54%"
"19-04-2018","4,112.00","4,112.00","4,120.00","4,105.00","0.46K","0.44%"
"18-04-2018","4,094.00","4,090.00","4,104.00","4,086.00","1.72K","0.39%"
"17-04-2018","4,078.00","4,065.00","4,099.00","4,058.00","6.19K","-0.02%"
"16-04-2018","4,079.00","4,085.00","4,092.00","4,074.00","0.90K","-1.31%"
"13-04-2018","4,133.00","4,136.00","4,140.00","4,122.00","1.14K","-0.12%"
"12-04-2018","4,138.00","4,141.00","4,150.00","4,128.00","3.06K","-0.02%"
"11-04-2018","4,139.00","4,140.00","4,162.00","4,131.00","12.36K","0.46%"
"10-04-2018","4,120.00","4,092.00","4,135.00","4,075.00","12.19K","0.66%"
"09-04-2018","4,093.00","4,121.00","4,121.00","4,066.00","17.00K","-0.63%"
"06-04-2018","4,119.00","4,105.00","4,138.00","4,104.00","13.18K","0.15%"
"05-04-2018","4,113.00","4,080.00","4,131.00","4,070.00","14.46K","0.51%"
"04-04-2018","4,092.00","4,128.00","4,128.00","4,081.00","17.51K","-1.06%"
"03-04-2018","4,136.00","4,155.00","4,156.00","4,122.00","14.13K","-0.55%"
"02-04-2018","4,159.00","4,125.00","4,200.00","4,122.00","23.52K","0.60%"
"28-03-2018","4,134.00","4,114.00","4,144.00","4,083.00","13.10K","0.80%"
"27-03-2018","4,101.00","4,135.00","4,149.00","4,082.00","8.79K","-0.65%"
"26-03-2018","4,128.00","4,090.00","4,138.00","4,072.00","10.08K","1.05%"
"23-03-2018","4,085.00","4,080.00","4,119.00","4,077.00","11.27K","-0.61%"
"22-03-2018","4,110.00","4,136.00","4,142.00","4,091.00","14.63K","-0.48%"
"21-03-2018","4,130.00","4,162.00","4,179.00","4,125.00","17.03K","0.81%"
"20-03-2018","4,097.00","4,097.00","4,097.00","4,097.00","0.11K","-0.07%"
"19-03-2018","4,100.00","4,100.00","4,100.00","4,100.00","0.07K","-1.66%"
"16-03-2018","4,169.00","4,172.00","4,172.00","4,154.00","0.10K","0.43%"
"15-03-2018","4,151.00","4,155.00","4,168.00","4,135.00","0.33K","-0.77%"
"14-03-2018","4,183.00","4,201.00","4,201.00","4,170.00","0.61K","0.99%"
"13-03-2018","4,142.00","4,141.00","4,151.00","4,130.00","0.24K","1.05%"
"12-03-2018","4,099.00","4,155.00","4,179.00","4,090.00","4.75K","-1.68%"
"09-03-2018","4,169.00","4,150.00","4,199.00","4,148.00","15.17K","0.68%"
"08-03-2018","4,141.00","4,115.00","4,150.00","4,089.00","13.11K","1.10%"
"07-03-2018","4,096.00","4,070.00","4,140.00","4,070.00","15.19K","0.32%"
"06-03-2018","4,083.00","4,055.00","4,087.00","4,010.00","22.43K","0.34%"
"05-03-2018","4,069.00","4,135.00","4,135.00","4,053.00","13.78K","-0.71%"
"01-03-2018","4,098.00","4,118.00","4,142.00","4,070.00","13.20K","-0.36%"
"28-02-2018","4,113.00","4,070.00","4,122.00","4,046.00","25.42K","1.23%"
"27-02-2018","4,063.00","4,120.00","4,130.00","4,054.00","22.81K","-1.81%"
"26-02-2018","4,138.00","4,223.00","4,223.00","4,116.00","30.33K","-1.59%"
"23-02-2018","4,205.00","4,264.00","4,343.00","4,189.00","31.28K","-1.31%"
"22-02-2018","4,261.00","4,215.00","4,265.00","4,215.00","11.92K","0.59%"
"21-02-2018","4,236.00","4,194.00","4,270.00","4,181.00","23.56K","1.75%"
"20-02-2018","4,163.00","4,160.00","4,171.00","4,158.00","0.49K","-1.19%"
"19-02-2018","4,213.00","4,225.00","4,225.00","4,195.00","0.18K","1.32%"
"16-02-2018","4,158.00","4,121.00","4,174.00","4,121.00","0.42K","2.14%"
"15-02-2018","4,071.00","4,060.00","4,100.00","4,060.00","0.81K","-0.29%"
"14-02-2018","4,083.00","4,095.00","4,102.00","4,031.00","1.93K","-0.63%"
"12-02-2018","4,109.00","4,149.00","4,149.00","4,084.00","12.15K","0.46%"
"09-02-2018","4,090.00","4,118.00","4,140.00","4,072.00","15.47K","-0.56%"
"08-02-2018","4,113.00","4,195.00","4,196.00","4,096.00","14.37K","-2.21%"
"07-02-2018","4,206.00","4,258.00","4,277.00","4,158.00","17.30K","-0.94%"
"06-02-2018","4,246.00","4,234.00","4,271.00","4,226.00","9.76K","-0.23%"
"05-02-2018","4,256.00","4,244.00","4,283.00","4,226.00","12.05K","0.12%"
"02-02-2018","4,251.00","4,265.00","4,297.00","4,230.00","14.67K","-0.40%"
"01-02-2018","4,268.00","4,248.00","4,290.00","4,192.00","17.25K","0.31%"
"31-01-2018","4,255.00","4,335.00","4,335.00","4,245.00","24.28K","-1.55%"
"30-01-2018","4,322.00","4,300.00","4,348.00","4,271.00","49.00K","0.68%"
"29-01-2018","4,293.00","4,150.00","4,293.00","4,137.00","43.40K","4.00%"
"25-01-2018","4,128.00","4,112.00","4,146.00","4,111.00","11.20K","0.71%"
"24-01-2018","4,099.00","4,124.00","4,176.00","4,025.00","28.94K","-0.53%"
"23-01-2018","4,121.00","4,038.00","4,155.00","4,035.00","25.59K","2.00%"
"22-01-2018","4,040.00","4,050.00","4,065.00","4,022.00","7.10K","1.99%"
"19-01-2018","3,961.00","3,961.00","3,961.00","3,961.00","1.56K","-0.35%"
"18-01-2018","3,975.00","4,000.00","4,000.00","3,958.00","0.37K","-0.63%"
"17-01-2018","4,000.00","3,981.00","4,005.00","3,981.00","1.37K","-0.45%"
"16-01-2018","4,018.00","4,030.00","4,040.00","3,951.00","1.07K","-1.35%"
"15-01-2018","4,073.00","4,085.00","4,085.00","4,064.00","0.45K","-1.14%"
"12-01-2018","4,120.00","4,120.00","4,120.00","4,120.00","","1.35%"
"11-01-2018","4,065.00","4,075.00","4,114.00","4,054.00","12.03K","-0.20%"
"10-01-2018","4,073.00","4,002.00","4,087.00","4,002.00","13.34K","1.47%"
"09-01-2018","4,014.00","4,144.00","4,144.00","3,992.00","23.22K","-3.30%"
"08-01-2018","4,151.00","4,282.00","4,282.00","4,136.00","13.37K","-3.26%"
"05-01-2018","4,291.00","4,272.00","4,311.00","4,251.00","15.23K","0.47%"
"04-01-2018","4,271.00","4,268.00","4,298.00","4,254.00","13.15K","0.12%"
"03-01-2018","4,266.00","4,312.00","4,321.00","4,253.00","16.78K","-1.14%"
"02-01-2018","4,315.00","4,340.00","4,348.00","4,309.00","15.45K","-0.74%"
"01-01-2018","4,347.00","4,360.00","4,369.00","4,328.00","14.53K","-0.23%"
"29-12-2017","4,357.00","4,386.00","4,393.00","4,336.00","15.14K","-0.37%"
"28-12-2017","4,373.00","4,365.00","4,393.00","4,356.00","11.97K","0.18%"
"27-12-2017","4,365.00","4,410.00","4,426.00","4,350.00","19.27K","-1.04%"
"26-12-2017","4,411.00","4,458.00","4,458.00","4,401.00","14.58K","-1.10%"
"22-12-2017","4,460.00","4,455.00","4,469.00","4,430.00","11.68K","-0.09%"
"21-12-2017","4,464.00","4,454.00","4,480.00","4,388.00","31.26K","0.61%"
"20-12-2017","4,437.00","4,473.00","4,473.00","4,425.00","0.65K","-1.16%"
"19-12-2017","4,489.00","4,460.00","4,500.00","4,460.00","0.49K","1.31%"
"18-12-2017","4,431.00","4,441.00","4,449.00","4,417.00","2.15K","-0.20%"
"15-12-2017","4,440.00","4,450.00","4,473.00","4,434.00","2.70K","-0.63%"
"14-12-2017","4,468.00","4,485.00","4,486.00","4,459.00","2.25K","0.29%"
"13-12-2017","4,455.00","4,470.00","4,480.00","4,432.00","3.14K","-0.89%"
"12-12-2017","4,495.00","4,531.00","4,531.00","4,491.00","2.89K","-0.60%"
"11-12-2017","4,522.00","4,510.00","4,531.00","4,486.00","23.67K","0.58%"
"08-12-2017","4,496.00","4,444.00","4,556.00","4,405.00","16.42K","1.42%"
"07-12-2017","4,433.00","4,551.00","4,551.00","4,419.00","22.70K","-2.66%"
"06-12-2017","4,554.00","4,555.00","4,565.00","4,525.00","15.46K","0.11%"
"05-12-2017","4,549.00","4,555.00","4,592.00","4,533.00","14.37K","-0.24%"
"04-12-2017","4,560.00","4,567.00","4,590.00","4,550.00","16.43K","0.73%"
"01-12-2017","4,527.00","4,590.00","4,590.00","4,515.00","11.35K","-0.92%"
"30-11-2017","4,569.00","4,540.00","4,596.00","4,536.00","26.36K","0.57%"
"29-11-2017","4,543.00","4,558.00","4,574.00","4,513.00","22.79K","-0.81%"
"28-11-2017","4,580.00","4,635.00","4,635.00","4,560.00","23.00K","-0.80%"
"27-11-2017","4,617.00","4,549.00","4,630.00","4,527.00","33.34K","2.67%"
"24-11-2017","4,497.00","4,455.00","4,530.00","4,447.00","21.32K","1.06%"
"23-11-2017","4,450.00","4,410.00","4,478.00","4,405.00","21.61K","0.77%"
"22-11-2017","4,416.00","4,444.00","4,463.00","4,394.00","18.96K","-0.59%"
"21-11-2017","4,442.00","4,415.00","4,474.00","4,415.00","16.68K","0.79%"
"20-11-2017","4,407.00","4,426.00","4,469.00","4,400.00","2.50K","0.99%"
"17-11-2017","4,364.00","4,310.00","4,415.00","4,310.00","1.03K","1.46%"
"16-11-2017","4,301.00","4,295.00","4,330.00","4,283.00","1.35K","0.12%"
"15-11-2017","4,296.00","4,338.00","4,338.00","4,200.00","1.59K","-0.58%"
"14-11-2017","4,321.00","4,335.00","4,344.00","4,310.00","2.12K","0.51%"
"13-11-2017","4,299.00","4,291.00","4,320.00","4,279.00","9.09K","-0.32%"
"10-11-2017","4,313.00","4,326.00","4,346.00","4,284.00","14.26K","-0.48%"
"09-11-2017","4,334.00","4,369.00","4,394.00","4,313.00","14.22K","-0.37%"
"08-11-2017","4,350.00","4,375.00","4,402.00","4,342.00","11.34K","-0.55%"
"07-11-2017","4,374.00","4,360.00","4,397.00","4,360.00","13.12K","0.21%"
"06-11-2017","4,365.00","4,381.00","4,432.00","4,325.00","17.10K","-0.89%"
"03-11-2017","4,404.00","4,469.00","4,469.00","4,388.00","14.36K","0.25%"
"02-11-2017","4,393.00","4,334.00","4,403.00","4,333.00","22.15K","1.50%"
"01-11-2017","4,328.00","4,435.00","4,484.00","4,306.00","25.83K","-2.48%"
"31-10-2017","4,438.00","4,435.00","4,449.00","4,370.00","25.71K","0.27%"
"30-10-2017","4,426.00","4,577.00","4,577.00","4,414.00","24.05K","-0.96%"
"27-10-2017","4,469.00","4,529.00","4,564.00","4,454.00","29.89K","-1.56%"
"26-10-2017","4,540.00","4,390.00","4,547.00","4,382.00","36.67K","3.77%"
"25-10-2017","4,375.00","4,380.00","4,395.00","4,357.00","12.67K","0.11%"
"24-10-2017","4,370.00","4,362.00","4,395.00","4,327.00","31.24K","0.28%"
"23-10-2017","4,358.00","4,539.00","4,540.00","4,358.00","25.12K","-3.99%"
"19-10-2017","4,539.00","4,562.00","4,570.00","4,530.00","6.34K","-0.15%"
"18-10-2017","4,546.00","4,610.00","4,623.00","4,504.00","20.97K","-1.45%"
"17-10-2017","4,613.00","4,610.00","4,629.00","4,606.00","9.20K","-0.04%"
"16-10-2017","4,615.00","4,619.00","4,630.00","4,597.00","11.38K","0.87%"
"13-10-2017","4,575.00","4,530.00","4,592.00","4,530.00","1.07K","0.59%"
"12-10-2017","4,548.00","4,539.00","4,567.00","4,506.00","2.33K","0.62%"
"11-10-2017","4,520.00","4,540.00","4,551.00","4,501.00","6.01K","-0.13%"
"10-10-2017","4,526.00","4,501.00","4,546.00","4,500.00","7.62K","1.14%"
"09-10-2017","4,475.00","4,467.00","4,499.00","4,457.00","8.92K","-0.22%"
"06-10-2017","4,485.00","4,515.00","4,520.00","4,471.00","11.74K","-0.58%"
"05-10-2017","4,511.00","4,545.00","4,548.00","4,500.00","10.67K","-0.46%"
"04-10-2017","4,532.00","4,610.00","4,619.00","4,510.00","14.73K","-1.82%"
"03-10-2017","4,616.00","4,640.00","4,660.00","4,604.00","13.61K","-0.43%"
"29-09-2017","4,636.00","4,600.00","4,650.00","4,581.00","21.66K","1.02%"
"28-09-2017","4,589.00","4,598.00","4,611.00","4,565.00","19.92K","-0.02%"
"27-09-2017","4,590.00","4,589.00","4,619.00","4,578.00","19.70K","-0.02%"
"26-09-2017","4,591.00","4,588.00","4,604.00","4,546.00","35.91K","0.11%"
"25-09-2017","4,586.00","4,630.00","4,630.00","4,552.00","26.95K","-0.63%"
"22-09-2017","4,615.00","4,644.00","4,680.00","4,601.00","29.84K","-0.54%"
"21-09-2017","4,640.00","4,650.00","4,666.00","4,623.00","16.93K","2.02%"
"20-09-2017","4,548.00","4,532.00","4,579.00","4,532.00","0.39K","0.38%"
"19-09-2017","4,531.00","4,510.00","4,591.00","4,480.00","0.92K","-0.85%"
"18-09-2017","4,570.00","4,596.00","4,600.00","4,479.00","1.67K","-0.59%"
"15-09-2017","4,597.00","4,620.00","4,620.00","4,581.00","1.59K","-0.69%"
"14-09-2017","4,629.00","4,680.00","4,680.00","4,527.00","0.74K","-0.81%"
"13-09-2017","4,667.00","4,679.00","4,700.00","4,646.00","0.41K","-0.74%"
"12-09-2017","4,702.00","4,640.00","4,722.00","4,637.00","1.40K","1.40%"
"11-09-2017","4,637.00","4,650.00","4,656.00","4,624.00","18.00K","0.41%"
"08-09-2017","4,618.00","4,620.00","4,633.00","4,601.00","14.64K","-0.06%"
"07-09-2017","4,621.00","4,615.00","4,643.00","4,611.00","8.95K","-0.06%"
"06-09-2017","4,624.00","4,589.00","4,645.00","4,589.00","17.60K","0.92%"
"05-09-2017","4,582.00","4,572.00","4,605.00","4,539.00","21.50K","0.13%"
"04-09-2017","4,576.00","4,590.00","4,619.00","4,569.00","17.66K","-0.48%"
"01-09-2017","4,598.00","4,620.00","4,622.00","4,571.00","23.67K","-0.39%"
"31-08-2017","4,616.00","4,684.00","4,690.00","4,607.00","38.59K","-1.35%"
"30-08-2017","4,679.00","4,650.00","4,709.00","4,636.00","36.11K","0.41%"
"29-08-2017","4,660.00","4,670.00","4,700.00","4,650.00","26.36K","-0.38%"
"28-08-2017","4,678.00","4,651.00","4,725.00","4,651.00","33.07K","-0.17%"
"24-08-2017","4,686.00","4,661.00","4,705.00","4,641.00","26.65K","0.34%"
"23-08-2017","4,670.00","4,702.00","4,730.00","4,655.00","34.54K","-0.83%"
"22-08-2017","4,709.00","4,730.00","4,780.00","4,693.00","43.11K","-0.72%"
"21-08-2017","4,743.00","4,680.00","4,770.00","4,663.00","45.96K","4.63%"
"17-08-2017","4,533.00","4,570.00","4,570.00","4,523.00","1.02K","-0.15%"
"16-08-2017","4,540.00","4,550.00","4,558.00","4,520.00","0.86K","-0.59%"
"14-08-2017","4,567.00","4,526.00","4,658.00","4,526.00","0.63K","0.97%"
"11-08-2017","4,523.00","4,511.00","4,569.00","4,492.00","10.14K","0.49%"
"10-08-2017","4,501.00","4,621.00","4,643.00","4,483.00","14.87K","-2.49%"
"09-08-2017","4,616.00","4,490.00","4,665.00","4,480.00","28.85K","2.67%"
"08-08-2017","4,496.00","4,460.00","4,514.00","4,452.00","14.28K","0.54%"
"07-08-2017","4,472.00","4,464.00","4,515.00","4,460.00","10.52K","0.49%"
"04-08-2017","4,450.00","4,440.00","4,460.00","4,375.00","21.81K","1.71%"
"03-08-2017","4,375.00","4,390.00","4,439.00","4,366.00","21.77K","-0.88%"
"02-08-2017","4,414.00","4,460.00","4,460.00","4,396.00","17.54K","-0.90%"
"01-08-2017","4,454.00","4,470.00","4,500.00","4,439.00","15.36K","-0.47%"
"31-07-2017","4,475.00","4,515.00","4,541.00","4,465.00","21.99K","-0.60%"
"28-07-2017","4,502.00","4,476.00","4,519.00","4,475.00","14.15K","0.45%"
"27-07-2017","4,482.00","4,505.00","4,549.00","4,472.00","19.18K","-0.36%"
"26-07-2017","4,498.00","4,445.00","4,512.00","4,426.00","19.99K","1.28%"
"25-07-2017","4,441.00","4,444.00","4,479.00","4,428.00","14.44K","0.11%"
"24-07-2017","4,436.00","4,520.00","4,520.00","4,401.00","27.63K","-1.86%"
"21-07-2017","4,520.00","4,528.00","4,560.00","4,506.00","17.55K","1.64%"
"20-07-2017","4,447.00","4,480.00","4,500.00","4,440.00","0.86K","-1.02%"
"19-07-2017","4,493.00","4,525.00","4,525.00","4,480.00","1.13K","-0.77%"
"18-07-2017","4,528.00","4,535.00","4,557.00","4,520.00","0.11K","-1.05%"
"17-07-2017","4,576.00","4,550.00","4,590.00","4,520.00","0.80K","0.95%"
"14-07-2017","4,533.00","4,445.00","4,550.00","4,445.00","1.87K","1.96%"
"13-07-2017","4,446.00","4,474.00","4,474.00","4,423.00","1.12K","0.29%"
"12-07-2017","4,433.00","4,415.00","4,437.00","4,389.00","4.50K","1.35%"
"11-07-2017","4,374.00","4,389.00","4,391.00","4,350.00","11.16K","-0.39%"
"10-07-2017","4,391.00","4,405.00","4,439.00","4,385.00","14.02K","0.16%"
"07-07-2017","4,384.00","4,450.00","4,495.00","4,375.00","11.85K","-1.55%"
"06-07-2017","4,453.00","4,336.00","4,476.00","4,327.00","18.05K","2.75%"
"05-07-2017","4,334.00","4,324.00","4,353.00","4,300.00","16.78K","0.39%"
"04-07-2017","4,317.00","4,321.00","4,351.00","4,275.00","23.31K","-0.07%"
"03-07-2017","4,320.00","4,374.00","4,421.00","4,305.00","17.87K","-1.71%"
"30-06-2017","4,395.00","4,400.00","4,510.00","4,375.00","34.29K","-0.50%"
"29-06-2017","4,417.00","4,432.00","4,479.00","4,358.00","34.39K","-1.05%"
"28-06-2017","4,464.00","4,390.00","4,471.00","4,370.00","33.76K","1.85%"
"27-06-2017","4,383.00","4,235.00","4,383.00","4,210.00","32.86K","2.98%"
"23-06-2017","4,256.00","4,154.00","4,272.00","4,154.00","33.79K","2.48%"
"22-06-2017","4,153.00","4,160.00","4,170.00","4,089.00","28.29K","-1.02%"
"21-06-2017","4,196.00","4,255.00","4,299.00","4,172.00","22.15K","-0.17%"
"20-06-2017","4,203.00","4,241.00","4,241.00","4,200.00","3.18K","-1.08%"
"19-06-2017","4,249.00","4,250.00","4,251.00","4,240.00","1.56K","-1.21%"
"16-06-2017","4,301.00","4,389.00","4,389.00","4,260.00","0.08K","-1.44%"
"15-06-2017","4,364.00","4,288.00","4,386.00","4,288.00","1.31K","1.09%"
"14-06-2017","4,317.00","4,249.00","4,330.00","4,249.00","2.20K","1.91%"
"13-06-2017","4,236.00","4,237.00","4,271.00","4,210.00","2.71K","0.31%"
"12-06-2017","4,223.00","4,151.00","4,273.00","4,151.00","19.04K","0.69%"
"09-06-2017","4,194.00","4,166.00","4,220.00","4,166.00","19.95K","0.77%"
"08-06-2017","4,162.00","4,117.00","4,182.00","4,109.00","17.24K","0.92%"
"07-06-2017","4,124.00","4,190.00","4,205.00","4,112.00","22.05K","-1.62%"
"06-06-2017","4,192.00","4,331.00","4,365.00","4,192.00","16.73K","-2.99%"
"05-06-2017","4,321.00","4,320.00","4,355.00","4,288.00","17.56K","0.91%"
"02-06-2017","4,282.00","4,274.00","4,340.00","4,231.00","33.47K","0.75%"
"01-06-2017","4,250.00","4,219.00","4,295.00","4,219.00","16.73K","0.52%"
"31-05-2017","4,228.00","4,310.00","4,316.00","4,193.00","34.29K","-2.27%"
"30-05-2017","4,326.00","4,290.00","4,382.00","4,240.00","34.90K","-0.64%"
"29-05-2017","4,354.00","4,500.00","4,515.00","4,354.00","25.35K","-3.99%"
"26-05-2017","4,535.00","4,475.00","4,557.00","4,471.00","33.39K","1.84%"
"25-05-2017","4,453.00","4,420.00","4,487.00","4,420.00","17.77K","0.77%"
"24-05-2017","4,419.00","4,495.00","4,513.00","4,402.00","24.07K","-1.80%"
"23-05-2017","4,500.00","4,493.00","4,534.00","4,431.00","27.32K","0.18%"
"22-05-2017","4,492.00","4,581.00","4,581.00","4,465.00","16.69K","-2.22%"
"19-05-2017","4,594.00","4,600.00","4,620.00","4,535.00","1.30K","0.94%"
"18-05-2017","4,551.00","4,548.00","4,571.00","4,535.00","0.58K","1.13%"
"17-05-2017","4,500.00","4,474.00","4,526.00","4,474.00","0.31K","2.37%"
"16-05-2017","4,396.00","4,379.00","4,418.00","4,364.00","0.40K","1.57%"
"15-05-2017","4,328.00","4,360.00","4,405.00","4,300.00","0.63K","-2.13%"
"12-05-2017","4,422.00","4,475.00","4,492.00","4,388.00","1.24K","-1.65%"
"11-05-2017","4,496.00","4,540.00","4,560.00","4,490.00","5.80K","-0.64%"
"10-05-2017","4,525.00","4,480.00","4,544.00","4,440.00","15.46K","0.29%"
"09-05-2017","4,512.00","4,350.00","4,512.00","4,308.00","18.47K","3.99%"
"08-05-2017","4,339.00","4,496.00","4,527.00","4,332.00","19.44K","-2.82%"
"05-05-2017","4,465.00","4,390.00","4,498.00","4,255.00","28.81K","1.80%"
"04-05-2017","4,386.00","4,419.00","4,471.00","4,325.00","34.86K","-1.62%"
"03-05-2017","4,458.00","4,580.00","4,585.00","4,398.00","32.57K","-2.69%"
"02-05-2017","4,581.00","4,705.00","4,745.00","4,554.00","19.18K","-2.30%"
"28-04-2017","4,689.00","4,777.00","4,778.00","4,673.00","22.06K","-1.74%"
"27-04-2017","4,772.00","4,800.00","4,807.00","4,722.00","30.60K","-0.48%"
"26-04-2017","4,795.00","4,660.00","4,810.00","4,660.00","24.46K","1.61%"
"25-04-2017","4,719.00","4,741.00","4,757.00","4,691.00","17.31K","-0.23%"
"24-04-2017","4,730.00","4,765.00","4,765.00","4,667.00","26.14K","-1.27%"
"21-04-2017","4,791.00","4,889.00","4,898.00","4,773.00","28.78K","1.16%"
"20-04-2017","4,736.00","4,675.00","4,778.00","4,674.00","0.32K","3.05%"
"19-04-2017","4,596.00","4,591.00","4,620.00","4,590.00","0.14K","1.57%"
"18-04-2017","4,525.00","4,574.00","4,619.00","4,494.00","0.56K","-1.89%"
"17-04-2017","4,612.00","4,750.00","4,750.00","4,558.00","1.76K","-2.84%"
"13-04-2017","4,747.00","4,771.00","4,785.00","4,671.00","0.92K","0.96%"
"12-04-2017","4,702.00","4,705.00","4,753.00","4,633.00","3.74K","-0.42%"
"11-04-2017","4,722.00","4,861.00","4,885.00","4,695.00","14.00K","-2.34%"
"10-04-2017","4,835.00","4,806.00","4,850.00","4,757.00","20.39K","1.02%"
"07-04-2017","4,786.00","4,891.00","4,891.00","4,736.00","21.70K","-1.75%"
"06-04-2017","4,871.00","4,895.00","4,923.00","4,826.00","22.42K","-0.20%"
"05-04-2017","4,881.00","5,055.00","5,097.00","4,850.00","43.04K","-2.36%"
"04-04-2017","4,999.00","4,999.00","4,999.00","4,999.00","","0.00%"
"03-04-2017","4,999.00","4,900.00","4,999.00","4,878.00","35.64K","3.99%"
"31-03-2017","4,807.00","4,796.00","4,857.00","4,752.00","40.36K","0.69%"
"30-03-2017","4,774.00","4,758.00","4,847.00","4,748.00","49.01K","1.32%"
"29-03-2017","4,712.00","4,687.00","4,750.00","4,665.00","31.02K","0.43%"
"28-03-2017","4,692.00","4,651.00","4,800.00","4,632.00","50.51K","1.23%"
"27-03-2017","4,635.00","4,740.00","4,800.00","4,602.00","105.15K","-3.24%"
"24-03-2017","4,790.00","4,990.00","5,035.00","4,774.00","151.79K","-2.74%"
"23-03-2017","4,925.00","4,747.00","4,925.00","4,747.00","108.01K","3.99%"
"22-03-2017","4,736.00","4,635.00","4,762.00","4,620.00","123.25K","2.60%"
"21-03-2017","4,616.00","4,579.00","4,631.00","4,538.00","73.79K","2.01%"
"20-03-2017","4,525.00","4,522.00","4,566.00","4,510.00","0.48K","3.05%"
"17-03-2017","4,391.00","4,385.00","4,411.00","4,364.00","0.82K","0.94%"
"16-03-2017","4,350.00","4,302.00","4,354.00","4,302.00","3.71K","1.28%"
"15-03-2017","4,295.00","4,291.00","4,311.00","4,262.00","1.83K","0.40%"
"14-03-2017","4,278.00","4,209.00","4,291.00","4,200.00","4.60K","1.59%"
"10-03-2017","4,211.00","4,213.00","4,255.00","4,180.00","11.47K","-0.05%"
"09-03-2017","4,213.00","4,280.00","4,294.00","4,198.00","13.96K","-1.57%"
"08-03-2017","4,280.00","4,199.00","4,299.00","4,192.00","16.78K","1.40%"
"07-03-2017","4,221.00","4,284.00","4,308.00","4,210.00","22.06K","-1.45%"
"06-03-2017","4,283.00","4,130.00","4,300.00","4,130.00","38.04K","3.58%"
"03-03-2017","4,135.00","4,103.00","4,149.00","4,087.00","26.12K","0.73%"
"02-03-2017","4,105.00","4,062.00","4,124.00","4,060.00","35.66K","1.08%"
"01-03-2017","4,061.00","3,995.00","4,108.00","3,995.00","52.41K","1.65%"
"28-02-2017","3,995.00","3,970.00","4,010.00","3,961.00","26.53K","1.04%"
"27-02-2017","3,954.00","3,935.00","3,988.00","3,935.00","30.83K","0.69%"
"24-02-2017","3,927.00","3,927.00","3,927.00","3,927.00","","0.00%"
"23-02-2017","3,927.00","3,946.00","3,960.00","3,915.00","20.11K","-0.73%"
"22-02-2017","3,956.00","3,940.00","3,969.00","3,932.00","15.45K","0.23%"
"21-02-2017","3,947.00","3,990.00","3,990.00","3,931.00","19.00K","-0.43%"
"20-02-2017","3,964.00","3,978.00","3,993.00","3,951.00","0.89K","0.18%"
"17-02-2017","3,957.00","3,953.00","3,969.00","3,953.00","0.24K","1.49%"
"16-02-2017","3,899.00","3,898.00","3,918.00","3,891.00","0.90K","0.28%"
"15-02-2017","3,888.00","3,875.00","3,901.00","3,875.00","0.61K","1.04%"
"14-02-2017","3,848.00","3,860.00","3,868.00","3,835.00","2.12K","-0.18%"
"13-02-2017","3,855.00","3,884.00","3,890.00","3,846.00","6.75K","-0.67%"
"10-02-2017","3,881.00","3,910.00","3,925.00","3,876.00","5.70K","-0.79%"
"09-02-2017","3,912.00","3,940.00","3,950.00","3,905.00","9.21K","-0.99%"
"08-02-2017","3,951.00","3,920.00","3,958.00","3,917.00","9.57K","0.77%"
"07-02-2017","3,921.00","3,905.00","3,930.00","3,900.00","8.87K","0.28%"
"06-02-2017","3,910.00","3,960.00","3,960.00","3,900.00","9.05K","-1.19%"
"03-02-2017","3,957.00","3,963.00","3,966.00","3,945.00","5.99K","-0.28%"
"02-02-2017","3,968.00","3,998.00","3,999.00","3,958.00","6.20K","-0.55%"
"01-02-2017","3,990.00","3,981.00","4,008.00","3,974.00","14.39K","0.13%"
"31-01-2017","3,985.00","3,965.00","3,991.00","3,957.00","9.55K","0.28%"
"30-01-2017","3,974.00","4,024.00","4,024.00","3,955.00","11.91K","-0.53%"
"27-01-2017","3,995.00","4,020.00","4,037.00","3,985.00","11.88K","-0.32%"
"25-01-2017","4,008.00","3,985.00","4,019.00","3,970.00","16.63K","0.73%"
"24-01-2017","3,979.00","4,036.00","4,072.00","3,965.00","20.31K","-1.53%"
"23-01-2017","4,041.00","4,071.00","4,092.00","4,034.00","12.68K","-0.74%"
"20-01-2017","4,071.00","4,094.00","4,125.00","4,056.00","11.39K","-0.66%"
"19-01-2017","4,098.00","4,130.00","4,130.00","4,081.00","13.25K","-2.20%"
"17-01-2017","4,190.00","4,195.00","4,221.00","4,180.00","12.55K","-0.05%"
"16-01-2017","4,192.00","4,194.00","4,236.00","4,180.00","13.00K","-0.02%"
"13-01-2017","4,193.00","4,180.00","4,220.00","4,154.00","18.93K","0.38%"
"12-01-2017","4,177.00","4,180.00","4,237.00","4,147.00","35.10K","-0.05%"
"11-01-2017","4,179.00","4,085.00","4,179.00","4,070.00","27.20K","2.98%"
"10-01-2017","4,058.00","3,994.00","4,073.00","3,992.00","12.07K","1.63%"
"09-01-2017","3,993.00","3,970.00","4,017.00","3,970.00","10.61K","0.48%"
"06-01-2017","3,974.00","3,928.00","3,998.00","3,921.00","12.87K","1.53%"
"05-01-2017","3,914.00","3,851.00","3,935.00","3,830.00","19.00K","28.29%"