"Date","Price","Open","High","Low","Vol.","Change %"
"30-04-2026","5,816.00","5,860.00","5,875.00","5,800.00","14.93K","-0.99%"
"29-04-2026","5,874.00","5,714.00","5,890.00","5,670.00","21.06K","3.22%"
"28-04-2026","5,691.00","5,675.00","5,714.00","5,647.00","5.63K","0.42%"
"27-04-2026","5,667.00","5,691.00","5,718.00","5,645.00","6.26K","-0.81%"
"24-04-2026","5,713.00","5,758.00","5,780.00","5,672.00","5.45K","-1.02%"
"23-04-2026","5,772.00","5,721.00","5,861.00","5,702.00","5.64K","0.24%"
"22-04-2026","5,758.00","5,811.00","5,940.00","5,731.00","12.91K","-1.62%"
"21-04-2026","5,853.00","5,965.00","5,965.00","5,844.00","5.72K","0.43%"
"20-04-2026","5,828.00","5,882.00","5,892.00","5,815.00","23.83K","-0.75%"
"17-04-2026","5,872.00","5,769.00","5,895.00","5,731.00","42.74K","2.59%"
"16-04-2026","5,724.00","5,678.00","5,754.00","5,640.00","31.17K","0.53%"
"15-04-2026","5,694.00","5,749.00","5,774.00","5,675.00","28.77K","-0.63%"
"13-04-2026","5,730.00","5,680.00","5,749.00","5,633.00","28.19K","0.77%"
"10-04-2026","5,686.00","5,739.00","5,740.00","5,660.00","32.98K","-0.66%"
"09-04-2026","5,724.00","5,787.00","5,788.00","5,703.00","20.39K","-1.12%"
"08-04-2026","5,789.00","5,765.00","5,833.00","5,762.00","16.98K","0.26%"
"07-04-2026","5,774.00","5,795.00","5,813.00","5,744.00","20.36K","-0.16%"
"06-04-2026","5,783.00","5,850.00","5,896.00","5,773.00","29.01K","-0.72%"
"02-04-2026","5,825.00","5,765.00","5,875.00","5,725.00","29.17K","0.66%"
"01-04-2026","5,787.00","5,838.00","5,877.00","5,755.00","40.84K","0.24%"
"30-03-2026","5,773.00","5,595.00","5,800.00","5,580.00","23.54K","3.42%"
"27-03-2026","5,582.00","5,574.00","5,625.00","5,574.00","9.19K","-0.25%"
"25-03-2026","5,596.00","5,539.00","5,618.00","5,535.00","12.91K","1.32%"
"24-03-2026","5,523.00","5,545.00","5,558.00","5,511.00","6.64K","-0.45%"
"23-03-2026","5,548.00","5,474.00","5,602.00","5,433.00","6.10K","1.74%"
"20-03-2026","5,453.00","5,432.00","5,472.00","5,432.00","9.81K","0.63%"
"19-03-2026","5,419.00","5,460.00","5,460.00","5,385.00","16.61K","-1.00%"
"18-03-2026","5,474.00","5,421.00","5,499.00","5,400.00","30.39K","1.09%"
"17-03-2026","5,415.00","5,455.00","5,468.00","5,409.00","22.33K","-0.57%"
"16-03-2026","5,446.00","5,452.00","5,494.00","5,420.00","21.29K","0.31%"
"13-03-2026","5,429.00","5,510.00","5,524.00","5,355.00","36.97K","-1.26%"
"12-03-2026","5,498.00","5,488.00","5,549.00","5,470.00","21.38K","0.20%"
"11-03-2026","5,487.00","5,524.00","5,545.00","5,471.00","16.45K","-0.51%"
"10-03-2026","5,515.00","5,530.00","5,550.00","5,486.00","27.37K","-0.76%"
"09-03-2026","5,557.00","5,306.00","5,595.00","5,295.00","50.46K","4.10%"
"06-03-2026","5,338.00","5,360.00","5,388.00","5,326.00","17.51K","-0.34%"
"05-03-2026","5,356.00","5,305.00","5,367.00","5,270.00","19.75K","1.19%"
"04-03-2026","5,293.00","5,300.00","5,331.00","5,230.00","12.82K","-0.13%"
"02-03-2026","5,300.00","5,409.00","5,409.00","5,250.00","27.30K","-2.65%"
"27-02-2026","5,444.00","5,430.00","5,487.00","5,412.00","10.85K","-0.22%"
"26-02-2026","5,456.00","5,430.00","5,473.00","5,406.00","8.46K","0.35%"
"25-02-2026","5,437.00","5,462.00","5,468.00","5,350.00","4.86K","-0.46%"
"24-02-2026","5,462.00","5,445.00","5,512.00","5,425.00","6.96K","-0.35%"
"23-02-2026","5,481.00","5,430.00","5,500.00","5,401.00","7.08K","2.20%"
"20-02-2026","5,363.00","5,338.00","5,394.00","5,338.00","11.26K","-0.06%"
"19-02-2026","5,366.00","5,336.00","5,387.00","5,303.00","26.04K","0.34%"
"18-02-2026","5,348.00","5,385.00","5,431.00","5,335.00","23.26K","-0.89%"
"17-02-2026","5,396.00","5,384.00","5,452.00","5,380.00","20.39K","0.07%"
"16-02-2026","5,392.00","5,407.00","5,429.00","5,369.00","18.30K","-0.39%"
"13-02-2026","5,413.00","5,466.00","5,484.00","5,400.00","15.94K","-1.11%"
"12-02-2026","5,474.00","5,488.00","5,498.00","5,411.00","26.63K","0.00%"
"11-02-2026","5,474.00","5,515.00","5,542.00","5,452.00","19.66K","-0.91%"
"10-02-2026","5,524.00","5,491.00","5,566.00","5,491.00","23.50K","0.31%"
"09-02-2026","5,507.00","5,580.00","5,595.00","5,482.00","22.08K","-1.02%"
"06-02-2026","5,564.00","5,615.00","5,655.00","5,552.00","25.57K","-1.31%"
"05-02-2026","5,638.00","5,610.00","5,687.00","5,581.00","21.12K","0.48%"
"04-02-2026","5,611.00","5,591.00","5,637.00","5,520.00","30.34K","0.07%"
"03-02-2026","5,607.00","5,630.00","5,719.00","5,587.00","33.96K","0.48%"
"02-02-2026","5,580.00","5,485.00","5,606.00","5,421.00","22.43K","1.23%"
"01-02-2026","5,512.00","5,549.00","5,606.00","5,492.00","10.42K","-1.62%"
"30-01-2026","5,603.00","5,625.00","5,657.00","5,561.00","14.65K","-0.32%"
"29-01-2026","5,621.00","5,489.00","5,665.00","5,461.00","19.90K","1.50%"
"28-01-2026","5,538.00","5,710.00","5,710.00","5,512.00","15.68K","-3.08%"
"27-01-2026","5,714.00","5,755.00","5,780.00","5,691.00","9.70K","-0.78%"
"23-01-2026","5,759.00","5,805.00","5,821.00","5,725.00","8.06K","-0.48%"
"22-01-2026","5,787.00","5,824.00","5,844.00","5,757.00","6.50K","0.10%"
"21-01-2026","5,781.00","5,688.00","5,800.00","5,635.00","6.95K","2.48%"
"20-01-2026","5,641.00","5,732.00","5,735.00","5,602.00","21.24K","-1.42%"
"19-01-2026","5,722.00","5,755.00","5,770.00","5,674.00","26.66K","0.33%"
"16-01-2026","5,703.00","5,610.00","5,780.00","5,610.00","39.78K","1.88%"
"14-01-2026","5,598.00","5,590.00","5,643.00","5,533.00","27.81K","0.68%"
"13-01-2026","5,560.00","5,700.00","5,735.00","5,525.00","36.80K","-2.68%"
"12-01-2026","5,713.00","5,847.00","5,850.00","5,689.00","57.43K","-0.68%"
"09-01-2026","5,752.00","5,506.00","5,779.00","5,468.00","55.83K","4.17%"
"08-01-2026","5,522.00","5,760.00","5,840.00","5,462.00","88.58K","-4.26%"
"07-01-2026","5,768.00","5,710.00","5,805.00","5,651.00","58.12K","-0.07%"
"06-01-2026","5,772.00","6,048.00","6,085.00","5,701.00","78.40K","-4.82%"
"05-01-2026","6,064.00","6,172.00","6,172.00","6,048.00","37.28K","-1.94%"
"02-01-2026","6,184.00","6,132.00","6,290.00","6,125.00","57.10K","1.24%"
"01-01-2026","6,108.00","6,130.00","6,175.00","6,010.00","31.82K","0.02%"
"31-12-2025","6,107.00","6,189.00","6,224.00","6,080.00","41.96K","-0.23%"
"30-12-2025","6,121.00","5,920.00","6,149.00","5,834.00","37.97K","3.38%"
"29-12-2025","5,921.00","6,066.00","6,078.00","5,890.00","24.10K","-2.57%"
"26-12-2025","6,077.00","6,034.00","6,093.00","5,809.00","39.07K","3.72%"
"24-12-2025","5,859.00","5,709.00","5,883.00","5,651.00","14.34K","3.57%"
"23-12-2025","5,657.00","5,695.00","5,786.00","5,547.00","13.10K","-1.38%"
"22-12-2025","5,736.00","5,867.00","5,867.00","5,712.00","18.72K","2.98%"
"19-12-2025","5,570.00","5,397.00","5,615.00","5,384.00","53.08K","3.15%"
"18-12-2025","5,400.00","5,309.00","5,450.00","5,280.00","47.04K","1.94%"
"17-12-2025","5,297.00","5,320.00","5,350.00","5,286.00","30.02K","-0.62%"
"16-12-2025","5,330.00","5,339.00","5,398.00","5,286.00","37.75K","0.41%"
"15-12-2025","5,308.00","5,120.00","5,338.00","5,120.00","71.58K","4.08%"
"12-12-2025","5,100.00","5,015.00","5,118.00","5,015.00","31.62K","1.74%"
"11-12-2025","5,013.00","4,975.00","5,046.00","4,970.00","30.65K","0.97%"
"10-12-2025","4,965.00","4,946.00","5,010.00","4,945.00","20.97K","-0.54%"
"09-12-2025","4,992.00","4,890.00","4,999.00","4,868.00","28.80K","2.21%"
"08-12-2025","4,884.00","4,864.00","4,904.00","4,845.00","19.08K","0.70%"
"05-12-2025","4,850.00","4,846.00","4,887.00","4,824.00","12.11K","-0.23%"
"04-12-2025","4,861.00","4,881.00","4,906.00","4,853.00","17.27K","-0.53%"
"03-12-2025","4,887.00","4,880.00","4,928.00","4,875.00","16.08K","-0.14%"
"02-12-2025","4,894.00","4,927.00","4,935.00","4,863.00","22.28K","-0.08%"
"01-12-2025","4,898.00","4,747.00","4,917.00","4,740.00","31.56K","3.20%"
"28-11-2025","4,746.00","4,745.00","4,783.00","4,731.00","13.18K","-0.17%"
"27-11-2025","4,754.00","4,700.00","4,779.00","4,700.00","8.96K","0.98%"
"26-11-2025","4,708.00","4,693.00","4,727.00","4,693.00","6.99K","0.09%"
"25-11-2025","4,704.00","4,775.00","4,778.00","4,691.00","10.35K","-1.57%"
"24-11-2025","4,779.00","4,770.00","4,795.00","4,766.00","3.12K","0.00%"
"21-11-2025","4,779.00","4,799.00","4,800.00","4,769.00","4.70K","1.06%"
"20-11-2025","4,729.00","4,716.00","4,748.00","4,696.00","15.37K","0.30%"
"19-11-2025","4,715.00","4,670.00","4,773.00","4,641.00","15.36K","1.03%"
"18-11-2025","4,667.00","4,699.00","4,710.00","4,660.00","14.69K","-0.47%"
"17-11-2025","4,689.00","4,725.00","4,729.00","4,682.00","12.61K","-0.87%"
"14-11-2025","4,730.00","4,700.00","4,745.00","4,685.00","13.42K","0.62%"
"13-11-2025","4,701.00","4,735.00","4,759.00","4,689.00","10.69K","-0.61%"
"12-11-2025","4,730.00","4,694.00","4,757.00","4,663.00","15.22K","0.75%"
"11-11-2025","4,695.00","4,751.00","4,751.00","4,676.00","14.88K","-1.05%"
"10-11-2025","4,745.00","4,786.00","4,831.00","4,736.00","13.92K","-0.42%"
"07-11-2025","4,765.00","4,781.00","4,796.00","4,753.00","16.33K","-0.67%"
"06-11-2025","4,797.00","4,853.00","4,853.00","4,791.00","11.57K","-1.13%"
"04-11-2025","4,852.00","4,852.00","4,870.00","4,820.00","9.84K","0.50%"
"03-11-2025","4,828.00","4,812.00","4,847.00","4,770.00","14.07K","0.10%"
"31-10-2025","4,823.00","4,840.00","4,881.00","4,811.00","9.40K","-0.14%"
"30-10-2025","4,830.00","4,810.00","4,845.00","4,800.00","11.30K","0.06%"
"29-10-2025","4,827.00","4,893.00","4,914.00","4,806.00","13.00K","-1.45%"
"28-10-2025","4,898.00","4,980.00","4,998.00","4,875.00","7.73K","-1.37%"
"27-10-2025","4,966.00","4,960.00","4,987.00","4,896.00","6.62K","-0.08%"
"24-10-2025","4,970.00","5,031.00","5,031.00","4,950.00","7.81K","-1.43%"
"23-10-2025","5,042.00","5,057.00","5,100.00","5,008.00","7.28K","0.52%"
"21-10-2025","5,016.00","5,025.00","5,025.00","5,006.00","0.28K","1.31%"
"20-10-2025","4,951.00","4,929.00","4,968.00","4,920.00","5.90K","0.16%"
"17-10-2025","4,943.00","4,978.00","4,980.00","4,935.00","13.46K","-0.62%"
"16-10-2025","4,974.00","4,966.00","5,017.00","4,960.00","9.00K","0.10%"
"15-10-2025","4,969.00","4,957.00","5,113.00","4,936.00","26.76K","0.12%"
"14-10-2025","4,963.00","5,060.00","5,064.00","4,951.00","23.76K","-1.35%"
"13-10-2025","5,031.00","4,837.00","5,071.00","4,831.00","30.01K","4.05%"
"10-10-2025","4,835.00","4,850.00","4,875.00","4,830.00","14.00K","-0.45%"
"09-10-2025","4,857.00","4,868.00","4,874.00","4,832.00","12.07K","-0.04%"
"08-10-2025","4,859.00","4,828.00","4,901.00","4,790.00","20.90K","0.87%"
"07-10-2025","4,817.00","4,840.00","4,840.00","4,800.00","12.84K","-0.08%"
"06-10-2025","4,821.00","4,835.00","4,865.00","4,776.00","15.56K","-0.43%"
"03-10-2025","4,842.00","4,870.00","4,885.00","4,835.00","8.98K","-1.45%"
"01-10-2025","4,913.00","4,851.00","4,925.00","4,846.00","13.00K","1.05%"
"30-09-2025","4,862.00","4,914.00","4,919.00","4,810.00","19.13K","-1.70%"
"29-09-2025","4,946.00","4,984.00","4,984.00","4,934.00","7.90K","-0.82%"
"26-09-2025","4,987.00","4,990.00","4,995.00","4,960.00","7.79K","-0.48%"
"25-09-2025","5,011.00","5,026.00","5,040.00","5,006.00","4.32K","-0.30%"
"24-09-2025","5,026.00","4,995.00","5,055.00","4,985.00","6.41K","0.44%"
"23-09-2025","5,004.00","4,992.00","5,008.00","4,952.00","8.65K","0.14%"
"22-09-2025","4,997.00","5,094.00","5,114.00","4,977.00","5.49K","-0.89%"
"19-09-2025","5,042.00","5,055.00","5,065.00","5,023.00","17.02K","-0.26%"
"18-09-2025","5,055.00","5,097.00","5,105.00","5,050.00","16.80K","-1.08%"
"17-09-2025","5,110.00","5,145.00","5,161.00","5,096.00","28.86K","-0.85%"
"16-09-2025","5,154.00","5,085.00","5,169.00","5,070.00","14.67K","0.78%"
"15-09-2025","5,114.00","5,146.00","5,146.00","5,095.00","9.48K","-0.02%"
"12-09-2025","5,115.00","5,154.00","5,164.00","5,105.00","8.27K","-0.58%"
"11-09-2025","5,145.00","5,137.00","5,150.00","5,116.00","9.67K","0.65%"
"10-09-2025","5,112.00","5,066.00","5,125.00","5,050.00","14.39K","0.77%"
"09-09-2025","5,073.00","5,180.00","5,180.00","5,058.00","15.44K","-1.00%"
"08-09-2025","5,124.00","5,133.00","5,161.00","5,116.00","19.88K","-0.47%"
"05-09-2025","5,148.00","5,179.00","5,190.00","5,134.00","7.35K","-0.56%"
"04-09-2025","5,177.00","5,190.00","5,199.00","5,163.00","7.30K","-0.37%"
"03-09-2025","5,196.00","5,215.00","5,226.00","5,185.00","27.38K","-0.13%"
"02-09-2025","5,203.00","5,200.00","5,267.00","5,171.00","26.60K","0.27%"
"01-09-2025","5,189.00","5,236.00","5,240.00","5,181.00","19.29K","-1.09%"
"29-08-2025","5,246.00","5,298.00","5,298.00","5,239.00","16.64K","-0.66%"
"28-08-2025","5,281.00","5,268.00","5,314.00","5,220.00","13.05K","-0.73%"
"26-08-2025","5,320.00","5,282.00","5,332.00","5,281.00","12.28K","0.08%"
"25-08-2025","5,316.00","5,290.00","5,321.00","5,267.00","13.54K","-0.04%"
"22-08-2025","5,318.00","5,315.00","5,338.00","5,300.00","3.65K","0.06%"
"21-08-2025","5,315.00","5,329.00","5,341.00","5,308.00","13.29K","0.38%"
"20-08-2025","5,295.00","5,266.00","5,310.00","5,266.00","17.04K","0.38%"
"19-08-2025","5,275.00","5,230.00","5,284.00","5,200.00","27.48K","1.03%"
"18-08-2025","5,221.00","5,221.00","5,255.00","5,203.00","16.21K","0.50%"
"14-08-2025","5,195.00","5,212.00","5,225.00","5,185.00","10.30K","-0.59%"
"13-08-2025","5,226.00","5,253.00","5,255.00","5,216.00","16.29K","-0.74%"
"12-08-2025","5,265.00","5,250.00","5,274.00","5,246.00","9.32K","0.13%"
"11-08-2025","5,258.00","5,302.00","5,304.00","5,242.00","9.72K","-0.55%"
"08-08-2025","5,287.00","5,318.00","5,337.00","5,280.00","14.35K","-0.36%"
"07-08-2025","5,306.00","5,302.00","5,355.00","5,291.00","12.80K","-0.51%"
"06-08-2025","5,333.00","5,309.00","5,340.00","5,300.00","10.78K","0.64%"
"05-08-2025","5,299.00","5,376.00","5,376.00","5,290.00","15.15K","-1.43%"
"04-08-2025","5,376.00","5,401.00","5,423.00","5,358.00","19.95K","0.58%"
"01-08-2025","5,345.00","5,350.00","5,415.00","5,310.00","16.75K","-0.24%"
"31-07-2025","5,358.00","5,261.00","5,372.00","5,250.00","12.32K","1.52%"
"30-07-2025","5,278.00","5,300.00","5,300.00","5,247.00","12.75K","-0.11%"
"29-07-2025","5,284.00","5,265.00","5,306.00","5,263.00","8.00K","0.44%"
"28-07-2025","5,261.00","5,320.00","5,320.00","5,255.00","6.68K","-1.03%"
"25-07-2025","5,316.00","5,328.00","5,335.00","5,312.00","2.89K","-0.15%"
"24-07-2025","5,324.00","5,340.00","5,344.00","5,318.00","2.49K","-0.04%"
"23-07-2025","5,326.00","5,317.00","5,341.00","5,291.00","6.92K","0.68%"
"22-07-2025","5,290.00","5,257.00","5,309.00","5,257.00","3.56K","-0.17%"
"21-07-2025","5,299.00","5,392.00","5,392.00","5,229.00","4.57K","-0.41%"
"18-07-2025","5,321.00","5,300.00","5,330.00","5,278.00","14.77K","0.06%"
"17-07-2025","5,318.00","5,343.00","5,374.00","5,309.00","13.35K","-0.75%"
"16-07-2025","5,358.00","5,352.00","5,378.00","5,327.00","18.12K","0.06%"
"15-07-2025","5,355.00","5,275.00","5,374.00","5,275.00","20.32K","1.73%"
"14-07-2025","5,264.00","5,212.00","5,268.00","5,185.00","16.31K","0.71%"
"11-07-2025","5,227.00","5,289.00","5,306.00","5,215.00","15.30K","-1.41%"
"10-07-2025","5,302.00","5,265.00","5,315.00","5,262.00","12.58K","0.25%"
"09-07-2025","5,289.00","5,302.00","5,314.00","5,265.00","12.48K","-0.32%"
"08-07-2025","5,306.00","5,320.00","5,345.00","5,291.00","11.37K","-0.62%"
"07-07-2025","5,339.00","5,341.00","5,410.00","5,327.00","16.42K","-0.95%"
"04-07-2025","5,390.00","5,331.00","5,429.00","5,330.00","27.54K","1.22%"
"03-07-2025","5,325.00","5,279.00","5,350.00","5,276.00","19.71K","1.04%"
"02-07-2025","5,270.00","5,289.00","5,290.00","5,260.00","9.40K","-0.47%"
"01-07-2025","5,295.00","5,295.00","5,344.00","5,272.00","19.86K","0.11%"
"30-06-2025","5,289.00","5,185.00","5,305.00","5,184.00","18.79K","2.34%"
"27-06-2025","5,168.00","5,130.00","5,170.00","5,128.00","5.70K","0.94%"
"26-06-2025","5,120.00","5,170.00","5,176.00","5,101.00","6.32K","-1.01%"
"25-06-2025","5,172.00","5,204.00","5,204.00","5,162.00","3.95K","-0.63%"
"24-06-2025","5,205.00","5,154.00","5,208.00","5,154.00","5.00K","0.89%"
"23-06-2025","5,159.00","5,146.00","5,164.00","5,146.00","4.13K","0.66%"
"20-06-2025","5,125.00","5,118.00","5,133.00","5,112.00","4.88K","-0.08%"
"19-06-2025","5,129.00","5,154.00","5,163.00","5,121.00","3.88K","-0.52%"
"18-06-2025","5,156.00","5,138.00","5,164.00","5,115.00","10.63K","0.53%"
"17-06-2025","5,129.00","5,105.00","5,136.00","5,080.00","9.80K","0.90%"
"16-06-2025","5,083.00","5,135.00","5,135.00","5,076.00","5.91K","-0.78%"
"13-06-2025","5,123.00","5,180.00","5,189.00","5,116.00","9.37K","-0.83%"
"12-06-2025","5,166.00","5,175.00","5,181.00","5,161.00","8.02K","0.12%"
"11-06-2025","5,160.00","5,160.00","5,174.00","5,121.00","9.03K","-0.44%"
"10-06-2025","5,183.00","5,220.00","5,220.00","5,171.00","10.85K","-0.56%"
"09-06-2025","5,212.00","5,210.00","5,239.00","5,200.00","10.93K","0.13%"
"06-06-2025","5,205.00","5,199.00","5,229.00","5,197.00","8.20K","-0.08%"
"05-06-2025","5,209.00","5,219.00","5,245.00","5,198.00","13.48K","0.13%"
"04-06-2025","5,202.00","5,195.00","5,207.00","5,186.00","5.33K","0.27%"
"03-06-2025","5,188.00","5,172.00","5,225.00","5,172.00","6.65K","0.21%"
"02-06-2025","5,177.00","5,180.00","5,186.00","5,145.00","5.98K","-0.14%"
"30-05-2025","5,184.00","5,172.00","5,194.00","5,151.00","10.00K","-0.10%"
"29-05-2025","5,189.00","5,225.00","5,245.00","5,168.00","7.29K","-0.54%"
"28-05-2025","5,217.00","5,204.00","5,225.00","5,188.00","6.94K","0.25%"
"27-05-2025","5,204.00","5,191.00","5,217.00","5,178.00","6.72K","0.21%"
"26-05-2025","5,193.00","5,250.00","5,255.00","5,166.00","5.45K","-1.57%"
"23-05-2025","5,276.00","5,267.00","5,288.00","5,267.00","2.48K","0.34%"
"22-05-2025","5,258.00","5,246.00","5,286.00","5,240.00","2.62K","0.25%"
"21-05-2025","5,245.00","5,273.00","5,275.00","5,239.00","2.64K","0.48%"
"20-05-2025","5,220.00","5,193.00","5,246.00","5,183.00","17.10K","0.52%"
"19-05-2025","5,193.00","5,214.00","5,215.00","5,141.00","9.57K","-0.15%"
"16-05-2025","5,201.00","5,185.00","5,215.00","5,165.00","17.62K","0.39%"
"15-05-2025","5,181.00","5,149.00","5,195.00","5,110.00","16.69K","0.54%"
"14-05-2025","5,153.00","5,145.00","5,168.00","5,117.00","11.58K","0.12%"
"13-05-2025","5,147.00","5,133.00","5,184.00","5,098.00","16.71K","0.39%"
"12-05-2025","5,127.00","5,050.00","5,142.00","5,050.00","19.65K","1.91%"
"09-05-2025","5,031.00","4,975.00","5,045.00","4,951.00","19.16K","0.68%"
"08-05-2025","4,997.00","5,020.00","5,043.00","4,975.00","13.63K","-0.42%"
"07-05-2025","5,018.00","4,960.00","5,055.00","4,960.00","14.87K","0.84%"
"06-05-2025","4,976.00","5,030.00","5,040.00","4,967.00","16.17K","-1.11%"
"05-05-2025","5,032.00","5,020.00","5,037.00","5,002.00","13.92K","-0.30%"
"02-05-2025","5,047.00","5,095.00","5,102.00","5,020.00","11.45K","-0.81%"
"30-04-2025","5,088.00","5,065.00","5,104.00","5,030.00","10.90K","0.08%"
"29-04-2025","5,084.00","5,178.00","5,198.00","5,033.00","15.67K","-1.68%"
"28-04-2025","5,171.00","5,250.00","5,250.00","5,166.00","9.35K","-0.39%"
"25-04-2025","5,191.00","5,131.00","5,240.00","5,116.00","8.39K","0.72%"
"24-04-2025","5,154.00","5,199.00","5,226.00","5,125.00","8.72K","-0.87%"
"23-04-2025","5,199.00","5,230.00","5,237.00","5,183.00","5.32K","-0.46%"
"22-04-2025","5,223.00","5,313.00","5,315.00","5,210.00","7.31K","-2.01%"
"21-04-2025","5,330.00","5,326.00","5,338.00","5,310.00","1.98K","1.45%"
"17-04-2025","5,254.00","5,278.00","5,279.00","5,203.00","13.66K","-0.38%"
"16-04-2025","5,274.00","5,295.00","5,319.00","5,262.00","8.61K","-0.40%"
"15-04-2025","5,295.00","5,335.00","5,360.00","5,281.00","18.87K","-0.26%"
"11-04-2025","5,309.00","5,315.00","5,348.00","5,303.00","21.70K","0.34%"
"09-04-2025","5,291.00","5,285.00","5,337.00","5,235.00","25.83K","-0.41%"
"08-04-2025","5,313.00","5,318.00","5,347.00","5,308.00","10.44K","0.28%"
"07-04-2025","5,298.00","5,295.00","5,326.00","5,256.00","15.02K","-0.43%"
"04-04-2025","5,321.00","5,393.00","5,400.00","5,312.00","14.40K","-1.66%"
"03-04-2025","5,411.00","5,418.00","5,451.00","5,400.00","15.58K","-0.51%"
"02-04-2025","5,439.00","5,371.00","5,548.00","5,330.00","22.12K","0.68%"
"01-04-2025","5,402.00","5,405.00","5,418.00","5,390.00","7.13K","0.22%"
"28-03-2025","5,390.00","5,408.00","5,443.00","5,382.00","9.45K","-0.41%"
"27-03-2025","5,412.00","5,387.00","5,416.00","5,386.00","13.26K","0.58%"
"26-03-2025","5,381.00","5,373.00","5,392.00","5,372.00","16.61K","0.13%"
"25-03-2025","5,374.00","5,376.00","5,391.00","5,370.00","9.39K","-0.13%"
"24-03-2025","5,381.00","5,417.00","5,417.00","5,372.00","2.47K","-0.83%"
"21-03-2025","5,426.00","5,455.00","5,455.00","5,401.00","1.82K","0.26%"
"20-03-2025","5,412.00","5,410.00","5,444.00","5,405.00","8.30K","-0.04%"
"19-03-2025","5,414.00","5,415.00","5,429.00","5,403.00","7.23K","-0.02%"
"18-03-2025","5,415.00","5,428.00","5,462.00","5,403.00","24.33K","0.09%"
"17-03-2025","5,410.00","5,338.00","5,425.00","5,330.00","24.49K","1.90%"
"13-03-2025","5,309.00","5,295.00","5,320.00","5,292.00","7.77K","0.15%"
"12-03-2025","5,301.00","5,327.00","5,348.00","5,292.00","9.36K","-0.28%"
"11-03-2025","5,316.00","5,268.00","5,321.00","5,248.00","11.55K","0.89%"
"10-03-2025","5,269.00","5,305.00","5,306.00","5,248.00","13.68K","-0.49%"
"07-03-2025","5,295.00","5,300.00","5,319.00","5,291.00","9.02K","-0.02%"
"06-03-2025","5,296.00","5,275.00","5,315.00","5,268.00","8.14K","0.34%"
"05-03-2025","5,278.00","5,234.00","5,298.00","5,230.00","14.98K","0.96%"
"04-03-2025","5,228.00","5,240.00","5,243.00","5,202.00","15.59K","-0.32%"
"03-03-2025","5,245.00","5,304.00","5,310.00","5,234.00","14.03K","-1.22%"
"28-02-2025","5,310.00","5,310.00","5,322.00","5,301.00","8.68K","-0.17%"
"27-02-2025","5,319.00","5,342.00","5,342.00","5,310.00","8.42K","-0.62%"
"25-02-2025","5,352.00","5,361.00","5,368.00","5,348.00","9.12K","-0.32%"
"24-02-2025","5,369.00","5,432.00","5,432.00","5,328.00","5.76K","-0.02%"
"21-02-2025","5,370.00","5,350.00","5,377.00","5,349.00","3.83K","1.28%"
"20-02-2025","5,302.00","5,360.00","5,360.00","5,287.00","13.64K","-1.16%"
"19-02-2025","5,364.00","5,393.00","5,395.00","5,357.00","6.71K","-0.37%"
"18-02-2025","5,384.00","5,366.00","5,390.00","5,351.00","14.92K","0.34%"
"17-02-2025","5,366.00","5,308.00","5,371.00","5,308.00","15.86K","0.96%"
"14-02-2025","5,315.00","5,340.00","5,340.00","5,307.00","9.65K","-0.36%"
"13-02-2025","5,334.00","5,345.00","5,358.00","5,325.00","10.68K","0.04%"
"12-02-2025","5,332.00","5,335.00","5,355.00","5,312.00","14.77K","-0.24%"
"11-02-2025","5,345.00","5,340.00","5,375.00","5,333.00","16.13K","0.26%"
"10-02-2025","5,331.00","5,320.00","5,359.00","5,320.00","10.54K","-0.06%"
"07-02-2025","5,334.00","5,325.00","5,349.00","5,305.00","13.58K","0.13%"
"06-02-2025","5,327.00","5,366.00","5,418.00","5,303.00","18.39K","-1.39%"
"05-02-2025","5,402.00","5,387.00","5,420.00","5,387.00","9.69K","0.07%"
"04-02-2025","5,398.00","5,420.00","5,434.00","5,388.00","9.22K","-0.33%"
"03-02-2025","5,416.00","5,376.00","5,421.00","5,371.00","7.61K","0.59%"
"01-02-2025","5,384.00","5,367.00","5,438.00","5,362.00","10.22K","0.39%"
"31-01-2025","5,363.00","5,431.00","5,431.00","5,356.00","18.49K","-1.25%"
"30-01-2025","5,431.00","5,451.00","5,461.00","5,423.00","7.64K","-0.33%"
"29-01-2025","5,449.00","5,420.00","5,456.00","5,400.00","11.79K","0.18%"
"28-01-2025","5,439.00","5,471.00","5,492.00","5,428.00","7.46K","-0.66%"
"27-01-2025","5,475.00","5,550.00","5,569.00","5,435.00","3.71K","-0.53%"
"24-01-2025","5,504.00","5,535.00","5,535.00","5,496.00","2.62K","-0.58%"
"23-01-2025","5,536.00","5,547.00","5,552.00","5,495.00","3.34K","-0.43%"
"22-01-2025","5,560.00","5,564.00","5,580.00","5,547.00","3.00K","0.04%"
"21-01-2025","5,558.00","5,600.00","5,603.00","5,530.00","6.30K","0.54%"
"20-01-2025","5,528.00","5,515.00","5,547.00","5,475.00","24.55K","0.24%"
"17-01-2025","5,515.00","5,526.00","5,536.00","5,510.00","18.84K","-0.11%"
"16-01-2025","5,521.00","5,488.00","5,530.00","5,488.00","26.93K","1.01%"
"15-01-2025","5,466.00","5,450.00","5,480.00","5,448.00","11.62K","0.29%"
"14-01-2025","5,450.00","5,425.00","5,460.00","5,413.00","12.50K","0.41%"
"13-01-2025","5,428.00","5,458.00","5,478.00","5,420.00","14.46K","-0.28%"
"10-01-2025","5,443.00","5,427.00","5,465.00","5,427.00","18.27K","0.26%"
"09-01-2025","5,429.00","5,397.00","5,438.00","5,391.00","18.45K","0.70%"
"08-01-2025","5,391.00","5,405.00","5,423.00","5,362.00","15.50K","-0.13%"
"07-01-2025","5,398.00","5,395.00","5,424.00","5,375.00","18.35K","0.52%"
"06-01-2025","5,370.00","5,444.00","5,452.00","5,330.00","24.91K","-0.98%"
"03-01-2025","5,423.00","5,459.00","5,486.00","5,415.00","18.60K","-0.77%"
"02-01-2025","5,465.00","5,449.00","5,476.00","5,419.00","17.28K","0.39%"
"01-01-2025","5,444.00","5,362.00","5,455.00","5,361.00","21.61K","1.78%"
"31-12-2024","5,349.00","5,360.00","5,394.00","5,313.00","13.11K","-0.15%"
"30-12-2024","5,357.00","5,351.00","5,380.00","5,345.00","10.60K","0.19%"
"27-12-2024","5,347.00","5,358.00","5,384.00","5,336.00","8.88K","-0.06%"
"26-12-2024","5,350.00","5,350.00","5,363.00","5,310.00","5.54K","0.28%"
"24-12-2024","5,335.00","5,372.00","5,372.00","5,310.00","9.19K","-0.71%"
"23-12-2024","5,373.00","5,350.00","5,382.00","5,321.00","5.86K","1.92%"
"20-12-2024","5,272.00","5,207.00","5,286.00","5,194.00","27.33K","1.87%"
"19-12-2024","5,175.00","5,136.00","5,195.00","5,129.00","13.52K","0.80%"
"18-12-2024","5,134.00","5,116.00","5,170.00","5,114.00","19.39K","0.55%"
"17-12-2024","5,106.00","5,083.00","5,117.00","5,083.00","11.64K","0.35%"
"16-12-2024","5,088.00","5,082.00","5,120.00","5,023.00","20.16K","-0.39%"
"13-12-2024","5,108.00","5,185.00","5,202.00","5,095.00","20.81K","-1.41%"
"12-12-2024","5,181.00","5,147.00","5,195.00","5,147.00","17.27K","0.76%"
"11-12-2024","5,142.00","5,146.00","5,164.00","5,136.00","8.40K","-0.02%"
"10-12-2024","5,143.00","5,154.00","5,173.00","5,138.00","15.46K","-0.23%"
"09-12-2024","5,155.00","5,200.00","5,210.00","5,148.00","19.20K","-0.98%"
"06-12-2024","5,206.00","5,209.00","5,227.00","5,190.00","15.56K","-0.10%"
"05-12-2024","5,211.00","5,214.00","5,235.00","5,186.00","14.25K","-0.27%"
"04-12-2024","5,225.00","5,170.00","5,244.00","5,170.00","22.85K","1.01%"
"03-12-2024","5,173.00","5,181.00","5,195.00","5,133.00","14.15K","-0.31%"
"02-12-2024","5,189.00","5,222.00","5,229.00","5,180.00","13.08K","-0.65%"
"29-11-2024","5,223.00","5,208.00","5,268.00","5,200.00","17.33K","0.04%"
"28-11-2024","5,221.00","5,266.00","5,275.00","5,210.00","18.14K","-0.85%"
"27-11-2024","5,266.00","5,180.00","5,298.00","5,180.00","5.06K","-0.45%"
"26-11-2024","5,290.00","5,271.00","5,316.00","5,263.00","15.23K","0.53%"
"25-11-2024","5,262.00","5,235.00","5,277.00","5,210.00","8.59K","0.27%"
"22-11-2024","5,248.00","5,270.00","5,293.00","5,240.00","4.39K","-0.47%"
"21-11-2024","5,273.00","5,265.00","5,290.00","5,255.00","6.19K","1.05%"
"19-11-2024","5,218.00","5,245.00","5,270.00","5,206.00","16.68K","-0.42%"
"18-11-2024","5,240.00","5,221.00","5,275.00","5,185.00","20.82K","0.08%"
"14-11-2024","5,236.00","5,232.00","5,258.00","5,213.00","28.05K","0.48%"
"13-11-2024","5,211.00","5,145.00","5,250.00","5,135.00","27.02K","0.85%"
"12-11-2024","5,167.00","5,214.00","5,225.00","5,146.00","22.01K","-1.32%"
"11-11-2024","5,236.00","5,161.00","5,246.00","5,116.00","20.74K","0.96%"
"08-11-2024","5,186.00","5,255.00","5,276.00","5,175.00","23.48K","-1.52%"
"07-11-2024","5,266.00","5,192.00","5,274.00","5,165.00","15.89K","0.84%"
"06-11-2024","5,222.00","5,285.00","5,285.00","5,204.00","21.17K","-1.34%"
"05-11-2024","5,293.00","5,309.00","5,316.00","5,268.00","12.38K","-0.58%"
"04-11-2024","5,324.00","5,307.00","5,352.00","5,287.00","14.80K","-0.13%"
"01-11-2024","5,331.00","5,340.00","5,342.00","5,320.00","2.85K","-0.19%"
"31-10-2024","5,341.00","5,332.00","5,351.00","5,316.00","6.05K","0.06%"
"30-10-2024","5,338.00","5,374.00","5,384.00","5,330.00","5.66K","-0.65%"
"29-10-2024","5,373.00","5,376.00","5,391.00","5,331.00","9.05K","-0.20%"
"28-10-2024","5,384.00","5,300.00","5,387.00","5,293.00","9.52K","0.35%"
"25-10-2024","5,365.00","5,424.00","5,426.00","5,345.00","7.56K","-0.98%"
"24-10-2024","5,418.00","5,440.00","5,460.00","5,228.00","4.80K","-0.50%"
"23-10-2024","5,445.00","5,488.00","5,505.00","5,436.00","4.70K","-0.75%"
"22-10-2024","5,486.00","5,560.00","5,590.00","5,455.00","6.00K","-1.53%"
"21-10-2024","5,571.00","5,578.00","5,597.00","5,551.00","3.21K","0.72%"
"18-10-2024","5,531.00","5,555.00","5,566.00","5,510.00","10.31K","-0.07%"
"17-10-2024","5,535.00","5,506.00","5,547.00","5,480.00","11.84K","-0.09%"
"16-10-2024","5,540.00","5,555.00","5,590.00","5,526.00","15.41K","-0.29%"
"15-10-2024","5,556.00","5,664.00","5,675.00","5,501.00","19.59K","-1.79%"
"14-10-2024","5,657.00","5,645.00","5,709.00","5,645.00","23.75K","0.60%"
"11-10-2024","5,623.00","5,584.00","5,669.00","5,573.00","21.50K","0.73%"
"10-10-2024","5,582.00","5,524.00","5,605.00","5,509.00","29.34K","1.71%"
"09-10-2024","5,488.00","5,510.00","5,527.00","5,475.00","14.91K","-0.62%"
"08-10-2024","5,522.00","5,570.00","5,570.00","5,505.00","15.33K","-0.18%"
"07-10-2024","5,532.00","5,500.00","5,539.00","5,451.00","22.99K","0.58%"
"04-10-2024","5,500.00","5,656.00","5,700.00","5,482.00","28.40K","-2.01%"
"03-10-2024","5,613.00","5,815.00","5,840.00","5,586.00","29.99K","-3.02%"
"01-10-2024","5,788.00","5,820.00","5,855.00","5,775.00","12.81K","-0.77%"
"30-09-2024","5,833.00","5,774.00","5,846.00","5,751.00","15.10K","0.17%"
"27-09-2024","5,823.00","5,809.00","5,860.00","5,768.00","15.67K","0.90%"
"26-09-2024","5,771.00","5,806.00","5,806.00","5,690.00","12.69K","-0.82%"
"25-09-2024","5,819.00","5,729.00","5,832.00","5,729.00","8.41K","1.82%"
"24-09-2024","5,715.00","5,756.00","5,761.00","5,706.00","7.71K","-0.37%"
"23-09-2024","5,736.00","5,636.00","5,758.00","5,636.00","5.41K","3.31%"
"20-09-2024","5,552.00","5,449.00","5,608.00","5,449.00","29.61K","2.19%"
"19-09-2024","5,433.00","5,411.00","5,444.00","5,391.00","12.22K","0.26%"
"18-09-2024","5,419.00","5,464.00","5,472.00","5,411.00","21.54K","-0.99%"
"17-09-2024","5,473.00","5,505.00","5,548.00","5,465.00","15.71K","-0.80%"
"16-09-2024","5,517.00","5,520.00","5,525.00","5,440.00","15.65K","0.24%"
"13-09-2024","5,504.00","5,417.00","5,510.00","5,415.00","23.35K","1.83%"
"12-09-2024","5,405.00","5,358.00","5,429.00","5,357.00","17.41K","0.99%"
"11-09-2024","5,352.00","5,348.00","5,365.00","5,331.00","14.82K","0.22%"
"10-09-2024","5,340.00","5,328.00","5,363.00","5,322.00","18.44K","0.02%"
"09-09-2024","5,339.00","5,410.00","5,410.00","5,322.00","16.93K","-1.44%"
"06-09-2024","5,417.00","5,409.00","5,457.00","5,393.00","24.41K","-0.04%"
"05-09-2024","5,419.00","5,410.00","5,430.00","5,391.00","16.65K","0.50%"
"04-09-2024","5,392.00","5,390.00","5,415.00","5,346.00","18.31K","-0.13%"
"03-09-2024","5,399.00","5,400.00","5,425.00","5,371.00","14.49K","-0.20%"
"02-09-2024","5,410.00","5,370.00","5,423.00","5,368.00","11.20K","0.82%"
"30-08-2024","5,366.00","5,390.00","5,405.00","5,341.00","9.45K","-0.22%"
"29-08-2024","5,378.00","5,422.00","5,440.00","5,355.00","16.02K","-0.63%"
"28-08-2024","5,412.00","5,350.00","5,444.00","5,312.00","16.89K","1.35%"
"27-08-2024","5,340.00","5,300.00","5,352.00","5,271.00","10.11K","1.08%"
"26-08-2024","5,283.00","5,250.00","5,297.00","5,182.00","10.66K","0.08%"
"23-08-2024","5,279.00","5,249.00","5,315.00","5,203.00","6.94K","0.30%"
"22-08-2024","5,263.00","5,299.00","5,307.00","5,255.00","5.02K","-0.28%"
"21-08-2024","5,278.00","5,321.00","5,328.00","5,250.00","3.87K","0.02%"
"20-08-2024","5,277.00","5,303.00","5,317.00","5,252.00","9.32K","-0.60%"
"19-08-2024","5,309.00","5,308.00","5,335.00","5,302.00","8.24K","0.28%"
"16-08-2024","5,294.00","5,255.00","5,303.00","5,201.00","13.62K","0.00%"
"14-08-2024","5,294.00","5,320.00","5,320.00","5,273.00","13.66K","-0.24%"
"13-08-2024","5,307.00","5,360.00","5,380.00","5,285.00","14.30K","-1.04%"
"12-08-2024","5,363.00","5,312.00","5,378.00","5,301.00","13.06K","0.51%"
"09-08-2024","5,336.00","5,385.00","5,395.00","5,327.00","17.70K","-0.69%"
"08-08-2024","5,373.00","5,363.00","5,377.00","5,334.00","10.39K","0.28%"
"07-08-2024","5,358.00","5,372.00","5,390.00","5,342.00","11.60K","-0.37%"
"06-08-2024","5,378.00","5,305.00","5,389.00","5,302.00","13.94K","0.50%"
"05-08-2024","5,351.00","5,395.00","5,400.00","5,317.00","18.41K","-1.83%"
"02-08-2024","5,451.00","5,622.00","5,622.00","5,417.00","33.23K","-3.23%"
"01-08-2024","5,633.00","5,721.00","5,740.00","5,621.00","16.57K","-2.17%"
"31-07-2024","5,758.00","5,598.00","5,825.00","5,598.00","37.12K","3.23%"
"30-07-2024","5,578.00","5,571.00","5,602.00","5,562.00","14.56K","-0.29%"
"29-07-2024","5,594.00","5,580.00","5,625.00","5,580.00","7.40K","0.61%"
"26-07-2024","5,560.00","5,532.00","5,574.00","5,532.00","4.72K","0.82%"
"25-07-2024","5,515.00","5,517.00","5,535.00","5,500.00","3.27K","0.29%"
"24-07-2024","5,499.00","5,508.00","5,514.00","5,471.00","5.39K","-0.74%"
"23-07-2024","5,540.00","5,522.00","5,557.00","5,490.00","4.69K","-0.43%"
"22-07-2024","5,564.00","5,521.00","5,574.00","5,519.00","2.85K","2.51%"
"19-07-2024","5,428.00","5,523.00","5,523.00","5,417.00","19.77K","-1.93%"
"18-07-2024","5,535.00","5,509.00","5,573.00","5,501.00","17.11K","0.69%"
"16-07-2024","5,497.00","5,491.00","5,529.00","5,489.00","13.73K","-0.11%"
"15-07-2024","5,503.00","5,512.00","5,525.00","5,472.00","18.04K","-0.27%"
"12-07-2024","5,518.00","5,522.00","5,533.00","5,491.00","18.27K","-0.29%"
"11-07-2024","5,534.00","5,530.00","5,577.00","5,515.00","20.90K","-0.11%"
"10-07-2024","5,540.00","5,460.00","5,556.00","5,460.00","24.40K","1.71%"
"09-07-2024","5,447.00","5,430.00","5,474.00","5,430.00","18.34K","0.55%"
"08-07-2024","5,417.00","5,460.00","5,460.00","5,403.00","16.05K","-0.79%"
"05-07-2024","5,460.00","5,409.00","5,490.00","5,409.00","20.34K","1.02%"
"04-07-2024","5,405.00","5,435.00","5,445.00","5,382.00","17.01K","-0.41%"
"03-07-2024","5,427.00","5,370.00","5,444.00","5,355.00","19.97K","1.44%"
"02-07-2024","5,350.00","5,341.00","5,377.00","5,321.00","10.04K","0.02%"
"01-07-2024","5,349.00","5,398.00","5,398.00","5,342.00","11.66K","-1.20%"
"28-06-2024","5,414.00","5,400.00","5,439.00","5,387.00","8.10K","0.48%"
"27-06-2024","5,388.00","5,367.00","5,406.00","5,358.00","5.36K","0.17%"
"26-06-2024","5,379.00","5,388.00","5,405.00","5,360.00","5.67K","-0.48%"
"25-06-2024","5,405.00","5,488.00","5,498.00","5,342.00","5.60K","-1.58%"
"24-06-2024","5,492.00","5,470.00","5,509.00","5,456.00","3.58K","0.72%"
"21-06-2024","5,453.00","5,449.00","5,470.00","5,433.00","2.47K","0.48%"
"20-06-2024","5,427.00","5,422.00","5,474.00","5,409.00","12.61K","0.04%"
"19-06-2024","5,425.00","5,476.00","5,484.00","5,412.00","16.57K","-0.93%"
"18-06-2024","5,476.00","5,498.00","5,539.00","5,470.00","12.59K","-0.15%"
"14-06-2024","5,484.00","5,450.00","5,495.00","5,445.00","13.19K","0.62%"
"13-06-2024","5,450.00","5,409.00","5,592.00","5,399.00","38.36K","0.94%"
"12-06-2024","5,399.00","5,434.00","5,448.00","5,380.00","14.56K","-0.18%"
"11-06-2024","5,409.00","5,399.00","5,448.00","5,399.00","16.12K","0.24%"
"10-06-2024","5,396.00","5,409.00","5,424.00","5,388.00","13.69K","-0.11%"
"07-06-2024","5,402.00","5,449.00","5,450.00","5,392.00","12.21K","-0.68%"
"06-06-2024","5,439.00","5,417.00","5,459.00","5,391.00","11.80K","0.35%"
"05-06-2024","5,420.00","5,365.00","5,425.00","5,353.00","13.39K","0.84%"
"04-06-2024","5,375.00","5,463.00","5,463.00","5,333.00","14.52K","-1.65%"
"03-06-2024","5,465.00","5,512.00","5,512.00","5,451.00","14.75K","-1.14%"
"31-05-2024","5,528.00","5,548.00","5,549.00","5,512.00","6.00K","-0.32%"
"30-05-2024","5,546.00","5,560.00","5,563.00","5,525.00","5.86K","-0.18%"
"29-05-2024","5,556.00","5,544.00","5,568.00","5,535.00","6.14K","0.34%"
"28-05-2024","5,537.00","5,520.00","5,560.00","5,504.00","8.35K","0.31%"
"27-05-2024","5,520.00","5,494.00","5,580.00","5,494.00","3.80K","-0.74%"
"24-05-2024","5,561.00","5,564.00","5,594.00","5,542.00","4.34K","-0.14%"
"23-05-2024","5,569.00","5,599.00","5,636.00","5,551.00","4.57K","-0.59%"
"22-05-2024","5,602.00","5,597.00","5,647.00","5,586.00","7.54K","0.07%"
"21-05-2024","5,598.00","5,551.00","5,604.00","5,529.00","2.82K","1.74%"
"17-05-2024","5,502.00","5,481.00","5,575.00","5,474.00","20.97K","0.38%"
"16-05-2024","5,481.00","5,440.00","5,498.00","5,430.00","13.75K","0.77%"
"15-05-2024","5,439.00","5,463.00","5,466.00","5,423.00","7.32K","-0.53%"
"14-05-2024","5,468.00","5,488.00","5,509.00","5,460.00","7.09K","-0.36%"
"13-05-2024","5,488.00","5,431.00","5,510.00","5,431.00","23.72K","0.98%"
"10-05-2024","5,435.00","5,437.00","5,456.00","5,425.00","21.40K","0.04%"
"09-05-2024","5,433.00","5,479.00","5,488.00","5,411.00","18.63K","-0.91%"
"08-05-2024","5,483.00","5,495.00","5,523.00","5,471.00","14.76K","-0.25%"
"07-05-2024","5,497.00","5,487.00","5,522.00","5,463.00","17.76K","0.31%"
"06-05-2024","5,480.00","5,490.00","5,502.00","5,441.00","14.62K","-0.09%"
"03-05-2024","5,485.00","5,509.00","5,521.00","5,454.00","13.00K","-0.44%"
"02-05-2024","5,509.00","5,570.00","5,570.00","5,485.00","13.37K","-1.52%"
"30-04-2024","5,594.00","5,630.00","5,653.00","5,583.00","9.33K","-0.64%"
"29-04-2024","5,630.00","5,671.00","5,680.00","5,610.00","7.46K","-0.60%"
"26-04-2024","5,664.00","5,676.00","5,705.00","5,655.00","7.36K","0.00%"
"25-04-2024","5,664.00","5,685.00","5,710.00","5,644.00","8.45K","-0.26%"
"24-04-2024","5,679.00","5,584.00","5,710.00","5,551.00","8.21K","1.61%"
"23-04-2024","5,589.00","5,589.00","5,618.00","5,566.00","3.01K","0.40%"
"22-04-2024","5,567.00","5,585.00","5,614.00","5,554.00","3.99K","0.76%"
"19-04-2024","5,525.00","5,566.00","5,595.00","5,511.00","16.34K","-0.67%"
"18-04-2024","5,562.00","5,529.00","5,579.00","5,521.00","18.77K","0.80%"
"16-04-2024","5,518.00","5,484.00","5,531.00","5,432.00","20.63K","0.64%"
"15-04-2024","5,483.00","5,470.00","5,579.00","5,440.00","35.17K","0.04%"
"12-04-2024","5,481.00","5,345.00","5,507.00","5,318.00","38.56K","2.66%"
"10-04-2024","5,339.00","5,410.00","5,413.00","5,318.00","22.61K","-1.37%"
"09-04-2024","5,413.00","5,486.00","5,495.00","5,396.00","20.99K","-1.22%"
"08-04-2024","5,480.00","5,476.00","5,518.00","5,447.00","27.44K","0.46%"
"05-04-2024","5,455.00","5,364.00","5,472.00","5,330.00","45.52K","1.87%"
"04-04-2024","5,355.00","5,326.00","5,404.00","5,326.00","24.09K","0.54%"
"03-04-2024","5,326.00","5,277.00","5,363.00","5,277.00","19.03K","1.04%"
"02-04-2024","5,271.00","5,275.00","5,284.00","5,245.00","10.72K","0.02%"
"01-04-2024","5,270.00","5,217.00","5,287.00","5,206.00","9.79K","1.33%"
"28-03-2024","5,201.00","5,144.00","5,210.00","5,130.00","8.82K","1.32%"
"27-03-2024","5,133.00","5,137.00","5,150.00","5,119.00","8.25K","-0.37%"
"26-03-2024","5,152.00","5,225.00","5,233.00","5,118.00","4.89K","-1.49%"
"22-03-2024","5,230.00","5,265.00","5,270.00","5,222.00","2.79K","-0.38%"
"21-03-2024","5,250.00","5,270.00","5,285.00","5,241.00","5.71K","0.86%"
"20-03-2024","5,205.00","5,185.00","5,225.00","5,155.00","14.25K","0.48%"
"19-03-2024","5,180.00","5,142.00","5,188.00","5,136.00","13.17K","0.04%"
"18-03-2024","5,178.00","5,235.00","5,238.00","5,145.00","17.48K","-1.15%"
"15-03-2024","5,238.00","5,230.00","5,282.00","5,228.00","10.65K","0.13%"
"14-03-2024","5,231.00","5,269.00","5,272.00","5,206.00","22.57K","-0.46%"
"13-03-2024","5,255.00","5,260.00","5,282.00","5,245.00","13.94K","-0.04%"
"12-03-2024","5,257.00","5,309.00","5,315.00","5,246.00","19.37K","-0.77%"
"11-03-2024","5,298.00","5,235.00","5,323.00","5,235.00","27.39K","1.40%"
"07-03-2024","5,225.00","5,235.00","5,288.00","5,203.00","22.91K","-0.31%"
"06-03-2024","5,241.00","5,236.00","5,258.00","5,208.00","14.54K","0.29%"
"05-03-2024","5,226.00","5,327.00","5,342.00","5,210.00","26.09K","-1.91%"
"04-03-2024","5,328.00","5,350.00","5,371.00","5,297.00","27.34K","-0.06%"
"01-03-2024","5,331.00","5,333.00","5,343.00","5,293.00","13.42K","0.06%"
"29-02-2024","5,328.00","5,360.00","5,360.00","5,300.00","11.13K","-0.71%"
"28-02-2024","5,366.00","5,410.00","5,423.00","5,352.00","13.84K","-0.61%"
"27-02-2024","5,399.00","5,371.00","5,432.00","5,371.00","4.92K","0.39%"
"26-02-2024","5,378.00","5,409.00","5,409.00","5,368.00","6.05K","-0.74%"
"23-02-2024","5,418.00","5,462.00","5,474.00","5,402.00","4.08K","-0.95%"
"22-02-2024","5,470.00","5,486.00","5,513.00","5,461.00","4.08K","-0.60%"
"21-02-2024","5,503.00","5,508.00","5,557.00","5,492.00","7.14K","1.48%"
"20-02-2024","5,423.00","5,375.00","5,538.00","5,332.00","17.37K","1.16%"
"19-02-2024","5,361.00","5,375.00","5,396.00","5,343.00","11.16K","-0.07%"
"16-02-2024","5,365.00","5,332.00","5,378.00","5,304.00","14.79K","0.47%"
"15-02-2024","5,340.00","5,340.00","5,387.00","5,311.00","14.38K","0.77%"
"14-02-2024","5,299.00","5,270.00","5,338.00","5,242.00","23.87K","0.57%"
"13-02-2024","5,269.00","5,215.00","5,287.00","5,215.00","17.32K","0.90%"
"12-02-2024","5,222.00","5,265.00","5,270.00","5,182.00","25.72K","-1.10%"
"09-02-2024","5,280.00","5,349.00","5,366.00","5,263.00","24.01K","-1.29%"
"08-02-2024","5,349.00","5,366.00","5,375.00","5,343.00","11.40K","-0.45%"
"07-02-2024","5,373.00","5,410.00","5,418.00","5,361.00","12.60K","-0.52%"
"06-02-2024","5,401.00","5,335.00","5,410.00","5,324.00","24.06K","1.03%"
"05-02-2024","5,346.00","5,421.00","5,426.00","5,315.00","17.61K","-1.35%"
"02-02-2024","5,419.00","5,372.00","5,435.00","5,363.00","14.96K","1.01%"
"01-02-2024","5,365.00","5,370.00","5,386.00","5,353.00","11.04K","-0.04%"
"31-01-2024","5,367.00","5,360.00","5,387.00","5,326.00","10.43K","0.26%"
"30-01-2024","5,353.00","5,340.00","5,370.00","5,318.00","9.73K","0.00%"
"29-01-2024","5,353.00","5,496.00","5,496.00","5,322.00","13.83K","-2.88%"
"25-01-2024","5,512.00","5,507.00","5,538.00","5,477.00","5.14K","0.15%"
"24-01-2024","5,504.00","5,462.00","5,518.00","5,437.00","8.32K","0.84%"
"23-01-2024","5,458.00","5,559.00","5,568.00","5,400.00","7.30K","-0.93%"
"19-01-2024","5,509.00","5,525.00","5,570.00","5,490.00","19.46K","-0.20%"
"18-01-2024","5,520.00","5,472.00","5,535.00","5,458.00","16.33K","0.82%"
"17-01-2024","5,475.00","5,501.00","5,547.00","5,458.00","20.32K","-0.67%"
"16-01-2024","5,512.00","5,550.00","5,550.00","5,502.00","11.73K","-0.38%"
"15-01-2024","5,533.00","5,554.00","5,585.00","5,513.00","22.61K","-0.16%"
"12-01-2024","5,542.00","5,460.00","5,558.00","5,453.00","27.14K","1.61%"
"11-01-2024","5,454.00","5,437.00","5,471.00","5,407.00","19.47K","0.46%"
"10-01-2024","5,429.00","5,471.00","5,495.00","5,412.00","23.76K","-0.77%"
"09-01-2024","5,471.00","5,410.00","5,480.00","5,395.00","28.73K","1.48%"
"08-01-2024","5,391.00","5,381.00","5,414.00","5,322.00","21.49K","0.54%"
"05-01-2024","5,362.00","5,385.00","5,426.00","5,351.00","16.70K","-0.59%"
"04-01-2024","5,394.00","5,370.00","5,440.00","5,370.00","18.72K","0.62%"
"03-01-2024","5,361.00","5,332.00","5,384.00","5,300.00","20.17K","-1.00%"
"02-01-2024","5,415.00","5,490.00","5,514.00","5,361.00","19.40K","-1.40%"
"01-01-2024","5,492.00","5,565.00","5,565.00","5,472.00","11.41K","-1.28%"
"29-12-2023","5,563.00","5,590.00","5,608.00","5,556.00","9.90K","-0.47%"
"28-12-2023","5,589.00","5,580.00","5,640.00","5,559.00","9.99K","0.43%"
"27-12-2023","5,565.00","5,589.00","5,620.00","5,547.00","7.45K","-0.27%"
"26-12-2023","5,580.00","5,511.00","5,668.00","5,511.00","12.45K","-0.43%"
"22-12-2023","5,604.00","5,486.00","5,649.00","5,486.00","10.89K","2.21%"
"21-12-2023","5,483.00","5,401.00","5,515.00","5,392.00","4.92K","2.91%"
"20-12-2023","5,328.00","5,360.00","5,425.00","5,304.00","29.05K","-0.56%"
"19-12-2023","5,358.00","5,370.00","5,399.00","5,328.00","20.31K","-0.33%"
"18-12-2023","5,376.00","5,490.00","5,494.00","5,362.00","24.33K","-2.22%"
"15-12-2023","5,498.00","5,525.00","5,560.00","5,481.00","15.18K","-0.61%"
"14-12-2023","5,532.00","5,530.00","5,576.00","5,503.00","20.36K","0.38%"
"13-12-2023","5,511.00","5,515.00","5,550.00","5,420.00","30.39K","0.09%"
"12-12-2023","5,506.00","5,570.00","5,592.00","5,479.00","35.42K","-1.31%"
"11-12-2023","5,579.00","5,615.00","5,650.00","5,555.00","30.48K","-0.36%"
"08-12-2023","5,599.00","5,531.00","5,610.00","5,531.00","21.80K","0.72%"
"07-12-2023","5,559.00","5,590.00","5,607.00","5,535.00","20.19K","-0.63%"
"06-12-2023","5,594.00","5,539.00","5,628.00","5,521.00","19.03K","1.05%"
"05-12-2023","5,536.00","5,523.00","5,580.00","5,477.00","22.98K","0.16%"
"04-12-2023","5,527.00","5,637.00","5,640.00","5,515.00","26.03K","-1.90%"
"01-12-2023","5,634.00","5,722.00","5,732.00","5,615.00","14.04K","-1.35%"
"30-11-2023","5,711.00","5,718.00","5,723.00","5,654.00","14.96K","-0.37%"
"29-11-2023","5,732.00","5,751.00","5,793.00","5,700.00","8.78K","-0.24%"
"28-11-2023","5,746.00","5,720.00","5,785.00","5,689.00","11.53K","0.60%"
"24-11-2023","5,712.00","5,675.00","5,728.00","5,665.00","4.42K","0.44%"
"23-11-2023","5,687.00","5,699.00","5,740.00","5,656.00","4.83K","0.02%"
"22-11-2023","5,686.00","5,765.00","5,765.00","5,644.00","9.44K","-1.51%"
"21-11-2023","5,773.00","5,832.00","5,860.00","5,751.00","3.16K","0.19%"
"20-11-2023","5,762.00","5,770.00","5,816.00","5,745.00","15.78K","-0.41%"
"17-11-2023","5,786.00","5,840.00","5,862.00","5,771.00","21.33K","-1.11%"
"16-11-2023","5,851.00","5,866.00","5,889.00","5,822.00","20.46K","0.29%"
"15-11-2023","5,834.00","5,681.00","5,865.00","5,680.00","28.21K","2.48%"
"13-11-2023","5,693.00","5,715.00","5,763.00","5,684.00","23.48K","-0.44%"
"12-11-2023","5,718.00","5,710.00","5,735.00","5,702.00","5.46K","0.37%"
"10-11-2023","5,697.00","5,649.00","5,735.00","5,632.00","27.56K","1.12%"
"09-11-2023","5,634.00","5,666.00","5,670.00","5,595.00","23.05K","0.14%"
"08-11-2023","5,626.00","5,701.00","5,709.00","5,600.00","29.28K","-1.51%"
"07-11-2023","5,712.00","5,747.00","5,797.00","5,695.00","25.91K","-0.87%"
"06-11-2023","5,762.00","5,725.00","5,770.00","5,670.00","27.72K","0.28%"
"03-11-2023","5,746.00","5,770.00","5,818.00","5,730.00","16.93K","-0.21%"
"02-11-2023","5,758.00","5,822.00","5,853.00","5,743.00","25.17K","-1.10%"
"01-11-2023","5,822.00","5,780.00","5,880.00","5,775.00","16.13K","0.64%"
"31-10-2023","5,785.00","5,801.00","5,825.00","5,740.00","23.10K","-0.72%"
"30-10-2023","5,827.00","5,999.00","5,999.00","5,791.00","22.01K","-2.41%"
"27-10-2023","5,971.00","5,960.00","6,015.00","5,912.00","12.07K","0.25%"
"26-10-2023","5,956.00","6,080.00","6,095.00","5,886.00","12.97K","-2.55%"
"25-10-2023","6,112.00","6,129.00","6,168.00","6,095.00","7.58K","0.63%"
"23-10-2023","6,074.00","6,120.00","6,153.00","6,042.00","5.29K","1.27%"
"20-10-2023","5,998.00","5,870.00","6,019.00","5,865.00","34.16K","2.18%"
"19-10-2023","5,870.00","5,810.00","5,938.00","5,772.00","36.46K","0.93%"
"18-10-2023","5,816.00","5,828.00","5,843.00","5,793.00","19.53K","0.10%"
"17-10-2023","5,810.00","5,670.00","5,824.00","5,647.00","39.01K","2.78%"
"16-10-2023","5,653.00","5,595.00","5,675.00","5,556.00","28.52K","0.86%"
"13-10-2023","5,605.00","5,649.00","5,668.00","5,586.00","23.76K","-0.73%"
"12-10-2023","5,646.00","5,680.00","5,705.00","5,640.00","24.19K","-0.49%"
"11-10-2023","5,674.00","5,670.00","5,712.00","5,602.00","35.75K","-0.05%"
"10-10-2023","5,677.00","5,675.00","5,760.00","5,661.00","39.52K","0.32%"
"09-10-2023","5,659.00","5,644.00","5,690.00","5,562.00","32.30K","-0.12%"
"06-10-2023","5,666.00","5,652.00","5,745.00","5,611.00","42.82K","0.23%"
"05-10-2023","5,653.00","5,640.00","5,705.00","5,625.00","24.65K","0.36%"
"04-10-2023","5,633.00","5,531.00","5,649.00","5,497.00","30.55K","1.61%"
"03-10-2023","5,544.00","5,627.00","5,627.00","5,496.00","37.16K","-2.26%"
"29-09-2023","5,672.00","5,775.00","5,785.00","5,655.00","20.91K","-1.46%"
"28-09-2023","5,756.00","5,740.00","5,787.00","5,680.00","9.59K","0.00%"
"27-09-2023","5,756.00","5,861.00","5,879.00","5,721.00","19.18K","-1.96%"
"26-09-2023","5,871.00","5,890.00","5,911.00","5,849.00","15.59K","-0.81%"
"25-09-2023","5,919.00","6,000.00","6,000.00","5,890.00","9.59K","-1.25%"
"22-09-2023","5,994.00","6,020.00","6,036.00","5,911.00","7.07K","0.55%"
"21-09-2023","5,961.00","6,100.00","6,100.00","5,906.00","11.96K","0.71%"
"20-09-2023","5,919.00","5,880.00","5,938.00","5,876.00","22.93K","0.66%"
"18-09-2023","5,880.00","6,012.00","6,017.00","5,836.00","41.86K","-3.83%"
"15-09-2023","6,114.00","6,170.00","6,170.00","6,101.00","25.92K","-0.65%"
"14-09-2023","6,154.00","6,179.00","6,197.00","6,060.00","30.28K","-0.21%"
"13-09-2023","6,167.00","6,200.00","6,284.00","6,150.00","57.93K","-0.55%"
"12-09-2023","6,201.00","6,263.00","6,300.00","6,182.00","38.04K","-0.99%"
"11-09-2023","6,263.00","6,400.00","6,478.00","6,210.00","50.29K","-2.58%"
"08-09-2023","6,429.00","6,425.00","6,481.00","6,405.00","34.87K","-0.09%"
"07-09-2023","6,435.00","6,486.00","6,504.00","6,408.00","30.36K","-0.79%"
"06-09-2023","6,486.00","6,456.00","6,540.00","6,430.00","35.29K","0.46%"
"05-09-2023","6,456.00","6,310.00","6,489.00","6,310.00","57.93K","2.87%"
"04-09-2023","6,276.00","6,454.00","6,475.00","6,202.00","48.44K","-2.32%"
"01-09-2023","6,425.00","6,340.00","6,495.00","6,305.00","33.63K","1.63%"
"31-08-2023","6,322.00","6,352.00","6,397.00","6,267.00","22.61K","-0.27%"
"30-08-2023","6,339.00","6,300.00","6,413.00","6,300.00","18.59K","0.75%"
"29-08-2023","6,292.00","6,330.00","6,362.00","6,250.00","15.33K","-0.51%"
"28-08-2023","6,324.00","6,550.00","6,575.00","6,300.00","14.03K","-2.50%"
"25-08-2023","6,486.00","6,440.00","6,510.00","6,424.00","8.41K","1.15%"
"24-08-2023","6,412.00","6,475.00","6,509.00","6,395.00","12.78K","-0.08%"
"23-08-2023","6,417.00","6,419.00","6,460.00","6,300.00","6.72K","0.34%"
"22-08-2023","6,395.00","6,570.00","6,759.00","6,353.00","16.77K","-2.07%"
"21-08-2023","6,530.00","6,313.00","6,567.00","6,299.00","10.91K","3.85%"
"18-08-2023","6,288.00","6,111.00","6,319.00","6,063.00","55.99K","2.51%"
"17-08-2023","6,134.00","6,115.00","6,236.00","6,018.00","56.92K","0.49%"
"16-08-2023","6,104.00","6,380.00","6,418.00","6,001.00","61.19K","-3.51%"
"14-08-2023","6,326.00","6,432.00","6,432.00","6,280.00","45.19K","-1.75%"
"11-08-2023","6,439.00","6,100.00","6,460.00","6,035.00","84.63K","5.54%"
"10-08-2023","6,101.00","6,175.00","6,248.00","6,085.00","40.01K","-0.57%"
"09-08-2023","6,136.00","6,080.00","6,175.00","6,061.00","51.28K","1.34%"
"08-08-2023","6,055.00","6,145.00","6,190.00","6,032.00","55.74K","-0.57%"
"07-08-2023","6,090.00","5,850.00","6,090.00","5,850.00","46.80K","5.99%"
"04-08-2023","5,746.00","5,785.00","5,845.00","5,719.00","38.57K","-0.40%"
"03-08-2023","5,769.00","5,730.00","5,800.00","5,680.00","35.95K","0.66%"
"02-08-2023","5,731.00","5,970.00","6,090.00","5,670.00","65.86K","-4.53%"
"01-08-2023","6,003.00","6,105.00","6,113.00","5,973.00","36.23K","-0.96%"
"31-07-2023","6,061.00","6,325.00","6,337.00","6,051.00","33.10K","-3.84%"
"28-07-2023","6,303.00","6,250.00","6,337.00","6,240.00","28.78K","2.40%"
"27-07-2023","6,155.00","5,967.00","6,196.00","5,962.00","14.52K","0.60%"
"26-07-2023","6,118.00","6,190.00","6,250.00","6,100.00","13.11K","-0.49%"
"25-07-2023","6,148.00","6,100.00","6,161.00","6,030.00","10.13K","1.04%"
"24-07-2023","6,085.00","6,160.00","6,190.00","6,051.00","9.73K","0.68%"
"21-07-2023","6,044.00","5,890.00","6,118.00","5,888.00","15.70K","3.99%"
"20-07-2023","5,812.00","5,640.00","5,840.00","5,640.00","47.38K","2.81%"
"19-07-2023","5,653.00","5,714.00","5,729.00","5,622.00","35.86K","-0.91%"
"18-07-2023","5,705.00","5,760.00","5,790.00","5,685.00","34.89K","-0.90%"
"17-07-2023","5,757.00","5,690.00","5,860.00","5,665.00","50.03K","2.07%"
"14-07-2023","5,640.00","5,652.00","5,704.00","5,612.00","30.61K","-0.84%"
"13-07-2023","5,688.00","5,785.00","5,790.00","5,680.00","34.38K","-1.13%"
"12-07-2023","5,753.00","5,680.00","5,772.00","5,605.00","48.26K","1.54%"
"11-07-2023","5,666.00","5,540.00","5,720.00","5,533.00","46.67K","2.59%"
"10-07-2023","5,523.00","5,430.00","5,534.00","5,400.00","33.10K","1.45%"
"07-07-2023","5,444.00","5,399.00","5,498.00","5,390.00","30.74K","0.48%"
"06-07-2023","5,418.00","5,490.00","5,515.00","5,403.00","24.69K","-1.69%"
"05-07-2023","5,511.00","5,452.00","5,544.00","5,415.00","28.26K","0.64%"
"04-07-2023","5,476.00","5,570.00","5,580.00","5,463.00","22.93K","-1.39%"
"03-07-2023","5,553.00","5,599.00","5,650.00","5,532.00","22.96K","-0.52%"
"30-06-2023","5,582.00","5,470.00","5,648.00","5,470.00","25.33K","2.50%"
"28-06-2023","5,446.00","5,370.00","5,503.00","5,370.00","17.89K","1.25%"
"27-06-2023","5,379.00","5,327.00","5,415.00","5,327.00","9.17K","0.96%"
"26-06-2023","5,328.00","5,469.00","5,469.00","5,306.00","6.46K","-3.04%"
"23-06-2023","5,495.00","5,479.00","5,512.00","5,451.00","3.13K","0.70%"
"22-06-2023","5,457.00","5,548.00","5,557.00","5,430.00","6.35K","-0.76%"
"21-06-2023","5,499.00","5,300.00","5,600.00","5,300.00","9.50K","4.62%"
"20-06-2023","5,256.00","5,321.00","5,350.00","5,232.00","28.05K","-1.22%"
"19-06-2023","5,321.00","5,250.00","5,342.00","5,197.00","24.12K","1.33%"
"16-06-2023","5,251.00","5,141.00","5,296.00","5,120.00","28.65K","2.46%"
"15-06-2023","5,125.00","5,180.00","5,180.00","5,086.00","20.75K","-1.37%"
"14-06-2023","5,196.00","5,210.00","5,259.00","5,141.00","29.50K","-0.35%"
"13-06-2023","5,214.00","5,140.00","5,242.00","5,125.00","23.22K","1.68%"
"12-06-2023","5,128.00","5,225.00","5,250.00","5,084.00","48.37K","-3.15%"
"09-06-2023","5,295.00","5,408.00","5,427.00","5,256.00","34.45K","-2.63%"
"08-06-2023","5,438.00","5,480.00","5,488.00","5,420.00","16.77K","-0.78%"
"07-06-2023","5,481.00","5,465.00","5,499.00","5,441.00","16.98K","0.24%"
"06-06-2023","5,468.00","5,484.00","5,504.00","5,452.00","15.74K","-0.02%"
"05-06-2023","5,469.00","5,486.00","5,524.00","5,442.00","18.77K","-0.33%"
"02-06-2023","5,487.00","5,480.00","5,533.00","5,466.00","11.38K","-0.04%"
"01-06-2023","5,489.00","5,540.00","5,554.00","5,475.00","11.04K","-1.37%"
"31-05-2023","5,565.00","5,600.00","5,615.00","5,551.00","14.08K","-0.75%"
"30-05-2023","5,607.00","5,550.00","5,633.00","5,466.00","19.66K","1.14%"
"29-05-2023","5,544.00","5,450.00","5,565.00","5,427.00","12.37K","1.08%"
"26-05-2023","5,485.00","5,441.00","5,500.00","5,396.00","14.48K","0.07%"
"25-05-2023","5,481.00","5,529.00","5,542.00","5,468.00","4.32K","-1.17%"
"24-05-2023","5,546.00","5,531.00","5,562.00","5,518.00","4.24K","0.25%"
"23-05-2023","5,532.00","5,540.00","5,593.00","5,422.00","7.67K","-0.31%"
"22-05-2023","5,549.00","5,611.00","5,611.00","5,532.00","3.90K","0.14%"
"19-05-2023","5,541.00","5,550.00","5,585.00","5,503.00","20.98K","-0.45%"
"18-05-2023","5,566.00","5,650.00","5,669.00","5,541.00","22.95K","-1.92%"
"17-05-2023","5,675.00","5,708.00","5,727.00","5,662.00","10.82K","-0.33%"
"16-05-2023","5,694.00","5,739.00","5,739.00","5,665.00","17.68K","-0.80%"
"15-05-2023","5,740.00","5,778.00","5,790.00","5,730.00","12.71K","-0.55%"
"12-05-2023","5,772.00","5,700.00","5,793.00","5,698.00","22.50K","1.14%"
"11-05-2023","5,707.00","5,794.00","5,800.00","5,700.00","22.18K","-1.50%"
"10-05-2023","5,794.00","5,794.00","5,840.00","5,772.00","21.64K","0.21%"
"09-05-2023","5,782.00","5,838.00","5,870.00","5,775.00","26.86K","-0.76%"
"08-05-2023","5,826.00","5,769.00","5,895.00","5,741.00","30.18K","1.29%"
"05-05-2023","5,752.00","5,746.00","5,799.00","5,735.00","23.50K","0.30%"
"04-05-2023","5,735.00","5,664.00","5,770.00","5,623.00","32.37K","1.63%"
"03-05-2023","5,643.00","5,630.00","5,676.00","5,603.00","15.83K","0.09%"
"02-05-2023","5,638.00","5,549.00","5,686.00","5,540.00","23.88K","1.97%"
"28-04-2023","5,529.00","5,521.00","5,570.00","5,512.00","13.11K","0.07%"
"27-04-2023","5,525.00","5,560.00","5,580.00","5,439.00","7.72K","-0.61%"
"26-04-2023","5,559.00","5,675.00","5,683.00","5,532.00","9.31K","-2.04%"
"25-04-2023","5,675.00","5,673.00","5,707.00","5,658.00","4.20K","0.16%"
"24-04-2023","5,666.00","5,680.00","5,680.00","5,617.00","3.44K","0.12%"
"21-04-2023","5,659.00","5,670.00","5,702.00","5,644.00","5.31K","1.13%"
"20-04-2023","5,596.00","5,577.00","5,623.00","5,532.00","23.72K","0.58%"
"19-04-2023","5,564.00","5,667.00","5,667.00","5,531.00","27.19K","-1.49%"
"18-04-2023","5,648.00","5,626.00","5,672.00","5,622.00","14.20K","0.61%"
"17-04-2023","5,614.00","5,665.00","5,667.00","5,573.00","22.15K","-0.35%"
"13-04-2023","5,634.00","5,665.00","5,680.00","5,600.00","29.98K","-0.39%"
"12-04-2023","5,656.00","5,720.00","5,720.00","5,642.00","27.82K","-1.19%"
"11-04-2023","5,724.00","5,745.00","5,807.00","5,710.00","29.82K","-0.52%"
"10-04-2023","5,754.00","5,785.00","5,817.00","5,624.00","43.95K","-0.21%"
"06-04-2023","5,766.00","5,854.00","5,870.00","5,728.00","26.70K","-1.81%"
"05-04-2023","5,872.00","5,820.00","5,924.00","5,817.00","36.65K","0.96%"
"03-04-2023","5,816.00","5,770.00","5,855.00","5,713.00","22.75K","0.87%"
"31-03-2023","5,766.00","5,724.00","5,778.00","5,710.00","12.72K","0.77%"
"29-03-2023","5,722.00","5,775.00","5,790.00","5,680.00","12.87K","-0.76%"
"28-03-2023","5,766.00","5,709.00","5,800.00","5,706.00","15.77K","1.32%"
"27-03-2023","5,691.00","5,708.00","5,719.00","5,670.00","5.36K","-0.05%"
"24-03-2023","5,694.00","5,765.00","5,794.00","5,670.00","6.42K","-1.23%"
"23-03-2023","5,765.00","5,701.00","5,837.00","5,684.00","9.32K","0.75%"
"22-03-2023","5,722.00","5,735.00","5,768.00","5,691.00","4.17K","-0.16%"
"21-03-2023","5,731.00","5,523.00","5,748.00","5,464.00","4.67K","4.43%"
"20-03-2023","5,488.00","5,531.00","5,594.00","5,431.00","19.80K","-0.78%"
"17-03-2023","5,531.00","5,516.00","5,569.00","5,484.00","15.59K","0.73%"
"16-03-2023","5,491.00","5,605.00","5,614.00","5,456.00","27.14K","-2.62%"
"15-03-2023","5,639.00","5,680.00","5,720.00","5,620.00","21.19K","-0.55%"
"14-03-2023","5,670.00","5,720.00","5,750.00","5,648.00","31.48K","-0.98%"
"13-03-2023","5,726.00","5,720.00","5,788.00","5,690.00","31.16K","-0.14%"
"10-03-2023","5,734.00","5,791.00","5,796.00","5,719.00","28.78K","-1.29%"
"09-03-2023","5,809.00","5,608.00","5,827.00","5,590.00","42.40K","3.53%"
"08-03-2023","5,611.00","5,625.00","5,649.00","5,561.00","19.15K","-0.32%"
"06-03-2023","5,629.00","5,611.00","5,666.00","5,581.00","16.35K","0.46%"
"03-03-2023","5,603.00","5,618.00","5,638.00","5,555.00","18.85K","0.14%"
"02-03-2023","5,595.00","5,754.00","5,798.00","5,553.00","31.71K","-2.75%"
"01-03-2023","5,753.00","5,811.00","5,811.00","5,740.00","10.30K","-1.37%"
"28-02-2023","5,833.00","5,781.00","5,860.00","5,760.00","18.10K","0.90%"
"27-02-2023","5,781.00","5,793.00","5,805.00","5,735.00","10.04K","-0.26%"
"24-02-2023","5,796.00","5,724.00","5,825.00","5,690.00","11.23K","1.51%"
"23-02-2023","5,710.00","5,900.00","5,900.00","5,692.00","13.43K","-3.63%"
"22-02-2023","5,925.00","5,961.00","5,975.00","5,900.00","4.54K","-0.84%"
"21-02-2023","5,975.00","6,005.00","6,036.00","5,950.00","4.38K","0.76%"
"20-02-2023","5,930.00","5,886.00","5,960.00","5,820.00","25.07K","0.59%"
"17-02-2023","5,895.00","5,930.00","5,940.00","5,855.00","23.47K","-0.82%"
"16-02-2023","5,944.00","5,970.00","5,984.00","5,921.00","21.03K","-0.70%"
"15-02-2023","5,986.00","5,824.00","6,038.00","5,790.00","39.50K","3.06%"
"14-02-2023","5,808.00","5,789.00","5,834.00","5,780.00","23.29K","0.48%"
"13-02-2023","5,780.00","5,751.00","5,830.00","5,700.00","47.72K","-0.09%"
"10-02-2023","5,785.00","5,925.00","5,975.00","5,761.00","42.20K","-2.15%"
"09-02-2023","5,912.00","5,930.00","5,949.00","5,882.00","19.93K","-0.37%"
"08-02-2023","5,934.00","6,000.00","6,005.00","5,916.00","29.64K","-0.85%"
"07-02-2023","5,985.00","6,028.00","6,049.00","5,971.00","29.55K","-0.70%"
"06-02-2023","6,027.00","6,190.00","6,195.00","6,001.00","24.02K","-1.66%"
"03-02-2023","6,129.00","6,108.00","6,180.00","6,095.00","25.32K","0.51%"
"02-02-2023","6,098.00","6,075.00","6,129.00","6,011.00","23.97K","0.54%"
"01-02-2023","6,065.00","5,995.00","6,106.00","5,995.00","28.52K","0.08%"
"31-01-2023","6,060.00","5,885.00","6,100.00","5,881.00","31.65K","3.06%"
"30-01-2023","5,880.00","5,874.00","5,900.00","5,825.00","14.16K","0.81%"
"27-01-2023","5,833.00","5,972.00","6,005.00","5,731.00","14.69K","-1.67%"
"25-01-2023","5,932.00","5,998.00","6,055.00","5,880.00","9.26K","-3.09%"
"24-01-2023","6,121.00","6,244.00","6,250.00","5,996.00","5.34K","-1.99%"
"23-01-2023","6,245.00","6,273.00","6,290.00","6,204.00","4.48K","0.48%"
"20-01-2023","6,215.00","6,388.00","6,395.00","6,170.00","43.21K","-2.36%"
"19-01-2023","6,365.00","6,399.00","6,415.00","6,332.00","19.95K","-0.53%"
"18-01-2023","6,399.00","6,360.00","6,441.00","6,356.00","27.25K","0.93%"
"17-01-2023","6,340.00","6,360.00","6,389.00","6,314.00","20.40K","-0.39%"
"16-01-2023","6,365.00","6,450.00","6,498.00","6,354.00","36.86K","-1.15%"
"13-01-2023","6,439.00","6,350.00","6,498.00","6,345.00","51.82K","1.37%"
"12-01-2023","6,352.00","6,360.00","6,458.00","6,338.00","46.18K","-0.09%"
"11-01-2023","6,358.00","6,380.00","6,475.00","6,335.00","50.33K","-0.30%"
"10-01-2023","6,377.00","6,441.00","6,600.00","6,350.00","77.89K","-0.59%"
"09-01-2023","6,415.00","6,103.00","6,415.00","6,095.00","43.00K","6.00%"
"06-01-2023","6,052.00","6,011.00","6,090.00","5,982.00","28.99K","0.75%"
"05-01-2023","6,007.00","5,968.00","6,035.00","5,951.00","26.78K","0.64%"
"04-01-2023","5,969.00","6,050.00","6,051.00","5,918.00","29.70K","-1.36%"
"03-01-2023","6,051.00","6,060.00","6,094.00","6,025.00","17.68K","0.00%"
"02-01-2023","6,051.00","6,080.00","6,117.00","6,010.00","18.63K","-0.44%"
"30-12-2022","6,078.00","6,038.00","6,147.00","6,038.00","17.56K","0.43%"
"29-12-2022","6,052.00","6,076.00","6,105.00","6,038.00","8.81K","-1.01%"
"28-12-2022","6,114.00","6,139.00","6,147.00","6,051.00","8.48K","-0.42%"
"27-12-2022","6,140.00","6,125.00","6,173.00","6,121.00","8.54K","0.77%"
"26-12-2022","6,093.00","5,988.00","6,122.00","5,988.00","9.74K","1.99%"
"23-12-2022","5,974.00","5,956.00","6,000.00","5,720.00","10.16K","0.64%"
"22-12-2022","5,936.00","5,857.00","5,960.00","5,848.00","2.63K","0.92%"
"21-12-2022","5,882.00","6,100.00","6,100.00","5,862.00","5.23K","-2.78%"
"20-12-2022","6,050.00","6,055.00","6,088.00","6,015.00","30.08K","-0.58%"
"19-12-2022","6,085.00","5,863.00","6,117.00","5,832.00","40.43K","3.45%"
"16-12-2022","5,882.00","5,960.00","6,045.00","5,855.00","33.90K","-2.08%"
"15-12-2022","6,007.00","5,928.00","6,034.00","5,906.00","31.26K","1.76%"
"14-12-2022","5,903.00","5,989.00","5,989.00","5,822.00","38.12K","-0.52%"
"13-12-2022","5,934.00","5,912.00","5,948.00","5,790.00","52.02K","0.13%"
"12-12-2022","5,926.00","6,050.00","6,117.00","5,900.00","38.82K","-2.45%"
"09-12-2022","6,075.00","6,045.00","6,105.00","5,980.00","34.61K","-0.21%"
"08-12-2022","6,088.00","6,071.00","6,221.00","6,029.00","49.43K","1.06%"
"07-12-2022","6,024.00","5,871.00","6,063.00","5,773.00","40.58K","2.14%"
"06-12-2022","5,898.00","5,943.00","5,958.00","5,863.00","28.53K","-0.96%"
"05-12-2022","5,955.00","6,099.00","6,140.00","5,915.00","26.55K","-1.75%"
"02-12-2022","6,061.00","5,979.00","6,100.00","5,975.00","31.82K","1.08%"
"01-12-2022","5,996.00","6,160.00","6,160.00","5,925.00","33.98K","-2.84%"
"30-11-2022","6,171.00","6,344.00","6,346.00","6,130.00","33.98K","-1.20%"
"29-11-2022","6,246.00","5,975.00","6,246.00","5,895.00","25.15K","5.99%"
"28-11-2022","5,893.00","5,882.00","5,949.00","5,770.00","15.00K","-0.22%"
"25-11-2022","5,906.00","5,903.00","6,020.00","5,890.00","10.59K","-0.62%"
"24-11-2022","5,943.00","6,088.00","6,200.00","5,881.00","12.60K","-1.44%"
"23-11-2022","6,030.00","5,991.00","6,090.00","5,840.00","11.04K","-0.58%"
"22-11-2022","6,065.00","6,315.00","6,315.00","6,059.00","5.15K","-5.90%"
"21-11-2022","6,445.00","6,352.00","6,473.00","6,181.00","7.65K","6.90%"
"18-11-2022","6,029.00","5,718.00","6,029.00","5,688.00","40.69K","6.00%"
"17-11-2022","5,688.00","5,800.00","5,824.00","5,622.00","51.10K","-1.44%"
"16-11-2022","5,771.00","5,461.00","5,783.00","5,431.00","70.90K","5.77%"
"15-11-2022","5,456.00","5,505.00","5,669.00","5,406.00","75.82K","-0.53%"
"14-11-2022","5,485.00","5,251.00","5,495.00","5,251.00","58.36K","5.81%"
"11-11-2022","5,184.00","5,080.00","5,225.00","5,074.00","40.83K","2.29%"
"10-11-2022","5,068.00","5,125.00","5,155.00","5,057.00","33.71K","-0.69%"
"09-11-2022","5,103.00","4,944.00","5,118.00","4,881.00","41.46K","3.61%"
"07-11-2022","4,925.00","4,990.00","4,994.00","4,911.00","25.06K","0.35%"
"04-11-2022","4,908.00","4,818.00","4,955.00","4,805.00","28.41K","1.80%"
"03-11-2022","4,821.00","4,820.00","4,870.00","4,801.00","18.75K","0.02%"
"02-11-2022","4,820.00","4,687.00","4,854.00","4,685.00","23.78K","3.10%"
"01-11-2022","4,675.00","4,621.00","4,698.00","4,610.00","10.85K","0.84%"
"31-10-2022","4,636.00","4,690.00","4,712.00","4,623.00","9.40K","-1.47%"
"28-10-2022","4,705.00","4,740.00","4,746.00","4,690.00","4.71K","-0.82%"
"27-10-2022","4,744.00","4,691.00","4,780.00","4,685.00","4.46K","0.94%"
"25-10-2022","4,700.00","4,699.00","4,718.00","4,685.00","3.15K","0.02%"
"24-10-2022","4,699.00","4,695.00","4,707.00","4,687.00","3.38K","-0.04%"
"21-10-2022","4,701.00","4,721.00","4,736.00","4,680.00","1.80K","0.73%"
"20-10-2022","4,667.00","4,665.00","4,737.00","4,657.00","18.33K","-0.17%"
"19-10-2022","4,675.00","4,616.00","4,698.00","4,591.00","14.40K","0.69%"
"18-10-2022","4,643.00","4,688.00","4,688.00","4,621.00","11.71K","-0.56%"
"17-10-2022","4,669.00","4,714.00","4,717.00","4,661.00","15.98K","-1.10%"
"14-10-2022","4,721.00","4,745.00","4,805.00","4,710.00","20.15K","-0.84%"
"13-10-2022","4,761.00","4,769.00","4,809.00","4,733.00","15.86K","-0.19%"
"12-10-2022","4,770.00","4,808.00","4,820.00","4,760.00","19.59K","-0.75%"
"11-10-2022","4,806.00","4,743.00","4,850.00","4,715.00","25.44K","0.97%"
"10-10-2022","4,760.00","4,819.00","4,835.00","4,741.00","28.19K","-0.92%"
"07-10-2022","4,804.00","4,923.00","4,923.00","4,795.00","24.81K","-2.12%"
"06-10-2022","4,908.00","4,870.00","4,940.00","4,870.00","14.88K","0.88%"
"04-10-2022","4,865.00","4,875.00","4,948.00","4,854.00","17.64K","-0.23%"
"03-10-2022","4,876.00","4,949.00","4,961.00","4,834.00","15.36K","-1.79%"
"30-09-2022","4,965.00","4,973.00","5,000.00","4,946.00","12.39K","0.16%"
"29-09-2022","4,957.00","4,989.00","5,010.00","4,920.00","7.30K","-0.38%"
"28-09-2022","4,976.00","5,098.00","5,098.00","4,941.00","10.07K","-2.07%"
"27-09-2022","5,081.00","5,056.00","5,099.00","5,014.00","7.66K","0.81%"
"26-09-2022","5,040.00","5,160.00","5,160.00","5,020.00","5.50K","-2.27%"
"23-09-2022","5,157.00","5,253.00","5,275.00","5,067.00","5.50K","-2.27%"
"22-09-2022","5,277.00","5,261.00","5,311.00","5,239.00","3.46K","-0.11%"
"21-09-2022","5,283.00","5,344.00","5,350.00","5,269.00","1.95K","-0.28%"
"20-09-2022","5,298.00","5,330.00","5,368.00","5,265.00","26.73K","-0.79%"
"19-09-2022","5,340.00","5,248.00","5,382.00","5,230.00","33.52K","3.33%"
"16-09-2022","5,168.00","5,260.00","5,286.00","5,150.00","26.30K","-1.36%"
"15-09-2022","5,239.00","5,143.00","5,285.00","5,135.00","34.47K","2.28%"
"14-09-2022","5,122.00","4,952.00","5,147.00","4,944.00","29.51K","3.10%"
"13-09-2022","4,968.00","4,957.00","5,044.00","4,952.00","26.55K","0.73%"
"12-09-2022","4,932.00","4,980.00","4,980.00","4,871.00","28.47K","-2.38%"
"09-09-2022","5,052.00","5,080.00","5,127.00","5,020.00","31.71K","-0.59%"
"08-09-2022","5,082.00","4,921.00","5,140.00","4,920.00","44.47K","3.57%"
"07-09-2022","4,907.00","4,857.00","4,942.00","4,842.00","19.76K","1.26%"
"06-09-2022","4,846.00","4,908.00","4,937.00","4,805.00","20.50K","-1.18%"
"05-09-2022","4,904.00","4,911.00","4,984.00","4,862.00","19.22K","-0.14%"
"02-09-2022","4,911.00","5,030.00","5,036.00","4,856.00","26.15K","-1.56%"
"01-09-2022","4,989.00","4,775.00","5,008.00","4,770.00","31.17K","4.79%"
"30-08-2022","4,761.00","4,780.00","4,787.00","4,713.00","8.48K","-0.36%"
"29-08-2022","4,778.00","4,790.00","4,890.00","4,760.00","17.95K","-0.02%"
"26-08-2022","4,779.00","4,613.00","4,788.00","4,613.00","12.13K","3.80%"
"25-08-2022","4,604.00","4,650.00","4,655.00","4,562.00","4.77K","-0.80%"
"24-08-2022","4,641.00","4,620.00","4,680.00","4,620.00","4.44K","0.41%"
"23-08-2022","4,622.00","4,625.00","4,642.00","4,588.00","5.77K","-0.41%"
"22-08-2022","4,641.00","4,783.00","4,783.00","4,623.00","7.60K","-2.64%"
"19-08-2022","4,767.00","4,762.00","4,836.00","4,733.00","4.77K","0.89%"
"18-08-2022","4,725.00","4,816.00","4,816.00","4,705.00","16.90K","-1.91%"
"17-08-2022","4,817.00","4,760.00","4,829.00","4,725.00","28.40K","0.52%"
"16-08-2022","4,792.00","4,800.00","4,849.00","4,750.00","16.62K","-0.56%"
"12-08-2022","4,819.00","4,784.00","4,839.00","4,755.00","17.72K","1.56%"
"11-08-2022","4,745.00","4,758.00","4,790.00","4,730.00","19.39K","-0.36%"
"10-08-2022","4,762.00","4,820.00","4,846.00","4,748.00","27.35K","-1.29%"
"08-08-2022","4,824.00","4,894.00","4,915.00","4,805.00","22.51K","-1.29%"
"05-08-2022","4,887.00","4,850.00","4,937.00","4,850.00","23.20K","0.58%"
"04-08-2022","4,859.00","4,945.00","4,972.00","4,852.00","17.29K","-1.88%"
"03-08-2022","4,952.00","4,946.00","5,006.00","4,915.00","15.70K","-0.22%"
"02-08-2022","4,963.00","4,910.00","4,989.00","4,895.00","13.50K","0.92%"
"01-08-2022","4,918.00","5,010.00","5,010.00","4,851.00","12.97K","-1.30%"
"29-07-2022","4,983.00","5,158.00","5,165.00","4,952.00","14.69K","-3.32%"
"28-07-2022","5,154.00","5,247.00","5,356.00","5,133.00","9.58K","-2.07%"
"27-07-2022","5,263.00","5,285.00","5,294.00","5,202.00","6.84K","-0.32%"
"26-07-2022","5,280.00","5,138.00","5,335.00","5,138.00","7.02K","2.27%"
"25-07-2022","5,163.00","5,154.00","5,183.00","5,098.00","3.82K","-0.14%"
"22-07-2022","5,170.00","5,201.00","5,225.00","5,140.00","2.65K","-1.17%"
"21-07-2022","5,231.00","5,180.00","5,250.00","5,161.00","5.43K","2.15%"
"20-07-2022","5,121.00","5,050.00","5,185.00","5,005.00","27.56K","1.51%"
"19-07-2022","5,045.00","5,063.00","5,070.00","5,005.00","17.13K","-0.04%"
"18-07-2022","5,047.00","4,990.00","5,060.00","4,921.00","34.55K","0.74%"
"15-07-2022","5,010.00","5,205.00","5,263.00","4,988.00","34.25K","-4.21%"
"14-07-2022","5,230.00","5,312.00","5,340.00","5,221.00","26.79K","-1.65%"
"13-07-2022","5,318.00","5,350.00","5,397.00","5,282.00","24.13K","-0.75%"
"12-07-2022","5,358.00","5,250.00","5,430.00","5,195.00","30.35K","2.37%"
"11-07-2022","5,234.00","5,152.00","5,258.00","5,150.00","24.17K","0.95%"
"08-07-2022","5,185.00","5,117.00","5,273.00","5,117.00","31.10K","1.55%"
"07-07-2022","5,106.00","5,152.00","5,175.00","5,094.00","17.97K","-1.33%"
"06-07-2022","5,175.00","5,162.00","5,196.00","5,122.00","15.02K","-0.31%"
"05-07-2022","5,191.00","5,231.00","5,271.00","5,146.00","18.48K","-0.95%"
"04-07-2022","5,241.00","5,199.00","5,298.00","5,183.00","19.28K","-0.10%"
"01-07-2022","5,246.00","5,144.00","5,275.00","5,053.00","20.81K","0.73%"
"30-06-2022","5,208.00","5,282.00","5,282.00","5,170.00","17.50K","-1.61%"
"29-06-2022","5,293.00","5,352.00","5,365.00","5,267.00","9.58K","-1.62%"
"28-06-2022","5,380.00","5,298.00","5,392.00","5,261.00","11.39K","1.76%"
"27-06-2022","5,287.00","5,355.00","5,391.00","5,234.00","7.75K","-1.55%"
"24-06-2022","5,370.00","5,558.00","5,558.00","5,344.00","6.36K","-3.45%"
"23-06-2022","5,562.00","5,563.00","5,580.00","5,504.00","1.82K","-0.18%"
"22-06-2022","5,572.00","5,522.00","5,593.00","5,522.00","3.27K","0.98%"
"21-06-2022","5,518.00","5,533.00","5,590.00","5,500.00","3.99K","0.90%"
"20-06-2022","5,469.00","5,606.00","5,606.00","5,413.00","32.12K","-3.00%"
"17-06-2022","5,638.00","5,618.00","5,647.00","5,560.00","20.26K","0.43%"
"16-06-2022","5,614.00","5,697.00","5,709.00","5,591.00","30.77K","-1.39%"
"15-06-2022","5,693.00","5,741.00","5,754.00","5,675.00","10.02K","-0.54%"
"14-06-2022","5,724.00","5,720.00","5,745.00","5,682.00","18.91K","-0.17%"
"13-06-2022","5,734.00","5,823.00","5,830.00","5,720.00","21.50K","-2.07%"
"10-06-2022","5,855.00","5,890.00","5,900.00","5,833.00","22.64K","-0.85%"
"09-06-2022","5,905.00","5,888.00","5,949.00","5,885.00","26.25K","0.54%"
"08-06-2022","5,873.00","5,854.00","5,905.00","5,851.00","20.91K","0.41%"
"07-06-2022","5,849.00","5,747.00","5,940.00","5,729.00","34.96K","1.69%"
"06-06-2022","5,752.00","5,808.00","5,833.00","5,724.00","16.84K","-1.02%"
"03-06-2022","5,811.00","5,870.00","5,879.00","5,804.00","14.43K","-1.11%"
"02-06-2022","5,876.00","5,830.00","5,885.00","5,800.00","14.80K","0.62%"
"01-06-2022","5,840.00","5,911.00","5,923.00","5,793.00","14.94K","-1.22%"
"31-05-2022","5,912.00","6,046.00","6,052.00","5,880.00","11.63K","-1.99%"
"30-05-2022","6,032.00","6,073.00","6,091.00","6,020.00","8.36K","-1.03%"
"27-05-2022","6,095.00","6,114.00","6,144.00","6,088.00","6.65K","0.10%"
"26-05-2022","6,089.00","6,060.00","6,095.00","6,055.00","3.18K","0.45%"
"25-05-2022","6,062.00","6,105.00","6,105.00","6,055.00","10.55K","-0.72%"
"24-05-2022","6,106.00","6,125.00","6,135.00","6,078.00","5.79K","0.02%"
"23-05-2022","6,105.00","6,031.00","6,150.00","6,031.00","3.89K","2.19%"
"20-05-2022","5,974.00","6,008.00","6,019.00","5,960.00","14.12K","-0.03%"
"19-05-2022","5,976.00","6,065.00","6,065.00","5,935.00","24.82K","-1.73%"
"18-05-2022","6,081.00","6,119.00","6,119.00","6,052.00","16.77K","-0.20%"
"17-05-2022","6,093.00","6,029.00","6,115.00","6,025.00","14.93K","0.68%"
"16-05-2022","6,052.00","6,140.00","6,148.00","6,041.00","20.21K","-1.63%"
"13-05-2022","6,152.00","6,150.00","6,222.00","6,124.00","24.84K","0.10%"
"12-05-2022","6,146.00","6,077.00","6,175.00","6,063.00","23.49K","0.75%"
"11-05-2022","6,100.00","6,022.00","6,115.00","6,006.00","21.68K","1.36%"
"10-05-2022","6,018.00","6,100.00","6,118.00","5,988.00","28.98K","-1.63%"
"09-05-2022","6,118.00","6,176.00","6,183.00","6,090.00","19.14K","-0.54%"
"06-05-2022","6,151.00","6,045.00","6,168.00","6,013.00","30.68K","0.62%"
"05-05-2022","6,113.00","6,186.00","6,220.00","6,062.00","28.71K","-0.68%"
"04-05-2022","6,155.00","6,295.00","6,336.00","6,121.00","30.46K","-2.41%"
"03-05-2022","6,307.00","6,307.00","6,307.00","6,307.00","","0.00%"
"02-05-2022","6,307.00","6,374.00","6,380.00","6,250.00","14.38K","-1.50%"
"29-04-2022","6,403.00","6,420.00","6,446.00","6,380.00","10.67K","-0.22%"
"28-04-2022","6,417.00","6,432.00","6,476.00","6,404.00","9.13K","-0.16%"
"27-04-2022","6,427.00","6,420.00","6,447.00","6,379.00","6.06K","0.82%"
"26-04-2022","6,375.00","6,400.00","6,428.00","6,250.00","6.92K","-0.34%"
"25-04-2022","6,397.00","6,398.00","6,435.00","6,364.00","10.15K","-0.34%"
"22-04-2022","6,419.00","6,430.00","6,440.00","6,370.00","2.96K","-0.43%"
"21-04-2022","6,447.00","6,431.00","6,464.00","6,381.00","3.49K","1.66%"
"20-04-2022","6,342.00","6,325.00","6,365.00","6,281.00","24.20K","0.54%"
"19-04-2022","6,308.00","6,488.00","6,525.00","6,242.00","40.46K","-2.77%"
"18-04-2022","6,488.00","6,555.00","6,610.00","6,456.00","28.23K","-0.58%"
"14-04-2022","6,526.00","6,526.00","6,526.00","6,526.00","","0.00%"
"13-04-2022","6,526.00","6,450.00","6,579.00","6,445.00","29.47K","1.26%"
"12-04-2022","6,445.00","6,401.00","6,498.00","6,400.00","35.06K","0.62%"
"11-04-2022","6,405.00","6,460.00","6,480.00","6,390.00","34.19K","-0.71%"
"08-04-2022","6,451.00","6,635.00","6,645.00","6,412.00","45.16K","-3.02%"
"07-04-2022","6,652.00","6,658.00","6,769.00","6,635.00","37.18K","-1.36%"
"06-04-2022","6,744.00","6,653.00","6,820.00","6,624.00","48.99K","1.06%"
"05-04-2022","6,673.00","6,647.00","6,709.00","6,610.00","26.13K","0.54%"
"04-04-2022","6,637.00","6,750.00","6,822.00","6,530.00","47.39K","-1.79%"
"01-04-2022","6,758.00","6,419.00","6,779.00","6,407.00","44.38K","5.49%"
"31-03-2022","6,406.00","6,402.00","6,449.00","6,365.00","15.05K","-0.17%"
"30-03-2022","6,417.00","6,436.00","6,488.00","6,387.00","15.95K","-0.14%"
"29-03-2022","6,426.00","6,362.00","6,469.00","6,362.00","12.88K","0.94%"
"28-03-2022","6,366.00","6,258.00","6,414.00","6,254.00","17.06K","2.07%"
"25-03-2022","6,237.00","6,216.00","6,272.00","6,216.00","5.97K","0.53%"
"24-03-2022","6,204.00","6,214.00","6,230.00","6,172.00","7.26K","-0.51%"
"23-03-2022","6,236.00","6,196.00","6,261.00","6,196.00","7.13K","0.58%"
"22-03-2022","6,200.00","6,160.00","6,212.00","6,160.00","2.57K","0.75%"
"21-03-2022","6,154.00","6,225.00","6,225.00","6,148.00","3.64K","-1.33%"
"18-03-2022","6,237.00","6,237.00","6,237.00","6,237.00","","1.25%"
"17-03-2022","6,160.00","6,180.00","6,212.00","6,124.00","19.31K","-0.06%"
"16-03-2022","6,164.00","6,100.00","6,180.00","6,032.00","26.10K","1.23%"
"15-03-2022","6,089.00","6,260.00","6,287.00","6,070.00","34.99K","-2.70%"
"14-03-2022","6,258.00","6,240.00","6,316.00","6,220.00","28.55K","0.92%"
"11-03-2022","6,201.00","6,140.00","6,236.00","6,130.00","30.78K","0.76%"
"10-03-2022","6,154.00","6,165.00","6,258.00","6,132.00","35.27K","0.13%"
"09-03-2022","6,146.00","5,997.00","6,195.00","5,991.00","46.75K","2.45%"
"08-03-2022","5,999.00","5,959.00","6,018.00","5,808.00","34.30K","0.22%"
"07-03-2022","5,986.00","6,036.00","6,050.00","5,920.00","18.26K","-0.80%"
"04-03-2022","6,034.00","6,026.00","6,075.00","5,997.00","17.01K","-0.12%"
"03-03-2022","6,041.00","6,020.00","6,092.00","5,980.00","24.54K","0.65%"
"02-03-2022","6,002.00","5,902.00","6,079.00","5,716.00","20.68K","1.35%"
"01-03-2022","5,922.00","5,922.00","5,922.00","5,922.00","","0.00%"
"28-02-2022","5,922.00","5,908.00","5,984.00","5,813.00","10.32K","-1.27%"
"25-02-2022","5,998.00","5,844.00","6,019.00","5,826.00","19.23K","3.77%"
"24-02-2022","5,780.00","6,031.00","6,031.00","5,715.00","29.40K","-4.75%"
"23-02-2022","6,068.00","6,243.00","6,274.00","6,050.00","11.44K","-2.77%"
"22-02-2022","6,241.00","6,204.00","6,273.00","6,153.00","7.78K","-0.24%"
"21-02-2022","6,256.00","6,370.00","6,392.00","6,235.00","5.98K","-1.29%"
"18-02-2022","6,338.00","6,273.00","6,358.00","6,273.00","23.87K","0.99%"
"17-02-2022","6,276.00","6,300.00","6,335.00","6,252.00","24.07K","-0.43%"
"16-02-2022","6,303.00","6,365.00","6,417.00","6,287.00","32.04K","-1.01%"
"15-02-2022","6,367.00","6,404.00","6,426.00","6,325.00","34.56K","-0.58%"
"14-02-2022","6,404.00","6,370.00","6,488.00","6,360.00","47.44K","1.19%"
"11-02-2022","6,329.00","6,304.00","6,355.00","6,246.00","41.10K","0.76%"
"10-02-2022","6,281.00","6,192.00","6,298.00","6,175.00","36.05K","1.68%"
"09-02-2022","6,177.00","6,185.00","6,233.00","6,160.00","24.72K","-0.06%"
"08-02-2022","6,181.00","6,150.00","6,192.00","6,090.00","30.94K","0.36%"
"07-02-2022","6,159.00","6,358.00","6,365.00","6,120.00","35.80K","-2.73%"
"04-02-2022","6,332.00","6,348.00","6,375.00","6,305.00","25.55K","0.35%"
"03-02-2022","6,310.00","6,265.00","6,319.00","6,225.00","25.92K","0.49%"
"02-02-2022","6,279.00","6,371.00","6,390.00","6,240.00","24.41K","-1.64%"
"01-02-2022","6,384.00","6,402.00","6,432.00","6,356.00","15.62K","-0.27%"
"31-01-2022","6,401.00","6,419.00","6,455.00","6,375.00","19.34K","-0.33%"
"28-01-2022","6,422.00","6,455.00","6,490.00","6,407.00","13.49K","-0.65%"
"27-01-2022","6,464.00","6,454.00","6,500.00","6,401.00","10.55K","0.76%"
"25-01-2022","6,415.00","6,245.00","6,422.00","6,245.00","6.34K","2.25%"
"24-01-2022","6,274.00","6,328.00","6,347.00","6,234.00","4.56K","-0.81%"
"21-01-2022","6,325.00","6,427.00","6,492.00","6,205.00","6.05K","-1.31%"
"20-01-2022","6,409.00","6,408.00","6,459.00","6,368.00","30.35K","-0.22%"
"19-01-2022","6,423.00","6,519.00","6,536.00","6,401.00","37.50K","-0.93%"
"18-01-2022","6,483.00","6,430.00","6,559.00","6,430.00","39.14K","0.86%"
"17-01-2022","6,428.00","6,390.00","6,446.00","6,346.00","25.65K","1.02%"
"14-01-2022","6,363.00","6,464.00","6,468.00","6,321.00","37.39K","-1.03%"
"13-01-2022","6,429.00","6,441.00","6,460.00","6,380.00","35.77K","-0.19%"
"12-01-2022","6,441.00","6,422.00","6,522.00","6,415.00","56.12K","0.62%"
"11-01-2022","6,401.00","6,371.00","6,420.00","6,333.00","47.65K","0.34%"
"10-01-2022","6,379.00","6,253.00","6,438.00","6,223.00","55.35K","1.84%"
"07-01-2022","6,264.00","6,220.00","6,310.00","6,218.00","38.75K","0.80%"
"06-01-2022","6,214.00","6,207.00","6,230.00","6,112.00","33.66K","-0.26%"
"05-01-2022","6,230.00","6,256.00","6,285.00","6,205.00","35.34K","-0.54%"
"04-01-2022","6,264.00","6,124.00","6,290.00","6,090.00","36.68K","2.27%"
"03-01-2022","6,125.00","6,120.00","6,178.00","6,085.00","26.28K","0.67%"
"31-12-2021","6,084.00","5,961.00","6,108.00","5,954.00","19.75K","1.91%"
"30-12-2021","5,970.00","5,972.00","6,012.00","5,915.00","16.65K","-0.10%"
"29-12-2021","5,976.00","6,154.00","6,161.00","5,928.00","19.41K","-3.22%"
"28-12-2021","6,175.00","6,200.00","6,216.00","6,156.00","8.24K","0.32%"
"27-12-2021","6,155.00","6,140.00","6,180.00","6,108.00","5.99K","-0.32%"
"24-12-2021","6,175.00","6,257.00","6,262.00","6,160.00","6.78K","-1.25%"
"23-12-2021","6,253.00","6,190.00","6,261.00","6,165.00","10.82K","1.49%"
"22-12-2021","6,161.00","6,162.00","6,185.00","6,039.00","5.28K","0.37%"
"21-12-2021","6,138.00","6,166.00","6,226.00","6,130.00","3.71K","1.10%"
"20-12-2021","6,071.00","6,062.00","6,120.00","5,902.00","33.60K","-0.56%"
"17-12-2021","6,105.00","6,230.00","6,306.00","6,060.00","52.95K","-1.58%"
"16-12-2021","6,203.00","6,150.00","6,269.00","6,140.00","38.53K","1.11%"
"15-12-2021","6,135.00","6,190.00","6,230.00","6,118.00","37.93K","-0.78%"
"14-12-2021","6,183.00","5,927.00","6,240.00","5,878.00","64.89K","4.53%"
"13-12-2021","5,915.00","5,898.00","5,990.00","5,898.00","31.02K","0.87%"
"10-12-2021","5,864.00","5,940.00","5,940.00","5,822.00","32.30K","-0.73%"
"09-12-2021","5,907.00","5,885.00","5,990.00","5,843.00","32.22K","0.31%"
"08-12-2021","5,889.00","5,899.00","5,973.00","5,841.00","34.59K","-0.29%"
"07-12-2021","5,906.00","5,690.00","5,929.00","5,679.00","46.83K","4.40%"
"06-12-2021","5,657.00","5,655.00","5,793.00","5,600.00","31.89K","-0.48%"
"03-12-2021","5,684.00","5,720.00","5,759.00","5,633.00","28.10K","-0.92%"
"02-12-2021","5,737.00","5,904.00","5,929.00","5,719.00","27.11K","-3.69%"
"01-12-2021","5,957.00","5,821.00","5,982.00","5,790.00","26.64K","1.78%"
"30-11-2021","5,853.00","5,909.00","5,940.00","5,775.00","25.29K","0.07%"
"29-11-2021","5,849.00","5,901.00","6,018.00","5,720.00","22.77K","-2.29%"
"26-11-2021","5,986.00","6,147.00","6,147.00","5,940.00","17.57K","-2.76%"
"25-11-2021","6,156.00","6,066.00","6,214.00","6,049.00","16.19K","0.77%"
"24-11-2021","6,109.00","6,286.00","6,300.00","6,093.00","10.67K","-2.92%"
"23-11-2021","6,293.00","6,235.00","6,338.00","6,185.00","10.34K","0.85%"
"22-11-2021","6,240.00","6,315.00","6,315.00","6,102.00","8.31K","-1.83%"
"19-11-2021","6,356.00","6,356.00","6,356.00","6,356.00","","1.13%"
"18-11-2021","6,285.00","6,420.00","6,449.00","6,200.00","41.23K","-2.62%"
"17-11-2021","6,454.00","6,365.00","6,564.00","6,365.00","51.33K","1.78%"
"16-11-2021","6,341.00","6,330.00","6,369.00","6,220.00","26.17K","0.67%"
"15-11-2021","6,299.00","6,550.00","6,555.00","6,245.00","47.31K","-3.17%"
"12-11-2021","6,505.00","6,517.00","6,593.00","6,450.00","34.61K","-0.15%"
"11-11-2021","6,515.00","6,465.00","6,638.00","6,445.00","65.39K","1.10%"
"10-11-2021","6,444.00","6,800.00","6,820.00","6,408.00","72.79K","-5.46%"
"09-11-2021","6,816.00","6,990.00","6,990.00","6,800.00","55.80K","-2.53%"
"08-11-2021","6,993.00","6,870.00","7,025.00","6,848.00","92.13K","3.52%"
"05-11-2021","6,755.00","6,755.00","6,755.00","6,755.00","","0.00%"
"04-11-2021","6,755.00","6,710.00","6,820.00","6,653.00","19.68K","1.15%"
"03-11-2021","6,678.00","6,786.00","6,847.00","6,615.00","53.90K","-1.58%"
"02-11-2021","6,785.00","6,936.00","7,024.00","6,760.00","52.91K","-2.58%"
"01-11-2021","6,965.00","7,090.00","7,160.00","6,900.00","33.80K","-1.94%"
"29-10-2021","7,103.00","7,005.00","7,250.00","7,005.00","41.24K","0.92%"
"28-10-2021","7,038.00","7,097.00","7,206.00","6,909.00","24.73K","-0.98%"
"27-10-2021","7,108.00","6,800.00","7,140.00","6,800.00","21.89K","4.44%"
"26-10-2021","6,806.00","6,677.00","6,830.00","6,600.00","13.47K","1.57%"
"25-10-2021","6,701.00","6,700.00","6,870.00","6,682.00","7.97K","-0.58%"
"22-10-2021","6,740.00","6,530.00","6,795.00","6,410.00","14.20K","2.84%"
"21-10-2021","6,554.00","6,459.00","6,598.00","6,451.00","6.22K","3.69%"
"20-10-2021","6,321.00","6,248.00","6,359.00","6,220.00","37.57K","1.80%"
"19-10-2021","6,209.00","6,489.00","6,565.00","6,160.00","83.55K","-3.89%"
"18-10-2021","6,460.00","6,125.00","6,462.00","6,110.00","57.85K","5.95%"
"15-10-2021","6,097.00","6,097.00","6,097.00","6,097.00","","0.00%"
"14-10-2021","6,097.00","6,048.00","6,210.00","5,992.00","38.49K","1.01%"
"13-10-2021","6,036.00","6,108.00","6,161.00","6,000.00","50.16K","-1.31%"
"12-10-2021","6,116.00","6,101.00","6,342.00","6,060.00","98.60K","0.07%"
"11-10-2021","6,112.00","5,828.00","6,148.00","5,828.00","62.73K","4.84%"
"08-10-2021","5,830.00","5,826.00","5,900.00","5,806.00","28.25K","-0.07%"
"07-10-2021","5,834.00","5,909.00","5,909.00","5,795.00","23.60K","-1.03%"
"06-10-2021","5,895.00","5,965.00","5,992.00","5,863.00","27.61K","-0.52%"
"05-10-2021","5,926.00","5,810.00","6,045.00","5,793.00","48.78K","2.46%"
"04-10-2021","5,784.00","5,890.00","5,890.00","5,736.00","22.36K","-1.67%"
"01-10-2021","5,882.00","5,858.00","5,936.00","5,800.00","24.06K","-0.31%"
"30-09-2021","5,900.00","6,150.00","6,196.00","5,860.00","38.59K","-3.29%"
"29-09-2021","6,101.00","5,780.00","6,105.00","5,765.00","28.54K","5.92%"
"28-09-2021","5,760.00","5,820.00","5,847.00","5,725.00","20.02K","-1.17%"
"27-09-2021","5,828.00","5,920.00","5,970.00","5,807.00","13.19K","-1.07%"
"24-09-2021","5,891.00","5,838.00","5,959.00","5,833.00","12.71K","1.31%"
"23-09-2021","5,815.00","5,773.00","5,830.00","5,713.00","13.56K","0.29%"
"22-09-2021","5,798.00","5,720.00","5,950.00","5,720.00","11.21K","-0.28%"
"21-09-2021","5,814.00","5,807.00","5,903.00","5,773.00","6.62K","0.69%"
"20-09-2021","5,774.00","5,875.00","5,882.00","5,651.00","39.54K","-2.55%"
"17-09-2021","5,925.00","6,140.00","6,169.00","5,850.00","56.06K","-3.91%"
"16-09-2021","6,166.00","6,324.00","6,328.00","6,102.00","43.54K","-1.89%"
"15-09-2021","6,285.00","6,198.00","6,369.00","6,177.00","47.35K","1.57%"
"14-09-2021","6,188.00","6,342.00","6,428.00","6,119.00","83.39K","-2.90%"
"13-09-2021","6,373.00","6,658.00","6,658.00","6,259.00","97.75K","-4.28%"
"10-09-2021","6,658.00","6,658.00","6,658.00","6,658.00","","0.00%"
"09-09-2021","6,658.00","6,330.00","6,658.00","6,320.00","84.41K","5.99%"
"08-09-2021","6,282.00","6,025.00","6,310.00","5,980.00","85.27K","4.67%"
"07-09-2021","6,002.00","5,835.00","6,100.00","5,833.00","72.37K","3.34%"
"06-09-2021","5,808.00","5,950.00","5,970.00","5,783.00","36.47K","-2.01%"
"03-09-2021","5,927.00","6,000.00","6,100.00","5,808.00","79.47K","-0.44%"
"02-09-2021","5,953.00","5,810.00","6,006.00","5,710.00","67.85K","3.08%"
"01-09-2021","5,775.00","6,000.00","6,035.00","5,725.00","61.30K","-4.92%"
"31-08-2021","6,074.00","6,232.00","6,270.00","6,035.00","40.17K","-1.76%"
"30-08-2021","6,183.00","6,124.00","6,340.00","5,835.00","47.64K","3.05%"
"27-08-2021","6,000.00","6,100.00","6,225.00","5,711.00","52.93K","-1.20%"
"26-08-2021","6,073.00","6,709.00","6,838.00","6,064.00","50.73K","-5.86%"
"25-08-2021","6,451.00","6,350.00","6,472.00","6,350.00","8.22K","5.65%"
"24-08-2021","6,106.00","5,859.00","6,106.00","5,843.00","16.88K","5.99%"
"23-08-2021","5,761.00","5,440.00","5,770.00","5,385.00","16.97K","6.82%"
"20-08-2021","5,393.00","5,272.00","5,518.00","5,182.00","108.72K","3.37%"
"19-08-2021","5,217.00","5,217.00","5,217.00","5,217.00","","0.00%"
"18-08-2021","5,217.00","4,942.00","5,217.00","4,942.00","75.16K","5.99%"
"17-08-2021","4,922.00","4,953.00","5,009.00","4,832.00","77.45K","-1.62%"
"16-08-2021","5,003.00","5,045.00","5,107.00","4,956.00","85.62K","-0.16%"
"13-08-2021","5,011.00","4,874.00","5,031.00","4,826.00","86.82K","3.30%"
"12-08-2021","4,851.00","4,729.00","4,890.00","4,691.00","78.02K","2.91%"
"11-08-2021","4,714.00","4,770.00","4,808.00","4,691.00","49.23K","-0.65%"
"10-08-2021","4,745.00","4,750.00","4,764.00","4,631.00","72.17K","-0.21%"
"09-08-2021","4,755.00","4,760.00","4,788.00","4,674.00","51.58K","0.96%"
"06-08-2021","4,710.00","4,820.00","4,877.00","4,692.00","74.10K","-1.67%"
"05-08-2021","4,790.00","4,788.00","4,800.00","4,715.00","52.98K","-0.08%"
"04-08-2021","4,794.00","4,684.00","4,820.00","4,684.00","56.47K","2.57%"
"03-08-2021","4,674.00","4,702.00","4,741.00","4,650.00","37.58K","-0.43%"
"02-08-2021","4,694.00","4,500.00","4,720.00","4,500.00","53.93K","5.18%"
"30-07-2021","4,463.00","4,500.00","4,507.00","4,426.00","16.84K","-0.78%"
"29-07-2021","4,498.00","4,465.00","4,551.00","4,463.00","23.31K","0.69%"
"28-07-2021","4,467.00","4,525.00","4,533.00","4,452.00","10.02K","-1.35%"
"27-07-2021","4,528.00","4,514.00","4,591.00","4,490.00","8.72K","0.29%"
"26-07-2021","4,515.00","4,350.00","4,560.00","4,350.00","23.57K","2.85%"
"23-07-2021","4,390.00","4,399.00","4,460.00","4,370.00","4.82K","-0.11%"
"22-07-2021","4,395.00","4,372.00","4,452.00","4,362.00","8.34K","0.90%"
"21-07-2021","4,356.00","4,356.00","4,356.00","4,356.00","","1.59%"
"20-07-2021","4,288.00","4,314.00","4,324.00","4,260.00","19.32K","-0.60%"
"19-07-2021","4,314.00","4,250.00","4,335.00","4,226.00","30.90K","1.89%"
"16-07-2021","4,234.00","4,225.00","4,268.00","4,211.00","26.56K","0.21%"
"15-07-2021","4,225.00","4,179.00","4,275.00","4,141.00","30.78K","1.25%"
"14-07-2021","4,173.00","4,084.00","4,200.00","4,084.00","39.34K","2.15%"
"13-07-2021","4,085.00","4,095.00","4,122.00","4,081.00","15.61K","0.05%"
"12-07-2021","4,083.00","4,076.00","4,098.00","4,043.00","18.44K","0.49%"
"09-07-2021","4,063.00","4,072.00","4,107.00","4,050.00","20.34K","-0.07%"
"08-07-2021","4,066.00","4,082.00","4,100.00","4,060.00","13.23K","-0.59%"
"07-07-2021","4,090.00","4,068.00","4,115.00","4,031.00","16.27K","0.57%"
"06-07-2021","4,067.00","4,072.00","4,085.00","4,054.00","9.56K","0.15%"
"05-07-2021","4,061.00","4,160.00","4,160.00","4,051.00","13.54K","-2.59%"
"02-07-2021","4,169.00","4,163.00","4,210.00","4,143.00","14.82K","0.24%"
"01-07-2021","4,159.00","4,181.00","4,187.00","4,136.00","7.99K","-0.38%"
"30-06-2021","4,175.00","4,190.00","4,219.00","4,161.00","11.03K","-0.05%"
"29-06-2021","4,177.00","4,085.00","4,199.00","4,072.00","10.56K","2.40%"
"28-06-2021","4,079.00","4,101.00","4,127.00","4,072.00","3.71K","-0.51%"
"25-06-2021","4,100.00","4,081.00","4,137.00","4,078.00","3.27K","0.66%"
"24-06-2021","4,073.00","4,108.00","4,124.00","4,048.00","4.68K","-1.04%"
"23-06-2021","4,116.00","4,142.00","4,155.00","4,106.00","3.72K","-0.60%"
"22-06-2021","4,141.00","4,095.00","4,199.00","4,095.00","9.23K","1.12%"
"21-06-2021","4,095.00","4,082.00","4,105.00","4,082.00","3.66K","2.12%"
"18-06-2021","4,010.00","4,037.00","4,045.00","4,005.00","8.99K","-0.67%"
"17-06-2021","4,037.00","4,075.00","4,079.00","4,034.00","11.58K","-1.15%"
"16-06-2021","4,084.00","4,124.00","4,124.00","4,072.00","7.31K","-0.46%"
"15-06-2021","4,103.00","4,091.00","4,143.00","4,091.00","15.91K","0.27%"
"14-06-2021","4,092.00","4,100.00","4,114.00","4,061.00","17.73K","-0.68%"
"11-06-2021","4,120.00","4,117.00","4,129.00","4,096.00","17.79K","0.15%"
"10-06-2021","4,114.00","4,135.00","4,148.00","4,102.00","21.51K","-0.68%"
"09-06-2021","4,142.00","4,215.00","4,220.00","4,111.00","31.49K","-1.71%"
"08-06-2021","4,214.00","4,193.00","4,260.00","4,192.00","20.51K","0.29%"
"07-06-2021","4,202.00","4,218.00","4,224.00","4,194.00","11.12K","0.21%"
"04-06-2021","4,193.00","4,204.00","4,232.00","4,185.00","11.76K","-0.57%"
"03-06-2021","4,217.00","4,240.00","4,259.00","4,210.00","11.83K","-0.38%"
"02-06-2021","4,233.00","4,219.00","4,243.00","4,210.00","6.76K","-0.09%"
"01-06-2021","4,237.00","4,255.00","4,272.00","4,229.00","10.35K","-0.61%"
"31-05-2021","4,263.00","4,258.00","4,300.00","4,235.00","9.92K","0.28%"
"28-05-2021","4,251.00","4,254.00","4,271.00","4,225.00","6.79K","0.26%"
"27-05-2021","4,240.00","4,254.00","4,272.00","4,230.00","6.62K","-0.45%"
"26-05-2021","4,259.00","4,331.00","4,337.00","4,252.00","6.72K","-1.69%"
"25-05-2021","4,332.00","4,369.00","4,380.00","4,325.00","5.51K","0.05%"
"24-05-2021","4,330.00","4,312.00","4,347.00","4,300.00","3.23K","-0.28%"
"21-05-2021","4,342.00","4,341.00","4,358.00","4,332.00","4.17K","1.71%"
"20-05-2021","4,269.00","4,270.00","4,334.00","4,256.00","21.32K","-0.47%"
"19-05-2021","4,289.00","4,255.00","4,304.00","4,243.00","12.63K","0.35%"
"18-05-2021","4,274.00","4,288.00","4,310.00","4,216.00","23.14K","0.00%"
"17-05-2021","4,274.00","4,330.00","4,352.00","4,254.00","20.04K","-1.54%"
"14-05-2021","4,341.00","4,390.00","4,390.00","4,333.00","23.60K","-1.12%"
"13-05-2021","4,390.00","4,390.00","4,390.00","4,390.00","","0.00%"
"12-05-2021","4,390.00","4,380.00","4,432.00","4,348.00","42.66K","0.76%"
"11-05-2021","4,357.00","4,200.00","4,380.00","4,200.00","51.70K","3.34%"
"10-05-2021","4,216.00","4,112.00","4,255.00","4,112.00","48.23K","3.01%"
"07-05-2021","4,093.00","4,109.00","4,118.00","4,060.00","19.19K","-0.17%"
"06-05-2021","4,100.00","4,110.00","4,147.00","4,092.00","15.46K","-0.02%"
"05-05-2021","4,101.00","4,070.00","4,116.00","4,045.00","14.88K","1.31%"
"04-05-2021","4,048.00","4,020.00","4,070.00","4,020.00","10.20K","0.62%"
"03-05-2021","4,023.00","4,115.00","4,115.00","4,005.00","10.72K","-1.85%"
"30-04-2021","4,099.00","4,131.00","4,140.00","4,086.00","9.51K","-1.21%"
"29-04-2021","4,149.00","4,146.00","4,188.00","4,117.00","7.83K","0.61%"
"28-04-2021","4,124.00","4,115.00","4,142.00","4,068.00","9.34K","-0.75%"
"27-04-2021","4,155.00","4,156.00","4,188.00","4,120.00","6.51K","0.65%"
"26-04-2021","4,128.00","4,257.00","4,258.00","4,110.00","10.18K","-3.42%"
"23-04-2021","4,274.00","4,283.00","4,308.00","4,200.00","9.37K","-0.12%"
"22-04-2021","4,279.00","4,198.00","4,354.00","4,198.00","13.01K","2.44%"
"21-04-2021","4,177.00","4,177.00","4,177.00","4,177.00","","1.65%"
"20-04-2021","4,109.00","4,118.00","4,149.00","4,084.00","16.56K","-0.10%"
"19-04-2021","4,113.00","4,105.00","4,178.00","4,057.00","23.71K","-0.39%"
"16-04-2021","4,129.00","4,140.00","4,267.00","4,105.00","44.63K","-0.75%"
"15-04-2021","4,160.00","3,990.00","4,172.00","3,990.00","49.26K","4.89%"
"14-04-2021","3,966.00","3,966.00","3,966.00","3,966.00","","0.00%"
"13-04-2021","3,966.00","3,965.00","3,985.00","3,936.00","15.58K","0.28%"
"12-04-2021","3,955.00","3,970.00","3,990.00","3,923.00","22.71K","-0.08%"
"09-04-2021","3,958.00","3,958.00","3,986.00","3,932.00","23.54K","0.25%"
"08-04-2021","3,948.00","3,950.00","3,992.00","3,936.00","13.15K","-0.58%"
"07-04-2021","3,971.00","4,030.00","4,077.00","3,930.00","26.92K","-1.44%"
"06-04-2021","4,029.00","4,005.00","4,099.00","3,982.00","38.53K","0.45%"
"05-04-2021","4,011.00","3,825.00","4,030.00","3,820.00","26.54K","5.30%"
"01-04-2021","3,809.00","3,816.00","3,830.00","3,783.00","6.02K","-0.16%"
"31-03-2021","3,815.00","3,816.00","3,823.00","3,800.00","10.98K","0.08%"
"30-03-2021","3,812.00","3,830.00","3,844.00","3,804.00","4.58K","-0.05%"
"29-03-2021","3,814.00","3,814.00","3,814.00","3,814.00","","0.00%"
"26-03-2021","3,814.00","3,808.00","3,836.00","3,807.00","2.71K","-0.34%"
"25-03-2021","3,827.00","3,845.00","3,854.00","3,819.00","3.36K","0.10%"
"24-03-2021","3,823.00","3,835.00","3,843.00","3,818.00","2.86K","-0.39%"
"23-03-2021","3,838.00","3,853.00","3,865.00","3,831.00","3.88K","-0.05%"
"22-03-2021","3,840.00","3,865.00","3,865.00","3,822.00","5.18K","1.43%"
"19-03-2021","3,786.00","3,830.00","3,830.00","3,772.00","14.73K","-1.25%"
"18-03-2021","3,834.00","3,850.00","3,865.00","3,822.00","8.13K","-0.44%"
"17-03-2021","3,851.00","3,885.00","3,907.00","3,842.00","9.33K","-0.88%"
"16-03-2021","3,885.00","3,911.00","3,924.00","3,879.00","8.28K","-0.61%"
"15-03-2021","3,909.00","3,830.00","3,942.00","3,830.00","24.95K","1.69%"
"12-03-2021","3,844.00","3,850.00","3,880.00","3,832.00","16.03K","-0.21%"
"10-03-2021","3,852.00","3,883.00","3,892.00","3,844.00","23.04K","-0.85%"
"09-03-2021","3,885.00","3,907.00","3,914.00","3,877.00","12.83K","-0.44%"
"08-03-2021","3,902.00","3,890.00","3,950.00","3,890.00","13.19K","0.28%"
"05-03-2021","3,891.00","3,895.00","3,908.00","3,886.00","8.79K","0.41%"
"04-03-2021","3,875.00","3,882.00","3,902.00","3,870.00","4.81K","-0.10%"
"03-03-2021","3,879.00","3,858.00","3,900.00","3,858.00","6.73K","0.47%"
"02-03-2021","3,861.00","3,885.00","3,906.00","3,847.00","9.59K","-1.03%"
"01-03-2021","3,901.00","3,892.00","3,922.00","3,890.00","4.01K","0.41%"
"26-02-2021","3,885.00","3,898.00","3,921.00","3,880.00","7.35K","-0.79%"
"25-02-2021","3,916.00","3,900.00","3,955.00","3,890.00","7.22K","0.67%"
"24-02-2021","3,890.00","3,887.00","3,905.00","3,866.00","3.11K","0.41%"
"23-02-2021","3,874.00","3,870.00","3,893.00","3,865.00","3.70K","0.31%"
"22-02-2021","3,862.00","3,930.00","3,937.00","3,852.00","4.37K","-0.31%"
"19-02-2021","3,874.00","3,900.00","3,908.00","3,866.00","10.55K","-0.87%"
"18-02-2021","3,908.00","3,922.00","3,938.00","3,902.00","6.72K","-0.31%"
"17-02-2021","3,920.00","3,940.00","3,964.00","3,900.00","9.22K","-0.46%"
"16-02-2021","3,938.00","3,945.00","3,955.00","3,921.00","7.08K","-0.10%"
"15-02-2021","3,942.00","3,960.00","3,995.00","3,930.00","15.75K","-0.25%"
"12-02-2021","3,952.00","3,956.00","3,972.00","3,944.00","10.19K","-0.10%"
"11-02-2021","3,956.00","3,960.00","3,980.00","3,940.00","9.99K","-0.28%"
"10-02-2021","3,967.00","3,993.00","4,020.00","3,960.00","19.46K","-0.97%"
"09-02-2021","4,006.00","3,991.00","4,045.00","3,991.00","23.03K","0.23%"
"08-02-2021","3,997.00","3,985.00","4,027.00","3,980.00","20.53K","-0.22%"
"05-02-2021","4,006.00","3,974.00","4,015.00","3,955.00","14.01K","1.01%"
"04-02-2021","3,966.00","3,960.00","3,985.00","3,931.00","9.16K","0.13%"
"03-02-2021","3,961.00","3,960.00","3,990.00","3,954.00","5.21K","-0.10%"
"02-02-2021","3,965.00","3,934.00","3,982.00","3,926.00","9.22K","1.02%"
"01-02-2021","3,925.00","3,970.00","3,982.00","3,910.00","7.41K","-0.96%"
"29-01-2021","3,963.00","3,973.00","3,993.00","3,960.00","6.58K","-0.25%"
"28-01-2021","3,973.00","3,964.00","3,984.00","3,946.00","7.14K","-0.05%"
"27-01-2021","3,975.00","4,035.00","4,046.00","3,963.00","8.75K","-1.29%"
"25-01-2021","4,027.00","4,023.00","4,059.00","4,020.00","6.62K","-0.12%"
"22-01-2021","4,032.00","4,032.00","4,087.00","4,021.00","7.27K","-0.10%"
"21-01-2021","4,036.00","3,984.00","4,060.00","3,974.00","4.01K","2.72%"
"20-01-2021","3,929.00","3,900.00","3,943.00","3,885.00","8.63K","0.85%"
"19-01-2021","3,896.00","3,892.00","3,915.00","3,881.00","4.84K","0.10%"
"18-01-2021","3,892.00","3,921.00","3,931.00","3,872.00","8.59K","-0.94%"
"15-01-2021","3,929.00","3,951.00","3,959.00","3,896.00","11.64K","-0.48%"
"14-01-2021","3,948.00","3,948.00","3,959.00","3,938.00","9.32K","0.10%"
"13-01-2021","3,944.00","3,939.00","3,988.00","3,923.00","19.30K","0.43%"
"12-01-2021","3,927.00","3,920.00","3,937.00","3,905.00","7.98K","0.18%"
"11-01-2021","3,920.00","3,965.00","3,965.00","3,898.00","14.87K","-0.73%"
"08-01-2021","3,949.00","3,946.00","3,971.00","3,940.00","16.54K","0.30%"
"07-01-2021","3,937.00","3,942.00","3,971.00","3,928.00","12.74K","-0.25%"
"06-01-2021","3,947.00","3,950.00","3,975.00","3,933.00","15.70K","0.43%"
"05-01-2021","3,930.00","3,990.00","3,990.00","3,887.00","15.08K","-1.92%"
"04-01-2021","4,007.00","4,002.00","4,020.00","3,972.00","13.91K","0.25%"
"01-01-2021","3,997.00","3,961.00","4,072.00","3,960.00","19.80K","1.09%"
"31-12-2020","3,954.00","3,940.00","3,977.00","3,935.00","9.21K","0.48%"
"30-12-2020","3,935.00","3,932.00","3,950.00","3,920.00","5.20K","0.15%"
"29-12-2020","3,929.00","3,945.00","3,947.00","3,918.00","3.74K","-0.20%"
"28-12-2020","3,937.00","3,958.00","3,967.00","3,927.00","3.64K","-0.53%"
"24-12-2020","3,958.00","3,947.00","3,985.00","3,906.00","4.40K","0.23%"
"23-12-2020","3,949.00","3,918.00","3,970.00","3,915.00","3.72K","0.77%"
"22-12-2020","3,919.00","3,891.00","3,934.00","3,888.00","2.87K","0.51%"
"21-12-2020","3,899.00","3,962.00","3,967.00","3,885.00","3.29K","-1.17%"
"18-12-2020","3,945.00","3,985.00","3,998.00","3,918.00","17.01K","-0.73%"
"17-12-2020","3,974.00","4,010.00","4,018.00","3,962.00","16.63K","-0.87%"
"16-12-2020","4,009.00","3,975.00","4,043.00","3,971.00","26.03K","0.78%"
"15-12-2020","3,978.00","3,964.00","4,000.00","3,961.00","19.86K","0.33%"
"14-12-2020","3,965.00","3,942.00","3,987.00","3,926.00","25.35K","0.69%"
"11-12-2020","3,938.00","3,978.00","3,996.00","3,908.00","24.15K","-0.83%"
"10-12-2020","3,971.00","3,897.00","3,994.00","3,897.00","41.32K","2.03%"
"09-12-2020","3,892.00","3,912.00","3,929.00","3,878.00","16.25K","-0.66%"
"08-12-2020","3,918.00","3,899.00","3,932.00","3,853.00","19.82K","0.51%"
"07-12-2020","3,898.00","3,896.00","3,935.00","3,885.00","18.02K","-0.28%"
"04-12-2020","3,909.00","3,926.00","3,940.00","3,891.00","11.36K","-0.20%"
"03-12-2020","3,917.00","3,903.00","3,927.00","3,871.00","13.72K","0.62%"
"02-12-2020","3,893.00","3,954.00","3,979.00","3,861.00","21.58K","-1.72%"
"01-12-2020","3,961.00","4,005.00","4,010.00","3,935.00","11.53K","-1.22%"
"27-11-2020","4,010.00","3,950.00","4,027.00","3,948.00","11.66K","1.57%"
"26-11-2020","3,948.00","3,995.00","4,002.00","3,940.00","7.37K","-1.15%"
"25-11-2020","3,994.00","4,008.00","4,017.00","3,983.00","4.84K","0.71%"
"24-11-2020","3,966.00","4,000.00","4,013.00","3,943.00","7.66K","-1.20%"
"23-11-2020","4,014.00","4,105.00","4,105.00","4,008.00","8.21K","-1.52%"
"20-11-2020","4,076.00","4,105.00","4,117.00","4,062.00","18.31K","-0.80%"
"19-11-2020","4,109.00","4,112.00","4,145.00","4,100.00","12.38K","0.07%"
"18-11-2020","4,106.00","4,095.00","4,128.00","4,072.00","24.13K","-0.27%"
"17-11-2020","4,117.00","4,171.00","4,190.00","4,098.00","23.44K","-1.22%"
"14-11-2020","4,168.00","4,177.00","4,183.00","4,162.00","6.47K","-0.36%"
"13-11-2020","4,183.00","4,180.00","4,202.00","4,170.00","13.63K","-0.43%"
"12-11-2020","4,201.00","4,235.00","4,243.00","4,194.00","16.46K","-1.06%"
"11-11-2020","4,246.00","4,220.00","4,269.00","4,204.00","23.53K","1.05%"
"10-11-2020","4,202.00","4,225.00","4,248.00","4,185.00","20.98K","-0.17%"
"09-11-2020","4,209.00","4,286.00","4,290.00","4,166.00","31.43K","-1.68%"
"06-11-2020","4,281.00","4,305.00","4,315.00","4,272.00","19.93K","-1.04%"
"05-11-2020","4,326.00","4,344.00","4,370.00","4,315.00","19.76K","-0.25%"
"04-11-2020","4,337.00","4,309.00","4,356.00","4,281.00","21.72K","0.74%"
"03-11-2020","4,305.00","4,268.00","4,330.00","4,258.00","20.75K","1.22%"
"02-11-2020","4,253.00","4,329.00","4,329.00","4,211.00","30.70K","-1.71%"
"30-10-2020","4,327.00","4,304.00","4,373.00","4,304.00","19.94K","0.67%"
"29-10-2020","4,298.00","4,308.00","4,325.00","4,278.00","10.78K","-0.32%"
"28-10-2020","4,312.00","4,382.00","4,410.00","4,275.00","19.56K","-1.89%"
"27-10-2020","4,395.00","4,297.00","4,429.00","4,276.00","16.04K","1.92%"
"26-10-2020","4,312.00","4,310.00","4,335.00","4,261.00","12.14K","0.12%"
"23-10-2020","4,307.00","4,301.00","4,327.00","4,278.00","11.31K","0.37%"
"22-10-2020","4,291.00","4,276.00","4,348.00","4,259.00","10.96K","0.33%"
"21-10-2020","4,277.00","4,176.00","4,300.00","4,168.00","11.14K","3.36%"
"20-10-2020","4,138.00","4,068.00","4,158.00","4,036.00","40.25K","1.77%"
"19-10-2020","4,066.00","4,027.00","4,083.00","4,027.00","14.07K","0.84%"
"16-10-2020","4,032.00","4,045.00","4,070.00","4,014.00","13.77K","-0.44%"
"15-10-2020","4,050.00","4,015.00","4,111.00","3,960.00","45.25K","1.22%"
"14-10-2020","4,001.00","4,000.00","4,024.00","3,990.00","22.38K","0.33%"
"13-10-2020","3,988.00","4,052.00","4,062.00","3,975.00","27.34K","-1.85%"
"12-10-2020","4,063.00","4,084.00","4,112.00","4,055.00","15.84K","-0.22%"
"09-10-2020","4,072.00","4,121.00","4,135.00","4,061.00","27.83K","-1.28%"
"08-10-2020","4,125.00","4,052.00","4,135.00","4,052.00","39.87K","1.80%"
"07-10-2020","4,052.00","4,057.00","4,075.00","4,034.00","14.67K","-0.12%"
"06-10-2020","4,057.00","4,105.00","4,114.00","4,050.00","16.21K","-1.05%"
"05-10-2020","4,100.00","4,118.00","4,118.00","4,071.00","18.55K","-0.51%"
"01-10-2020","4,121.00","4,000.00","4,135.00","4,000.00","39.02K","3.31%"
"30-09-2020","3,989.00","3,942.00","3,999.00","3,940.00","8.54K","0.73%"
"29-09-2020","3,960.00","3,955.00","3,986.00","3,945.00","7.05K","-0.45%"
"28-09-2020","3,978.00","3,969.00","4,018.00","3,965.00","8.86K","0.20%"
"25-09-2020","3,970.00","3,959.00","3,987.00","3,945.00","2.85K","0.43%"
"24-09-2020","3,953.00","4,010.00","4,015.00","3,931.00","5.16K","-1.03%"
"23-09-2020","3,994.00","4,008.00","4,020.00","3,970.00","2.86K","-0.13%"
"22-09-2020","3,999.00","3,971.00","4,009.00","3,940.00","3.49K","0.13%"
"21-09-2020","3,994.00","4,047.00","4,088.00","3,980.00","3.66K","-0.89%"
"18-09-2020","4,030.00","4,044.00","4,052.00","4,005.00","18.42K","-0.05%"
"17-09-2020","4,032.00","4,070.00","4,098.00","4,021.00","24.03K","-0.57%"
"16-09-2020","4,055.00","4,057.00","4,088.00","4,037.00","20.55K","-0.32%"
"15-09-2020","4,068.00","4,005.00","4,084.00","3,988.00","33.62K","1.60%"
"14-09-2020","4,004.00","4,040.00","4,049.00","3,964.00","22.14K","-0.84%"
"11-09-2020","4,038.00","4,015.00","4,085.00","4,015.00","31.14K","0.60%"
"10-09-2020","4,014.00","3,928.00","4,025.00","3,913.00","31.83K","2.53%"
"09-09-2020","3,915.00","3,876.00","3,933.00","3,875.00","14.82K","0.44%"
"08-09-2020","3,898.00","3,930.00","3,950.00","3,884.00","23.34K","-0.69%"
"07-09-2020","3,925.00","3,975.00","3,975.00","3,852.00","36.94K","-0.83%"
"04-09-2020","3,958.00","4,002.00","4,030.00","3,915.00","28.28K","-1.54%"
"03-09-2020","4,020.00","4,055.00","4,064.00","4,005.00","9.73K","-0.57%"
"02-09-2020","4,043.00","4,021.00","4,050.00","3,990.00","16.98K","0.60%"
"01-09-2020","4,019.00","4,120.00","4,138.00","4,002.00","25.30K","-2.29%"
"31-08-2020","4,113.00","4,120.00","4,125.00","4,070.00","10.50K","-1.06%"
"28-08-2020","4,157.00","4,174.00","4,205.00","4,140.00","11.54K","0.00%"
"27-08-2020","4,157.00","4,169.00","4,220.00","4,140.00","14.46K","-0.93%"
"26-08-2020","4,196.00","4,220.00","4,239.00","4,188.00","12.84K","-1.08%"
"25-08-2020","4,242.00","4,148.00","4,251.00","4,148.00","11.71K","2.66%"
"24-08-2020","4,132.00","4,141.00","4,173.00","4,108.00","7.58K","-0.48%"
"21-08-2020","4,152.00","4,158.00","4,199.00","4,121.00","5.13K","1.14%"
"20-08-2020","4,105.00","4,131.00","4,131.00","4,065.00","28.15K","-0.92%"
"19-08-2020","4,143.00","4,149.00","4,192.00","4,074.00","34.89K","0.24%"
"18-08-2020","4,133.00","4,040.00","4,172.00","4,036.00","34.20K","2.00%"
"17-08-2020","4,052.00","3,990.00","4,077.00","3,990.00","28.52K","1.83%"
"14-08-2020","3,979.00","3,990.00","4,026.00","3,912.00","38.40K","0.13%"
"13-08-2020","3,974.00","4,082.00","4,114.00","3,968.00","40.55K","-2.76%"
"12-08-2020","4,087.00","4,040.00","4,128.00","3,962.00","37.80K","0.96%"
"11-08-2020","4,048.00","4,092.00","4,092.00","4,012.00","27.22K","-1.36%"
"10-08-2020","4,104.00","4,139.00","4,170.00","4,053.00","32.93K","-1.35%"
"07-08-2020","4,160.00","4,122.00","4,195.00","4,082.00","37.92K","0.92%"
"06-08-2020","4,122.00","4,030.00","4,166.00","4,023.00","41.95K","2.64%"
"05-08-2020","4,016.00","4,012.00","4,040.00","3,961.00","23.25K","-0.59%"
"04-08-2020","4,040.00","4,060.00","4,097.00","4,020.00","38.64K","0.75%"
"03-08-2020","4,010.00","3,876.00","4,010.00","3,876.00","16.43K","3.99%"
"31-07-2020","3,856.00","3,874.00","3,874.00","3,832.00","9.59K","-0.85%"
"30-07-2020","3,889.00","3,922.00","3,939.00","3,876.00","9.18K","-1.37%"
"29-07-2020","3,943.00","3,914.00","3,969.00","3,909.00","11.30K","0.95%"
"28-07-2020","3,906.00","3,948.00","3,948.00","3,888.00","7.18K","-0.05%"
"27-07-2020","3,908.00","3,860.00","3,958.00","3,860.00","10.86K","1.56%"
"24-07-2020","3,848.00","3,942.00","3,967.00","3,803.00","12.73K","-2.63%"
"23-07-2020","3,952.00","3,890.00","3,987.00","3,878.00","12.50K","1.57%"
"22-07-2020","3,891.00","3,794.00","3,902.00","3,794.00","5.33K","2.83%"
"21-07-2020","3,784.00","3,810.00","3,838.00","3,772.00","5.16K","-0.66%"
"20-07-2020","3,809.00","3,830.00","3,888.00","3,800.00","33.86K","-0.86%"
"17-07-2020","3,842.00","3,710.00","3,849.00","3,694.00","21.25K","3.81%"
"16-07-2020","3,701.00","3,710.00","3,718.00","3,687.00","5.83K","-0.05%"
"15-07-2020","3,703.00","3,698.00","3,724.00","3,696.00","8.08K","0.30%"
"14-07-2020","3,692.00","3,676.00","3,698.00","3,642.00","9.35K","0.63%"
"13-07-2020","3,669.00","3,679.00","3,687.00","3,657.00","5.57K","-0.35%"
"10-07-2020","3,682.00","3,670.00","3,690.00","3,668.00","9.24K","0.46%"
"09-07-2020","3,665.00","3,667.00","3,700.00","3,656.00","6.40K","-0.14%"
"08-07-2020","3,670.00","3,694.00","3,707.00","3,662.00","7.52K","-0.60%"
"07-07-2020","3,692.00","3,623.00","3,708.00","3,623.00","15.49K","1.62%"
"06-07-2020","3,633.00","3,611.00","3,648.00","3,611.00","6.45K","0.69%"
"03-07-2020","3,608.00","3,591.00","3,618.00","3,580.00","4.57K","0.56%"
"02-07-2020","3,588.00","3,612.00","3,616.00","3,572.00","5.68K","-0.75%"
"01-07-2020","3,615.00","3,604.00","3,624.00","3,596.00","3.14K","0.53%"
"30-06-2020","3,596.00","3,604.00","3,624.00","3,587.00","5.08K","-0.08%"
"29-06-2020","3,599.00","3,655.00","3,662.00","3,585.00","10.39K","-1.67%"
"26-06-2020","3,660.00","3,660.00","3,678.00","3,650.00","5.52K","0.47%"
"25-06-2020","3,643.00","3,610.00","3,660.00","3,610.00","3.73K","0.39%"
"24-06-2020","3,629.00","3,655.00","3,672.00","3,622.00","2.95K","-1.12%"
"23-06-2020","3,670.00","3,646.00","3,693.00","3,627.00","6.73K","0.88%"
"22-06-2020","3,638.00","3,670.00","3,689.00","3,609.00","11.79K","-0.60%"
"19-06-2020","3,660.00","3,598.00","3,693.00","3,591.00","23.00K","2.06%"
"18-06-2020","3,586.00","3,558.00","3,595.00","3,550.00","7.63K","1.01%"
"17-06-2020","3,550.00","3,554.00","3,565.00","3,531.00","6.66K","-0.53%"
"16-06-2020","3,569.00","3,552.00","3,580.00","3,550.00","7.27K","0.76%"
"15-06-2020","3,542.00","3,568.00","3,572.00","3,534.00","14.79K","-0.70%"
"12-06-2020","3,567.00","3,560.00","3,578.00","3,502.00","10.25K","-0.47%"
"11-06-2020","3,584.00","3,610.00","3,616.00","3,576.00","9.75K","-0.28%"
"10-06-2020","3,594.00","3,564.00","3,620.00","3,530.00","18.49K","1.30%"
"09-06-2020","3,548.00","3,538.00","3,562.00","3,510.00","16.16K","-0.34%"
"08-06-2020","3,560.00","3,590.00","3,640.00","3,488.00","15.46K","-0.56%"
"05-06-2020","3,580.00","3,574.00","3,602.00","3,554.00","7.53K","0.06%"
"04-06-2020","3,578.00","3,580.00","3,618.00","3,544.00","7.87K","0.06%"
"03-06-2020","3,576.00","3,538.00","3,630.00","3,538.00","17.50K","1.36%"
"02-06-2020","3,528.00","3,518.00","3,536.00","3,508.00","5.48K","0.51%"
"01-06-2020","3,510.00","3,478.00","3,516.00","3,456.00","7.84K","1.21%"
"29-05-2020","3,468.00","3,528.00","3,528.00","3,448.00","8.99K","-1.64%"
"28-05-2020","3,526.00","3,538.00","3,552.00","3,520.00","4.84K","-0.51%"
"27-05-2020","3,544.00","3,538.00","3,554.00","3,520.00","3.64K","0.23%"
"26-05-2020","3,536.00","3,556.00","3,570.00","3,516.00","2.99K","-0.34%"
"22-05-2020","3,548.00","3,580.00","3,580.00","3,530.00","2.12K","-1.66%"
"21-05-2020","3,608.00","3,600.00","3,614.00","3,592.00","2.36K","0.45%"
"20-05-2020","3,592.00","3,578.00","3,614.00","3,564.00","8.04K","0.56%"
"19-05-2020","3,572.00","3,616.00","3,620.00","3,564.00","8.82K","-1.05%"
"18-05-2020","3,610.00","3,600.00","3,658.00","3,598.00","14.76K","0.61%"
"15-05-2020","3,588.00","3,506.00","3,594.00","3,504.00","15.48K","2.81%"
"14-05-2020","3,490.00","3,488.00","3,510.00","3,476.00","5.11K","-0.11%"
"13-05-2020","3,494.00","3,486.00","3,510.00","3,464.00","6.89K","0.63%"
"12-05-2020","3,472.00","3,480.00","3,494.00","3,440.00","5.98K","-0.12%"
"11-05-2020","3,476.00","3,490.00","3,516.00","3,464.00","8.49K","-0.34%"
"08-05-2020","3,488.00","3,482.00","3,530.00","3,480.00","12.40K","0.00%"
"07-05-2020","3,488.00","3,444.00","3,498.00","3,422.00","11.99K","1.28%"
"06-05-2020","3,444.00","3,484.00","3,500.00","3,434.00","6.71K","-0.52%"
"05-05-2020","3,462.00","3,462.00","3,496.00","3,440.00","8.12K","0.99%"
"04-05-2020","3,428.00","3,486.00","3,490.00","3,410.00","8.79K","-2.72%"
"30-04-2020","3,524.00","3,514.00","3,548.00","3,460.00","19.90K","0.74%"
"29-04-2020","3,498.00","3,460.00","3,532.00","3,432.00","25.20K","1.57%"
"28-04-2020","3,444.00","3,304.00","3,460.00","3,302.00","14.82K","2.99%"
"27-04-2020","3,344.00","3,390.00","3,418.00","3,314.00","12.00K","-1.30%"
"24-04-2020","3,388.00","3,362.00","3,412.00","3,312.00","19.43K","1.32%"
"23-04-2020","3,344.00","3,200.00","3,344.00","3,198.00","15.66K","3.98%"
"22-04-2020","3,216.00","3,222.00","3,280.00","3,178.00","19.92K","-2.78%"
"21-04-2020","3,308.00","3,360.00","3,360.00","3,308.00","8.87K","-3.95%"
"20-04-2020","3,444.00","3,552.00","3,570.00","3,444.00","14.60K","-3.96%"
"17-04-2020","3,586.00","3,630.00","3,638.00","3,546.00","12.34K","-0.88%"
"16-04-2020","3,618.00","3,630.00","3,636.00","3,580.00","11.70K","0.11%"
"15-04-2020","3,614.00","3,588.00","3,638.00","3,496.00","27.75K","1.06%"
"13-04-2020","3,576.00","3,562.00","3,624.00","3,540.00","30.55K","0.00%"
"09-04-2020","3,576.00","3,478.00","3,596.00","3,476.00","27.77K","3.23%"
"08-04-2020","3,464.00","3,422.00","3,496.00","3,402.00","13.99K","0.35%"
"07-04-2020","3,452.00","3,368.00","3,452.00","3,342.00","13.58K","2.98%"
"03-04-2020","3,352.00","3,340.00","3,400.00","3,310.00","10.62K","1.21%"
"01-04-2020","3,312.00","3,348.00","3,348.00","3,284.00","5.26K","-0.72%"
"31-03-2020","3,336.00","3,322.00","3,368.00","3,310.00","8.35K","0.54%"
"30-03-2020","3,318.00","3,304.00","3,348.00","3,278.00","6.35K","-0.30%"
"27-03-2020","3,328.00","3,320.00","3,390.00","3,306.00","6.56K","0.24%"
"26-03-2020","3,320.00","3,268.00","3,400.00","3,268.00","8.91K","-1.19%"
"25-03-2020","3,360.00","3,280.00","3,404.00","3,268.00","14.63K","2.63%"
"24-03-2020","3,274.00","3,264.00","3,312.00","3,198.00","6.72K","0.86%"
"23-03-2020","3,246.00","3,280.00","3,318.00","3,246.00","2.50K","-3.68%"
"20-03-2020","3,370.00","3,420.00","3,488.00","3,336.00","31.49K","-0.59%"
"19-03-2020","3,390.00","3,382.00","3,456.00","3,302.00","37.56K","-0.41%"
"18-03-2020","3,404.00","3,368.00","3,434.00","3,264.00","49.70K","0.77%"
"17-03-2020","3,378.00","3,362.00","3,430.00","3,314.00","39.11K","0.24%"
"16-03-2020","3,370.00","3,470.00","3,470.00","3,370.00","27.38K","-3.99%"
"13-03-2020","3,510.00","3,280.00","3,510.00","3,242.00","76.53K","3.97%"
"12-03-2020","3,376.00","3,472.00","3,472.00","3,376.00","23.46K","-3.98%"
"11-03-2020","3,516.00","3,572.00","3,654.00","3,482.00","64.02K","-2.60%"
"09-03-2020","3,610.00","3,648.00","3,648.00","3,610.00","3.55K","-3.99%"
"06-03-2020","3,760.00","3,794.00","3,806.00","3,744.00","29.33K","-1.57%"
"05-03-2020","3,820.00","3,790.00","3,830.00","3,772.00","35.58K","0.42%"
"04-03-2020","3,804.00","3,762.00","3,816.00","3,724.00","47.47K","1.17%"
"03-03-2020","3,760.00","3,630.00","3,760.00","3,630.00","41.71K","3.98%"
"02-03-2020","3,616.00","3,698.00","3,752.00","3,600.00","25.69K","-1.69%"
"28-02-2020","3,678.00","3,662.00","3,690.00","3,598.00","22.94K","-0.43%"
"27-02-2020","3,694.00","3,620.00","3,700.00","3,612.00","12.67K","1.65%"
"26-02-2020","3,634.00","3,686.00","3,704.00","3,572.00","22.17K","-1.30%"
"25-02-2020","3,682.00","3,736.00","3,760.00","3,670.00","10.38K","-1.13%"
"24-02-2020","3,724.00","3,832.00","3,832.00","3,710.00","9.62K","-2.62%"
"20-02-2020","3,824.00","3,830.00","3,848.00","3,816.00","18.29K","-0.05%"
"19-02-2020","3,826.00","3,818.00","3,850.00","3,806.00","22.62K","0.42%"
"18-02-2020","3,810.00","3,794.00","3,838.00","3,780.00","34.19K","0.11%"
"17-02-2020","3,806.00","3,862.00","3,870.00","3,792.00","26.94K","-1.50%"
"14-02-2020","3,864.00","3,842.00","3,878.00","3,824.00","25.54K","0.26%"
"13-02-2020","3,854.00","3,930.00","3,948.00","3,836.00","45.07K","-1.93%"
"12-02-2020","3,930.00","3,892.00","3,948.00","3,836.00","39.34K","1.18%"
"11-02-2020","3,884.00","3,866.00","3,910.00","3,854.00","23.89K","0.78%"
"10-02-2020","3,854.00","3,956.00","3,968.00","3,846.00","45.76K","-2.73%"
"07-02-2020","3,962.00","4,006.00","4,018.00","3,956.00","25.65K","-1.30%"
"06-02-2020","4,014.00","3,968.00","4,030.00","3,942.00","29.77K","1.16%"
"05-02-2020","3,968.00","3,926.00","3,988.00","3,900.00","36.53K","1.17%"
"04-02-2020","3,922.00","3,888.00","3,934.00","3,880.00","26.01K","0.36%"
"03-02-2020","3,908.00","4,006.00","4,008.00","3,894.00","37.02K","-2.64%"
"01-02-2020","4,014.00","4,024.00","4,044.00","4,004.00","6.53K","-0.15%"
"31-01-2020","4,020.00","4,004.00","4,038.00","3,992.00","12.37K","0.55%"
"30-01-2020","3,998.00","4,038.00","4,044.00","3,984.00","13.38K","-1.09%"
"29-01-2020","4,042.00","4,026.00","4,064.00","4,010.00","13.24K","0.60%"
"28-01-2020","4,018.00","4,054.00","4,100.00","4,006.00","18.66K","-1.23%"
"27-01-2020","4,068.00","4,110.00","4,124.00","4,050.00","10.72K","-1.98%"
"24-01-2020","4,150.00","4,114.00","4,160.00","4,082.00","9.81K","0.63%"
"23-01-2020","4,124.00","4,150.00","4,164.00","4,114.00","4.86K","-1.06%"
"22-01-2020","4,168.00","4,142.00","4,174.00","4,134.00","4.83K","0.53%"
"21-01-2020","4,146.00","4,144.00","4,164.00","4,122.00","1.67K","1.07%"
"20-01-2020","4,102.00","4,146.00","4,148.00","4,088.00","22.36K","-1.16%"
"17-01-2020","4,150.00","4,096.00","4,164.00","4,064.00","38.93K","1.22%"
"16-01-2020","4,100.00","4,130.00","4,148.00","4,084.00","24.10K","-0.77%"
"15-01-2020","4,132.00","4,174.00","4,190.00","4,116.00","25.31K","-1.10%"
"14-01-2020","4,178.00","4,140.00","4,186.00","4,122.00","27.07K","0.77%"
"13-01-2020","4,146.00","4,184.00","4,198.00","4,136.00","32.94K","-0.29%"
"10-01-2020","4,158.00","4,180.00","4,190.00","4,150.00","26.92K","-0.48%"
"09-01-2020","4,178.00","4,176.00","4,218.00","4,170.00","37.70K","0.10%"
"08-01-2020","4,174.00","4,158.00","4,188.00","4,106.00","39.30K","0.68%"
"07-01-2020","4,146.00","4,132.00","4,180.00","4,122.00","29.56K","0.48%"
"06-01-2020","4,126.00","4,150.00","4,150.00","4,082.00","38.38K","-0.96%"
"03-01-2020","4,166.00","4,268.00","4,278.00","4,150.00","40.32K","-2.21%"
"02-01-2020","4,260.00","4,280.00","4,298.00","4,244.00","23.86K","-0.47%"
"01-01-2020","4,280.00","4,280.00","4,304.00","4,270.00","14.33K","0.09%"
"31-12-2019","4,276.00","4,314.00","4,318.00","4,250.00","23.26K","-0.83%"
"30-12-2019","4,312.00","4,270.00","4,340.00","4,270.00","19.23K","1.22%"
"27-12-2019","4,260.00","4,282.00","4,304.00","4,248.00","19.38K","-0.33%"
"26-12-2019","4,274.00","4,216.00","4,290.00","4,190.00","21.01K","1.71%"
"24-12-2019","4,202.00","4,212.00","4,228.00","4,170.00","9.25K","-0.43%"
"23-12-2019","4,220.00","4,198.00","4,248.00","4,198.00","6.86K","1.78%"
"20-12-2019","4,146.00","4,206.00","4,236.00","4,132.00","59.12K","-0.72%"
"19-12-2019","4,176.00","4,096.00","4,202.00","4,088.00","62.29K","2.10%"
"18-12-2019","4,090.00","4,090.00","4,122.00","4,060.00","30.69K","0.34%"
"17-12-2019","4,076.00","4,060.00","4,118.00","4,054.00","45.63K","0.84%"
"16-12-2019","4,042.00","3,954.00","4,056.00","3,942.00","43.56K","1.76%"
"13-12-2019","3,972.00","4,002.00","4,026.00","3,962.00","24.41K","-0.75%"
"12-12-2019","4,002.00","4,000.00","4,026.00","3,984.00","19.14K","0.05%"
"11-12-2019","4,000.00","3,944.00","4,032.00","3,932.00","33.05K","1.27%"
"10-12-2019","3,950.00","3,998.00","4,024.00","3,940.00","46.14K","-1.25%"
"09-12-2019","4,000.00","4,090.00","4,090.00","3,972.00","37.97K","-2.25%"
"06-12-2019","4,092.00","4,090.00","4,122.00","4,062.00","39.51K","0.20%"
"05-12-2019","4,084.00","3,988.00","4,098.00","3,952.00","47.05K","2.25%"
"04-12-2019","3,994.00","4,042.00","4,064.00","3,980.00","27.10K","-1.38%"
"03-12-2019","4,050.00","4,078.00","4,094.00","4,036.00","26.35K","-0.78%"
"02-12-2019","4,082.00","4,086.00","4,112.00","4,028.00","30.16K","-1.16%"
"29-11-2019","4,130.00","4,168.00","4,191.00","4,121.00","26.11K","-1.24%"
"28-11-2019","4,182.00","4,173.00","4,197.50","4,145.00","23.50K","0.30%"
"27-11-2019","4,169.50","4,150.00","4,191.00","4,150.00","12.78K","0.32%"
"26-11-2019","4,156.00","4,191.00","4,206.50","4,146.00","15.99K","-0.78%"
"25-11-2019","4,188.50","4,264.00","4,275.00","4,168.00","22.12K","-2.16%"
"22-11-2019","4,281.00","4,291.50","4,305.00","4,258.00","14.98K","-0.05%"
"21-11-2019","4,283.00","4,318.50","4,340.00","4,265.50","8.67K","0.14%"
"20-11-2019","4,277.00","4,304.00","4,338.00","4,266.00","50.64K","-0.38%"
"19-11-2019","4,293.50","4,278.00","4,300.00","4,243.00","49.09K","0.72%"
"18-11-2019","4,263.00","4,375.00","4,390.00","4,250.00","73.08K","-3.21%"
"15-11-2019","4,404.50","4,400.00","4,426.00","4,390.00","47.76K","0.23%"
"14-11-2019","4,394.50","4,340.00","4,403.00","4,305.00","74.71K","1.31%"
"13-11-2019","4,337.50","4,320.00","4,365.00","4,320.00","48.91K","0.61%"
"11-11-2019","4,311.00","4,263.00","4,347.00","4,212.00","64.04K","1.49%"
"08-11-2019","4,247.50","4,299.00","4,305.00","4,235.00","42.83K","-0.77%"
"07-11-2019","4,280.50","4,237.50","4,319.00","4,226.50","71.00K","1.15%"
"06-11-2019","4,232.00","4,236.00","4,260.00","4,194.00","74.08K","-0.27%"
"05-11-2019","4,243.50","4,292.50","4,305.00","4,223.00","61.13K","-1.18%"
"04-11-2019","4,294.00","4,149.00","4,301.50","4,149.00","78.62K","3.81%"
"01-11-2019","4,136.50","4,125.50","4,166.50","4,118.00","42.92K","0.46%"
"31-10-2019","4,117.50","4,061.00","4,122.50","4,061.00","30.12K","1.35%"
"30-10-2019","4,062.50","4,050.00","4,073.00","4,050.00","9.70K","0.37%"
"29-10-2019","4,047.50","4,095.00","4,095.00","4,040.50","13.92K","-1.22%"
"27-10-2019","4,097.50","4,118.00","4,124.00","4,085.00","6.79K","-0.09%"
"25-10-2019","4,101.00","4,085.00","4,118.00","4,080.00","23.35K","0.72%"
"24-10-2019","4,071.50","4,042.00","4,080.00","4,027.50","11.54K","1.03%"
"23-10-2019","4,030.00","3,993.00","4,038.00","3,972.00","6.35K","0.93%"
"22-10-2019","3,993.00","3,990.00","4,011.00","3,973.00","4.86K","1.09%"
"18-10-2019","3,950.00","3,946.00","3,965.00","3,907.00","27.23K","0.16%"
"17-10-2019","3,943.50","3,938.00","3,974.00","3,927.00","37.33K","0.23%"
"16-10-2019","3,934.50","3,904.00","3,942.00","3,895.00","27.67K","0.83%"
"15-10-2019","3,902.00","3,915.00","3,939.00","3,893.50","26.92K","-0.29%"
"14-10-2019","3,913.50","3,882.00","3,925.00","3,852.00","35.81K","0.54%"
"11-10-2019","3,892.50","3,895.00","3,905.00","3,874.00","25.63K","0.13%"
"10-10-2019","3,887.50","3,906.00","3,928.00","3,868.00","40.84K","-0.64%"
"09-10-2019","3,912.50","3,905.00","3,933.00","3,876.00","41.13K","-0.05%"
"07-10-2019","3,914.50","3,909.00","3,959.50","3,908.00","37.87K","0.29%"
"04-10-2019","3,903.00","3,859.50","3,915.00","3,810.00","37.14K","0.93%"
"03-10-2019","3,867.00","3,842.00","3,890.00","3,779.50","43.81K","0.32%"
"01-10-2019","3,854.50","3,976.00","4,006.00","3,827.50","59.31K","-3.23%"
"30-09-2019","3,983.00","3,973.00","4,011.00","3,925.00","32.67K","-0.14%"
"27-09-2019","3,988.50","4,042.00","4,090.00","3,980.00","33.01K","-1.38%"
"26-09-2019","4,044.50","4,048.50","4,080.00","4,020.00","21.38K","-0.05%"
"25-09-2019","4,046.50","4,030.50","4,064.00","3,970.00","26.04K","-0.04%"
"24-09-2019","4,048.00","4,048.50","4,068.00","4,028.00","11.55K","0.12%"
"23-09-2019","4,043.00","4,120.00","4,127.00","4,025.00","15.42K","-1.82%"
"20-09-2019","4,118.00","4,130.00","4,139.50","4,022.00","44.19K","-0.28%"
"19-09-2019","4,129.50","4,086.00","4,145.00","4,072.00","49.71K","0.68%"
"18-09-2019","4,101.50","4,132.00","4,135.00","4,088.00","43.52K","-1.03%"
"17-09-2019","4,144.00","4,175.00","4,182.00","4,135.00","28.92K","-0.37%"
"16-09-2019","4,159.50","4,141.00","4,193.50","4,141.00","34.31K","0.69%"
"13-09-2019","4,131.00","4,167.50","4,179.00","4,115.50","37.66K","-1.22%"
"12-09-2019","4,182.00","4,174.00","4,194.00","4,155.00","42.83K","0.46%"
"11-09-2019","4,163.00","4,116.00","4,188.00","4,096.00","57.38K","0.92%"
"09-09-2019","4,125.00","4,125.00","4,167.00","4,102.50","52.02K","0.11%"
"06-09-2019","4,120.50","4,102.00","4,143.00","4,083.00","55.24K","0.17%"
"05-09-2019","4,113.50","4,147.00","4,158.00","4,095.00","49.65K","-0.71%"
"04-09-2019","4,143.00","4,181.00","4,186.00","4,131.00","43.79K","-1.04%"
"03-09-2019","4,186.50","4,273.00","4,273.00","4,170.00","28.53K","-1.97%"
"30-08-2019","4,270.50","4,248.00","4,300.00","4,200.00","34.76K","0.44%"
"29-08-2019","4,252.00","4,290.00","4,295.00","4,232.00","21.18K","-0.89%"
"28-08-2019","4,290.00","4,285.00","4,306.50","4,272.50","19.17K","0.34%"
"27-08-2019","4,275.50","4,264.50","4,298.00","4,190.00","33.95K","-0.02%"
"26-08-2019","4,276.50","4,271.00","4,318.00","4,262.00","15.71K","-0.36%"
"23-08-2019","4,292.00","4,297.00","4,319.00","4,261.00","21.99K","0.14%"
"22-08-2019","4,286.00","4,360.00","4,360.00","4,260.00","32.90K","-1.74%"
"21-08-2019","4,362.00","4,388.00","4,445.00","4,354.00","33.60K","-0.62%"
"20-08-2019","4,389.00","4,405.00","4,424.00","4,371.00","48.24K","-0.14%"
"19-08-2019","4,395.00","4,458.00","4,465.00","4,388.00","57.01K","-1.11%"
"16-08-2019","4,444.50","4,340.00","4,471.00","4,337.00","102.38K","2.04%"
"14-08-2019","4,355.50","4,340.00","4,375.00","4,330.00","54.68K","0.55%"
"13-08-2019","4,331.50","4,408.00","4,408.00","4,322.00","63.79K","-2.08%"
"09-08-2019","4,423.50","4,329.50","4,439.00","4,329.50","114.76K","2.35%"
"08-08-2019","4,322.00","4,236.00","4,329.00","4,231.00","67.08K","1.66%"
"07-08-2019","4,251.50","4,300.00","4,307.00","4,242.00","46.22K","-1.16%"
"06-08-2019","4,301.50","4,318.00","4,348.00","4,291.00","43.52K","-0.49%"
"05-08-2019","4,322.50","4,350.00","4,368.00","4,311.50","54.28K","-0.83%"
"02-08-2019","4,358.50","4,311.50","4,372.50","4,261.00","68.16K","0.65%"
"01-08-2019","4,330.50","4,368.50","4,388.00","4,320.50","55.64K","-0.92%"
"31-07-2019","4,370.50","4,311.00","4,400.00","4,307.00","66.39K","1.73%"
"30-07-2019","4,296.00","4,295.00","4,315.00","4,275.00","28.90K","0.19%"
"29-07-2019","4,288.00","4,206.50","4,295.50","4,206.00","23.61K","1.23%"
"26-07-2019","4,236.00","4,270.00","4,270.00","4,230.00","15.32K","-0.97%"
"25-07-2019","4,277.50","4,286.00","4,288.00","4,242.50","19.62K","-0.15%"
"24-07-2019","4,284.00","4,313.00","4,333.00","4,277.50","21.86K","0.07%"
"23-07-2019","4,281.00","4,279.00","4,300.00","4,263.00","14.92K","0.04%"
"22-07-2019","4,279.50","4,341.00","4,343.50","4,265.00","16.84K","-0.62%"
"19-07-2019","4,306.00","4,390.00","4,390.00","4,296.00","86.64K","-2.16%"
"18-07-2019","4,401.00","4,390.00","4,432.00","4,377.00","69.76K","-0.07%"
"17-07-2019","4,404.00","4,383.00","4,415.00","4,352.00","65.13K","0.15%"
"16-07-2019","4,397.50","4,380.00","4,419.00","4,372.00","54.02K","0.69%"
"15-07-2019","4,367.50","4,448.00","4,448.00","4,356.00","73.74K","-1.40%"
"12-07-2019","4,429.50","4,420.00","4,458.00","4,382.00","47.09K","0.26%"
"11-07-2019","4,418.00","4,417.00","4,471.00","4,411.00","85.45K","0.08%"
"10-07-2019","4,414.50","4,449.00","4,450.00","4,400.00","57.39K","-0.57%"
"09-07-2019","4,440.00","4,394.00","4,449.00","4,376.00","76.79K","1.22%"
"08-07-2019","4,386.50","4,384.00","4,414.00","4,361.00","55.69K","0.56%"
"05-07-2019","4,362.00","4,385.00","4,424.00","4,353.00","60.25K","-0.65%"
"04-07-2019","4,390.50","4,314.00","4,409.00","4,305.50","76.30K","1.77%"
"03-07-2019","4,314.00","4,320.00","4,342.00","4,301.50","35.20K","-0.19%"
"02-07-2019","4,322.00","4,353.00","4,379.00","4,305.00","40.18K","-0.66%"
"01-07-2019","4,350.50","4,246.00","4,360.00","4,242.00","46.18K","2.78%"
"28-06-2019","4,233.00","4,225.00","4,245.00","4,220.00","16.16K","0.37%"
"27-06-2019","4,217.50","4,222.50","4,239.00","4,202.00","20.37K","-0.64%"
"26-06-2019","4,244.50","4,302.50","4,305.00","4,230.00","46.84K","-1.18%"
"25-06-2019","4,295.00","4,294.00","4,322.00","4,283.00","10.50K","0.07%"
"24-06-2019","4,292.00","4,282.50","4,329.00","4,260.00","9.27K","-0.27%"
"21-06-2019","4,303.50","4,335.00","4,345.00","4,290.00","15.97K","0.86%"
"20-06-2019","4,267.00","4,259.00","4,289.00","4,250.00","34.89K","0.35%"
"19-06-2019","4,252.00","4,285.00","4,324.00","4,241.00","84.65K","-0.49%"
"18-06-2019","4,273.00","4,200.00","4,287.00","4,174.00","74.55K","1.59%"
"17-06-2019","4,206.00","4,270.00","4,274.00","4,187.50","48.18K","-1.06%"
"14-06-2019","4,251.00","4,260.00","4,280.00","4,206.00","50.44K","-0.35%"
"13-06-2019","4,266.00","4,240.00","4,287.00","4,232.00","55.56K","0.70%"
"12-06-2019","4,236.50","4,215.00","4,245.00","4,205.00","38.69K","0.63%"
"11-06-2019","4,210.00","4,186.00","4,218.00","4,140.00","60.85K","0.44%"
"10-06-2019","4,191.50","4,270.00","4,270.00","4,182.00","59.70K","-1.38%"
"07-06-2019","4,250.00","4,241.00","4,270.00","4,221.00","67.23K","0.39%"
"06-06-2019","4,233.50","4,310.00","4,328.00","4,223.00","69.41K","-1.63%"
"04-06-2019","4,303.50","4,324.00","4,338.00","4,252.50","53.63K","-0.32%"
"03-06-2019","4,317.50","4,318.00","4,353.00","4,298.50","47.24K","-0.25%"
"31-05-2019","4,328.50","4,343.00","4,373.50","4,285.00","47.08K","-0.40%"
"30-05-2019","4,346.00","4,338.00","4,361.50","4,326.00","14.96K","0.24%"
"29-05-2019","4,335.50","4,339.00","4,347.50","4,317.00","16.03K","0.14%"
"28-05-2019","4,329.50","4,407.50","4,427.00","4,313.00","28.67K","-1.81%"
"27-05-2019","4,409.50","4,479.50","4,479.50","4,395.50","14.75K","-1.52%"
"24-05-2019","4,477.50","4,493.00","4,517.50","4,471.50","13.07K","-0.11%"
"23-05-2019","4,482.50","4,459.50","4,495.00","4,363.00","13.63K","0.31%"
"22-05-2019","4,468.50","4,479.50","4,505.00","4,461.00","9.10K","-0.12%"
"21-05-2019","4,474.00","4,468.50","4,485.50","4,455.00","5.41K","1.76%"
"20-05-2019","4,396.50","4,422.00","4,433.00","4,386.00","36.38K","-0.22%"
"17-05-2019","4,406.00","4,451.00","4,462.00","4,400.00","46.01K","-1.09%"
"16-05-2019","4,454.50","4,469.00","4,498.00","4,442.00","50.88K","-0.18%"
"15-05-2019","4,462.50","4,490.00","4,493.00","4,459.00","32.09K","-0.40%"
"14-05-2019","4,480.50","4,500.00","4,514.00","4,471.50","51.11K","-0.60%"
"13-05-2019","4,507.50","4,455.00","4,547.00","4,428.00","80.40K","1.37%"
"10-05-2019","4,446.50","4,435.00","4,474.00","4,434.00","47.78K","-0.28%"
"09-05-2019","4,459.00","4,478.00","4,495.00","4,452.50","55.09K","-0.35%"
"08-05-2019","4,474.50","4,502.00","4,508.00","4,466.50","42.20K","-0.59%"
"07-05-2019","4,501.00","4,503.00","4,528.00","4,491.00","49.81K","-0.01%"
"06-05-2019","4,501.50","4,436.00","4,514.00","4,423.00","63.08K","1.60%"
"03-05-2019","4,430.50","4,446.00","4,473.50","4,413.00","37.15K","-0.43%"
"02-05-2019","4,449.50","4,403.00","4,475.00","4,397.00","52.40K","1.32%"
"30-04-2019","4,391.50","4,377.00","4,405.00","4,328.00","36.85K","0.31%"
"26-04-2019","4,378.00","4,414.00","4,434.50","4,362.00","19.78K","-1.04%"
"25-04-2019","4,424.00","4,424.50","4,460.50","4,414.50","20.80K","-0.09%"
"24-04-2019","4,428.00","4,392.00","4,459.00","4,370.00","11.68K","0.50%"
"23-04-2019","4,406.00","4,361.00","4,446.00","4,359.00","11.68K","0.17%"
"22-04-2019","4,398.50","4,389.00","4,410.00","4,374.00","8.45K","0.46%"
"18-04-2019","4,378.50","4,416.00","4,422.00","4,357.50","6.30K","0.44%"
"16-04-2019","4,359.50","4,446.00","4,453.50","4,330.00","93.84K","-2.19%"
"15-04-2019","4,457.00","4,481.00","4,501.00","4,441.50","59.99K","-0.89%"
"12-04-2019","4,497.00","4,487.00","4,522.00","4,480.00","56.43K","0.10%"
"11-04-2019","4,492.50","4,522.00","4,533.50","4,477.00","66.40K","-0.64%"
"10-04-2019","4,521.50","4,435.00","4,543.00","4,435.00","109.93K","1.87%"
"09-04-2019","4,438.50","4,475.00","4,485.00","4,435.00","54.30K","-0.73%"
"08-04-2019","4,471.00","4,508.00","4,516.00","4,462.00","57.34K","-0.31%"
"05-04-2019","4,485.00","4,482.00","4,544.50","4,478.00","93.01K","0.08%"
"04-04-2019","4,481.50","4,490.00","4,503.00","4,468.00","55.73K","-0.04%"
"03-04-2019","4,483.50","4,535.00","4,570.00","4,472.00","93.37K","-1.08%"
"02-04-2019","4,532.50","4,444.00","4,546.50","4,440.00","66.60K","2.16%"
"01-04-2019","4,436.50","4,441.00","4,470.00","4,423.00","29.12K","0.12%"
"29-03-2019","4,431.00","4,428.00","4,439.50","4,382.00","23.34K","0.40%"
"28-03-2019","4,413.50","4,460.00","4,473.00","4,401.50","33.78K","-1.45%"
"27-03-2019","4,478.50","4,478.00","4,515.00","4,460.00","25.62K","-0.25%"
"26-03-2019","4,489.50","4,425.00","4,509.50","4,421.50","22.12K","1.40%"
"25-03-2019","4,427.50","4,446.00","4,466.50","4,420.50","12.53K","-0.42%"
"22-03-2019","4,446.00","4,456.00","4,474.00","4,437.00","7.25K","0.02%"
"20-03-2019","4,445.00","4,345.00","4,457.00","4,345.00","7.96K","3.02%"
"19-03-2019","4,314.50","4,304.00","4,339.50","4,290.00","53.02K","0.20%"
"18-03-2019","4,306.00","4,284.00","4,322.50","4,284.00","34.52K","0.55%"
"15-03-2019","4,282.50","4,332.00","4,335.00","4,262.00","37.39K","-0.85%"
"14-03-2019","4,319.00","4,323.00","4,355.00","4,310.00","42.83K","-0.03%"
"13-03-2019","4,320.50","4,298.00","4,334.00","4,282.00","47.95K","0.54%"
"12-03-2019","4,297.50","4,326.00","4,351.50","4,292.00","51.44K","-0.60%"
"11-03-2019","4,323.50","4,325.00","4,364.00","4,304.00","58.01K","0.10%"
"08-03-2019","4,319.00","4,203.50","4,319.00","4,200.00","94.92K","2.99%"
"07-03-2019","4,193.50","4,205.00","4,215.00","4,188.00","30.58K","-0.37%"
"06-03-2019","4,209.00","4,192.00","4,215.00","4,181.00","22.36K","0.21%"
"05-03-2019","4,200.00","4,240.00","4,243.50","4,192.00","29.78K","-0.59%"
"01-03-2019","4,225.00","4,218.00","4,243.50","4,218.00","27.52K","0.24%"
"28-02-2019","4,215.00","4,195.00","4,220.00","4,190.00","19.53K","0.46%"
"27-02-2019","4,195.50","4,186.00","4,217.00","4,167.00","20.27K","0.27%"
"26-02-2019","4,184.00","4,218.00","4,218.00","4,159.50","16.45K","-1.26%"
"25-02-2019","4,237.50","4,250.00","4,284.00","4,224.00","15.11K","-0.57%"
"22-02-2019","4,262.00","4,280.50","4,283.00","4,248.00","6.80K","-0.44%"
"21-02-2019","4,281.00","4,263.00","4,318.00","4,253.00","8.21K","1.86%"
"20-02-2019","4,203.00","4,227.50","4,227.50","4,183.00","33.41K","-0.44%"
"19-02-2019","4,221.50","4,247.00","4,267.00","4,205.00","24.25K","-0.58%"
"18-02-2019","4,246.00","4,250.00","4,258.00","4,234.00","28.12K","0.09%"
"15-02-2019","4,242.00","4,255.00","4,304.00","4,232.00","39.94K","-0.39%"
"14-02-2019","4,258.50","4,265.00","4,290.00","4,245.00","48.37K","-0.07%"
"13-02-2019","4,261.50","4,246.00","4,284.00","4,229.00","33.72K","0.72%"
"12-02-2019","4,231.00","4,244.00","4,254.00","4,215.00","30.69K","-0.27%"
"11-02-2019","4,242.50","4,177.00","4,268.50","4,152.00","79.46K","1.42%"
"08-02-2019","4,183.00","4,205.00","4,234.00","4,172.00","70.49K","-0.84%"
"07-02-2019","4,218.50","4,155.00","4,227.00","4,150.00","60.45K","1.36%"
"06-02-2019","4,162.00","4,278.00","4,278.00","4,142.00","74.20K","-3.11%"
"05-02-2019","4,295.50","4,330.00","4,342.00","4,275.00","38.51K","-0.74%"
"04-02-2019","4,327.50","4,341.00","4,350.00","4,316.00","25.43K","-0.15%"
"01-02-2019","4,334.00","4,390.00","4,392.00","4,328.00","28.36K","-1.26%"
"31-01-2019","4,389.50","4,390.00","4,397.00","4,360.00","20.35K","0.34%"
"30-01-2019","4,374.50","4,387.00","4,410.00","4,366.00","14.93K","-0.06%"
"29-01-2019","4,377.00","4,353.00","4,388.00","4,345.00","14.58K","0.38%"
"28-01-2019","4,360.50","4,365.00","4,374.00","4,299.00","17.90K","0.20%"
"25-01-2019","4,352.00","4,360.50","4,385.00","4,342.00","8.38K","-0.05%"
"24-01-2019","4,354.00","4,430.00","4,436.50","4,340.00","14.80K","-1.69%"
"23-01-2019","4,429.00","4,460.00","4,460.00","4,417.00","8.39K","0.19%"
"22-01-2019","4,420.50","4,405.50","4,441.00","4,371.00","8.00K","0.19%"
"21-01-2019","4,412.00","4,419.00","4,478.00","4,402.50","8.94K","1.45%"
"18-01-2019","4,349.00","4,389.00","4,394.00","4,303.00","78.89K","-0.66%"
"17-01-2019","4,378.00","4,321.00","4,386.50","4,298.00","61.80K","1.30%"
"16-01-2019","4,322.00","4,328.00","4,345.50","4,312.00","39.79K","0.17%"
"15-01-2019","4,314.50","4,325.00","4,358.00","4,306.50","56.02K","-0.71%"
"14-01-2019","4,345.50","4,210.00","4,368.50","4,200.00","97.21K","3.32%"
"11-01-2019","4,206.00","4,171.00","4,219.00","4,152.00","68.35K","0.23%"
"10-01-2019","4,196.50","4,275.00","4,307.00","4,171.00","85.55K","-1.66%"
"09-01-2019","4,267.50","4,269.00","4,289.00","4,245.00","65.32K","0.16%"
"08-01-2019","4,260.50","4,402.00","4,402.00","4,248.00","77.44K","-3.17%"
"07-01-2019","4,400.00","4,385.00","4,446.00","4,378.50","67.86K","0.40%"
"04-01-2019","4,382.50","4,360.00","4,393.00","4,320.50","69.15K","0.60%"
"03-01-2019","4,356.50","4,324.00","4,362.50","4,304.00","42.47K","0.89%"
"02-01-2019","4,318.00","4,357.50","4,372.00","4,312.00","30.65K","-0.96%"
"01-01-2019","4,360.00","4,383.00","4,414.00","4,345.00","37.93K","-0.14%"
"31-12-2018","4,366.00","4,304.00","4,404.00","4,280.00","39.79K","1.85%"
"28-12-2018","4,286.50","4,274.00","4,330.00","4,262.00","25.33K","0.36%"
"27-12-2018","4,271.00","4,305.00","4,335.00","4,262.00","26.82K","-0.59%"
"26-12-2018","4,296.50","4,190.00","4,320.50","4,171.00","22.68K","1.67%"
"24-12-2018","4,226.00","4,354.00","4,354.00","4,205.00","18.19K","-2.91%"
"21-12-2018","4,352.50","4,349.00","4,364.00","4,337.50","6.23K","1.28%"
"20-12-2018","4,297.50","4,310.00","4,318.00","4,262.00","50.35K","0.01%"
"19-12-2018","4,297.00","4,242.00","4,308.00","4,210.00","64.84K","0.71%"
"18-12-2018","4,266.50","4,403.00","4,403.00","4,248.00","106.68K","-3.30%"
"17-12-2018","4,412.00","4,422.00","4,456.00","4,403.00","51.48K","-0.11%"
"14-12-2018","4,417.00","4,430.00","4,450.00","4,381.00","55.38K","-0.12%"
"13-12-2018","4,422.50","4,431.00","4,454.00","4,414.00","36.06K","-0.35%"
"12-12-2018","4,438.00","4,405.00","4,468.00","4,396.00","58.34K","0.69%"
"11-12-2018","4,407.50","4,430.00","4,445.00","4,399.00","48.96K","-0.10%"
"10-12-2018","4,412.00","4,390.00","4,431.00","4,390.00","64.58K","0.85%"
"07-12-2018","4,375.00","4,377.50","4,399.00","4,361.00","39.07K","0.17%"
"06-12-2018","4,367.50","4,377.00","4,419.00","4,335.00","83.51K","-0.55%"
"05-12-2018","4,391.50","4,440.00","4,440.00","4,370.00","67.95K","-1.34%"
"04-12-2018","4,451.00","4,418.00","4,490.00","4,381.00","66.42K","0.69%"
"03-12-2018","4,420.50","4,390.00","4,440.00","4,376.00","50.90K","1.53%"
"30-11-2018","4,354.00","4,313.00","4,394.00","4,313.00","47.51K","1.36%"
"29-11-2018","4,295.50","4,399.00","4,402.00","4,277.50","44.30K","-2.43%"
"28-11-2018","4,402.50","4,362.00","4,448.00","4,360.00","26.93K","1.00%"
"27-11-2018","4,359.00","4,364.50","4,389.50","4,294.50","41.33K","0.37%"
"26-11-2018","4,343.00","4,505.00","4,520.00","4,343.00","32.79K","-3.99%"
"22-11-2018","4,523.50","4,479.00","4,540.00","4,450.00","17.19K","0.70%"
"21-11-2018","4,492.00","4,545.00","4,587.50","4,456.50","19.30K","-0.48%"
"20-11-2018","4,513.50","4,510.00","4,533.00","4,445.00","103.92K","-0.03%"
"19-11-2018","4,515.00","4,655.00","4,684.50","4,481.00","125.71K","-2.87%"
"16-11-2018","4,648.50","4,706.00","4,754.00","4,616.00","146.70K","-1.70%"
"15-11-2018","4,729.00","4,684.00","4,762.50","4,677.00","113.12K","0.84%"
"14-11-2018","4,689.50","4,770.00","4,770.00","4,660.00","121.09K","-1.86%"
"13-11-2018","4,778.50","4,797.50","4,838.50","4,767.00","105.81K","-0.49%"
"12-11-2018","4,802.00","4,800.00","4,918.00","4,790.50","200.22K","0.09%"
"09-11-2018","4,797.50","4,670.00","4,850.00","4,630.00","194.12K","2.10%"
"07-11-2018","4,699.00","4,698.00","4,715.00","4,671.00","24.16K","0.03%"
"06-11-2018","4,697.50","4,690.00","4,731.50","4,665.00","125.72K","-0.73%"
"05-11-2018","4,732.00","4,750.00","4,803.00","4,700.00","122.81K","-0.11%"
"02-11-2018","4,737.00","4,610.00","4,749.50","4,581.00","148.09K","2.21%"
"01-11-2018","4,634.50","4,671.00","4,697.00","4,605.50","119.83K","-1.23%"
"31-10-2018","4,692.00","4,700.00","4,732.00","4,680.00","88.08K","-0.30%"
"30-10-2018","4,706.00","4,780.00","4,809.00","4,699.00","85.82K","-1.88%"
"29-10-2018","4,796.00","4,780.00","4,843.00","4,760.00","70.35K","0.10%"
"26-10-2018","4,791.00","4,810.00","4,858.50","4,773.00","38.58K","-1.08%"
"25-10-2018","4,843.50","4,712.50","4,856.00","4,673.00","49.28K","2.54%"
"24-10-2018","4,723.50","4,728.00","4,772.00","4,705.00","31.87K","-0.20%"
"23-10-2018","4,733.00","4,700.00","4,816.50","4,699.00","31.13K","0.53%"
"22-10-2018","4,708.00","4,593.00","4,735.00","4,587.00","29.15K","2.18%"
"19-10-2018","4,607.50","4,648.00","4,648.00","4,587.00","16.00K","-0.23%"
"17-10-2018","4,618.00","4,465.50","4,630.00","4,460.00","14.55K","4.91%"
"16-10-2018","4,402.00","4,403.00","4,448.00","4,384.00","82.45K","-0.05%"
"15-10-2018","4,404.00","4,269.00","4,432.00","4,269.00","125.59K","2.74%"
"12-10-2018","4,286.50","4,244.50","4,309.00","4,242.00","61.98K","0.89%"
"11-10-2018","4,248.50","4,251.00","4,279.00","4,239.00","47.45K","-0.52%"
"10-10-2018","4,270.50","4,259.00","4,309.00","4,225.50","93.45K","0.39%"
"09-10-2018","4,254.00","4,251.00","4,275.00","4,243.00","35.63K","0.09%"
"08-10-2018","4,250.00","4,272.00","4,285.00","4,237.00","79.61K","-0.98%"
"05-10-2018","4,292.00","4,315.00","4,339.00","4,280.00","66.82K","-0.84%"
"04-10-2018","4,328.50","4,320.00","4,375.00","4,316.00","78.36K","0.45%"
"03-10-2018","4,309.00","4,335.00","4,335.00","4,275.00","51.64K","-0.37%"
"01-10-2018","4,325.00","4,360.00","4,364.00","4,316.50","34.23K","-0.87%"
"28-09-2018","4,363.00","4,325.50","4,378.00","4,300.00","46.16K","0.73%"
"27-09-2018","4,331.50","4,331.00","4,345.00","4,305.00","21.03K","-0.23%"
"26-09-2018","4,341.50","4,353.50","4,404.00","4,331.50","17.93K","0.12%"
"25-09-2018","4,336.50","4,320.50","4,358.00","4,290.00","17.60K","0.72%"
"24-09-2018","4,305.50","4,360.00","4,394.00","4,274.00","17.22K","-1.36%"
"21-09-2018","4,365.00","4,301.00","4,375.00","4,301.00","10.95K","-0.18%"
"19-09-2018","4,373.00","4,381.00","4,416.50","4,353.00","10.62K","-0.70%"
"18-09-2018","4,404.00","4,250.50","4,404.00","4,231.50","15.18K","3.99%"
"17-09-2018","4,235.00","4,300.00","4,300.00","4,211.00","10.05K","-2.06%"
"14-09-2018","4,324.00","4,378.50","4,381.00","4,305.50","7.34K","-0.95%"
"12-09-2018","4,365.50","4,349.50","4,381.00","4,324.00","3.09K","0.85%"
"11-09-2018","4,328.50","4,355.50","4,381.00","4,315.00","4.71K","-0.56%"
"10-09-2018","4,353.00","4,374.00","4,410.00","4,340.00","2.54K","-0.29%"
"07-09-2018","4,365.50","4,401.00","4,401.00","4,329.50","2.39K","-1.30%"
"06-09-2018","4,423.00","4,439.00","4,492.00","4,406.50","7.53K","0.39%"
"05-09-2018","4,406.00","4,363.00","4,424.00","4,346.00","4.62K","0.31%"
"04-09-2018","4,392.50","4,411.50","4,449.00","4,346.00","7.97K","-1.95%"
"03-09-2018","4,480.00","4,451.00","4,520.00","4,435.00","7.69K","0.65%"
"31-08-2018","4,451.00","4,345.00","4,465.00","4,341.50","8.54K","3.51%"
"30-08-2018","4,300.00","4,245.00","4,319.00","4,230.00","3.37K","1.25%"
"29-08-2018","4,247.00","4,205.00","4,259.00","4,117.00","5.95K","1.02%"
"28-08-2018","4,204.00","4,180.00","4,268.50","4,174.00","6.69K","0.59%"
"27-08-2018","4,179.50","4,389.50","4,391.00","4,165.50","9.73K","-3.68%"
"24-08-2018","4,339.00","4,397.00","4,409.50","4,300.00","4.89K","-0.87%"
"23-08-2018","4,377.00","4,523.00","4,523.00","4,370.00","6.21K","-3.58%"
"21-08-2018","4,539.50","4,661.00","4,683.00","4,519.00","4.46K","-2.37%"
"20-08-2018","4,649.50","4,592.50","4,668.00","4,555.00","3.01K","0.28%"
"17-08-2018","4,636.50","4,644.50","4,674.00","4,582.50","6.30K","-0.39%"
"16-08-2018","4,654.50","4,479.50","4,676.50","4,479.50","5.82K","3.39%"
"14-08-2018","4,502.00","4,450.00","4,532.00","4,388.50","7.07K","1.46%"
"13-08-2018","4,437.00","4,574.00","4,593.00","4,437.00","7.80K","-3.99%"
"10-08-2018","4,621.50","4,441.00","4,621.50","4,441.00","8.67K","3.99%"
"09-08-2018","4,444.00","4,431.00","4,483.00","4,418.00","4.42K","0.99%"
"08-08-2018","4,400.50","4,367.00","4,420.00","4,355.50","1.13K","-0.03%"
"07-08-2018","4,402.00","4,327.50","4,409.00","4,283.00","4.09K","2.03%"
"06-08-2018","4,314.50","4,451.00","4,451.00","4,298.50","5.24K","-3.64%"
"03-08-2018","4,477.50","4,560.00","4,560.00","4,448.00","3.09K","-1.21%"
"02-08-2018","4,532.50","4,480.00","4,549.00","4,462.50","2.17K","1.24%"
"01-08-2018","4,477.00","4,518.00","4,542.00","4,435.00","4.21K","-0.13%"
"31-07-2018","4,483.00","4,432.50","4,492.00","4,426.00","2.47K","2.16%"
"30-07-2018","4,388.00","4,333.00","4,408.00","4,299.00","3.38K","1.95%"
"27-07-2018","4,304.00","4,199.00","4,314.00","4,199.00","3.02K","2.75%"
"26-07-2018","4,189.00","4,200.00","4,219.00","4,180.00","1.41K","0.67%"
"25-07-2018","4,161.00","4,216.00","4,242.00","4,123.00","5.41K","-1.34%"
"24-07-2018","4,217.50","4,288.00","4,320.00","4,198.00","3.17K","-1.98%"
"23-07-2018","4,302.50","4,271.50","4,312.00","4,243.00","2.87K","-0.82%"
"20-07-2018","4,338.00","4,295.00","4,394.00","4,280.00","161.42K","0.70%"
"19-07-2018","4,308.00","4,348.00","4,348.00","4,288.00","128.66K","0.05%"
"18-07-2018","4,306.00","4,185.00","4,306.00","4,185.00","158.04K","2.99%"
"17-07-2018","4,181.00","4,180.00","4,220.00","4,130.50","128.21K","-0.83%"
"16-07-2018","4,216.00","4,181.00","4,320.00","4,181.00","144.46K","0.80%"
"13-07-2018","4,182.50","4,158.00","4,205.00","4,056.00","160.68K","0.26%"
"12-07-2018","4,171.50","4,209.00","4,242.00","4,160.00","113.86K","-1.13%"
"11-07-2018","4,219.00","4,125.00","4,231.00","4,093.50","139.65K","1.77%"
"10-07-2018","4,145.50","4,230.00","4,243.50","4,100.00","158.52K","-2.30%"
"09-07-2018","4,243.00","4,162.00","4,270.00","4,126.00","139.98K","2.08%"
"06-07-2018","4,156.50","4,192.00","4,238.00","4,141.00","130.00K","-0.75%"
"05-07-2018","4,188.00","4,031.00","4,188.00","4,026.50","125.69K","4.00%"
"04-07-2018","4,027.00","4,011.00","4,058.50","3,971.00","67.21K","-0.19%"
"03-07-2018","4,034.50","4,055.00","4,072.00","4,001.00","72.90K","-0.52%"
"02-07-2018","4,055.50","4,000.50","4,084.50","3,997.00","54.59K","1.45%"
"29-06-2018","3,997.50","3,910.00","4,080.00","3,893.00","78.95K","1.54%"
"28-06-2018","3,937.00","3,920.00","3,988.00","3,890.00","47.39K","0.25%"
"27-06-2018","3,927.00","3,780.00","3,927.00","3,780.00","49.82K","4.00%"
"26-06-2018","3,776.00","3,737.00","3,787.00","3,733.50","14.48K","0.75%"
"25-06-2018","3,748.00","3,766.00","3,766.00","3,712.00","9.51K","-0.78%"
"22-06-2018","3,777.50","3,825.00","3,835.00","3,762.50","7.41K","-1.06%"
"21-06-2018","3,818.00","3,834.50","3,853.50","3,802.00","4.75K","3.82%"
"20-06-2018","3,677.50","3,665.00","3,695.00","3,655.00","39.22K","0.23%"
"19-06-2018","3,669.00","3,650.00","3,684.00","3,630.00","60.28K","0.70%"
"18-06-2018","3,643.50","3,705.00","3,713.00","3,632.00","60.38K","-2.37%"
"15-06-2018","3,732.00","3,759.00","3,772.00","3,720.00","55.99K","-0.25%"
"14-06-2018","3,741.50","3,700.00","3,748.00","3,687.50","81.16K","1.37%"
"13-06-2018","3,691.00","3,636.00","3,718.00","3,633.00","59.81K","1.40%"
"12-06-2018","3,640.00","3,649.00","3,687.00","3,626.50","58.79K","0.08%"
"11-06-2018","3,637.00","3,650.00","3,698.00","3,622.50","88.59K","-0.85%"
"08-06-2018","3,668.00","3,608.00","3,700.00","3,608.00","106.24K","1.66%"
"07-06-2018","3,608.00","3,595.00","3,645.00","3,577.00","76.12K","-0.29%"
"06-06-2018","3,618.50","3,630.00","3,658.00","3,600.00","54.51K","-0.10%"
"05-06-2018","3,622.00","3,606.00","3,638.00","3,552.00","68.58K","0.24%"
"04-06-2018","3,613.50","3,709.00","3,710.00","3,595.00","73.98K","-2.93%"
"01-06-2018","3,722.50","3,715.00","3,775.00","3,698.00","31.68K","0.81%"
"31-05-2018","3,692.50","3,684.00","3,710.50","3,654.00","28.57K","0.41%"
"30-05-2018","3,677.50","3,779.50","3,779.50","3,660.00","32.22K","-2.38%"
"29-05-2018","3,767.00","3,840.00","3,870.00","3,745.00","36.65K","-2.07%"
"28-05-2018","3,846.50","3,878.00","3,878.00","3,820.00","16.11K","-1.22%"
"25-05-2018","3,894.00","3,897.00","3,915.00","3,862.00","16.58K","-0.26%"
"24-05-2018","3,904.00","3,869.00","3,929.00","3,853.00","14.57K","0.74%"
"23-05-2018","3,875.50","3,878.00","3,882.50","3,856.50","9.34K","0.00%"
"22-05-2018","3,875.50","3,842.00","3,897.00","3,837.50","6.13K","1.29%"
"21-05-2018","3,826.00","3,883.50","3,883.50","3,817.00","6.32K","-0.31%"
"18-05-2018","3,838.00","3,865.00","3,898.00","3,817.00","56.19K","-0.90%"
"17-05-2018","3,873.00","3,885.00","3,902.00","3,857.00","51.35K","-0.63%"
"16-05-2018","3,897.50","3,921.00","3,946.00","3,875.00","74.16K","-0.84%"
"15-05-2018","3,930.50","3,833.00","3,947.00","3,792.50","88.34K","2.73%"
"14-05-2018","3,826.00","3,844.00","3,854.00","3,806.00","50.99K","-0.04%"
"11-05-2018","3,827.50","3,792.00","3,840.00","3,790.00","58.14K","1.16%"
"10-05-2018","3,783.50","3,830.00","3,868.00","3,763.50","93.37K","-1.34%"
"09-05-2018","3,835.00","3,795.00","3,857.00","3,790.00","91.53K","1.21%"
"08-05-2018","3,789.00","3,844.00","3,855.50","3,775.00","76.98K","-1.43%"
"07-05-2018","3,844.00","3,810.00","3,864.00","3,766.00","70.79K","1.37%"
"04-05-2018","3,792.00","3,790.00","3,814.00","3,720.00","99.75K","-0.89%"
"03-05-2018","3,826.00","3,861.00","3,901.50","3,790.00","58.42K","-0.67%"
"02-05-2018","3,852.00","3,821.00","3,880.00","3,766.50","68.08K","0.27%"
"30-04-2018","3,841.50","3,960.00","3,960.00","3,837.00","61.79K","-3.88%"
"27-04-2018","3,996.50","4,153.00","4,153.50","3,996.50","43.59K","-4.00%"
"26-04-2018","4,163.00","4,177.00","4,204.00","4,150.00","12.00K","-0.54%"
"25-04-2018","4,185.50","4,186.00","4,213.50","4,172.00","10.06K","-0.43%"
"24-04-2018","4,203.50","4,235.00","4,235.00","4,190.50","15.21K","-0.74%"
"23-04-2018","4,235.00","4,260.00","4,278.50","4,227.00","18.34K","0.89%"
"20-04-2018","4,197.50","4,150.00","4,219.00","4,149.00","73.00K","0.78%"
"19-04-2018","4,165.00","4,121.00","4,197.50","4,121.00","70.37K","1.18%"
"18-04-2018","4,116.50","4,144.00","4,148.00","4,104.00","43.67K","-0.23%"
"17-04-2018","4,126.00","4,075.00","4,138.00","4,042.00","64.05K","1.09%"
"16-04-2018","4,081.50","4,119.00","4,119.00","4,076.00","19.70K","-0.73%"
"13-04-2018","4,111.50","4,108.00","4,138.00","4,091.00","61.55K","-0.11%"
"12-04-2018","4,116.00","4,179.00","4,190.00","4,105.00","61.99K","-1.02%"
"11-04-2018","4,158.50","4,096.00","4,178.00","4,074.00","81.96K","1.81%"
"10-04-2018","4,084.50","4,060.00","4,098.00","4,033.50","89.31K","0.32%"
"09-04-2018","4,071.50","4,133.00","4,138.50","4,048.50","81.95K","-1.38%"
"06-04-2018","4,128.50","4,110.00","4,156.00","4,107.00","57.48K","0.36%"
"05-04-2018","4,113.50","4,105.00","4,145.00","4,088.50","61.19K","0.33%"
"04-04-2018","4,100.00","4,106.00","4,118.00","4,080.00","45.22K","-0.47%"
"03-04-2018","4,119.50","4,091.00","4,129.00","4,075.00","47.06K","0.33%"
"02-04-2018","4,106.00","4,163.00","4,185.00","4,092.00","39.04K","-0.96%"
"28-03-2018","4,146.00","4,105.00","4,163.00","4,066.00","42.28K","0.63%"
"27-03-2018","4,120.00","4,214.50","4,220.00","4,104.00","28.57K","-2.14%"
"26-03-2018","4,210.00","4,205.00","4,229.00","4,184.00","13.58K","0.63%"
"23-03-2018","4,183.50","4,241.00","4,253.00","4,170.00","18.98K","-1.37%"
"22-03-2018","4,241.50","4,242.00","4,266.00","4,230.00","11.97K","0.77%"
"21-03-2018","4,209.00","4,215.00","4,248.50","4,200.00","6.21K","0.81%"
"20-03-2018","4,175.00","4,199.00","4,210.00","4,156.50","84.93K","-0.91%"
"19-03-2018","4,213.50","4,262.50","4,275.00","4,201.00","78.92K","-1.51%"
"16-03-2018","4,278.00","4,256.00","4,293.00","4,193.00","119.98K","0.34%"
"15-03-2018","4,263.50","4,301.00","4,316.00","4,259.00","64.24K","-1.03%"
"14-03-2018","4,308.00","4,329.00","4,350.00","4,293.00","74.80K","-0.06%"
"13-03-2018","4,310.50","4,231.00","4,317.50","4,231.00","104.04K","1.63%"
"12-03-2018","4,241.50","4,255.00","4,265.00","4,194.00","90.47K","-0.36%"
"09-03-2018","4,257.00","4,224.00","4,277.00","4,199.00","80.61K","0.71%"
"08-03-2018","4,227.00","4,233.00","4,247.00","4,204.50","84.47K","-0.52%"
"07-03-2018","4,249.00","4,311.00","4,335.00","4,235.00","116.58K","-1.27%"
"06-03-2018","4,303.50","4,339.00","4,339.00","4,211.00","143.68K","-0.58%"
"05-03-2018","4,328.50","4,377.00","4,381.00","4,313.00","65.44K","-0.47%"
"01-03-2018","4,349.00","4,325.00","4,368.00","4,291.00","78.71K","0.64%"
"28-02-2018","4,321.50","4,260.00","4,338.00","4,257.00","50.37K","1.06%"
"27-02-2018","4,276.00","4,301.50","4,324.00","4,265.00","35.10K","-0.40%"
"26-02-2018","4,293.00","4,335.00","4,335.00","4,227.00","43.39K","-0.69%"
"23-02-2018","4,323.00","4,502.00","4,515.50","4,306.00","51.87K","-3.30%"
"22-02-2018","4,470.50","4,459.50","4,497.00","4,457.00","11.40K","0.34%"
"21-02-2018","4,455.50","4,441.00","4,490.00","4,415.00","16.46K","1.16%"
"20-02-2018","4,404.50","4,380.00","4,422.00","4,327.00","151.41K","0.47%"
"19-02-2018","4,384.00","4,475.00","4,524.00","4,356.00","130.61K","-1.46%"
"16-02-2018","4,449.00","4,386.00","4,468.00","4,380.00","130.06K","2.12%"
"15-02-2018","4,356.50","4,394.00","4,415.00","4,332.00","136.99K","-0.06%"
"14-02-2018","4,359.00","4,425.00","4,438.00","4,347.00","148.82K","-2.21%"
"12-02-2018","4,457.50","4,510.00","4,524.50","4,425.00","146.24K","-0.88%"
"09-02-2018","4,497.00","4,428.00","4,526.50","4,411.00","172.67K","1.06%"
"08-02-2018","4,450.00","4,534.00","4,534.00","4,424.00","187.62K","-2.33%"
"07-02-2018","4,556.00","4,541.00","4,579.00","4,525.00","120.01K","0.70%"
"06-02-2018","4,524.50","4,572.00","4,586.00","4,506.00","185.05K","-2.17%"
"05-02-2018","4,625.00","4,732.50","4,732.50","4,625.00","127.88K","-3.00%"
"02-02-2018","4,768.00","4,744.00","4,800.00","4,727.00","149.26K","1.02%"
"01-02-2018","4,720.00","4,665.00","4,741.00","4,656.00","111.66K","0.90%"
"31-01-2018","4,678.00","4,700.00","4,734.00","4,655.00","106.15K","-0.22%"
"30-01-2018","4,688.50","4,668.00","4,718.00","4,595.50","90.91K","-0.40%"
"29-01-2018","4,707.50","4,750.50","4,794.00","4,679.50","86.22K","0.60%"
"25-01-2018","4,679.50","4,599.00","4,710.50","4,599.00","67.93K","2.51%"
"24-01-2018","4,565.00","4,553.00","4,594.00","4,528.00","35.81K","0.13%"
"23-01-2018","4,559.00","4,505.00","4,628.00","4,492.50","65.13K","2.20%"
"22-01-2018","4,461.00","4,356.50","4,461.00","4,355.00","34.31K","4.31%"
"19-01-2018","4,276.50","4,235.00","4,315.50","4,198.00","157.25K","0.59%"
"18-01-2018","4,251.50","4,341.00","4,354.00","4,230.00","126.74K","-1.94%"
"17-01-2018","4,335.50","4,311.00","4,362.00","4,287.00","96.96K","0.39%"
"16-01-2018","4,318.50","4,385.00","4,385.00","4,302.00","103.48K","-1.34%"
"15-01-2018","4,377.00","4,420.00","4,420.00","4,362.00","89.26K","0.56%"
"12-01-2018","4,352.50","4,365.00","4,387.00","4,325.50","120.26K","-0.09%"
"11-01-2018","4,356.50","4,432.50","4,470.00","4,317.00","251.15K","-1.89%"
"10-01-2018","4,440.50","4,364.00","4,463.00","4,364.00","167.43K","1.65%"
"09-01-2018","4,368.50","4,394.00","4,405.00","4,351.00","131.92K","-0.39%"
"08-01-2018","4,385.50","4,318.00","4,423.00","4,311.00","192.21K","1.21%"
"05-01-2018","4,333.00","4,257.00","4,356.50","4,230.50","186.31K","1.79%"
"04-01-2018","4,257.00","4,232.00","4,288.50","4,232.00","109.71K","1.18%"
"03-01-2018","4,207.50","4,190.00","4,225.00","4,174.00","99.26K","0.42%"
"02-01-2018","4,190.00","4,185.00","4,221.00","4,176.00","91.53K","0.31%"
"01-01-2018","4,177.00","4,145.00","4,204.00","4,112.00","62.51K","0.88%"
"29-12-2017","4,140.50","4,197.00","4,199.00","4,122.00","68.59K","-1.06%"
"28-12-2017","4,185.00","4,170.50","4,226.00","4,141.00","68.12K","0.28%"
"27-12-2017","4,173.50","4,178.50","4,199.00","4,154.00","32.91K","-0.01%"
"26-12-2017","4,174.00","4,140.00","4,180.00","4,105.00","44.59K","1.87%"
"22-12-2017","4,097.50","4,145.00","4,145.00","4,082.00","32.69K","-0.27%"
"21-12-2017","4,108.50","4,000.00","4,118.00","3,982.00","29.45K","4.54%"
"20-12-2017","3,930.00","3,962.00","3,968.00","3,905.00","100.97K","-0.51%"
"19-12-2017","3,950.00","3,897.00","3,965.00","3,889.00","106.99K","1.62%"
"18-12-2017","3,887.00","3,880.00","3,905.00","3,872.00","55.60K","0.45%"
"15-12-2017","3,869.50","3,842.00","3,877.00","3,825.00","62.77K","0.44%"
"14-12-2017","3,852.50","3,825.50","3,907.00","3,812.00","118.56K","0.73%"
"13-12-2017","3,824.50","3,803.50","3,835.00","3,780.00","84.08K","0.58%"
"12-12-2017","3,802.50","3,877.00","3,894.50","3,771.50","110.14K","-1.88%"
"11-12-2017","3,875.50","3,885.00","3,913.00","3,862.00","105.72K","0.08%"
"08-12-2017","3,872.50","3,790.00","3,884.00","3,746.00","119.61K","1.15%"
"07-12-2017","3,828.50","3,888.50","3,890.00","3,820.00","96.85K","-1.81%"
"06-12-2017","3,899.00","3,920.00","3,930.00","3,871.00","108.36K","-0.29%"
"05-12-2017","3,910.50","3,970.00","3,986.00","3,897.00","103.64K","-1.59%"
"04-12-2017","3,973.50","3,932.00","4,005.00","3,928.00","121.65K","1.72%"
"01-12-2017","3,906.50","3,965.00","3,980.00","3,890.00","75.78K","-1.51%"
"30-11-2017","3,966.50","3,931.00","3,984.00","3,925.50","70.50K","0.75%"
"29-11-2017","3,937.00","3,948.50","3,957.50","3,903.00","47.55K","-0.20%"
"28-11-2017","3,945.00","3,968.00","4,005.50","3,929.50","41.34K","-0.73%"
"27-11-2017","3,974.00","3,905.00","3,993.00","3,898.00","46.46K","2.45%"
"24-11-2017","3,879.00","3,912.00","3,941.00","3,870.00","30.90K","-0.96%"
"23-11-2017","3,916.50","3,821.50","3,941.00","3,821.50","48.25K","2.61%"
"22-11-2017","3,817.00","3,806.00","3,837.00","3,800.00","22.54K","0.87%"
"21-11-2017","3,784.00","3,742.00","3,805.00","3,733.00","10.80K","3.04%"
"20-11-2017","3,672.50","3,658.00","3,707.50","3,658.00","87.10K","0.66%"
"17-11-2017","3,648.50","3,657.00","3,676.00","3,630.00","70.67K","-0.37%"
"16-11-2017","3,662.00","3,687.00","3,700.00","3,652.00","78.77K","-0.41%"
"15-11-2017","3,677.00","3,700.00","3,722.00","3,667.00","75.26K","-0.57%"
"14-11-2017","3,698.00","3,699.00","3,728.00","3,674.00","93.51K","-0.03%"
"13-11-2017","3,699.00","3,711.00","3,773.00","3,688.00","142.73K","-0.16%"
"10-11-2017","3,705.00","3,620.00","3,722.00","3,591.00","164.58K","2.36%"
"09-11-2017","3,619.50","3,680.00","3,708.00","3,605.50","139.12K","-1.50%"
"08-11-2017","3,674.50","3,669.00","3,713.00","3,655.00","92.35K","0.11%"
"07-11-2017","3,670.50","3,677.00","3,698.00","3,649.00","88.34K","0.04%"
"06-11-2017","3,669.00","3,693.00","3,750.00","3,660.00","119.26K","-0.57%"
"03-11-2017","3,690.00","3,627.50","3,706.00","3,618.00","115.55K","1.82%"
"02-11-2017","3,624.00","3,619.00","3,638.00","3,588.00","79.24K","0.95%"
"01-11-2017","3,590.00","3,625.00","3,642.00","3,558.00","99.34K","-1.32%"
"31-10-2017","3,638.00","3,622.00","3,660.00","3,592.00","60.79K","0.69%"
"30-10-2017","3,613.00","3,708.00","3,717.00","3,590.00","64.42K","-2.34%"
"27-10-2017","3,699.50","3,778.50","3,780.50","3,691.50","34.52K","-1.96%"
"26-10-2017","3,773.50","3,751.50","3,786.50","3,744.50","28.54K","0.88%"
"25-10-2017","3,740.50","3,719.00","3,765.00","3,700.00","27.21K","0.07%"
"24-10-2017","3,738.00","3,796.00","3,805.00","3,716.00","46.28K","-1.53%"
"23-10-2017","3,796.00","3,800.50","3,855.00","3,787.00","17.84K","-1.11%"
"19-10-2017","3,838.50","3,874.50","3,874.50","3,800.00","6.85K","1.16%"
"18-10-2017","3,794.50","3,790.00","3,825.00","3,765.50","91.29K","-0.09%"
"17-10-2017","3,798.00","3,821.00","3,875.00","3,788.00","108.83K","-0.90%"
"16-10-2017","3,832.50","3,770.00","3,854.00","3,707.50","145.71K","1.25%"
"13-10-2017","3,785.00","3,805.00","3,824.00","3,772.00","76.76K","-0.84%"
"12-10-2017","3,817.00","3,842.00","3,860.00","3,802.00","87.56K","-0.96%"
"11-10-2017","3,854.00","3,870.00","3,893.00","3,834.00","123.59K","-0.62%"
"10-10-2017","3,878.00","3,750.00","3,882.00","3,750.00","159.68K","3.88%"
"09-10-2017","3,733.00","3,750.00","3,752.00","3,681.00","103.90K","-0.53%"
"06-10-2017","3,753.00","3,775.00","3,793.00","3,740.00","88.74K","-0.27%"
"05-10-2017","3,763.00","3,710.00","3,775.00","3,710.00","83.08K","1.70%"
"04-10-2017","3,700.00","3,690.00","3,731.00","3,658.00","114.07K","0.03%"
"03-10-2017","3,699.00","3,794.00","3,794.00","3,699.00","86.33K","-2.99%"
"29-09-2017","3,813.00","3,800.00","3,833.00","3,780.00","66.79K","0.24%"
"28-09-2017","3,804.00","3,855.00","3,862.00","3,768.00","70.35K","-1.71%"
"27-09-2017","3,870.00","3,900.00","3,924.00","3,850.00","48.32K","-0.79%"
"26-09-2017","3,901.00","3,825.00","3,910.00","3,820.00","56.22K","2.66%"
"25-09-2017","3,800.00","3,822.00","3,825.00","3,760.00","27.09K","-0.05%"
"22-09-2017","3,802.00","3,813.00","3,840.00","3,780.00","16.98K","-0.05%"
"21-09-2017","3,804.00","3,800.00","3,818.00","3,770.00","9.32K","0.00%"
"20-09-2017","3,804.00","3,803.00","3,856.00","3,740.00","20.93K","-0.26%"
"19-09-2017","3,814.00","3,697.00","3,826.00","3,690.00","13.51K","3.59%"
"18-09-2017","3,682.00","3,765.00","3,767.00","3,633.00","14.85K","-1.15%"
"15-09-2017","3,725.00","3,780.00","3,780.00","3,693.00","15.71K","-1.72%"
"14-09-2017","3,790.00","3,930.00","3,942.00","3,790.00","11.92K","-3.98%"
"13-09-2017","3,947.00","3,924.00","3,998.00","3,923.00","9.51K","0.56%"
"12-09-2017","3,925.00","3,905.00","3,945.00","3,890.00","6.49K","-0.58%"
"11-09-2017","3,948.00","3,914.00","3,974.00","3,881.00","8.18K","0.59%"
"08-09-2017","3,925.00","3,854.00","3,945.00","3,854.00","7.20K","2.11%"
"07-09-2017","3,844.00","3,862.00","3,894.00","3,837.00","8.91K","-0.47%"
"06-09-2017","3,862.00","3,811.00","3,880.00","3,797.00","5.15K","1.93%"
"05-09-2017","3,789.00","3,802.00","3,822.00","3,736.00","10.70K","-1.02%"
"04-09-2017","3,828.00","3,916.00","3,917.00","3,814.00","9.02K","-1.19%"
"01-09-2017","3,874.00","3,966.00","3,966.00","3,848.00","13.44K","-3.34%"
"31-08-2017","4,008.00","4,153.00","4,163.00","4,008.00","14.14K","-3.98%"
"30-08-2017","4,174.00","4,229.00","4,246.00","4,159.00","5.65K","-0.22%"
"29-08-2017","4,183.00","4,211.00","4,260.00","4,145.00","12.19K","-0.92%"
"28-08-2017","4,222.00","4,250.00","4,344.00","4,154.00","11.25K","-1.40%"
"24-08-2017","4,282.00","4,131.00","4,282.00","4,131.00","11.01K","3.98%"
"23-08-2017","4,118.00","4,130.00","4,137.00","4,082.00","5.01K","1.20%"
"22-08-2017","4,069.00","4,130.00","4,173.00","4,054.00","7.06K","-0.73%"
"21-08-2017","4,099.00","4,000.00","4,118.00","4,000.00","6.69K","3.38%"
"18-08-2017","3,965.00","3,910.00","4,018.00","3,881.00","5.12K","1.64%"
"17-08-2017","3,901.00","3,944.00","3,972.00","3,884.00","4.83K","-0.18%"
"16-08-2017","3,908.00","3,877.00","3,955.00","3,791.00","5.26K","0.44%"
"14-08-2017","3,891.00","3,970.00","3,995.00","3,850.00","3.30K","-1.29%"
"11-08-2017","3,942.00","3,826.00","3,950.00","3,815.00","3.61K","3.46%"
"10-08-2017","3,810.00","3,847.00","3,895.00","3,793.00","5.17K","-0.78%"
"09-08-2017","3,840.00","3,865.00","3,900.00","3,826.00","3.39K","-0.83%"
"08-08-2017","3,872.00","3,735.00","3,879.00","3,725.00","4.27K","3.09%"
"07-08-2017","3,756.00","3,769.00","3,801.00","3,743.00","3.44K","-0.32%"
"04-08-2017","3,768.00","3,725.00","3,786.00","3,716.00","2.62K","2.47%"
"03-08-2017","3,677.00","3,639.00","3,690.00","3,630.00","2.84K","1.38%"
"02-08-2017","3,627.00","3,635.00","3,642.00","3,610.00","1.45K","-0.55%"
"01-08-2017","3,647.00","3,643.00","3,692.00","3,640.00","2.97K","0.19%"
"31-07-2017","3,640.00","3,607.00","3,694.00","3,607.00","3.64K","1.03%"
"28-07-2017","3,603.00","3,535.00","3,625.00","3,535.00","2.57K","1.46%"
"27-07-2017","3,551.00","3,563.00","3,594.00","3,542.00","1.90K","-0.70%"
"26-07-2017","3,576.00","3,465.00","3,602.00","3,451.00","2.60K","3.17%"
"25-07-2017","3,466.00","3,456.00","3,480.00","3,456.00","0.54K","0.52%"
"24-07-2017","3,448.00","3,449.00","3,464.00","3,430.00","1.79K","-0.58%"
"21-07-2017","3,468.00","3,464.00","3,482.00","3,433.00","1.39K","1.34%"
"20-07-2017","3,422.00","3,400.00","3,440.00","3,371.00","77.12K","0.44%"
"19-07-2017","3,407.00","3,388.00","3,449.00","3,375.00","79.20K","0.56%"
"18-07-2017","3,388.00","3,371.00","3,407.00","3,371.00","53.50K","-0.12%"
"17-07-2017","3,392.00","3,422.00","3,436.00","3,381.00","92.23K","-1.91%"
"14-07-2017","3,458.00","3,355.00","3,471.00","3,351.00","88.68K","2.61%"
"13-07-2017","3,370.00","3,383.00","3,407.00","3,360.00","69.35K","-0.65%"
"12-07-2017","3,392.00","3,346.00","3,415.00","3,341.00","79.23K","1.59%"
"11-07-2017","3,339.00","3,391.00","3,400.00","3,326.00","85.73K","-1.97%"
"10-07-2017","3,406.00","3,389.00","3,460.00","3,389.00","106.87K","1.07%"
"07-07-2017","3,370.00","3,420.00","3,453.00","3,355.00","95.04K","-1.75%"
"06-07-2017","3,430.00","3,381.00","3,454.00","3,333.00","99.01K","1.30%"
"05-07-2017","3,386.00","3,341.00","3,398.00","3,341.00","60.22K","1.17%"
"04-07-2017","3,347.00","3,392.00","3,419.00","3,309.00","91.48K","-2.11%"
"03-07-2017","3,419.00","3,585.00","3,591.00","3,419.00","64.27K","-3.99%"
"30-06-2017","3,561.00","3,560.00","3,594.00","3,547.00","44.02K","-0.14%"
"29-06-2017","3,566.00","3,520.00","3,582.00","3,511.00","47.35K","1.25%"
"28-06-2017","3,522.00","3,399.00","3,522.00","3,399.00","35.41K","2.98%"
"27-06-2017","3,420.00","3,413.00","3,452.00","3,392.00","16.66K","-0.84%"
"23-06-2017","3,449.00","3,449.00","3,492.00","3,433.00","22.44K","0.32%"
"22-06-2017","3,438.00","3,434.00","3,460.00","3,395.00","17.32K","-0.95%"
"21-06-2017","3,471.00","3,511.00","3,519.00","3,465.00","7.26K","2.94%"
"20-06-2017","3,372.00","3,441.00","3,451.00","3,364.00","83.85K","-2.68%"
"19-06-2017","3,465.00","3,560.00","3,564.00","3,452.00","118.34K","-2.28%"
"16-06-2017","3,546.00","3,482.00","3,562.00","3,482.00","110.16K","1.84%"
"15-06-2017","3,482.00","3,480.00","3,573.00","3,463.00","134.01K","0.00%"
"14-06-2017","3,482.00","3,405.00","3,490.00","3,400.00","81.78K","2.74%"
"13-06-2017","3,389.00","3,393.00","3,412.00","3,366.00","53.03K","0.56%"
"12-06-2017","3,370.00","3,300.00","3,390.00","3,300.00","74.46K","2.18%"
"09-06-2017","3,298.00","3,278.00","3,318.00","3,278.00","73.42K","0.33%"
"08-06-2017","3,287.00","3,261.00","3,316.00","3,235.00","80.16K","0.34%"
"07-06-2017","3,276.00","3,304.00","3,322.00","3,256.00","76.19K","-1.36%"
"06-06-2017","3,321.00","3,333.00","3,420.00","3,305.00","108.42K","-0.48%"
"05-06-2017","3,337.00","3,342.00","3,363.00","3,315.00","63.95K","0.09%"
"02-06-2017","3,334.00","3,397.00","3,464.00","3,320.00","77.11K","-2.11%"
"01-06-2017","3,406.00","3,390.00","3,438.00","3,382.00","31.58K","-0.18%"
"31-05-2017","3,412.00","3,499.00","3,499.00","3,386.00","62.61K","-2.23%"
"30-05-2017","3,490.00","3,483.00","3,521.00","3,449.00","44.74K","0.29%"
"29-05-2017","3,480.00","3,583.00","3,589.00","3,457.00","29.11K","-3.09%"
"26-05-2017","3,591.00","3,502.00","3,610.00","3,500.00","24.39K","0.70%"
"25-05-2017","3,566.00","3,557.00","3,584.00","3,535.00","18.90K","0.20%"
"24-05-2017","3,559.00","3,650.00","3,653.00","3,543.00","16.61K","-2.47%"
"23-05-2017","3,649.00","3,704.00","3,712.00","3,611.00","22.28K","-1.33%"
"22-05-2017","3,698.00","3,701.00","3,721.00","3,683.00","7.51K","0.71%"
"19-05-2017","3,672.00","3,635.00","3,709.00","3,630.00","83.94K","1.49%"
"18-05-2017","3,618.00","3,608.00","3,638.00","3,594.00","54.22K","0.06%"
"17-05-2017","3,616.00","3,611.00","3,658.00","3,602.00","50.96K","-0.44%"
"16-05-2017","3,632.00","3,600.00","3,638.00","3,583.00","73.85K","0.80%"
"15-05-2017","3,603.00","3,683.00","3,705.00","3,594.00","72.97K","-2.75%"
"12-05-2017","3,705.00","3,703.00","3,738.00","3,670.00","61.42K","0.11%"
"11-05-2017","3,701.00","3,700.00","3,740.00","3,685.00","57.84K","0.57%"
"10-05-2017","3,680.00","3,732.00","3,733.00","3,656.00","85.38K","-1.79%"
"09-05-2017","3,747.00","3,710.00","3,772.00","3,670.00","88.21K","1.22%"
"08-05-2017","3,702.00","3,750.00","3,765.00","3,692.00","51.00K","-0.72%"
"05-05-2017","3,729.00","3,726.00","3,768.00","3,633.00","94.77K","-0.85%"
"04-05-2017","3,761.00","3,740.00","3,774.00","3,728.00","53.77K","0.64%"
"03-05-2017","3,737.00","3,790.00","3,801.00","3,722.00","57.04K","-1.92%"
"02-05-2017","3,810.00","3,906.00","3,917.00","3,800.00","49.83K","-2.91%"
"28-04-2017","3,924.00","3,908.00","3,937.00","3,895.00","40.59K","0.38%"
"27-04-2017","3,909.00","3,955.00","3,972.00","3,894.00","28.74K","-1.06%"
"26-04-2017","3,951.00","3,949.00","3,983.00","3,936.00","19.44K","-0.20%"
"25-04-2017","3,959.00","3,922.00","3,970.00","3,922.00","13.07K","0.81%"
"24-04-2017","3,927.00","3,939.00","3,949.00","3,901.00","12.85K","-1.11%"
"21-04-2017","3,971.00","4,008.00","4,037.00","3,960.00","9.77K","0.20%"
"20-04-2017","3,963.00","3,982.00","3,997.00","3,940.00","84.06K","-0.63%"
"19-04-2017","3,988.00","3,985.00","4,013.00","3,952.00","74.04K","0.33%"
"18-04-2017","3,975.00","3,970.00","4,064.00","3,952.00","123.16K","0.23%"
"17-04-2017","3,966.00","4,085.00","4,085.00","3,945.00","114.48K","-3.06%"
"13-04-2017","4,091.00","4,016.00","4,120.00","3,996.00","154.78K","2.12%"
"12-04-2017","4,006.00","3,983.00","4,025.00","3,927.00","106.72K","0.58%"
"11-04-2017","3,983.00","4,027.00","4,114.00","3,963.00","132.75K","-1.31%"
"10-04-2017","4,036.00","4,055.00","4,075.00","4,020.00","81.26K","-0.59%"
"07-04-2017","4,060.00","4,147.00","4,175.00","4,012.00","131.12K","-1.53%"
"06-04-2017","4,123.00","4,100.00","4,147.00","4,080.00","100.50K","-1.86%"
"04-04-2017","4,201.00","4,201.00","4,201.00","4,201.00","","0.00%"
"03-04-2017","4,201.00","4,129.00","4,201.00","4,110.00","105.00K","2.99%"
"31-03-2017","4,079.00","4,005.00","4,089.00","4,000.00","100.61K","2.75%"
"30-03-2017","3,970.00","3,958.00","4,009.00","3,954.00","53.06K","0.51%"
"29-03-2017","3,950.00","3,954.00","3,987.00","3,936.00","30.93K","0.10%"
"28-03-2017","3,946.00","3,867.00","3,963.00","3,856.00","38.12K","2.44%"
"27-03-2017","3,852.00","3,920.00","3,967.00","3,837.00","36.11K","-2.08%"
"24-03-2017","3,934.00","3,925.00","4,004.00","3,923.00","24.99K","0.05%"
"23-03-2017","3,932.00","3,907.00","3,972.00","3,890.00","19.76K","0.67%"
"22-03-2017","3,906.00","3,893.00","3,963.00","3,874.00","16.56K","-0.10%"
"21-03-2017","3,910.00","3,924.00","3,937.00","3,885.00","7.27K","1.14%"
"20-03-2017","3,866.00","3,909.00","3,930.00","3,848.00","106.56K","-1.10%"
"17-03-2017","3,909.00","3,850.00","3,944.00","3,774.00","139.84K","1.77%"
"16-03-2017","3,841.00","3,853.00","3,869.00","3,821.00","80.00K","-0.23%"
"15-03-2017","3,850.00","3,788.00","3,866.00","3,747.00","108.57K","2.18%"
"14-03-2017","3,768.00","3,815.00","3,815.00","3,725.00","98.73K","-0.40%"
"10-03-2017","3,783.00","3,862.00","3,888.00","3,750.00","178.79K","-1.82%"
"09-03-2017","3,853.00","4,051.00","4,051.00","3,849.00","194.14K","-3.89%"
"08-03-2017","4,009.00","3,876.00","4,009.00","3,851.00","130.50K","2.98%"
"07-03-2017","3,893.00","3,990.00","4,000.00","3,864.00","137.04K","-2.01%"
"06-03-2017","3,973.00","3,891.00","3,995.00","3,891.00","133.66K","3.41%"
"03-03-2017","3,842.00","3,840.00","3,895.00","3,816.00","108.97K","0.23%"
"02-03-2017","3,833.00","3,824.00","3,859.00","3,765.00","109.21K","0.58%"
"01-03-2017","3,811.00","3,840.00","3,895.00","3,784.00","122.99K","-0.24%"
"28-02-2017","3,820.00","3,656.00","3,820.00","3,635.00","88.47K","3.97%"
"27-02-2017","3,674.00","3,713.00","3,745.00","3,653.00","70.38K","1.58%"
"24-02-2017","3,617.00","3,617.00","3,617.00","3,617.00","","0.00%"
"23-02-2017","3,617.00","3,520.00","3,643.00","3,508.00","40.84K","3.25%"
"22-02-2017","3,503.00","3,400.00","3,503.00","3,400.00","30.39K","3.00%"
"21-02-2017","3,401.00","3,428.00","3,447.00","3,387.00","14.26K","1.13%"
"20-02-2017","3,363.00","3,364.00","3,402.00","3,349.00","67.96K","0.48%"
"17-02-2017","3,347.00","3,311.00","3,368.00","3,302.00","66.65K","1.00%"
"16-02-2017","3,314.00","3,326.00","3,342.00","3,303.00","45.19K","-0.36%"
"15-02-2017","3,326.00","3,264.00","3,348.00","3,261.00","64.43K","2.15%"
"14-02-2017","3,256.00","3,272.00","3,285.00","3,241.00","32.13K","-0.58%"
"13-02-2017","3,275.00","3,287.00","3,312.00","3,270.00","33.09K","-0.64%"
"10-02-2017","3,296.00","3,310.00","3,324.00","3,286.00","54.39K","-0.45%"
"09-02-2017","3,311.00","3,318.00","3,340.00","3,303.00","39.88K","0.03%"
"08-02-2017","3,310.00","3,290.00","3,330.00","3,282.00","32.61K","0.70%"
"07-02-2017","3,287.00","3,306.00","3,322.00","3,278.00","31.55K","-0.45%"
"06-02-2017","3,302.00","3,335.00","3,342.00","3,296.00","28.66K","-1.02%"
"03-02-2017","3,336.00","3,333.00","3,352.00","3,332.00","11.73K","-0.03%"
"02-02-2017","3,337.00","3,389.00","3,394.00","3,331.00","26.69K","-1.36%"
"01-02-2017","3,383.00","3,320.00","3,404.00","3,309.00","27.85K","2.02%"
"31-01-2017","3,316.00","3,296.00","3,322.00","3,290.00","22.10K","0.52%"
"30-01-2017","3,299.00","3,339.00","3,339.00","3,292.00","17.48K","-1.14%"
"27-01-2017","3,337.00","3,370.00","3,385.00","3,307.00","18.30K","-0.86%"
"25-01-2017","3,366.00","3,367.00","3,375.00","3,349.00","8.75K","-0.12%"
"24-01-2017","3,370.00","3,417.00","3,428.00","3,350.00","9.87K","-1.35%"
"23-01-2017","3,416.00","3,430.00","3,453.00","3,411.00","6.67K","0.95%"
"20-01-2017","3,384.00","3,355.00","3,393.00","3,355.00","24.80K","0.53%"
"19-01-2017","3,366.00","3,372.00","3,395.00","3,360.00","22.14K","-0.71%"
"17-01-2017","3,390.00","3,325.00","3,404.00","3,311.00","45.68K","2.02%"
"16-01-2017","3,323.00","3,328.00","3,339.00","3,311.00","16.01K","-0.30%"
"13-01-2017","3,333.00","3,340.00","3,362.00","3,325.00","21.58K","0.00%"
"12-01-2017","3,333.00","3,310.00","3,355.00","3,310.00","25.03K","0.63%"
"11-01-2017","3,312.00","3,316.00","3,338.00","3,300.00","34.84K","-0.12%"
"10-01-2017","3,316.00","3,300.00","3,328.00","3,282.00","44.90K","-0.06%"
"09-01-2017","3,318.00","3,365.00","3,380.00","3,306.00","33.03K","-1.37%"
"06-01-2017","3,364.00","3,375.00","3,386.00","3,349.00","25.54K","-0.03%"
"05-01-2017","3,365.00","3,332.00","3,372.00","3,332.00","26.54K","1.20%"
"04-01-2017","3,325.00","3,358.00","3,376.00","3,319.00","25.53K","-1.74%"
"03-01-2017","3,384.00","3,375.00","3,411.00","3,370.00","27.69K","0.45%"
"02-01-2017","3,369.00","3,290.00","3,381.00","3,290.00","28.90K","2.65%"