"Date","Price","Open","High","Low","Vol.","Change %"
"30-04-2026","5,723.00","5,773.00","5,778.00","5,710.00","20.12K","-0.87%"
"29-04-2026","5,773.00","5,635.00","5,793.00","5,582.00","33.48K","2.87%"
"28-04-2026","5,612.00","5,588.00","5,639.00","5,571.00","11.20K","0.54%"
"27-04-2026","5,582.00","5,605.00","5,625.00","5,555.00","16.13K","-0.71%"
"24-04-2026","5,622.00","5,680.00","5,689.00","5,600.00","14.72K","-1.14%"
"23-04-2026","5,687.00","5,661.00","5,698.00","5,632.00","17.85K","0.26%"
"22-04-2026","5,672.00","5,762.00","5,804.00","5,661.00","37.19K","-1.73%"
"21-04-2026","5,772.00","5,855.00","5,855.00","5,760.00","29.09K","-0.84%"
"20-04-2026","5,821.00","5,820.00","5,824.00","5,820.00","0.16K","3.95%"
"17-04-2026","5,600.00","5,600.00","5,600.00","5,600.00","0.10K","-0.57%"
"16-04-2026","5,632.00","5,634.00","5,665.00","5,460.00","6.91K","-0.37%"
"15-04-2026","5,653.00","5,684.00","5,730.00","5,630.00","8.34K","-0.18%"
"13-04-2026","5,663.00","5,610.00","5,697.00","5,561.00","10.22K","0.50%"
"10-04-2026","5,635.00","5,674.00","5,691.00","5,610.00","10.47K","-0.58%"
"09-04-2026","5,668.00","5,721.00","5,728.00","5,642.00","7.46K","-1.10%"
"08-04-2026","5,731.00","5,784.00","5,784.00","5,685.00","6.46K","0.28%"
"07-04-2026","5,715.00","5,750.00","5,765.00","5,685.00","8.54K","-0.10%"
"06-04-2026","5,721.00","5,760.00","5,838.00","5,710.00","13.67K","-0.75%"
"02-04-2026","5,764.00","5,685.00","5,813.00","5,671.00","12.14K","0.72%"
"01-04-2026","5,723.00","5,740.00","5,820.00","5,687.00","25.86K","0.12%"
"30-03-2026","5,716.00","5,525.00","5,742.00","5,521.00","25.28K","3.48%"
"27-03-2026","5,524.00","5,526.00","5,570.00","5,503.00","16.81K","-0.22%"
"25-03-2026","5,536.00","5,487.00","5,558.00","5,476.00","24.96K","1.34%"
"24-03-2026","5,463.00","5,504.00","5,505.00","5,455.00","13.57K","-0.29%"
"23-03-2026","5,479.00","5,440.00","5,549.00","5,380.00","22.89K","0.40%"
"20-03-2026","5,457.00","5,470.00","5,482.00","5,450.00","0.38K","0.96%"
"19-03-2026","5,405.00","5,390.00","5,443.00","5,371.00","0.08K","-0.15%"
"18-03-2026","5,413.00","5,373.00","5,458.00","5,345.00","7.25K","0.91%"
"17-03-2026","5,364.00","5,405.00","5,420.00","5,357.00","8.29K","-0.48%"
"16-03-2026","5,390.00","5,418.00","5,440.00","5,364.00","7.77K","0.35%"
"13-03-2026","5,371.00","5,452.00","5,472.00","5,325.00","7.34K","-1.38%"
"12-03-2026","5,446.00","5,446.00","5,495.00","5,416.00","6.20K","0.18%"
"11-03-2026","5,436.00","5,451.00","5,495.00","5,417.00","6.26K","-0.46%"
"10-03-2026","5,461.00","5,475.00","5,501.00","5,440.00","9.33K","-0.73%"
"09-03-2026","5,501.00","5,261.00","5,540.00","5,233.00","19.61K","3.99%"
"06-03-2026","5,290.00","5,310.00","5,337.00","5,276.00","11.32K","-0.40%"
"05-03-2026","5,311.00","5,220.00","5,320.00","5,215.00","12.31K","1.32%"
"04-03-2026","5,242.00","5,140.00","5,280.00","5,100.00","10.33K","-0.19%"
"02-03-2026","5,252.00","5,381.00","5,381.00","5,203.00","34.19K","-2.70%"
"27-02-2026","5,398.00","5,392.00","5,443.00","5,385.00","21.28K","-0.11%"
"26-02-2026","5,404.00","5,365.00","5,421.00","5,364.00","16.22K","0.50%"
"25-02-2026","5,377.00","5,391.00","5,416.00","5,366.00","12.48K","-0.54%"
"24-02-2026","5,406.00","5,406.00","5,453.00","5,386.00","18.09K","-0.33%"
"23-02-2026","5,424.00","5,345.00","5,444.00","5,341.00","23.08K","1.31%"
"20-02-2026","5,354.00","5,381.00","5,381.00","5,301.00","0.05K","1.65%"
"19-02-2026","5,267.00","5,140.00","5,317.00","5,140.00","0.26K","-0.17%"
"18-02-2026","5,276.00","5,351.00","5,386.00","5,263.00","4.93K","-1.48%"
"17-02-2026","5,355.00","5,332.00","5,399.00","5,329.00","5.70K","0.11%"
"16-02-2026","5,349.00","5,280.00","5,404.00","5,280.00","9.05K","-0.34%"
"13-02-2026","5,367.00","5,415.00","5,440.00","5,349.00","3.64K","-1.21%"
"12-02-2026","5,433.00","5,433.00","5,474.00","5,240.00","7.19K","0.02%"
"11-02-2026","5,432.00","5,477.00","5,499.00","5,412.00","8.29K","-0.89%"
"10-02-2026","5,481.00","5,462.00","5,512.00","5,444.00","11.42K","0.53%"
"09-02-2026","5,452.00","5,535.00","5,536.00","5,425.00","9.69K","-1.00%"
"06-02-2026","5,507.00","5,530.00","5,594.00","5,493.00","7.79K","-1.31%"
"05-02-2026","5,580.00","5,506.00","5,625.00","5,505.00","10.27K","0.54%"
"04-02-2026","5,550.00","5,506.00","5,574.00","5,462.00","14.01K","0.05%"
"03-02-2026","5,547.00","5,571.00","5,648.00","5,530.00","16.72K","0.56%"
"02-02-2026","5,516.00","5,425.00","5,542.00","5,366.00","18.42K","1.19%"
"01-02-2026","5,451.00","5,501.00","5,540.00","5,430.00","10.20K","-1.62%"
"30-01-2026","5,541.00","5,562.00","5,595.00","5,500.00","21.72K","-0.45%"
"29-01-2026","5,566.00","5,445.00","5,610.00","5,402.00","37.10K","1.55%"
"28-01-2026","5,481.00","5,640.00","5,640.00","5,450.00","42.82K","-2.96%"
"27-01-2026","5,648.00","5,645.00","5,711.00","5,620.00","21.89K","-0.69%"
"23-01-2026","5,687.00","5,720.00","5,758.00","5,665.00","22.47K","-0.56%"
"22-01-2026","5,719.00","5,740.00","5,784.00","5,693.00","24.60K","-0.02%"
"21-01-2026","5,720.00","5,635.00","5,742.00","5,569.00","33.66K","2.77%"
"20-01-2026","5,566.00","5,564.00","5,570.00","5,564.00","0.09K","-1.83%"
"19-01-2026","5,670.00","5,847.00","5,847.00","5,560.00","0.51K","0.75%"
"16-01-2026","5,628.00","5,590.00","5,713.00","5,562.00","7.96K","1.61%"
"14-01-2026","5,539.00","5,560.00","5,580.00","5,466.00","6.07K","0.95%"
"13-01-2026","5,487.00","5,660.00","5,676.00","5,452.00","5.72K","-3.11%"
"12-01-2026","5,663.00","5,785.00","5,840.00","5,600.00","8.50K","-0.74%"
"09-01-2026","5,705.00","5,412.00","5,730.00","5,376.00","13.33K","4.51%"
"08-01-2026","5,459.00","5,705.00","5,778.00","5,401.00","18.75K","-4.28%"
"07-01-2026","5,703.00","5,682.00","5,742.00","5,523.00","14.19K","-0.14%"
"06-01-2026","5,711.00","5,991.00","6,015.00","5,638.00","20.13K","-4.67%"
"05-01-2026","5,991.00","6,090.00","6,090.00","5,977.00","11.55K","-1.77%"
"02-01-2026","6,099.00","6,050.00","6,212.00","6,050.00","25.27K","1.13%"
"01-01-2026","6,031.00","6,075.00","6,087.00","5,928.00","18.56K","0.00%"
"31-12-2025","6,031.00","6,080.00","6,150.00","6,004.00","43.60K","-0.40%"
"30-12-2025","6,055.00","5,850.00","6,077.00","5,773.00","48.82K","3.40%"
"29-12-2025","5,856.00","6,030.00","6,030.00","5,810.00","46.89K","-2.80%"
"26-12-2025","6,025.00","5,840.00","6,088.00","5,752.00","105.07K","4.09%"
"24-12-2025","5,788.00","5,625.00","5,817.00","5,586.00","59.34K","3.47%"
"23-12-2025","5,594.00","5,646.00","5,720.00","5,480.00","56.25K","-1.32%"
"22-12-2025","5,669.00","5,724.00","5,792.00","5,645.00","65.73K","3.37%"
"19-12-2025","5,484.00","5,536.00","5,536.00","5,450.00","0.03K","2.97%"
"18-12-2025","5,326.00","5,343.00","5,461.00","5,263.00","0.96K","1.41%"
"17-12-2025","5,252.00","5,225.00","5,292.00","5,224.00","1.85K","-0.15%"
"16-12-2025","5,260.00","5,370.00","5,370.00","5,205.00","4.08K","0.38%"
"15-12-2025","5,240.00","5,084.00","5,256.00","4,964.00","16.70K","5.67%"
"12-12-2025","4,959.00","4,912.00","4,973.00","4,912.00","7.08K","1.33%"
"11-12-2025","4,894.00","4,859.00","4,922.00","4,859.00","8.09K","1.12%"
"10-12-2025","4,840.00","4,836.00","4,895.00","4,833.00","5.39K","-0.68%"
"09-12-2025","4,873.00","4,774.00","4,890.00","4,763.00","10.66K","2.07%"
"08-12-2025","4,774.00","4,760.00","4,795.00","4,750.00","6.40K","0.61%"
"05-12-2025","4,745.00","4,741.00","4,787.00","4,735.00","5.30K","-0.32%"
"04-12-2025","4,760.00","4,772.00","4,800.00","4,755.00","7.65K","-0.44%"
"03-12-2025","4,781.00","4,791.00","4,827.00","4,760.00","8.85K","-0.21%"
"02-12-2025","4,791.00","4,818.00","4,834.00","4,762.00","10.45K","-0.06%"
"01-12-2025","4,794.00","4,655.00","4,810.00","4,648.00","26.57K","2.92%"
"28-11-2025","4,658.00","4,662.00","4,695.00","4,650.00","15.16K","-0.41%"
"27-11-2025","4,677.00","4,628.00","4,695.00","4,618.00","12.69K","1.04%"
"26-11-2025","4,629.00","4,631.00","4,648.00","4,607.00","8.14K","0.15%"
"25-11-2025","4,622.00","4,700.00","4,704.00","4,608.00","19.78K","-1.68%"
"24-11-2025","4,701.00","4,698.00","4,720.00","4,688.00","7.73K","-0.02%"
"21-11-2025","4,702.00","4,721.00","4,728.00","4,692.00","10.08K","0.30%"
"20-11-2025","4,688.00","4,688.00","4,688.00","4,688.00","","0.97%"
"19-11-2025","4,643.00","4,550.00","4,707.00","4,550.00","0.14K","2.25%"
"18-11-2025","4,541.00","4,548.00","4,580.00","4,504.00","4.96K","-0.29%"
"17-11-2025","4,554.00","4,613.00","4,620.00","4,545.00","5.21K","-1.71%"
"14-11-2025","4,633.00","4,622.00","4,649.00","4,590.00","5.02K","0.43%"
"13-11-2025","4,613.00","4,652.00","4,673.00","4,600.00","3.32K","-0.37%"
"12-11-2025","4,630.00","4,606.00","4,664.00","4,569.00","4.64K","0.67%"
"11-11-2025","4,599.00","4,686.00","4,690.00","4,589.00","5.83K","-1.25%"
"10-11-2025","4,657.00","4,712.00","4,740.00","4,650.00","8.76K","-0.64%"
"07-11-2025","4,687.00","4,721.00","4,721.00","4,676.00","9.08K","-0.76%"
"06-11-2025","4,723.00","4,761.00","4,767.00","4,714.00","5.98K","-1.13%"
"04-11-2025","4,777.00","4,778.00","4,791.00","4,747.00","7.54K","0.50%"
"03-11-2025","4,753.00","4,715.00","4,774.00","4,697.00","11.16K","0.02%"
"31-10-2025","4,752.00","4,770.00","4,814.00","4,740.00","8.87K","-0.13%"
"30-10-2025","4,758.00","4,746.00","4,783.00","4,729.00","11.84K","-0.04%"
"29-10-2025","4,760.00","4,827.00","4,845.00","4,742.00","15.38K","-1.45%"
"28-10-2025","4,830.00","4,905.00","4,905.00","4,808.00","12.00K","-1.39%"
"27-10-2025","4,898.00","4,877.00","4,916.00","4,832.00","11.07K","-0.04%"
"24-10-2025","4,900.00","4,959.00","4,965.00","4,881.00","13.59K","-1.41%"
"23-10-2025","4,970.00","4,978.00","5,029.00","4,935.00","17.05K","0.49%"
"21-10-2025","4,946.00","4,952.00","4,958.00","4,935.00","1.73K","1.62%"
"17-10-2025","4,867.00","4,867.00","4,867.00","4,867.00","0.14K","0.39%"
"16-10-2025","4,848.00","4,663.00","4,910.00","4,663.00","0.49K","-0.19%"
"15-10-2025","4,857.00","4,885.00","4,999.00","4,732.00","6.00K","-0.51%"
"14-10-2025","4,882.00","5,027.00","5,027.00","4,874.00","6.35K","-1.31%"
"13-10-2025","4,947.00","4,769.00","5,000.00","4,752.00","10.66K","4.04%"
"10-10-2025","4,755.00","4,785.00","4,797.00","4,749.00","9.90K","-0.48%"
"09-10-2025","4,778.00","4,774.00","4,793.00","4,753.00","7.70K","-0.13%"
"08-10-2025","4,784.00","4,742.00","4,820.00","4,673.00","11.00K","0.82%"
"07-10-2025","4,745.00","4,748.00","4,770.00","4,729.00","6.40K","-0.27%"
"06-10-2025","4,758.00","4,771.00","4,803.00","4,712.00","8.75K","-0.50%"
"03-10-2025","4,782.00","4,825.00","4,825.00","4,775.00","6.36K","-1.38%"
"01-10-2025","4,849.00","4,801.00","4,858.00","4,795.00","11.36K","0.85%"
"30-09-2025","4,808.00","4,899.00","4,899.00","4,751.00","17.93K","-1.64%"
"29-09-2025","4,888.00","4,925.00","4,930.00","4,880.00","9.02K","-0.91%"
"26-09-2025","4,933.00","4,945.00","4,945.00","4,909.00","11.24K","-0.50%"
"25-09-2025","4,958.00","4,966.00","4,990.00","4,953.00","6.78K","-0.32%"
"24-09-2025","4,974.00","4,945.00","5,001.00","4,930.00","14.11K","0.48%"
"23-09-2025","4,950.00","4,965.00","4,965.00","4,902.00","16.84K","0.20%"
"22-09-2025","4,940.00","5,042.00","5,057.00","4,922.00","28.63K","-1.16%"
"19-09-2025","4,998.00","5,008.00","5,203.00","4,960.00","9.49K","-0.26%"
"18-09-2025","5,011.00","5,090.00","5,090.00","5,008.00","8.66K","-1.30%"
"17-09-2025","5,077.00","5,285.00","5,285.00","5,070.00","22.47K","-3.59%"
"16-09-2025","5,266.00","5,198.00","5,284.00","5,185.00","4.99K","1.11%"
"15-09-2025","5,208.00","5,220.00","5,224.00","5,178.00","5.41K","0.02%"
"12-09-2025","5,207.00","5,230.00","5,253.00","5,193.00","3.17K","-0.36%"
"11-09-2025","5,226.00","5,260.00","5,260.00","5,207.00","3.27K","0.15%"
"10-09-2025","5,218.00","5,155.00","5,230.00","5,155.00","6.82K","0.97%"
"09-09-2025","5,168.00","5,178.00","5,195.00","5,160.00","8.43K","-0.31%"
"08-09-2025","5,184.00","5,185.00","5,211.00","5,170.00","15.16K","-0.31%"
"05-09-2025","5,200.00","5,202.00","5,220.00","5,190.00","5.17K","-0.17%"
"04-09-2025","5,209.00","5,250.00","5,257.00","5,201.00","8.95K","-0.93%"
"03-09-2025","5,258.00","5,248.00","5,287.00","5,225.00","32.40K","0.57%"
"02-09-2025","5,228.00","5,161.00","5,270.00","5,160.00","26.27K","1.12%"
"01-09-2025","5,170.00","5,175.00","5,194.00","5,150.00","21.32K","-0.48%"
"29-08-2025","5,195.00","5,195.00","5,234.00","5,181.00","21.34K","-0.54%"
"28-08-2025","5,223.00","5,231.00","5,258.00","5,202.00","15.88K","-0.67%"
"26-08-2025","5,258.00","5,234.00","5,270.00","5,224.00","15.35K","0.02%"
"25-08-2025","5,257.00","5,230.00","5,264.00","5,195.00","30.07K","-0.08%"
"22-08-2025","5,261.00","5,260.00","5,275.00","5,234.00","11.59K","0.19%"
"21-08-2025","5,251.00","5,295.00","5,295.00","5,244.00","23.36K","0.81%"
"20-08-2025","5,209.00","5,213.00","5,213.00","5,205.00","0.15K","-0.33%"
"19-08-2025","5,226.00","5,161.00","5,250.00","5,051.00","2.86K","1.32%"
"18-08-2025","5,158.00","5,136.00","5,199.00","5,136.00","7.62K","0.96%"
"14-08-2025","5,109.00","5,112.00","5,132.00","5,093.00","5.29K","-0.31%"
"13-08-2025","5,125.00","5,161.00","5,165.00","5,116.00","9.77K","-0.95%"
"12-08-2025","5,174.00","5,150.00","5,178.00","5,149.00","5.06K","0.21%"
"11-08-2025","5,163.00","5,192.00","5,200.00","5,140.00","4.91K","-0.39%"
"08-08-2025","5,183.00","5,212.00","5,238.00","5,179.00","8.58K","-0.65%"
"07-08-2025","5,217.00","5,221.00","5,268.00","5,203.00","5.46K","-0.59%"
"06-08-2025","5,248.00","5,219.00","5,255.00","5,219.00","4.71K","0.50%"
"05-08-2025","5,222.00","5,281.00","5,287.00","5,212.00","5.73K","-1.29%"
"04-08-2025","5,290.00","5,339.00","5,346.00","5,273.00","12.60K","0.42%"
"01-08-2025","5,268.00","5,290.00","5,340.00","5,257.00","15.01K","-0.40%"
"31-07-2025","5,289.00","5,191.00","5,305.00","5,176.00","17.08K","1.59%"
"30-07-2025","5,206.00","5,222.00","5,242.00","5,178.00","11.44K","-0.31%"
"29-07-2025","5,222.00","5,196.00","5,245.00","5,195.00","11.32K","0.52%"
"28-07-2025","5,195.00","5,248.00","5,248.00","5,189.00","9.90K","-1.14%"
"25-07-2025","5,255.00","5,263.00","5,274.00","5,248.00","7.25K","-0.02%"
"24-07-2025","5,256.00","5,266.00","5,280.00","5,251.00","6.85K","-0.11%"
"23-07-2025","5,262.00","5,235.00","5,277.00","5,228.00","14.40K","0.69%"
"22-07-2025","5,226.00","5,211.00","5,245.00","5,211.00","11.13K","-0.11%"
"21-07-2025","5,232.00","5,300.00","5,328.00","5,121.00","19.17K","-1.64%"
"18-07-2025","5,319.00","5,321.00","5,321.00","5,301.00","0.36K","0.02%"
"17-07-2025","5,318.00","5,302.00","5,338.00","5,302.00","0.53K","-0.06%"
"16-07-2025","5,321.00","5,309.00","5,332.00","5,279.00","5.89K","0.19%"
"15-07-2025","5,311.00","5,248.00","5,335.00","5,241.00","5.73K","1.86%"
"14-07-2025","5,214.00","5,162.00","5,221.00","5,128.00","3.41K","0.54%"
"11-07-2025","5,186.00","5,236.00","5,258.00","5,175.00","3.96K","-1.20%"
"10-07-2025","5,249.00","5,211.00","5,265.00","5,211.00","5.45K","0.17%"
"09-07-2025","5,240.00","5,252.00","5,260.00","5,203.00","5.51K","-0.17%"
"08-07-2025","5,249.00","5,261.00","5,290.00","5,235.00","4.00K","-0.55%"
"07-07-2025","5,278.00","5,257.00","5,358.00","5,255.00","7.55K","-1.05%"
"04-07-2025","5,334.00","5,280.00","5,375.00","5,280.00","14.50K","1.31%"
"03-07-2025","5,265.00","5,225.00","5,294.00","5,220.00","10.60K","1.02%"
"02-07-2025","5,212.00","5,222.00","5,233.00","5,205.00","7.01K","-0.48%"
"01-07-2025","5,237.00","5,243.00","5,285.00","5,213.00","15.88K","0.10%"
"30-06-2025","5,232.00","5,122.00","5,250.00","5,104.00","20.87K","2.43%"
"27-06-2025","5,108.00","5,051.00","5,115.00","5,050.00","9.74K","0.93%"
"26-06-2025","5,061.00","5,105.00","5,119.00","5,040.00","13.22K","-1.02%"
"25-06-2025","5,113.00","5,150.00","5,153.00","5,104.00","6.31K","-0.56%"
"24-06-2025","5,142.00","5,084.00","5,148.00","5,073.00","9.62K","0.92%"
"23-06-2025","5,095.00","5,110.00","5,110.00","5,086.00","7.93K","-0.02%"
"20-06-2025","5,096.00","5,096.00","5,096.00","5,096.00","0.02K","0.00%"
"19-06-2025","5,096.00","5,096.00","5,096.00","5,096.00","0.13K","0.00%"
"18-06-2025","5,096.00","5,072.00","5,115.00","5,072.00","3.94K","0.28%"
"17-06-2025","5,082.00","5,053.00","5,090.00","5,044.00","3.08K","0.87%"
"16-06-2025","5,038.00","5,072.00","5,072.00","5,034.00","2.48K","-0.96%"
"13-06-2025","5,087.00","5,120.00","5,120.00","5,078.00","4.44K","-0.82%"
"12-06-2025","5,129.00","5,121.00","5,135.00","5,119.00","4.52K","0.31%"
"11-06-2025","5,113.00","5,110.00","5,116.00","5,065.00","6.05K","-0.18%"
"10-06-2025","5,122.00","5,158.00","5,163.00","5,115.00","5.72K","-0.58%"
"09-06-2025","5,152.00","5,152.00","5,182.00","5,148.00","7.05K","0.04%"
"06-06-2025","5,150.00","5,144.00","5,174.00","5,142.00","5.33K","-0.08%"
"05-06-2025","5,154.00","5,159.00","5,187.00","5,140.00","12.23K","0.27%"
"04-06-2025","5,140.00","5,130.00","5,142.00","5,122.00","3.59K","0.35%"
"03-06-2025","5,122.00","5,109.00","5,157.00","5,106.00","7.27K","0.25%"
"02-06-2025","5,109.00","5,117.00","5,120.00","5,075.00","7.79K","-0.04%"
"30-05-2025","5,111.00","5,102.00","5,125.00","5,083.00","14.77K","-0.14%"
"29-05-2025","5,118.00","5,159.00","5,175.00","5,101.00","12.23K","-0.66%"
"28-05-2025","5,152.00","5,140.00","5,160.00","5,122.00","9.93K","0.29%"
"27-05-2025","5,137.00","5,139.00","5,155.00","5,112.00","10.47K","0.08%"
"26-05-2025","5,133.00","5,200.00","5,200.00","5,105.00","17.36K","-1.46%"
"23-05-2025","5,209.00","5,200.00","5,222.00","5,194.00","9.50K","0.40%"
"22-05-2025","5,188.00","5,182.00","5,217.00","5,173.00","10.71K","0.17%"
"21-05-2025","5,179.00","5,225.00","5,225.00","5,171.00","11.69K","0.17%"
"20-05-2025","5,170.00","5,170.00","5,170.00","5,170.00","0.26K","0.19%"
"19-05-2025","5,160.00","5,160.00","5,160.00","5,160.00","0.40K","-0.27%"
"16-05-2025","5,174.00","5,121.00","5,180.00","5,105.00","4.03K","1.15%"
"15-05-2025","5,115.00","5,070.00","5,136.00","5,049.00","5.31K","0.33%"
"14-05-2025","5,098.00","5,063.00","5,105.00","5,046.00","6.41K","0.49%"
"13-05-2025","5,073.00","5,050.00","5,105.00","5,023.00","7.05K","0.48%"
"12-05-2025","5,049.00","5,008.00","5,067.00","4,984.00","6.03K","2.02%"
"09-05-2025","4,949.00","4,892.00","4,968.00","4,872.00","11.41K","0.67%"
"08-05-2025","4,916.00","4,950.00","4,969.00","4,900.00","6.50K","-0.53%"
"07-05-2025","4,942.00","4,890.00","4,977.00","4,890.00","7.79K","0.88%"
"06-05-2025","4,899.00","4,956.00","4,965.00","4,890.00","10.88K","-1.23%"
"05-05-2025","4,960.00","4,950.00","4,967.00","4,932.00","9.98K","-0.30%"
"02-05-2025","4,975.00","5,024.00","5,030.00","4,950.00","11.48K","-0.86%"
"30-04-2025","5,018.00","5,000.00","5,035.00","4,961.00","11.64K","0.10%"
"29-04-2025","5,013.00","5,110.00","5,133.00","4,962.00","18.09K","-1.76%"
"28-04-2025","5,103.00","5,191.00","5,220.00","5,100.00","12.00K","-0.57%"
"25-04-2025","5,132.00","5,060.00","5,190.00","5,047.00","16.56K","0.94%"
"24-04-2025","5,084.00","5,130.00","5,165.00","5,057.00","13.75K","-1.01%"
"23-04-2025","5,136.00","5,154.00","5,174.00","5,113.00","12.32K","-0.45%"
"22-04-2025","5,159.00","5,260.00","5,263.00","5,140.00","16.40K","-2.07%"
"21-04-2025","5,268.00","5,252.00","5,280.00","5,247.00","5.79K","1.66%"
"17-04-2025","5,182.00","5,326.00","5,326.00","5,150.00","0.25K","0.23%"
"16-04-2025","5,170.00","5,190.00","5,191.00","5,150.00","0.07K","-0.15%"
"15-04-2025","5,178.00","5,262.00","5,286.00","5,161.00","10.67K","-1.11%"
"11-04-2025","5,236.00","5,250.00","5,310.00","5,228.00","13.38K","0.50%"
"09-04-2025","5,210.00","5,224.00","5,271.00","5,167.00","15.48K","-0.86%"
"08-04-2025","5,255.00","5,270.00","5,290.00","5,248.00","5.83K","0.32%"
"07-04-2025","5,238.00","5,203.00","5,265.00","5,200.00","8.48K","-0.48%"
"04-04-2025","5,263.00","5,330.00","5,340.00","5,256.00","8.71K","-1.66%"
"03-04-2025","5,352.00","5,370.00","5,395.00","5,340.00","5.93K","-0.48%"
"02-04-2025","5,378.00","5,321.00","5,490.00","5,285.00","19.94K","0.60%"
"01-04-2025","5,346.00","5,335.00","5,363.00","5,332.00","6.18K","0.28%"
"28-03-2025","5,331.00","5,356.00","5,381.00","5,325.00","13.41K","-0.36%"
"27-03-2025","5,350.00","5,321.00","5,357.00","5,321.00","15.84K","0.43%"
"26-03-2025","5,327.00","5,317.00","5,338.00","5,311.00","15.37K","0.06%"
"25-03-2025","5,324.00","5,335.00","5,344.00","5,320.00","13.72K","-0.22%"
"24-03-2025","5,336.00","5,375.00","5,375.00","5,325.00","10.27K","-0.73%"
"21-03-2025","5,375.00","5,403.00","5,409.00","5,354.00","10.95K","-0.41%"
"20-03-2025","5,397.00","5,398.00","5,400.00","5,390.00","0.09K","-0.26%"
"19-03-2025","5,411.00","5,409.00","5,415.00","5,400.00","0.15K","0.73%"
"18-03-2025","5,372.00","5,375.00","5,425.00","5,362.00","6.91K","-0.04%"
"17-03-2025","5,374.00","5,315.00","5,390.00","5,287.00","9.05K","1.97%"
"13-03-2025","5,270.00","5,258.00","5,285.00","5,253.00","5.37K","0.17%"
"12-03-2025","5,261.00","5,305.00","5,320.00","5,254.00","5.16K","-0.28%"
"11-03-2025","5,276.00","5,236.00","5,284.00","5,213.00","4.59K","1.01%"
"10-03-2025","5,223.00","5,260.00","5,260.00","5,203.00","10.96K","-0.61%"
"07-03-2025","5,255.00","5,263.00","5,279.00","5,252.00","5.72K","0.00%"
"06-03-2025","5,255.00","5,231.00","5,275.00","5,225.00","3.97K","0.38%"
"05-03-2025","5,235.00","5,191.00","5,253.00","5,190.00","11.61K","0.89%"
"04-03-2025","5,189.00","5,200.00","5,207.00","5,164.00","16.28K","-0.35%"
"03-03-2025","5,207.00","5,255.00","5,265.00","5,197.00","16.50K","-1.06%"
"28-02-2025","5,263.00","5,268.00","5,274.00","5,253.00","10.78K","-0.15%"
"27-02-2025","5,271.00","5,315.00","5,315.00","5,263.00","13.12K","-0.58%"
"25-02-2025","5,302.00","5,312.00","5,318.00","5,299.00","13.47K","-0.24%"
"24-02-2025","5,315.00","5,337.00","5,349.00","5,290.00","12.51K","-0.04%"
"21-02-2025","5,317.00","5,300.00","5,329.00","5,293.00","8.71K","0.02%"
"20-02-2025","5,316.00","5,330.00","5,330.00","5,300.00","0.56K","-0.89%"
"19-02-2025","5,364.00","5,390.00","5,390.00","5,360.00","0.83K","-0.15%"
"18-02-2025","5,372.00","5,320.00","5,400.00","5,311.00","7.93K","0.88%"
"17-02-2025","5,325.00","5,279.00","5,347.00","5,263.00","6.28K","0.87%"
"14-02-2025","5,279.00","5,292.00","5,300.00","5,272.00","6.79K","-0.32%"
"13-02-2025","5,296.00","5,305.00","5,321.00","5,289.00","5.31K","0.04%"
"12-02-2025","5,294.00","5,303.00","5,317.00","5,271.00","8.55K","-0.17%"
"11-02-2025","5,303.00","5,293.00","5,331.00","5,289.00","8.80K","0.38%"
"10-02-2025","5,283.00","5,289.00","5,307.00","5,276.00","7.28K","-0.02%"
"07-02-2025","5,284.00","5,271.00","5,294.00","5,255.00","10.26K","0.11%"
"06-02-2025","5,278.00","5,362.00","5,362.00","5,260.00","11.01K","-1.33%"
"05-02-2025","5,349.00","5,343.00","5,367.00","5,332.00","7.66K","0.15%"
"04-02-2025","5,341.00","5,360.00","5,375.00","5,332.00","7.28K","-0.26%"
"03-02-2025","5,355.00","5,320.00","5,361.00","5,312.00","6.02K","0.64%"
"01-02-2025","5,321.00","5,308.00","5,380.00","5,304.00","10.01K","0.34%"
"31-01-2025","5,303.00","5,371.00","5,375.00","5,297.00","26.26K","-1.32%"
"30-01-2025","5,374.00","5,398.00","5,404.00","5,367.00","9.27K","-0.35%"
"29-01-2025","5,393.00","5,370.00","5,400.00","5,350.00","15.47K","0.19%"
"28-01-2025","5,383.00","5,422.00","5,435.00","5,375.00","14.83K","-0.63%"
"27-01-2025","5,417.00","5,431.00","5,431.00","5,392.00","9.41K","-0.51%"
"24-01-2025","5,445.00","5,472.00","5,480.00","5,435.00","7.75K","-0.58%"
"23-01-2025","5,477.00","5,487.00","5,500.00","5,432.00","18.22K","-0.53%"
"22-01-2025","5,506.00","5,481.00","5,522.00","5,481.00","9.94K","0.16%"
"21-01-2025","5,497.00","5,539.00","5,548.00","5,463.00","22.25K","0.38%"
"20-01-2025","5,476.00","5,528.00","5,529.00","5,311.00","0.72K","-0.69%"
"17-01-2025","5,514.00","5,515.00","5,607.00","5,510.00","3.14K","0.60%"
"16-01-2025","5,481.00","5,440.00","5,622.00","5,432.00","6.56K","1.39%"
"15-01-2025","5,406.00","5,403.00","5,424.00","5,397.00","3.35K","0.24%"
"14-01-2025","5,393.00","5,361.00","5,405.00","5,356.00","5.48K","0.41%"
"13-01-2025","5,371.00","5,400.00","5,418.00","5,364.00","4.67K","-0.20%"
"10-01-2025","5,382.00","5,376.00","5,405.00","5,373.00","7.58K","0.22%"
"09-01-2025","5,370.00","5,346.00","5,376.00","5,330.00","8.30K","0.75%"
"08-01-2025","5,330.00","5,340.00","5,363.00","5,300.00","5.67K","-0.21%"
"07-01-2025","5,341.00","5,315.00","5,359.00","5,310.00","9.63K","0.70%"
"06-01-2025","5,304.00","5,367.00","5,383.00","5,261.00","11.91K","-1.03%"
"03-01-2025","5,359.00","5,390.00","5,416.00","5,350.00","13.40K","-0.65%"
"02-01-2025","5,394.00","5,375.00","5,405.00","5,347.00","14.07K","0.43%"
"01-01-2025","5,371.00","5,291.00","5,387.00","5,290.00","22.75K","1.84%"
"31-12-2024","5,274.00","5,292.00","5,292.00","5,255.00","16.03K","-0.25%"
"30-12-2024","5,287.00","5,287.00","5,309.00","5,276.00","13.96K","0.08%"
"27-12-2024","5,283.00","5,277.00","5,320.00","5,272.00","19.88K","-0.02%"
"26-12-2024","5,284.00","5,284.00","5,297.00","5,244.00","12.44K","0.30%"
"24-12-2024","5,268.00","5,311.00","5,311.00","5,245.00","20.56K","-0.81%"
"23-12-2024","5,311.00","5,275.00","5,323.00","5,258.00","20.27K","1.20%"
"20-12-2024","5,248.00","5,235.00","5,330.00","5,200.00","0.15K","4.25%"
"19-12-2024","5,034.00","5,034.00","5,034.00","5,034.00","0.02K","0.00%"
"18-12-2024","5,034.00","5,045.00","5,095.00","4,850.00","2.23K","-0.02%"
"17-12-2024","5,035.00","5,012.00","5,046.00","5,012.00","5.30K","0.32%"
"16-12-2024","5,019.00","4,970.00","5,248.00","4,957.00","6.07K","-0.55%"
"13-12-2024","5,047.00","5,128.00","5,140.00","5,032.00","7.46K","-1.39%"
"12-12-2024","5,118.00","5,088.00","5,134.00","5,088.00","6.91K","0.59%"
"11-12-2024","5,088.00","5,083.00","5,102.00","5,081.00","3.46K","0.10%"
"10-12-2024","5,083.00","5,090.00","5,113.00","5,078.00","7.52K","-0.24%"
"09-12-2024","5,095.00","5,129.00","5,140.00","5,091.00","9.25K","-0.88%"
"06-12-2024","5,140.00","5,145.00","5,158.00","5,073.00","8.11K","-0.06%"
"05-12-2024","5,143.00","5,152.00","5,165.00","5,119.00","4.69K","-0.29%"
"04-12-2024","5,158.00","5,103.00","5,180.00","5,103.00","15.94K","1.02%"
"03-12-2024","5,106.00","5,107.00","5,128.00","5,069.00","8.51K","-0.31%"
"02-12-2024","5,122.00","5,150.00","5,161.00","5,111.00","12.18K","-0.70%"
"29-11-2024","5,158.00","5,154.00","5,205.00","5,139.00","22.83K","-0.06%"
"28-11-2024","5,161.00","5,211.00","5,219.00","5,148.00","20.47K","-0.98%"
"27-11-2024","5,212.00","5,225.00","5,240.00","5,206.00","10.10K","-0.42%"
"26-11-2024","5,234.00","5,210.00","5,264.00","5,210.00","26.59K","0.54%"
"25-11-2024","5,206.00","5,175.00","5,222.00","5,155.00","19.41K","0.37%"
"22-11-2024","5,187.00","5,210.00","5,224.00","5,179.00","13.08K","-0.42%"
"21-11-2024","5,209.00","5,209.00","5,224.00","5,184.00","20.31K","1.40%"
"19-11-2024","5,137.00","5,226.00","5,226.00","5,120.00","0.23K","0.18%"
"18-11-2024","5,128.00","5,128.00","5,128.00","5,128.00","0.76K","-0.33%"
"14-11-2024","5,145.00","5,190.00","5,190.00","5,103.00","","0.45%"
"13-11-2024","5,122.00","5,063.00","5,157.00","5,040.00","9.17K","1.03%"
"12-11-2024","5,070.00","5,109.00","5,129.00","5,051.00","8.54K","-1.27%"
"11-11-2024","5,135.00","5,062.00","5,150.00","5,062.00","9.92K","0.94%"
"08-11-2024","5,087.00","5,170.00","5,180.00","5,032.00","14.06K","-1.62%"
"07-11-2024","5,171.00","5,080.00","5,182.00","5,040.00","8.59K","0.84%"
"06-11-2024","5,128.00","5,191.00","5,191.00","5,110.00","13.35K","-1.33%"
"05-11-2024","5,197.00","5,220.00","5,225.00","5,179.00","10.67K","-0.74%"
"04-11-2024","5,236.00","5,206.00","5,271.00","5,190.00","11.39K","-0.23%"
"01-11-2024","5,248.00","5,274.00","5,274.00","5,213.00","2.75K","-0.21%"
"31-10-2024","5,259.00","5,260.00","5,270.00","5,234.00","7.61K","0.06%"
"30-10-2024","5,256.00","5,285.00","5,307.00","5,250.00","8.82K","-0.61%"
"29-10-2024","5,288.00","5,295.00","5,309.00","5,246.00","11.80K","-0.17%"
"28-10-2024","5,297.00","5,255.00","5,305.00","5,184.00","20.03K","0.32%"
"25-10-2024","5,280.00","5,327.00","5,341.00","5,263.00","15.09K","-1.11%"
"24-10-2024","5,339.00","5,352.00","5,385.00","5,310.00","11.03K","-0.47%"
"23-10-2024","5,364.00","5,402.00","5,426.00","5,356.00","13.65K","-0.80%"
"22-10-2024","5,407.00","5,474.00","5,513.00","5,375.00","21.47K","-1.60%"
"21-10-2024","5,495.00","5,516.00","5,519.00","5,473.00","12.22K","-0.42%"
"18-10-2024","5,518.00","5,550.00","5,550.00","5,459.00","0.15K","0.29%"
"17-10-2024","5,502.00","5,502.00","5,502.00","5,502.00","","1.08%"
"16-10-2024","5,443.00","5,495.00","5,506.00","5,430.00","4.06K","-0.58%"
"15-10-2024","5,475.00","5,540.00","5,540.00","5,433.00","3.67K","-1.71%"
"14-10-2024","5,570.00","5,559.00","5,620.00","5,462.00","5.41K","0.67%"
"11-10-2024","5,533.00","5,500.00","5,577.00","5,482.00","5.41K","0.60%"
"10-10-2024","5,500.00","5,450.00","5,519.00","5,400.00","9.60K","1.70%"
"09-10-2024","5,408.00","5,417.00","5,448.00","5,395.00","6.72K","-0.61%"
"08-10-2024","5,441.00","5,462.00","5,487.00","5,418.00","8.82K","-0.17%"
"07-10-2024","5,450.00","5,407.00","5,457.00","5,365.00","11.04K","0.55%"
"04-10-2024","5,420.00","5,595.00","5,595.00","5,390.00","18.43K","-2.08%"
"03-10-2024","5,535.00","5,734.00","5,750.00","5,505.00","24.04K","-3.03%"
"01-10-2024","5,708.00","5,747.00","5,777.00","5,698.00","11.91K","-0.76%"
"30-09-2024","5,752.00","5,701.00","5,764.00","5,675.00","20.26K","0.19%"
"27-09-2024","5,741.00","5,715.00","5,779.00","5,691.00","33.63K","0.81%"
"26-09-2024","5,695.00","5,731.00","5,737.00","5,622.00","29.09K","-0.82%"
"25-09-2024","5,742.00","5,645.00","5,754.00","5,644.00","23.91K","1.75%"
"24-09-2024","5,643.00","5,699.00","5,727.00","5,627.00","19.69K","-0.34%"
"23-09-2024","5,662.00","5,569.00","5,684.00","5,565.00","27.52K","3.21%"
"20-09-2024","5,486.00","5,465.00","5,541.00","5,461.00","0.04K","1.50%"
"19-09-2024","5,405.00","5,405.00","5,405.00","5,405.00","","0.88%"
"18-09-2024","5,358.00","5,378.00","5,388.00","5,304.00","5.76K","-0.56%"
"17-09-2024","5,388.00","5,435.00","5,450.00","5,384.00","3.53K","-0.54%"
"16-09-2024","5,417.00","5,421.00","5,424.00","5,336.00","4.03K","0.18%"
"13-09-2024","5,407.00","5,329.00","5,420.00","5,325.00","6.57K","1.65%"
"12-09-2024","5,319.00","5,264.00","5,340.00","5,264.00","4.43K","1.10%"
"11-09-2024","5,261.00","5,241.00","5,271.00","5,241.00","6.33K","0.21%"
"10-09-2024","5,250.00","5,180.00","5,270.00","5,160.00","10.79K","-0.04%"
"09-09-2024","5,252.00","5,315.00","5,321.00","5,240.00","6.44K","-1.52%"
"06-09-2024","5,333.00","5,345.00","5,374.00","5,318.00","12.03K","-0.21%"
"05-09-2024","5,344.00","5,333.00","5,350.00","5,312.00","8.78K","0.49%"
"04-09-2024","5,318.00","5,305.00","5,343.00","5,273.00","7.70K","-0.13%"
"03-09-2024","5,325.00","5,322.00","5,354.00","5,294.00","8.39K","-0.15%"
"02-09-2024","5,333.00","5,290.00","5,347.00","5,290.00","8.74K","0.76%"
"30-08-2024","5,293.00","5,286.00","5,322.00","5,270.00","13.35K","-0.11%"
"29-08-2024","5,299.00","5,342.00","5,365.00","5,275.00","20.21K","-0.80%"
"28-08-2024","5,342.00","5,274.00","5,369.00","5,230.00","24.92K","1.56%"
"27-08-2024","5,260.00","5,218.00","5,280.00","5,202.00","17.76K","0.98%"
"26-08-2024","5,209.00","5,185.00","5,218.00","5,115.00","23.24K","0.25%"
"23-08-2024","5,196.00","5,175.00","5,235.00","5,137.00","18.16K","0.21%"
"22-08-2024","5,185.00","5,240.00","5,240.00","5,173.00","14.54K","-0.54%"
"21-08-2024","5,213.00","5,245.00","5,264.00","5,182.00","20.04K","-1.06%"
"20-08-2024","5,269.00","5,269.00","5,269.00","5,269.00","0.38K","1.19%"
"19-08-2024","5,207.00","5,207.00","5,207.00","5,207.00","0.09K","0.00%"
"16-08-2024","5,207.00","5,070.00","5,215.00","5,070.00","4.32K","-0.04%"
"14-08-2024","5,209.00","5,186.00","5,233.00","5,166.00","6.32K","-0.46%"
"13-08-2024","5,233.00","5,256.00","5,282.00","5,186.00","5.86K","-0.59%"
"12-08-2024","5,264.00","5,157.00","5,280.00","5,157.00","6.10K","0.27%"
"09-08-2024","5,250.00","5,302.00","5,313.00","5,241.00","8.42K","-0.83%"
"08-08-2024","5,294.00","5,280.00","5,298.00","5,255.00","5.44K","0.28%"
"07-08-2024","5,279.00","5,286.00","5,308.00","5,263.00","5.15K","-0.28%"
"06-08-2024","5,294.00","5,260.00","5,305.00","5,186.00","5.19K","0.47%"
"05-08-2024","5,269.00","5,320.00","5,320.00","5,155.00","9.30K","-1.68%"
"02-08-2024","5,359.00","5,510.00","5,510.00","5,321.00","16.05K","-3.18%"
"01-08-2024","5,535.00","5,614.00","5,640.00","5,522.00","10.71K","-2.23%"
"31-07-2024","5,661.00","5,510.00","5,732.00","5,508.00","44.92K","3.23%"
"30-07-2024","5,484.00","5,463.00","5,513.00","5,440.00","17.26K","-0.44%"
"29-07-2024","5,508.00","5,495.00","5,539.00","5,490.00","14.08K","0.58%"
"26-07-2024","5,476.00","5,445.00","5,492.00","5,441.00","13.77K","0.74%"
"25-07-2024","5,436.00","5,440.00","5,460.00","5,413.00","7.90K","0.44%"
"24-07-2024","5,412.00","5,420.00","5,435.00","5,386.00","13.20K","-0.72%"
"23-07-2024","5,451.00","5,450.00","5,479.00","5,397.00","13.88K","-0.51%"
"22-07-2024","5,479.00","5,430.00","5,495.00","5,430.00","13.26K","-0.29%"
"19-07-2024","5,495.00","5,633.00","5,633.00","5,392.00","0.04K","-0.13%"
"18-07-2024","5,502.00","5,502.00","5,502.00","5,502.00","","1.25%"
"16-07-2024","5,434.00","5,464.00","5,467.00","5,410.00","4.18K","-0.15%"
"15-07-2024","5,442.00","5,435.00","5,451.00","5,383.00","7.42K","0.17%"
"12-07-2024","5,433.00","5,421.00","5,445.00","5,400.00","7.37K","-0.20%"
"11-07-2024","5,444.00","5,430.00","5,480.00","5,415.00","6.35K","-0.02%"
"10-07-2024","5,445.00","5,370.00","5,460.00","5,335.00","11.79K","1.62%"
"09-07-2024","5,358.00","5,360.00","5,388.00","5,346.00","10.86K","0.49%"
"08-07-2024","5,332.00","5,366.00","5,370.00","5,318.00","7.52K","-0.84%"
"05-07-2024","5,377.00","5,332.00","5,399.00","5,330.00","10.13K","1.00%"
"04-07-2024","5,324.00","5,364.00","5,368.00","5,301.00","11.10K","-0.50%"
"03-07-2024","5,351.00","5,305.00","5,368.00","5,288.00","12.27K","1.23%"
"02-07-2024","5,286.00","5,272.00","5,311.00","5,251.00","10.19K","0.04%"
"01-07-2024","5,284.00","5,326.00","5,326.00","5,275.00","11.95K","-1.16%"
"28-06-2024","5,346.00","5,320.00","5,378.00","5,317.00","13.24K","0.49%"
"27-06-2024","5,320.00","5,301.00","5,338.00","5,297.00","9.14K","0.15%"
"26-06-2024","5,312.00","5,328.00","5,343.00","5,290.00","11.22K","-0.67%"
"25-06-2024","5,348.00","5,423.00","5,432.00","5,331.00","14.95K","-1.49%"
"24-06-2024","5,429.00","5,437.00","5,448.00","5,391.00","8.54K","0.67%"
"21-06-2024","5,393.00","5,420.00","5,420.00","5,370.00","13.93K","0.19%"
"20-06-2024","5,383.00","5,450.00","5,450.00","5,240.00","0.23K","-0.68%"
"19-06-2024","5,420.00","5,420.00","5,420.00","5,420.00","0.05K","0.00%"
"18-06-2024","5,420.00","5,420.00","5,420.00","5,420.00","0.04K","0.00%"
"14-06-2024","5,420.00","5,420.00","5,420.00","5,420.00","0.40K","0.04%"
"13-06-2024","5,418.00","5,346.00","5,555.00","5,346.00","10.32K","1.27%"
"12-06-2024","5,350.00","5,400.00","5,400.00","5,323.00","8.40K","0.00%"
"11-06-2024","5,350.00","5,348.00","5,398.00","5,335.00","8.73K","0.24%"
"10-06-2024","5,337.00","5,344.00","5,365.00","5,332.00","8.91K","-0.09%"
"07-06-2024","5,342.00","5,380.00","5,392.00","5,335.00","6.40K","-0.71%"
"06-06-2024","5,380.00","5,360.00","5,400.00","5,331.00","4.95K","0.34%"
"05-06-2024","5,362.00","5,270.00","5,366.00","5,210.00","8.28K","0.87%"
"04-06-2024","5,316.00","5,402.00","5,406.00","5,262.00","12.60K","-1.70%"
"03-06-2024","5,408.00","5,455.00","5,455.00","5,395.00","13.17K","-1.10%"
"31-05-2024","5,468.00","5,488.00","5,493.00","5,450.00","7.44K","-0.35%"
"30-05-2024","5,487.00","5,509.00","5,509.00","5,468.00","7.09K","-0.13%"
"29-05-2024","5,494.00","5,490.00","5,509.00","5,475.00","8.65K","0.33%"
"28-05-2024","5,476.00","5,460.00","5,509.00","5,448.00","12.22K","0.26%"
"27-05-2024","5,462.00","5,461.00","5,520.00","5,425.00","11.56K","-0.60%"
"24-05-2024","5,495.00","5,510.00","5,530.00","5,476.00","14.78K","-0.16%"
"23-05-2024","5,504.00","5,522.00","5,570.00","5,486.00","17.45K","-0.47%"
"22-05-2024","5,530.00","5,539.00","5,587.00","5,516.00","21.85K","-0.09%"
"21-05-2024","5,535.00","5,506.00","5,548.00","5,471.00","15.54K","-2.16%"
"17-05-2024","5,657.00","5,657.00","5,657.00","5,657.00","0.04K","3.70%"
"16-05-2024","5,455.00","5,455.00","5,455.00","5,455.00","0.01K","0.42%"
"15-05-2024","5,432.00","5,419.00","5,468.00","5,410.00","0.17K","-0.73%"
"14-05-2024","5,472.00","5,486.00","5,486.00","5,460.00","0.16K","0.63%"
"13-05-2024","5,438.00","5,377.00","5,475.00","5,377.00","12.02K","1.36%"
"10-05-2024","5,365.00","5,368.00","5,386.00","5,355.00","15.93K","-0.06%"
"09-05-2024","5,368.00","5,404.00","5,417.00","5,350.00","10.93K","-0.81%"
"08-05-2024","5,412.00","5,430.00","5,450.00","5,404.00","8.37K","-0.35%"
"07-05-2024","5,431.00","5,412.00","5,460.00","5,394.00","11.98K","0.39%"
"06-05-2024","5,410.00","5,418.00","5,425.00","5,368.00","13.14K","0.00%"
"03-05-2024","5,410.00","5,428.00","5,445.00","5,376.00","13.07K","-0.37%"
"02-05-2024","5,430.00","5,501.00","5,501.00","5,407.00","15.43K","-1.49%"
"30-04-2024","5,512.00","5,559.00","5,570.00","5,505.00","15.93K","-0.61%"
"29-04-2024","5,546.00","5,584.00","5,596.00","5,524.00","12.23K","-0.63%"
"26-04-2024","5,581.00","5,598.00","5,624.00","5,571.00","16.28K","0.00%"
"25-04-2024","5,581.00","5,608.00","5,630.00","5,564.00","19.29K","-0.32%"
"24-04-2024","5,599.00","5,508.00","5,634.00","5,475.00","29.52K","1.78%"
"23-04-2024","5,501.00","5,525.00","5,568.00","5,488.00","13.32K","0.13%"
"22-04-2024","5,494.00","5,507.00","5,544.00","5,472.00","18.55K","-0.05%"
"19-04-2024","5,497.00","5,524.00","5,524.00","5,441.00","0.21K","-0.95%"
"18-04-2024","5,550.00","5,525.00","5,558.00","5,524.00","0.45K","2.30%"
"16-04-2024","5,425.00","5,421.00","5,445.00","5,421.00","1.00K","-1.36%"
"15-04-2024","5,500.00","5,410.00","5,577.00","5,370.00","0.87K","1.23%"
"12-04-2024","5,433.00","5,255.00","5,457.00","5,241.00","15.50K","3.53%"
"10-04-2024","5,248.00","5,314.00","5,319.00","5,226.00","12.80K","-1.41%"
"09-04-2024","5,323.00","5,399.00","5,399.00","5,305.00","9.46K","-1.22%"
"08-04-2024","5,389.00","5,380.00","5,424.00","5,356.00","14.66K","0.50%"
"05-04-2024","5,362.00","5,279.00","5,377.00","5,250.00","31.47K","1.69%"
"04-04-2024","5,273.00","5,244.00","5,321.00","5,244.00","17.98K","0.53%"
"03-04-2024","5,245.00","5,207.00","5,288.00","5,204.00","16.10K","0.88%"
"02-04-2024","5,199.00","5,203.00","5,210.00","5,175.00","9.76K","0.02%"
"01-04-2024","5,198.00","5,150.00","5,217.00","5,146.00","12.35K","1.48%"
"28-03-2024","5,122.00","5,055.00","5,135.00","5,050.00","17.77K","1.25%"
"27-03-2024","5,059.00","5,060.00","5,082.00","5,048.00","15.12K","-0.45%"
"26-03-2024","5,082.00","5,157.00","5,168.00","5,050.00","14.72K","-1.55%"
"22-03-2024","5,162.00","5,199.00","5,208.00","5,148.00","8.49K","-0.44%"
"21-03-2024","5,185.00","5,208.00","5,223.00","5,178.00","9.98K","-0.29%"
"20-03-2024","5,200.00","5,200.00","5,200.00","5,200.00","0.19K","0.00%"
"19-03-2024","5,200.00","5,200.00","5,200.00","5,200.00","0.01K","0.46%"
"18-03-2024","5,176.00","5,176.00","5,176.00","5,176.00","0.32K","0.00%"
"15-03-2024","5,176.00","5,172.00","5,178.00","5,172.00","0.02K","0.66%"
"14-03-2024","5,142.00","5,194.00","5,200.00","5,113.00","11.38K","-0.87%"
"13-03-2024","5,187.00","5,190.00","5,211.00","5,178.00","6.99K","0.00%"
"12-03-2024","5,187.00","5,242.00","5,248.00","5,180.00","9.05K","-0.86%"
"11-03-2024","5,232.00","5,187.00","5,260.00","5,187.00","13.65K","1.28%"
"07-03-2024","5,166.00","5,163.00","5,225.00","5,150.00","12.32K","-0.27%"
"06-03-2024","5,180.00","5,190.00","5,195.00","5,146.00","8.35K","0.29%"
"05-03-2024","5,165.00","5,269.00","5,280.00","5,150.00","15.32K","-1.94%"
"04-03-2024","5,267.00","5,290.00","5,317.00","5,242.00","23.51K","-0.19%"
"01-03-2024","5,277.00","5,278.00","5,289.00","5,240.00","12.00K","0.13%"
"29-02-2024","5,270.00","5,302.00","5,308.00","5,245.00","16.65K","-0.81%"
"28-02-2024","5,313.00","5,357.00","5,375.00","5,299.00","23.03K","-0.60%"
"27-02-2024","5,345.00","5,335.00","5,385.00","5,335.00","11.75K","0.38%"
"26-02-2024","5,325.00","5,350.00","5,362.00","5,315.00","12.18K","-0.73%"
"23-02-2024","5,364.00","5,406.00","5,420.00","5,330.00","15.62K","-0.89%"
"22-02-2024","5,412.00","5,435.00","5,458.00","5,403.00","13.59K","-0.66%"
"21-02-2024","5,448.00","5,478.00","5,500.00","5,430.00","25.83K","2.83%"
"20-02-2024","5,298.00","5,300.00","5,300.00","5,290.00","0.21K","-0.60%"
"19-02-2024","5,330.00","5,344.00","5,344.00","5,300.00","0.03K","0.49%"
"16-02-2024","5,304.00","5,310.00","5,320.00","5,295.00","0.38K","-0.30%"
"15-02-2024","5,320.00","5,294.00","5,357.00","5,291.00","0.88K","1.24%"
"14-02-2024","5,255.00","5,210.00","5,328.00","5,193.00","10.56K","0.75%"
"13-02-2024","5,216.00","5,152.00","5,238.00","5,152.00","9.38K","1.05%"
"12-02-2024","5,162.00","5,203.00","5,210.00","5,125.00","11.57K","-1.15%"
"09-02-2024","5,222.00","5,290.00","5,310.00","5,210.00","15.22K","-1.38%"
"08-02-2024","5,295.00","5,318.00","5,318.00","5,290.00","4.71K","-0.40%"
"07-02-2024","5,316.00","5,352.00","5,360.00","5,305.00","7.58K","-0.51%"
"06-02-2024","5,343.00","5,290.00","5,355.00","5,269.00","17.27K","0.96%"
"05-02-2024","5,292.00","5,378.00","5,378.00","5,261.00","10.72K","-1.31%"
"02-02-2024","5,362.00","5,315.00","5,375.00","5,306.00","15.33K","1.00%"
"01-02-2024","5,309.00","5,300.00","5,334.00","5,297.00","12.53K","-0.02%"
"31-01-2024","5,310.00","5,300.00","5,335.00","5,274.00","14.49K","0.21%"
"30-01-2024","5,299.00","5,263.00","5,318.00","5,258.00","17.30K","-0.09%"
"29-01-2024","5,304.00","5,431.00","5,439.00","5,272.00","30.49K","-2.75%"
"25-01-2024","5,454.00","5,440.00","5,482.00","5,422.00","13.15K","0.15%"
"24-01-2024","5,446.00","5,409.00","5,462.00","5,383.00","20.08K","0.76%"
"23-01-2024","5,405.00","5,524.00","5,524.00","5,366.00","23.49K","-2.35%"
"19-01-2024","5,535.00","5,513.00","5,616.00","5,500.00","0.34K","1.75%"
"18-01-2024","5,440.00","5,440.00","5,440.00","5,440.00","0.30K","-0.18%"
"17-01-2024","5,450.00","5,674.00","5,674.00","5,450.00","0.28K","-0.49%"
"16-01-2024","5,477.00","5,486.00","5,501.00","5,475.00","0.87K","-0.29%"
"15-01-2024","5,493.00","5,500.00","5,521.00","5,463.00","7.75K","0.16%"
"12-01-2024","5,484.00","5,410.00","5,498.00","5,391.00","10.64K","1.65%"
"11-01-2024","5,395.00","5,380.00","5,411.00","5,354.00","5.45K","0.48%"
"10-01-2024","5,369.00","5,412.00","5,435.00","5,353.00","10.53K","-0.83%"
"09-01-2024","5,414.00","5,359.00","5,422.00","5,341.00","12.17K","1.48%"
"08-01-2024","5,335.00","5,325.00","5,360.00","5,270.00","10.40K","0.51%"
"05-01-2024","5,308.00","5,341.00","5,374.00","5,300.00","10.42K","-0.64%"
"04-01-2024","5,342.00","5,315.00","5,388.00","5,315.00","13.88K","0.66%"
"03-01-2024","5,307.00","5,300.00","5,330.00","5,246.00","17.83K","-0.97%"
"02-01-2024","5,359.00","5,435.00","5,458.00","5,302.00","19.59K","-1.43%"
"01-01-2024","5,437.00","5,512.00","5,516.00","5,415.00","13.95K","-1.27%"
"29-12-2023","5,507.00","5,549.00","5,550.00","5,497.00","15.91K","-0.49%"
"28-12-2023","5,534.00","5,527.00","5,584.00","5,505.00","15.36K","0.45%"
"27-12-2023","5,509.00","5,528.00","5,565.00","5,493.00","15.75K","-0.22%"
"26-12-2023","5,521.00","5,550.00","5,607.00","5,500.00","29.08K","-0.43%"
"22-12-2023","5,545.00","5,430.00","5,592.00","5,426.00","35.37K","2.17%"
"21-12-2023","5,427.00","5,346.00","5,458.00","5,335.00","24.04K","2.45%"
"20-12-2023","5,297.00","5,303.00","5,303.00","5,290.00","0.18K","-0.21%"
"19-12-2023","5,308.00","5,298.00","5,341.00","5,160.00","0.71K","-0.19%"
"18-12-2023","5,318.00","5,370.00","5,373.00","5,266.00","0.19K","-2.58%"
"15-12-2023","5,459.00","5,456.00","5,525.00","5,455.00","0.15K","-0.15%"
"14-12-2023","5,467.00","5,466.00","5,511.00","5,439.00","6.67K","0.33%"
"13-12-2023","5,449.00","5,574.00","5,575.00","5,362.00","9.98K","-0.20%"
"12-12-2023","5,460.00","5,524.00","5,544.00","5,413.00","8.32K","-1.37%"
"11-12-2023","5,536.00","5,560.00","5,600.00","5,505.00","13.04K","-0.20%"
"08-12-2023","5,547.00","5,500.00","5,560.00","5,492.00","11.56K","0.65%"
"07-12-2023","5,511.00","5,532.00","5,550.00","5,492.00","13.70K","-0.54%"
"06-12-2023","5,541.00","5,490.00","5,570.00","5,460.00","10.57K","1.08%"
"05-12-2023","5,482.00","5,463.00","5,518.00","5,421.00","15.81K","0.20%"
"04-12-2023","5,471.00","5,570.00","5,575.00","5,460.00","23.19K","-1.74%"
"01-12-2023","5,568.00","5,657.00","5,663.00","5,555.00","14.73K","-1.36%"
"30-11-2023","5,645.00","5,662.00","5,664.00","5,587.00","19.04K","-0.42%"
"29-11-2023","5,669.00","5,687.00","5,726.00","5,620.00","15.11K","-0.25%"
"28-11-2023","5,683.00","5,645.00","5,719.00","5,624.00","20.73K","0.74%"
"24-11-2023","5,641.00","5,620.00","5,664.00","5,601.00","12.28K","0.32%"
"23-11-2023","5,623.00","5,645.00","5,670.00","5,591.00","17.95K","-0.02%"
"22-11-2023","5,624.00","5,692.00","5,704.00","5,570.00","26.85K","-1.42%"
"21-11-2023","5,705.00","5,753.00","5,792.00","5,682.00","18.83K","-0.28%"
"20-11-2023","5,721.00","5,700.00","5,782.00","5,700.00","0.39K","1.11%"
"17-11-2023","5,658.00","5,658.00","5,658.00","5,658.00","0.08K","0.00%"
"16-11-2023","5,658.00","5,795.00","5,818.00","5,553.00","0.21K","-0.58%"
"15-11-2023","5,691.00","5,640.00","5,709.00","5,640.00","0.33K","1.81%"
"13-11-2023","5,590.00","5,647.00","5,688.00","5,556.00","12.07K","-0.97%"
"12-11-2023","5,645.00","5,661.00","5,662.00","5,634.00","1.14K","0.39%"
"10-11-2023","5,623.00","5,576.00","5,667.00","5,565.00","12.81K","1.01%"
"09-11-2023","5,567.00","5,575.00","5,602.00","5,525.00","10.78K","0.20%"
"08-11-2023","5,556.00","5,630.00","5,640.00","5,531.00","13.83K","-1.47%"
"07-11-2023","5,639.00","5,692.00","5,725.00","5,622.00","13.80K","-0.93%"
"06-11-2023","5,692.00","5,650.00","5,704.00","5,594.00","16.32K","0.46%"
"03-11-2023","5,666.00","5,695.00","5,740.00","5,648.00","8.77K","-0.19%"
"02-11-2023","5,677.00","5,738.00","5,771.00","5,661.00","17.22K","-1.25%"
"01-11-2023","5,749.00","5,695.00","5,804.00","5,695.00","15.09K","0.67%"
"31-10-2023","5,711.00","5,721.00","5,749.00","5,651.00","23.98K","-0.45%"
"30-10-2023","5,737.00","5,885.00","5,905.00","5,710.00","31.59K","-2.56%"
"27-10-2023","5,888.00","5,864.00","5,927.00","5,841.00","24.80K","0.27%"
"26-10-2023","5,872.00","6,020.00","6,020.00","5,803.00","38.00K","-2.49%"
"25-10-2023","6,022.00","6,039.00","6,078.00","6,007.00","27.08K","0.67%"
"23-10-2023","5,982.00","6,020.00","6,066.00","5,957.00","30.66K","2.71%"
"20-10-2023","5,824.00","5,820.00","5,825.00","5,820.00","0.12K","1.55%"
"19-10-2023","5,735.00","5,760.00","5,806.00","5,637.00","0.11K","0.46%"
"18-10-2023","5,709.00","5,750.00","5,750.00","5,666.00","0.15K","-0.19%"
"17-10-2023","5,720.00","5,557.00","5,758.00","5,557.00","1.88K","3.21%"
"16-10-2023","5,542.00","5,453.00","5,579.00","5,428.00","15.44K","0.86%"
"13-10-2023","5,495.00","5,529.00","5,560.00","5,460.00","7.27K","-0.87%"
"12-10-2023","5,543.00","5,560.00","5,575.00","5,523.00","9.42K","-0.05%"
"11-10-2023","5,546.00","5,539.00","5,580.00","5,477.00","10.81K","-0.07%"
"10-10-2023","5,550.00","5,555.00","5,630.00","5,503.00","17.42K","0.29%"
"09-10-2023","5,534.00","5,472.00","5,560.00","5,425.00","16.71K","0.05%"
"06-10-2023","5,531.00","5,520.00","5,609.00","5,451.00","18.94K","0.13%"
"05-10-2023","5,524.00","5,500.00","5,572.00","5,491.00","15.67K","0.47%"
"04-10-2023","5,498.00","5,384.00","5,520.00","5,366.00","17.52K","1.40%"
"03-10-2023","5,422.00","5,517.00","5,517.00","5,365.00","34.54K","-2.52%"
"29-09-2023","5,562.00","5,653.00","5,699.00","5,546.00","24.65K","-1.54%"
"28-09-2023","5,649.00","5,650.00","5,684.00","5,582.00","16.48K","0.00%"
"27-09-2023","5,649.00","5,751.00","5,775.00","5,626.00","37.88K","-2.05%"
"26-09-2023","5,767.00","5,786.00","5,805.00","5,741.00","30.20K","-0.81%"
"25-09-2023","5,814.00","5,875.00","5,889.00","5,775.00","25.60K","-1.06%"
"22-09-2023","5,876.00","5,880.00","5,924.00","5,833.00","23.86K","0.43%"
"21-09-2023","5,851.00","5,935.00","5,960.00","5,790.00","41.83K","0.31%"
"20-09-2023","5,833.00","5,929.00","5,929.00","5,929.00","0.05K","0.00%"
"18-09-2023","5,833.00","5,884.00","5,914.00","5,715.00","0.17K","-4.05%"
"15-09-2023","6,079.00","6,090.00","6,090.00","6,050.00","0.22K","0.26%"
"14-09-2023","6,063.00","5,994.00","6,080.00","5,982.00","0.42K","0.25%"
"13-09-2023","6,048.00","6,034.00","6,200.00","6,015.00","18.40K","-0.12%"
"12-09-2023","6,055.00","6,109.00","6,140.00","6,031.00","7.80K","-0.79%"
"11-09-2023","6,103.00","6,253.00","6,274.00","6,056.00","16.19K","-2.55%"
"08-09-2023","6,263.00","6,280.00","6,320.00","6,248.00","15.29K","-0.33%"
"07-09-2023","6,284.00","6,329.00","6,350.00","6,261.00","10.53K","-0.79%"
"06-09-2023","6,334.00","6,338.00","6,383.00","6,307.00","16.81K","0.33%"
"05-09-2023","6,313.00","6,159.00","6,340.00","6,159.00","28.39K","2.75%"
"04-09-2023","6,144.00","6,298.00","6,300.00","6,010.00","29.58K","-1.79%"
"01-09-2023","6,256.00","6,190.00","6,319.00","6,170.00","36.12K","1.34%"
"31-08-2023","6,173.00","6,210.00","6,260.00","6,125.00","31.24K","-0.47%"
"30-08-2023","6,202.00","6,168.00","6,277.00","6,160.00","33.12K","0.70%"
"29-08-2023","6,159.00","6,198.00","6,228.00","6,120.00","43.89K","-0.45%"
"28-08-2023","6,187.00","6,392.00","6,440.00","6,164.00","54.25K","-2.72%"
"25-08-2023","6,360.00","6,270.00","6,389.00","6,270.00","43.23K","1.11%"
"24-08-2023","6,290.00","6,315.00","6,386.00","6,256.00","42.48K","-0.03%"
"23-08-2023","6,292.00","6,260.00","6,334.00","6,164.00","50.67K","0.13%"
"22-08-2023","6,284.00","6,445.00","6,638.00","6,230.00","85.28K","-1.77%"
"21-08-2023","6,397.00","6,220.00","6,437.00","6,180.00","54.65K","3.09%"
"18-08-2023","6,205.00","6,271.00","6,271.00","6,271.00","0.10K","0.00%"
"17-08-2023","6,205.00","6,205.00","6,205.00","6,205.00","0.09K","0.00%"
"16-08-2023","6,205.00","6,205.00","6,205.00","6,205.00","0.12K","0.00%"
"14-08-2023","6,205.00","6,250.00","6,250.00","6,186.00","0.41K","-1.45%"
"11-08-2023","6,296.00","5,966.00","6,334.00","5,890.00","9.50K","5.35%"
"10-08-2023","5,976.00","6,090.00","6,160.00","5,960.00","7.75K","-0.60%"
"09-08-2023","6,012.00","5,970.00","6,060.00","5,930.00","10.04K","1.16%"
"08-08-2023","5,943.00","6,009.00","6,083.00","5,924.00","12.42K","-0.73%"
"07-08-2023","5,987.00","5,698.00","5,987.00","5,698.00","14.86K","5.98%"
"04-08-2023","5,649.00","5,720.00","5,749.00","5,622.00","11.55K","-0.35%"
"03-08-2023","5,669.00","5,646.00","5,711.00","5,588.00","13.08K","0.41%"
"02-08-2023","5,646.00","5,915.00","5,990.00","5,577.00","38.00K","-4.55%"
"01-08-2023","5,915.00","5,934.00","6,024.00","5,884.00","28.20K","-0.84%"
"31-07-2023","5,965.00","6,240.00","6,255.00","5,936.00","42.50K","-3.95%"
"28-07-2023","6,210.00","6,150.00","6,240.00","6,141.00","51.33K","2.49%"
"27-07-2023","6,059.00","6,030.00","6,103.00","5,930.00","41.78K","0.48%"
"26-07-2023","6,030.00","6,092.00","6,160.00","6,012.00","46.03K","-0.50%"
"25-07-2023","6,060.00","6,010.00","6,071.00","5,941.00","44.69K","1.15%"
"24-07-2023","5,991.00","6,040.00","6,098.00","5,966.00","47.56K","0.69%"
"21-07-2023","5,950.00","5,803.00","6,030.00","5,803.00","74.90K","5.31%"
"20-07-2023","5,650.00","5,650.00","5,650.00","5,650.00","0.01K","-0.34%"
"19-07-2023","5,669.00","5,669.00","5,669.00","5,669.00","0.06K","-0.86%"
"18-07-2023","5,718.00","5,718.00","5,718.00","5,718.00","0.03K","-0.52%"
"17-07-2023","5,748.00","5,676.00","5,790.00","5,676.00","0.26K","3.21%"
"14-07-2023","5,569.00","5,540.00","5,611.00","5,500.00","2.75K","-0.48%"
"13-07-2023","5,596.00","5,678.00","5,682.00","5,573.00","5.11K","-0.89%"
"12-07-2023","5,646.00","5,569.00","5,660.00","5,505.00","5.13K","1.80%"
"11-07-2023","5,546.00","5,441.00","5,600.00","5,406.00","12.43K","2.32%"
"10-07-2023","5,420.00","5,322.00","5,434.00","5,299.00","13.82K","1.25%"
"07-07-2023","5,353.00","5,312.00","5,408.00","5,303.00","8.45K","0.43%"
"06-07-2023","5,330.00","5,400.00","5,434.00","5,315.00","7.01K","-1.84%"
"05-07-2023","5,430.00","5,368.00","5,460.00","5,342.00","12.89K","0.63%"
"04-07-2023","5,396.00","5,485.00","5,505.00","5,373.00","15.46K","-1.50%"
"03-07-2023","5,478.00","5,530.00","5,580.00","5,462.00","22.27K","-0.71%"
"30-06-2023","5,517.00","5,352.00","5,585.00","5,350.00","37.55K","2.51%"
"28-06-2023","5,382.00","5,313.00","5,439.00","5,313.00","32.57K","1.22%"
"27-06-2023","5,317.00","5,260.00","5,354.00","5,260.00","22.71K","1.08%"
"26-06-2023","5,260.00","5,410.00","5,410.00","5,240.00","24.26K","-3.08%"
"23-06-2023","5,427.00","5,410.00","5,449.00","5,382.00","18.56K","0.63%"
"22-06-2023","5,393.00","5,401.00","5,486.00","5,371.00","33.36K","-0.66%"
"21-06-2023","5,429.00","5,260.00","5,497.00","5,240.00","41.13K","4.00%"
"20-06-2023","5,220.00","5,255.00","5,255.00","5,255.00","1.04K","0.00%"
"19-06-2023","5,220.00","5,200.00","5,240.00","5,200.00","0.08K","1.44%"
"16-06-2023","5,146.00","5,135.00","5,150.00","5,135.00","0.06K","0.53%"
"15-06-2023","5,119.00","5,119.00","5,119.00","5,119.00","0.06K","0.00%"
"14-06-2023","5,119.00","5,157.00","5,180.00","4,956.00","4.76K","-0.49%"
"13-06-2023","5,144.00","5,052.00","5,170.00","5,051.00","7.59K","1.66%"
"12-06-2023","5,060.00","5,175.00","5,187.00","5,027.00","14.55K","-3.36%"
"09-06-2023","5,236.00","5,369.00","5,369.00","5,190.00","13.50K","-2.53%"
"08-06-2023","5,372.00","5,415.00","5,425.00","5,362.00","6.76K","-0.92%"
"07-06-2023","5,422.00","5,405.00","5,434.00","5,381.00","7.48K","0.22%"
"06-06-2023","5,410.00","5,419.00","5,443.00","5,340.00","7.58K","0.13%"
"05-06-2023","5,403.00","5,435.00","5,464.00","5,380.00","8.60K","-0.42%"
"02-06-2023","5,426.00","5,425.00","5,475.00","5,407.00","6.32K","-0.09%"
"01-06-2023","5,431.00","5,483.00","5,496.00","5,415.00","7.31K","-1.31%"
"31-05-2023","5,503.00","5,540.00","5,550.00","5,489.00","17.33K","-0.74%"
"30-05-2023","5,544.00","5,485.00","5,568.00","5,401.00","29.62K","1.17%"
"29-05-2023","5,480.00","5,454.00","5,505.00","5,364.00","23.42K","1.03%"
"26-05-2023","5,424.00","5,390.00","5,440.00","5,330.00","34.39K","0.04%"
"25-05-2023","5,422.00","5,462.00","5,480.00","5,401.00","15.80K","-1.24%"
"24-05-2023","5,490.00","5,487.00","5,509.00","5,460.00","13.93K","0.35%"
"23-05-2023","5,471.00","5,505.00","5,529.00","5,365.00","35.75K","-0.36%"
"22-05-2023","5,491.00","5,555.00","5,555.00","5,471.00","16.91K","-2.59%"
"19-05-2023","5,637.00","5,530.00","5,530.00","5,530.00","0.07K","0.00%"
"18-05-2023","5,637.00","5,637.00","5,637.00","5,637.00","0.59K","0.00%"
"17-05-2023","5,637.00","5,668.00","5,668.00","5,600.00","0.03K","0.02%"
"16-05-2023","5,636.00","5,650.00","5,666.00","5,610.00","0.08K","-0.63%"
"15-05-2023","5,672.00","5,710.00","5,730.00","5,660.00","3.95K","-0.67%"
"12-05-2023","5,710.00","5,652.00","5,732.00","5,651.00","6.44K","1.03%"
"11-05-2023","5,652.00","5,731.00","5,736.00","5,647.00","4.89K","-1.43%"
"10-05-2023","5,734.00","5,720.00","5,780.00","5,715.00","8.26K","0.17%"
"09-05-2023","5,724.00","5,764.00","5,808.00","5,711.00","9.72K","-0.69%"
"08-05-2023","5,764.00","5,712.00","5,878.00","5,680.00","11.21K","1.30%"
"05-05-2023","5,690.00","5,716.00","5,735.00","5,673.00","9.96K","0.35%"
"04-05-2023","5,670.00","5,600.00","5,707.00","5,570.00","18.75K","1.59%"
"03-05-2023","5,581.00","5,564.00","5,620.00","5,545.00","12.40K","0.11%"
"02-05-2023","5,575.00","5,488.00","5,627.00","5,483.00","27.53K","1.92%"
"28-04-2023","5,470.00","5,460.00","5,517.00","5,450.00","21.53K","-0.44%"
"27-04-2023","5,494.00","5,495.00","5,524.00","5,416.00","24.72K","-0.15%"
"26-04-2023","5,502.00","5,619.00","5,625.00","5,483.00","29.06K","-1.96%"
"25-04-2023","5,612.00","5,600.00","5,648.00","5,595.00","15.08K","0.14%"
"24-04-2023","5,604.00","5,619.00","5,621.00","5,560.00","14.64K","0.14%"
"21-04-2023","5,596.00","5,590.00","5,641.00","5,580.00","18.16K","1.89%"
"20-04-2023","5,492.00","5,500.00","5,500.00","5,480.00","0.05K","0.07%"
"19-04-2023","5,488.00","5,480.00","5,490.00","5,480.00","0.07K","-2.87%"
"18-04-2023","5,650.00","5,750.00","5,750.00","5,601.00","0.19K","0.59%"
"17-04-2023","5,617.00","5,596.00","5,640.00","5,550.00","1.16K","0.61%"
"13-04-2023","5,583.00","5,611.00","5,617.00","5,536.00","7.50K","-0.23%"
"12-04-2023","5,596.00","5,630.00","5,645.00","5,584.00","7.88K","-1.13%"
"11-04-2023","5,660.00","5,678.00","5,745.00","5,642.00","9.37K","-0.47%"
"10-04-2023","5,687.00","5,721.00","5,756.00","5,563.00","20.35K","-0.28%"
"06-04-2023","5,703.00","5,797.00","5,805.00","5,675.00","11.82K","-1.82%"
"05-04-2023","5,809.00","5,768.00","5,859.00","5,752.00","25.99K","1.01%"
"03-04-2023","5,751.00","5,720.00","5,774.00","5,651.00","19.14K","0.84%"
"31-03-2023","5,703.00","5,660.00","5,720.00","5,648.00","16.89K","0.80%"
"29-03-2023","5,658.00","5,711.00","5,734.00","5,615.00","22.70K","-0.81%"
"28-03-2023","5,704.00","5,649.00","5,742.00","5,644.00","24.50K","1.33%"
"27-03-2023","5,629.00","5,639.00","5,659.00","5,608.00","16.86K","0.00%"
"24-03-2023","5,629.00","5,705.00","5,736.00","5,607.00","24.78K","-1.35%"
"23-03-2023","5,706.00","5,693.00","5,780.00","5,624.00","41.94K","0.55%"
"22-03-2023","5,675.00","5,674.00","5,708.00","5,631.00","20.68K","0.04%"
"21-03-2023","5,673.00","5,472.00","5,690.00","5,382.00","35.52K","4.15%"
"20-03-2023","5,447.00","5,400.00","5,509.00","5,400.00","0.22K","-0.75%"
"17-03-2023","5,488.00","5,488.00","5,488.00","5,488.00","0.02K","0.72%"
"16-03-2023","5,449.00","5,455.00","5,455.00","5,445.00","1.03K","-3.56%"
"15-03-2023","5,650.00","5,625.00","5,668.00","5,625.00","0.95K","0.86%"
"14-03-2023","5,602.00","5,675.00","5,700.00","5,511.00","12.62K","-1.29%"
"13-03-2023","5,675.00","5,640.00","5,730.00","5,632.00","10.70K","-0.14%"
"10-03-2023","5,683.00","5,732.00","5,740.00","5,667.00","10.90K","-1.23%"
"09-03-2023","5,754.00","5,560.00","5,788.00","5,538.00","17.10K","3.38%"
"08-03-2023","5,566.00","5,550.00","5,594.00","5,508.00","10.13K","-0.05%"
"06-03-2023","5,569.00","5,546.00","5,604.00","5,518.00","10.61K","0.45%"
"03-03-2023","5,544.00","5,550.00","5,585.00","5,500.00","13.15K","0.25%"
"02-03-2023","5,530.00","5,690.00","5,750.00","5,462.00","28.33K","-2.76%"
"01-03-2023","5,687.00","5,754.00","5,754.00","5,671.00","14.87K","-1.27%"
"28-02-2023","5,760.00","5,720.00","5,797.00","5,691.00","30.89K","0.86%"
"27-02-2023","5,711.00","5,732.00","5,748.00","5,664.00","19.07K","-0.30%"
"24-02-2023","5,728.00","5,674.00","5,767.00","5,623.00","37.02K","1.45%"
"23-02-2023","5,646.00","5,840.00","5,849.00","5,627.00","42.25K","-3.65%"
"22-02-2023","5,860.00","5,901.00","5,920.00","5,837.00","22.32K","-0.86%"
"21-02-2023","5,911.00","5,959.00","5,975.00","5,888.00","22.09K","2.09%"
"20-02-2023","5,790.00","5,790.00","5,790.00","5,790.00","0.69K","-0.91%"
"17-02-2023","5,843.00","5,880.00","5,891.00","5,841.00","0.14K","-1.18%"
"16-02-2023","5,913.00","5,901.00","5,950.00","5,900.00","0.66K","-0.27%"
"15-02-2023","5,929.00","5,778.00","5,960.00","5,778.00","0.33K","2.63%"
"14-02-2023","5,777.00","5,728.00","5,839.00","5,727.00","6.15K","0.96%"
"13-02-2023","5,722.00","5,650.00","5,764.00","5,626.00","13.64K","0.09%"
"10-02-2023","5,717.00","5,839.00","5,906.00","5,690.00","12.65K","-2.16%"
"09-02-2023","5,843.00","5,855.00","5,882.00","5,825.00","7.99K","-0.39%"
"08-02-2023","5,866.00","5,917.00","5,924.00","5,843.00","9.02K","-0.69%"
"07-02-2023","5,907.00","5,949.00","5,968.00","5,888.00","10.47K","-0.69%"
"06-02-2023","5,948.00","6,047.00","6,058.00","5,921.00","9.53K","-1.67%"
"03-02-2023","6,049.00","6,030.00","6,095.00","6,011.00","13.52K","0.50%"
"02-02-2023","6,019.00","5,985.00","6,050.00","5,930.00","17.03K","0.58%"
"01-02-2023","5,984.00","5,990.00","6,026.00","5,918.00","24.53K","0.00%"
"31-01-2023","5,984.00","5,817.00","6,026.00","5,817.00","43.27K","3.07%"
"30-01-2023","5,806.00","5,790.00","5,835.00","5,751.00","26.95K","0.80%"
"27-01-2023","5,760.00","5,885.00","5,937.00","5,650.00","50.77K","-1.74%"
"25-01-2023","5,862.00","5,920.00","5,981.00","5,810.00","49.69K","-2.83%"
"24-01-2023","6,033.00","6,169.00","6,178.00","5,927.00","31.55K","-2.27%"
"23-01-2023","6,173.00","6,234.00","6,235.00","6,126.00","28.19K","-0.02%"
"20-01-2023","6,174.00","6,398.00","6,398.00","6,084.00","0.22K","-2.54%"
"19-01-2023","6,335.00","6,335.00","6,335.00","6,335.00","0.10K","-0.05%"
"18-01-2023","6,338.00","6,350.00","6,350.00","6,300.00","0.07K","0.91%"
"17-01-2023","6,281.00","6,400.00","6,400.00","6,280.00","0.09K","0.11%"
"16-01-2023","6,274.00","6,385.00","6,400.00","6,260.00","3.63K","-1.32%"
"13-01-2023","6,358.00","6,290.00","6,407.00","6,222.00","5.19K","1.45%"
"12-01-2023","6,267.00","6,290.00","6,367.00","6,248.00","6.35K","-0.25%"
"11-01-2023","6,283.00","6,299.00","6,390.00","6,241.00","8.22K","-0.19%"
"10-01-2023","6,295.00","6,336.00","6,531.00","6,262.00","14.44K","-0.33%"
"09-01-2023","6,316.00","5,902.00","6,316.00","5,902.00","17.99K","5.99%"
"06-01-2023","5,959.00","5,916.00","5,996.00","5,890.00","11.17K","0.76%"
"05-01-2023","5,914.00","5,880.00","5,940.00","5,840.00","10.24K","0.68%"
"04-01-2023","5,874.00","5,956.00","5,957.00","5,826.00","16.25K","-1.43%"
"03-01-2023","5,959.00","5,971.00","6,000.00","5,935.00","13.39K","-0.05%"
"02-01-2023","5,962.00","5,980.00","6,024.00","5,881.00","16.27K","-0.40%"
"30-12-2022","5,986.00","5,953.00","6,062.00","5,952.00","27.98K","0.34%"
"29-12-2022","5,966.00","6,000.00","6,023.00","5,955.00","20.67K","-0.98%"
"28-12-2022","6,025.00","6,085.00","6,085.00","5,966.00","23.46K","-0.54%"
"27-12-2022","6,058.00","6,047.00","6,090.00","6,036.00","23.96K","0.78%"
"26-12-2022","6,011.00","5,890.00","6,050.00","5,890.00","41.99K","1.80%"
"23-12-2022","5,905.00","5,879.00","5,935.00","5,645.00","60.80K","0.70%"
"22-12-2022","5,864.00","5,795.00","5,887.00","5,781.00","26.37K","1.03%"
"21-12-2022","5,804.00","6,025.00","6,027.00","5,780.00","48.56K","-3.19%"
"20-12-2022","5,995.00","6,090.00","6,090.00","5,985.00","0.15K","-0.96%"
"19-12-2022","6,053.00","6,053.00","6,053.00","6,053.00","0.01K","2.68%"
"16-12-2022","5,895.00","5,908.00","5,917.00","5,860.00","0.05K","0.94%"
"15-12-2022","5,840.00","5,810.00","5,871.00","5,810.00","0.35K","0.62%"
"14-12-2022","5,804.00","5,840.00","5,859.00","5,709.00","4.89K","0.02%"
"13-12-2022","5,803.00","5,787.00","5,839.00","5,670.00","4.88K","0.14%"
"12-12-2022","5,795.00","5,892.00","5,970.00","5,750.00","9.06K","-2.23%"
"09-12-2022","5,927.00","5,922.00","5,976.00","5,851.00","8.17K","-0.59%"
"08-12-2022","5,962.00","6,022.00","6,100.00","5,918.00","11.40K","0.95%"
"07-12-2022","5,906.00","5,775.00","5,935.00","5,650.00","13.41K","1.77%"
"06-12-2022","5,803.00","5,814.00","5,864.00","5,769.00","7.42K","-0.94%"
"05-12-2022","5,858.00","6,055.00","6,055.00","5,773.00","9.31K","-1.79%"
"02-12-2022","5,965.00","5,890.00","6,002.00","5,865.00","17.77K","1.17%"
"01-12-2022","5,896.00","6,069.00","6,069.00","5,828.00","24.32K","-2.87%"
"30-11-2022","6,070.00","6,221.00","6,290.00","6,030.00","39.64K","-1.43%"
"29-11-2022","6,158.00","5,894.00","6,158.00","5,828.00","41.95K","5.99%"
"28-11-2022","5,810.00","5,810.00","5,870.00","5,680.00","36.95K","-0.29%"
"25-11-2022","5,827.00","5,816.00","5,940.00","5,804.00","34.60K","-0.50%"
"24-11-2022","5,856.00","5,972.00","6,113.00","5,797.00","55.52K","-1.48%"
"23-11-2022","5,944.00","5,980.00","6,000.00","5,742.00","61.35K","-0.54%"
"22-11-2022","5,976.00","6,260.00","6,261.00","5,976.00","47.96K","-5.99%"
"21-11-2022","6,357.00","6,267.00","6,390.00","6,101.00","72.38K","7.75%"
"18-11-2022","5,900.00","5,730.00","6,013.00","5,730.00","0.12K","4.00%"
"17-11-2022","5,673.00","5,673.00","5,673.00","5,673.00","0.05K","0.00%"
"16-11-2022","5,673.00","5,394.00","5,673.00","5,390.00","0.53K","4.00%"
"15-11-2022","5,455.00","5,383.00","5,590.00","5,353.00","1.72K","1.47%"
"14-11-2022","5,376.00","5,175.00","5,380.00","5,175.00","5.19K","5.91%"
"11-11-2022","5,076.00","4,997.00","5,115.00","4,984.00","6.94K","1.97%"
"10-11-2022","4,978.00","5,150.00","5,178.00","4,970.00","8.08K","-0.82%"
"09-11-2022","5,019.00","4,834.00","5,035.00","4,819.00","12.86K","3.55%"
"07-11-2022","4,847.00","4,869.00","4,908.00","4,836.00","7.87K","0.37%"
"04-11-2022","4,829.00","4,730.00","4,878.00","4,730.00","16.25K","1.66%"
"03-11-2022","4,750.00","4,753.00","4,798.00","4,728.00","13.34K","0.11%"
"02-11-2022","4,745.00","4,613.00","4,780.00","4,613.00","23.62K","2.97%"
"01-11-2022","4,608.00","4,551.00","4,630.00","4,540.00","13.53K","0.83%"
"31-10-2022","4,570.00","4,620.00","4,648.00","4,557.00","16.60K","-1.49%"
"28-10-2022","4,639.00","4,670.00","4,684.00","4,624.00","11.80K","-0.85%"
"27-10-2022","4,679.00","4,603.00","4,721.00","4,601.00","16.08K","1.01%"
"25-10-2022","4,632.00","4,635.00","4,654.00","4,615.00","7.18K","-0.11%"
"24-10-2022","4,637.00","4,615.00","4,648.00","4,610.00","7.57K","0.00%"
"21-10-2022","4,637.00","4,669.00","4,682.00","4,615.00","10.33K","1.91%"
"20-10-2022","4,550.00","4,664.00","4,664.00","4,664.00","0.01K","0.00%"
"19-10-2022","4,550.00","4,550.00","4,550.00","4,550.00","0.39K","-0.61%"
"18-10-2022","4,578.00","4,575.00","4,605.00","4,575.00","0.36K","-0.48%"
"17-10-2022","4,600.00","4,644.00","4,644.00","4,600.00","0.65K","-1.12%"
"14-10-2022","4,652.00","4,689.00","4,735.00","4,640.00","3.26K","-0.83%"
"13-10-2022","4,691.00","4,676.00","4,743.00","4,666.00","3.59K","-0.11%"
"12-10-2022","4,696.00","4,733.00","4,753.00","4,611.00","6.98K","-0.93%"
"11-10-2022","4,740.00","4,695.00","4,781.00","4,648.00","6.87K","0.96%"
"10-10-2022","4,695.00","4,734.00","4,770.00","4,665.00","13.54K","-0.84%"
"07-10-2022","4,735.00","4,854.00","4,854.00","4,729.00","13.36K","-2.29%"
"06-10-2022","4,846.00","4,809.00","4,877.00","4,805.00","8.88K","0.85%"
"04-10-2022","4,805.00","4,821.00","4,978.00","4,792.00","14.40K","-0.27%"
"03-10-2022","4,818.00","4,920.00","4,920.00","4,790.00","15.05K","-1.91%"
"30-09-2022","4,912.00","4,910.00","4,950.00","4,892.00","16.70K","0.22%"
"29-09-2022","4,901.00","4,935.00","4,955.00","4,862.00","19.56K","-0.31%"
"28-09-2022","4,916.00","5,039.00","5,039.00","4,883.00","23.19K","-2.15%"
"27-09-2022","5,024.00","4,966.00","5,044.00","4,953.00","18.43K","0.82%"
"26-09-2022","4,983.00","5,102.00","5,102.00","4,960.00","21.22K","-2.27%"
"23-09-2022","5,099.00","5,220.00","5,221.00","5,017.00","33.69K","-2.22%"
"22-09-2022","5,215.00","5,230.00","5,257.00","5,182.00","17.87K","-0.25%"
"21-09-2022","5,228.00","5,298.00","5,310.00","5,211.00","20.35K","-0.68%"
"20-09-2022","5,264.00","5,341.00","5,341.00","5,187.00","1.22K","-1.15%"
"19-09-2022","5,325.00","5,287.00","5,369.00","5,287.00","0.12K","2.48%"
"16-09-2022","5,196.00","5,198.00","5,200.00","5,111.00","1.28K","0.12%"
"15-09-2022","5,190.00","5,128.00","5,250.00","5,128.00","0.50K","2.35%"
"14-09-2022","5,071.00","4,924.00","5,100.00","4,920.00","2.91K","3.15%"
"13-09-2022","4,916.00","4,914.00","4,990.00","4,908.00","5.68K","0.82%"
"12-09-2022","4,876.00","4,916.00","4,916.00","4,815.00","5.83K","-2.28%"
"09-09-2022","4,990.00","5,018.00","5,069.00","4,959.00","9.14K","-0.68%"
"08-09-2022","5,024.00","4,863.00","5,084.00","4,863.00","14.40K","3.52%"
"07-09-2022","4,853.00","4,800.00","4,884.00","4,798.00","7.39K","1.27%"
"06-09-2022","4,792.00","4,858.00","4,886.00","4,753.00","10.11K","-1.22%"
"05-09-2022","4,851.00","4,850.00","4,925.00","4,805.00","9.88K","-0.12%"
"02-09-2022","4,857.00","4,970.00","4,989.00","4,801.00","18.05K","-1.54%"
"01-09-2022","4,933.00","4,727.00","4,949.00","4,722.00","44.55K","4.62%"
"30-08-2022","4,715.00","4,725.00","4,740.00","4,666.00","16.05K","-0.38%"
"29-08-2022","4,733.00","4,740.00","4,845.00","4,713.00","30.96K","0.13%"
"26-08-2022","4,727.00","4,565.00","4,736.00","4,565.00","25.81K","3.80%"
"25-08-2022","4,554.00","4,618.00","4,618.00","4,517.00","15.50K","-0.94%"
"24-08-2022","4,597.00","4,553.00","4,634.00","4,553.00","14.08K","0.48%"
"23-08-2022","4,575.00","4,578.00","4,597.00","4,541.00","18.10K","-0.50%"
"22-08-2022","4,598.00","4,740.00","4,748.00","4,563.00","24.41K","-2.79%"
"19-08-2022","4,730.00","4,678.00","4,796.00","4,678.00","27.02K","-0.53%"
"18-08-2022","4,755.00","4,815.00","4,945.00","4,690.00","0.63K","-0.38%"
"17-08-2022","4,773.00","4,817.00","4,849.00","4,721.00","1.80K","-0.13%"
"16-08-2022","4,779.00","4,787.00","4,988.00","4,750.00","1.21K","-0.46%"
"12-08-2022","4,801.00","4,744.00","4,828.00","4,730.00","0.37K","2.08%"
"11-08-2022","4,703.00","4,718.00","4,800.00","4,681.00","12.33K","-0.17%"
"10-08-2022","4,711.00","4,789.00","4,800.00","4,694.00","14.65K","-1.67%"
"08-08-2022","4,791.00","4,870.00","4,890.00","4,767.00","9.86K","-1.24%"
"05-08-2022","4,851.00","4,791.00","4,890.00","4,791.00","12.63K","0.77%"
"04-08-2022","4,814.00","4,898.00","4,924.00","4,800.00","9.40K","-1.84%"
"03-08-2022","4,904.00","4,900.00","4,958.00","4,850.00","10.60K","-0.18%"
"02-08-2022","4,913.00","4,890.00","4,938.00","4,845.00","11.32K","0.86%"
"01-08-2022","4,871.00","4,935.00","4,956.00","4,798.00","18.13K","-1.22%"
"29-07-2022","4,931.00","5,122.00","5,122.00","4,900.00","30.11K","-3.35%"
"28-07-2022","5,102.00","5,202.00","5,290.00","5,070.00","28.29K","-2.05%"
"27-07-2022","5,209.00","5,239.00","5,244.00","5,152.00","19.86K","-0.48%"
"26-07-2022","5,234.00","5,082.00","5,290.00","5,082.00","32.88K","2.43%"
"25-07-2022","5,110.00","5,095.00","5,135.00","5,053.00","17.59K","-0.25%"
"22-07-2022","5,123.00","5,179.00","5,179.00","5,090.00","15.75K","-1.14%"
"21-07-2022","5,182.00","5,130.00","5,200.00","5,100.00","28.75K","2.94%"
"20-07-2022","5,034.00","4,846.00","5,090.00","4,846.00","0.47K","0.50%"
"19-07-2022","5,009.00","5,029.00","5,060.00","5,000.00","0.42K","0.16%"
"18-07-2022","5,001.00","4,978.00","5,036.00","4,930.00","2.05K","0.02%"
"15-07-2022","5,000.00","5,230.00","5,230.00","4,980.00","2.43K","-3.34%"
"14-07-2022","5,173.00","5,267.00","5,292.00","5,160.00","11.23K","-1.90%"
"13-07-2022","5,273.00","5,300.00","5,333.00","5,223.00","2.53K","-0.55%"
"12-07-2022","5,302.00","5,196.00","5,374.00","4,962.00","5.78K","2.59%"
"11-07-2022","5,168.00","5,091.00","5,194.00","5,091.00","10.89K","0.84%"
"08-07-2022","5,125.00","5,055.00","5,214.00","5,055.00","10.85K","1.49%"
"07-07-2022","5,050.00","5,079.00","5,169.00","5,040.00","7.71K","-1.12%"
"06-07-2022","5,107.00","5,090.00","5,130.00","5,054.00","7.24K","-0.29%"
"05-07-2022","5,122.00","5,170.00","5,198.00","5,077.00","8.81K","-0.89%"
"04-07-2022","5,168.00","5,140.00","5,225.00","5,112.00","10.86K","-0.19%"
"01-07-2022","5,178.00","5,080.00","5,205.00","4,952.00","25.00K","0.86%"
"30-06-2022","5,134.00","5,222.00","5,222.00","5,111.00","29.26K","-1.87%"
"29-06-2022","5,232.00","5,302.00","5,303.00","5,205.00","20.97K","-1.58%"
"28-06-2022","5,316.00","5,228.00","5,329.00","5,195.00","25.52K","1.84%"
"27-06-2022","5,220.00","5,292.00","5,324.00","5,160.00","23.15K","-1.57%"
"24-06-2022","5,303.00","5,495.00","5,495.00","5,278.00","29.89K","-3.42%"
"23-06-2022","5,491.00","5,492.00","5,515.00","5,432.00","15.89K","-0.15%"
"22-06-2022","5,499.00","5,422.00","5,520.00","5,422.00","18.80K","1.01%"
"21-06-2022","5,444.00","5,465.00","5,524.00","5,424.00","21.51K","1.68%"
"20-06-2022","5,354.00","5,458.00","5,458.00","5,331.00","0.30K","-3.57%"
"17-06-2022","5,552.00","5,540.00","5,576.00","5,540.00","0.37K","-0.11%"
"16-06-2022","5,558.00","5,600.00","5,608.00","5,421.00","0.29K","-1.30%"
"15-06-2022","5,631.00","5,700.00","5,700.00","5,629.00","0.32K","-0.19%"
"14-06-2022","5,642.00","5,649.00","5,673.00","5,616.00","6.56K","-0.37%"
"13-06-2022","5,663.00","5,744.00","5,748.00","5,645.00","6.82K","-2.04%"
"10-06-2022","5,781.00","5,801.00","5,807.00","5,764.00","8.92K","-0.74%"
"09-06-2022","5,824.00","5,815.00","5,863.00","5,804.00","8.55K","0.57%"
"08-06-2022","5,791.00","5,780.00","5,822.00","5,771.00","9.80K","0.36%"
"07-06-2022","5,770.00","5,690.00","5,850.00","5,662.00","14.10K","1.60%"
"06-06-2022","5,679.00","5,770.00","5,770.00","5,654.00","9.81K","-1.11%"
"03-06-2022","5,743.00","5,795.00","5,803.00","5,734.00","7.98K","-0.97%"
"02-06-2022","5,799.00","5,751.00","5,813.00","5,732.00","10.45K","0.52%"
"01-06-2022","5,769.00","5,850.00","5,854.00","5,726.00","19.80K","-1.15%"
"31-05-2022","5,836.00","5,972.00","5,984.00","5,807.00","20.66K","-2.13%"
"30-05-2022","5,963.00","6,000.00","6,019.00","5,948.00","15.90K","-0.96%"
"27-05-2022","6,021.00","6,030.00","6,078.00","6,010.00","18.48K","0.18%"
"26-05-2022","6,010.00","5,970.00","6,015.00","5,967.00","10.83K","0.50%"
"25-05-2022","5,980.00","6,028.00","6,040.00","5,967.00","22.29K","-0.83%"
"24-05-2022","6,030.00","6,029.00","6,063.00","6,001.00","14.00K","0.02%"
"23-05-2022","6,029.00","5,945.00","6,100.00","5,940.00","14.73K","1.04%"
"20-05-2022","5,967.00","5,966.00","5,980.00","5,892.00","0.40K","0.45%"
"19-05-2022","5,940.00","6,006.00","6,008.00","5,918.00","0.12K","-1.43%"
"18-05-2022","6,026.00","5,997.00","6,040.00","5,997.00","0.15K","-0.25%"
"17-05-2022","6,041.00","6,008.00","6,069.00","6,000.00","4.53K","0.85%"
"16-05-2022","5,990.00","6,063.00","6,065.00","5,981.00","5.28K","-1.64%"
"13-05-2022","6,090.00","6,078.00","6,150.00","6,053.00","8.57K","0.36%"
"12-05-2022","6,068.00","6,015.00","6,091.00","5,984.00","5.60K","0.86%"
"11-05-2022","6,016.00","5,941.00","6,029.00","5,921.00","6.66K","1.50%"
"10-05-2022","5,927.00","6,006.00","6,030.00","5,900.00","12.18K","-1.69%"
"09-05-2022","6,029.00","6,086.00","6,096.00","6,010.00","11.44K","-0.45%"
"06-05-2022","6,056.00","5,960.00","6,088.00","5,860.00","19.72K","0.53%"
"05-05-2022","6,024.00","6,090.00","6,134.00","5,971.00","16.92K","-0.56%"
"04-05-2022","6,058.00","6,216.00","6,254.00","6,035.00","26.24K","-2.67%"
"03-05-2022","6,224.00","6,224.00","6,224.00","6,224.00","","0.00%"
"02-05-2022","6,224.00","6,321.00","6,321.00","6,134.00","19.09K","-1.69%"
"29-04-2022","6,331.00","6,343.00","6,375.00","6,310.00","22.10K","-0.19%"
"28-04-2022","6,343.00","6,340.00","6,400.00","6,327.00","24.69K","-0.17%"
"27-04-2022","6,354.00","6,340.00","6,377.00","6,312.00","22.87K","0.94%"
"26-04-2022","6,295.00","6,314.00","6,345.00","6,164.00","32.37K","-0.24%"
"25-04-2022","6,310.00","6,354.00","6,355.00","6,280.00","24.39K","-0.41%"
"22-04-2022","6,336.00","6,375.00","6,382.00","6,292.00","20.34K","-0.52%"
"21-04-2022","6,369.00","6,350.00","6,386.00","6,295.00","21.82K","1.42%"
"20-04-2022","6,280.00","6,250.00","6,300.00","6,250.00","1.47K","0.95%"
"19-04-2022","6,221.00","6,410.00","6,410.00","6,205.00","0.48K","-3.74%"
"18-04-2022","6,463.00","6,495.00","6,502.00","6,395.00","0.79K","-0.14%"
"14-04-2022","6,472.00","6,472.00","6,472.00","6,472.00","","0.00%"
"13-04-2022","6,472.00","6,423.00","6,483.00","6,420.00","0.68K","1.94%"
"12-04-2022","6,349.00","6,295.00","6,397.00","6,295.00","8.28K","0.99%"
"11-04-2022","6,287.00","6,362.00","6,378.00","6,261.00","13.63K","-0.96%"
"08-04-2022","6,348.00","6,570.00","6,570.00","6,311.00","9.33K","-3.32%"
"07-04-2022","6,566.00","6,640.00","6,670.00","6,543.00","12.32K","-1.14%"
"06-04-2022","6,642.00","6,543.00","6,725.00","6,522.00","20.57K","1.10%"
"05-04-2022","6,570.00","6,542.00","6,608.00","6,511.00","12.07K","0.44%"
"04-04-2022","6,541.00","6,668.00","6,725.00","6,436.00","29.48K","-1.89%"
"01-04-2022","6,667.00","6,330.00","6,690.00","6,330.00","41.98K","5.31%"
"31-03-2022","6,331.00","6,330.00","6,375.00","6,291.00","21.72K","-0.14%"
"30-03-2022","6,340.00","6,374.00","6,412.00","6,312.00","26.18K","-0.20%"
"29-03-2022","6,353.00","6,288.00","6,395.00","6,281.00","34.48K","0.94%"
"28-03-2022","6,294.00","6,190.00","6,345.00","6,185.00","38.36K","1.98%"
"25-03-2022","6,172.00","6,133.00","6,209.00","6,131.00","22.26K","0.55%"
"24-03-2022","6,138.00","6,161.00","6,162.00","6,104.00","19.15K","-0.49%"
"23-03-2022","6,168.00","6,140.00","6,195.00","6,119.00","20.47K","0.49%"
"22-03-2022","6,138.00","6,094.00","6,149.00","6,086.00","13.29K","0.72%"
"21-03-2022","6,094.00","6,164.00","6,174.00","6,082.00","16.05K","-1.07%"
"18-03-2022","6,160.00","6,160.00","6,160.00","6,160.00","","0.93%"
"17-03-2022","6,103.00","6,110.00","6,120.00","6,100.00","0.36K","-0.33%"
"16-03-2022","6,123.00","6,100.00","6,152.00","6,028.00","1.12K","0.11%"
"15-03-2022","6,116.00","6,250.00","6,250.00","6,100.00","0.86K","-2.14%"
"14-03-2022","6,250.00","6,261.00","6,275.00","6,240.00","0.30K","1.87%"
"11-03-2022","6,135.00","6,070.00","6,172.00","6,070.00","15.30K","0.49%"
"10-03-2022","6,105.00","6,121.00","6,195.00","6,000.00","14.06K","0.39%"
"09-03-2022","6,081.00","5,932.00","6,124.00","5,930.00","24.15K","2.55%"
"08-03-2022","5,930.00","5,830.00","5,958.00","5,755.00","18.25K","0.00%"
"07-03-2022","5,930.00","5,944.00","5,976.00","5,865.00","12.36K","-0.84%"
"04-03-2022","5,980.00","5,980.00","6,028.00","5,932.00","11.47K","-0.20%"
"03-03-2022","5,992.00","5,977.00","6,044.00","5,928.00","18.60K","0.60%"
"02-03-2022","5,956.00","5,826.00","6,030.00","5,757.00","26.28K","1.24%"
"01-03-2022","5,883.00","5,883.00","5,883.00","5,883.00","","0.00%"
"28-02-2022","5,883.00","5,862.00","5,936.00","5,770.00","21.36K","-1.11%"
"25-02-2022","5,949.00","5,790.00","5,989.00","5,785.00","40.00K","3.73%"
"24-02-2022","5,735.00","6,006.00","6,006.00","5,670.00","68.30K","-4.78%"
"23-02-2022","6,023.00","6,185.00","6,228.00","6,002.00","38.90K","-2.67%"
"22-02-2022","6,188.00","6,190.00","6,225.00","6,101.00","29.22K","-0.26%"
"21-02-2022","6,204.00","6,332.00","6,348.00","6,180.00","27.92K","-2.22%"
"18-02-2022","6,345.00","6,265.00","6,413.00","6,265.00","1.39K","1.83%"
"17-02-2022","6,231.00","6,280.00","6,288.00","6,220.00","2.15K","-0.61%"
"16-02-2022","6,269.00","6,340.00","6,370.00","6,261.00","0.84K","-0.89%"
"15-02-2022","6,325.00","6,350.00","6,360.00","6,293.00","0.92K","-0.55%"
"14-02-2022","6,360.00","6,339.00","6,435.00","6,315.00","8.82K","1.27%"
"11-02-2022","6,280.00","6,243.00","6,307.00","6,199.00","10.22K","0.77%"
"10-02-2022","6,232.00","6,136.00","6,248.00","6,136.00","12.90K","1.60%"
"09-02-2022","6,134.00","6,131.00","6,189.00","6,119.00","10.47K","-0.08%"
"08-02-2022","6,139.00","6,117.00","6,151.00","6,051.00","13.50K","0.20%"
"07-02-2022","6,127.00","6,293.00","6,315.00","6,087.00","18.69K","-2.47%"
"04-02-2022","6,282.00","6,288.00","6,325.00","6,256.00","12.49K","0.32%"
"03-02-2022","6,262.00","6,225.00","6,269.00","6,174.00","17.61K","0.47%"
"02-02-2022","6,233.00","6,340.00","6,347.00","6,190.00","21.34K","-1.66%"
"01-02-2022","6,338.00","6,361.00","6,385.00","6,315.00","16.91K","-0.30%"
"31-01-2022","6,357.00","6,368.00","6,409.00","6,321.00","26.79K","-0.28%"
"28-01-2022","6,375.00","6,390.00","6,448.00","6,362.00","27.66K","-0.69%"
"27-01-2022","6,419.00","6,415.00","6,452.00","6,355.00","36.88K","0.74%"
"25-01-2022","6,372.00","6,161.00","6,384.00","6,161.00","30.17K","2.44%"
"24-01-2022","6,220.00","6,305.00","6,305.00","6,185.00","29.70K","-1.02%"
"21-01-2022","6,284.00","6,390.00","6,447.00","6,163.00","55.13K","-1.78%"
"20-01-2022","6,398.00","6,407.00","6,424.00","6,290.00","0.99K","-1.98%"
"19-01-2022","6,527.00","6,500.00","6,540.00","6,500.00","0.08K","0.42%"
"18-01-2022","6,500.00","6,500.00","6,500.00","6,500.00","0.04K","1.55%"
"17-01-2022","6,401.00","6,318.00","6,407.00","6,318.00","0.28K","1.33%"
"14-01-2022","6,317.00","6,411.00","6,420.00","6,297.00","3.82K","-0.99%"
"13-01-2022","6,380.00","6,405.00","6,432.00","6,354.00","5.83K","-0.58%"
"12-01-2022","6,417.00","6,435.00","6,490.00","6,391.00","6.33K","0.90%"
"11-01-2022","6,360.00","6,338.00","6,387.00","6,305.00","14.56K","0.33%"
"10-01-2022","6,339.00","6,215.00","6,444.00","6,173.00","15.77K","1.90%"
"07-01-2022","6,221.00","6,171.00","6,266.00","6,159.00","13.83K","0.99%"
"06-01-2022","6,160.00","6,133.00","6,170.00","6,053.00","14.17K","-0.13%"
"05-01-2022","6,168.00","6,190.00","6,220.00","6,143.00","19.30K","-0.50%"
"04-01-2022","6,199.00","6,061.00","6,225.00","6,025.00","23.69K","2.28%"
"03-01-2022","6,061.00","6,050.00","6,120.00","6,029.00","23.46K","0.56%"
"31-12-2021","6,027.00","5,902.00","6,048.00","5,892.00","22.75K","1.96%"
"30-12-2021","5,911.00","5,911.00","5,955.00","5,860.00","28.10K","-0.08%"
"29-12-2021","5,916.00","6,090.00","6,099.00","5,872.00","44.36K","-3.27%"
"28-12-2021","6,116.00","6,109.00","6,157.00","6,092.00","19.81K","0.36%"
"27-12-2021","6,094.00","6,088.00","6,135.00","6,042.00","21.42K","-0.28%"
"24-12-2021","6,111.00","6,200.00","6,208.00","6,095.00","28.88K","-1.28%"
"23-12-2021","6,190.00","6,135.00","6,199.00","6,103.00","39.59K","1.36%"
"22-12-2021","6,107.00","6,110.00","6,138.00","5,977.00","35.37K","0.38%"
"21-12-2021","6,084.00","6,098.00","6,177.00","6,064.00","25.33K","2.42%"
"20-12-2021","5,940.00","5,940.00","5,940.00","5,940.00","0.06K","-1.75%"
"17-12-2021","6,046.00","6,205.00","6,205.00","6,040.00","0.58K","-2.37%"
"16-12-2021","6,193.00","6,202.00","6,203.00","6,158.00","0.39K","1.42%"
"15-12-2021","6,106.00","6,137.00","6,165.00","6,100.00","0.99K","-0.55%"
"14-12-2021","6,140.00","5,864.00","6,197.00","5,814.00","8.89K","4.99%"
"13-12-2021","5,848.00","5,839.00","5,927.00","5,830.00","7.46K","0.93%"
"10-12-2021","5,794.00","5,862.00","5,862.00","5,723.00","8.72K","-0.80%"
"09-12-2021","5,841.00","5,816.00","5,928.00","5,788.00","8.51K","0.26%"
"08-12-2021","5,826.00","5,839.00","5,909.00","5,780.00","9.07K","-0.21%"
"07-12-2021","5,838.00","5,611.00","5,858.00","5,611.00","15.95K","4.31%"
"06-12-2021","5,597.00","5,510.00","5,725.00","5,510.00","13.16K","-0.34%"
"03-12-2021","5,616.00","5,656.00","5,695.00","5,564.00","13.77K","-1.00%"
"02-12-2021","5,673.00","5,840.00","5,916.00","5,656.00","18.82K","-3.70%"
"01-12-2021","5,891.00","5,760.00","5,917.00","5,727.00","21.22K","1.76%"
"30-11-2021","5,789.00","5,878.00","5,882.00","5,722.00","31.55K","-0.12%"
"29-11-2021","5,796.00","5,853.00","5,950.00","5,663.00","39.57K","-2.13%"
"26-11-2021","5,922.00","6,065.00","6,078.00","5,872.00","39.76K","-2.84%"
"25-11-2021","6,095.00","6,032.00","6,150.00","5,980.00","44.88K","0.83%"
"24-11-2021","6,045.00","6,213.00","6,232.00","6,025.00","52.76K","-2.70%"
"23-11-2021","6,213.00","6,189.00","6,270.00","6,103.00","40.07K","0.84%"
"22-11-2021","6,161.00","6,235.00","6,250.00","6,035.00","45.35K","-1.97%"
"19-11-2021","6,285.00","6,285.00","6,285.00","6,285.00","","1.37%"
"18-11-2021","6,200.00","6,200.00","6,200.00","6,200.00","1.14K","-3.64%"
"17-11-2021","6,434.00","6,440.00","6,500.00","6,430.00","0.43K","2.94%"
"16-11-2021","6,250.00","6,250.00","6,250.00","6,250.00","0.62K","-0.03%"
"15-11-2021","6,252.00","6,436.00","6,436.00","6,200.00","0.70K","-2.66%"
"12-11-2021","6,423.00","6,458.00","6,517.00","6,397.00","6.22K","-0.42%"
"11-11-2021","6,450.00","6,415.00","6,570.00","6,380.00","10.19K","1.13%"
"10-11-2021","6,378.00","6,724.00","6,737.00","6,333.00","16.28K","-5.22%"
"09-11-2021","6,729.00","6,869.00","6,875.00","6,707.00","16.54K","-2.55%"
"08-11-2021","6,905.00","6,767.00","6,945.00","6,767.00","25.34K","3.31%"
"05-11-2021","6,684.00","6,684.00","6,684.00","6,684.00","","0.00%"
"04-11-2021","6,684.00","6,630.00","6,744.00","6,584.00","4.53K","1.29%"
"03-11-2021","6,599.00","6,657.00","6,800.00","6,545.00","18.94K","-1.83%"
"02-11-2021","6,722.00","6,888.00","6,950.00","6,700.00","29.42K","-2.51%"
"01-11-2021","6,895.00","7,030.00","7,090.00","6,820.00","41.49K","-2.07%"
"29-10-2021","7,041.00","6,950.00","7,185.00","6,950.00","74.39K","0.87%"
"28-10-2021","6,980.00","7,012.00","7,090.00","6,850.00","68.28K","-0.94%"
"27-10-2021","7,046.00","6,753.00","7,082.00","6,734.00","84.95K","4.40%"
"26-10-2021","6,749.00","6,618.00","6,780.00","6,540.00","54.34K","1.44%"
"25-10-2021","6,653.00","6,651.00","6,800.00","6,620.00","43.85K","-0.43%"
"22-10-2021","6,682.00","6,475.00","6,740.00","6,350.00","85.27K","2.93%"
"21-10-2021","6,492.00","6,379.00","6,540.00","6,379.00","52.72K","4.22%"
"20-10-2021","6,229.00","6,025.00","6,280.00","6,025.00","0.56K","-0.65%"
"19-10-2021","6,270.00","6,350.00","6,401.00","6,162.00","0.90K","-2.12%"
"18-10-2021","6,406.00","6,279.00","6,461.00","6,113.00","1.75K","5.09%"
"15-10-2021","6,096.00","6,096.00","6,096.00","6,096.00","","0.00%"
"14-10-2021","6,096.00","6,015.00","6,174.00","5,982.00","0.66K","2.03%"
"13-10-2021","5,975.00","6,039.00","6,095.00","5,926.00","12.06K","-1.24%"
"12-10-2021","6,050.00","6,068.00","6,280.00","6,017.00","18.05K","-0.10%"
"11-10-2021","6,056.00","5,812.00","6,140.00","5,812.00","17.57K","4.13%"
"08-10-2021","5,816.00","5,833.00","5,888.00","5,800.00","11.81K","-0.34%"
"07-10-2021","5,836.00","5,884.00","5,884.00","5,805.00","6.95K","-0.71%"
"06-10-2021","5,878.00","5,926.00","5,976.00","5,854.00","7.09K","-0.46%"
"05-10-2021","5,905.00","5,800.00","6,070.00","5,770.00","19.23K","2.46%"
"04-10-2021","5,763.00","5,870.00","5,873.00","5,709.00","11.65K","-1.69%"
"01-10-2021","5,862.00","5,870.00","5,926.00","5,779.00","18.46K","-0.68%"
"30-09-2021","5,902.00","6,150.00","6,205.00","5,861.00","42.42K","-3.21%"
"29-09-2021","6,098.00","5,776.00","6,100.00","5,760.00","49.02K","5.96%"
"28-09-2021","5,755.00","5,837.00","5,843.00","5,714.00","36.80K","-1.57%"
"27-09-2021","5,847.00","5,968.00","6,024.00","5,830.00","29.62K","-1.43%"
"24-09-2021","5,932.00","5,872.00","6,004.00","5,870.00","33.69K","1.14%"
"23-09-2021","5,865.00","5,818.00","5,880.00","5,764.00","37.18K","0.60%"
"22-09-2021","5,830.00","5,800.00","5,959.00","5,730.00","46.99K","0.02%"
"21-09-2021","5,829.00","5,750.00","5,918.00","5,721.00","41.28K","-1.32%"
"20-09-2021","5,907.00","5,800.00","5,950.00","5,800.00","0.64K","-1.14%"
"17-09-2021","5,975.00","6,031.00","6,105.00","5,912.00","0.35K","-3.58%"
"16-09-2021","6,197.00","6,377.00","6,425.00","6,172.00","0.49K","-2.09%"
"15-09-2021","6,329.00","6,339.00","6,486.00","6,236.00","2.15K","1.48%"
"14-09-2021","6,237.00","6,275.00","6,399.00","6,100.00","10.39K","-1.47%"
"13-09-2021","6,330.00","6,623.00","6,623.00","6,226.00","13.70K","-4.42%"
"10-09-2021","6,623.00","6,623.00","6,623.00","6,623.00","","0.00%"
"09-09-2021","6,623.00","6,286.00","6,623.00","6,280.00","12.57K","5.98%"
"08-09-2021","6,249.00","5,971.00","6,285.00","5,940.00","13.51K","5.13%"
"07-09-2021","5,944.00","5,800.00","6,080.00","5,794.00","12.50K","3.14%"
"06-09-2021","5,763.00","5,913.00","5,913.00","5,737.00","7.36K","-1.91%"
"03-09-2021","5,875.00","5,969.00","6,050.00","5,761.00","16.99K","-0.63%"
"02-09-2021","5,912.00","5,760.00","5,960.00","5,674.00","18.65K","2.96%"
"01-09-2021","5,742.00","5,942.00","5,994.00","5,676.00","31.16K","-4.59%"
"31-08-2021","6,018.00","6,140.00","6,180.00","5,985.00","26.49K","-2.07%"
"30-08-2021","6,145.00","6,094.00","6,316.00","5,813.00","57.62K","2.50%"
"27-08-2021","5,995.00","6,050.00","6,190.00","5,682.00","126.81K","-0.81%"
"26-08-2021","6,044.00","6,666.00","6,794.00","6,026.00","129.64K","-5.71%"
"25-08-2021","6,410.00","6,289.00","6,410.00","6,289.00","8.59K","5.99%"
"24-08-2021","6,048.00","5,799.00","6,048.00","5,786.00","75.77K","5.99%"
"23-08-2021","5,706.00","5,412.00","5,716.00","5,320.00","103.32K","11.62%"
"20-08-2021","5,112.00","5,084.00","5,118.00","5,078.00","0.25K","3.57%"
"19-08-2021","4,936.00","4,936.00","4,936.00","4,936.00","","0.00%"
"18-08-2021","4,936.00","4,936.00","4,936.00","4,936.00","0.10K","1.58%"
"17-08-2021","4,859.00","4,881.00","4,881.00","4,825.00","0.02K","-1.44%"
"16-08-2021","4,930.00","4,931.00","4,939.00","4,914.00","0.04K","1.02%"
"13-08-2021","4,880.00","4,763.00","4,908.00","4,704.00","4.23K","3.37%"
"12-08-2021","4,721.00","4,581.00","4,773.00","4,575.00","7.76K","2.85%"
"11-08-2021","4,590.00","4,640.00","4,662.00","4,565.00","7.82K","-0.48%"
"10-08-2021","4,612.00","4,625.00","4,640.00","4,506.00","12.59K","-0.50%"
"09-08-2021","4,635.00","4,640.00","4,673.00","4,520.00","12.61K","0.80%"
"06-08-2021","4,598.00","4,711.00","4,750.00","4,577.00","15.03K","-1.56%"
"05-08-2021","4,671.00","4,682.00","4,696.00","4,620.00","12.63K","-0.41%"
"04-08-2021","4,690.00","4,602.00","4,721.00","4,600.00","24.53K","2.42%"
"03-08-2021","4,579.00","4,606.00","4,650.00","4,559.00","20.22K","-0.48%"
"02-08-2021","4,601.00","4,403.00","4,624.00","4,403.00","46.06K","5.05%"
"30-07-2021","4,380.00","4,413.00","4,431.00","4,351.00","25.16K","-0.88%"
"29-07-2021","4,419.00","4,397.00","4,474.00","4,387.00","35.68K","0.59%"
"28-07-2021","4,393.00","4,469.00","4,469.00","4,373.00","30.81K","-1.24%"
"27-07-2021","4,448.00","4,450.00","4,518.00","4,411.00","26.72K","0.07%"
"26-07-2021","4,445.00","4,306.00","4,484.00","4,224.00","57.26K","2.82%"
"23-07-2021","4,323.00","4,338.00","4,383.00","4,301.00","22.91K","-0.25%"
"22-07-2021","4,334.00","4,290.00","4,387.00","4,288.00","36.92K","1.07%"
"21-07-2021","4,288.00","4,288.00","4,288.00","4,288.00","","0.89%"
"20-07-2021","4,250.00","4,250.00","4,250.00","4,250.00","","0.33%"
"19-07-2021","4,236.00","4,287.00","4,308.00","4,200.00","0.25K","2.22%"
"16-07-2021","4,144.00","4,145.00","4,159.00","4,140.00","0.64K","-1.00%"
"15-07-2021","4,186.00","4,100.00","4,218.00","4,098.00","1.08K","1.65%"
"14-07-2021","4,118.00","4,008.00","4,137.00","4,008.00","12.64K","3.08%"
"13-07-2021","3,995.00","4,000.00","4,045.00","3,993.00","6.18K","0.00%"
"12-07-2021","3,995.00","3,972.00","4,019.00","3,951.00","8.15K","0.58%"
"09-07-2021","3,972.00","3,988.00","4,018.00","3,964.00","15.01K","-0.28%"
"08-07-2021","3,983.00","4,000.00","4,015.00","3,974.00","8.16K","-0.43%"
"07-07-2021","4,000.00","3,989.00","4,035.00","3,945.00","9.46K","0.28%"
"06-07-2021","3,989.00","4,005.00","4,011.00","3,981.00","8.02K","-0.10%"
"05-07-2021","3,993.00","4,152.00","4,152.00","3,985.00","11.91K","-2.56%"
"02-07-2021","4,098.00","4,095.00","4,141.00","4,081.00","13.21K","0.10%"
"01-07-2021","4,094.00","4,113.00","4,122.00","4,070.00","10.06K","-0.46%"
"30-06-2021","4,113.00","4,125.00","4,160.00","4,084.00","17.31K","0.05%"
"29-06-2021","4,111.00","4,017.00","4,130.00","4,005.00","18.14K","2.49%"
"28-06-2021","4,011.00","4,031.00","4,057.00","4,002.00","8.07K","-0.52%"
"25-06-2021","4,032.00","4,010.00","4,069.00","4,008.00","11.41K","0.72%"
"24-06-2021","4,003.00","4,042.00","4,056.00","3,965.00","13.52K","-1.06%"
"23-06-2021","4,046.00","4,075.00","4,089.00","4,035.00","9.20K","-0.57%"
"22-06-2021","4,069.00","4,026.00","4,130.00","4,026.00","21.62K","1.07%"
"21-06-2021","4,026.00","4,021.00","4,044.00","4,015.00","8.42K","1.16%"
"18-06-2021","3,980.00","3,970.00","4,000.00","3,970.00","0.06K","-2.76%"
"17-06-2021","4,093.00","4,093.00","4,093.00","4,093.00","","0.81%"
"16-06-2021","4,060.00","4,060.00","4,060.00","4,060.00","0.01K","-2.22%"
"15-06-2021","4,152.00","4,152.00","4,152.00","4,152.00","","3.41%"
"14-06-2021","4,015.00","4,015.00","4,034.00","3,980.00","10.37K","-0.57%"
"11-06-2021","4,038.00","4,040.00","4,053.00","4,016.00","8.11K","-0.05%"
"10-06-2021","4,040.00","4,080.00","4,085.00","4,031.00","12.31K","-0.81%"
"09-06-2021","4,073.00","4,156.00","4,156.00","4,045.00","13.51K","-1.86%"
"08-06-2021","4,150.00","4,141.00","4,206.00","4,133.00","11.32K","0.14%"
"07-06-2021","4,144.00","4,155.00","4,169.00","4,138.00","7.99K","0.24%"
"04-06-2021","4,134.00","4,140.00","4,170.00","4,121.00","8.43K","-0.41%"
"03-06-2021","4,151.00","4,181.00","4,192.00","4,142.00","11.02K","-0.41%"
"02-06-2021","4,168.00","4,156.00","4,176.00","4,130.00","7.92K","0.00%"
"01-06-2021","4,168.00","4,196.00","4,205.00","4,160.00","11.82K","-0.62%"
"31-05-2021","4,194.00","4,185.00","4,235.00","4,166.00","17.44K","0.33%"
"28-05-2021","4,180.00","4,182.00","4,208.00","4,158.00","14.09K","0.14%"
"27-05-2021","4,174.00","4,195.00","4,204.00","4,162.00","14.57K","-0.50%"
"26-05-2021","4,195.00","4,255.00","4,285.00","4,185.00","23.26K","-1.64%"
"25-05-2021","4,265.00","4,271.00","4,324.00","4,257.00","16.52K","0.09%"
"24-05-2021","4,261.00","4,255.00","4,288.00","4,230.00","13.02K","-0.37%"
"21-05-2021","4,277.00","4,288.00","4,299.00","4,261.00","14.33K","-0.09%"
"20-05-2021","4,281.00","4,281.00","4,281.00","4,281.00","0.19K","0.00%"
"19-05-2021","4,281.00","4,281.00","4,281.00","4,281.00","0.03K","-0.63%"
"18-05-2021","4,308.00","4,308.00","4,308.00","4,308.00","","0.87%"
"17-05-2021","4,271.00","4,277.00","4,301.00","4,201.00","1.30K","-0.74%"
"14-05-2021","4,303.00","4,317.00","4,338.00","4,270.00","3.33K","-0.81%"
"13-05-2021","4,338.00","4,338.00","4,338.00","4,338.00","","0.00%"
"12-05-2021","4,338.00","4,323.00","4,370.00","4,301.00","4.79K","0.91%"
"11-05-2021","4,299.00","4,140.00","4,350.00","4,127.00","12.11K","3.82%"
"10-05-2021","4,141.00","4,055.00","4,176.00","4,051.00","22.46K","3.09%"
"07-05-2021","4,017.00","4,032.00","4,043.00","3,988.00","11.58K","-0.22%"
"06-05-2021","4,026.00","4,040.00","4,071.00","4,017.00","8.84K","-0.10%"
"05-05-2021","4,030.00","3,994.00","4,045.00","3,979.00","11.00K","1.13%"
"04-05-2021","3,985.00","3,944.00","4,005.00","3,942.00","10.59K","0.66%"
"03-05-2021","3,959.00","4,052.00","4,060.00","3,937.00","13.68K","-1.91%"
"30-04-2021","4,036.00","4,070.00","4,072.00","4,025.00","15.61K","-1.10%"
"29-04-2021","4,081.00","4,075.00","4,117.00","4,047.00","12.25K","0.64%"
"28-04-2021","4,055.00","4,055.00","4,075.00","4,001.00","20.08K","-0.73%"
"27-04-2021","4,085.00","4,069.00","4,125.00","4,050.00","19.54K","0.64%"
"26-04-2021","4,059.00","4,200.00","4,225.00","4,042.00","32.76K","-3.40%"
"23-04-2021","4,202.00","4,200.00","4,238.00","4,121.00","38.94K","-0.14%"
"22-04-2021","4,208.00","4,128.00","4,284.00","4,128.00","50.03K","2.41%"
"21-04-2021","4,109.00","4,109.00","4,109.00","4,109.00","","-1.39%"
"20-04-2021","4,167.00","4,167.00","4,167.00","4,167.00","0.25K","3.73%"
"19-04-2021","4,017.00","4,051.00","4,151.00","3,995.00","0.67K","0.60%"
"16-04-2021","3,993.00","3,993.00","3,993.00","3,993.00","","0.00%"
"15-04-2021","3,993.00","3,985.00","4,024.00","3,981.00","0.04K","2.38%"
"14-04-2021","3,900.00","3,900.00","3,900.00","3,900.00","","0.00%"
"13-04-2021","3,900.00","3,870.00","3,916.00","3,870.00","8.24K","0.59%"
"12-04-2021","3,877.00","3,905.00","3,949.00","3,847.00","8.20K","-0.15%"
"09-04-2021","3,883.00","3,870.00","3,899.00","3,855.00","15.17K","0.52%"
"08-04-2021","3,863.00","3,890.00","3,908.00","3,850.00","6.19K","-0.52%"
"07-04-2021","3,883.00","3,945.00","3,985.00","3,825.00","8.59K","-1.80%"
"06-04-2021","3,954.00","3,915.00","4,020.00","3,900.00","18.00K","0.61%"
"05-04-2021","3,930.00","3,774.00","3,948.00","3,757.00","19.49K","4.77%"
"01-04-2021","3,751.00","3,765.00","3,766.00","3,725.00","6.81K","-0.32%"
"31-03-2021","3,763.00","3,757.00","3,772.00","3,747.00","14.08K","0.16%"
"30-03-2021","3,757.00","3,760.00","3,790.00","3,750.00","8.32K","0.00%"
"29-03-2021","3,757.00","3,757.00","3,757.00","3,757.00","","0.00%"
"26-03-2021","3,757.00","3,755.00","3,777.00","3,744.00","6.04K","-0.13%"
"25-03-2021","3,762.00","3,780.00","3,799.00","3,757.00","6.39K","-0.03%"
"24-03-2021","3,763.00","3,777.00","3,782.00","3,754.00","6.39K","-0.34%"
"23-03-2021","3,776.00","3,782.00","3,804.00","3,773.00","7.73K","-0.03%"
"22-03-2021","3,777.00","3,795.00","3,820.00","3,762.00","10.41K","0.99%"
"19-03-2021","3,740.00","3,740.00","3,740.00","3,740.00","0.11K","0.00%"
"18-03-2021","3,740.00","3,740.00","3,740.00","3,740.00","0.05K","0.32%"
"17-03-2021","3,728.00","3,743.00","3,743.00","3,713.00","0.02K","-1.66%"
"16-03-2021","3,791.00","3,791.00","3,791.00","3,790.00","0.02K","-0.26%"
"15-03-2021","3,801.00","3,783.00","3,862.00","3,783.00","8.76K","0.45%"
"12-03-2021","3,784.00","3,786.00","3,824.00","3,775.00","11.28K","-0.13%"
"10-03-2021","3,789.00","3,830.00","3,832.00","3,770.00","19.86K","-0.92%"
"09-03-2021","3,824.00","3,855.00","3,858.00","3,820.00","11.62K","-0.57%"
"08-03-2021","3,846.00","3,870.00","3,884.00","3,841.00","10.08K","0.16%"
"05-03-2021","3,840.00","3,848.00","3,855.00","3,836.00","8.76K","0.47%"
"04-03-2021","3,822.00","3,834.00","3,849.00","3,820.00","5.65K","-0.16%"
"03-03-2021","3,828.00","3,813.00","3,849.00","3,813.00","8.62K","0.34%"
"02-03-2021","3,815.00","3,844.00","3,859.00","3,800.00","15.24K","-1.01%"
"01-03-2021","3,854.00","3,854.00","3,876.00","3,847.00","6.26K","0.26%"
"26-02-2021","3,844.00","3,856.00","3,876.00","3,836.00","13.45K","-0.62%"
"25-02-2021","3,868.00","3,855.00","3,909.00","3,822.00","15.94K","0.65%"
"24-02-2021","3,843.00","3,835.00","3,859.00","3,821.00","8.56K","0.42%"
"23-02-2021","3,827.00","3,823.00","3,853.00","3,821.00","9.90K","0.29%"
"22-02-2021","3,816.00","3,890.00","3,890.00","3,810.00","14.11K","-1.83%"
"19-02-2021","3,887.00","3,887.00","3,887.00","3,887.00","0.01K","0.00%"
"18-02-2021","3,887.00","3,887.00","3,887.00","3,887.00","0.01K","-0.13%"
"17-02-2021","3,892.00","3,892.00","3,892.00","3,892.00","","0.00%"
"16-02-2021","3,892.00","3,896.00","3,896.00","3,890.00","0.10K","-0.10%"
"15-02-2021","3,896.00","3,928.00","3,960.00","3,881.00","7.22K","-0.43%"
"12-02-2021","3,913.00","3,908.00","3,925.00","3,901.00","5.76K","0.10%"
"11-02-2021","3,909.00","3,912.00","3,936.00","3,890.00","5.96K","-0.28%"
"10-02-2021","3,920.00","3,954.00","3,975.00","3,915.00","10.48K","-1.01%"
"09-02-2021","3,960.00","3,959.00","3,998.00","3,955.00","14.63K","0.18%"
"08-02-2021","3,953.00","3,970.00","3,980.00","3,936.00","14.69K","-0.15%"
"05-02-2021","3,959.00","3,931.00","3,968.00","3,909.00","11.57K","0.97%"
"04-02-2021","3,921.00","3,924.00","3,938.00","3,892.00","9.14K","0.13%"
"03-02-2021","3,916.00","3,910.00","3,945.00","3,909.00","5.85K","-0.13%"
"02-02-2021","3,921.00","3,889.00","3,939.00","3,875.00","13.03K","1.11%"
"01-02-2021","3,878.00","3,925.00","3,937.00","3,863.00","10.22K","-1.00%"
"29-01-2021","3,917.00","3,920.00","3,948.00","3,912.00","9.20K","-0.28%"
"28-01-2021","3,928.00","3,924.00","3,940.00","3,898.00","13.65K","0.08%"
"27-01-2021","3,925.00","4,024.00","4,024.00","3,910.00","18.23K","-1.41%"
"25-01-2021","3,981.00","3,970.00","4,015.00","3,970.00","12.35K","-0.10%"
"22-01-2021","3,985.00","4,005.00","4,040.00","3,973.00","25.57K","-0.15%"
"21-01-2021","3,991.00","3,938.00","4,017.00","3,925.00","23.49K","1.73%"
"20-01-2021","3,923.00","4,033.00","4,033.00","3,900.00","0.12K","-0.38%"
"19-01-2021","3,938.00","3,938.00","3,938.00","3,938.00","0.03K","0.00%"
"18-01-2021","3,938.00","3,889.00","3,976.00","3,860.00","0.34K","0.66%"
"15-01-2021","3,912.00","3,905.00","3,987.00","3,890.00","0.10K","-0.05%"
"14-01-2021","3,914.00","3,909.00","3,920.00","3,896.00","4.90K","0.23%"
"13-01-2021","3,905.00","3,882.00","3,940.00","3,878.00","7.46K","0.59%"
"12-01-2021","3,882.00","3,869.00","3,887.00","3,863.00","4.95K","0.26%"
"11-01-2021","3,872.00","3,910.00","3,910.00","3,843.00","11.52K","-0.69%"
"08-01-2021","3,899.00","3,902.00","3,924.00","3,893.00","12.67K","0.31%"
"07-01-2021","3,887.00","3,890.00","3,921.00","3,876.00","7.86K","-0.28%"
"06-01-2021","3,898.00","3,899.00","3,925.00","3,887.00","10.45K","0.41%"
"05-01-2021","3,882.00","3,950.00","3,950.00","3,850.00","10.63K","-1.82%"
"04-01-2021","3,954.00","3,950.00","3,968.00","3,925.00","10.94K","0.20%"
"01-01-2021","3,946.00","3,913.00","3,980.00","3,912.00","20.47K","0.97%"
"31-12-2020","3,908.00","3,885.00","3,930.00","3,883.00","13.64K","0.44%"
"30-12-2020","3,891.00","3,889.00","3,907.00","3,873.00","9.06K","0.18%"
"29-12-2020","3,884.00","3,902.00","3,902.00","3,868.00","7.69K","-0.13%"
"28-12-2020","3,889.00","3,919.00","3,925.00","3,878.00","11.44K","-0.66%"
"24-12-2020","3,915.00","3,900.00","3,944.00","3,857.00","19.40K","0.38%"
"23-12-2020","3,900.00","3,871.00","3,928.00","3,864.00","13.89K","0.67%"
"22-12-2020","3,874.00","3,846.00","3,890.00","3,842.00","12.17K","0.47%"
"21-12-2020","3,856.00","3,930.00","3,930.00","3,840.00","26.58K","-2.85%"
"18-12-2020","3,969.00","3,969.00","3,969.00","3,969.00","0.39K","0.00%"
"17-12-2020","3,969.00","3,969.00","3,969.00","3,969.00","0.40K","0.00%"
"16-12-2020","3,969.00","3,968.00","3,999.00","3,964.00","1.09K","0.56%"
"15-12-2020","3,947.00","3,940.00","3,959.00","3,934.00","3.72K","0.48%"
"14-12-2020","3,928.00","3,888.00","3,940.00","3,888.00","9.61K","1.24%"
"11-12-2020","3,880.00","3,930.00","3,953.00","3,875.00","8.98K","-0.92%"
"10-12-2020","3,916.00","3,854.00","3,941.00","3,854.00","16.69K","1.95%"
"09-12-2020","3,841.00","3,864.00","3,876.00","3,750.00","11.41K","-0.57%"
"08-12-2020","3,863.00","3,850.00","3,880.00","3,807.00","11.71K","0.31%"
"07-12-2020","3,851.00","3,850.00","3,884.00","3,840.00","11.42K","-0.21%"
"04-12-2020","3,859.00","3,872.00","3,890.00","3,843.00","8.68K","-0.26%"
"03-12-2020","3,869.00","3,855.00","3,878.00","3,828.00","9.00K","0.62%"
"02-12-2020","3,845.00","3,901.00","3,931.00","3,812.00","23.51K","-1.69%"
"01-12-2020","3,911.00","3,960.00","3,965.00","3,884.00","17.73K","-1.26%"
"27-11-2020","3,961.00","3,904.00","3,980.00","3,902.00","21.72K","1.56%"
"26-11-2020","3,900.00","3,932.00","3,960.00","3,890.00","14.79K","-1.24%"
"25-11-2020","3,949.00","3,950.00","3,973.00","3,935.00","17.98K","0.77%"
"24-11-2020","3,919.00","3,955.00","3,964.00","3,892.00","32.80K","-1.21%"
"23-11-2020","3,967.00","4,069.00","4,069.00","3,956.00","31.27K","-2.24%"
"20-11-2020","4,058.00","4,040.00","4,070.00","4,040.00","1.77K","-0.37%"
"19-11-2020","4,073.00","4,074.00","4,074.00","4,065.00","0.10K","0.69%"
"18-11-2020","4,045.00","4,040.00","4,072.00","4,030.00","0.52K","-1.51%"
"17-11-2020","4,107.00","4,085.00","4,120.00","4,060.00","0.31K","0.10%"
"14-11-2020","4,103.00","4,114.00","4,119.00","4,100.00","5.63K","-0.61%"
"13-11-2020","4,128.00","4,124.00","4,146.00","4,107.00","3.29K","-0.43%"
"12-11-2020","4,146.00","4,184.00","4,191.00","4,140.00","5.58K","-1.17%"
"11-11-2020","4,195.00","4,166.00","4,215.00","4,162.00","7.82K","1.04%"
"10-11-2020","4,152.00","4,191.00","4,198.00","4,138.00","11.37K","-0.22%"
"09-11-2020","4,161.00","4,301.00","4,301.00","4,116.00","13.01K","-1.65%"
"06-11-2020","4,231.00","4,255.00","4,265.00","4,221.00","6.48K","-0.94%"
"05-11-2020","4,271.00","4,310.00","4,324.00","4,262.00","8.81K","-0.37%"
"04-11-2020","4,287.00","4,270.00","4,306.00","4,231.00","11.33K","0.59%"
"03-11-2020","4,262.00","4,225.00","4,280.00","4,219.00","11.27K","1.19%"
"02-11-2020","4,212.00","4,289.00","4,289.00","4,166.00","25.48K","-1.77%"
"30-10-2020","4,288.00","4,270.00","4,332.00","4,253.00","24.95K","0.59%"
"29-10-2020","4,263.00","4,273.00","4,288.00","4,240.00","17.40K","-0.30%"
"28-10-2020","4,276.00","4,350.00","4,373.00","4,252.00","41.38K","-1.90%"
"27-10-2020","4,359.00","4,265.00","4,394.00","4,242.00","41.84K","1.92%"
"26-10-2020","4,277.00","4,285.00","4,309.00","4,224.00","28.64K","0.05%"
"23-10-2020","4,275.00","4,286.00","4,297.00","4,250.00","28.89K","0.14%"
"22-10-2020","4,269.00","4,254.00","4,324.00","4,232.00","49.63K","0.61%"
"21-10-2020","4,243.00","4,143.00","4,274.00","4,143.00","46.76K","3.49%"
"20-10-2020","4,100.00","4,070.00","4,148.00","4,070.00","1.60K","1.69%"
"19-10-2020","4,032.00","4,050.00","4,050.00","4,021.00","0.48K","0.27%"
"16-10-2020","4,021.00","4,021.00","4,021.00","4,020.00","0.08K","-0.15%"
"15-10-2020","4,027.00","4,000.00","4,078.00","3,932.00","0.88K","1.51%"
"14-10-2020","3,967.00","3,983.00","4,012.00","3,957.00","11.84K","-0.40%"
"13-10-2020","3,983.00","4,046.00","4,052.00","3,970.00","5.74K","-1.90%"
"12-10-2020","4,060.00","4,040.00","4,086.00","4,040.00","5.05K","0.02%"
"09-10-2020","4,059.00","4,116.00","4,136.00","4,045.00","10.12K","-1.70%"
"08-10-2020","4,129.00","4,062.00","4,137.00","4,062.00","14.27K","1.65%"
"07-10-2020","4,062.00","4,047.00","4,070.00","4,032.00","6.98K","0.22%"
"06-10-2020","4,053.00","4,084.00","4,107.00","4,046.00","7.25K","-1.03%"
"05-10-2020","4,095.00","4,110.00","4,110.00","4,069.00","9.98K","-0.41%"
"01-10-2020","4,112.00","4,007.00","4,112.00","4,001.00","30.19K","2.98%"
"30-09-2020","3,993.00","3,952.00","4,004.00","3,944.00","18.11K","0.73%"
"29-09-2020","3,964.00","3,998.00","3,999.00","3,950.00","12.57K","-0.28%"
"28-09-2020","3,975.00","3,960.00","4,010.00","3,950.00","17.41K","0.58%"
"25-09-2020","3,952.00","3,935.00","3,967.00","3,926.00","12.20K","0.56%"
"24-09-2020","3,930.00","3,990.00","4,000.00","3,915.00","18.91K","-1.23%"
"23-09-2020","3,979.00","3,984.00","4,007.00","3,950.00","15.53K","-0.08%"
"22-09-2020","3,982.00","3,970.00","3,994.00","3,924.00","17.30K","0.15%"
"21-09-2020","3,976.00","4,043.00","4,070.00","3,960.00","26.21K","-1.00%"
"18-09-2020","4,016.00","4,064.00","4,064.00","4,000.00","0.26K","0.65%"
"17-09-2020","3,990.00","4,136.00","4,140.00","3,990.00","3.03K","-2.99%"
"16-09-2020","4,113.00","4,246.00","4,246.00","4,110.00","0.79K","-0.44%"
"15-09-2020","4,131.00","4,110.00","4,160.00","4,100.00","3.51K","1.27%"
"14-09-2020","4,079.00","4,118.00","4,146.00","4,056.00","5.25K","-1.35%"
"11-09-2020","4,135.00","4,100.00","4,170.00","4,082.00","5.66K","0.88%"
"10-09-2020","4,099.00","3,962.00","4,099.00","3,946.00","7.25K","3.98%"
"09-09-2020","3,942.00","3,916.00","3,959.00","3,912.00","4.09K","0.18%"
"08-09-2020","3,935.00","3,931.00","3,959.00","3,900.00","8.67K","0.15%"
"07-09-2020","3,929.00","3,932.00","3,943.00","3,852.00","15.33K","-0.43%"
"04-09-2020","3,946.00","4,003.00","4,015.00","3,903.00","13.98K","-1.47%"
"03-09-2020","4,005.00","4,022.00","4,030.00","3,984.00","5.78K","-0.22%"
"02-09-2020","4,014.00","4,005.00","4,021.00","3,966.00","10.20K","0.50%"
"01-09-2020","3,994.00","4,089.00","4,110.00","3,970.00","15.99K","-2.18%"
"31-08-2020","4,083.00","4,111.00","4,111.00","4,035.00","12.64K","-1.28%"
"28-08-2020","4,136.00","4,130.00","4,173.00","4,111.00","18.28K","0.19%"
"27-08-2020","4,128.00","4,152.00","4,193.00","4,115.00","23.98K","-1.03%"
"26-08-2020","4,171.00","4,229.00","4,235.00","4,161.00","36.00K","-1.23%"
"25-08-2020","4,223.00","4,125.00","4,231.00","4,125.00","39.71K","2.77%"
"24-08-2020","4,109.00","4,131.00","4,145.00","4,085.00","23.17K","-0.53%"
"21-08-2020","4,131.00","4,115.00","4,172.00","4,091.00","30.43K","3.85%"
"20-08-2020","3,978.00","3,972.00","3,990.00","3,972.00","0.07K","-0.57%"
"19-08-2020","4,001.00","3,963.00","4,001.00","3,963.00","0.06K","3.98%"
"18-08-2020","3,848.00","3,848.00","3,848.00","3,848.00","34.20K","0.00%"
"17-08-2020","3,848.00","3,920.00","3,920.00","3,920.00","1.46K","0.00%"
"14-08-2020","3,848.00","3,882.00","3,914.00","3,770.00","1.73K","-0.88%"
"13-08-2020","3,882.00","3,985.00","4,025.00","3,873.00","3.92K","-2.71%"
"12-08-2020","3,990.00","3,936.00","4,009.00","3,867.00","3.41K","0.81%"
"11-08-2020","3,958.00","3,996.00","3,999.00","3,924.00","3.19K","-1.47%"
"10-08-2020","4,017.00","4,062.00","4,078.00","3,971.00","5.68K","-1.45%"
"07-08-2020","4,076.00","4,046.00","4,112.00","4,011.00","7.63K","0.32%"
"06-08-2020","4,063.00","3,970.00","4,084.00","3,970.00","10.49K","2.60%"
"05-08-2020","3,960.00","3,968.00","3,985.00","3,908.00","7.77K","-0.78%"
"04-08-2020","3,991.00","4,013.00","4,050.00","3,968.00","19.55K","0.63%"
"03-08-2020","3,966.00","3,840.00","3,966.00","3,840.00","10.12K","3.99%"
"31-07-2020","3,814.00","3,840.00","3,842.00","3,791.00","7.89K","-0.99%"
"30-07-2020","3,852.00","3,890.00","3,904.00","3,836.00","11.66K","-1.46%"
"29-07-2020","3,909.00","3,890.00","3,930.00","3,875.00","12.88K","0.72%"
"28-07-2020","3,881.00","3,919.00","3,931.00","3,861.00","10.58K","-0.26%"
"27-07-2020","3,891.00","3,869.00","3,932.00","3,840.00","20.56K","1.54%"
"24-07-2020","3,832.00","3,920.00","3,938.00","3,801.00","28.53K","-2.27%"
"23-07-2020","3,921.00","3,894.00","3,962.00","3,866.00","28.94K","0.95%"
"22-07-2020","3,884.00","3,782.00","3,899.00","3,782.00","22.83K","2.53%"
"21-07-2020","3,788.00","3,800.00","3,830.00","3,775.00","16.71K","-2.19%"
"20-07-2020","3,873.00","3,894.00","3,950.00","3,840.00","4.02K","0.39%"
"17-07-2020","3,858.00","3,760.00","3,894.00","3,756.00","2.52K","3.02%"
"16-07-2020","3,745.00","3,770.00","3,775.00","3,743.00","1.79K","0.05%"
"15-07-2020","3,743.00","3,777.00","3,777.00","3,736.00","1.77K","0.46%"
"14-07-2020","3,726.00","3,708.00","3,757.00","3,692.00","4.33K","0.43%"
"13-07-2020","3,710.00","3,736.00","3,736.00","3,702.00","4.15K","-0.59%"
"10-07-2020","3,732.00","3,715.00","3,741.00","3,715.00","6.75K","0.70%"
"09-07-2020","3,706.00","3,698.00","3,721.00","3,690.00","2.08K","0.11%"
"08-07-2020","3,702.00","3,736.00","3,738.00","3,692.00","4.03K","-0.62%"
"07-07-2020","3,725.00","3,670.00","3,740.00","3,669.00","7.18K","1.50%"
"06-07-2020","3,670.00","3,650.00","3,682.00","3,649.00","3.86K","0.82%"
"03-07-2020","3,640.00","3,602.00","3,664.00","3,602.00","5.05K","0.61%"
"02-07-2020","3,618.00","3,634.00","3,639.00","3,610.00","5.41K","-0.33%"
"01-07-2020","3,630.00","3,630.00","3,650.00","3,615.00","2.78K","0.39%"
"30-06-2020","3,616.00","3,631.00","3,645.00","3,610.00","7.60K","-0.17%"
"29-06-2020","3,622.00","3,664.00","3,670.00","3,614.00","14.02K","-1.28%"
"26-06-2020","3,669.00","3,665.00","3,690.00","3,660.00","8.96K","0.44%"
"25-06-2020","3,653.00","3,617.00","3,680.00","3,617.00","8.72K","0.33%"
"24-06-2020","3,641.00","3,673.00","3,679.00","3,631.00","6.83K","-1.06%"
"23-06-2020","3,680.00","3,644.00","3,703.00","3,636.00","17.08K","1.07%"
"22-06-2020","3,641.00","3,632.00","3,674.00","3,610.00","21.45K","0.44%"
"19-06-2020","3,625.00","3,600.00","3,650.00","3,600.00","1.90K","2.00%"
"18-06-2020","3,554.00","3,530.00","3,554.00","3,530.00","0.73K","0.77%"
"17-06-2020","3,527.00","3,521.00","3,536.00","3,521.00","0.16K","-0.20%"
"16-06-2020","3,534.00","3,525.00","3,543.00","3,520.00","1.07K","1.44%"
"15-06-2020","3,484.00","3,522.00","3,522.00","3,473.00","8.66K","-1.22%"
"12-06-2020","3,527.00","3,480.00","3,539.00","3,480.00","2.53K","-0.70%"
"11-06-2020","3,552.00","3,558.00","3,570.00","3,542.00","4.14K","-0.06%"
"10-06-2020","3,554.00","3,530.00","3,578.00","3,490.00","7.46K","1.25%"
"09-06-2020","3,510.00","3,526.00","3,532.00","3,476.00","5.05K","-0.51%"
"08-06-2020","3,528.00","3,576.00","3,610.00","3,452.00","7.15K","-0.62%"
"05-06-2020","3,550.00","3,572.00","3,580.00","3,532.00","4.26K","-0.34%"
"04-06-2020","3,562.00","3,550.00","3,598.00","3,532.00","4.12K","-0.17%"
"03-06-2020","3,568.00","3,520.00","3,618.00","3,520.00","11.97K","1.54%"
"02-06-2020","3,514.00","3,524.00","3,536.00","3,506.00","5.48K","0.06%"
"01-06-2020","3,512.00","3,472.00","3,526.00","3,462.00","8.41K","0.98%"
"29-05-2020","3,478.00","3,526.00","3,542.00","3,460.00","13.87K","-1.64%"
"28-05-2020","3,536.00","3,526.00","3,558.00","3,518.00","6.98K","-0.17%"
"27-05-2020","3,542.00","3,538.00","3,558.00","3,524.00","5.77K","0.11%"
"26-05-2020","3,538.00","3,518.00","3,570.00","3,518.00","7.14K","-0.17%"
"22-05-2020","3,544.00","3,582.00","3,582.00","3,518.00","8.28K","-1.61%"
"21-05-2020","3,602.00","3,604.00","3,616.00","3,594.00","4.37K","-2.60%"
"20-05-2020","3,698.00","3,664.00","3,704.00","3,654.00","2.05K","0.98%"
"19-05-2020","3,662.00","3,674.00","3,688.00","3,654.00","1.09K","-0.60%"
"18-05-2020","3,684.00","3,660.00","3,712.00","3,660.00","1.52K","1.26%"
"15-05-2020","3,638.00","3,562.00","3,650.00","3,560.00","0.76K","2.77%"
"14-05-2020","3,540.00","3,540.00","3,544.00","3,528.00","2.86K","0.11%"
"13-05-2020","3,536.00","3,526.00","3,550.00","3,518.00","3.26K","0.34%"
"12-05-2020","3,524.00","3,512.00","3,538.00","3,500.00","3.28K","0.11%"
"11-05-2020","3,520.00","3,540.00","3,552.00","3,510.00","4.15K","-0.11%"
"08-05-2020","3,524.00","3,500.00","3,562.00","3,500.00","8.77K","0.17%"
"07-05-2020","3,518.00","3,458.00","3,526.00","3,450.00","9.92K","1.68%"
"06-05-2020","3,460.00","3,486.00","3,504.00","3,452.00","5.30K","-0.35%"
"05-05-2020","3,472.00","3,460.00","3,500.00","3,454.00","8.32K","0.75%"
"04-05-2020","3,446.00","3,510.00","3,510.00","3,430.00","11.51K","-3.20%"
"30-04-2020","3,560.00","3,566.00","3,566.00","3,528.00","0.03K","1.14%"
"29-04-2020","3,520.00","3,520.00","3,520.00","3,520.00","25.20K","2.92%"
"28-04-2020","3,420.00","3,420.00","3,420.00","3,420.00","14.82K","0.47%"
"27-04-2020","3,404.00","3,406.00","3,406.00","3,406.00","0.01K","0.00%"
"24-04-2020","3,404.00","3,404.00","3,404.00","3,404.00","19.43K","-0.47%"
"23-04-2020","3,420.00","3,420.00","3,420.00","3,420.00","0.01K","-2.95%"
"22-04-2020","3,524.00","3,524.00","3,524.00","3,524.00","19.92K","-2.97%"
"21-04-2020","3,632.00","3,524.00","3,524.00","3,524.00","0.01K","0.00%"
"20-04-2020","3,632.00","3,632.00","3,632.00","3,632.00","0.33K","-0.11%"
"17-04-2020","3,636.00","3,636.00","3,636.00","3,636.00","0.40K","0.00%"
"16-04-2020","3,636.00","3,636.00","3,636.00","3,636.00","0.82K","1.45%"
"15-04-2020","3,584.00","3,540.00","3,600.00","3,500.00","6.02K","1.30%"
"13-04-2020","3,538.00","3,522.00","3,586.00","3,490.00","18.12K","0.23%"
"09-04-2020","3,530.00","3,440.00","3,550.00","3,434.00","16.07K","3.16%"
"08-04-2020","3,422.00","3,352.00","3,452.00","3,330.00","8.73K","0.59%"
"07-04-2020","3,402.00","3,332.00","3,414.00","3,310.00","11.85K","2.47%"
"03-04-2020","3,320.00","3,298.00","3,368.00","3,282.00","8.69K","1.22%"
"01-04-2020","3,280.00","3,292.00","3,316.00","3,254.00","5.11K","-0.91%"
"31-03-2020","3,310.00","3,320.00","3,362.00","3,278.00","11.59K","-0.06%"
"30-03-2020","3,312.00","3,320.00","3,340.00","3,266.00","8.79K","-0.24%"
"27-03-2020","3,320.00","3,310.00","3,378.00","3,292.00","11.98K","0.42%"
"26-03-2020","3,306.00","3,340.00","3,398.00","3,282.00","17.47K","-1.37%"
"25-03-2020","3,352.00","3,206.00","3,380.00","3,206.00","21.95K","3.14%"
"24-03-2020","3,250.00","3,200.00","3,306.00","3,190.00","18.79K","0.43%"
"23-03-2020","3,236.00","3,320.00","3,322.00","3,236.00","11.31K","-6.80%"
"20-03-2020","3,472.00","3,480.00","3,480.00","3,452.00","2.01K","0.87%"
"19-03-2020","3,442.00","3,422.00","3,450.00","3,382.00","1.55K","-0.35%"
"18-03-2020","3,454.00","3,432.00","3,488.00","3,332.00","1.26K","0.41%"
"17-03-2020","3,440.00","3,422.00","3,480.00","3,382.00","3.14K","1.24%"
"16-03-2020","3,398.00","3,506.00","3,506.00","3,398.00","4.99K","-3.96%"
"13-03-2020","3,538.00","3,382.00","3,538.00","3,266.00","11.87K","4.00%"
"12-03-2020","3,402.00","3,532.00","3,532.00","3,402.00","6.42K","-3.95%"
"11-03-2020","3,542.00","3,606.00","3,670.00","3,522.00","17.99K","-2.42%"
"09-03-2020","3,630.00","3,748.00","3,748.00","3,630.00","2.58K","-3.97%"
"06-03-2020","3,780.00","3,806.00","3,822.00","3,758.00","11.22K","-1.20%"
"05-03-2020","3,826.00","3,806.00","3,850.00","3,790.00","18.94K","0.21%"
"04-03-2020","3,818.00","3,760.00","3,832.00","3,728.00","32.82K","1.70%"
"03-03-2020","3,754.00","3,618.00","3,754.00","3,618.00","44.07K","3.99%"
"02-03-2020","3,610.00","3,680.00","3,738.00","3,590.00","43.99K","-1.37%"
"28-02-2020","3,660.00","3,650.00","3,678.00","3,574.00","41.85K","-0.27%"
"27-02-2020","3,670.00","3,592.00","3,676.00","3,582.00","28.22K","1.83%"
"26-02-2020","3,604.00","3,682.00","3,682.00","3,552.00","68.40K","-1.53%"
"25-02-2020","3,660.00","3,706.00","3,734.00","3,642.00","41.55K","-0.92%"
"24-02-2020","3,694.00","3,796.00","3,798.00","3,684.00","36.60K","-2.12%"
"20-02-2020","3,774.00","3,774.00","3,774.00","3,774.00","0.01K","0.00%"
"19-02-2020","3,774.00","3,774.00","3,774.00","3,774.00","0.03K","0.00%"
"18-02-2020","3,774.00","3,772.00","3,774.00","3,772.00","0.60K","-0.74%"
"17-02-2020","3,802.00","3,840.00","3,840.00","3,780.00","0.43K","-0.63%"
"14-02-2020","3,826.00","3,794.00","3,840.00","3,792.00","4.42K","0.21%"
"13-02-2020","3,818.00","3,884.00","3,904.00","3,802.00","11.62K","-1.85%"
"12-02-2020","3,890.00","3,848.00","3,908.00","3,802.00","7.88K","1.30%"
"11-02-2020","3,840.00","3,826.00","3,868.00","3,816.00","8.30K","0.63%"
"10-02-2020","3,816.00","3,914.00","3,928.00","3,806.00","21.88K","-2.60%"
"07-02-2020","3,918.00","3,964.00","3,970.00","3,914.00","13.85K","-1.31%"
"06-02-2020","3,970.00","3,928.00","3,984.00","3,900.00","12.96K","1.12%"
"05-02-2020","3,926.00","3,880.00","3,944.00","3,858.00","27.75K","1.29%"
"04-02-2020","3,876.00","3,842.00","3,886.00","3,832.00","20.28K","0.47%"
"03-02-2020","3,858.00","3,960.00","3,964.00","3,844.00","34.84K","-2.62%"
"01-02-2020","3,962.00","3,974.00","3,994.00","3,954.00","10.97K","-0.25%"
"31-01-2020","3,972.00","3,966.00","3,990.00","3,942.00","21.34K","0.56%"
"30-01-2020","3,950.00","3,996.00","4,000.00","3,936.00","20.90K","-1.20%"
"29-01-2020","3,998.00","3,980.00","4,018.00","3,966.00","24.96K","0.65%"
"28-01-2020","3,972.00","4,022.00","4,056.00","3,962.00","39.51K","-1.29%"
"27-01-2020","4,024.00","4,090.00","4,090.00","4,006.00","32.90K","-2.00%"
"24-01-2020","4,106.00","4,076.00","4,122.00","4,036.00","38.21K","0.64%"
"23-01-2020","4,080.00","4,116.00","4,122.00","4,072.00","21.73K","-1.02%"
"22-01-2020","4,122.00","4,108.00","4,134.00","4,088.00","23.02K","0.39%"
"21-01-2020","4,106.00","4,104.00","4,124.00","4,074.00","18.91K","0.93%"
"20-01-2020","4,068.00","4,068.00","4,068.00","4,068.00","0.32K","0.00%"
"17-01-2020","4,068.00","4,062.00","4,096.00","4,050.00","0.88K","0.05%"
"16-01-2020","4,066.00","4,066.00","4,066.00","4,066.00","0.01K","-0.73%"
"15-01-2020","4,096.00","4,138.00","4,150.00","4,090.00","3.08K","-0.73%"
"14-01-2020","4,126.00","4,090.00","4,140.00","4,076.00","6.13K","0.83%"
"13-01-2020","4,092.00","4,132.00","4,146.00","4,086.00","9.81K","-0.24%"
"10-01-2020","4,102.00","4,122.00","4,136.00","4,096.00","13.94K","-0.53%"
"09-01-2020","4,124.00","4,132.00","4,160.00","4,114.00","13.98K","0.00%"
"08-01-2020","4,124.00","4,088.00","4,136.00","4,062.00","12.83K","0.63%"
"07-01-2020","4,098.00","4,092.00","4,132.00","4,074.00","11.69K","0.49%"
"06-01-2020","4,078.00","4,098.00","4,146.00","4,036.00","21.85K","-1.02%"
"03-01-2020","4,120.00","4,224.00","4,234.00","4,100.00","30.07K","-2.14%"
"02-01-2020","4,210.00","4,230.00","4,248.00","4,196.00","22.29K","-0.52%"
"01-01-2020","4,232.00","4,232.00","4,258.00","4,222.00","14.59K","0.05%"
"31-12-2019","4,230.00","4,270.00","4,272.00","4,202.00","33.05K","-0.89%"
"30-12-2019","4,268.00","4,224.00","4,296.00","4,224.00","31.53K","1.23%"
"27-12-2019","4,216.00","4,238.00","4,262.00","4,204.00","46.59K","-0.43%"
"26-12-2019","4,234.00","4,174.00","4,250.00","4,146.00","49.37K","1.83%"
"24-12-2019","4,158.00","4,164.00","4,182.00","4,122.00","32.36K","-0.34%"
"23-12-2019","4,172.00","4,154.00","4,208.00","4,154.00","30.34K","-0.19%"
"20-12-2019","4,180.00","4,204.00","4,206.00","4,120.00","0.28K","0.63%"
"19-12-2019","4,154.00","4,096.00","4,154.00","4,096.00","0.11K","2.97%"
"18-12-2019","4,034.00","4,034.00","4,034.00","4,034.00","0.01K","0.00%"
"17-12-2019","4,034.00","4,024.00","4,044.00","4,024.00","4.74K","1.00%"
"16-12-2019","3,994.00","3,906.00","4,002.00","3,888.00","6.76K","1.94%"
"13-12-2019","3,918.00","3,960.00","3,966.00","3,906.00","4.34K","-0.76%"
"12-12-2019","3,948.00","3,952.00","3,962.00","3,930.00","3.12K","0.00%"
"11-12-2019","3,948.00","3,888.00","3,960.00","3,876.00","5.74K","1.49%"
"10-12-2019","3,890.00","3,946.00","3,966.00","3,876.00","19.03K","-1.32%"
"09-12-2019","3,942.00","4,026.00","4,026.00","3,924.00","11.28K","-2.67%"
"06-12-2019","4,050.00","4,042.00","4,078.00","4,016.00","13.30K","0.15%"
"05-12-2019","4,044.00","3,956.00","4,058.00","3,914.00","21.27K","1.97%"
"04-12-2019","3,966.00","4,020.00","4,042.00","3,952.00","12.83K","-1.59%"
"03-12-2019","4,030.00","4,042.00","4,076.00","4,018.00","21.57K","-0.44%"
"02-12-2019","4,048.00","4,100.00","4,100.00","3,988.00","25.81K","-1.08%"
"29-11-2019","4,092.00","4,148.00","4,149.00","4,081.50","36.55K","-1.20%"
"28-11-2019","4,141.50","4,139.00","4,160.00","4,105.00","39.74K","0.17%"
"27-11-2019","4,134.50","4,115.00","4,152.00","4,115.00","32.02K","0.41%"
"26-11-2019","4,117.50","4,172.00","4,172.00","4,109.00","37.95K","-0.84%"
"25-11-2019","4,152.50","4,242.00","4,245.00","4,134.00","53.63K","-2.23%"
"22-11-2019","4,247.00","4,261.00","4,273.00","4,226.00","30.90K","-0.02%"
"21-11-2019","4,248.00","4,290.00","4,308.00","4,232.00","35.15K","-1.03%"
"20-11-2019","4,292.00","4,339.00","4,351.00","4,275.00","5.64K","-0.45%"
"19-11-2019","4,311.50","4,350.00","4,350.00","4,275.00","6.72K","0.54%"
"18-11-2019","4,288.50","4,401.00","4,401.00","4,280.00","4.22K","-2.98%"
"15-11-2019","4,420.00","4,433.00","4,449.50","4,413.00","1.60K","-0.05%"
"14-11-2019","4,422.00","4,376.00","4,430.00","4,333.50","9.02K","1.27%"
"13-11-2019","4,366.50","4,365.00","4,400.00","4,345.00","6.63K","0.43%"
"11-11-2019","4,348.00","4,283.50","4,376.00","4,260.00","8.42K","1.54%"
"08-11-2019","4,282.00","4,300.00","4,348.00","4,275.00","9.36K","-0.82%"
"07-11-2019","4,317.50","4,259.50","4,353.00","4,250.00","15.45K","1.61%"
"06-11-2019","4,249.00","4,245.00","4,270.00","4,180.00","22.54K","0.45%"
"05-11-2019","4,230.00","4,261.00","4,286.00","4,202.00","24.67K","-0.84%"
"04-11-2019","4,266.00","4,115.00","4,268.00","4,115.00","47.96K","3.95%"
"01-11-2019","4,104.00","4,078.50","4,130.00","4,078.50","45.51K","0.74%"
"31-10-2019","4,074.00","4,021.00","4,080.00","4,016.00","40.24K","1.38%"
"30-10-2019","4,018.50","4,000.00","4,028.00","4,000.00","14.95K","0.48%"
"29-10-2019","3,999.50","4,052.00","4,052.00","3,993.00","28.52K","-1.27%"
"27-10-2019","4,051.00","4,065.00","4,078.00","4,042.00","10.71K","-0.07%"
"25-10-2019","4,054.00","4,035.00","4,072.00","4,035.00","39.31K","0.75%"
"24-10-2019","4,024.00","3,990.00","4,032.00","3,978.00","38.88K","1.05%"
"23-10-2019","3,982.00","3,941.00","3,988.00","3,923.00","26.63K","1.12%"
"22-10-2019","3,938.00","3,945.00","3,962.00","3,923.00","25.27K","1.23%"
"18-10-2019","3,890.00","3,890.00","3,890.00","3,890.00","0.51K","-0.59%"
"17-10-2019","3,913.00","3,909.00","3,919.00","3,909.00","0.25K","0.73%"
"16-10-2019","3,884.50","3,884.50","3,890.00","3,881.00","0.15K","0.96%"
"15-10-2019","3,847.50","3,844.00","3,860.00","3,840.50","0.21K","0.04%"
"14-10-2019","3,846.00","3,800.00","3,859.00","3,800.00","0.37K","0.48%"
"11-10-2019","3,827.50","3,837.50","3,845.00","3,815.00","7.06K","-0.01%"
"10-10-2019","3,828.00","3,856.50","3,867.50","3,812.00","15.36K","-0.58%"
"09-10-2019","3,850.50","3,830.00","3,870.00","3,801.50","17.23K","-0.06%"
"07-10-2019","3,853.00","3,859.00","3,901.50","3,847.50","17.10K","0.03%"
"04-10-2019","3,852.00","3,815.00","3,874.00","3,751.50","27.51K","0.75%"
"03-10-2019","3,823.50","3,792.50","3,850.00","3,731.00","41.51K","0.37%"
"01-10-2019","3,809.50","3,938.00","3,963.00","3,785.00","50.79K","-3.37%"
"30-09-2019","3,942.50","3,937.00","3,978.00","3,892.00","43.01K","-0.29%"
"27-09-2019","3,954.00","4,018.00","4,057.00","3,943.00","70.03K","-1.22%"
"26-09-2019","4,003.00","3,990.00","4,048.00","3,981.00","54.36K","-0.22%"
"25-09-2019","4,012.00","4,010.00","4,033.50","3,936.00","67.04K","-0.11%"
"24-09-2019","4,016.50","4,017.00","4,038.00","3,994.00","37.28K","0.10%"
"23-09-2019","4,012.50","4,108.00","4,108.00","3,995.00","51.20K","-3.23%"
"20-09-2019","4,146.50","4,100.00","4,168.50","4,100.00","3.03K","-0.11%"
"19-09-2019","4,151.00","4,100.00","4,178.50","4,100.00","3.20K","0.63%"
"18-09-2019","4,125.00","4,213.50","4,213.50","4,101.50","1.91K","-0.54%"
"17-09-2019","4,147.50","4,190.00","4,193.00","4,142.00","4.39K","-1.00%"
"16-09-2019","4,189.50","4,208.50","4,220.00","4,185.00","4.87K","0.01%"
"13-09-2019","4,189.00","4,254.50","4,255.50","4,180.00","4.66K","-1.59%"
"12-09-2019","4,256.50","4,225.50","4,280.00","4,225.50","11.06K","1.21%"
"11-09-2019","4,205.50","4,076.00","4,240.00","4,075.50","16.73K","1.53%"
"09-09-2019","4,142.00","4,144.00","4,172.00","4,126.00","26.94K","0.24%"
"06-09-2019","4,132.00","4,128.00","4,155.00","4,112.00","29.18K","-0.25%"
"05-09-2019","4,142.50","4,159.00","4,164.00","4,126.00","35.28K","-0.06%"
"04-09-2019","4,145.00","4,199.00","4,209.00","4,134.00","43.05K","-1.29%"
"03-09-2019","4,199.00","4,282.00","4,282.00","4,187.00","37.86K","-1.94%"
"30-08-2019","4,282.00","4,254.50","4,324.00","4,207.00","49.06K","0.62%"
"29-08-2019","4,255.50","4,316.00","4,321.00","4,236.00","35.05K","-1.03%"
"28-08-2019","4,300.00","4,315.00","4,331.50","4,283.00","52.19K","0.00%"
"27-08-2019","4,300.00","4,280.00","4,333.50","4,221.00","84.12K","0.30%"
"26-08-2019","4,287.00","4,291.00","4,358.00","4,268.00","39.81K","-0.16%"
"23-08-2019","4,294.00","4,289.50","4,314.50","4,256.00","63.99K","0.41%"
"22-08-2019","4,276.50","4,355.00","4,355.00","4,244.00","95.86K","-1.75%"
"21-08-2019","4,352.50","4,391.50","4,426.00","4,344.00","76.59K","2.12%"
"20-08-2019","4,262.00","4,262.00","4,262.00","4,262.00","0.10K","0.00%"
"19-08-2019","4,262.00","4,248.00","4,279.00","4,248.00","0.14K","-1.17%"
"16-08-2019","4,312.50","4,305.50","4,335.50","4,293.50","0.08K","1.55%"
"14-08-2019","4,246.50","4,251.50","4,251.50","4,238.00","0.30K","0.72%"
"13-08-2019","4,216.00","4,263.50","4,269.00","4,200.00","6.14K","-2.45%"
"09-08-2019","4,322.00","4,244.50","4,340.50","4,244.50","21.24K","2.10%"
"08-08-2019","4,233.00","4,158.00","4,239.50","4,149.50","15.30K","1.50%"
"07-08-2019","4,170.50","4,224.00","4,226.00","4,159.00","14.69K","-1.27%"
"06-08-2019","4,224.00","4,245.50","4,273.00","4,214.00","18.02K","-0.66%"
"05-08-2019","4,252.00","4,280.50","4,295.00","4,239.00","26.15K","-0.83%"
"02-08-2019","4,287.50","4,251.00","4,302.00","4,212.00","49.24K","0.59%"
"01-08-2019","4,262.50","4,290.00","4,327.00","4,253.00","49.51K","-1.22%"
"31-07-2019","4,315.00","4,253.00","4,346.00","4,253.00","82.35K","1.66%"
"30-07-2019","4,244.50","4,235.00","4,261.50","4,222.00","59.03K","0.21%"
"29-07-2019","4,235.50","4,162.00","4,247.00","4,142.00","70.81K","1.33%"
"26-07-2019","4,180.00","4,212.00","4,214.00","4,173.00","52.45K","-0.99%"
"25-07-2019","4,222.00","4,240.00","4,242.00","4,185.00","69.46K","-0.15%"
"24-07-2019","4,228.50","4,235.00","4,274.50","4,221.00","73.86K","0.18%"
"23-07-2019","4,221.00","4,223.00","4,240.00","4,202.00","58.72K","0.08%"
"22-07-2019","4,217.50","4,293.00","4,293.00","4,203.00","70.80K","-0.88%"
"19-07-2019","4,255.00","4,276.50","4,330.00","4,231.50","0.32K","-1.50%"
"18-07-2019","4,320.00","4,320.00","4,320.00","4,320.00","0.10K","1.23%"
"17-07-2019","4,267.50","4,255.00","4,280.00","4,254.50","0.14K","-0.71%"
"16-07-2019","4,298.00","4,272.50","4,302.00","4,272.50","0.67K","-0.23%"
"15-07-2019","4,308.00","4,310.00","4,311.50","4,287.00","0.58K","-0.85%"
"12-07-2019","4,345.00","4,302.00","4,360.00","4,302.00","0.77K","0.80%"
"11-07-2019","4,310.50","4,320.00","4,377.00","4,302.00","13.77K","-0.01%"
"10-07-2019","4,311.00","4,342.50","4,347.50","4,296.50","18.40K","-0.69%"
"09-07-2019","4,341.00","4,318.50","4,354.00","4,293.50","27.62K","0.84%"
"08-07-2019","4,305.00","4,285.00","4,328.00","4,276.00","23.67K","0.48%"
"05-07-2019","4,284.50","4,300.00","4,340.00","4,272.00","24.76K","-0.63%"
"04-07-2019","4,311.50","4,251.00","4,344.00","4,243.00","45.26K","1.45%"
"03-07-2019","4,250.00","4,254.00","4,279.50","4,243.00","22.02K","-0.29%"
"02-07-2019","4,262.50","4,290.00","4,322.00","4,245.00","42.10K","-0.69%"
"01-07-2019","4,292.00","4,186.00","4,309.00","4,186.00","65.82K","2.59%"
"28-06-2019","4,183.50","4,180.00","4,197.00","4,172.00","29.25K","0.32%"
"27-06-2019","4,170.00","4,170.50","4,190.00","4,152.00","51.01K","-0.55%"
"26-06-2019","4,193.00","4,240.00","4,247.00","4,180.00","64.80K","-0.94%"
"25-06-2019","4,233.00","4,232.00","4,261.00","4,222.00","34.29K","0.00%"
"24-06-2019","4,233.00","4,238.00","4,265.00","4,199.00","37.49K","-0.21%"
"21-06-2019","4,242.00","4,265.00","4,287.00","4,226.00","44.93K","0.15%"
"20-06-2019","4,235.50","4,232.50","4,249.00","4,225.00","0.38K","-1.52%"
"19-06-2019","4,301.00","4,301.00","4,301.00","4,301.00","84.65K","1.71%"
"18-06-2019","4,228.50","4,230.00","4,234.50","4,219.50","0.30K","1.21%"
"17-06-2019","4,178.00","4,181.00","4,181.00","4,175.00","1.09K","-0.75%"
"14-06-2019","4,209.50","4,240.50","4,241.00","4,200.00","0.74K","-0.73%"
"13-06-2019","4,240.50","4,229.00","4,249.00","4,229.00","0.93K","1.40%"
"12-06-2019","4,182.00","4,149.00","4,201.00","4,145.50","0.94K","0.70%"
"11-06-2019","4,153.00","4,113.00","4,170.00","4,081.00","11.78K","0.68%"
"10-06-2019","4,125.00","4,200.00","4,202.00","4,115.00","31.52K","-1.48%"
"07-06-2019","4,187.00","4,186.00","4,209.00","4,165.00","35.21K","0.35%"
"06-06-2019","4,172.50","4,249.50","4,265.00","4,161.00","39.17K","-1.62%"
"04-06-2019","4,241.00","4,255.00","4,273.00","4,184.00","37.51K","-0.27%"
"03-06-2019","4,252.50","4,246.00","4,288.00","4,234.50","41.54K","-0.30%"
"31-05-2019","4,265.50","4,280.00","4,310.00","4,225.00","73.61K","-0.42%"
"30-05-2019","4,283.50","4,278.00","4,300.00","4,266.00","32.13K","0.21%"
"29-05-2019","4,274.50","4,271.50","4,287.50","4,255.00","40.77K","0.20%"
"28-05-2019","4,266.00","4,345.00","4,365.00","4,252.00","76.33K","-1.85%"
"27-05-2019","4,346.50","4,418.00","4,418.00","4,333.00","48.39K","-1.64%"
"24-05-2019","4,419.00","4,428.00","4,463.00","4,412.00","48.19K","-0.19%"
"23-05-2019","4,427.50","4,400.00","4,439.50","4,325.00","74.96K","0.50%"
"22-05-2019","4,405.50","4,416.00","4,448.00","4,400.00","42.48K","-0.18%"
"21-05-2019","4,413.50","4,408.00","4,429.00","4,394.00","33.38K","1.46%"
"20-05-2019","4,350.00","4,350.00","4,350.00","4,350.00","0.03K","-0.21%"
"17-05-2019","4,359.00","4,355.00","4,482.00","4,331.00","0.21K","0.06%"
"16-05-2019","4,356.50","4,365.00","4,365.00","4,347.00","0.04K","-1.07%"
"15-05-2019","4,403.50","4,350.00","4,483.00","4,350.00","0.20K","-0.27%"
"14-05-2019","4,415.50","4,400.00","4,443.50","4,360.00","0.79K","0.62%"
"13-05-2019","4,388.50","4,385.00","4,465.00","4,370.00","7.49K","0.18%"
"10-05-2019","4,380.50","4,407.50","4,414.50","4,371.50","15.89K","-0.45%"
"09-05-2019","4,400.50","4,418.50","4,449.00","4,391.00","16.75K","-0.31%"
"08-05-2019","4,414.00","4,435.00","4,442.00","4,403.00","14.58K","-0.42%"
"07-05-2019","4,432.50","4,438.50","4,460.00","4,422.00","21.80K","0.14%"
"06-05-2019","4,426.50","4,365.00","4,444.00","4,345.00","46.26K","1.40%"
"03-05-2019","4,365.50","4,371.00","4,414.00","4,345.00","42.01K","-0.41%"
"02-05-2019","4,383.50","4,340.00","4,400.00","4,335.00","63.72K","1.26%"
"30-04-2019","4,329.00","4,317.00","4,343.00","4,265.00","77.32K","0.29%"
"26-04-2019","4,316.50","4,356.00","4,373.50","4,300.00","52.66K","-1.08%"
"25-04-2019","4,363.50","4,378.00","4,403.00","4,355.00","51.34K","-0.09%"
"24-04-2019","4,367.50","4,342.50","4,400.00","4,310.50","46.66K","0.45%"
"23-04-2019","4,348.00","4,330.00","4,392.00","4,320.00","46.66K","0.18%"
"22-04-2019","4,340.00","4,318.00","4,359.00","4,318.00","34.97K","0.43%"
"18-04-2019","4,321.50","4,356.00","4,370.00","4,303.00","44.10K","-1.25%"
"16-04-2019","4,376.00","4,405.00","4,405.00","4,345.00","0.64K","-1.22%"
"15-04-2019","4,430.00","4,431.00","4,442.00","4,412.00","0.42K","-0.43%"
"12-04-2019","4,449.00","4,448.00","4,454.00","4,448.00","0.59K","0.16%"
"11-04-2019","4,442.00","4,462.00","4,469.00","4,422.00","2.90K","-0.54%"
"10-04-2019","4,466.00","4,382.00","4,481.50","4,367.50","13.77K","2.12%"
"09-04-2019","4,373.50","4,413.00","4,420.00","4,368.50","10.96K","-0.72%"
"08-04-2019","4,405.00","4,434.00","4,443.50","4,395.00","13.91K","-0.33%"
"05-04-2019","4,419.50","4,425.00","4,480.00","4,411.00","34.10K","-0.02%"
"04-04-2019","4,420.50","4,431.50","4,441.50","4,404.00","21.70K","-0.07%"
"03-04-2019","4,423.50","4,475.00","4,508.00","4,402.00","50.17K","-1.05%"
"02-04-2019","4,470.50","4,385.00","4,486.00","4,384.00","61.67K","2.03%"
"01-04-2019","4,381.50","4,367.00","4,410.50","4,362.00","34.45K","0.25%"
"29-03-2019","4,370.50","4,350.00","4,382.50","4,325.00","38.60K","0.31%"
"28-03-2019","4,357.00","4,407.00","4,418.00","4,342.50","68.69K","-1.43%"
"27-03-2019","4,420.00","4,426.00","4,463.00","4,406.00","61.85K","-0.37%"
"26-03-2019","4,436.50","4,372.00","4,459.00","4,370.00","78.59K","1.36%"
"25-03-2019","4,377.00","4,395.00","4,415.00","4,367.00","48.19K","-0.42%"
"22-03-2019","4,395.50","4,418.00","4,424.00","4,384.00","45.85K","0.01%"
"20-03-2019","4,395.00","4,300.00","4,407.00","4,300.00","73.44K","2.52%"
"19-03-2019","4,287.00","4,287.00","4,287.00","4,287.00","0.06K","0.00%"
"18-03-2019","4,287.00","4,287.00","4,287.00","4,287.00","0.27K","0.00%"
"15-03-2019","4,287.00","4,287.00","4,287.00","4,287.00","0.02K","0.00%"
"14-03-2019","4,287.00","4,292.50","4,292.50","4,281.00","0.31K","0.59%"
"13-03-2019","4,262.00","4,251.00","4,278.00","4,223.00","0.42K","0.31%"
"12-03-2019","4,249.00","4,264.00","4,284.00","4,235.00","0.16K","-0.32%"
"11-03-2019","4,262.50","4,263.00","4,306.50","4,246.00","14.80K","-0.01%"
"08-03-2019","4,263.00","4,142.50","4,263.00","4,142.50","47.31K","3.00%"
"07-03-2019","4,139.00","4,150.00","4,159.00","4,133.50","27.38K","-0.39%"
"06-03-2019","4,155.00","4,141.00","4,161.00","4,128.00","22.61K","0.20%"
"05-03-2019","4,146.50","4,179.00","4,199.00","4,140.00","32.27K","-0.68%"
"01-03-2019","4,175.00","4,163.00","4,192.00","4,163.00","33.06K","0.25%"
"28-02-2019","4,164.50","4,140.00","4,174.00","4,135.00","38.69K","0.43%"
"27-02-2019","4,146.50","4,140.00","4,171.00","4,120.00","40.08K","0.21%"
"26-02-2019","4,138.00","4,182.00","4,182.00","4,112.50","47.68K","-1.28%"
"25-02-2019","4,191.50","4,207.00","4,240.00","4,175.00","45.01K","-0.55%"
"22-02-2019","4,214.50","4,242.00","4,242.00","4,201.00","30.60K","-0.47%"
"21-02-2019","4,234.50","4,212.00","4,275.00","4,207.00","38.54K","1.30%"
"20-02-2019","4,180.00","4,180.00","4,180.00","4,180.00","0.11K","0.00%"
"19-02-2019","4,180.00","4,177.00","4,182.00","4,177.00","0.15K","-0.96%"
"18-02-2019","4,220.50","4,220.50","4,220.50","4,220.50","0.01K","0.00%"
"15-02-2019","4,220.50","4,219.00","4,241.00","4,191.00","0.35K","0.26%"
"14-02-2019","4,209.50","4,220.00","4,221.00","4,197.00","0.16K","-0.25%"
"13-02-2019","4,220.00","4,219.00","4,225.00","4,217.00","0.19K","0.78%"
"12-02-2019","4,187.50","4,188.50","4,196.00","4,175.50","0.29K","0.16%"
"11-02-2019","4,181.00","4,145.00","4,214.00","4,099.00","21.81K","1.28%"
"08-02-2019","4,128.00","4,155.00","4,178.50","4,115.00","32.42K","-0.85%"
"07-02-2019","4,163.50","4,105.00","4,172.00","4,095.00","26.31K","1.36%"
"06-02-2019","4,107.50","4,224.00","4,228.00","4,092.00","42.00K","-3.31%"
"05-02-2019","4,248.00","4,280.00","4,294.00","4,230.00","34.60K","-0.78%"
"04-02-2019","4,281.50","4,300.00","4,310.00","4,267.00","31.81K","-0.21%"
"01-02-2019","4,290.50","4,348.00","4,348.00","4,281.00","46.01K","-1.25%"
"31-01-2019","4,345.00","4,341.00","4,354.50","4,315.00","39.54K","0.31%"
"30-01-2019","4,331.50","4,348.00","4,371.00","4,322.00","37.93K","-0.10%"
"29-01-2019","4,336.00","4,305.00","4,350.00","4,305.00","39.39K","0.44%"
"28-01-2019","4,317.00","4,295.00","4,330.00","4,252.00","58.11K","0.22%"
"25-01-2019","4,307.50","4,320.00","4,344.50","4,298.00","39.98K","-0.14%"
"24-01-2019","4,313.50","4,380.00","4,394.00","4,291.00","76.13K","-1.65%"
"23-01-2019","4,386.00","4,392.00","4,412.00","4,372.50","52.82K","0.26%"
"22-01-2019","4,374.50","4,368.00","4,399.00","4,326.00","48.18K","0.25%"
"21-01-2019","4,363.50","4,364.50","4,434.00","4,355.00","78.91K","1.15%"
"18-01-2019","4,314.00","4,370.00","4,370.00","4,290.00","0.06K","-0.74%"
"17-01-2019","4,346.00","4,341.50","4,346.00","4,341.50","0.12K","1.23%"
"16-01-2019","4,293.00","4,316.00","4,316.00","4,280.00","0.26K","0.23%"
"15-01-2019","4,283.00","4,282.50","4,283.50","4,280.00","0.99K","0.88%"
"14-01-2019","4,245.50","4,204.00","4,314.50","4,204.00","1.99K","2.33%"
"11-01-2019","4,149.00","4,141.00","4,164.00","4,127.00","20.59K","0.18%"
"10-01-2019","4,141.50","4,234.00","4,256.50","4,121.00","18.55K","-1.81%"
"09-01-2019","4,218.00","4,232.00","4,237.50","4,195.00","24.07K","0.08%"
"08-01-2019","4,214.50","4,355.00","4,355.00","4,200.00","25.40K","-3.15%"
"07-01-2019","4,351.50","4,338.00","4,398.00","4,333.50","22.64K","0.32%"
"04-01-2019","4,337.50","4,320.00","4,349.00","4,186.50","40.41K","0.51%"
"03-01-2019","4,315.50","4,300.00","4,322.00","4,261.00","34.52K","0.88%"
"02-01-2019","4,278.00","4,315.00","4,328.00","4,272.50","30.55K","-0.91%"
"01-01-2019","4,317.50","4,350.00","4,369.00","4,302.50","46.14K","-0.22%"
"31-12-2018","4,327.00","4,260.00","4,376.00","4,240.00","55.44K","1.82%"
"28-12-2018","4,249.50","4,242.00","4,293.00","4,226.00","46.57K","0.37%"
"27-12-2018","4,234.00","4,281.00","4,290.00","4,226.00","53.05K","-0.46%"
"26-12-2018","4,253.50","4,160.00","4,282.00","4,130.00","68.09K","1.78%"
"24-12-2018","4,179.00","4,318.00","4,325.00","4,159.00","81.58K","-2.99%"
"21-12-2018","4,308.00","4,325.00","4,355.00","4,292.00","30.84K","0.37%"
"20-12-2018","4,292.00","4,291.50","4,310.50","4,275.00","0.11K","0.64%"
"19-12-2018","4,264.50","4,260.00","4,267.00","4,260.00","1.02K","0.32%"
"18-12-2018","4,251.00","4,341.00","4,364.00","4,250.00","2.17K","-3.39%"
"17-12-2018","4,400.00","4,409.00","4,409.00","4,381.00","1.64K","0.53%"
"14-12-2018","4,377.00","4,429.50","4,429.50","4,351.00","4.18K","-0.35%"
"13-12-2018","4,392.50","4,407.00","4,412.00","4,382.00","2.79K","-0.31%"
"12-12-2018","4,406.00","4,361.00","4,419.50","4,361.00","3.03K","1.12%"
"11-12-2018","4,357.00","4,404.50","4,411.50","4,340.00","24.77K","-0.41%"
"10-12-2018","4,375.00","4,355.00","4,410.00","4,353.00","26.27K","0.88%"
"07-12-2018","4,337.00","4,328.50","4,370.00","4,325.00","17.58K","0.22%"
"06-12-2018","4,327.50","4,331.00","4,375.50","4,301.00","35.86K","-0.25%"
"05-12-2018","4,338.50","4,381.00","4,381.00","4,313.00","33.93K","-1.13%"
"04-12-2018","4,388.00","4,358.00","4,432.00","4,320.00","43.77K","0.67%"
"03-12-2018","4,359.00","4,346.00","4,380.00","4,313.50","59.53K","1.35%"
"30-11-2018","4,301.00","4,269.00","4,345.00","4,261.00","83.50K","1.30%"
"29-11-2018","4,246.00","4,346.00","4,352.50","4,227.50","101.49K","-2.36%"
"28-11-2018","4,348.50","4,295.00","4,395.00","4,295.00","73.04K","0.85%"
"27-11-2018","4,312.00","4,300.00","4,338.00","4,255.00","120.47K","0.68%"
"26-11-2018","4,283.00","4,447.00","4,461.00","4,283.00","114.70K","-3.99%"
"22-11-2018","4,461.00","4,400.00","4,477.00","4,381.00","107.16K","0.77%"
"21-11-2018","4,427.00","4,495.00","4,532.00","4,390.00","119.36K","-0.66%"
"20-11-2018","4,456.50","4,451.00","4,506.00","4,420.00","1.08K","-0.79%"
"19-11-2018","4,492.00","4,650.50","4,650.50","4,481.50","0.85K","-2.77%"
"16-11-2018","4,620.00","4,700.00","4,710.00","4,608.50","0.98K","-1.60%"
"15-11-2018","4,695.00","4,702.00","4,712.00","4,662.00","0.83K","0.56%"
"14-11-2018","4,669.00","4,705.00","4,715.00","4,622.00","3.47K","-1.90%"
"13-11-2018","4,759.50","4,764.00","4,810.50","4,735.00","2.74K","-0.31%"
"12-11-2018","4,774.50","4,690.00","4,869.50","4,679.00","27.85K","1.96%"
"09-11-2018","4,682.50","4,570.00","4,725.50","4,525.00","34.39K","2.06%"
"07-11-2018","4,588.00","4,585.00","4,610.00","4,575.00","2.45K","-0.17%"
"06-11-2018","4,596.00","4,601.00","4,629.50","4,562.50","30.26K","-0.82%"
"05-11-2018","4,634.00","4,650.00","4,701.50","4,595.50","34.29K","-0.25%"
"02-11-2018","4,645.50","4,502.50","4,656.00","4,495.00","47.15K","2.08%"
"01-11-2018","4,551.00","4,608.00","4,616.00","4,525.00","49.33K","-1.38%"
"31-10-2018","4,614.50","4,608.00","4,642.00","4,591.50","68.08K","-0.11%"
"30-10-2018","4,619.50","4,700.00","4,719.00","4,609.00","92.24K","-1.89%"
"29-10-2018","4,708.50","4,703.50","4,760.00","4,675.00","109.63K","-0.11%"
"26-10-2018","4,713.50","4,770.00","4,781.50","4,695.00","115.51K","-1.17%"
"25-10-2018","4,769.50","4,645.00","4,784.00","4,601.00","189.49K","2.46%"
"24-10-2018","4,655.00","4,650.00","4,705.00","4,632.00","153.33K","-0.25%"
"23-10-2018","4,666.50","4,644.00","4,751.50","4,635.00","178.67K","0.43%"
"22-10-2018","4,646.50","4,547.00","4,679.00","4,526.00","148.07K","2.24%"
"19-10-2018","4,544.50","4,570.00","4,593.50","4,522.00","145.26K","-0.12%"
"17-10-2018","4,550.00","4,391.00","4,564.00","4,383.00","128.03K","5.54%"
"16-10-2018","4,311.00","4,268.00","4,340.00","4,265.00","1.43K","1.78%"
"15-10-2018","4,235.50","4,180.00","4,285.00","4,180.00","1.73K","2.07%"
"12-10-2018","4,149.50","4,131.00","4,165.00","4,131.00","0.82K","0.96%"
"11-10-2018","4,110.00","4,139.00","4,160.00","4,090.00","9.01K","-1.21%"
"10-10-2018","4,160.50","4,176.50","4,229.00","4,130.00","18.57K","-0.24%"
"09-10-2018","4,170.50","4,179.00","4,195.00","4,164.00","13.52K","-0.14%"
"08-10-2018","4,176.50","4,212.00","4,215.00","4,161.50","27.73K","-1.21%"
"05-10-2018","4,227.50","4,246.50","4,273.00","4,212.00","31.77K","-0.84%"
"04-10-2018","4,263.50","4,263.00","4,313.00","4,250.00","48.67K","0.31%"
"03-10-2018","4,250.50","4,280.00","4,280.00","4,191.00","43.90K","-0.43%"
"01-10-2018","4,269.00","4,309.00","4,317.00","4,260.00","51.86K","-0.95%"
"28-09-2018","4,310.00","4,280.00","4,327.00","4,240.00","102.75K","0.77%"
"27-09-2018","4,277.00","4,282.00","4,288.00","4,250.00","53.90K","-0.15%"
"26-09-2018","4,283.50","4,305.00","4,354.00","4,272.00","98.99K","0.05%"
"25-09-2018","4,281.50","4,255.00","4,306.00","4,231.00","80.75K","0.75%"
"24-09-2018","4,249.50","4,314.00","4,338.00","4,216.00","114.14K","-1.31%"
"21-09-2018","4,306.00","4,298.00","4,319.00","4,276.00","73.23K","-0.23%"
"19-09-2018","4,316.00","4,330.00","4,359.00","4,295.50","102.95K","-0.68%"
"18-09-2018","4,345.50","4,187.00","4,345.50","4,173.00","143.15K","4.00%"
"17-09-2018","4,178.50","4,248.00","4,248.00","4,156.00","104.15K","-2.13%"
"14-09-2018","4,269.50","4,322.00","4,335.00","4,251.00","130.45K","-0.99%"
"12-09-2018","4,312.00","4,300.00","4,340.00","4,275.00","88.19K","0.77%"
"11-09-2018","4,279.00","4,295.00","4,337.00","4,265.00","122.54K","-0.66%"
"10-09-2018","4,307.50","4,335.00","4,363.00","4,291.00","77.32K","-0.16%"
"07-09-2018","4,314.50","4,351.50","4,351.50","4,280.00","100.34K","-1.50%"
"06-09-2018","4,380.00","4,390.00","4,444.50","4,362.00","149.45K","0.37%"
"05-09-2018","4,364.00","4,310.00","4,377.00","4,296.50","157.78K","0.44%"
"04-09-2018","4,345.00","4,407.00","4,407.00","4,301.00","181.63K","-2.01%"
"03-09-2018","4,434.00","4,410.00","4,468.50","4,392.50","125.64K","0.58%"
"31-08-2018","4,408.50","4,317.00","4,423.00","4,291.00","172.43K","3.34%"
"30-08-2018","4,266.00","4,240.00","4,290.00","4,192.50","126.35K","1.41%"
"29-08-2018","4,206.50","4,142.00","4,225.00","4,074.00","187.92K","0.74%"
"28-08-2018","4,175.50","4,149.00","4,235.00","4,135.00","137.31K","0.60%"
"27-08-2018","4,150.50","4,346.00","4,365.00","4,137.50","171.63K","-3.69%"
"24-08-2018","4,309.50","4,350.00","4,374.00","4,285.00","185.11K","-0.78%"
"23-08-2018","4,343.50","4,502.00","4,510.00","4,335.50","205.28K","-3.65%"
"21-08-2018","4,508.00","4,630.00","4,650.00","4,485.00","210.43K","-2.39%"
"20-08-2018","4,618.50","4,570.00","4,633.00","4,520.00","175.16K","0.38%"
"17-08-2018","4,601.00","4,610.00","4,643.00","4,543.00","203.81K","-0.50%"
"16-08-2018","4,624.00","4,465.00","4,643.50","4,440.00","193.71K","3.48%"
"14-08-2018","4,468.50","4,412.00","4,499.00","4,355.00","208.93K","1.79%"
"13-08-2018","4,390.00","4,594.00","4,594.00","4,390.00","173.91K","-3.99%"
"10-08-2018","4,572.50","4,412.00","4,572.50","4,405.00","147.37K","3.99%"
"09-08-2018","4,397.00","4,385.00","4,448.00","4,375.00","148.85K","0.77%"
"08-08-2018","4,363.50","4,335.00","4,387.00","4,323.00","138.71K","-0.01%"
"07-08-2018","4,364.00","4,271.00","4,379.00","4,240.00","173.07K","2.20%"
"06-08-2018","4,270.00","4,428.00","4,428.00","4,270.00","143.40K","-3.99%"
"03-08-2018","4,447.50","4,528.00","4,528.00","4,411.00","163.58K","-0.95%"
"02-08-2018","4,490.00","4,440.00","4,512.00","4,426.00","137.30K","1.10%"
"01-08-2018","4,441.00","4,480.00","4,514.00","4,412.00","203.01K","-0.26%"
"31-07-2018","4,452.50","4,362.00","4,462.00","4,361.00","129.07K","2.25%"
"30-07-2018","4,354.50","4,285.00","4,374.00","4,270.00","156.14K","1.90%"
"27-07-2018","4,273.50","4,164.00","4,289.00","4,164.00","146.37K","2.59%"
"26-07-2018","4,165.50","4,177.00","4,194.00","4,151.00","78.22K","0.62%"
"25-07-2018","4,140.00","4,176.00","4,220.00","4,085.00","124.68K","-1.09%"
"24-07-2018","4,185.50","4,240.00","4,293.00","4,167.00","142.35K","-1.75%"
"23-07-2018","4,260.00","4,311.00","4,311.00","4,213.00","116.44K","1.07%"
"20-07-2018","4,215.00","4,215.00","4,215.00","4,215.00","161.42K","5.49%"
"19-07-2018","3,995.50","3,995.50","3,995.50","3,995.50","128.66K","0.00%"
"18-07-2018","3,995.50","3,995.50","3,995.50","3,995.50","0.40K","0.00%"
"17-07-2018","3,995.50","4,064.00","4,064.00","3,985.00","0.95K","-3.08%"
"16-07-2018","4,122.50","4,093.50","4,149.00","4,093.50","0.06K","2.93%"
"13-07-2018","4,005.00","3,942.00","4,034.00","3,934.00","0.37K","-1.22%"
"12-07-2018","4,054.50","4,065.00","4,075.00","4,034.00","0.18K","-0.30%"
"11-07-2018","4,066.50","3,954.00","4,087.50","3,925.00","10.19K","2.33%"
"10-07-2018","3,974.00","4,066.00","4,071.00","3,936.50","21.90K","-2.54%"
"09-07-2018","4,077.50","4,011.00","4,100.00","3,971.50","30.60K","1.91%"
"06-07-2018","4,001.00","4,028.00","4,075.00","3,991.00","31.88K","-0.99%"
"05-07-2018","4,041.00","3,886.00","4,041.00","3,885.50","58.46K","3.99%"
"04-07-2018","3,886.00","3,865.00","3,909.50","3,827.00","35.01K","0.04%"
"03-07-2018","3,884.50","3,910.00","3,929.00","3,854.00","41.12K","-0.55%"
"02-07-2018","3,906.00","3,865.00","3,935.00","3,860.00","47.81K","1.32%"
"29-06-2018","3,855.00","3,810.00","3,932.00","3,751.00","142.85K","1.29%"
"28-06-2018","3,806.00","3,753.00","3,834.00","3,738.00","102.65K","1.40%"
"27-06-2018","3,753.50","3,620.00","3,753.50","3,610.50","105.49K","3.99%"
"26-06-2018","3,609.50","3,580.00","3,624.00","3,570.00","55.74K","0.63%"
"25-06-2018","3,587.00","3,610.00","3,618.00","3,552.00","51.73K","-0.86%"
"22-06-2018","3,618.00","3,665.00","3,679.50","3,605.50","55.21K","-1.23%"
"21-06-2018","3,663.00","3,682.00","3,697.00","3,642.00","49.19K","1.12%"
"20-06-2018","3,622.50","3,620.00","3,625.00","3,620.00","0.05K","1.10%"
"19-06-2018","3,583.00","3,583.00","3,583.00","3,583.00","0.04K","0.00%"
"18-06-2018","3,583.00","3,579.00","3,590.00","3,579.00","0.03K","-2.87%"
"15-06-2018","3,689.00","3,701.00","3,701.00","3,680.00","0.07K","0.41%"
"14-06-2018","3,674.00","3,670.00","3,700.00","3,634.00","0.32K","1.76%"
"13-06-2018","3,610.50","3,613.00","3,640.00","3,591.00","0.42K","0.47%"
"12-06-2018","3,593.50","3,593.00","3,622.00","3,575.00","0.68K","0.64%"
"11-06-2018","3,570.50","3,598.00","3,634.00","3,560.00","20.30K","-1.14%"
"08-06-2018","3,611.50","3,563.00","3,642.00","3,559.50","33.77K","1.66%"
"07-06-2018","3,552.50","3,538.50","3,589.00","3,519.00","23.72K","-0.15%"
"06-06-2018","3,558.00","3,573.50","3,603.00","3,541.00","16.30K","-0.14%"
"05-06-2018","3,563.00","3,542.00","3,585.00","3,494.50","27.68K","0.17%"
"04-06-2018","3,557.00","3,648.00","3,652.00","3,537.00","41.06K","-2.91%"
"01-06-2018","3,663.50","3,670.00","3,690.00","3,630.00","34.82K","0.76%"
"31-05-2018","3,636.00","3,630.00","3,655.00","3,600.50","50.80K","0.25%"
"30-05-2018","3,627.00","3,719.50","3,726.00","3,608.00","68.27K","-2.42%"
"29-05-2018","3,717.00","3,791.00","3,825.00","3,695.00","92.11K","-2.12%"
"28-05-2018","3,797.50","3,830.00","3,830.00","3,771.00","51.34K","-1.16%"
"25-05-2018","3,842.00","3,845.00","3,864.00","3,811.00","57.27K","-0.25%"
"24-05-2018","3,851.50","3,820.00","3,875.00","3,800.00","70.20K","0.75%"
"23-05-2018","3,823.00","3,829.00","3,836.50","3,805.00","41.45K","-0.13%"
"22-05-2018","3,828.00","3,791.00","3,852.00","3,788.00","61.97K","1.20%"
"21-05-2018","3,782.50","3,817.00","3,840.00","3,773.00","45.46K","-3.79%"
"18-05-2018","3,931.50","3,931.50","3,931.50","3,931.50","56.19K","2.86%"
"17-05-2018","3,822.00","3,833.50","3,833.50","3,810.00","0.02K","-0.88%"
"16-05-2018","3,856.00","3,846.00","3,865.00","3,845.00","0.18K","1.88%"
"15-05-2018","3,785.00","3,785.00","3,785.00","3,785.00","0.02K","0.77%"
"14-05-2018","3,756.00","3,769.00","3,772.00","3,737.00","0.15K","0.37%"
"11-05-2018","3,742.00","3,725.00","3,765.00","3,718.00","14.10K","0.73%"
"10-05-2018","3,715.00","3,766.00","3,808.00","3,695.50","27.25K","-1.56%"
"09-05-2018","3,774.00","3,725.50","3,785.00","3,718.50","43.16K","1.64%"
"08-05-2018","3,713.00","3,775.00","3,786.00","3,701.00","33.72K","-1.68%"
"07-05-2018","3,776.50","3,754.00","3,795.00","3,705.00","37.23K","1.19%"
"04-05-2018","3,732.00","3,734.00","3,753.50","3,659.00","60.82K","-1.06%"
"03-05-2018","3,772.00","3,809.00","3,845.50","3,730.00","47.53K","-0.84%"
"02-05-2018","3,804.00","3,778.00","3,834.50","3,702.00","82.98K","0.04%"
"30-04-2018","3,802.50","3,922.00","3,922.00","3,802.00","98.88K","-3.98%"
"27-04-2018","3,960.00","4,114.00","4,117.00","3,960.00","98.27K","-4.00%"
"26-04-2018","4,125.00","4,138.00","4,159.00","4,111.00","47.09K","-0.23%"
"25-04-2018","4,134.50","4,145.00","4,164.00","4,122.00","38.01K","-0.47%"
"24-04-2018","4,154.00","4,189.00","4,189.00","4,141.00","51.35K","-0.57%"
"23-04-2018","4,178.00","4,202.00","4,225.00","4,171.00","64.11K","-0.55%"
"20-04-2018","4,201.00","4,178.00","4,209.00","4,178.00","0.98K","1.25%"
"19-04-2018","4,149.00","4,143.00","4,158.00","4,143.00","0.29K","0.92%"
"18-04-2018","4,111.00","4,120.00","4,120.00","4,105.00","0.35K","0.91%"
"17-04-2018","4,074.00","4,060.00","4,088.00","4,060.00","0.50K","-0.60%"
"16-04-2018","4,098.50","4,129.00","4,129.00","4,090.00","0.58K","-0.64%"
"13-04-2018","4,125.00","4,116.00","4,145.00","4,111.00","3.29K","0.11%"
"12-04-2018","4,120.50","4,156.50","4,163.00","4,115.00","2.97K","-0.04%"
"11-04-2018","4,122.00","4,059.50","4,153.50","4,044.00","13.84K","1.65%"
"10-04-2018","4,055.00","4,036.00","4,068.00","4,004.00","37.92K","0.16%"
"09-04-2018","4,048.50","4,095.50","4,110.00","4,023.00","28.44K","-1.26%"
"06-04-2018","4,100.00","4,075.00","4,121.00","4,075.00","25.72K","0.39%"
"05-04-2018","4,084.00","4,075.00","4,113.00","4,063.50","30.59K","0.33%"
"04-04-2018","4,070.50","4,085.00","4,093.00","4,055.50","27.92K","-0.59%"
"03-04-2018","4,094.50","4,080.00","4,103.00","4,036.00","47.72K","0.37%"
"02-04-2018","4,079.50","4,141.00","4,158.00","4,064.00","49.71K","-0.97%"
"28-03-2018","4,119.50","4,095.00","4,141.00","4,045.00","80.11K","0.40%"
"27-03-2018","4,103.00","4,182.00","4,194.00","4,088.00","66.63K","-1.91%"
"26-03-2018","4,183.00","4,171.00","4,202.00","4,154.50","45.90K","0.61%"
"23-03-2018","4,157.50","4,212.00","4,232.00","4,142.00","76.34K","-1.50%"
"22-03-2018","4,221.00","4,197.00","4,240.00","4,197.00","55.12K","0.96%"
"21-03-2018","4,181.00","4,189.00","4,218.00","4,171.00","59.18K","-0.20%"
"20-03-2018","4,189.50","4,180.00","4,206.00","4,164.00","0.90K","-0.88%"
"19-03-2018","4,226.50","4,260.00","4,262.50","4,212.00","1.55K","-0.04%"
"16-03-2018","4,228.00","4,244.50","4,289.50","4,201.00","1.41K","-1.46%"
"15-03-2018","4,290.50","4,283.00","4,310.50","4,270.00","1.34K","-0.65%"
"14-03-2018","4,318.50","4,325.00","4,344.00","4,295.00","2.06K","0.45%"
"13-03-2018","4,299.00","4,260.00","4,321.00","4,260.00","3.45K","1.63%"
"12-03-2018","4,230.00","4,255.00","4,259.00","4,192.50","12.16K","-0.63%"
"09-03-2018","4,257.00","4,217.50","4,275.00","4,212.50","22.83K","0.53%"
"08-03-2018","4,234.50","4,227.00","4,261.00","4,216.00","18.87K","-0.59%"
"07-03-2018","4,259.50","4,285.50","4,332.00","4,247.50","39.32K","-0.92%"
"06-03-2018","4,299.00","4,301.00","4,310.00","4,201.00","67.67K","-0.08%"
"05-03-2018","4,302.50","4,355.50","4,359.00","4,290.00","47.21K","-0.24%"
"01-03-2018","4,313.00","4,285.00","4,337.00","4,260.00","90.17K","0.57%"
"28-02-2018","4,288.50","4,245.00","4,307.00","4,228.00","92.45K","0.86%"
"27-02-2018","4,252.00","4,274.00","4,295.00","4,238.00","86.46K","-0.25%"
"26-02-2018","4,262.50","4,310.00","4,310.00","4,195.00","135.35K","-0.83%"
"23-02-2018","4,298.00","4,460.00","4,477.00","4,298.00","187.76K","-2.99%"
"22-02-2018","4,430.50","4,422.00","4,458.00","4,415.50","75.30K","0.39%"
"21-02-2018","4,413.50","4,400.00","4,447.00","4,373.00","106.91K","0.46%"
"20-02-2018","4,393.50","4,372.00","4,444.00","4,350.00","6.11K","0.00%"
"19-02-2018","4,393.50","4,500.00","4,505.00","4,373.00","4.65K","-1.27%"
"16-02-2018","4,450.00","4,416.00","4,488.00","4,414.50","1.48K","1.07%"
"15-02-2018","4,403.00","4,423.50","4,451.50","4,383.50","6.59K","0.33%"
"14-02-2018","4,388.50","4,387.50","4,437.50","4,372.00","7.93K","-1.08%"
"12-02-2018","4,436.50","4,473.00","4,490.00","4,407.00","22.38K","-0.52%"
"09-02-2018","4,459.50","4,371.00","4,485.00","4,369.00","36.34K","1.28%"
"08-02-2018","4,403.00","4,500.00","4,500.00","4,376.00","36.15K","-2.22%"
"07-02-2018","4,503.00","4,468.00","4,528.00","4,468.00","31.09K","0.72%"
"06-02-2018","4,471.00","4,511.50","4,524.00","4,454.00","60.07K","-2.04%"
"05-02-2018","4,564.00","4,656.00","4,667.50","4,564.00","61.37K","-3.00%"
"02-02-2018","4,705.00","4,690.50","4,737.00","4,663.50","90.68K","0.99%"
"01-02-2018","4,659.00","4,598.00","4,680.00","4,593.00","109.19K","1.01%"
"31-01-2018","4,612.50","4,645.00","4,673.00","4,590.00","173.79K","-0.31%"
"30-01-2018","4,627.00","4,603.50","4,660.00","4,535.00","204.58K","-0.36%"
"29-01-2018","4,643.50","4,680.00","4,730.00","4,615.00","233.12K","0.50%"
"25-01-2018","4,620.50","4,525.00","4,650.00","4,525.00","235.76K","2.53%"
"24-01-2018","4,506.50","4,495.00","4,532.00","4,465.00","172.33K","0.26%"
"23-01-2018","4,495.00","4,444.50","4,580.50","4,431.00","279.97K","2.05%"
"22-01-2018","4,404.50","4,305.00","4,404.50","4,296.50","147.14K","4.55%"
"19-01-2018","4,213.00","4,224.00","4,241.50","4,186.00","1.48K","-1.66%"
"18-01-2018","4,284.00","4,300.00","4,303.00","4,247.00","0.57K","-0.15%"
"17-01-2018","4,290.50","4,281.00","4,307.00","4,281.00","0.65K","0.10%"
"16-01-2018","4,286.00","4,316.00","4,316.00","4,280.00","0.73K","-1.14%"
"15-01-2018","4,335.50","4,370.00","4,370.00","4,324.50","0.69K","-1.47%"
"14-01-2018","4,400.00","4,180.00","4,400.00","4,180.00","31.58K","2.29%"
"12-01-2018","4,301.50","4,287.50","4,336.00","4,277.00","1.30K","0.20%"
"11-01-2018","4,293.00","4,360.00","4,402.00","4,253.50","13.69K","-1.82%"
"10-01-2018","4,372.50","4,303.50","4,394.50","4,303.50","27.55K","1.82%"
"09-01-2018","4,294.50","4,316.00","4,334.00","4,280.00","22.47K","-0.37%"
"08-01-2018","4,310.50","4,270.00","4,349.00","4,241.00","43.66K","1.19%"
"05-01-2018","4,260.00","4,192.00","4,284.00","4,160.00","65.83K","1.73%"
"04-01-2018","4,187.50","4,170.00","4,218.50","4,170.00","54.65K","1.21%"
"03-01-2018","4,137.50","4,127.00","4,155.00","4,106.00","48.11K","0.39%"
"02-01-2018","4,121.50","4,122.00","4,155.00","4,111.00","69.02K","0.18%"
"01-01-2018","4,114.00","4,084.50","4,140.00","4,043.00","75.58K","0.88%"
"29-12-2017","4,078.00","4,138.00","4,140.00","4,064.00","116.37K","-1.26%"
"28-12-2017","4,130.00","4,120.00","4,175.00","4,087.00","153.79K","0.34%"
"27-12-2017","4,116.00","4,139.00","4,140.00","4,096.00","105.55K","0.00%"
"26-12-2017","4,116.00","4,052.00","4,123.00","4,037.00","146.98K","2.27%"
"22-12-2017","4,024.50","4,060.00","4,068.00","4,009.00","126.67K","-0.36%"
"21-12-2017","4,039.00","3,937.00","4,059.50","3,916.00","164.26K","2.58%"
"20-12-2017","3,937.50","3,940.00","3,993.00","3,910.00","1.31K","-0.13%"
"19-12-2017","3,942.50","3,935.00","3,950.50","3,935.00","1.54K","1.47%"
"18-12-2017","3,885.50","3,897.50","3,897.50","3,880.00","0.71K","0.87%"
"15-12-2017","3,852.00","3,852.00","3,862.00","3,820.00","0.84K","-0.10%"
"14-12-2017","3,856.00","3,855.00","3,890.00","3,833.00","0.84K","1.30%"
"13-12-2017","3,806.50","3,775.00","3,811.00","3,761.00","4.16K","0.77%"
"12-12-2017","3,777.50","3,840.00","3,864.00","3,757.50","6.07K","-1.67%"
"11-12-2017","3,841.50","3,825.00","3,880.00","3,816.00","32.50K","1.08%"
"08-12-2017","3,800.50","3,757.50","3,809.00","3,728.00","30.48K","1.18%"
"07-12-2017","3,756.00","3,805.00","3,810.00","3,745.00","28.08K","-1.66%"
"06-12-2017","3,819.50","3,838.00","3,840.00","3,791.00","36.94K","-0.04%"
"05-12-2017","3,821.00","3,884.00","3,897.50","3,810.00","45.03K","-1.67%"
"04-12-2017","3,886.00","3,844.00","3,915.00","3,841.50","74.37K","1.65%"
"01-12-2017","3,823.00","3,881.00","3,898.00","3,806.00","76.39K","-1.56%"
"30-11-2017","3,883.50","3,851.00","3,904.50","3,845.00","114.20K","0.62%"
"29-11-2017","3,859.50","3,870.00","3,880.50","3,827.00","102.98K","-0.34%"
"28-11-2017","3,872.50","3,890.00","3,928.00","3,853.00","126.58K","-0.58%"
"27-11-2017","3,895.00","3,830.00","3,920.00","3,820.00","131.22K","2.32%"
"24-11-2017","3,806.50","3,845.00","3,867.50","3,795.00","106.43K","-1.01%"
"23-11-2017","3,845.50","3,750.00","3,874.50","3,745.50","164.91K","2.62%"
"22-11-2017","3,747.50","3,733.00","3,768.00","3,731.00","95.90K","0.77%"
"21-11-2017","3,719.00","3,678.00","3,738.00","3,665.00","90.33K","1.14%"
"20-11-2017","3,677.00","3,665.00","3,702.00","3,600.00","0.89K","1.43%"
"17-11-2017","3,625.00","3,625.00","3,636.00","3,619.00","0.13K","-0.37%"
"16-11-2017","3,638.50","3,620.00","3,642.00","3,620.00","0.23K","-0.33%"
"15-11-2017","3,650.50","3,660.00","3,666.00","3,626.50","1.06K","0.32%"
"14-11-2017","3,639.00","3,621.00","3,666.00","3,621.00","0.28K","0.64%"
"13-11-2017","3,616.00","3,612.00","3,690.00","3,598.00","12.21K","0.35%"
"10-11-2017","3,603.50","3,525.00","3,621.50","3,491.50","27.77K","2.27%"
"09-11-2017","3,523.50","3,590.00","3,610.00","3,506.00","18.50K","-1.65%"
"08-11-2017","3,582.50","3,574.00","3,619.00","3,571.00","17.65K","0.04%"
"07-11-2017","3,581.00","3,590.00","3,610.00","3,563.00","19.49K","0.04%"
"06-11-2017","3,579.50","3,645.00","3,703.50","3,572.00","34.81K","-0.67%"
"03-11-2017","3,603.50","3,541.00","3,618.00","3,528.00","41.87K","1.74%"
"02-11-2017","3,542.00","3,520.00","3,555.00","3,502.00","39.71K","1.37%"
"01-11-2017","3,494.00","3,540.00","3,545.50","3,465.00","65.14K","-1.40%"
"31-10-2017","3,543.50","3,530.50","3,573.00","3,500.00","71.60K","0.50%"
"30-10-2017","3,526.00","3,613.00","3,631.00","3,506.50","97.09K","-2.37%"
"27-10-2017","3,611.50","3,687.00","3,697.00","3,604.00","83.58K","-2.17%"
"26-10-2017","3,691.50","3,668.00","3,704.00","3,658.00","78.30K","1.00%"
"25-10-2017","3,655.00","3,637.00","3,677.00","3,613.00","87.46K","0.12%"
"24-10-2017","3,650.50","3,719.00","3,730.00","3,625.00","135.79K","-1.82%"
"23-10-2017","3,718.00","3,712.00","3,778.00","3,709.00","82.32K","-1.20%"
"19-10-2017","3,763.00","3,790.00","3,805.00","3,710.00","27.49K","1.21%"
"13-10-2017","3,718.00","3,700.00","3,760.00","3,678.00","0.30K","-0.77%"
"12-10-2017","3,747.00","3,756.00","3,768.00","3,720.00","0.07K","0.89%"
"11-10-2017","3,714.00","3,764.00","3,772.00","3,695.00","3.42K","-1.33%"
"10-10-2017","3,764.00","3,680.00","3,773.00","3,672.00","11.17K","3.61%"
"09-10-2017","3,633.00","3,656.00","3,656.00","3,582.00","12.40K","-0.82%"
"06-10-2017","3,663.00","3,698.00","3,698.00","3,651.00","14.88K","-0.38%"
"05-10-2017","3,677.00","3,634.00","3,691.00","3,634.00","19.17K","1.49%"
"04-10-2017","3,623.00","3,605.00","3,655.00","3,583.00","31.43K","-0.06%"
"03-10-2017","3,625.00","3,720.00","3,720.00","3,625.00","43.01K","-3.00%"
"29-09-2017","3,737.00","3,737.00","3,759.00","3,708.00","60.75K","0.05%"
"28-09-2017","3,735.00","3,790.00","3,796.00","3,700.00","96.54K","-1.89%"
"27-09-2017","3,807.00","3,837.00","3,862.00","3,789.00","104.74K","-0.78%"
"26-09-2017","3,837.00","3,780.00","3,848.00","3,760.00","143.71K","2.46%"
"25-09-2017","3,745.00","3,765.00","3,768.00","3,700.00","105.99K","-0.03%"
"22-09-2017","3,746.00","3,757.00","3,787.00","3,722.00","104.39K","-0.05%"
"21-09-2017","3,748.00","3,751.00","3,769.00","3,716.00","75.12K","-0.16%"
"20-09-2017","3,754.00","3,768.00","3,805.00","3,687.00","161.48K","-0.21%"
"19-09-2017","3,762.00","3,628.00","3,775.00","3,628.00","121.12K","3.64%"
"18-09-2017","3,630.00","3,701.00","3,716.00","3,580.00","123.13K","-1.22%"
"15-09-2017","3,675.00","3,730.00","3,730.00","3,647.00","138.23K","-1.79%"
"14-09-2017","3,742.00","3,880.00","3,888.00","3,742.00","123.93K","-3.98%"
"13-09-2017","3,897.00","3,866.00","3,947.00","3,866.00","125.52K","0.62%"
"12-09-2017","3,873.00","3,875.00","3,893.00","3,840.00","82.43K","-0.62%"
"11-09-2017","3,897.00","3,860.00","3,926.00","3,828.00","107.15K","0.54%"
"08-09-2017","3,876.00","3,805.00","3,897.00","3,799.00","116.63K","2.16%"
"07-09-2017","3,794.00","3,807.00","3,840.00","3,785.00","104.30K","-0.60%"
"06-09-2017","3,817.00","3,760.00","3,832.00","3,745.00","121.41K","2.00%"
"05-09-2017","3,742.00","3,750.00","3,769.00","3,685.00","143.68K","-1.19%"
"04-09-2017","3,787.00","3,855.00","3,870.00","3,763.00","138.14K","-0.97%"
"01-09-2017","3,824.00","3,935.00","3,935.00","3,798.00","167.63K","-3.34%"
"31-08-2017","3,956.00","4,111.00","4,120.00","3,956.00","179.54K","-3.98%"
"30-08-2017","4,120.00","4,139.00","4,194.00","4,102.00","145.26K","-0.19%"
"29-08-2017","4,128.00","4,160.00","4,208.00","4,094.00","206.32K","-1.34%"
"28-08-2017","4,184.00","4,205.00","4,288.00","4,165.00","184.72K","-1.18%"
"24-08-2017","4,234.00","4,097.00","4,234.00","4,080.00","221.17K","3.98%"
"23-08-2017","4,072.00","4,022.00","4,095.00","4,022.00","152.63K","1.02%"
"22-08-2017","4,031.00","4,086.00","4,139.00","4,015.00","175.72K","-0.71%"
"21-08-2017","4,060.00","3,950.00","4,079.00","3,948.00","149.44K","3.26%"
"18-08-2017","3,932.00","3,869.00","3,975.00","3,842.00","175.66K","1.87%"
"17-08-2017","3,860.00","3,901.00","3,930.00","3,845.00","156.81K","0.05%"
"16-08-2017","3,858.00","3,822.00","3,914.00","3,747.00","180.08K","0.23%"
"14-08-2017","3,849.00","3,914.00","3,955.00","3,805.00","151.73K","-1.43%"
"11-08-2017","3,905.00","3,782.00","3,914.00","3,767.00","141.09K","3.61%"
"10-08-2017","3,769.00","3,782.00","3,856.00","3,751.00","144.29K","-0.82%"
"09-08-2017","3,800.00","3,820.00","3,858.00","3,785.00","140.30K","-0.81%"
"08-08-2017","3,831.00","3,700.00","3,840.00","3,676.00","141.14K","3.29%"
"07-08-2017","3,709.00","3,745.00","3,758.00","3,695.00","94.45K","-0.56%"
"04-08-2017","3,730.00","3,649.00","3,743.00","3,648.00","113.21K","2.64%"
"03-08-2017","3,634.00","3,580.00","3,649.00","3,575.00","97.11K","1.45%"
"02-08-2017","3,582.00","3,610.00","3,610.00","3,566.00","76.88K","-0.69%"
"01-08-2017","3,607.00","3,602.00","3,654.00","3,594.00","112.04K","0.25%"
"31-07-2017","3,598.00","3,587.00","3,653.00","3,565.00","119.06K","0.87%"
"28-07-2017","3,567.00","3,491.00","3,589.00","3,482.00","100.62K","1.68%"
"27-07-2017","3,508.00","3,522.00","3,559.00","3,494.00","79.00K","-0.65%"
"26-07-2017","3,531.00","3,434.00","3,555.00","3,413.00","103.68K","2.82%"
"25-07-2017","3,434.00","3,410.00","3,449.00","3,410.00","51.20K","0.70%"
"24-07-2017","3,410.00","3,429.00","3,434.00","3,383.00","54.58K","-0.32%"
"21-07-2017","3,421.00","3,413.00","3,445.00","3,408.00","56.84K","4.84%"
"20-07-2017","3,263.00","3,270.00","3,270.00","3,260.00","0.22K","-2.28%"
"19-07-2017","3,339.00","3,300.00","3,373.00","3,288.00","0.28K","1.92%"
"18-07-2017","3,276.00","3,293.00","3,293.00","3,268.00","0.34K","-0.64%"
"17-07-2017","3,297.00","3,364.00","3,364.00","3,280.00","0.22K","-1.41%"
"14-07-2017","3,344.00","3,265.00","3,344.00","3,265.00","0.79K","2.99%"
"13-07-2017","3,247.00","3,271.00","3,271.00","3,238.00","0.76K","-0.49%"
"12-07-2017","3,263.00","3,198.00","3,280.00","3,195.00","3.00K","2.80%"
"11-07-2017","3,174.00","3,187.00","3,226.00","3,167.00","13.63K","-2.10%"
"10-07-2017","3,242.00","3,232.00","3,287.00","3,221.00","25.16K","1.22%"
"07-07-2017","3,203.00","3,248.00","3,286.00","3,192.00","27.16K","-1.90%"
"06-07-2017","3,265.00","3,225.00","3,288.00","3,190.00","28.32K","0.96%"
"05-07-2017","3,234.00","3,182.00","3,245.00","3,182.00","26.11K","1.54%"
"04-07-2017","3,185.00","3,251.00","3,251.00","3,153.00","41.12K","-2.12%"
"03-07-2017","3,254.00","3,391.00","3,415.00","3,254.00","46.37K","-3.98%"
"30-06-2017","3,389.00","3,377.00","3,422.00","3,372.00","70.64K","-0.03%"
"29-06-2017","3,390.00","3,348.00","3,409.00","3,337.00","94.63K","1.13%"
"28-06-2017","3,352.00","3,238.00","3,352.00","3,227.00","89.24K","2.98%"
"27-06-2017","3,255.00","3,244.00","3,279.00","3,225.00","65.98K","-0.61%"
"23-06-2017","3,275.00","3,275.00","3,323.00","3,254.00","109.56K","-0.18%"
"22-06-2017","3,281.00","3,296.00","3,304.00","3,246.00","88.75K","-1.03%"
"21-06-2017","3,315.00","3,342.00","3,360.00","3,308.00","86.59K","-1.07%"
"20-06-2017","3,351.00","3,370.00","3,370.00","3,322.00","0.19K","-2.13%"
"19-06-2017","3,424.00","3,424.00","3,424.00","3,424.00","","0.00%"
"16-06-2017","3,424.00","3,420.00","3,427.00","3,420.00","0.02K","0.03%"
"15-06-2017","3,423.00","3,377.00","3,487.00","3,377.00","0.55K","1.09%"
"14-06-2017","3,386.00","3,330.00","3,396.00","3,330.00","0.80K","2.23%"
"13-06-2017","3,312.00","3,313.00","3,341.00","3,297.00","0.87K","0.45%"
"12-06-2017","3,297.00","3,248.00","3,325.00","3,240.00","9.48K","2.11%"
"09-06-2017","3,229.00","3,265.00","3,265.00","3,206.00","22.66K","0.40%"
"08-06-2017","3,216.00","3,183.00","3,241.00","3,172.00","18.22K","0.19%"
"07-06-2017","3,210.00","3,246.00","3,254.00","3,186.00","18.38K","-1.44%"
"06-06-2017","3,257.00","3,270.00","3,350.00","3,239.00","26.91K","-0.43%"
"05-06-2017","3,271.00","3,255.00","3,296.00","3,251.00","19.28K","-0.06%"
"02-06-2017","3,273.00","3,347.00","3,402.00","3,258.00","38.60K","-2.30%"
"01-06-2017","3,350.00","3,330.00","3,383.00","3,320.00","28.08K","-0.12%"
"31-05-2017","3,354.00","3,421.00","3,421.00","3,325.00","79.09K","-2.22%"
"30-05-2017","3,430.00","3,427.00","3,461.00","3,394.00","69.63K","0.09%"
"29-05-2017","3,427.00","3,546.00","3,546.00","3,400.00","70.62K","-3.14%"
"26-05-2017","3,538.00","3,481.00","3,560.00","3,470.00","69.83K","0.88%"
"25-05-2017","3,507.00","3,492.00","3,525.00","3,473.00","69.85K","0.31%"
"24-05-2017","3,496.00","3,590.00","3,594.00","3,478.00","75.46K","-2.48%"
"23-05-2017","3,585.00","3,641.00","3,649.00","3,550.00","73.04K","-1.40%"
"22-05-2017","3,636.00","3,648.00","3,662.00","3,623.00","47.55K","-1.38%"
"19-05-2017","3,687.00","3,702.00","3,702.00","3,650.00","0.37K","2.47%"
"18-05-2017","3,598.00","3,552.00","3,616.00","3,552.00","0.14K","-0.11%"
"17-05-2017","3,602.00","3,620.00","3,623.00","3,575.00","0.39K","0.06%"
"16-05-2017","3,600.00","3,560.00","3,681.00","3,560.00","0.08K","-0.55%"
"15-05-2017","3,620.00","3,636.00","3,641.00","3,569.00","0.25K","-0.98%"
"12-05-2017","3,656.00","3,656.00","3,680.00","3,639.00","0.97K","0.22%"
"11-05-2017","3,648.00","3,651.00","3,689.00","3,637.00","6.55K","0.41%"
"10-05-2017","3,633.00","3,660.00","3,680.00","3,612.00","18.95K","-1.78%"
"09-05-2017","3,699.00","3,658.00","3,725.00","3,621.00","22.94K","1.26%"
"08-05-2017","3,653.00","3,700.00","3,716.00","3,642.00","16.76K","-0.63%"
"05-05-2017","3,676.00","3,672.00","3,715.00","3,577.00","37.37K","-0.81%"
"04-05-2017","3,706.00","3,670.00","3,722.00","3,670.00","28.30K","0.62%"
"03-05-2017","3,683.00","3,738.00","3,745.00","3,665.00","40.20K","-1.97%"
"02-05-2017","3,757.00","3,872.00","3,877.00","3,744.00","54.91K","-2.82%"
"28-04-2017","3,866.00","3,845.00","3,882.00","3,836.00","64.74K","0.44%"
"27-04-2017","3,849.00","3,895.00","3,913.00","3,833.00","72.37K","-1.08%"
"26-04-2017","3,891.00","3,889.00","3,919.00","3,880.00","62.92K","-0.23%"
"25-04-2017","3,900.00","3,875.00","3,909.00","3,856.00","65.17K","0.83%"
"24-04-2017","3,868.00","3,911.00","3,911.00","3,842.00","76.30K","-1.15%"
"21-04-2017","3,913.00","3,960.00","3,985.00","3,902.00","83.33K","-0.33%"
"20-04-2017","3,926.00","3,920.00","3,940.00","3,824.00","0.26K","-0.38%"
"19-04-2017","3,941.00","3,945.00","3,950.00","3,930.00","0.36K","-0.56%"
"18-04-2017","3,963.00","3,954.00","4,017.00","3,943.00","0.65K","0.53%"
"17-04-2017","3,942.00","4,009.00","4,009.00","3,920.00","0.88K","-2.55%"
"13-04-2017","4,045.00","3,998.00","4,073.00","3,980.00","3.32K","1.84%"
"12-04-2017","3,972.00","3,930.00","3,980.00","3,910.00","4.01K","1.20%"
"11-04-2017","3,925.00","3,971.00","4,054.00","3,910.00","15.37K","-1.26%"
"10-04-2017","3,975.00","3,986.00","4,005.00","3,951.00","25.10K","-0.18%"
"07-04-2017","3,982.00","4,065.00","4,096.00","3,941.00","25.76K","-1.70%"
"06-04-2017","4,051.00","4,029.00","4,073.00","4,011.00","25.74K","-1.41%"
"04-04-2017","4,109.00","4,109.00","4,109.00","4,109.00","","0.00%"
"03-04-2017","4,109.00","4,028.00","4,109.00","4,017.00","59.16K","2.98%"
"31-03-2017","3,990.00","3,920.00","4,005.00","3,915.00","116.97K","2.60%"
"30-03-2017","3,889.00","3,878.00","3,929.00","3,874.00","86.24K","0.39%"
"29-03-2017","3,874.00","3,878.00","3,907.00","3,854.00","76.14K","0.16%"
"28-03-2017","3,868.00","3,779.00","3,885.00","3,773.00","103.60K","2.52%"
"27-03-2017","3,773.00","3,850.00","3,897.00","3,755.00","112.88K","-2.36%"
"24-03-2017","3,864.00","3,849.00","3,938.00","3,849.00","124.57K","-0.05%"
"23-03-2017","3,866.00","3,835.00","3,907.00","3,824.00","105.24K","0.55%"
"22-03-2017","3,845.00","3,821.00","3,897.00","3,808.00","111.04K","-0.05%"
"21-03-2017","3,847.00","3,815.00","3,874.00","3,815.00","69.60K","1.37%"
"20-03-2017","3,795.00","3,795.00","3,795.00","3,795.00","0.03K","1.07%"
"17-03-2017","3,755.00","3,694.00","3,852.00","3,694.00","0.20K","0.37%"
"16-03-2017","3,741.00","3,755.00","3,755.00","3,726.00","0.14K","0.97%"
"15-03-2017","3,705.00","3,687.00","3,749.00","3,687.00","0.18K","1.53%"
"14-03-2017","3,649.00","3,683.00","3,683.00","3,620.00","5.49K","-0.49%"
"10-03-2017","3,667.00","3,792.00","3,793.00","3,651.00","18.03K","-2.55%"
"09-03-2017","3,763.00","3,948.00","3,949.00","3,761.00","20.58K","-3.93%"
"08-03-2017","3,917.00","3,785.00","3,917.00","3,762.00","23.02K","3.00%"
"07-03-2017","3,803.00","3,906.00","3,910.00","3,776.00","20.28K","-2.11%"
"06-03-2017","3,885.00","3,806.00","3,910.00","3,806.00","29.61K","3.32%"
"03-03-2017","3,760.00","3,748.00","3,808.00","3,732.00","33.02K","0.19%"
"02-03-2017","3,753.00","3,742.00","3,775.00","3,683.00","47.53K","0.54%"
"01-03-2017","3,733.00","3,768.00","3,814.00","3,706.00","81.12K","-0.51%"
"28-02-2017","3,752.00","3,585.00","3,752.00","3,571.00","93.23K","3.99%"
"27-02-2017","3,608.00","3,651.00","3,677.00","3,586.00","111.74K","1.75%"
"24-02-2017","3,546.00","3,546.00","3,546.00","3,546.00","","0.00%"
"23-02-2017","3,546.00","3,458.00","3,546.00","3,443.00","104.81K","2.99%"
"22-02-2017","3,443.00","3,345.00","3,443.00","3,344.00","92.60K","2.99%"
"21-02-2017","3,343.00","3,369.00","3,388.00","3,330.00","60.60K","0.72%"
"20-02-2017","3,319.00","3,333.00","3,334.00","3,300.00","0.17K","1.34%"
"17-02-2017","3,275.00","3,250.00","3,292.00","3,250.00","0.22K","1.27%"
"16-02-2017","3,234.00","3,264.00","3,269.00","3,225.00","1.71K","-0.68%"
"15-02-2017","3,256.00","3,210.00","3,275.00","3,210.00","1.41K","2.13%"
"14-02-2017","3,188.00","3,203.00","3,211.00","3,172.00","1.01K","-0.50%"
"13-02-2017","3,204.00","3,226.00","3,239.00","3,199.00","10.14K","-0.71%"
"10-02-2017","3,227.00","3,245.00","3,257.00","3,214.00","22.78K","-0.62%"
"09-02-2017","3,247.00","3,252.00","3,277.00","3,237.00","16.02K","-0.12%"
"08-02-2017","3,251.00","3,226.00","3,268.00","3,224.00","15.11K","0.68%"
"07-02-2017","3,229.00","3,316.00","3,316.00","3,221.00","12.92K","-0.49%"
"06-02-2017","3,245.00","3,285.00","3,287.00","3,237.00","15.18K","-1.16%"
"03-02-2017","3,283.00","3,278.00","3,297.00","3,278.00","10.47K","-0.03%"
"02-02-2017","3,284.00","3,330.00","3,342.00","3,277.00","24.45K","-1.35%"
"01-02-2017","3,329.00","3,264.00","3,349.00","3,256.00","34.26K","2.12%"
"31-01-2017","3,260.00","3,241.00","3,268.00","3,236.00","28.15K","0.43%"
"30-01-2017","3,246.00","3,284.00","3,285.00","3,236.00","31.04K","-1.10%"
"27-01-2017","3,282.00","3,320.00","3,336.00","3,250.00","36.92K","-1.08%"
"25-01-2017","3,318.00","3,318.00","3,325.00","3,294.00","27.49K","-0.06%"
"24-01-2017","3,320.00","3,367.00","3,380.00","3,290.00","38.34K","-1.43%"
"23-01-2017","3,368.00","3,390.00","3,408.00","3,361.00","25.13K","1.72%"
"20-01-2017","3,311.00","3,310.00","3,337.00","3,301.00","0.43K","0.09%"
"19-01-2017","3,308.00","3,313.00","3,313.00","3,305.00","0.56K","0.79%"
"17-01-2017","3,282.00","3,183.00","3,314.00","3,183.00","0.41K","0.86%"
"16-01-2017","3,254.00","3,265.00","3,268.00","3,248.00","0.21K","-0.64%"
"13-01-2017","3,275.00","3,296.00","3,296.00","3,265.00","1.26K","0.15%"
"12-01-2017","3,270.00","3,277.00","3,295.00","3,268.00","1.72K","0.46%"
"11-01-2017","3,255.00","3,262.00","3,290.00","3,243.00","15.30K","-0.28%"
"10-01-2017","3,264.00","3,265.00","3,277.00","3,226.00","23.97K","-0.06%"
"09-01-2017","3,266.00","3,310.00","3,336.00","3,252.00","17.20K","-1.39%"
"06-01-2017","3,312.00","3,324.00","3,337.00","3,295.00","14.96K","-0.06%"
"05-01-2017","3,314.00","3,284.00","3,321.00","3,283.00","15.72K","1.13%"
"04-01-2017","3,277.00","3,317.00","3,328.00","3,271.00","16.07K","-1.83%"
"03-01-2017","3,338.00","3,332.00","3,363.00","3,324.00","19.69K","0.45%"
"02-01-2017","3,323.00","3,245.00","3,333.00","3,245.00","31.21K","2.63%"