"Date","Price","Open","High","Low","Vol.","Change %"
"30-04-2026","5,913.00","5,945.00","5,945.00","5,880.00","0.16K","1.28%"
"29-04-2026","5,838.00","5,722.00","5,935.00","5,700.00","0.07K","1.39%"
"28-04-2026","5,758.00","5,765.00","5,765.00","5,750.00","0.06K","1.43%"
"27-04-2026","5,677.00","5,714.00","5,714.00","5,633.00","0.03K","-3.12%"
"24-04-2026","5,860.00","5,856.00","5,860.00","5,856.00","0.12K","1.52%"
"23-04-2026","5,772.00","5,772.00","5,772.00","5,772.00","","-1.67%"
"22-04-2026","5,870.00","5,870.00","5,870.00","5,870.00","0.01K","-2.07%"
"21-04-2026","5,994.00","5,969.00","6,021.00","5,965.00","0.02K","1.42%"
"20-04-2026","5,910.00","5,920.00","5,965.00","5,897.00","2.55K","-0.79%"
"17-04-2026","5,957.00","5,830.00","5,975.00","5,821.00","6.48K","2.99%"
"16-04-2026","5,784.00","5,753.00","5,827.00","5,724.00","4.68K","0.21%"
"15-04-2026","5,772.00","5,828.00","5,830.00","5,751.00","4.88K","-0.21%"
"13-04-2026","5,784.00","5,731.00","5,790.00","5,715.00","0.99K","0.54%"
"10-04-2026","5,753.00","5,760.00","5,795.00","5,715.00","0.52K","-0.48%"
"09-04-2026","5,781.00","5,855.00","5,855.00","5,761.00","0.57K","-1.52%"
"08-04-2026","5,870.00","5,870.00","5,870.00","5,870.00","0.49K","1.43%"
"07-04-2026","5,787.00","5,786.00","5,870.00","5,753.00","0.07K","-1.08%"
"06-04-2026","5,850.00","5,850.00","5,850.00","5,850.00","0.11K","-0.61%"
"02-04-2026","5,886.00","5,886.00","5,886.00","5,886.00","0.08K","0.60%"
"01-04-2026","5,851.00","5,851.00","5,851.00","5,851.00","0.40K","0.36%"
"30-03-2026","5,830.00","5,830.00","5,830.00","5,830.00","","3.37%"
"27-03-2026","5,640.00","5,640.00","5,640.00","5,640.00","","-0.28%"
"25-03-2026","5,656.00","5,656.00","5,656.00","5,656.00","","1.31%"
"24-03-2026","5,583.00","5,583.00","5,583.00","5,583.00","","-0.61%"
"23-03-2026","5,617.00","5,617.00","5,617.00","5,617.00","","1.98%"
"20-03-2026","5,508.00","5,507.00","5,525.00","5,496.00","1.06K","0.92%"
"19-03-2026","5,458.00","5,515.00","5,515.00","5,442.00","2.31K","-1.37%"
"18-03-2026","5,534.00","5,455.00","5,550.00","5,455.00","4.33K","0.69%"
"17-03-2026","5,496.00","5,484.00","5,510.00","5,474.00","2.77K","-0.02%"
"16-03-2026","5,497.00","5,540.00","5,540.00","5,488.00","1.87K","0.66%"
"13-03-2026","5,461.00","5,540.00","5,540.00","5,435.00","0.20K","-2.04%"
"12-03-2026","5,575.00","5,568.00","5,590.00","5,560.00","0.03K","-0.16%"
"11-03-2026","5,584.00","5,590.00","5,590.00","5,570.00","0.02K","0.27%"
"10-03-2026","5,569.00","5,569.00","5,569.00","5,569.00","","-1.24%"
"09-03-2026","5,639.00","5,639.00","5,639.00","5,639.00","0.02K","-1.38%"
"06-03-2026","5,718.00","5,718.00","5,718.00","5,718.00","","0.00%"
"05-03-2026","5,718.00","5,718.00","5,718.00","5,718.00","","0.00%"
"04-03-2026","5,718.00","5,718.00","5,718.00","5,718.00","","0.00%"
"02-03-2026","5,718.00","5,718.00","5,718.00","5,718.00","","0.00%"
"27-02-2026","5,718.00","5,718.00","5,718.00","5,718.00","","0.00%"
"26-02-2026","5,718.00","5,718.00","5,718.00","5,718.00","","0.00%"
"25-02-2026","5,718.00","5,718.00","5,718.00","5,718.00","","0.00%"
"24-02-2026","5,718.00","5,718.00","5,718.00","5,718.00","","0.00%"
"23-02-2026","5,718.00","5,718.00","5,718.00","5,718.00","","5.60%"
"20-02-2026","5,415.00","5,435.00","5,446.00","5,409.00","1.85K","-0.17%"
"19-02-2026","5,424.00","5,410.00","5,440.00","5,360.00","2.49K","0.31%"
"18-02-2026","5,407.00","5,470.00","5,485.00","5,400.00","1.35K","-0.83%"
"17-02-2026","5,452.00","5,455.00","5,500.00","5,440.00","1.20K","-0.05%"
"16-02-2026","5,455.00","5,452.00","5,465.00","5,442.00","0.75K","-0.47%"
"13-02-2026","5,481.00","5,518.00","5,518.00","5,459.00","0.03K","-0.71%"
"12-02-2026","5,520.00","5,550.00","5,550.00","5,420.00","0.22K","-0.67%"
"11-02-2026","5,557.00","5,591.00","5,597.00","5,512.00","0.11K","-0.80%"
"10-02-2026","5,602.00","5,599.00","5,605.00","5,599.00","0.09K","0.02%"
"09-02-2026","5,601.00","5,633.00","5,633.00","5,555.00","0.02K","-0.36%"
"06-02-2026","5,621.00","5,621.00","5,621.00","5,621.00","","-1.32%"
"05-02-2026","5,696.00","5,696.00","5,696.00","5,696.00","","0.42%"
"04-02-2026","5,672.00","5,672.00","5,672.00","5,672.00","0.01K","-0.14%"
"03-02-2026","5,680.00","5,680.00","5,680.00","5,680.00","0.09K","1.18%"
"02-02-2026","5,614.00","5,450.00","5,679.00","5,450.00","0.02K","2.80%"
"01-02-2026","5,461.00","5,461.00","5,461.00","5,461.00","0.01K","-3.60%"
"30-01-2026","5,665.00","5,665.00","5,665.00","5,665.00","0.01K","0.87%"
"29-01-2026","5,616.00","5,522.00","5,713.00","5,522.00","0.08K","0.77%"
"28-01-2026","5,573.00","5,595.00","5,595.00","5,510.00","0.05K","-4.23%"
"27-01-2026","5,819.00","5,818.00","5,820.00","5,818.00","0.02K","-0.21%"
"23-01-2026","5,831.00","5,831.00","5,831.00","5,831.00","","-0.41%"
"22-01-2026","5,855.00","5,855.00","5,855.00","5,855.00","","0.22%"
"21-01-2026","5,842.00","5,842.00","5,842.00","5,842.00","","2.37%"
"20-01-2026","5,707.00","5,795.00","5,795.00","5,661.00","2.94K","-1.40%"
"19-01-2026","5,788.00","5,764.00","5,838.00","5,737.00","2.83K","0.47%"
"16-01-2026","5,761.00","5,602.00","5,830.00","5,602.00","0.76K","1.96%"
"14-01-2026","5,650.00","5,626.00","5,700.00","5,610.00","0.75K","0.48%"
"13-01-2026","5,623.00","5,783.00","5,800.00","5,589.00","0.90K","-2.98%"
"12-01-2026","5,796.00","5,862.00","5,900.00","5,757.00","1.09K","-0.05%"
"09-01-2026","5,799.00","5,585.00","5,813.00","5,585.00","1.61K","3.74%"
"08-01-2026","5,590.00","5,842.00","5,890.00","5,571.00","0.75K","-4.33%"
"07-01-2026","5,843.00","5,778.00","5,873.00","5,722.00","0.51K","0.29%"
"06-01-2026","5,826.00","6,150.00","6,150.00","5,800.00","0.92K","-5.58%"
"05-01-2026","6,170.00","6,180.00","6,180.00","6,120.00","0.06K","-1.34%"
"02-01-2026","6,254.00","6,210.00","6,310.00","6,210.00","0.40K","1.46%"
"01-01-2026","6,164.00","6,141.00","6,200.00","6,101.00","0.05K","-0.93%"
"31-12-2025","6,222.00","6,191.00","6,225.00","6,191.00","0.10K","1.55%"
"30-12-2025","6,127.00","5,980.00","6,136.00","5,864.00","0.44K","3.83%"
"29-12-2025","5,901.00","6,099.00","6,100.00","5,860.00","0.11K","-3.21%"
"26-12-2025","6,097.00","6,032.00","6,150.00","5,950.00","0.38K","5.08%"
"24-12-2025","5,802.00","5,774.00","5,937.00","5,737.00","0.07K","1.43%"
"23-12-2025","5,720.00","5,720.00","5,720.00","5,720.00","","-1.43%"
"22-12-2025","5,803.00","5,803.00","5,803.00","5,803.00","","2.85%"
"19-12-2025","5,642.00","5,463.00","5,680.00","5,463.00","6.23K","3.30%"
"18-12-2025","5,462.00","5,362.00","5,519.00","5,353.00","5.37K","1.88%"
"17-12-2025","5,361.00","5,371.00","5,410.00","5,345.00","3.44K","-0.70%"
"16-12-2025","5,399.00","5,370.00","5,417.00","5,350.00","2.47K","0.52%"
"15-12-2025","5,371.00","5,247.00","5,409.00","5,240.00","5.71K","3.89%"
"12-12-2025","5,170.00","5,100.00","5,192.00","5,100.00","4.63K","1.69%"
"11-12-2025","5,084.00","5,050.00","5,119.00","5,047.00","1.90K","0.93%"
"10-12-2025","5,037.00","5,043.00","5,100.00","5,006.00","1.54K","-0.16%"
"09-12-2025","5,045.00","4,959.00","5,063.00","4,940.00","0.31K","2.39%"
"08-12-2025","4,927.00","4,920.00","4,949.00","4,912.00","0.11K","0.06%"
"05-12-2025","4,924.00","4,943.00","4,943.00","4,911.00","0.24K","-0.18%"
"04-12-2025","4,933.00","4,920.00","4,942.00","4,879.00","0.27K","-0.60%"
"03-12-2025","4,963.00","5,016.00","5,016.00","4,940.00","0.14K","-0.40%"
"02-12-2025","4,983.00","4,991.00","5,012.00","4,950.00","0.71K","-0.74%"
"01-12-2025","5,020.00","4,825.00","5,027.00","4,825.00","0.26K","3.85%"
"28-11-2025","4,834.00","4,834.00","4,834.00","4,834.00","0.01K","0.46%"
"27-11-2025","4,812.00","4,812.00","4,812.00","4,812.00","0.01K","0.52%"
"26-11-2025","4,787.00","4,787.00","4,787.00","4,787.00","","0.23%"
"25-11-2025","4,776.00","4,771.00","4,780.00","4,771.00","0.02K","-1.67%"
"24-11-2025","4,857.00","4,857.00","4,857.00","4,857.00","","0.02%"
"21-11-2025","4,856.00","4,856.00","4,856.00","4,856.00","","1.04%"
"20-11-2025","4,806.00","4,795.00","4,866.00","4,770.00","5.23K","0.35%"
"19-11-2025","4,789.00","4,740.00","4,840.00","4,710.00","2.99K","1.03%"
"18-11-2025","4,740.00","4,743.00","4,775.00","4,736.00","1.89K","-0.40%"
"17-11-2025","4,759.00","4,796.00","4,796.00","4,754.00","1.55K","-0.50%"
"14-11-2025","4,783.00","4,780.00","4,812.00","4,770.00","0.41K","0.23%"
"13-11-2025","4,772.00","4,801.00","4,833.00","4,765.00","0.20K","-0.35%"
"12-11-2025","4,789.00","4,750.00","4,812.00","4,750.00","0.22K","0.08%"
"11-11-2025","4,785.00","4,809.00","4,810.00","4,750.00","0.09K","-0.79%"
"10-11-2025","4,823.00","4,823.00","4,823.00","4,823.00","0.01K","-0.84%"
"07-11-2025","4,864.00","4,879.00","4,879.00","4,848.00","0.02K","-0.14%"
"06-11-2025","4,871.00","4,871.00","4,871.00","4,871.00","","-1.14%"
"04-11-2025","4,927.00","4,927.00","4,927.00","4,927.00","","1.63%"
"03-11-2025","4,848.00","4,848.00","4,848.00","4,848.00","0.01K","-1.56%"
"31-10-2025","4,925.00","4,925.00","4,925.00","4,925.00","0.01K","0.47%"
"30-10-2025","4,902.00","4,897.00","4,905.00","4,897.00","0.03K","0.04%"
"29-10-2025","4,900.00","4,900.00","4,900.00","4,900.00","0.01K","-1.33%"
"28-10-2025","4,966.00","4,966.00","4,966.00","4,966.00","","0.00%"
"27-10-2025","4,966.00","4,966.00","4,966.00","4,966.00","","-0.08%"
"24-10-2025","4,970.00","4,970.00","4,970.00","4,970.00","","-1.43%"
"23-10-2025","5,042.00","5,042.00","5,042.00","5,042.00","","0.52%"
"21-10-2025","5,016.00","5,016.00","5,016.00","5,016.00","","-0.12%"
"20-10-2025","5,022.00","5,005.00","5,033.00","4,994.00","1.78K","0.32%"
"17-10-2025","5,006.00","5,035.00","5,035.00","5,002.00","0.86K","-0.91%"
"16-10-2025","5,052.00","5,070.00","5,077.00","5,039.00","0.28K","0.28%"
"15-10-2025","5,038.00","5,025.00","5,116.00","5,023.00","1.13K","0.24%"
"14-10-2025","5,026.00","5,201.00","5,201.00","5,000.00","0.30K","-1.66%"
"13-10-2025","5,111.00","4,907.00","5,136.00","4,907.00","0.40K","4.14%"
"10-10-2025","4,908.00","4,908.00","4,908.00","4,908.00","0.01K","-0.02%"
"09-10-2025","4,909.00","4,910.00","4,911.00","4,908.00","0.06K","-0.16%"
"08-10-2025","4,917.00","4,882.00","4,966.00","4,882.00","0.19K","0.70%"
"07-10-2025","4,883.00","4,897.00","4,897.00","4,857.00","0.13K","0.54%"
"06-10-2025","4,857.00","4,857.00","4,857.00","4,857.00","0.02K","0.31%"
"03-10-2025","4,842.00","4,842.00","4,842.00","4,842.00","","-1.45%"
"01-10-2025","4,913.00","4,913.00","4,913.00","4,913.00","","0.61%"
"30-09-2025","4,883.00","4,883.00","4,883.00","4,883.00","0.01K","-2.42%"
"29-09-2025","5,004.00","5,004.00","5,004.00","5,004.00","","-0.73%"
"26-09-2025","5,041.00","5,041.00","5,041.00","5,041.00","","-0.45%"
"25-09-2025","5,064.00","5,064.00","5,064.00","5,064.00","","-0.28%"
"24-09-2025","5,078.00","5,078.00","5,078.00","5,078.00","","0.40%"
"23-09-2025","5,058.00","5,058.00","5,058.00","5,058.00","","0.08%"
"22-09-2025","5,054.00","5,054.00","5,054.00","5,054.00","","-0.79%"
"19-09-2025","5,094.00","5,100.00","5,106.00","5,072.00","1.59K","-0.39%"
"18-09-2025","5,114.00","5,140.00","5,140.00","5,100.00","0.62K","-0.72%"
"17-09-2025","5,151.00","5,175.00","5,190.00","5,144.00","1.51K","-1.02%"
"16-09-2025","5,204.00","5,145.00","5,210.00","5,145.00","0.90K","1.30%"
"15-09-2025","5,137.00","5,160.00","5,160.00","5,131.00","1.06K","-0.23%"
"12-09-2025","5,149.00","5,160.00","5,160.00","5,136.00","0.74K","0.08%"
"11-09-2025","5,145.00","5,145.00","5,145.00","5,145.00","0.58K","0.57%"
"10-09-2025","5,116.00","5,106.00","5,120.00","5,106.00","0.12K","0.57%"
"09-09-2025","5,087.00","5,106.00","5,106.00","5,068.00","0.02K","-0.72%"
"08-09-2025","5,124.00","5,124.00","5,124.00","5,124.00","","-0.47%"
"05-09-2025","5,148.00","5,148.00","5,148.00","5,148.00","","-0.90%"
"04-09-2025","5,195.00","5,195.00","5,195.00","5,195.00","","-0.02%"
"03-09-2025","5,196.00","5,196.00","5,196.00","5,196.00","","-0.13%"
"02-09-2025","5,203.00","5,203.00","5,203.00","5,203.00","","-0.10%"
"01-09-2025","5,208.00","5,208.00","5,208.00","5,208.00","","-1.68%"
"29-08-2025","5,297.00","5,297.00","5,297.00","5,297.00","","-0.79%"
"28-08-2025","5,339.00","5,339.00","5,339.00","5,339.00","","-0.80%"
"26-08-2025","5,382.00","5,382.00","5,382.00","5,382.00","","0.13%"
"25-08-2025","5,375.00","5,375.00","5,375.00","5,375.00","","0.00%"
"22-08-2025","5,375.00","5,375.00","5,375.00","5,375.00","","-0.07%"
"21-08-2025","5,379.00","5,379.00","5,379.00","5,379.00","","0.47%"
"20-08-2025","5,354.00","5,340.00","5,370.00","5,338.00","2.68K","0.32%"
"19-08-2025","5,337.00","5,304.00","5,342.00","5,262.00","5.05K","0.64%"
"18-08-2025","5,303.00","5,317.00","5,322.00","5,278.00","1.11K","0.66%"
"14-08-2025","5,268.00","5,291.00","5,296.00","5,265.00","0.34K","-0.64%"
"13-08-2025","5,302.00","5,302.00","5,302.00","5,302.00","0.15K","-0.58%"
"12-08-2025","5,333.00","5,333.00","5,333.00","5,333.00","0.02K","-0.04%"
"11-08-2025","5,335.00","5,337.00","5,337.00","5,332.00","0.14K","-0.85%"
"08-08-2025","5,381.00","5,381.00","5,381.00","5,381.00","0.12K","-0.26%"
"07-08-2025","5,395.00","5,395.00","5,395.00","5,395.00","0.04K","-0.02%"
"06-08-2025","5,396.00","5,392.00","5,400.00","5,392.00","0.07K","0.37%"
"05-08-2025","5,376.00","5,376.00","5,376.00","5,376.00","","-1.57%"
"04-08-2025","5,462.00","5,462.00","5,462.00","5,462.00","0.01K","-0.67%"
"01-08-2025","5,499.00","5,499.00","5,499.00","5,499.00","0.01K","1.33%"
"31-07-2025","5,427.00","5,427.00","5,427.00","5,427.00","","1.44%"
"30-07-2025","5,350.00","5,350.00","5,350.00","5,350.00","","0.07%"
"29-07-2025","5,346.00","5,346.00","5,346.00","5,346.00","","0.36%"
"28-07-2025","5,327.00","5,327.00","5,327.00","5,327.00","","-0.93%"
"25-07-2025","5,377.00","5,377.00","5,377.00","5,377.00","","-0.59%"
"24-07-2025","5,409.00","5,409.00","5,409.00","5,409.00","0.01K","1.56%"
"23-07-2025","5,326.00","5,326.00","5,326.00","5,326.00","","0.68%"
"22-07-2025","5,290.00","5,290.00","5,290.00","5,290.00","","-0.17%"
"21-07-2025","5,299.00","5,299.00","5,299.00","5,299.00","","-1.49%"
"18-07-2025","5,379.00","5,380.00","5,382.00","5,340.00","2.96K","-0.35%"
"17-07-2025","5,398.00","5,399.00","5,430.00","5,375.00","1.58K","-0.50%"
"16-07-2025","5,425.00","5,403.00","5,439.00","5,402.00","1.12K","0.15%"
"15-07-2025","5,417.00","5,348.00","5,428.00","5,348.00","0.40K","2.07%"
"14-07-2025","5,307.00","5,296.00","5,319.00","5,296.00","0.55K","0.00%"
"11-07-2025","5,307.00","5,320.00","5,320.00","5,298.00","0.03K","0.09%"
"10-07-2025","5,302.00","5,302.00","5,302.00","5,302.00","","-0.56%"
"09-07-2025","5,332.00","5,341.00","5,352.00","5,330.00","0.35K","0.49%"
"08-07-2025","5,306.00","5,306.00","5,306.00","5,306.00","","-0.62%"
"07-07-2025","5,339.00","5,339.00","5,339.00","5,339.00","","-1.57%"
"04-07-2025","5,424.00","5,424.00","5,424.00","5,424.00","0.03K","1.86%"
"03-07-2025","5,325.00","5,325.00","5,325.00","5,325.00","","1.04%"
"02-07-2025","5,270.00","5,270.00","5,270.00","5,270.00","","-0.47%"
"01-07-2025","5,295.00","5,295.00","5,295.00","5,295.00","","0.11%"
"30-06-2025","5,289.00","5,289.00","5,289.00","5,289.00","","2.34%"
"27-06-2025","5,168.00","5,168.00","5,168.00","5,168.00","","0.94%"
"26-06-2025","5,120.00","5,120.00","5,120.00","5,120.00","","-1.01%"
"25-06-2025","5,172.00","5,172.00","5,172.00","5,172.00","","-0.63%"
"24-06-2025","5,205.00","5,205.00","5,205.00","5,205.00","","0.89%"
"23-06-2025","5,159.00","5,159.00","5,159.00","5,159.00","","-0.56%"
"20-06-2025","5,188.00","5,176.00","5,190.00","5,167.00","1.04K","0.00%"
"19-06-2025","5,188.00","5,200.00","5,200.00","5,174.00","0.55K","-0.38%"
"18-06-2025","5,208.00","5,205.00","5,216.00","5,200.00","0.62K","0.35%"
"17-06-2025","5,190.00","5,169.00","5,193.00","5,161.00","0.34K","0.66%"
"16-06-2025","5,156.00","5,163.00","5,172.00","5,145.00","0.04K","-0.77%"
"13-06-2025","5,196.00","5,214.00","5,214.00","5,181.00","0.02K","0.58%"
"12-06-2025","5,166.00","5,166.00","5,166.00","5,166.00","","0.12%"
"11-06-2025","5,160.00","5,160.00","5,160.00","5,160.00","","-1.53%"
"10-06-2025","5,240.00","5,240.00","5,240.00","5,240.00","0.01K","0.54%"
"09-06-2025","5,212.00","5,212.00","5,212.00","5,212.00","","-1.19%"
"06-06-2025","5,275.00","5,280.00","5,280.00","5,269.00","0.01K","1.27%"
"05-06-2025","5,209.00","5,209.00","5,209.00","5,209.00","","0.13%"
"04-06-2025","5,202.00","5,202.00","5,202.00","5,202.00","","0.27%"
"03-06-2025","5,188.00","5,188.00","5,188.00","5,188.00","","0.21%"
"02-06-2025","5,177.00","5,177.00","5,177.00","5,177.00","","-0.14%"
"30-05-2025","5,184.00","5,184.00","5,184.00","5,184.00","","-0.10%"
"29-05-2025","5,189.00","5,189.00","5,189.00","5,189.00","","-0.54%"
"28-05-2025","5,217.00","5,217.00","5,217.00","5,217.00","","0.25%"
"27-05-2025","5,204.00","5,204.00","5,204.00","5,204.00","","0.21%"
"26-05-2025","5,193.00","5,193.00","5,193.00","5,193.00","","-1.57%"
"23-05-2025","5,276.00","5,276.00","5,276.00","5,276.00","","0.34%"
"22-05-2025","5,258.00","5,258.00","5,258.00","5,258.00","","0.25%"
"21-05-2025","5,245.00","5,245.00","5,245.00","5,245.00","","-0.81%"
"20-05-2025","5,288.00","5,266.00","5,304.00","5,266.00","0.83K","0.80%"
"19-05-2025","5,246.00","5,240.00","5,248.00","5,214.00","1.02K","-0.34%"
"16-05-2025","5,264.00","5,240.00","5,275.00","5,240.00","1.05K","0.80%"
"15-05-2025","5,222.00","5,238.00","5,250.00","5,198.00","0.13K","1.34%"
"14-05-2025","5,153.00","5,153.00","5,153.00","5,153.00","","-0.43%"
"13-05-2025","5,175.00","5,175.00","5,175.00","5,175.00","0.01K","0.94%"
"12-05-2025","5,127.00","5,127.00","5,127.00","5,127.00","","1.38%"
"09-05-2025","5,057.00","5,054.00","5,060.00","5,054.00","0.02K","-0.24%"
"08-05-2025","5,069.00","5,079.00","5,079.00","5,059.00","0.01K","1.02%"
"07-05-2025","5,018.00","5,018.00","5,018.00","5,018.00","","0.84%"
"06-05-2025","4,976.00","4,976.00","4,976.00","4,976.00","","-1.11%"
"05-05-2025","5,032.00","5,032.00","5,032.00","5,032.00","","-0.30%"
"02-05-2025","5,047.00","5,047.00","5,047.00","5,047.00","","-0.81%"
"30-04-2025","5,088.00","5,088.00","5,088.00","5,088.00","","0.08%"
"29-04-2025","5,084.00","5,084.00","5,084.00","5,084.00","","-1.68%"
"28-04-2025","5,171.00","5,171.00","5,171.00","5,171.00","","-0.39%"
"25-04-2025","5,191.00","5,191.00","5,191.00","5,191.00","","0.72%"
"24-04-2025","5,154.00","5,154.00","5,154.00","5,154.00","","-0.87%"
"23-04-2025","5,199.00","5,199.00","5,199.00","5,199.00","","-0.46%"
"22-04-2025","5,223.00","5,223.00","5,223.00","5,223.00","","-2.01%"
"21-04-2025","5,330.00","5,330.00","5,330.00","5,330.00","","0.49%"
"17-04-2025","5,304.00","5,331.00","5,331.00","5,271.00","3.20K","-0.90%"
"16-04-2025","5,352.00","5,354.00","5,373.00","5,328.00","2.78K","-0.15%"
"15-04-2025","5,360.00","5,371.00","5,390.00","5,350.00","1.65K","0.96%"
"11-04-2025","5,309.00","5,309.00","5,309.00","5,309.00","0.62K","-0.84%"
"09-04-2025","5,354.00","5,314.00","5,370.00","5,314.00","0.64K","0.77%"
"08-04-2025","5,313.00","5,313.00","5,313.00","5,313.00","0.01K","0.28%"
"07-04-2025","5,298.00","5,298.00","5,298.00","5,298.00","","-0.43%"
"04-04-2025","5,321.00","5,321.00","5,321.00","5,321.00","","-1.66%"
"03-04-2025","5,411.00","5,411.00","5,411.00","5,411.00","","-1.39%"
"02-04-2025","5,487.00","5,487.00","5,487.00","5,487.00","0.01K","1.57%"
"01-04-2025","5,402.00","5,402.00","5,402.00","5,402.00","","0.22%"
"28-03-2025","5,390.00","5,390.00","5,390.00","5,390.00","","-0.41%"
"27-03-2025","5,412.00","5,412.00","5,412.00","5,412.00","","0.58%"
"26-03-2025","5,381.00","5,381.00","5,381.00","5,381.00","","0.13%"
"25-03-2025","5,374.00","5,374.00","5,374.00","5,374.00","","-0.13%"
"24-03-2025","5,381.00","5,381.00","5,381.00","5,381.00","","-0.83%"
"21-03-2025","5,426.00","5,426.00","5,426.00","5,426.00","","-0.97%"
"20-03-2025","5,479.00","5,476.00","5,490.00","5,464.00","1.76K","0.27%"
"19-03-2025","5,464.00","5,470.00","5,477.00","5,458.00","2.04K","-0.58%"
"18-03-2025","5,496.00","5,484.00","5,507.00","5,463.00","0.71K","0.92%"
"17-03-2025","5,446.00","5,446.00","5,446.00","5,446.00","","1.83%"
"13-03-2025","5,348.00","5,348.00","5,348.00","5,348.00","","0.17%"
"12-03-2025","5,339.00","5,355.00","5,355.00","5,334.00","0.05K","-1.11%"
"11-03-2025","5,399.00","5,392.00","5,419.00","5,392.00","0.06K","1.58%"
"10-03-2025","5,315.00","5,315.00","5,315.00","5,315.00","","-0.37%"
"07-03-2025","5,335.00","5,335.00","5,335.00","5,335.00","","-0.04%"
"06-03-2025","5,337.00","5,337.00","5,337.00","5,337.00","","0.30%"
"05-03-2025","5,321.00","5,321.00","5,321.00","5,321.00","","1.03%"
"04-03-2025","5,267.00","5,267.00","5,267.00","5,267.00","","-0.30%"
"03-03-2025","5,283.00","5,283.00","5,283.00","5,283.00","","-1.38%"
"28-02-2025","5,357.00","5,357.00","5,357.00","5,357.00","","-0.19%"
"27-02-2025","5,367.00","5,367.00","5,367.00","5,367.00","","-0.65%"
"25-02-2025","5,402.00","5,402.00","5,402.00","5,402.00","","-0.39%"
"24-02-2025","5,423.00","5,423.00","5,423.00","5,423.00","","0.00%"
"21-02-2025","5,423.00","5,423.00","5,423.00","5,423.00","","1.35%"
"20-02-2025","5,351.00","5,397.00","5,401.00","5,334.00","2.66K","-1.16%"
"19-02-2025","5,414.00","5,470.00","5,470.00","5,301.00","2.14K","-0.31%"
"18-02-2025","5,431.00","5,414.00","5,436.00","5,414.00","0.66K","0.28%"
"17-02-2025","5,416.00","5,410.00","5,423.00","5,407.00","0.12K","0.59%"
"14-02-2025","5,384.00","5,388.00","5,388.00","5,382.00","0.03K","-0.17%"
"13-02-2025","5,393.00","5,393.00","5,393.00","5,393.00","0.01K","0.43%"
"12-02-2025","5,370.00","5,370.00","5,370.00","5,370.00","","-0.67%"
"11-02-2025","5,406.00","5,422.00","5,422.00","5,374.00","0.02K","-0.63%"
"10-02-2025","5,440.00","5,440.00","5,440.00","5,440.00","0.01K","1.04%"
"07-02-2025","5,384.00","5,384.00","5,384.00","5,384.00","","0.15%"
"06-02-2025","5,376.00","5,376.00","5,376.00","5,376.00","","-1.45%"
"05-02-2025","5,455.00","5,455.00","5,455.00","5,455.00","","-0.40%"
"04-02-2025","5,477.00","5,509.00","5,509.00","5,444.00","0.01K","0.00%"
"03-02-2025","5,477.00","5,477.00","5,477.00","5,477.00","","0.55%"
"01-02-2025","5,447.00","5,447.00","5,447.00","5,447.00","","0.44%"
"31-01-2025","5,423.00","5,423.00","5,423.00","5,423.00","","-1.18%"
"30-01-2025","5,488.00","5,488.00","5,488.00","5,488.00","","-0.31%"
"29-01-2025","5,505.00","5,505.00","5,505.00","5,505.00","","0.18%"
"28-01-2025","5,495.00","5,495.00","5,495.00","5,495.00","","-0.69%"
"27-01-2025","5,533.00","5,533.00","5,533.00","5,533.00","0.03K","-0.54%"
"24-01-2025","5,563.00","5,563.00","5,563.00","5,563.00","","-0.57%"
"23-01-2025","5,595.00","5,595.00","5,595.00","5,595.00","","-0.34%"
"22-01-2025","5,614.00","5,614.00","5,614.00","5,614.00","","-0.09%"
"21-01-2025","5,619.00","5,619.00","5,619.00","5,619.00","","0.55%"
"20-01-2025","5,588.00","5,573.00","5,604.00","5,533.00","5.28K","0.22%"
"17-01-2025","5,576.00","5,585.00","5,590.00","5,566.00","1.08K","0.02%"
"16-01-2025","5,575.00","5,560.00","5,585.00","5,555.00","2.12K","1.00%"
"15-01-2025","5,520.00","5,520.00","5,534.00","5,509.00","0.51K","0.16%"
"14-01-2025","5,511.00","5,490.00","5,517.00","5,490.00","0.09K","0.24%"
"13-01-2025","5,498.00","5,514.00","5,518.00","5,490.00","0.11K","-0.24%"
"10-01-2025","5,511.00","5,490.00","5,520.00","5,488.00","0.21K","0.55%"
"09-01-2025","5,481.00","5,480.00","5,490.00","5,471.00","0.02K","0.53%"
"08-01-2025","5,452.00","5,452.00","5,452.00","5,452.00","0.20K","-0.26%"
"07-01-2025","5,466.00","5,450.00","5,497.00","5,449.00","0.02K","0.16%"
"06-01-2025","5,457.00","5,460.00","5,460.00","5,450.00","0.02K","0.07%"
"03-01-2025","5,453.00","5,579.00","5,597.00","5,450.00","0.35K","-0.76%"
"02-01-2025","5,495.00","5,490.00","5,500.00","5,490.00","0.01K","0.09%"
"01-01-2025","5,490.00","5,490.00","5,490.00","5,490.00","0.09K","1.22%"
"31-12-2024","5,424.00","5,424.00","5,424.00","5,424.00","","-0.06%"
"30-12-2024","5,427.00","5,427.00","5,427.00","5,427.00","","0.30%"
"27-12-2024","5,411.00","5,411.00","5,411.00","5,411.00","","-0.09%"
"26-12-2024","5,416.00","5,416.00","5,416.00","5,416.00","","0.26%"
"24-12-2024","5,402.00","5,402.00","5,402.00","5,402.00","","-0.61%"
"23-12-2024","5,435.00","5,435.00","5,435.00","5,435.00","","1.82%"
"20-12-2024","5,338.00","5,250.00","5,411.00","5,250.00","5.37K","2.14%"
"19-12-2024","5,226.00","5,195.00","5,250.00","5,195.00","2.88K","0.54%"
"18-12-2024","5,198.00","5,178.00","5,225.00","5,178.00","3.50K","0.66%"
"17-12-2024","5,164.00","5,175.00","5,176.00","5,156.00","0.79K","0.31%"
"16-12-2024","5,148.00","5,170.00","5,175.00","5,135.00","1.44K","-0.60%"
"13-12-2024","5,179.00","5,240.00","5,240.00","5,162.00","0.81K","-1.03%"
"12-12-2024","5,233.00","5,222.00","5,240.00","5,222.00","0.16K","0.62%"
"11-12-2024","5,201.00","5,201.00","5,201.00","5,201.00","0.01K","-0.10%"
"10-12-2024","5,206.00","5,245.00","5,245.00","5,200.00","0.20K","-0.86%"
"09-12-2024","5,251.00","5,261.00","5,261.00","5,230.00","0.21K","-0.45%"
"06-12-2024","5,275.00","5,280.00","5,280.00","5,270.00","0.04K","-0.09%"
"05-12-2024","5,280.00","5,280.00","5,280.00","5,280.00","0.01K","-0.06%"
"04-12-2024","5,283.00","5,280.00","5,290.00","5,280.00","0.02K","0.82%"
"03-12-2024","5,240.00","5,240.00","5,240.00","5,240.00","","-0.30%"
"02-12-2024","5,256.00","5,256.00","5,256.00","5,256.00","","-0.61%"
"29-11-2024","5,288.00","5,288.00","5,288.00","5,288.00","","0.13%"
"28-11-2024","5,281.00","5,281.00","5,281.00","5,281.00","","-0.73%"
"27-11-2024","5,320.00","5,320.00","5,320.00","5,320.00","","-0.49%"
"26-11-2024","5,346.00","5,346.00","5,346.00","5,346.00","","0.53%"
"25-11-2024","5,318.00","5,318.00","5,318.00","5,318.00","","0.17%"
"22-11-2024","5,309.00","5,309.00","5,309.00","5,309.00","","-0.52%"
"21-11-2024","5,337.00","5,337.00","5,337.00","5,337.00","","0.91%"
"19-11-2024","5,289.00","5,329.00","5,339.00","5,279.00","3.15K","-0.43%"
"18-11-2024","5,312.00","5,285.00","5,400.00","5,260.00","2.62K","-0.04%"
"14-11-2024","5,314.00","5,292.00","5,320.00","5,282.00","1.02K","0.89%"
"13-11-2024","5,267.00","5,225.00","5,300.00","5,200.00","2.10K","1.86%"
"12-11-2024","5,171.00","5,297.00","5,315.00","5,100.00","0.19K","-0.86%"
"11-11-2024","5,216.00","5,200.00","5,260.00","5,191.00","0.04K","-0.76%"
"08-11-2024","5,256.00","5,293.00","5,293.00","5,233.00","0.08K","0.63%"
"07-11-2024","5,223.00","5,242.00","5,297.00","5,153.00","0.05K","-0.82%"
"06-11-2024","5,266.00","5,330.00","5,330.00","5,210.00","0.21K","-2.21%"
"05-11-2024","5,385.00","5,379.00","5,390.00","5,379.00","0.02K","-0.50%"
"04-11-2024","5,412.00","5,412.00","5,412.00","5,412.00","","-0.04%"
"01-11-2024","5,414.00","5,414.00","5,414.00","5,414.00","","-0.17%"
"31-10-2024","5,423.00","5,423.00","5,423.00","5,423.00","0.02K","0.06%"
"30-10-2024","5,420.00","5,420.00","5,420.00","5,420.00","","-0.70%"
"29-10-2024","5,458.00","5,458.00","5,458.00","5,458.00","","-0.24%"
"28-10-2024","5,471.00","5,471.00","5,471.00","5,471.00","","0.39%"
"25-10-2024","5,450.00","5,450.00","5,450.00","5,450.00","","-1.46%"
"24-10-2024","5,531.00","5,531.00","5,531.00","5,531.00","0.01K","0.09%"
"23-10-2024","5,526.00","5,526.00","5,526.00","5,526.00","","-0.70%"
"22-10-2024","5,565.00","5,565.00","5,565.00","5,565.00","0.02K","-1.45%"
"21-10-2024","5,647.00","5,647.00","5,647.00","5,647.00","","0.66%"
"18-10-2024","5,610.00","5,630.00","5,638.00","5,598.00","1.11K","0.36%"
"17-10-2024","5,590.00","5,560.00","5,612.00","5,560.00","0.64K","-0.41%"
"16-10-2024","5,613.00","5,636.00","5,665.00","5,605.00","0.65K","-0.46%"
"15-10-2024","5,639.00","5,740.00","5,740.00","5,623.00","0.73K","-1.93%"
"14-10-2024","5,750.00","5,734.00","5,781.00","5,734.00","0.74K","0.81%"
"11-10-2024","5,704.00","5,710.00","5,742.00","5,699.00","0.27K","0.90%"
"10-10-2024","5,653.00","5,620.00","5,673.00","5,620.00","0.14K","1.15%"
"09-10-2024","5,589.00","5,599.00","5,599.00","5,557.00","0.12K","-0.87%"
"08-10-2024","5,638.00","5,605.00","5,670.00","5,605.00","0.08K","0.86%"
"07-10-2024","5,590.00","5,595.00","5,598.00","5,577.00","0.11K","0.18%"
"04-10-2024","5,580.00","5,580.00","5,580.00","5,580.00","0.07K","-4.88%"
"03-10-2024","5,866.00","5,866.00","5,866.00","5,866.00","0.01K","0.00%"
"01-10-2024","5,866.00","5,866.00","5,866.00","5,866.00","0.01K","-0.05%"
"30-09-2024","5,869.00","5,863.00","5,893.00","5,863.00","0.16K","-0.58%"
"27-09-2024","5,903.00","5,900.00","5,905.00","5,900.00","0.01K","0.61%"
"26-09-2024","5,867.00","5,867.00","5,867.00","5,867.00","0.01K","-0.49%"
"25-09-2024","5,896.00","5,896.00","5,896.00","5,896.00","0.01K","1.64%"
"24-09-2024","5,801.00","5,780.00","5,822.00","5,780.00","0.01K","-0.62%"
"23-09-2024","5,837.00","5,837.00","5,837.00","5,837.00","0.01K","3.82%"
"20-09-2024","5,622.00","5,530.00","5,674.00","5,530.00","4.81K","2.31%"
"19-09-2024","5,495.00","5,465.00","5,500.00","5,465.00","2.23K","0.09%"
"18-09-2024","5,490.00","5,533.00","5,533.00","5,475.00","1.72K","-1.06%"
"17-09-2024","5,549.00","5,573.00","5,615.00","5,531.00","0.78K","-0.41%"
"16-09-2024","5,572.00","5,564.00","5,577.00","5,539.00","0.27K","0.05%"
"13-09-2024","5,569.00","5,499.00","5,575.00","5,499.00","0.28K","1.62%"
"12-09-2024","5,480.00","5,444.00","5,480.00","5,444.00","0.31K","1.09%"
"11-09-2024","5,421.00","5,410.00","5,425.00","5,410.00","0.17K","0.41%"
"10-09-2024","5,399.00","5,400.00","5,413.00","5,394.00","0.14K","0.48%"
"09-09-2024","5,373.00","5,400.00","5,410.00","5,264.00","0.10K","-1.88%"
"06-09-2024","5,476.00","5,476.00","5,476.00","5,476.00","0.01K","-0.33%"
"05-09-2024","5,494.00","5,494.00","5,494.00","5,494.00","","0.81%"
"04-09-2024","5,450.00","5,450.00","5,450.00","5,450.00","0.01K","-0.33%"
"03-09-2024","5,468.00","5,475.00","5,475.00","5,460.00","0.01K","1.07%"
"02-09-2024","5,410.00","5,410.00","5,410.00","5,410.00","","0.82%"
"30-08-2024","5,366.00","5,366.00","5,366.00","5,366.00","","-0.22%"
"29-08-2024","5,378.00","5,378.00","5,378.00","5,378.00","","-0.90%"
"28-08-2024","5,427.00","5,427.00","5,427.00","5,427.00","0.01K","0.15%"
"27-08-2024","5,419.00","5,375.00","5,425.00","5,375.00","0.04K","2.59%"
"26-08-2024","5,282.00","5,311.00","5,311.00","5,253.00","0.01K","1.79%"
"23-08-2024","5,189.00","5,130.00","5,542.00","5,130.00","0.04K","-2.85%"
"22-08-2024","5,341.00","5,341.00","5,341.00","5,341.00","","-0.04%"
"21-08-2024","5,343.00","5,343.00","5,343.00","5,343.00","","0.36%"
"20-08-2024","5,324.00","5,363.00","5,368.00","5,300.00","1.42K","-1.06%"
"19-08-2024","5,381.00","5,400.00","5,400.00","5,379.00","0.29K","0.17%"
"16-08-2024","5,372.00","5,355.00","5,379.00","5,355.00","0.56K","-0.11%"
"14-08-2024","5,378.00","5,368.00","5,381.00","5,301.00","0.20K","-0.04%"
"13-08-2024","5,380.00","5,428.00","5,428.00","5,291.00","0.02K","-4.10%"
"12-08-2024","5,610.00","5,610.00","5,610.00","5,610.00","0.05K","3.47%"
"09-08-2024","5,422.00","5,422.00","5,422.00","5,422.00","","0.58%"
"08-08-2024","5,391.00","5,391.00","5,391.00","5,391.00","0.01K","1.93%"
"07-08-2024","5,289.00","5,410.00","5,410.00","5,167.00","0.01K","-1.65%"
"06-08-2024","5,378.00","5,378.00","5,378.00","5,378.00","","-0.41%"
"05-08-2024","5,400.00","5,400.00","5,400.00","5,400.00","0.01K","-2.69%"
"02-08-2024","5,549.00","5,549.00","5,549.00","5,549.00","0.01K","-4.00%"
"01-08-2024","5,780.00","5,790.00","5,790.00","5,770.00","0.02K","-1.98%"
"31-07-2024","5,897.00","5,897.00","5,898.00","5,888.00","0.25K","3.97%"
"30-07-2024","5,672.00","5,672.00","5,672.00","5,672.00","","-0.14%"
"29-07-2024","5,680.00","5,680.00","5,680.00","5,680.00","","0.64%"
"26-07-2024","5,644.00","5,644.00","5,644.00","5,644.00","","0.89%"
"25-07-2024","5,594.00","5,594.00","5,594.00","5,594.00","","0.14%"
"24-07-2024","5,586.00","5,586.00","5,586.00","5,586.00","","-0.76%"
"23-07-2024","5,629.00","5,629.00","5,629.00","5,629.00","","-0.35%"
"22-07-2024","5,649.00","5,649.00","5,649.00","5,649.00","","2.56%"
"19-07-2024","5,508.00","5,566.00","5,569.00","5,500.00","1.10K","-1.92%"
"18-07-2024","5,616.00","5,615.00","5,647.00","5,611.00","1.12K","0.66%"
"16-07-2024","5,579.00","5,583.00","5,583.00","5,574.00","0.40K","0.27%"
"15-07-2024","5,564.00","5,570.00","5,576.00","5,554.00","0.64K","-0.54%"
"12-07-2024","5,594.00","5,594.00","5,594.00","5,593.00","0.13K","-0.46%"
"11-07-2024","5,620.00","5,620.00","5,620.00","5,620.00","0.23K","0.30%"
"10-07-2024","5,603.00","5,600.00","5,608.00","5,600.00","0.14K","1.10%"
"09-07-2024","5,542.00","5,542.00","5,542.00","5,542.00","0.01K","1.06%"
"08-07-2024","5,484.00","5,484.00","5,484.00","5,484.00","0.01K","-1.06%"
"05-07-2024","5,543.00","5,543.00","5,543.00","5,543.00","","1.04%"
"04-07-2024","5,486.00","5,500.00","5,486.00","5,470.00","","-0.31%"
"03-07-2024","5,503.00","5,503.00","5,503.00","5,503.00","0.08K","1.64%"
"02-07-2024","5,414.00","5,414.00","5,414.00","5,414.00","","0.00%"
"01-07-2024","5,414.00","5,414.00","5,414.00","5,414.00","","-1.24%"
"28-06-2024","5,482.00","5,500.00","5,482.00","5,470.00","","0.48%"
"27-06-2024","5,456.00","5,500.00","5,470.00","5,456.00","","0.18%"
"26-06-2024","5,446.00","5,446.00","5,446.00","5,446.00","","-0.29%"
"25-06-2024","5,462.00","5,462.00","5,462.00","5,462.00","","-1.67%"
"24-06-2024","5,555.00","5,500.00","5,555.00","5,470.00","","0.76%"
"21-06-2024","5,513.00","5,513.00","5,513.00","5,513.00","0.03K","0.44%"
"20-06-2024","5,489.00","5,500.00","5,533.00","5,470.00","1.17K","0.13%"
"19-06-2024","5,482.00","5,524.00","5,524.00","5,477.00","4.44K","-1.06%"
"18-06-2024","5,541.00","5,583.00","5,595.00","5,527.00","0.94K","-0.20%"
"14-06-2024","5,552.00","5,532.00","5,556.00","5,501.00","1.28K","0.51%"
"13-06-2024","5,524.00","5,495.00","5,607.00","5,485.00","1.18K","0.95%"
"12-06-2024","5,472.00","5,500.00","5,500.00","5,465.00","0.41K","-0.51%"
"11-06-2024","5,500.00","5,500.00","5,500.00","5,500.00","0.84K","0.64%"
"10-06-2024","5,465.00","5,464.00","5,465.00","5,464.00","0.12K","-0.91%"
"07-06-2024","5,515.00","5,515.00","5,515.00","5,515.00","0.01K","0.18%"
"06-06-2024","5,505.00","5,450.00","5,515.00","5,450.00","0.05K","1.47%"
"05-06-2024","5,425.00","5,425.00","5,425.00","5,425.00","0.02K","-0.17%"
"04-06-2024","5,434.00","5,434.00","5,434.00","5,434.00","","-2.42%"
"03-06-2024","5,569.00","5,569.00","5,569.00","5,569.00","0.01K","-0.34%"
"31-05-2024","5,588.00","5,655.00","5,655.00","5,588.00","","-0.30%"
"30-05-2024","5,605.00","5,605.00","5,605.00","5,605.00","","-0.23%"
"29-05-2024","5,618.00","5,655.00","5,655.00","5,618.00","","0.36%"
"28-05-2024","5,598.00","5,598.00","5,598.00","5,598.00","","-1.01%"
"27-05-2024","5,655.00","5,655.00","5,655.00","5,655.00","0.01K","1.69%"
"24-05-2024","5,561.00","5,561.00","5,561.00","5,561.00","","-0.14%"
"23-05-2024","5,569.00","5,569.00","5,569.00","5,569.00","","-0.59%"
"22-05-2024","5,602.00","5,602.00","5,602.00","5,602.00","","0.07%"
"21-05-2024","5,598.00","5,598.00","5,598.00","5,598.00","","0.74%"
"17-05-2024","5,557.00","5,542.00","5,630.00","5,542.00","3.58K","0.27%"
"16-05-2024","5,542.00","5,520.00","5,550.00","5,518.00","1.78K","0.67%"
"15-05-2024","5,505.00","5,506.00","5,513.00","5,496.00","0.41K","-0.70%"
"14-05-2024","5,544.00","5,577.00","5,577.00","5,527.00","0.14K","1.02%"
"13-05-2024","5,488.00","5,488.00","5,488.00","5,488.00","","0.98%"
"10-05-2024","5,435.00","5,435.00","5,435.00","5,435.00","","0.04%"
"09-05-2024","5,433.00","5,433.00","5,433.00","5,433.00","","-0.91%"
"08-05-2024","5,483.00","5,483.00","5,483.00","5,483.00","","-0.25%"
"07-05-2024","5,497.00","5,497.00","5,497.00","5,497.00","","0.31%"
"06-05-2024","5,480.00","5,480.00","5,480.00","5,480.00","","-0.09%"
"03-05-2024","5,485.00","5,485.00","5,485.00","5,485.00","","-0.44%"
"02-05-2024","5,509.00","5,509.00","5,509.00","5,509.00","","-1.52%"
"30-04-2024","5,594.00","5,594.00","5,594.00","5,594.00","","-0.64%"
"29-04-2024","5,630.00","5,630.00","5,630.00","5,630.00","","-0.60%"
"26-04-2024","5,664.00","5,664.00","5,664.00","5,664.00","","0.00%"
"25-04-2024","5,664.00","5,664.00","5,664.00","5,664.00","","-0.26%"
"24-04-2024","5,679.00","5,679.00","5,679.00","5,679.00","","1.61%"
"23-04-2024","5,589.00","5,589.00","5,589.00","5,589.00","","0.40%"
"22-04-2024","5,567.00","5,567.00","5,567.00","5,567.00","","-0.73%"
"19-04-2024","5,608.00","5,640.00","5,673.00","5,590.00","1.55K","-0.57%"
"18-04-2024","5,640.00","5,615.00","5,655.00","5,609.00","2.68K","0.71%"
"16-04-2024","5,600.00","5,542.00","5,611.00","5,505.00","1.93K","0.59%"
"15-04-2024","5,567.00","5,535.00","5,645.00","5,524.00","2.27K","1.18%"
"12-04-2024","5,502.00","5,439.00","5,566.00","5,400.00","0.37K","1.25%"
"10-04-2024","5,434.00","5,481.00","5,481.00","5,405.00","0.63K","-1.31%"
"09-04-2024","5,506.00","5,530.00","5,530.00","5,478.00","0.34K","-0.85%"
"08-04-2024","5,553.00","5,579.00","5,580.00","5,530.00","0.46K","0.49%"
"05-04-2024","5,526.00","5,500.00","5,531.00","5,500.00","0.26K","1.64%"
"04-04-2024","5,437.00","5,437.00","5,437.00","5,437.00","0.02K","0.13%"
"03-04-2024","5,430.00","5,430.00","5,430.00","5,430.00","0.01K","1.63%"
"02-04-2024","5,343.00","5,343.00","5,343.00","5,343.00","","0.02%"
"01-04-2024","5,342.00","5,342.00","5,342.00","5,342.00","","1.17%"
"28-03-2024","5,280.00","5,280.00","5,280.00","5,280.00","","1.40%"
"27-03-2024","5,207.00","5,207.00","5,207.00","5,207.00","","-0.29%"
"26-03-2024","5,222.00","5,222.00","5,222.00","5,222.00","","-1.43%"
"22-03-2024","5,298.00","5,298.00","5,298.00","5,298.00","","-0.32%"
"21-03-2024","5,315.00","5,315.00","5,315.00","5,315.00","","0.87%"
"20-03-2024","5,269.00","5,237.00","5,287.00","5,230.00","6.12K","0.44%"
"19-03-2024","5,246.00","5,244.00","5,252.00","5,210.00","4.25K","0.13%"
"18-03-2024","5,239.00","5,300.00","5,300.00","5,217.00","0.86K","-1.47%"
"15-03-2024","5,317.00","5,300.00","5,340.00","5,300.00","1.06K","0.36%"
"14-03-2024","5,298.00","5,325.00","5,334.00","5,281.00","1.46K","-0.53%"
"13-03-2024","5,326.00","5,325.00","5,341.00","5,319.00","1.28K","-0.17%"
"12-03-2024","5,335.00","5,372.00","5,377.00","5,320.00","0.94K","-0.60%"
"11-03-2024","5,367.00","5,336.00","5,383.00","5,336.00","0.88K","1.02%"
"07-03-2024","5,313.00","5,288.00","5,341.00","5,288.00","0.05K","0.21%"
"06-03-2024","5,302.00","5,302.00","5,302.00","5,302.00","0.02K","0.38%"
"05-03-2024","5,282.00","5,385.00","5,385.00","5,271.00","0.15K","-2.24%"
"04-03-2024","5,403.00","5,409.00","5,410.00","5,389.00","0.06K","0.33%"
"01-03-2024","5,385.00","5,450.00","5,450.00","5,385.00","0.34K","-0.02%"
"29-02-2024","5,386.00","5,386.00","5,386.00","5,386.00","0.03K","-1.17%"
"28-02-2024","5,450.00","5,450.00","5,450.00","5,450.00","0.18K","-0.06%"
"27-02-2024","5,453.00","5,453.00","5,453.00","5,453.00","","0.41%"
"26-02-2024","5,431.00","5,431.00","5,431.00","5,431.00","","-0.75%"
"23-02-2024","5,472.00","5,472.00","5,472.00","5,472.00","0.04K","-1.01%"
"22-02-2024","5,528.00","5,528.00","5,528.00","5,528.00","","-0.54%"
"21-02-2024","5,558.00","5,558.00","5,558.00","5,558.00","","1.31%"
"20-02-2024","5,486.00","5,407.00","5,532.00","5,390.00","5.48K","1.26%"
"19-02-2024","5,418.00","5,417.00","5,446.00","5,400.00","2.18K","-0.11%"
"16-02-2024","5,424.00","5,410.00","5,430.00","5,363.00","1.66K","0.59%"
"15-02-2024","5,392.00","5,364.00","5,434.00","5,364.00","0.33K","0.71%"
"14-02-2024","5,354.00","5,321.00","5,390.00","5,305.00","0.76K","0.54%"
"13-02-2024","5,325.00","5,271.00","5,330.00","5,271.00","0.37K","1.16%"
"12-02-2024","5,264.00","5,300.00","5,300.00","5,246.00","0.16K","-1.59%"
"09-02-2024","5,349.00","5,380.00","5,380.00","5,325.00","0.11K","-1.00%"
"08-02-2024","5,403.00","5,403.00","5,403.00","5,403.00","","-1.10%"
"07-02-2024","5,463.00","5,465.00","5,465.00","5,455.00","0.17K","0.29%"
"06-02-2024","5,447.00","5,447.00","5,447.00","5,447.00","0.01K","0.87%"
"05-02-2024","5,400.00","5,400.00","5,400.00","5,400.00","","-1.39%"
"02-02-2024","5,476.00","5,476.00","5,476.00","5,476.00","","1.01%"
"01-02-2024","5,421.00","5,421.00","5,421.00","5,421.00","","-0.64%"
"31-01-2024","5,456.00","5,456.00","5,456.00","5,456.00","0.03K","0.91%"
"30-01-2024","5,407.00","5,407.00","5,407.00","5,407.00","","-1.69%"
"29-01-2024","5,500.00","5,500.00","5,500.00","5,500.00","0.01K","-1.26%"
"25-01-2024","5,570.00","5,570.00","5,570.00","5,570.00","0.01K","0.18%"
"24-01-2024","5,560.00","5,565.00","5,565.00","5,555.00","0.01K","-0.57%"
"23-01-2024","5,592.00","5,639.00","5,639.00","5,545.00","0.01K","0.45%"
"19-01-2024","5,567.00","5,592.00","5,627.00","5,548.00","4.15K","-0.11%"
"18-01-2024","5,573.00","5,530.00","5,590.00","5,517.00","3.40K","0.81%"
"17-01-2024","5,528.00","5,556.00","5,600.00","5,515.00","3.85K","-0.68%"
"16-01-2024","5,566.00","5,590.00","5,602.00","5,562.00","2.14K","-0.23%"
"15-01-2024","5,579.00","5,605.00","5,639.00","5,568.00","2.51K","-0.25%"
"12-01-2024","5,593.00","5,535.00","5,602.00","5,509.00","1.90K","1.45%"
"11-01-2024","5,513.00","5,500.00","5,526.00","5,470.00","1.08K","0.38%"
"10-01-2024","5,492.00","5,533.00","5,553.00","5,472.00","0.76K","-0.20%"
"09-01-2024","5,503.00","5,465.00","5,527.00","5,465.00","0.67K","1.31%"
"08-01-2024","5,432.00","5,400.00","5,450.00","5,400.00","0.29K","0.04%"
"05-01-2024","5,430.00","5,465.00","5,499.00","5,425.00","0.32K","-0.73%"
"04-01-2024","5,470.00","5,459.00","5,498.00","5,422.00","0.07K","1.02%"
"03-01-2024","5,415.00","5,415.00","5,415.00","5,415.00","","-1.02%"
"02-01-2024","5,471.00","5,471.00","5,471.00","5,471.00","","-1.37%"
"01-01-2024","5,547.00","5,547.00","5,547.00","5,547.00","","-1.28%"
"29-12-2023","5,619.00","5,619.00","5,619.00","5,619.00","","-1.59%"
"28-12-2023","5,710.00","5,710.00","5,710.00","5,710.00","0.01K","1.58%"
"27-12-2023","5,621.00","5,621.00","5,621.00","5,621.00","0.02K","-2.02%"
"26-12-2023","5,737.00","5,711.00","5,762.00","5,711.00","0.01K","1.31%"
"22-12-2023","5,663.00","5,663.00","5,663.00","5,663.00","","2.24%"
"21-12-2023","5,539.00","5,539.00","5,539.00","5,539.00","","2.92%"
"20-12-2023","5,382.00","5,393.00","5,476.00","5,302.00","4.02K","-0.55%"
"19-12-2023","5,412.00","5,414.00","5,450.00","5,374.00","2.63K","-0.28%"
"18-12-2023","5,427.00","5,542.00","5,550.00","5,413.00","1.90K","-2.41%"
"15-12-2023","5,561.00","5,587.00","5,617.00","5,544.00","0.90K","-0.59%"
"14-12-2023","5,594.00","5,591.00","5,629.00","5,571.00","1.24K","0.38%"
"13-12-2023","5,573.00","5,573.00","5,594.00","5,452.00","7.27K","0.11%"
"12-12-2023","5,567.00","5,635.00","5,642.00","5,550.00","7.02K","-1.29%"
"11-12-2023","5,640.00","5,690.00","5,710.00","5,631.00","2.17K","-0.35%"
"08-12-2023","5,660.00","5,631.00","5,670.00","5,601.00","0.36K","0.77%"
"07-12-2023","5,617.00","5,665.00","5,665.00","5,610.00","2.02K","-0.85%"
"06-12-2023","5,665.00","5,635.00","5,687.00","5,612.00","0.24K","1.09%"
"05-12-2023","5,604.00","5,558.00","5,635.00","5,542.00","1.82K","0.14%"
"04-12-2023","5,596.00","5,660.00","5,686.00","5,541.00","0.65K","-3.03%"
"01-12-2023","5,771.00","5,793.00","5,793.00","5,765.00","0.24K","0.12%"
"30-11-2023","5,764.00","5,780.00","5,780.00","5,754.00","0.14K","-0.74%"
"29-11-2023","5,807.00","5,867.00","5,867.00","5,715.00","0.80K","-0.14%"
"28-11-2023","5,815.00","5,797.00","5,893.00","5,782.00","0.32K","0.55%"
"24-11-2023","5,783.00","5,783.00","5,783.00","5,783.00","","0.56%"
"23-11-2023","5,751.00","5,751.00","5,751.00","5,751.00","","-0.26%"
"22-11-2023","5,766.00","5,770.00","5,770.00","5,753.00","0.02K","-0.12%"
"21-11-2023","5,773.00","5,773.00","5,773.00","5,773.00","","-1.03%"
"20-11-2023","5,833.00","5,861.00","5,884.00","5,824.00","2.08K","-0.32%"
"17-11-2023","5,852.00","5,890.00","5,924.00","5,837.00","4.26K","-1.17%"
"16-11-2023","5,921.00","5,920.00","5,954.00","5,887.00","3.37K","1.01%"
"15-11-2023","5,862.00","5,790.00","5,925.00","5,783.00","1.13K","1.65%"
"13-11-2023","5,767.00","5,798.00","5,823.00","5,755.00","0.38K","-0.26%"
"12-11-2023","5,782.00","5,780.00","5,785.00","5,767.00","0.08K","0.21%"
"10-11-2023","5,770.00","5,719.00","5,777.00","5,701.00","0.28K","1.12%"
"09-11-2023","5,706.00","5,692.00","5,740.00","5,664.00","1.87K","0.48%"
"08-11-2023","5,679.00","5,765.00","5,765.00","5,650.00","0.75K","-1.70%"
"07-11-2023","5,777.00","5,854.00","5,861.00","5,770.00","1.10K","-0.64%"
"06-11-2023","5,814.00","5,801.00","5,825.00","5,745.00","1.63K","-0.15%"
"03-11-2023","5,823.00","5,858.00","5,860.00","5,800.00","1.24K","-0.12%"
"02-11-2023","5,830.00","5,928.00","5,928.00","5,830.00","2.48K","-0.75%"
"01-11-2023","5,874.00","5,873.00","5,874.00","5,873.00","0.17K","0.43%"
"31-10-2023","5,849.00","5,851.00","5,882.00","5,761.00","0.39K","0.17%"
"30-10-2023","5,839.00","5,751.00","5,901.00","5,751.00","0.02K","-2.21%"
"27-10-2023","5,971.00","5,971.00","5,971.00","5,971.00","","1.12%"
"26-10-2023","5,905.00","5,926.00","5,999.00","5,868.00","0.14K","-3.39%"
"25-10-2023","6,112.00","6,112.00","6,112.00","6,112.00","","0.63%"
"23-10-2023","6,074.00","6,074.00","6,074.00","6,074.00","","-0.20%"
"20-10-2023","6,086.00","5,967.00","6,106.00","5,960.00","4.67K","2.32%"
"19-10-2023","5,948.00","5,862.00","6,005.00","5,852.00","2.91K","0.83%"
"18-10-2023","5,899.00","5,910.00","5,921.00","5,872.00","2.94K","0.10%"
"17-10-2023","5,893.00","5,750.00","5,905.00","5,750.00","4.46K","2.93%"
"16-10-2023","5,725.00","5,655.00","5,745.00","5,655.00","1.04K","0.79%"
"13-10-2023","5,680.00","5,724.00","5,735.00","5,666.00","0.63K","-0.87%"
"12-10-2023","5,730.00","5,777.00","5,784.00","5,722.00","1.18K","-0.52%"
"11-10-2023","5,760.00","5,760.00","5,786.00","5,700.00","0.91K","-0.54%"
"10-10-2023","5,791.00","5,775.00","5,807.00","5,766.00","0.34K","1.49%"
"09-10-2023","5,706.00","5,688.00","5,725.00","5,681.00","1.14K","-1.74%"
"06-10-2023","5,807.00","5,897.00","5,897.00","5,767.00","1.26K","1.98%"
"05-10-2023","5,694.00","5,694.00","5,694.00","5,694.00","0.01K","0.00%"
"04-10-2023","5,694.00","5,649.00","5,765.00","5,649.00","0.22K","0.65%"
"03-10-2023","5,657.00","5,560.00","5,782.00","5,515.00","0.41K","-2.23%"
"29-09-2023","5,786.00","5,800.00","5,837.00","5,662.00","0.11K","-1.31%"
"28-09-2023","5,863.00","5,863.00","5,863.00","5,863.00","","0.00%"
"27-09-2023","5,863.00","5,863.00","5,863.00","5,863.00","","-1.87%"
"26-09-2023","5,975.00","5,975.00","5,975.00","5,975.00","","-0.81%"
"25-09-2023","6,024.00","6,024.00","6,024.00","6,024.00","","-1.25%"
"22-09-2023","6,100.00","6,111.00","6,111.00","6,017.00","0.04K","3.28%"
"21-09-2023","5,906.00","5,906.00","5,906.00","5,905.00","0.03K","-2.14%"
"20-09-2023","6,035.00","6,012.00","6,049.00","5,983.00","4.88K","1.04%"
"18-09-2023","5,973.00","6,150.00","6,380.00","5,902.00","8.02K","-4.39%"
"15-09-2023","6,247.00","6,261.00","6,286.00","6,231.00","5.33K","-0.19%"
"14-09-2023","6,259.00","6,223.00","6,291.00","6,182.00","2.54K","-0.33%"
"13-09-2023","6,280.00","6,296.00","6,391.00","6,262.00","2.46K","-0.63%"
"12-09-2023","6,320.00","6,380.00","6,420.00","6,310.00","1.93K","-0.74%"
"11-09-2023","6,367.00","6,534.00","6,550.00","6,355.00","1.38K","-2.93%"
"08-09-2023","6,559.00","6,559.00","6,579.00","6,540.00","0.83K","0.26%"
"07-09-2023","6,542.00","6,555.00","6,578.00","6,538.00","0.46K","-0.64%"
"06-09-2023","6,584.00","6,614.00","6,634.00","6,575.00","0.33K","1.23%"
"05-09-2023","6,504.00","6,494.00","6,555.00","6,460.00","0.45K","1.43%"
"04-09-2023","6,412.00","6,386.00","6,465.00","6,350.00","0.32K","-1.34%"
"01-09-2023","6,499.00","6,482.00","6,575.00","6,434.00","0.29K","1.20%"
"31-08-2023","6,422.00","6,422.00","6,422.00","6,422.00","0.14K","-0.83%"
"30-08-2023","6,476.00","6,476.00","6,476.00","6,476.00","0.10K","0.79%"
"29-08-2023","6,425.00","6,425.00","6,425.00","6,425.00","0.05K","-4.74%"
"28-08-2023","6,745.00","6,745.00","6,745.00","6,745.00","0.01K","2.59%"
"25-08-2023","6,575.00","6,600.00","6,600.00","6,570.00","0.08K","0.63%"
"24-08-2023","6,534.00","6,534.00","6,534.00","6,534.00","0.08K","-0.12%"
"23-08-2023","6,542.00","6,542.00","6,542.00","6,542.00","0.01K","-3.58%"
"22-08-2023","6,785.00","6,928.00","6,929.00","6,540.00","0.10K","1.83%"
"21-08-2023","6,663.00","6,663.00","6,663.00","6,663.00","","3.88%"
"18-08-2023","6,414.00","6,193.00","6,450.00","6,185.00","5.69K","2.64%"
"17-08-2023","6,249.00","6,238.00","6,335.00","6,122.00","8.07K","0.58%"
"16-08-2023","6,213.00","6,485.00","6,513.00","6,112.00","2.94K","-3.37%"
"14-08-2023","6,430.00","6,490.00","6,490.00","6,374.00","2.42K","-1.67%"
"11-08-2023","6,539.00","6,200.00","6,592.00","6,133.00","3.36K","5.11%"
"10-08-2023","6,221.00","6,290.00","6,296.00","6,189.00","0.31K","-0.32%"
"09-08-2023","6,241.00","6,197.00","6,270.00","6,180.00","0.93K","0.76%"
"08-08-2023","6,194.00","6,240.00","6,240.00","6,136.00","0.79K","-0.37%"
"07-08-2023","6,217.00","6,000.00","6,235.00","6,000.00","3.44K","5.68%"
"04-08-2023","5,883.00","5,870.00","5,909.00","5,828.00","4.06K","0.53%"
"03-08-2023","5,852.00","5,846.00","5,862.00","5,844.00","0.37K","-3.14%"
"02-08-2023","6,042.00","6,050.00","6,148.00","5,960.00","0.67K","-1.79%"
"01-08-2023","6,152.00","6,152.00","6,152.00","6,152.00","0.61K","-1.52%"
"31-07-2023","6,247.00","6,300.00","6,300.00","6,141.00","0.52K","-2.33%"
"28-07-2023","6,396.00","6,396.00","6,396.00","6,396.00","0.24K","2.32%"
"27-07-2023","6,251.00","6,251.00","6,251.00","6,251.00","0.15K","0.73%"
"26-07-2023","6,206.00","6,206.00","6,206.00","6,206.00","0.12K","-3.71%"
"25-07-2023","6,445.00","6,445.00","6,445.00","6,445.00","0.20K","3.95%"
"24-07-2023","6,200.00","6,200.00","6,200.00","6,200.00","0.01K","0.27%"
"21-07-2023","6,183.00","6,206.00","6,206.00","6,160.00","0.04K","4.97%"
"20-07-2023","5,890.00","5,757.00","5,922.00","5,746.00","2.55K","2.70%"
"19-07-2023","5,735.00","5,749.00","5,808.00","5,701.00","2.48K","-0.90%"
"18-07-2023","5,787.00","5,839.00","5,871.00","5,770.00","2.29K","-1.03%"
"17-07-2023","5,847.00","5,750.00","5,942.00","5,750.00","3.17K","2.20%"
"14-07-2023","5,721.00","5,727.00","5,777.00","5,700.00","0.69K","-1.35%"
"13-07-2023","5,799.00","5,802.00","5,841.00","5,760.00","0.08K","-0.67%"
"12-07-2023","5,838.00","5,747.00","5,838.00","5,747.00","0.21K","0.90%"
"11-07-2023","5,786.00","5,786.00","5,786.00","5,786.00","","2.84%"
"10-07-2023","5,626.00","5,626.00","5,626.00","5,626.00","","1.64%"
"07-07-2023","5,535.00","5,535.00","5,535.00","5,535.00","","0.53%"
"06-07-2023","5,506.00","5,506.00","5,506.00","5,506.00","","-1.54%"
"05-07-2023","5,592.00","5,592.00","5,592.00","5,592.00","","0.65%"
"04-07-2023","5,556.00","5,556.00","5,556.00","5,556.00","","-1.28%"
"03-07-2023","5,628.00","5,628.00","5,628.00","5,628.00","","-0.34%"
"30-06-2023","5,647.00","5,647.00","5,647.00","5,647.00","","2.49%"
"28-06-2023","5,510.00","5,510.00","5,510.00","5,510.00","","1.27%"
"27-06-2023","5,441.00","5,441.00","5,441.00","5,441.00","","0.83%"
"26-06-2023","5,396.00","5,396.00","5,396.00","5,396.00","","-2.70%"
"23-06-2023","5,546.00","5,546.00","5,546.00","5,546.00","0.01K","1.20%"
"22-06-2023","5,480.00","5,480.00","5,480.00","5,480.00","0.01K","-1.83%"
"21-06-2023","5,582.00","5,582.00","5,582.00","5,582.00","0.01K","5.08%"
"20-06-2023","5,312.00","5,380.00","5,403.00","5,300.00","4.07K","-1.34%"
"19-06-2023","5,384.00","5,289.00","5,408.00","5,263.00","2.92K","1.16%"
"16-06-2023","5,322.00","5,200.00","5,356.00","5,192.00","1.81K","2.37%"
"15-06-2023","5,199.00","5,219.00","5,295.00","5,152.00","0.85K","-1.42%"
"14-06-2023","5,274.00","5,280.00","5,318.00","5,201.00","1.24K","-0.40%"
"13-06-2023","5,295.00","5,210.00","5,297.00","5,207.00","0.58K","2.10%"
"12-06-2023","5,186.00","5,301.00","5,301.00","5,160.00","0.17K","-4.18%"
"09-06-2023","5,412.00","5,400.00","5,645.00","5,350.00","0.30K","-1.67%"
"08-06-2023","5,504.00","5,504.00","5,504.00","5,504.00","0.17K","-0.65%"
"07-06-2023","5,540.00","5,540.00","5,540.00","5,540.00","0.20K","0.25%"
"06-06-2023","5,526.00","5,526.00","5,526.00","5,526.00","","-0.16%"
"05-06-2023","5,535.00","5,535.00","5,535.00","5,535.00","","-0.23%"
"02-06-2023","5,548.00","5,548.00","5,548.00","5,548.00","","0.02%"
"01-06-2023","5,547.00","5,547.00","5,547.00","5,547.00","","-1.42%"
"31-05-2023","5,627.00","5,627.00","5,627.00","5,627.00","","-0.76%"
"30-05-2023","5,670.00","5,670.00","5,670.00","5,670.00","","1.11%"
"29-05-2023","5,608.00","5,608.00","5,608.00","5,608.00","","1.12%"
"26-05-2023","5,546.00","5,546.00","5,546.00","5,546.00","","0.11%"
"25-05-2023","5,540.00","5,540.00","5,540.00","5,540.00","","-1.11%"
"24-05-2023","5,602.00","5,602.00","5,602.00","5,602.00","","0.16%"
"23-05-2023","5,593.00","5,593.00","5,593.00","5,593.00","","-0.25%"
"22-05-2023","5,607.00","5,607.00","5,607.00","5,607.00","","0.09%"
"19-05-2023","5,602.00","5,594.00","5,642.00","5,563.00","2.24K","-0.43%"
"18-05-2023","5,626.00","5,705.00","5,716.00","5,610.00","2.13K","-2.44%"
"17-05-2023","5,767.00","5,748.00","5,780.00","5,731.00","0.09K","0.16%"
"16-05-2023","5,758.00","5,761.00","5,775.00","5,735.00","0.21K","-0.84%"
"15-05-2023","5,807.00","5,805.00","5,815.00","5,799.00","0.19K","-0.39%"
"12-05-2023","5,830.00","5,826.00","5,831.00","5,826.00","0.08K","0.99%"
"11-05-2023","5,773.00","5,810.00","5,810.00","5,736.00","0.03K","-1.45%"
"10-05-2023","5,858.00","5,855.00","5,860.00","5,855.00","0.08K","-0.49%"
"09-05-2023","5,887.00","5,922.00","5,922.00","5,851.00","0.03K","-0.19%"
"08-05-2023","5,898.00","5,850.00","5,952.00","5,850.00","0.04K","1.44%"
"05-05-2023","5,814.00","5,814.00","5,814.00","5,814.00","","0.24%"
"04-05-2023","5,800.00","5,800.00","5,800.00","5,800.00","","1.67%"
"03-05-2023","5,705.00","5,705.00","5,705.00","5,705.00","","-0.70%"
"02-05-2023","5,745.00","5,745.00","5,745.00","5,745.00","0.01K","2.42%"
"28-04-2023","5,609.00","5,609.00","5,609.00","5,609.00","0.02K","0.95%"
"27-04-2023","5,556.00","5,556.00","5,556.00","5,556.00","","-1.58%"
"26-04-2023","5,645.00","5,625.00","5,850.00","5,621.00","0.07K","-1.33%"
"25-04-2023","5,721.00","5,721.00","5,721.00","5,721.00","0.02K","1.98%"
"24-04-2023","5,610.00","5,610.00","5,610.00","5,610.00","0.05K","-1.96%"
"21-04-2023","5,722.00","5,722.00","5,722.00","5,722.00","","1.20%"
"20-04-2023","5,654.00","5,640.00","5,679.00","5,595.00","2.46K","0.52%"
"19-04-2023","5,625.00","5,686.00","5,694.00","5,592.00","3.10K","-1.44%"
"18-04-2023","5,707.00","5,686.00","5,728.00","5,686.00","1.76K","0.42%"
"17-04-2023","5,683.00","5,707.00","5,718.00","5,634.00","0.89K","-0.16%"
"13-04-2023","5,692.00","5,720.00","5,734.00","5,679.00","0.31K","-0.85%"
"12-04-2023","5,741.00","5,734.00","5,827.00","5,722.00","0.74K","-1.05%"
"11-04-2023","5,802.00","5,798.00","5,877.00","5,782.00","0.23K","0.42%"
"10-04-2023","5,778.00","5,805.00","5,892.00","5,705.00","0.08K","-0.82%"
"06-04-2023","5,826.00","5,850.00","5,850.00","5,802.00","0.01K","0.45%"
"05-04-2023","5,800.00","5,800.00","5,800.00","5,800.00","0.01K","-0.33%"
"03-04-2023","5,819.00","5,850.00","5,850.00","5,800.00","0.06K","-0.17%"
"31-03-2023","5,829.00","5,829.00","5,829.00","5,829.00","","0.74%"
"29-03-2023","5,786.00","5,786.00","5,786.00","5,786.00","","-0.72%"
"28-03-2023","5,828.00","5,828.00","5,828.00","5,828.00","","1.30%"
"27-03-2023","5,753.00","5,753.00","5,753.00","5,753.00","","-0.10%"
"24-03-2023","5,759.00","5,759.00","5,759.00","5,759.00","","-1.12%"
"23-03-2023","5,824.00","5,824.00","5,824.00","5,824.00","","0.95%"
"22-03-2023","5,769.00","5,769.00","5,769.00","5,769.00","","-0.35%"
"21-03-2023","5,789.00","5,789.00","5,789.00","5,789.00","","4.40%"
"20-03-2023","5,545.00","5,618.00","5,720.00","5,482.00","1.49K","-1.07%"
"17-03-2023","5,605.00","5,579.00","5,621.00","5,548.00","0.30K","1.12%"
"16-03-2023","5,543.00","5,670.00","5,670.00","5,510.00","1.11K","-2.81%"
"15-03-2023","5,703.00","5,745.00","5,770.00","5,690.00","0.15K","-0.54%"
"14-03-2023","5,734.00","5,784.00","5,800.00","5,714.00","0.29K","-1.10%"
"13-03-2023","5,798.00","5,778.00","5,836.00","5,760.00","0.10K","-0.12%"
"10-03-2023","5,805.00","5,831.00","5,831.00","5,800.00","0.13K","-0.94%"
"09-03-2023","5,860.00","5,860.00","5,860.00","5,860.00","0.01K","3.61%"
"08-03-2023","5,656.00","5,656.00","5,656.00","5,656.00","","-0.58%"
"06-03-2023","5,689.00","5,689.00","5,689.00","5,689.00","","0.48%"
"03-03-2023","5,662.00","5,660.00","5,680.00","5,646.00","0.02K","-0.60%"
"02-03-2023","5,696.00","5,750.00","5,750.00","5,587.00","0.02K","-2.11%"
"01-03-2023","5,819.00","5,819.00","5,819.00","5,819.00","","-1.47%"
"28-02-2023","5,906.00","5,906.00","5,906.00","5,906.00","","0.94%"
"27-02-2023","5,851.00","5,851.00","5,851.00","5,851.00","","-0.22%"
"24-02-2023","5,864.00","5,864.00","5,864.00","5,864.00","","1.56%"
"23-02-2023","5,774.00","5,774.00","5,774.00","5,774.00","","-3.61%"
"22-02-2023","5,990.00","5,990.00","5,990.00","5,990.00","","-0.81%"
"21-02-2023","6,039.00","6,039.00","6,039.00","6,039.00","","0.73%"
"20-02-2023","5,995.00","5,916.00","6,016.00","5,888.00","2.83K","0.59%"
"17-02-2023","5,960.00","6,002.00","6,002.00","5,921.00","2.12K","-0.72%"
"16-02-2023","6,003.00","6,023.00","6,043.00","5,990.00","1.60K","-0.69%"
"15-02-2023","6,045.00","5,879.00","6,106.00","5,863.00","1.44K","2.95%"
"14-02-2023","5,872.00","5,862.00","5,895.00","5,862.00","0.26K","0.50%"
"13-02-2023","5,843.00","5,850.00","5,885.00","5,792.00","0.34K","-1.18%"
"10-02-2023","5,913.00","5,940.00","6,031.00","5,850.00","0.16K","-1.25%"
"09-02-2023","5,988.00","6,000.00","6,019.00","5,960.00","0.09K","-0.38%"
"08-02-2023","6,011.00","6,030.00","6,030.00","6,000.00","0.06K","-1.05%"
"07-02-2023","6,075.00","6,075.00","6,075.00","6,075.00","0.02K","-0.51%"
"06-02-2023","6,106.00","6,106.00","6,106.00","6,106.00","","-1.66%"
"03-02-2023","6,209.00","6,209.00","6,209.00","6,209.00","","0.52%"
"02-02-2023","6,177.00","6,177.00","6,177.00","6,177.00","","0.50%"
"01-02-2023","6,146.00","6,146.00","6,146.00","6,146.00","","0.16%"
"31-01-2023","6,136.00","6,136.00","6,136.00","6,136.00","","3.06%"
"30-01-2023","5,954.00","5,954.00","5,954.00","5,954.00","0.01K","0.81%"
"27-01-2023","5,906.00","5,906.00","5,906.00","5,906.00","","-1.60%"
"25-01-2023","6,002.00","6,002.00","6,002.00","6,002.00","","-3.33%"
"24-01-2023","6,209.00","6,209.00","6,209.00","6,209.00","","-1.71%"
"23-01-2023","6,317.00","6,317.00","6,317.00","6,317.00","","0.43%"
"20-01-2023","6,290.00","6,457.00","6,457.00","6,250.00","2.24K","-2.31%"
"19-01-2023","6,439.00","6,464.00","6,464.00","6,411.00","1.70K","-0.57%"
"18-01-2023","6,476.00","6,437.00","6,504.00","6,437.00","1.49K","0.98%"
"17-01-2023","6,413.00","6,411.00","6,455.00","6,400.00","1.23K","-0.28%"
"16-01-2023","6,431.00","6,560.00","6,560.00","6,426.00","1.60K","-1.50%"
"13-01-2023","6,529.00","6,480.00","6,570.00","6,471.00","1.93K","1.21%"
"12-01-2023","6,451.00","6,475.00","6,525.00","6,420.00","0.43K","-0.06%"
"11-01-2023","6,455.00","6,508.00","6,510.00","6,417.00","0.52K","-0.69%"
"10-01-2023","6,500.00","6,500.00","6,500.00","6,500.00","0.01K","1.72%"
"09-01-2023","6,390.00","6,390.00","6,390.00","6,390.00","0.42K","3.99%"
"06-01-2023","6,145.00","6,145.00","6,145.00","6,145.00","","0.74%"
"05-01-2023","6,100.00","6,100.00","6,100.00","6,100.00","","0.59%"
"04-01-2023","6,064.00","6,064.00","6,064.00","6,064.00","","-1.29%"
"03-01-2023","6,143.00","6,143.00","6,143.00","6,143.00","","0.05%"
"02-01-2023","6,140.00","6,140.00","6,140.00","6,140.00","","-0.49%"
"30-12-2022","6,170.00","6,170.00","6,170.00","6,170.00","","0.52%"
"29-12-2022","6,138.00","6,138.00","6,138.00","6,138.00","","-1.05%"
"28-12-2022","6,203.00","6,203.00","6,203.00","6,203.00","","-0.31%"
"27-12-2022","6,222.00","6,222.00","6,222.00","6,222.00","","0.76%"
"26-12-2022","6,175.00","6,175.00","6,175.00","6,175.00","","2.18%"
"23-12-2022","6,043.00","6,043.00","6,043.00","6,043.00","","0.58%"
"22-12-2022","6,008.00","6,008.00","6,008.00","6,008.00","","0.81%"
"21-12-2022","5,960.00","5,960.00","5,960.00","5,960.00","","-2.95%"
"20-12-2022","6,141.00","6,136.00","6,167.00","6,099.00","4.38K","-0.32%"
"19-12-2022","6,161.00","5,915.00","6,198.00","5,915.00","2.10K","3.32%"
"16-12-2022","5,963.00","6,095.00","6,121.00","5,932.00","2.05K","-2.13%"
"15-12-2022","6,093.00","6,001.00","6,112.00","5,984.00","4.01K","2.04%"
"14-12-2022","5,971.00","6,044.00","6,058.00","5,900.00","1.36K","-0.63%"
"13-12-2022","6,009.00","5,960.00","6,027.00","5,897.00","1.08K","0.15%"
"12-12-2022","6,000.00","6,161.00","6,176.00","5,986.00","1.31K","-1.82%"
"09-12-2022","6,111.00","6,170.00","6,170.00","6,105.00","0.40K","-1.21%"
"08-12-2022","6,186.00","6,174.00","6,237.00","6,150.00","0.54K","2.76%"
"07-12-2022","6,020.00","6,020.00","6,020.00","6,020.00","0.18K","0.38%"
"06-12-2022","5,997.00","5,998.00","6,015.00","5,973.00","0.30K","-0.71%"
"05-12-2022","6,040.00","6,080.00","6,080.00","6,000.00","0.03K","-1.90%"
"02-12-2022","6,157.00","6,157.00","6,157.00","6,157.00","","1.37%"
"01-12-2022","6,074.00","6,160.00","6,162.00","5,949.00","0.07K","-3.59%"
"30-11-2022","6,300.00","6,250.00","6,350.00","6,250.00","0.02K","-0.54%"
"29-11-2022","6,334.00","6,334.00","6,334.00","6,334.00","","5.99%"
"28-11-2022","5,976.00","5,976.00","5,976.00","5,976.00","","-0.40%"
"25-11-2022","6,000.00","6,000.00","6,000.00","6,000.00","0.02K","-1.75%"
"24-11-2022","6,107.00","6,145.00","6,145.00","6,000.00","0.06K","3.35%"
"23-11-2022","5,909.00","5,916.00","5,916.00","5,908.00","0.04K","-3.98%"
"22-11-2022","6,154.00","6,154.00","6,154.00","6,154.00","","-4.10%"
"21-11-2022","6,417.00","6,434.00","6,434.00","6,400.00","0.01K","5.06%"
"18-11-2022","6,108.00","5,801.00","6,108.00","5,795.00","3.02K","5.99%"
"17-11-2022","5,763.00","5,859.00","5,900.00","5,717.00","3.54K","-1.59%"
"16-11-2022","5,856.00","5,547.00","5,871.00","5,514.00","6.53K","5.72%"
"15-11-2022","5,539.00","5,535.00","5,741.00","5,400.00","3.34K","-0.56%"
"14-11-2022","5,570.00","5,380.00","5,570.00","5,300.00","3.67K","5.99%"
"11-11-2022","5,255.00","5,169.00","5,359.00","5,167.00","0.68K","1.96%"
"10-11-2022","5,154.00","5,184.00","5,299.00","5,131.00","1.76K","0.57%"
"09-11-2022","5,125.00","4,980.00","5,167.00","4,980.00","0.80K","2.09%"
"07-11-2022","5,020.00","5,039.00","5,039.00","5,001.00","0.02K","1.62%"
"04-11-2022","4,940.00","4,900.00","4,980.00","4,900.00","0.53K","0.86%"
"03-11-2022","4,898.00","4,899.00","4,899.00","4,896.00","0.03K","1.24%"
"02-11-2022","4,838.00","4,800.00","4,884.00","4,800.00","0.02K","2.96%"
"01-11-2022","4,699.00","4,699.00","4,699.00","4,699.00","0.01K","-0.02%"
"31-10-2022","4,700.00","4,700.00","4,700.00","4,700.00","0.01K","-1.49%"
"28-10-2022","4,771.00","4,771.00","4,771.00","4,771.00","","-0.79%"
"27-10-2022","4,809.00","4,809.00","4,809.00","4,809.00","","0.86%"
"25-10-2022","4,768.00","4,768.00","4,768.00","4,768.00","","0.15%"
"24-10-2022","4,761.00","4,761.00","4,761.00","4,761.00","","-0.08%"
"21-10-2022","4,765.00","4,765.00","4,765.00","4,765.00","","0.70%"
"20-10-2022","4,732.00","4,725.00","4,790.00","4,720.00","1.14K","-0.02%"
"19-10-2022","4,733.00","4,658.00","4,751.00","4,658.00","0.66K","0.77%"
"18-10-2022","4,697.00","4,715.00","4,720.00","4,679.00","0.59K","-0.61%"
"17-10-2022","4,726.00","4,750.00","4,770.00","4,725.00","0.89K","-1.36%"
"14-10-2022","4,791.00","4,816.00","4,835.00","4,780.00","1.64K","-0.68%"
"13-10-2022","4,824.00","4,821.00","4,847.00","4,800.00","0.12K","-0.62%"
"12-10-2022","4,854.00","4,860.00","4,860.00","4,848.00","0.20K","-0.37%"
"11-10-2022","4,872.00","4,872.00","4,872.00","4,872.00","0.07K","0.97%"
"10-10-2022","4,825.00","4,825.00","4,825.00","4,825.00","","-0.99%"
"07-10-2022","4,873.00","4,873.00","4,873.00","4,873.00","","-1.95%"
"06-10-2022","4,970.00","4,970.00","4,970.00","4,970.00","","0.91%"
"04-10-2022","4,925.00","4,925.00","4,925.00","4,925.00","","-0.18%"
"03-10-2022","4,934.00","4,934.00","4,934.00","4,934.00","","-1.67%"
"30-09-2022","5,018.00","5,018.00","5,018.00","5,018.00","","0.36%"
"29-09-2022","5,000.00","5,000.00","5,000.00","5,000.00","0.01K","-0.71%"
"28-09-2022","5,036.00","5,036.00","5,036.00","5,036.00","","-1.99%"
"27-09-2022","5,138.00","5,138.00","5,138.00","5,138.00","","0.80%"
"26-09-2022","5,097.00","5,097.00","5,097.00","5,097.00","","-2.26%"
"23-09-2022","5,215.00","5,215.00","5,215.00","5,215.00","","-2.32%"
"22-09-2022","5,339.00","5,339.00","5,339.00","5,339.00","","0.02%"
"21-09-2022","5,338.00","5,338.00","5,338.00","5,338.00","","-0.24%"
"20-09-2022","5,351.00","5,357.00","5,392.00","5,320.00","2.67K","-0.80%"
"19-09-2022","5,394.00","5,320.00","5,428.00","5,290.00","1.15K","3.33%"
"16-09-2022","5,220.00","5,319.00","5,339.00","5,204.00","0.95K","-1.30%"
"15-09-2022","5,289.00","5,260.00","5,321.00","5,200.00","0.83K","2.86%"
"14-09-2022","5,142.00","5,005.00","5,170.00","5,005.00","0.26K","2.13%"
"13-09-2022","5,035.00","5,055.00","5,084.00","5,015.00","0.15K","1.33%"
"12-09-2022","4,969.00","4,949.00","4,985.00","4,949.00","0.17K","-2.28%"
"09-09-2022","5,085.00","5,101.00","5,101.00","5,075.00","0.14K","-1.32%"
"08-09-2022","5,153.00","5,055.00","5,170.00","5,055.00","0.33K","5.25%"
"07-09-2022","4,896.00","4,896.00","4,896.00","4,896.00","0.38K","0.00%"
"06-09-2022","4,896.00","4,970.00","4,970.00","4,882.00","0.13K","-1.41%"
"05-09-2022","4,966.00","4,923.00","5,010.00","4,923.00","0.08K","-0.90%"
"02-09-2022","5,011.00","5,011.00","5,011.00","5,011.00","0.12K","1.01%"
"01-09-2022","4,961.00","4,866.00","4,998.00","4,866.00","0.07K","3.20%"
"30-08-2022","4,807.00","4,807.00","4,807.00","4,807.00","","-1.78%"
"29-08-2022","4,894.00","5,027.00","5,027.00","4,840.00","0.08K","1.22%"
"26-08-2022","4,835.00","4,835.00","4,835.00","4,835.00","0.01K","3.89%"
"25-08-2022","4,654.00","4,654.00","4,654.00","4,654.00","0.06K","-0.66%"
"24-08-2022","4,685.00","4,685.00","4,685.00","4,685.00","","0.34%"
"23-08-2022","4,669.00","4,669.00","4,669.00","4,669.00","","-0.32%"
"22-08-2022","4,684.00","4,684.00","4,684.00","4,684.00","","-2.50%"
"19-08-2022","4,804.00","4,804.00","4,804.00","4,804.00","","0.88%"
"18-08-2022","4,762.00","4,840.00","4,840.00","4,750.00","1.27K","-1.81%"
"17-08-2022","4,850.00","4,841.00","4,860.00","4,763.00","6.46K","0.21%"
"16-08-2022","4,840.00","4,845.00","4,901.00","4,800.00","0.92K","-0.55%"
"12-08-2022","4,867.00","4,810.00","4,875.00","4,799.00","0.71K","1.52%"
"11-08-2022","4,794.00","4,790.00","4,823.00","4,778.00","0.41K","-0.13%"
"10-08-2022","4,800.00","4,832.00","4,860.00","4,790.00","0.69K","-1.84%"
"08-08-2022","4,890.00","4,900.00","4,905.00","4,860.00","0.12K","-0.61%"
"05-08-2022","4,920.00","4,930.00","4,930.00","4,906.00","0.22K","1.13%"
"04-08-2022","4,865.00","4,916.00","4,916.00","4,850.00","0.56K","-2.64%"
"03-08-2022","4,997.00","4,990.00","5,000.00","4,990.00","0.05K","-0.06%"
"02-08-2022","5,000.00","5,000.00","5,000.00","5,000.00","0.02K","0.70%"
"01-08-2022","4,965.00","4,965.00","4,965.00","4,965.00","","-2.32%"
"29-07-2022","5,083.00","5,199.00","5,199.00","5,010.00","0.09K","-2.36%"
"28-07-2022","5,206.00","5,206.00","5,206.00","5,206.00","","-2.09%"
"27-07-2022","5,317.00","5,317.00","5,317.00","5,317.00","","1.39%"
"26-07-2022","5,244.00","5,200.00","5,347.00","5,200.00","0.09K","0.85%"
"25-07-2022","5,200.00","5,200.00","5,200.00","5,200.00","0.01K","-0.33%"
"22-07-2022","5,217.00","5,217.00","5,217.00","5,217.00","","-1.19%"
"21-07-2022","5,280.00","5,280.00","5,280.00","5,280.00","","2.07%"
"20-07-2022","5,173.00","5,118.00","5,250.00","5,067.00","4.41K","1.59%"
"19-07-2022","5,092.00","5,118.00","5,121.00","5,062.00","2.03K","-0.33%"
"18-07-2022","5,109.00","5,078.00","5,118.00","4,980.00","3.97K","0.57%"
"15-07-2022","5,080.00","5,290.00","5,320.00","5,070.00","0.97K","-4.21%"
"14-07-2022","5,303.00","5,375.00","5,379.00","5,290.00","0.79K","-1.61%"
"13-07-2022","5,390.00","5,390.00","5,390.00","5,390.00","0.01K","-0.19%"
"12-07-2022","5,400.00","5,400.00","5,400.00","5,400.00","0.01K","1.89%"
"11-07-2022","5,300.00","5,300.00","5,300.00","5,300.00","","0.36%"
"08-07-2022","5,281.00","5,281.00","5,281.00","5,281.00","0.01K","2.31%"
"07-07-2022","5,162.00","5,162.00","5,162.00","5,162.00","","-1.54%"
"06-07-2022","5,243.00","5,243.00","5,243.00","5,243.00","","-0.32%"
"05-07-2022","5,260.00","5,260.00","5,260.00","5,260.00","","-1.02%"
"04-07-2022","5,314.00","5,314.00","5,314.00","5,314.00","","0.00%"
"01-07-2022","5,314.00","5,314.00","5,314.00","5,314.00","","0.61%"
"30-06-2022","5,282.00","5,282.00","5,282.00","5,282.00","","-1.34%"
"29-06-2022","5,354.00","5,354.00","5,354.00","5,354.00","","-1.65%"
"28-06-2022","5,444.00","5,444.00","5,444.00","5,444.00","","1.68%"
"27-06-2022","5,354.00","5,354.00","5,354.00","5,354.00","","-2.65%"
"24-06-2022","5,500.00","5,500.00","5,500.00","5,500.00","0.01K","-2.36%"
"23-06-2022","5,633.00","5,633.00","5,633.00","5,633.00","","-0.21%"
"22-06-2022","5,645.00","5,645.00","5,645.00","5,645.00","","0.95%"
"21-06-2022","5,592.00","5,592.00","5,592.00","5,592.00","","0.88%"
"20-06-2022","5,543.00","5,650.00","5,654.00","5,475.00","4.55K","-2.81%"
"17-06-2022","5,703.00","5,666.00","5,711.00","5,634.00","1.50K","0.25%"
"16-06-2022","5,689.00","5,773.00","5,780.00","5,659.00","1.30K","-1.47%"
"15-06-2022","5,774.00","5,800.00","5,816.00","5,758.00","0.73K","-0.48%"
"14-06-2022","5,802.00","5,776.00","5,816.00","5,775.00","0.27K","0.00%"
"13-06-2022","5,802.00","5,838.00","5,838.00","5,790.00","0.02K","-2.14%"
"10-06-2022","5,929.00","5,929.00","5,929.00","5,929.00","","-0.95%"
"09-06-2022","5,986.00","5,986.00","5,986.00","5,986.00","","0.52%"
"08-06-2022","5,955.00","5,955.00","5,955.00","5,955.00","","-0.48%"
"07-06-2022","5,984.00","6,058.00","6,058.00","5,910.00","0.04K","2.73%"
"06-06-2022","5,825.00","5,825.00","5,825.00","5,825.00","","-0.92%"
"03-06-2022","5,879.00","5,879.00","5,879.00","5,879.00","","-1.24%"
"02-06-2022","5,953.00","5,953.00","5,953.00","5,953.00","","0.71%"
"01-06-2022","5,911.00","5,911.00","5,911.00","5,911.00","","-1.29%"
"31-05-2022","5,988.00","5,988.00","5,988.00","5,988.00","","-1.85%"
"30-05-2022","6,101.00","6,101.00","6,101.00","6,101.00","","-1.10%"
"27-05-2022","6,169.00","6,169.00","6,169.00","6,169.00","","0.02%"
"26-05-2022","6,168.00","6,168.00","6,168.00","6,168.00","","0.39%"
"25-05-2022","6,144.00","6,144.00","6,144.00","6,144.00","","-0.61%"
"24-05-2022","6,182.00","6,182.00","6,182.00","6,182.00","","0.02%"
"23-05-2022","6,181.00","6,181.00","6,181.00","6,181.00","","2.11%"
"20-05-2022","6,053.00","6,065.00","6,096.00","6,038.00","2.45K","0.03%"
"19-05-2022","6,051.00","6,110.00","6,117.00","6,009.00","2.09K","-1.67%"
"18-05-2022","6,154.00","6,165.00","6,180.00","6,129.00","1.90K","-0.31%"
"17-05-2022","6,173.00","6,126.00","6,183.00","6,126.00","0.52K","0.44%"
"16-05-2022","6,146.00","6,165.00","6,173.00","6,115.00","0.36K","-1.68%"
"13-05-2022","6,251.00","6,261.00","6,261.00","6,226.00","0.86K","1.08%"
"12-05-2022","6,184.00","6,165.00","6,221.00","6,165.00","0.04K","0.00%"
"11-05-2022","6,184.00","6,184.00","6,184.00","6,184.00","","0.37%"
"10-05-2022","6,161.00","6,178.00","6,178.00","6,143.00","0.01K","-0.74%"
"09-05-2022","6,207.00","6,207.00","6,207.00","6,207.00","","-0.62%"
"06-05-2022","6,246.00","6,246.00","6,246.00","6,246.00","","0.71%"
"05-05-2022","6,202.00","6,202.00","6,202.00","6,202.00","","-0.80%"
"04-05-2022","6,252.00","6,252.00","6,252.00","6,252.00","","-2.16%"
"03-05-2022","6,390.00","6,390.00","6,390.00","6,390.00","","0.00%"
"02-05-2022","6,390.00","6,390.00","6,390.00","6,390.00","","-1.31%"
"29-04-2022","6,475.00","6,475.00","6,475.00","6,475.00","","-0.25%"
"28-04-2022","6,491.00","6,491.00","6,491.00","6,491.00","","-0.14%"
"27-04-2022","6,500.00","6,500.00","6,500.00","6,500.00","","0.70%"
"26-04-2022","6,455.00","6,455.00","6,455.00","6,455.00","","-0.45%"
"25-04-2022","6,484.00","6,484.00","6,484.00","6,484.00","","-0.28%"
"22-04-2022","6,502.00","6,502.00","6,502.00","6,502.00","","-0.35%"
"21-04-2022","6,525.00","6,525.00","6,525.00","6,525.00","","1.68%"
"20-04-2022","6,417.00","6,415.00","6,440.00","6,368.00","3.94K","0.41%"
"19-04-2022","6,391.00","6,569.00","6,606.00","6,320.00","3.23K","-2.67%"
"18-04-2022","6,566.00","6,669.00","6,685.00","6,537.00","4.26K","-0.67%"
"14-04-2022","6,610.00","6,610.00","6,610.00","6,610.00","","0.00%"
"13-04-2022","6,610.00","6,546.00","6,643.00","6,543.00","1.01K","1.26%"
"12-04-2022","6,528.00","6,520.00","6,569.00","6,500.00","1.30K","0.06%"
"11-04-2022","6,524.00","6,515.00","6,534.00","6,512.00","0.19K","-0.93%"
"08-04-2022","6,585.00","6,672.00","6,690.00","6,551.00","0.12K","-2.37%"
"07-04-2022","6,745.00","6,800.00","6,800.00","6,724.00","0.10K","-0.53%"
"06-04-2022","6,781.00","6,780.00","6,781.00","6,780.00","0.02K","0.07%"
"05-04-2022","6,776.00","6,776.00","6,776.00","6,776.00","","0.64%"
"04-04-2022","6,733.00","6,733.00","6,733.00","6,733.00","","0.34%"
"01-04-2022","6,710.00","6,680.00","6,739.00","6,680.00","0.01K","3.53%"
"31-03-2022","6,481.00","6,481.00","6,481.00","6,481.00","","-0.20%"
"30-03-2022","6,494.00","6,494.00","6,494.00","6,494.00","","-0.08%"
"29-03-2022","6,499.00","6,499.00","6,499.00","6,499.00","","0.95%"
"28-03-2022","6,438.00","6,438.00","6,438.00","6,438.00","","2.16%"
"25-03-2022","6,302.00","6,302.00","6,302.00","6,302.00","","0.51%"
"24-03-2022","6,270.00","6,270.00","6,270.00","6,270.00","","-0.54%"
"23-03-2022","6,304.00","6,304.00","6,304.00","6,304.00","","0.67%"
"22-03-2022","6,262.00","6,262.00","6,262.00","6,262.00","","0.77%"
"21-03-2022","6,214.00","6,214.00","6,214.00","6,214.00","","-1.58%"
"18-03-2022","6,314.00","6,314.00","6,314.00","6,314.00","","1.23%"
"17-03-2022","6,237.00","6,251.00","6,273.00","6,190.00","1.91K","0.48%"
"16-03-2022","6,207.00","6,171.00","6,235.00","6,094.00","1.40K","1.03%"
"15-03-2022","6,144.00","6,332.00","6,343.00","6,130.00","2.58K","-2.83%"
"14-03-2022","6,323.00","6,293.00","6,376.00","6,290.00","1.86K","0.91%"
"11-03-2022","6,266.00","6,230.00","6,273.00","6,230.00","0.85K","0.64%"
"10-03-2022","6,226.00","6,250.00","6,299.00","6,200.00","0.64K","0.47%"
"09-03-2022","6,197.00","6,080.00","6,240.00","6,080.00","0.58K","3.59%"
"08-03-2022","5,982.00","6,055.00","6,055.00","5,900.00","0.17K","-1.27%"
"07-03-2022","6,059.00","6,060.00","6,094.00","6,000.00","0.22K","-0.53%"
"04-03-2022","6,091.00","6,066.00","6,109.00","6,066.00","0.08K","-0.03%"
"03-03-2022","6,093.00","6,084.00","6,125.00","6,075.00","0.05K","0.58%"
"02-03-2022","6,058.00","6,066.00","6,066.00","6,050.00","0.01K","1.63%"
"01-03-2022","5,961.00","5,961.00","5,961.00","5,961.00","","0.00%"
"28-02-2022","5,961.00","5,961.00","5,961.00","5,961.00","0.01K","-0.62%"
"25-02-2022","5,998.00","5,998.00","5,998.00","5,998.00","","2.97%"
"24-02-2022","5,825.00","5,825.00","5,825.00","5,825.00","","-4.71%"
"23-02-2022","6,113.00","6,113.00","6,113.00","6,113.00","","-2.88%"
"22-02-2022","6,294.00","6,294.00","6,294.00","6,294.00","","-0.22%"
"21-02-2022","6,308.00","6,308.00","6,308.00","6,308.00","","-1.16%"
"18-02-2022","6,382.00","6,330.00","6,404.00","6,330.00","2.19K","0.95%"
"17-02-2022","6,322.00","6,360.00","6,379.00","6,301.00","1.48K","-0.46%"
"16-02-2022","6,351.00","6,414.00","6,461.00","6,335.00","2.92K","-0.92%"
"15-02-2022","6,410.00","6,472.00","6,472.00","6,372.00","2.55K","-0.77%"
"14-02-2022","6,460.00","6,415.00","6,535.00","6,400.00","2.18K","1.83%"
"11-02-2022","6,344.00","6,351.00","6,360.00","6,300.00","0.12K","0.65%"
"10-02-2022","6,303.00","6,238.00","6,310.00","6,237.00","0.11K","1.25%"
"09-02-2022","6,225.00","6,204.00","6,250.00","6,204.00","0.06K","0.44%"
"08-02-2022","6,198.00","6,136.00","6,220.00","6,123.00","0.53K","0.57%"
"07-02-2022","6,163.00","6,390.00","6,390.00","6,152.00","0.34K","-3.82%"
"04-02-2022","6,408.00","6,401.00","6,418.00","6,400.00","0.08K","1.26%"
"03-02-2022","6,328.00","6,329.00","6,365.00","6,290.00","0.55K","-0.27%"
"02-02-2022","6,345.00","6,385.00","6,385.00","6,313.00","0.03K","-1.32%"
"01-02-2022","6,430.00","6,430.00","6,430.00","6,430.00","0.01K","-0.23%"
"31-01-2022","6,445.00","6,445.00","6,445.00","6,445.00","","-0.37%"
"28-01-2022","6,469.00","6,469.00","6,469.00","6,469.00","","-0.61%"
"27-01-2022","6,509.00","6,509.00","6,509.00","6,509.00","","0.79%"
"25-01-2022","6,458.00","6,458.00","6,458.00","6,458.00","","2.05%"
"24-01-2022","6,328.00","6,328.00","6,328.00","6,328.00","","-1.57%"
"21-01-2022","6,429.00","6,554.00","6,554.00","6,352.00","0.02K","-0.26%"
"20-01-2022","6,446.00","6,450.00","6,500.00","6,412.00","3.44K","-0.31%"
"19-01-2022","6,466.00","6,543.00","6,582.00","6,450.00","3.73K","-0.90%"
"18-01-2022","6,525.00","6,495.00","6,600.00","6,495.00","3.59K","0.76%"
"17-01-2022","6,476.00","6,445.00","6,489.00","6,397.00","2.47K","1.06%"
"14-01-2022","6,408.00","6,474.00","6,500.00","6,357.00","2.08K","-0.64%"
"13-01-2022","6,449.00","6,471.00","6,498.00","6,427.00","2.42K","-0.46%"
"12-01-2022","6,479.00","6,513.00","6,551.00","6,400.00","2.11K","0.72%"
"11-01-2022","6,433.00","6,430.00","6,454.00","6,375.00","1.60K","0.11%"
"10-01-2022","6,426.00","6,337.00","6,468.00","6,337.00","1.03K","1.39%"
"07-01-2022","6,338.00","6,340.00","6,340.00","6,322.00","0.04K","1.57%"
"06-01-2022","6,240.00","6,240.00","6,240.00","6,240.00","0.01K","-0.83%"
"05-01-2022","6,292.00","6,292.00","6,292.00","6,292.00","","-0.58%"
"04-01-2022","6,329.00","6,329.00","6,329.00","6,329.00","","2.26%"
"03-01-2022","6,189.00","6,189.00","6,189.00","6,189.00","","0.78%"
"31-12-2021","6,141.00","6,141.00","6,141.00","6,141.00","","1.86%"
"30-12-2021","6,029.00","6,029.00","6,029.00","6,029.00","","0.48%"
"29-12-2021","6,000.00","6,000.00","6,000.00","6,000.00","0.01K","-3.75%"
"28-12-2021","6,234.00","6,234.00","6,234.00","6,234.00","","0.29%"
"27-12-2021","6,216.00","6,216.00","6,216.00","6,216.00","","-0.37%"
"24-12-2021","6,239.00","6,239.00","6,239.00","6,239.00","","-1.22%"
"23-12-2021","6,316.00","6,316.00","6,316.00","6,316.00","","1.63%"
"22-12-2021","6,215.00","6,215.00","6,215.00","6,215.00","","0.37%"
"21-12-2021","6,192.00","6,192.00","6,192.00","6,192.00","","1.01%"
"20-12-2021","6,130.00","6,110.00","6,165.00","5,978.00","1.67K","-0.39%"
"17-12-2021","6,154.00","6,346.00","6,346.00","6,120.00","2.94K","-1.79%"
"16-12-2021","6,266.00","6,233.00","6,320.00","6,200.00","1.83K","1.20%"
"15-12-2021","6,192.00","6,205.00","6,284.00","6,174.00","1.85K","-0.66%"
"14-12-2021","6,233.00","5,963.00","6,281.00","5,940.00","1.52K","4.35%"
"13-12-2021","5,973.00","6,023.00","6,040.00","5,955.00","0.24K","1.12%"
"10-12-2021","5,907.00","5,922.00","5,925.00","5,892.00","0.50K","-1.24%"
"09-12-2021","5,981.00","5,983.00","6,035.00","5,958.00","0.75K","0.23%"
"08-12-2021","5,967.00","5,989.00","6,015.00","5,916.00","0.12K","0.15%"
"07-12-2021","5,958.00","5,770.00","5,975.00","5,769.00","0.32K","2.64%"
"06-12-2021","5,805.00","5,730.00","5,845.00","5,700.00","0.14K","0.64%"
"03-12-2021","5,768.00","5,700.00","5,805.00","5,700.00","0.10K","-1.55%"
"02-12-2021","5,859.00","5,950.00","5,950.00","5,762.00","0.05K","-1.03%"
"01-12-2021","5,920.00","5,920.00","5,920.00","5,920.00","0.01K","0.05%"
"30-11-2021","5,917.00","5,917.00","5,917.00","5,917.00","","1.11%"
"29-11-2021","5,852.00","5,852.00","5,852.00","5,852.00","0.01K","-3.27%"
"26-11-2021","6,050.00","6,050.00","6,050.00","6,050.00","","-2.69%"
"25-11-2021","6,217.00","6,217.00","6,217.00","6,217.00","","0.71%"
"24-11-2021","6,173.00","6,173.00","6,173.00","6,173.00","","-3.14%"
"23-11-2021","6,373.00","6,373.00","6,373.00","6,373.00","","0.85%"
"22-11-2021","6,319.00","6,319.00","6,319.00","6,319.00","","-2.56%"
"19-11-2021","6,485.00","6,485.00","6,485.00","6,485.00","","2.03%"
"18-11-2021","6,356.00","6,485.00","6,511.00","6,280.00","5.80K","-2.69%"
"17-11-2021","6,532.00","6,485.00","6,659.00","6,466.00","7.66K","2.01%"
"16-11-2021","6,403.00","6,394.00","6,416.00","6,310.00","1.87K","0.99%"
"15-11-2021","6,340.00","6,594.00","6,594.00","6,319.00","2.87K","-3.29%"
"12-11-2021","6,556.00","6,525.00","6,640.00","6,514.00","0.35K","-0.32%"
"11-11-2021","6,577.00","6,548.00","6,703.00","6,512.00","0.78K","1.08%"
"10-11-2021","6,507.00","6,825.00","6,825.00","6,497.00","1.15K","-5.85%"
"09-11-2021","6,911.00","6,990.00","7,010.00","6,880.00","0.39K","-2.39%"
"08-11-2021","7,080.00","6,932.00","7,100.00","6,915.00","1.05K","4.90%"
"05-11-2021","6,749.00","6,749.00","6,749.00","6,749.00","","0.00%"
"04-11-2021","6,749.00","6,750.00","6,800.00","6,708.00","0.21K","-0.76%"
"03-11-2021","6,801.00","6,884.00","6,884.00","6,675.00","0.28K","-2.19%"
"02-11-2021","6,953.00","7,018.00","7,019.00","6,875.00","0.18K","-1.07%"
"01-11-2021","7,028.00","7,189.00","7,189.00","7,001.00","0.25K","-2.65%"
"29-10-2021","7,219.00","7,144.00","7,300.00","7,127.00","0.42K","2.31%"
"28-10-2021","7,056.00","7,050.00","7,157.00","6,987.00","0.68K","-0.83%"
"27-10-2021","7,115.00","7,050.00","7,180.00","7,010.00","0.45K","4.93%"
"26-10-2021","6,781.00","6,706.00","6,865.00","6,698.00","0.33K","0.47%"
"25-10-2021","6,749.00","6,749.00","6,749.00","6,749.00","","1.12%"
"22-10-2021","6,674.00","6,624.00","6,750.00","6,624.00","0.03K","0.88%"
"21-10-2021","6,616.00","6,616.00","6,616.00","6,616.00","","3.81%"
"20-10-2021","6,373.00","6,337.00","6,410.00","6,280.00","3.01K","2.10%"
"19-10-2021","6,242.00","6,450.00","6,650.00","6,193.00","12.12K","-4.19%"
"18-10-2021","6,515.00","6,188.00","6,523.00","6,188.00","5.58K","5.87%"
"15-10-2021","6,154.00","6,154.00","6,154.00","6,154.00","","0.00%"
"14-10-2021","6,154.00","6,115.00","6,244.00","6,081.00","1.33K","1.13%"
"13-10-2021","6,085.00","6,158.00","6,207.00","6,042.00","1.29K","-1.35%"
"12-10-2021","6,168.00","6,152.00","6,380.00","6,100.00","2.51K","0.52%"
"11-10-2021","6,136.00","5,900.00","6,181.00","5,900.00","1.53K","4.11%"
"08-10-2021","5,894.00","5,883.00","5,932.00","5,841.00","0.42K","0.63%"
"07-10-2021","5,857.00","5,916.00","5,928.00","5,844.00","0.40K","-1.71%"
"06-10-2021","5,959.00","5,981.00","6,020.00","5,948.00","0.55K","-0.73%"
"05-10-2021","6,003.00","5,954.00","6,060.00","5,954.00","0.55K","3.02%"
"04-10-2021","5,827.00","5,875.00","5,894.00","5,783.00","0.17K","-0.90%"
"01-10-2021","5,880.00","5,934.00","5,939.00","5,845.00","0.29K","-0.93%"
"30-09-2021","5,935.00","6,160.00","6,177.00","5,882.00","0.20K","-2.86%"
"29-09-2021","6,110.00","5,926.00","6,130.00","5,926.00","0.31K","5.49%"
"28-09-2021","5,792.00","5,820.00","5,820.00","5,752.00","0.16K","-1.35%"
"27-09-2021","5,871.00","5,950.00","5,950.00","5,815.00","0.43K","-0.02%"
"24-09-2021","5,872.00","5,872.00","5,872.00","5,872.00","0.02K","0.00%"
"23-09-2021","5,872.00","5,872.00","5,872.00","5,872.00","","1.21%"
"22-09-2021","5,802.00","5,802.00","5,802.00","5,802.00","0.01K","-0.91%"
"21-09-2021","5,855.00","5,855.00","5,855.00","5,855.00","","1.35%"
"20-09-2021","5,777.00","5,841.00","5,843.00","5,675.00","3.13K","-2.28%"
"17-09-2021","5,912.00","6,125.00","6,156.00","5,852.00","4.56K","-4.03%"
"16-09-2021","6,160.00","6,310.00","6,326.00","6,102.00","2.39K","-1.97%"
"15-09-2021","6,284.00","6,205.00","6,355.00","6,200.00","3.18K","1.18%"
"14-09-2021","6,211.00","6,408.00","6,450.00","6,143.00","2.75K","-3.00%"
"13-09-2021","6,403.00","6,643.00","6,643.00","6,317.00","3.12K","-4.72%"
"10-09-2021","6,720.00","6,720.00","6,720.00","6,720.00","","0.00%"
"09-09-2021","6,720.00","6,370.00","6,720.00","6,360.00","2.58K","5.99%"
"08-09-2021","6,340.00","6,047.00","6,340.00","6,030.00","0.46K","4.98%"
"07-09-2021","6,039.00","5,923.00","6,123.00","5,911.00","0.34K","2.55%"
"06-09-2021","5,889.00","5,940.00","5,940.00","5,870.00","0.16K","-1.21%"
"03-09-2021","5,961.00","6,092.00","6,150.00","5,874.00","0.29K","0.20%"
"02-09-2021","5,949.00","5,791.00","5,995.00","5,765.00","0.38K","2.41%"
"01-09-2021","5,809.00","6,002.00","6,015.00","5,775.00","0.21K","-5.13%"
"31-08-2021","6,123.00","6,195.00","6,232.00","6,108.00","0.41K","-2.38%"
"30-08-2021","6,272.00","5,888.00","6,349.00","5,870.00","0.23K","2.74%"
"27-08-2021","6,105.00","6,240.00","6,240.00","6,039.00","0.20K","-4.97%"
"26-08-2021","6,424.00","6,435.00","6,559.00","6,098.00","0.06K","3.81%"
"25-08-2021","6,188.00","6,188.00","6,188.00","6,188.00","","6.00%"
"24-08-2021","5,838.00","5,838.00","5,838.00","5,838.00","","5.99%"
"23-08-2021","5,508.00","5,439.00","5,543.00","5,439.00","0.02K","1.18%"
"20-08-2021","5,444.00","5,308.00","5,568.00","5,230.00","15.98K","3.24%"
"19-08-2021","5,273.00","5,273.00","5,273.00","5,273.00","","0.00%"
"18-08-2021","5,273.00","5,006.00","5,273.00","4,992.00","10.99K","5.99%"
"17-08-2021","4,975.00","4,970.00","5,050.00","4,869.00","8.85K","-1.37%"
"16-08-2021","5,044.00","5,101.00","5,162.00","5,010.00","9.75K","-0.41%"
"13-08-2021","5,065.00","4,917.00","5,080.00","4,876.00","5.95K","3.41%"
"12-08-2021","4,898.00","4,750.00","4,945.00","4,750.00","4.73K","2.86%"
"11-08-2021","4,762.00","4,840.00","4,855.00","4,733.00","1.57K","-0.54%"
"10-08-2021","4,788.00","4,785.00","4,800.00","4,682.00","1.32K","-0.17%"
"09-08-2021","4,796.00","4,800.00","4,810.00","4,711.00","0.86K","0.88%"
"06-08-2021","4,754.00","4,880.00","4,900.00","4,740.00","1.86K","-1.35%"
"05-08-2021","4,819.00","4,800.00","4,824.00","4,763.00","3.55K","-0.17%"
"04-08-2021","4,827.00","4,774.00","4,850.00","4,757.00","3.09K","2.18%"
"03-08-2021","4,724.00","4,728.00","4,820.00","4,701.00","0.98K","0.81%"
"02-08-2021","4,686.00","4,682.00","4,750.00","4,655.00","0.26K","4.09%"
"30-07-2021","4,502.00","4,502.00","4,502.00","4,502.00","0.13K","-0.99%"
"29-07-2021","4,547.00","4,550.00","4,550.00","4,541.00","0.04K","0.13%"
"28-07-2021","4,541.00","4,541.00","4,541.00","4,541.00","","-1.45%"
"27-07-2021","4,608.00","4,608.00","4,608.00","4,608.00","0.20K","0.50%"
"26-07-2021","4,585.00","4,585.00","4,585.00","4,585.00","0.11K","2.87%"
"23-07-2021","4,457.00","4,457.00","4,457.00","4,457.00","","1.11%"
"22-07-2021","4,408.00","4,408.00","4,408.00","4,408.00","0.01K","-0.36%"
"21-07-2021","4,424.00","4,424.00","4,424.00","4,424.00","","1.56%"
"20-07-2021","4,356.00","4,352.00","4,388.00","4,332.00","3.75K","-0.34%"
"19-07-2021","4,371.00","4,330.00","4,400.00","4,292.00","1.95K","1.75%"
"16-07-2021","4,296.00","4,305.00","4,336.00","4,280.00","2.66K","0.16%"
"15-07-2021","4,289.00","4,240.00","4,350.00","4,211.00","2.42K","1.16%"
"14-07-2021","4,240.00","4,160.00","4,300.00","4,160.00","2.29K","2.02%"
"13-07-2021","4,156.00","4,180.00","4,188.00","4,154.00","0.42K","0.14%"
"12-07-2021","4,150.00","4,120.00","4,168.00","4,109.00","0.62K","0.00%"
"09-07-2021","4,150.00","4,132.00","4,177.00","4,132.00","0.47K","0.02%"
"08-07-2021","4,149.00","4,149.00","4,149.00","4,149.00","","0.85%"
"07-07-2021","4,114.00","4,105.00","4,145.00","4,088.00","0.27K","-0.75%"
"06-07-2021","4,145.00","4,145.00","4,145.00","4,145.00","0.44K","-0.14%"
"05-07-2021","4,151.00","4,151.00","4,151.00","4,151.00","0.02K","-2.10%"
"02-07-2021","4,240.00","4,240.00","4,240.00","4,240.00","","0.38%"
"01-07-2021","4,224.00","4,224.00","4,224.00","4,224.00","","-0.71%"
"30-06-2021","4,254.00","4,272.00","4,272.00","4,235.00","0.02K","1.53%"
"29-06-2021","4,190.00","4,190.00","4,190.00","4,190.00","0.01K","1.06%"
"28-06-2021","4,146.00","4,146.00","4,146.00","4,146.00","0.01K","-0.53%"
"25-06-2021","4,168.00","4,168.00","4,168.00","4,168.00","","0.60%"
"24-06-2021","4,143.00","4,143.00","4,143.00","4,143.00","","-1.03%"
"23-06-2021","4,186.00","4,186.00","4,186.00","4,186.00","","-0.33%"
"22-06-2021","4,200.00","4,200.00","4,200.00","4,200.00","0.01K","0.86%"
"21-06-2021","4,164.00","4,164.00","4,164.00","4,164.00","","2.16%"
"18-06-2021","4,076.00","4,093.00","4,108.00","4,068.00","2.18K","-0.61%"
"17-06-2021","4,101.00","4,135.00","4,141.00","4,099.00","1.51K","-1.01%"
"16-06-2021","4,143.00","4,170.00","4,170.00","4,138.00","1.08K","-0.46%"
"15-06-2021","4,162.00","4,169.00","4,206.00","4,156.00","1.28K","0.24%"
"14-06-2021","4,152.00","4,155.00","4,162.00","4,129.00","1.43K","-0.50%"
"11-06-2021","4,173.00","4,184.00","4,192.00","4,166.00","0.87K","-0.36%"
"10-06-2021","4,188.00","4,186.00","4,212.00","4,171.00","0.97K","-0.40%"
"09-06-2021","4,205.00","4,260.00","4,262.00","4,170.00","1.28K","-1.73%"
"08-06-2021","4,279.00","4,285.00","4,285.00","4,272.00","0.30K","0.68%"
"07-06-2021","4,250.00","4,247.00","4,255.00","4,247.00","0.13K","-0.02%"
"04-06-2021","4,251.00","4,250.00","4,281.00","4,245.00","0.10K","-0.79%"
"03-06-2021","4,285.00","4,290.00","4,300.00","4,265.00","0.09K","0.26%"
"02-06-2021","4,274.00","4,280.00","4,280.00","4,272.00","0.02K","-0.67%"
"01-06-2021","4,303.00","4,300.00","4,310.00","4,300.00","0.05K","0.05%"
"31-05-2021","4,301.00","4,301.00","4,301.00","4,301.00","0.03K","-1.67%"
"28-05-2021","4,374.00","4,374.00","4,374.00","4,374.00","","-3.99%"
"27-05-2021","4,556.00","4,556.00","4,556.00","4,556.00","","0.00%"
"26-05-2021","4,556.00","4,556.00","4,556.00","4,556.00","0.03K","3.57%"
"25-05-2021","4,399.00","4,399.00","4,399.00","4,399.00","","0.00%"
"24-05-2021","4,399.00","4,399.00","4,399.00","4,399.00","","-0.18%"
"21-05-2021","4,407.00","4,407.00","4,407.00","4,407.00","","1.85%"
"20-05-2021","4,327.00","4,341.00","4,384.00","4,320.00","2.87K","-0.32%"
"19-05-2021","4,341.00","4,300.00","4,357.00","4,296.00","1.42K","0.09%"
"18-05-2021","4,337.00","4,344.00","4,367.00","4,279.00","2.11K","0.18%"
"17-05-2021","4,329.00","4,395.00","4,404.00","4,316.00","1.67K","-1.61%"
"14-05-2021","4,400.00","4,432.00","4,442.00","4,397.00","1.37K","-1.10%"
"13-05-2021","4,449.00","4,449.00","4,449.00","4,449.00","","0.00%"
"12-05-2021","4,449.00","4,444.00","4,486.00","4,410.00","1.45K","0.52%"
"11-05-2021","4,426.00","4,267.00","4,437.00","4,267.00","1.09K","3.80%"
"10-05-2021","4,264.00","4,203.00","4,318.00","4,203.00","0.54K","2.65%"
"07-05-2021","4,154.00","4,155.00","4,179.00","4,132.00","0.25K","-0.36%"
"06-05-2021","4,169.00","4,189.00","4,200.00","4,153.00","0.32K","-0.33%"
"05-05-2021","4,183.00","4,243.00","4,243.00","4,099.00","0.06K","1.90%"
"04-05-2021","4,105.00","4,107.00","4,107.00","4,104.00","0.17K","0.44%"
"03-05-2021","4,087.00","4,087.00","4,087.00","4,087.00","","-1.68%"
"30-04-2021","4,157.00","4,157.00","4,157.00","4,157.00","0.01K","-1.42%"
"29-04-2021","4,217.00","4,217.00","4,217.00","4,217.00","","0.57%"
"28-04-2021","4,193.00","4,193.00","4,193.00","4,193.00","","-0.76%"
"27-04-2021","4,225.00","4,225.00","4,225.00","4,225.00","","-0.59%"
"26-04-2021","4,250.00","4,250.00","4,250.00","4,250.00","0.01K","-2.16%"
"23-04-2021","4,344.00","4,344.00","4,344.00","4,344.00","","0.00%"
"22-04-2021","4,344.00","4,344.00","4,344.00","4,344.00","0.01K","4.00%"
"21-04-2021","4,177.00","4,177.00","4,177.00","4,177.00","","0.00%"
"20-04-2021","4,177.00","4,196.00","4,212.00","4,152.00","1.28K","-0.12%"
"19-04-2021","4,182.00","4,105.00","4,240.00","4,105.00","2.65K","-0.43%"
"16-04-2021","4,200.00","4,224.00","4,328.00","4,170.00","4.58K","-0.54%"
"15-04-2021","4,223.00","4,060.00","4,230.00","4,060.00","6.59K","4.95%"
"14-04-2021","4,024.00","4,024.00","4,024.00","4,024.00","","0.00%"
"13-04-2021","4,024.00","4,015.00","4,045.00","4,001.00","0.35K","0.12%"
"12-04-2021","4,019.00","4,039.00","4,050.00","4,001.00","1.76K","0.07%"
"09-04-2021","4,016.00","4,042.00","4,042.00","4,002.00","0.23K","0.12%"
"08-04-2021","4,011.00","4,004.00","4,040.00","3,996.00","0.47K","-1.38%"
"07-04-2021","4,067.00","4,096.00","4,110.00","4,022.00","0.49K","-0.66%"
"06-04-2021","4,094.00","4,081.00","4,109.00","4,081.00","0.02K","3.12%"
"05-04-2021","3,970.00","3,970.00","3,970.00","3,970.00","0.14K","3.66%"
"01-04-2021","3,830.00","3,823.00","3,849.00","3,823.00","0.19K","0.39%"
"31-03-2021","3,815.00","3,815.00","3,815.00","3,815.00","0.10K","0.08%"
"30-03-2021","3,812.00","3,812.00","3,812.00","3,812.00","","-0.05%"
"29-03-2021","3,814.00","3,814.00","3,814.00","3,814.00","","0.00%"
"26-03-2021","3,814.00","3,814.00","3,814.00","3,814.00","","-0.34%"
"25-03-2021","3,827.00","3,827.00","3,827.00","3,827.00","","0.10%"
"24-03-2021","3,823.00","3,823.00","3,823.00","3,823.00","","-0.39%"
"23-03-2021","3,838.00","3,838.00","3,838.00","3,838.00","","-0.05%"
"22-03-2021","3,840.00","3,840.00","3,840.00","3,840.00","","-0.60%"
"19-03-2021","3,863.00","3,890.00","3,890.00","3,836.00","3.33K","-0.90%"
"18-03-2021","3,898.00","3,901.00","3,918.00","3,881.00","2.95K","-0.23%"
"17-03-2021","3,907.00","3,947.00","3,960.00","3,898.00","2.18K","-0.86%"
"16-03-2021","3,941.00","3,968.00","3,971.00","3,935.00","1.14K","-0.56%"
"15-03-2021","3,963.00","3,905.00","3,980.00","3,905.00","1.59K","1.54%"
"12-03-2021","3,903.00","3,908.00","3,926.00","3,892.00","0.42K","-0.28%"
"10-03-2021","3,914.00","3,932.00","3,932.00","3,895.00","0.15K","-0.71%"
"09-03-2021","3,942.00","3,954.00","3,954.00","3,935.00","0.06K","-0.40%"
"08-03-2021","3,958.00","3,959.00","3,961.00","3,946.00","0.30K","0.20%"
"05-03-2021","3,950.00","3,952.00","3,953.00","3,940.00","0.03K","-1.74%"
"04-03-2021","4,020.00","4,019.00","4,020.00","4,019.00","0.09K","1.11%"
"03-03-2021","3,976.00","3,976.00","3,976.00","3,976.00","0.02K","1.92%"
"02-03-2021","3,901.00","3,902.00","3,902.00","3,900.00","0.01K","-1.19%"
"01-03-2021","3,948.00","3,948.00","3,948.00","3,948.00","","0.56%"
"26-02-2021","3,926.00","3,926.00","3,926.00","3,926.00","","-0.61%"
"25-02-2021","3,950.00","3,950.00","3,950.00","3,950.00","0.01K","0.33%"
"24-02-2021","3,937.00","3,937.00","3,937.00","3,937.00","","0.41%"
"23-02-2021","3,921.00","3,921.00","3,921.00","3,921.00","","0.33%"
"22-02-2021","3,908.00","3,908.00","3,908.00","3,908.00","","-0.31%"
"19-02-2021","3,920.00","3,951.00","3,951.00","3,913.00","2.07K","-1.11%"
"18-02-2021","3,964.00","3,968.00","3,982.00","3,950.00","1.39K","0.20%"
"17-02-2021","3,956.00","3,989.00","4,010.00","3,934.00","0.98K","-0.88%"
"16-02-2021","3,991.00","3,975.00","4,005.00","3,970.00","1.00K","0.05%"
"15-02-2021","3,989.00","4,003.00","4,005.00","3,972.00","0.09K","-0.15%"
"12-02-2021","3,995.00","4,000.00","4,000.00","3,992.00","0.02K","-0.20%"
"11-02-2021","4,003.00","4,003.00","4,003.00","4,003.00","","-0.05%"
"10-02-2021","4,005.00","4,005.00","4,005.00","4,005.00","0.01K","-1.16%"
"09-02-2021","4,052.00","4,052.00","4,052.00","4,052.00","","0.27%"
"08-02-2021","4,041.00","4,041.00","4,041.00","4,041.00","","-0.30%"
"05-02-2021","4,053.00","4,053.00","4,053.00","4,053.00","","1.05%"
"04-02-2021","4,011.00","4,011.00","4,011.00","4,011.00","","-0.22%"
"03-02-2021","4,020.00","4,020.00","4,020.00","4,020.00","0.01K","0.27%"
"02-02-2021","4,009.00","4,009.00","4,009.00","4,009.00","","0.93%"
"01-02-2021","3,972.00","3,972.00","3,972.00","3,972.00","","-0.92%"
"29-01-2021","4,009.00","4,009.00","4,009.00","4,009.00","","-0.22%"
"28-01-2021","4,018.00","4,018.00","4,018.00","4,018.00","","-0.17%"
"27-01-2021","4,025.00","4,025.00","4,025.00","4,025.00","","-1.18%"
"25-01-2021","4,073.00","4,073.00","4,073.00","4,073.00","","-0.15%"
"22-01-2021","4,079.00","4,079.00","4,079.00","4,079.00","","-0.05%"
"21-01-2021","4,081.00","4,081.00","4,081.00","4,081.00","","2.80%"
"20-01-2021","3,970.00","3,932.00","3,984.00","3,931.00","1.13K","0.76%"
"19-01-2021","3,940.00","3,940.00","3,948.00","3,928.00","0.45K","-0.03%"
"18-01-2021","3,941.00","3,972.00","3,972.00","3,915.00","0.66K","-0.61%"
"15-01-2021","3,965.00","3,994.00","4,000.00","3,942.00","0.50K","-0.73%"
"14-01-2021","3,994.00","3,992.00","3,996.00","3,992.00","0.14K","-0.37%"
"13-01-2021","4,009.00","3,987.00","4,025.00","3,987.00","0.30K","0.98%"
"12-01-2021","3,970.00","3,975.00","3,975.00","3,957.00","0.07K","0.30%"
"11-01-2021","3,958.00","4,002.00","4,002.00","3,950.00","0.16K","-1.10%"
"08-01-2021","4,002.00","4,001.00","4,005.00","3,988.00","0.06K","0.38%"
"07-01-2021","3,987.00","3,987.00","3,987.00","3,987.00","","-0.47%"
"06-01-2021","4,006.00","4,006.00","4,012.00","4,000.00","0.06K","0.70%"
"05-01-2021","3,978.00","3,978.00","3,978.00","3,978.00","","-2.02%"
"04-01-2021","4,060.00","4,060.00","4,060.00","4,060.00","","0.30%"
"01-01-2021","4,048.00","4,048.00","4,048.00","4,048.00","","1.20%"
"31-12-2020","4,000.00","4,000.00","4,000.00","4,000.00","","0.53%"
"30-12-2020","3,979.00","3,979.00","3,979.00","3,979.00","0.01K","0.13%"
"29-12-2020","3,974.00","3,974.00","3,974.00","3,974.00","","-0.28%"
"28-12-2020","3,985.00","3,985.00","3,985.00","3,985.00","","0.81%"
"24-12-2020","3,953.00","3,953.00","3,953.00","3,953.00","0.02K","-1.13%"
"23-12-2020","3,998.00","3,998.00","3,998.00","3,998.00","","0.86%"
"22-12-2020","3,964.00","3,964.00","3,964.00","3,964.00","","0.56%"
"21-12-2020","3,942.00","3,942.00","3,942.00","3,942.00","","-1.13%"
"18-12-2020","3,987.00","4,038.00","4,041.00","3,968.00","1.83K","-0.89%"
"17-12-2020","4,023.00","4,058.00","4,058.00","4,015.00","2.15K","-0.76%"
"16-12-2020","4,054.00","4,010.00","4,081.00","4,010.00","1.30K","0.82%"
"15-12-2020","4,021.00","4,018.00","4,045.00","4,013.00","0.82K","0.35%"
"14-12-2020","4,007.00","4,000.00","4,023.00","3,990.00","0.54K","0.25%"
"11-12-2020","3,997.00","4,024.00","4,027.00","3,990.00","0.24K","-0.50%"
"10-12-2020","4,017.00","3,980.00","4,024.00","3,963.00","0.50K","1.39%"
"09-12-2020","3,962.00","4,049.00","4,049.00","3,930.00","0.08K","0.35%"
"08-12-2020","3,948.00","3,948.00","3,948.00","3,948.00","0.01K","1.18%"
"07-12-2020","3,902.00","3,965.00","3,965.00","3,870.00","0.03K","-1.44%"
"04-12-2020","3,959.00","3,959.00","3,959.00","3,959.00","","0.41%"
"03-12-2020","3,943.00","3,930.00","3,980.00","3,930.00","0.02K","0.05%"
"02-12-2020","3,941.00","3,941.00","3,941.00","3,941.00","","-1.75%"
"01-12-2020","4,011.00","4,011.00","4,011.00","4,011.00","","-1.18%"
"27-11-2020","4,059.00","4,059.00","4,059.00","4,059.00","","1.58%"
"26-11-2020","3,996.00","3,996.00","3,996.00","3,996.00","","-1.06%"
"25-11-2020","4,039.00","4,039.00","4,039.00","4,039.00","","0.65%"
"24-11-2020","4,013.00","4,013.00","4,013.00","4,013.00","","-1.18%"
"23-11-2020","4,061.00","4,061.00","4,061.00","4,061.00","","-1.36%"
"20-11-2020","4,117.00","4,151.00","4,158.00","4,110.00","2.86K","-0.94%"
"19-11-2020","4,156.00","4,152.00","4,185.00","4,145.00","1.43K","0.02%"
"18-11-2020","4,155.00","4,150.00","4,168.00","4,118.00","1.05K","0.02%"
"17-11-2020","4,154.00","4,235.00","4,236.00","4,146.00","3.04K","-1.52%"
"14-11-2020","4,218.00","4,231.00","4,235.00","4,207.00","0.09K","-0.21%"
"13-11-2020","4,227.00","4,232.00","4,243.00","4,214.00","0.21K","-0.59%"
"12-11-2020","4,252.00","4,280.00","4,281.00","4,240.00","0.27K","-0.30%"
"11-11-2020","4,265.00","4,264.00","4,305.00","4,248.00","0.53K","0.61%"
"10-11-2020","4,239.00","4,250.00","4,250.00","4,230.00","0.16K","-0.21%"
"09-11-2020","4,248.00","4,318.00","4,318.00","4,220.00","0.50K","-1.78%"
"06-11-2020","4,325.00","4,330.00","4,330.00","4,320.00","0.52K","-1.19%"
"05-11-2020","4,377.00","4,390.00","4,390.00","4,366.00","0.22K","0.41%"
"04-11-2020","4,359.00","4,355.00","4,385.00","4,325.00","0.13K","0.76%"
"03-11-2020","4,326.00","4,302.00","4,355.00","4,299.00","0.11K","1.29%"
"02-11-2020","4,271.00","4,332.00","4,332.00","4,250.00","0.28K","-2.29%"
"30-10-2020","4,371.00","4,369.00","4,390.00","4,360.00","0.04K","0.95%"
"29-10-2020","4,330.00","4,284.00","4,360.00","4,284.00","0.05K","-1.64%"
"28-10-2020","4,402.00","4,440.00","4,440.00","4,385.00","0.19K","-1.06%"
"27-10-2020","4,449.00","4,446.00","4,497.00","4,420.00","0.12K","2.35%"
"26-10-2020","4,347.00","4,347.00","4,347.00","4,347.00","","0.18%"
"23-10-2020","4,339.00","4,339.00","4,339.00","4,339.00","","-0.41%"
"22-10-2020","4,357.00","4,357.00","4,357.00","4,357.00","0.01K","2.01%"
"21-10-2020","4,271.00","4,230.00","4,312.00","4,230.00","0.01K","2.59%"
"20-10-2020","4,163.00","4,100.00","4,181.00","4,067.00","7.25K","1.86%"
"19-10-2020","4,087.00","4,075.00","4,105.00","4,065.00","2.11K","0.47%"
"16-10-2020","4,068.00","4,081.00","4,090.00","4,042.00","1.12K","-0.66%"
"15-10-2020","4,095.00","4,046.00","4,125.00","3,982.00","4.64K","1.66%"
"14-10-2020","4,028.00","4,024.00","4,050.00","4,021.00","1.77K","0.37%"
"13-10-2020","4,013.00","4,085.00","4,090.00","3,999.00","1.51K","-2.00%"
"12-10-2020","4,095.00","4,110.00","4,125.00","4,090.00","1.12K","-0.82%"
"09-10-2020","4,129.00","4,172.00","4,172.00","4,090.00","0.48K","-0.34%"
"08-10-2020","4,143.00","4,005.00","4,150.00","4,004.00","0.57K","1.57%"
"07-10-2020","4,079.00","4,070.00","4,095.00","4,070.00","0.44K","-0.34%"
"06-10-2020","4,093.00","4,090.00","4,159.00","4,085.00","0.46K","-0.29%"
"05-10-2020","4,105.00","4,105.00","4,105.00","4,105.00","","-0.61%"
"01-10-2020","4,130.00","4,130.00","4,130.00","4,130.00","","3.90%"
"30-09-2020","3,975.00","3,975.00","3,975.00","3,975.00","","0.10%"
"29-09-2020","3,971.00","3,971.00","3,971.00","3,971.00","","-0.25%"
"28-09-2020","3,981.00","3,981.00","3,981.00","3,981.00","","-0.18%"
"25-09-2020","3,988.00","3,988.00","3,988.00","3,988.00","","0.30%"
"24-09-2020","3,976.00","3,976.00","3,976.00","3,976.00","","-0.82%"
"23-09-2020","4,009.00","4,009.00","4,009.00","4,009.00","","-0.17%"
"22-09-2020","4,016.00","4,016.00","4,016.00","4,016.00","","0.10%"
"21-09-2020","4,012.00","4,012.00","4,012.00","4,012.00","","-0.79%"
"18-09-2020","4,044.00","4,067.00","4,068.00","4,027.00","1.81K","-0.20%"
"17-09-2020","4,052.00","4,089.00","4,108.00","4,038.00","2.13K","-0.56%"
"16-09-2020","4,075.00","4,090.00","4,100.00","4,051.00","1.01K","-0.27%"
"15-09-2020","4,086.00","4,001.00","4,096.00","4,001.00","5.88K","2.15%"
"14-09-2020","4,000.00","4,031.00","4,045.00","3,980.00","1.06K","-1.28%"
"11-09-2020","4,052.00","4,050.00","4,082.00","4,035.00","0.95K","0.32%"
"10-09-2020","4,039.00","3,945.00","4,043.00","3,945.00","1.06K","2.59%"
"09-09-2020","3,937.00","3,900.00","3,945.00","3,900.00","0.15K","0.23%"
"08-09-2020","3,928.00","3,960.00","3,960.00","3,900.00","0.13K","0.54%"
"07-09-2020","3,907.00","3,950.00","3,950.00","3,871.00","0.12K","-2.08%"
"04-09-2020","3,990.00","4,010.00","4,010.00","3,940.00","0.03K","-1.12%"
"03-09-2020","4,035.00","4,035.00","4,035.00","4,035.00","","-0.91%"
"02-09-2020","4,072.00","4,072.00","4,072.00","4,072.00","","-0.37%"
"01-09-2020","4,087.00","4,096.00","4,160.00","4,050.00","0.03K","-1.04%"
"31-08-2020","4,130.00","4,130.00","4,130.00","4,130.00","0.05K","-1.15%"
"28-08-2020","4,178.00","4,178.00","4,178.00","4,178.00","","-0.19%"
"27-08-2020","4,186.00","4,186.00","4,186.00","4,186.00","","-0.83%"
"26-08-2020","4,221.00","4,221.00","4,221.00","4,221.00","","-0.94%"
"25-08-2020","4,261.00","4,261.00","4,261.00","4,261.00","","2.55%"
"24-08-2020","4,155.00","4,155.00","4,155.00","4,155.00","","-0.43%"
"21-08-2020","4,173.00","4,173.00","4,173.00","4,173.00","","1.14%"
"20-08-2020","4,126.00","4,140.00","4,144.00","4,093.00","5.94K","-0.94%"
"19-08-2020","4,165.00","4,180.00","4,207.00","4,100.00","5.80K","0.56%"
"18-08-2020","4,142.00","4,060.00","4,175.00","4,060.00","6.74K","1.62%"
"17-08-2020","4,076.00","4,030.00","4,090.00","4,025.00","4.32K","2.03%"
"14-08-2020","3,995.00","4,022.00","4,040.00","3,932.00","2.61K","-0.10%"
"13-08-2020","3,999.00","4,125.00","4,135.00","3,990.00","2.56K","-3.13%"
"12-08-2020","4,128.00","4,040.00","4,160.00","4,018.00","3.60K","0.78%"
"11-08-2020","4,096.00","4,100.00","4,126.00","4,060.00","0.92K","-1.16%"
"10-08-2020","4,144.00","4,208.00","4,212.00","4,098.00","0.46K","-1.85%"
"07-08-2020","4,222.00","4,125.00","4,230.00","4,125.00","1.27K","1.76%"
"06-08-2020","4,149.00","4,120.00","4,190.00","4,120.00","1.12K","2.60%"
"05-08-2020","4,044.00","4,040.00","4,072.00","4,000.00","0.24K","-0.61%"
"04-08-2020","4,069.00","4,079.00","4,100.00","4,041.00","0.08K","2.73%"
"03-08-2020","3,961.00","3,951.00","3,988.00","3,951.00","0.03K","2.30%"
"31-07-2020","3,872.00","3,872.00","3,872.00","3,872.00","0.02K","-0.92%"
"30-07-2020","3,908.00","3,908.00","3,908.00","3,908.00","0.02K","-1.06%"
"29-07-2020","3,950.00","3,950.00","3,950.00","3,950.00","0.01K","0.48%"
"28-07-2020","3,931.00","3,931.00","3,931.00","3,931.00","","0.15%"
"27-07-2020","3,925.00","3,925.00","3,925.00","3,925.00","","1.66%"
"24-07-2020","3,861.00","3,860.00","3,887.00","3,834.00","0.08K","-2.30%"
"23-07-2020","3,952.00","3,952.00","3,952.00","3,952.00","","1.39%"
"22-07-2020","3,898.00","3,898.00","3,898.00","3,898.00","","1.51%"
"21-07-2020","3,840.00","3,840.00","3,840.00","3,840.00","","0.47%"
"20-07-2020","3,822.00","3,840.00","3,904.00","3,812.00","6.93K","-0.96%"
"17-07-2020","3,859.00","3,726.00","3,863.00","3,712.00","1.28K","3.88%"
"16-07-2020","3,715.00","3,728.00","3,730.00","3,703.00","0.62K","-0.08%"
"15-07-2020","3,718.00","3,733.00","3,734.00","3,712.00","0.39K","0.46%"
"14-07-2020","3,701.00","3,680.00","3,712.00","3,666.00","0.64K","0.27%"
"13-07-2020","3,691.00","3,690.00","3,700.00","3,680.00","0.45K","0.00%"
"10-07-2020","3,691.00","3,690.00","3,700.00","3,681.00","0.20K","0.22%"
"09-07-2020","3,683.00","3,700.00","3,700.00","3,642.00","0.46K","-0.67%"
"08-07-2020","3,708.00","3,708.00","3,708.00","3,708.00","0.02K","0.00%"
"07-07-2020","3,708.00","3,660.00","3,714.00","3,660.00","0.64K","1.90%"
"06-07-2020","3,639.00","3,640.00","3,650.00","3,630.00","0.26K","0.50%"
"03-07-2020","3,621.00","3,635.00","3,638.00","3,604.00","0.13K","0.53%"
"02-07-2020","3,602.00","3,615.00","3,615.00","3,590.00","0.14K","-0.22%"
"01-07-2020","3,610.00","3,610.00","3,610.00","3,610.00","0.01K","0.17%"
"30-06-2020","3,604.00","3,620.00","3,620.00","3,600.00","0.03K","-0.96%"
"29-06-2020","3,639.00","3,639.00","3,639.00","3,639.00","","-1.09%"
"26-06-2020","3,679.00","3,679.00","3,679.00","3,679.00","","0.30%"
"25-06-2020","3,668.00","3,668.00","3,668.00","3,668.00","","0.49%"
"24-06-2020","3,650.00","3,650.00","3,650.00","3,650.00","0.01K","0.00%"
"23-06-2020","3,650.00","3,650.00","3,650.00","3,650.00","0.01K","-1.00%"
"22-06-2020","3,687.00","3,687.00","3,687.00","3,687.00","","0.24%"
"19-06-2020","3,678.00","3,620.00","3,713.00","3,620.00","7.12K","2.02%"
"18-06-2020","3,605.00","3,576.00","3,608.00","3,572.00","1.69K","0.98%"
"17-06-2020","3,570.00","3,580.00","3,581.00","3,557.00","0.92K","-0.47%"
"16-06-2020","3,587.00","3,586.00","3,602.00","3,580.00","0.92K","0.25%"
"15-06-2020","3,578.00","3,582.00","3,591.00","3,566.00","0.91K","-0.56%"
"12-06-2020","3,598.00","3,600.00","3,602.00","3,593.00","0.13K","-0.55%"
"11-06-2020","3,618.00","3,620.00","3,620.00","3,606.00","0.17K","1.06%"
"10-06-2020","3,580.00","3,582.00","3,670.00","3,552.00","0.61K","0.11%"
"09-06-2020","3,576.00","3,560.00","3,590.00","3,548.00","0.17K","-1.27%"
"08-06-2020","3,622.00","3,604.00","3,648.00","3,590.00","0.05K","0.67%"
"05-06-2020","3,598.00","3,598.00","3,598.00","3,598.00","0.01K","0.11%"
"04-06-2020","3,594.00","3,594.00","3,594.00","3,594.00","","-1.21%"
"03-06-2020","3,638.00","3,638.00","3,638.00","3,638.00","0.01K","2.71%"
"02-06-2020","3,542.00","3,542.00","3,542.00","3,542.00","","0.91%"
"01-06-2020","3,510.00","3,510.00","3,510.00","3,510.00","","1.39%"
"29-05-2020","3,462.00","3,422.00","3,500.00","3,422.00","0.01K","-1.82%"
"28-05-2020","3,526.00","3,526.00","3,526.00","3,526.00","","-0.56%"
"27-05-2020","3,546.00","3,546.00","3,546.00","3,546.00","","0.28%"
"26-05-2020","3,536.00","3,536.00","3,536.00","3,536.00","","-0.45%"
"22-05-2020","3,552.00","3,552.00","3,552.00","3,552.00","","-1.72%"
"21-05-2020","3,614.00","3,614.00","3,614.00","3,614.00","","0.78%"
"20-05-2020","3,586.00","3,584.00","3,600.00","3,556.00","2.38K","0.28%"
"19-05-2020","3,576.00","3,592.00","3,604.00","3,564.00","1.91K","-0.89%"
"18-05-2020","3,608.00","3,600.00","3,654.00","3,600.00","2.31K","0.67%"
"15-05-2020","3,584.00","3,530.00","3,586.00","3,510.00","1.85K","2.63%"
"14-05-2020","3,492.00","3,502.00","3,502.00","3,480.00","0.36K","-0.17%"
"13-05-2020","3,498.00","3,492.00","3,520.00","3,486.00","0.51K","0.58%"
"12-05-2020","3,478.00","3,460.00","3,494.00","3,460.00","0.17K","-0.63%"
"11-05-2020","3,500.00","3,510.00","3,510.00","3,480.00","0.35K","0.23%"
"08-05-2020","3,492.00","3,462.00","3,518.00","3,460.00","0.17K","0.11%"
"07-05-2020","3,488.00","3,488.00","3,488.00","3,488.00","","1.28%"
"06-05-2020","3,444.00","3,444.00","3,444.00","3,444.00","","-0.52%"
"05-05-2020","3,462.00","3,462.00","3,462.00","3,462.00","","0.99%"
"04-05-2020","3,428.00","3,428.00","3,428.00","3,428.00","","-2.22%"
"30-04-2020","3,506.00","3,520.00","3,528.00","3,458.00","12.96K","0.34%"
"29-04-2020","3,494.00","3,458.00","3,538.00","3,434.00","14.16K","1.45%"
"28-04-2020","3,444.00","3,326.00","3,470.00","3,304.00","7.47K","3.18%"
"27-04-2020","3,338.00","3,354.00","3,412.00","3,320.00","6.52K","-1.53%"
"24-04-2020","3,390.00","3,380.00","3,410.00","3,312.00","7.28K","1.38%"
"23-04-2020","3,344.00","3,230.00","3,344.00","3,230.00","7.47K","3.98%"
"22-04-2020","3,216.00","3,226.00","3,276.00","3,192.00","6.42K","-3.25%"
"21-04-2020","3,324.00","3,360.00","3,360.00","3,324.00","1.55K","-3.99%"
"20-04-2020","3,462.00","3,570.00","3,588.00","3,462.00","4.26K","-3.99%"
"17-04-2020","3,606.00","3,650.00","3,650.00","3,566.00","2.25K","-0.44%"
"16-04-2020","3,622.00","3,638.00","3,650.00","3,600.00","2.14K","-0.71%"
"15-04-2020","3,648.00","3,600.00","3,650.00","3,526.00","2.24K","1.22%"
"13-04-2020","3,604.00","3,608.00","3,648.00","3,584.00","1.17K","0.11%"
"09-04-2020","3,600.00","3,544.00","3,622.00","3,524.00","0.57K","2.80%"
"08-04-2020","3,502.00","3,500.00","3,518.00","3,492.00","0.41K","0.00%"
"07-04-2020","3,502.00","3,502.00","3,502.00","3,502.00","","3.49%"
"03-04-2020","3,384.00","3,384.00","3,384.00","3,384.00","","1.20%"
"01-04-2020","3,344.00","3,344.00","3,344.00","3,344.00","","-0.54%"
"31-03-2020","3,362.00","3,362.00","3,362.00","3,362.00","","1.14%"
"30-03-2020","3,324.00","3,324.00","3,324.00","3,324.00","","-0.36%"
"27-03-2020","3,336.00","3,336.00","3,336.00","3,336.00","","0.06%"
"26-03-2020","3,334.00","3,334.00","3,334.00","3,334.00","","-1.01%"
"25-03-2020","3,368.00","3,368.00","3,368.00","3,368.00","","2.12%"
"24-03-2020","3,298.00","3,298.00","3,298.00","3,298.00","","-0.60%"
"23-03-2020","3,318.00","3,318.00","3,318.00","3,318.00","","-1.83%"
"20-03-2020","3,380.00","3,460.00","3,500.00","3,360.00","5.63K","-1.05%"
"19-03-2020","3,416.00","3,360.00","3,468.00","3,324.00","7.49K","-0.29%"
"18-03-2020","3,426.00","3,378.00","3,470.00","3,288.00","4.84K","0.82%"
"17-03-2020","3,398.00","3,400.00","3,446.00","3,336.00","4.55K","0.18%"
"16-03-2020","3,392.00","3,438.00","3,480.00","3,392.00","2.74K","-3.96%"
"13-03-2020","3,532.00","3,298.00","3,536.00","3,264.00","5.81K","3.88%"
"12-03-2020","3,400.00","3,434.00","3,434.00","3,400.00","1.11K","-3.95%"
"11-03-2020","3,540.00","3,580.00","3,666.00","3,508.00","2.37K","-2.96%"
"09-03-2020","3,648.00","3,686.00","3,686.00","3,648.00","0.29K","-4.00%"
"06-03-2020","3,800.00","3,804.00","3,822.00","3,762.00","0.91K","-0.78%"
"05-03-2020","3,830.00","3,830.00","3,852.00","3,796.00","1.31K","0.90%"
"04-03-2020","3,796.00","3,774.00","3,830.00","3,762.00","0.90K","0.05%"
"03-03-2020","3,794.00","3,762.00","3,834.00","3,720.00","0.41K","1.44%"
"02-03-2020","3,740.00","3,740.00","3,740.00","3,740.00","0.02K","1.19%"
"28-02-2020","3,696.00","3,696.00","3,696.00","3,696.00","","0.98%"
"27-02-2020","3,660.00","3,660.00","3,660.00","3,660.00","0.01K","-0.54%"
"26-02-2020","3,680.00","3,680.00","3,680.00","3,680.00","0.12K","-0.65%"
"25-02-2020","3,704.00","3,704.00","3,704.00","3,704.00","","-3.24%"
"24-02-2020","3,828.00","3,830.00","3,830.00","3,824.00","0.01K","-0.62%"
"20-02-2020","3,852.00","3,858.00","3,874.00","3,842.00","5.30K","-0.16%"
"19-02-2020","3,858.00","3,850.00","3,882.00","3,848.00","6.15K","0.42%"
"18-02-2020","3,842.00","3,838.00","3,872.00","3,814.00","4.94K","0.00%"
"17-02-2020","3,842.00","3,902.00","3,904.00","3,830.00","3.10K","-1.54%"
"14-02-2020","3,902.00","3,872.00","3,910.00","3,868.00","1.34K","0.15%"
"13-02-2020","3,896.00","3,954.00","3,980.00","3,872.00","3.67K","-1.67%"
"12-02-2020","3,962.00","3,916.00","3,976.00","3,886.00","2.02K","1.12%"
"11-02-2020","3,918.00","3,900.00","3,944.00","3,900.00","1.22K","0.67%"
"10-02-2020","3,892.00","3,976.00","3,976.00","3,884.00","1.66K","-2.70%"
"07-02-2020","4,000.00","4,050.00","4,052.00","3,996.00","1.24K","-1.19%"
"06-02-2020","4,048.00","3,996.00","4,054.00","3,984.00","0.65K","1.05%"
"05-02-2020","4,006.00","3,966.00","4,016.00","3,932.00","0.98K","1.16%"
"04-02-2020","3,960.00","3,932.00","3,974.00","3,932.00","1.48K","0.05%"
"03-02-2020","3,958.00","4,048.00","4,048.00","3,950.00","0.45K","-2.75%"
"01-02-2020","4,070.00","4,082.00","4,088.00","4,056.00","0.08K","0.25%"
"31-01-2020","4,060.00","4,046.00","4,080.00","4,042.00","0.10K","-0.05%"
"30-01-2020","4,062.00","4,074.00","4,080.00","4,030.00","0.18K","-0.34%"
"29-01-2020","4,076.00","4,080.00","4,100.00","4,060.00","0.07K","-0.59%"
"28-01-2020","4,100.00","4,100.00","4,128.00","4,050.00","0.12K","-0.53%"
"27-01-2020","4,122.00","4,130.00","4,140.00","4,106.00","0.06K","-0.87%"
"24-01-2020","4,158.00","4,154.00","4,188.00","4,132.00","0.15K","-0.95%"
"23-01-2020","4,198.00","4,200.00","4,206.00","4,174.00","0.10K","0.10%"
"22-01-2020","4,194.00","4,194.00","4,198.00","4,186.00","0.06K","0.00%"
"21-01-2020","4,194.00","4,180.00","4,206.00","4,180.00","0.03K","1.21%"
"20-01-2020","4,144.00","4,186.00","4,186.00","4,130.00","2.55K","-1.15%"
"17-01-2020","4,192.00","4,136.00","4,202.00","4,110.00","2.76K","1.06%"
"16-01-2020","4,148.00","4,170.00","4,184.00","4,126.00","1.24K","-0.67%"
"15-01-2020","4,176.00","4,224.00","4,228.00","4,168.00","1.67K","-1.09%"
"14-01-2020","4,222.00","4,194.00","4,224.00","4,170.00","1.61K","0.67%"
"13-01-2020","4,194.00","4,230.00","4,238.00","4,182.00","2.20K","-0.57%"
"10-01-2020","4,218.00","4,212.00","4,234.00","4,204.00","0.67K","-0.14%"
"09-01-2020","4,224.00","4,234.00","4,256.00","4,184.00","0.97K","0.24%"
"08-01-2020","4,214.00","4,172.00","4,226.00","4,150.00","0.34K","0.38%"
"07-01-2020","4,198.00","4,198.00","4,214.00","4,176.00","0.36K","0.77%"
"06-01-2020","4,166.00","4,170.00","4,174.00","4,140.00","0.22K","-0.90%"
"03-01-2020","4,204.00","4,316.00","4,316.00","4,200.00","0.38K","-2.64%"
"02-01-2020","4,318.00","4,310.00","4,326.00","4,300.00","0.16K","-0.37%"
"01-01-2020","4,334.00","4,336.00","4,336.00","4,324.00","0.13K","-0.05%"
"31-12-2019","4,336.00","4,342.00","4,344.00","4,306.00","0.14K","-0.37%"
"30-12-2019","4,352.00","4,306.00","4,376.00","4,306.00","0.19K","0.42%"
"27-12-2019","4,334.00","4,330.00","4,340.00","4,298.00","0.17K","1.45%"
"26-12-2019","4,272.00","4,262.00","4,330.00","4,250.00","0.12K","0.38%"
"24-12-2019","4,256.00","4,272.00","4,272.00","4,234.00","0.06K","-0.28%"
"23-12-2019","4,268.00","4,268.00","4,268.00","4,268.00","","1.86%"
"20-12-2019","4,190.00","4,244.00","4,278.00","4,178.00","13.44K","-0.76%"
"19-12-2019","4,222.00","4,138.00","4,248.00","4,130.00","15.04K","2.08%"
"18-12-2019","4,136.00","4,128.00","4,164.00","4,106.00","6.06K","0.53%"
"17-12-2019","4,114.00","4,094.00","4,154.00","4,094.00","3.06K","0.88%"
"16-12-2019","4,078.00","3,994.00","4,092.00","3,984.00","4.41K","1.49%"
"13-12-2019","4,018.00","4,052.00","4,064.00","4,010.00","1.72K","-0.69%"
"12-12-2019","4,046.00","4,036.00","4,064.00","4,028.00","0.83K","0.00%"
"11-12-2019","4,046.00","3,986.00","4,072.00","3,986.00","1.37K","1.45%"
"10-12-2019","3,988.00","4,050.00","4,060.00","3,984.00","1.70K","-1.29%"
"09-12-2019","4,040.00","4,098.00","4,102.00","4,014.00","0.94K","-2.32%"
"06-12-2019","4,136.00","4,124.00","4,156.00","4,102.00","1.08K","0.39%"
"05-12-2019","4,120.00","4,028.00","4,128.00","3,990.00","1.09K","2.33%"
"04-12-2019","4,026.00","4,080.00","4,092.00","4,018.00","0.77K","-1.37%"
"03-12-2019","4,082.00","4,112.00","4,128.00","4,074.00","0.39K","-1.26%"
"02-12-2019","4,134.00","4,130.00","4,142.00","4,074.00","0.20K","-1.57%"
"29-11-2019","4,200.00","4,215.00","4,222.50","4,162.00","0.27K","-0.36%"
"28-11-2019","4,215.00","4,210.00","4,220.00","4,210.00","0.08K","0.13%"
"27-11-2019","4,209.50","4,207.00","4,210.00","4,207.00","0.10K","0.05%"
"26-11-2019","4,207.50","4,218.00","4,224.50","4,190.00","0.31K","-0.23%"
"25-11-2019","4,217.00","4,241.50","4,241.50","4,191.00","0.20K","-2.40%"
"22-11-2019","4,320.50","4,323.00","4,325.50","4,312.00","0.07K","-0.24%"
"21-11-2019","4,331.00","4,360.00","4,360.00","4,310.00","0.03K","0.36%"
"20-11-2019","4,315.50","4,325.00","4,371.00","4,303.00","12.35K","-0.36%"
"19-11-2019","4,331.00","4,325.00","4,336.50","4,278.00","7.50K","0.83%"
"18-11-2019","4,295.50","4,378.00","4,390.00","4,280.50","10.79K","-3.15%"
"15-11-2019","4,435.00","4,432.00","4,455.00","4,420.50","6.73K","0.23%"
"14-11-2019","4,425.00","4,360.00","4,435.00","4,334.00","9.02K","1.41%"
"13-11-2019","4,363.50","4,363.00","4,392.50","4,355.00","5.82K","0.62%"
"11-11-2019","4,336.50","4,290.00","4,369.00","4,265.00","5.32K","1.37%"
"08-11-2019","4,278.00","4,306.00","4,334.50","4,270.00","5.28K","-1.26%"
"07-11-2019","4,332.50","4,278.00","4,350.00","4,267.00","4.19K","1.39%"
"06-11-2019","4,273.00","4,286.00","4,294.00","4,227.00","3.35K","-0.14%"
"05-11-2019","4,279.00","4,339.50","4,342.00","4,268.50","2.13K","-0.52%"
"04-11-2019","4,301.50","4,215.00","4,304.00","4,215.00","2.15K","2.92%"
"01-11-2019","4,179.50","4,182.50","4,211.00","4,160.00","1.49K","1.04%"
"31-10-2019","4,136.50","4,115.00","4,166.50","4,115.00","0.53K","0.80%"
"30-10-2019","4,103.50","4,091.00","4,110.00","4,091.00","0.06K","-0.22%"
"29-10-2019","4,112.50","4,110.00","4,123.00","4,099.00","0.07K","-0.76%"
"27-10-2019","4,144.00","4,144.00","4,144.00","4,144.00","","-0.02%"
"25-10-2019","4,145.00","4,161.50","4,161.50","4,135.00","0.10K","0.63%"
"24-10-2019","4,119.00","4,119.00","4,119.00","4,119.00","","1.01%"
"23-10-2019","4,078.00","4,078.00","4,078.00","4,078.00","","0.74%"
"22-10-2019","4,048.00","4,048.00","4,048.00","4,048.00","","1.19%"
"18-10-2019","4,000.50","3,984.50","4,014.00","3,961.00","6.85K","0.11%"
"17-10-2019","3,996.00","3,990.00","4,023.00","3,979.00","7.62K","0.39%"
"16-10-2019","3,980.50","3,945.50","3,987.00","3,945.50","3.07K","0.58%"
"15-10-2019","3,957.50","3,961.00","3,985.50","3,945.00","1.67K","-0.10%"
"14-10-2019","3,961.50","3,930.50","3,970.50","3,899.00","3.39K","0.46%"
"11-10-2019","3,943.50","3,942.00","3,950.00","3,926.00","1.17K","0.15%"
"10-10-2019","3,937.50","3,960.00","3,975.00","3,922.00","2.38K","-0.58%"
"09-10-2019","3,960.50","3,938.00","3,970.00","3,930.50","1.71K","-0.38%"
"07-10-2019","3,975.50","3,962.50","4,001.00","3,960.00","0.85K","0.76%"
"04-10-2019","3,945.50","3,899.00","3,957.00","3,865.00","1.91K","1.57%"
"03-10-2019","3,884.50","3,860.00","3,927.50","3,841.00","0.51K","0.05%"
"01-10-2019","3,882.50","4,010.00","4,027.50","3,882.50","0.45K","-3.00%"
"30-09-2019","4,002.50","4,013.00","4,041.50","3,971.00","0.51K","-0.73%"
"27-09-2019","4,032.00","4,082.00","4,116.00","4,018.00","1.90K","-1.02%"
"26-09-2019","4,073.50","4,080.00","4,100.00","4,052.00","1.44K","0.00%"
"25-09-2019","4,073.50","4,070.00","4,098.00","4,010.00","0.79K","-0.15%"
"24-09-2019","4,079.50","4,075.00","4,095.00","4,066.00","0.16K","-0.58%"
"23-09-2019","4,103.50","4,157.00","4,157.50","4,071.50","0.69K","-0.87%"
"20-09-2019","4,139.50","4,150.00","4,157.00","4,100.00","8.53K","-0.24%"
"19-09-2019","4,149.50","4,102.00","4,160.00","4,094.00","10.35K","0.51%"
"18-09-2019","4,128.50","4,151.00","4,152.00","4,110.00","11.04K","-0.86%"
"17-09-2019","4,164.50","4,169.00","4,205.00","4,156.00","8.41K","-0.16%"
"16-09-2019","4,171.00","4,155.00","4,196.00","4,149.00","6.15K","0.71%"
"13-09-2019","4,141.50","4,173.00","4,180.00","4,121.00","5.06K","-1.07%"
"12-09-2019","4,186.50","4,202.00","4,215.00","4,170.00","5.94K","-0.11%"
"11-09-2019","4,191.00","4,132.00","4,204.00","4,132.00","5.22K","0.96%"
"09-09-2019","4,151.00","4,158.00","4,190.00","4,129.00","2.32K","0.14%"
"06-09-2019","4,145.00","4,133.00","4,166.00","4,107.50","5.83K","0.11%"
"05-09-2019","4,140.50","4,156.00","4,173.50","4,125.00","2.82K","-0.72%"
"04-09-2019","4,170.50","4,191.50","4,213.00","4,163.00","1.92K","-0.97%"
"03-09-2019","4,211.50","4,270.50","4,276.50","4,199.00","1.21K","-1.90%"
"30-08-2019","4,293.00","4,250.00","4,324.00","4,228.00","1.52K","0.50%"
"29-08-2019","4,271.50","4,286.00","4,295.00","4,255.00","0.98K","-0.76%"
"28-08-2019","4,304.00","4,311.50","4,317.00","4,292.00","1.38K","0.30%"
"27-08-2019","4,291.00","4,275.00","4,320.00","4,231.00","0.67K","-0.56%"
"26-08-2019","4,315.00","4,330.00","4,330.00","4,294.00","0.05K","0.05%"
"23-08-2019","4,313.00","4,325.00","4,325.00","4,300.00","0.25K","-0.10%"
"22-08-2019","4,317.50","4,374.50","4,374.50","4,303.50","0.25K","-2.68%"
"21-08-2019","4,436.50","4,388.50","4,450.00","4,380.00","0.50K","1.20%"
"20-08-2019","4,384.00","4,393.00","4,417.00","4,370.50","8.59K","-0.19%"
"19-08-2019","4,392.50","4,420.00","4,436.50","4,385.50","11.55K","-0.75%"
"16-08-2019","4,425.50","4,360.00","4,450.00","4,357.00","25.04K","1.32%"
"14-08-2019","4,368.00","4,362.50","4,390.00","4,348.00","7.16K","0.37%"
"13-08-2019","4,352.00","4,415.00","4,415.00","4,344.00","4.87K","-2.04%"
"09-08-2019","4,442.50","4,372.00","4,459.00","4,369.50","7.07K","2.06%"
"08-08-2019","4,353.00","4,276.50","4,358.00","4,275.50","2.60K","1.48%"
"07-08-2019","4,289.50","4,329.00","4,338.00","4,282.50","5.19K","-1.29%"
"06-08-2019","4,345.50","4,342.00","4,369.00","4,335.00","5.24K","0.01%"
"05-08-2019","4,345.00","4,385.50","4,385.50","4,335.00","2.85K","-0.75%"
"02-08-2019","4,378.00","4,325.00","4,394.50","4,318.00","1.31K","0.22%"
"01-08-2019","4,368.50","4,381.50","4,426.00","4,357.00","3.15K","-0.75%"
"31-07-2019","4,401.50","4,328.00","4,434.00","4,327.50","4.65K","2.24%"
"30-07-2019","4,305.00","4,310.00","4,331.00","4,295.00","2.21K","0.24%"
"29-07-2019","4,294.50","4,225.00","4,305.00","4,225.00","1.70K","0.99%"
"26-07-2019","4,252.50","4,260.00","4,274.00","4,250.00","1.19K","-1.05%"
"25-07-2019","4,297.50","4,290.00","4,305.00","4,260.00","3.43K","0.08%"
"24-07-2019","4,294.00","4,346.50","4,367.00","4,289.50","3.82K","-0.59%"
"23-07-2019","4,319.50","4,343.50","4,343.50","4,295.00","1.56K","-0.74%"
"22-07-2019","4,351.50","4,375.00","4,379.50","4,317.50","0.48K","-0.35%"
"19-07-2019","4,367.00","4,444.00","4,447.00","4,357.00","16.06K","-2.03%"
"18-07-2019","4,457.50","4,459.50","4,490.00","4,438.00","5.12K","-0.06%"
"17-07-2019","4,460.00","4,440.50","4,470.50","4,409.00","4.68K","0.02%"
"16-07-2019","4,459.00","4,440.00","4,476.00","4,430.00","4.77K","0.76%"
"15-07-2019","4,425.50","4,487.00","4,503.00","4,415.00","6.70K","-1.43%"
"12-07-2019","4,489.50","4,473.50","4,514.00","4,445.00","2.70K","0.26%"
"11-07-2019","4,478.00","4,481.00","4,526.00","4,470.00","3.79K","0.17%"
"10-07-2019","4,470.50","4,500.00","4,503.50","4,460.00","3.54K","-0.68%"
"09-07-2019","4,501.00","4,461.00","4,505.00","4,434.00","2.31K","1.41%"
"08-07-2019","4,438.50","4,430.00","4,465.50","4,422.00","1.25K","0.54%"
"05-07-2019","4,414.50","4,444.00","4,478.50","4,411.00","2.18K","-0.50%"
"04-07-2019","4,436.50","4,359.00","4,450.00","4,359.00","1.17K","1.60%"
"03-07-2019","4,366.50","4,370.00","4,389.00","4,360.00","0.76K","-0.33%"
"02-07-2019","4,381.00","4,397.50","4,430.50","4,363.50","1.58K","0.10%"
"01-07-2019","4,376.50","4,293.00","4,409.50","4,293.00","0.35K","2.22%"
"28-06-2019","4,281.50","4,275.00","4,290.00","4,275.00","0.09K","0.42%"
"27-06-2019","4,263.50","4,277.50","4,286.00","4,250.00","1.79K","-0.65%"
"26-06-2019","4,291.50","4,340.00","4,340.00","4,280.00","1.71K","-1.74%"
"25-06-2019","4,367.50","4,354.50","4,375.00","4,354.50","0.21K","0.30%"
"24-06-2019","4,354.50","4,356.50","4,372.00","4,340.00","0.09K","-0.39%"
"21-06-2019","4,371.50","4,385.50","4,385.50","4,363.50","0.05K","1.02%"
"20-06-2019","4,327.50","4,320.00","4,347.50","4,312.00","7.98K","0.32%"
"19-06-2019","4,313.50","4,331.50","4,383.00","4,305.00","12.52K","-0.42%"
"18-06-2019","4,331.50","4,250.00","4,345.00","4,237.00","9.89K","1.42%"
"17-06-2019","4,271.00","4,314.00","4,322.00","4,247.00","5.42K","-0.93%"
"14-06-2019","4,311.00","4,330.00","4,338.00","4,265.50","4.96K","-0.40%"
"13-06-2019","4,328.50","4,265.00","4,349.50","4,265.00","5.24K","0.53%"
"12-06-2019","4,305.50","4,280.50","4,309.00","4,273.50","4.78K","0.57%"
"11-06-2019","4,281.00","4,269.50","4,288.50","4,221.00","5.45K","0.32%"
"10-06-2019","4,267.50","4,317.50","4,340.00","4,260.00","1.81K","-1.30%"
"07-06-2019","4,323.50","4,318.00","4,340.00","4,300.00","2.90K","0.26%"
"06-06-2019","4,312.50","4,391.50","4,409.50","4,300.50","3.80K","-1.75%"
"04-06-2019","4,389.50","4,408.50","4,415.00","4,332.50","1.76K","-0.42%"
"03-06-2019","4,408.00","4,385.00","4,431.00","4,384.00","2.24K","-0.11%"
"31-05-2019","4,413.00","4,412.00","4,446.00","4,372.00","3.04K","-0.37%"
"30-05-2019","4,429.50","4,428.00","4,440.50","4,417.00","1.31K","0.27%"
"29-05-2019","4,417.50","4,425.50","4,425.50","4,410.00","2.11K","-0.70%"
"28-05-2019","4,448.50","4,478.50","4,508.50","4,418.00","4.12K","-0.96%"
"27-05-2019","4,491.50","4,547.00","4,550.00","4,486.00","2.18K","-1.89%"
"24-05-2019","4,578.00","4,570.50","4,595.00","4,558.50","1.32K","0.42%"
"23-05-2019","4,559.00","4,545.00","4,580.00","4,483.00","2.55K","-0.12%"
"22-05-2019","4,564.50","4,563.00","4,570.00","4,556.00","1.65K","0.35%"
"21-05-2019","4,548.50","4,546.50","4,560.00","4,535.00","0.74K","2.10%"
"20-05-2019","4,455.00","4,476.00","4,481.50","4,450.50","5.44K","-0.22%"
"17-05-2019","4,465.00","4,520.00","4,521.00","4,459.00","10.53K","-1.35%"
"16-05-2019","4,526.00","4,534.00","4,557.50","4,503.00","3.80K","0.02%"
"15-05-2019","4,525.00","4,538.50","4,549.00","4,519.00","3.92K","-0.52%"
"14-05-2019","4,548.50","4,544.00","4,571.50","4,534.50","3.93K","-0.41%"
"13-05-2019","4,567.00","4,520.00","4,608.00","4,518.00","2.76K","1.39%"
"10-05-2019","4,504.50","4,528.50","4,528.50","4,495.00","2.79K","-0.48%"
"09-05-2019","4,526.00","4,535.50","4,547.00","4,513.00","1.40K","-0.37%"
"08-05-2019","4,543.00","4,557.50","4,557.50","4,531.00","0.84K","-0.55%"
"07-05-2019","4,568.00","4,552.00","4,588.50","4,552.00","2.87K","0.32%"
"06-05-2019","4,553.50","4,500.00","4,564.00","4,500.00","1.59K","0.93%"
"03-05-2019","4,511.50","4,505.00","4,532.00","4,486.00","1.11K","-0.10%"
"02-05-2019","4,516.00","4,472.50","4,528.50","4,460.00","1.47K","1.48%"
"30-04-2019","4,450.00","4,456.00","4,479.50","4,392.00","1.43K","-0.65%"
"26-04-2019","4,479.00","4,473.00","4,488.00","4,421.00","1.30K","-0.89%"
"25-04-2019","4,519.00","4,513.00","4,529.00","4,501.00","0.66K","0.85%"
"24-04-2019","4,481.00","4,481.00","4,481.00","4,481.00","0.06K","0.38%"
"23-04-2019","4,464.00","4,464.00","4,464.00","4,464.00","","0.16%"
"22-04-2019","4,457.00","4,457.00","4,457.00","4,457.00","","0.48%"
"18-04-2019","4,435.50","4,435.50","4,435.50","4,435.50","","0.40%"
"16-04-2019","4,418.00","4,502.00","4,506.00","4,384.50","7.70K","-2.13%"
"15-04-2019","4,514.00","4,523.00","4,551.00","4,500.00","4.00K","-0.95%"
"12-04-2019","4,557.50","4,541.00","4,579.00","4,540.00","2.09K","0.14%"
"11-04-2019","4,551.00","4,571.00","4,586.00","4,534.00","2.52K","-0.58%"
"10-04-2019","4,577.50","4,500.00","4,594.00","4,500.00","5.21K","1.65%"
"09-04-2019","4,503.00","4,542.00","4,549.00","4,493.50","1.58K","-0.55%"
"08-04-2019","4,528.00","4,556.50","4,562.00","4,520.00","1.47K","-0.37%"
"05-04-2019","4,545.00","4,550.00","4,600.00","4,540.00","4.14K","0.06%"
"04-04-2019","4,542.50","4,540.50","4,555.00","4,525.00","1.37K","0.17%"
"03-04-2019","4,535.00","4,577.00","4,611.00","4,530.00","2.24K","-1.03%"
"02-04-2019","4,582.00","4,500.00","4,592.00","4,500.00","2.64K","2.00%"
"01-04-2019","4,492.00","4,480.00","4,516.00","4,480.00","0.45K","0.26%"
"29-03-2019","4,480.50","4,467.00","4,484.50","4,452.00","1.41K","0.22%"
"28-03-2019","4,470.50","4,505.00","4,505.00","4,455.00","2.08K","-1.69%"
"27-03-2019","4,547.50","4,537.00","4,567.50","4,513.50","1.67K","0.48%"
"26-03-2019","4,526.00","4,498.50","4,551.00","4,485.00","0.61K","0.59%"
"25-03-2019","4,499.50","4,498.50","4,509.00","4,492.50","0.33K","-0.30%"
"22-03-2019","4,513.00","4,511.00","4,519.50","4,495.00","0.31K","1.83%"
"20-03-2019","4,432.00","4,435.00","4,440.00","4,427.00","0.08K","1.33%"
"19-03-2019","4,374.00","4,360.00","4,390.50","4,342.50","4.71K","0.39%"
"18-03-2019","4,357.00","4,344.50","4,370.00","4,335.00","4.52K","0.53%"
"15-03-2019","4,334.00","4,375.50","4,380.00","4,314.00","3.74K","-0.81%"
"14-03-2019","4,369.50","4,372.00","4,403.00","4,361.00","2.40K","-0.05%"
"13-03-2019","4,371.50","4,351.00","4,382.00","4,331.00","2.42K","0.48%"
"12-03-2019","4,350.50","4,384.50","4,399.00","4,343.50","3.17K","-0.55%"
"11-03-2019","4,374.50","4,362.00","4,414.00","4,362.00","2.76K","0.23%"
"08-03-2019","4,364.50","4,262.00","4,380.00","4,258.00","3.66K","2.63%"
"07-03-2019","4,252.50","4,256.00","4,264.00","4,242.50","1.43K","0.04%"
"06-03-2019","4,251.00","4,243.50","4,258.00","4,243.50","1.73K","-0.04%"
"05-03-2019","4,252.50","4,281.00","4,281.00","4,249.00","0.44K","-0.71%"
"01-03-2019","4,283.00","4,275.50","4,290.00","4,275.50","0.54K","0.63%"
"28-02-2019","4,256.00","4,260.50","4,265.00","4,248.00","0.49K","0.15%"
"27-02-2019","4,249.50","4,250.00","4,258.50","4,240.00","0.36K","0.19%"
"26-02-2019","4,241.50","4,253.50","4,262.00","4,216.50","0.18K","-1.13%"
"25-02-2019","4,290.00","4,315.00","4,315.00","4,285.00","0.43K","-0.39%"
"22-02-2019","4,307.00","4,315.00","4,315.00","4,301.00","0.05K","-0.47%"
"21-02-2019","4,327.50","4,315.00","4,363.50","4,313.00","0.17K","1.85%"
"20-02-2019","4,249.00","4,268.50","4,272.00","4,231.50","3.51K","-0.45%"
"19-02-2019","4,268.00","4,303.00","4,312.00","4,252.00","2.34K","-0.63%"
"18-02-2019","4,295.00","4,301.50","4,305.00","4,279.00","2.95K","-1.71%"
"15-02-2019","4,369.50","4,375.00","4,400.50","4,346.00","0.47K","0.06%"
"14-02-2019","4,367.00","4,367.00","4,367.00","4,367.00","0.03K","-0.13%"
"13-02-2019","4,372.50","4,373.50","4,380.00","4,365.00","1.61K","0.69%"
"12-02-2019","4,342.50","4,353.50","4,353.50","4,336.50","0.29K","-0.60%"
"11-02-2019","4,368.50","4,292.00","4,399.00","4,269.50","0.36K","1.24%"
"08-02-2019","4,315.00","4,320.50","4,320.50","4,309.00","0.02K","0.07%"
"07-02-2019","4,312.00","4,312.00","4,312.00","4,312.00","0.09K","1.10%"
"06-02-2019","4,265.00","4,265.00","4,265.00","4,265.00","0.01K","-3.01%"
"05-02-2019","4,397.50","4,397.50","4,397.50","4,397.50","","-0.52%"
"04-02-2019","4,420.50","4,420.50","4,420.50","4,420.50","","-1.94%"
"01-02-2019","4,508.00","4,508.00","4,508.00","4,508.00","","1.09%"
"31-01-2019","4,459.50","4,459.50","4,459.50","4,459.50","","-0.89%"
"30-01-2019","4,499.50","4,500.00","4,500.00","4,481.50","0.21K","0.82%"
"29-01-2019","4,463.00","4,463.00","4,463.00","4,463.00","","1.56%"
"28-01-2019","4,394.50","4,394.50","4,394.50","4,394.50","","-1.40%"
"25-01-2019","4,457.00","4,457.00","4,457.00","4,457.00","","-0.11%"
"24-01-2019","4,462.00","4,462.00","4,462.00","4,462.00","","-1.70%"
"23-01-2019","4,539.00","4,539.00","4,539.00","4,539.00","","1.19%"
"22-01-2019","4,485.50","4,485.50","4,485.50","4,485.50","","-1.74%"
"21-01-2019","4,565.00","4,565.00","4,565.00","4,565.00","","3.89%"
"18-01-2019","4,394.00","4,432.50","4,439.00","4,352.00","7.30K","-0.68%"
"17-01-2019","4,424.00","4,363.00","4,432.00","4,327.00","4.35K","1.29%"
"16-01-2019","4,367.50","4,381.00","4,391.50","4,357.00","2.68K","0.05%"
"15-01-2019","4,365.50","4,384.00","4,401.00","4,355.00","2.96K","-0.58%"
"14-01-2019","4,391.00","4,268.00","4,415.00","4,268.00","5.76K","3.23%"
"11-01-2019","4,253.50","4,219.00","4,268.00","4,219.00","5.27K","0.28%"
"10-01-2019","4,241.50","4,333.50","4,354.00","4,225.00","3.11K","-1.75%"
"09-01-2019","4,317.00","4,315.50","4,335.00","4,297.50","2.04K","0.24%"
"08-01-2019","4,306.50","4,445.00","4,452.00","4,294.50","3.14K","-3.51%"
"07-01-2019","4,463.00","4,439.00","4,486.50","4,428.00","2.63K","0.98%"
"04-01-2019","4,419.50","4,409.00","4,448.00","4,375.00","1.20K","0.75%"
"03-01-2019","4,386.50","4,383.00","4,398.00","4,355.00","1.15K","-0.42%"
"02-01-2019","4,405.00","4,401.00","4,418.00","4,363.50","1.55K","-0.24%"
"01-01-2019","4,415.50","4,430.00","4,452.00","4,392.00","1.21K","0.01%"
"31-12-2018","4,415.00","4,346.50","4,443.00","4,328.00","0.85K","1.96%"
"28-12-2018","4,330.00","4,317.00","4,368.00","4,310.00","0.75K","-0.37%"
"27-12-2018","4,346.00","4,368.50","4,371.00","4,310.00","0.42K","1.86%"
"26-12-2018","4,266.50","4,243.00","4,355.00","4,243.00","0.90K","-1.85%"
"24-12-2018","4,347.00","4,393.50","4,394.50","4,300.00","0.64K","-1.22%"
"21-12-2018","4,400.50","4,397.50","4,448.00","4,382.50","0.45K","1.44%"
"20-12-2018","4,338.00","4,328.50","4,360.00","4,306.00","7.48K","-0.06%"
"19-12-2018","4,340.50","4,273.50","4,350.00","4,250.00","6.85K","0.82%"
"18-12-2018","4,305.00","4,437.50","4,438.50","4,284.50","13.72K","-3.32%"
"17-12-2018","4,453.00","4,467.50","4,496.00","4,445.50","7.56K","-0.01%"
"14-12-2018","4,453.50","4,474.00","4,494.00","4,433.00","1.88K","-0.30%"
"13-12-2018","4,467.00","4,471.00","4,499.00","4,462.50","1.85K","-0.57%"
"12-12-2018","4,492.50","4,464.00","4,514.50","4,448.00","3.72K","0.76%"
"11-12-2018","4,458.50","4,491.50","4,496.50","4,450.00","1.80K","0.03%"
"10-12-2018","4,457.00","4,447.00","4,487.00","4,445.00","4.43K","0.42%"
"07-12-2018","4,438.50","4,435.00","4,446.00","4,411.50","1.00K","0.60%"
"06-12-2018","4,412.00","4,428.50","4,465.00","4,392.50","2.21K","-1.02%"
"05-12-2018","4,457.50","4,459.50","4,477.00","4,430.00","1.36K","-0.91%"
"04-12-2018","4,498.50","4,462.50","4,540.00","4,444.00","1.34K","0.57%"
"03-12-2018","4,473.00","4,457.50","4,490.00","4,433.00","1.13K","1.49%"
"30-11-2018","4,407.50","4,381.00","4,428.00","4,381.00","0.29K","0.79%"
"29-11-2018","4,373.00","4,431.50","4,437.50","4,326.00","0.61K","-1.83%"
"28-11-2018","4,454.50","4,415.50","4,490.00","4,411.00","0.84K","1.00%"
"27-11-2018","4,410.50","4,405.50","4,429.00","4,351.00","0.93K","0.35%"
"26-11-2018","4,395.00","4,555.00","4,555.00","4,395.00","0.40K","-2.99%"
"22-11-2018","4,530.50","4,529.00","4,552.00","4,510.50","0.07K","-0.94%"
"21-11-2018","4,573.50","4,607.50","4,637.00","4,512.50","0.24K","0.09%"
"20-11-2018","4,569.50","4,562.50","4,593.50","4,503.00","13.62K","0.12%"
"19-11-2018","4,564.00","4,702.00","4,741.00","4,564.00","15.93K","-3.00%"
"16-11-2018","4,705.00","4,785.00","4,810.00","4,682.00","15.77K","-1.70%"
"15-11-2018","4,786.50","4,740.00","4,814.00","4,740.00","8.77K","0.57%"
"14-11-2018","4,759.50","4,815.00","4,815.00","4,728.50","9.06K","-1.53%"
"13-11-2018","4,833.50","4,860.00","4,900.00","4,825.00","8.98K","-0.71%"
"12-11-2018","4,868.00","4,879.00","4,975.50","4,855.00","10.95K","-0.07%"
"09-11-2018","4,871.50","4,739.00","4,930.00","4,709.00","6.55K","2.27%"
"07-11-2018","4,763.50","4,758.50","4,784.00","4,750.50","0.43K","-0.15%"
"06-11-2018","4,770.50","4,760.00","4,797.00","4,740.00","4.51K","-0.83%"
"05-11-2018","4,810.50","4,824.00","4,867.50","4,772.50","2.00K","0.10%"
"02-11-2018","4,805.50","4,667.00","4,815.50","4,651.00","2.10K","2.32%"
"01-11-2018","4,696.50","4,755.00","4,776.00","4,674.00","1.50K","-1.31%"
"31-10-2018","4,759.00","4,774.00","4,794.00","4,746.50","1.27K","-1.00%"
"30-10-2018","4,807.00","4,852.00","4,857.50","4,769.50","2.74K","-1.31%"
"29-10-2018","4,871.00","4,863.50","4,904.00","4,835.00","3.02K","0.07%"
"26-10-2018","4,867.50","4,908.00","4,915.50","4,836.00","0.28K","1.36%"
"25-10-2018","4,802.00","4,789.50","4,910.50","4,736.00","1.35K","0.31%"
"24-10-2018","4,787.00","4,788.00","4,819.50","4,771.00","1.09K","-0.47%"
"23-10-2018","4,809.50","4,785.00","4,866.50","4,779.50","0.33K","0.99%"
"22-10-2018","4,762.50","4,661.00","4,780.00","4,661.00","0.59K","1.96%"
"19-10-2018","4,671.00","4,697.00","4,697.00","4,651.50","0.24K","-0.27%"
"17-10-2018","4,683.50","4,684.00","4,686.50","4,672.00","0.08K","4.57%"
"16-10-2018","4,479.00","4,480.00","4,523.00","4,461.00","8.94K","0.02%"
"15-10-2018","4,478.00","4,355.00","4,503.00","4,355.00","15.95K","2.62%"
"12-10-2018","4,363.50","4,330.00","4,385.00","4,324.50","12.96K","1.12%"
"11-10-2018","4,315.00","4,311.50","4,336.00","4,304.50","4.30K","-0.47%"
"10-10-2018","4,335.50","4,317.00","4,361.00","4,283.50","3.58K","0.42%"
"09-10-2018","4,317.50","4,323.00","4,330.00","4,306.50","0.90K","0.15%"
"08-10-2018","4,311.00","4,321.00","4,340.00","4,299.50","1.75K","-0.95%"
"05-10-2018","4,352.50","4,383.00","4,390.00","4,340.00","1.52K","-0.91%"
"04-10-2018","4,392.50","4,382.00","4,432.00","4,382.00","1.52K","0.42%"
"03-10-2018","4,374.00","4,349.50","4,383.00","4,334.50","1.10K","-0.31%"
"01-10-2018","4,387.50","4,423.00","4,423.00","4,381.00","0.33K","-0.18%"
"28-09-2018","4,395.50","4,371.50","4,430.00","4,371.50","0.33K","-0.06%"
"27-09-2018","4,398.00","4,393.00","4,419.00","4,366.00","0.51K","-0.34%"
"26-09-2018","4,413.00","4,425.00","4,436.00","4,390.00","0.24K","0.64%"
"25-09-2018","4,385.00","4,384.00","4,403.00","4,347.00","1.22K","-0.86%"
"24-09-2018","4,423.00","4,447.50","4,456.00","4,352.50","1.94K","-0.03%"
"21-09-2018","4,424.50","4,396.00","4,432.50","4,396.00","1.01K","-0.39%"
"19-09-2018","4,442.00","4,442.00","4,464.00","4,416.00","0.52K","2.41%"
"18-09-2018","4,337.50","4,314.50","4,410.00","4,297.00","0.52K","1.30%"
"17-09-2018","4,282.00","4,303.50","4,303.50","4,261.00","0.28K","-2.52%"
"14-09-2018","4,392.50","4,390.00","4,403.50","4,390.00","0.10K","-0.60%"
"12-09-2018","4,419.00","4,419.00","4,419.00","4,419.00","0.01K","1.27%"
"11-09-2018","4,363.50","4,363.50","4,363.50","4,363.50","0.02K","-1.52%"
"10-09-2018","4,431.00","4,424.00","4,438.00","4,424.00","0.02K","0.67%"
"07-09-2018","4,401.50","4,388.50","4,415.50","4,388.50","0.05K","-1.76%"
"06-09-2018","4,480.50","4,501.00","4,501.00","4,460.00","0.02K","1.81%"
"05-09-2018","4,401.00","4,400.00","4,402.00","4,400.00","0.03K","-0.45%"
"04-09-2018","4,421.00","4,450.00","4,450.00","4,400.00","0.08K","-1.83%"
"03-09-2018","4,503.50","4,503.50","4,503.50","4,503.50","0.01K","0.27%"
"31-08-2018","4,491.50","4,416.50","4,491.50","4,411.00","0.09K","3.99%"
"30-08-2018","4,319.00","4,302.00","4,340.00","4,302.00","0.03K","2.07%"
"29-08-2018","4,231.50","4,285.00","4,285.00","4,190.50","0.08K","-0.02%"
"28-08-2018","4,232.50","4,232.50","4,232.50","4,232.50","","-2.51%"
"27-08-2018","4,341.50","4,422.00","4,425.00","4,259.00","0.05K","-1.09%"
"24-08-2018","4,389.50","4,397.00","4,400.50","4,360.00","0.18K","-2.21%"
"23-08-2018","4,488.50","4,518.00","4,518.00","4,481.00","0.09K","-2.66%"
"21-08-2018","4,611.00","4,620.00","4,620.00","4,602.00","0.02K","-1.21%"
"20-08-2018","4,667.50","4,641.00","4,694.00","4,641.00","0.02K","-0.10%"
"17-08-2018","4,672.00","4,672.00","4,672.00","4,672.00","","-0.28%"
"16-08-2018","4,685.00","4,685.00","4,685.00","4,685.00","0.02K","3.89%"
"14-08-2018","4,509.50","4,460.00","4,563.00","4,460.00","0.10K","0.57%"
"13-08-2018","4,484.00","4,484.00","4,484.00","4,484.00","","-3.99%"
"10-08-2018","4,670.50","4,670.50","4,670.50","4,670.50","","4.00%"
"09-08-2018","4,491.00","4,491.00","4,491.00","4,491.00","","1.21%"
"08-08-2018","4,437.50","4,437.50","4,437.50","4,437.50","","-0.06%"
"07-08-2018","4,440.00","4,440.00","4,440.00","4,440.00","","-0.83%"
"06-08-2018","4,477.00","4,477.00","4,477.00","4,477.00","0.03K","-0.68%"
"03-08-2018","4,507.50","4,507.50","4,507.50","4,507.50","","-1.48%"
"02-08-2018","4,575.00","4,575.00","4,575.00","4,575.00","","1.37%"
"01-08-2018","4,513.00","4,513.00","4,513.00","4,513.00","","-0.01%"
"31-07-2018","4,513.50","4,513.50","4,513.50","4,513.50","","2.08%"
"30-07-2018","4,421.50","4,421.50","4,421.50","4,421.50","","2.01%"
"27-07-2018","4,334.50","4,334.50","4,334.50","4,334.50","","2.90%"
"26-07-2018","4,212.50","4,212.50","4,212.50","4,212.50","","0.73%"
"25-07-2018","4,182.00","4,182.00","4,182.00","4,182.00","","-1.59%"
"24-07-2018","4,249.50","4,249.50","4,249.50","4,249.50","","-1.16%"
"23-07-2018","4,299.50","4,299.50","4,299.50","4,299.50","0.01K","-1.43%"
"20-07-2018","4,362.00","4,344.00","4,430.00","4,318.00","2.38K","0.44%"
"19-07-2018","4,343.00","4,363.00","4,377.00","4,327.00","2.41K","-0.46%"
"18-07-2018","4,363.00","4,231.00","4,363.00","4,231.00","4.11K","3.99%"
"17-07-2018","4,195.50","4,197.00","4,258.00","4,171.00","1.83K","-1.46%"
"16-07-2018","4,257.50","4,240.00","4,351.00","4,235.50","1.75K","0.78%"
"13-07-2018","4,224.50","4,178.00","4,240.50","4,095.50","2.21K","0.42%"
"12-07-2018","4,207.00","4,250.00","4,283.50","4,189.50","1.83K","-1.09%"
"11-07-2018","4,253.50","4,165.00","4,265.00","4,140.00","0.44K","1.15%"
"10-07-2018","4,205.00","4,265.00","4,282.00","4,159.00","0.21K","-1.91%"
"09-07-2018","4,287.00","4,210.00","4,311.00","4,176.50","0.89K","0.87%"
"06-07-2018","4,250.00","4,249.00","4,270.00","4,221.00","0.10K","1.48%"
"05-07-2018","4,188.00","4,188.00","4,188.00","4,188.00","","4.00%"
"04-07-2018","4,027.00","4,027.00","4,027.00","4,027.00","","-0.19%"
"03-07-2018","4,034.50","4,034.50","4,034.50","4,034.50","","-0.52%"
"02-07-2018","4,055.50","4,055.50","4,055.50","4,055.50","","-0.59%"
"29-06-2018","4,079.50","3,961.00","4,105.00","3,958.00","0.32K","2.49%"
"28-06-2018","3,980.50","3,990.00","3,990.00","3,971.00","0.07K","0.78%"
"27-06-2018","3,949.50","3,911.00","3,949.50","3,911.00","0.08K","3.99%"
"26-06-2018","3,798.00","3,792.00","3,810.00","3,783.00","0.14K","0.62%"
"25-06-2018","3,774.50","3,800.00","3,800.00","3,754.50","0.08K","-2.48%"
"22-06-2018","3,870.50","3,870.50","3,870.50","3,870.50","","0.00%"
"21-06-2018","3,870.50","3,870.50","3,870.50","3,870.50","","0.97%"
"20-06-2018","3,833.50","3,823.50","3,850.00","3,821.50","3.19K","0.21%"
"19-06-2018","3,825.50","3,814.00","3,836.00","3,784.50","5.58K","0.84%"
"18-06-2018","3,793.50","3,827.50","3,864.00","3,785.00","7.89K","-2.17%"
"15-06-2018","3,877.50","3,898.00","3,939.00","3,872.00","5.26K","-0.10%"
"14-06-2018","3,881.50","3,833.50","3,889.00","3,825.00","4.29K","1.64%"
"13-06-2018","3,819.00","3,788.50","3,850.00","3,787.00","2.41K","1.21%"
"12-06-2018","3,773.50","3,793.50","3,823.00","3,765.00","1.28K","0.07%"
"11-06-2018","3,771.00","3,803.00","3,832.50","3,764.00","2.05K","-0.93%"
"08-06-2018","3,806.50","3,760.00","3,829.00","3,753.00","1.87K","1.71%"
"07-06-2018","3,742.50","3,717.00","3,780.00","3,715.00","2.32K","-0.41%"
"06-06-2018","3,758.00","3,760.00","3,794.00","3,741.00","1.73K","0.52%"
"05-06-2018","3,738.50","3,730.00","3,770.00","3,700.00","0.90K","-0.41%"
"04-06-2018","3,754.00","3,831.00","3,842.00","3,744.00","2.07K","-2.86%"
"01-06-2018","3,864.50","3,800.00","3,890.00","3,785.00","3.33K","-0.46%"
"18-05-2018","3,882.50","3,912.50","3,940.00","3,861.00","5.70K","-0.98%"
"17-05-2018","3,921.00","3,925.00","3,942.00","3,902.00","3.32K","-0.43%"
"16-05-2018","3,938.00","3,963.50","3,987.00","3,915.00","5.42K","-0.99%"
"15-05-2018","3,977.50","3,874.00","3,985.00","3,836.00","5.74K","2.80%"
"14-05-2018","3,869.00","3,901.00","3,906.00","3,855.00","4.49K","-0.31%"
"11-05-2018","3,881.00","3,851.00","3,896.00","3,850.00","3.21K","1.12%"
"10-05-2018","3,838.00","3,892.00","3,917.00","3,829.50","3.70K","-1.43%"
"09-05-2018","3,893.50","3,851.00","3,904.50","3,850.00","2.53K","1.27%"
"08-05-2018","3,844.50","3,885.00","3,906.00","3,833.00","3.89K","-1.12%"
"07-05-2018","3,888.00","3,853.00","3,908.00","3,813.50","2.80K","2.01%"
"04-05-2018","3,811.50","3,820.00","3,860.00","3,775.00","2.31K","-2.78%"
"03-05-2018","3,920.50","3,929.50","3,943.50","3,850.00","2.32K","1.07%"
"02-05-2018","3,879.00","3,910.00","3,921.00","3,831.50","1.55K","-0.49%"
"30-04-2018","3,898.00","3,998.00","4,006.00","3,898.00","2.51K","-3.99%"
"27-04-2018","4,060.00","4,184.00","4,184.00","4,060.00","1.83K","-4.00%"
"26-04-2018","4,229.00","4,254.50","4,259.00","4,208.50","1.03K","-0.41%"
"25-04-2018","4,246.50","4,255.00","4,262.50","4,232.50","1.03K","-0.89%"
"24-04-2018","4,284.50","4,273.00","4,285.00","4,250.00","2.07K","-0.84%"
"23-04-2018","4,321.00","4,313.00","4,344.00","4,301.50","5.08K","1.66%"
"20-04-2018","4,250.50","4,207.50","4,275.50","4,207.50","11.99K","1.01%"
"19-04-2018","4,208.00","4,146.50","4,245.00","4,146.50","6.84K","1.07%"
"18-04-2018","4,163.50","4,186.00","4,190.00","4,149.50","4.82K","-0.17%"
"17-04-2018","4,170.50","4,014.00","4,175.00","4,014.00","6.03K","0.80%"
"16-04-2018","4,137.50","4,151.00","4,159.00","4,124.00","1.93K","-0.42%"
"13-04-2018","4,155.00","4,151.00","4,179.50","4,132.00","5.77K","-0.06%"
"12-04-2018","4,157.50","4,226.00","4,226.00","4,145.50","3.57K","-1.06%"
"11-04-2018","4,202.00","4,128.00","4,220.00","4,117.00","6.06K","2.00%"
"10-04-2018","4,119.50","4,105.50","4,131.00","4,077.00","6.91K","0.15%"
"09-04-2018","4,113.50","4,176.50","4,181.50","4,094.00","6.50K","-1.51%"
"06-04-2018","4,176.50","4,163.50","4,197.00","4,152.00","0.95K","0.48%"
"05-04-2018","4,156.50","4,144.00","4,180.00","4,132.00","0.80K","0.31%"
"04-04-2018","4,143.50","4,143.00","4,157.00","4,127.00","1.54K","-0.61%"
"03-04-2018","4,169.00","4,127.00","4,170.00","4,119.00","1.02K","0.69%"
"02-04-2018","4,140.50","4,205.00","4,217.00","4,129.50","0.66K","-1.11%"
"28-03-2018","4,187.00","4,131.00","4,191.50","4,106.50","1.57K","0.12%"
"27-03-2018","4,182.00","4,255.00","4,255.00","4,144.00","0.56K","-1.47%"
"26-03-2018","4,244.50","4,235.00","4,261.00","4,229.50","0.19K","0.30%"
"23-03-2018","4,232.00","4,271.00","4,271.00","4,220.00","2.70K","-1.42%"
"22-03-2018","4,293.00","4,301.00","4,314.00","4,275.50","1.48K","0.33%"
"21-03-2018","4,279.00","4,272.00","4,296.00","4,263.00","0.45K","1.75%"
"20-03-2018","4,205.50","4,222.00","4,240.00","4,185.00","9.32K","-0.83%"
"19-03-2018","4,240.50","4,288.00","4,300.00","4,222.50","7.26K","-1.50%"
"16-03-2018","4,305.00","4,288.00","4,317.00","4,220.00","13.83K","0.33%"
"15-03-2018","4,291.00","4,316.50","4,340.00","4,287.00","3.88K","-0.96%"
"14-03-2018","4,332.50","4,350.50","4,371.00","4,320.00","8.57K","-0.05%"
"13-03-2018","4,334.50","4,265.00","4,340.00","4,257.50","6.41K","1.57%"
"12-03-2018","4,267.50","4,267.50","4,287.00","4,226.50","5.95K","-0.47%"
"09-03-2018","4,287.50","4,249.00","4,298.00","4,222.00","9.53K","0.82%"
"08-03-2018","4,252.50","4,250.50","4,271.50","4,230.00","7.16K","-0.74%"
"07-03-2018","4,284.00","4,312.00","4,358.00","4,270.00","5.96K","-1.15%"
"06-03-2018","4,334.00","4,347.00","4,350.50","4,251.00","4.14K","-0.79%"
"05-03-2018","4,368.50","4,401.00","4,401.00","4,353.50","1.56K","0.07%"
"01-03-2018","4,365.50","4,361.50","4,404.00","4,323.50","1.31K","1.05%"
"28-02-2018","4,320.00","4,290.00","4,345.00","4,290.00","0.95K","-0.07%"
"27-02-2018","4,323.00","4,330.00","4,354.00","4,293.00","1.35K","-0.03%"
"26-02-2018","4,324.50","4,345.00","4,356.00","4,280.00","0.72K","-0.88%"
"23-02-2018","4,363.00","4,551.00","4,551.00","4,349.00","1.53K","-3.52%"
"22-02-2018","4,522.00","4,522.00","4,535.00","4,504.50","0.49K","0.22%"
"21-02-2018","4,512.00","4,484.00","4,540.00","4,475.00","0.46K","1.47%"
"20-02-2018","4,446.50","4,421.00","4,463.00","4,377.00","15.14K","0.26%"
"19-02-2018","4,435.00","4,550.50","4,565.00","4,405.00","15.16K","-1.42%"
"16-02-2018","4,499.00","4,428.00","4,518.00","4,428.00","21.83K","2.10%"
"15-02-2018","4,406.50","4,434.00","4,463.50","4,383.00","7.75K","0.00%"
"14-02-2018","4,406.50","4,472.00","4,487.00","4,397.00","8.58K","-2.20%"
"12-02-2018","4,505.50","4,566.00","4,573.00","4,475.50","3.88K","-0.89%"
"09-02-2018","4,546.00","4,476.00","4,581.00","4,476.00","3.93K","0.88%"
"08-02-2018","4,506.50","4,580.00","4,580.00","4,482.00","4.27K","-2.10%"
"07-02-2018","4,603.00","4,621.50","4,634.00","4,581.00","3.47K","0.39%"
"06-02-2018","4,585.00","4,632.50","4,634.00","4,564.00","3.38K","-2.17%"
"05-02-2018","4,686.50","4,752.00","4,787.00","4,686.50","3.06K","-2.99%"
"02-02-2018","4,831.00","4,809.50","4,854.00","4,792.00","5.01K","1.06%"
"01-02-2018","4,780.50","4,728.00","4,793.00","4,714.50","1.65K","1.10%"
"31-01-2018","4,728.50","4,769.50","4,780.00","4,711.00","2.04K","-0.20%"
"30-01-2018","4,738.00","4,725.00","4,764.00","4,662.00","2.85K","-0.54%"
"29-01-2018","4,763.50","4,817.50","4,845.00","4,743.00","4.57K","0.51%"
"25-01-2018","4,739.50","4,706.50","4,769.50","4,706.50","3.20K","2.56%"
"24-01-2018","4,621.00","4,620.00","4,657.00","4,592.00","2.00K","0.26%"
"23-01-2018","4,609.00","4,559.50","4,686.50","4,559.50","5.24K","1.81%"
"22-01-2018","4,527.00","4,418.00","4,527.00","4,418.00","5.30K","4.51%"
"19-01-2018","4,331.50","4,294.00","4,364.00","4,250.50","19.79K","0.49%"
"18-01-2018","4,310.50","4,407.00","4,410.50","4,287.00","17.76K","-1.89%"
"17-01-2018","4,393.50","4,362.00","4,419.00","4,348.50","8.54K","0.38%"
"16-01-2018","4,377.00","4,429.50","4,433.00","4,362.00","11.60K","-1.33%"
"15-01-2018","4,436.00","4,460.00","4,475.00","4,421.00","14.37K","0.64%"
"12-01-2018","4,408.00","4,420.50","4,445.00","4,384.50","10.72K","-0.18%"
"11-01-2018","4,416.00","4,501.50","4,531.00","4,380.00","18.82K","-1.91%"
"10-01-2018","4,502.00","4,437.00","4,522.50","4,437.00","9.44K","1.63%"
"09-01-2018","4,430.00","4,446.00","4,462.50","4,415.00","3.83K","-0.37%"
"08-01-2018","4,446.50","4,378.00","4,485.00","4,375.00","6.12K","1.16%"
"05-01-2018","4,395.50","4,315.00","4,413.00","4,290.00","3.97K","1.88%"
"04-01-2018","4,314.50","4,301.00","4,340.00","4,301.00","1.70K","1.48%"
"03-01-2018","4,251.50","4,241.50","4,274.50","4,230.50","1.28K","-0.39%"
"02-01-2018","4,268.00","4,259.50","4,275.50","4,248.00","5.20K","1.46%"
"01-01-2018","4,206.50","4,190.00","4,255.00","4,174.00","0.30K","0.08%"
"29-12-2017","4,203.00","4,235.50","4,235.50","4,179.50","0.29K","-0.85%"
"28-12-2017","4,239.00","4,214.00","4,265.00","4,194.00","1.23K","0.45%"
"27-12-2017","4,220.00","4,210.00","4,240.00","4,210.00","0.18K","0.64%"
"26-12-2017","4,193.00","4,198.00","4,231.00","4,166.00","0.47K","0.64%"
"22-12-2017","4,166.50","4,173.00","4,189.00","4,144.00","3.04K","0.14%"
"21-12-2017","4,160.50","4,050.00","4,172.00","4,035.00","1.71K","4.05%"
"20-12-2017","3,998.50","4,010.00","4,026.00","3,965.00","19.89K","-0.26%"
"19-12-2017","4,009.00","3,960.50","4,023.00","3,960.50","9.72K","1.56%"
"18-12-2017","3,947.50","3,946.00","3,962.50","3,940.00","6.84K","0.43%"
"15-12-2017","3,930.50","3,922.00","3,935.50","3,890.00","8.80K","0.33%"
"14-12-2017","3,917.50","3,880.50","3,968.00","3,878.50","10.43K","0.73%"
"13-12-2017","3,889.00","3,869.50","3,900.00","3,839.00","10.89K","0.66%"
"12-12-2017","3,863.50","3,937.50","3,955.00","3,824.00","11.26K","-1.99%"
"11-12-2017","3,942.00","3,977.00","3,981.50","3,930.00","6.92K","-0.08%"
"08-12-2017","3,945.00","3,844.00","3,953.00","3,844.00","3.89K","1.05%"
"07-12-2017","3,904.00","3,965.00","3,965.00","3,895.50","5.29K","-1.80%"
"06-12-2017","3,975.50","4,004.50","4,008.50","3,945.50","4.04K","-0.25%"
"05-12-2017","3,985.50","4,065.00","4,065.00","3,977.50","3.98K","-1.65%"
"04-12-2017","4,052.50","4,017.00","4,099.00","4,006.00","3.07K","1.76%"
"01-12-2017","3,982.50","4,047.50","4,051.50","3,968.00","2.00K","-1.59%"
"30-11-2017","4,047.00","4,013.00","4,058.00","4,003.00","3.58K","1.00%"
"29-11-2017","4,007.00","4,019.00","4,024.00","3,987.00","2.02K","-0.27%"
"28-11-2017","4,018.00","4,038.50","4,075.50","4,009.00","2.38K","-0.70%"
"27-11-2017","4,046.50","3,969.50","4,063.00","3,969.50","3.17K","2.37%"
"24-11-2017","3,953.00","3,992.00","4,006.00","3,940.00","3.86K","-0.91%"
"23-11-2017","3,989.50","3,900.00","4,002.50","3,900.00","5.73K","2.66%"
"22-11-2017","3,886.00","3,881.00","3,907.00","3,880.00","7.32K","0.44%"
"21-11-2017","3,869.00","3,820.00","3,880.00","3,820.00","2.28K","3.39%"
"20-11-2017","3,742.00","3,749.00","3,777.00","3,732.00","15.99K","0.52%"
"17-11-2017","3,722.50","3,730.00","3,745.50","3,702.00","13.37K","-0.33%"
"16-11-2017","3,735.00","3,760.00","3,771.00","3,727.00","6.47K","-0.43%"
"15-11-2017","3,751.00","3,771.00","3,793.00","3,738.50","7.79K","-0.46%"
"14-11-2017","3,768.50","3,774.00","3,800.00","3,748.50","7.35K","-0.12%"
"13-11-2017","3,773.00","3,785.00","3,843.00","3,761.00","6.74K","-0.20%"
"10-11-2017","3,780.50","3,697.00","3,796.00","3,670.00","6.31K","2.31%"
"09-11-2017","3,695.00","3,764.00","3,778.00","3,684.00","5.64K","-1.72%"
"08-11-2017","3,759.50","3,739.50","3,786.00","3,739.50","4.50K","0.19%"
"07-11-2017","3,752.50","3,757.00","3,767.50","3,725.00","3.78K","-0.08%"
"06-11-2017","3,755.50","3,763.00","3,835.00","3,736.00","7.26K","-0.11%"
"03-11-2017","3,759.50","3,696.00","3,773.50","3,696.00","4.40K","1.48%"
"02-11-2017","3,704.50","3,687.00","3,710.00","3,675.00","5.36K","1.05%"
"01-11-2017","3,666.00","3,700.00","3,717.50","3,635.00","4.08K","-1.32%"
"31-10-2017","3,715.00","3,707.00","3,729.50","3,671.50","2.99K","0.57%"
"30-10-2017","3,694.00","3,778.00","3,788.00","3,673.00","4.99K","-2.17%"
"27-10-2017","3,776.00","3,849.50","3,849.50","3,765.50","2.76K","-1.86%"
"26-10-2017","3,847.50","3,830.00","3,862.00","3,821.00","2.36K","0.60%"
"25-10-2017","3,824.50","3,795.00","3,838.00","3,774.00","3.00K","0.33%"
"24-10-2017","3,812.00","3,850.00","3,850.00","3,788.00","2.81K","-2.31%"
"23-10-2017","3,902.00","3,897.00","3,918.00","3,863.00","1.28K","0.04%"
"19-10-2017","3,900.50","3,915.00","3,915.00","3,895.00","0.46K","0.79%"
"18-10-2017","3,870.00","3,866.00","3,899.00","3,843.00","15.42K","-0.22%"
"17-10-2017","3,878.50","3,918.50","3,953.50","3,868.00","16.48K","-0.88%"
"16-10-2017","3,913.00","3,846.00","3,929.00","3,785.00","27.56K","1.22%"
"13-10-2017","3,866.00","3,891.00","3,901.00","3,852.00","10.01K","-0.90%"
"12-10-2017","3,901.00","3,922.00","3,940.00","3,886.00","10.59K","-0.96%"
"11-10-2017","3,939.00","3,949.00","3,972.00","3,915.00","16.34K","-0.28%"
"10-10-2017","3,950.00","3,850.00","3,950.00","3,845.00","14.49K","3.97%"
"09-10-2017","3,799.00","3,806.00","3,820.00","3,758.00","6.86K","-0.73%"
"06-10-2017","3,827.00","3,842.00","3,857.00","3,810.00","4.68K","-0.05%"
"05-10-2017","3,829.00","3,782.00","3,840.00","3,782.00","3.02K","2.22%"
"04-10-2017","3,746.00","3,753.00","3,792.00","3,726.00","1.88K","-0.21%"
"03-10-2017","3,754.00","3,846.00","3,846.00","3,754.00","2.97K","-3.00%"
"29-09-2017","3,870.00","3,859.00","3,880.00","3,833.00","1.92K","0.55%"
"28-09-2017","3,849.00","3,894.00","3,900.00","3,830.00","1.17K","-2.24%"
"27-09-2017","3,937.00","3,958.00","3,959.00","3,920.00","0.48K","0.18%"
"26-09-2017","3,930.00","3,910.00","3,959.00","3,910.00","0.32K","2.13%"
"25-09-2017","3,848.00","3,830.00","3,866.00","3,830.00","0.16K","-0.16%"
"22-09-2017","3,854.00","3,856.00","3,860.00","3,837.00","0.09K","-0.03%"
"21-09-2017","3,855.00","3,856.00","3,870.00","3,846.00","0.04K","0.29%"
"20-09-2017","3,844.00","3,855.00","3,890.00","3,805.00","0.21K","1.00%"
"19-09-2017","3,806.00","3,771.00","3,827.00","3,771.00","0.08K","1.44%"
"18-09-2017","3,752.00","3,802.00","3,802.00","3,698.00","0.10K","-1.05%"
"15-09-2017","3,792.00","3,825.00","3,825.00","3,752.00","0.07K","-1.38%"
"14-09-2017","3,845.00","3,845.00","3,845.00","3,845.00","","-4.00%"
"13-09-2017","4,005.00","4,020.00","4,040.00","3,980.00","0.06K","0.70%"
"12-09-2017","3,977.00","3,955.00","3,983.00","3,955.00","0.05K","-0.55%"
"11-09-2017","3,999.00","3,999.00","3,999.00","3,999.00","","0.63%"
"08-09-2017","3,974.00","3,974.00","3,974.00","3,974.00","0.10K","1.85%"
"07-09-2017","3,902.00","3,898.00","3,912.00","3,896.00","0.03K","0.85%"
"06-09-2017","3,869.00","3,848.00","3,880.00","3,848.00","0.09K","1.36%"
"05-09-2017","3,817.00","3,801.00","3,846.00","3,801.00","0.07K","-2.20%"
"04-09-2017","3,903.00","3,900.00","3,960.00","3,872.00","0.17K","-1.09%"
"01-09-2017","3,946.00","3,944.00","3,965.00","3,911.00","0.18K","-2.93%"
"31-08-2017","4,065.00","4,200.00","4,200.00","4,065.00","0.14K","-3.99%"
"30-08-2017","4,234.00","4,239.00","4,239.00","4,228.00","0.03K","-0.21%"
"29-08-2017","4,243.00","4,210.00","4,265.00","4,210.00","0.03K","-1.92%"
"28-08-2017","4,326.00","4,325.00","4,326.00","4,325.00","0.13K","-0.09%"
"24-08-2017","4,330.00","4,235.00","4,267.00","4,235.00","0.03K","3.99%"
"23-08-2017","4,164.00","4,165.00","4,165.00","4,165.00","0.01K","-0.86%"
"22-08-2017","4,200.00","4,200.00","4,200.00","4,200.00","0.01K","1.03%"
"21-08-2017","4,157.00","4,015.00","4,157.00","4,015.00","0.07K","3.98%"
"18-08-2017","3,998.00","3,998.00","3,998.00","3,998.00","","1.42%"
"17-08-2017","3,942.00","3,942.00","3,942.00","3,942.00","","-0.20%"
"16-08-2017","3,950.00","3,950.00","3,950.00","3,950.00","0.01K","0.00%"
"14-08-2017","3,950.00","3,970.00","3,970.00","3,930.00","0.02K","-1.67%"
"11-08-2017","4,017.00","4,017.00","4,017.00","4,017.00","","3.00%"
"10-08-2017","3,900.00","3,900.00","3,900.00","3,900.00","0.01K","0.65%"
"09-08-2017","3,875.00","3,875.00","3,875.00","3,875.00","0.01K","-0.64%"
"08-08-2017","3,900.00","3,900.00","3,900.00","3,900.00","0.02K","2.55%"
"07-08-2017","3,803.00","3,803.00","3,803.00","3,803.00","","-0.08%"
"04-08-2017","3,806.00","3,806.00","3,806.00","3,806.00","","2.31%"
"03-08-2017","3,720.00","3,720.00","3,720.00","3,720.00","","1.50%"
"02-08-2017","3,665.00","3,665.00","3,665.00","3,665.00","0.01K","-0.22%"
"01-08-2017","3,673.00","3,670.00","3,676.00","3,670.00","0.02K","-0.30%"
"31-07-2017","3,684.00","3,700.00","3,700.00","3,670.00","0.03K","2.25%"
"28-07-2017","3,603.00","3,585.00","3,620.00","3,585.00","0.02K","1.32%"
"27-07-2017","3,556.00","3,556.00","3,556.00","3,556.00","0.01K","-1.80%"
"26-07-2017","3,621.00","3,621.00","3,621.00","3,621.00","","3.52%"
"25-07-2017","3,498.00","3,498.00","3,498.00","3,498.00","","0.34%"
"24-07-2017","3,486.00","3,486.00","3,486.00","3,486.00","","-0.83%"
"21-07-2017","3,515.00","3,515.00","3,515.00","3,515.00","","2.21%"
"20-07-2017","3,439.00","3,429.00","3,467.00","3,411.00","0.43K","-0.55%"
"19-07-2017","3,458.00","3,441.00","3,476.00","3,435.00","0.33K","0.90%"
"18-07-2017","3,427.00","3,434.00","3,436.00","3,412.00","0.55K","-0.61%"
"17-07-2017","3,448.00","3,459.00","3,463.00","3,430.00","0.46K","-0.66%"
"14-07-2017","3,471.00","3,410.00","3,505.00","3,410.00","0.42K","1.61%"
"13-07-2017","3,416.00","3,428.00","3,435.00","3,398.00","0.43K","-0.26%"
"12-07-2017","3,425.00","3,417.00","3,434.00","3,365.00","2.16K","1.12%"
"11-07-2017","3,387.00","3,421.00","3,427.00","3,375.00","0.56K","-2.31%"
"10-07-2017","3,467.00","3,480.00","3,501.00","3,455.00","0.22K","0.76%"
"07-07-2017","3,441.00","3,485.00","3,485.00","3,400.00","0.27K","1.00%"
"06-07-2017","3,407.00","3,395.00","3,480.00","3,375.00","0.41K","0.00%"
"05-07-2017","3,407.00","3,421.00","3,421.00","3,400.00","0.13K","-2.91%"
"04-07-2017","3,509.00","3,509.00","3,509.00","3,509.00","","-2.09%"
"03-07-2017","3,584.00","3,584.00","3,584.00","3,584.00","","-3.99%"
"30-06-2017","3,733.00","3,733.00","3,733.00","3,733.00","","3.95%"
"29-06-2017","3,591.00","3,591.00","3,591.00","3,591.00","0.01K","-2.55%"
"28-06-2017","3,685.00","3,685.00","3,685.00","3,685.00","0.05K","2.79%"
"27-06-2017","3,585.00","3,585.00","3,585.00","3,585.00","","2.14%"
"23-06-2017","3,510.00","3,510.00","3,510.00","3,510.00","0.01K","-2.36%"
"22-06-2017","3,595.00","3,595.00","3,595.00","3,595.00","","-3.88%"
"21-06-2017","3,740.00","3,740.00","3,740.00","3,740.00","0.05K","5.98%"
"20-06-2017","3,529.00","3,604.00","3,608.00","3,525.00","5.83K","-2.86%"
"19-06-2017","3,633.00","3,665.00","3,727.00","3,622.00","4.72K","-2.02%"
"16-06-2017","3,708.00","3,655.00","3,729.00","3,645.00","5.87K","1.78%"
"15-06-2017","3,643.00","3,620.00","3,729.00","3,618.00","8.58K","0.19%"
"14-06-2017","3,636.00","3,554.00","3,642.00","3,554.00","5.58K","2.89%"
"13-06-2017","3,534.00","3,524.00","3,548.00","3,520.00","1.54K","0.43%"
"12-06-2017","3,519.00","3,472.00","3,536.00","3,471.00","2.44K","1.97%"
"09-06-2017","3,451.00","3,455.00","3,464.00","3,431.00","2.04K","0.29%"
"08-06-2017","3,441.00","3,410.00","3,447.00","3,400.00","0.79K","0.44%"
"07-06-2017","3,426.00","3,446.00","3,456.00","3,402.00","1.40K","-1.41%"
"06-06-2017","3,475.00","3,482.00","3,556.00","3,461.00","2.33K","-0.11%"
"05-06-2017","3,479.00","3,462.00","3,500.00","3,457.00","1.92K","0.52%"
"02-06-2017","3,461.00","3,563.00","3,601.00","3,454.00","1.03K","-2.37%"
"01-06-2017","3,545.00","3,541.00","3,565.00","3,531.00","1.60K","-0.81%"
"31-05-2017","3,574.00","3,612.00","3,612.00","3,542.00","0.99K","-2.11%"
"30-05-2017","3,651.00","3,616.00","3,661.00","3,601.00","1.47K","-0.81%"
"29-05-2017","3,681.00","3,728.00","3,728.00","3,621.00","2.29K","-0.94%"
"26-05-2017","3,716.00","3,711.00","3,750.00","3,674.00","1.56K","0.08%"
"25-05-2017","3,713.00","3,716.00","3,730.00","3,695.00","0.27K","-1.46%"
"24-05-2017","3,768.00","3,787.00","3,794.00","3,747.00","0.53K","-1.54%"
"23-05-2017","3,827.00","3,871.00","3,871.00","3,767.00","0.92K","-0.36%"
"22-05-2017","3,841.00","3,840.00","3,852.00","3,830.00","0.45K","2.95%"
"19-05-2017","3,731.00","3,680.00","3,768.00","3,680.00","9.69K","1.47%"
"18-05-2017","3,677.00","3,663.00","3,694.00","3,651.00","5.81K","0.11%"
"17-05-2017","3,673.00","3,670.00","3,714.00","3,660.00","6.81K","-0.33%"
"16-05-2017","3,685.00","3,662.00","3,694.00","3,641.00","5.24K","0.74%"
"15-05-2017","3,658.00","3,737.00","3,737.00","3,647.00","4.13K","-2.69%"
"12-05-2017","3,759.00","3,750.00","3,790.00","3,730.00","3.88K","0.05%"
"11-05-2017","3,757.00","3,756.00","3,797.00","3,750.00","3.47K","0.62%"
"10-05-2017","3,734.00","3,773.00","3,785.00","3,713.00","4.03K","-1.97%"
"09-05-2017","3,809.00","3,752.00","3,826.00","3,734.00","2.32K","1.17%"
"08-05-2017","3,765.00","3,815.00","3,821.00","3,752.00","2.40K","-0.58%"
"05-05-2017","3,787.00","3,732.00","3,820.00","3,697.00","1.73K","-0.63%"
"04-05-2017","3,811.00","3,816.00","3,830.00","3,790.00","1.49K","0.21%"
"03-05-2017","3,803.00","3,848.00","3,854.00","3,782.00","1.64K","-1.98%"
"02-05-2017","3,880.00","3,970.00","3,970.00","3,863.00","1.55K","-2.73%"
"28-04-2017","3,989.00","3,984.00","3,998.00","3,964.00","2.11K","-0.45%"
"27-04-2017","4,007.00","4,017.00","4,021.00","3,961.00","1.26K","-0.42%"
"26-04-2017","4,024.00","4,009.00","4,030.00","4,009.00","0.17K","0.15%"
"25-04-2017","4,018.00","4,021.00","4,022.00","4,015.00","0.32K","0.75%"
"24-04-2017","3,988.00","4,001.00","4,004.00","3,967.00","0.38K","-2.06%"
"21-04-2017","4,072.00","4,077.00","4,101.00","4,028.00","0.70K","1.32%"
"20-04-2017","4,019.00","4,032.00","4,050.00","3,996.00","8.43K","-0.64%"
"19-04-2017","4,045.00","4,032.00","4,068.00","4,010.00","6.66K","0.37%"
"18-04-2017","4,030.00","4,034.00","4,117.00","4,007.00","9.99K","0.12%"
"17-04-2017","4,025.00","4,109.00","4,120.00","4,007.00","8.84K","-2.87%"
"13-04-2017","4,144.00","4,073.00","4,173.00","4,057.00","7.81K","1.94%"
"12-04-2017","4,065.00","4,049.00","4,083.00","3,989.00","6.40K","0.40%"
"11-04-2017","4,049.00","4,108.00","4,178.00","4,027.00","6.13K","-1.24%"
"10-04-2017","4,100.00","4,102.00","4,135.00","4,083.00","1.54K","-0.39%"
"07-04-2017","4,116.00","4,227.00","4,230.00","4,089.00","3.35K","-1.72%"
"06-04-2017","4,188.00","4,171.00","4,210.00","4,150.00","1.38K","-1.87%"
"04-04-2017","4,268.00","4,268.00","4,268.00","4,268.00","","0.00%"
"03-04-2017","4,268.00","4,200.00","4,268.00","4,178.00","3.65K","2.99%"
"31-03-2017","4,144.00","4,091.00","4,154.00","4,078.00","2.44K","2.75%"
"30-03-2017","4,033.00","4,029.00","4,064.00","4,020.00","2.67K","0.55%"
"29-03-2017","4,011.00","4,019.00","4,040.00","4,001.00","1.13K","0.33%"
"28-03-2017","3,998.00","3,921.00","4,021.00","3,918.00","0.92K","2.09%"
"27-03-2017","3,916.00","4,020.00","4,020.00","3,908.00","0.97K","-2.47%"
"24-03-2017","4,015.00","3,994.00","4,048.00","3,991.00","1.84K","0.17%"
"23-03-2017","4,008.00","3,995.00","4,023.00","3,949.00","0.57K","0.83%"
"22-03-2017","3,975.00","3,952.00","4,014.00","3,952.00","0.32K","0.15%"
"21-03-2017","3,969.00","3,980.00","3,992.00","3,946.00","0.38K","0.86%"
"20-03-2017","3,935.00","3,950.00","3,996.00","3,920.00","13.72K","-0.83%"
"17-03-2017","3,968.00","3,905.00","4,007.00","3,840.00","13.06K","1.54%"
"16-03-2017","3,908.00","3,920.00","3,934.00","3,892.00","9.12K","-0.23%"
"15-03-2017","3,917.00","3,840.00","3,930.00","3,815.00","8.17K","2.16%"
"14-03-2017","3,834.00","3,866.00","3,866.00","3,790.00","5.87K","-0.39%"
"10-03-2017","3,849.00","3,937.00","3,951.00","3,820.00","7.94K","-1.74%"
"09-03-2017","3,917.00","4,090.00","4,103.00","3,912.00","7.80K","-3.88%"
"08-03-2017","4,075.00","3,940.00","4,075.00","3,920.00","3.67K","2.98%"
"07-03-2017","3,957.00","4,040.00","4,046.00","3,937.00","5.16K","-1.79%"
"06-03-2017","4,029.00","3,970.00","4,050.00","3,962.00","5.03K","3.44%"
"03-03-2017","3,895.00","3,885.00","3,954.00","3,880.00","2.72K","0.00%"
"02-03-2017","3,895.00","3,882.00","3,917.00","3,828.00","3.83K","0.62%"
"01-03-2017","3,871.00","3,885.00","3,955.00","3,850.00","6.55K","-0.46%"
"28-02-2017","3,889.00","3,716.00","3,889.00","3,700.00","3.04K","3.98%"
"27-02-2017","3,740.00","3,756.00","3,796.00","3,716.00","2.99K","1.58%"
"24-02-2017","3,682.00","3,682.00","3,682.00","3,682.00","","0.00%"
"23-02-2017","3,682.00","3,565.00","3,682.00","3,565.00","2.04K","3.98%"
"22-02-2017","3,541.00","3,482.00","3,561.00","3,472.00","0.86K","1.78%"
"21-02-2017","3,479.00","3,495.00","3,497.00","3,446.00","0.44K","1.67%"
"20-02-2017","3,422.00","3,418.00","3,462.00","3,413.00","14.76K","0.35%"
"17-02-2017","3,410.00","3,367.00","3,431.00","3,367.00","12.47K","1.22%"
"16-02-2017","3,369.00","3,383.00","3,396.00","3,363.00","7.57K","-0.38%"
"15-02-2017","3,382.00","3,328.00","3,404.00","3,326.00","7.52K","1.93%"
"14-02-2017","3,318.00","3,327.00","3,344.00","3,300.00","4.19K","-0.51%"
"13-02-2017","3,335.00","3,365.00","3,368.00","3,330.00","4.55K","-0.66%"
"10-02-2017","3,357.00","3,360.00","3,381.00","3,345.00","4.66K","-0.36%"
"09-02-2017","3,369.00","3,371.00","3,396.00","3,365.00","3.73K","-0.18%"
"08-02-2017","3,375.00","3,345.00","3,380.00","3,340.00","2.52K","1.05%"
"07-02-2017","3,340.00","3,365.00","3,375.00","3,333.00","2.56K","-0.48%"
"06-02-2017","3,356.00","3,391.00","3,391.00","3,350.00","2.04K","-1.12%"
"03-02-2017","3,394.00","3,390.00","3,403.00","3,386.00","0.75K","-0.56%"
"02-02-2017","3,413.00","3,441.00","3,444.00","3,389.00","1.40K","-0.70%"
"01-02-2017","3,437.00","3,373.00","3,454.00","3,373.00","1.94K","2.47%"
"31-01-2017","3,354.00","3,360.00","3,371.00","3,345.00","2.14K","0.09%"
"30-01-2017","3,351.00","3,370.00","3,378.00","3,345.00","1.19K","-1.09%"
"27-01-2017","3,388.00","3,429.00","3,429.00","3,364.00","1.69K","-0.82%"
"25-01-2017","3,416.00","3,420.00","3,426.00","3,404.00","0.84K","-0.18%"
"24-01-2017","3,422.00","3,477.00","3,477.00","3,405.00","1.71K","-1.84%"
"23-01-2017","3,486.00","3,501.00","3,501.00","3,468.00","0.72K","1.54%"
"20-01-2017","3,433.00","3,420.00","3,440.00","3,411.00","4.85K","0.53%"
"19-01-2017","3,415.00","3,432.00","3,442.00","3,410.00","3.20K","-0.70%"
"17-01-2017","3,439.00","3,380.00","3,455.00","3,361.00","6.70K","2.02%"
"16-01-2017","3,371.00","3,376.00","3,385.00","3,360.00","2.68K","-0.35%"
"13-01-2017","3,383.00","3,387.00","3,410.00","3,373.00","2.94K","0.09%"
"12-01-2017","3,380.00","3,377.00","3,400.00","3,375.00","2.37K","0.69%"
"11-01-2017","3,357.00","3,356.00","3,383.00","3,348.00","4.57K","-0.18%"
"10-01-2017","3,363.00","3,362.00","3,370.00","3,330.00","3.36K","-0.06%"
"09-01-2017","3,365.00","3,415.00","3,423.00","3,356.00","2.50K","-1.58%"
"06-01-2017","3,419.00","3,435.00","3,435.00","3,400.00","1.98K","0.29%"
"05-01-2017","3,409.00","3,385.00","3,415.00","3,380.00","2.14K","1.19%"
"04-01-2017","3,369.00","3,416.00","3,416.00","3,365.00","2.26K","-1.84%"
"03-01-2017","3,432.00","3,427.00","3,458.00","3,420.00","2.14K","0.59%"
"02-01-2017","3,412.00","3,344.00","3,424.00","3,344.00","3.35K","2.62%"