"Date","Price","Open","High","Low","Vol.","Change %"
"30-04-2026","20,965.00","20,965.00","20,965.00","20,965.00","","-1.64%"
"29-04-2026","21,315.00","21,315.00","21,315.00","21,315.00","0.22K","-3.99%"
"28-04-2026","22,200.00","22,200.00","22,200.00","22,200.00","0.00K","0.00%"
"27-04-2026","22,200.00","22,200.00","22,200.00","22,200.00","0.00K","0.00%"
"24-04-2026","22,200.00","22,200.00","22,200.00","22,200.00","","0.00%"
"23-04-2026","22,200.00","22,200.00","22,200.00","22,200.00","","0.00%"
"22-04-2026","22,200.00","22,200.00","22,200.00","22,200.00","0.01K","0.23%"
"21-04-2026","22,150.00","22,150.00","22,150.00","22,150.00","0.00K","0.87%"
"20-04-2026","21,960.00","22,000.00","22,125.00","21,860.00","0.07K","-0.88%"
"17-04-2026","22,155.00","22,095.00","22,380.00","22,090.00","0.02K","1.40%"
"16-04-2026","21,850.00","21,990.00","22,855.00","21,805.00","0.14K","-3.79%"
"15-04-2026","22,710.00","22,710.00","22,710.00","22,710.00","0.00K","2.74%"
"13-04-2026","22,105.00","22,105.00","22,105.00","22,105.00","","-0.92%"
"10-04-2026","22,310.00","22,310.00","22,310.00","22,310.00","","-1.28%"
"09-04-2026","22,600.00","22,600.00","22,600.00","22,600.00","","-1.61%"
"08-04-2026","22,970.00","22,970.00","22,970.00","22,970.00","","0.68%"
"07-04-2026","22,815.00","22,815.00","22,815.00","22,815.00","","-0.91%"
"06-04-2026","23,025.00","23,025.00","23,025.00","23,025.00","","0.66%"
"02-04-2026","22,875.00","22,875.00","22,875.00","22,875.00","","1.19%"
"01-04-2026","22,605.00","22,605.00","22,605.00","22,605.00","","0.40%"
"30-03-2026","22,515.00","22,515.00","22,515.00","22,515.00","","0.49%"
"27-03-2026","22,405.00","22,405.00","22,405.00","22,405.00","","-0.75%"
"25-03-2026","22,575.00","22,575.00","22,575.00","22,575.00","","0.49%"
"24-03-2026","22,465.00","22,465.00","22,465.00","22,465.00","","1.15%"
"23-03-2026","22,210.00","22,210.00","22,210.00","22,210.00","","-0.63%"
"20-03-2026","22,350.00","22,400.00","22,450.00","22,300.00","0.31K","-0.18%"
"19-03-2026","22,390.00","22,700.00","22,700.00","22,300.00","0.03K","-2.08%"
"18-03-2026","22,865.00","22,660.00","23,030.00","22,490.00","0.06K","3.25%"
"17-03-2026","22,145.00","22,190.00","22,190.00","22,000.00","0.02K","1.58%"
"16-03-2026","21,800.00","21,800.00","21,800.00","21,800.00","0.02K","-1.54%"
"13-03-2026","22,140.00","22,140.00","22,140.00","22,140.00","","-0.72%"
"12-03-2026","22,300.00","22,300.00","22,300.00","22,300.00","","-0.65%"
"11-03-2026","22,445.00","22,445.00","22,445.00","22,445.00","","-0.44%"
"10-03-2026","22,545.00","22,545.00","22,545.00","22,545.00","","3.42%"
"09-03-2026","21,800.00","21,800.00","21,800.00","21,800.00","0.02K","-1.29%"
"06-03-2026","22,085.00","22,085.00","22,085.00","22,085.00","","-1.38%"
"05-03-2026","22,395.00","22,395.00","22,395.00","22,395.00","","2.14%"
"04-03-2026","21,925.00","21,925.00","21,925.00","21,925.00","","-0.05%"
"02-03-2026","21,935.00","21,935.00","21,935.00","21,935.00","","-2.42%"
"27-02-2026","22,480.00","22,480.00","22,480.00","22,480.00","","0.83%"
"26-02-2026","22,295.00","22,465.00","22,465.00","22,215.00","0.09K","-0.47%"
"25-02-2026","22,400.00","22,400.00","22,400.00","22,400.00","0.02K","-1.60%"
"24-02-2026","22,765.00","22,600.00","22,900.00","22,600.00","0.03K","-1.24%"
"23-02-2026","23,050.00","23,050.00","23,050.00","23,050.00","0.00K","-1.71%"
"20-02-2026","23,450.00","23,450.00","23,450.00","23,450.00","","1.58%"
"19-02-2026","23,085.00","23,085.00","23,085.00","23,085.00","","-0.32%"
"18-02-2026","23,160.00","23,420.00","23,420.00","23,000.00","0.03K","2.46%"
"17-02-2026","22,605.00","22,605.00","22,605.00","22,605.00","","0.09%"
"16-02-2026","22,585.00","22,585.00","22,585.00","22,585.00","","-2.42%"
"13-02-2026","23,145.00","23,145.00","23,145.00","23,145.00","","-0.17%"
"12-02-2026","23,185.00","23,185.00","23,185.00","23,185.00","","-0.22%"
"11-02-2026","23,235.00","23,235.00","23,235.00","23,235.00","","-1.13%"
"10-02-2026","23,500.00","23,500.00","23,500.00","23,500.00","0.02K","-1.67%"
"09-02-2026","23,900.00","23,900.00","23,900.00","23,900.00","","-1.26%"
"06-02-2026","24,205.00","24,205.00","24,205.00","24,205.00","","-0.23%"
"05-02-2026","24,260.00","24,260.00","24,260.00","24,260.00","","0.12%"
"04-02-2026","24,230.00","24,230.00","24,230.00","24,230.00","","-0.21%"
"03-02-2026","24,280.00","24,280.00","24,280.00","24,280.00","","-0.16%"
"02-02-2026","24,320.00","24,320.00","24,320.00","24,320.00","","1.40%"
"01-02-2026","23,985.00","23,985.00","23,985.00","23,985.00","","0.06%"
"30-01-2026","23,970.00","23,970.00","23,970.00","23,970.00","","-2.14%"
"29-01-2026","24,495.00","24,495.00","24,495.00","24,495.00","","1.24%"
"28-01-2026","24,195.00","24,195.00","24,195.00","24,195.00","","-0.64%"
"27-01-2026","24,350.00","24,350.00","24,350.00","24,350.00","","-0.75%"
"23-01-2026","24,535.00","24,535.00","24,535.00","24,535.00","","-3.02%"
"22-01-2026","25,300.00","25,300.00","25,300.00","25,300.00","0.00K","-0.71%"
"21-01-2026","25,480.00","25,480.00","25,480.00","25,480.00","0.00K","4.38%"
"20-01-2026","24,410.00","24,680.00","24,740.00","24,325.00","0.15K","-1.25%"
"19-01-2026","24,720.00","24,200.00","24,930.00","24,010.00","0.23K","5.04%"
"16-01-2026","23,535.00","23,535.00","23,535.00","23,535.00","","-1.01%"
"14-01-2026","23,775.00","23,800.00","23,800.00","23,750.00","0.01K","-0.11%"
"13-01-2026","23,800.00","24,000.00","24,000.00","23,750.00","0.05K","0.46%"
"12-01-2026","23,690.00","23,600.00","23,900.00","23,600.00","0.03K","3.00%"
"09-01-2026","23,000.00","22,950.00","23,050.00","22,950.00","0.02K","0.15%"
"08-01-2026","22,965.00","23,045.00","23,130.00","22,600.00","0.02K","-4.33%"
"07-01-2026","24,005.00","24,005.00","24,005.00","24,005.00","","0.04%"
"06-01-2026","23,995.00","24,250.00","24,250.00","23,850.00","0.07K","0.46%"
"05-01-2026","23,885.00","24,100.00","24,100.00","23,850.00","0.02K","-1.79%"
"02-01-2026","24,320.00","23,990.00","24,590.00","23,990.00","0.04K","3.89%"
"01-01-2026","23,410.00","23,410.00","23,410.00","23,410.00","0.04K","-2.80%"
"31-12-2025","24,085.00","24,085.00","24,085.00","24,085.00","0.01K","3.99%"
"30-12-2025","23,160.00","23,005.00","23,440.00","22,990.00","0.04K","-2.03%"
"29-12-2025","23,640.00","24,100.00","24,100.00","23,180.00","0.01K","-2.09%"
"26-12-2025","24,145.00","24,145.00","24,145.00","24,145.00","","3.63%"
"24-12-2025","23,300.00","23,300.00","23,300.00","23,300.00","0.00K","-0.30%"
"23-12-2025","23,370.00","23,370.00","23,370.00","23,370.00","","0.41%"
"22-12-2025","23,275.00","23,265.00","23,275.00","23,265.00","0.02K","6.94%"
"19-12-2025","21,765.00","21,650.00","21,855.00","21,530.00","0.51K","-0.02%"
"18-12-2025","21,770.00","21,865.00","21,880.00","21,700.00","0.05K","0.02%"
"17-12-2025","21,765.00","21,860.00","21,900.00","21,600.00","0.15K","0.39%"
"16-12-2025","21,680.00","21,210.00","22,140.00","21,200.00","0.17K","1.07%"
"15-12-2025","21,450.00","21,500.00","21,500.00","21,405.00","0.03K","-0.23%"
"12-12-2025","21,500.00","21,450.00","21,650.00","21,450.00","0.07K","-0.32%"
"11-12-2025","21,570.00","21,760.00","21,760.00","21,520.00","0.06K","0.00%"
"10-12-2025","21,570.00","21,395.00","21,850.00","21,395.00","0.07K","2.23%"
"09-12-2025","21,100.00","21,200.00","21,200.00","21,050.00","0.12K","0.55%"
"08-12-2025","20,985.00","21,960.00","21,960.00","20,900.00","0.25K","-4.44%"
"05-12-2025","21,960.00","22,050.00","22,050.00","21,800.00","0.01K","-0.99%"
"04-12-2025","22,180.00","22,300.00","22,300.00","22,150.00","0.02K","-0.34%"
"03-12-2025","22,255.00","22,300.00","22,300.00","22,200.00","0.05K","-2.07%"
"02-12-2025","22,725.00","22,725.00","22,725.00","22,725.00","0.03K","-3.97%"
"01-12-2025","23,665.00","23,665.00","23,665.00","23,665.00","","0.00%"
"28-11-2025","23,665.00","23,525.00","23,840.00","23,525.00","0.01K","3.00%"
"27-11-2025","22,975.00","22,510.00","23,275.00","22,510.00","0.02K","4.62%"
"26-11-2025","21,960.00","21,960.00","21,960.00","21,960.00","","0.76%"
"25-11-2025","21,795.00","21,795.00","21,795.00","21,795.00","","-1.67%"
"24-11-2025","22,165.00","22,165.00","22,165.00","22,165.00","","-2.61%"
"21-11-2025","22,760.00","22,510.00","23,010.00","22,510.00","0.01K","5.25%"
"20-11-2025","21,625.00","21,750.00","21,920.00","21,500.00","0.11K","0.56%"
"19-11-2025","21,505.00","21,195.00","21,680.00","21,000.00","0.17K","0.89%"
"18-11-2025","21,315.00","21,660.00","21,725.00","21,120.00","0.28K","-0.68%"
"17-11-2025","21,460.00","20,650.00","21,650.00","20,620.00","0.27K","2.78%"
"14-11-2025","20,880.00","21,065.00","21,065.00","20,705.00","0.12K","-1.32%"
"13-11-2025","21,160.00","21,250.00","21,250.00","21,065.00","0.01K","1.41%"
"12-11-2025","20,865.00","20,705.00","20,900.00","20,705.00","0.04K","0.63%"
"11-11-2025","20,735.00","20,735.00","20,735.00","20,735.00","","0.83%"
"10-11-2025","20,565.00","20,565.00","20,565.00","20,565.00","","-0.19%"
"07-11-2025","20,605.00","20,605.00","20,605.00","20,605.00","","-1.25%"
"06-11-2025","20,865.00","20,865.00","20,865.00","20,865.00","","0.72%"
"04-11-2025","20,715.00","20,715.00","20,715.00","20,715.00","","-1.40%"
"03-11-2025","21,010.00","21,010.00","21,010.00","21,010.00","","1.33%"
"31-10-2025","20,735.00","20,735.00","20,735.00","20,735.00","","1.39%"
"30-10-2025","20,450.00","20,450.00","20,450.00","20,450.00","0.00K","-0.10%"
"29-10-2025","20,470.00","20,470.00","20,470.00","20,470.00","","-2.29%"
"28-10-2025","20,950.00","20,950.00","20,950.00","20,950.00","","0.41%"
"27-10-2025","20,865.00","20,865.00","20,865.00","20,865.00","0.01K","3.99%"
"24-10-2025","20,065.00","20,065.00","20,065.00","20,065.00","","0.60%"
"23-10-2025","19,945.00","19,945.00","19,945.00","19,945.00","","0.25%"
"21-10-2025","19,895.00","19,895.00","19,895.00","19,895.00","","0.99%"
"20-10-2025","19,700.00","19,700.00","19,700.00","19,700.00","0.03K","0.10%"
"17-10-2025","19,680.00","19,680.00","19,680.00","19,680.00","","0.72%"
"16-10-2025","19,540.00","19,540.00","19,540.00","19,540.00","","-0.53%"
"15-10-2025","19,645.00","19,645.00","19,645.00","19,645.00","","1.00%"
"14-10-2025","19,450.00","19,450.00","19,450.00","19,450.00","","0.05%"
"13-10-2025","19,440.00","19,440.00","19,440.00","19,440.00","","-0.05%"
"10-10-2025","19,450.00","19,450.00","19,450.00","19,450.00","","-0.46%"
"09-10-2025","19,540.00","19,540.00","19,540.00","19,540.00","","-0.26%"
"08-10-2025","19,590.00","19,590.00","19,590.00","19,590.00","","0.36%"
"07-10-2025","19,520.00","19,520.00","19,520.00","19,520.00","","0.39%"
"06-10-2025","19,445.00","19,445.00","19,445.00","19,445.00","","0.03%"
"03-10-2025","19,440.00","19,440.00","19,440.00","19,440.00","","0.13%"
"01-10-2025","19,415.00","19,415.00","19,415.00","19,415.00","","0.73%"
"30-09-2025","19,275.00","19,275.00","19,275.00","19,275.00","","-0.75%"
"29-09-2025","19,420.00","19,420.00","19,420.00","19,420.00","","-0.72%"
"26-09-2025","19,560.00","19,560.00","19,560.00","19,560.00","","-0.91%"
"25-09-2025","19,740.00","19,740.00","19,740.00","19,740.00","","-0.25%"
"24-09-2025","19,790.00","19,790.00","19,790.00","19,790.00","","0.05%"
"23-09-2025","19,780.00","19,780.00","19,780.00","19,780.00","","-1.64%"
"22-09-2025","20,110.00","20,110.00","20,110.00","20,110.00","","1.06%"
"19-09-2025","19,900.00","19,900.00","19,900.00","19,900.00","0.03K","1.38%"
"18-09-2025","19,630.00","19,630.00","19,630.00","19,630.00","0.00K","-0.76%"
"17-09-2025","19,780.00","19,780.00","19,780.00","19,780.00","","-0.85%"
"16-09-2025","19,950.00","19,950.00","19,950.00","19,950.00","","-1.21%"
"15-09-2025","20,195.00","20,490.00","20,490.00","19,900.00","0.01K","2.43%"
"12-09-2025","19,715.00","19,715.00","19,715.00","19,715.00","","0.33%"
"11-09-2025","19,650.00","19,650.00","19,650.00","19,650.00","","-1.45%"
"10-09-2025","19,940.00","19,940.00","19,940.00","19,940.00","","-0.62%"
"09-09-2025","20,065.00","20,065.00","20,065.00","20,065.00","","0.98%"
"08-09-2025","19,870.00","19,870.00","19,870.00","19,870.00","","-0.55%"
"05-09-2025","19,980.00","19,980.00","19,980.00","19,980.00","","-0.22%"
"04-09-2025","20,025.00","20,025.00","20,025.00","20,025.00","","1.65%"
"03-09-2025","19,700.00","19,700.00","19,700.00","19,700.00","","0.10%"
"02-09-2025","19,680.00","19,680.00","19,680.00","19,680.00","","-0.40%"
"01-09-2025","19,760.00","19,760.00","19,760.00","19,760.00","","0.46%"
"29-08-2025","19,670.00","19,670.00","19,670.00","19,670.00","","-0.05%"
"28-08-2025","19,680.00","19,680.00","19,680.00","19,680.00","","-1.48%"
"26-08-2025","19,975.00","19,975.00","19,975.00","19,975.00","","-0.60%"
"25-08-2025","20,095.00","20,095.00","20,095.00","20,095.00","","-0.35%"
"22-08-2025","20,165.00","20,165.00","20,165.00","20,165.00","","1.64%"
"21-08-2025","19,840.00","19,840.00","19,840.00","19,840.00","","1.07%"
"20-08-2025","19,630.00","19,595.00","19,700.00","19,585.00","0.06K","0.28%"
"19-08-2025","19,575.00","19,600.00","19,635.00","19,550.00","0.15K","0.69%"
"18-08-2025","19,440.00","19,450.00","19,535.00","19,300.00","0.16K","1.43%"
"14-08-2025","19,165.00","19,165.00","19,165.00","19,165.00","","0.87%"
"13-08-2025","19,000.00","18,630.00","19,185.00","18,630.00","0.02K","-1.35%"
"12-08-2025","19,260.00","19,260.00","19,260.00","19,260.00","","-0.08%"
"11-08-2025","19,275.00","19,275.00","19,275.00","19,275.00","","0.60%"
"08-08-2025","19,160.00","19,160.00","19,160.00","19,160.00","","-0.75%"
"07-08-2025","19,305.00","19,305.00","19,305.00","19,305.00","","0.29%"
"06-08-2025","19,250.00","19,250.00","19,250.00","19,250.00","0.00K","-1.48%"
"05-08-2025","19,540.00","19,540.00","19,540.00","19,540.00","","0.03%"
"04-08-2025","19,535.00","19,535.00","19,535.00","19,535.00","","0.39%"
"01-08-2025","19,460.00","19,460.00","19,460.00","19,460.00","","0.99%"
"31-07-2025","19,270.00","19,270.00","19,270.00","19,270.00","","-0.16%"
"30-07-2025","19,300.00","19,300.00","19,300.00","19,300.00","","0.89%"
"29-07-2025","19,130.00","19,130.00","19,130.00","19,130.00","","0.47%"
"28-07-2025","19,040.00","19,040.00","19,040.00","19,040.00","","-0.68%"
"25-07-2025","19,170.00","19,170.00","19,170.00","19,170.00","","-1.59%"
"24-07-2025","19,480.00","19,480.00","19,480.00","19,480.00","","-0.10%"
"23-07-2025","19,500.00","19,500.00","19,500.00","19,500.00","","-0.84%"
"22-07-2025","19,665.00","19,665.00","19,665.00","19,665.00","","0.13%"
"21-07-2025","19,640.00","19,640.00","19,640.00","19,640.00","","-0.36%"
"18-07-2025","19,710.00","19,720.00","19,745.00","19,675.00","0.02K","0.18%"
"17-07-2025","19,675.00","19,600.00","19,730.00","19,600.00","0.19K","-0.03%"
"16-07-2025","19,680.00","19,780.00","19,800.00","19,600.00","0.16K","-0.30%"
"15-07-2025","19,740.00","19,740.00","19,740.00","19,740.00","","0.00%"
"14-07-2025","19,740.00","19,740.00","19,740.00","19,740.00","","-0.33%"
"11-07-2025","19,805.00","19,805.00","19,805.00","19,805.00","","-2.68%"
"10-07-2025","20,350.00","20,350.00","20,350.00","20,350.00","0.01K","1.55%"
"09-07-2025","20,040.00","20,040.00","20,040.00","20,040.00","","0.48%"
"08-07-2025","19,945.00","19,945.00","19,945.00","19,945.00","","0.35%"
"07-07-2025","19,875.00","19,875.00","19,875.00","19,875.00","","-1.02%"
"04-07-2025","20,080.00","20,080.00","20,080.00","20,080.00","","-1.11%"
"03-07-2025","20,305.00","20,305.00","20,305.00","20,305.00","","-0.15%"
"02-07-2025","20,335.00","20,335.00","20,335.00","20,335.00","","-1.14%"
"01-07-2025","20,570.00","20,570.00","20,570.00","20,570.00","","0.05%"
"30-06-2025","20,560.00","20,560.00","20,560.00","20,560.00","0.01K","0.39%"
"27-06-2025","20,480.00","20,330.00","20,630.00","20,330.00","0.01K","1.71%"
"26-06-2025","20,135.00","20,135.00","20,135.00","20,135.00","","1.08%"
"25-06-2025","19,920.00","19,920.00","19,920.00","19,920.00","","1.66%"
"24-06-2025","19,595.00","19,595.00","19,595.00","19,595.00","","0.13%"
"23-06-2025","19,570.00","19,570.00","19,570.00","19,570.00","","1.93%"
"20-06-2025","19,200.00","19,215.00","19,250.00","19,125.00","0.21K","-1.21%"
"19-06-2025","19,435.00","19,445.00","19,445.00","19,410.00","0.03K","-0.61%"
"18-06-2025","19,555.00","19,540.00","19,600.00","19,470.00","0.07K","0.44%"
"17-06-2025","19,470.00","19,495.00","19,495.00","19,450.00","0.03K","0.26%"
"16-06-2025","19,420.00","19,400.00","19,465.00","19,350.00","0.03K","-2.22%"
"13-06-2025","19,860.00","19,905.00","19,905.00","19,800.00","0.10K","-1.19%"
"12-06-2025","20,100.00","20,100.00","20,100.00","20,100.00","0.00K","1.21%"
"11-06-2025","19,860.00","19,600.00","19,990.00","19,600.00","0.01K","-1.07%"
"10-06-2025","20,075.00","20,250.00","20,250.00","20,000.00","0.08K","-1.83%"
"09-06-2025","20,450.00","20,450.00","20,450.00","20,450.00","","1.29%"
"06-06-2025","20,190.00","20,190.00","20,190.00","20,190.00","","0.02%"
"05-06-2025","20,185.00","20,000.00","20,350.00","20,000.00","0.05K","-0.52%"
"04-06-2025","20,290.00","20,290.00","20,290.00","20,290.00","","-1.48%"
"03-06-2025","20,595.00","20,595.00","20,595.00","20,595.00","","-0.96%"
"02-06-2025","20,795.00","20,795.00","20,795.00","20,795.00","","-2.67%"
"30-05-2025","21,365.00","21,365.00","21,365.00","21,365.00","","1.54%"
"29-05-2025","21,040.00","21,040.00","21,040.00","21,040.00","","0.33%"
"28-05-2025","20,970.00","20,970.00","20,970.00","20,970.00","","-0.10%"
"27-05-2025","20,990.00","20,990.00","20,990.00","20,990.00","","-0.31%"
"26-05-2025","21,055.00","21,055.00","21,055.00","21,055.00","","-1.89%"
"23-05-2025","21,460.00","21,460.00","21,460.00","21,460.00","","1.32%"
"22-05-2025","21,180.00","21,180.00","21,180.00","21,180.00","","-0.24%"
"21-05-2025","21,230.00","21,230.00","21,230.00","21,230.00","","-1.39%"
"20-05-2025","21,530.00","21,500.00","21,565.00","21,400.00","0.07K","0.51%"
"19-05-2025","21,420.00","21,445.00","21,445.00","21,400.00","0.03K","-1.72%"
"16-05-2025","21,795.00","21,905.00","21,905.00","21,645.00","0.02K","-1.02%"
"15-05-2025","22,020.00","22,050.00","22,060.00","21,915.00","0.04K","-0.59%"
"14-05-2025","22,150.00","22,300.00","22,300.00","22,005.00","0.02K","-1.09%"
"13-05-2025","22,395.00","22,340.00","22,835.00","22,295.00","0.12K","0.70%"
"12-05-2025","22,240.00","22,335.00","22,365.00","22,100.00","0.13K","3.42%"
"09-05-2025","21,505.00","21,505.00","21,505.00","21,505.00","","-0.62%"
"08-05-2025","21,640.00","21,640.00","21,640.00","21,640.00","","-1.34%"
"07-05-2025","21,935.00","21,935.00","21,935.00","21,935.00","","-0.05%"
"06-05-2025","21,945.00","21,945.00","21,945.00","21,945.00","","-2.57%"
"05-05-2025","22,525.00","22,525.00","22,525.00","22,525.00","","-0.90%"
"02-05-2025","22,730.00","22,730.00","22,730.00","22,730.00","","1.41%"
"30-04-2025","22,415.00","22,415.00","22,415.00","22,415.00","","0.36%"
"29-04-2025","22,335.00","22,335.00","22,335.00","22,335.00","","-1.80%"
"28-04-2025","22,745.00","22,745.00","22,745.00","22,745.00","","-1.00%"
"25-04-2025","22,975.00","22,975.00","22,975.00","22,975.00","","-1.88%"
"24-04-2025","23,415.00","23,415.00","23,415.00","23,415.00","","-0.99%"
"23-04-2025","23,650.00","23,650.00","23,650.00","23,650.00","","-0.32%"
"22-04-2025","23,725.00","23,725.00","23,725.00","23,725.00","","-3.00%"
"21-04-2025","24,460.00","24,460.00","24,460.00","24,460.00","","0.74%"
"17-04-2025","24,280.00","24,475.00","24,535.00","24,045.00","0.19K","-0.55%"
"16-04-2025","24,415.00","24,480.00","24,525.00","24,300.00","0.11K","-1.75%"
"15-04-2025","24,850.00","25,080.00","25,080.00","24,840.00","0.17K","0.44%"
"11-04-2025","24,740.00","24,620.00","24,820.00","24,620.00","0.04K","0.92%"
"09-04-2025","24,515.00","24,730.00","24,730.00","24,260.00","0.06K","-1.70%"
"08-04-2025","24,940.00","24,610.00","25,445.00","24,610.00","0.06K","0.61%"
"07-04-2025","24,790.00","24,790.00","24,790.00","24,790.00","","3.98%"
"04-04-2025","23,840.00","23,840.00","23,840.00","23,840.00","0.01K","0.00%"
"03-04-2025","23,840.00","23,840.00","23,840.00","23,840.00","0.02K","1.79%"
"02-04-2025","23,420.00","23,420.00","23,420.00","23,420.00","","2.63%"
"01-04-2025","22,820.00","22,820.00","22,820.00","22,820.00","0.01K","-0.65%"
"28-03-2025","22,970.00","22,970.00","22,970.00","22,970.00","","-0.11%"
"27-03-2025","22,995.00","22,995.00","22,995.00","22,995.00","0.00K","-0.26%"
"26-03-2025","23,055.00","23,055.00","23,055.00","23,055.00","","0.90%"
"25-03-2025","22,850.00","22,850.00","22,850.00","22,850.00","","1.17%"
"24-03-2025","22,585.00","22,585.00","22,585.00","22,585.00","","-1.03%"
"21-03-2025","22,820.00","22,820.00","22,820.00","22,820.00","0.02K","4.58%"
"20-03-2025","21,820.00","21,685.00","21,900.00","21,685.00","0.30K","0.97%"
"19-03-2025","21,610.00","21,520.00","21,690.00","21,470.00","0.20K","0.21%"
"18-03-2025","21,565.00","21,340.00","21,730.00","21,280.00","0.26K","0.82%"
"17-03-2025","21,390.00","20,900.00","21,440.00","20,900.00","0.35K","2.49%"
"13-03-2025","20,870.00","20,935.00","20,960.00","20,750.00","0.16K","-0.76%"
"12-03-2025","21,030.00","20,935.00","21,200.00","20,850.00","0.04K","0.41%"
"11-03-2025","20,945.00","20,725.00","21,105.00","20,625.00","0.08K","1.67%"
"10-03-2025","20,600.00","20,600.00","20,600.00","20,600.00","0.01K","-0.79%"
"07-03-2025","20,765.00","20,790.00","20,790.00","20,750.00","0.01K","-0.98%"
"06-03-2025","20,970.00","20,970.00","20,970.00","20,970.00","","-0.78%"
"05-03-2025","21,135.00","21,315.00","21,315.00","20,950.00","0.01K","3.02%"
"04-03-2025","20,515.00","20,510.00","20,550.00","20,500.00","0.02K","-0.65%"
"03-03-2025","20,650.00","20,650.00","20,650.00","20,650.00","0.01K","-1.43%"
"28-02-2025","20,950.00","20,950.00","20,950.00","20,950.00","0.00K","1.70%"
"27-02-2025","20,600.00","20,600.00","20,600.00","20,600.00","0.00K","0.98%"
"25-02-2025","20,400.00","20,400.00","20,400.00","20,400.00","","0.49%"
"24-02-2025","20,300.00","20,400.00","20,400.00","20,200.00","0.01K","-1.07%"
"21-02-2025","20,520.00","20,500.00","20,550.00","20,500.00","0.01K","2.09%"
"20-02-2025","20,100.00","20,100.00","20,100.00","20,100.00","0.01K","-2.47%"
"19-02-2025","20,610.00","20,625.00","20,625.00","20,590.00","0.01K","-0.39%"
"18-02-2025","20,690.00","20,730.00","20,730.00","20,650.00","0.02K","-0.74%"
"17-02-2025","20,845.00","20,800.00","20,995.00","20,800.00","0.02K","1.07%"
"14-02-2025","20,625.00","20,625.00","20,625.00","20,625.00","","1.53%"
"13-02-2025","20,315.00","20,315.00","20,315.00","20,315.00","","1.52%"
"12-02-2025","20,010.00","20,020.00","20,020.00","20,000.00","0.01K","0.83%"
"11-02-2025","19,845.00","19,880.00","19,990.00","19,710.00","0.02K","0.40%"
"10-02-2025","19,765.00","19,750.00","19,880.00","19,510.00","0.02K","0.79%"
"07-02-2025","19,610.00","19,610.00","19,610.00","19,610.00","0.01K","-3.52%"
"06-02-2025","20,325.00","20,325.00","20,325.00","20,325.00","","-0.39%"
"05-02-2025","20,405.00","20,405.00","20,405.00","20,405.00","","0.12%"
"04-02-2025","20,380.00","20,380.00","20,380.00","20,380.00","","-0.10%"
"03-02-2025","20,400.00","20,400.00","20,400.00","20,400.00","0.00K","-0.34%"
"01-02-2025","20,470.00","20,470.00","20,470.00","20,470.00","","-0.15%"
"31-01-2025","20,500.00","20,600.00","20,600.00","20,300.00","0.01K","-1.20%"
"30-01-2025","20,750.00","20,750.00","20,750.00","20,750.00","0.01K","0.07%"
"29-01-2025","20,735.00","20,720.00","20,750.00","20,720.00","0.01K","-0.07%"
"28-01-2025","20,750.00","20,700.00","21,295.00","20,600.00","0.04K","-2.65%"
"27-01-2025","21,315.00","21,315.00","21,315.00","21,315.00","","-2.76%"
"24-01-2025","21,920.00","21,920.00","21,920.00","21,920.00","","-0.84%"
"23-01-2025","22,105.00","22,105.00","22,105.00","22,105.00","","-0.34%"
"22-01-2025","22,180.00","22,180.00","22,180.00","22,180.00","","-0.07%"
"21-01-2025","22,195.00","22,195.00","22,195.00","22,195.00","","1.28%"
"20-01-2025","21,915.00","21,915.00","21,915.00","21,915.00","0.01K","0.00%"
"17-01-2025","21,915.00","21,910.00","21,920.00","21,910.00","0.02K","0.64%"
"16-01-2025","21,775.00","21,805.00","22,000.00","21,720.00","0.04K","-3.76%"
"15-01-2025","22,625.00","22,625.00","22,625.00","22,625.00","","1.00%"
"14-01-2025","22,400.00","22,400.00","22,400.00","22,400.00","0.02K","-0.04%"
"13-01-2025","22,410.00","22,405.00","22,420.00","22,400.00","0.01K","-1.97%"
"10-01-2025","22,860.00","22,900.00","22,900.00","22,755.00","0.02K","-0.07%"
"09-01-2025","22,875.00","22,800.00","23,000.00","22,800.00","0.01K","-2.39%"
"08-01-2025","23,435.00","23,435.00","23,435.00","23,435.00","","-0.11%"
"07-01-2025","23,460.00","23,460.00","23,460.00","23,460.00","","0.26%"
"06-01-2025","23,400.00","23,400.00","23,400.00","23,400.00","","0.13%"
"03-01-2025","23,370.00","23,370.00","23,370.00","23,370.00","","0.39%"
"02-01-2025","23,280.00","23,280.00","23,280.00","23,280.00","","-1.36%"
"01-01-2025","23,600.00","23,600.00","23,600.00","23,600.00","","-0.94%"
"31-12-2024","23,825.00","23,825.00","23,825.00","23,825.00","","0.83%"
"30-12-2024","23,630.00","23,630.00","23,630.00","23,630.00","","3.64%"
"27-12-2024","22,800.00","22,800.00","22,800.00","22,800.00","0.00K","-1.66%"
"26-12-2024","23,185.00","23,185.00","23,185.00","23,185.00","","-0.60%"
"24-12-2024","23,325.00","23,325.00","23,325.00","23,325.00","","1.74%"
"23-12-2024","22,925.00","22,925.00","22,925.00","22,925.00","0.00K","-2.36%"
"20-12-2024","23,480.00","23,580.00","23,580.00","23,315.00","0.01K","-2.35%"
"19-12-2024","24,045.00","24,045.00","24,045.00","24,045.00","","2.67%"
"18-12-2024","23,420.00","23,205.00","23,550.00","23,200.00","0.04K","-2.52%"
"17-12-2024","24,025.00","24,025.00","24,025.00","24,025.00","","2.61%"
"16-12-2024","23,415.00","23,320.00","23,500.00","23,320.00","0.01K","-0.21%"
"13-12-2024","23,465.00","23,540.00","23,580.00","23,050.00","0.04K","-0.23%"
"12-12-2024","23,520.00","23,470.00","23,600.00","23,470.00","0.02K","-0.36%"
"11-12-2024","23,605.00","23,545.00","23,635.00","23,545.00","0.02K","-1.09%"
"10-12-2024","23,865.00","23,730.00","23,895.00","23,730.00","0.02K","1.99%"
"09-12-2024","23,400.00","23,400.00","23,400.00","23,400.00","0.00K","0.88%"
"06-12-2024","23,195.00","23,000.00","23,355.00","23,000.00","0.02K","0.39%"
"05-12-2024","23,105.00","23,350.00","23,500.00","22,850.00","0.06K","-1.58%"
"04-12-2024","23,475.00","23,200.00","23,730.00","23,200.00","0.03K","-1.14%"
"03-12-2024","23,745.00","24,350.00","24,350.00","23,650.00","0.08K","-3.87%"
"02-12-2024","24,700.00","24,900.00","24,900.00","24,600.00","0.01K","-0.14%"
"29-11-2024","24,735.00","24,400.00","25,000.00","24,400.00","0.01K","2.17%"
"28-11-2024","24,210.00","24,205.00","24,225.00","24,200.00","0.01K","-0.53%"
"27-11-2024","24,340.00","24,500.00","24,500.00","24,200.00","0.03K","-1.54%"
"26-11-2024","24,720.00","24,720.00","24,720.00","24,720.00","","-0.10%"
"25-11-2024","24,745.00","24,745.00","24,745.00","24,745.00","","0.96%"
"22-11-2024","24,510.00","24,500.00","24,520.00","24,500.00","0.01K","-1.17%"
"21-11-2024","24,800.00","24,800.00","24,800.00","24,800.00","0.00K","-0.70%"
"19-11-2024","24,975.00","24,950.00","25,215.00","24,795.00","0.14K","1.65%"
"18-11-2024","24,570.00","24,765.00","24,800.00","24,450.00","0.16K","-0.79%"
"14-11-2024","24,765.00","24,765.00","24,765.00","24,765.00","0.02K","0.04%"
"13-11-2024","24,755.00","24,650.00","25,095.00","24,645.00","0.05K","0.92%"
"12-11-2024","24,530.00","24,600.00","24,600.00","24,400.00","0.04K","-1.31%"
"11-11-2024","24,855.00","24,910.00","24,910.00","24,720.00","0.06K","-0.78%"
"08-11-2024","25,050.00","24,900.00","25,195.00","24,850.00","0.07K","1.68%"
"07-11-2024","24,635.00","24,645.00","24,665.00","24,590.00","0.05K","3.86%"
"06-11-2024","23,720.00","23,045.00","24,285.00","23,045.00","0.04K","3.45%"
"05-11-2024","22,930.00","22,930.00","22,930.00","22,930.00","0.01K","-1.69%"
"04-11-2024","23,325.00","23,150.00","23,610.00","23,100.00","0.04K","0.11%"
"01-11-2024","23,300.00","23,300.00","23,300.00","23,300.00","0.01K","-0.60%"
"31-10-2024","23,440.00","23,440.00","23,440.00","23,440.00","0.02K","0.00%"
"30-10-2024","23,440.00","22,740.00","23,700.00","22,740.00","0.10K","-1.01%"
"29-10-2024","23,680.00","23,840.00","23,840.00","23,520.00","0.04K","-2.15%"
"28-10-2024","24,200.00","24,200.00","24,200.00","24,200.00","","2.59%"
"25-10-2024","23,590.00","23,605.00","23,605.00","23,570.00","0.01K","-3.91%"
"24-10-2024","24,550.00","24,550.00","24,550.00","24,550.00","0.00K","-1.62%"
"23-10-2024","24,955.00","24,955.00","24,955.00","24,955.00","0.00K","-3.98%"
"22-10-2024","25,990.00","25,990.00","25,990.00","25,990.00","","0.02%"
"21-10-2024","25,985.00","25,985.00","25,985.00","25,985.00","","5.10%"
"18-10-2024","24,725.00","24,650.00","24,790.00","24,650.00","0.05K","1.04%"
"17-10-2024","24,470.00","24,200.00","24,635.00","24,200.00","0.17K","-0.63%"
"16-10-2024","24,625.00","25,040.00","25,480.00","24,560.00","0.73K","-3.73%"
"15-10-2024","25,580.00","25,730.00","25,900.00","25,200.00","0.26K","-0.06%"
"14-10-2024","25,595.00","25,575.00","25,615.00","25,575.00","0.03K","-0.60%"
"11-10-2024","25,750.00","25,750.00","25,750.00","25,750.00","0.03K","0.00%"
"10-10-2024","25,750.00","25,750.00","25,750.00","25,750.00","0.02K","-1.19%"
"09-10-2024","26,060.00","26,060.00","26,060.00","26,060.00","0.01K","0.00%"
"08-10-2024","26,060.00","26,060.00","26,060.00","26,060.00","0.03K","1.16%"
"07-10-2024","25,760.00","25,700.00","25,800.00","25,700.00","0.09K","0.63%"
"04-10-2024","25,600.00","25,600.00","25,600.00","25,600.00","0.03K","-0.39%"
"03-10-2024","25,700.00","25,800.00","25,800.00","25,600.00","0.05K","-1.66%"
"01-10-2024","26,135.00","26,135.00","26,135.00","26,135.00","0.01K","-3.99%"
"30-09-2024","27,220.00","27,220.00","27,220.00","27,220.00","","-0.04%"
"27-09-2024","27,230.00","27,230.00","27,230.00","27,230.00","","3.54%"
"26-09-2024","26,300.00","26,300.00","26,300.00","26,300.00","0.00K","-3.11%"
"25-09-2024","27,145.00","27,715.00","27,715.00","26,405.00","0.02K","1.40%"
"24-09-2024","26,770.00","26,770.00","26,770.00","26,770.00","","0.22%"
"23-09-2024","26,710.00","26,710.00","26,710.00","26,710.00","","2.18%"
"20-09-2024","26,140.00","26,210.00","26,315.00","26,000.00","0.23K","0.91%"
"19-09-2024","25,905.00","25,700.00","26,135.00","25,665.00","0.11K","1.27%"
"18-09-2024","25,580.00","25,610.00","25,875.00","25,500.00","0.10K","-0.80%"
"17-09-2024","25,785.00","25,630.00","26,095.00","25,575.00","0.11K","0.96%"
"16-09-2024","25,540.00","25,480.00","25,635.00","25,400.00","0.08K","1.31%"
"13-09-2024","25,210.00","25,260.00","25,260.00","25,155.00","0.07K","-1.83%"
"12-09-2024","25,680.00","25,400.00","26,240.00","25,400.00","0.12K","1.16%"
"11-09-2024","25,385.00","26,000.00","26,000.00","25,160.00","0.01K","0.99%"
"10-09-2024","25,135.00","24,685.00","25,200.00","24,685.00","0.07K","1.13%"
"09-09-2024","24,855.00","24,855.00","24,855.00","24,850.00","0.02K","0.42%"
"06-09-2024","24,750.00","24,750.00","24,750.00","24,750.00","0.01K","-0.10%"
"05-09-2024","24,775.00","24,700.00","24,800.00","24,700.00","0.01K","1.29%"
"04-09-2024","24,460.00","24,480.00","24,565.00","24,000.00","0.12K","-1.94%"
"03-09-2024","24,945.00","25,750.00","26,230.00","24,475.00","0.07K","-1.13%"
"02-09-2024","25,230.00","25,230.00","25,230.00","25,230.00","0.01K","-2.70%"
"30-08-2024","25,930.00","25,930.00","25,930.00","25,930.00","","0.37%"
"29-08-2024","25,835.00","25,835.00","25,835.00","25,835.00","","0.21%"
"28-08-2024","25,780.00","25,780.00","25,780.00","25,780.00","","-0.48%"
"27-08-2024","25,905.00","25,905.00","25,905.00","25,905.00","","-0.02%"
"26-08-2024","25,910.00","25,910.00","25,910.00","25,910.00","","-0.06%"
"23-08-2024","25,925.00","25,925.00","25,925.00","25,925.00","","0.31%"
"22-08-2024","25,845.00","25,845.00","25,845.00","25,845.00","","0.35%"
"21-08-2024","25,755.00","25,755.00","25,755.00","25,755.00","","5.64%"
"20-08-2024","24,380.00","24,635.00","24,635.00","23,900.00","0.07K","-1.67%"
"19-08-2024","24,795.00","24,730.00","24,855.00","24,730.00","0.08K","0.49%"
"16-08-2024","24,675.00","24,900.00","25,080.00","24,510.00","0.24K","-2.55%"
"14-08-2024","25,320.00","25,295.00","25,370.00","25,295.00","0.01K","-3.89%"
"13-08-2024","26,345.00","26,345.00","26,345.00","26,345.00","","0.00%"
"12-08-2024","26,345.00","26,345.00","26,345.00","26,345.00","","2.19%"
"09-08-2024","25,780.00","25,760.00","25,800.00","25,760.00","0.01K","-2.90%"
"08-08-2024","26,550.00","26,550.00","26,550.00","26,550.00","","0.23%"
"07-08-2024","26,490.00","26,490.00","26,490.00","26,490.00","","0.08%"
"06-08-2024","26,470.00","26,470.00","26,470.00","26,470.00","","-0.38%"
"05-08-2024","26,570.00","26,570.00","26,570.00","26,570.00","","-2.05%"
"02-08-2024","27,125.00","27,125.00","27,125.00","27,125.00","","-0.02%"
"01-08-2024","27,130.00","27,130.00","27,130.00","27,130.00","","-0.22%"
"31-07-2024","27,190.00","27,190.00","27,190.00","27,190.00","","0.31%"
"30-07-2024","27,105.00","27,105.00","27,105.00","27,105.00","","-0.06%"
"29-07-2024","27,120.00","27,120.00","27,120.00","27,120.00","","1.12%"
"26-07-2024","26,820.00","26,820.00","26,820.00","26,820.00","","0.00%"
"25-07-2024","26,820.00","26,820.00","26,820.00","26,820.00","0.00K","3.89%"
"24-07-2024","25,815.00","25,815.00","25,815.00","25,815.00","","-0.77%"
"23-07-2024","26,015.00","26,015.00","26,015.00","26,015.00","","0.54%"
"22-07-2024","25,875.00","25,875.00","25,875.00","25,875.00","","-2.52%"
"19-07-2024","26,545.00","26,660.00","26,660.00","26,320.00","0.07K","-1.17%"
"18-07-2024","26,860.00","26,820.00","27,190.00","26,800.00","0.13K","0.52%"
"16-07-2024","26,720.00","26,505.00","26,900.00","26,505.00","0.35K","-0.04%"
"15-07-2024","26,730.00","27,095.00","27,100.00","26,500.00","0.22K","-2.85%"
"12-07-2024","27,515.00","27,695.00","27,750.00","27,100.00","0.02K","-0.95%"
"11-07-2024","27,780.00","27,770.00","27,795.00","27,770.00","0.02K","-0.07%"
"10-07-2024","27,800.00","27,800.00","27,800.00","27,800.00","0.00K","0.78%"
"09-07-2024","27,585.00","27,650.00","28,005.00","27,220.00","0.18K","-0.42%"
"08-07-2024","27,700.00","27,650.00","27,760.00","27,650.00","0.07K","-3.55%"
"05-07-2024","28,720.00","28,900.00","28,900.00","28,500.00","0.02K","1.25%"
"04-07-2024","28,365.00","28,365.00","28,365.00","28,365.00","0.00K","0.00%"
"03-07-2024","28,365.00","28,365.00","28,365.00","28,365.00","","0.12%"
"02-07-2024","28,330.00","28,330.00","28,330.00","28,330.00","","-0.37%"
"01-07-2024","28,435.00","28,435.00","28,435.00","28,435.00","","-0.73%"
"28-06-2024","28,645.00","29,005.00","29,005.00","28,645.00","","0.17%"
"27-06-2024","28,595.00","28,595.00","28,595.00","28,595.00","","-0.61%"
"26-06-2024","28,770.00","29,005.00","29,005.00","28,770.00","","-2.33%"
"25-06-2024","29,455.00","29,455.00","29,455.00","29,455.00","","1.55%"
"24-06-2024","29,005.00","29,005.00","29,005.00","29,005.00","0.00K","2.17%"
"21-06-2024","28,390.00","28,390.00","28,390.00","28,390.00","","-0.16%"
"20-06-2024","28,435.00","27,845.00","28,655.00","27,845.00","0.57K","2.95%"
"19-06-2024","27,620.00","27,620.00","27,620.00","27,620.00","0.02K","-0.47%"
"18-06-2024","27,750.00","27,650.00","27,880.00","27,650.00","0.02K","1.65%"
"14-06-2024","27,300.00","27,295.00","27,310.00","27,295.00","0.03K","0.91%"
"13-06-2024","27,055.00","27,250.00","27,250.00","26,850.00","0.01K","1.50%"
"12-06-2024","26,655.00","26,770.00","27,190.00","26,215.00","0.10K","1.50%"
"11-06-2024","26,260.00","25,905.00","26,480.00","25,905.00","0.02K","-2.29%"
"10-06-2024","26,875.00","27,000.00","27,190.00","26,425.00","0.05K","-3.33%"
"07-06-2024","27,800.00","27,800.00","27,800.00","27,800.00","0.02K","-0.73%"
"06-06-2024","28,005.00","28,005.00","28,005.00","28,005.00","0.01K","0.00%"
"05-06-2024","28,005.00","28,005.00","28,005.00","28,005.00","","1.84%"
"04-06-2024","27,500.00","27,500.00","27,500.00","27,500.00","0.00K","1.70%"
"03-06-2024","27,040.00","27,040.00","27,040.00","27,040.00","0.01K","4.00%"
"31-05-2024","26,000.00","26,490.00","26,490.00","25,935.00","0.06K","-5.76%"
"30-05-2024","27,590.00","27,590.00","27,590.00","27,590.00","","-0.84%"
"29-05-2024","27,825.00","27,900.00","27,900.00","27,825.00","","0.83%"
"28-05-2024","27,595.00","27,595.00","27,595.00","27,595.00","","-0.47%"
"27-05-2024","27,725.00","27,725.00","27,725.00","27,725.00","","-3.13%"
"24-05-2024","28,620.00","27,900.00","28,620.00","27,900.00","","0.42%"
"23-05-2024","28,500.00","28,500.00","28,500.00","28,500.00","","2.15%"
"22-05-2024","27,900.00","27,900.00","27,900.00","27,900.00","0.00K","-3.36%"
"21-05-2024","28,870.00","28,870.00","28,870.00","28,870.00","","5.96%"
"17-05-2024","27,245.00","27,520.00","27,600.00","26,540.00","0.09K","-0.11%"
"16-05-2024","27,275.00","26,800.00","27,300.00","26,800.00","0.04K","2.00%"
"15-05-2024","26,740.00","26,375.00","27,100.00","26,375.00","0.08K","-2.66%"
"14-05-2024","27,470.00","27,900.00","28,105.00","26,010.00","0.09K","1.65%"
"13-05-2024","27,025.00","27,090.00","27,090.00","26,950.00","0.02K","3.74%"
"10-05-2024","26,050.00","25,900.00","26,195.00","25,900.00","0.01K","3.41%"
"09-05-2024","25,190.00","25,190.00","25,190.00","25,190.00","","-1.22%"
"08-05-2024","25,500.00","25,680.00","25,700.00","25,300.00","0.01K","-0.80%"
"07-05-2024","25,705.00","25,705.00","25,705.00","25,705.00","","5.15%"
"06-05-2024","24,445.00","24,445.00","24,445.00","24,445.00","","2.71%"
"03-05-2024","23,800.00","23,800.00","23,800.00","23,800.00","0.00K","-1.41%"
"02-05-2024","24,140.00","24,140.00","24,140.00","24,140.00","","5.88%"
"30-04-2024","22,800.00","22,800.00","22,800.00","22,800.00","0.00K","-1.08%"
"29-04-2024","23,050.00","23,050.00","23,050.00","23,050.00","","0.00%"
"26-04-2024","23,050.00","23,050.00","23,050.00","23,050.00","","0.00%"
"25-04-2024","23,050.00","23,050.00","23,050.00","23,050.00","","0.00%"
"24-04-2024","23,050.00","23,050.00","23,050.00","23,050.00","","0.00%"
"23-04-2024","23,050.00","23,050.00","23,050.00","23,050.00","","0.00%"
"22-04-2024","23,050.00","23,050.00","23,050.00","23,050.00","","6.03%"
"19-04-2024","21,740.00","21,850.00","21,930.00","21,645.00","0.16K","-0.25%"
"18-04-2024","21,795.00","21,610.00","21,850.00","21,450.00","0.23K","1.85%"
"16-04-2024","21,400.00","21,590.00","21,590.00","21,025.00","0.08K","-0.67%"
"15-04-2024","21,545.00","22,035.00","22,035.00","21,495.00","0.24K","-5.19%"
"12-04-2024","22,725.00","22,875.00","22,875.00","22,465.00","0.07K","-0.63%"
"10-04-2024","22,870.00","23,200.00","23,250.00","22,550.00","0.12K","-0.57%"
"09-04-2024","23,000.00","23,000.00","23,000.00","23,000.00","0.00K","-0.54%"
"08-04-2024","23,125.00","23,125.00","23,125.00","23,125.00","","-2.16%"
"05-04-2024","23,635.00","23,635.00","23,635.00","23,635.00","","0.57%"
"04-04-2024","23,500.00","23,500.00","23,500.00","23,500.00","0.00K","0.73%"
"03-04-2024","23,330.00","23,000.00","23,500.00","23,000.00","0.01K","2.55%"
"02-04-2024","22,750.00","22,750.00","22,750.00","22,750.00","0.00K","-0.07%"
"01-04-2024","22,765.00","22,765.00","22,765.00","22,765.00","","-1.83%"
"28-03-2024","23,190.00","22,800.00","23,395.00","22,800.00","0.03K","3.90%"
"27-03-2024","22,320.00","22,320.00","22,320.00","22,320.00","0.00K","-3.75%"
"26-03-2024","23,190.00","23,190.00","23,190.00","23,190.00","","0.45%"
"22-03-2024","23,085.00","23,300.00","23,300.00","22,865.00","0.01K","-2.06%"
"21-03-2024","23,570.00","23,600.00","23,600.00","23,500.00","0.01K","0.21%"
"20-03-2024","23,520.00","23,200.00","23,545.00","23,140.00","0.18K","1.64%"
"19-03-2024","23,140.00","23,200.00","23,350.00","22,950.00","0.26K","-0.98%"
"18-03-2024","23,370.00","23,610.00","23,735.00","23,160.00","0.33K","-3.97%"
"15-03-2024","24,335.00","24,455.00","24,455.00","23,900.00","0.24K","0.75%"
"14-03-2024","24,155.00","25,750.00","25,750.00","24,005.00","0.19K","-3.84%"
"13-03-2024","25,120.00","25,495.00","25,600.00","25,030.00","0.14K","-0.93%"
"12-03-2024","25,355.00","24,940.00","25,790.00","24,940.00","0.05K","-2.37%"
"11-03-2024","25,970.00","25,500.00","26,140.00","25,300.00","0.19K","3.32%"
"07-03-2024","25,135.00","24,990.00","25,550.00","23,995.00","0.15K","2.24%"
"06-03-2024","24,585.00","23,700.00","24,700.00","23,400.00","0.06K","3.13%"
"05-03-2024","23,840.00","23,780.00","24,000.00","23,540.00","0.03K","-1.00%"
"04-03-2024","24,080.00","23,800.00","24,200.00","23,800.00","0.17K","-0.88%"
"01-03-2024","24,295.00","24,700.00","24,700.00","24,195.00","0.03K","1.25%"
"29-02-2024","23,995.00","23,975.00","24,000.00","23,975.00","0.02K","1.35%"
"28-02-2024","23,675.00","23,890.00","23,890.00","23,600.00","0.04K","-0.86%"
"27-02-2024","23,880.00","24,100.00","24,100.00","23,655.00","0.01K","-2.43%"
"26-02-2024","24,475.00","24,470.00","24,700.00","24,400.00","0.04K","-2.80%"
"23-02-2024","25,180.00","25,180.00","25,180.00","25,180.00","","0.00%"
"22-02-2024","25,180.00","25,180.00","25,180.00","25,180.00","0.03K","-3.95%"
"21-02-2024","26,215.00","26,695.00","26,700.00","25,505.00","0.03K","2.02%"
"20-02-2024","25,695.00","25,000.00","25,800.00","24,705.00","0.05K","5.57%"
"19-02-2024","24,340.00","24,310.00","24,700.00","23,885.00","0.02K","-0.04%"
"16-02-2024","24,350.00","24,350.00","24,350.00","24,350.00","","0.50%"
"15-02-2024","24,230.00","24,230.00","24,230.00","24,230.00","","0.52%"
"14-02-2024","24,105.00","24,000.00","24,195.00","24,000.00","0.03K","-3.48%"
"13-02-2024","24,975.00","25,160.00","25,160.00","24,785.00","0.01K","-3.25%"
"12-02-2024","25,815.00","25,965.00","25,965.00","25,555.00","0.02K","-1.71%"
"09-02-2024","26,265.00","26,240.00","26,300.00","26,240.00","0.03K","-0.44%"
"08-02-2024","26,380.00","26,380.00","26,380.00","26,380.00","","0.69%"
"07-02-2024","26,200.00","26,200.00","26,200.00","26,200.00","0.02K","-0.74%"
"06-02-2024","26,395.00","26,680.00","26,680.00","26,100.00","0.01K","0.27%"
"05-02-2024","26,325.00","26,325.00","26,325.00","26,325.00","","-0.87%"
"02-02-2024","26,555.00","26,555.00","26,555.00","26,555.00","","0.08%"
"01-02-2024","26,535.00","26,535.00","26,535.00","26,535.00","","2.45%"
"31-01-2024","25,900.00","25,900.00","25,900.00","25,900.00","0.01K","3.29%"
"30-01-2024","25,075.00","25,075.00","25,075.00","25,075.00","0.01K","0.00%"
"29-01-2024","25,075.00","25,075.00","25,075.00","25,075.00","0.01K","-3.98%"
"25-01-2024","26,115.00","25,520.00","26,470.00","25,520.00","0.03K","0.91%"
"24-01-2024","25,880.00","25,700.00","26,070.00","25,685.00","0.09K","3.17%"
"23-01-2024","25,085.00","24,545.00","25,940.00","24,500.00","0.08K","-3.41%"
"19-01-2024","25,970.00","26,000.00","26,000.00","25,750.00","0.09K","-0.92%"
"18-01-2024","26,210.00","26,310.00","26,480.00","26,000.00","0.06K","-1.13%"
"17-01-2024","26,510.00","27,100.00","27,150.00","26,465.00","0.10K","-0.24%"
"16-01-2024","26,575.00","26,010.00","26,700.00","26,010.00","0.08K","4.09%"
"15-01-2024","25,530.00","25,200.00","25,600.00","25,175.00","0.23K","1.23%"
"12-01-2024","25,220.00","25,100.00","25,300.00","24,675.00","0.26K","-1.43%"
"11-01-2024","25,585.00","25,550.00","25,700.00","25,505.00","0.02K","-0.64%"
"10-01-2024","25,750.00","25,620.00","26,440.00","25,200.00","0.11K","-0.96%"
"09-01-2024","26,000.00","26,355.00","26,855.00","25,800.00","0.10K","-3.11%"
"08-01-2024","26,835.00","26,835.00","26,835.00","26,835.00","0.01K","-3.99%"
"05-01-2024","27,950.00","28,410.00","28,435.00","27,450.00","0.02K","-1.60%"
"04-01-2024","28,405.00","27,400.00","28,405.00","27,400.00","0.24K","5.99%"
"03-01-2024","26,800.00","26,800.00","26,800.00","26,800.00","","0.00%"
"02-01-2024","26,800.00","26,800.00","26,800.00","26,800.00","","0.00%"
"01-01-2024","26,800.00","26,800.00","26,800.00","26,800.00","0.01K","-3.84%"
"29-12-2023","27,870.00","27,870.00","27,870.00","27,870.00","","0.47%"
"28-12-2023","27,740.00","27,465.00","27,800.00","27,400.00","0.06K","0.18%"
"27-12-2023","27,690.00","27,965.00","27,965.00","27,415.00","0.03K","-4.94%"
"26-12-2023","29,130.00","29,130.00","29,130.00","29,130.00","","-5.76%"
"22-12-2023","30,910.00","30,910.00","30,910.00","30,910.00","0.00K","0.00%"
"21-12-2023","30,910.00","30,910.00","30,910.00","30,910.00","","0.77%"
"20-12-2023","30,675.00","30,500.00","31,500.00","30,500.00","0.19K","-0.60%"
"19-12-2023","30,860.00","31,500.00","31,500.00","30,430.00","0.19K","-2.62%"
"18-12-2023","31,690.00","33,605.00","34,000.00","31,675.00","0.39K","-5.95%"
"15-12-2023","33,695.00","32,400.00","33,940.00","32,350.00","0.18K","2.93%"
"14-12-2023","32,735.00","33,385.00","33,385.00","32,500.00","0.07K","-1.06%"
"13-12-2023","33,085.00","32,995.00","33,500.00","32,550.00","0.19K","1.19%"
"12-12-2023","32,695.00","32,600.00","32,890.00","31,500.00","0.27K","0.02%"
"11-12-2023","32,690.00","33,605.00","35,050.00","32,500.00","0.24K","-1.30%"
"08-12-2023","33,120.00","32,020.00","34,295.00","31,800.00","0.30K","2.19%"
"07-12-2023","32,410.00","33,500.00","33,510.00","32,000.00","0.19K","-3.77%"
"06-12-2023","33,680.00","34,190.00","34,200.00","33,305.00","0.10K","2.42%"
"05-12-2023","32,885.00","34,300.00","34,500.00","32,270.00","0.29K","-4.20%"
"04-12-2023","34,325.00","34,690.00","35,300.00","33,560.00","0.39K","-3.62%"
"01-12-2023","35,615.00","35,580.00","35,900.00","35,120.00","0.04K","-0.97%"
"30-11-2023","35,965.00","36,190.00","36,600.00","35,620.00","0.14K","-3.06%"
"29-11-2023","37,100.00","37,900.00","37,900.00","37,000.00","0.07K","-1.71%"
"28-11-2023","37,745.00","37,500.00","38,195.00","37,500.00","0.08K","1.47%"
"24-11-2023","37,200.00","38,000.00","38,000.00","36,400.00","0.01K","-0.84%"
"23-11-2023","37,515.00","37,790.00","37,790.00","37,240.00","0.01K","-2.34%"
"22-11-2023","38,415.00","38,200.00","38,800.00","38,000.00","0.03K","-1.85%"
"21-11-2023","39,140.00","38,700.00","39,500.00","38,700.00","0.06K","-13.17%"
"20-11-2023","45,075.00","44,225.00","45,075.00","44,225.00","0.53K","6.00%"
"17-11-2023","42,525.00","42,615.00","43,035.00","42,000.00","0.21K","1.56%"
"16-11-2023","41,870.00","42,000.00","42,875.00","41,155.00","0.11K","0.07%"
"15-11-2023","41,840.00","42,330.00","42,685.00","41,365.00","0.17K","-4.43%"
"13-11-2023","43,780.00","44,100.00","44,280.00","43,005.00","0.14K","-0.66%"
"12-11-2023","44,070.00","44,500.00","44,525.00","43,920.00","0.15K","-1.02%"
"10-11-2023","44,525.00","44,060.00","44,800.00","42,800.00","0.13K","3.35%"
"09-11-2023","43,080.00","42,900.00","43,350.00","42,600.00","0.07K","0.57%"
"08-11-2023","42,835.00","46,370.00","46,670.00","42,765.00","0.19K","-5.84%"
"07-11-2023","45,490.00","44,125.00","45,505.00","44,125.00","0.08K","5.96%"
"06-11-2023","42,930.00","42,555.00","43,795.00","41,930.00","0.08K","3.52%"
"03-11-2023","41,470.00","39,250.00","42,380.00","39,250.00","0.11K","1.77%"
"02-11-2023","40,750.00","41,805.00","42,360.00","40,740.00","0.21K","-5.98%"
"01-11-2023","43,340.00","41,900.00","44,440.00","41,410.00","0.25K","-0.70%"
"31-10-2023","43,645.00","45,500.00","45,500.00","43,640.00","0.26K","-5.99%"
"30-10-2023","46,425.00","46,200.00","46,750.00","45,610.00","0.07K","-1.02%"
"27-10-2023","46,905.00","46,550.00","47,600.00","44,505.00","0.13K","-0.03%"
"26-10-2023","46,920.00","49,325.00","49,325.00","46,860.00","0.18K","-5.88%"
"25-10-2023","49,850.00","50,000.00","50,200.00","49,000.00","0.11K","-4.25%"
"23-10-2023","52,060.00","52,605.00","52,605.00","51,510.00","0.01K","-4.51%"
"20-10-2023","54,520.00","53,200.00","55,120.00","53,200.00","0.39K","0.56%"
"19-10-2023","54,215.00","56,995.00","56,995.00","54,140.00","0.45K","-5.87%"
"18-10-2023","57,595.00","58,295.00","58,295.00","57,200.00","0.07K","-1.78%"
"17-10-2023","58,640.00","58,400.00","59,040.00","58,370.00","0.09K","0.44%"
"16-10-2023","58,385.00","57,800.00","58,840.00","57,165.00","0.11K","3.19%"
"13-10-2023","56,580.00","56,580.00","56,580.00","56,580.00","","1.49%"
"12-10-2023","55,750.00","53,970.00","56,250.00","53,970.00","0.08K","-0.81%"
"11-10-2023","56,205.00","56,595.00","56,595.00","55,415.00","0.01K","-4.66%"
"10-10-2023","58,950.00","59,600.00","59,995.00","58,000.00","0.02K","-0.51%"
"09-10-2023","59,250.00","58,600.00","59,900.00","58,600.00","0.01K","-1.97%"
"06-10-2023","60,440.00","60,440.00","60,440.00","60,440.00","","-0.82%"
"05-10-2023","60,940.00","60,940.00","60,940.00","60,940.00","","0.10%"
"04-10-2023","60,880.00","60,880.00","60,880.00","60,880.00","","0.44%"
"03-10-2023","60,615.00","60,615.00","60,615.00","60,615.00","","-3.92%"
"29-09-2023","63,085.00","63,085.00","63,085.00","63,085.00","","2.13%"
"28-09-2023","61,770.00","61,770.00","61,770.00","61,770.00","","0.37%"
"27-09-2023","61,540.00","61,540.00","61,540.00","61,540.00","","-1.67%"
"26-09-2023","62,585.00","62,585.00","62,585.00","62,585.00","","-0.52%"
"25-09-2023","62,910.00","62,910.00","62,910.00","62,910.00","","-0.67%"
"22-09-2023","63,335.00","63,335.00","63,335.00","63,335.00","","0.65%"
"21-09-2023","62,925.00","62,925.00","62,925.00","62,925.00","","2.40%"
"20-09-2023","61,450.00","61,000.00","61,700.00","61,000.00","0.13K","2.21%"
"18-09-2023","60,120.00","60,120.00","60,120.00","60,120.00","","-2.54%"
"15-09-2023","61,685.00","61,685.00","61,685.00","61,685.00","","-3.06%"
"14-09-2023","63,630.00","63,630.00","63,630.00","63,630.00","","0.36%"
"13-09-2023","63,400.00","63,400.00","63,400.00","63,400.00","0.00K","0.81%"
"12-09-2023","62,890.00","62,890.00","62,890.00","62,890.00","","-1.90%"
"11-09-2023","64,105.00","64,105.00","64,105.00","64,105.00","","-4.15%"
"08-09-2023","66,880.00","66,880.00","66,880.00","66,880.00","0.00K","4.00%"
"07-09-2023","64,310.00","64,310.00","64,310.00","64,310.00","","2.65%"
"06-09-2023","62,650.00","62,650.00","62,650.00","62,650.00","","-0.41%"
"05-09-2023","62,905.00","62,905.00","62,905.00","62,905.00","","-1.03%"
"04-09-2023","63,560.00","63,560.00","63,560.00","63,560.00","","4.35%"
"01-09-2023","60,910.00","60,910.00","60,910.00","60,910.00","","5.30%"
"31-08-2023","57,845.00","57,845.00","57,845.00","57,845.00","","4.01%"
"30-08-2023","55,615.00","55,615.00","55,615.00","55,615.00","","-0.59%"
"29-08-2023","55,945.00","55,945.00","55,945.00","55,945.00","","-2.90%"
"28-08-2023","57,615.00","57,615.00","57,615.00","57,615.00","","-1.87%"
"25-08-2023","58,715.00","58,715.00","58,715.00","58,715.00","","-1.20%"
"24-08-2023","59,430.00","59,430.00","59,430.00","59,430.00","","-0.57%"
"23-08-2023","59,770.00","59,770.00","59,770.00","59,770.00","","-1.78%"
"22-08-2023","60,855.00","60,855.00","60,855.00","60,855.00","","-1.15%"
"21-08-2023","61,560.00","61,560.00","61,560.00","61,560.00","","1.22%"
"18-08-2023","60,820.00","61,895.00","61,895.00","60,435.00","0.17K","0.78%"
"17-08-2023","60,350.00","58,950.00","60,725.00","58,835.00","0.32K","0.43%"
"16-08-2023","60,090.00","61,500.00","61,500.00","59,800.00","0.16K","-4.80%"
"14-08-2023","63,120.00","63,050.00","63,570.00","62,575.00","0.08K","-0.51%"
"11-08-2023","63,445.00","63,445.00","63,445.00","63,445.00","0.02K","-0.09%"
"10-08-2023","63,505.00","66,230.00","66,250.00","63,400.00","0.12K","-0.42%"
"09-08-2023","63,770.00","63,520.00","64,020.00","63,520.00","0.04K","0.39%"
"08-08-2023","63,520.00","63,520.00","63,520.00","63,520.00","0.03K","-0.81%"
"07-08-2023","64,040.00","64,000.00","64,200.00","63,910.00","0.01K","-0.41%"
"04-08-2023","64,305.00","64,500.00","64,500.00","64,090.00","0.02K","1.27%"
"03-08-2023","63,500.00","63,990.00","64,195.00","63,300.00","0.04K","0.13%"
"02-08-2023","63,415.00","63,110.00","64,310.00","63,110.00","0.02K","4.49%"
"01-08-2023","60,690.00","60,690.00","60,690.00","60,690.00","0.03K","-0.06%"
"31-07-2023","60,725.00","60,725.00","60,725.00","60,725.00","","-0.86%"
"28-07-2023","61,250.00","61,250.00","61,250.00","61,250.00","","1.35%"
"27-07-2023","60,435.00","60,435.00","60,435.00","60,435.00","","0.46%"
"26-07-2023","60,160.00","60,160.00","60,160.00","60,160.00","","-2.24%"
"25-07-2023","61,540.00","61,540.00","61,540.00","61,540.00","","-0.05%"
"24-07-2023","61,570.00","61,570.00","61,570.00","61,570.00","","-0.17%"
"21-07-2023","61,675.00","61,675.00","61,675.00","61,675.00","","0.55%"
"20-07-2023","61,335.00","60,355.00","61,500.00","60,125.00","0.56K","2.28%"
"19-07-2023","59,970.00","60,485.00","60,890.00","59,770.00","0.26K","-2.31%"
"18-07-2023","61,390.00","61,365.00","61,740.00","61,050.00","0.11K","1.88%"
"17-07-2023","60,260.00","59,290.00","61,160.00","59,180.00","0.07K","3.26%"
"14-07-2023","58,360.00","58,550.00","58,550.00","57,940.00","0.08K","1.44%"
"13-07-2023","57,530.00","57,500.00","58,620.00","57,175.00","0.29K","-3.39%"
"12-07-2023","59,550.00","59,550.00","59,550.00","59,550.00","0.01K","-0.97%"
"11-07-2023","60,135.00","60,135.00","60,135.00","60,135.00","","-1.00%"
"10-07-2023","60,740.00","60,740.00","60,740.00","60,740.00","0.01K","2.86%"
"07-07-2023","59,050.00","59,050.00","59,050.00","59,050.00","0.02K","0.54%"
"06-07-2023","58,735.00","58,730.00","58,735.00","58,730.00","0.02K","1.56%"
"05-07-2023","57,830.00","57,830.00","57,830.00","57,830.00","","4.91%"
"04-07-2023","55,125.00","55,125.00","55,125.00","55,125.00","","1.60%"
"03-07-2023","54,255.00","54,255.00","54,255.00","54,255.00","0.01K","-3.38%"
"30-06-2023","56,155.00","56,155.00","56,155.00","56,155.00","0.00K","-2.93%"
"28-06-2023","57,850.00","56,075.00","59,620.00","56,075.00","0.01K","-0.96%"
"27-06-2023","58,410.00","58,280.00","58,540.00","58,280.00","0.01K","-0.57%"
"26-06-2023","58,745.00","58,205.00","59,325.00","58,185.00","0.06K","4.96%"
"23-06-2023","55,970.00","53,925.00","56,975.00","53,925.00","0.04K","0.56%"
"22-06-2023","55,660.00","55,660.00","55,660.00","55,660.00","","1.27%"
"21-06-2023","54,960.00","54,960.00","54,960.00","54,960.00","0.04K","5.19%"
"20-06-2023","52,250.00","52,050.00","53,265.00","52,015.00","0.54K","0.48%"
"19-06-2023","52,000.00","50,555.00","52,435.00","50,555.00","0.18K","4.31%"
"16-06-2023","49,850.00","49,590.00","50,000.00","49,290.00","0.23K","-0.52%"
"15-06-2023","50,110.00","50,600.00","52,115.00","49,585.00","0.09K","-0.45%"
"14-06-2023","50,335.00","50,000.00","50,600.00","49,855.00","0.06K","0.59%"
"13-06-2023","50,040.00","49,610.00","50,285.00","49,355.00","0.07K","0.30%"
"12-06-2023","49,890.00","48,750.00","50,515.00","48,750.00","0.01K","1.80%"
"09-06-2023","49,010.00","49,010.00","49,010.00","49,010.00","0.00K","1.19%"
"08-06-2023","48,435.00","48,435.00","48,435.00","48,435.00","","1.53%"
"07-06-2023","47,705.00","47,605.00","47,800.00","47,605.00","0.01K","3.20%"
"06-06-2023","46,225.00","44,335.00","46,555.00","44,335.00","0.06K","0.15%"
"05-06-2023","46,155.00","46,155.00","46,155.00","46,155.00","","0.72%"
"02-06-2023","45,825.00","45,825.00","45,825.00","45,825.00","0.15K","0.80%"
"01-06-2023","45,460.00","45,460.00","45,460.00","45,460.00","","0.31%"
"31-05-2023","45,320.00","45,320.00","45,320.00","45,320.00","","-1.88%"
"30-05-2023","46,190.00","46,190.00","46,190.00","46,190.00","","-0.14%"
"29-05-2023","46,255.00","46,255.00","46,255.00","46,255.00","","3.08%"
"26-05-2023","44,875.00","44,875.00","44,875.00","44,875.00","","0.30%"
"25-05-2023","44,740.00","44,740.00","44,740.00","44,740.00","","-1.94%"
"24-05-2023","45,625.00","45,625.00","45,625.00","45,625.00","","1.32%"
"23-05-2023","45,030.00","45,030.00","45,030.00","45,030.00","","-0.96%"
"22-05-2023","45,465.00","45,465.00","45,465.00","45,465.00","","-1.17%"
"19-05-2023","46,005.00","44,965.00","46,285.00","44,965.00","0.38K","2.01%"
"18-05-2023","45,100.00","46,560.00","47,445.00","44,635.00","0.39K","-4.59%"
"17-05-2023","47,270.00","46,200.00","47,700.00","46,130.00","0.18K","1.89%"
"16-05-2023","46,395.00","46,225.00","46,560.00","45,080.00","0.45K","-1.19%"
"15-05-2023","46,955.00","47,625.00","47,625.00","46,800.00","0.33K","-2.93%"
"12-05-2023","48,370.00","48,500.00","48,500.00","48,000.00","0.02K","-0.51%"
"11-05-2023","48,620.00","48,620.00","48,620.00","48,620.00","","-0.21%"
"10-05-2023","48,720.00","48,110.00","49,680.00","48,105.00","0.02K","1.86%"
"09-05-2023","47,830.00","47,830.00","47,830.00","47,830.00","","-2.02%"
"08-05-2023","48,815.00","48,815.00","48,815.00","48,815.00","0.01K","3.01%"
"05-05-2023","47,390.00","46,200.00","48,045.00","46,200.00","0.01K","2.58%"
"04-05-2023","46,200.00","46,200.00","46,200.00","46,200.00","","-0.54%"
"03-05-2023","46,450.00","46,450.00","46,450.00","46,450.00","","0.00%"
"02-05-2023","46,450.00","46,450.00","46,450.00","46,450.00","","4.51%"
"28-04-2023","44,445.00","44,445.00","44,445.00","44,445.00","","1.35%"
"27-04-2023","43,855.00","43,855.00","43,855.00","43,855.00","","5.70%"
"26-04-2023","41,490.00","41,490.00","41,490.00","41,490.00","","1.63%"
"25-04-2023","40,825.00","40,825.00","40,825.00","40,825.00","","-1.57%"
"24-04-2023","41,475.00","41,475.00","41,475.00","41,475.00","","-0.54%"
"21-04-2023","41,700.00","41,700.00","41,700.00","41,700.00","","0.45%"
"20-04-2023","41,515.00","41,090.00","42,000.00","41,020.00","0.41K","2.13%"
"19-04-2023","40,650.00","40,880.00","40,940.00","40,400.00","0.41K","-0.54%"
"18-04-2023","40,870.00","41,660.00","41,660.00","40,245.00","0.36K","1.70%"
"17-04-2023","40,185.00","41,390.00","41,390.00","39,835.00","0.44K","-4.99%"
"13-04-2023","42,295.00","42,500.00","42,580.00","40,985.00","0.20K","1.48%"
"12-04-2023","41,680.00","39,485.00","42,370.00","39,485.00","0.46K","2.23%"
"11-04-2023","40,770.00","40,775.00","41,785.00","40,195.00","0.09K","3.42%"
"10-04-2023","39,420.00","39,420.00","39,420.00","39,420.00","0.00K","4.00%"
"06-04-2023","37,905.00","37,905.00","37,905.00","37,905.00","0.21K","2.27%"
"05-04-2023","37,065.00","37,065.00","37,065.00","37,065.00","0.01K","3.93%"
"03-04-2023","35,665.00","35,665.00","35,665.00","35,665.00","","-1.87%"
"31-03-2023","36,345.00","36,345.00","36,345.00","36,345.00","","0.68%"
"29-03-2023","36,100.00","36,100.00","36,100.00","36,100.00","0.01K","0.96%"
"28-03-2023","35,755.00","35,320.00","36,190.00","35,320.00","0.01K","1.23%"
"27-03-2023","35,320.00","35,320.00","35,320.00","35,320.00","","-3.23%"
"24-03-2023","36,500.00","36,500.00","36,500.00","36,500.00","0.00K","2.64%"
"23-03-2023","35,560.00","35,560.00","35,560.00","35,560.00","","-0.15%"
"22-03-2023","35,615.00","35,615.00","35,615.00","35,615.00","","3.37%"
"21-03-2023","34,455.00","34,455.00","34,455.00","34,455.00","","2.21%"
"20-03-2023","33,710.00","34,050.00","34,415.00","33,440.00","0.68K","0.61%"
"17-03-2023","33,505.00","32,690.00","33,700.00","32,690.00","0.63K","3.44%"
"16-03-2023","32,390.00","32,310.00","32,635.00","31,995.00","0.45K","-0.28%"
"15-03-2023","32,480.00","32,265.00","32,690.00","32,110.00","0.32K","0.11%"
"14-03-2023","32,445.00","31,630.00","32,520.00","31,575.00","0.39K","2.77%"
"13-03-2023","31,570.00","31,135.00","31,640.00","31,100.00","0.30K","0.72%"
"10-03-2023","31,345.00","31,400.00","31,400.00","31,250.00","0.22K","1.64%"
"09-03-2023","30,840.00","30,870.00","30,900.00","30,815.00","0.08K","0.47%"
"08-03-2023","30,695.00","31,000.00","31,000.00","30,120.00","0.01K","0.29%"
"06-03-2023","30,605.00","30,700.00","30,700.00","30,500.00","0.06K","-0.07%"
"03-03-2023","30,625.00","30,015.00","31,405.00","30,015.00","0.05K","-1.08%"
"02-03-2023","30,960.00","31,800.00","31,800.00","30,450.00","0.04K","-3.63%"
"01-03-2023","32,125.00","32,375.00","32,375.00","32,000.00","0.01K","-0.70%"
"28-02-2023","32,350.00","32,330.00","32,450.00","32,125.00","0.02K","-2.07%"
"27-02-2023","33,035.00","33,035.00","33,035.00","33,035.00","0.00K","2.69%"
"24-02-2023","32,170.00","32,190.00","32,230.00","32,040.00","0.01K","2.14%"
"23-02-2023","31,495.00","31,495.00","31,495.00","31,495.00","","-0.82%"
"22-02-2023","31,755.00","31,590.00","31,835.00","31,590.00","0.02K","3.74%"
"21-02-2023","30,610.00","30,610.00","30,610.00","30,610.00","","0.96%"
"20-02-2023","30,320.00","30,365.00","30,365.00","30,200.00","0.02K","-4.14%"
"17-02-2023","31,630.00","31,630.00","31,630.00","31,630.00","0.01K","1.93%"
"16-02-2023","31,030.00","31,030.00","31,030.00","31,030.00","","0.71%"
"15-02-2023","30,810.00","30,420.00","31,200.00","30,420.00","0.01K","-0.37%"
"14-02-2023","30,925.00","31,000.00","31,000.00","30,625.00","0.02K","-2.72%"
"13-02-2023","31,790.00","31,790.00","31,790.00","31,790.00","0.00K","-3.99%"
"10-02-2023","33,110.00","33,110.00","33,110.00","33,110.00","","-1.03%"
"09-02-2023","33,455.00","33,455.00","33,455.00","33,455.00","","1.24%"
"08-02-2023","33,045.00","33,045.00","33,045.00","33,045.00","","0.17%"
"07-02-2023","32,990.00","32,990.00","32,990.00","32,990.00","","-0.33%"
"06-02-2023","33,100.00","33,100.00","33,100.00","33,100.00","0.00K","-2.36%"
"03-02-2023","33,900.00","33,900.00","33,900.00","33,900.00","0.00K","2.40%"
"02-02-2023","33,105.00","33,105.00","33,105.00","33,105.00","","2.35%"
"01-02-2023","32,345.00","32,345.00","32,345.00","32,345.00","","0.86%"
"31-01-2023","32,070.00","31,700.00","32,440.00","31,700.00","0.01K","-0.11%"
"30-01-2023","32,105.00","32,105.00","32,105.00","32,105.00","0.01K","-1.05%"
"27-01-2023","32,445.00","32,445.00","32,445.00","32,445.00","","-1.28%"
"25-01-2023","32,865.00","32,865.00","32,865.00","32,865.00","","1.45%"
"24-01-2023","32,395.00","32,395.00","32,395.00","32,395.00","","-0.61%"
"23-01-2023","32,595.00","32,595.00","32,595.00","32,595.00","","-5.30%"
"20-01-2023","34,420.00","34,905.00","34,905.00","33,960.00","0.43K","-1.81%"
"19-01-2023","35,055.00","35,580.00","35,580.00","34,730.00","0.23K","-0.68%"
"18-01-2023","35,295.00","35,100.00","35,400.00","35,010.00","0.26K","0.79%"
"17-01-2023","35,020.00","35,300.00","35,550.00","34,700.00","0.33K","-3.73%"
"16-01-2023","36,375.00","37,765.00","37,765.00","35,650.00","0.45K","-2.05%"
"13-01-2023","37,135.00","36,355.00","37,385.00","36,185.00","0.27K","3.30%"
"12-01-2023","35,950.00","36,310.00","36,600.00","35,560.00","0.29K","-1.03%"
"11-01-2023","36,325.00","35,600.00","36,500.00","35,600.00","0.15K","1.32%"
"10-01-2023","35,850.00","35,850.00","36,680.00","35,600.00","0.13K","-2.74%"
"09-01-2023","36,860.00","36,850.00","37,300.00","36,500.00","0.14K","4.02%"
"06-01-2023","35,435.00","35,045.00","35,500.00","35,045.00","0.04K","1.24%"
"05-01-2023","35,000.00","35,700.00","35,860.00","34,650.00","0.08K","-1.03%"
"04-01-2023","35,365.00","34,800.00","35,700.00","34,525.00","0.11K","0.35%"
"03-01-2023","35,240.00","34,905.00","35,575.00","34,565.00","0.35K","4.99%"
"02-01-2023","33,565.00","33,205.00","33,845.00","33,205.00","0.14K","5.12%"
"30-12-2022","31,930.00","31,610.00","32,275.00","31,610.00","0.01K","1.53%"
"29-12-2022","31,450.00","31,450.00","31,450.00","31,450.00","0.00K","2.58%"
"28-12-2022","30,660.00","30,160.00","30,850.00","30,160.00","0.01K","-0.94%"
"27-12-2022","30,950.00","30,800.00","31,095.00","30,800.00","0.01K","0.98%"
"26-12-2022","30,650.00","30,615.00","30,795.00","30,600.00","0.02K","-1.11%"
"23-12-2022","30,995.00","30,800.00","31,300.00","30,160.00","0.03K","3.47%"
"22-12-2022","29,955.00","29,895.00","30,500.00","29,675.00","0.03K","0.96%"
"21-12-2022","29,670.00","29,985.00","29,985.00","29,355.00","0.01K","-0.22%"
"20-12-2022","29,735.00","28,600.00","29,810.00","28,390.00","0.90K","3.70%"
"19-12-2022","28,675.00","28,500.00","29,060.00","28,500.00","1.51K","2.56%"
"16-12-2022","27,960.00","28,030.00","28,050.00","27,675.00","0.56K","-0.57%"
"15-12-2022","28,120.00","28,040.00","28,325.00","28,000.00","0.41K","-0.14%"
"14-12-2022","28,160.00","27,695.00","28,240.00","27,690.00","0.36K","1.48%"
"13-12-2022","27,750.00","27,295.00","27,840.00","27,080.00","1.20K","0.40%"
"12-12-2022","27,640.00","27,220.00","27,780.00","27,220.00","0.26K","2.20%"
"09-12-2022","27,045.00","26,750.00","27,180.00","26,340.00","0.34K","2.04%"
"08-12-2022","26,505.00","26,180.00","26,600.00","26,180.00","0.04K","1.49%"
"07-12-2022","26,115.00","26,010.00","26,165.00","26,005.00","0.11K","-0.32%"
"06-12-2022","26,200.00","26,150.00","26,350.00","25,910.00","0.17K","0.44%"
"05-12-2022","26,085.00","26,460.00","26,460.00","25,905.00","0.28K","2.23%"
"02-12-2022","25,515.00","25,750.00","25,900.00","25,455.00","0.38K","0.28%"
"01-12-2022","25,445.00","25,135.00","25,600.00","25,135.00","0.21K","2.52%"
"30-11-2022","24,820.00","24,790.00","24,950.00","24,620.00","0.14K","-0.04%"
"29-11-2022","24,830.00","24,525.00","24,960.00","24,305.00","0.40K","3.09%"
"28-11-2022","24,085.00","23,610.00","24,310.00","23,375.00","0.16K","2.62%"
"25-11-2022","23,470.00","23,100.00","23,800.00","23,100.00","0.26K","-1.61%"
"24-11-2022","23,855.00","24,495.00","24,495.00","23,625.00","0.11K","-0.56%"
"23-11-2022","23,990.00","24,150.00","24,150.00","23,530.00","0.07K","-0.25%"
"22-11-2022","24,050.00","24,605.00","24,750.00","23,870.00","0.20K","-3.24%"
"21-11-2022","24,855.00","24,700.00","25,080.00","24,450.00","0.26K","0.63%"
"18-11-2022","24,700.00","24,220.00","24,770.00","23,990.00","0.67K","1.83%"
"17-11-2022","24,255.00","24,740.00","24,740.00","23,755.00","1.00K","-1.94%"
"16-11-2022","24,735.00","24,710.00","24,820.00","24,515.00","0.21K","-0.08%"
"15-11-2022","24,755.00","24,805.00","24,920.00","24,605.00","0.30K","-0.78%"
"14-11-2022","24,950.00","24,695.00","25,105.00","24,695.00","0.21K","-0.50%"
"11-11-2022","25,075.00","25,050.00","25,160.00","25,000.00","0.23K","0.84%"
"10-11-2022","24,865.00","24,460.00","25,150.00","24,460.00","0.14K","-1.21%"
"09-11-2022","25,170.00","25,010.00","25,250.00","24,945.00","0.03K","0.10%"
"07-11-2022","25,145.00","25,400.00","25,500.00","24,770.00","0.05K","0.72%"
"04-11-2022","24,965.00","24,605.00","25,145.00","24,605.00","0.01K","1.61%"
"03-11-2022","24,570.00","24,400.00","24,600.00","24,400.00","0.04K","0.92%"
"02-11-2022","24,345.00","24,405.00","24,405.00","24,300.00","0.05K","0.39%"
"01-11-2022","24,250.00","24,285.00","24,285.00","24,210.00","0.03K","0.60%"
"31-10-2022","24,105.00","24,290.00","24,290.00","23,870.00","0.06K","-1.31%"
"28-10-2022","24,425.00","24,550.00","24,550.00","24,120.00","0.08K","-1.15%"
"27-10-2022","24,710.00","25,210.00","25,210.00","24,205.00","0.12K","1.00%"
"25-10-2022","24,465.00","24,465.00","24,465.00","24,465.00","","0.95%"
"24-10-2022","24,235.00","24,235.00","24,235.00","24,235.00","","0.54%"
"21-10-2022","24,105.00","24,105.00","24,105.00","24,105.00","0.00K","-0.54%"
"20-10-2022","24,235.00","24,315.00","24,480.00","24,115.00","0.41K","0.06%"
"19-10-2022","24,220.00","23,695.00","24,405.00","23,695.00","0.86K","2.00%"
"18-10-2022","23,745.00","23,885.00","23,895.00","23,655.00","0.72K","-1.21%"
"17-10-2022","24,035.00","24,100.00","24,105.00","23,800.00","0.32K","-0.06%"
"14-10-2022","24,050.00","24,065.00","24,480.00","24,000.00","0.96K","-1.09%"
"13-10-2022","24,315.00","24,540.00","24,545.00","24,200.00","0.64K","-0.31%"
"12-10-2022","24,390.00","24,270.00","24,450.00","24,195.00","0.38K","-0.83%"
"11-10-2022","24,595.00","24,700.00","24,745.00","24,545.00","0.07K","-1.07%"
"10-10-2022","24,860.00","24,680.00","25,090.00","24,680.00","0.33K","0.81%"
"07-10-2022","24,660.00","24,430.00","25,400.00","24,345.00","0.16K","0.39%"
"06-10-2022","24,565.00","24,795.00","24,795.00","24,340.00","0.08K","-0.12%"
"04-10-2022","24,595.00","24,570.00","24,750.00","23,895.00","0.36K","-0.73%"
"03-10-2022","24,775.00","25,170.00","25,170.00","24,220.00","0.08K","-1.61%"
"30-09-2022","25,180.00","25,215.00","25,240.00","25,130.00","0.08K","0.92%"
"29-09-2022","24,950.00","25,010.00","25,085.00","24,810.00","0.10K","-0.46%"
"28-09-2022","25,065.00","25,170.00","25,170.00","24,980.00","0.04K","-1.14%"
"27-09-2022","25,355.00","25,420.00","25,420.00","25,300.00","0.10K","-0.94%"
"26-09-2022","25,595.00","25,595.00","25,595.00","25,595.00","","-0.56%"
"23-09-2022","25,740.00","25,740.00","25,740.00","25,740.00","","0.43%"
"22-09-2022","25,630.00","25,630.00","25,630.00","25,630.00","","0.41%"
"21-09-2022","25,525.00","25,525.00","25,525.00","25,525.00","","2.12%"
"20-09-2022","24,995.00","24,830.00","25,060.00","24,420.00","0.71K","0.18%"
"19-09-2022","24,950.00","25,410.00","25,410.00","24,700.00","0.37K","-2.21%"
"16-09-2022","25,515.00","25,800.00","25,860.00","25,425.00","0.23K","-1.75%"
"15-09-2022","25,970.00","26,000.00","26,075.00","25,820.00","0.05K","0.19%"
"14-09-2022","25,920.00","25,810.00","26,035.00","25,810.00","0.11K","-0.27%"
"13-09-2022","25,990.00","25,750.00","26,050.00","25,750.00","0.11K","1.78%"
"12-09-2022","25,535.00","25,375.00","25,700.00","25,375.00","0.13K","0.43%"
"09-09-2022","25,425.00","25,400.00","25,440.00","25,400.00","0.02K","0.36%"
"08-09-2022","25,335.00","25,335.00","25,335.00","25,335.00","0.01K","0.14%"
"07-09-2022","25,300.00","25,390.00","25,390.00","25,210.00","0.02K","-1.33%"
"06-09-2022","25,640.00","25,640.00","25,640.00","25,640.00","","-1.93%"
"05-09-2022","26,145.00","26,145.00","26,145.00","26,145.00","","0.46%"
"02-09-2022","26,025.00","26,015.00","26,115.00","25,975.00","0.02K","-0.40%"
"01-09-2022","26,130.00","26,130.00","26,130.00","26,130.00","","-0.06%"
"30-08-2022","26,145.00","26,145.00","26,145.00","26,145.00","","0.29%"
"29-08-2022","26,070.00","26,070.00","26,070.00","26,070.00","","-0.93%"
"26-08-2022","26,315.00","26,315.00","26,315.00","26,315.00","","-0.36%"
"25-08-2022","26,410.00","26,410.00","26,410.00","26,410.00","","0.34%"
"24-08-2022","26,320.00","26,320.00","26,320.00","26,320.00","0.00K","2.19%"
"23-08-2022","25,755.00","25,755.00","25,755.00","25,755.00","","1.14%"
"22-08-2022","25,465.00","25,465.00","25,465.00","25,465.00","","-1.34%"
"19-08-2022","25,810.00","25,810.00","25,810.00","25,810.00","","0.19%"
"18-08-2022","25,760.00","25,450.00","25,875.00","25,355.00","1.26K","0.88%"
"17-08-2022","25,535.00","25,395.00","25,610.00","25,395.00","0.58K","0.57%"
"16-08-2022","25,390.00","25,215.00","25,580.00","25,000.00","0.77K","0.63%"
"12-08-2022","25,230.00","24,385.00","25,280.00","24,385.00","0.33K","3.78%"
"11-08-2022","24,310.00","24,395.00","24,395.00","24,250.00","0.11K","-0.14%"
"10-08-2022","24,345.00","24,400.00","24,430.00","24,200.00","0.15K","-0.23%"
"08-08-2022","24,400.00","24,395.00","24,400.00","24,390.00","0.04K","-2.01%"
"05-08-2022","24,900.00","24,900.00","24,900.00","24,900.00","0.01K","-1.01%"
"04-08-2022","25,155.00","25,155.00","25,155.00","25,155.00","","1.37%"
"03-08-2022","24,815.00","24,900.00","24,900.00","24,730.00","0.01K","-2.13%"
"02-08-2022","25,355.00","26,260.00","26,260.00","24,450.00","0.05K","-0.39%"
"01-08-2022","25,455.00","25,455.00","25,455.00","25,455.00","","3.01%"
"29-07-2022","24,710.00","24,710.00","24,710.00","24,710.00","","0.30%"
"28-07-2022","24,635.00","24,635.00","24,635.00","24,635.00","","-0.06%"
"27-07-2022","24,650.00","24,650.00","24,650.00","24,650.00","","0.78%"
"26-07-2022","24,460.00","24,460.00","24,460.00","24,460.00","","1.28%"
"25-07-2022","24,150.00","24,150.00","24,150.00","24,150.00","","-1.59%"
"22-07-2022","24,540.00","24,540.00","24,540.00","24,540.00","","0.62%"
"21-07-2022","24,390.00","24,390.00","24,390.00","24,390.00","","2.44%"
"20-07-2022","23,810.00","23,945.00","24,015.00","23,770.00","0.30K","-0.46%"
"19-07-2022","23,920.00","23,625.00","23,990.00","23,600.00","0.31K","0.97%"
"18-07-2022","23,690.00","23,400.00","23,775.00","23,300.00","0.38K","3.59%"
"15-07-2022","22,870.00","23,065.00","23,105.00","22,790.00","0.25K","-0.78%"
"14-07-2022","23,050.00","23,240.00","23,400.00","23,030.00","0.22K","0.15%"
"13-07-2022","23,015.00","23,010.00","23,090.00","22,940.00","0.18K","0.81%"
"12-07-2022","22,830.00","22,640.00","22,900.00","22,640.00","0.12K","3.12%"
"11-07-2022","22,140.00","22,140.00","22,140.00","22,140.00","0.01K","-0.20%"
"08-07-2022","22,185.00","22,100.00","22,215.00","22,100.00","0.37K","-0.07%"
"07-07-2022","22,200.00","22,200.00","22,200.00","22,200.00","0.05K","-0.43%"
"06-07-2022","22,295.00","22,295.00","22,295.00","22,295.00","","0.16%"
"05-07-2022","22,260.00","22,260.00","22,260.00","22,260.00","","-0.40%"
"04-07-2022","22,350.00","22,350.00","22,350.00","22,350.00","","2.41%"
"01-07-2022","21,825.00","21,825.00","21,825.00","21,825.00","","1.18%"
"30-06-2022","21,570.00","21,570.00","21,570.00","21,570.00","","0.61%"
"29-06-2022","21,440.00","21,440.00","21,440.00","21,440.00","","-1.11%"
"28-06-2022","21,680.00","21,680.00","21,680.00","21,680.00","","0.51%"
"27-06-2022","21,570.00","21,570.00","21,570.00","21,570.00","","1.41%"
"24-06-2022","21,270.00","21,270.00","21,270.00","21,270.00","","-0.23%"
"23-06-2022","21,320.00","21,320.00","21,320.00","21,320.00","","1.28%"
"22-06-2022","21,050.00","21,050.00","21,050.00","21,050.00","","-0.54%"
"21-06-2022","21,165.00","21,165.00","21,165.00","21,165.00","","1.66%"
"20-06-2022","20,820.00","21,080.00","21,080.00","20,680.00","0.63K","-1.98%"
"17-06-2022","21,240.00","21,400.00","21,400.00","21,175.00","0.45K","-0.79%"
"16-06-2022","21,410.00","21,495.00","21,620.00","21,370.00","0.29K","-0.33%"
"15-06-2022","21,480.00","21,480.00","21,480.00","21,480.00","0.04K","0.05%"
"14-06-2022","21,470.00","21,445.00","21,520.00","21,400.00","0.08K","-0.60%"
"13-06-2022","21,600.00","21,605.00","21,605.00","21,560.00","0.02K","1.31%"
"10-06-2022","21,320.00","21,300.00","21,580.00","21,235.00","0.08K","-0.63%"
"09-06-2022","21,455.00","21,510.00","21,510.00","21,400.00","0.05K","-0.39%"
"08-06-2022","21,540.00","21,540.00","21,540.00","21,540.00","0.01K","0.16%"
"07-06-2022","21,505.00","21,255.00","21,650.00","21,255.00","0.01K","-0.60%"
"06-06-2022","21,635.00","21,635.00","21,635.00","21,635.00","","1.31%"
"03-06-2022","21,355.00","21,355.00","21,355.00","21,355.00","0.00K","-0.72%"
"02-06-2022","21,510.00","21,510.00","21,510.00","21,510.00","0.01K","0.70%"
"01-06-2022","21,360.00","21,350.00","21,385.00","21,350.00","0.02K","-1.18%"
"31-05-2022","21,615.00","21,615.00","21,615.00","21,615.00","","-0.76%"
"30-05-2022","21,780.00","21,780.00","21,780.00","21,780.00","","-0.46%"
"27-05-2022","21,880.00","21,880.00","21,880.00","21,880.00","","0.41%"
"26-05-2022","21,790.00","21,790.00","21,790.00","21,790.00","","0.37%"
"25-05-2022","21,710.00","21,710.00","21,710.00","21,710.00","","-1.96%"
"24-05-2022","22,145.00","22,145.00","22,145.00","22,145.00","","0.25%"
"23-05-2022","22,090.00","22,090.00","22,090.00","22,090.00","","0.45%"
"20-05-2022","21,990.00","21,970.00","22,090.00","21,940.00","0.57K","0.41%"
"19-05-2022","21,900.00","22,090.00","22,215.00","21,700.00","0.82K","-1.57%"
"18-05-2022","22,250.00","22,380.00","22,475.00","22,145.00","0.37K","-0.78%"
"17-05-2022","22,425.00","22,430.00","22,530.00","22,265.00","0.30K","-0.16%"
"16-05-2022","22,460.00","22,350.00","22,710.00","22,350.00","0.58K","1.08%"
"13-05-2022","22,220.00","22,100.00","22,440.00","22,100.00","0.53K","1.02%"
"12-05-2022","21,995.00","21,480.00","22,005.00","21,335.00","0.26K","2.52%"
"11-05-2022","21,455.00","21,220.00","21,520.00","21,220.00","0.14K","1.30%"
"10-05-2022","21,180.00","21,325.00","22,095.00","21,100.00","0.35K","-0.73%"
"09-05-2022","21,335.00","21,335.00","21,335.00","21,335.00","0.03K","-0.40%"
"06-05-2022","21,420.00","21,420.00","21,420.00","21,420.00","","0.99%"
"05-05-2022","21,210.00","21,210.00","21,210.00","21,210.00","0.00K","-3.06%"
"04-05-2022","21,880.00","21,880.00","21,880.00","21,880.00","","-0.25%"
"03-05-2022","21,935.00","21,935.00","21,935.00","21,935.00","","0.00%"
"02-05-2022","21,935.00","21,935.00","21,935.00","21,935.00","","-1.92%"
"29-04-2022","22,365.00","22,365.00","22,365.00","22,365.00","","-0.62%"
"28-04-2022","22,505.00","22,505.00","22,505.00","22,505.00","","-1.10%"
"27-04-2022","22,755.00","22,755.00","22,755.00","22,755.00","","0.73%"
"26-04-2022","22,590.00","22,590.00","22,590.00","22,590.00","","-1.38%"
"25-04-2022","22,905.00","22,905.00","22,905.00","22,905.00","","0.61%"
"22-04-2022","22,765.00","22,765.00","22,765.00","22,765.00","","-1.58%"
"21-04-2022","23,130.00","23,130.00","23,130.00","23,130.00","","3.86%"
"20-04-2022","22,270.00","22,090.00","22,370.00","22,025.00","0.38K","0.81%"
"19-04-2022","22,090.00","22,335.00","22,475.00","21,905.00","0.88K","-0.36%"
"18-04-2022","22,170.00","22,400.00","22,470.00","22,060.00","0.39K","-1.55%"
"14-04-2022","22,520.00","22,520.00","22,520.00","22,520.00","","0.00%"
"13-04-2022","22,520.00","22,870.00","22,960.00","22,315.00","0.32K","-1.59%"
"12-04-2022","22,885.00","22,905.00","23,005.00","22,750.00","0.13K","-0.28%"
"11-04-2022","22,950.00","22,650.00","22,985.00","22,590.00","0.14K","0.48%"
"08-04-2022","22,840.00","23,080.00","23,080.00","22,750.00","0.36K","-1.83%"
"07-04-2022","23,265.00","23,230.00","23,415.00","23,100.00","0.23K","-0.26%"
"06-04-2022","23,325.00","23,505.00","23,525.00","23,230.00","0.22K","-0.77%"
"05-04-2022","23,505.00","23,125.00","23,640.00","23,090.00","0.14K","2.24%"
"04-04-2022","22,990.00","23,100.00","23,100.00","22,810.00","0.12K","2.70%"
"01-04-2022","22,385.00","22,385.00","22,385.00","22,385.00","0.00K","2.82%"
"31-03-2022","21,770.00","21,790.00","21,925.00","21,630.00","0.02K","-0.89%"
"30-03-2022","21,965.00","22,010.00","22,020.00","21,865.00","0.01K","-0.84%"
"29-03-2022","22,150.00","22,150.00","22,150.00","22,150.00","0.02K","-0.20%"
"28-03-2022","22,195.00","22,195.00","22,195.00","22,195.00","","0.27%"
"25-03-2022","22,135.00","22,135.00","22,135.00","22,135.00","","-0.67%"
"24-03-2022","22,285.00","22,285.00","22,285.00","22,285.00","0.00K","0.54%"
"23-03-2022","22,165.00","22,165.00","22,165.00","22,165.00","","2.00%"
"22-03-2022","21,730.00","21,730.00","21,730.00","21,730.00","","2.26%"
"21-03-2022","21,250.00","21,250.00","21,250.00","21,250.00","","1.43%"
"18-03-2022","20,950.00","20,950.00","20,950.00","20,950.00","","-0.50%"
"17-03-2022","21,055.00","20,710.00","21,110.00","20,625.00","0.66K","1.71%"
"16-03-2022","20,700.00","20,685.00","20,795.00","20,275.00","0.55K","0.68%"
"15-03-2022","20,560.00","21,265.00","21,275.00","20,500.00","0.36K","-3.90%"
"14-03-2022","21,395.00","21,400.00","21,450.00","21,315.00","0.08K","0.35%"
"11-03-2022","21,320.00","21,315.00","21,495.00","21,270.00","0.09K","-0.44%"
"10-03-2022","21,415.00","21,510.00","21,835.00","21,330.00","0.32K","-0.21%"
"09-03-2022","21,460.00","21,250.00","21,620.00","21,195.00","0.18K","2.65%"
"08-03-2022","20,905.00","20,525.00","21,025.00","19,850.00","0.14K","1.55%"
"07-03-2022","20,585.00","20,740.00","20,760.00","20,410.00","0.15K","-2.67%"
"04-03-2022","21,150.00","21,410.00","21,410.00","21,070.00","0.06K","-2.20%"
"03-03-2022","21,625.00","21,585.00","21,860.00","21,410.00","0.12K","0.58%"
"02-03-2022","21,500.00","21,655.00","21,685.00","21,360.00","0.12K","-1.08%"
"01-03-2022","21,735.00","21,735.00","21,735.00","21,735.00","","0.00%"
"28-02-2022","21,735.00","21,715.00","21,870.00","21,215.00","0.14K","-0.91%"
"25-02-2022","21,935.00","21,450.00","22,070.00","21,445.00","0.07K","3.44%"
"24-02-2022","21,205.00","22,190.00","22,210.00","21,180.00","0.17K","-5.88%"
"23-02-2022","22,530.00","22,880.00","22,980.00","22,345.00","0.17K","-0.92%"
"22-02-2022","22,740.00","21,965.00","22,800.00","21,865.00","0.10K","0.91%"
"21-02-2022","22,535.00","22,825.00","22,830.00","22,200.00","0.03K","0.99%"
"18-02-2022","22,315.00","22,100.00","22,515.00","22,100.00","0.02K","1.76%"
"17-02-2022","21,930.00","21,930.00","21,930.00","21,930.00","0.00K","2.36%"
"16-02-2022","21,425.00","21,425.00","21,425.00","21,425.00","","-0.74%"
"15-02-2022","21,585.00","21,625.00","21,625.00","21,500.00","0.01K","0.54%"
"14-02-2022","21,470.00","21,005.00","21,675.00","21,005.00","0.02K","1.13%"
"11-02-2022","21,230.00","21,200.00","21,260.00","21,200.00","0.01K","3.84%"
"10-02-2022","20,445.00","20,445.00","20,445.00","20,445.00","","3.99%"
"09-02-2022","19,660.00","19,660.00","19,660.00","19,660.00","","0.00%"
"08-02-2022","19,660.00","19,660.00","19,660.00","19,660.00","","0.00%"
"07-02-2022","19,660.00","19,660.00","19,660.00","19,660.00","","0.00%"
"04-02-2022","19,660.00","19,660.00","19,660.00","19,660.00","","0.00%"
"03-02-2022","19,660.00","19,660.00","19,660.00","19,660.00","0.00K","1.18%"
"02-02-2022","19,430.00","19,430.00","19,430.00","19,430.00","","-0.49%"
"01-02-2022","19,525.00","19,525.00","19,525.00","19,525.00","0.00K","-1.26%"
"31-01-2022","19,775.00","19,775.00","19,775.00","19,775.00","","0.58%"
"28-01-2022","19,660.00","19,660.00","19,660.00","19,660.00","","-0.15%"
"27-01-2022","19,690.00","19,690.00","19,690.00","19,690.00","","1.49%"
"25-01-2022","19,400.00","19,400.00","19,400.00","19,400.00","0.00K","0.52%"
"24-01-2022","19,300.00","19,335.00","19,335.00","19,265.00","0.01K","3.79%"
"21-01-2022","18,595.00","18,595.00","18,595.00","18,595.00","","2.11%"
"20-01-2022","18,210.00","18,340.00","18,400.00","18,200.00","0.39K","-0.95%"
"19-01-2022","18,385.00","18,550.00","18,565.00","18,305.00","0.43K","-0.41%"
"18-01-2022","18,460.00","18,370.00","18,545.00","18,370.00","0.17K","0.82%"
"17-01-2022","18,310.00","18,350.00","18,375.00","18,160.00","0.15K","-0.08%"
"14-01-2022","18,325.00","18,280.00","18,470.00","18,275.00","0.09K","-0.33%"
"13-01-2022","18,385.00","18,725.00","18,730.00","18,350.00","0.28K","-1.24%"
"12-01-2022","18,615.00","18,330.00","18,660.00","18,315.00","0.83K","2.42%"
"11-01-2022","18,175.00","18,220.00","18,235.00","17,955.00","0.10K","-0.27%"
"10-01-2022","18,225.00","18,360.00","18,365.00","18,120.00","0.17K","0.75%"
"07-01-2022","18,090.00","17,800.00","18,200.00","17,800.00","0.21K","2.41%"
"06-01-2022","17,665.00","17,700.00","17,785.00","17,540.00","0.04K","-0.53%"
"05-01-2022","17,760.00","17,810.00","17,810.00","17,705.00","0.05K","0.57%"
"04-01-2022","17,660.00","17,545.00","17,795.00","17,535.00","0.03K","0.09%"
"03-01-2022","17,645.00","17,465.00","17,700.00","17,465.00","0.07K","3.34%"
"31-12-2021","17,075.00","16,915.00","17,140.00","16,915.00","0.03K","0.50%"
"30-12-2021","16,990.00","16,990.00","16,990.00","16,990.00","","0.00%"
"29-12-2021","16,990.00","17,060.00","17,060.00","16,950.00","0.03K","-0.44%"
"28-12-2021","17,065.00","17,090.00","17,090.00","17,030.00","0.02K","0.59%"
"27-12-2021","16,965.00","16,965.00","16,965.00","16,965.00","","0.00%"
"24-12-2021","16,965.00","16,975.00","16,975.00","16,950.00","0.01K","-1.25%"
"23-12-2021","17,180.00","17,195.00","17,195.00","17,160.00","0.01K","1.00%"
"22-12-2021","17,010.00","17,055.00","17,055.00","16,910.00","0.01K","-2.13%"
"21-12-2021","17,380.00","17,300.00","17,715.00","17,250.00","0.02K","2.30%"
"20-12-2021","16,990.00","17,030.00","17,100.00","16,950.00","0.32K","-0.09%"
"17-12-2021","17,005.00","17,015.00","17,100.00","16,955.00","0.28K","0.44%"
"16-12-2021","16,930.00","16,925.00","17,010.00","16,860.00","0.20K","-0.21%"
"15-12-2021","16,965.00","16,870.00","17,000.00","16,870.00","0.20K","0.41%"
"14-12-2021","16,895.00","16,680.00","16,900.00","16,550.00","0.39K","1.14%"
"13-12-2021","16,705.00","16,890.00","16,900.00","16,620.00","0.29K","-0.89%"
"10-12-2021","16,855.00","16,915.00","16,930.00","16,800.00","0.14K","-0.53%"
"09-12-2021","16,945.00","17,000.00","17,065.00","16,900.00","0.16K","-0.44%"
"08-12-2021","17,020.00","17,050.00","17,110.00","17,000.00","0.07K","-0.79%"
"07-12-2021","17,155.00","16,990.00","17,245.00","16,970.00","0.08K","0.65%"
"06-12-2021","17,045.00","16,935.00","17,125.00","16,905.00","0.09K","3.12%"
"03-12-2021","16,530.00","16,500.00","16,560.00","16,500.00","0.03K","0.03%"
"02-12-2021","16,525.00","16,670.00","16,745.00","16,450.00","0.14K","-1.70%"
"01-12-2021","16,810.00","16,795.00","16,965.00","16,700.00","0.06K","-0.30%"
"30-11-2021","16,860.00","16,800.00","16,900.00","16,800.00","0.02K","0.45%"
"29-11-2021","16,785.00","16,900.00","16,900.00","16,605.00","0.14K","0.36%"
"26-11-2021","16,725.00","16,750.00","16,810.00","16,685.00","0.08K","-1.04%"
"25-11-2021","16,900.00","16,950.00","16,950.00","16,850.00","0.05K","-1.94%"
"24-11-2021","17,235.00","17,105.00","17,395.00","17,105.00","0.09K","1.83%"
"23-11-2021","16,925.00","16,925.00","16,925.00","16,925.00","","-1.68%"
"22-11-2021","17,215.00","17,300.00","17,300.00","17,020.00","0.05K","-0.49%"
"19-11-2021","17,300.00","17,300.00","17,300.00","17,300.00","","3.35%"
"18-11-2021","16,740.00","16,790.00","16,840.00","16,530.00","0.90K","0.63%"
"17-11-2021","16,635.00","16,400.00","16,730.00","16,360.00","0.63K","1.77%"
"16-11-2021","16,345.00","16,425.00","16,490.00","16,280.00","0.48K","-0.76%"
"15-11-2021","16,470.00","16,450.00","16,620.00","16,300.00","0.66K","1.54%"
"12-11-2021","16,220.00","16,000.00","16,330.00","16,000.00","0.22K","2.50%"
"11-11-2021","15,825.00","15,650.00","15,965.00","15,650.00","0.12K","0.35%"
"10-11-2021","15,770.00","15,900.00","15,900.00","15,655.00","0.04K","-1.04%"
"09-11-2021","15,935.00","16,010.00","16,010.00","15,915.00","0.10K","-0.53%"
"08-11-2021","16,020.00","16,020.00","16,020.00","16,020.00","0.00K","1.01%"
"05-11-2021","15,860.00","15,860.00","15,860.00","15,860.00","","0.00%"
"04-11-2021","15,860.00","15,860.00","15,860.00","15,860.00","","1.18%"
"03-11-2021","15,675.00","15,675.00","15,675.00","15,675.00","0.00K","0.80%"
"02-11-2021","15,550.00","15,550.00","15,550.00","15,550.00","0.00K","-0.10%"
"01-11-2021","15,565.00","15,565.00","15,565.00","15,565.00","","1.37%"
"29-10-2021","15,355.00","15,355.00","15,355.00","15,355.00","","-0.78%"
"28-10-2021","15,475.00","15,475.00","15,475.00","15,475.00","","-1.18%"
"27-10-2021","15,660.00","15,660.00","15,660.00","15,660.00","","0.77%"
"26-10-2021","15,540.00","15,540.00","15,540.00","15,540.00","","1.20%"
"25-10-2021","15,355.00","15,355.00","15,355.00","15,355.00","","2.50%"
"22-10-2021","14,980.00","14,980.00","14,980.00","14,980.00","","-2.76%"
"21-10-2021","15,405.00","15,405.00","15,405.00","15,405.00","0.00K","4.58%"
"20-10-2021","14,730.00","14,725.00","14,755.00","14,710.00","0.14K","-0.07%"
"19-10-2021","14,740.00","14,785.00","14,790.00","14,720.00","0.24K","-0.27%"
"18-10-2021","14,780.00","14,800.00","14,800.00","14,750.00","0.24K","0.27%"
"15-10-2021","14,740.00","14,740.00","14,740.00","14,740.00","","0.00%"
"14-10-2021","14,740.00","14,625.00","14,785.00","14,625.00","0.04K","0.14%"
"13-10-2021","14,720.00","14,720.00","14,720.00","14,720.00","0.01K","-1.47%"
"12-10-2021","14,940.00","14,940.00","14,940.00","14,935.00","0.01K","1.77%"
"11-10-2021","14,680.00","14,680.00","14,680.00","14,680.00","","-0.37%"
"08-10-2021","14,735.00","14,800.00","14,800.00","14,700.00","0.01K","-0.44%"
"07-10-2021","14,800.00","14,800.00","14,800.00","14,800.00","0.00K","0.24%"
"06-10-2021","14,765.00","14,625.00","14,900.00","14,625.00","0.01K","0.78%"
"05-10-2021","14,650.00","14,650.00","14,650.00","14,650.00","","0.48%"
"04-10-2021","14,580.00","14,580.00","14,580.00","14,580.00","","-1.45%"
"01-10-2021","14,795.00","14,800.00","14,900.00","14,610.00","0.02K","-0.37%"
"30-09-2021","14,850.00","14,850.00","14,850.00","14,850.00","","-0.34%"
"29-09-2021","14,900.00","14,900.00","14,900.00","14,900.00","0.00K","-0.57%"
"28-09-2021","14,985.00","14,985.00","14,985.00","14,985.00","","1.18%"
"27-09-2021","14,810.00","14,810.00","14,810.00","14,810.00","","0.71%"
"24-09-2021","14,705.00","14,705.00","14,705.00","14,705.00","","1.03%"
"23-09-2021","14,555.00","14,560.00","14,560.00","14,550.00","0.01K","0.24%"
"22-09-2021","14,520.00","14,520.00","14,520.00","14,520.00","","-1.09%"
"21-09-2021","14,680.00","14,680.00","14,680.00","14,680.00","","2.09%"
"20-09-2021","14,380.00","14,510.00","14,550.00","14,260.00","0.77K","-1.68%"
"17-09-2021","14,625.00","14,900.00","14,900.00","14,600.00","0.26K","-2.27%"
"16-09-2021","14,965.00","15,080.00","15,085.00","14,935.00","0.07K","-0.47%"
"15-09-2021","15,035.00","15,025.00","15,070.00","15,000.00","0.23K","0.97%"
"14-09-2021","14,890.00","14,905.00","15,040.00","14,850.00","0.15K","-0.33%"
"13-09-2021","14,940.00","14,980.00","15,000.00","14,900.00","0.21K","-1.39%"
"10-09-2021","15,150.00","15,150.00","15,150.00","15,150.00","","0.00%"
"09-09-2021","15,150.00","15,300.00","15,400.00","15,100.00","0.23K","-1.43%"
"08-09-2021","15,370.00","15,500.00","15,500.00","15,345.00","0.05K","0.10%"
"07-09-2021","15,355.00","15,350.00","15,400.00","15,305.00","0.01K","0.39%"
"06-09-2021","15,295.00","15,295.00","15,295.00","15,295.00","0.00K","0.00%"
"03-09-2021","15,295.00","15,450.00","15,450.00","15,260.00","0.02K","-1.23%"
"02-09-2021","15,485.00","15,350.00","15,600.00","15,350.00","0.01K","0.91%"
"01-09-2021","15,345.00","15,345.00","15,345.00","15,345.00","","-0.10%"
"31-08-2021","15,360.00","15,360.00","15,360.00","15,360.00","","-1.54%"
"30-08-2021","15,600.00","15,600.00","15,600.00","15,600.00","","1.50%"
"27-08-2021","15,370.00","15,375.00","15,375.00","15,360.00","0.01K","-3.94%"
"26-08-2021","16,000.00","16,000.00","16,000.00","16,000.00","0.01K","-1.66%"
"25-08-2021","16,270.00","16,535.00","16,550.00","15,545.00","0.03K","2.20%"
"24-08-2021","15,920.00","15,890.00","15,935.00","15,890.00","0.01K","3.01%"
"23-08-2021","15,455.00","15,455.00","15,455.00","15,455.00","","3.76%"
"20-08-2021","14,895.00","15,000.00","15,080.00","14,830.00","0.84K","-0.33%"
"19-08-2021","14,945.00","14,945.00","14,945.00","14,945.00","","0.00%"
"18-08-2021","14,945.00","14,690.00","15,030.00","14,660.00","1.04K","2.22%"
"17-08-2021","14,620.00","14,405.00","14,660.00","14,350.00","0.43K","0.93%"
"16-08-2021","14,485.00","14,050.00","14,660.00","14,050.00","0.51K","4.06%"
"13-08-2021","13,920.00","13,970.00","14,050.00","13,910.00","0.20K","-0.29%"
"12-08-2021","13,960.00","14,275.00","14,280.00","13,785.00","0.22K","1.56%"
"11-08-2021","13,745.00","13,745.00","13,745.00","13,745.00","","0.04%"
"10-08-2021","13,740.00","13,740.00","13,740.00","13,740.00","","-0.40%"
"09-08-2021","13,795.00","13,795.00","13,795.00","13,795.00","","0.91%"
"06-08-2021","13,670.00","13,670.00","13,670.00","13,670.00","0.02K","-2.22%"
"05-08-2021","13,980.00","13,980.00","13,980.00","13,980.00","","1.27%"
"04-08-2021","13,805.00","13,805.00","13,805.00","13,805.00","","0.44%"
"03-08-2021","13,745.00","13,745.00","13,745.00","13,745.00","","0.26%"
"02-08-2021","13,710.00","13,710.00","13,710.00","13,710.00","","0.33%"
"30-07-2021","13,665.00","13,665.00","13,665.00","13,665.00","","0.40%"
"29-07-2021","13,610.00","13,610.00","13,610.00","13,610.00","","0.55%"
"28-07-2021","13,535.00","13,535.00","13,535.00","13,535.00","","-1.60%"
"27-07-2021","13,755.00","13,755.00","13,755.00","13,755.00","","-0.18%"
"26-07-2021","13,780.00","13,780.00","13,780.00","13,780.00","","-1.57%"
"23-07-2021","14,000.00","14,000.00","14,000.00","14,000.00","","0.00%"
"22-07-2021","14,000.00","14,000.00","14,000.00","14,000.00","","0.83%"
"21-07-2021","13,885.00","13,885.00","13,885.00","13,885.00","","1.24%"
"20-07-2021","13,715.00","13,800.00","13,865.00","13,705.00","0.37K","-0.54%"
"19-07-2021","13,790.00","13,675.00","13,825.00","13,675.00","0.22K","1.17%"
"16-07-2021","13,630.00","13,510.00","13,690.00","13,510.00","0.14K","1.08%"
"15-07-2021","13,485.00","13,485.00","13,485.00","13,485.00","0.00K","1.28%"
"14-07-2021","13,315.00","13,315.00","13,315.00","13,315.00","","0.04%"
"13-07-2021","13,310.00","13,310.00","13,310.00","13,310.00","","-1.41%"
"12-07-2021","13,500.00","13,500.00","13,500.00","13,500.00","0.00K","0.75%"
"09-07-2021","13,400.00","13,400.00","13,400.00","13,400.00","0.01K","-0.45%"
"08-07-2021","13,460.00","13,460.00","13,460.00","13,460.00","","0.07%"
"07-07-2021","13,450.00","13,450.00","13,450.00","13,450.00","","-0.19%"
"06-07-2021","13,475.00","13,475.00","13,475.00","13,475.00","","-0.15%"
"05-07-2021","13,495.00","13,495.00","13,495.00","13,495.00","","-0.30%"
"02-07-2021","13,535.00","13,535.00","13,535.00","13,535.00","","-0.84%"
"01-07-2021","13,650.00","13,650.00","13,650.00","13,650.00","0.01K","-0.76%"
"30-06-2021","13,755.00","13,755.00","13,755.00","13,755.00","0.00K","0.00%"
"29-06-2021","13,755.00","13,755.00","13,755.00","13,755.00","","0.11%"
"28-06-2021","13,740.00","13,740.00","13,740.00","13,740.00","","-0.58%"
"25-06-2021","13,820.00","13,820.00","13,820.00","13,820.00","","1.28%"
"24-06-2021","13,645.00","13,645.00","13,645.00","13,645.00","","-0.58%"
"23-06-2021","13,725.00","13,725.00","13,725.00","13,725.00","","-0.40%"
"22-06-2021","13,780.00","13,780.00","13,780.00","13,780.00","","1.06%"
"21-06-2021","13,635.00","13,635.00","13,635.00","13,635.00","","1.07%"
"18-06-2021","13,490.00","13,540.00","13,585.00","13,430.00","0.08K","-0.30%"
"17-06-2021","13,530.00","13,625.00","13,635.00","13,510.00","0.10K","-1.24%"
"16-06-2021","13,700.00","13,735.00","13,760.00","13,680.00","0.06K","-1.15%"
"15-06-2021","13,860.00","13,800.00","13,860.00","13,800.00","0.08K","0.51%"
"14-06-2021","13,790.00","13,925.00","13,925.00","13,760.00","0.09K","-0.97%"
"11-06-2021","13,925.00","13,925.00","13,925.00","13,925.00","","0.25%"
"10-06-2021","13,890.00","13,890.00","13,890.00","13,890.00","","-1.10%"
"09-06-2021","14,045.00","14,090.00","14,090.00","14,000.00","0.02K","-0.18%"
"08-06-2021","14,070.00","14,070.00","14,070.00","14,070.00","","-0.28%"
"07-06-2021","14,110.00","14,110.00","14,110.00","14,110.00","","0.57%"
"04-06-2021","14,030.00","14,030.00","14,030.00","14,030.00","","-0.14%"
"03-06-2021","14,050.00","14,050.00","14,050.00","14,050.00","","0.36%"
"02-06-2021","14,000.00","14,000.00","14,000.00","14,000.00","","0.07%"
"01-06-2021","13,990.00","13,990.00","13,990.00","13,990.00","","-0.11%"
"31-05-2021","14,005.00","14,005.00","14,005.00","14,005.00","","-0.85%"
"28-05-2021","14,125.00","14,125.00","14,125.00","14,125.00","","-0.49%"
"27-05-2021","14,195.00","14,195.00","14,195.00","14,195.00","","1.03%"
"26-05-2021","14,050.00","14,050.00","14,050.00","14,050.00","","-0.18%"
"25-05-2021","14,075.00","14,075.00","14,075.00","14,075.00","","0.54%"
"24-05-2021","14,000.00","14,000.00","14,000.00","14,000.00","","-1.82%"
"21-05-2021","14,260.00","14,260.00","14,260.00","14,260.00","","0.49%"
"20-05-2021","14,190.00","14,225.00","14,300.00","14,060.00","0.14K","0.32%"
"19-05-2021","14,145.00","14,160.00","14,160.00","14,130.00","0.10K","0.57%"
"18-05-2021","14,065.00","14,020.00","14,100.00","14,000.00","0.08K","0.00%"
"17-05-2021","14,065.00","14,320.00","14,330.00","14,025.00","0.15K","-1.26%"
"14-05-2021","14,245.00","14,245.00","14,245.00","14,245.00","","-0.21%"
"13-05-2021","14,275.00","14,275.00","14,275.00","14,275.00","","0.00%"
"12-05-2021","14,275.00","14,275.00","14,275.00","14,275.00","","1.60%"
"11-05-2021","14,050.00","14,050.00","14,050.00","14,050.00","","-0.11%"
"10-05-2021","14,065.00","14,065.00","14,065.00","14,065.00","","-0.67%"
"07-05-2021","14,160.00","14,160.00","14,160.00","14,160.00","","-0.42%"
"06-05-2021","14,220.00","14,220.00","14,220.00","14,220.00","","0.07%"
"05-05-2021","14,210.00","14,210.00","14,210.00","14,210.00","","-0.87%"
"04-05-2021","14,335.00","14,335.00","14,335.00","14,335.00","","0.77%"
"03-05-2021","14,225.00","14,225.00","14,225.00","14,225.00","","0.67%"
"30-04-2021","14,130.00","14,130.00","14,130.00","14,130.00","","-0.98%"
"29-04-2021","14,270.00","14,270.00","14,270.00","14,270.00","","0.39%"
"28-04-2021","14,215.00","14,215.00","14,215.00","14,215.00","","0.39%"
"27-04-2021","14,160.00","14,160.00","14,160.00","14,160.00","","0.89%"
"26-04-2021","14,035.00","14,035.00","14,035.00","14,035.00","","-2.94%"
"23-04-2021","14,460.00","14,460.00","14,460.00","14,460.00","","-0.92%"
"22-04-2021","14,595.00","14,595.00","14,595.00","14,595.00","","1.07%"
"21-04-2021","14,440.00","14,440.00","14,440.00","14,440.00","","1.23%"
"20-04-2021","14,265.00","14,260.00","14,265.00","14,260.00","0.06K","-1.01%"
"19-04-2021","14,410.00","14,410.00","14,490.00","14,325.00","0.11K","-0.89%"
"16-04-2021","14,540.00","14,740.00","14,740.00","14,500.00","0.23K","0.48%"
"15-04-2021","14,470.00","14,365.00","14,725.00","14,365.00","0.08K","1.26%"
"14-04-2021","14,290.00","14,290.00","14,290.00","14,290.00","","0.00%"
"13-04-2021","14,290.00","14,310.00","14,310.00","14,280.00","0.03K","-0.24%"
"12-04-2021","14,325.00","14,325.00","14,325.00","14,325.00","","-1.31%"
"09-04-2021","14,515.00","14,515.00","14,515.00","14,515.00","","-0.62%"
"08-04-2021","14,605.00","14,605.00","14,605.00","14,605.00","","-1.22%"
"07-04-2021","14,785.00","14,785.00","14,785.00","14,785.00","","-1.66%"
"06-04-2021","15,035.00","15,035.00","15,035.00","15,035.00","","0.60%"
"05-04-2021","14,945.00","14,945.00","14,945.00","14,945.00","","1.43%"
"01-04-2021","14,735.00","14,735.00","14,735.00","14,735.00","","-1.90%"
"31-03-2021","15,020.00","15,020.00","15,020.00","15,020.00","","-0.46%"
"30-03-2021","15,090.00","15,090.00","15,090.00","15,090.00","","0.27%"
"29-03-2021","15,050.00","15,050.00","15,050.00","15,050.00","","0.00%"
"26-03-2021","15,050.00","15,050.00","15,050.00","15,050.00","","-0.13%"
"25-03-2021","15,070.00","15,070.00","15,070.00","15,070.00","","-0.82%"
"24-03-2021","15,195.00","15,195.00","15,195.00","15,195.00","","-0.39%"
"23-03-2021","15,255.00","15,255.00","15,255.00","15,255.00","","1.70%"
"22-03-2021","15,000.00","15,000.00","15,000.00","15,000.00","","0.23%"
"19-03-2021","14,965.00","14,875.00","14,995.00","14,870.00","0.29K","0.34%"
"18-03-2021","14,915.00","14,835.00","15,035.00","14,780.00","0.17K","0.13%"
"17-03-2021","14,895.00","14,905.00","14,995.00","14,735.00","0.19K","0.51%"
"16-03-2021","14,820.00","14,990.00","15,135.00","14,780.00","0.17K","-1.17%"
"15-03-2021","14,995.00","14,705.00","14,995.00","14,705.00","0.17K","3.99%"
"12-03-2021","14,420.00","14,270.00","14,640.00","14,245.00","0.03K","1.84%"
"10-03-2021","14,160.00","14,160.00","14,160.00","14,160.00","","0.21%"
"09-03-2021","14,130.00","14,130.00","14,130.00","14,130.00","","-0.42%"
"08-03-2021","14,190.00","14,190.00","14,190.00","14,190.00","","0.46%"
"05-03-2021","14,125.00","14,105.00","14,135.00","14,105.00","0.02K","-0.74%"
"04-03-2021","14,230.00","14,370.00","14,370.00","14,120.00","0.01K","0.99%"
"03-03-2021","14,090.00","14,090.00","14,090.00","14,090.00","0.00K","0.86%"
"02-03-2021","13,970.00","13,970.00","13,970.00","13,970.00","0.00K","1.97%"
"01-03-2021","13,700.00","13,700.00","13,700.00","13,700.00","","0.33%"
"26-02-2021","13,655.00","13,655.00","13,655.00","13,655.00","","-0.40%"
"25-02-2021","13,710.00","13,710.00","13,710.00","13,710.00","","3.75%"
"24-02-2021","13,215.00","13,215.00","13,215.00","13,215.00","","-1.27%"
"23-02-2021","13,385.00","13,385.00","13,385.00","13,385.00","","0.34%"
"22-02-2021","13,340.00","13,340.00","13,340.00","13,340.00","","-0.07%"
"19-02-2021","13,350.00","13,350.00","13,350.00","13,350.00","","-0.04%"
"18-02-2021","13,355.00","13,355.00","13,355.00","13,355.00","","-1.87%"
"17-02-2021","13,610.00","13,610.00","13,610.00","13,610.00","","-0.40%"
"16-02-2021","13,665.00","13,680.00","13,680.00","13,650.00","0.02K","0.96%"
"15-02-2021","13,535.00","13,535.00","13,535.00","13,535.00","","1.12%"
"12-02-2021","13,385.00","13,385.00","13,385.00","13,385.00","","0.41%"
"11-02-2021","13,330.00","13,330.00","13,330.00","13,330.00","","0.00%"
"10-02-2021","13,330.00","13,330.00","13,330.00","13,330.00","","0.00%"
"09-02-2021","13,330.00","13,325.00","13,330.00","13,325.00","0.01K","1.99%"
"08-02-2021","13,070.00","13,070.00","13,070.00","13,070.00","","0.15%"
"05-02-2021","13,050.00","13,050.00","13,050.00","13,050.00","","0.35%"
"04-02-2021","13,005.00","13,005.00","13,005.00","13,005.00","","0.04%"
"03-02-2021","13,000.00","13,000.00","13,000.00","13,000.00","","-0.42%"
"02-02-2021","13,055.00","13,055.00","13,055.00","13,055.00","","-0.50%"
"01-02-2021","13,120.00","13,120.00","13,120.00","13,120.00","","-0.98%"
"29-01-2021","13,250.00","13,250.00","13,250.00","13,250.00","","-0.38%"
"28-01-2021","13,300.00","13,300.00","13,300.00","13,300.00","","-0.19%"
"27-01-2021","13,325.00","13,325.00","13,325.00","13,325.00","","0.87%"
"25-01-2021","13,210.00","13,210.00","13,210.00","13,210.00","","-0.19%"
"22-01-2021","13,235.00","13,235.00","13,235.00","13,235.00","","0.88%"
"21-01-2021","13,120.00","13,120.00","13,120.00","13,120.00","","0.54%"
"20-01-2021","13,050.00","13,090.00","13,100.00","13,000.00","0.11K","-0.15%"
"19-01-2021","13,070.00","13,095.00","13,100.00","13,050.00","0.07K","-0.87%"
"18-01-2021","13,185.00","13,195.00","13,200.00","13,140.00","0.01K","0.34%"
"15-01-2021","13,140.00","13,105.00","13,170.00","13,105.00","0.02K","-0.42%"
"14-01-2021","13,195.00","13,160.00","13,275.00","13,120.00","0.08K","0.57%"
"13-01-2021","13,120.00","13,250.00","13,250.00","13,065.00","0.07K","-1.24%"
"12-01-2021","13,285.00","13,345.00","13,345.00","13,230.00","0.10K","-0.15%"
"11-01-2021","13,305.00","13,305.00","13,305.00","13,305.00","0.06K","1.10%"
"08-01-2021","13,160.00","13,170.00","13,200.00","13,090.00","0.08K","0.88%"
"07-01-2021","13,045.00","13,070.00","13,070.00","13,010.00","0.04K","-0.34%"
"06-01-2021","13,090.00","13,030.00","13,130.00","13,030.00","0.06K","0.19%"
"05-01-2021","13,065.00","13,035.00","13,105.00","13,035.00","0.02K","-0.38%"
"04-01-2021","13,115.00","13,110.00","13,150.00","13,100.00","0.03K","0.88%"
"01-01-2021","13,000.00","12,995.00","13,020.00","12,960.00","0.05K","0.04%"
"31-12-2020","12,995.00","12,970.00","13,000.00","12,900.00","0.11K","0.58%"
"30-12-2020","12,920.00","13,100.00","13,100.00","12,920.00","0.11K","-1.97%"
"29-12-2020","13,180.00","13,190.00","13,190.00","13,170.00","0.01K","-0.34%"
"28-12-2020","13,225.00","13,270.00","13,270.00","13,200.00","0.02K","-0.56%"
"24-12-2020","13,300.00","13,300.00","13,300.00","13,300.00","0.01K","-0.15%"
"23-12-2020","13,320.00","13,370.00","13,375.00","13,270.00","0.02K","0.83%"
"22-12-2020","13,210.00","13,195.00","13,240.00","13,195.00","0.04K","0.38%"
"21-12-2020","13,160.00","13,115.00","13,200.00","13,100.00","0.04K","0.34%"
"18-12-2020","13,115.00","13,145.00","13,175.00","13,050.00","0.18K","-1.24%"
"17-12-2020","13,280.00","13,500.00","13,655.00","13,245.00","0.17K","-1.74%"
"16-12-2020","13,515.00","13,580.00","13,580.00","13,330.00","0.26K","-2.14%"
"15-12-2020","13,810.00","13,840.00","13,845.00","13,785.00","0.04K","-1.32%"
"14-12-2020","13,995.00","13,995.00","13,995.00","13,995.00","","-0.57%"
"11-12-2020","14,075.00","14,075.00","14,075.00","14,075.00","","-1.26%"
"10-12-2020","14,255.00","14,200.00","14,200.00","14,200.00","0.00K","2.00%"
"09-12-2020","13,975.00","13,975.00","13,975.00","13,975.00","","-1.03%"
"08-12-2020","14,120.00","14,120.00","14,120.00","14,120.00","0.00K","-0.18%"
"07-12-2020","14,145.00","14,145.00","14,145.00","14,145.00","0.00K","0.00%"
"04-12-2020","14,145.00","14,145.00","14,145.00","14,145.00","","0.60%"
"03-12-2020","14,060.00","14,060.00","14,060.00","14,060.00","","-0.53%"
"02-12-2020","14,135.00","14,135.00","14,135.00","14,135.00","","-0.46%"
"01-12-2020","14,200.00","14,200.00","14,200.00","14,200.00","0.00K","0.11%"
"27-11-2020","14,185.00","14,185.00","14,185.00","14,185.00","","-0.35%"
"26-11-2020","14,235.00","14,115.00","14,350.00","14,115.00","0.01K","-1.15%"
"25-11-2020","14,400.00","14,400.00","14,400.00","14,400.00","","0.31%"
"24-11-2020","14,355.00","14,355.00","14,355.00","14,355.00","","-1.00%"
"23-11-2020","14,500.00","14,500.00","14,500.00","14,500.00","0.00K","1.08%"
"20-11-2020","14,345.00","14,330.00","14,390.00","14,315.00","0.08K","1.63%"
"19-11-2020","14,115.00","14,115.00","14,115.00","14,115.00","","0.39%"
"18-11-2020","14,060.00","13,975.00","14,120.00","13,975.00","0.02K","-1.40%"
"17-11-2020","14,260.00","14,330.00","14,330.00","14,110.00","0.01K","-2.46%"
"14-11-2020","14,620.00","14,620.00","14,620.00","14,620.00","","0.00%"
"13-11-2020","14,620.00","14,620.00","14,620.00","14,620.00","","-0.10%"
"12-11-2020","14,635.00","14,635.00","14,635.00","14,635.00","","-0.03%"
"11-11-2020","14,640.00","14,640.00","14,640.00","14,640.00","","0.27%"
"10-11-2020","14,600.00","14,600.00","14,600.00","14,600.00","0.00K","0.00%"
"09-11-2020","14,600.00","14,600.00","14,600.00","14,600.00","","-0.58%"
"06-11-2020","14,685.00","14,685.00","14,685.00","14,685.00","","-0.27%"
"05-11-2020","14,725.00","14,725.00","14,725.00","14,725.00","","0.20%"
"04-11-2020","14,695.00","14,695.00","14,695.00","14,695.00","","-0.44%"
"03-11-2020","14,760.00","14,760.00","14,760.00","14,760.00","","-0.77%"
"02-11-2020","14,875.00","14,875.00","14,875.00","14,875.00","","0.64%"
"30-10-2020","14,780.00","14,690.00","14,870.00","14,690.00","0.01K","0.78%"
"29-10-2020","14,665.00","14,665.00","14,665.00","14,665.00","","-0.41%"
"28-10-2020","14,725.00","14,725.00","14,725.00","14,725.00","","2.22%"
"27-10-2020","14,405.00","14,405.00","14,405.00","14,405.00","","0.24%"
"26-10-2020","14,370.00","14,370.00","14,370.00","14,370.00","","-0.73%"
"23-10-2020","14,475.00","14,475.00","14,475.00","14,475.00","","0.59%"
"22-10-2020","14,390.00","14,390.00","14,390.00","14,390.00","","-0.07%"
"21-10-2020","14,400.00","14,400.00","14,400.00","14,400.00","","1.09%"
"20-10-2020","14,245.00","14,260.00","14,270.00","14,200.00","0.06K","0.21%"
"19-10-2020","14,215.00","14,125.00","14,375.00","14,125.00","0.26K","1.68%"
"16-10-2020","13,980.00","14,000.00","14,005.00","13,930.00","0.03K","0.11%"
"15-10-2020","13,965.00","13,950.00","14,020.00","13,900.00","0.08K","0.36%"
"14-10-2020","13,915.00","13,915.00","13,915.00","13,915.00","","0.80%"
"13-10-2020","13,805.00","13,770.00","13,855.00","13,770.00","0.02K","-0.83%"
"12-10-2020","13,920.00","13,995.00","13,995.00","13,800.00","0.02K","0.43%"
"09-10-2020","13,860.00","13,860.00","13,860.00","13,860.00","","0.40%"
"08-10-2020","13,805.00","13,805.00","13,805.00","13,805.00","","0.36%"
"07-10-2020","13,755.00","13,755.00","13,755.00","13,755.00","","-1.15%"
"06-10-2020","13,915.00","13,915.00","13,915.00","13,915.00","","-0.18%"
"05-10-2020","13,940.00","13,940.00","13,940.00","13,940.00","","-0.25%"
"01-10-2020","13,975.00","13,975.00","13,975.00","13,975.00","","0.61%"
"30-09-2020","13,890.00","13,890.00","13,890.00","13,890.00","","-0.32%"
"29-09-2020","13,935.00","13,935.00","13,935.00","13,935.00","","1.68%"
"28-09-2020","13,705.00","13,705.00","13,705.00","13,705.00","","-0.40%"
"25-09-2020","13,760.00","13,760.00","13,760.00","13,760.00","","-0.07%"
"24-09-2020","13,770.00","13,770.00","13,770.00","13,770.00","","-0.22%"
"23-09-2020","13,800.00","13,800.00","13,800.00","13,800.00","","0.69%"
"22-09-2020","13,705.00","13,705.00","13,705.00","13,705.00","","0.00%"
"21-09-2020","13,705.00","13,705.00","13,705.00","13,705.00","","-1.54%"
"18-09-2020","13,920.00","13,980.00","13,980.00","13,860.00","0.03K","-0.64%"
"17-09-2020","14,010.00","14,080.00","14,150.00","13,925.00","0.09K","-0.85%"
"16-09-2020","14,130.00","14,130.00","14,130.00","14,130.00","0.00K","0.04%"
"15-09-2020","14,125.00","14,130.00","14,175.00","14,070.00","0.04K","0.57%"
"14-09-2020","14,045.00","14,055.00","14,055.00","14,015.00","0.01K","0.11%"
"11-09-2020","14,030.00","14,030.00","14,030.00","14,030.00","0.01K","0.14%"
"10-09-2020","14,010.00","13,975.00","14,070.00","13,975.00","0.03K","0.14%"
"09-09-2020","13,990.00","14,090.00","14,090.00","13,905.00","0.02K","-0.78%"
"08-09-2020","14,100.00","14,100.00","14,100.00","14,100.00","0.01K","-0.63%"
"07-09-2020","14,190.00","14,190.00","14,190.00","14,190.00","0.01K","-0.07%"
"04-09-2020","14,200.00","14,200.00","14,200.00","14,200.00","0.00K","-0.14%"
"03-09-2020","14,220.00","14,200.00","14,250.00","14,200.00","0.01K","0.14%"
"02-09-2020","14,200.00","14,200.00","14,200.00","14,200.00","","-0.35%"
"01-09-2020","14,250.00","14,250.00","14,250.00","14,250.00","","0.00%"
"31-08-2020","14,250.00","14,250.00","14,250.00","14,250.00","","-0.70%"
"28-08-2020","14,350.00","14,350.00","14,350.00","14,350.00","","-0.69%"
"27-08-2020","14,450.00","14,450.00","14,450.00","14,450.00","","-0.14%"
"26-08-2020","14,470.00","14,470.00","14,470.00","14,470.00","","0.00%"
"25-08-2020","14,470.00","14,470.00","14,470.00","14,470.00","","0.45%"
"24-08-2020","14,405.00","14,405.00","14,405.00","14,405.00","","0.77%"
"21-08-2020","14,295.00","14,295.00","14,295.00","14,295.00","","0.39%"
"20-08-2020","14,240.00","14,270.00","14,270.00","14,205.00","0.02K","-0.70%"
"19-08-2020","14,340.00","14,400.00","14,400.00","14,285.00","0.06K","-0.73%"
"18-08-2020","14,445.00","14,590.00","14,590.00","14,350.00","0.09K","0.80%"
"17-08-2020","14,330.00","14,335.00","14,335.00","14,320.00","0.02K","0.21%"
"14-08-2020","14,300.00","14,300.00","14,300.00","14,300.00","0.00K","0.00%"
"13-08-2020","14,300.00","14,300.00","14,300.00","14,300.00","0.00K","0.70%"
"12-08-2020","14,200.00","14,200.00","14,200.00","14,200.00","0.00K","0.96%"
"11-08-2020","14,065.00","14,065.00","14,065.00","14,065.00","","0.50%"
"10-08-2020","13,995.00","13,995.00","13,995.00","13,995.00","","0.29%"
"07-08-2020","13,955.00","13,955.00","13,955.00","13,955.00","","-0.21%"
"06-08-2020","13,985.00","13,985.00","13,985.00","13,985.00","","-0.78%"
"05-08-2020","14,095.00","14,095.00","14,095.00","14,095.00","","0.89%"
"04-08-2020","13,970.00","13,970.00","13,970.00","13,970.00","","-1.48%"
"03-08-2020","14,180.00","14,180.00","14,180.00","14,180.00","","-0.04%"
"31-07-2020","14,185.00","14,185.00","14,185.00","14,185.00","","0.00%"
"30-07-2020","14,185.00","14,185.00","14,185.00","14,185.00","","0.67%"
"29-07-2020","14,090.00","14,090.00","14,090.00","14,090.00","","-0.70%"
"28-07-2020","14,190.00","14,190.00","14,190.00","14,190.00","","0.00%"
"27-07-2020","14,190.00","14,190.00","14,190.00","14,190.00","","-0.04%"
"24-07-2020","14,195.00","14,195.00","14,195.00","14,195.00","","0.00%"
"23-07-2020","14,195.00","14,195.00","14,195.00","14,195.00","","-0.04%"
"22-07-2020","14,200.00","14,200.00","14,200.00","14,200.00","","0.00%"
"21-07-2020","14,200.00","14,200.00","14,200.00","14,200.00","","-0.87%"
"20-07-2020","14,325.00","14,265.00","14,440.00","14,260.00","0.40K","1.60%"
"17-07-2020","14,100.00","14,090.00","14,100.00","14,090.00","0.03K","1.77%"
"16-07-2020","13,855.00","13,855.00","13,855.00","13,855.00","","0.95%"
"15-07-2020","13,725.00","13,725.00","13,725.00","13,725.00","","0.33%"
"14-07-2020","13,680.00","13,680.00","13,680.00","13,680.00","","-0.36%"
"13-07-2020","13,730.00","13,730.00","13,730.00","13,730.00","","-0.54%"
"10-07-2020","13,805.00","13,805.00","13,805.00","13,805.00","","-0.47%"
"09-07-2020","13,870.00","13,870.00","13,870.00","13,870.00","","-0.61%"
"08-07-2020","13,955.00","13,955.00","13,955.00","13,955.00","","0.50%"
"07-07-2020","13,885.00","13,885.00","13,885.00","13,885.00","","0.84%"
"06-07-2020","13,770.00","13,770.00","13,770.00","13,770.00","","-0.07%"
"03-07-2020","13,780.00","13,780.00","13,780.00","13,780.00","","-0.18%"
"02-07-2020","13,805.00","13,805.00","13,805.00","13,805.00","","0.55%"
"01-07-2020","13,730.00","13,730.00","13,730.00","13,730.00","","-0.69%"
"30-06-2020","13,825.00","13,825.00","13,825.00","13,825.00","","0.88%"
"29-06-2020","13,705.00","13,705.00","13,705.00","13,705.00","","-2.07%"
"26-06-2020","13,995.00","13,995.00","13,995.00","13,995.00","","-0.04%"
"25-06-2020","14,000.00","14,000.00","14,000.00","14,000.00","","0.47%"
"24-06-2020","13,935.00","13,935.00","13,935.00","13,935.00","","0.50%"
"23-06-2020","13,865.00","13,865.00","13,865.00","13,865.00","","-0.04%"
"22-06-2020","13,870.00","13,870.00","13,870.00","13,870.00","","0.73%"
"19-06-2020","13,770.00","13,725.00","13,840.00","13,710.00","0.10K","0.22%"
"18-06-2020","13,740.00","13,725.00","13,760.00","13,720.00","0.02K","0.26%"
"17-06-2020","13,705.00","13,750.00","13,750.00","13,660.00","0.01K","-0.29%"
"16-06-2020","13,745.00","13,750.00","13,750.00","13,730.00","0.02K","-0.18%"
"15-06-2020","13,770.00","13,860.00","13,860.00","13,710.00","0.09K","-1.54%"
"12-06-2020","13,985.00","14,000.00","14,000.00","13,950.00","0.01K","-0.14%"
"11-06-2020","14,005.00","13,900.00","14,135.00","13,900.00","0.09K","0.04%"
"10-06-2020","14,000.00","14,000.00","14,000.00","14,000.00","","1.34%"
"09-06-2020","13,815.00","13,850.00","13,860.00","13,800.00","0.02K","0.04%"
"08-06-2020","13,810.00","13,810.00","13,810.00","13,810.00","","1.06%"
"05-06-2020","13,665.00","13,665.00","13,665.00","13,665.00","","0.63%"
"04-06-2020","13,580.00","13,610.00","13,610.00","13,550.00","0.01K","-0.88%"
"03-06-2020","13,700.00","13,700.00","13,700.00","13,700.00","0.00K","0.51%"
"02-06-2020","13,630.00","13,600.00","13,640.00","13,600.00","0.01K","0.48%"
"01-06-2020","13,565.00","13,565.00","13,565.00","13,565.00","","1.16%"
"29-05-2020","13,410.00","13,410.00","13,410.00","13,410.00","","0.22%"
"28-05-2020","13,380.00","13,380.00","13,380.00","13,380.00","","0.22%"
"27-05-2020","13,350.00","13,350.00","13,350.00","13,350.00","0.00K","0.34%"
"26-05-2020","13,305.00","13,350.00","13,350.00","13,300.00","0.04K","0.87%"
"22-05-2020","13,190.00","13,190.00","13,190.00","13,190.00","0.00K","0.19%"
"21-05-2020","13,165.00","13,165.00","13,165.00","13,165.00","","0.53%"
"20-05-2020","13,095.00","13,025.00","13,175.00","12,950.00","0.15K","0.42%"
"19-05-2020","13,040.00","13,145.00","13,150.00","13,000.00","0.10K","-1.47%"
"18-05-2020","13,235.00","13,260.00","13,260.00","13,185.00","0.05K","-0.79%"
"15-05-2020","13,340.00","13,380.00","13,400.00","13,215.00","0.12K","-0.60%"
"14-05-2020","13,420.00","13,450.00","13,450.00","13,365.00","0.06K","-0.48%"
"13-05-2020","13,485.00","13,490.00","13,550.00","13,450.00","0.05K","-0.30%"
"12-05-2020","13,525.00","13,525.00","13,525.00","13,525.00","","-2.35%"
"11-05-2020","13,850.00","13,850.00","13,850.00","13,850.00","0.00K","-1.56%"
"08-05-2020","14,070.00","14,070.00","14,070.00","14,070.00","","-0.35%"
"07-05-2020","14,120.00","14,120.00","14,120.00","14,120.00","","0.18%"
"06-05-2020","14,095.00","14,095.00","14,095.00","14,095.00","","1.99%"
"05-05-2020","13,820.00","13,820.00","13,820.00","13,820.00","","0.00%"
"04-05-2020","13,820.00","13,820.00","13,820.00","13,820.00","","2.71%"
"30-04-2020","13,455.00","13,425.00","13,545.00","13,400.00","0.12K","0.19%"
"29-04-2020","13,430.00","13,440.00","13,475.00","13,370.00","0.06K","-0.04%"
"28-04-2020","13,435.00","13,500.00","13,555.00","13,360.00","0.16K","-0.48%"
"27-04-2020","13,500.00","13,450.00","13,600.00","13,415.00","0.15K","-1.14%"
"24-04-2020","13,655.00","13,795.00","13,795.00","13,570.00","0.24K","-0.76%"
"23-04-2020","13,760.00","13,765.00","13,820.00","13,705.00","0.14K","0.51%"
"22-04-2020","13,690.00","13,800.00","13,800.00","13,660.00","0.12K","0.29%"
"21-04-2020","13,650.00","13,515.00","13,700.00","13,515.00","0.29K","-1.02%"
"20-04-2020","13,790.00","14,080.00","14,080.00","13,790.00","0.11K","-3.97%"
"17-04-2020","14,360.00","14,360.00","14,360.00","14,360.00","","0.00%"
"16-04-2020","14,360.00","14,350.00","14,380.00","14,300.00","0.02K","1.63%"
"15-04-2020","14,130.00","14,140.00","14,140.00","14,120.00","0.02K","-1.26%"
"13-04-2020","14,310.00","14,200.00","14,395.00","14,200.00","0.03K","0.88%"
"09-04-2020","14,185.00","14,185.00","14,185.00","14,185.00","","0.53%"
"08-04-2020","14,110.00","14,110.00","14,110.00","14,110.00","","1.15%"
"07-04-2020","13,950.00","13,950.00","13,950.00","13,950.00","","0.94%"
"03-04-2020","13,820.00","13,820.00","13,820.00","13,820.00","","-0.04%"
"01-04-2020","13,825.00","13,825.00","13,825.00","13,825.00","","-3.89%"
"31-03-2020","14,385.00","14,385.00","14,385.00","14,385.00","","-1.98%"
"30-03-2020","14,675.00","14,675.00","14,675.00","14,675.00","","0.00%"
"27-03-2020","14,675.00","14,675.00","14,675.00","14,675.00","","0.00%"
"26-03-2020","14,675.00","14,675.00","14,675.00","14,675.00","0.00K","1.98%"
"25-03-2020","14,390.00","14,390.00","14,390.00","14,390.00","","3.82%"
"24-03-2020","13,860.00","13,860.00","13,860.00","13,860.00","","1.80%"
"23-03-2020","13,615.00","13,615.00","13,615.00","13,615.00","","1.15%"
"20-03-2020","13,460.00","13,435.00","13,545.00","13,280.00","0.24K","-0.26%"
"19-03-2020","13,495.00","13,335.00","13,555.00","13,270.00","0.29K","-0.74%"
"18-03-2020","13,595.00","13,550.00","13,725.00","13,390.00","0.34K","0.97%"
"17-03-2020","13,465.00","13,175.00","13,500.00","13,175.00","0.21K","2.75%"
"16-03-2020","13,105.00","13,040.00","13,185.00","12,980.00","0.10K","-0.91%"
"13-03-2020","13,225.00","12,960.00","13,270.00","12,805.00","0.33K","0.04%"
"12-03-2020","13,220.00","13,200.00","13,280.00","13,150.00","0.08K","-0.68%"
"11-03-2020","13,310.00","13,285.00","13,440.00","13,240.00","0.05K","0.19%"
"09-03-2020","13,285.00","13,350.00","13,350.00","13,235.00","0.02K","-2.10%"
"06-03-2020","13,570.00","13,750.00","13,750.00","13,500.00","0.11K","-0.48%"
"05-03-2020","13,635.00","13,440.00","13,690.00","13,440.00","0.14K","2.75%"
"04-03-2020","13,270.00","13,225.00","13,395.00","13,170.00","0.04K","0.26%"
"03-03-2020","13,235.00","13,185.00","13,255.00","13,185.00","0.01K","-0.26%"
"02-03-2020","13,270.00","13,380.00","13,380.00","13,150.00","0.05K","-1.63%"
"28-02-2020","13,490.00","13,450.00","13,510.00","13,450.00","0.01K","0.90%"
"27-02-2020","13,370.00","13,370.00","13,370.00","13,370.00","","0.22%"
"26-02-2020","13,340.00","13,410.00","13,410.00","13,315.00","0.02K","-0.15%"
"25-02-2020","13,360.00","13,335.00","13,440.00","13,315.00","0.06K","-0.34%"
"24-02-2020","13,405.00","13,450.00","13,450.00","13,355.00","0.05K","-1.03%"
"20-02-2020","13,545.00","13,560.00","13,585.00","13,500.00","0.02K","-0.15%"
"19-02-2020","13,565.00","13,560.00","13,575.00","13,555.00","0.02K","0.11%"
"18-02-2020","13,550.00","13,550.00","13,550.00","13,550.00","0.02K","-0.95%"
"17-02-2020","13,680.00","13,650.00","13,690.00","13,650.00","0.01K","0.15%"
"14-02-2020","13,660.00","13,610.00","13,760.00","13,610.00","0.01K","0.48%"
"13-02-2020","13,595.00","13,600.00","13,600.00","13,580.00","0.01K","-0.15%"
"12-02-2020","13,615.00","13,525.00","13,650.00","13,520.00","0.07K","0.67%"
"11-02-2020","13,525.00","13,525.00","13,550.00","13,505.00","0.02K","0.00%"
"10-02-2020","13,525.00","13,525.00","13,525.00","13,525.00","0.01K","-0.07%"
"07-02-2020","13,535.00","13,535.00","13,535.00","13,535.00","","0.00%"
"06-02-2020","13,535.00","13,535.00","13,535.00","13,535.00","","0.00%"
"05-02-2020","13,535.00","13,535.00","13,535.00","13,535.00","","0.00%"
"04-02-2020","13,535.00","13,535.00","13,535.00","13,535.00","","-0.51%"
"03-02-2020","13,605.00","13,605.00","13,605.00","13,605.00","","-1.31%"
"01-02-2020","13,785.00","13,785.00","13,785.00","13,785.00","","0.04%"
"31-01-2020","13,780.00","13,780.00","13,780.00","13,780.00","","0.36%"
"30-01-2020","13,730.00","13,730.00","13,730.00","13,730.00","","-1.79%"
"29-01-2020","13,980.00","13,980.00","13,980.00","13,980.00","","-0.99%"
"28-01-2020","14,120.00","14,120.00","14,120.00","14,120.00","","-0.91%"
"27-01-2020","14,250.00","14,250.00","14,250.00","14,250.00","","-1.14%"
"24-01-2020","14,415.00","14,415.00","14,415.00","14,415.00","","0.10%"
"23-01-2020","14,400.00","14,400.00","14,400.00","14,400.00","","0.00%"
"22-01-2020","14,400.00","14,400.00","14,400.00","14,400.00","","-1.37%"
"21-01-2020","14,600.00","14,600.00","14,600.00","14,600.00","","-0.98%"
"20-01-2020","14,745.00","14,840.00","14,880.00","14,710.00","0.25K","-0.71%"
"17-01-2020","14,850.00","14,895.00","14,930.00","14,785.00","0.21K","-0.57%"
"16-01-2020","14,935.00","14,960.00","14,995.00","14,875.00","0.28K","-0.17%"
"15-01-2020","14,960.00","15,100.00","15,100.00","14,905.00","0.31K","-1.12%"
"14-01-2020","15,130.00","15,270.00","15,270.00","15,050.00","0.23K","-0.88%"
"13-01-2020","15,265.00","15,225.00","15,300.00","15,110.00","0.37K","-0.33%"
"10-01-2020","15,315.00","15,350.00","15,350.00","15,250.00","0.10K","-0.55%"
"09-01-2020","15,400.00","15,450.00","15,450.00","15,330.00","0.07K","-0.36%"
"08-01-2020","15,455.00","15,440.00","15,490.00","15,425.00","0.05K","0.45%"
"07-01-2020","15,385.00","15,450.00","15,450.00","15,350.00","0.06K","-0.03%"
"06-01-2020","15,390.00","15,280.00","15,455.00","15,280.00","0.04K","0.23%"
"03-01-2020","15,355.00","15,370.00","15,390.00","15,320.00","0.10K","0.00%"
"02-01-2020","15,355.00","15,385.00","15,385.00","15,310.00","0.12K","0.23%"
"01-01-2020","15,320.00","15,560.00","15,560.00","15,265.00","0.21K","-1.64%"
"31-12-2019","15,575.00","15,630.00","15,650.00","15,500.00","0.06K","-0.42%"
"30-12-2019","15,640.00","15,590.00","15,715.00","15,590.00","0.03K","0.26%"
"27-12-2019","15,600.00","15,605.00","15,610.00","15,550.00","0.06K","0.06%"
"26-12-2019","15,590.00","15,590.00","15,620.00","15,550.00","0.06K","-0.61%"
"24-12-2019","15,685.00","15,700.00","15,710.00","15,665.00","0.02K","-0.41%"
"23-12-2019","15,750.00","15,850.00","15,850.00","15,650.00","0.01K","-0.79%"
"20-12-2019","15,875.00","15,690.00","15,945.00","15,690.00","0.21K","1.34%"
"19-12-2019","15,665.00","15,600.00","15,705.00","15,455.00","0.13K","0.64%"
"18-12-2019","15,565.00","15,600.00","15,600.00","15,515.00","0.07K","-0.29%"
"17-12-2019","15,610.00","15,650.00","15,650.00","15,530.00","0.07K","-0.10%"
"16-12-2019","15,625.00","15,775.00","15,775.00","15,495.00","0.18K","-1.17%"
"13-12-2019","15,810.00","15,875.00","15,930.00","15,765.00","0.07K","-0.19%"
"12-12-2019","15,840.00","15,850.00","15,850.00","15,810.00","0.03K","0.48%"
"11-12-2019","15,765.00","15,805.00","15,875.00","15,640.00","0.03K","-0.22%"
"10-12-2019","15,800.00","15,800.00","15,800.00","15,800.00","0.01K","-0.32%"
"09-12-2019","15,850.00","15,900.00","15,900.00","15,775.00","0.07K","0.28%"
"06-12-2019","15,805.00","15,800.00","15,825.00","15,800.00","0.03K","0.03%"
"05-12-2019","15,800.00","15,800.00","15,800.00","15,800.00","0.02K","0.29%"
"04-12-2019","15,755.00","15,790.00","15,795.00","15,725.00","0.05K","-0.60%"
"03-12-2019","15,850.00","15,850.00","15,850.00","15,840.00","0.02K","0.06%"
"02-12-2019","15,840.00","15,800.00","15,875.00","15,800.00","0.02K","0.13%"
"29-11-2019","15,820.00","15,960.00","15,960.00","15,775.00","0.02K","1.02%"
"28-11-2019","15,660.00","15,660.00","15,660.00","15,660.00","0.00K","-0.48%"
"27-11-2019","15,735.00","15,725.00","15,855.00","15,620.00","0.02K","0.83%"
"26-11-2019","15,605.00","15,600.00","15,630.00","15,600.00","0.03K","-0.06%"
"25-11-2019","15,615.00","15,605.00","15,650.00","15,550.00","0.08K","-0.92%"
"22-11-2019","15,760.00","15,770.00","15,770.00","15,750.00","0.01K","-0.91%"
"21-11-2019","15,905.00","15,925.00","15,925.00","15,900.00","0.07K","-2.60%"
"20-11-2019","16,330.00","16,310.00","16,380.00","16,275.00","0.12K","0.21%"
"19-11-2019","16,295.00","16,245.00","16,330.00","16,190.00","0.14K","-0.09%"
"18-11-2019","16,310.00","16,460.00","16,460.00","16,200.00","0.10K","-1.81%"
"15-11-2019","16,610.00","16,610.00","16,610.00","16,610.00","0.00K","0.18%"
"14-11-2019","16,580.00","16,350.00","16,675.00","16,350.00","0.18K","1.44%"
"13-11-2019","16,345.00","16,300.00","16,445.00","16,265.00","0.06K","-0.18%"
"11-11-2019","16,375.00","16,375.00","16,375.00","16,375.00","0.02K","-0.33%"
"08-11-2019","16,430.00","16,420.00","16,655.00","16,300.00","0.06K","-0.54%"
"07-11-2019","16,520.00","16,620.00","16,730.00","16,450.00","0.06K","-0.21%"
"06-11-2019","16,555.00","16,585.00","16,625.00","16,525.00","0.02K","-2.16%"
"05-11-2019","16,920.00","16,920.00","16,920.00","16,920.00","0.00K","-0.29%"
"04-11-2019","16,970.00","16,900.00","17,100.00","16,850.00","0.02K","1.28%"
"01-11-2019","16,755.00","16,755.00","16,755.00","16,755.00","","1.82%"
"31-10-2019","16,455.00","16,455.00","16,455.00","16,455.00","","-2.37%"
"30-10-2019","16,855.00","16,855.00","16,855.00","16,855.00","","-0.03%"
"29-10-2019","16,860.00","16,860.00","16,860.00","16,860.00","","-0.03%"
"27-10-2019","16,865.00","16,865.00","16,865.00","16,865.00","","-0.03%"
"25-10-2019","16,870.00","16,870.00","16,870.00","16,870.00","","0.00%"
"24-10-2019","16,870.00","16,870.00","16,870.00","16,870.00","","0.03%"
"23-10-2019","16,865.00","16,865.00","16,865.00","16,865.00","","0.09%"
"22-10-2019","16,850.00","16,850.00","16,850.00","16,850.00","","4.89%"
"18-10-2019","16,065.00","16,235.00","16,235.00","15,950.00","0.52K","-1.20%"
"17-10-2019","16,260.00","16,250.00","16,295.00","16,210.00","0.17K","0.28%"
"16-10-2019","16,215.00","16,150.00","16,250.00","16,150.00","0.10K","0.40%"
"15-10-2019","16,150.00","16,200.00","16,220.00","16,105.00","0.06K","-0.49%"
"14-10-2019","16,230.00","16,165.00","16,250.00","16,165.00","0.05K","0.19%"
"11-10-2019","16,200.00","16,470.00","16,470.00","16,135.00","0.17K","-1.79%"
"10-10-2019","16,495.00","16,505.00","16,550.00","16,420.00","0.05K","-1.55%"
"09-10-2019","16,755.00","16,755.00","16,755.00","16,755.00","","0.00%"
"07-10-2019","16,755.00","16,755.00","16,755.00","16,755.00","","0.00%"
"04-10-2019","16,755.00","16,755.00","16,755.00","16,755.00","","0.00%"
"03-10-2019","16,755.00","16,755.00","16,755.00","16,755.00","","-0.59%"
"01-10-2019","16,855.00","16,855.00","16,855.00","16,855.00","","0.00%"
"30-09-2019","16,855.00","16,855.00","16,855.00","16,855.00","","1.63%"
"27-09-2019","16,585.00","16,585.00","16,585.00","16,585.00","","0.06%"
"26-09-2019","16,575.00","16,575.00","16,575.00","16,575.00","","-0.36%"
"25-09-2019","16,635.00","16,635.00","16,635.00","16,635.00","","0.00%"
"24-09-2019","16,635.00","16,635.00","16,635.00","16,635.00","","0.36%"
"23-09-2019","16,575.00","16,575.00","16,575.00","16,575.00","","-0.06%"
"20-09-2019","16,585.00","16,630.00","16,650.00","16,520.00","0.17K","0.15%"
"19-09-2019","16,560.00","16,405.00","16,600.00","16,405.00","0.35K","0.88%"
"18-09-2019","16,415.00","16,540.00","16,565.00","16,345.00","0.69K","-0.55%"
"17-09-2019","16,505.00","16,520.00","16,545.00","16,365.00","0.55K","-0.18%"
"16-09-2019","16,535.00","16,740.00","16,740.00","16,500.00","0.25K","-1.49%"
"13-09-2019","16,785.00","16,870.00","16,870.00","16,755.00","0.27K","-1.18%"
"12-09-2019","16,985.00","17,140.00","17,140.00","16,910.00","0.14K","-1.56%"
"11-09-2019","17,255.00","17,440.00","17,440.00","17,140.00","0.01K","-1.20%"
"09-09-2019","17,465.00","17,465.00","17,465.00","17,465.00","0.00K","1.45%"
"06-09-2019","17,215.00","17,215.00","17,215.00","17,215.00","","0.09%"
"05-09-2019","17,200.00","17,200.00","17,200.00","17,200.00","","0.41%"
"04-09-2019","17,130.00","17,130.00","17,130.00","17,130.00","","0.23%"
"03-09-2019","17,090.00","17,090.00","17,090.00","17,090.00","","-0.58%"
"30-08-2019","17,190.00","17,190.00","17,190.00","17,190.00","","-0.46%"
"29-08-2019","17,270.00","17,270.00","17,270.00","17,270.00","","-0.03%"
"28-08-2019","17,275.00","17,275.00","17,275.00","17,275.00","","0.14%"
"27-08-2019","17,250.00","17,250.00","17,250.00","17,250.00","","0.20%"
"26-08-2019","17,215.00","17,215.00","17,215.00","17,215.00","","0.38%"
"23-08-2019","17,150.00","17,150.00","17,150.00","17,150.00","","-0.46%"
"22-08-2019","17,230.00","17,230.00","17,230.00","17,230.00","","0.06%"
"21-08-2019","17,220.00","17,220.00","17,220.00","17,220.00","","1.06%"
"20-08-2019","17,040.00","17,055.00","17,180.00","17,000.00","0.21K","0.15%"
"19-08-2019","17,015.00","17,050.00","17,050.00","16,970.00","0.06K","-0.50%"
"16-08-2019","17,100.00","17,190.00","17,190.00","17,040.00","0.05K","-0.32%"
"14-08-2019","17,155.00","17,000.00","17,220.00","17,000.00","0.03K","-0.17%"
"13-08-2019","17,185.00","17,205.00","17,235.00","17,045.00","0.03K","-2.08%"
"09-08-2019","17,550.00","17,550.00","17,550.00","17,550.00","0.00K","1.12%"
"08-08-2019","17,355.00","17,355.00","17,355.00","17,355.00","","0.09%"
"07-08-2019","17,340.00","17,340.00","17,340.00","17,340.00","","-0.86%"
"06-08-2019","17,490.00","17,490.00","17,490.00","17,490.00","","-1.21%"
"05-08-2019","17,705.00","17,705.00","17,705.00","17,705.00","","1.55%"
"02-08-2019","17,435.00","17,435.00","17,435.00","17,435.00","","-0.51%"
"01-08-2019","17,525.00","17,525.00","17,525.00","17,525.00","","-1.66%"
"31-07-2019","17,820.00","17,820.00","17,820.00","17,820.00","","0.22%"
"30-07-2019","17,780.00","17,780.00","17,780.00","17,780.00","","-1.47%"
"29-07-2019","18,045.00","18,045.00","18,045.00","18,045.00","","-0.58%"
"26-07-2019","18,150.00","18,150.00","18,150.00","18,150.00","","1.06%"
"25-07-2019","17,960.00","17,960.00","17,960.00","17,960.00","","0.00%"
"24-07-2019","17,960.00","17,960.00","17,960.00","17,960.00","","-0.39%"
"23-07-2019","18,030.00","18,030.00","18,030.00","18,030.00","","-0.19%"
"22-07-2019","18,065.00","18,065.00","18,065.00","18,065.00","","-0.41%"
"19-07-2019","18,140.00","18,315.00","18,315.00","18,100.00","0.55K","-1.25%"
"18-07-2019","18,370.00","18,460.00","18,555.00","18,345.00","0.35K","-0.19%"
"17-07-2019","18,405.00","18,275.00","18,480.00","18,265.00","0.66K","0.90%"
"16-07-2019","18,240.00","18,370.00","18,495.00","18,190.00","0.55K","-0.84%"
"15-07-2019","18,395.00","17,940.00","18,445.00","17,940.00","0.35K","3.23%"
"12-07-2019","17,820.00","17,680.00","17,915.00","17,680.00","0.04K","1.05%"
"11-07-2019","17,635.00","17,630.00","17,640.00","17,630.00","0.01K","-0.08%"
"10-07-2019","17,650.00","17,620.00","17,725.00","17,605.00","0.02K","0.60%"
"09-07-2019","17,545.00","17,500.00","17,575.00","17,500.00","0.02K","0.26%"
"08-07-2019","17,500.00","17,460.00","17,535.00","17,460.00","0.01K","0.03%"
"05-07-2019","17,495.00","17,495.00","17,495.00","17,495.00","","0.20%"
"04-07-2019","17,460.00","17,455.00","17,460.00","17,455.00","0.02K","0.81%"
"03-07-2019","17,320.00","17,300.00","17,445.00","17,275.00","0.04K","0.99%"
"02-07-2019","17,150.00","17,075.00","17,255.00","17,065.00","0.02K","-1.49%"
"01-07-2019","17,410.00","17,410.00","17,410.00","17,410.00","","0.20%"
"28-06-2019","17,375.00","17,375.00","17,375.00","17,375.00","","0.64%"
"27-06-2019","17,265.00","17,265.00","17,265.00","17,265.00","","-0.66%"
"26-06-2019","17,380.00","17,380.00","17,380.00","17,380.00","","0.14%"
"25-06-2019","17,355.00","17,300.00","17,450.00","17,300.00","0.05K","0.12%"
"24-06-2019","17,335.00","17,335.00","17,335.00","17,335.00","","-1.20%"
"21-06-2019","17,545.00","17,545.00","17,545.00","17,545.00","","1.33%"
"20-06-2019","17,315.00","17,410.00","17,440.00","17,265.00","0.25K","-0.63%"
"19-06-2019","17,425.00","17,580.00","17,585.00","17,365.00","0.33K","-0.57%"
"18-06-2019","17,525.00","17,505.00","17,585.00","17,415.00","0.14K","0.49%"
"17-06-2019","17,440.00","17,420.00","17,505.00","17,380.00","0.21K","0.46%"
"14-06-2019","17,360.00","17,540.00","17,580.00","17,335.00","0.44K","-0.86%"
"13-06-2019","17,510.00","17,840.00","17,875.00","17,480.00","0.80K","-2.01%"
"12-06-2019","17,870.00","17,745.00","17,985.00","17,695.00","0.53K","1.33%"
"11-06-2019","17,635.00","17,700.00","17,775.00","17,580.00","0.07K","-0.37%"
"10-06-2019","17,700.00","17,635.00","17,750.00","17,635.00","0.03K","-0.08%"
"07-06-2019","17,715.00","17,670.00","17,730.00","17,640.00","0.20K","-1.45%"
"06-06-2019","17,975.00","18,045.00","18,045.00","17,800.00","0.09K","0.08%"
"04-06-2019","17,960.00","17,950.00","18,100.00","17,875.00","0.05K","0.81%"
"03-06-2019","17,815.00","17,830.00","17,830.00","17,800.00","0.02K","0.74%"
"31-05-2019","17,685.00","17,720.00","17,720.00","17,650.00","0.02K","0.00%"
"30-05-2019","17,685.00","17,685.00","17,685.00","17,680.00","0.04K","0.37%"
"29-05-2019","17,620.00","17,605.00","17,625.00","17,575.00","0.03K","-0.54%"
"28-05-2019","17,715.00","17,720.00","17,745.00","17,655.00","0.04K","-0.70%"
"27-05-2019","17,840.00","17,850.00","17,850.00","17,800.00","0.02K","-0.11%"
"24-05-2019","17,860.00","17,800.00","17,950.00","17,800.00","0.02K","-0.17%"
"23-05-2019","17,890.00","17,800.00","17,950.00","17,800.00","0.06K","0.93%"
"22-05-2019","17,725.00","17,800.00","17,800.00","17,650.00","0.02K","-1.34%"
"21-05-2019","17,965.00","17,965.00","17,965.00","17,965.00","","0.06%"
"20-05-2019","17,955.00","17,930.00","18,055.00","17,825.00","0.27K","-0.03%"
"17-05-2019","17,960.00","18,185.00","18,185.00","17,920.00","0.26K","-0.61%"
"16-05-2019","18,070.00","17,935.00","18,195.00","17,905.00","0.66K","1.12%"
"15-05-2019","17,870.00","17,715.00","17,925.00","17,680.00","0.23K","1.13%"
"14-05-2019","17,670.00","17,770.00","17,855.00","17,620.00","0.26K","-0.79%"
"13-05-2019","17,810.00","17,735.00","17,870.00","17,730.00","0.07K","1.02%"
"10-05-2019","17,630.00","17,620.00","17,645.00","17,600.00","0.06K","-0.51%"
"09-05-2019","17,720.00","17,545.00","17,770.00","17,545.00","0.06K","2.99%"
"08-05-2019","17,205.00","17,205.00","17,205.00","17,205.00","0.01K","0.15%"
"07-05-2019","17,180.00","17,175.00","17,180.00","17,175.00","0.01K","-0.26%"
"06-05-2019","17,225.00","17,225.00","17,225.00","17,225.00","","0.38%"
"03-05-2019","17,160.00","17,200.00","17,200.00","17,135.00","0.01K","-0.23%"
"02-05-2019","17,200.00","17,200.00","17,200.00","17,200.00","0.01K","0.23%"
"30-04-2019","17,160.00","17,160.00","17,160.00","17,160.00","0.00K","-0.78%"
"26-04-2019","17,295.00","17,330.00","17,330.00","17,250.00","0.03K","0.09%"
"25-04-2019","17,280.00","17,305.00","17,305.00","17,250.00","0.01K","-0.83%"
"24-04-2019","17,425.00","17,425.00","17,425.00","17,425.00","","0.43%"
"23-04-2019","17,350.00","17,350.00","17,350.00","17,350.00","","1.55%"
"22-04-2019","17,085.00","17,085.00","17,085.00","17,085.00","0.01K","-0.61%"
"18-04-2019","17,190.00","17,190.00","17,190.00","17,190.00","","2.38%"
"16-04-2019","16,790.00","16,745.00","16,900.00","16,450.00","0.42K","0.33%"
"15-04-2019","16,735.00","16,710.00","16,785.00","16,665.00","0.19K","0.09%"
"12-04-2019","16,720.00","16,700.00","16,740.00","16,605.00","0.13K","0.72%"
"11-04-2019","16,600.00","16,600.00","16,665.00","16,545.00","0.17K","0.06%"
"10-04-2019","16,590.00","16,615.00","16,680.00","16,510.00","0.53K","0.12%"
"09-04-2019","16,570.00","16,335.00","16,590.00","16,335.00","0.21K","1.50%"
"08-04-2019","16,325.00","16,230.00","16,380.00","16,230.00","0.06K","0.62%"
"05-04-2019","16,225.00","16,370.00","16,475.00","16,110.00","0.13K","-1.04%"
"04-04-2019","16,395.00","16,155.00","16,395.00","16,080.00","0.11K","1.99%"
"03-04-2019","16,075.00","16,000.00","16,195.00","16,000.00","0.06K","2.10%"
"02-04-2019","15,745.00","15,700.00","15,800.00","15,700.00","0.04K","-0.28%"
"01-04-2019","15,790.00","15,855.00","15,855.00","15,760.00","0.03K","0.25%"
"29-03-2019","15,750.00","15,740.00","15,855.00","15,700.00","0.08K","-0.47%"
"28-03-2019","15,825.00","15,825.00","15,860.00","15,790.00","0.02K","-0.03%"
"27-03-2019","15,830.00","15,835.00","15,840.00","15,815.00","0.02K","1.28%"
"26-03-2019","15,630.00","15,630.00","15,630.00","15,630.00","","-0.60%"
"25-03-2019","15,725.00","15,725.00","15,725.00","15,725.00","","-0.91%"
"22-03-2019","15,870.00","15,870.00","15,870.00","15,865.00","0.01K","0.13%"
"20-03-2019","15,850.00","15,850.00","15,850.00","15,850.00","","1.57%"
"19-03-2019","15,605.00","15,600.00","15,645.00","15,520.00","0.59K","0.58%"
"18-03-2019","15,515.00","15,460.00","15,560.00","15,400.00","0.53K","0.26%"
"15-03-2019","15,475.00","15,595.00","15,595.00","15,450.00","0.32K","-1.05%"
"14-03-2019","15,640.00","15,780.00","15,780.00","15,605.00","0.36K","-1.01%"
"13-03-2019","15,800.00","15,930.00","15,950.00","15,760.00","0.26K","-0.32%"
"12-03-2019","15,850.00","15,660.00","15,875.00","15,660.00","0.36K","1.38%"
"11-03-2019","15,635.00","15,450.00","15,670.00","15,450.00","0.54K","1.36%"
"08-03-2019","15,425.00","15,410.00","15,475.00","15,360.00","0.30K","0.13%"
"07-03-2019","15,405.00","15,520.00","15,520.00","15,345.00","0.78K","-0.68%"
"06-03-2019","15,510.00","15,445.00","15,630.00","15,445.00","0.37K","0.52%"
"05-03-2019","15,430.00","15,325.00","15,470.00","15,325.00","0.32K","0.33%"
"01-03-2019","15,380.00","15,325.00","15,440.00","15,325.00","0.04K","0.75%"
"28-02-2019","15,265.00","15,120.00","15,320.00","15,120.00","0.07K","-0.10%"
"27-02-2019","15,280.00","15,270.00","15,340.00","15,180.00","0.11K","-0.94%"
"26-02-2019","15,425.00","15,150.00","15,440.00","15,090.00","0.24K","1.78%"
"25-02-2019","15,155.00","15,180.00","15,180.00","15,090.00","0.05K","-0.43%"
"22-02-2019","15,220.00","15,235.00","15,280.00","15,180.00","0.13K","-0.78%"
"21-02-2019","15,340.00","15,375.00","15,375.00","15,290.00","0.06K","-0.52%"
"20-02-2019","15,420.00","15,430.00","15,430.00","15,405.00","0.04K","-0.48%"
"19-02-2019","15,495.00","15,475.00","15,500.00","15,475.00","0.04K","0.42%"
"18-02-2019","15,430.00","15,370.00","15,465.00","15,350.00","0.12K","0.26%"
"15-02-2019","15,390.00","15,395.00","15,410.00","15,360.00","0.08K","-0.65%"
"14-02-2019","15,490.00","15,555.00","15,555.00","15,400.00","0.22K","0.03%"
"13-02-2019","15,485.00","15,520.00","15,520.00","15,365.00","0.23K","-0.32%"
"12-02-2019","15,535.00","15,410.00","15,550.00","15,410.00","0.06K","0.42%"
"11-02-2019","15,470.00","15,435.00","15,480.00","15,435.00","0.01K","-0.45%"
"08-02-2019","15,540.00","15,615.00","15,615.00","15,460.00","0.03K","-0.13%"
"07-02-2019","15,560.00","15,540.00","15,595.00","15,540.00","0.05K","0.03%"
"06-02-2019","15,555.00","15,660.00","15,660.00","15,440.00","0.01K","-1.11%"
"05-02-2019","15,730.00","15,760.00","15,785.00","15,700.00","0.04K","-0.10%"
"04-02-2019","15,745.00","15,840.00","15,840.00","15,700.00","0.02K","-0.66%"
"01-02-2019","15,850.00","15,930.00","15,930.00","15,760.00","0.02K","-0.88%"
"31-01-2019","15,990.00","15,990.00","15,990.00","15,990.00","","0.00%"
"30-01-2019","15,990.00","16,080.00","16,080.00","15,900.00","0.01K","0.47%"
"29-01-2019","15,915.00","16,010.00","16,010.00","15,815.00","0.06K","-1.36%"
"28-01-2019","16,135.00","16,170.00","16,175.00","16,025.00","0.05K","-1.31%"
"25-01-2019","16,350.00","16,360.00","16,390.00","16,300.00","0.01K","-0.61%"
"24-01-2019","16,450.00","16,450.00","16,450.00","16,450.00","0.00K","-1.02%"
"23-01-2019","16,620.00","16,710.00","16,710.00","16,550.00","0.01K","-1.45%"
"22-01-2019","16,865.00","16,925.00","16,925.00","16,815.00","0.01K","-1.55%"
"21-01-2019","17,130.00","17,130.00","17,130.00","17,130.00","","1.09%"
"18-01-2019","16,945.00","17,005.00","17,005.00","16,870.00","0.07K","0.30%"
"17-01-2019","16,895.00","17,000.00","17,000.00","16,825.00","0.08K","-0.56%"
"16-01-2019","16,990.00","17,000.00","17,060.00","16,900.00","0.05K","-0.50%"
"15-01-2019","17,075.00","17,100.00","17,125.00","16,930.00","0.07K","-0.58%"
"14-01-2019","17,175.00","17,200.00","17,200.00","17,150.00","0.01K","0.82%"
"11-01-2019","17,035.00","17,055.00","17,055.00","17,010.00","0.03K","0.00%"
"10-01-2019","17,035.00","16,970.00","17,100.00","16,970.00","0.03K","0.83%"
"09-01-2019","16,895.00","16,850.00","16,980.00","16,850.00","0.05K","0.18%"
"08-01-2019","16,865.00","16,880.00","16,890.00","16,800.00","0.02K","-0.91%"
"07-01-2019","17,020.00","17,000.00","17,050.00","17,000.00","0.02K","-0.41%"
"04-01-2019","17,090.00","17,085.00","17,095.00","17,085.00","0.01K","0.23%"
"03-01-2019","17,050.00","17,050.00","17,050.00","17,050.00","0.00K","0.59%"
"02-01-2019","16,950.00","16,950.00","16,950.00","16,950.00","0.00K","-1.28%"
"01-01-2019","17,170.00","17,160.00","17,180.00","17,160.00","0.02K","-0.15%"
"31-12-2018","17,195.00","17,100.00","17,250.00","17,100.00","0.01K","0.85%"
"28-12-2018","17,050.00","17,050.00","17,050.00","17,050.00","","0.00%"
"27-12-2018","17,050.00","16,990.00","17,080.00","16,990.00","0.01K","1.52%"
"26-12-2018","16,795.00","16,695.00","16,895.00","16,695.00","0.02K","0.48%"
"24-12-2018","16,715.00","16,890.00","16,890.00","16,585.00","0.01K","-2.99%"
"21-12-2018","17,230.00","17,230.00","17,230.00","17,230.00","","0.44%"
"20-12-2018","17,155.00","17,195.00","17,320.00","16,970.00","0.73K","-0.44%"
"19-12-2018","17,230.00","17,080.00","17,290.00","16,860.00","0.34K","0.70%"
"18-12-2018","17,110.00","17,480.00","17,480.00","16,940.00","0.48K","-2.34%"
"17-12-2018","17,520.00","17,545.00","17,645.00","17,460.00","0.28K","0.06%"
"14-12-2018","17,510.00","17,495.00","17,580.00","17,420.00","0.08K","0.46%"
"13-12-2018","17,430.00","17,590.00","17,590.00","17,400.00","0.12K","-0.85%"
"12-12-2018","17,580.00","17,620.00","17,740.00","17,510.00","0.11K","-0.93%"
"11-12-2018","17,745.00","17,820.00","17,820.00","17,650.00","0.02K","-0.45%"
"10-12-2018","17,825.00","17,720.00","17,900.00","17,720.00","0.08K","0.59%"
"07-12-2018","17,720.00","17,695.00","17,775.00","17,615.00","0.06K","0.37%"
"06-12-2018","17,655.00","17,660.00","17,740.00","17,575.00","0.10K","-1.09%"
"05-12-2018","17,850.00","17,900.00","17,900.00","17,790.00","0.02K","-1.22%"
"04-12-2018","18,070.00","17,845.00","18,250.00","17,845.00","0.14K","1.26%"
"03-12-2018","17,845.00","17,750.00","17,900.00","17,750.00","0.01K","0.65%"
"30-11-2018","17,730.00","17,750.00","17,750.00","17,650.00","0.05K","0.17%"
"29-11-2018","17,700.00","18,215.00","18,215.00","17,625.00","0.14K","-2.83%"
"28-11-2018","18,215.00","18,090.00","18,285.00","17,860.00","0.09K","2.30%"
"27-11-2018","17,805.00","17,670.00","17,890.00","17,650.00","0.11K","0.39%"
"26-11-2018","17,735.00","17,705.00","17,955.00","17,660.00","0.13K","-1.36%"
"22-11-2018","17,980.00","18,425.00","18,425.00","17,925.00","0.34K","-2.89%"
"21-11-2018","18,515.00","18,955.00","18,960.00","18,450.00","0.15K","-7.01%"
"20-11-2018","19,910.00","19,550.00","19,945.00","19,550.00","0.55K","1.82%"
"19-11-2018","19,555.00","19,750.00","19,750.00","19,510.00","0.29K","-1.41%"
"16-11-2018","19,835.00","20,095.00","20,095.00","19,795.00","0.43K","-1.78%"
"15-11-2018","20,195.00","20,175.00","20,305.00","19,695.00","1.38K","-0.37%"
"14-11-2018","20,270.00","20,770.00","20,770.00","20,095.00","0.56K","-2.94%"
"13-11-2018","20,885.00","20,940.00","21,150.00","20,845.00","0.22K","-1.00%"
"12-11-2018","21,095.00","21,070.00","21,280.00","20,920.00","0.19K","-0.33%"
"09-11-2018","21,165.00","21,185.00","21,185.00","21,140.00","0.06K","-2.08%"
"07-11-2018","21,615.00","21,615.00","21,615.00","21,615.00","","0.79%"
"06-11-2018","21,445.00","21,390.00","21,505.00","21,375.00","0.04K","-0.99%"
"05-11-2018","21,660.00","21,575.00","21,700.00","21,495.00","0.04K","1.98%"
"02-11-2018","21,240.00","21,045.00","21,375.00","21,045.00","0.03K","0.93%"
"01-11-2018","21,045.00","21,070.00","21,070.00","21,020.00","0.02K","0.02%"
"31-10-2018","21,040.00","20,980.00","21,275.00","20,885.00","0.04K","2.28%"
"30-10-2018","20,570.00","20,495.00","20,635.00","20,415.00","0.04K","1.61%"
"29-10-2018","20,245.00","20,200.00","20,380.00","20,200.00","0.01K","0.40%"
"26-10-2018","20,165.00","20,165.00","20,165.00","20,165.00","0.01K","-1.99%"
"25-10-2018","20,575.00","20,575.00","20,575.00","20,575.00","","0.56%"
"24-10-2018","20,460.00","20,460.00","20,460.00","20,460.00","","0.15%"
"23-10-2018","20,430.00","20,430.00","20,430.00","20,430.00","","-0.54%"
"22-10-2018","20,540.00","20,540.00","20,540.00","20,540.00","","-1.65%"
"19-10-2018","20,885.00","20,885.00","20,885.00","20,885.00","","1.04%"
"17-10-2018","20,670.00","20,670.00","20,670.00","20,670.00","","2.56%"
"16-10-2018","20,155.00","20,205.00","20,295.00","20,000.00","0.35K","-0.59%"
"15-10-2018","20,275.00","20,160.00","20,405.00","20,155.00","0.12K","1.35%"
"12-10-2018","20,005.00","19,930.00","20,145.00","19,820.00","0.07K","2.30%"
"11-10-2018","19,555.00","19,425.00","19,630.00","19,425.00","0.02K","0.39%"
"10-10-2018","19,480.00","19,400.00","19,605.00","19,400.00","0.07K","-0.31%"
"09-10-2018","19,540.00","19,540.00","19,540.00","19,540.00","0.00K","-1.06%"
"08-10-2018","19,750.00","19,760.00","19,760.00","19,740.00","0.01K","1.78%"
"05-10-2018","19,405.00","19,405.00","19,405.00","19,405.00","","0.75%"
"04-10-2018","19,260.00","19,260.00","19,260.00","19,260.00","","0.68%"
"03-10-2018","19,130.00","19,130.00","19,130.00","19,130.00","","0.18%"
"01-10-2018","19,095.00","19,095.00","19,095.00","19,095.00","","0.03%"
"28-09-2018","19,090.00","19,090.00","19,090.00","19,090.00","","-0.75%"
"27-09-2018","19,235.00","19,235.00","19,235.00","19,235.00","","-0.82%"
"26-09-2018","19,395.00","19,395.00","19,395.00","19,395.00","","0.47%"
"25-09-2018","19,305.00","19,305.00","19,305.00","19,305.00","","-0.21%"
"24-09-2018","19,345.00","19,345.00","19,345.00","19,345.00","","-2.45%"
"21-09-2018","19,830.00","19,830.00","19,830.00","19,830.00","","0.05%"
"19-09-2018","19,820.00","20,205.00","20,225.00","19,775.00","0.90K","-2.41%"
"18-09-2018","20,310.00","20,020.00","20,375.00","20,005.00","0.46K","1.42%"
"17-09-2018","20,025.00","20,100.00","20,190.00","19,910.00","0.52K","-1.26%"
"14-09-2018","20,280.00","20,200.00","20,335.00","20,125.00","0.18K","0.50%"
"12-09-2018","20,180.00","20,015.00","20,180.00","20,015.00","0.20K","2.00%"
"11-09-2018","19,785.00","19,545.00","19,920.00","19,545.00","0.06K","0.53%"
"10-09-2018","19,680.00","19,640.00","19,720.00","19,620.00","0.10K","-0.05%"
"07-09-2018","19,690.00","19,650.00","19,765.00","19,650.00","0.12K","-0.66%"
"06-09-2018","19,820.00","19,860.00","19,865.00","19,710.00","0.10K","-0.23%"
"05-09-2018","19,865.00","19,850.00","19,875.00","19,850.00","0.02K","-0.15%"
"04-09-2018","19,895.00","19,895.00","19,895.00","19,895.00","0.00K","0.00%"
"03-09-2018","19,895.00","19,775.00","20,140.00","19,775.00","0.03K","0.13%"
"31-08-2018","19,870.00","19,870.00","19,870.00","19,870.00","","-0.35%"
"30-08-2018","19,940.00","19,940.00","19,940.00","19,940.00","","0.23%"
"29-08-2018","19,895.00","19,895.00","19,895.00","19,895.00","","0.96%"
"28-08-2018","19,705.00","19,705.00","19,705.00","19,705.00","","0.51%"
"27-08-2018","19,605.00","19,605.00","19,605.00","19,605.00","0.01K","-1.95%"
"24-08-2018","19,995.00","19,995.00","19,995.00","19,995.00","0.00K","-1.14%"
"23-08-2018","20,225.00","20,225.00","20,225.00","20,225.00","","-3.64%"
"21-08-2018","20,990.00","20,990.00","20,990.00","20,990.00","","1.52%"
"20-08-2018","20,675.00","20,300.00","20,800.00","20,270.00","1.46K","2.33%"
"17-08-2018","20,205.00","19,840.00","20,340.00","19,840.00","0.75K","1.92%"
"16-08-2018","19,825.00","19,920.00","19,985.00","19,675.00","0.22K","-0.75%"
"14-08-2018","19,975.00","19,860.00","20,015.00","19,800.00","0.53K","0.40%"
"13-08-2018","19,895.00","20,025.00","20,215.00","19,830.00","0.23K","-1.00%"
"10-08-2018","20,095.00","20,410.00","20,410.00","20,035.00","0.10K","-1.42%"
"09-08-2018","20,385.00","20,400.00","20,410.00","20,340.00","0.06K","0.42%"
"08-08-2018","20,300.00","20,300.00","20,300.00","20,300.00","0.01K","0.20%"
"07-08-2018","20,260.00","20,340.00","20,370.00","20,150.00","0.03K","-0.90%"
"06-08-2018","20,445.00","20,505.00","20,505.00","20,325.00","0.02K","-1.97%"
"03-08-2018","20,855.00","20,870.00","20,875.00","20,805.00","0.03K","0.80%"
"02-08-2018","20,690.00","20,705.00","20,705.00","20,675.00","0.01K","1.37%"
"01-08-2018","20,410.00","20,400.00","20,420.00","20,400.00","0.01K","-1.21%"
"31-07-2018","20,660.00","20,795.00","20,795.00","20,615.00","0.01K","1.32%"
"30-07-2018","20,390.00","20,390.00","20,390.00","20,390.00","0.00K","1.44%"
"27-07-2018","20,100.00","20,100.00","20,100.00","20,100.00","0.01K","0.60%"
"26-07-2018","19,980.00","19,980.00","19,980.00","19,980.00","","0.45%"
"25-07-2018","19,890.00","19,890.00","19,890.00","19,890.00","","-0.97%"
"24-07-2018","20,085.00","20,085.00","20,085.00","20,085.00","","0.88%"
"23-07-2018","19,910.00","19,910.00","19,910.00","19,910.00","","4.84%"
"20-07-2018","18,990.00","19,045.00","19,060.00","18,890.00","0.17K","0.24%"
"19-07-2018","18,945.00","19,010.00","19,125.00","18,760.00","1.23K","-0.53%"
"18-07-2018","19,045.00","18,935.00","19,270.00","18,915.00","0.58K","0.61%"
"17-07-2018","18,930.00","18,850.00","18,960.00","18,695.00","0.68K","-0.11%"
"16-07-2018","18,950.00","18,705.00","19,200.00","18,705.00","0.45K","1.12%"
"13-07-2018","18,740.00","18,695.00","18,805.00","18,680.00","0.06K","-0.56%"
"12-07-2018","18,845.00","18,775.00","19,010.00","18,680.00","0.12K","0.83%"
"11-07-2018","18,690.00","18,615.00","18,760.00","18,590.00","0.11K","-0.32%"
"10-07-2018","18,750.00","18,925.00","19,000.00","18,705.00","0.17K","-1.06%"
"09-07-2018","18,950.00","19,025.00","19,100.00","18,765.00","0.17K","-0.11%"
"06-07-2018","18,970.00","19,290.00","19,400.00","18,865.00","0.20K","-1.25%"
"05-07-2018","19,210.00","18,950.00","19,300.00","18,950.00","0.14K","1.88%"
"04-07-2018","18,855.00","18,815.00","18,865.00","18,815.00","0.02K","1.86%"
"03-07-2018","18,510.00","18,400.00","18,605.00","18,385.00","0.10K","-1.33%"
"02-07-2018","18,760.00","19,000.00","19,000.00","18,600.00","0.01K","-0.42%"
"29-06-2018","18,840.00","18,840.00","18,840.00","18,840.00","","3.01%"
"28-06-2018","18,290.00","18,290.00","18,290.00","18,290.00","","1.22%"
"27-06-2018","18,070.00","18,070.00","18,070.00","18,070.00","","2.29%"
"26-06-2018","17,665.00","17,625.00","17,705.00","17,625.00","0.01K","-0.14%"
"25-06-2018","17,690.00","17,690.00","17,690.00","17,690.00","0.00K","1.99%"
"22-06-2018","17,345.00","17,335.00","17,490.00","17,200.00","0.01K","0.03%"
"21-06-2018","17,340.00","17,340.00","17,340.00","17,340.00","","2.24%"
"20-06-2018","16,960.00","16,930.00","17,160.00","16,930.00","0.66K","1.04%"
"19-06-2018","16,785.00","16,690.00","16,880.00","16,630.00","0.31K","0.90%"
"18-06-2018","16,635.00","16,760.00","16,900.00","16,460.00","0.28K","-0.95%"
"15-06-2018","16,795.00","16,755.00","16,830.00","16,750.00","0.06K","0.21%"
"14-06-2018","16,760.00","16,750.00","16,840.00","16,700.00","0.05K","0.57%"
"13-06-2018","16,665.00","16,615.00","16,770.00","16,605.00","0.13K","1.34%"
"12-06-2018","16,445.00","16,415.00","16,575.00","16,380.00","0.08K","0.15%"
"11-06-2018","16,420.00","16,405.00","16,475.00","16,335.00","0.07K","0.09%"
"08-06-2018","16,405.00","16,485.00","16,485.00","16,360.00","0.02K","0.18%"
"07-06-2018","16,375.00","16,375.00","16,375.00","16,375.00","","0.12%"
"06-06-2018","16,355.00","16,305.00","16,450.00","16,305.00","0.03K","0.80%"
"05-06-2018","16,225.00","16,115.00","16,335.00","16,115.00","0.02K","0.34%"
"04-06-2018","16,170.00","16,175.00","16,225.00","16,125.00","0.01K","-0.77%"
"01-06-2018","16,295.00","16,365.00","16,365.00","16,225.00","0.02K","-0.91%"
"31-05-2018","16,445.00","16,445.00","16,445.00","16,445.00","0.00K","0.00%"
"30-05-2018","16,445.00","16,500.00","16,500.00","16,405.00","0.02K","-0.15%"
"29-05-2018","16,470.00","16,470.00","16,470.00","16,470.00","","0.40%"
"28-05-2018","16,405.00","16,405.00","16,405.00","16,405.00","","0.98%"
"25-05-2018","16,245.00","16,245.00","16,245.00","16,245.00","","0.31%"
"24-05-2018","16,195.00","16,195.00","16,195.00","16,195.00","","0.84%"
"23-05-2018","16,060.00","16,060.00","16,060.00","16,060.00","","1.20%"
"22-05-2018","15,870.00","15,800.00","15,950.00","15,800.00","0.02K","-0.31%"
"21-05-2018","15,920.00","15,920.00","15,920.00","15,920.00","","0.76%"
"18-05-2018","15,800.00","16,105.00","16,105.00","15,745.00","0.42K","-1.53%"
"17-05-2018","16,045.00","16,160.00","16,250.00","15,955.00","0.82K","-0.47%"
"16-05-2018","16,120.00","16,060.00","16,180.00","16,060.00","0.72K","-0.12%"
"15-05-2018","16,140.00","16,025.00","16,190.00","16,025.00","0.35K","0.16%"
"14-05-2018","16,115.00","16,020.00","16,185.00","15,980.00","0.70K","0.69%"
"11-05-2018","16,005.00","16,115.00","16,140.00","15,850.00","0.46K","-0.62%"
"10-05-2018","16,105.00","16,100.00","16,165.00","16,040.00","0.29K","1.61%"
"09-05-2018","15,850.00","15,825.00","15,995.00","15,780.00","0.19K","0.41%"
"08-05-2018","15,785.00","15,835.00","15,835.00","15,725.00","0.13K","0.41%"
"07-05-2018","15,720.00","15,700.00","15,830.00","15,675.00","0.31K","0.42%"
"04-05-2018","15,655.00","15,800.00","15,800.00","15,550.00","0.16K","-1.26%"
"03-05-2018","15,855.00","15,845.00","15,890.00","15,845.00","0.03K","-0.88%"
"02-05-2018","15,995.00","15,995.00","15,995.00","15,995.00","0.01K","0.00%"
"30-04-2018","15,995.00","16,000.00","16,000.00","15,990.00","0.08K","0.28%"
"27-04-2018","15,950.00","16,025.00","16,025.00","15,735.00","0.03K","0.16%"
"26-04-2018","15,925.00","15,915.00","15,945.00","15,915.00","0.12K","0.38%"
"25-04-2018","15,865.00","15,980.00","15,980.00","15,735.00","0.07K","-1.00%"
"24-04-2018","16,025.00","16,025.00","16,025.00","16,025.00","0.03K","0.25%"
"23-04-2018","15,985.00","15,985.00","15,985.00","15,985.00","","-0.75%"
"20-04-2018","16,105.00","16,225.00","16,295.00","16,065.00","0.55K","-0.68%"
"19-04-2018","16,215.00","16,240.00","16,455.00","16,145.00","0.94K","0.81%"
"18-04-2018","16,085.00","15,990.00","16,185.00","15,990.00","0.30K","0.78%"
"17-04-2018","15,960.00","15,960.00","16,000.00","15,870.00","0.33K","0.31%"
"16-04-2018","15,910.00","15,800.00","15,965.00","15,800.00","0.24K","1.24%"
"13-04-2018","15,715.00","15,560.00","15,770.00","15,550.00","0.47K","0.45%"
"12-04-2018","15,645.00","15,570.00","15,720.00","15,530.00","0.49K","0.87%"
"11-04-2018","15,510.00","15,445.00","15,615.00","15,440.00","0.41K","0.00%"
"10-04-2018","15,510.00","15,415.00","15,725.00","15,305.00","1.44K","0.58%"
"09-04-2018","15,420.00","15,500.00","15,550.00","15,350.00","0.68K","-1.09%"
"06-04-2018","15,590.00","15,730.00","15,880.00","15,510.00","0.32K","-0.73%"
"05-04-2018","15,705.00","15,290.00","15,800.00","15,230.00","0.37K","3.36%"
"04-04-2018","15,195.00","15,210.00","15,230.00","15,155.00","0.20K","-1.11%"
"03-04-2018","15,365.00","15,400.00","15,400.00","15,310.00","0.04K","0.36%"
"02-04-2018","15,310.00","15,310.00","15,310.00","15,310.00","0.01K","-1.23%"
"28-03-2018","15,500.00","15,500.00","15,500.00","15,500.00","","0.68%"
"27-03-2018","15,395.00","15,395.00","15,395.00","15,395.00","0.07K","-0.45%"
"26-03-2018","15,465.00","15,465.00","15,465.00","15,465.00","0.01K","0.59%"
"23-03-2018","15,375.00","15,375.00","15,375.00","15,375.00","0.03K","0.46%"
"22-03-2018","15,305.00","15,255.00","15,390.00","15,255.00","0.01K","1.36%"
"21-03-2018","15,100.00","15,100.00","15,100.00","15,100.00","0.00K","3.14%"
"20-03-2018","14,640.00","14,700.00","14,725.00","14,525.00","0.41K","-0.20%"
"19-03-2018","14,670.00","15,260.00","15,260.00","14,650.00","0.33K","-1.97%"
"16-03-2018","14,965.00","15,015.00","15,015.00","14,925.00","0.12K","0.07%"
"15-03-2018","14,955.00","15,010.00","15,010.00","14,905.00","0.13K","-0.33%"
"14-03-2018","15,005.00","15,025.00","15,075.00","14,960.00","0.13K","-0.33%"
"13-03-2018","15,055.00","15,040.00","15,115.00","14,960.00","0.13K","0.40%"
"12-03-2018","14,995.00","15,080.00","15,105.00","14,915.00","0.38K","-1.87%"
"09-03-2018","15,280.00","15,050.00","15,280.00","15,030.00","0.36K","1.97%"
"08-03-2018","14,985.00","14,875.00","15,120.00","14,855.00","0.22K","0.37%"
"07-03-2018","14,930.00","14,980.00","15,030.00","14,800.00","0.14K","-0.80%"
"06-03-2018","15,050.00","14,780.00","15,125.00","14,780.00","0.13K","1.48%"
"05-03-2018","14,830.00","14,970.00","14,970.00","14,740.00","0.09K","-1.40%"
"01-03-2018","15,040.00","15,400.00","15,400.00","14,925.00","0.17K","-2.31%"
"28-02-2018","15,395.00","15,350.00","15,425.00","15,320.00","0.12K","-0.52%"
"27-02-2018","15,475.00","15,480.00","15,620.00","15,330.00","0.05K","0.29%"
"26-02-2018","15,430.00","15,510.00","15,525.00","15,325.00","0.05K","-2.50%"
"23-02-2018","15,825.00","15,945.00","15,945.00","15,775.00","0.11K","-0.97%"
"22-02-2018","15,980.00","16,200.00","16,200.00","15,875.00","0.05K","-0.06%"
"21-02-2018","15,990.00","15,990.00","15,990.00","15,990.00","0.00K","1.85%"
"20-02-2018","15,700.00","15,700.00","15,700.00","15,700.00","0.00K","-0.95%"
"19-02-2018","15,850.00","15,980.00","15,980.00","15,610.00","0.02K","-2.07%"
"16-02-2018","16,185.00","16,185.00","16,185.00","16,185.00","0.01K","-0.61%"
"15-02-2018","16,285.00","16,285.00","16,285.00","16,285.00","","-0.55%"
"14-02-2018","16,375.00","16,535.00","16,535.00","16,325.00","0.04K","-1.00%"
"12-02-2018","16,540.00","16,750.00","16,790.00","16,540.00","0.11K","-1.99%"
"09-02-2018","16,875.00","16,900.00","16,905.00","16,840.00","0.02K","-0.41%"
"08-02-2018","16,945.00","17,000.00","17,000.00","16,905.00","0.01K","-1.74%"
"07-02-2018","17,245.00","17,260.00","17,310.00","17,200.00","0.02K","0.15%"
"06-02-2018","17,220.00","17,115.00","17,250.00","17,115.00","0.01K","0.20%"
"05-02-2018","17,185.00","17,200.00","17,200.00","17,085.00","0.03K","0.76%"
"02-02-2018","17,055.00","17,010.00","17,100.00","17,010.00","0.01K","-0.09%"
"01-02-2018","17,070.00","17,070.00","17,070.00","17,070.00","0.00K","0.38%"
"31-01-2018","17,005.00","17,005.00","17,015.00","17,000.00","0.03K","0.18%"
"30-01-2018","16,975.00","17,020.00","17,020.00","16,900.00","0.01K","-0.53%"
"29-01-2018","17,065.00","17,055.00","17,070.00","17,055.00","0.01K","0.44%"
"25-01-2018","16,990.00","17,045.00","17,045.00","16,910.00","0.01K","0.80%"
"24-01-2018","16,855.00","16,900.00","16,950.00","16,655.00","0.03K","-0.09%"
"23-01-2018","16,870.00","16,995.00","16,995.00","16,755.00","0.02K","-0.91%"
"22-01-2018","17,025.00","17,025.00","17,025.00","17,025.00","","1.73%"
"19-01-2018","16,735.00","16,780.00","16,865.00","16,700.00","0.34K","-0.51%"
"18-01-2018","16,820.00","16,835.00","16,925.00","16,785.00","0.41K","-0.50%"
"17-01-2018","16,905.00","16,905.00","17,020.00","16,825.00","0.11K","0.00%"
"16-01-2018","16,905.00","17,100.00","17,100.00","16,830.00","0.22K","-1.11%"
"15-01-2018","17,095.00","16,950.00","17,255.00","16,950.00","0.79K","0.97%"
"12-01-2018","16,930.00","16,905.00","17,000.00","16,875.00","0.22K","-0.21%"
"11-01-2018","16,965.00","16,755.00","17,095.00","16,755.00","0.45K","1.04%"
"10-01-2018","16,790.00","17,260.00","17,260.00","16,730.00","1.30K","-2.69%"
"09-01-2018","17,255.00","17,320.00","17,350.00","17,200.00","0.15K","-0.06%"
"08-01-2018","17,265.00","17,145.00","17,320.00","17,100.00","0.14K","-0.12%"
"05-01-2018","17,285.00","17,255.00","17,340.00","17,200.00","0.08K","-0.09%"
"04-01-2018","17,300.00","17,615.00","17,780.00","17,250.00","0.38K","-2.45%"
"03-01-2018","17,735.00","17,700.00","17,770.00","17,700.00","0.02K","-0.08%"
"02-01-2018","17,750.00","17,760.00","17,760.00","17,690.00","0.04K","0.11%"
"01-01-2018","17,730.00","17,695.00","17,795.00","17,695.00","0.01K","-0.31%"
"29-12-2017","17,785.00","17,785.00","17,785.00","17,785.00","0.04K","0.82%"
"28-12-2017","17,640.00","17,600.00","17,700.00","17,590.00","0.06K","0.57%"
"27-12-2017","17,540.00","17,495.00","17,625.00","17,495.00","0.01K","-0.28%"
"26-12-2017","17,590.00","17,495.00","17,800.00","17,495.00","0.03K","0.00%"
"22-12-2017","17,590.00","17,425.00","17,670.00","17,425.00","0.07K","-0.51%"
"21-12-2017","17,680.00","17,680.00","17,680.00","17,680.00","","-0.87%"
"20-12-2017","17,835.00","17,790.00","17,865.00","17,700.00","0.93K","0.39%"
"19-12-2017","17,765.00","17,800.00","17,845.00","17,690.00","0.32K","-0.17%"
"18-12-2017","17,795.00","17,810.00","17,880.00","17,735.00","0.28K","-0.22%"
"15-12-2017","17,835.00","17,605.00","17,900.00","17,580.00","0.47K","0.91%"
"14-12-2017","17,675.00","17,850.00","17,900.00","17,565.00","0.45K","-1.23%"
"13-12-2017","17,895.00","17,800.00","17,900.00","17,795.00","0.65K","-0.17%"
"12-12-2017","17,925.00","17,845.00","17,980.00","17,825.00","0.83K","0.99%"
"11-12-2017","17,750.00","17,850.00","17,910.00","17,550.00","0.30K","-0.17%"
"08-12-2017","17,780.00","17,760.00","17,825.00","17,715.00","0.33K","-0.22%"
"07-12-2017","17,820.00","17,850.00","17,850.00","17,650.00","0.13K","-0.31%"
"06-12-2017","17,875.00","17,945.00","17,950.00","17,770.00","0.33K","0.22%"
"05-12-2017","17,835.00","18,000.00","18,000.00","17,800.00","0.69K","-0.20%"
"04-12-2017","17,870.00","17,700.00","17,900.00","17,700.00","0.47K","1.30%"
"01-12-2017","17,640.00","17,600.00","17,710.00","17,520.00","0.23K","-0.56%"
"30-11-2017","17,740.00","17,680.00","17,780.00","17,680.00","0.18K","0.60%"
"29-11-2017","17,635.00","17,695.00","17,700.00","17,550.00","0.38K","-0.14%"
"28-11-2017","17,660.00","17,620.00","17,725.00","17,600.00","0.42K","0.37%"
"27-11-2017","17,595.00","17,395.00","17,625.00","17,395.00","0.17K","0.80%"
"24-11-2017","17,455.00","17,850.00","17,850.00","17,390.00","0.25K","-1.61%"
"23-11-2017","17,740.00","17,650.00","17,790.00","17,615.00","0.39K","0.82%"
"22-11-2017","17,595.00","17,590.00","17,595.00","17,590.00","0.02K","0.69%"
"21-11-2017","17,475.00","17,400.00","17,545.00","17,400.00","0.02K","-12.23%"
"20-11-2017","19,910.00","19,790.00","20,010.00","19,790.00","0.54K","1.48%"
"17-11-2017","19,620.00","19,435.00","19,690.00","19,435.00","0.45K","1.19%"
"16-11-2017","19,390.00","19,350.00","19,450.00","19,335.00","0.17K","0.03%"
"15-11-2017","19,385.00","19,335.00","19,430.00","19,235.00","0.26K","0.08%"
"14-11-2017","19,370.00","19,150.00","19,445.00","19,135.00","0.65K","2.11%"
"13-11-2017","18,970.00","19,000.00","19,190.00","18,760.00","0.41K","0.69%"
"10-11-2017","18,840.00","18,865.00","18,900.00","18,780.00","0.27K","-0.29%"
"09-11-2017","18,895.00","18,980.00","18,980.00","18,830.00","0.08K","-0.45%"
"08-11-2017","18,980.00","18,930.00","19,045.00","18,930.00","0.05K","0.11%"
"07-11-2017","18,960.00","18,950.00","19,000.00","18,885.00","0.02K","-0.26%"
"06-11-2017","19,010.00","19,180.00","19,180.00","18,950.00","0.10K","-0.83%"
"03-11-2017","19,170.00","19,100.00","19,255.00","19,100.00","0.04K","0.31%"
"02-11-2017","19,110.00","19,120.00","19,120.00","19,100.00","0.01K","0.26%"
"01-11-2017","19,060.00","18,925.00","19,120.00","18,925.00","0.04K","0.66%"
"31-10-2017","18,935.00","18,800.00","19,000.00","18,800.00","0.04K","0.13%"
"30-10-2017","18,910.00","19,000.00","19,000.00","18,850.00","0.04K","-1.54%"
"27-10-2017","19,205.00","19,205.00","19,205.00","19,205.00","0.00K","-1.26%"
"26-10-2017","19,450.00","19,500.00","19,500.00","19,400.00","0.02K","0.67%"
"25-10-2017","19,320.00","19,000.00","19,345.00","18,995.00","0.18K","2.41%"
"24-10-2017","18,865.00","19,000.00","19,000.00","18,840.00","0.04K","-0.84%"
"23-10-2017","19,025.00","19,100.00","19,100.00","18,950.00","0.01K","-0.31%"
"19-10-2017","19,085.00","19,085.00","19,085.00","19,085.00","","0.74%"
"18-10-2017","18,945.00","18,945.00","18,945.00","18,945.00","","0.32%"
"17-10-2017","18,885.00","18,880.00","18,890.00","18,880.00","0.01K","-0.21%"
"16-10-2017","18,925.00","19,000.00","19,000.00","18,850.00","0.01K","0.00%"
"13-10-2017","18,925.00","19,050.00","19,060.00","18,870.00","0.70K","-0.84%"
"12-10-2017","19,085.00","19,070.00","19,150.00","19,025.00","0.46K","0.45%"
"11-10-2017","19,000.00","19,010.00","19,120.00","18,925.00","0.21K","0.29%"
"10-10-2017","18,945.00","18,800.00","19,015.00","18,800.00","0.22K","0.34%"
"09-10-2017","18,880.00","19,100.00","19,100.00","18,725.00","0.32K","-1.64%"
"06-10-2017","19,195.00","19,195.00","19,220.00","19,140.00","0.19K","-0.13%"
"05-10-2017","19,220.00","19,160.00","19,300.00","19,150.00","0.08K","0.16%"
"04-10-2017","19,190.00","19,240.00","19,280.00","19,115.00","0.03K","-1.34%"
"03-10-2017","19,450.00","19,375.00","19,500.00","19,375.00","0.11K","0.86%"
"29-09-2017","19,285.00","19,270.00","19,325.00","19,270.00","0.03K","1.37%"
"28-09-2017","19,025.00","18,825.00","19,100.00","18,825.00","0.07K","-0.50%"
"27-09-2017","19,120.00","19,145.00","19,215.00","18,995.00","0.02K","-0.21%"
"26-09-2017","19,160.00","19,200.00","19,200.00","19,105.00","0.04K","-0.05%"
"25-09-2017","19,170.00","19,400.00","19,400.00","19,050.00","0.01K","-1.36%"
"22-09-2017","19,435.00","19,570.00","19,575.00","19,235.00","0.10K","-0.05%"
"21-09-2017","19,445.00","19,410.00","19,645.00","19,410.00","0.02K","-1.42%"
"20-09-2017","19,725.00","19,755.00","19,810.00","19,670.00","0.53K","-0.23%"
"19-09-2017","19,770.00","19,590.00","19,890.00","19,580.00","0.67K","0.61%"
"18-09-2017","19,650.00","19,860.00","19,860.00","19,550.00","0.71K","-0.53%"
"15-09-2017","19,755.00","19,670.00","19,800.00","19,640.00","0.34K","0.23%"
"14-09-2017","19,710.00","19,440.00","19,750.00","19,400.00","0.96K","1.52%"
"13-09-2017","19,415.00","19,330.00","19,450.00","19,315.00","0.55K","1.01%"
"12-09-2017","19,220.00","19,200.00","19,300.00","19,150.00","0.84K","-0.23%"
"11-09-2017","19,265.00","19,540.00","19,545.00","19,175.00","0.38K","-0.80%"
"08-09-2017","19,420.00","19,385.00","19,555.00","19,320.00","0.30K","-0.33%"
"07-09-2017","19,485.00","19,500.00","19,500.00","19,445.00","0.03K","-0.28%"
"06-09-2017","19,540.00","19,435.00","19,560.00","19,435.00","0.15K","0.13%"
"05-09-2017","19,515.00","19,480.00","19,595.00","19,310.00","0.19K","0.31%"
"04-09-2017","19,455.00","19,455.00","19,500.00","19,415.00","0.08K","-0.89%"
"01-09-2017","19,630.00","19,800.00","19,855.00","19,315.00","0.11K","-2.34%"
"31-08-2017","20,100.00","20,100.00","20,100.00","20,100.00","","0.47%"
"30-08-2017","20,005.00","20,005.00","20,005.00","20,005.00","","0.23%"
"29-08-2017","19,960.00","19,960.00","19,960.00","19,960.00","","-0.18%"
"28-08-2017","19,995.00","19,995.00","19,995.00","19,995.00","","-0.62%"
"24-08-2017","20,120.00","20,020.00","20,250.00","20,020.00","0.01K","1.16%"
"23-08-2017","19,890.00","19,890.00","19,890.00","19,890.00","0.01K","-0.57%"
"22-08-2017","20,005.00","20,005.00","20,005.00","20,005.00","0.02K","-0.74%"
"21-08-2017","20,155.00","20,155.00","20,155.00","20,155.00","0.02K","1.77%"
"18-08-2017","19,805.00","19,735.00","19,975.00","19,700.00","0.94K","-0.48%"
"17-08-2017","19,900.00","19,915.00","19,990.00","19,665.00","0.53K","0.23%"
"16-08-2017","19,855.00","19,495.00","19,965.00","19,480.00","0.54K","1.61%"
"14-08-2017","19,540.00","19,600.00","19,600.00","19,490.00","0.11K","0.57%"
"11-08-2017","19,430.00","19,320.00","19,690.00","19,280.00","0.52K","-1.14%"
"10-08-2017","19,655.00","19,640.00","19,700.00","19,615.00","0.04K","0.08%"
"09-08-2017","19,640.00","19,640.00","19,640.00","19,640.00","0.01K","0.03%"
"08-08-2017","19,635.00","19,625.00","19,650.00","19,600.00","0.02K","-0.83%"
"07-08-2017","19,800.00","19,800.00","19,800.00","19,800.00","0.00K","0.25%"
"04-08-2017","19,750.00","19,750.00","19,750.00","19,750.00","0.00K","1.41%"
"03-08-2017","19,475.00","19,455.00","19,490.00","19,455.00","0.01K","0.44%"
"02-08-2017","19,390.00","19,390.00","19,390.00","19,390.00","","-1.10%"
"01-08-2017","19,605.00","19,605.00","19,605.00","19,605.00","","-0.53%"
"31-07-2017","19,710.00","19,710.00","19,710.00","19,710.00","","0.31%"
"28-07-2017","19,650.00","19,580.00","19,580.00","19,580.00","0.00K","1.52%"
"27-07-2017","19,355.00","19,580.00","19,580.00","19,580.00","0.00K","-2.00%"
"26-07-2017","19,750.00","19,750.00","19,750.00","19,750.00","","1.86%"
"25-07-2017","19,390.00","19,390.00","19,390.00","19,390.00","","-0.31%"
"24-07-2017","19,450.00","19,450.00","19,450.00","19,450.00","","-2.41%"
"21-07-2017","19,930.00","19,930.00","19,930.00","19,930.00","","0.89%"
"20-07-2017","19,755.00","19,780.00","19,890.00","19,700.00","1.32K","-0.68%"
"19-07-2017","19,890.00","19,760.00","19,985.00","19,760.00","0.47K","0.00%"
"18-07-2017","19,890.00","19,850.00","19,960.00","19,770.00","0.83K","-0.33%"
"17-07-2017","19,955.00","19,935.00","20,205.00","19,710.00","0.96K","-0.75%"
"14-07-2017","20,105.00","19,850.00","20,160.00","19,775.00","1.81K","0.90%"
"13-07-2017","19,925.00","19,150.00","19,975.00","19,150.00","1.85K","3.72%"
"12-07-2017","19,210.00","18,695.00","19,255.00","18,695.00","0.46K","3.25%"
"11-07-2017","18,605.00","18,760.00","18,760.00","18,500.00","0.26K","-0.85%"
"10-07-2017","18,765.00","18,755.00","18,815.00","18,705.00","0.10K","1.19%"
"07-07-2017","18,545.00","18,530.00","18,625.00","18,505.00","0.04K","-0.19%"
"06-07-2017","18,580.00","18,520.00","18,690.00","18,450.00","0.15K","0.60%"
"05-07-2017","18,470.00","18,375.00","18,515.00","18,375.00","0.16K","-1.49%"
"04-07-2017","18,750.00","18,750.00","18,750.00","18,750.00","0.02K","-1.99%"
"03-07-2017","19,130.00","19,210.00","19,210.00","19,050.00","0.04K","-0.47%"
"30-06-2017","19,220.00","19,195.00","19,250.00","19,195.00","0.13K","0.23%"
"29-06-2017","19,175.00","19,175.00","19,175.00","19,175.00","","-0.21%"
"28-06-2017","19,215.00","19,215.00","19,215.00","19,215.00","0.02K","1.40%"
"27-06-2017","18,950.00","18,850.00","19,045.00","18,850.00","0.01K","1.34%"
"23-06-2017","18,700.00","18,700.00","18,700.00","18,700.00","0.00K","1.22%"
"22-06-2017","18,475.00","18,475.00","18,475.00","18,475.00","","-2.15%"
"21-06-2017","18,880.00","18,880.00","18,880.00","18,880.00","","0.37%"
"20-06-2017","18,810.00","19,085.00","19,150.00","18,750.00","0.85K","-1.57%"
"19-06-2017","19,110.00","18,900.00","19,310.00","18,900.00","0.82K","0.50%"
"16-06-2017","19,015.00","18,840.00","19,140.00","18,760.00","0.60K","1.20%"
"15-06-2017","18,790.00","18,620.00","19,110.00","18,620.00","0.71K","0.51%"
"14-06-2017","18,695.00","18,450.00","18,720.00","18,450.00","0.56K","1.85%"
"13-06-2017","18,355.00","18,350.00","18,455.00","18,255.00","0.17K","0.11%"
"12-06-2017","18,335.00","18,390.00","18,565.00","18,300.00","0.49K","-0.41%"
"09-06-2017","18,410.00","18,455.00","18,525.00","18,325.00","0.32K","-0.35%"
"08-06-2017","18,475.00","18,280.00","18,525.00","18,280.00","0.35K","1.71%"
"07-06-2017","18,165.00","18,235.00","18,300.00","18,045.00","0.23K","-1.30%"
"06-06-2017","18,405.00","18,290.00","18,595.00","18,155.00","0.30K","0.60%"
"05-06-2017","18,295.00","17,770.00","18,380.00","17,770.00","0.72K","2.87%"
"02-06-2017","17,785.00","17,870.00","17,875.00","17,640.00","0.25K","-0.84%"
"01-06-2017","17,935.00","17,950.00","17,995.00","17,845.00","0.08K","1.30%"
"31-05-2017","17,705.00","17,845.00","17,845.00","17,555.00","0.15K","-0.06%"
"30-05-2017","17,715.00","17,640.00","17,925.00","17,575.00","0.09K","0.40%"
"29-05-2017","17,645.00","17,665.00","18,070.00","17,575.00","0.12K","-1.59%"
"26-05-2017","17,930.00","17,755.00","18,145.00","17,755.00","0.07K","0.17%"
"25-05-2017","17,900.00","17,900.00","18,000.00","17,870.00","0.04K","-0.44%"
"24-05-2017","17,980.00","17,980.00","17,980.00","17,980.00","0.00K","-1.99%"
"23-05-2017","18,345.00","18,345.00","18,345.00","18,345.00","","-0.57%"
"22-05-2017","18,450.00","18,450.00","18,450.00","18,450.00","","0.19%"
"19-05-2017","18,415.00","18,175.00","18,505.00","18,175.00","0.81K","1.85%"
"18-05-2017","18,080.00","18,020.00","18,215.00","17,830.00","0.88K","-0.11%"
"17-05-2017","18,100.00","18,295.00","18,435.00","18,065.00","0.62K","-1.09%"
"16-05-2017","18,300.00","18,100.00","18,350.00","17,965.00","0.59K","0.97%"
"15-05-2017","18,125.00","18,495.00","18,495.00","18,070.00","0.53K","-3.15%"
"12-05-2017","18,715.00","18,800.00","18,840.00","18,630.00","0.22K","-0.16%"
"11-05-2017","18,745.00","18,660.00","18,870.00","18,635.00","0.35K","0.89%"
"10-05-2017","18,580.00","18,680.00","18,705.00","18,520.00","0.41K","-0.59%"
"09-05-2017","18,690.00","18,490.00","18,820.00","18,395.00","0.42K","0.89%"
"08-05-2017","18,525.00","18,745.00","18,880.00","18,500.00","0.30K","-0.56%"
"05-05-2017","18,630.00","18,365.00","18,785.00","18,165.00","0.41K","0.51%"
"04-05-2017","18,535.00","18,680.00","18,725.00","18,380.00","0.15K","-1.67%"
"03-05-2017","18,850.00","19,245.00","19,245.00","18,850.00","0.26K","-4.00%"
"02-05-2017","19,635.00","20,000.00","20,000.00","19,210.00","0.09K","-1.08%"
"28-04-2017","19,850.00","19,520.00","19,850.00","19,520.00","0.14K","1.98%"
"27-04-2017","19,465.00","19,590.00","19,590.00","19,410.00","0.03K","-0.94%"
"26-04-2017","19,650.00","19,640.00","19,700.00","19,575.00","0.11K","1.08%"
"25-04-2017","19,440.00","19,325.00","19,495.00","19,325.00","0.05K","0.99%"
"24-04-2017","19,250.00","19,545.00","19,545.00","19,145.00","0.15K","-1.46%"
"21-04-2017","19,535.00","19,615.00","19,635.00","19,440.00","0.04K","0.00%"
"20-04-2017","19,535.00","19,590.00","19,740.00","19,425.00","1.91K","-0.15%"
"19-04-2017","19,565.00","19,800.00","19,865.00","19,545.00","1.33K","-0.38%"
"18-04-2017","19,640.00","19,530.00","19,705.00","19,450.00","0.81K","0.10%"
"17-04-2017","19,620.00","19,555.00","19,875.00","19,510.00","1.69K","2.32%"
"13-04-2017","19,175.00","19,265.00","19,445.00","19,100.00","0.71K","-1.39%"
"12-04-2017","19,445.00","19,600.00","19,660.00","19,190.00","1.30K","-1.14%"
"11-04-2017","19,670.00","19,600.00","19,935.00","19,550.00","0.81K","1.71%"
"10-04-2017","19,340.00","19,355.00","19,480.00","19,210.00","0.44K","0.21%"
"07-04-2017","19,300.00","19,760.00","19,760.00","19,035.00","1.01K","-1.40%"
"06-04-2017","19,575.00","19,100.00","19,690.00","19,025.00","0.49K","2.73%"
"05-04-2017","19,055.00","19,280.00","19,495.00","18,915.00","0.84K","-0.31%"
"04-04-2017","19,115.00","19,115.00","19,115.00","19,115.00","","0.00%"
"03-04-2017","19,115.00","18,745.00","19,115.00","18,745.00","0.29K","4.00%"
"31-03-2017","18,380.00","18,515.00","18,640.00","18,255.00","0.19K","-0.11%"
"30-03-2017","18,400.00","18,695.00","18,780.00","18,400.00","0.18K","-2.00%"
"29-03-2017","18,775.00","18,750.00","18,840.00","18,630.00","0.35K","-0.11%"
"28-03-2017","18,795.00","18,450.00","18,945.00","18,400.00","0.52K","1.84%"
"27-03-2017","18,455.00","18,600.00","18,600.00","18,250.00","0.08K","-1.13%"
"24-03-2017","18,665.00","18,675.00","18,900.00","18,310.00","0.09K","1.94%"
"23-03-2017","18,310.00","18,310.00","18,310.00","18,310.00","","3.98%"
"22-03-2017","17,610.00","17,475.00","17,670.00","17,455.00","0.13K","0.31%"
"21-03-2017","17,555.00","17,650.00","17,670.00","17,375.00","0.02K","0.75%"
"20-03-2017","17,425.00","17,320.00","17,570.00","17,300.00","1.70K","2.11%"
"17-03-2017","17,065.00","17,080.00","17,140.00","16,940.00","0.55K","-0.58%"
"16-03-2017","17,165.00","17,075.00","17,275.00","17,040.00","0.53K","0.62%"
"15-03-2017","17,060.00","16,990.00","17,155.00","16,980.00","0.38K","0.65%"
"14-03-2017","16,950.00","16,980.00","17,150.00","16,905.00","0.35K","-1.42%"
"10-03-2017","17,195.00","17,470.00","17,500.00","17,150.00","0.80K","-1.12%"
"09-03-2017","17,390.00","17,225.00","17,595.00","17,225.00","1.01K","1.67%"
"08-03-2017","17,105.00","17,105.00","17,190.00","17,000.00","0.27K","-0.03%"
"07-03-2017","17,110.00","16,900.00","17,230.00","16,745.00","0.95K","1.27%"
"06-03-2017","16,895.00","16,770.00","16,995.00","16,715.00","0.50K","-1.14%"
"03-03-2017","17,090.00","17,035.00","17,175.00","16,920.00","0.53K","-0.26%"
"02-03-2017","17,135.00","16,800.00","17,210.00","16,785.00","0.47K","1.51%"
"01-03-2017","16,880.00","16,850.00","17,005.00","16,790.00","0.29K","-0.03%"
"28-02-2017","16,885.00","16,605.00","16,895.00","16,600.00","0.39K","1.29%"
"27-02-2017","16,670.00","16,920.00","16,920.00","16,605.00","0.28K","-3.45%"
"24-02-2017","17,265.00","17,265.00","17,265.00","17,265.00","","0.00%"
"23-02-2017","17,265.00","17,260.00","17,295.00","17,150.00","0.24K","-0.75%"
"22-02-2017","17,395.00","17,350.00","17,495.00","17,285.00","0.14K","1.13%"
"21-02-2017","17,200.00","16,965.00","17,280.00","16,895.00","0.35K","0.88%"
"20-02-2017","17,050.00","17,130.00","17,145.00","16,945.00","0.21K","-0.79%"
"17-02-2017","17,185.00","17,120.00","17,290.00","17,120.00","0.13K","0.61%"
"16-02-2017","17,080.00","17,215.00","17,215.00","16,990.00","0.06K","-0.12%"
"15-02-2017","17,100.00","16,995.00","17,165.00","16,995.00","0.10K","1.09%"
"14-02-2017","16,915.00","16,850.00","16,985.00","16,850.00","0.03K","0.15%"
"13-02-2017","16,890.00","17,000.00","17,000.00","16,835.00","0.06K","-1.17%"
"10-02-2017","17,090.00","17,100.00","17,155.00","17,005.00","0.11K","-0.87%"
"09-02-2017","17,240.00","17,230.00","17,270.00","17,200.00","0.05K","-0.38%"
"08-02-2017","17,305.00","17,310.00","17,350.00","17,265.00","0.07K","0.46%"
"07-02-2017","17,225.00","17,180.00","17,290.00","17,180.00","0.05K","-0.66%"
"06-02-2017","17,340.00","17,325.00","17,410.00","17,275.00","0.12K","-1.56%"
"03-02-2017","17,615.00","17,625.00","17,625.00","17,600.00","0.01K","-0.23%"
"02-02-2017","17,655.00","17,655.00","17,770.00","17,510.00","0.05K","-0.51%"
"01-02-2017","17,745.00","17,655.00","17,820.00","17,655.00","0.02K","0.62%"
"31-01-2017","17,635.00","17,550.00","17,750.00","17,550.00","0.04K","0.66%"
"30-01-2017","17,520.00","17,560.00","17,615.00","17,435.00","0.15K","-1.52%"
"27-01-2017","17,790.00","18,145.00","18,200.00","17,790.00","0.13K","-1.98%"
"25-01-2017","18,150.00","17,765.00","18,290.00","17,760.00","0.09K","0.50%"
"24-01-2017","18,060.00","18,070.00","18,095.00","18,025.00","0.04K","-0.47%"
"23-01-2017","18,145.00","17,890.00","18,175.00","17,875.00","0.11K","2.49%"
"20-01-2017","17,705.00","17,510.00","17,750.00","17,500.00","0.84K","1.99%"
"19-01-2017","17,360.00","17,340.00","17,470.00","17,250.00","0.37K","-0.29%"
"18-01-2017","17,410.00","17,480.00","17,550.00","17,350.00","0.34K","-0.43%"
"17-01-2017","17,485.00","17,445.00","17,620.00","17,300.00","0.42K","0.29%"
"16-01-2017","17,435.00","17,320.00","17,490.00","17,290.00","0.29K","1.01%"
"13-01-2017","17,260.00","17,110.00","17,315.00","17,110.00","0.40K","1.35%"
"12-01-2017","17,030.00","16,875.00","17,100.00","16,810.00","0.40K","0.83%"
"11-01-2017","16,890.00","16,770.00","16,900.00","16,635.00","0.36K","1.11%"
"10-01-2017","16,705.00","17,035.00","17,100.00","16,630.00","0.30K","-1.50%"
"09-01-2017","16,960.00","16,810.00","17,160.00","16,805.00","0.25K","0.59%"
"06-01-2017","16,860.00","16,625.00","16,980.00","16,520.00","0.17K","0.84%"
"05-01-2017","16,720.00","16,680.00","16,800.00","16,665.00","0.20K","0.51%"
"04-01-2017","16,635.00","16,660.00","16,675.00","16,590.00","0.19K","-1.04%"
"03-01-2017","16,810.00","16,825.00","16,895.00","16,690.00","0.25K","1.17%"
"02-01-2017","16,615.00","16,400.00","16,650.00","16,400.00","0.29K","1.96%"