"Date","Price","Open","High","Low","Vol.","Change %"
"30-04-2026","20,445.00","20,755.00","20,755.00","20,400.00","1.48K","-1.14%"
"29-04-2026","20,680.00","20,370.00","20,850.00","20,240.00","1.86K","1.77%"
"28-04-2026","20,320.00","20,050.00","20,370.00","20,010.00","1.49K","1.14%"
"27-04-2026","20,090.00","20,860.00","20,925.00","19,965.00","4.86K","-3.69%"
"24-04-2026","20,860.00","21,235.00","21,245.00","20,800.00","1.58K","-1.46%"
"23-04-2026","21,170.00","21,100.00","21,250.00","20,970.00","1.63K","0.02%"
"22-04-2026","21,165.00","21,510.00","21,650.00","21,075.00","1.88K","-1.97%"
"21-04-2026","21,590.00","21,680.00","21,840.00","21,450.00","1.73K","-0.07%"
"20-04-2026","21,605.00","21,600.00","21,610.00","21,600.00","0.38K","-0.53%"
"17-04-2026","21,720.00","21,545.00","22,130.00","21,500.00","0.04K","2.02%"
"16-04-2026","21,290.00","21,310.00","21,600.00","21,260.00","2.03K","-1.23%"
"15-04-2026","21,555.00","21,680.00","21,815.00","21,500.00","1.85K","-0.05%"
"13-04-2026","21,565.00","21,705.00","21,745.00","21,400.00","2.04K","-0.76%"
"10-04-2026","21,730.00","21,980.00","22,040.00","21,525.00","1.31K","-1.67%"
"09-04-2026","22,100.00","22,370.00","22,370.00","22,000.00","1.32K","-1.34%"
"08-04-2026","22,400.00","22,590.00","22,870.00","22,285.00","2.34K","0.52%"
"07-04-2026","22,285.00","22,355.00","22,425.00","22,235.00","0.93K","-0.80%"
"06-04-2026","22,465.00","22,110.00","22,590.00","22,110.00","2.18K","0.63%"
"02-04-2026","22,325.00","22,010.00","22,500.00","22,000.00","2.13K","1.18%"
"01-04-2026","22,065.00","22,200.00","22,380.00","22,010.00","1.01K","0.23%"
"30-03-2026","22,015.00","21,900.00","22,100.00","21,730.00","1.54K","0.50%"
"27-03-2026","21,905.00","22,085.00","22,085.00","21,820.00","1.24K","-0.86%"
"25-03-2026","22,095.00","22,050.00","22,195.00","22,000.00","0.99K","0.68%"
"24-03-2026","21,945.00","21,860.00","22,100.00","21,720.00","1.09K","0.76%"
"23-03-2026","21,780.00","22,050.00","22,050.00","21,415.00","2.05K","-1.04%"
"20-03-2026","22,010.00","22,080.00","22,080.00","21,950.00","0.78K","-0.02%"
"19-03-2026","22,015.00","22,100.00","22,100.00","21,900.00","0.05K","-0.41%"
"18-03-2026","22,105.00","21,780.00","22,460.00","21,780.00","1.87K","2.34%"
"17-03-2026","21,600.00","21,535.00","21,725.00","21,035.00","1.48K","0.28%"
"16-03-2026","21,540.00","21,700.00","21,885.00","21,500.00","0.41K","-1.55%"
"13-03-2026","21,880.00","21,910.00","22,100.00","21,840.00","1.20K","-0.82%"
"12-03-2026","22,060.00","22,070.00","22,150.00","21,945.00","0.47K","-0.59%"
"11-03-2026","22,190.00","22,640.00","22,640.00","22,020.00","0.83K","-0.52%"
"10-03-2026","22,305.00","21,990.00","22,350.00","21,840.00","1.23K","2.15%"
"09-03-2026","21,835.00","21,335.00","21,965.00","21,310.00","1.08K","0.83%"
"06-03-2026","21,655.00","21,990.00","22,150.00","21,600.00","0.96K","-1.46%"
"05-03-2026","21,975.00","21,700.00","22,100.00","21,440.00","1.95K","2.33%"
"04-03-2026","21,475.00","21,060.00","21,550.00","20,800.00","0.74K","-0.32%"
"02-03-2026","21,545.00","22,090.00","22,090.00","21,315.00","1.50K","-2.78%"
"27-02-2026","22,160.00","21,970.00","22,250.00","21,865.00","0.76K","0.48%"
"26-02-2026","22,055.00","22,450.00","22,490.00","22,010.00","0.99K","-1.96%"
"25-02-2026","22,495.00","22,500.00","22,780.00","22,410.00","0.84K","-0.97%"
"24-02-2026","22,715.00","22,850.00","22,960.00","22,420.00","1.45K","-0.02%"
"23-02-2026","22,720.00","23,050.00","23,050.00","22,525.00","0.70K","-1.47%"
"20-02-2026","23,060.00","22,880.00","23,180.00","22,800.00","0.75K","0.81%"
"19-02-2026","22,875.00","23,000.00","23,080.00","22,660.00","1.16K","-0.09%"
"18-02-2026","22,895.00","22,600.00","23,135.00","22,500.00","1.97K","2.46%"
"17-02-2026","22,345.00","22,160.00","22,490.00","21,825.00","1.19K","0.40%"
"16-02-2026","22,255.00","22,720.00","22,780.00","22,135.00","2.04K","-2.58%"
"13-02-2026","22,845.00","23,040.00","23,180.00","22,730.00","1.00K","-0.48%"
"12-02-2026","22,955.00","22,970.00","23,095.00","22,660.00","1.77K","-0.17%"
"11-02-2026","22,995.00","23,400.00","23,450.00","22,900.00","2.07K","-2.25%"
"10-02-2026","23,525.00","23,460.00","23,690.00","23,295.00","0.97K","0.02%"
"09-02-2026","23,520.00","23,700.00","23,730.00","23,160.00","1.36K","-0.82%"
"06-02-2026","23,715.00","23,850.00","24,100.00","23,635.00","1.40K","-0.40%"
"05-02-2026","23,810.00","23,710.00","23,875.00","23,540.00","1.25K","0.29%"
"04-02-2026","23,740.00","23,930.00","23,950.00","23,610.00","0.76K","-0.67%"
"03-02-2026","23,900.00","23,970.00","24,180.00","23,755.00","0.90K","0.13%"
"02-02-2026","23,870.00","23,500.00","23,940.00","23,450.00","0.88K","1.68%"
"01-02-2026","23,475.00","23,480.00","23,690.00","23,385.00","0.47K","-0.40%"
"30-01-2026","23,570.00","24,350.00","24,470.00","23,355.00","2.22K","-2.90%"
"29-01-2026","24,275.00","23,810.00","24,675.00","23,705.00","1.88K","1.72%"
"28-01-2026","23,865.00","23,850.00","24,190.00","23,790.00","1.00K","-0.65%"
"27-01-2026","24,020.00","24,400.00","24,520.00","23,725.00","1.87K","-0.97%"
"23-01-2026","24,255.00","24,800.00","25,120.00","24,155.00","3.08K","-2.24%"
"22-01-2026","24,810.00","24,870.00","25,130.00","24,100.00","2.90K","-0.24%"
"21-01-2026","24,870.00","24,370.00","24,975.00","24,055.00","2.57K","8.94%"
"20-01-2026","22,830.00","22,700.00","23,000.00","22,700.00","0.06K","-1.32%"
"19-01-2026","23,135.00","23,195.00","23,650.00","22,850.00","0.49K","3.65%"
"16-01-2026","22,320.00","22,385.00","22,490.00","22,150.00","1.56K","-0.38%"
"14-01-2026","22,405.00","22,550.00","22,650.00","22,275.00","0.89K","0.43%"
"13-01-2026","22,310.00","22,275.00","22,900.00","22,260.00","0.76K","-0.95%"
"12-01-2026","22,525.00","22,100.00","22,790.00","22,000.00","1.09K","3.85%"
"09-01-2026","21,690.00","21,370.00","21,850.00","21,115.00","0.91K","0.70%"
"08-01-2026","21,540.00","21,525.00","21,900.00","21,405.00","1.19K","-1.03%"
"07-01-2026","21,765.00","21,905.00","22,165.00","21,720.00","0.99K","-1.36%"
"06-01-2026","22,065.00","22,605.00","22,720.00","22,000.00","0.94K","-2.39%"
"05-01-2026","22,605.00","22,930.00","23,075.00","22,340.00","0.89K","-0.55%"
"02-01-2026","22,730.00","22,590.00","22,990.00","22,455.00","1.64K","1.45%"
"01-01-2026","22,405.00","22,400.00","22,630.00","22,280.00","1.08K","0.31%"
"31-12-2025","22,335.00","22,595.00","22,800.00","22,225.00","1.24K","-0.22%"
"30-12-2025","22,385.00","22,255.00","22,480.00","21,930.00","1.29K","0.79%"
"29-12-2025","22,210.00","22,500.00","23,300.00","22,145.00","1.67K","-0.87%"
"26-12-2025","22,405.00","21,550.00","22,550.00","21,200.00","2.95K","2.40%"
"24-12-2025","21,880.00","21,480.00","22,000.00","21,480.00","0.65K","0.27%"
"23-12-2025","21,820.00","21,940.00","22,275.00","21,700.00","1.02K","-1.16%"
"22-12-2025","22,075.00","21,190.00","22,200.00","21,100.00","2.11K","4.32%"
"19-12-2025","21,160.00","21,000.00","21,275.00","20,900.00","0.39K","-0.59%"
"18-12-2025","21,285.00","21,500.00","21,500.00","21,050.00","0.12K","0.97%"
"17-12-2025","21,080.00","20,990.00","21,800.00","20,840.00","0.66K","0.55%"
"16-12-2025","20,965.00","20,665.00","21,175.00","20,605.00","1.05K","1.18%"
"15-12-2025","20,720.00","20,825.00","21,000.00","20,665.00","0.56K","-0.98%"
"12-12-2025","20,925.00","20,815.00","20,960.00","20,815.00","0.33K","0.00%"
"11-12-2025","20,925.00","21,365.00","21,365.00","20,875.00","0.79K","-1.37%"
"10-12-2025","21,215.00","21,075.00","21,350.00","20,825.00","0.63K","1.78%"
"09-12-2025","20,845.00","20,870.00","20,935.00","20,605.00","0.50K","0.17%"
"08-12-2025","20,810.00","21,375.00","21,375.00","20,750.00","0.99K","-3.10%"
"05-12-2025","21,475.00","21,570.00","21,570.00","21,440.00","0.32K","-0.49%"
"04-12-2025","21,580.00","21,705.00","21,740.00","21,400.00","0.55K","-0.09%"
"03-12-2025","21,600.00","21,745.00","21,850.00","21,540.00","0.61K","-0.89%"
"02-12-2025","21,795.00","21,610.00","21,940.00","21,505.00","0.55K","0.39%"
"01-12-2025","21,710.00","22,470.00","22,470.00","21,645.00","1.22K","-2.23%"
"28-11-2025","22,205.00","21,975.00","22,290.00","21,910.00","0.68K","0.38%"
"27-11-2025","22,120.00","21,620.00","22,350.00","21,490.00","1.68K","2.79%"
"26-11-2025","21,520.00","21,220.00","21,740.00","21,220.00","0.66K","0.77%"
"25-11-2025","21,355.00","21,650.00","21,755.00","21,300.00","0.75K","-1.79%"
"24-11-2025","21,745.00","21,740.00","21,845.00","21,510.00","0.50K","0.16%"
"21-11-2025","21,710.00","21,475.00","21,845.00","21,415.00","0.67K","3.04%"
"20-11-2025","21,070.00","21,070.00","21,070.00","21,070.00","","0.33%"
"19-11-2025","21,000.00","21,000.00","21,000.00","21,000.00","0.03K","0.17%"
"18-11-2025","20,965.00","21,195.00","21,525.00","20,525.00","0.21K","-0.33%"
"17-11-2025","21,035.00","20,375.00","21,280.00","20,300.00","0.90K","4.11%"
"14-11-2025","20,205.00","20,150.00","20,340.00","20,150.00","0.62K","0.22%"
"13-11-2025","20,160.00","20,150.00","20,190.00","20,035.00","0.26K","0.05%"
"12-11-2025","20,150.00","19,920.00","20,225.00","19,920.00","0.95K","1.33%"
"11-11-2025","19,885.00","19,805.00","20,000.00","19,805.00","0.41K","0.66%"
"10-11-2025","19,755.00","19,880.00","19,890.00","19,705.00","0.83K","-0.75%"
"07-11-2025","19,905.00","20,100.00","20,130.00","19,900.00","0.62K","-1.14%"
"06-11-2025","20,135.00","20,110.00","20,330.00","20,110.00","0.57K","-0.25%"
"04-11-2025","20,185.00","20,410.00","20,480.00","20,070.00","0.54K","-0.76%"
"03-11-2025","20,340.00","20,280.00","20,600.00","20,150.00","0.57K","0.82%"
"31-10-2025","20,175.00","20,210.00","20,290.00","20,000.00","0.36K","0.37%"
"30-10-2025","20,100.00","19,930.00","20,200.00","19,850.00","0.66K","0.85%"
"29-10-2025","19,930.00","20,330.00","20,335.00","19,860.00","0.77K","-1.73%"
"28-10-2025","20,280.00","20,600.00","20,600.00","20,020.00","1.52K","0.45%"
"27-10-2025","20,190.00","19,630.00","20,295.00","19,630.00","1.29K","3.46%"
"24-10-2025","19,515.00","19,420.00","19,620.00","19,420.00","0.22K","0.10%"
"23-10-2025","19,495.00","19,400.00","19,870.00","19,360.00","1.32K","0.72%"
"21-10-2025","19,355.00","19,350.00","19,395.00","19,300.00","0.26K","3.12%"
"17-10-2025","18,770.00","18,770.00","18,770.00","18,770.00","0.02K","0.00%"
"16-10-2025","18,770.00","18,700.00","19,200.00","18,700.00","0.07K","0.83%"
"15-10-2025","18,615.00","18,810.00","18,845.00","18,465.00","1.43K","-1.04%"
"14-10-2025","18,810.00","18,760.00","19,000.00","18,675.00","0.69K","0.00%"
"13-10-2025","18,810.00","18,790.00","18,860.00","18,715.00","0.70K","-0.42%"
"10-10-2025","18,890.00","19,000.00","19,010.00","18,850.00","0.77K","-0.68%"
"09-10-2025","19,020.00","19,045.00","19,045.00","18,890.00","0.49K","-0.31%"
"08-10-2025","19,080.00","18,970.00","19,200.00","18,925.00","0.62K","0.69%"
"07-10-2025","18,950.00","19,000.00","19,080.00","18,910.00","0.59K","0.03%"
"06-10-2025","18,945.00","18,830.00","19,000.00","18,560.00","0.45K","0.03%"
"03-10-2025","18,940.00","18,955.00","19,010.00","18,885.00","0.18K","-0.03%"
"01-10-2025","18,945.00","18,800.00","19,075.00","18,800.00","0.40K","0.53%"
"30-09-2025","18,845.00","19,025.00","19,025.00","18,760.00","0.68K","-0.87%"
"29-09-2025","19,010.00","19,100.00","19,100.00","18,935.00","0.42K","-0.52%"
"26-09-2025","19,110.00","19,305.00","19,350.00","19,070.00","0.74K","-1.24%"
"25-09-2025","19,350.00","19,400.00","19,400.00","19,310.00","0.20K","-0.31%"
"24-09-2025","19,410.00","19,475.00","19,515.00","19,315.00","0.21K","0.00%"
"23-09-2025","19,410.00","19,530.00","19,550.00","19,350.00","0.43K","-0.61%"
"22-09-2025","19,530.00","19,550.00","19,660.00","19,500.00","0.66K","0.44%"
"19-09-2025","19,445.00","19,445.00","19,445.00","19,445.00","0.01K","0.59%"
"18-09-2025","19,330.00","19,250.00","19,505.00","19,185.00","0.43K","0.78%"
"17-09-2025","19,180.00","19,200.00","19,300.00","18,905.00","1.43K","-0.21%"
"16-09-2025","19,220.00","19,200.00","19,300.00","19,075.00","1.41K","-0.03%"
"15-09-2025","19,225.00","19,040.00","19,300.00","19,040.00","0.68K","0.47%"
"12-09-2025","19,135.00","19,030.00","19,200.00","18,915.00","0.71K","0.45%"
"11-09-2025","19,050.00","19,160.00","19,160.00","18,930.00","0.80K","-0.88%"
"10-09-2025","19,220.00","19,330.00","19,350.00","19,205.00","0.87K","-0.85%"
"09-09-2025","19,385.00","19,300.00","19,475.00","19,270.00","1.16K","0.34%"
"08-09-2025","19,320.00","19,390.00","19,580.00","19,215.00","0.56K","-0.36%"
"05-09-2025","19,390.00","19,410.00","19,530.00","19,250.00","0.32K","-0.33%"
"04-09-2025","19,455.00","19,265.00","19,500.00","19,215.00","0.60K","1.17%"
"03-09-2025","19,230.00","19,200.00","19,260.00","19,190.00","0.26K","-0.05%"
"02-09-2025","19,240.00","19,100.00","19,285.00","19,100.00","0.40K","-0.21%"
"01-09-2025","19,280.00","19,480.00","19,480.00","19,240.00","0.95K","0.16%"
"29-08-2025","19,250.00","19,260.00","19,335.00","19,220.00","0.22K","-0.36%"
"28-08-2025","19,320.00","19,460.00","19,490.00","19,210.00","0.62K","-0.74%"
"26-08-2025","19,465.00","19,630.00","19,750.00","19,450.00","0.41K","-1.12%"
"25-08-2025","19,685.00","19,640.00","19,915.00","19,530.00","0.96K","-0.10%"
"22-08-2025","19,705.00","19,420.00","19,850.00","19,370.00","1.18K","1.47%"
"21-08-2025","19,420.00","19,340.00","19,525.00","19,320.00","0.34K","-0.69%"
"20-08-2025","19,555.00","19,555.00","19,555.00","19,555.00","","1.53%"
"19-08-2025","19,260.00","19,255.00","19,260.00","19,255.00","0.06K","0.94%"
"18-08-2025","19,080.00","18,895.00","19,490.00","18,835.00","1.18K","1.09%"
"14-08-2025","18,875.00","18,880.00","18,960.00","18,835.00","1.27K","-0.66%"
"13-08-2025","19,000.00","18,860.00","19,020.00","18,860.00","0.71K","0.32%"
"12-08-2025","18,940.00","18,945.00","19,035.00","18,905.00","0.80K","0.03%"
"11-08-2025","18,935.00","18,900.00","18,970.00","18,800.00","0.74K","0.50%"
"08-08-2025","18,840.00","18,410.00","18,965.00","18,410.00","1.87K","-0.40%"
"07-08-2025","18,915.00","18,880.00","19,000.00","18,870.00","0.65K","0.03%"
"06-08-2025","18,910.00","19,180.00","19,200.00","18,850.00","0.76K","-1.56%"
"05-08-2025","19,210.00","19,125.00","19,230.00","19,125.00","0.45K","0.18%"
"04-08-2025","19,175.00","19,150.00","19,320.00","19,140.00","1.01K","0.34%"
"01-08-2025","19,110.00","18,900.00","19,180.00","18,865.00","0.90K","0.63%"
"31-07-2025","18,990.00","19,090.00","19,200.00","18,835.00","0.84K","0.00%"
"30-07-2025","18,990.00","18,805.00","19,060.00","18,805.00","0.42K","0.96%"
"29-07-2025","18,810.00","18,640.00","18,890.00","18,640.00","0.62K","0.75%"
"28-07-2025","18,670.00","18,630.00","18,770.00","18,520.00","0.67K","-0.64%"
"25-07-2025","18,790.00","19,070.00","19,185.00","18,725.00","1.16K","-1.93%"
"24-07-2025","19,160.00","19,060.00","19,225.00","19,050.00","0.36K","0.16%"
"23-07-2025","19,130.00","19,225.00","19,280.00","19,035.00","0.70K","-0.80%"
"22-07-2025","19,285.00","19,220.00","19,425.00","19,210.00","0.31K","-0.18%"
"21-07-2025","19,320.00","19,655.00","19,700.00","19,110.00","0.62K","-3.01%"
"18-07-2025","19,920.00","19,920.00","19,920.00","19,920.00","0.01K","0.00%"
"17-07-2025","19,920.00","19,920.00","19,920.00","19,920.00","","3.64%"
"16-07-2025","19,220.00","19,405.00","19,455.00","19,200.00","1.73K","-1.08%"
"15-07-2025","19,430.00","19,410.00","19,495.00","19,370.00","1.20K","-0.15%"
"14-07-2025","19,460.00","19,410.00","19,650.00","19,390.00","1.11K","-0.69%"
"11-07-2025","19,595.00","19,820.00","19,890.00","19,515.00","1.01K","-1.58%"
"10-07-2025","19,910.00","19,730.00","20,000.00","19,720.00","2.07K","1.32%"
"09-07-2025","19,650.00","19,550.00","19,675.00","19,550.00","0.63K","0.49%"
"08-07-2025","19,555.00","19,480.00","19,635.00","19,400.00","0.75K","0.05%"
"07-07-2025","19,545.00","19,660.00","19,870.00","19,480.00","1.14K","-0.89%"
"04-07-2025","19,720.00","19,950.00","20,050.00","19,600.00","0.74K","-1.23%"
"03-07-2025","19,965.00","20,000.00","20,180.00","19,850.00","0.77K","-0.10%"
"02-07-2025","19,985.00","20,110.00","20,195.00","19,920.00","0.72K","-1.41%"
"01-07-2025","20,270.00","19,990.00","20,345.00","19,870.00","1.12K","0.77%"
"30-06-2025","20,115.00","20,145.00","20,590.00","19,935.00","2.33K","0.10%"
"27-06-2025","20,095.00","19,940.00","20,115.00","19,850.00","1.20K","1.21%"
"26-06-2025","19,855.00","19,685.00","19,920.00","19,460.00","1.09K","1.25%"
"25-06-2025","19,610.00","19,250.00","19,785.00","19,250.00","2.26K","1.90%"
"24-06-2025","19,245.00","19,085.00","19,395.00","19,085.00","0.68K","0.55%"
"23-06-2025","19,140.00","18,850.00","19,340.00","18,830.00","1.03K","0.13%"
"20-06-2025","19,115.00","19,115.00","19,115.00","19,115.00","0.15K","0.00%"
"19-06-2025","19,115.00","19,115.00","19,115.00","19,115.00","0.00K","0.00%"
"18-06-2025","19,115.00","19,200.00","19,335.00","19,065.00","0.93K","0.08%"
"17-06-2025","19,100.00","19,085.00","19,130.00","18,980.00","0.70K","0.34%"
"16-06-2025","19,035.00","18,725.00","19,190.00","18,720.00","1.01K","-2.31%"
"13-06-2025","19,485.00","19,555.00","19,705.00","19,425.00","0.51K","-1.12%"
"12-06-2025","19,705.00","19,700.00","19,770.00","19,690.00","0.55K","0.59%"
"11-06-2025","19,590.00","19,440.00","19,675.00","19,395.00","0.67K","-0.23%"
"10-06-2025","19,635.00","20,170.00","20,180.00","19,515.00","1.17K","-1.97%"
"09-06-2025","20,030.00","19,990.00","20,180.00","19,920.00","1.70K","0.96%"
"06-06-2025","19,840.00","19,845.00","20,050.00","19,780.00","1.01K","0.43%"
"05-06-2025","19,755.00","19,830.00","19,905.00","19,710.00","0.84K","-0.63%"
"04-06-2025","19,880.00","20,145.00","20,205.00","19,785.00","1.40K","-1.85%"
"03-06-2025","20,255.00","20,275.00","20,520.00","20,200.00","1.29K","-0.74%"
"02-06-2025","20,405.00","20,960.00","20,960.00","20,300.00","1.85K","-2.90%"
"30-05-2025","21,015.00","20,760.00","21,080.00","20,580.00","1.40K","1.62%"
"29-05-2025","20,680.00","20,580.00","20,720.00","20,580.00","0.48K","0.53%"
"28-05-2025","20,570.00","20,630.00","20,730.00","20,540.00","0.64K","-0.53%"
"27-05-2025","20,680.00","20,600.00","20,720.00","20,535.00","1.20K","-0.22%"
"26-05-2025","20,725.00","21,160.00","21,160.00","20,615.00","1.49K","-1.59%"
"23-05-2025","21,060.00","20,755.00","21,125.00","20,715.00","1.10K","1.49%"
"22-05-2025","20,750.00","20,735.00","20,935.00","20,650.00","0.80K","-0.34%"
"21-05-2025","20,820.00","21,230.00","21,340.00","20,770.00","1.87K","-3.70%"
"20-05-2025","21,620.00","21,620.00","21,620.00","21,620.00","","1.48%"
"19-05-2025","21,305.00","21,305.00","21,305.00","21,305.00","0.10K","0.00%"
"16-05-2025","21,305.00","21,525.00","21,620.00","21,210.00","0.77K","-1.46%"
"15-05-2025","21,620.00","21,550.00","21,700.00","21,435.00","0.55K","-0.16%"
"14-05-2025","21,655.00","21,790.00","21,835.00","21,565.00","0.56K","-0.85%"
"13-05-2025","21,840.00","21,985.00","22,120.00","21,740.00","0.41K","-0.66%"
"12-05-2025","21,985.00","21,500.00","22,095.00","21,500.00","0.76K","4.17%"
"09-05-2025","21,105.00","21,295.00","21,295.00","20,800.00","1.38K","-0.87%"
"08-05-2025","21,290.00","21,450.00","21,740.00","21,180.00","0.96K","-0.95%"
"07-05-2025","21,495.00","21,400.00","22,395.00","21,055.00","1.04K","-0.32%"
"06-05-2025","21,565.00","22,010.00","22,120.00","21,400.00","1.17K","-2.49%"
"05-05-2025","22,115.00","22,300.00","22,470.00","22,055.00","1.43K","-0.83%"
"02-05-2025","22,300.00","22,100.00","22,460.00","21,975.00","1.03K","1.29%"
"30-04-2025","22,015.00","21,910.00","22,130.00","21,565.00","1.09K","0.41%"
"29-04-2025","21,925.00","22,280.00","22,395.00","21,840.00","1.32K","-1.75%"
"28-04-2025","22,315.00","22,425.00","22,725.00","22,250.00","2.02K","-1.02%"
"25-04-2025","22,545.00","22,700.00","22,880.00","22,500.00","1.33K","-2.00%"
"24-04-2025","23,005.00","23,260.00","23,305.00","22,600.00","1.61K","-1.10%"
"23-04-2025","23,260.00","23,160.00","23,295.00","22,925.00","1.78K","-0.24%"
"22-04-2025","23,315.00","24,000.00","24,075.00","23,180.00","3.10K","-2.98%"
"21-04-2025","24,030.00","23,880.00","24,300.00","23,715.00","1.48K","1.03%"
"17-04-2025","23,785.00","24,100.00","24,100.00","23,170.00","0.09K","-1.43%"
"16-04-2025","24,130.00","24,100.00","24,180.00","24,100.00","0.09K","-1.21%"
"15-04-2025","24,425.00","24,320.00","24,700.00","24,005.00","0.68K","1.14%"
"11-04-2025","24,150.00","23,800.00","24,440.00","23,800.00","1.02K","0.10%"
"09-04-2025","24,125.00","24,000.00","24,275.00","23,720.00","1.22K","-1.51%"
"08-04-2025","24,495.00","24,960.00","24,960.00","24,160.00","1.73K","-0.26%"
"07-04-2025","24,560.00","24,290.00","24,760.00","23,860.00","1.90K","5.14%"
"04-04-2025","23,360.00","22,990.00","23,450.00","22,830.00","1.42K","1.04%"
"03-04-2025","23,120.00","23,230.00","23,675.00","23,000.00","2.06K","0.70%"
"02-04-2025","22,960.00","22,200.00","23,065.00","22,200.00","2.16K","3.52%"
"01-04-2025","22,180.00","22,315.00","22,370.00","22,060.00","0.79K","-1.47%"
"28-03-2025","22,510.00","22,690.00","22,720.00","22,360.00","1.05K","-0.33%"
"27-03-2025","22,585.00","22,410.00","22,700.00","22,410.00","0.86K","0.13%"
"26-03-2025","22,555.00","22,370.00","22,750.00","22,350.00","1.94K","0.96%"
"25-03-2025","22,340.00","22,200.00","22,375.00","22,000.00","1.22K","1.15%"
"24-03-2025","22,085.00","21,905.00","22,135.00","21,660.00","1.65K","0.14%"
"21-03-2025","22,055.00","21,850.00","22,190.00","21,770.00","1.33K","2.53%"
"20-03-2025","21,510.00","21,425.00","21,560.00","21,425.00","0.01K","0.94%"
"19-03-2025","21,310.00","21,335.00","21,335.00","21,295.00","0.07K","0.09%"
"18-03-2025","21,290.00","21,200.00","21,430.00","20,965.00","1.01K","0.33%"
"17-03-2025","21,220.00","20,560.00","21,290.00","20,560.00","0.59K","2.83%"
"13-03-2025","20,635.00","20,875.00","20,875.00","20,585.00","0.59K","-1.10%"
"12-03-2025","20,865.00","21,550.00","21,550.00","20,840.00","0.93K","-2.41%"
"11-03-2025","21,380.00","21,245.00","21,465.00","21,090.00","0.63K","1.23%"
"10-03-2025","21,120.00","21,195.00","21,240.00","21,050.00","1.06K","-0.98%"
"07-03-2025","21,330.00","21,295.00","21,400.00","21,240.00","0.24K","-0.47%"
"06-03-2025","21,430.00","21,270.00","21,485.00","21,225.00","0.39K","0.16%"
"05-03-2025","21,395.00","21,180.00","21,495.00","21,180.00","0.28K","0.28%"
"04-03-2025","21,335.00","21,125.00","21,420.00","21,065.00","0.71K","0.90%"
"03-03-2025","21,145.00","20,950.00","21,280.00","20,950.00","0.59K","-0.89%"
"28-02-2025","21,335.00","21,320.00","21,460.00","21,200.00","0.34K","0.42%"
"27-02-2025","21,245.00","20,805.00","21,340.00","20,800.00","0.31K","1.87%"
"25-02-2025","20,855.00","20,590.00","21,480.00","20,550.00","0.74K","0.43%"
"24-02-2025","20,765.00","20,930.00","21,085.00","20,530.00","0.48K","-1.07%"
"21-02-2025","20,990.00","21,270.00","21,480.00","20,860.00","0.37K","-0.99%"
"20-02-2025","21,200.00","21,160.00","21,290.00","20,755.00","0.58K","0.28%"
"19-02-2025","21,140.00","21,490.00","21,490.00","21,070.00","0.63K","-1.77%"
"18-02-2025","21,520.00","22,200.00","22,675.00","21,320.00","0.71K","-1.31%"
"17-02-2025","21,805.00","21,365.00","21,870.00","21,275.00","1.05K","3.56%"
"14-02-2025","21,055.00","20,800.00","21,175.00","20,750.00","0.63K","1.32%"
"13-02-2025","20,780.00","20,550.00","20,845.00","20,550.00","0.18K","0.75%"
"12-02-2025","20,625.00","20,780.00","20,935.00","20,565.00","0.50K","-0.39%"
"11-02-2025","20,705.00","20,160.00","20,790.00","19,905.00","1.18K","2.60%"
"10-02-2025","20,180.00","20,250.00","20,600.00","20,060.00","0.44K","-0.62%"
"07-02-2025","20,305.00","20,750.00","20,750.00","20,200.00","0.62K","-1.98%"
"06-02-2025","20,715.00","20,760.00","20,880.00","20,700.00","0.23K","-0.93%"
"05-02-2025","20,910.00","21,155.00","21,165.00","20,720.00","0.60K","0.02%"
"04-02-2025","20,905.00","21,300.00","21,300.00","20,810.00","0.55K","-1.37%"
"03-02-2025","21,195.00","21,120.00","21,370.00","20,900.00","0.55K","0.45%"
"01-02-2025","21,100.00","21,145.00","21,340.00","20,975.00","0.40K","-0.80%"
"31-01-2025","21,270.00","21,700.00","21,700.00","21,155.00","0.74K","-2.45%"
"30-01-2025","21,805.00","21,865.00","21,940.00","21,750.00","0.15K","0.11%"
"29-01-2025","21,780.00","21,700.00","21,810.00","21,600.00","0.26K","0.41%"
"28-01-2025","21,690.00","21,850.00","21,950.00","21,665.00","0.48K","-0.16%"
"27-01-2025","21,725.00","22,125.00","22,125.00","21,635.00","0.68K","-2.25%"
"24-01-2025","22,225.00","22,325.00","22,400.00","22,165.00","0.29K","-0.98%"
"23-01-2025","22,445.00","22,550.00","22,635.00","22,300.00","0.36K","-0.80%"
"22-01-2025","22,625.00","22,525.00","22,680.00","22,450.00","0.23K","0.27%"
"21-01-2025","22,565.00","22,155.00","22,675.00","22,155.00","0.78K","-3.13%"
"20-01-2025","23,295.00","23,295.00","23,295.00","23,295.00","","4.98%"
"17-01-2025","22,190.00","22,120.00","22,260.00","22,120.00","0.01K","-1.77%"
"16-01-2025","22,590.00","23,250.00","23,300.00","22,520.00","0.37K","-2.90%"
"15-01-2025","23,265.00","22,825.00","23,355.00","22,700.00","0.33K","0.91%"
"14-01-2025","23,055.00","22,750.00","23,140.00","22,715.00","0.31K","0.22%"
"13-01-2025","23,005.00","23,745.00","23,750.00","22,940.00","0.48K","-3.72%"
"10-01-2025","23,895.00","23,910.00","23,945.00","23,750.00","0.31K","-0.50%"
"09-01-2025","24,015.00","23,850.00","24,050.00","23,735.00","0.57K","0.04%"
"08-01-2025","24,005.00","24,300.00","24,300.00","23,915.00","0.37K","-1.32%"
"07-01-2025","24,325.00","24,450.00","24,450.00","24,230.00","0.41K","-0.51%"
"06-01-2025","24,450.00","24,500.00","24,835.00","24,350.00","0.75K","0.14%"
"03-01-2025","24,415.00","24,210.00","24,650.00","24,200.00","0.79K","0.78%"
"02-01-2025","24,225.00","24,355.00","24,450.00","24,050.00","0.24K","-0.66%"
"01-01-2025","24,385.00","24,510.00","24,580.00","24,340.00","0.31K","-0.67%"
"31-12-2024","24,550.00","24,400.00","24,575.00","24,315.00","0.41K","0.82%"
"30-12-2024","24,350.00","24,145.00","24,400.00","23,925.00","0.93K","1.27%"
"27-12-2024","24,045.00","23,950.00","24,100.00","23,775.00","0.36K","0.94%"
"26-12-2024","23,820.00","23,855.00","23,980.00","23,775.00","0.28K","0.00%"
"24-12-2024","23,820.00","24,060.00","24,060.00","23,710.00","0.29K","-0.48%"
"23-12-2024","23,935.00","24,210.00","24,210.00","23,660.00","0.41K","-4.49%"
"20-12-2024","25,060.00","25,700.00","25,700.00","24,905.00","0.06K","-0.48%"
"19-12-2024","25,180.00","25,160.00","25,200.00","25,160.00","0.01K","1.10%"
"18-12-2024","24,905.00","24,600.00","25,320.00","24,565.00","0.32K","0.28%"
"17-12-2024","24,835.00","24,840.00","25,240.00","24,400.00","0.28K","2.05%"
"16-12-2024","24,335.00","24,355.00","24,500.00","24,140.00","0.13K","-0.47%"
"13-12-2024","24,450.00","24,400.00","24,505.00","24,065.00","0.19K","0.20%"
"12-12-2024","24,400.00","23,990.00","24,500.00","23,780.00","0.17K","0.35%"
"11-12-2024","24,315.00","24,375.00","24,400.00","24,205.00","0.08K","-0.02%"
"10-12-2024","24,320.00","24,065.00","24,400.00","24,065.00","0.47K","1.02%"
"09-12-2024","24,075.00","24,005.00","24,200.00","23,915.00","1.02K","0.92%"
"06-12-2024","23,855.00","23,480.00","24,065.00","23,480.00","0.27K","0.23%"
"05-12-2024","23,800.00","24,500.00","24,830.00","23,640.00","0.94K","-2.06%"
"04-12-2024","24,300.00","24,400.00","24,540.00","24,200.00","0.53K","-0.59%"
"03-12-2024","24,445.00","25,155.00","25,330.00","24,170.00","2.51K","-3.53%"
"02-12-2024","25,340.00","25,100.00","25,480.00","24,855.00","0.59K","0.34%"
"29-11-2024","25,255.00","24,990.00","25,385.00","24,850.00","0.66K","1.06%"
"28-11-2024","24,990.00","24,870.00","25,055.00","24,870.00","0.26K","0.40%"
"27-11-2024","24,890.00","24,930.00","25,030.00","24,535.00","0.65K","-0.64%"
"26-11-2024","25,050.00","25,010.00","25,145.00","24,940.00","0.25K","-0.14%"
"25-11-2024","25,085.00","24,990.00","25,155.00","24,760.00","0.30K","0.24%"
"22-11-2024","25,025.00","25,035.00","25,200.00","24,930.00","0.58K","-0.75%"
"21-11-2024","25,215.00","25,250.00","25,610.00","25,050.00","0.46K","-0.83%"
"19-11-2024","25,425.00","25,425.00","25,425.00","25,425.00","","2.52%"
"18-11-2024","24,800.00","24,800.00","24,800.00","24,800.00","0.00K","0.40%"
"14-11-2024","24,700.00","25,750.00","25,750.00","24,520.00","","-0.64%"
"13-11-2024","24,860.00","24,795.00","25,175.00","24,650.00","0.36K","-0.48%"
"12-11-2024","24,980.00","25,210.00","25,210.00","24,635.00","0.61K","-1.34%"
"11-11-2024","25,320.00","25,060.00","25,450.00","25,060.00","0.32K","-0.26%"
"08-11-2024","25,385.00","25,470.00","25,745.00","24,935.00","1.12K","0.26%"
"07-11-2024","25,320.00","25,110.00","25,500.00","24,800.00","0.47K","2.08%"
"06-11-2024","24,805.00","23,650.00","25,030.00","23,650.00","1.06K","3.85%"
"05-11-2024","23,885.00","23,700.00","23,985.00","23,660.00","0.18K","0.25%"
"04-11-2024","23,825.00","23,100.00","24,100.00","23,100.00","0.47K","-0.79%"
"01-11-2024","24,015.00","24,205.00","24,205.00","23,855.00","0.11K","-0.83%"
"31-10-2024","24,215.00","24,150.00","24,295.00","23,815.00","0.36K","0.23%"
"30-10-2024","24,160.00","24,060.00","24,360.00","23,850.00","0.19K","-0.49%"
"29-10-2024","24,280.00","24,355.00","24,595.00","24,100.00","0.30K","-0.51%"
"28-10-2024","24,405.00","24,235.00","24,475.00","24,000.00","0.40K","-0.35%"
"25-10-2024","24,490.00","24,890.00","24,890.00","24,300.00","1.13K","-2.10%"
"24-10-2024","25,015.00","25,040.00","25,220.00","24,970.00","0.82K","-0.54%"
"23-10-2024","25,150.00","25,130.00","25,250.00","25,050.00","0.27K","-0.63%"
"22-10-2024","25,310.00","25,300.00","25,440.00","25,190.00","0.27K","0.08%"
"21-10-2024","25,290.00","25,200.00","25,450.00","25,100.00","0.69K","-0.82%"
"18-10-2024","25,500.00","25,500.00","25,500.00","25,500.00","0.00K","1.67%"
"17-10-2024","25,080.00","24,860.00","25,100.00","24,860.00","0.03K","0.50%"
"16-10-2024","24,955.00","25,450.00","25,665.00","24,860.00","0.63K","-3.07%"
"15-10-2024","25,745.00","26,795.00","26,880.00","25,450.00","1.10K","-3.86%"
"14-10-2024","26,780.00","26,690.00","26,950.00","26,555.00","0.22K","0.21%"
"11-10-2024","26,725.00","26,700.00","26,870.00","26,690.00","0.32K","-0.47%"
"10-10-2024","26,850.00","26,630.00","26,895.00","26,550.00","0.29K","0.36%"
"09-10-2024","26,755.00","26,745.00","27,100.00","26,700.00","0.26K","-0.06%"
"08-10-2024","26,770.00","26,590.00","26,995.00","26,590.00","0.52K","0.62%"
"07-10-2024","26,605.00","26,470.00","26,670.00","26,315.00","1.21K","1.03%"
"04-10-2024","26,335.00","26,570.00","26,620.00","26,275.00","0.74K","-0.27%"
"03-10-2024","26,405.00","26,155.00","26,495.00","26,155.00","0.41K","0.27%"
"01-10-2024","26,335.00","26,515.00","26,545.00","26,225.00","0.69K","-0.90%"
"30-09-2024","26,575.00","26,850.00","26,870.00","26,535.00","0.43K","-1.06%"
"27-09-2024","26,860.00","26,800.00","27,050.00","26,800.00","0.35K","-0.48%"
"26-09-2024","26,990.00","27,110.00","27,280.00","26,840.00","0.85K","-0.07%"
"25-09-2024","27,010.00","27,190.00","27,615.00","26,730.00","1.96K","0.75%"
"24-09-2024","26,810.00","26,790.00","26,940.00","26,505.00","1.05K","0.52%"
"23-09-2024","26,670.00","26,400.00","26,885.00","26,320.00","0.75K","-2.40%"
"20-09-2024","27,325.00","27,400.00","28,565.00","27,250.00","0.16K","-0.53%"
"19-09-2024","27,470.00","27,200.00","28,035.00","27,200.00","0.05K","3.13%"
"18-09-2024","26,635.00","26,850.00","27,660.00","26,400.00","0.12K","0.13%"
"17-09-2024","26,600.00","25,740.00","27,180.00","25,740.00","0.23K","1.18%"
"16-09-2024","26,290.00","25,270.00","26,340.00","25,105.00","1.58K","3.79%"
"13-09-2024","25,330.00","25,400.00","25,495.00","25,205.00","0.68K","-1.09%"
"12-09-2024","25,610.00","25,565.00","25,995.00","25,345.00","0.33K","0.27%"
"11-09-2024","25,540.00","25,210.00","25,670.00","25,210.00","0.41K","0.73%"
"10-09-2024","25,355.00","24,905.00","25,550.00","24,825.00","0.63K","1.02%"
"09-09-2024","25,100.00","24,900.00","25,340.00","24,650.00","0.43K","-0.99%"
"06-09-2024","25,350.00","25,350.00","25,660.00","25,200.00","0.60K","-1.05%"
"05-09-2024","25,620.00","25,400.00","25,880.00","25,400.00","0.59K","0.65%"
"04-09-2024","25,455.00","25,560.00","26,065.00","25,270.00","1.29K","-2.40%"
"03-09-2024","26,080.00","26,850.00","26,850.00","25,955.00","0.96K","-0.69%"
"02-09-2024","26,260.00","26,050.00","26,435.00","25,940.00","1.34K","2.14%"
"30-08-2024","25,710.00","25,410.00","25,800.00","25,410.00","1.13K","0.69%"
"29-08-2024","25,535.00","25,830.00","26,100.00","25,310.00","0.41K","0.45%"
"28-08-2024","25,420.00","25,320.00","25,575.00","25,320.00","0.41K","-0.06%"
"27-08-2024","25,435.00","25,370.00","25,660.00","25,055.00","0.71K","0.36%"
"26-08-2024","25,345.00","25,110.00","25,440.00","24,910.00","0.65K","0.08%"
"23-08-2024","25,325.00","25,395.00","25,795.00","25,050.00","0.68K","0.22%"
"22-08-2024","25,270.00","24,650.00","25,740.00","24,650.00","1.01K","2.06%"
"21-08-2024","24,760.00","24,000.00","24,985.00","24,000.00","1.38K","-8.63%"
"20-08-2024","27,100.00","26,850.00","27,550.00","26,040.00","0.47K","-0.07%"
"19-08-2024","27,120.00","27,680.00","27,680.00","26,900.00","0.47K","0.30%"
"16-08-2024","27,040.00","26,055.00","27,720.00","26,055.00","0.62K","1.44%"
"14-08-2024","26,655.00","26,320.00","26,820.00","26,095.00","0.86K","0.97%"
"13-08-2024","26,400.00","26,850.00","27,000.00","26,125.00","0.96K","-2.28%"
"12-08-2024","27,015.00","27,500.00","27,650.00","26,600.00","0.70K","1.07%"
"09-08-2024","26,730.00","26,785.00","27,350.00","26,620.00","0.73K","0.30%"
"08-08-2024","26,650.00","26,500.00","26,800.00","26,500.00","0.62K","0.95%"
"07-08-2024","26,400.00","26,400.00","26,500.00","26,250.00","0.98K","0.11%"
"06-08-2024","26,370.00","26,600.00","26,705.00","26,260.00","0.35K","0.00%"
"05-08-2024","26,370.00","26,500.00","26,580.00","26,250.00","0.51K","-1.07%"
"02-08-2024","26,655.00","26,795.00","26,795.00","26,400.00","0.49K","-0.17%"
"01-08-2024","26,700.00","26,620.00","26,850.00","26,600.00","0.27K","-0.50%"
"31-07-2024","26,835.00","26,855.00","26,990.00","26,700.00","0.37K","0.45%"
"30-07-2024","26,715.00","26,310.00","27,150.00","26,220.00","0.46K","-0.17%"
"29-07-2024","26,760.00","26,700.00","27,300.00","26,600.00","0.45K","1.04%"
"26-07-2024","26,485.00","26,700.00","26,960.00","26,370.00","0.73K","-0.90%"
"25-07-2024","26,725.00","26,090.00","27,120.00","26,090.00","1.03K","2.47%"
"24-07-2024","26,080.00","26,205.00","26,205.00","26,030.00","0.36K","-0.65%"
"23-07-2024","26,250.00","26,000.00","26,440.00","25,900.00","0.98K","0.04%"
"22-07-2024","26,240.00","26,790.00","26,790.00","26,000.00","0.64K","-1.56%"
"19-07-2024","26,655.00","26,700.00","26,715.00","26,430.00","0.04K","-0.98%"
"18-07-2024","26,920.00","27,075.00","27,160.00","26,710.00","0.06K","1.89%"
"16-07-2024","26,420.00","26,065.00","26,710.00","26,065.00","0.53K","0.11%"
"15-07-2024","26,390.00","26,605.00","26,750.00","26,300.00","0.57K","-1.29%"
"12-07-2024","26,735.00","27,570.00","27,730.00","26,665.00","1.39K","-3.40%"
"11-07-2024","27,675.00","27,950.00","28,400.00","27,200.00","1.29K","-1.63%"
"10-07-2024","28,135.00","27,910.00","28,200.00","27,910.00","0.44K","0.70%"
"09-07-2024","27,940.00","28,400.00","28,400.00","27,700.00","1.27K","-1.50%"
"08-07-2024","28,365.00","29,100.00","29,100.00","28,325.00","0.91K","-2.71%"
"05-07-2024","29,155.00","29,150.00","29,445.00","28,925.00","0.67K","-0.03%"
"04-07-2024","29,165.00","28,850.00","29,445.00","28,755.00","0.98K","0.81%"
"03-07-2024","28,930.00","28,760.00","29,060.00","28,525.00","0.93K","0.49%"
"02-07-2024","28,790.00","28,125.00","28,900.00","28,125.00","0.67K","-0.03%"
"01-07-2024","28,800.00","28,900.00","29,380.00","28,200.00","1.03K","-0.95%"
"28-06-2024","29,075.00","28,900.00","29,475.00","28,810.00","0.52K","0.29%"
"27-06-2024","28,990.00","29,000.00","29,400.00","28,820.00","0.65K","-0.40%"
"26-06-2024","29,105.00","29,440.00","29,560.00","28,980.00","1.01K","-1.74%"
"25-06-2024","29,620.00","29,670.00","30,050.00","29,075.00","1.49K","0.63%"
"24-06-2024","29,435.00","29,000.00","30,180.00","28,950.00","2.99K","2.17%"
"21-06-2024","28,810.00","28,710.00","28,950.00","28,420.00","1.40K","0.59%"
"20-06-2024","28,640.00","28,350.00","29,880.00","28,250.00","0.16K","-0.33%"
"19-06-2024","28,735.00","28,600.00","29,250.00","28,550.00","0.17K","-0.85%"
"18-06-2024","28,980.00","28,950.00","29,500.00","28,850.00","0.27K","0.56%"
"14-06-2024","28,820.00","28,740.00","29,000.00","28,740.00","0.23K","0.07%"
"13-06-2024","28,800.00","29,340.00","29,365.00","28,655.00","1.03K","0.14%"
"12-06-2024","28,760.00","28,045.00","28,940.00","28,000.00","0.87K","2.57%"
"11-06-2024","28,040.00","29,300.00","29,300.00","27,960.00","0.92K","-2.42%"
"10-06-2024","28,735.00","28,900.00","28,945.00","28,200.00","1.37K","-2.16%"
"07-06-2024","29,370.00","29,435.00","29,550.00","29,260.00","0.71K","-0.81%"
"06-06-2024","29,610.00","29,490.00","30,000.00","28,965.00","0.84K","1.61%"
"05-06-2024","29,140.00","28,210.00","29,500.00","27,605.00","0.98K","2.53%"
"04-06-2024","28,420.00","28,560.00","28,955.00","28,150.00","0.86K","-0.63%"
"03-06-2024","28,600.00","27,100.00","28,715.00","27,100.00","1.42K","5.57%"
"31-05-2024","27,090.00","28,400.00","28,400.00","26,905.00","1.50K","-4.86%"
"30-05-2024","28,475.00","28,770.00","28,980.00","28,380.00","0.61K","-0.61%"
"29-05-2024","28,650.00","27,965.00","28,700.00","27,965.00","0.89K","1.00%"
"28-05-2024","28,365.00","28,660.00","28,660.00","27,800.00","1.72K","-0.79%"
"27-05-2024","28,590.00","29,240.00","29,240.00","28,355.00","1.35K","-2.72%"
"24-05-2024","29,390.00","29,880.00","29,880.00","28,600.00","1.88K","0.20%"
"23-05-2024","29,330.00","29,100.00","29,800.00","29,010.00","0.90K","0.31%"
"22-05-2024","29,240.00","30,300.00","30,465.00","28,655.00","2.71K","-0.91%"
"21-05-2024","29,510.00","28,500.00","29,510.00","28,500.00","2.79K","0.25%"
"17-05-2024","29,435.00","29,700.00","29,700.00","29,300.00","0.08K","0.60%"
"16-05-2024","29,260.00","28,575.00","29,715.00","28,575.00","0.05K","2.40%"
"15-05-2024","28,575.00","28,400.00","28,600.00","28,400.00","0.07K","-0.10%"
"14-05-2024","28,605.00","28,795.00","29,325.00","28,400.00","0.26K","1.44%"
"13-05-2024","28,200.00","27,700.00","28,650.00","27,465.00","0.86K","4.25%"
"10-05-2024","27,050.00","25,560.00","27,395.00","25,530.00","1.02K","4.22%"
"09-05-2024","25,955.00","26,600.00","26,695.00","25,625.00","1.27K","-2.06%"
"08-05-2024","26,500.00","26,760.00","27,300.00","25,850.00","0.81K","-0.15%"
"07-05-2024","26,540.00","25,400.00","26,560.00","25,240.00","1.54K","5.91%"
"06-05-2024","25,060.00","23,820.00","25,195.00","23,820.00","0.85K","3.43%"
"03-05-2024","24,230.00","24,700.00","25,140.00","24,105.00","1.72K","-1.38%"
"02-05-2024","24,570.00","23,525.00","24,680.00","23,505.00","1.72K","5.52%"
"30-04-2024","23,285.00","22,650.00","23,800.00","22,650.00","2.30K","3.33%"
"29-04-2024","22,535.00","22,610.00","22,695.00","22,410.00","0.59K","-0.73%"
"26-04-2024","22,700.00","22,700.00","22,840.00","22,630.00","0.48K","0.15%"
"25-04-2024","22,665.00","22,900.00","22,960.00","22,460.00","1.01K","-0.40%"
"24-04-2024","22,755.00","22,250.00","22,840.00","22,225.00","1.34K","2.38%"
"23-04-2024","22,225.00","22,000.00","22,370.00","21,900.00","0.63K","0.82%"
"22-04-2024","22,045.00","22,000.00","22,200.00","21,560.00","1.00K","-7.84%"
"19-04-2024","23,920.00","23,500.00","23,935.00","23,500.00","0.08K","3.93%"
"18-04-2024","23,015.00","22,700.00","23,050.00","22,700.00","0.11K","2.65%"
"16-04-2024","22,420.00","22,300.00","22,500.00","22,300.00","0.02K","1.38%"
"15-04-2024","22,115.00","22,950.00","22,950.00","22,110.00","0.43K","-4.10%"
"12-04-2024","23,060.00","23,310.00","23,840.00","22,810.00","1.37K","-2.29%"
"10-04-2024","23,600.00","23,860.00","23,985.00","23,500.00","0.84K","-1.40%"
"09-04-2024","23,935.00","24,100.00","24,120.00","23,815.00","0.44K","-0.58%"
"08-04-2024","24,075.00","24,125.00","24,250.00","24,000.00","0.50K","-1.49%"
"05-04-2024","24,440.00","24,300.00","24,805.00","24,050.00","0.78K","-0.04%"
"04-04-2024","24,450.00","24,300.00","24,850.00","24,250.00","0.79K","1.07%"
"03-04-2024","24,190.00","23,700.00","24,540.00","23,700.00","1.07K","3.09%"
"02-04-2024","23,465.00","23,435.00","23,655.00","23,300.00","0.50K","0.00%"
"01-04-2024","23,465.00","23,600.00","23,600.00","23,100.00","0.76K","-0.57%"
"28-03-2024","23,600.00","23,700.00","23,730.00","23,420.00","0.38K","-1.09%"
"27-03-2024","23,860.00","23,500.00","23,935.00","23,500.00","0.38K","1.36%"
"26-03-2024","23,540.00","23,890.00","23,900.00","23,415.00","0.95K","-1.59%"
"22-03-2024","23,920.00","23,800.00","24,040.00","23,550.00","0.60K","0.38%"
"21-03-2024","23,830.00","23,815.00","24,185.00","23,675.00","1.06K","-7.26%"
"20-03-2024","25,695.00","25,695.00","25,695.00","25,695.00","","-0.83%"
"19-03-2024","25,910.00","25,600.00","26,200.00","25,600.00","0.03K","1.21%"
"18-03-2024","25,600.00","25,600.00","25,600.00","25,600.00","0.02K","1.27%"
"15-03-2024","25,280.00","25,990.00","26,080.00","25,100.00","0.06K","-2.32%"
"14-03-2024","25,880.00","26,300.00","26,725.00","25,700.00","0.17K","-2.69%"
"13-03-2024","26,595.00","27,500.00","27,555.00","26,500.00","0.30K","-1.97%"
"12-03-2024","27,130.00","26,350.00","27,300.00","26,210.00","0.44K","0.67%"
"11-03-2024","26,950.00","27,400.00","28,105.00","26,650.00","1.18K","0.45%"
"07-03-2024","26,830.00","26,110.00","27,095.00","26,095.00","0.73K","2.40%"
"06-03-2024","26,200.00","25,300.00","26,450.00","24,910.00","1.10K","3.01%"
"05-03-2024","25,435.00","25,315.00","25,800.00","25,190.00","0.38K","-0.93%"
"04-03-2024","25,675.00","25,700.00","26,090.00","25,100.00","0.60K","1.95%"
"01-03-2024","25,185.00","24,900.00","25,480.00","24,620.00","0.60K","1.78%"
"29-02-2024","24,745.00","24,600.00","24,880.00","24,400.00","0.45K","1.56%"
"28-02-2024","24,365.00","24,350.00","24,600.00","24,000.00","0.66K","1.02%"
"27-02-2024","24,120.00","24,900.00","25,060.00","24,060.00","1.36K","-4.80%"
"26-02-2024","25,335.00","26,110.00","26,450.00","25,170.00","0.97K","-3.36%"
"23-02-2024","26,215.00","25,990.00","26,390.00","25,800.00","0.38K","-0.70%"
"22-02-2024","26,400.00","26,900.00","26,900.00","26,195.00","0.65K","-2.37%"
"21-02-2024","27,040.00","27,600.00","28,150.00","26,730.00","0.87K","-0.64%"
"20-02-2024","27,215.00","25,720.00","27,285.00","25,710.00","1.13K","5.71%"
"19-02-2024","25,745.00","25,395.00","25,990.00","25,210.00","0.35K","1.44%"
"16-02-2024","25,380.00","25,290.00","25,565.00","25,255.00","0.20K","0.42%"
"15-02-2024","25,275.00","25,010.00","25,800.00","24,715.00","0.51K","0.50%"
"14-02-2024","25,150.00","25,515.00","25,515.00","25,025.00","0.42K","-1.55%"
"13-02-2024","25,545.00","26,800.00","26,800.00","25,075.00","1.10K","-3.77%"
"12-02-2024","26,545.00","27,100.00","27,100.00","26,300.00","0.68K","-2.50%"
"09-02-2024","27,225.00","27,000.00","27,280.00","26,950.00","0.34K","0.22%"
"08-02-2024","27,165.00","27,600.00","27,700.00","26,900.00","0.52K","-1.47%"
"07-02-2024","27,570.00","27,190.00","27,685.00","27,020.00","0.64K","1.45%"
"06-02-2024","27,175.00","26,720.00","27,260.00","26,720.00","0.54K","0.80%"
"05-02-2024","26,960.00","27,300.00","27,590.00","26,550.00","0.63K","-1.15%"
"02-02-2024","27,275.00","27,060.00","27,400.00","26,700.00","0.32K","-0.07%"
"01-02-2024","27,295.00","27,500.00","27,550.00","26,865.00","0.43K","0.68%"
"31-01-2024","27,110.00","26,650.00","27,200.00","26,610.00","0.55K","1.36%"
"30-01-2024","26,745.00","26,020.00","27,050.00","26,010.00","0.54K","1.92%"
"29-01-2024","26,240.00","27,800.00","27,900.00","26,105.00","1.22K","-5.32%"
"25-01-2024","27,715.00","28,195.00","28,700.00","27,600.00","0.90K","-2.24%"
"24-01-2024","28,350.00","27,350.00","28,755.00","27,300.00","1.19K","4.02%"
"23-01-2024","27,255.00","26,700.00","27,410.00","26,580.00","0.67K","-8.11%"
"19-01-2024","29,660.00","30,290.00","30,400.00","29,660.00","0.47K","-5.99%"
"18-01-2024","31,550.00","33,200.00","34,140.00","31,540.00","0.32K","-5.96%"
"17-01-2024","33,550.00","32,350.00","33,595.00","32,000.00","0.28K","5.85%"
"16-01-2024","31,695.00","30,000.00","31,815.00","30,000.00","0.16K","5.60%"
"15-01-2024","30,015.00","28,155.00","30,495.00","28,155.00","0.72K","2.35%"
"12-01-2024","29,325.00","30,950.00","30,950.00","29,325.00","0.42K","-5.99%"
"11-01-2024","31,195.00","31,700.00","32,780.00","30,765.00","1.83K","-1.03%"
"10-01-2024","31,520.00","30,560.00","31,680.00","30,500.00","0.28K","1.96%"
"09-01-2024","30,915.00","31,250.00","31,650.00","30,600.00","0.22K","-1.64%"
"08-01-2024","31,430.00","32,400.00","32,600.00","31,105.00","0.59K","-5.02%"
"05-01-2024","33,090.00","34,490.00","35,150.00","31,840.00","1.30K","-0.23%"
"04-01-2024","33,165.00","31,700.00","33,165.00","31,700.00","0.40K","5.99%"
"03-01-2024","31,290.00","29,885.00","31,300.00","29,355.00","0.91K","5.96%"
"02-01-2024","29,530.00","28,705.00","29,765.00","28,090.00","1.76K","0.92%"
"01-01-2024","29,260.00","30,200.00","31,000.00","29,140.00","1.34K","-5.60%"
"29-12-2023","30,995.00","31,255.00","32,300.00","30,435.00","1.61K","-2.21%"
"28-12-2023","31,695.00","32,370.00","33,100.00","31,695.00","1.80K","-5.99%"
"27-12-2023","33,715.00","35,460.00","35,495.00","33,715.00","0.97K","-5.99%"
"26-12-2023","35,865.00","37,650.00","37,650.00","35,855.00","1.31K","-5.96%"
"22-12-2023","38,140.00","37,700.00","38,480.00","37,690.00","0.44K","0.63%"
"21-12-2023","37,900.00","37,275.00","38,410.00","36,750.00","0.93K","1.34%"
"20-12-2023","37,400.00","37,000.00","37,900.00","37,000.00","0.03K","1.62%"
"19-12-2023","36,805.00","36,910.00","36,910.00","36,700.00","0.01K","-4.27%"
"18-12-2023","38,445.00","39,000.00","39,000.00","38,235.00","0.03K","-3.47%"
"15-12-2023","39,825.00","38,700.00","39,890.00","38,700.00","0.11K","3.70%"
"14-12-2023","38,405.00","38,375.00","38,800.00","38,230.00","0.21K","-0.47%"
"13-12-2023","38,585.00","37,250.00","38,605.00","37,250.00","0.69K","5.94%"
"12-12-2023","36,420.00","36,700.00","36,700.00","35,275.00","0.99K","-0.87%"
"11-12-2023","36,740.00","37,840.00","38,830.00","36,500.00","0.90K","-0.33%"
"08-12-2023","36,860.00","36,710.00","38,110.00","36,050.00","2.71K","-0.38%"
"07-12-2023","37,000.00","39,400.00","39,500.00","36,990.00","1.71K","-5.97%"
"06-12-2023","39,350.00","39,600.00","39,975.00","38,325.00","2.60K","0.81%"
"05-12-2023","39,035.00","41,005.00","41,205.00","38,990.00","1.76K","-5.88%"
"04-12-2023","41,475.00","43,640.00","44,435.00","41,470.00","1.80K","-5.98%"
"01-12-2023","44,115.00","44,995.00","44,995.00","43,815.00","0.99K","-1.11%"
"30-11-2023","44,610.00","45,800.00","45,900.00","44,410.00","1.09K","-2.81%"
"29-11-2023","45,900.00","45,975.00","46,345.00","45,500.00","0.71K","-0.38%"
"28-11-2023","46,075.00","46,400.00","46,580.00","45,360.00","1.01K","2.30%"
"24-11-2023","45,040.00","45,005.00","45,550.00","44,130.00","0.98K","0.09%"
"23-11-2023","45,000.00","46,190.00","46,680.00","44,750.00","0.64K","-2.23%"
"22-11-2023","46,025.00","45,610.00","46,350.00","44,600.00","1.21K","0.43%"
"21-11-2023","45,830.00","45,500.00","47,000.00","45,420.00","2.04K","8.67%"
"20-11-2023","42,175.00","45,610.00","45,610.00","45,610.00","0.06K","0.00%"
"17-11-2023","42,175.00","42,175.00","42,175.00","42,175.00","0.03K","0.00%"
"16-11-2023","42,175.00","41,500.00","42,400.00","41,500.00","0.05K","-0.44%"
"15-11-2023","42,360.00","42,665.00","42,665.00","42,050.00","0.08K","1.04%"
"13-11-2023","41,925.00","43,435.00","43,800.00","41,790.00","0.99K","-4.39%"
"12-11-2023","43,850.00","44,000.00","44,100.00","43,550.00","0.06K","0.34%"
"10-11-2023","43,700.00","43,000.00","43,945.00","42,245.00","1.50K","1.43%"
"09-11-2023","43,085.00","42,500.00","43,340.00","42,420.00","0.88K","1.29%"
"08-11-2023","42,535.00","45,200.00","46,185.00","42,305.00","1.40K","-5.49%"
"07-11-2023","45,005.00","43,050.00","45,090.00","43,015.00","1.18K","5.79%"
"06-11-2023","42,540.00","41,300.00","42,545.00","40,400.00","1.02K","5.98%"
"03-11-2023","40,140.00","39,200.00","42,135.00","38,895.00","1.94K","-0.93%"
"02-11-2023","40,515.00","42,150.00","42,195.00","40,515.00","1.40K","-6.00%"
"01-11-2023","43,100.00","43,690.00","44,900.00","42,200.00","2.02K","-1.40%"
"31-10-2023","43,710.00","46,300.00","46,300.00","43,705.00","1.60K","-5.98%"
"30-10-2023","46,490.00","47,895.00","47,895.00","45,955.00","1.19K","-1.88%"
"27-10-2023","47,380.00","46,660.00","48,285.00","45,525.00","1.69K","0.99%"
"26-10-2023","46,915.00","50,065.00","50,600.00","46,900.00","3.65K","-5.96%"
"25-10-2023","49,890.00","50,020.00","50,370.00","48,000.00","2.65K","-2.17%"
"23-10-2023","50,995.00","54,245.00","54,355.00","50,995.00","2.21K","-9.76%"
"20-10-2023","56,510.00","54,200.00","54,200.00","54,200.00","1.11K","-1.21%"
"19-10-2023","57,200.00","57,200.00","57,200.00","57,200.00","0.00K","0.00%"
"18-10-2023","57,200.00","57,200.00","57,200.00","57,200.00","0.02K","0.00%"
"17-10-2023","57,200.00","57,200.00","57,200.00","57,200.00","0.02K","0.33%"
"16-10-2023","57,010.00","56,725.00","57,890.00","56,200.00","0.62K","4.11%"
"13-10-2023","54,760.00","54,120.00","55,605.00","53,800.00","1.50K","2.15%"
"12-10-2023","53,605.00","53,950.00","54,990.00","52,415.00","1.09K","1.38%"
"11-10-2023","52,875.00","54,700.00","55,180.00","52,250.00","1.35K","-4.88%"
"10-10-2023","55,585.00","57,915.00","58,700.00","54,775.00","2.14K","-4.39%"
"09-10-2023","58,135.00","58,510.00","58,650.00","57,960.00","1.73K","-1.03%"
"06-10-2023","58,740.00","58,550.00","59,280.00","57,600.00","1.29K","-0.14%"
"05-10-2023","58,820.00","58,625.00","59,250.00","58,625.00","0.90K","0.81%"
"04-10-2023","58,350.00","57,060.00","58,460.00","57,060.00","0.73K","1.21%"
"03-10-2023","57,655.00","59,940.00","59,940.00","57,500.00","1.89K","-3.69%"
"29-09-2023","59,865.00","58,710.00","60,000.00","58,710.00","1.13K","1.69%"
"28-09-2023","58,870.00","58,605.00","59,395.00","58,160.00","1.40K","-0.08%"
"27-09-2023","58,920.00","59,995.00","60,350.00","58,710.00","0.92K","-1.63%"
"26-09-2023","59,895.00","60,100.00","60,600.00","58,115.00","2.13K","-0.67%"
"25-09-2023","60,300.00","60,800.00","61,170.00","60,140.00","1.03K","0.21%"
"22-09-2023","60,175.00","60,250.00","62,445.00","59,500.00","1.81K","-0.31%"
"21-09-2023","60,365.00","60,250.00","60,800.00","59,815.00","0.97K","0.68%"
"20-09-2023","59,960.00","60,225.00","60,225.00","60,225.00","0.00K","0.00%"
"18-09-2023","59,960.00","60,285.00","60,285.00","59,630.00","0.03K","-2.54%"
"15-09-2023","61,525.00","62,025.00","62,025.00","61,150.00","0.08K","-1.91%"
"14-09-2023","62,720.00","62,190.00","63,115.00","62,190.00","0.17K","1.23%"
"13-09-2023","61,955.00","59,865.00","62,670.00","59,515.00","1.32K","2.81%"
"12-09-2023","60,260.00","61,100.00","62,050.00","59,370.00","1.66K","-1.06%"
"11-09-2023","60,905.00","62,400.00","63,695.00","60,530.00","1.67K","-4.05%"
"08-09-2023","63,475.00","63,165.00","64,000.00","62,075.00","2.08K","3.36%"
"07-09-2023","61,410.00","59,610.00","62,115.00","59,610.00","1.28K","2.81%"
"06-09-2023","59,730.00","59,210.00","60,330.00","58,630.00","1.55K","-0.47%"
"05-09-2023","60,015.00","60,600.00","61,110.00","59,500.00","1.43K","-1.00%"
"04-09-2023","60,620.00","59,950.00","61,000.00","58,800.00","1.61K","5.15%"
"01-09-2023","57,650.00","54,585.00","58,110.00","54,585.00","2.45K","5.15%"
"31-08-2023","54,825.00","54,260.00","54,975.00","53,610.00","1.52K","2.16%"
"30-08-2023","53,665.00","52,650.00","54,300.00","52,650.00","1.33K","0.32%"
"29-08-2023","53,495.00","55,300.00","55,300.00","53,355.00","1.69K","-3.38%"
"28-08-2023","55,365.00","56,500.00","56,840.00","55,120.00","1.61K","-1.14%"
"25-08-2023","56,005.00","56,575.00","56,700.00","55,700.00","1.08K","-0.91%"
"24-08-2023","56,520.00","57,000.00","57,500.00","56,315.00","0.91K","-0.55%"
"23-08-2023","56,830.00","57,600.00","57,600.00","54,800.00","3.47K","-1.87%"
"22-08-2023","57,915.00","58,900.00","58,900.00","57,710.00","1.58K","-2.20%"
"21-08-2023","59,220.00","59,680.00","60,275.00","58,650.00","0.91K","-0.05%"
"18-08-2023","59,250.00","59,250.00","59,250.00","59,250.00","0.03K","1.94%"
"17-08-2023","58,125.00","58,000.00","58,800.00","56,505.00","0.09K","-0.45%"
"16-08-2023","58,390.00","59,600.00","59,600.00","57,305.00","0.14K","-4.18%"
"14-08-2023","60,940.00","60,990.00","61,320.00","60,600.00","0.07K","0.50%"
"11-08-2023","60,635.00","61,375.00","61,700.00","59,655.00","1.85K","-1.28%"
"10-08-2023","61,420.00","62,485.00","62,485.00","61,025.00","2.10K","-1.10%"
"09-08-2023","62,100.00","62,000.00","62,480.00","61,650.00","1.63K","0.98%"
"08-08-2023","61,500.00","61,800.00","62,475.00","61,345.00","0.90K","-1.28%"
"07-08-2023","62,295.00","63,540.00","63,540.00","61,950.00","2.14K","-0.32%"
"04-08-2023","62,495.00","62,985.00","63,400.00","61,865.00","1.58K","1.03%"
"03-08-2023","61,855.00","62,080.00","62,735.00","61,300.00","2.08K","-0.02%"
"02-08-2023","61,870.00","59,900.00","63,200.00","59,700.00","3.20K","3.65%"
"01-08-2023","59,690.00","58,865.00","60,220.00","58,865.00","1.04K","0.80%"
"31-07-2023","59,215.00","59,430.00","59,990.00","58,805.00","1.19K","-1.28%"
"28-07-2023","59,980.00","60,670.00","61,310.00","59,240.00","2.00K","0.54%"
"27-07-2023","59,655.00","58,575.00","60,300.00","58,360.00","1.14K","1.25%"
"26-07-2023","58,920.00","60,060.00","60,150.00","58,245.00","1.97K","-1.67%"
"25-07-2023","59,920.00","61,390.00","61,390.00","59,340.00","1.28K","-0.91%"
"24-07-2023","60,470.00","60,000.00","61,600.00","60,000.00","1.30K","-0.50%"
"21-07-2023","60,775.00","61,490.00","62,300.00","60,375.00","2.12K","-0.46%"
"20-07-2023","61,055.00","59,745.00","61,520.00","59,745.00","0.03K","3.03%"
"19-07-2023","59,260.00","59,400.00","59,400.00","59,200.00","0.05K","-2.48%"
"18-07-2023","60,765.00","60,880.00","61,000.00","59,700.00","0.05K","3.69%"
"17-07-2023","58,600.00","58,400.00","58,980.00","58,400.00","0.07K","2.63%"
"14-07-2023","57,100.00","57,495.00","58,130.00","56,655.00","1.22K","-0.44%"
"13-07-2023","57,355.00","58,205.00","58,290.00","56,665.00","0.78K","-2.57%"
"12-07-2023","58,865.00","59,005.00","59,880.00","58,725.00","1.26K","-0.37%"
"11-07-2023","59,085.00","59,975.00","60,090.00","58,520.00","0.79K","-1.10%"
"10-07-2023","59,740.00","59,005.00","59,875.00","58,425.00","1.87K","2.47%"
"07-07-2023","58,300.00","57,465.00","58,765.00","57,425.00","2.05K","2.16%"
"06-07-2023","57,065.00","56,675.00","58,570.00","55,485.00","2.08K","0.50%"
"05-07-2023","56,780.00","54,615.00","56,990.00","54,310.00","2.99K","5.08%"
"04-07-2023","54,035.00","53,400.00","54,450.00","53,400.00","1.53K","1.73%"
"03-07-2023","53,115.00","54,050.00","54,380.00","52,780.00","2.87K","-3.38%"
"30-06-2023","54,975.00","56,105.00","56,200.00","54,560.00","2.72K","-0.87%"
"28-06-2023","55,455.00","54,050.00","57,265.00","54,030.00","3.80K","1.49%"
"27-06-2023","54,640.00","57,600.00","57,600.00","54,600.00","3.11K","-5.93%"
"26-06-2023","58,085.00","57,135.00","58,235.00","57,030.00","4.48K","5.72%"
"23-06-2023","54,940.00","54,900.00","55,600.00","53,525.00","3.56K","0.79%"
"22-06-2023","54,510.00","54,140.00","55,090.00","53,770.00","3.40K","1.62%"
"21-06-2023","53,640.00","51,420.00","54,780.00","51,410.00","3.57K","1.75%"
"20-06-2023","52,720.00","52,740.00","52,740.00","52,695.00","0.05K","3.84%"
"19-06-2023","50,770.00","50,765.00","50,770.00","50,765.00","0.04K","3.99%"
"16-06-2023","48,820.00","48,625.00","49,010.00","48,510.00","0.11K","-0.88%"
"15-06-2023","49,255.00","49,570.00","49,570.00","48,860.00","0.19K","-0.22%"
"14-06-2023","49,365.00","49,000.00","49,700.00","48,800.00","0.77K","0.65%"
"13-06-2023","49,045.00","48,450.00","49,230.00","48,155.00","1.99K","1.78%"
"12-06-2023","48,185.00","46,760.00","48,470.00","46,160.00","1.96K","3.38%"
"09-06-2023","46,610.00","47,515.00","48,290.00","46,420.00","1.73K","-1.93%"
"08-06-2023","47,525.00","46,750.00","47,800.00","46,355.00","1.44K","1.44%"
"07-06-2023","46,850.00","46,445.00","47,000.00","45,705.00","2.14K","1.99%"
"06-06-2023","45,935.00","45,320.00","46,300.00","45,000.00","1.84K","1.39%"
"05-06-2023","45,305.00","45,340.00","45,970.00","45,050.00","1.39K","1.21%"
"02-06-2023","44,765.00","44,620.00","45,200.00","44,180.00","1.37K","0.82%"
"01-06-2023","44,400.00","44,350.00","44,960.00","44,150.00","1.06K","-0.29%"
"31-05-2023","44,530.00","44,705.00","44,900.00","44,275.00","1.39K","-1.11%"
"30-05-2023","45,030.00","45,800.00","46,280.00","44,890.00","2.78K","-0.61%"
"29-05-2023","45,305.00","43,750.00","45,775.00","43,600.00","2.77K","2.93%"
"26-05-2023","44,015.00","43,795.00","44,190.00","42,880.00","2.56K","0.70%"
"25-05-2023","43,710.00","44,750.00","44,750.00","43,500.00","1.91K","-2.20%"
"24-05-2023","44,695.00","44,200.00","44,790.00","43,900.00","1.50K","1.35%"
"23-05-2023","44,100.00","44,635.00","44,845.00","43,200.00","3.85K","-1.22%"
"22-05-2023","44,645.00","45,925.00","46,425.00","44,120.00","2.62K","-0.61%"
"19-05-2023","44,920.00","44,300.00","46,810.00","44,300.00","0.05K","-0.38%"
"18-05-2023","45,090.00","46,200.00","46,200.00","44,155.00","0.08K","-1.96%"
"17-05-2023","45,990.00","45,250.00","46,300.00","45,250.00","0.07K","3.64%"
"16-05-2023","44,375.00","45,300.00","45,500.00","44,080.00","0.14K","-3.35%"
"15-05-2023","45,915.00","46,605.00","46,760.00","45,830.00","1.06K","-2.54%"
"12-05-2023","47,110.00","47,750.00","48,030.00","46,680.00","1.29K","-1.26%"
"11-05-2023","47,710.00","47,520.00","48,100.00","47,365.00","1.35K","-0.38%"
"10-05-2023","47,890.00","47,100.00","49,280.00","47,050.00","1.82K","2.22%"
"09-05-2023","46,850.00","48,145.00","48,145.00","46,260.00","1.53K","-1.81%"
"08-05-2023","47,715.00","48,420.00","48,420.00","47,370.00","2.78K","2.48%"
"05-05-2023","46,560.00","45,350.00","47,100.00","44,860.00","2.45K","2.80%"
"04-05-2023","45,290.00","45,300.00","46,320.00","44,960.00","2.52K","-0.44%"
"03-05-2023","45,490.00","45,480.00","45,780.00","44,005.00","2.98K","-0.15%"
"02-05-2023","45,560.00","45,480.00","46,250.00","44,990.00","4.30K","4.17%"
"28-04-2023","43,735.00","43,895.00","44,275.00","43,070.00","4.82K","1.60%"
"27-04-2023","43,045.00","41,000.00","43,120.00","40,915.00","5.26K","5.81%"
"26-04-2023","40,680.00","40,000.00","40,870.00","39,650.00","2.52K","1.84%"
"25-04-2023","39,945.00","40,045.00","40,190.00","38,830.00","3.39K","-1.24%"
"24-04-2023","40,445.00","40,950.00","40,970.00","40,210.00","2.24K","-1.09%"
"21-04-2023","40,890.00","41,300.00","41,850.00","40,675.00","2.85K","-0.99%"
"20-04-2023","41,300.00","41,300.00","41,300.00","41,300.00","0.02K","3.96%"
"19-04-2023","39,725.00","39,585.00","39,860.00","39,585.00","0.02K","-1.12%"
"18-04-2023","40,175.00","39,710.00","40,400.00","39,710.00","0.05K","-0.04%"
"17-04-2023","40,190.00","40,505.00","40,505.00","39,720.00","0.12K","-2.83%"
"13-04-2023","41,360.00","41,840.00","42,080.00","40,000.00","1.02K","0.17%"
"12-04-2023","41,290.00","39,000.00","41,405.00","38,885.00","2.00K","3.70%"
"11-04-2023","39,815.00","40,920.00","41,490.00","39,500.00","2.66K","1.18%"
"10-04-2023","39,350.00","38,610.00","39,350.00","38,610.00","0.88K","5.99%"
"06-04-2023","37,125.00","36,745.00","37,245.00","36,240.00","3.03K","2.23%"
"05-04-2023","36,315.00","35,170.00","36,455.00","35,170.00","3.68K","3.59%"
"03-04-2023","35,055.00","35,640.00","35,700.00","34,650.00","2.92K","-1.54%"
"31-03-2023","35,605.00","35,685.00","35,890.00","35,470.00","1.73K","0.49%"
"29-03-2023","35,430.00","35,800.00","36,090.00","35,110.00","2.42K","-1.05%"
"28-03-2023","35,805.00","35,025.00","35,990.00","34,650.00","3.25K","3.13%"
"27-03-2023","34,720.00","35,260.00","35,780.00","34,560.00","3.20K","-0.70%"
"24-03-2023","34,965.00","34,890.00","35,480.00","34,825.00","3.95K","0.50%"
"23-03-2023","34,790.00","35,150.00","35,175.00","34,525.00","2.23K","-0.50%"
"22-03-2023","34,965.00","33,910.00","35,110.00","33,525.00","4.82K","3.46%"
"21-03-2023","33,795.00","32,885.00","33,940.00","32,810.00","2.75K","1.29%"
"20-03-2023","33,365.00","33,550.00","33,805.00","32,880.00","0.11K","1.68%"
"17-03-2023","32,815.00","32,815.00","33,110.00","32,625.00","0.04K","3.06%"
"16-03-2023","31,840.00","31,995.00","31,995.00","31,685.00","0.07K","-0.16%"
"15-03-2023","31,890.00","31,825.00","32,085.00","31,825.00","0.08K","-0.27%"
"14-03-2023","31,975.00","31,000.00","32,030.00","31,000.00","1.27K","3.10%"
"13-03-2023","31,015.00","30,570.00","31,095.00","30,435.00","0.98K","1.22%"
"10-03-2023","30,640.00","30,480.00","31,080.00","30,450.00","1.40K","0.92%"
"09-03-2023","30,360.00","30,300.00","30,450.00","29,900.00","1.08K","0.12%"
"08-03-2023","30,325.00","30,500.00","30,810.00","30,245.00","0.94K","1.13%"
"06-03-2023","29,985.00","30,190.00","30,190.00","29,680.00","1.30K","-0.83%"
"03-03-2023","30,235.00","29,850.00","30,370.00","29,355.00","2.16K","0.72%"
"02-03-2023","30,020.00","31,000.00","31,230.00","29,700.00","2.61K","-4.32%"
"01-03-2023","31,375.00","32,050.00","32,100.00","31,190.00","1.45K","-1.97%"
"28-02-2023","32,005.00","31,855.00","32,310.00","31,505.00","2.19K","0.25%"
"27-02-2023","31,925.00","32,040.00","32,745.00","31,720.00","2.67K","1.03%"
"24-02-2023","31,600.00","30,845.00","31,800.00","30,560.00","1.94K","2.35%"
"23-02-2023","30,875.00","31,970.00","31,970.00","30,570.00","1.77K","-1.41%"
"22-02-2023","31,315.00","30,230.00","31,720.00","30,230.00","2.16K","3.45%"
"21-02-2023","30,270.00","29,775.00","30,595.00","29,650.00","1.75K","1.58%"
"20-02-2023","29,800.00","30,315.00","30,315.00","29,525.00","1.83K","-2.28%"
"17-02-2023","30,495.00","31,520.00","31,520.00","30,330.00","1.24K","-0.99%"
"16-02-2023","30,800.00","31,010.00","31,305.00","30,620.00","1.40K","-0.77%"
"15-02-2023","31,040.00","30,600.00","31,135.00","30,010.00","1.89K","1.79%"
"14-02-2023","30,495.00","31,350.00","31,415.00","30,310.00","2.92K","-3.33%"
"13-02-2023","31,545.00","32,300.00","32,395.00","31,340.00","2.01K","-4.26%"
"10-02-2023","32,950.00","33,215.00","33,400.00","32,725.00","1.22K","-0.65%"
"09-02-2023","33,165.00","32,485.00","33,290.00","32,485.00","0.96K","1.69%"
"08-02-2023","32,615.00","32,800.00","33,130.00","32,255.00","1.55K","-0.44%"
"07-02-2023","32,760.00","32,205.00","32,900.00","32,060.00","1.79K","0.44%"
"06-02-2023","32,615.00","33,805.00","33,900.00","32,500.00","2.33K","-4.65%"
"03-02-2023","34,205.00","33,000.00","34,645.00","33,000.00","3.05K","3.70%"
"02-02-2023","32,985.00","32,385.00","33,090.00","32,150.00","2.07K","2.39%"
"01-02-2023","32,215.00","32,400.00","32,840.00","31,625.00","2.00K","-1.17%"
"31-01-2023","32,595.00","31,405.00","32,970.00","31,180.00","4.33K","2.81%"
"30-01-2023","31,705.00","31,800.00","32,100.00","31,170.00","2.96K","2.47%"
"27-01-2023","30,940.00","31,300.00","31,990.00","30,250.00","3.05K","-1.73%"
"25-01-2023","31,485.00","32,380.00","32,400.00","31,110.00","3.55K","-2.78%"
"24-01-2023","32,385.00","32,015.00","32,470.00","31,745.00","3.50K","0.53%"
"23-01-2023","32,215.00","33,930.00","34,100.00","32,215.00","3.41K","-2.01%"
"20-01-2023","32,875.00","33,000.00","33,180.00","32,860.00","0.25K","-2.42%"
"19-01-2023","33,690.00","33,810.00","33,950.00","33,540.00","0.06K","-0.62%"
"18-01-2023","33,900.00","33,900.00","33,900.00","33,900.00","0.43K","-0.03%"
"17-01-2023","33,910.00","33,720.00","34,690.00","33,720.00","0.26K","-1.27%"
"16-01-2023","34,345.00","36,790.00","36,790.00","34,000.00","1.03K","-2.91%"
"13-01-2023","35,375.00","34,460.00","35,795.00","34,360.00","1.91K","2.45%"
"12-01-2023","34,530.00","34,910.00","35,150.00","34,250.00","1.68K","-0.76%"
"11-01-2023","34,795.00","34,200.00","35,200.00","34,110.00","1.44K","1.59%"
"10-01-2023","34,250.00","35,225.00","35,275.00","34,085.00","2.02K","-3.44%"
"09-01-2023","35,470.00","34,990.00","35,620.00","34,055.00","1.96K","4.35%"
"06-01-2023","33,990.00","33,260.00","34,070.00","33,055.00","1.17K","1.60%"
"05-01-2023","33,455.00","34,625.00","34,625.00","33,250.00","1.21K","-2.06%"
"04-01-2023","34,160.00","33,480.00","34,450.00","32,960.00","1.81K","1.97%"
"03-01-2023","33,500.00","33,490.00","34,660.00","32,750.00","6.44K","1.24%"
"02-01-2023","33,090.00","31,960.00","33,090.00","31,940.00","3.71K","5.99%"
"30-12-2022","31,220.00","30,520.00","31,645.00","30,485.00","3.82K","2.76%"
"29-12-2022","30,380.00","29,825.00","30,490.00","29,810.00","2.34K","1.06%"
"28-12-2022","30,060.00","29,810.00","30,250.00","29,600.00","3.15K","1.18%"
"27-12-2022","29,710.00","29,710.00","30,050.00","29,410.00","2.20K","-0.52%"
"26-12-2022","29,865.00","29,900.00","30,250.00","29,235.00","4.84K","-0.71%"
"23-12-2022","30,080.00","29,650.00","30,390.00","29,310.00","4.34K","2.40%"
"22-12-2022","29,375.00","28,555.00","29,680.00","28,375.00","3.71K","2.44%"
"21-12-2022","28,675.00","28,875.00","29,200.00","28,265.00","3.78K","0.56%"
"20-12-2022","28,515.00","27,700.00","28,540.00","27,700.00","0.10K","2.78%"
"19-12-2022","27,745.00","27,365.00","27,760.00","27,365.00","0.13K","2.84%"
"16-12-2022","26,980.00","27,015.00","27,060.00","26,850.00","0.09K","-1.42%"
"15-12-2022","27,370.00","27,330.00","27,410.00","27,330.00","0.17K","0.15%"
"14-12-2022","27,330.00","27,090.00","27,400.00","26,930.00","1.64K","1.02%"
"13-12-2022","27,055.00","26,540.00","27,135.00","25,755.00","1.88K","1.41%"
"12-12-2022","26,680.00","26,940.00","26,940.00","26,520.00","0.97K","1.83%"
"09-12-2022","26,200.00","26,045.00","26,350.00","25,535.00","1.29K","0.79%"
"08-12-2022","25,995.00","25,650.00","26,080.00","25,650.00","1.73K","1.66%"
"07-12-2022","25,570.00","25,470.00","25,620.00","25,225.00","0.98K","0.55%"
"06-12-2022","25,430.00","25,425.00","25,700.00","25,250.00","1.27K","0.26%"
"05-12-2022","25,365.00","25,400.00","25,800.00","25,150.00","1.76K","0.98%"
"02-12-2022","25,120.00","25,200.00","25,600.00","24,765.00","2.80K","-0.46%"
"01-12-2022","25,235.00","24,700.00","25,415.00","24,700.00","2.69K","2.21%"
"30-11-2022","24,690.00","24,680.00","24,785.00","24,480.00","1.50K","0.00%"
"29-11-2022","24,690.00","24,560.00","24,895.00","24,560.00","2.42K","1.52%"
"28-11-2022","24,320.00","23,600.00","24,510.00","23,560.00","2.36K","3.18%"
"25-11-2022","23,570.00","23,880.00","24,080.00","23,420.00","2.33K","-2.10%"
"24-11-2022","24,075.00","24,450.00","24,465.00","23,960.00","1.72K","-1.51%"
"23-11-2022","24,445.00","24,535.00","24,535.00","24,150.00","1.07K","-0.14%"
"22-11-2022","24,480.00","24,800.00","24,800.00","24,420.00","2.16K","-0.99%"
"21-11-2022","24,725.00","24,750.00","24,965.00","24,465.00","2.13K","1.75%"
"18-11-2022","24,300.00","23,810.00","24,350.00","23,810.00","0.37K","0.29%"
"17-11-2022","24,230.00","24,580.00","24,580.00","23,625.00","0.10K","-1.52%"
"16-11-2022","24,605.00","24,505.00","24,640.00","24,505.00","0.22K","0.39%"
"15-11-2022","24,510.00","24,460.00","24,605.00","24,350.00","0.47K","-0.14%"
"14-11-2022","24,545.00","24,280.00","24,685.00","23,825.00","1.27K","-0.08%"
"11-11-2022","24,565.00","24,450.00","24,690.00","24,450.00","1.17K","0.70%"
"10-11-2022","24,395.00","24,830.00","24,830.00","24,305.00","1.38K","-1.89%"
"09-11-2022","24,865.00","24,810.00","25,000.00","24,710.00","2.39K","-0.12%"
"07-11-2022","24,895.00","24,900.00","25,800.00","24,650.00","2.34K","0.34%"
"04-11-2022","24,810.00","24,410.00","25,000.00","24,270.00","3.42K","1.72%"
"03-11-2022","24,390.00","24,300.00","24,570.00","24,225.00","1.32K","0.31%"
"02-11-2022","24,315.00","24,300.00","24,470.00","24,150.00","1.70K","0.37%"
"01-11-2022","24,225.00","23,805.00","24,330.00","23,745.00","1.55K","1.53%"
"31-10-2022","23,860.00","24,280.00","24,280.00","23,620.00","2.30K","-1.40%"
"28-10-2022","24,200.00","24,260.00","24,325.00","24,060.00","0.85K","-0.21%"
"27-10-2022","24,250.00","24,070.00","24,775.00","24,025.00","2.44K","0.64%"
"25-10-2022","24,095.00","23,955.00","24,125.00","23,930.00","0.23K","0.58%"
"24-10-2022","23,955.00","23,975.00","23,990.00","23,825.00","0.21K","0.15%"
"21-10-2022","23,920.00","24,085.00","24,190.00","23,800.00","0.83K","2.22%"
"20-10-2022","23,400.00","23,400.00","23,400.00","23,400.00","0.01K","1.81%"
"19-10-2022","22,985.00","22,900.00","23,150.00","22,900.00","0.12K","0.37%"
"18-10-2022","22,900.00","23,100.00","23,100.00","22,800.00","0.22K","-0.97%"
"17-10-2022","23,125.00","23,200.00","23,205.00","23,100.00","0.16K","0.11%"
"14-10-2022","23,100.00","23,410.00","23,580.00","23,050.00","2.08K","-1.99%"
"13-10-2022","23,570.00","23,550.00","23,950.00","23,510.00","1.80K","0.19%"
"12-10-2022","23,525.00","23,500.00","23,635.00","23,385.00","1.60K","-0.68%"
"11-10-2022","23,685.00","24,000.00","24,040.00","23,580.00","1.78K","-1.33%"
"10-10-2022","24,005.00","23,655.00","24,290.00","22,950.00","2.91K","1.24%"
"07-10-2022","23,710.00","23,700.00","23,815.00","23,570.00","1.39K","0.08%"
"06-10-2022","23,690.00","24,040.00","24,085.00","23,520.00","1.52K","-1.09%"
"04-10-2022","23,950.00","23,950.00","24,120.00","23,570.00","2.36K","0.06%"
"03-10-2022","23,935.00","24,600.00","24,725.00","23,780.00","2.58K","-2.64%"
"30-09-2022","24,585.00","24,450.00","24,670.00","24,450.00","1.17K","0.68%"
"29-09-2022","24,420.00","24,340.00","24,470.00","24,140.00","1.96K","0.06%"
"28-09-2022","24,405.00","24,870.00","24,915.00","24,310.00","2.47K","-1.85%"
"27-09-2022","24,865.00","24,705.00","25,040.00","24,705.00","0.86K","0.20%"
"26-09-2022","24,815.00","24,830.00","25,090.00","24,650.00","1.73K","-0.50%"
"23-09-2022","24,940.00","24,990.00","25,120.00","24,820.00","2.06K","0.12%"
"22-09-2022","24,910.00","24,860.00","24,990.00","24,640.00","2.19K","0.42%"
"21-09-2022","24,805.00","24,745.00","24,925.00","24,560.00","2.28K","3.79%"
"20-09-2022","23,900.00","23,900.00","23,900.00","23,900.00","0.05K","-1.36%"
"19-09-2022","24,230.00","24,235.00","24,340.00","23,685.00","0.06K","-1.78%"
"16-09-2022","24,670.00","24,755.00","24,760.00","24,500.00","0.07K","-0.92%"
"15-09-2022","24,900.00","24,865.00","24,915.00","24,865.00","0.07K","0.32%"
"14-09-2022","24,820.00","24,775.00","24,905.00","24,710.00","1.20K","-0.04%"
"13-09-2022","24,830.00","24,800.00","25,090.00","24,715.00","1.98K","0.47%"
"12-09-2022","24,715.00","24,440.00","24,760.00","24,260.00","2.15K","0.86%"
"09-09-2022","24,505.00","24,680.00","24,740.00","24,435.00","2.11K","-0.06%"
"08-09-2022","24,520.00","24,350.00","24,600.00","24,220.00","1.32K","0.39%"
"07-09-2022","24,425.00","24,640.00","24,770.00","24,175.00","1.73K","-0.87%"
"06-09-2022","24,640.00","25,090.00","25,090.00","24,210.00","2.47K","-1.93%"
"05-09-2022","25,125.00","25,140.00","25,185.00","24,875.00","1.92K","-0.40%"
"02-09-2022","25,225.00","25,290.00","25,445.00","24,970.00","2.15K","0.18%"
"01-09-2022","25,180.00","25,120.00","25,255.00","24,675.00","1.97K","0.10%"
"30-08-2022","25,155.00","25,195.00","25,225.00","25,020.00","1.19K","0.18%"
"29-08-2022","25,110.00","25,640.00","25,640.00","24,910.00","2.13K","-1.43%"
"26-08-2022","25,475.00","25,450.00","25,565.00","25,350.00","1.23K","0.10%"
"25-08-2022","25,450.00","25,690.00","25,830.00","25,300.00","2.77K","-1.15%"
"24-08-2022","25,745.00","24,980.00","25,860.00","24,950.00","4.85K","3.41%"
"23-08-2022","24,895.00","24,605.00","25,015.00","24,550.00","2.31K","0.77%"
"22-08-2022","24,705.00","24,930.00","24,930.00","24,610.00","1.77K","-0.82%"
"19-08-2022","24,910.00","25,440.00","25,520.00","24,765.00","4.07K","1.14%"
"18-08-2022","24,630.00","24,600.00","24,660.00","24,600.00","0.10K","0.59%"
"17-08-2022","24,485.00","24,520.00","24,540.00","24,445.00","0.40K","0.68%"
"16-08-2022","24,320.00","24,250.00","24,500.00","24,150.00","0.06K","0.14%"
"12-08-2022","24,285.00","23,450.00","24,290.00","23,450.00","0.58K","3.96%"
"11-08-2022","23,360.00","23,460.00","23,570.00","23,235.00","2.21K","-0.30%"
"10-08-2022","23,430.00","23,500.00","23,630.00","23,210.00","4.02K","-0.02%"
"08-08-2022","23,435.00","23,705.00","23,730.00","23,345.00","2.67K","-1.24%"
"05-08-2022","23,730.00","23,925.00","23,950.00","23,600.00","2.09K","-0.61%"
"04-08-2022","23,875.00","23,800.00","24,000.00","23,710.00","2.50K","0.27%"
"03-08-2022","23,810.00","24,050.00","24,050.00","23,560.00","2.45K","-1.04%"
"02-08-2022","24,060.00","24,100.00","24,200.00","23,915.00","2.10K","-0.43%"
"01-08-2022","24,165.00","23,990.00","24,440.00","23,980.00","4.53K","1.58%"
"29-07-2022","23,790.00","23,715.00","23,930.00","23,625.00","3.13K","0.23%"
"28-07-2022","23,735.00","23,640.00","23,840.00","23,535.00","1.88K","0.23%"
"27-07-2022","23,680.00","23,650.00","24,300.00","23,225.00","4.08K","0.13%"
"26-07-2022","23,650.00","23,460.00","23,700.00","23,210.00","3.87K","0.64%"
"25-07-2022","23,500.00","23,880.00","23,950.00","23,420.00","2.97K","-1.63%"
"22-07-2022","23,890.00","23,900.00","24,100.00","23,725.00","4.32K","-0.04%"
"21-07-2022","23,900.00","23,650.00","23,980.00","23,600.00","4.26K","1.85%"
"20-07-2022","23,465.00","23,390.00","23,540.00","23,390.00","0.09K","-0.57%"
"19-07-2022","23,600.00","23,400.00","23,600.00","23,260.00","0.14K","1.53%"
"18-07-2022","23,245.00","23,035.00","23,300.00","23,035.00","0.22K","2.76%"
"15-07-2022","22,620.00","22,650.00","22,650.00","22,600.00","0.17K","-0.20%"
"14-07-2022","22,665.00","22,870.00","23,035.00","22,630.00","0.97K","-0.37%"
"13-07-2022","22,750.00","22,760.00","22,900.00","22,470.00","1.37K","0.55%"
"12-07-2022","22,625.00","21,815.00","22,790.00","21,760.00","2.71K","3.59%"
"11-07-2022","21,840.00","21,850.00","21,955.00","21,670.00","2.07K","0.28%"
"08-07-2022","21,780.00","21,930.00","21,930.00","21,595.00","2.44K","0.35%"
"07-07-2022","21,705.00","22,020.00","22,090.00","21,530.00","2.29K","-1.32%"
"06-07-2022","21,995.00","21,805.00","22,105.00","21,700.00","2.13K","0.53%"
"05-07-2022","21,880.00","21,875.00","22,240.00","21,830.00","2.92K","-0.50%"
"04-07-2022","21,990.00","21,660.00","22,070.00","21,560.00","4.31K","2.11%"
"01-07-2022","21,535.00","21,325.00","21,600.00","21,195.00","2.16K","1.06%"
"30-06-2022","21,310.00","21,240.00","21,400.00","21,060.00","2.15K","0.57%"
"29-06-2022","21,190.00","21,430.00","21,495.00","21,030.00","2.60K","-0.84%"
"28-06-2022","21,370.00","21,340.00","21,445.00","21,250.00","2.11K","0.23%"
"27-06-2022","21,320.00","21,100.00","21,360.00","20,960.00","2.24K","1.19%"
"24-06-2022","21,070.00","21,095.00","21,255.00","20,960.00","1.74K","-0.09%"
"23-06-2022","21,090.00","20,660.00","21,140.00","20,660.00","2.81K","1.64%"
"22-06-2022","20,750.00","20,760.00","20,850.00","20,675.00","1.13K","-0.17%"
"21-06-2022","20,785.00","20,650.00","20,930.00","20,550.00","1.54K","0.61%"
"20-06-2022","20,660.00","20,810.00","20,860.00","20,500.00","0.13K","-1.99%"
"17-06-2022","21,080.00","21,100.00","21,160.00","20,900.00","0.23K","-0.33%"
"16-06-2022","21,150.00","21,225.00","21,335.00","21,015.00","0.14K","-0.38%"
"15-06-2022","21,230.00","21,200.00","21,240.00","21,190.00","0.23K","0.59%"
"14-06-2022","21,105.00","21,225.00","21,225.00","21,050.00","1.17K","-0.59%"
"13-06-2022","21,230.00","21,235.00","21,500.00","21,170.00","2.32K","0.26%"
"10-06-2022","21,175.00","20,905.00","21,300.00","20,850.00","2.85K","0.19%"
"09-06-2022","21,135.00","21,250.00","21,370.00","21,055.00","1.83K","-0.77%"
"08-06-2022","21,300.00","21,295.00","21,320.00","21,220.00","2.15K","0.40%"
"07-06-2022","21,215.00","21,275.00","21,480.00","21,165.00","2.52K","-0.28%"
"06-06-2022","21,275.00","21,430.00","21,430.00","21,250.00","0.88K","-0.09%"
"03-06-2022","21,295.00","21,000.00","21,420.00","20,955.00","2.39K","1.16%"
"02-06-2022","21,050.00","20,960.00","21,105.00","20,880.00","1.34K","0.45%"
"01-06-2022","20,955.00","21,190.00","21,220.00","20,875.00","2.52K","-1.13%"
"31-05-2022","21,195.00","21,380.00","21,545.00","20,935.00","2.50K","-1.00%"
"30-05-2022","21,410.00","21,480.00","21,615.00","21,345.00","1.25K","-0.23%"
"27-05-2022","21,460.00","21,380.00","21,650.00","21,380.00","1.48K","0.52%"
"26-05-2022","21,350.00","21,225.00","21,440.00","21,175.00","1.37K","0.33%"
"25-05-2022","21,280.00","21,675.00","21,700.00","21,110.00","3.17K","-2.14%"
"24-05-2022","21,745.00","21,685.00","21,790.00","21,515.00","1.35K","0.39%"
"23-05-2022","21,660.00","21,865.00","21,890.00","21,440.00","1.88K","0.49%"
"20-05-2022","21,555.00","21,750.00","21,750.00","21,750.00","0.17K","0.00%"
"19-05-2022","21,555.00","21,765.00","21,765.00","21,400.00","0.02K","-1.40%"
"18-05-2022","21,860.00","21,930.00","21,930.00","21,830.00","0.03K","-1.31%"
"17-05-2022","22,150.00","22,150.00","22,150.00","22,150.00","0.02K","0.45%"
"16-05-2022","22,050.00","22,070.00","22,315.00","22,020.00","0.68K","1.12%"
"13-05-2022","21,805.00","21,665.00","22,050.00","21,650.00","1.22K","1.00%"
"12-05-2022","21,590.00","21,030.00","21,700.00","20,905.00","1.21K","2.69%"
"11-05-2022","21,025.00","20,745.00","21,090.00","20,740.00","1.48K","1.33%"
"10-05-2022","20,750.00","20,870.00","20,870.00","20,615.00","3.74K","-0.65%"
"09-05-2022","20,885.00","21,050.00","21,170.00","20,845.00","2.96K","-0.45%"
"06-05-2022","20,980.00","20,715.00","21,000.00","20,470.00","2.84K","0.96%"
"05-05-2022","20,780.00","21,530.00","21,530.00","20,545.00","4.90K","-2.90%"
"04-05-2022","21,400.00","21,475.00","21,650.00","21,280.00","3.04K","-0.35%"
"03-05-2022","21,475.00","21,475.00","21,475.00","21,475.00","","0.00%"
"02-05-2022","21,475.00","21,925.00","21,925.00","21,370.00","2.86K","-1.87%"
"29-04-2022","21,885.00","22,035.00","22,180.00","21,825.00","2.41K","-0.68%"
"28-04-2022","22,035.00","22,280.00","22,340.00","21,925.00","2.22K","-1.17%"
"27-04-2022","22,295.00","22,160.00","22,340.00","21,900.00","2.67K","0.75%"
"26-04-2022","22,130.00","22,410.00","22,585.00","21,870.00","3.44K","-1.40%"
"25-04-2022","22,445.00","22,420.00","22,685.00","22,350.00","3.54K","0.31%"
"22-04-2022","22,375.00","22,605.00","22,660.00","22,280.00","2.44K","-1.21%"
"21-04-2022","22,650.00","22,130.00","22,700.00","22,105.00","4.59K","3.69%"
"20-04-2022","21,845.00","21,775.00","21,900.00","21,775.00","0.02K","-0.18%"
"19-04-2022","21,885.00","21,950.00","21,990.00","21,550.00","0.04K","0.34%"
"18-04-2022","21,810.00","22,200.00","22,200.00","21,760.00","0.23K","-2.87%"
"14-04-2022","22,455.00","22,455.00","22,455.00","22,455.00","","0.00%"
"13-04-2022","22,455.00","22,655.00","22,710.00","22,130.00","0.31K","-0.53%"
"12-04-2022","22,575.00","22,450.00","22,620.00","22,320.00","1.72K","1.03%"
"11-04-2022","22,345.00","22,330.00","22,640.00","22,110.00","2.92K","0.09%"
"08-04-2022","22,325.00","22,605.00","22,695.00","22,280.00","2.96K","-1.57%"
"07-04-2022","22,680.00","22,785.00","23,010.00","22,595.00","2.54K","-0.48%"
"06-04-2022","22,790.00","22,975.00","23,110.00","22,690.00","2.54K","-1.43%"
"05-04-2022","23,120.00","22,580.00","23,240.00","22,520.00","5.65K","2.92%"
"04-04-2022","22,465.00","22,580.00","22,870.00","22,250.00","5.87K","0.22%"
"01-04-2022","22,415.00","21,530.00","22,665.00","21,515.00","6.05K","4.11%"
"31-03-2022","21,530.00","21,450.00","21,640.00","21,125.00","3.53K","0.65%"
"30-03-2022","21,390.00","21,835.00","21,835.00","21,330.00","2.29K","-1.34%"
"29-03-2022","21,680.00","21,740.00","21,890.00","21,590.00","1.76K","-0.12%"
"28-03-2022","21,705.00","21,560.00","21,770.00","21,450.00","2.48K","0.14%"
"25-03-2022","21,675.00","21,700.00","21,850.00","21,410.00","3.81K","-0.41%"
"24-03-2022","21,765.00","21,715.00","21,980.00","21,535.00","4.10K","0.23%"
"23-03-2022","21,715.00","21,300.00","21,780.00","21,260.00","5.50K","2.09%"
"22-03-2022","21,270.00","20,585.00","21,330.00","20,310.00","4.43K","2.36%"
"21-03-2022","20,780.00","20,890.00","20,955.00","20,655.00","2.57K","-0.17%"
"18-03-2022","20,815.00","20,815.00","20,815.00","20,815.00","","1.66%"
"17-03-2022","20,475.00","20,450.00","20,600.00","20,280.00","0.17K","1.04%"
"16-03-2022","20,265.00","20,300.00","20,400.00","20,100.00","0.50K","-0.76%"
"15-03-2022","20,420.00","20,650.00","20,650.00","20,380.00","0.10K","-2.76%"
"14-03-2022","21,000.00","21,190.00","21,195.00","20,885.00","0.76K","0.53%"
"11-03-2022","20,890.00","21,010.00","21,400.00","20,400.00","4.10K","-0.48%"
"10-03-2022","20,990.00","21,090.00","21,450.00","20,900.00","3.23K","0.00%"
"09-03-2022","20,990.00","20,650.00","21,250.00","20,580.00","3.29K","2.32%"
"08-03-2022","20,515.00","20,265.00","20,630.00","19,350.00","5.27K","1.79%"
"07-03-2022","20,155.00","20,675.00","20,685.00","19,965.00","2.86K","-2.70%"
"04-03-2022","20,715.00","21,095.00","21,130.00","20,630.00","2.77K","-1.73%"
"03-03-2022","21,080.00","21,115.00","21,440.00","20,740.00","3.29K","0.36%"
"02-03-2022","21,005.00","20,875.00","21,375.00","20,575.00","2.85K","-0.69%"
"01-03-2022","21,150.00","21,150.00","21,150.00","21,150.00","","0.00%"
"28-02-2022","21,150.00","21,640.00","21,640.00","20,820.00","4.81K","-3.20%"
"25-02-2022","21,850.00","20,890.00","21,945.00","20,870.00","6.56K","5.43%"
"24-02-2022","20,725.00","21,860.00","21,870.00","20,670.00","9.20K","-5.73%"
"23-02-2022","21,985.00","22,365.00","22,585.00","21,875.00","6.85K","-1.32%"
"22-02-2022","22,280.00","21,705.00","22,490.00","21,455.00","8.45K","2.06%"
"21-02-2022","21,830.00","22,175.00","22,500.00","21,705.00","8.39K","-1.29%"
"18-02-2022","22,115.00","21,680.00","22,140.00","21,590.00","6.25K","2.43%"
"17-02-2022","21,590.00","21,150.00","21,675.00","21,070.00","5.58K","2.54%"
"16-02-2022","21,055.00","21,085.00","21,250.00","20,865.00","4.45K","0.00%"
"15-02-2022","21,055.00","21,300.00","21,430.00","20,995.00","4.37K","-1.45%"
"14-02-2022","21,365.00","21,180.00","21,440.00","21,015.00","5.47K","2.42%"
"11-02-2022","20,860.00","21,025.00","21,100.00","20,695.00","3.81K","-0.67%"
"10-02-2022","21,000.00","20,645.00","21,070.00","20,620.00","4.83K","1.23%"
"09-02-2022","20,745.00","20,940.00","21,200.00","20,515.00","6.22K","-0.72%"
"08-02-2022","20,895.00","20,200.00","20,940.00","20,075.00","5.98K","3.11%"
"07-02-2022","20,265.00","20,500.00","20,700.00","20,210.00","6.76K","0.45%"
"04-02-2022","20,175.00","19,985.00","20,440.00","19,985.00","6.38K","1.38%"
"03-02-2022","19,900.00","19,150.00","20,140.00","19,080.00","6.68K","4.13%"
"02-02-2022","19,110.00","19,265.00","19,290.00","19,055.00","1.80K","-0.93%"
"01-02-2022","19,290.00","19,500.00","19,640.00","19,180.00","2.53K","-0.90%"
"31-01-2022","19,465.00","19,400.00","19,620.00","19,325.00","2.83K","0.54%"
"28-01-2022","19,360.00","19,435.00","19,600.00","19,225.00","5.25K","-0.46%"
"27-01-2022","19,450.00","19,950.00","19,950.00","19,310.00","6.50K","0.96%"
"25-01-2022","19,265.00","18,930.00","19,330.00","18,725.00","3.85K","2.34%"
"24-01-2022","18,825.00","18,430.00","18,935.00","18,430.00","5.30K","2.84%"
"21-01-2022","18,305.00","18,050.00","18,390.00","18,010.00","2.63K","5.69%"
"20-01-2022","17,320.00","17,450.00","17,450.00","17,295.00","0.11K","-1.65%"
"19-01-2022","17,610.00","17,650.00","17,650.00","17,450.00","0.02K","0.20%"
"18-01-2022","17,575.00","17,500.00","17,620.00","17,500.00","0.12K","0.57%"
"17-01-2022","17,475.00","17,400.00","17,500.00","17,310.00","0.84K","0.32%"
"14-01-2022","17,420.00","17,190.00","17,515.00","17,190.00","0.77K","-0.23%"
"13-01-2022","17,460.00","17,700.00","17,780.00","17,430.00","1.42K","-1.24%"
"12-01-2022","17,680.00","17,600.00","17,750.00","17,465.00","2.24K","1.12%"
"11-01-2022","17,485.00","17,370.00","17,500.00","17,140.00","1.76K","0.55%"
"10-01-2022","17,390.00","17,360.00","17,615.00","17,250.00","1.44K","1.05%"
"07-01-2022","17,210.00","17,030.00","17,385.00","17,000.00","2.40K","1.41%"
"06-01-2022","16,970.00","17,115.00","17,125.00","16,770.00","2.01K","-0.15%"
"05-01-2022","16,995.00","16,910.00","17,100.00","16,840.00","2.60K","0.65%"
"04-01-2022","16,885.00","16,600.00","16,900.00","16,560.00","3.08K","1.66%"
"03-01-2022","16,610.00","16,385.00","16,750.00","16,385.00","4.13K","2.18%"
"31-12-2021","16,255.00","16,020.00","16,295.00","15,910.00","3.06K","1.18%"
"30-12-2021","16,065.00","16,080.00","16,130.00","16,045.00","0.89K","-0.37%"
"29-12-2021","16,125.00","16,175.00","16,200.00","16,070.00","1.10K","-0.40%"
"28-12-2021","16,190.00","16,230.00","16,255.00","16,160.00","1.04K","0.12%"
"27-12-2021","16,170.00","16,210.00","16,240.00","16,115.00","0.87K","-0.15%"
"24-12-2021","16,195.00","16,310.00","16,310.00","16,080.00","2.38K","-0.31%"
"23-12-2021","16,245.00","16,180.00","16,290.00","16,150.00","1.14K","0.22%"
"22-12-2021","16,210.00","16,330.00","16,330.00","16,105.00","2.40K","-0.83%"
"21-12-2021","16,345.00","16,340.00","16,545.00","16,260.00","3.78K","0.96%"
"20-12-2021","16,190.00","16,050.00","16,200.00","16,040.00","1.09K","-0.06%"
"17-12-2021","16,200.00","16,160.00","16,240.00","16,130.00","0.11K","0.75%"
"16-12-2021","16,080.00","16,050.00","16,115.00","16,050.00","0.04K","-0.03%"
"15-12-2021","16,085.00","16,370.00","16,370.00","16,060.00","0.51K","0.22%"
"14-12-2021","16,050.00","15,745.00","16,075.00","15,745.00","2.11K","1.07%"
"13-12-2021","15,880.00","15,950.00","16,035.00","15,840.00","0.96K","-0.28%"
"10-12-2021","15,925.00","16,030.00","16,050.00","15,880.00","0.99K","-0.87%"
"09-12-2021","16,065.00","15,965.00","16,140.00","15,925.00","1.50K","0.19%"
"08-12-2021","16,035.00","16,195.00","16,195.00","15,970.00","0.84K","-0.71%"
"07-12-2021","16,150.00","16,045.00","16,180.00","15,910.00","1.73K","0.37%"
"06-12-2021","16,090.00","16,010.00","16,290.00","15,950.00","2.54K","2.71%"
"03-12-2021","15,665.00","15,440.00","15,680.00","15,430.00","1.45K","0.58%"
"02-12-2021","15,575.00","15,810.00","15,860.00","15,530.00","2.18K","-2.41%"
"01-12-2021","15,960.00","16,000.00","16,100.00","15,770.00","2.20K","-0.13%"
"30-11-2021","15,980.00","16,035.00","16,110.00","15,830.00","1.47K","0.35%"
"29-11-2021","15,925.00","15,900.00","16,100.00","15,665.00","3.11K","0.76%"
"26-11-2021","15,805.00","15,920.00","16,005.00","15,680.00","3.33K","-1.06%"
"25-11-2021","15,975.00","16,350.00","16,350.00","15,920.00","3.78K","-2.35%"
"24-11-2021","16,360.00","16,490.00","16,675.00","16,325.00","2.22K","-0.70%"
"23-11-2021","16,475.00","16,270.00","16,540.00","16,215.00","2.99K","1.32%"
"22-11-2021","16,260.00","16,520.00","16,600.00","16,120.00","3.53K","-1.63%"
"19-11-2021","16,530.00","16,530.00","16,530.00","16,530.00","","-0.27%"
"18-11-2021","16,575.00","16,700.00","16,700.00","16,450.00","0.04K","2.31%"
"17-11-2021","16,200.00","16,200.00","16,200.00","16,200.00","0.02K","1.12%"
"16-11-2021","16,020.00","16,000.00","16,040.00","16,000.00","0.01K","-0.34%"
"15-11-2021","16,075.00","16,120.00","16,230.00","16,000.00","0.17K","1.45%"
"12-11-2021","15,845.00","15,580.00","15,965.00","15,580.00","1.21K","2.00%"
"11-11-2021","15,535.00","15,350.00","15,650.00","15,245.00","1.35K","1.70%"
"10-11-2021","15,275.00","15,500.00","15,590.00","15,200.00","1.44K","-1.61%"
"09-11-2021","15,525.00","15,570.00","15,580.00","15,485.00","1.66K","-0.29%"
"08-11-2021","15,570.00","15,400.00","15,585.00","15,400.00","2.06K","1.37%"
"05-11-2021","15,360.00","15,360.00","15,360.00","15,360.00","","0.00%"
"04-11-2021","15,360.00","15,370.00","15,430.00","15,340.00","0.58K","0.52%"
"03-11-2021","15,280.00","15,195.00","15,350.00","15,100.00","2.07K","0.99%"
"02-11-2021","15,130.00","15,145.00","15,280.00","15,100.00","1.11K","-0.03%"
"01-11-2021","15,135.00","15,000.00","15,230.00","15,000.00","1.67K","1.14%"
"29-10-2021","14,965.00","15,095.00","15,155.00","14,900.00","1.09K","-0.53%"
"28-10-2021","15,045.00","15,170.00","15,380.00","14,855.00","2.12K","-1.54%"
"27-10-2021","15,280.00","15,170.00","15,345.00","15,155.00","2.04K","0.59%"
"26-10-2021","15,190.00","15,090.00","15,320.00","15,060.00","2.86K","1.03%"
"25-10-2021","15,035.00","14,770.00","15,125.00","14,730.00","2.69K","2.35%"
"22-10-2021","14,690.00","14,740.00","14,770.00","14,615.00","0.95K","-0.17%"
"21-10-2021","14,715.00","14,575.00","14,750.00","14,575.00","1.62K","2.19%"
"20-10-2021","14,400.00","14,400.00","14,400.00","14,400.00","0.26K","-1.13%"
"19-10-2021","14,565.00","14,625.00","14,625.00","14,530.00","0.07K","-0.51%"
"18-10-2021","14,640.00","14,600.00","14,695.00","14,600.00","0.20K","0.21%"
"15-10-2021","14,610.00","14,610.00","14,610.00","14,610.00","","0.00%"
"14-10-2021","14,610.00","14,600.00","14,610.00","14,600.00","0.06K","0.34%"
"13-10-2021","14,560.00","14,850.00","14,900.00","14,460.00","1.34K","-1.42%"
"12-10-2021","14,770.00","14,575.00","15,120.00","14,565.00","1.46K","1.58%"
"11-10-2021","14,540.00","14,410.00","14,610.00","14,410.00","1.07K","0.83%"
"08-10-2021","14,420.00","14,395.00","14,515.00","14,350.00","1.03K","0.00%"
"07-10-2021","14,420.00","14,400.00","14,580.00","14,400.00","1.13K","0.00%"
"06-10-2021","14,420.00","14,405.00","14,485.00","14,325.00","0.44K","0.21%"
"05-10-2021","14,390.00","14,355.00","14,490.00","14,320.00","0.49K","0.49%"
"04-10-2021","14,320.00","14,425.00","14,430.00","14,225.00","0.74K","-1.24%"
"01-10-2021","14,500.00","14,620.00","14,620.00","14,460.00","0.90K","-0.89%"
"30-09-2021","14,630.00","14,780.00","14,835.00","14,605.00","1.05K","-0.91%"
"29-09-2021","14,765.00","14,720.00","14,795.00","14,650.00","1.04K","0.54%"
"28-09-2021","14,685.00","14,540.00","14,790.00","14,505.00","1.01K","1.00%"
"27-09-2021","14,540.00","14,400.00","14,690.00","14,400.00","1.72K","1.15%"
"24-09-2021","14,375.00","14,230.00","14,445.00","14,230.00","1.24K","1.16%"
"23-09-2021","14,210.00","14,225.00","14,250.00","14,095.00","0.63K","0.14%"
"22-09-2021","14,190.00","14,380.00","14,380.00","14,160.00","0.99K","-1.11%"
"21-09-2021","14,350.00","14,150.00","14,390.00","14,150.00","1.13K","3.20%"
"20-09-2021","13,905.00","14,000.00","14,000.00","13,820.00","0.08K","-2.22%"
"17-09-2021","14,220.00","14,400.00","14,400.00","14,150.00","0.04K","-2.60%"
"16-09-2021","14,600.00","14,600.00","14,600.00","14,600.00","","0.69%"
"15-09-2021","14,500.00","14,525.00","14,545.00","14,450.00","0.30K","1.93%"
"14-09-2021","14,225.00","14,180.00","14,380.00","14,160.00","1.30K","-0.21%"
"13-09-2021","14,255.00","14,400.00","14,430.00","14,240.00","1.01K","-1.52%"
"10-09-2021","14,475.00","14,475.00","14,475.00","14,475.00","","0.00%"
"09-09-2021","14,475.00","14,615.00","14,700.00","14,415.00","2.13K","-1.16%"
"08-09-2021","14,645.00","14,555.00","14,735.00","14,555.00","1.12K","0.65%"
"07-09-2021","14,550.00","14,550.00","14,650.00","14,420.00","0.92K","0.87%"
"06-09-2021","14,425.00","14,405.00","14,620.00","14,400.00","0.66K","-0.17%"
"03-09-2021","14,450.00","14,470.00","14,675.00","14,320.00","0.98K","-0.34%"
"02-09-2021","14,500.00","14,400.00","14,760.00","14,355.00","1.59K","0.45%"
"01-09-2021","14,435.00","14,375.00","14,490.00","14,250.00","0.99K","-0.03%"
"31-08-2021","14,440.00","14,610.00","14,810.00","14,360.00","1.07K","-1.50%"
"30-08-2021","14,660.00","14,575.00","14,840.00","14,440.00","1.59K","0.41%"
"27-08-2021","14,600.00","15,005.00","15,210.00","14,460.00","2.67K","-3.05%"
"26-08-2021","15,060.00","15,390.00","15,450.00","14,955.00","2.97K","-3.09%"
"25-08-2021","15,540.00","15,535.00","15,915.00","15,450.00","4.77K","0.94%"
"24-08-2021","15,395.00","14,700.00","15,470.00","14,650.00","4.59K","4.98%"
"23-08-2021","14,665.00","14,480.00","14,700.00","14,365.00","1.55K","3.13%"
"20-08-2021","14,220.00","14,490.00","14,490.00","14,490.00","","0.11%"
"19-08-2021","14,205.00","14,205.00","14,205.00","14,205.00","","0.00%"
"18-08-2021","14,205.00","14,205.00","14,205.00","14,205.00","","1.43%"
"17-08-2021","14,005.00","14,005.00","14,005.00","14,005.00","","2.19%"
"16-08-2021","13,705.00","13,600.00","13,730.00","13,600.00","0.09K","3.75%"
"13-08-2021","13,210.00","13,295.00","13,465.00","13,150.00","1.52K","-0.11%"
"12-08-2021","13,225.00","13,025.00","13,280.00","13,025.00","1.16K","1.38%"
"11-08-2021","13,045.00","13,145.00","13,150.00","13,025.00","1.35K","-0.50%"
"10-08-2021","13,110.00","13,155.00","13,195.00","13,075.00","1.35K","-0.79%"
"09-08-2021","13,215.00","13,375.00","13,375.00","13,160.00","0.80K","-1.01%"
"06-08-2021","13,350.00","13,525.00","13,525.00","13,320.00","0.79K","-0.82%"
"05-08-2021","13,460.00","13,320.00","13,520.00","13,320.00","1.52K","1.16%"
"04-08-2021","13,305.00","13,225.00","13,330.00","13,210.00","0.59K","0.30%"
"03-08-2021","13,265.00","13,255.00","13,285.00","13,160.00","0.68K","0.11%"
"02-08-2021","13,250.00","13,265.00","13,420.00","13,185.00","0.60K","-0.26%"
"30-07-2021","13,285.00","13,270.00","13,345.00","13,235.00","0.65K","0.57%"
"29-07-2021","13,210.00","13,170.00","13,295.00","13,170.00","0.50K","0.34%"
"28-07-2021","13,165.00","13,305.00","13,330.00","13,135.00","0.97K","-1.35%"
"27-07-2021","13,345.00","13,365.00","13,420.00","13,325.00","0.38K","-0.41%"
"26-07-2021","13,400.00","13,560.00","13,600.00","13,285.00","1.23K","-1.69%"
"23-07-2021","13,630.00","13,620.00","13,670.00","13,580.00","0.62K","0.37%"
"22-07-2021","13,580.00","13,575.00","13,685.00","13,475.00","1.10K","0.26%"
"21-07-2021","13,545.00","13,545.00","13,545.00","13,545.00","","0.56%"
"20-07-2021","13,470.00","13,450.00","13,490.00","13,445.00","0.09K","0.04%"
"19-07-2021","13,465.00","13,380.00","13,500.00","13,380.00","0.27K","1.05%"
"16-07-2021","13,325.00","13,260.00","13,360.00","13,260.00","0.12K","1.10%"
"15-07-2021","13,180.00","13,200.00","13,220.00","13,160.00","0.07K","0.88%"
"14-07-2021","13,065.00","12,985.00","13,100.00","12,985.00","1.02K","0.42%"
"13-07-2021","13,010.00","13,040.00","13,045.00","12,955.00","1.05K","-0.31%"
"12-07-2021","13,050.00","13,095.00","13,100.00","13,045.00","0.98K","-0.38%"
"09-07-2021","13,100.00","13,160.00","13,180.00","13,060.00","1.21K","-0.46%"
"08-07-2021","13,160.00","13,165.00","13,185.00","13,100.00","0.81K","-0.15%"
"07-07-2021","13,180.00","13,195.00","13,230.00","13,150.00","0.91K","0.04%"
"06-07-2021","13,175.00","13,200.00","13,230.00","13,150.00","0.80K","-0.08%"
"05-07-2021","13,185.00","13,180.00","13,330.00","13,150.00","0.60K","-0.23%"
"02-07-2021","13,215.00","13,130.00","13,250.00","13,120.00","1.12K","0.69%"
"01-07-2021","13,125.00","13,380.00","13,400.00","13,100.00","1.21K","-1.91%"
"30-06-2021","13,380.00","13,440.00","13,450.00","13,355.00","0.37K","-0.71%"
"29-06-2021","13,475.00","13,450.00","13,505.00","13,360.00","0.45K","0.04%"
"28-06-2021","13,470.00","13,545.00","13,570.00","13,440.00","0.46K","-0.66%"
"25-06-2021","13,560.00","13,370.00","13,580.00","13,350.00","1.29K","1.23%"
"24-06-2021","13,395.00","13,430.00","13,445.00","13,370.00","0.27K","-0.45%"
"23-06-2021","13,455.00","13,495.00","13,495.00","13,420.00","0.44K","-0.19%"
"22-06-2021","13,480.00","13,350.00","13,500.00","13,340.00","0.87K","1.01%"
"21-06-2021","13,345.00","13,300.00","13,395.00","13,300.00","0.56K","-2.16%"
"18-06-2021","13,640.00","13,280.00","13,280.00","13,280.00","","-0.47%"
"17-06-2021","13,705.00","13,705.00","13,705.00","13,705.00","","1.97%"
"16-06-2021","13,440.00","13,440.00","13,440.00","13,440.00","0.01K","0.00%"
"15-06-2021","13,440.00","13,440.00","13,440.00","13,440.00","0.08K","0.00%"
"14-06-2021","13,440.00","13,575.00","13,610.00","13,400.00","1.45K","-1.29%"
"11-06-2021","13,615.00","13,540.00","13,710.00","13,535.00","1.28K","0.48%"
"10-06-2021","13,550.00","13,655.00","13,655.00","13,535.00","1.70K","-0.77%"
"09-06-2021","13,655.00","13,760.00","13,795.00","13,610.00","1.17K","-0.76%"
"08-06-2021","13,760.00","13,845.00","13,900.00","13,740.00","1.03K","-0.36%"
"07-06-2021","13,810.00","13,720.00","13,910.00","13,705.00","1.38K","0.66%"
"04-06-2021","13,720.00","13,700.00","13,745.00","13,680.00","0.41K","-0.22%"
"03-06-2021","13,750.00","13,690.00","13,775.00","13,665.00","0.70K","0.29%"
"02-06-2021","13,710.00","13,750.00","13,750.00","13,640.00","0.52K","0.00%"
"01-06-2021","13,710.00","13,750.00","13,750.00","13,690.00","0.42K","-0.40%"
"31-05-2021","13,765.00","13,800.00","13,835.00","13,740.00","0.87K","-0.51%"
"28-05-2021","13,835.00","13,855.00","13,885.00","13,780.00","0.57K","-0.14%"
"27-05-2021","13,855.00","13,780.00","13,950.00","13,780.00","0.76K","0.62%"
"26-05-2021","13,770.00","13,745.00","13,805.00","13,720.00","0.38K","0.11%"
"25-05-2021","13,755.00","13,695.00","13,795.00","13,695.00","0.76K","0.18%"
"24-05-2021","13,730.00","13,910.00","13,945.00","13,675.00","1.49K","-1.65%"
"21-05-2021","13,960.00","13,970.00","14,070.00","13,920.00","0.61K","0.11%"
"20-05-2021","13,945.00","13,900.00","13,980.00","13,900.00","0.02K","0.65%"
"19-05-2021","13,855.00","13,860.00","13,860.00","13,850.00","0.01K","0.54%"
"18-05-2021","13,780.00","13,780.00","13,780.00","13,780.00","0.01K","0.00%"
"17-05-2021","13,780.00","14,040.00","14,040.00","13,710.00","0.07K","-1.25%"
"14-05-2021","13,955.00","14,020.00","14,150.00","13,905.00","1.52K","-0.29%"
"13-05-2021","13,995.00","13,995.00","13,995.00","13,995.00","","0.00%"
"12-05-2021","13,995.00","13,720.00","14,115.00","13,670.00","0.96K","1.86%"
"11-05-2021","13,740.00","13,700.00","13,750.00","13,685.00","0.85K","0.04%"
"10-05-2021","13,735.00","13,850.00","13,935.00","13,700.00","1.93K","-0.69%"
"07-05-2021","13,830.00","13,810.00","13,875.00","13,800.00","0.71K","-0.58%"
"06-05-2021","13,910.00","13,930.00","13,935.00","13,875.00","0.78K","0.14%"
"05-05-2021","13,890.00","14,050.00","14,065.00","13,875.00","0.74K","-0.96%"
"04-05-2021","14,025.00","13,875.00","14,050.00","13,875.00","0.72K","0.79%"
"03-05-2021","13,915.00","13,830.00","13,985.00","13,830.00","0.56K","0.11%"
"30-04-2021","13,900.00","14,000.00","14,005.00","13,850.00","1.14K","-0.71%"
"29-04-2021","14,000.00","13,920.00","14,060.00","13,910.00","0.76K","0.76%"
"28-04-2021","13,895.00","13,855.00","13,935.00","13,750.00","0.68K","0.18%"
"27-04-2021","13,870.00","13,790.00","13,880.00","13,745.00","0.74K","0.76%"
"26-04-2021","13,765.00","14,005.00","14,005.00","13,730.00","2.03K","-2.45%"
"23-04-2021","14,110.00","14,230.00","14,245.00","14,075.00","0.74K","-0.67%"
"22-04-2021","14,205.00","14,200.00","14,380.00","14,115.00","1.03K","0.82%"
"21-04-2021","14,090.00","14,090.00","14,090.00","14,090.00","","0.64%"
"20-04-2021","14,000.00","14,000.00","14,000.00","14,000.00","0.02K","-0.71%"
"19-04-2021","14,100.00","14,230.00","14,230.00","14,050.00","0.14K","-0.63%"
"16-04-2021","14,190.00","14,190.00","14,190.00","14,190.00","0.02K","0.00%"
"15-04-2021","14,190.00","14,100.00","14,255.00","14,100.00","0.11K","1.47%"
"14-04-2021","13,985.00","13,985.00","13,985.00","13,985.00","","0.00%"
"13-04-2021","13,985.00","13,995.00","14,090.00","13,905.00","0.83K","-0.21%"
"12-04-2021","14,015.00","14,005.00","14,085.00","13,975.00","1.20K","-1.13%"
"09-04-2021","14,175.00","14,315.00","14,390.00","14,145.00","1.29K","-0.70%"
"08-04-2021","14,275.00","14,465.00","14,465.00","14,225.00","0.88K","-1.59%"
"07-04-2021","14,505.00","14,650.00","14,705.00","14,450.00","0.95K","-1.36%"
"06-04-2021","14,705.00","14,620.00","14,790.00","14,570.00","1.94K","0.62%"
"05-04-2021","14,615.00","14,550.00","14,655.00","13,880.00","2.59K","1.18%"
"01-04-2021","14,445.00","14,670.00","14,670.00","14,365.00","1.91K","-1.80%"
"31-03-2021","14,710.00","14,720.00","14,750.00","14,670.00","0.64K","-0.41%"
"30-03-2021","14,770.00","14,825.00","14,900.00","14,710.00","0.93K","0.07%"
"29-03-2021","14,760.00","14,760.00","14,760.00","14,760.00","","0.00%"
"26-03-2021","14,760.00","14,800.00","14,835.00","14,680.00","0.37K","-0.40%"
"25-03-2021","14,820.00","14,700.00","14,870.00","14,700.00","0.61K","-0.03%"
"24-03-2021","14,825.00","14,930.00","14,955.00","14,745.00","1.24K","-0.67%"
"23-03-2021","14,925.00","14,775.00","14,960.00","14,735.00","1.44K","0.98%"
"22-03-2021","14,780.00","14,790.00","14,815.00","14,665.00","0.87K","0.89%"
"19-03-2021","14,650.00","14,650.00","14,650.00","14,640.00","0.05K","0.00%"
"18-03-2021","14,650.00","14,650.00","14,650.00","14,650.00","0.01K","-0.24%"
"17-03-2021","14,685.00","14,685.00","14,685.00","14,685.00","","0.00%"
"16-03-2021","14,685.00","14,795.00","14,795.00","14,600.00","0.08K","-0.58%"
"15-03-2021","14,770.00","14,300.00","14,830.00","14,300.00","1.00K","3.25%"
"12-03-2021","14,305.00","13,950.00","14,380.00","13,890.00","1.13K","3.29%"
"10-03-2021","13,850.00","13,850.00","13,910.00","13,795.00","0.44K","0.36%"
"09-03-2021","13,800.00","13,920.00","13,920.00","13,785.00","0.52K","-0.29%"
"08-03-2021","13,840.00","13,900.00","13,975.00","13,780.00","0.71K","-0.22%"
"05-03-2021","13,870.00","13,835.00","13,970.00","13,785.00","0.19K","0.18%"
"04-03-2021","13,845.00","14,140.00","14,195.00","13,780.00","1.02K","-1.88%"
"03-03-2021","14,110.00","13,730.00","14,145.00","13,690.00","1.44K","2.66%"
"02-03-2021","13,745.00","13,625.00","13,745.00","13,485.00","0.43K","1.97%"
"01-03-2021","13,480.00","13,470.00","13,600.00","13,440.00","0.30K","0.04%"
"26-02-2021","13,475.00","13,685.00","13,760.00","13,430.00","0.53K","-1.35%"
"25-02-2021","13,660.00","13,435.00","13,800.00","13,435.00","1.16K","1.94%"
"24-02-2021","13,400.00","13,360.00","13,430.00","13,225.00","0.34K","0.26%"
"23-02-2021","13,365.00","13,605.00","13,620.00","13,305.00","0.65K","-1.40%"
"22-02-2021","13,555.00","13,645.00","13,695.00","13,530.00","0.31K","-0.51%"
"19-02-2021","13,625.00","13,670.00","13,735.00","13,590.00","0.17K","-0.33%"
"18-02-2021","13,670.00","13,655.00","13,740.00","13,610.00","0.41K","0.11%"
"17-02-2021","13,655.00","13,750.00","13,900.00","13,615.00","0.35K","-0.87%"
"16-02-2021","13,775.00","13,610.00","13,820.00","13,570.00","0.62K","1.62%"
"15-02-2021","13,555.00","13,430.00","13,800.00","13,430.00","0.87K","0.97%"
"12-02-2021","13,425.00","13,405.00","13,580.00","13,330.00","0.38K","0.15%"
"11-02-2021","13,405.00","13,285.00","13,440.00","13,270.00","0.15K","0.45%"
"10-02-2021","13,345.00","13,450.00","13,490.00","13,330.00","0.32K","-0.11%"
"09-02-2021","13,360.00","13,250.00","13,500.00","13,230.00","0.81K","1.52%"
"08-02-2021","13,160.00","13,030.00","13,210.00","13,030.00","0.43K","0.53%"
"05-02-2021","13,090.00","13,050.00","13,180.00","13,025.00","0.17K","0.11%"
"04-02-2021","13,075.00","12,970.00","13,120.00","12,970.00","0.21K","0.93%"
"03-02-2021","12,955.00","12,995.00","13,100.00","12,930.00","0.44K","-0.27%"
"02-02-2021","12,990.00","13,080.00","13,080.00","12,880.00","0.50K","-0.99%"
"01-02-2021","13,120.00","13,325.00","13,385.00","13,085.00","0.76K","-2.34%"
"29-01-2021","13,435.00","13,595.00","13,605.00","13,350.00","0.64K","-1.07%"
"28-01-2021","13,580.00","13,635.00","13,635.00","13,450.00","0.36K","-0.40%"
"27-01-2021","13,635.00","13,395.00","13,650.00","13,395.00","0.71K","1.87%"
"25-01-2021","13,385.00","13,215.00","13,450.00","13,160.00","0.54K","1.13%"
"22-01-2021","13,235.00","13,200.00","13,330.00","13,165.00","0.48K","0.27%"
"21-01-2021","13,200.00","13,035.00","13,215.00","13,010.00","0.40K","3.17%"
"20-01-2021","12,795.00","12,795.00","12,795.00","12,790.00","0.01K","-0.16%"
"19-01-2021","12,815.00","12,780.00","12,830.00","12,770.00","0.13K","0.04%"
"18-01-2021","12,810.00","12,860.00","12,865.00","12,800.00","0.04K","-0.66%"
"15-01-2021","12,895.00","12,960.00","12,960.00","12,830.00","0.03K","1.46%"
"14-01-2021","12,710.00","12,750.00","12,860.00","12,680.00","0.40K","-1.13%"
"13-01-2021","12,855.00","12,795.00","12,925.00","12,795.00","0.55K","0.51%"
"12-01-2021","12,790.00","12,845.00","12,900.00","12,740.00","0.49K","-0.08%"
"11-01-2021","12,800.00","12,600.00","12,830.00","12,600.00","0.56K","0.95%"
"08-01-2021","12,680.00","12,695.00","12,820.00","12,635.00","0.83K","0.24%"
"07-01-2021","12,650.00","12,680.00","12,680.00","12,600.00","0.49K","-0.20%"
"06-01-2021","12,675.00","12,750.00","12,750.00","12,585.00","0.20K","-0.08%"
"05-01-2021","12,685.00","12,705.00","12,710.00","12,645.00","0.21K","-0.43%"
"04-01-2021","12,740.00","12,595.00","12,750.00","12,595.00","0.34K","1.15%"
"01-01-2021","12,595.00","12,695.00","12,695.00","12,560.00","0.30K","-0.55%"
"31-12-2020","12,665.00","12,540.00","12,690.00","12,450.00","0.83K","1.04%"
"30-12-2020","12,535.00","12,750.00","12,750.00","12,500.00","0.68K","-1.72%"
"29-12-2020","12,755.00","12,760.00","12,870.00","12,725.00","0.26K","-0.43%"
"28-12-2020","12,810.00","12,930.00","12,930.00","12,780.00","0.28K","-1.12%"
"24-12-2020","12,955.00","12,890.00","12,985.00","12,830.00","0.17K","0.19%"
"23-12-2020","12,930.00","12,990.00","13,060.00","12,885.00","0.42K","-0.35%"
"22-12-2020","12,975.00","12,925.00","13,020.00","12,875.00","0.42K","0.15%"
"21-12-2020","12,955.00","12,865.00","12,970.00","12,865.00","0.34K","0.54%"
"18-12-2020","12,885.00","13,010.00","13,010.00","12,810.00","0.05K","-2.94%"
"17-12-2020","13,275.00","13,275.00","13,275.00","13,270.00","0.05K","-1.88%"
"16-12-2020","13,530.00","13,530.00","13,530.00","13,530.00","0.05K","0.00%"
"15-12-2020","13,530.00","13,580.00","13,580.00","13,480.00","0.12K","-0.70%"
"14-12-2020","13,625.00","13,655.00","13,695.00","13,605.00","0.50K","-1.16%"
"11-12-2020","13,785.00","13,705.00","13,810.00","13,685.00","0.95K","0.44%"
"10-12-2020","13,725.00","13,650.00","13,795.00","13,610.00","0.94K","0.88%"
"09-12-2020","13,605.00","13,555.00","13,640.00","13,505.00","0.47K","-0.18%"
"08-12-2020","13,630.00","13,760.00","13,760.00","13,565.00","0.37K","-0.87%"
"07-12-2020","13,750.00","13,675.00","13,790.00","13,675.00","0.57K","0.11%"
"04-12-2020","13,735.00","13,750.00","13,790.00","13,705.00","0.23K","-0.11%"
"03-12-2020","13,750.00","13,705.00","13,775.00","13,635.00","0.27K","0.40%"
"02-12-2020","13,695.00","13,710.00","13,800.00","13,530.00","0.76K","0.37%"
"01-12-2020","13,645.00","13,785.00","13,825.00","13,605.00","0.72K","-1.16%"
"27-11-2020","13,805.00","13,730.00","13,855.00","13,625.00","0.62K","0.15%"
"26-11-2020","13,785.00","14,035.00","14,050.00","13,760.00","0.62K","-1.61%"
"25-11-2020","14,010.00","13,955.00","14,065.00","13,955.00","0.28K","0.18%"
"24-11-2020","13,985.00","14,100.00","14,100.00","13,900.00","0.63K","-1.03%"
"23-11-2020","14,130.00","14,225.00","14,240.00","14,110.00","0.29K","0.71%"
"20-11-2020","14,030.00","14,225.00","14,225.00","14,225.00","","-0.25%"
"19-11-2020","14,065.00","14,065.00","14,065.00","14,065.00","","0.00%"
"18-11-2020","14,065.00","14,065.00","14,065.00","14,065.00","","-0.04%"
"17-11-2020","14,070.00","14,070.00","14,070.00","14,070.00","","2.03%"
"14-11-2020","13,790.00","13,790.00","13,790.00","13,790.00","","-1.99%"
"13-11-2020","14,070.00","14,225.00","14,225.00","13,985.00","0.14K","-1.37%"
"12-11-2020","14,265.00","14,240.00","14,300.00","13,970.00","0.45K","0.81%"
"11-11-2020","14,150.00","14,100.00","14,185.00","14,015.00","0.33K","0.71%"
"10-11-2020","14,050.00","14,210.00","14,240.00","13,975.00","0.94K","-1.06%"
"09-11-2020","14,200.00","14,165.00","14,270.00","14,135.00","0.49K","-0.73%"
"06-11-2020","14,305.00","14,365.00","14,370.00","14,225.00","0.28K","0.14%"
"05-11-2020","14,285.00","14,320.00","14,440.00","14,215.00","0.41K","-0.07%"
"04-11-2020","14,295.00","14,305.00","14,335.00","14,145.00","0.92K","-0.52%"
"03-11-2020","14,370.00","14,540.00","14,540.00","14,315.00","0.67K","-1.00%"
"02-11-2020","14,515.00","14,525.00","14,625.00","14,470.00","0.90K","0.35%"
"30-10-2020","14,465.00","14,355.00","14,500.00","14,355.00","0.68K","0.77%"
"29-10-2020","14,355.00","14,355.00","14,430.00","14,260.00","0.65K","-0.42%"
"28-10-2020","14,415.00","14,195.00","14,695.00","14,185.00","1.63K","1.62%"
"27-10-2020","14,185.00","14,150.00","14,205.00","14,075.00","0.46K","0.25%"
"26-10-2020","14,150.00","14,050.00","14,160.00","14,010.00","0.60K","0.46%"
"23-10-2020","14,085.00","14,120.00","14,210.00","14,075.00","0.50K","-0.39%"
"22-10-2020","14,140.00","14,080.00","14,180.00","14,080.00","0.37K","0.57%"
"21-10-2020","14,060.00","14,060.00","14,190.00","14,045.00","0.83K","0.11%"
"20-10-2020","14,045.00","14,125.00","14,125.00","14,125.00","0.00K","0.00%"
"19-10-2020","14,045.00","14,045.00","14,045.00","14,045.00","0.06K","2.00%"
"16-10-2020","13,770.00","13,770.00","13,770.00","13,770.00","","0.11%"
"15-10-2020","13,755.00","13,700.00","13,825.00","13,700.00","0.10K","1.48%"
"14-10-2020","13,555.00","13,500.00","13,595.00","13,500.00","0.19K","0.11%"
"13-10-2020","13,540.00","13,495.00","13,640.00","13,460.00","0.50K","0.04%"
"12-10-2020","13,535.00","13,570.00","13,640.00","13,500.00","0.32K","-0.70%"
"09-10-2020","13,630.00","13,570.00","13,700.00","13,570.00","0.51K","0.18%"
"08-10-2020","13,605.00","13,550.00","13,625.00","13,515.00","0.50K","0.29%"
"07-10-2020","13,565.00","13,650.00","13,695.00","13,525.00","0.57K","-1.02%"
"06-10-2020","13,705.00","13,720.00","13,780.00","13,630.00","0.32K","-0.11%"
"05-10-2020","13,720.00","13,760.00","13,790.00","13,685.00","0.44K","-0.62%"
"01-10-2020","13,805.00","13,800.00","13,830.00","13,720.00","0.30K","0.55%"
"30-09-2020","13,730.00","13,790.00","13,830.00","13,700.00","0.29K","-0.25%"
"29-09-2020","13,765.00","13,700.00","13,840.00","13,670.00","0.59K","0.66%"
"28-09-2020","13,675.00","13,650.00","13,720.00","13,590.00","0.19K","0.18%"
"25-09-2020","13,650.00","13,595.00","13,665.00","13,510.00","0.38K","0.37%"
"24-09-2020","13,600.00","13,650.00","13,685.00","13,580.00","0.27K","-0.51%"
"23-09-2020","13,670.00","13,615.00","13,740.00","13,615.00","0.46K","0.48%"
"22-09-2020","13,605.00","13,680.00","13,695.00","13,530.00","0.39K","-0.15%"
"21-09-2020","13,625.00","13,885.00","13,885.00","13,485.00","1.53K","-1.38%"
"18-09-2020","13,815.00","14,010.00","14,010.00","13,815.00","0.01K","-1.99%"
"17-09-2020","14,095.00","14,205.00","14,205.00","14,025.00","0.01K","-1.26%"
"16-09-2020","14,275.00","14,275.00","14,300.00","14,250.00","0.09K","0.07%"
"15-09-2020","14,265.00","14,305.00","14,305.00","14,195.00","0.04K","1.06%"
"14-09-2020","14,115.00","13,975.00","14,135.00","13,960.00","0.74K","0.79%"
"11-09-2020","14,005.00","13,815.00","14,040.00","13,815.00","0.37K","1.41%"
"10-09-2020","13,810.00","13,695.00","13,840.00","13,680.00","0.46K","0.95%"
"09-09-2020","13,680.00","13,810.00","13,830.00","13,595.00","0.42K","-0.69%"
"08-09-2020","13,775.00","13,880.00","13,950.00","13,715.00","0.53K","-1.15%"
"07-09-2020","13,935.00","13,900.00","13,990.00","13,745.00","0.53K","0.11%"
"04-09-2020","13,920.00","14,095.00","14,095.00","13,860.00","0.48K","-1.03%"
"03-09-2020","14,065.00","14,100.00","14,140.00","14,010.00","0.58K","-0.53%"
"02-09-2020","14,140.00","14,195.00","14,235.00","14,010.00","0.72K","-0.56%"
"01-09-2020","14,220.00","14,275.00","14,285.00","14,170.00","0.41K","-0.14%"
"31-08-2020","14,240.00","14,300.00","14,310.00","14,140.00","0.39K","-0.42%"
"28-08-2020","14,300.00","14,370.00","14,370.00","14,240.00","0.44K","-0.49%"
"27-08-2020","14,370.00","14,360.00","14,450.00","14,325.00","0.22K","-0.14%"
"26-08-2020","14,390.00","14,490.00","14,490.00","14,360.00","0.40K","-0.55%"
"25-08-2020","14,470.00","14,340.00","14,500.00","14,340.00","0.30K","0.80%"
"24-08-2020","14,355.00","14,220.00","14,520.00","14,220.00","0.80K","0.63%"
"21-08-2020","14,265.00","14,200.00","14,305.00","14,165.00","0.40K","3.78%"
"20-08-2020","13,745.00","13,910.00","13,910.00","13,700.00","0.02K","-3.14%"
"19-08-2020","14,190.00","14,400.00","14,400.00","14,265.00","0.01K","0.00%"
"18-08-2020","14,190.00","14,150.00","14,200.00","14,150.00","0.04K","0.71%"
"17-08-2020","14,090.00","14,160.00","14,425.00","14,110.00","0.01K","0.00%"
"14-08-2020","14,090.00","14,190.00","14,190.00","13,900.00","0.69K","0.07%"
"13-08-2020","14,080.00","14,300.00","14,320.00","14,015.00","0.36K","-1.40%"
"12-08-2020","14,280.00","14,220.00","14,325.00","14,220.00","0.22K","0.85%"
"11-08-2020","14,160.00","13,980.00","14,230.00","13,980.00","0.57K","1.47%"
"10-08-2020","13,955.00","13,900.00","14,000.00","13,900.00","0.20K","0.14%"
"07-08-2020","13,935.00","14,000.00","14,045.00","13,890.00","0.37K","-0.29%"
"06-08-2020","13,975.00","13,935.00","14,060.00","13,930.00","0.23K","0.29%"
"05-08-2020","13,935.00","14,000.00","14,000.00","13,870.00","0.17K","0.04%"
"04-08-2020","13,930.00","14,140.00","14,180.00","13,810.00","0.77K","-1.14%"
"03-08-2020","14,090.00","14,035.00","14,115.00","14,010.00","0.22K","-0.18%"
"31-07-2020","14,115.00","14,080.00","14,150.00","14,030.00","0.26K","0.28%"
"30-07-2020","14,075.00","14,050.00","14,100.00","14,000.00","0.24K","0.11%"
"29-07-2020","14,060.00","14,080.00","14,110.00","14,030.00","0.24K","0.00%"
"28-07-2020","14,060.00","14,300.00","14,345.00","13,935.00","1.10K","-1.54%"
"27-07-2020","14,280.00","14,500.00","14,535.00","14,230.00","0.58K","-0.42%"
"24-07-2020","14,340.00","14,610.00","14,640.00","14,310.00","0.88K","-1.75%"
"23-07-2020","14,595.00","14,405.00","14,625.00","14,405.00","0.53K","0.86%"
"22-07-2020","14,470.00","14,415.00","14,510.00","14,355.00","0.43K","0.42%"
"21-07-2020","14,410.00","14,400.00","14,450.00","14,275.00","0.48K","1.66%"
"20-07-2020","14,175.00","14,150.00","14,225.00","14,150.00","0.01K","1.61%"
"17-07-2020","13,950.00","13,950.00","13,950.00","13,950.00","0.01K","0.32%"
"16-07-2020","13,905.00","13,750.00","13,900.00","13,750.00","0.01K","0.00%"
"15-07-2020","13,905.00","13,715.00","13,770.00","13,690.00","0.31K","1.64%"
"14-07-2020","13,680.00","13,705.00","13,825.00","13,625.00","0.21K","-0.83%"
"13-07-2020","13,795.00","13,900.00","13,900.00","13,730.00","0.30K","-0.65%"
"10-07-2020","13,885.00","13,980.00","13,995.00","13,805.00","0.47K","-0.11%"
"09-07-2020","13,900.00","14,015.00","14,025.00","13,855.00","0.56K","-0.11%"
"08-07-2020","13,915.00","13,800.00","14,050.00","13,725.00","0.53K","0.94%"
"07-07-2020","13,785.00","13,770.00","13,810.00","13,720.00","0.23K","0.55%"
"06-07-2020","13,710.00","13,670.00","13,780.00","13,660.00","0.24K","-0.07%"
"03-07-2020","13,720.00","13,680.00","13,820.00","13,630.00","0.24K","0.26%"
"02-07-2020","13,685.00","13,660.00","13,705.00","13,645.00","0.36K","0.33%"
"01-07-2020","13,640.00","13,675.00","13,680.00","13,585.00","0.15K","-0.04%"
"30-06-2020","13,645.00","13,605.00","13,795.00","13,605.00","0.53K","0.29%"
"29-06-2020","13,605.00","13,760.00","13,840.00","13,400.00","1.17K","-1.52%"
"26-06-2020","13,815.00","13,890.00","13,890.00","13,780.00","0.53K","0.11%"
"25-06-2020","13,800.00","13,830.00","13,855.00","13,750.00","0.21K","-0.04%"
"24-06-2020","13,805.00","13,800.00","13,980.00","13,725.00","0.54K","-0.14%"
"23-06-2020","13,825.00","13,740.00","13,845.00","13,670.00","0.32K","0.69%"
"22-06-2020","13,730.00","13,745.00","13,825.00","13,680.00","0.32K","-1.44%"
"19-06-2020","13,930.00","13,880.00","13,975.00","13,880.00","0.02K","0.54%"
"18-06-2020","13,855.00","13,705.00","13,765.00","13,670.00","0.20K","0.29%"
"17-06-2020","13,815.00","13,780.00","13,850.00","13,780.00","0.01K","-0.11%"
"16-06-2020","13,830.00","13,840.00","13,850.00","13,780.00","0.02K","0.47%"
"15-06-2020","13,765.00","13,975.00","13,975.00","13,695.00","0.15K","-1.11%"
"12-06-2020","13,920.00","14,110.00","14,110.00","13,890.00","0.49K","-1.28%"
"11-06-2020","14,100.00","13,990.00","14,170.00","13,955.00","0.30K","1.33%"
"10-06-2020","13,915.00","13,850.00","13,965.00","13,830.00","0.41K","0.14%"
"09-06-2020","13,895.00","13,830.00","13,985.00","13,765.00","0.20K","-0.04%"
"08-06-2020","13,900.00","13,860.00","13,995.00","13,795.00","0.42K","0.98%"
"05-06-2020","13,765.00","13,695.00","13,795.00","13,655.00","0.15K","-0.15%"
"04-06-2020","13,785.00","13,850.00","13,870.00","13,680.00","0.23K","-0.58%"
"03-06-2020","13,865.00","13,795.00","13,880.00","13,770.00","0.26K","0.58%"
"02-06-2020","13,785.00","13,825.00","13,900.00","13,655.00","0.42K","0.15%"
"01-06-2020","13,765.00","13,585.00","13,800.00","13,550.00","0.53K","1.59%"
"29-05-2020","13,550.00","13,555.00","13,600.00","13,525.00","0.33K","-0.48%"
"28-05-2020","13,615.00","13,605.00","13,690.00","13,570.00","0.20K","-0.04%"
"27-05-2020","13,620.00","13,615.00","13,675.00","13,525.00","0.28K","0.22%"
"26-05-2020","13,590.00","13,400.00","13,705.00","13,360.00","1.13K","1.42%"
"22-05-2020","13,400.00","13,300.00","13,450.00","13,300.00","0.42K","0.15%"
"21-05-2020","13,380.00","13,300.00","13,430.00","13,195.00","0.32K","-3.81%"
"20-05-2020","13,910.00","13,825.00","14,000.00","13,805.00","0.02K","-0.32%"
"19-05-2020","13,955.00","13,930.00","13,980.00","13,930.00","0.01K","0.61%"
"18-05-2020","13,870.00","13,900.00","13,900.00","13,850.00","0.01K","-0.11%"
"15-05-2020","13,885.00","13,885.00","13,885.00","13,880.00","0.01K","1.98%"
"14-05-2020","13,615.00","13,850.00","13,850.00","13,550.00","0.32K","-0.33%"
"13-05-2020","13,660.00","13,980.00","14,000.00","13,650.00","0.46K","-2.11%"
"12-05-2020","13,955.00","14,050.00","14,050.00","13,860.00","0.20K","-1.24%"
"11-05-2020","14,130.00","14,170.00","14,230.00","14,100.00","0.41K","0.64%"
"08-05-2020","14,040.00","13,885.00","14,070.00","13,870.00","0.45K","1.26%"
"07-05-2020","13,865.00","13,795.00","13,940.00","13,775.00","0.57K","0.76%"
"06-05-2020","13,760.00","13,785.00","13,865.00","13,665.00","0.55K","-0.04%"
"05-05-2020","13,765.00","13,675.00","13,775.00","13,655.00","0.50K","0.22%"
"04-05-2020","13,735.00","13,665.00","13,830.00","13,655.00","0.24K","-4.19%"
"30-04-2020","14,335.00","14,000.00","14,335.00","14,000.00","0.02K","1.99%"
"29-04-2020","14,055.00","13,760.00","13,760.00","13,620.00","0.40K","1.22%"
"28-04-2020","13,885.00","14,000.00","14,050.00","13,730.00","0.04K","-0.89%"
"27-04-2020","14,010.00","14,000.00","14,100.00","13,900.00","0.02K","-0.36%"
"24-04-2020","14,060.00","14,085.00","14,085.00","14,050.00","0.02K","-0.74%"
"23-04-2020","14,165.00","14,150.00","14,190.00","14,150.00","0.02K","0.68%"
"22-04-2020","14,070.00","14,070.00","14,070.00","14,070.00","0.00K","0.32%"
"21-04-2020","14,025.00","13,900.00","14,050.00","13,900.00","0.04K","-0.57%"
"20-04-2020","14,105.00","14,135.00","14,135.00","14,010.00","0.09K","-2.18%"
"17-04-2020","14,420.00","14,450.00","14,450.00","14,370.00","0.02K","-0.48%"
"16-04-2020","14,490.00","14,500.00","14,575.00","14,425.00","0.05K","0.76%"
"15-04-2020","14,380.00","14,375.00","14,480.00","14,250.00","0.17K","1.05%"
"13-04-2020","14,230.00","14,205.00","14,290.00","14,160.00","0.84K","0.67%"
"09-04-2020","14,135.00","14,430.00","14,430.00","14,100.00","0.62K","-1.19%"
"08-04-2020","14,305.00","14,125.00","14,440.00","14,125.00","0.42K","0.60%"
"07-04-2020","14,220.00","14,120.00","14,295.00","13,985.00","0.41K","1.46%"
"03-04-2020","14,015.00","13,960.00","14,110.00","13,870.00","0.35K","0.36%"
"01-04-2020","13,965.00","14,045.00","14,130.00","13,815.00","0.25K","-1.13%"
"31-03-2020","14,125.00","14,050.00","14,175.00","14,020.00","0.16K","0.11%"
"30-03-2020","14,110.00","14,235.00","14,335.00","14,020.00","0.12K","-0.49%"
"27-03-2020","14,180.00","14,185.00","14,290.00","14,030.00","0.24K","0.67%"
"26-03-2020","14,085.00","14,730.00","15,130.00","14,000.00","1.16K","-3.20%"
"25-03-2020","14,550.00","14,145.00","14,550.00","14,055.00","0.52K","3.97%"
"24-03-2020","13,995.00","13,820.00","14,025.00","13,700.00","0.86K","2.15%"
"23-03-2020","13,700.00","13,530.00","13,895.00","13,500.00","0.98K","-1.58%"
"20-03-2020","13,920.00","13,650.00","13,920.00","13,650.00","0.02K","4.00%"
"19-03-2020","13,385.00","13,350.00","13,650.00","13,320.00","0.11K","-0.85%"
"18-03-2020","13,500.00","13,500.00","13,500.00","13,500.00","0.01K","-0.59%"
"17-03-2020","13,580.00","13,550.00","13,650.00","13,550.00","0.07K","1.08%"
"16-03-2020","13,435.00","13,225.00","13,490.00","13,225.00","0.16K","0.26%"
"13-03-2020","13,400.00","13,110.00","13,425.00","13,110.00","0.88K","0.56%"
"12-03-2020","13,325.00","13,410.00","13,510.00","13,300.00","0.66K","-1.48%"
"11-03-2020","13,525.00","13,485.00","13,665.00","13,385.00","0.60K","-0.11%"
"09-03-2020","13,540.00","13,610.00","13,645.00","13,380.00","0.74K","-2.27%"
"06-03-2020","13,855.00","14,000.00","14,010.00","13,715.00","0.63K","-0.57%"
"05-03-2020","13,935.00","13,590.00","13,980.00","13,510.00","1.24K","2.88%"
"04-03-2020","13,545.00","13,585.00","13,665.00","13,430.00","0.96K","-0.37%"
"03-03-2020","13,595.00","13,405.00","13,600.00","13,325.00","0.78K","1.12%"
"02-03-2020","13,445.00","13,550.00","13,730.00","13,270.00","1.56K","-1.72%"
"28-02-2020","13,680.00","13,600.00","13,765.00","13,500.00","1.01K","0.26%"
"27-02-2020","13,645.00","13,480.00","13,670.00","13,480.00","0.67K","0.40%"
"26-02-2020","13,590.00","13,685.00","13,700.00","13,500.00","0.98K","-0.44%"
"25-02-2020","13,650.00","13,635.00","13,705.00","13,550.00","0.83K","0.26%"
"24-02-2020","13,615.00","13,690.00","13,720.00","13,560.00","0.98K","-1.16%"
"20-02-2020","13,775.00","13,680.00","13,820.00","13,600.00","0.87K","0.62%"
"19-02-2020","13,690.00","13,700.00","13,785.00","13,600.00","0.77K","-0.04%"
"18-02-2020","13,695.00","13,720.00","13,895.00","13,590.00","1.12K","-0.58%"
"17-02-2020","13,775.00","14,010.00","14,020.00","13,725.00","0.87K","-1.54%"
"14-02-2020","13,990.00","13,560.00","14,025.00","13,540.00","2.30K","3.02%"
"13-02-2020","13,580.00","13,730.00","13,750.00","13,545.00","0.52K","-0.73%"
"12-02-2020","13,680.00","13,590.00","13,765.00","13,510.00","0.80K","0.26%"
"11-02-2020","13,645.00","13,540.00","13,730.00","13,450.00","0.83K","1.00%"
"10-02-2020","13,510.00","13,655.00","13,730.00","13,500.00","0.44K","-1.53%"
"07-02-2020","13,720.00","14,045.00","14,045.00","13,565.00","1.38K","-2.10%"
"06-02-2020","14,015.00","13,950.00","14,040.00","13,895.00","0.76K","1.34%"
"05-02-2020","13,830.00","13,825.00","13,855.00","13,710.00","0.43K","0.40%"
"04-02-2020","13,775.00","13,900.00","13,900.00","13,710.00","0.72K","-1.11%"
"03-02-2020","13,930.00","14,055.00","14,075.00","13,885.00","0.74K","-1.62%"
"01-02-2020","14,160.00","14,060.00","14,180.00","13,935.00","0.51K","0.43%"
"31-01-2020","14,100.00","14,085.00","14,190.00","13,780.00","1.37K","0.46%"
"30-01-2020","14,035.00","14,170.00","14,200.00","14,005.00","0.41K","-1.20%"
"29-01-2020","14,205.00","14,380.00","14,380.00","14,180.00","0.48K","-1.04%"
"28-01-2020","14,355.00","14,455.00","14,570.00","14,325.00","0.73K","-0.90%"
"27-01-2020","14,485.00","14,655.00","14,775.00","14,400.00","0.96K","-1.09%"
"24-01-2020","14,645.00","14,670.00","14,750.00","14,605.00","0.59K","-0.34%"
"23-01-2020","14,695.00","14,550.00","14,770.00","14,475.00","1.25K","0.69%"
"22-01-2020","14,595.00","14,695.00","14,745.00","14,560.00","0.59K","-1.25%"
"21-01-2020","14,780.00","14,935.00","14,950.00","14,740.00","0.67K","-6.63%"
"20-01-2020","15,830.00","15,800.00","15,835.00","15,800.00","0.03K","-0.13%"
"17-01-2020","15,850.00","15,850.00","15,850.00","15,850.00","0.01K","0.28%"
"16-01-2020","15,805.00","15,850.00","15,850.00","15,750.00","0.05K","0.73%"
"15-01-2020","15,690.00","15,720.00","15,740.00","15,595.00","0.02K","-0.35%"
"14-01-2020","15,745.00","15,740.00","15,800.00","15,630.00","0.16K","0.13%"
"13-01-2020","15,725.00","15,630.00","15,790.00","15,575.00","0.75K","-0.25%"
"10-01-2020","15,765.00","15,880.00","15,980.00","15,655.00","0.44K","-1.10%"
"09-01-2020","15,940.00","16,085.00","16,130.00","15,860.00","0.61K","-0.90%"
"08-01-2020","16,085.00","16,000.00","16,110.00","16,000.00","0.21K","0.31%"
"07-01-2020","16,035.00","16,140.00","16,140.00","15,940.00","0.65K","-0.56%"
"06-01-2020","16,125.00","16,090.00","16,200.00","16,070.00","0.65K","-0.09%"
"03-01-2020","16,140.00","16,065.00","16,180.00","15,990.00","0.53K","0.65%"
"02-01-2020","16,035.00","16,000.00","16,115.00","15,945.00","0.41K","-0.06%"
"01-01-2020","16,045.00","16,280.00","16,285.00","15,935.00","0.93K","-1.23%"
"31-12-2019","16,245.00","16,460.00","16,530.00","16,160.00","0.86K","-1.22%"
"30-12-2019","16,445.00","16,375.00","16,560.00","16,300.00","0.48K","0.15%"
"27-12-2019","16,420.00","16,475.00","16,590.00","16,385.00","0.79K","-0.39%"
"26-12-2019","16,485.00","16,310.00","16,500.00","16,290.00","1.08K","0.76%"
"24-12-2019","16,360.00","16,160.00","16,405.00","16,060.00","1.61K","1.71%"
"23-12-2019","16,085.00","16,170.00","16,200.00","16,000.00","0.87K","-0.46%"
"20-12-2019","16,160.00","15,970.00","16,210.00","15,885.00","1.11K","1.28%"
"19-12-2019","15,955.00","15,895.00","16,045.00","15,720.00","2.01K","0.44%"
"18-12-2019","15,885.00","15,800.00","15,890.00","15,730.00","0.62K","0.54%"
"17-12-2019","15,800.00","15,895.00","15,900.00","15,770.00","0.44K","-0.44%"
"16-12-2019","15,870.00","15,855.00","15,890.00","15,520.00","1.31K","-0.19%"
"13-12-2019","15,900.00","16,700.00","16,785.00","15,900.00","0.45K","-3.99%"
"12-12-2019","16,560.00","16,450.00","16,585.00","16,450.00","0.02K","0.67%"
"11-12-2019","16,450.00","16,450.00","16,450.00","16,425.00","0.09K","-0.36%"
"10-12-2019","16,510.00","16,540.00","16,570.00","16,410.00","0.18K","0.33%"
"09-12-2019","16,455.00","16,500.00","16,630.00","16,285.00","1.07K","1.36%"
"06-12-2019","16,235.00","15,830.00","16,280.00","15,830.00","1.49K","2.27%"
"05-12-2019","15,875.00","15,860.00","15,985.00","15,760.00","1.12K","0.38%"
"04-12-2019","15,815.00","16,165.00","16,390.00","15,715.00","2.07K","-1.86%"
"03-12-2019","16,115.00","16,300.00","16,340.00","16,065.00","1.23K","-1.13%"
"02-12-2019","16,300.00","16,335.00","16,375.00","16,180.00","1.78K","0.09%"
"29-11-2019","16,285.00","16,210.00","16,420.00","16,210.00","0.67K","0.15%"
"28-11-2019","16,260.00","16,260.00","16,330.00","16,230.00","0.54K","-0.21%"
"27-11-2019","16,295.00","16,325.00","16,480.00","16,130.00","1.18K","0.25%"
"26-11-2019","16,255.00","16,075.00","16,340.00","16,030.00","1.99K","1.25%"
"25-11-2019","16,055.00","15,980.00","16,100.00","15,840.00","1.98K","0.94%"
"22-11-2019","15,905.00","16,100.00","16,210.00","15,880.00","1.52K","-1.52%"
"21-11-2019","16,150.00","16,230.00","16,285.00","16,110.00","0.85K","0.03%"
"20-11-2019","16,145.00","16,130.00","16,190.00","16,130.00","0.10K","0.28%"
"19-11-2019","16,100.00","16,080.00","16,100.00","16,080.00","0.15K","0.16%"
"18-11-2019","16,075.00","16,255.00","16,255.00","16,020.00","0.02K","-0.92%"
"15-11-2019","16,225.00","16,215.00","16,250.00","16,200.00","0.09K","0.25%"
"14-11-2019","16,185.00","16,060.00","16,250.00","16,030.00","0.59K","1.12%"
"13-11-2019","16,005.00","16,160.00","16,160.00","15,925.00","0.59K","-0.03%"
"11-11-2019","16,010.00","16,025.00","16,050.00","15,900.00","0.36K","-0.19%"
"08-11-2019","16,040.00","16,210.00","16,210.00","15,760.00","1.15K","-1.56%"
"07-11-2019","16,295.00","16,525.00","16,525.00","16,205.00","1.21K","-1.00%"
"06-11-2019","16,460.00","16,810.00","16,820.00","16,425.00","1.48K","-2.46%"
"05-11-2019","16,875.00","16,830.00","17,035.00","16,650.00","1.06K","-0.65%"
"04-11-2019","16,985.00","16,715.00","17,000.00","16,715.00","1.28K","2.41%"
"01-11-2019","16,585.00","16,380.00","16,620.00","16,380.00","1.01K","1.10%"
"31-10-2019","16,405.00","16,490.00","16,575.00","16,360.00","0.70K","-0.49%"
"30-10-2019","16,485.00","16,350.00","16,520.00","16,350.00","0.39K","0.52%"
"29-10-2019","16,400.00","16,550.00","16,550.00","16,280.00","0.49K","-0.61%"
"27-10-2019","16,500.00","16,545.00","16,595.00","16,450.00","0.14K","0.00%"
"25-10-2019","16,500.00","16,330.00","16,530.00","16,190.00","1.04K","1.29%"
"24-10-2019","16,290.00","16,440.00","16,480.00","16,145.00","1.70K","-0.85%"
"23-10-2019","16,430.00","16,450.00","16,530.00","16,300.00","1.05K","-0.09%"
"22-10-2019","16,445.00","16,325.00","16,490.00","16,270.00","1.42K","1.39%"
"18-10-2019","16,220.00","16,230.00","16,400.00","16,180.00","0.08K","-0.40%"
"17-10-2019","16,285.00","16,275.00","16,345.00","16,250.00","0.07K","-0.43%"
"16-10-2019","16,355.00","16,990.00","16,990.00","16,280.00","0.52K","-2.65%"
"15-10-2019","16,800.00","16,840.00","16,850.00","16,760.00","0.11K","-1.06%"
"14-10-2019","16,980.00","17,000.00","17,040.00","16,900.00","0.23K","-0.56%"
"11-10-2019","17,075.00","17,160.00","17,245.00","17,050.00","0.80K","-0.20%"
"10-10-2019","17,110.00","16,820.00","17,150.00","16,810.00","1.20K","1.39%"
"09-10-2019","16,875.00","16,825.00","17,000.00","16,650.00","1.77K","0.27%"
"07-10-2019","16,830.00","16,970.00","17,020.00","16,665.00","0.89K","0.00%"
"04-10-2019","16,830.00","17,000.00","17,085.00","16,800.00","0.80K","-0.82%"
"03-10-2019","16,970.00","17,120.00","17,185.00","16,860.00","0.93K","-0.93%"
"01-10-2019","17,130.00","17,150.00","17,480.00","17,090.00","1.64K","-0.20%"
"30-09-2019","17,165.00","16,730.00","17,265.00","16,730.00","3.65K","2.48%"
"27-09-2019","16,750.00","16,680.00","16,815.00","16,655.00","0.58K","0.06%"
"26-09-2019","16,740.00","16,865.00","17,000.00","16,700.00","1.17K","-1.06%"
"25-09-2019","16,920.00","16,870.00","17,085.00","16,575.00","1.91K","1.01%"
"24-09-2019","16,750.00","16,770.00","16,825.00","16,640.00","0.67K","0.03%"
"23-09-2019","16,745.00","16,650.00","16,825.00","16,610.00","1.70K","-3.79%"
"20-09-2019","17,405.00","17,560.00","17,560.00","17,300.00","0.08K","-0.43%"
"19-09-2019","17,480.00","17,100.00","17,495.00","17,100.00","0.21K","2.19%"
"18-09-2019","17,105.00","17,110.00","17,160.00","17,040.00","0.02K","0.44%"
"17-09-2019","17,030.00","16,950.00","17,120.00","16,950.00","0.03K","-0.29%"
"16-09-2019","17,080.00","17,105.00","17,155.00","16,965.00","0.03K","-0.12%"
"13-09-2019","17,100.00","16,995.00","17,220.00","16,995.00","0.02K","0.44%"
"12-09-2019","17,025.00","17,030.00","17,110.00","16,930.00","0.05K","-0.93%"
"11-09-2019","17,185.00","17,130.00","17,410.00","17,075.00","2.07K","0.09%"
"09-09-2019","17,170.00","17,010.00","17,345.00","16,995.00","2.44K","0.79%"
"06-09-2019","17,035.00","16,960.00","17,115.00","16,780.00","3.25K","0.32%"
"05-09-2019","16,980.00","16,890.00","17,040.00","16,880.00","1.53K","0.35%"
"04-09-2019","16,920.00","16,980.00","16,980.00","16,890.00","0.99K","0.00%"
"03-09-2019","16,920.00","16,900.00","16,970.00","16,800.00","1.54K","0.18%"
"30-08-2019","16,890.00","16,890.00","16,950.00","16,830.00","1.88K","-0.35%"
"29-08-2019","16,950.00","16,940.00","17,035.00","16,910.00","1.15K","-0.15%"
"28-08-2019","16,975.00","16,950.00","17,140.00","16,925.00","2.33K","0.03%"
"27-08-2019","16,970.00","16,905.00","17,070.00","16,865.00","1.37K","0.27%"
"26-08-2019","16,925.00","16,895.00","17,000.00","16,840.00","0.81K","0.27%"
"23-08-2019","16,880.00","16,965.00","16,980.00","16,820.00","0.55K","-0.24%"
"22-08-2019","16,920.00","16,860.00","16,960.00","16,720.00","2.66K","0.48%"
"21-08-2019","16,840.00","16,815.00","17,020.00","16,770.00","1.46K","-0.06%"
"20-08-2019","16,850.00","16,850.00","16,850.00","16,850.00","0.01K","0.12%"
"19-08-2019","16,830.00","16,885.00","16,910.00","16,750.00","1.07K","-0.06%"
"16-08-2019","16,840.00","16,850.00","16,850.00","16,820.00","0.02K","-0.71%"
"14-08-2019","16,960.00","17,040.00","17,085.00","16,810.00","2.36K","1.13%"
"13-08-2019","16,770.00","17,180.00","17,180.00","16,705.00","0.96K","-2.50%"
"09-08-2019","17,200.00","16,960.00","17,250.00","16,960.00","1.40K","1.27%"
"08-08-2019","16,985.00","17,030.00","17,085.00","16,960.00","1.14K","-0.03%"
"07-08-2019","16,990.00","17,185.00","17,190.00","16,910.00","1.24K","-1.34%"
"06-08-2019","17,220.00","17,420.00","17,420.00","17,155.00","0.86K","-1.12%"
"05-08-2019","17,415.00","17,155.00","17,415.00","17,040.00","1.95K","1.99%"
"02-08-2019","17,075.00","17,300.00","17,300.00","17,040.00","1.48K","-1.10%"
"01-08-2019","17,265.00","17,625.00","17,630.00","17,240.00","2.50K","-2.07%"
"31-07-2019","17,630.00","17,710.00","17,745.00","17,605.00","1.41K","-0.28%"
"30-07-2019","17,680.00","18,095.00","18,095.00","17,665.00","1.49K","-0.92%"
"29-07-2019","17,845.00","17,870.00","18,080.00","17,780.00","1.57K","-0.14%"
"26-07-2019","17,870.00","17,675.00","17,900.00","17,580.00","1.81K","1.19%"
"25-07-2019","17,660.00","17,660.00","17,700.00","17,590.00","1.11K","0.00%"
"24-07-2019","17,660.00","17,790.00","17,840.00","17,640.00","1.42K","-0.28%"
"23-07-2019","17,710.00","17,770.00","18,000.00","17,640.00","2.79K","-0.25%"
"22-07-2019","17,755.00","17,905.00","18,000.00","17,655.00","2.33K","-1.50%"
"19-07-2019","18,025.00","18,025.00","18,025.00","18,025.00","0.00K","-0.72%"
"18-07-2019","18,155.00","18,180.00","18,180.00","18,100.00","0.03K","0.53%"
"17-07-2019","18,060.00","18,000.00","18,140.00","17,970.00","0.08K","0.47%"
"16-07-2019","17,975.00","17,885.00","18,195.00","17,875.00","0.07K","-1.37%"
"15-07-2019","18,225.00","17,860.00","18,310.00","17,860.00","3.79K","3.93%"
"12-07-2019","17,535.00","17,495.00","17,585.00","17,495.00","0.13K","0.98%"
"11-07-2019","17,365.00","17,325.00","17,420.00","17,325.00","0.62K","0.06%"
"10-07-2019","17,355.00","17,265.00","17,460.00","17,245.00","2.41K","0.35%"
"09-07-2019","17,295.00","17,220.00","17,315.00","17,190.00","1.09K","0.20%"
"08-07-2019","17,260.00","17,245.00","17,290.00","17,170.00","1.00K","0.26%"
"05-07-2019","17,215.00","17,230.00","17,340.00","17,110.00","2.02K","0.32%"
"04-07-2019","17,160.00","17,195.00","17,240.00","17,105.00","1.19K","-0.20%"
"03-07-2019","17,195.00","17,110.00","17,240.00","17,035.00","1.14K","0.50%"
"02-07-2019","17,110.00","17,265.00","17,295.00","16,950.00","2.13K","-0.70%"
"01-07-2019","17,230.00","17,200.00","17,250.00","17,140.00","0.77K","0.38%"
"28-06-2019","17,165.00","17,120.00","17,225.00","17,030.00","2.40K","0.53%"
"27-06-2019","17,075.00","17,250.00","17,250.00","17,020.00","2.23K","-0.67%"
"26-06-2019","17,190.00","17,230.00","17,310.00","17,160.00","0.61K","-0.29%"
"25-06-2019","17,240.00","17,215.00","17,285.00","17,180.00","1.15K","0.32%"
"24-06-2019","17,185.00","17,385.00","17,385.00","17,150.00","2.18K","-0.75%"
"21-06-2019","17,315.00","17,235.00","17,450.00","17,225.00","2.23K","-1.23%"
"20-06-2019","17,530.00","17,580.00","17,590.00","17,460.00","0.13K","0.17%"
"19-06-2019","17,500.00","17,510.00","17,595.00","17,455.00","0.08K","-0.26%"
"18-06-2019","17,545.00","17,555.00","17,620.00","17,515.00","0.30K","-0.03%"
"17-06-2019","17,550.00","17,450.00","17,645.00","17,450.00","0.13K","0.57%"
"14-06-2019","17,450.00","17,460.00","17,460.00","17,350.00","0.27K","-0.65%"
"13-06-2019","17,565.00","17,755.00","17,800.00","17,530.00","0.34K","-1.68%"
"12-06-2019","17,865.00","17,680.00","17,950.00","17,590.00","0.31K","1.51%"
"11-06-2019","17,600.00","17,400.00","17,640.00","17,400.00","1.13K","0.86%"
"10-06-2019","17,450.00","17,510.00","17,510.00","17,350.00","2.17K","0.11%"
"07-06-2019","17,430.00","17,320.00","17,475.00","17,285.00","2.20K","-0.03%"
"06-06-2019","17,435.00","17,710.00","17,815.00","17,435.00","2.87K","-2.00%"
"04-06-2019","17,790.00","17,525.00","17,840.00","17,510.00","3.37K","1.48%"
"03-06-2019","17,530.00","17,440.00","17,570.00","17,390.00","2.00K","0.69%"
"31-05-2019","17,410.00","17,425.00","17,515.00","17,350.00","1.14K","-0.17%"
"30-05-2019","17,440.00","17,370.00","17,495.00","17,300.00","2.10K","0.55%"
"29-05-2019","17,345.00","17,350.00","17,415.00","17,135.00","3.89K","0.03%"
"28-05-2019","17,340.00","17,520.00","17,580.00","17,300.00","2.81K","-1.03%"
"27-05-2019","17,520.00","17,675.00","17,730.00","17,460.00","1.91K","-1.07%"
"24-05-2019","17,710.00","17,715.00","17,800.00","17,560.00","2.75K","0.03%"
"23-05-2019","17,705.00","17,570.00","17,740.00","17,425.00","2.41K","1.11%"
"22-05-2019","17,510.00","17,670.00","17,770.00","17,350.00","4.53K","-1.05%"
"21-05-2019","17,695.00","17,730.00","17,810.00","17,640.00","1.80K","-1.09%"
"20-05-2019","17,890.00","17,890.00","17,890.00","17,890.00","0.09K","0.93%"
"17-05-2019","17,725.00","17,790.00","17,790.00","17,630.00","0.08K","-0.17%"
"16-05-2019","17,755.00","17,795.00","17,840.00","17,700.00","0.08K","1.20%"
"15-05-2019","17,545.00","17,370.00","17,600.00","17,370.00","0.10K","0.86%"
"14-05-2019","17,395.00","17,500.00","17,595.00","17,370.00","0.21K","-0.37%"
"13-05-2019","17,460.00","17,450.00","17,555.00","17,440.00","1.01K","0.69%"
"10-05-2019","17,340.00","17,370.00","17,420.00","17,285.00","1.90K","-0.52%"
"09-05-2019","17,430.00","17,090.00","17,500.00","17,090.00","1.98K","2.41%"
"08-05-2019","17,020.00","16,905.00","17,100.00","16,870.00","1.60K","0.59%"
"07-05-2019","16,920.00","16,885.00","16,980.00","16,880.00","1.26K","0.27%"
"06-05-2019","16,875.00","16,860.00","17,020.00","16,840.00","1.62K","0.12%"
"03-05-2019","16,855.00","16,855.00","16,950.00","16,800.00","1.36K","-0.38%"
"02-05-2019","16,920.00","16,950.00","16,990.00","16,835.00","2.10K","-0.21%"
"30-04-2019","16,955.00","17,150.00","17,180.00","16,880.00","4.61K","-1.34%"
"26-04-2019","17,185.00","17,030.00","17,265.00","17,030.00","2.97K","0.50%"
"25-04-2019","17,100.00","17,270.00","17,350.00","17,040.00","4.87K","-0.73%"
"24-04-2019","17,225.00","17,095.00","17,270.00","16,970.00","1.57K","0.85%"
"23-04-2019","17,080.00","16,890.00","17,120.00","16,890.00","1.57K","1.04%"
"22-04-2019","16,905.00","16,795.00","16,970.00","16,670.00","2.17K","0.39%"
"18-04-2019","16,840.00","16,825.00","16,935.00","16,755.00","4.41K","2.15%"
"16-04-2019","16,485.00","16,420.00","16,570.00","16,230.00","0.28K","0.55%"
"15-04-2019","16,395.00","16,350.00","16,460.00","16,335.00","0.05K","-0.03%"
"12-04-2019","16,400.00","16,390.00","16,440.00","16,360.00","0.04K","0.46%"
"11-04-2019","16,325.00","16,345.00","16,345.00","16,240.00","0.32K","0.09%"
"10-04-2019","16,310.00","16,275.00","16,350.00","16,185.00","0.95K","-0.06%"
"09-04-2019","16,320.00","16,165.00","16,340.00","16,065.00","0.59K","1.18%"
"08-04-2019","16,130.00","16,020.00","16,210.00","16,005.00","0.84K","1.19%"
"05-04-2019","15,940.00","16,150.00","16,350.00","15,940.00","1.46K","-2.00%"
"04-04-2019","16,265.00","16,010.00","16,330.00","15,935.00","1.45K","1.59%"
"03-04-2019","16,010.00","15,750.00","16,055.00","15,680.00","2.75K","1.88%"
"02-04-2019","15,715.00","15,650.00","15,755.00","15,580.00","0.89K","0.42%"
"01-04-2019","15,650.00","15,730.00","15,850.00","15,610.00","1.08K","-0.54%"
"29-03-2019","15,735.00","15,755.00","15,850.00","15,670.00","1.85K","-0.13%"
"28-03-2019","15,755.00","15,670.00","15,795.00","15,645.00","1.32K","0.22%"
"27-03-2019","15,720.00","15,590.00","15,740.00","15,515.00","2.07K","1.03%"
"26-03-2019","15,560.00","15,480.00","15,575.00","15,480.00","1.37K","0.35%"
"25-03-2019","15,505.00","15,550.00","15,550.00","15,455.00","0.99K","-0.48%"
"22-03-2019","15,580.00","15,650.00","15,695.00","15,545.00","1.61K","-0.26%"
"20-03-2019","15,620.00","15,590.00","15,650.00","15,500.00","1.38K","-3.88%"
"19-03-2019","16,250.00","16,250.00","16,325.00","16,115.00","0.05K","1.98%"
"18-03-2019","15,935.00","15,950.00","15,950.00","15,900.00","0.02K","0.22%"
"15-03-2019","15,900.00","15,870.00","15,925.00","15,870.00","0.02K","-0.09%"
"14-03-2019","15,915.00","15,930.00","15,950.00","15,900.00","0.02K","-1.18%"
"13-03-2019","16,105.00","16,170.00","16,170.00","16,000.00","0.03K","-0.22%"
"12-03-2019","16,140.00","16,070.00","16,180.00","16,070.00","0.09K","0.72%"
"11-03-2019","16,025.00","15,780.00","16,025.00","15,710.00","0.62K","1.97%"
"08-03-2019","15,715.00","15,450.00","15,715.00","15,410.00","1.95K","1.98%"
"07-03-2019","15,410.00","15,525.00","15,535.00","15,365.00","1.13K","-0.71%"
"06-03-2019","15,520.00","15,640.00","15,670.00","15,450.00","1.54K","-0.48%"
"05-03-2019","15,595.00","15,590.00","15,650.00","15,550.00","1.24K","0.19%"
"01-03-2019","15,565.00","15,400.00","15,600.00","15,400.00","1.02K","0.91%"
"28-02-2019","15,425.00","15,395.00","15,495.00","15,330.00","1.00K","-0.10%"
"27-02-2019","15,440.00","15,480.00","15,525.00","15,290.00","1.54K","-0.23%"
"26-02-2019","15,475.00","15,300.00","15,580.00","15,140.00","2.77K","1.61%"
"25-02-2019","15,230.00","15,415.00","15,440.00","15,185.00","1.49K","-1.17%"
"22-02-2019","15,410.00","15,450.00","15,450.00","15,300.00","1.18K","-0.39%"
"21-02-2019","15,470.00","15,570.00","15,570.00","15,405.00","1.40K","-0.83%"
"20-02-2019","15,600.00","15,710.00","15,710.00","15,565.00","0.89K","-0.57%"
"19-02-2019","15,690.00","15,645.00","15,760.00","15,610.00","0.83K","0.19%"
"18-02-2019","15,660.00","15,590.00","15,685.00","15,550.00","1.00K","0.64%"
"15-02-2019","15,560.00","15,740.00","15,780.00","15,520.00","1.17K","-1.30%"
"14-02-2019","15,765.00","15,520.00","15,805.00","15,500.00","1.69K","1.45%"
"13-02-2019","15,540.00","15,470.00","15,585.00","15,425.00","1.33K","-0.35%"
"12-02-2019","15,595.00","15,450.00","15,625.00","15,400.00","0.83K","0.78%"
"11-02-2019","15,475.00","15,495.00","15,580.00","15,410.00","0.66K","0.00%"
"08-02-2019","15,475.00","15,525.00","15,635.00","15,435.00","1.20K","-0.71%"
"07-02-2019","15,585.00","15,410.00","15,645.00","15,365.00","1.82K","0.71%"
"06-02-2019","15,475.00","15,740.00","15,800.00","15,430.00","1.54K","-1.56%"
"05-02-2019","15,720.00","15,645.00","15,805.00","15,630.00","1.11K","0.32%"
"04-02-2019","15,670.00","15,810.00","15,890.00","15,625.00","1.37K","-0.95%"
"01-02-2019","15,820.00","16,020.00","16,020.00","15,775.00","1.12K","-0.91%"
"31-01-2019","15,965.00","15,960.00","16,085.00","15,860.00","1.72K","0.66%"
"30-01-2019","15,860.00","15,920.00","16,130.00","15,835.00","2.03K","-0.31%"
"29-01-2019","15,910.00","15,940.00","15,970.00","15,740.00","2.13K","-0.50%"
"28-01-2019","15,990.00","16,255.00","16,270.00","15,905.00","2.10K","-2.14%"
"25-01-2019","16,340.00","16,430.00","16,430.00","16,270.00","1.15K","-0.61%"
"24-01-2019","16,440.00","16,525.00","16,530.00","16,290.00","1.99K","-0.33%"
"23-01-2019","16,495.00","16,950.00","17,060.00","16,455.00","4.17K","-2.71%"
"22-01-2019","16,955.00","17,040.00","17,120.00","16,865.00","2.24K","-0.50%"
"21-01-2019","17,040.00","17,120.00","17,350.00","17,000.00","2.40K","-5.39%"
"18-01-2019","18,010.00","18,000.00","18,020.00","17,950.00","0.05K","0.14%"
"17-01-2019","17,985.00","17,850.00","18,080.00","17,810.00","0.13K","-0.30%"
"16-01-2019","18,040.00","18,200.00","18,200.00","17,950.00","0.20K","0.89%"
"15-01-2019","17,880.00","17,880.00","17,940.00","17,735.00","0.09K","0.96%"
"14-01-2019","17,710.00","17,545.00","17,940.00","17,545.00","0.07K","2.28%"
"11-01-2019","17,315.00","17,200.00","17,400.00","17,200.00","0.32K","0.23%"
"10-01-2019","17,275.00","17,210.00","17,480.00","17,200.00","1.10K","0.41%"
"09-01-2019","17,205.00","17,085.00","17,280.00","16,995.00","1.23K","0.15%"
"08-01-2019","17,180.00","17,430.00","17,435.00","17,150.00","1.58K","-1.72%"
"07-01-2019","17,480.00","17,515.00","17,645.00","17,400.00","1.23K","-0.57%"
"04-01-2019","17,580.00","17,430.00","17,600.00","17,360.00","0.97K","0.29%"
"03-01-2019","17,530.00","17,520.00","17,600.00","17,370.00","1.04K","0.26%"
"02-01-2019","17,485.00","17,680.00","17,765.00","17,400.00","1.11K","-1.07%"
"01-01-2019","17,675.00","17,600.00","17,800.00","17,545.00","1.72K","-0.06%"
"31-12-2018","17,685.00","17,390.00","17,700.00","17,330.00","1.65K","2.49%"
"28-12-2018","17,255.00","17,250.00","17,335.00","17,100.00","1.19K","0.41%"
"27-12-2018","17,185.00","17,350.00","17,480.00","17,120.00","2.23K","-0.84%"
"26-12-2018","17,330.00","17,150.00","17,400.00","17,070.00","1.73K","0.90%"
"24-12-2018","17,175.00","17,680.00","17,680.00","17,125.00","2.92K","-3.18%"
"21-12-2018","17,740.00","17,930.00","18,035.00","17,665.00","1.57K","-1.99%"
"20-12-2018","18,100.00","18,080.00","18,120.00","18,080.00","0.04K","-0.88%"
"19-12-2018","18,260.00","18,255.00","18,265.00","18,255.00","0.02K","0.66%"
"18-12-2018","18,140.00","18,300.00","18,300.00","18,000.00","0.23K","-1.14%"
"17-12-2018","18,350.00","18,350.00","18,350.00","18,350.00","0.01K","0.16%"
"14-12-2018","18,320.00","18,265.00","18,410.00","18,265.00","0.06K","0.47%"
"13-12-2018","18,235.00","18,450.00","18,455.00","18,200.00","0.13K","-0.65%"
"12-12-2018","18,355.00","18,360.00","18,405.00","18,345.00","0.32K","0.05%"
"11-12-2018","18,345.00","18,500.00","18,525.00","18,250.00","0.79K","-1.05%"
"10-12-2018","18,540.00","18,600.00","18,800.00","18,500.00","1.30K","0.14%"
"07-12-2018","18,515.00","18,325.00","18,640.00","18,325.00","0.99K","1.12%"
"06-12-2018","18,310.00","18,410.00","18,435.00","18,170.00","1.52K","-0.57%"
"05-12-2018","18,415.00","18,690.00","18,715.00","18,360.00","2.09K","-1.60%"
"04-12-2018","18,715.00","18,750.00","19,270.00","18,570.00","3.12K","-0.13%"
"03-12-2018","18,740.00","18,780.00","18,810.00","18,685.00","1.20K","0.54%"
"30-11-2018","18,640.00","18,800.00","18,930.00","18,515.00","2.22K","-0.88%"
"29-11-2018","18,805.00","19,340.00","19,375.00","18,750.00","3.42K","-2.94%"
"28-11-2018","19,375.00","19,340.00","19,565.00","19,300.00","1.78K","0.00%"
"27-11-2018","19,375.00","19,290.00","19,410.00","19,070.00","2.84K","-0.03%"
"26-11-2018","19,380.00","19,470.00","19,480.00","19,240.00","2.41K","-0.13%"
"22-11-2018","19,405.00","19,445.00","19,590.00","19,260.00","2.54K","-0.28%"
"21-11-2018","19,460.00","19,890.00","20,090.00","19,365.00","3.69K","-2.21%"
"20-11-2018","19,900.00","19,350.00","19,900.00","19,330.00","3.08K","3.43%"
"19-11-2018","19,240.00","19,250.00","19,250.00","19,210.00","0.04K","-0.36%"
"16-11-2018","19,310.00","19,400.00","19,400.00","19,225.00","0.08K","-1.10%"
"15-11-2018","19,525.00","19,525.00","19,625.00","19,310.00","0.06K","-0.84%"
"14-11-2018","19,690.00","19,860.00","19,975.00","19,400.00","0.07K","-2.55%"
"13-11-2018","20,205.00","20,145.00","20,390.00","20,145.00","0.05K","0.50%"
"12-11-2018","20,105.00","20,040.00","20,270.00","19,910.00","1.16K","0.47%"
"09-11-2018","20,010.00","20,390.00","20,400.00","19,960.00","2.78K","-2.51%"
"07-11-2018","20,525.00","20,525.00","20,555.00","20,480.00","0.26K","0.05%"
"06-11-2018","20,515.00","20,725.00","20,780.00","20,470.00","1.39K","-1.20%"
"05-11-2018","20,765.00","20,800.00","21,000.00","20,665.00","2.77K","0.46%"
"02-11-2018","20,670.00","20,450.00","20,735.00","20,360.00","2.69K","1.22%"
"01-11-2018","20,420.00","20,635.00","20,675.00","20,370.00","2.76K","-0.83%"
"31-10-2018","20,590.00","20,340.00","20,630.00","20,275.00","3.85K","1.75%"
"30-10-2018","20,235.00","19,855.00","20,290.00","19,750.00","4.97K","2.40%"
"29-10-2018","19,760.00","19,540.00","19,950.00","19,450.00","3.45K","0.97%"
"26-10-2018","19,570.00","19,800.00","19,800.00","19,430.00","3.68K","-1.24%"
"25-10-2018","19,815.00","19,785.00","19,975.00","19,700.00","2.07K","0.08%"
"24-10-2018","19,800.00","19,950.00","20,020.00","19,770.00","2.57K","-0.65%"
"23-10-2018","19,930.00","20,010.00","20,170.00","19,820.00","4.51K","-0.40%"
"22-10-2018","20,010.00","20,285.00","20,420.00","19,965.00","4.97K","-1.74%"
"19-10-2018","20,365.00","20,360.00","20,540.00","20,185.00","4.97K","0.57%"
"17-10-2018","20,250.00","19,980.00","20,280.00","19,880.00","3.65K","-0.25%"
"16-10-2018","20,300.00","20,030.00","20,440.00","19,880.00","0.65K","-0.44%"
"15-10-2018","20,390.00","20,000.00","20,420.00","19,990.00","0.20K","1.37%"
"12-10-2018","20,115.00","19,830.00","20,150.00","19,800.00","0.66K","2.84%"
"11-10-2018","19,560.00","19,450.00","19,650.00","19,390.00","1.58K","0.28%"
"10-10-2018","19,505.00","19,325.00","19,630.00","19,255.00","1.71K","0.21%"
"09-10-2018","19,465.00","19,570.00","19,570.00","19,355.00","1.49K","-0.54%"
"08-10-2018","19,570.00","19,350.00","19,795.00","19,280.00","1.65K","1.95%"
"05-10-2018","19,195.00","19,090.00","19,250.00","19,000.00","2.73K","1.19%"
"04-10-2018","18,970.00","18,840.00","19,045.00","18,750.00","2.61K","0.69%"
"03-10-2018","18,840.00","18,980.00","18,980.00","18,780.00","1.59K","0.35%"
"01-10-2018","18,775.00","18,725.00","18,850.00","18,685.00","1.70K","0.03%"
"28-09-2018","18,770.00","18,900.00","19,025.00","18,725.00","2.47K","-0.82%"
"27-09-2018","18,925.00","18,990.00","19,080.00","18,815.00","1.97K","-0.63%"
"26-09-2018","19,045.00","19,045.00","19,135.00","18,970.00","2.02K","0.21%"
"25-09-2018","19,005.00","19,010.00","19,190.00","18,725.00","3.34K","0.21%"
"24-09-2018","18,965.00","19,410.00","19,490.00","18,900.00","4.17K","-2.29%"
"21-09-2018","19,410.00","19,560.00","19,600.00","19,350.00","1.97K","0.10%"
"19-09-2018","19,390.00","19,350.00","19,450.00","19,350.00","0.02K","-0.51%"
"18-09-2018","19,490.00","19,330.00","19,605.00","19,330.00","0.11K","1.06%"
"17-09-2018","19,285.00","20,005.00","20,005.00","19,240.00","0.17K","-1.86%"
"14-09-2018","19,650.00","19,860.00","19,860.00","19,600.00","0.08K","0.23%"
"12-09-2018","19,605.00","19,355.00","19,605.00","19,355.00","0.17K","1.98%"
"11-09-2018","19,225.00","18,940.00","19,330.00","18,910.00","1.23K","1.13%"
"10-09-2018","19,010.00","18,915.00","19,150.00","18,900.00","3.24K","0.26%"
"07-09-2018","18,960.00","19,020.00","19,120.00","18,895.00","2.39K","-0.29%"
"06-09-2018","19,015.00","19,110.00","19,200.00","18,960.00","1.62K","-0.81%"
"05-09-2018","19,170.00","19,330.00","19,355.00","19,100.00","1.82K","-0.75%"
"04-09-2018","19,315.00","19,425.00","19,435.00","19,240.00","1.95K","-0.16%"
"03-09-2018","19,345.00","19,180.00","19,480.00","19,045.00","2.10K","0.65%"
"31-08-2018","19,220.00","19,355.00","19,375.00","19,100.00","2.30K","-0.62%"
"30-08-2018","19,340.00","19,400.00","19,440.00","19,200.00","2.50K","0.23%"
"29-08-2018","19,295.00","19,105.00","19,350.00","18,970.00","3.72K","0.68%"
"28-08-2018","19,165.00","19,090.00","19,325.00","19,040.00","2.71K","1.00%"
"27-08-2018","18,975.00","19,290.00","19,500.00","18,880.00","3.58K","-1.84%"
"24-08-2018","19,330.00","19,730.00","19,765.00","19,065.00","6.51K","-1.55%"
"23-08-2018","19,635.00","20,280.00","20,450.00","19,600.00","5.88K","-3.61%"
"21-08-2018","20,370.00","20,400.00","20,500.00","20,250.00","3.28K","3.35%"
"20-08-2018","19,710.00","19,580.00","20,040.00","19,525.00","0.17K","1.73%"
"17-08-2018","19,375.00","19,300.00","19,495.00","19,300.00","0.10K","0.70%"
"16-08-2018","19,240.00","19,400.00","19,400.00","19,080.00","0.06K","0.42%"
"14-08-2018","19,160.00","19,120.00","19,300.00","19,040.00","0.14K","-0.03%"
"13-08-2018","19,165.00","19,360.00","19,550.00","19,125.00","0.93K","-0.90%"
"10-08-2018","19,340.00","19,800.00","19,805.00","19,300.00","2.86K","-1.90%"
"09-08-2018","19,715.00","19,875.00","19,895.00","19,500.00","2.07K","0.00%"
"08-08-2018","19,715.00","19,670.00","19,830.00","19,620.00","1.63K","0.41%"
"07-08-2018","19,635.00","19,750.00","20,000.00","19,570.00","2.48K","-1.13%"
"06-08-2018","19,860.00","20,325.00","20,380.00","19,725.00","3.03K","-2.43%"
"03-08-2018","20,355.00","20,555.00","20,605.00","20,265.00","3.65K","-0.56%"
"02-08-2018","20,470.00","20,030.00","20,470.00","20,000.00","5.13K","1.99%"
"01-08-2018","20,070.00","20,080.00","20,240.00","19,920.00","4.53K","-0.62%"
"31-07-2018","20,195.00","20,400.00","20,580.00","20,120.00","5.01K","-0.39%"
"30-07-2018","20,275.00","19,750.00","20,480.00","19,565.00","5.51K","2.35%"
"27-07-2018","19,810.00","19,690.00","19,915.00","19,650.00","2.83K","1.07%"
"26-07-2018","19,600.00","19,595.00","19,695.00","19,525.00","2.01K","0.41%"
"25-07-2018","19,520.00","19,720.00","19,815.00","19,405.00","3.95K","-1.09%"
"24-07-2018","19,735.00","19,530.00","19,930.00","19,370.00","5.03K","0.79%"
"23-07-2018","19,580.00","18,850.00","19,580.00","18,730.00","5.99K","4.73%"
"20-07-2018","18,695.00","18,695.00","18,695.00","18,690.00","0.02K","0.48%"
"19-07-2018","18,605.00","18,600.00","18,710.00","18,480.00","0.04K","-0.51%"
"18-07-2018","18,700.00","18,680.00","18,710.00","18,650.00","0.10K","1.88%"
"17-07-2018","18,355.00","18,355.00","18,355.00","18,355.00","0.02K","-1.56%"
"16-07-2018","18,645.00","18,500.00","18,800.00","18,500.00","0.17K","1.11%"
"13-07-2018","18,440.00","18,475.00","18,500.00","18,325.00","0.07K","0.11%"
"12-07-2018","18,420.00","18,500.00","18,690.00","18,400.00","0.22K","0.38%"
"11-07-2018","18,350.00","18,285.00","18,465.00","18,135.00","1.06K","0.16%"
"10-07-2018","18,320.00","18,600.00","18,600.00","18,250.00","2.08K","-1.48%"
"09-07-2018","18,595.00","18,545.00","18,780.00","18,365.00","1.52K","0.19%"
"06-07-2018","18,560.00","18,875.00","19,070.00","18,520.00","1.60K","-1.72%"
"05-07-2018","18,885.00","18,555.00","19,025.00","18,505.00","2.03K","1.48%"
"04-07-2018","18,610.00","18,440.00","18,725.00","18,310.00","1.46K","1.31%"
"03-07-2018","18,370.00","18,595.00","18,595.00","18,105.00","3.11K","-1.45%"
"02-07-2018","18,640.00","18,400.00","18,865.00","18,260.00","4.17K","0.76%"
"29-06-2018","18,500.00","18,040.00","18,615.00","17,920.00","5.28K","2.72%"
"28-06-2018","18,010.00","17,805.00","18,205.00","17,805.00","3.87K","1.64%"
"27-06-2018","17,720.00","17,350.00","17,750.00","17,280.00","4.23K","1.58%"
"26-06-2018","17,445.00","17,360.00","17,575.00","17,290.00","3.41K","0.75%"
"25-06-2018","17,315.00","17,115.00","17,350.00","16,865.00","3.69K","2.36%"
"22-06-2018","16,915.00","16,975.00","17,155.00","16,875.00","3.56K","-0.50%"
"21-06-2018","17,000.00","16,810.00","17,100.00","16,730.00","3.40K","1.61%"
"20-06-2018","16,730.00","16,680.00","16,805.00","16,680.00","0.02K","1.83%"
"19-06-2018","16,430.00","16,400.00","16,500.00","16,385.00","0.08K","0.03%"
"18-06-2018","16,425.00","16,395.00","16,525.00","16,105.00","0.08K","0.00%"
"15-06-2018","16,425.00","16,480.00","16,480.00","16,365.00","0.08K","-0.39%"
"14-06-2018","16,490.00","16,425.00","16,520.00","16,355.00","0.11K","0.73%"
"13-06-2018","16,370.00","16,295.00","16,380.00","16,295.00","0.09K","1.14%"
"12-06-2018","16,185.00","16,010.00","16,245.00","16,010.00","0.69K","1.54%"
"11-06-2018","15,940.00","15,870.00","16,125.00","15,870.00","2.35K","-0.41%"
"08-06-2018","16,005.00","16,200.00","16,225.00","15,935.00","2.93K","-0.56%"
"07-06-2018","16,095.00","16,135.00","16,205.00","16,045.00","0.88K","-0.09%"
"06-06-2018","16,110.00","16,050.00","16,185.00","16,050.00","0.92K","0.31%"
"05-06-2018","16,060.00","16,115.00","16,180.00","15,890.00","1.13K","0.60%"
"04-06-2018","15,965.00","16,290.00","16,290.00","15,840.00","1.95K","-1.21%"
"01-06-2018","16,160.00","16,150.00","16,400.00","16,125.00","1.32K","-0.25%"
"31-05-2018","16,200.00","16,275.00","16,300.00","16,055.00","1.04K","-0.83%"
"30-05-2018","16,335.00","16,405.00","16,430.00","16,260.00","1.26K","-0.12%"
"29-05-2018","16,355.00","16,385.00","16,450.00","16,250.00","1.79K","-0.15%"
"28-05-2018","16,380.00","16,080.00","16,415.00","15,980.00","2.40K","1.71%"
"25-05-2018","16,105.00","15,970.00","16,140.00","15,930.00","1.58K","0.37%"
"24-05-2018","16,045.00","15,950.00","16,160.00","15,850.00","3.16K","1.04%"
"23-05-2018","15,880.00","15,650.00","15,925.00","15,620.00","2.17K","0.67%"
"22-05-2018","15,775.00","15,705.00","15,805.00","15,510.00","3.66K","0.41%"
"21-05-2018","15,710.00","15,700.00","15,870.00","15,675.00","1.96K","-1.41%"
"18-05-2018","15,935.00","16,325.00","16,335.00","15,715.00","1.03K","-2.54%"
"17-05-2018","16,350.00","16,300.00","16,425.00","16,300.00","0.22K","0.31%"
"16-05-2018","16,300.00","16,300.00","16,395.00","16,275.00","0.23K","-0.55%"
"15-05-2018","16,390.00","16,400.00","16,400.00","16,300.00","0.11K","-0.06%"
"14-05-2018","16,400.00","16,400.00","16,450.00","16,370.00","0.23K","0.92%"
"11-05-2018","16,250.00","16,340.00","16,350.00","16,125.00","1.02K","-0.31%"
"10-05-2018","16,300.00","16,095.00","16,420.00","16,060.00","1.80K","1.97%"
"09-05-2018","15,985.00","15,705.00","16,045.00","15,675.00","1.21K","2.08%"
"08-05-2018","15,660.00","15,700.00","15,790.00","15,620.00","1.04K","-0.32%"
"07-05-2018","15,710.00","15,685.00","15,850.00","15,570.00","2.19K","0.42%"
"04-05-2018","15,645.00","15,730.00","15,755.00","15,550.00","2.85K","-0.54%"
"03-05-2018","15,730.00","15,780.00","15,880.00","15,650.00","1.49K","-0.63%"
"02-05-2018","15,830.00","15,805.00","15,970.00","15,715.00","1.82K","0.54%"
"30-04-2018","15,745.00","15,525.00","15,980.00","15,525.00","1.62K","0.48%"
"27-04-2018","15,670.00","15,990.00","16,080.00","15,625.00","2.82K","-1.69%"
"26-04-2018","15,940.00","15,840.00","15,975.00","15,810.00","1.43K","0.85%"
"25-04-2018","15,805.00","15,700.00","15,940.00","15,625.00","1.52K","0.41%"
"24-04-2018","15,740.00","15,950.00","16,025.00","15,555.00","2.95K","-0.98%"
"23-04-2018","15,895.00","16,050.00","16,050.00","15,855.00","1.46K","1.83%"
"20-04-2018","15,610.00","15,650.00","15,700.00","15,600.00","0.08K","-0.76%"
"19-04-2018","15,730.00","15,550.00","15,810.00","15,550.00","0.12K","1.48%"
"18-04-2018","15,500.00","15,600.00","15,600.00","15,460.00","0.12K","1.08%"
"17-04-2018","15,335.00","15,355.00","15,430.00","15,300.00","0.27K","0.13%"
"16-04-2018","15,315.00","15,350.00","15,350.00","15,300.00","0.03K","1.76%"
"13-04-2018","15,050.00","15,070.00","15,070.00","15,030.00","0.09K","0.03%"
"12-04-2018","15,045.00","15,150.00","15,150.00","14,960.00","0.12K","0.43%"
"11-04-2018","14,980.00","14,910.00","15,065.00","14,855.00","1.30K","0.10%"
"10-04-2018","14,965.00","14,810.00","15,180.00","14,775.00","2.87K","0.94%"
"09-04-2018","14,825.00","14,880.00","14,950.00","14,780.00","2.67K","-0.77%"
"06-04-2018","14,940.00","15,055.00","15,290.00","14,900.00","2.28K","-1.19%"
"05-04-2018","15,120.00","14,645.00","15,195.00","14,600.00","3.21K","3.46%"
"04-04-2018","14,615.00","14,550.00","14,650.00","14,520.00","1.57K","0.55%"
"03-04-2018","14,535.00","14,650.00","14,745.00","14,485.00","2.37K","-0.03%"
"02-04-2018","14,540.00","14,595.00","14,700.00","14,480.00","1.38K","0.14%"
"28-03-2018","14,520.00","14,490.00","14,610.00","14,370.00","2.44K","0.03%"
"27-03-2018","14,515.00","14,570.00","14,665.00","14,470.00","1.80K","-0.62%"
"26-03-2018","14,605.00","14,865.00","14,880.00","14,425.00","2.33K","-1.45%"
"23-03-2018","14,820.00","14,790.00","14,880.00","14,675.00","2.22K","-0.13%"
"22-03-2018","14,840.00","14,510.00","14,925.00","14,495.00","3.71K","2.98%"
"21-03-2018","14,410.00","14,365.00","14,590.00","14,260.00","1.55K","1.44%"
"20-03-2018","14,205.00","14,100.00","14,230.00","14,100.00","0.30K","0.78%"
"19-03-2018","14,095.00","14,175.00","14,180.00","14,030.00","0.14K","-2.08%"
"16-03-2018","14,395.00","14,500.00","14,500.00","14,350.00","0.09K","0.14%"
"15-03-2018","14,375.00","14,315.00","14,400.00","14,240.00","0.75K","0.63%"
"14-03-2018","14,285.00","14,115.00","14,310.00","14,115.00","0.80K","0.25%"
"13-03-2018","14,250.00","14,110.00","14,295.00","14,080.00","0.30K","0.67%"
"12-03-2018","14,155.00","14,450.00","14,505.00","14,010.00","3.18K","-2.98%"
"09-03-2018","14,590.00","14,350.00","14,775.00","14,350.00","3.78K","1.04%"
"08-03-2018","14,440.00","14,285.00","14,475.00","14,240.00","2.02K","1.48%"
"07-03-2018","14,230.00","14,620.00","14,620.00","14,185.00","1.75K","-1.32%"
"06-03-2018","14,420.00","14,150.00","14,540.00","14,150.00","2.40K","1.98%"
"05-03-2018","14,140.00","14,475.00","14,525.00","14,140.00","2.54K","-1.98%"
"01-03-2018","14,425.00","14,945.00","15,005.00","14,360.00","2.22K","-3.16%"
"28-02-2018","14,895.00","14,930.00","15,010.00","14,825.00","1.71K","0.27%"
"27-02-2018","14,855.00","15,025.00","15,240.00","14,780.00","2.88K","-0.60%"
"26-02-2018","14,945.00","15,000.00","15,150.00","14,780.00","3.31K","-2.32%"
"23-02-2018","15,300.00","15,460.00","15,510.00","15,265.00","1.91K","-1.03%"
"22-02-2018","15,460.00","15,585.00","15,745.00","15,375.00","2.59K","-1.12%"
"21-02-2018","15,635.00","15,390.00","15,780.00","15,325.00","2.25K","1.79%"
"20-02-2018","15,360.00","15,585.00","15,585.00","15,190.00","2.72K","-1.06%"
"19-02-2018","15,525.00","15,770.00","15,840.00","15,445.00","1.25K","-2.05%"
"16-02-2018","15,850.00","15,870.00","15,910.00","15,745.00","0.94K","0.03%"
"15-02-2018","15,845.00","15,875.00","16,015.00","15,800.00","0.76K","-0.31%"
"14-02-2018","15,895.00","15,970.00","16,050.00","15,810.00","1.69K","-1.24%"
"12-02-2018","16,095.00","16,595.00","16,595.00","16,095.00","2.21K","-1.98%"
"09-02-2018","16,420.00","16,355.00","16,540.00","16,300.00","1.01K","0.24%"
"08-02-2018","16,380.00","16,700.00","16,700.00","16,345.00","2.39K","-2.09%"
"07-02-2018","16,730.00","16,740.00","16,980.00","16,700.00","1.38K","-0.27%"
"06-02-2018","16,775.00","16,750.00","16,860.00","16,670.00","1.85K","0.33%"
"05-02-2018","16,720.00","16,640.00","16,865.00","16,630.00","1.37K","0.78%"
"02-02-2018","16,590.00","16,620.00","16,730.00","16,540.00","1.54K","0.18%"
"01-02-2018","16,560.00","16,425.00","16,660.00","16,400.00","1.46K","0.18%"
"31-01-2018","16,530.00","16,400.00","16,660.00","16,370.00","3.81K","1.19%"
"30-01-2018","16,335.00","16,505.00","16,605.00","16,260.00","1.53K","-0.94%"
"29-01-2018","16,490.00","16,410.00","16,555.00","16,400.00","1.80K","0.37%"
"25-01-2018","16,430.00","16,495.00","16,555.00","16,335.00","1.13K","-0.27%"
"24-01-2018","16,475.00","16,480.00","16,520.00","16,400.00","1.14K","0.21%"
"23-01-2018","16,440.00","16,530.00","16,600.00","16,410.00","1.34K","-0.63%"
"22-01-2018","16,545.00","16,600.00","16,655.00","16,500.00","0.75K","-21.21%"
"19-01-2018","21,000.00","20,800.00","21,025.00","20,800.00","2.66K","0.62%"
"18-01-2018","20,870.00","21,045.00","21,050.00","20,825.00","1.75K","-0.88%"
"17-01-2018","21,055.00","21,100.00","21,250.00","20,975.00","1.34K","-0.61%"
"16-01-2018","21,185.00","21,590.00","21,600.00","20,870.00","1.65K","-1.74%"
"15-01-2018","21,560.00","21,600.00","21,700.00","21,340.00","0.97K","0.49%"
"12-01-2018","21,455.00","21,145.00","21,455.00","21,075.00","1.01K","2.00%"
"11-01-2018","21,035.00","21,175.00","21,175.00","20,930.00","2.39K","-0.17%"
"10-01-2018","21,070.00","21,320.00","21,540.00","20,970.00","4.59K","-0.68%"
"09-01-2018","21,215.00","21,095.00","21,285.00","20,970.00","1.94K","0.95%"
"08-01-2018","21,015.00","20,900.00","21,080.00","20,790.00","2.84K","0.00%"
"05-01-2018","21,015.00","21,100.00","21,240.00","20,920.00","2.76K","-0.64%"
"04-01-2018","21,150.00","21,400.00","21,555.00","21,030.00","2.50K","-0.98%"
"03-01-2018","21,360.00","21,450.00","21,525.00","21,330.00","2.18K","-0.63%"
"02-01-2018","21,495.00","21,600.00","21,665.00","21,455.00","1.21K","-0.37%"
"01-01-2018","21,575.00","21,695.00","21,760.00","21,520.00","1.28K","-0.35%"
"29-12-2017","21,650.00","21,650.00","21,900.00","21,535.00","1.92K","-0.12%"
"28-12-2017","21,675.00","21,320.00","21,770.00","21,125.00","4.10K","2.31%"
"27-12-2017","21,185.00","21,265.00","21,280.00","20,900.00","2.73K","0.28%"
"26-12-2017","21,125.00","21,305.00","21,700.00","21,000.00","4.37K","-0.89%"
"22-12-2017","21,315.00","21,555.00","21,565.00","21,220.00","2.84K","-1.11%"
"21-12-2017","21,555.00","21,635.00","21,800.00","21,420.00","2.70K","0.19%"
"20-12-2017","21,515.00","21,500.00","21,600.00","21,410.00","0.42K","1.15%"
"19-12-2017","21,270.00","21,675.00","21,740.00","21,140.00","0.78K","-1.25%"
"18-12-2017","21,540.00","21,280.00","21,550.00","21,260.00","0.49K","0.58%"
"15-12-2017","21,415.00","21,245.00","21,450.00","21,245.00","0.79K","0.07%"
"14-12-2017","21,400.00","21,780.00","21,780.00","21,200.00","1.28K","-2.24%"
"13-12-2017","21,890.00","21,705.00","21,910.00","21,700.00","1.49K","0.60%"
"12-12-2017","21,760.00","21,350.00","22,040.00","21,350.00","1.25K","2.16%"
"11-12-2017","21,300.00","21,550.00","21,730.00","21,150.00","1.40K","-1.07%"
"08-12-2017","21,530.00","21,580.00","21,650.00","21,300.00","2.45K","-0.25%"
"07-12-2017","21,585.00","21,600.00","21,680.00","21,430.00","2.84K","0.00%"
"06-12-2017","21,585.00","21,660.00","21,940.00","21,460.00","2.45K","-0.78%"
"05-12-2017","21,755.00","22,200.00","22,360.00","21,545.00","4.25K","-0.78%"
"04-12-2017","21,925.00","21,700.00","22,070.00","21,570.00","2.74K","2.48%"
"01-12-2017","21,395.00","21,525.00","21,660.00","21,360.00","2.09K","-1.77%"
"30-11-2017","21,780.00","21,760.00","21,940.00","21,600.00","2.88K","-0.05%"
"29-11-2017","21,790.00","21,850.00","22,040.00","21,520.00","2.83K","-0.57%"
"28-11-2017","21,915.00","21,700.00","22,145.00","21,695.00","4.20K","0.92%"
"27-11-2017","21,715.00","21,450.00","21,785.00","21,310.00","3.51K","0.88%"
"24-11-2017","21,525.00","21,260.00","21,990.00","21,260.00","7.46K","1.80%"
"23-11-2017","21,145.00","20,380.00","21,145.00","20,335.00","5.51K","3.98%"
"22-11-2017","20,335.00","20,250.00","20,380.00","20,160.00","2.04K","0.54%"
"21-11-2017","20,225.00","20,250.00","20,400.00","20,020.00","3.91K","3.98%"
"20-11-2017","19,450.00","19,500.00","19,500.00","19,400.00","0.03K","0.31%"
"17-11-2017","19,390.00","19,285.00","19,500.00","19,285.00","0.18K","1.25%"
"16-11-2017","19,150.00","19,110.00","19,170.00","19,110.00","0.05K","0.24%"
"15-11-2017","19,105.00","19,280.00","19,280.00","19,045.00","0.04K","-0.16%"
"14-11-2017","19,135.00","19,045.00","19,225.00","19,045.00","0.14K","2.46%"
"13-11-2017","18,675.00","18,350.00","18,730.00","18,350.00","0.75K","1.69%"
"10-11-2017","18,365.00","18,530.00","18,545.00","18,325.00","1.99K","-0.84%"
"09-11-2017","18,520.00","18,650.00","18,690.00","18,485.00","1.26K","-0.80%"
"08-11-2017","18,670.00","18,595.00","18,705.00","18,595.00","0.95K","0.21%"
"07-11-2017","18,630.00","18,615.00","18,700.00","18,550.00","1.28K","-0.43%"
"06-11-2017","18,710.00","18,800.00","18,820.00","18,680.00","1.09K","-0.66%"
"03-11-2017","18,835.00","18,500.00","18,895.00","18,500.00","2.14K","0.67%"
"02-11-2017","18,710.00","18,740.00","18,745.00","18,595.00","1.62K","0.11%"
"01-11-2017","18,690.00","18,530.00","18,740.00","18,470.00","3.56K","0.70%"
"31-10-2017","18,560.00","18,585.00","18,645.00","18,430.00","2.31K","-0.16%"
"30-10-2017","18,590.00","18,980.00","18,980.00","18,415.00","4.19K","-1.72%"
"27-10-2017","18,915.00","19,200.00","19,240.00","18,775.00","3.93K","-1.74%"
"26-10-2017","19,250.00","19,255.00","19,335.00","19,190.00","3.78K","0.26%"
"25-10-2017","19,200.00","18,875.00","19,250.00","18,840.00","5.80K","1.72%"
"24-10-2017","18,875.00","18,880.00","18,950.00","18,680.00","3.80K","0.21%"
"23-10-2017","18,835.00","18,910.00","19,070.00","18,775.00","2.55K","-0.58%"
"19-10-2017","18,945.00","18,970.00","19,060.00","18,915.00","1.18K","0.11%"
"18-10-2017","18,925.00","18,870.00","18,950.00","18,835.00","1.13K","0.08%"
"17-10-2017","18,910.00","18,825.00","18,950.00","18,825.00","1.98K","0.45%"
"16-10-2017","18,825.00","18,935.00","19,015.00","18,735.00","1.88K","-2.56%"
"13-10-2017","19,320.00","19,360.00","19,400.00","19,140.00","1.52K","-0.10%"
"12-10-2017","19,340.00","19,270.00","19,360.00","19,250.00","1.41K","0.99%"
"11-10-2017","19,150.00","19,030.00","19,200.00","18,970.00","1.21K","0.58%"
"10-10-2017","19,040.00","18,700.00","19,055.00","18,700.00","2.03K","1.47%"
"09-10-2017","18,765.00","18,950.00","18,960.00","18,480.00","2.58K","-1.42%"
"06-10-2017","19,035.00","19,075.00","19,150.00","18,980.00","0.35K","-0.39%"
"05-10-2017","19,110.00","19,100.00","19,155.00","18,980.00","0.92K","-0.05%"
"04-10-2017","19,120.00","19,320.00","19,340.00","19,080.00","2.03K","-0.78%"
"03-10-2017","19,270.00","19,215.00","19,460.00","19,150.00","3.27K","0.47%"
"29-09-2017","19,180.00","18,900.00","19,280.00","18,900.00","2.25K","0.84%"
"28-09-2017","19,020.00","19,050.00","19,080.00","18,825.00","5.15K","0.58%"
"27-09-2017","18,910.00","19,125.00","19,150.00","18,830.00","3.55K","-1.28%"
"26-09-2017","19,155.00","18,930.00","19,195.00","18,930.00","3.60K","0.37%"
"25-09-2017","19,085.00","19,540.00","19,625.00","18,900.00","7.33K","-2.75%"
"22-09-2017","19,625.00","19,580.00","19,770.00","19,565.00","3.54K","-0.15%"
"21-09-2017","19,655.00","19,700.00","19,800.00","19,490.00","1.98K","0.13%"
"20-09-2017","19,630.00","19,740.00","19,740.00","19,550.00","3.64K","-0.23%"
"19-09-2017","19,675.00","19,590.00","19,850.00","19,580.00","0.92K","0.59%"
"18-09-2017","19,560.00","19,705.00","19,750.00","19,465.00","0.93K","-0.79%"
"15-09-2017","19,715.00","19,730.00","19,850.00","19,700.00","1.57K","-0.66%"
"14-09-2017","19,845.00","19,800.00","19,850.00","19,750.00","1.64K","0.68%"
"13-09-2017","19,710.00","19,700.00","19,790.00","19,655.00","0.42K","0.10%"
"12-09-2017","19,690.00","19,800.00","19,895.00","19,620.00","1.10K","-0.91%"
"11-09-2017","19,870.00","19,730.00","20,000.00","19,705.00","2.56K","0.79%"
"08-09-2017","19,715.00","19,600.00","19,770.00","19,535.00","3.26K","0.31%"
"07-09-2017","19,655.00","19,760.00","19,760.00","19,630.00","1.97K","-0.46%"
"06-09-2017","19,745.00","19,755.00","19,840.00","19,685.00","1.65K","-0.05%"
"05-09-2017","19,755.00","19,530.00","19,800.00","19,530.00","2.41K","0.30%"
"04-09-2017","19,695.00","19,690.00","19,825.00","19,660.00","1.34K","0.28%"
"01-09-2017","19,640.00","19,900.00","19,940.00","19,550.00","8.17K","-1.16%"
"31-08-2017","19,870.00","19,740.00","19,980.00","19,725.00","7.31K","0.89%"
"30-08-2017","19,695.00","19,700.00","19,800.00","19,640.00","3.94K","0.38%"
"29-08-2017","19,620.00","19,690.00","19,735.00","19,475.00","8.73K","0.13%"
"28-08-2017","19,595.00","20,125.00","20,125.00","19,460.00","8.60K","-2.54%"
"24-08-2017","20,105.00","19,800.00","20,250.00","19,800.00","11.10K","1.69%"
"23-08-2017","19,770.00","19,655.00","19,800.00","19,510.00","4.67K","0.56%"
"22-08-2017","19,660.00","19,885.00","19,985.00","19,550.00","6.55K","-0.96%"
"21-08-2017","19,850.00","19,750.00","19,945.00","19,655.00","6.41K","3.49%"
"18-08-2017","19,180.00","19,250.00","19,250.00","19,120.00","0.02K","-0.67%"
"17-08-2017","19,310.00","19,365.00","19,400.00","19,150.00","0.05K","0.03%"
"16-08-2017","19,305.00","19,000.00","19,520.00","19,000.00","0.11K","0.86%"
"14-08-2017","19,140.00","19,265.00","19,285.00","19,005.00","0.32K","-0.23%"
"11-08-2017","19,185.00","18,800.00","19,230.00","18,770.00","2.82K","1.75%"
"10-08-2017","18,855.00","19,005.00","19,185.00","18,785.00","2.63K","-0.84%"
"09-08-2017","19,015.00","19,160.00","19,165.00","18,955.00","2.62K","-0.86%"
"08-08-2017","19,180.00","19,100.00","19,320.00","19,025.00","2.42K","-0.16%"
"07-08-2017","19,210.00","19,490.00","19,490.00","19,165.00","1.95K","-1.03%"
"04-08-2017","19,410.00","19,100.00","19,490.00","19,065.00","5.15K","2.00%"
"03-08-2017","19,030.00","18,895.00","19,115.00","18,880.00","2.91K","0.58%"
"02-08-2017","18,920.00","19,100.00","19,140.00","18,760.00","4.72K","-1.12%"
"01-08-2017","19,135.00","19,300.00","19,335.00","19,100.00","3.60K","-1.06%"
"31-07-2017","19,340.00","19,250.00","19,460.00","19,250.00","6.87K","0.78%"
"28-07-2017","19,190.00","19,050.00","19,285.00","19,000.00","7.45K","0.50%"
"27-07-2017","19,095.00","19,470.00","19,660.00","19,095.00","8.26K","-1.98%"
"26-07-2017","19,480.00","19,200.00","19,550.00","19,130.00","6.85K","1.56%"
"25-07-2017","19,180.00","19,200.00","19,390.00","19,100.00","4.49K","-0.36%"
"24-07-2017","19,250.00","19,450.00","19,450.00","19,050.00","7.30K","-1.74%"
"21-07-2017","19,590.00","19,650.00","19,940.00","19,455.00","8.15K","-0.43%"
"20-07-2017","19,675.00","19,800.00","19,800.00","19,600.00","0.36K","-0.93%"
"19-07-2017","19,860.00","19,825.00","19,910.00","19,800.00","0.13K","0.23%"
"18-07-2017","19,815.00","19,950.00","19,960.00","19,760.00","0.32K","-1.12%"
"17-07-2017","20,040.00","20,075.00","20,300.00","19,900.00","0.50K","-0.84%"
"14-07-2017","20,210.00","20,100.00","20,260.00","19,950.00","0.30K","1.61%"
"13-07-2017","19,890.00","19,565.00","19,950.00","19,565.00","0.33K","3.67%"
"12-07-2017","19,185.00","18,700.00","19,260.00","18,700.00","0.67K","3.26%"
"11-07-2017","18,580.00","18,715.00","18,715.00","18,425.00","1.99K","-0.54%"
"10-07-2017","18,680.00","18,650.00","18,820.00","18,600.00","2.85K","0.70%"
"07-07-2017","18,550.00","18,570.00","18,625.00","18,430.00","1.91K","0.03%"
"06-07-2017","18,545.00","18,395.00","18,650.00","18,145.00","2.64K","1.04%"
"05-07-2017","18,355.00","18,245.00","18,460.00","18,245.00","3.42K","0.36%"
"04-07-2017","18,290.00","18,760.00","18,870.00","18,225.00","5.39K","-2.64%"
"03-07-2017","18,785.00","18,910.00","19,035.00","18,735.00","3.51K","-0.66%"
"30-06-2017","18,910.00","18,760.00","19,125.00","18,760.00","5.30K","0.29%"
"29-06-2017","18,855.00","18,990.00","19,070.00","18,755.00","5.46K","-0.84%"
"28-06-2017","19,015.00","18,830.00","19,275.00","18,830.00","7.54K","0.42%"
"27-06-2017","18,935.00","18,500.00","18,960.00","18,480.00","6.66K","1.86%"
"23-06-2017","18,590.00","18,350.00","18,635.00","18,350.00","4.69K","1.39%"
"22-06-2017","18,335.00","18,450.00","18,465.00","18,225.00","5.32K","-0.68%"
"21-06-2017","18,460.00","18,700.00","18,740.00","18,410.00","5.03K","-2.02%"
"20-06-2017","18,840.00","19,020.00","19,020.00","18,690.00","0.02K","-1.21%"
"19-06-2017","19,070.00","18,985.00","19,350.00","18,950.00","0.04K","2.44%"
"16-06-2017","18,615.00","18,610.00","18,615.00","18,610.00","0.06K","-0.40%"
"15-06-2017","18,690.00","18,550.00","18,945.00","18,515.00","0.28K","0.62%"
"14-06-2017","18,575.00","18,325.00","18,615.00","18,325.00","0.22K","1.78%"
"13-06-2017","18,250.00","18,305.00","18,335.00","18,185.00","0.19K","0.36%"
"12-06-2017","18,185.00","18,390.00","18,510.00","18,105.00","2.41K","-0.90%"
"09-06-2017","18,350.00","18,540.00","18,570.00","18,290.00","1.97K","-0.86%"
"08-06-2017","18,510.00","18,245.00","18,555.00","18,245.00","1.53K","1.73%"
"07-06-2017","18,195.00","18,315.00","18,425.00","18,115.00","1.66K","-1.17%"
"06-06-2017","18,410.00","18,350.00","18,725.00","18,310.00","3.86K","0.19%"
"05-06-2017","18,375.00","17,700.00","18,395.00","17,675.00","4.81K","3.87%"
"02-06-2017","17,690.00","17,680.00","17,815.00","17,545.00","4.04K","-0.11%"
"01-06-2017","17,710.00","17,680.00","17,830.00","17,640.00","3.14K","0.45%"
"31-05-2017","17,630.00","17,600.00","17,700.00","17,290.00","6.98K","0.17%"
"30-05-2017","17,600.00","17,550.00","17,735.00","17,320.00","7.55K","0.72%"
"29-05-2017","17,475.00","17,925.00","17,925.00","17,345.00","7.16K","-2.27%"
"26-05-2017","17,880.00","17,625.00","17,960.00","17,500.00","7.28K","1.19%"
"25-05-2017","17,670.00","17,690.00","17,845.00","17,470.00","7.43K","0.43%"
"24-05-2017","17,595.00","18,000.00","18,040.00","17,540.00","8.43K","-2.55%"
"23-05-2017","18,055.00","18,060.00","18,140.00","17,840.00","6.26K","-0.30%"
"22-05-2017","18,110.00","18,130.00","18,240.00","18,050.00","4.10K","-0.90%"
"19-05-2017","18,275.00","18,200.00","18,275.00","18,015.00","0.02K","1.98%"
"18-05-2017","17,920.00","17,900.00","18,000.00","17,850.00","0.05K","-0.08%"
"17-05-2017","17,935.00","18,100.00","18,100.00","17,900.00","0.14K","0.36%"
"16-05-2017","17,870.00","17,800.00","17,980.00","17,800.00","0.22K","-1.00%"
"15-05-2017","18,050.00","18,110.00","18,130.00","17,900.00","0.13K","-2.25%"
"12-05-2017","18,465.00","18,490.00","18,525.00","18,365.00","0.35K","0.38%"
"11-05-2017","18,395.00","18,230.00","18,535.00","18,230.00","1.09K","1.13%"
"10-05-2017","18,190.00","18,275.00","18,340.00","18,100.00","2.73K","-1.03%"
"09-05-2017","18,380.00","18,170.00","18,500.00","17,995.00","3.63K","1.13%"
"08-05-2017","18,175.00","18,390.00","18,465.00","18,050.00","3.15K","-0.55%"
"05-05-2017","18,275.00","18,210.00","18,450.00","17,700.00","6.77K","-0.08%"
"04-05-2017","18,290.00","18,200.00","18,395.00","18,010.00","6.21K","0.16%"
"03-05-2017","18,260.00","18,780.00","18,830.00","18,180.00","9.83K","-3.41%"
"02-05-2017","18,905.00","19,600.00","19,700.00","18,795.00","8.91K","-3.00%"
"28-04-2017","19,490.00","19,150.00","19,490.00","19,040.00","10.08K","1.99%"
"27-04-2017","19,110.00","19,290.00","19,290.00","19,025.00","5.84K","-0.62%"
"26-04-2017","19,230.00","19,325.00","19,500.00","19,155.00","8.76K","-0.88%"
"25-04-2017","19,400.00","18,900.00","19,470.00","18,850.00","10.98K","2.56%"
"24-04-2017","18,915.00","19,050.00","19,260.00","18,720.00","9.01K","-0.97%"
"21-04-2017","19,100.00","19,380.00","19,410.00","19,010.00","9.44K","-2.00%"
"20-04-2017","19,490.00","19,490.00","19,490.00","19,490.00","0.03K","0.00%"
"19-04-2017","19,490.00","19,385.00","19,560.00","19,385.00","0.06K","1.33%"
"18-04-2017","19,235.00","19,300.00","19,300.00","19,070.00","0.18K","-0.23%"
"17-04-2017","19,280.00","19,280.00","19,280.00","19,280.00","0.11K","1.98%"
"13-04-2017","18,905.00","19,000.00","19,000.00","18,850.00","0.09K","-1.56%"
"12-04-2017","19,205.00","19,335.00","19,335.00","18,955.00","0.51K","-0.70%"
"11-04-2017","19,340.00","19,250.00","19,600.00","19,200.00","2.66K","1.66%"
"10-04-2017","19,025.00","18,850.00","19,140.00","18,770.00","4.31K","0.42%"
"07-04-2017","18,945.00","19,300.00","19,450.00","18,635.00","5.66K","-1.20%"
"06-04-2017","19,175.00","18,430.00","19,300.00","18,430.00","5.74K","2.87%"
"05-04-2017","18,640.00","18,985.00","19,090.00","18,480.00","9.20K","0.13%"
"04-04-2017","18,615.00","18,615.00","18,615.00","18,615.00","","0.00%"
"03-04-2017","18,615.00","18,120.00","18,615.00","18,120.00","6.27K","3.99%"
"31-03-2017","17,900.00","18,020.00","18,200.00","17,790.00","6.45K","-0.47%"
"30-03-2017","17,985.00","18,210.00","18,400.00","17,905.00","6.75K","-1.48%"
"29-03-2017","18,255.00","18,340.00","18,455.00","18,170.00","7.62K","-0.49%"
"28-03-2017","18,345.00","17,815.00","18,500.00","17,815.00","8.82K","2.80%"
"27-03-2017","17,845.00","18,000.00","18,290.00","17,775.00","8.83K","-0.50%"
"24-03-2017","17,935.00","18,010.00","18,515.00","17,820.00","19.60K","0.17%"
"23-03-2017","17,905.00","17,235.00","17,905.00","17,160.00","14.99K","3.98%"
"22-03-2017","17,220.00","16,925.00","17,280.00","16,855.00","7.60K","1.50%"
"21-03-2017","16,965.00","17,200.00","17,300.00","16,920.00","7.18K","-1.34%"
"20-03-2017","17,195.00","17,050.00","17,400.00","17,050.00","0.18K","2.75%"
"17-03-2017","16,735.00","16,750.00","16,915.00","16,695.00","0.24K","-0.95%"
"16-03-2017","16,895.00","16,950.00","17,040.00","16,870.00","0.23K","0.42%"
"15-03-2017","16,825.00","16,770.00","16,915.00","16,720.00","0.18K","0.81%"
"14-03-2017","16,690.00","17,100.00","17,100.00","16,660.00","0.45K","-2.23%"
"10-03-2017","17,070.00","17,245.00","17,290.00","16,970.00","1.65K","-0.50%"
"09-03-2017","17,155.00","16,975.00","17,295.00","16,915.00","1.72K","1.66%"
"08-03-2017","16,875.00","17,000.00","17,050.00","16,825.00","1.79K","-0.94%"
"07-03-2017","17,035.00","16,815.00","17,130.00","16,705.00","2.25K","1.43%"
"06-03-2017","16,795.00","16,705.00","16,940.00","16,590.00","1.67K","-0.21%"
"03-03-2017","16,830.00","17,000.00","17,055.00","16,765.00","2.94K","-1.43%"
"02-03-2017","17,075.00","16,900.00","17,190.00","16,790.00","3.20K","1.07%"
"01-03-2017","16,895.00","16,800.00","17,070.00","16,785.00","3.04K","0.00%"
"28-02-2017","16,895.00","16,660.00","16,950.00","16,555.00","5.16K","1.14%"
"27-02-2017","16,705.00","17,260.00","17,260.00","16,705.00","4.99K","-3.99%"
"24-02-2017","17,400.00","17,400.00","17,400.00","17,400.00","","0.00%"
"23-02-2017","17,400.00","17,350.00","17,470.00","17,225.00","3.34K","0.06%"
"22-02-2017","17,390.00","17,430.00","17,535.00","17,220.00","4.86K","1.13%"
"21-02-2017","17,195.00","16,885.00","17,195.00","16,775.00","3.16K","1.99%"
"20-02-2017","16,860.00","17,055.00","17,070.00","16,810.00","2.81K","-1.58%"
"17-02-2017","17,130.00","16,980.00","17,195.00","16,950.00","2.83K","1.06%"
"16-02-2017","16,950.00","17,095.00","17,150.00","16,915.00","2.50K","-0.53%"
"15-02-2017","17,040.00","16,900.00","17,190.00","16,900.00","3.09K","0.68%"
"14-02-2017","16,925.00","16,815.00","17,020.00","16,770.00","2.51K","0.39%"
"13-02-2017","16,860.00","17,045.00","17,045.00","16,810.00","3.05K","-1.37%"
"10-02-2017","17,095.00","17,250.00","17,280.00","17,010.00","3.76K","-0.98%"
"09-02-2017","17,265.00","17,380.00","17,390.00","17,200.00","2.34K","-0.60%"
"08-02-2017","17,370.00","17,320.00","17,460.00","17,230.00","2.45K","0.46%"
"07-02-2017","17,290.00","17,260.00","17,360.00","17,160.00","3.50K","-0.06%"
"06-02-2017","17,300.00","17,700.00","17,700.00","17,265.00","3.73K","-2.67%"
"03-02-2017","17,775.00","17,825.00","17,860.00","17,650.00","2.27K","-0.67%"
"02-02-2017","17,895.00","17,905.00","18,035.00","17,700.00","4.76K","-0.33%"
"01-02-2017","17,955.00","17,860.00","18,145.00","17,810.00","3.07K","0.31%"
"31-01-2017","17,900.00","17,570.00","17,940.00","17,570.00","2.76K","1.53%"
"30-01-2017","17,630.00","17,650.00","17,710.00","17,485.00","3.64K","-1.51%"
"27-01-2017","17,900.00","18,300.00","18,455.00","17,640.00","6.21K","-2.19%"
"25-01-2017","18,300.00","17,850.00","18,365.00","17,755.00","4.85K","2.09%"
"24-01-2017","17,925.00","18,145.00","18,165.00","17,855.00","3.54K","-1.32%"
"23-01-2017","18,165.00","18,045.00","18,190.00","17,835.00","4.03K","-5.54%"
"20-01-2017","19,230.00","18,800.00","19,230.00","18,800.00","0.25K","1.99%"
"19-01-2017","18,855.00","19,190.00","19,190.00","18,750.00","0.28K","-0.24%"
"17-01-2017","18,900.00","18,800.00","18,950.00","18,620.00","0.33K","0.45%"
"16-01-2017","18,815.00","18,650.00","18,840.00","18,645.00","0.36K","1.10%"
"13-01-2017","18,610.00","18,615.00","18,630.00","18,550.00","0.34K","0.62%"
"12-01-2017","18,495.00","18,420.00","18,540.00","18,420.00","0.17K","0.41%"
"11-01-2017","18,420.00","18,380.00","18,450.00","18,230.00","0.77K","0.41%"
"10-01-2017","18,345.00","18,550.00","18,745.00","18,135.00","1.75K","-0.84%"
"09-01-2017","18,500.00","18,255.00","18,545.00","18,240.00","2.14K","0.90%"
"06-01-2017","18,335.00","18,100.00","18,400.00","17,930.00","3.03K","1.44%"
"05-01-2017","18,075.00","17,925.00","18,160.00","17,925.00","1.16K","0.28%"
"04-01-2017","18,025.00","18,130.00","18,165.00","17,965.00","1.60K","-0.99%"
"03-01-2017","18,205.00","18,235.00","18,315.00","18,105.00","2.66K","0.11%"
"02-01-2017","18,185.00","17,890.00","18,210.00","17,885.00","2.72K","2.11%"