"Date","Price","Open","High","Low","Vol.","Change %"
"30-04-2026","20,705.00","21,050.00","21,050.00","20,640.00","0.70K","-0.93%"
"29-04-2026","20,900.00","20,620.00","21,105.00","20,460.00","1.35K","1.70%"
"28-04-2026","20,550.00","20,300.00","20,590.00","20,300.00","0.75K","1.11%"
"27-04-2026","20,325.00","21,145.00","21,145.00","20,165.00","2.79K","-3.63%"
"24-04-2026","21,090.00","21,430.00","21,430.00","21,060.00","0.85K","-1.33%"
"23-04-2026","21,375.00","21,365.00","21,410.00","21,200.00","0.72K","0.05%"
"22-04-2026","21,365.00","21,885.00","21,885.00","21,300.00","0.73K","-1.82%"
"21-04-2026","21,760.00","21,890.00","22,050.00","21,670.00","0.84K","0.12%"
"20-04-2026","21,735.00","22,030.00","22,180.00","21,700.00","1.54K","-0.98%"
"17-04-2026","21,950.00","21,690.00","22,000.00","21,660.00","1.52K","1.55%"
"16-04-2026","21,615.00","21,810.00","21,890.00","21,540.00","2.97K","-1.05%"
"15-04-2026","21,845.00","21,980.00","22,080.00","21,800.00","2.57K","0.05%"
"13-04-2026","21,835.00","21,900.00","22,000.00","21,675.00","3.03K","-0.84%"
"10-04-2026","22,020.00","22,110.00","22,320.00","21,800.00","2.60K","-1.48%"
"09-04-2026","22,350.00","22,600.00","22,620.00","22,255.00","2.00K","-1.48%"
"08-04-2026","22,685.00","22,690.00","22,980.00","22,640.00","2.74K","0.60%"
"07-04-2026","22,550.00","22,630.00","22,680.00","22,505.00","1.15K","-0.86%"
"06-04-2026","22,745.00","22,560.00","22,850.00","22,490.00","2.14K","0.64%"
"02-04-2026","22,600.00","22,250.00","22,770.00","22,220.00","2.23K","1.19%"
"01-04-2026","22,335.00","22,650.00","22,650.00","22,300.00","1.05K","0.31%"
"30-03-2026","22,265.00","22,110.00","22,360.00","21,970.00","1.01K","0.50%"
"27-03-2026","22,155.00","22,300.00","22,300.00","22,065.00","0.30K","-0.81%"
"25-03-2026","22,335.00","22,305.00","22,485.00","22,260.00","0.36K","0.59%"
"24-03-2026","22,205.00","21,980.00","22,285.00","21,925.00","0.29K","0.95%"
"23-03-2026","21,995.00","22,100.00","22,125.00","21,620.00","0.74K","-0.68%"
"20-03-2026","22,145.00","22,200.00","22,290.00","22,110.00","1.63K","-0.05%"
"19-03-2026","22,155.00","22,525.00","22,565.00","22,060.00","1.13K","-1.01%"
"18-03-2026","22,380.00","22,040.00","22,695.00","22,040.00","3.11K","2.01%"
"17-03-2026","21,940.00","21,800.00","21,990.00","21,800.00","2.35K","0.55%"
"16-03-2026","21,820.00","22,000.00","22,120.00","21,725.00","1.52K","-1.45%"
"13-03-2026","22,140.00","22,165.00","22,330.00","22,065.00","1.45K","-0.72%"
"12-03-2026","22,300.00","22,310.00","22,395.00","22,155.00","0.91K","-0.65%"
"11-03-2026","22,445.00","22,495.00","22,635.00","22,300.00","1.52K","-0.44%"
"10-03-2026","22,545.00","22,160.00","22,590.00","22,020.00","2.33K","2.31%"
"09-03-2026","22,035.00","21,700.00","22,140.00","21,505.00","1.90K","0.75%"
"06-03-2026","21,870.00","22,150.00","22,360.00","21,810.00","1.22K","-1.42%"
"05-03-2026","22,185.00","21,800.00","22,300.00","21,610.00","1.90K","2.24%"
"04-03-2026","21,700.00","21,320.00","21,775.00","21,225.00","0.87K","-0.18%"
"02-03-2026","21,740.00","21,800.00","21,980.00","21,575.00","1.16K","-2.60%"
"27-02-2026","22,320.00","22,200.00","22,385.00","22,025.00","0.72K","0.45%"
"26-02-2026","22,220.00","22,535.00","22,645.00","22,180.00","0.72K","-1.77%"
"25-02-2026","22,620.00","22,610.00","22,880.00","22,520.00","0.40K","-1.14%"
"24-02-2026","22,880.00","22,755.00","23,105.00","22,605.00","0.53K","0.00%"
"23-02-2026","22,880.00","23,105.00","23,105.00","22,660.00","0.30K","-1.61%"
"20-02-2026","23,255.00","23,125.00","23,310.00","23,005.00","0.41K","1.20%"
"19-02-2026","22,980.00","23,100.00","23,170.00","22,830.00","0.41K","-0.30%"
"18-02-2026","23,050.00","22,700.00","23,250.00","22,655.00","0.70K","2.56%"
"17-02-2026","22,475.00","22,365.00","22,630.00","22,025.00","0.56K","0.25%"
"16-02-2026","22,420.00","22,560.00","22,855.00","22,305.00","0.67K","-2.50%"
"13-02-2026","22,995.00","23,080.00","23,245.00","22,855.00","0.31K","-0.33%"
"12-02-2026","23,070.00","23,185.00","23,195.00","22,800.00","0.64K","-0.19%"
"11-02-2026","23,115.00","23,580.00","23,580.00","23,030.00","0.65K","-2.32%"
"10-02-2026","23,665.00","23,650.00","23,870.00","23,450.00","0.35K","-0.19%"
"09-02-2026","23,710.00","23,905.00","23,905.00","23,305.00","0.48K","-1.04%"
"06-02-2026","23,960.00","24,105.00","24,340.00","23,840.00","0.53K","-0.31%"
"05-02-2026","24,035.00","23,890.00","24,095.00","23,795.00","0.44K","0.21%"
"04-02-2026","23,985.00","24,160.00","24,160.00","23,880.00","0.22K","-0.44%"
"03-02-2026","24,090.00","24,300.00","24,400.00","23,995.00","0.20K","-0.02%"
"02-02-2026","24,095.00","23,695.00","24,125.00","23,695.00","0.20K","1.54%"
"01-02-2026","23,730.00","23,670.00","23,895.00","23,650.00","0.07K","-0.17%"
"30-01-2026","23,770.00","24,450.00","24,670.00","23,610.00","0.34K","-2.52%"
"29-01-2026","24,385.00","23,910.00","24,950.00","23,910.00","0.47K","1.48%"
"28-01-2026","24,030.00","24,100.00","24,355.00","24,000.00","0.15K","-0.64%"
"27-01-2026","24,185.00","24,440.00","24,610.00","23,915.00","0.28K","-0.86%"
"23-01-2026","24,395.00","25,300.00","25,300.00","24,360.00","0.29K","-1.87%"
"22-01-2026","24,860.00","24,400.00","25,190.00","24,400.00","0.53K","-0.92%"
"21-01-2026","25,090.00","24,355.00","25,200.00","24,275.00","0.26K","3.17%"
"20-01-2026","24,320.00","24,460.00","24,780.00","24,140.00","1.36K","-1.10%"
"19-01-2026","24,590.00","23,740.00","24,775.00","23,740.00","3.23K","4.48%"
"16-01-2026","23,535.00","23,680.00","23,845.00","23,450.00","1.55K","-0.70%"
"14-01-2026","23,700.00","23,680.00","23,800.00","23,595.00","1.37K","0.06%"
"13-01-2026","23,685.00","23,885.00","23,985.00","23,500.00","1.85K","-0.32%"
"12-01-2026","23,760.00","23,140.00","23,900.00","23,100.00","2.56K","3.37%"
"09-01-2026","22,985.00","22,565.00","23,050.00","22,500.00","1.66K","1.37%"
"08-01-2026","22,675.00","22,960.00","23,000.00","22,500.00","1.49K","-0.92%"
"07-01-2026","22,885.00","23,125.00","23,400.00","22,810.00","1.58K","-1.97%"
"06-01-2026","23,345.00","24,015.00","24,175.00","23,260.00","2.23K","-2.53%"
"05-01-2026","23,950.00","24,330.00","24,500.00","23,700.00","1.61K","-0.42%"
"02-01-2026","24,050.00","23,875.00","24,390.00","23,535.00","2.29K","2.12%"
"01-01-2026","23,550.00","23,450.00","23,600.00","23,230.00","1.07K","1.05%"
"31-12-2025","23,305.00","23,400.00","23,800.00","23,215.00","1.15K","-0.26%"
"30-12-2025","23,365.00","23,180.00","23,440.00","22,900.00","1.07K","1.17%"
"29-12-2025","23,095.00","23,750.00","23,780.00","23,030.00","1.18K","-0.77%"
"26-12-2025","23,275.00","22,420.00","23,440.00","22,420.00","1.70K","3.03%"
"24-12-2025","22,590.00","22,320.00","22,700.00","22,320.00","0.46K","-0.02%"
"23-12-2025","22,595.00","22,210.00","22,975.00","22,210.00","0.40K","-0.75%"
"22-12-2025","22,765.00","21,655.00","22,850.00","21,655.00","0.85K","7.64%"
"19-12-2025","21,150.00","21,100.00","21,250.00","20,960.00","1.05K","0.07%"
"18-12-2025","21,135.00","21,325.00","21,350.00","21,100.00","0.29K","-0.26%"
"17-12-2025","21,190.00","21,000.00","21,400.00","21,000.00","0.96K","0.74%"
"16-12-2025","21,035.00","20,840.00","21,270.00","20,715.00","1.46K","0.86%"
"15-12-2025","20,855.00","21,195.00","21,195.00","20,800.00","0.87K","-1.23%"
"12-12-2025","21,115.00","21,010.00","21,155.00","20,980.00","0.82K","0.09%"
"11-12-2025","21,095.00","21,395.00","21,420.00","21,050.00","1.02K","-1.01%"
"10-12-2025","21,310.00","21,140.00","21,345.00","20,920.00","0.85K","1.52%"
"09-12-2025","20,990.00","20,885.00","21,020.00","20,655.00","0.88K","0.17%"
"08-12-2025","20,955.00","21,555.00","21,555.00","20,870.00","1.43K","-3.21%"
"05-12-2025","21,650.00","21,835.00","21,835.00","21,620.00","0.35K","-0.64%"
"04-12-2025","21,790.00","21,900.00","22,000.00","21,590.00","0.64K","-0.25%"
"03-12-2025","21,845.00","22,050.00","22,130.00","21,800.00","0.68K","-1.04%"
"02-12-2025","22,075.00","21,905.00","22,200.00","21,900.00","0.73K","0.07%"
"01-12-2025","22,060.00","22,260.00","22,435.00","21,970.00","0.94K","-1.98%"
"28-11-2025","22,505.00","22,300.00","22,575.00","22,210.00","0.32K","0.45%"
"27-11-2025","22,405.00","21,915.00","22,605.00","21,700.00","0.90K","3.06%"
"26-11-2025","21,740.00","21,455.00","21,950.00","21,455.00","0.40K","0.76%"
"25-11-2025","21,575.00","21,935.00","21,935.00","21,550.00","0.48K","-1.73%"
"24-11-2025","21,955.00","21,845.00","22,000.00","21,720.00","0.14K","0.73%"
"21-11-2025","21,795.00","21,500.00","21,900.00","21,500.00","0.19K","1.63%"
"20-11-2025","21,445.00","21,540.00","21,870.00","21,350.00","0.73K","-0.16%"
"19-11-2025","21,480.00","21,020.00","21,575.00","20,905.00","0.93K","1.42%"
"18-11-2025","21,180.00","21,585.00","21,920.00","21,050.00","0.95K","-0.89%"
"17-11-2025","21,370.00","20,770.00","21,520.00","20,770.00","2.82K","3.26%"
"14-11-2025","20,695.00","20,640.00","20,800.00","20,550.00","1.02K","0.41%"
"13-11-2025","20,610.00","20,585.00","20,675.00","20,520.00","0.49K","0.12%"
"12-11-2025","20,585.00","20,380.00","20,715.00","20,360.00","1.33K","1.35%"
"11-11-2025","20,310.00","20,195.00","20,395.00","20,195.00","0.70K","0.74%"
"10-11-2025","20,160.00","20,190.00","20,285.00","20,065.00","0.90K","-0.47%"
"07-11-2025","20,255.00","20,520.00","20,520.00","20,240.00","0.69K","-1.20%"
"06-11-2025","20,500.00","20,455.00","20,640.00","20,440.00","0.61K","0.24%"
"04-11-2025","20,450.00","20,600.00","20,840.00","20,380.00","0.67K","-1.09%"
"03-11-2025","20,675.00","20,700.00","20,780.00","20,350.00","0.60K","1.08%"
"31-10-2025","20,455.00","20,515.00","20,610.00","20,320.00","0.38K","0.47%"
"30-10-2025","20,360.00","20,175.00","20,500.00","20,100.00","0.64K","0.79%"
"29-10-2025","20,200.00","20,555.00","20,615.00","20,150.00","0.55K","-2.01%"
"28-10-2025","20,615.00","21,000.00","21,000.00","20,210.00","0.51K","0.56%"
"27-10-2025","20,500.00","19,955.00","20,580.00","19,910.00","0.44K","3.59%"
"24-10-2025","19,790.00","19,845.00","19,870.00","19,750.00","0.11K","0.35%"
"23-10-2025","19,720.00","19,700.00","20,160.00","19,630.00","0.42K","0.48%"
"21-10-2025","19,625.00","19,625.00","19,690.00","19,600.00","0.02K","1.87%"
"20-10-2025","19,265.00","19,100.00","19,395.00","19,100.00","0.21K","0.21%"
"17-10-2025","19,225.00","19,155.00","19,265.00","19,125.00","0.17K","0.37%"
"16-10-2025","19,155.00","19,230.00","19,305.00","19,025.00","0.56K","0.13%"
"15-10-2025","19,130.00","19,180.00","19,235.00","19,000.00","1.22K","0.00%"
"14-10-2025","19,130.00","19,200.00","19,340.00","19,100.00","0.92K","0.03%"
"13-10-2025","19,125.00","19,090.00","19,175.00","19,045.00","0.84K","-0.23%"
"10-10-2025","19,170.00","19,310.00","19,310.00","19,135.00","0.84K","-0.57%"
"09-10-2025","19,280.00","19,310.00","19,310.00","19,155.00","0.59K","-0.28%"
"08-10-2025","19,335.00","19,390.00","19,450.00","19,165.00","0.89K","0.52%"
"07-10-2025","19,235.00","19,260.00","19,300.00","19,140.00","0.64K","0.21%"
"06-10-2025","19,195.00","19,000.00","19,260.00","19,000.00","0.48K","0.03%"
"03-10-2025","19,190.00","19,220.00","19,240.00","19,110.00","0.17K","0.05%"
"01-10-2025","19,180.00","19,120.00","19,295.00","19,050.00","0.34K","0.63%"
"30-09-2025","19,060.00","19,145.00","19,150.00","19,000.00","0.33K","-0.81%"
"29-09-2025","19,215.00","19,250.00","19,250.00","19,140.00","0.13K","-0.62%"
"26-09-2025","19,335.00","19,520.00","19,520.00","19,300.00","0.25K","-1.07%"
"25-09-2025","19,545.00","19,580.00","19,585.00","19,520.00","0.05K","-0.28%"
"24-09-2025","19,600.00","19,750.00","19,750.00","19,515.00","0.10K","0.03%"
"23-09-2025","19,595.00","19,675.00","19,700.00","19,550.00","0.08K","-1.14%"
"22-09-2025","19,820.00","19,940.00","19,940.00","19,725.00","0.32K","1.41%"
"19-09-2025","19,545.00","19,475.00","19,640.00","19,475.00","0.24K","0.33%"
"18-09-2025","19,480.00","19,550.00","19,630.00","19,325.00","0.75K","0.00%"
"17-09-2025","19,480.00","19,600.00","19,680.00","19,450.00","1.19K","-0.54%"
"16-09-2025","19,585.00","19,550.00","19,650.00","19,445.00","1.25K","-0.05%"
"15-09-2025","19,595.00","19,450.00","19,650.00","19,350.00","0.86K","0.88%"
"12-09-2025","19,425.00","19,310.00","19,490.00","19,235.00","0.78K","0.39%"
"11-09-2025","19,350.00","19,490.00","19,490.00","19,280.00","1.07K","-1.17%"
"10-09-2025","19,580.00","19,625.00","19,760.00","19,555.00","0.78K","-0.74%"
"09-09-2025","19,725.00","19,665.00","19,750.00","19,600.00","1.07K","0.66%"
"08-09-2025","19,595.00","19,685.00","19,835.00","19,475.00","0.52K","-0.46%"
"05-09-2025","19,685.00","19,700.00","19,820.00","19,530.00","0.28K","-0.28%"
"04-09-2025","19,740.00","19,495.00","19,765.00","19,490.00","0.61K","1.41%"
"03-09-2025","19,465.00","19,420.00","19,480.00","19,410.00","0.24K","0.03%"
"02-09-2025","19,460.00","19,425.00","19,505.00","19,420.00","0.32K","-0.31%"
"01-09-2025","19,520.00","19,600.00","19,675.00","19,465.00","0.31K","0.31%"
"29-08-2025","19,460.00","19,500.00","19,500.00","19,430.00","0.14K","-0.21%"
"28-08-2025","19,500.00","19,730.00","19,740.00","19,450.00","0.33K","-1.12%"
"26-08-2025","19,720.00","19,760.00","19,980.00","19,685.00","0.18K","-0.85%"
"25-08-2025","19,890.00","19,980.00","20,175.00","19,780.00","0.57K","-0.23%"
"22-08-2025","19,935.00","19,665.00","20,075.00","19,665.00","0.29K","1.55%"
"21-08-2025","19,630.00","19,670.00","19,670.00","19,575.00","0.08K","1.11%"
"20-08-2025","19,415.00","19,335.00","19,540.00","19,335.00","0.59K","0.23%"
"19-08-2025","19,370.00","19,350.00","19,450.00","19,210.00","0.78K","0.70%"
"18-08-2025","19,235.00","19,055.00","19,600.00","19,020.00","1.60K","1.13%"
"14-08-2025","19,020.00","19,120.00","19,120.00","18,955.00","1.19K","-0.55%"
"13-08-2025","19,125.00","19,105.00","19,140.00","19,060.00","0.77K","0.13%"
"12-08-2025","19,100.00","19,040.00","19,145.00","19,010.00","0.87K","-0.03%"
"11-08-2025","19,105.00","19,000.00","19,120.00","18,920.00","0.77K","0.55%"
"08-08-2025","19,000.00","19,005.00","19,150.00","18,960.00","2.03K","-0.58%"
"07-08-2025","19,110.00","19,045.00","19,190.00","19,045.00","0.83K","0.21%"
"06-08-2025","19,070.00","19,340.00","19,340.00","19,000.00","0.83K","-1.57%"
"05-08-2025","19,375.00","19,320.00","19,395.00","19,300.00","0.37K","0.10%"
"04-08-2025","19,355.00","19,380.00","19,465.00","19,340.00","0.74K","0.36%"
"01-08-2025","19,285.00","19,150.00","19,350.00","19,080.00","0.52K","0.81%"
"31-07-2025","19,130.00","19,490.00","19,725.00","19,050.00","0.58K","-0.08%"
"30-07-2025","19,145.00","19,080.00","19,225.00","19,070.00","0.25K","0.92%"
"29-07-2025","18,970.00","18,825.00","19,060.00","18,825.00","0.41K","0.61%"
"28-07-2025","18,855.00","18,605.00","18,930.00","18,605.00","0.47K","-0.66%"
"25-07-2025","18,980.00","19,280.00","19,330.00","18,950.00","0.52K","-1.76%"
"24-07-2025","19,320.00","19,210.00","19,370.00","19,205.00","0.15K","0.03%"
"23-07-2025","19,315.00","19,400.00","19,450.00","19,100.00","0.20K","-0.82%"
"22-07-2025","19,475.00","19,480.00","19,550.00","19,440.00","0.11K","-0.03%"
"21-07-2025","19,480.00","19,825.00","19,855.00","19,265.00","0.14K","-0.43%"
"18-07-2025","19,565.00","19,520.00","19,640.00","19,470.00","0.49K","0.10%"
"17-07-2025","19,545.00","19,420.00","19,675.00","19,330.00","0.62K","0.59%"
"16-07-2025","19,430.00","19,530.00","19,630.00","19,380.00","2.94K","-0.79%"
"15-07-2025","19,585.00","19,675.00","19,675.00","19,530.00","1.38K","-0.08%"
"14-07-2025","19,600.00","19,640.00","19,835.00","19,515.00","1.27K","-0.51%"
"11-07-2025","19,700.00","20,150.00","20,150.00","19,650.00","1.37K","-1.94%"
"10-07-2025","20,090.00","19,895.00","20,180.00","19,860.00","2.18K","1.23%"
"09-07-2025","19,845.00","19,790.00","19,895.00","19,710.00","0.84K","0.48%"
"08-07-2025","19,750.00","19,520.00","19,830.00","19,520.00","0.98K","0.20%"
"07-07-2025","19,710.00","19,700.00","20,030.00","19,665.00","1.14K","-0.95%"
"04-07-2025","19,900.00","20,120.00","20,220.00","19,760.00","0.95K","-1.17%"
"03-07-2025","20,135.00","20,220.00","20,340.00","20,040.00","0.81K","-0.12%"
"02-07-2025","20,160.00","20,240.00","20,350.00","20,090.00","0.69K","-1.27%"
"01-07-2025","20,420.00","20,140.00","20,500.00","20,000.00","0.89K","0.81%"
"30-06-2025","20,255.00","20,525.00","20,615.00","20,085.00","1.70K","0.10%"
"27-06-2025","20,235.00","20,130.00","20,270.00","20,060.00","0.67K","1.20%"
"26-06-2025","19,995.00","19,880.00","20,075.00","19,625.00","0.48K","1.16%"
"25-06-2025","19,765.00","19,445.00","19,880.00","19,445.00","0.85K","1.78%"
"24-06-2025","19,420.00","19,460.00","19,570.00","19,400.00","0.29K","0.34%"
"23-06-2025","19,355.00","19,070.00","19,505.00","19,040.00","0.15K","1.71%"
"20-06-2025","19,030.00","19,155.00","19,155.00","18,930.00","1.04K","-1.09%"
"19-06-2025","19,240.00","19,350.00","19,350.00","19,165.00","0.43K","-0.29%"
"18-06-2025","19,295.00","19,360.00","19,520.00","19,250.00","1.67K","-0.03%"
"17-06-2025","19,300.00","19,205.00","19,350.00","19,195.00","1.19K","0.31%"
"16-06-2025","19,240.00","19,510.00","19,625.00","19,150.00","1.83K","-2.01%"
"13-06-2025","19,635.00","19,920.00","19,920.00","19,590.00","1.31K","-1.31%"
"12-06-2025","19,895.00","19,930.00","19,975.00","19,865.00","1.07K","0.43%"
"11-06-2025","19,810.00","19,625.00","19,865.00","19,615.00","1.60K","-0.08%"
"10-06-2025","19,825.00","20,320.00","20,390.00","19,715.00","2.17K","-2.05%"
"09-06-2025","20,240.00","20,225.00","20,380.00","20,100.00","2.03K","1.12%"
"06-06-2025","20,015.00","19,940.00","20,250.00","19,940.00","1.31K","0.40%"
"05-06-2025","19,935.00","20,045.00","20,085.00","19,900.00","1.04K","-0.75%"
"04-06-2025","20,085.00","20,420.00","20,420.00","19,970.00","1.76K","-1.66%"
"03-06-2025","20,425.00","20,035.00","20,700.00","20,010.00","0.81K","-0.85%"
"02-06-2025","20,600.00","21,100.00","21,100.00","20,460.00","1.24K","-2.78%"
"30-05-2025","21,190.00","20,900.00","21,235.00","20,750.00","0.80K","1.58%"
"29-05-2025","20,860.00","20,880.00","20,905.00","20,770.00","0.37K","0.43%"
"28-05-2025","20,770.00","20,785.00","20,885.00","20,730.00","0.43K","-0.31%"
"27-05-2025","20,835.00","20,875.00","20,880.00","20,720.00","0.66K","-0.26%"
"26-05-2025","20,890.00","21,260.00","21,260.00","20,800.00","0.55K","-1.74%"
"23-05-2025","21,260.00","21,000.00","21,300.00","20,995.00","0.38K","1.41%"
"22-05-2025","20,965.00","21,005.00","21,050.00","20,855.00","0.16K","-0.29%"
"21-05-2025","21,025.00","21,400.00","21,430.00","20,975.00","0.44K","-1.11%"
"20-05-2025","21,260.00","21,250.00","21,385.00","21,200.00","0.72K","0.09%"
"19-05-2025","21,240.00","21,900.00","21,900.00","21,115.00","0.86K","-1.03%"
"16-05-2025","21,460.00","21,730.00","21,830.00","21,400.00","1.75K","-1.69%"
"15-05-2025","21,830.00","21,760.00","21,900.00","21,640.00","1.04K","-0.16%"
"14-05-2025","21,865.00","21,950.00","22,030.00","21,760.00","1.19K","-0.41%"
"13-05-2025","21,955.00","22,250.00","22,340.00","21,865.00","1.38K","-1.08%"
"12-05-2025","22,195.00","21,700.00","22,290.00","21,695.00","2.09K","4.18%"
"09-05-2025","21,305.00","21,265.00","21,400.00","20,970.00","2.20K","-0.75%"
"08-05-2025","21,465.00","21,750.00","21,970.00","21,360.00","1.56K","-1.15%"
"07-05-2025","21,715.00","21,610.00","21,845.00","20,885.00","1.24K","-0.18%"
"06-05-2025","21,755.00","22,205.00","22,340.00","21,620.00","1.51K","-2.53%"
"05-05-2025","22,320.00","22,510.00","22,700.00","22,280.00","1.76K","-0.87%"
"02-05-2025","22,515.00","22,380.00","22,650.00","22,180.00","1.25K","1.35%"
"30-04-2025","22,215.00","22,105.00","22,300.00","21,800.00","0.92K","0.38%"
"29-04-2025","22,130.00","22,560.00","22,605.00","22,065.00","1.10K","-1.78%"
"28-04-2025","22,530.00","22,630.00","23,000.00","22,475.00","1.73K","-1.01%"
"25-04-2025","22,760.00","23,000.00","23,050.00","22,700.00","0.65K","-1.94%"
"24-04-2025","23,210.00","23,455.00","23,480.00","22,795.00","0.83K","-1.04%"
"23-04-2025","23,455.00","23,400.00","23,510.00","23,155.00","0.90K","-0.28%"
"22-04-2025","23,520.00","24,150.00","24,225.00","23,375.00","1.05K","-2.99%"
"21-04-2025","24,245.00","24,220.00","24,510.00","24,020.00","0.55K","0.75%"
"17-04-2025","24,065.00","24,135.00","24,325.00","23,815.00","1.73K","-0.33%"
"16-04-2025","24,145.00","24,400.00","24,400.00","24,050.00","1.62K","-1.89%"
"15-04-2025","24,610.00","24,650.00","24,835.00","24,415.00","1.94K","0.86%"
"11-04-2025","24,400.00","24,200.00","24,695.00","24,015.00","1.98K","0.45%"
"09-04-2025","24,290.00","24,725.00","24,725.00","23,935.00","2.52K","-1.66%"
"08-04-2025","24,700.00","24,600.00","25,200.00","24,265.00","3.22K","-0.36%"
"07-04-2025","24,790.00","23,750.00","25,015.00","23,750.00","2.96K","5.04%"
"04-04-2025","23,600.00","23,280.00","23,690.00","23,115.00","2.41K","0.94%"
"03-04-2025","23,380.00","23,440.00","23,845.00","23,240.00","2.20K","0.82%"
"02-04-2025","23,190.00","22,355.00","23,315.00","22,355.00","1.66K","3.43%"
"01-04-2025","22,420.00","22,515.00","22,605.00","22,325.00","0.69K","-1.41%"
"28-03-2025","22,740.00","22,880.00","22,935.00","22,630.00","0.60K","-0.22%"
"27-03-2025","22,790.00","22,570.00","22,905.00","22,570.00","0.70K","-0.07%"
"26-03-2025","22,805.00","22,600.00","23,005.00","22,535.00","1.47K","0.93%"
"25-03-2025","22,595.00","22,390.00","22,635.00","22,270.00","0.91K","1.16%"
"24-03-2025","22,335.00","21,980.00","22,355.00","21,880.00","0.92K","0.68%"
"21-03-2025","22,185.00","21,990.00","22,400.00","21,990.00","0.39K","2.31%"
"20-03-2025","21,685.00","21,480.00","21,750.00","21,450.00","1.16K","1.10%"
"19-03-2025","21,450.00","21,425.00","21,580.00","21,315.00","0.98K","-0.46%"
"18-03-2025","21,550.00","21,500.00","21,700.00","21,200.00","2.12K","0.49%"
"17-03-2025","21,445.00","20,955.00","21,540.00","20,740.00","1.49K","2.95%"
"13-03-2025","20,830.00","20,935.00","21,000.00","20,750.00","0.90K","0.24%"
"12-03-2025","20,780.00","21,230.00","21,280.00","20,725.00","1.45K","-1.02%"
"11-03-2025","20,995.00","20,650.00","21,070.00","20,620.00","0.68K","1.87%"
"10-03-2025","20,610.00","20,760.00","20,770.00","20,560.00","0.72K","-1.22%"
"07-03-2025","20,865.00","20,920.00","20,950.00","20,800.00","0.43K","-0.50%"
"06-03-2025","20,970.00","20,800.00","20,995.00","20,750.00","0.40K","0.02%"
"05-03-2025","20,965.00","20,900.00","21,065.00","20,750.00","0.71K","0.31%"
"04-03-2025","20,900.00","20,745.00","20,980.00","20,600.00","0.80K","0.92%"
"03-03-2025","20,710.00","20,770.00","20,900.00","20,620.00","0.48K","-1.52%"
"28-02-2025","21,030.00","20,860.00","21,085.00","20,855.00","0.43K","1.11%"
"27-02-2025","20,800.00","20,495.00","20,845.00","20,495.00","0.35K","1.96%"
"25-02-2025","20,400.00","20,075.00","20,750.00","20,000.00","0.54K","0.82%"
"24-02-2025","20,235.00","20,600.00","20,600.00","20,200.00","0.35K","-1.89%"
"21-02-2025","20,625.00","20,790.00","20,890.00","20,525.00","0.22K","-0.34%"
"20-02-2025","20,695.00","20,550.00","20,795.00","20,370.00","0.44K","0.17%"
"19-02-2025","20,660.00","20,925.00","20,945.00","20,620.00","0.47K","-2.13%"
"18-02-2025","21,110.00","21,400.00","21,465.00","20,835.00","0.56K","-1.47%"
"17-02-2025","21,425.00","20,785.00","21,450.00","20,785.00","0.94K","3.88%"
"14-02-2025","20,625.00","20,350.00","20,740.00","20,350.00","0.36K","1.53%"
"13-02-2025","20,315.00","20,195.00","20,400.00","20,195.00","0.15K","0.35%"
"12-02-2025","20,245.00","20,580.00","20,650.00","20,175.00","0.38K","-0.15%"
"11-02-2025","20,275.00","19,800.00","20,380.00","19,645.00","0.67K","2.37%"
"10-02-2025","19,805.00","19,825.00","20,155.00","19,725.00","0.33K","-0.28%"
"07-02-2025","19,860.00","20,305.00","20,305.00","19,805.00","0.53K","-2.29%"
"06-02-2025","20,325.00","20,320.00","20,525.00","20,275.00","0.20K","-0.39%"
"05-02-2025","20,405.00","20,300.00","20,470.00","20,225.00","0.37K","0.12%"
"04-02-2025","20,380.00","20,550.00","20,800.00","20,335.00","0.28K","-0.49%"
"03-02-2025","20,480.00","20,350.00","20,755.00","20,160.00","0.58K","0.05%"
"01-02-2025","20,470.00","20,705.00","20,820.00","20,365.00","0.30K","-1.33%"
"31-01-2025","20,745.00","21,200.00","21,205.00","20,655.00","0.45K","-2.79%"
"30-01-2025","21,340.00","21,345.00","21,400.00","21,290.00","0.08K","0.31%"
"29-01-2025","21,275.00","21,215.00","21,295.00","21,185.00","0.08K","-0.16%"
"28-01-2025","21,310.00","21,400.00","21,435.00","21,300.00","0.26K","-0.02%"
"27-01-2025","21,315.00","21,700.00","21,700.00","21,175.00","0.40K","-2.76%"
"24-01-2025","21,920.00","22,000.00","22,035.00","21,850.00","0.03K","-0.84%"
"23-01-2025","22,105.00","22,140.00","22,155.00","21,900.00","0.09K","-0.34%"
"22-01-2025","22,180.00","22,250.00","22,250.00","22,100.00","0.03K","-0.07%"
"21-01-2025","22,195.00","22,030.00","22,250.00","22,030.00","0.08K","-0.43%"
"20-01-2025","22,290.00","22,230.00","22,330.00","22,040.00","0.37K","0.29%"
"17-01-2025","22,225.00","22,630.00","22,650.00","22,130.00","0.33K","-0.58%"
"16-01-2025","22,355.00","22,700.00","22,720.00","22,220.00","0.53K","-1.19%"
"15-01-2025","22,625.00","22,600.00","22,700.00","22,400.00","0.29K","-0.31%"
"14-01-2025","22,695.00","22,510.00","22,750.00","22,400.00","0.63K","0.71%"
"13-01-2025","22,535.00","23,205.00","23,205.00","22,455.00","0.69K","-3.41%"
"10-01-2025","23,330.00","23,340.00","23,370.00","23,100.00","0.30K","-0.13%"
"09-01-2025","23,360.00","23,400.00","23,475.00","23,300.00","0.56K","-0.32%"
"08-01-2025","23,435.00","23,350.00","23,500.00","23,250.00","0.28K","-0.11%"
"07-01-2025","23,460.00","23,400.00","23,500.00","23,250.00","0.40K","0.26%"
"06-01-2025","23,400.00","23,375.00","23,575.00","23,350.00","0.59K","0.13%"
"03-01-2025","23,370.00","23,200.00","23,430.00","23,200.00","0.68K","0.39%"
"02-01-2025","23,280.00","23,635.00","23,635.00","23,120.00","0.17K","-1.36%"
"01-01-2025","23,600.00","23,845.00","23,875.00","23,510.00","0.24K","-0.94%"
"31-12-2024","23,825.00","23,870.00","23,880.00","23,660.00","0.30K","0.83%"
"30-12-2024","23,630.00","23,440.00","23,650.00","23,340.00","0.62K","1.42%"
"27-12-2024","23,300.00","23,110.00","23,340.00","23,020.00","0.22K","0.50%"
"26-12-2024","23,185.00","23,160.00","23,250.00","23,110.00","0.06K","-0.60%"
"24-12-2024","23,325.00","23,950.00","23,950.00","23,205.00","0.05K","0.60%"
"23-12-2024","23,185.00","23,830.00","23,830.00","23,015.00","0.15K","-3.27%"
"20-12-2024","23,970.00","24,150.00","24,235.00","23,950.00","0.19K","-0.31%"
"19-12-2024","24,045.00","24,000.00","24,145.00","23,935.00","0.20K","0.02%"
"18-12-2024","24,040.00","23,930.00","24,135.00","23,840.00","0.47K","0.06%"
"17-12-2024","24,025.00","23,900.00","24,070.00","23,900.00","0.19K","0.52%"
"16-12-2024","23,900.00","23,600.00","24,180.00","23,600.00","0.32K","-0.58%"
"13-12-2024","24,040.00","24,150.00","24,200.00","23,355.00","0.39K","-0.17%"
"12-12-2024","24,080.00","23,900.00","24,180.00","23,880.00","0.16K","0.48%"
"11-12-2024","23,965.00","24,275.00","24,275.00","23,900.00","0.23K","-1.09%"
"10-12-2024","24,230.00","24,130.00","24,340.00","24,020.00","0.87K","0.41%"
"09-12-2024","24,130.00","24,090.00","24,180.00","23,885.00","1.23K","1.22%"
"06-12-2024","23,840.00","23,510.00","23,970.00","23,510.00","0.58K","0.89%"
"05-12-2024","23,630.00","23,910.00","24,280.00","23,510.00","0.89K","-1.32%"
"04-12-2024","23,945.00","24,340.00","24,340.00","23,890.00","0.70K","-0.64%"
"03-12-2024","24,100.00","24,615.00","24,825.00","23,940.00","2.03K","-3.12%"
"02-12-2024","24,875.00","24,700.00","25,075.00","24,670.00","0.44K","0.26%"
"29-11-2024","24,810.00","24,595.00","24,900.00","24,490.00","0.48K","0.94%"
"28-11-2024","24,580.00","24,665.00","24,665.00","24,455.00","0.13K","0.68%"
"27-11-2024","24,415.00","24,610.00","24,610.00","24,155.00","0.20K","-1.23%"
"26-11-2024","24,720.00","24,710.00","24,800.00","24,650.00","0.09K","-0.10%"
"25-11-2024","24,745.00","25,420.00","25,420.00","24,530.00","0.21K","0.08%"
"22-11-2024","24,725.00","24,745.00","24,915.00","24,620.00","0.31K","-0.52%"
"21-11-2024","24,855.00","25,000.00","25,220.00","24,800.00","0.27K","-2.09%"
"19-11-2024","25,385.00","25,395.00","25,490.00","25,070.00","0.68K","1.52%"
"18-11-2024","25,005.00","25,060.00","25,180.00","24,745.00","0.66K","-0.02%"
"14-11-2024","25,010.00","24,995.00","25,880.00","24,865.00","1.21K","-0.38%"
"13-11-2024","25,105.00","24,775.00","25,290.00","24,750.00","0.61K","0.68%"
"12-11-2024","24,935.00","25,025.00","25,300.00","24,765.00","0.99K","-1.13%"
"11-11-2024","25,220.00","25,130.00","25,400.00","25,100.00","0.59K","-0.22%"
"08-11-2024","25,275.00","25,285.00","25,660.00","24,910.00","1.85K","0.54%"
"07-11-2024","25,140.00","24,690.00","25,375.00","24,630.00","0.73K","2.26%"
"06-11-2024","24,585.00","23,625.00","24,805.00","23,625.00","1.28K","3.73%"
"05-11-2024","23,700.00","23,600.00","23,800.00","23,525.00","0.22K","-0.11%"
"04-11-2024","23,725.00","22,970.00","23,845.00","22,970.00","0.38K","-0.84%"
"01-11-2024","23,925.00","23,870.00","24,000.00","23,870.00","0.05K","-0.54%"
"31-10-2024","24,055.00","23,850.00","24,120.00","23,815.00","0.17K","0.54%"
"30-10-2024","23,925.00","23,650.00","24,000.00","23,650.00","0.34K","-0.15%"
"29-10-2024","23,960.00","24,250.00","24,250.00","23,850.00","0.20K","-0.99%"
"28-10-2024","24,200.00","23,820.00","24,240.00","23,820.00","0.23K","0.44%"
"25-10-2024","24,095.00","24,415.00","24,460.00","23,900.00","0.80K","-2.21%"
"24-10-2024","24,640.00","24,415.00","24,700.00","24,415.00","0.65K","-0.08%"
"23-10-2024","24,660.00","24,555.00","24,700.00","24,405.00","0.12K","-0.36%"
"22-10-2024","24,750.00","24,840.00","25,040.00","24,700.00","0.23K","-0.04%"
"21-10-2024","24,760.00","24,850.00","25,035.00","24,680.00","0.26K","-1.65%"
"18-10-2024","25,175.00","24,900.00","25,240.00","24,865.00","0.26K","0.96%"
"17-10-2024","24,935.00","24,655.00","25,000.00","24,510.00","0.63K","-0.36%"
"16-10-2024","25,025.00","25,400.00","25,465.00","24,940.00","1.47K","-1.86%"
"15-10-2024","25,500.00","25,990.00","26,265.00","24,905.00","2.05K","-1.70%"
"14-10-2024","25,940.00","25,785.00","26,165.00","25,610.00","0.37K","0.37%"
"11-10-2024","25,845.00","26,035.00","26,040.00","25,760.00","0.43K","-0.79%"
"10-10-2024","26,050.00","25,975.00","26,115.00","25,960.00","0.38K","-0.36%"
"09-10-2024","26,145.00","26,300.00","26,390.00","26,060.00","0.30K","-0.15%"
"08-10-2024","26,185.00","26,190.00","26,370.00","26,035.00","0.59K","0.31%"
"07-10-2024","26,105.00","25,775.00","26,140.00","25,770.00","1.32K","1.14%"
"04-10-2024","25,810.00","26,040.00","26,040.00","25,665.00","0.60K","0.04%"
"03-10-2024","25,800.00","25,900.00","25,900.00","25,565.00","0.37K","-0.37%"
"01-10-2024","25,895.00","26,110.00","26,110.00","25,800.00","0.40K","-0.96%"
"30-09-2024","26,145.00","26,290.00","26,470.00","26,110.00","0.26K","-1.08%"
"27-09-2024","26,430.00","26,620.00","26,675.00","26,400.00","0.24K","-0.70%"
"26-09-2024","26,615.00","26,700.00","26,760.00","26,500.00","0.29K","0.17%"
"25-09-2024","26,570.00","26,950.00","27,190.00","26,200.00","0.66K","0.53%"
"24-09-2024","26,430.00","26,595.00","26,595.00","26,180.00","0.55K","0.19%"
"23-09-2024","26,380.00","26,180.00","26,625.00","26,100.00","0.38K","-0.15%"
"20-09-2024","26,420.00","26,200.00","26,495.00","26,170.00","0.68K","0.96%"
"19-09-2024","26,170.00","26,085.00","26,295.00","25,800.00","0.56K","0.95%"
"18-09-2024","25,925.00","26,145.00","26,145.00","25,670.00","0.60K","0.04%"
"17-09-2024","25,915.00","25,770.00","26,065.00","25,600.00","0.86K","0.78%"
"16-09-2024","25,715.00","25,445.00","25,800.00","25,280.00","2.25K","0.88%"
"13-09-2024","25,490.00","26,205.00","26,205.00","25,350.00","0.91K","-0.80%"
"12-09-2024","25,695.00","25,700.00","25,995.00","25,365.00","0.76K","0.49%"
"11-09-2024","25,570.00","25,300.00","25,740.00","25,300.00","0.58K","0.83%"
"10-09-2024","25,360.00","24,820.00","25,495.00","24,820.00","0.86K","1.34%"
"09-09-2024","25,025.00","24,700.00","25,175.00","24,530.00","0.57K","-0.20%"
"06-09-2024","25,075.00","25,100.00","25,275.00","24,750.00","0.73K","-0.46%"
"05-09-2024","25,190.00","25,045.00","25,250.00","25,000.00","0.38K","1.21%"
"04-09-2024","24,890.00","25,150.00","25,330.00","24,645.00","0.89K","-1.81%"
"03-09-2024","25,350.00","25,810.00","26,100.00","25,225.00","1.16K","-0.67%"
"02-09-2024","25,520.00","25,100.00","25,650.00","25,100.00","1.16K","2.82%"
"30-08-2024","24,820.00","24,760.00","25,000.00","24,720.00","0.82K","0.79%"
"29-08-2024","24,625.00","24,850.00","24,850.00","24,550.00","0.35K","0.12%"
"28-08-2024","24,595.00","24,675.00","24,675.00","24,465.00","0.24K","0.00%"
"27-08-2024","24,595.00","24,250.00","24,800.00","24,085.00","0.21K","0.84%"
"26-08-2024","24,390.00","24,960.00","24,960.00","24,200.00","0.20K","-0.37%"
"23-08-2024","24,480.00","24,925.00","24,925.00","24,305.00","0.19K","-0.41%"
"22-08-2024","24,580.00","24,400.00","24,820.00","24,275.00","0.20K","1.80%"
"21-08-2024","24,145.00","23,510.00","24,300.00","23,510.00","0.18K","-2.82%"
"20-08-2024","24,845.00","25,200.00","25,340.00","24,510.00","0.60K","-1.70%"
"19-08-2024","25,275.00","25,040.00","25,650.00","25,040.00","1.01K","0.52%"
"16-08-2024","25,145.00","24,920.00","25,480.00","24,920.00","1.17K","-0.79%"
"14-08-2024","25,345.00","25,700.00","25,700.00","25,070.00","1.19K","-1.09%"
"13-08-2024","25,625.00","26,485.00","26,485.00","25,315.00","1.45K","-2.73%"
"12-08-2024","26,345.00","26,600.00","26,750.00","26,155.00","0.65K","0.86%"
"09-08-2024","26,120.00","26,215.00","26,700.00","26,045.00","0.65K","0.33%"
"08-08-2024","26,035.00","25,920.00","26,195.00","25,920.00","0.56K","0.46%"
"07-08-2024","25,915.00","25,970.00","26,000.00","25,650.00","0.77K","0.06%"
"06-08-2024","25,900.00","26,100.00","26,140.00","25,770.00","0.38K","0.14%"
"05-08-2024","25,865.00","25,610.00","26,145.00","25,610.00","0.28K","-1.49%"
"02-08-2024","26,255.00","26,370.00","26,400.00","26,150.00","0.32K","-0.28%"
"01-08-2024","26,330.00","26,255.00","26,560.00","26,255.00","0.13K","-0.68%"
"31-07-2024","26,510.00","26,575.00","26,670.00","26,400.00","0.26K","0.53%"
"30-07-2024","26,370.00","26,295.00","26,500.00","26,130.00","0.17K","-0.28%"
"29-07-2024","26,445.00","26,420.00","26,950.00","26,400.00","0.21K","0.67%"
"26-07-2024","26,270.00","26,690.00","26,690.00","26,150.00","0.22K","-0.02%"
"25-07-2024","26,275.00","25,950.00","26,845.00","25,850.00","0.39K","1.78%"
"24-07-2024","25,815.00","25,910.00","25,965.00","25,775.00","0.23K","-0.77%"
"23-07-2024","26,015.00","25,810.00","26,165.00","25,650.00","0.38K","0.54%"
"22-07-2024","25,875.00","26,385.00","26,385.00","25,750.00","0.21K","-2.80%"
"19-07-2024","26,620.00","27,090.00","27,300.00","26,550.00","0.52K","-1.52%"
"18-07-2024","27,030.00","27,040.00","27,300.00","26,850.00","1.02K","1.33%"
"16-07-2024","26,675.00","26,410.00","26,870.00","26,005.00","1.34K","-0.21%"
"15-07-2024","26,730.00","27,000.00","27,000.00","26,520.00","0.94K","-0.69%"
"12-07-2024","26,915.00","27,505.00","27,675.00","26,830.00","1.55K","-2.80%"
"11-07-2024","27,690.00","28,070.00","28,150.00","27,300.00","1.37K","-0.50%"
"10-07-2024","27,830.00","27,700.00","27,975.00","27,625.00","0.69K","0.74%"
"09-07-2024","27,625.00","27,895.00","27,895.00","27,500.00","1.56K","-0.93%"
"08-07-2024","27,885.00","28,210.00","28,255.00","27,810.00","1.03K","-2.19%"
"05-07-2024","28,510.00","28,520.00","28,670.00","28,300.00","0.68K","-0.38%"
"04-07-2024","28,620.00","28,280.00","28,700.00","28,130.00","0.74K","0.90%"
"03-07-2024","28,365.00","28,400.00","28,560.00","28,035.00","0.62K","0.12%"
"02-07-2024","28,330.00","28,400.00","28,500.00","27,950.00","0.50K","-0.37%"
"01-07-2024","28,435.00","28,650.00","29,590.00","28,010.00","0.64K","-0.73%"
"28-06-2024","28,645.00","28,800.00","28,920.00","28,570.00","0.30K","0.17%"
"27-06-2024","28,595.00","28,520.00","28,910.00","28,310.00","0.24K","-0.61%"
"26-06-2024","28,770.00","29,150.00","29,300.00","28,600.00","0.51K","-2.33%"
"25-06-2024","29,455.00","29,115.00","29,700.00","29,115.00","0.53K","1.71%"
"24-06-2024","28,960.00","28,390.00","29,525.00","28,390.00","0.75K","2.01%"
"21-06-2024","28,390.00","28,050.00","28,495.00","27,920.00","0.37K","-1.30%"
"20-06-2024","28,765.00","28,050.00","29,190.00","28,050.00","2.31K","1.84%"
"19-06-2024","28,245.00","28,000.00","28,400.00","27,920.00","0.66K","-0.18%"
"18-06-2024","28,295.00","28,050.00","28,495.00","28,050.00","1.00K","1.49%"
"14-06-2024","27,880.00","27,370.00","28,090.00","26,835.00","1.51K","0.76%"
"13-06-2024","27,670.00","27,795.00","28,060.00","27,400.00","2.09K","0.56%"
"12-06-2024","27,515.00","26,800.00","27,640.00","26,750.00","1.50K","2.13%"
"11-06-2024","26,940.00","27,400.00","27,400.00","26,690.00","1.54K","-1.70%"
"10-06-2024","27,405.00","27,800.00","27,810.00","26,930.00","1.71K","-2.75%"
"07-06-2024","28,180.00","28,300.00","28,450.00","28,080.00","0.97K","-1.05%"
"06-06-2024","28,480.00","28,255.00","28,820.00","27,805.00","1.08K","1.70%"
"05-06-2024","28,005.00","26,860.00","28,360.00","26,860.00","1.14K","2.62%"
"04-06-2024","27,290.00","27,695.00","27,900.00","27,165.00","0.65K","-1.23%"
"03-06-2024","27,630.00","26,900.00","27,775.00","26,675.00","1.35K","4.28%"
"31-05-2024","26,495.00","27,400.00","27,400.00","26,340.00","0.71K","-3.97%"
"30-05-2024","27,590.00","27,990.00","28,000.00","27,555.00","0.26K","-0.84%"
"29-05-2024","27,825.00","27,780.00","27,990.00","27,475.00","0.29K","0.83%"
"28-05-2024","27,595.00","27,475.00","27,800.00","27,000.00","0.42K","-0.47%"
"27-05-2024","27,725.00","28,500.00","28,500.00","27,505.00","0.37K","-3.13%"
"24-05-2024","28,620.00","28,550.00","28,770.00","27,875.00","0.66K","0.42%"
"23-05-2024","28,500.00","28,200.00","28,985.00","28,125.00","0.23K","0.56%"
"22-05-2024","28,340.00","29,600.00","29,655.00","27,720.00","0.72K","-1.84%"
"21-05-2024","28,870.00","28,330.00","28,875.00","28,210.00","0.50K","3.70%"
"17-05-2024","27,840.00","28,000.00","28,300.00","27,655.00","1.94K","0.04%"
"16-05-2024","27,830.00","26,920.00","27,915.00","26,825.00","1.88K","2.85%"
"15-05-2024","27,060.00","26,905.00","27,645.00","26,825.00","1.46K","-0.93%"
"14-05-2024","27,315.00","27,300.00","28,325.00","27,025.00","3.48K","0.05%"
"13-05-2024","27,300.00","26,850.00","27,590.00","26,820.00","2.51K","4.06%"
"10-05-2024","26,235.00","25,190.00","26,470.00","25,005.00","2.68K","4.15%"
"09-05-2024","25,190.00","25,230.00","25,670.00","24,930.00","2.49K","-0.75%"
"08-05-2024","25,380.00","25,700.00","26,100.00","25,100.00","2.33K","-1.26%"
"07-05-2024","25,705.00","24,680.00","25,800.00","24,560.00","2.23K","5.15%"
"06-05-2024","24,445.00","23,510.00","24,490.00","23,510.00","1.33K","2.99%"
"03-05-2024","23,735.00","24,460.00","24,775.00","23,600.00","1.96K","-1.68%"
"02-05-2024","24,140.00","23,130.00","24,195.00","23,130.00","1.78K","5.74%"
"30-04-2024","22,830.00","22,250.00","23,350.00","22,250.00","1.18K","3.07%"
"29-04-2024","22,150.00","22,265.00","22,275.00","22,050.00","0.28K","-0.58%"
"26-04-2024","22,280.00","22,375.00","22,380.00","22,205.00","0.29K","0.47%"
"25-04-2024","22,175.00","22,470.00","22,550.00","22,055.00","0.79K","-0.38%"
"24-04-2024","22,260.00","21,900.00","22,345.00","21,850.00","0.55K","2.68%"
"23-04-2024","21,680.00","21,525.00","21,825.00","21,500.00","0.29K","0.86%"
"22-04-2024","21,495.00","21,500.00","21,600.00","21,060.00","0.36K","-3.80%"
"19-04-2024","22,345.00","22,400.00","22,480.00","22,150.00","0.66K","0.40%"
"18-04-2024","22,255.00","22,080.00","22,300.00","21,815.00","1.07K","1.62%"
"16-04-2024","21,900.00","21,780.00","21,990.00","21,320.00","0.61K","1.08%"
"15-04-2024","21,665.00","22,015.00","22,200.00","21,550.00","1.51K","-3.28%"
"12-04-2024","22,400.00","22,825.00","22,890.00","22,260.00","1.84K","-2.14%"
"10-04-2024","22,890.00","23,300.00","23,450.00","22,780.00","1.31K","-1.70%"
"09-04-2024","23,285.00","23,225.00","23,350.00","22,940.00","0.57K","0.69%"
"08-04-2024","23,125.00","23,300.00","23,300.00","23,100.00","0.76K","-2.16%"
"05-04-2024","23,635.00","23,440.00","23,770.00","23,155.00","0.88K","0.45%"
"04-04-2024","23,530.00","23,650.00","23,990.00","23,460.00","0.90K","0.32%"
"03-04-2024","23,455.00","23,200.00","23,745.00","23,105.00","0.89K","2.49%"
"02-04-2024","22,885.00","22,765.00","22,935.00","22,690.00","0.35K","0.53%"
"01-04-2024","22,765.00","22,815.00","22,995.00","22,565.00","0.72K","-1.56%"
"28-03-2024","23,125.00","23,300.00","23,345.00","22,900.00","0.26K","-1.39%"
"27-03-2024","23,450.00","23,100.00","23,500.00","22,990.00","0.14K","1.12%"
"26-03-2024","23,190.00","23,590.00","23,590.00","23,120.00","0.16K","-1.07%"
"22-03-2024","23,440.00","23,300.00","23,700.00","23,300.00","0.09K","0.04%"
"21-03-2024","23,430.00","23,600.00","23,790.00","23,360.00","0.29K","-1.39%"
"20-03-2024","23,760.00","23,340.00","23,850.00","23,255.00","0.81K","1.91%"
"19-03-2024","23,315.00","23,400.00","23,490.00","23,110.00","0.71K","-0.64%"
"18-03-2024","23,465.00","24,300.00","24,300.00","23,200.00","1.29K","-3.99%"
"15-03-2024","24,440.00","24,395.00","24,600.00","24,000.00","0.90K","0.45%"
"14-03-2024","24,330.00","25,110.00","25,110.00","24,050.00","1.91K","-3.34%"
"13-03-2024","25,170.00","25,485.00","25,900.00","25,110.00","1.11K","-1.22%"
"12-03-2024","25,480.00","25,440.00","25,690.00","25,060.00","0.80K","-0.97%"
"11-03-2024","25,730.00","25,680.00","26,540.00","25,300.00","1.99K","1.78%"
"07-03-2024","25,280.00","24,800.00","25,495.00","24,695.00","1.21K","2.35%"
"06-03-2024","24,700.00","24,010.00","24,900.00","23,750.00","1.31K","2.05%"
"05-03-2024","24,205.00","24,220.00","24,380.00","23,905.00","0.59K","-0.64%"
"04-03-2024","24,360.00","24,580.00","24,580.00","24,200.00","0.80K","1.02%"
"01-03-2024","24,115.00","24,135.00","24,510.00","23,800.00","0.83K","0.46%"
"29-02-2024","24,005.00","24,070.00","24,075.00","23,760.00","0.32K","1.05%"
"28-02-2024","23,755.00","22,910.00","23,975.00","22,910.00","0.63K","1.91%"
"27-02-2024","23,310.00","23,815.00","24,075.00","23,280.00","1.03K","-3.88%"
"26-02-2024","24,250.00","24,760.00","25,100.00","24,100.00","0.77K","-3.31%"
"23-02-2024","25,080.00","25,640.00","25,640.00","24,900.00","0.20K","-1.26%"
"22-02-2024","25,400.00","25,580.00","25,825.00","25,315.00","0.33K","-2.01%"
"21-02-2024","25,920.00","26,380.00","26,800.00","25,550.00","0.38K","-0.46%"
"20-02-2024","26,040.00","24,900.00","26,300.00","24,835.00","0.69K","4.58%"
"19-02-2024","24,900.00","24,425.00","24,995.00","24,200.00","0.26K","2.26%"
"16-02-2024","24,350.00","24,310.00","24,495.00","24,300.00","0.13K","0.50%"
"15-02-2024","24,230.00","23,820.00","24,635.00","23,820.00","0.18K","0.06%"
"14-02-2024","24,215.00","24,750.00","24,750.00","24,110.00","0.22K","-1.78%"
"13-02-2024","24,655.00","25,320.00","25,320.00","24,160.00","0.31K","-3.71%"
"12-02-2024","25,605.00","26,295.00","26,300.00","25,485.00","0.25K","-3.10%"
"09-02-2024","26,425.00","26,255.00","26,560.00","26,255.00","0.14K","0.17%"
"08-02-2024","26,380.00","26,640.00","26,740.00","26,300.00","0.21K","-0.28%"
"07-02-2024","26,455.00","26,360.00","26,625.00","26,150.00","0.19K","0.47%"
"06-02-2024","26,330.00","26,300.00","26,640.00","26,250.00","0.17K","0.02%"
"05-02-2024","26,325.00","26,500.00","26,505.00","25,980.00","0.17K","-0.87%"
"02-02-2024","26,555.00","26,395.00","26,795.00","26,330.00","0.05K","0.08%"
"01-02-2024","26,535.00","26,750.00","26,990.00","26,300.00","0.08K","0.23%"
"31-01-2024","26,475.00","26,095.00","26,565.00","25,905.00","0.20K","1.83%"
"30-01-2024","26,000.00","25,600.00","26,130.00","25,490.00","0.14K","2.83%"
"29-01-2024","25,285.00","25,780.00","26,250.00","25,155.00","0.30K","-5.26%"
"25-01-2024","26,690.00","27,200.00","27,650.00","26,600.00","0.16K","-2.14%"
"24-01-2024","27,275.00","27,150.00","27,445.00","26,655.00","0.20K","3.35%"
"23-01-2024","26,390.00","25,940.00","26,460.00","25,865.00","0.15K","-1.66%"
"19-01-2024","26,835.00","27,050.00","27,070.00","26,550.00","1.01K","-0.96%"
"18-01-2024","27,095.00","27,500.00","27,605.00","26,745.00","0.54K","-1.99%"
"17-01-2024","27,645.00","28,050.00","28,470.00","27,500.00","0.73K","-1.21%"
"16-01-2024","27,985.00","27,090.00","28,210.00","26,800.00","1.08K","3.71%"
"15-01-2024","26,985.00","26,110.00","27,150.00","25,900.00","1.10K","2.98%"
"12-01-2024","26,205.00","26,360.00","26,465.00","25,900.00","0.97K","-1.13%"
"11-01-2024","26,505.00","26,600.00","27,000.00","26,225.00","0.74K","-0.28%"
"10-01-2024","26,580.00","27,100.00","27,100.00","26,100.00","0.76K","-0.88%"
"09-01-2024","26,815.00","27,230.00","27,390.00","26,600.00","0.80K","-1.43%"
"08-01-2024","27,205.00","27,700.00","27,700.00","27,100.00","0.68K","-3.51%"
"05-01-2024","28,195.00","29,550.00","30,000.00","28,000.00","1.45K","-3.44%"
"04-01-2024","29,200.00","28,390.00","29,475.00","27,060.00","1.17K","5.00%"
"03-01-2024","27,810.00","28,000.00","28,100.00","27,210.00","0.78K","1.27%"
"02-01-2024","27,460.00","27,550.00","27,870.00","26,850.00","1.07K","0.13%"
"01-01-2024","27,425.00","27,185.00","28,180.00","26,860.00","0.89K","-1.60%"
"29-12-2023","27,870.00","27,520.00","28,600.00","27,520.00","0.82K","0.98%"
"28-12-2023","27,600.00","27,020.00","28,575.00","26,720.00","1.01K","0.09%"
"27-12-2023","27,575.00","27,965.00","28,300.00","27,385.00","0.89K","-5.34%"
"26-12-2023","29,130.00","30,100.00","30,100.00","29,130.00","0.50K","-5.99%"
"22-12-2023","30,985.00","31,200.00","31,380.00","30,810.00","0.15K","0.24%"
"21-12-2023","30,910.00","30,655.00","31,600.00","30,655.00","0.17K","-16.31%"
"20-12-2023","36,935.00","36,405.00","37,705.00","36,405.00","1.25K","-0.09%"
"19-12-2023","36,970.00","37,565.00","37,750.00","36,100.00","1.43K","-1.68%"
"18-12-2023","37,600.00","40,400.00","40,400.00","37,590.00","2.24K","-5.96%"
"15-12-2023","39,985.00","37,900.00","40,200.00","37,605.00","1.80K","5.04%"
"14-12-2023","38,065.00","38,150.00","38,695.00","37,950.00","1.07K","-0.98%"
"13-12-2023","38,440.00","37,000.00","38,500.00","36,850.00","2.05K","5.47%"
"12-12-2023","36,445.00","36,105.00","36,780.00","35,180.00","2.17K","-0.55%"
"11-12-2023","36,645.00","36,970.00","38,350.00","36,475.00","1.77K","0.48%"
"08-12-2023","36,470.00","36,000.00","37,600.00","36,000.00","3.72K","-1.91%"
"07-12-2023","37,180.00","39,555.00","39,650.00","37,180.00","2.20K","-5.99%"
"06-12-2023","39,550.00","38,300.00","40,100.00","38,300.00","2.48K","0.41%"
"05-12-2023","39,390.00","40,825.00","41,400.00","39,305.00","2.13K","-5.79%"
"04-12-2023","41,810.00","43,705.00","44,700.00","41,805.00","1.31K","-5.98%"
"01-12-2023","44,470.00","44,140.00","44,900.00","44,060.00","0.70K","-1.07%"
"30-11-2023","44,950.00","45,920.00","45,920.00","44,640.00","0.71K","-2.54%"
"29-11-2023","46,120.00","46,225.00","46,680.00","45,855.00","0.53K","-0.69%"
"28-11-2023","46,440.00","46,970.00","46,970.00","45,820.00","0.48K","2.45%"
"24-11-2023","45,330.00","44,800.00","46,185.00","44,460.00","0.35K","0.15%"
"23-11-2023","45,260.00","45,870.00","46,975.00","45,000.00","0.34K","-2.49%"
"22-11-2023","46,415.00","46,275.00","46,850.00","45,200.00","0.86K","0.30%"
"21-11-2023","46,275.00","45,700.00","46,930.00","45,700.00","0.77K","1.48%"
"20-11-2023","45,600.00","44,390.00","45,610.00","44,250.00","1.28K","5.97%"
"17-11-2023","43,030.00","42,845.00","43,250.00","41,890.00","0.92K","1.03%"
"16-11-2023","42,590.00","42,180.00","43,190.00","41,470.00","0.68K","0.64%"
"15-11-2023","42,320.00","42,825.00","42,930.00","41,640.00","1.17K","-1.93%"
"13-11-2023","43,155.00","44,745.00","44,890.00","43,030.00","1.36K","-3.56%"
"12-11-2023","44,750.00","45,400.00","46,070.00","44,550.00","0.44K","0.04%"
"10-11-2023","44,730.00","44,000.00","44,990.00","43,050.00","2.69K","2.19%"
"09-11-2023","43,770.00","43,800.00","44,000.00","42,830.00","1.27K","1.50%"
"08-11-2023","43,125.00","46,100.00","46,710.00","42,870.00","3.22K","-5.44%"
"07-11-2023","45,605.00","43,690.00","45,605.00","43,525.00","2.33K","6.00%"
"06-11-2023","43,025.00","41,300.00","43,025.00","41,300.00","1.55K","6.00%"
"03-11-2023","40,590.00","40,225.00","42,845.00","39,630.00","2.84K","-0.04%"
"02-11-2023","40,605.00","42,255.00","42,675.00","40,600.00","2.62K","-5.99%"
"01-11-2023","43,190.00","43,500.00","45,040.00","42,210.00","3.02K","-1.72%"
"31-10-2023","43,945.00","47,300.00","47,300.00","43,945.00","1.79K","-5.99%"
"30-10-2023","46,745.00","48,100.00","48,510.00","46,200.00","1.22K","-2.25%"
"27-10-2023","47,820.00","46,375.00","48,600.00","45,900.00","1.24K","0.94%"
"26-10-2023","47,375.00","50,535.00","51,080.00","47,365.00","2.18K","-5.97%"
"25-10-2023","50,385.00","50,680.00","50,900.00","48,530.00","1.06K","-2.17%"
"23-10-2023","51,500.00","54,685.00","54,685.00","51,250.00","0.99K","-5.06%"
"20-10-2023","54,245.00","53,695.00","54,400.00","53,120.00","1.11K","1.02%"
"19-10-2023","53,695.00","56,300.00","56,600.00","53,000.00","2.30K","-4.74%"
"18-10-2023","56,365.00","58,100.00","58,100.00","56,220.00","1.03K","-3.07%"
"17-10-2023","58,150.00","57,850.00","58,490.00","57,400.00","0.86K","0.87%"
"16-10-2023","57,650.00","57,025.00","57,925.00","56,905.00","1.71K","3.56%"
"13-10-2023","55,670.00","54,625.00","56,150.00","54,625.00","1.41K","1.74%"
"12-10-2023","54,720.00","54,000.00","56,080.00","53,510.00","2.17K","1.45%"
"11-10-2023","53,940.00","55,550.00","56,080.00","53,200.00","2.89K","-4.51%"
"10-10-2023","56,485.00","59,200.00","59,700.00","55,705.00","2.30K","-4.25%"
"09-10-2023","58,995.00","59,295.00","59,525.00","58,870.00","1.58K","-1.00%"
"06-10-2023","59,590.00","59,510.00","60,290.00","59,000.00","1.50K","-0.48%"
"05-10-2023","59,880.00","59,825.00","60,485.00","59,765.00","1.01K","0.44%"
"04-10-2023","59,615.00","58,675.00","59,870.00","58,675.00","0.72K","0.81%"
"03-10-2023","59,135.00","61,650.00","61,650.00","58,905.00","1.16K","-3.81%"
"29-09-2023","61,475.00","60,620.00","61,620.00","60,585.00","0.62K","1.91%"
"28-09-2023","60,320.00","59,535.00","60,750.00","59,500.00","0.63K","0.15%"
"27-09-2023","60,230.00","60,995.00","61,680.00","60,020.00","0.36K","-1.65%"
"26-09-2023","61,240.00","60,905.00","61,965.00","59,500.00","0.80K","-0.59%"
"25-09-2023","61,605.00","62,445.00","62,500.00","61,335.00","0.35K","-0.24%"
"22-09-2023","61,755.00","62,080.00","63,790.00","61,600.00","0.36K","0.18%"
"21-09-2023","61,645.00","61,500.00","62,500.00","61,300.00","0.23K","2.43%"
"20-09-2023","60,180.00","59,550.00","60,800.00","59,250.00","0.88K","0.23%"
"18-09-2023","60,040.00","61,790.00","61,790.00","59,360.00","1.40K","-2.54%"
"15-09-2023","61,605.00","63,500.00","63,545.00","61,175.00","1.20K","-2.49%"
"14-09-2023","63,175.00","63,170.00","63,905.00","62,670.00","1.31K","0.50%"
"13-09-2023","62,860.00","61,315.00","64,035.00","60,840.00","2.76K","2.09%"
"12-09-2023","61,575.00","62,320.00","63,460.00","60,835.00","2.19K","-1.49%"
"11-09-2023","62,505.00","64,150.00","64,800.00","61,575.00","2.89K","-4.22%"
"08-09-2023","65,260.00","65,000.00","65,900.00","63,720.00","2.87K","3.82%"
"07-09-2023","62,860.00","61,435.00","63,635.00","61,155.00","1.42K","2.73%"
"06-09-2023","61,190.00","61,000.00","61,700.00","60,075.00","1.34K","-0.44%"
"05-09-2023","61,460.00","61,255.00","62,500.00","61,000.00","1.13K","-1.01%"
"04-09-2023","62,090.00","61,650.00","62,655.00","60,500.00","1.29K","4.74%"
"01-09-2023","59,280.00","56,395.00","59,715.00","56,395.00","1.52K","5.23%"
"31-08-2023","56,335.00","55,400.00","56,440.00","54,800.00","1.04K","3.10%"
"30-08-2023","54,640.00","53,600.00","55,400.00","53,600.00","0.94K","-0.15%"
"29-08-2023","54,720.00","55,510.00","56,200.00","54,445.00","0.86K","-3.13%"
"28-08-2023","56,490.00","57,555.00","58,465.00","56,325.00","0.38K","-1.52%"
"25-08-2023","57,360.00","57,675.00","58,100.00","57,060.00","0.46K","-1.06%"
"24-08-2023","57,975.00","58,625.00","58,925.00","57,825.00","0.46K","-0.56%"
"23-08-2023","58,300.00","58,680.00","58,800.00","56,350.00","0.72K","-1.83%"
"22-08-2023","59,385.00","59,935.00","59,935.00","59,065.00","0.24K","-1.66%"
"21-08-2023","60,390.00","60,445.00","60,700.00","60,200.00","0.13K","1.17%"
"18-08-2023","59,690.00","59,490.00","59,935.00","59,190.00","0.80K","1.08%"
"17-08-2023","59,055.00","59,480.00","59,480.00","57,310.00","1.80K","0.79%"
"16-08-2023","58,590.00","61,660.00","61,665.00","58,520.00","2.41K","-4.72%"
"14-08-2023","61,495.00","62,250.00","62,300.00","61,125.00","0.97K","-0.88%"
"11-08-2023","62,040.00","62,760.00","62,965.00","61,760.00","2.48K","-0.93%"
"10-08-2023","62,625.00","63,195.00","63,400.00","62,500.00","2.35K","-0.72%"
"09-08-2023","63,080.00","62,400.00","63,500.00","62,400.00","2.24K","1.34%"
"08-08-2023","62,245.00","62,705.00","63,185.00","62,130.00","1.32K","-1.38%"
"07-08-2023","63,115.00","63,725.00","64,000.00","63,000.00","2.52K","-0.45%"
"04-08-2023","63,400.00","63,695.00","64,000.00","62,800.00","1.99K","1.32%"
"03-08-2023","62,575.00","62,645.00","63,300.00","61,920.00","1.88K","0.32%"
"02-08-2023","62,375.00","60,395.00","63,700.00","60,395.00","2.46K","3.63%"
"01-08-2023","60,190.00","59,970.00","60,725.00","59,550.00","0.78K","0.37%"
"31-07-2023","59,970.00","60,010.00","60,525.00","59,300.00","0.72K","-1.06%"
"28-07-2023","60,615.00","61,595.00","61,860.00","59,900.00","1.03K","0.95%"
"27-07-2023","60,045.00","59,000.00","60,800.00","58,605.00","0.65K","0.85%"
"26-07-2023","59,540.00","60,260.00","60,630.00","58,555.00","1.04K","-1.96%"
"25-07-2023","60,730.00","60,880.00","61,425.00","59,835.00","0.49K","-0.48%"
"24-07-2023","61,020.00","61,595.00","62,550.00","60,610.00","0.51K","-0.33%"
"21-07-2023","61,225.00","62,015.00","62,770.00","60,910.00","0.29K","0.52%"
"20-07-2023","60,910.00","59,850.00","61,140.00","59,605.00","1.75K","2.59%"
"19-07-2023","59,370.00","59,655.00","60,340.00","59,105.00","1.67K","-1.47%"
"18-07-2023","60,255.00","62,000.00","62,000.00","59,715.00","1.35K","-0.42%"
"17-07-2023","60,510.00","58,000.00","60,775.00","58,000.00","2.95K","5.54%"
"14-07-2023","57,335.00","57,055.00","58,375.00","57,000.00","2.59K","-0.90%"
"13-07-2023","57,855.00","59,060.00","59,060.00","57,000.00","3.28K","-2.38%"
"12-07-2023","59,265.00","59,540.00","60,225.00","59,055.00","2.14K","-0.58%"
"11-07-2023","59,610.00","60,450.00","60,450.00","59,025.00","1.96K","-1.05%"
"10-07-2023","60,240.00","59,410.00","60,390.00","58,855.00","3.37K","2.67%"
"07-07-2023","58,675.00","57,940.00","59,120.00","57,940.00","2.97K","1.89%"
"06-07-2023","57,585.00","57,400.00","59,120.00","56,555.00","3.40K","0.49%"
"05-07-2023","57,305.00","55,150.00","57,535.00","54,900.00","2.32K","4.99%"
"04-07-2023","54,580.00","53,940.00","54,985.00","53,940.00","1.48K","1.74%"
"03-07-2023","53,645.00","54,580.00","54,965.00","53,315.00","1.86K","-3.46%"
"30-06-2023","55,565.00","56,600.00","56,700.00","55,150.00","1.50K","-0.89%"
"28-06-2023","56,065.00","54,660.00","57,780.00","54,550.00","1.44K","1.64%"
"27-06-2023","55,160.00","58,050.00","58,060.00","55,140.00","1.46K","-5.96%"
"26-06-2023","58,655.00","57,640.00","58,750.00","57,640.00","1.35K","5.83%"
"23-06-2023","55,425.00","55,150.00","56,200.00","54,060.00","0.81K","0.62%"
"22-06-2023","55,085.00","55,500.00","55,650.00","54,400.00","1.01K","1.45%"
"21-06-2023","54,300.00","51,750.00","54,740.00","51,750.00","0.80K","5.01%"
"20-06-2023","51,710.00","52,390.00","52,810.00","51,465.00","3.49K","-0.15%"
"19-06-2023","51,790.00","49,800.00","52,100.00","49,800.00","3.74K","5.02%"
"16-06-2023","49,315.00","49,265.00","49,655.00","48,720.00","1.82K","0.10%"
"15-06-2023","49,265.00","50,000.00","50,140.00","49,060.00","1.82K","-1.24%"
"14-06-2023","49,885.00","49,340.00","50,250.00","49,150.00","2.37K","0.70%"
"13-06-2023","49,540.00","49,200.00","49,780.00","48,515.00","4.49K","1.98%"
"12-06-2023","48,580.00","47,305.00","49,030.00","46,600.00","3.73K","3.04%"
"09-06-2023","47,145.00","48,200.00","48,800.00","46,885.00","3.53K","-1.74%"
"08-06-2023","47,980.00","47,500.00","48,340.00","46,825.00","2.73K","1.26%"
"07-06-2023","47,385.00","47,050.00","47,535.00","46,260.00","3.34K","2.12%"
"06-06-2023","46,400.00","45,750.00","46,755.00","45,500.00","2.18K","1.47%"
"05-06-2023","45,730.00","46,225.00","46,225.00","45,500.00","1.52K","0.96%"
"02-06-2023","45,295.00","44,835.00","45,700.00","44,655.00","1.56K","0.81%"
"01-06-2023","44,930.00","44,685.00","45,400.00","44,650.00","0.92K","0.01%"
"31-05-2023","44,925.00","45,405.00","45,415.00","44,730.00","1.19K","-1.50%"
"30-05-2023","45,610.00","47,200.00","47,200.00","45,400.00","1.46K","-0.37%"
"29-05-2023","45,780.00","44,210.00","46,190.00","44,200.00","1.58K","3.00%"
"26-05-2023","44,445.00","43,950.00","44,600.00","43,400.00","0.63K","0.50%"
"25-05-2023","44,225.00","45,140.00","45,140.00","44,025.00","0.75K","-2.07%"
"24-05-2023","45,160.00","44,550.00","45,200.00","44,550.00","0.38K","1.34%"
"23-05-2023","44,565.00","44,885.00","44,885.00","43,700.00","0.85K","-1.09%"
"22-05-2023","45,055.00","46,585.00","46,820.00","44,715.00","0.40K","-1.33%"
"19-05-2023","45,660.00","44,485.00","45,880.00","44,485.00","2.19K","2.12%"
"18-05-2023","44,710.00","46,500.00","46,925.00","44,100.00","3.72K","-4.08%"
"17-05-2023","46,610.00","46,500.00","47,300.00","45,520.00","3.09K","1.51%"
"16-05-2023","45,915.00","46,105.00","46,105.00","44,305.00","4.67K","-0.99%"
"15-05-2023","46,375.00","47,500.00","47,530.00","46,290.00","3.47K","-2.39%"
"12-05-2023","47,510.00","48,100.00","48,500.00","47,155.00","3.54K","-1.36%"
"11-05-2023","48,165.00","48,155.00","48,670.00","47,530.00","2.83K","-0.63%"
"10-05-2023","48,470.00","47,400.00","49,840.00","47,400.00","5.02K","2.39%"
"09-05-2023","47,340.00","47,360.00","47,990.00","46,800.00","3.67K","-1.92%"
"08-05-2023","48,265.00","49,160.00","49,160.00","47,910.00","4.87K","2.10%"
"05-05-2023","47,270.00","45,700.00","47,570.00","45,275.00","3.40K","3.33%"
"04-05-2023","45,745.00","45,685.00","46,740.00","45,495.00","3.03K","-0.49%"
"03-05-2023","45,970.00","45,225.00","46,250.00","44,930.00","3.02K","-0.08%"
"02-05-2023","46,005.00","45,850.00","46,480.00","45,500.00","2.81K","4.34%"
"28-04-2023","44,090.00","43,950.00","44,690.00","43,530.00","2.39K","1.47%"
"27-04-2023","43,450.00","41,450.00","43,550.00","41,450.00","2.50K","5.76%"
"26-04-2023","41,085.00","40,595.00","41,240.00","40,100.00","1.10K","1.73%"
"25-04-2023","40,385.00","40,390.00","40,520.00","39,325.00","1.23K","-1.40%"
"24-04-2023","40,960.00","41,290.00","41,290.00","40,670.00","0.67K","-0.81%"
"21-04-2023","41,295.00","42,135.00","42,135.00","41,120.00","0.48K","0.28%"
"20-04-2023","41,180.00","40,600.00","41,480.00","40,535.00","3.79K","1.68%"
"19-04-2023","40,500.00","40,325.00","40,640.00","39,870.00","2.42K","0.30%"
"18-04-2023","40,380.00","39,875.00","40,680.00","39,710.00","3.03K","1.58%"
"17-04-2023","39,750.00","41,040.00","41,050.00","39,375.00","4.67K","-5.03%"
"13-04-2023","41,855.00","41,950.00","42,440.00","40,300.00","5.12K","0.70%"
"12-04-2023","41,565.00","39,700.00","41,720.00","39,255.00","6.66K","3.60%"
"11-04-2023","40,120.00","40,950.00","41,600.00","39,850.00","6.72K","0.89%"
"10-04-2023","39,765.00","39,015.00","39,765.00","39,015.00","1.03K","6.00%"
"06-04-2023","37,515.00","36,900.00","37,645.00","36,630.00","4.27K","2.25%"
"05-04-2023","36,690.00","35,690.00","36,820.00","35,635.00","4.30K","3.76%"
"03-04-2023","35,360.00","36,120.00","36,120.00","35,000.00","2.74K","-1.71%"
"31-03-2023","35,975.00","36,000.00","36,250.00","35,815.00","1.20K","0.42%"
"29-03-2023","35,825.00","36,320.00","36,415.00","35,610.00","1.56K","-0.82%"
"28-03-2023","36,120.00","35,340.00","36,345.00","35,010.00","1.32K","3.14%"
"27-03-2023","35,020.00","35,640.00","36,110.00","34,930.00","1.21K","-0.86%"
"24-03-2023","35,325.00","35,400.00","35,845.00","35,200.00","1.70K","0.43%"
"23-03-2023","35,175.00","35,420.00","35,530.00","34,900.00","0.70K","-0.33%"
"22-03-2023","35,290.00","34,180.00","35,480.00","33,865.00","1.18K","3.41%"
"21-03-2023","34,125.00","33,140.00","34,250.00","33,110.00","1.00K","2.45%"
"20-03-2023","33,310.00","33,500.00","34,200.00","33,080.00","3.72K","0.39%"
"17-03-2023","33,180.00","32,100.00","33,425.00","32,100.00","3.63K","3.24%"
"16-03-2023","32,140.00","32,200.00","32,335.00","31,610.00","1.87K","-0.12%"
"15-03-2023","32,180.00","32,240.00","32,445.00","31,805.00","2.17K","0.28%"
"14-03-2023","32,090.00","31,295.00","32,260.00","31,205.00","3.50K","2.57%"
"13-03-2023","31,285.00","30,825.00","31,370.00","30,725.00","2.57K","1.13%"
"10-03-2023","30,935.00","30,735.00","31,400.00","30,700.00","2.67K","0.93%"
"09-03-2023","30,650.00","30,550.00","30,750.00","30,200.00","1.71K","0.16%"
"08-03-2023","30,600.00","31,015.00","31,130.00","30,525.00","1.57K","0.96%"
"06-03-2023","30,310.00","30,450.00","30,550.00","30,000.00","1.85K","-0.85%"
"03-03-2023","30,570.00","30,060.00","30,700.00","29,690.00","2.50K","0.97%"
"02-03-2023","30,275.00","31,270.00","31,530.00","30,000.00","2.19K","-4.51%"
"01-03-2023","31,705.00","32,580.00","32,580.00","31,525.00","1.46K","-1.84%"
"28-02-2023","32,300.00","31,940.00","32,560.00","31,820.00","1.85K","0.26%"
"27-02-2023","32,215.00","32,215.00","33,010.00","32,005.00","1.76K","0.99%"
"24-02-2023","31,900.00","31,140.00","32,040.00","30,815.00","1.26K","2.29%"
"23-02-2023","31,185.00","31,650.00","31,770.00","30,900.00","0.98K","-1.03%"
"22-02-2023","31,510.00","30,585.00","31,935.00","30,505.00","1.10K","3.52%"
"21-02-2023","30,440.00","29,930.00","30,760.00","29,900.00","0.98K","1.52%"
"20-02-2023","29,985.00","30,300.00","30,300.00","29,640.00","1.14K","-1.93%"
"17-02-2023","30,575.00","31,125.00","31,725.00","30,460.00","0.80K","-1.10%"
"16-02-2023","30,915.00","31,175.00","31,370.00","30,700.00","0.62K","-0.67%"
"15-02-2023","31,125.00","30,685.00","31,200.00","30,105.00","1.10K","1.53%"
"14-02-2023","30,655.00","31,450.00","31,505.00","30,500.00","1.34K","-3.14%"
"13-02-2023","31,650.00","32,270.00","32,540.00","31,460.00","1.01K","-4.18%"
"10-02-2023","33,030.00","33,245.00","33,585.00","32,880.00","0.57K","-0.84%"
"09-02-2023","33,310.00","32,660.00","33,415.00","32,660.00","0.34K","1.46%"
"08-02-2023","32,830.00","33,040.00","33,295.00","32,205.00","0.63K","-0.14%"
"07-02-2023","32,875.00","32,320.00","33,080.00","32,310.00","0.73K","0.08%"
"06-02-2023","32,850.00","33,715.00","33,960.00","32,720.00","1.25K","-4.14%"
"03-02-2023","34,270.00","33,150.00","34,740.00","33,080.00","0.95K","3.71%"
"02-02-2023","33,045.00","32,450.00","33,140.00","32,210.00","0.84K","2.37%"
"01-02-2023","32,280.00","32,535.00","32,800.00","31,670.00","1.04K","-0.98%"
"31-01-2023","32,600.00","31,350.00","32,940.00","30,940.00","2.16K","3.49%"
"30-01-2023","31,500.00","31,520.00","31,780.00","30,910.00","1.03K","2.64%"
"27-01-2023","30,690.00","31,805.00","31,890.00","30,175.00","1.08K","-2.35%"
"25-01-2023","31,430.00","32,115.00","32,115.00","31,125.00","0.53K","-2.96%"
"24-01-2023","32,390.00","31,920.00","32,500.00","31,890.00","0.86K","-0.05%"
"23-01-2023","32,405.00","34,015.00","34,070.00","32,355.00","0.47K","-5.44%"
"20-01-2023","34,270.00","34,650.00","34,780.00","33,750.00","3.92K","-1.58%"
"19-01-2023","34,820.00","35,300.00","35,500.00","34,605.00","1.93K","-0.80%"
"18-01-2023","35,100.00","35,005.00","35,320.00","34,850.00","1.59K","0.31%"
"17-01-2023","34,990.00","35,350.00","35,600.00","34,600.00","4.38K","-2.44%"
"16-01-2023","35,865.00","37,710.00","37,990.00","35,620.00","4.52K","-3.33%"
"13-01-2023","37,100.00","36,400.00","37,390.00","36,235.00","4.32K","2.81%"
"12-01-2023","36,085.00","36,500.00","36,790.00","35,700.00","3.31K","-0.59%"
"11-01-2023","36,300.00","35,670.00","36,745.00","35,565.00","2.95K","1.41%"
"10-01-2023","35,795.00","36,880.00","36,900.00","35,620.00","3.84K","-3.48%"
"09-01-2023","37,085.00","36,800.00","37,495.00","36,500.00","3.35K","4.57%"
"06-01-2023","35,465.00","34,690.00","35,590.00","34,380.00","2.21K","1.91%"
"05-01-2023","34,800.00","35,960.00","35,960.00","34,700.00","2.29K","-2.43%"
"04-01-2023","35,665.00","35,075.00","35,900.00","34,410.00","2.66K","1.68%"
"03-01-2023","35,075.00","34,900.00","36,220.00","34,490.00","6.37K","2.26%"
"02-01-2023","34,300.00","33,160.00","34,300.00","33,160.00","3.40K","6.00%"
"30-12-2022","32,360.00","31,360.00","32,635.00","31,360.00","3.25K","3.12%"
"29-12-2022","31,380.00","30,800.00","31,475.00","30,760.00","1.24K","1.23%"
"28-12-2022","31,000.00","30,625.00","31,230.00","30,520.00","1.37K","0.91%"
"27-12-2022","30,720.00","30,830.00","31,175.00","30,405.00","1.40K","-0.87%"
"26-12-2022","30,990.00","30,910.00","31,290.00","30,210.00","2.25K","-0.27%"
"23-12-2022","31,075.00","30,710.00","31,370.00","30,340.00","1.63K","2.59%"
"22-12-2022","30,290.00","29,660.00","30,585.00","29,600.00","1.34K","2.38%"
"21-12-2022","29,585.00","29,740.00","30,135.00","29,210.00","1.05K","2.60%"
"20-12-2022","28,835.00","28,150.00","28,940.00","27,725.00","3.71K","2.96%"
"19-12-2022","28,005.00","27,450.00","28,240.00","27,450.00","4.27K","2.92%"
"16-12-2022","27,210.00","27,545.00","27,570.00","26,930.00","3.23K","-1.57%"
"15-12-2022","27,645.00","27,675.00","27,840.00","27,460.00","1.97K","-0.14%"
"14-12-2022","27,685.00","27,300.00","27,760.00","27,120.00","4.58K","1.35%"
"13-12-2022","27,315.00","26,825.00","27,390.00","26,650.00","4.79K","1.22%"
"12-12-2022","26,985.00","26,970.00","27,250.00","26,810.00","3.45K","1.79%"
"09-12-2022","26,510.00","26,305.00","26,630.00","25,700.00","3.46K","0.99%"
"08-12-2022","26,250.00","25,940.00","26,350.00","25,930.00","3.40K","1.49%"
"07-12-2022","25,865.00","25,700.00","25,920.00","25,455.00","1.84K","0.64%"
"06-12-2022","25,700.00","25,420.00","25,960.00","25,420.00","1.90K","0.25%"
"05-12-2022","25,635.00","25,655.00","25,975.00","25,520.00","2.43K","1.02%"
"02-12-2022","25,375.00","25,460.00","25,840.00","25,010.00","2.67K","-0.31%"
"01-12-2022","25,455.00","24,925.00","25,635.00","24,920.00","2.18K","2.15%"
"30-11-2022","24,920.00","24,860.00","25,020.00","24,700.00","1.25K","0.06%"
"29-11-2022","24,905.00","24,700.00","25,080.00","24,700.00","2.39K","1.57%"
"28-11-2022","24,520.00","23,720.00","24,645.00","23,720.00","1.43K","3.46%"
"25-11-2022","23,700.00","24,100.00","24,170.00","23,560.00","1.60K","-1.99%"
"24-11-2022","24,180.00","24,590.00","24,600.00","24,000.00","0.53K","-1.67%"
"23-11-2022","24,590.00","24,640.00","24,640.00","23,800.00","0.62K","-0.14%"
"22-11-2022","24,625.00","24,730.00","24,850.00","24,510.00","1.24K","-0.40%"
"21-11-2022","24,725.00","24,700.00","25,000.00","24,560.00","0.53K","0.22%"
"18-11-2022","24,670.00","24,160.00","24,725.00","23,855.00","3.35K","2.17%"
"17-11-2022","24,145.00","24,500.00","24,700.00","23,710.00","3.58K","-2.21%"
"16-11-2022","24,690.00","24,570.00","24,790.00","24,410.00","1.35K","0.18%"
"15-11-2022","24,645.00","24,825.00","24,825.00","24,450.00","1.77K","-0.52%"
"14-11-2022","24,775.00","24,610.00","24,950.00","24,300.00","2.21K","-0.28%"
"11-11-2022","24,845.00","24,645.00","24,995.00","24,645.00","2.07K","0.63%"
"10-11-2022","24,690.00","25,060.00","25,180.00","24,600.00","2.59K","-1.89%"
"09-11-2022","25,165.00","25,200.00","25,290.00","24,980.00","3.25K","0.02%"
"07-11-2022","25,160.00","25,150.00","25,700.00","24,900.00","4.16K","0.40%"
"04-11-2022","25,060.00","24,600.00","25,250.00","24,430.00","4.04K","1.89%"
"03-11-2022","24,595.00","24,350.00","24,700.00","24,350.00","1.32K","0.57%"
"02-11-2022","24,455.00","24,375.00","24,600.00","24,275.00","1.32K","0.39%"
"01-11-2022","24,360.00","24,015.00","24,420.00","24,015.00","0.94K","1.14%"
"31-10-2022","24,085.00","24,440.00","24,440.00","23,885.00","1.46K","-1.31%"
"28-10-2022","24,405.00","24,455.00","24,475.00","24,270.00","0.41K","-0.18%"
"27-10-2022","24,450.00","24,330.00","24,900.00","24,265.00","0.75K","0.70%"
"25-10-2022","24,280.00","24,100.00","24,320.00","24,100.00","0.11K","0.77%"
"24-10-2022","24,095.00","24,130.00","24,130.00","24,015.00","0.03K","0.17%"
"21-10-2022","24,055.00","24,250.00","24,335.00","23,970.00","0.44K","0.08%"
"20-10-2022","24,035.00","24,280.00","24,305.00","23,965.00","1.28K","-0.29%"
"19-10-2022","24,105.00","23,680.00","24,220.00","23,545.00","2.43K","1.82%"
"18-10-2022","23,675.00","23,850.00","23,890.00","23,630.00","1.40K","-0.67%"
"17-10-2022","23,835.00","24,000.00","24,135.00","23,670.00","1.92K","-0.48%"
"14-10-2022","23,950.00","24,120.00","24,365.00","23,890.00","4.52K","-1.38%"
"13-10-2022","24,285.00","24,315.00","24,575.00","24,220.00","2.36K","-0.12%"
"12-10-2022","24,315.00","24,280.00","24,430.00","24,165.00","2.30K","-0.37%"
"11-10-2022","24,405.00","24,745.00","24,745.00","24,320.00","2.46K","-1.29%"
"10-10-2022","24,725.00","24,315.00","24,965.00","24,315.00","3.86K","1.56%"
"07-10-2022","24,345.00","24,265.00","24,430.00","24,150.00","1.83K","0.41%"
"06-10-2022","24,245.00","24,570.00","24,735.00","24,200.00","2.00K","-1.20%"
"04-10-2022","24,540.00","24,465.00","24,735.00","24,140.00","2.29K","0.04%"
"03-10-2022","24,530.00","25,100.00","25,250.00","24,330.00","2.90K","-2.45%"
"30-09-2022","25,145.00","25,215.00","25,240.00","25,020.00","0.88K","0.68%"
"29-09-2022","24,975.00","24,935.00","25,035.00","24,700.00","1.43K","0.22%"
"28-09-2022","24,920.00","25,200.00","25,325.00","24,770.00","1.39K","-1.48%"
"27-09-2022","25,295.00","25,130.00","25,395.00","25,130.00","0.41K","0.36%"
"26-09-2022","25,205.00","25,160.00","25,395.00","25,020.00","0.72K","-0.53%"
"23-09-2022","25,340.00","25,455.00","25,510.00","25,230.00","0.45K","0.28%"
"22-09-2022","25,270.00","25,190.00","25,350.00","25,030.00","0.46K","0.42%"
"21-09-2022","25,165.00","25,130.00","25,280.00","24,920.00","0.38K","2.23%"
"20-09-2022","24,615.00","24,500.00","24,680.00","24,040.00","5.47K","-0.04%"
"19-09-2022","24,625.00","25,140.00","25,140.00","24,310.00","3.63K","-2.28%"
"16-09-2022","25,200.00","25,560.00","25,560.00","25,050.00","1.97K","-1.35%"
"15-09-2022","25,545.00","25,600.00","25,760.00","25,470.00","1.23K","-0.08%"
"14-09-2022","25,565.00","25,500.00","25,645.00","25,390.00","2.17K","0.18%"
"13-09-2022","25,520.00","25,425.00","25,765.00","25,350.00","3.82K","0.73%"
"12-09-2022","25,335.00","25,000.00","25,395.00","24,805.00","3.16K","1.28%"
"09-09-2022","25,015.00","25,580.00","25,580.00","24,950.00","2.92K","0.12%"
"08-09-2022","24,985.00","24,750.00","25,080.00","24,600.00","2.91K","0.62%"
"07-09-2022","24,830.00","25,120.00","25,285.00","24,700.00","2.72K","-1.23%"
"06-09-2022","25,140.00","25,555.00","25,625.00","24,925.00","2.73K","-1.93%"
"05-09-2022","25,635.00","25,555.00","25,720.00","25,370.00","2.17K","-0.52%"
"02-09-2022","25,770.00","25,700.00","25,940.00","25,500.00","1.94K","0.45%"
"01-09-2022","25,655.00","25,585.00","25,740.00","25,135.00","1.30K","0.02%"
"30-08-2022","25,650.00","25,615.00","25,715.00","25,510.00","0.67K","0.23%"
"29-08-2022","25,590.00","25,945.00","26,090.00","25,400.00","1.12K","-1.18%"
"26-08-2022","25,895.00","25,910.00","26,030.00","25,800.00","0.87K","-0.13%"
"25-08-2022","25,930.00","26,150.00","26,300.00","25,745.00","1.46K","-0.92%"
"24-08-2022","26,170.00","25,465.00","26,300.00","25,440.00","1.77K","3.34%"
"23-08-2022","25,325.00","24,950.00","25,410.00","24,925.00","1.09K","0.96%"
"22-08-2022","25,085.00","25,275.00","25,275.00","25,040.00","0.49K","-1.08%"
"19-08-2022","25,360.00","25,815.00","25,900.00","25,135.00","0.95K","-0.14%"
"18-08-2022","25,395.00","25,155.00","25,480.00","25,065.00","3.23K","0.67%"
"17-08-2022","25,225.00","24,900.00","25,340.00","24,900.00","2.69K","0.48%"
"16-08-2022","25,105.00","24,800.00","25,275.00","24,650.00","4.93K","0.78%"
"12-08-2022","24,910.00","24,095.00","24,990.00","24,030.00","6.72K","3.66%"
"11-08-2022","24,030.00","24,040.00","24,140.00","23,850.00","2.60K","-0.60%"
"10-08-2022","24,175.00","23,990.00","24,350.00","23,810.00","5.50K","0.71%"
"08-08-2022","24,005.00","24,330.00","24,420.00","23,860.00","3.85K","-1.27%"
"05-08-2022","24,315.00","24,500.00","24,600.00","24,200.00","2.91K","-0.82%"
"04-08-2022","24,515.00","24,440.00","24,675.00","24,350.00","3.25K","0.33%"
"03-08-2022","24,435.00","24,645.00","24,645.00","24,160.00","3.50K","-1.03%"
"02-08-2022","24,690.00","24,755.00","24,850.00","24,570.00","2.20K","-0.48%"
"01-08-2022","24,810.00","24,500.00","24,990.00","24,480.00","4.43K","2.31%"
"29-07-2022","24,250.00","24,180.00","24,400.00","24,090.00","2.27K","0.27%"
"28-07-2022","24,185.00","24,130.00","24,280.00","24,005.00","0.99K","0.08%"
"27-07-2022","24,165.00","24,165.00","25,015.00","23,625.00","2.29K","0.46%"
"26-07-2022","24,055.00","23,910.00","24,115.00","23,570.00","1.60K","0.97%"
"25-07-2022","23,825.00","24,240.00","24,240.00","23,750.00","1.32K","-1.61%"
"22-07-2022","24,215.00","24,170.00","24,400.00","24,050.00","1.51K","0.29%"
"21-07-2022","24,145.00","24,000.00","24,240.00","23,855.00","1.15K","2.33%"
"20-07-2022","23,595.00","23,600.00","23,780.00","23,525.00","2.07K","-0.42%"
"19-07-2022","23,695.00","23,400.00","23,760.00","23,335.00","3.63K","1.07%"
"18-07-2022","23,445.00","23,070.00","23,550.00","22,950.00","5.55K","3.53%"
"15-07-2022","22,645.00","22,750.00","22,925.00","22,525.00","3.02K","-0.83%"
"14-07-2022","22,835.00","23,000.00","23,170.00","22,785.00","4.26K","-0.26%"
"13-07-2022","22,895.00","22,800.00","22,990.00","22,615.00","4.94K","0.44%"
"12-07-2022","22,795.00","22,010.00","22,950.00","21,940.00","7.26K","3.66%"
"11-07-2022","21,990.00","22,050.00","22,110.00","21,825.00","2.75K","0.25%"
"08-07-2022","21,935.00","22,050.00","22,120.00","21,760.00","3.33K","0.30%"
"07-07-2022","21,870.00","22,150.00","22,270.00","21,700.00","2.84K","-1.24%"
"06-07-2022","22,145.00","21,970.00","22,290.00","21,875.00","2.63K","0.34%"
"05-07-2022","22,070.00","22,155.00","22,430.00","22,010.00","3.73K","-0.45%"
"04-07-2022","22,170.00","21,800.00","22,245.00","21,720.00","4.02K","2.26%"
"01-07-2022","21,680.00","21,455.00","21,760.00","21,340.00","1.53K","1.12%"
"30-06-2022","21,440.00","21,335.00","21,515.00","21,190.00","1.52K","0.59%"
"29-06-2022","21,315.00","21,555.00","21,650.00","21,155.00","1.24K","-0.98%"
"28-06-2022","21,525.00","21,485.00","21,580.00","21,390.00","1.21K","0.37%"
"27-06-2022","21,445.00","21,230.00","21,495.00","21,085.00","0.77K","1.30%"
"24-06-2022","21,170.00","21,200.00","21,350.00","21,100.00","0.75K","-0.17%"
"23-06-2022","21,205.00","20,875.00","21,290.00","20,860.00","1.31K","1.46%"
"22-06-2022","20,900.00","20,890.00","20,960.00","20,850.00","0.16K","-0.36%"
"21-06-2022","20,975.00","20,820.00","21,045.00","20,710.00","0.26K","1.50%"
"20-06-2022","20,665.00","20,955.00","20,955.00","20,525.00","3.89K","-1.92%"
"17-06-2022","21,070.00","21,210.00","21,280.00","21,000.00","2.04K","-0.73%"
"16-06-2022","21,225.00","21,330.00","21,430.00","21,100.00","1.42K","-0.54%"
"15-06-2022","21,340.00","21,295.00","21,400.00","21,240.00","0.68K","0.26%"
"14-06-2022","21,285.00","21,380.00","21,390.00","21,150.00","1.82K","-0.49%"
"13-06-2022","21,390.00","21,450.00","21,630.00","21,280.00","3.36K","0.21%"
"10-06-2022","21,345.00","21,010.00","21,450.00","20,900.00","4.14K","0.42%"
"09-06-2022","21,255.00","21,400.00","21,535.00","21,175.00","2.58K","-0.89%"
"08-06-2022","21,445.00","21,470.00","21,485.00","21,380.00","2.36K","0.33%"
"07-06-2022","21,375.00","21,400.00","21,660.00","21,330.00","2.96K","-0.37%"
"06-06-2022","21,455.00","21,550.00","21,620.00","21,435.00","1.04K","-0.07%"
"03-06-2022","21,470.00","21,250.00","21,595.00","21,150.00","2.15K","0.89%"
"02-06-2022","21,280.00","21,220.00","21,300.00","21,105.00","1.28K","0.52%"
"01-06-2022","21,170.00","21,405.00","21,420.00","21,065.00","1.71K","-1.10%"
"31-05-2022","21,405.00","21,640.00","21,750.00","21,175.00","1.68K","-0.88%"
"30-05-2022","21,595.00","21,695.00","21,825.00","21,550.00","0.91K","-0.35%"
"27-05-2022","21,670.00","21,600.00","21,850.00","21,600.00","0.84K","0.46%"
"26-05-2022","21,570.00","21,430.00","21,650.00","21,375.00","0.60K","0.35%"
"25-05-2022","21,495.00","21,920.00","21,920.00","21,320.00","1.52K","-2.05%"
"24-05-2022","21,945.00","21,900.00","21,990.00","21,715.00","0.73K","0.32%"
"23-05-2022","21,875.00","22,090.00","22,100.00","21,675.00","0.91K","0.48%"
"20-05-2022","21,770.00","21,780.00","21,880.00","21,700.00","1.79K","0.32%"
"19-05-2022","21,700.00","21,930.00","22,000.00","21,470.00","3.92K","-1.48%"
"18-05-2022","22,025.00","22,200.00","22,265.00","21,920.00","1.55K","-0.88%"
"17-05-2022","22,220.00","22,260.00","22,340.00","22,025.00","1.46K","0.02%"
"16-05-2022","22,215.00","22,120.00","22,490.00","22,115.00","3.73K","1.02%"
"13-05-2022","21,990.00","21,810.00","22,260.00","21,790.00","4.64K","0.92%"
"12-05-2022","21,790.00","21,215.00","21,870.00","21,080.00","4.31K","2.78%"
"11-05-2022","21,200.00","20,960.00","21,290.00","20,950.00","3.31K","1.19%"
"10-05-2022","20,950.00","21,175.00","21,190.00","20,835.00","4.85K","-0.76%"
"09-05-2022","21,110.00","21,250.00","21,430.00","21,075.00","4.04K","-0.42%"
"06-05-2022","21,200.00","20,910.00","21,235.00","20,700.00","4.04K","0.98%"
"05-05-2022","20,995.00","21,745.00","21,765.00","20,775.00","5.50K","-2.98%"
"04-05-2022","21,640.00","21,800.00","21,900.00","21,525.00","2.81K","-0.30%"
"03-05-2022","21,705.00","21,705.00","21,705.00","21,705.00","","0.00%"
"02-05-2022","21,705.00","22,075.00","22,075.00","21,620.00","2.18K","-1.90%"
"29-04-2022","22,125.00","22,320.00","22,400.00","22,070.00","1.43K","-0.65%"
"28-04-2022","22,270.00","22,495.00","22,600.00","22,130.00","1.60K","-1.13%"
"27-04-2022","22,525.00","22,435.00","22,565.00","22,125.00","1.40K","0.74%"
"26-04-2022","22,360.00","22,605.00","22,800.00","22,105.00","1.25K","-1.39%"
"25-04-2022","22,675.00","22,555.00","22,900.00","22,555.00","1.52K","0.47%"
"22-04-2022","22,570.00","22,870.00","22,870.00","22,520.00","0.61K","-1.40%"
"21-04-2022","22,890.00","22,400.00","22,910.00","22,300.00","1.56K","3.69%"
"20-04-2022","22,075.00","21,900.00","22,200.00","21,750.00","2.18K","0.94%"
"19-04-2022","21,870.00","22,040.00","22,275.00","21,655.00","4.98K","-0.52%"
"18-04-2022","21,985.00","22,425.00","22,435.00","21,835.00","3.62K","-1.43%"
"14-04-2022","22,305.00","22,305.00","22,305.00","22,305.00","","0.00%"
"13-04-2022","22,305.00","22,780.00","22,830.00","22,085.00","3.90K","-1.63%"
"12-04-2022","22,675.00","22,570.00","22,790.00","22,500.00","3.88K","0.67%"
"11-04-2022","22,525.00","22,500.00","22,835.00","22,325.00","4.82K","-0.13%"
"08-04-2022","22,555.00","22,860.00","22,900.00","22,505.00","5.71K","-1.64%"
"07-04-2022","22,930.00","23,000.00","23,260.00","22,815.00","5.60K","-0.54%"
"06-04-2022","23,055.00","23,205.00","23,360.00","22,925.00","5.63K","-1.35%"
"05-04-2022","23,370.00","22,800.00","23,495.00","22,785.00","8.20K","2.93%"
"04-04-2022","22,705.00","22,885.00","23,100.00","22,500.00","6.35K","0.18%"
"01-04-2022","22,665.00","21,850.00","22,890.00","21,720.00","5.68K","4.21%"
"31-03-2022","21,750.00","21,630.00","21,855.00","21,360.00","2.67K","0.62%"
"30-03-2022","21,615.00","22,045.00","22,045.00","21,575.00","1.33K","-1.35%"
"29-03-2022","21,910.00","21,950.00","22,095.00","21,820.00","0.83K","-0.18%"
"28-03-2022","21,950.00","21,840.00","22,010.00","21,705.00","1.06K","0.21%"
"25-03-2022","21,905.00","21,955.00","22,090.00","21,640.00","1.78K","-0.48%"
"24-03-2022","22,010.00","21,920.00","22,210.00","21,775.00","1.46K","0.32%"
"23-03-2022","21,940.00","21,500.00","22,000.00","21,500.00","1.89K","2.05%"
"22-03-2022","21,500.00","20,830.00","21,555.00","20,505.00","1.91K","2.31%"
"21-03-2022","21,015.00","21,095.00","21,150.00","20,900.00","0.65K","-0.19%"
"18-03-2022","21,055.00","21,055.00","21,055.00","21,055.00","","1.15%"
"17-03-2022","20,815.00","20,420.00","20,910.00","20,380.00","3.63K","1.59%"
"16-03-2022","20,490.00","20,450.00","20,580.00","19,940.00","4.40K","0.66%"
"15-03-2022","20,355.00","21,105.00","21,180.00","20,300.00","3.94K","-3.44%"
"14-03-2022","21,080.00","21,250.00","21,310.00","20,970.00","2.07K","-0.28%"
"11-03-2022","21,140.00","21,205.00","21,440.00","21,025.00","5.07K","-0.31%"
"10-03-2022","21,205.00","21,255.00","21,680.00","21,120.00","6.11K","0.09%"
"09-03-2022","21,185.00","20,770.00","21,440.00","20,770.00","5.49K","2.15%"
"08-03-2022","20,740.00","20,490.00","20,840.00","19,575.00","7.05K","1.92%"
"07-03-2022","20,350.00","20,850.00","20,850.00","20,175.00","3.90K","-2.75%"
"04-03-2022","20,925.00","21,245.00","21,270.00","20,830.00","3.13K","-1.51%"
"03-03-2022","21,245.00","21,295.00","21,635.00","20,935.00","3.24K","0.12%"
"02-03-2022","21,220.00","21,105.00","21,565.00","20,765.00","2.45K","-0.66%"
"01-03-2022","21,360.00","21,360.00","21,360.00","21,360.00","","0.00%"
"28-02-2022","21,360.00","21,735.00","21,735.00","20,990.00","2.85K","-3.13%"
"25-02-2022","22,050.00","21,000.00","22,180.00","21,000.00","3.88K","5.23%"
"24-02-2022","20,955.00","22,000.00","22,040.00","20,890.00","5.28K","-5.69%"
"23-02-2022","22,220.00","22,500.00","22,800.00","22,110.00","2.91K","-1.16%"
"22-02-2022","22,480.00","21,890.00","22,670.00","21,680.00","3.85K","1.88%"
"21-02-2022","22,065.00","22,400.00","22,720.00","21,925.00","3.71K","-1.12%"
"18-02-2022","22,315.00","21,850.00","22,345.00","21,790.00","2.06K","2.41%"
"17-02-2022","21,790.00","21,290.00","21,835.00","21,280.00","1.85K","2.59%"
"16-02-2022","21,240.00","21,325.00","21,410.00","21,080.00","1.41K","-0.09%"
"15-02-2022","21,260.00","21,480.00","21,610.00","21,200.00","1.58K","-1.37%"
"14-02-2022","21,555.00","21,400.00","21,610.00","21,210.00","1.40K","2.50%"
"11-02-2022","21,030.00","21,080.00","21,260.00","20,855.00","0.85K","-0.66%"
"10-02-2022","21,170.00","20,735.00","21,230.00","20,735.00","1.58K","1.63%"
"09-02-2022","20,830.00","21,210.00","21,320.00","20,615.00","1.07K","-0.71%"
"08-02-2022","20,980.00","20,315.00","21,025.00","20,165.00","1.43K","2.97%"
"07-02-2022","20,375.00","20,575.00","20,800.00","20,310.00","1.59K","0.49%"
"04-02-2022","20,275.00","20,235.00","20,530.00","20,155.00","1.64K","1.25%"
"03-02-2022","20,025.00","19,290.00","20,340.00","19,255.00","1.09K","3.92%"
"02-02-2022","19,270.00","19,380.00","19,420.00","19,225.00","0.58K","-0.98%"
"01-02-2022","19,460.00","19,680.00","19,760.00","19,350.00","0.68K","-0.82%"
"31-01-2022","19,620.00","19,550.00","19,750.00","19,545.00","0.62K","0.56%"
"28-01-2022","19,510.00","19,500.00","19,770.00","19,350.00","1.15K","-0.31%"
"27-01-2022","19,570.00","19,780.00","20,000.00","19,430.00","1.32K","0.77%"
"25-01-2022","19,420.00","19,005.00","19,470.00","18,895.00","0.48K","2.10%"
"24-01-2022","19,020.00","19,000.00","19,075.00","18,785.00","0.56K","3.09%"
"21-01-2022","18,450.00","18,265.00","18,530.00","18,170.00","0.18K","2.16%"
"20-01-2022","18,060.00","18,220.00","18,285.00","18,040.00","2.30K","-0.88%"
"19-01-2022","18,220.00","18,420.00","18,450.00","18,170.00","1.82K","-0.82%"
"18-01-2022","18,370.00","18,190.00","18,460.00","18,180.00","2.92K","0.88%"
"17-01-2022","18,210.00","18,200.00","18,245.00","17,980.00","2.39K","0.28%"
"14-01-2022","18,160.00","18,190.00","18,355.00","18,120.00","2.76K","-0.41%"
"13-01-2022","18,235.00","18,525.00","18,635.00","18,210.00","4.61K","-1.30%"
"12-01-2022","18,475.00","18,200.00","18,550.00","18,150.00","6.53K","1.79%"
"11-01-2022","18,150.00","17,960.00","18,195.00","17,810.00","3.92K","0.58%"
"10-01-2022","18,045.00","18,040.00","18,290.00","18,000.00","3.59K","0.67%"
"07-01-2022","17,925.00","17,725.00","18,145.00","17,725.00","4.83K","1.24%"
"06-01-2022","17,705.00","17,700.00","17,745.00","17,440.00","3.22K","0.25%"
"05-01-2022","17,660.00","17,675.00","17,790.00","17,615.00","3.68K","-0.08%"
"04-01-2022","17,675.00","17,530.00","17,700.00","17,400.00","3.86K","1.41%"
"03-01-2022","17,430.00","17,200.00","17,570.00","17,200.00","4.18K","2.38%"
"31-12-2021","17,025.00","16,740.00","17,050.00","16,620.00","2.28K","1.43%"
"30-12-2021","16,785.00","16,850.00","16,850.00","16,770.00","0.63K","-0.30%"
"29-12-2021","16,835.00","16,935.00","16,935.00","16,800.00","0.74K","-0.36%"
"28-12-2021","16,895.00","16,930.00","16,970.00","16,875.00","0.64K","0.03%"
"27-12-2021","16,890.00","16,950.00","16,970.00","16,850.00","0.50K","-0.30%"
"24-12-2021","16,940.00","16,960.00","16,975.00","16,810.00","1.19K","-0.12%"
"23-12-2021","16,960.00","16,980.00","17,025.00","16,905.00","0.53K","0.03%"
"22-12-2021","16,955.00","17,090.00","17,090.00","16,850.00","1.01K","-0.96%"
"21-12-2021","17,120.00","17,205.00","17,310.00","17,050.00","0.97K","4.93%"
"20-12-2021","16,315.00","16,230.00","16,380.00","16,190.00","3.08K","0.18%"
"17-12-2021","16,285.00","16,250.00","16,410.00","16,225.00","2.21K","0.59%"
"16-12-2021","16,190.00","16,190.00","16,285.00","16,005.00","1.05K","0.00%"
"15-12-2021","16,190.00","16,245.00","16,300.00","16,145.00","1.12K","-0.09%"
"14-12-2021","16,205.00","16,030.00","16,240.00","15,900.00","3.56K","1.09%"
"13-12-2021","16,030.00","16,120.00","16,200.00","15,970.00","1.58K","-0.47%"
"10-12-2021","16,105.00","16,215.00","16,240.00","16,050.00","1.56K","-0.86%"
"09-12-2021","16,245.00","16,160.00","16,330.00","16,110.00","2.14K","0.12%"
"08-12-2021","16,225.00","16,410.00","16,410.00","16,165.00","2.01K","-0.76%"
"07-12-2021","16,350.00","16,255.00","16,390.00","16,115.00","2.50K","0.34%"
"06-12-2021","16,295.00","15,995.00","16,475.00","15,995.00","3.61K","2.65%"
"03-12-2021","15,875.00","15,665.00","15,890.00","15,665.00","1.93K","0.57%"
"02-12-2021","15,785.00","16,105.00","16,105.00","15,730.00","2.94K","-2.47%"
"01-12-2021","16,185.00","16,220.00","16,290.00","15,985.00","2.16K","0.03%"
"30-11-2021","16,180.00","16,210.00","16,320.00","16,040.00","1.47K","0.43%"
"29-11-2021","16,110.00","16,100.00","16,300.00","15,860.00","2.24K","0.66%"
"26-11-2021","16,005.00","16,100.00","16,215.00","15,890.00","2.08K","-1.08%"
"25-11-2021","16,180.00","16,505.00","16,505.00","16,125.00","1.80K","-2.27%"
"24-11-2021","16,555.00","16,665.00","16,860.00","16,510.00","1.10K","-0.87%"
"23-11-2021","16,700.00","16,455.00","16,735.00","16,385.00","0.85K","1.58%"
"22-11-2021","16,440.00","16,760.00","16,790.00","16,280.00","1.36K","-1.79%"
"19-11-2021","16,740.00","16,740.00","16,740.00","16,740.00","","1.27%"
"18-11-2021","16,530.00","16,650.00","16,650.00","16,300.00","3.47K","0.52%"
"17-11-2021","16,445.00","16,150.00","16,500.00","16,120.00","3.42K","2.11%"
"16-11-2021","16,105.00","16,260.00","16,295.00","16,040.00","1.76K","-0.98%"
"15-11-2021","16,265.00","16,200.00","16,420.00","16,060.00","3.28K","1.43%"
"12-11-2021","16,035.00","15,710.00","16,180.00","15,695.00","4.83K","2.20%"
"11-11-2021","15,690.00","15,440.00","15,820.00","15,410.00","3.52K","1.82%"
"10-11-2021","15,410.00","15,700.00","15,800.00","15,315.00","3.59K","-1.97%"
"09-11-2021","15,720.00","15,820.00","15,840.00","15,700.00","2.34K","-0.63%"
"08-11-2021","15,820.00","15,700.00","15,840.00","15,640.00","3.31K","1.35%"
"05-11-2021","15,610.00","15,610.00","15,610.00","15,610.00","","0.00%"
"04-11-2021","15,610.00","15,630.00","15,700.00","15,575.00","0.89K","0.35%"
"03-11-2021","15,555.00","15,430.00","15,630.00","15,360.00","2.56K","1.20%"
"02-11-2021","15,370.00","15,355.00","15,525.00","15,350.00","1.46K","0.13%"
"01-11-2021","15,350.00","15,215.00","15,460.00","15,215.00","1.86K","1.25%"
"29-10-2021","15,160.00","15,270.00","15,360.00","15,100.00","1.03K","-0.66%"
"28-10-2021","15,260.00","15,475.00","15,535.00","15,105.00","1.96K","-1.36%"
"27-10-2021","15,470.00","15,350.00","15,525.00","15,335.00","1.55K","0.68%"
"26-10-2021","15,365.00","15,240.00","15,485.00","15,240.00","2.03K","1.12%"
"25-10-2021","15,195.00","14,900.00","15,275.00","14,850.00","1.70K","2.43%"
"22-10-2021","14,835.00","14,875.00","14,910.00","14,780.00","0.49K","-0.17%"
"21-10-2021","14,860.00","14,720.00","14,890.00","14,720.00","0.48K","1.96%"
"20-10-2021","14,575.00","14,490.00","14,600.00","14,490.00","0.74K","-0.14%"
"19-10-2021","14,595.00","14,685.00","14,720.00","14,575.00","0.86K","-0.27%"
"18-10-2021","14,635.00","14,605.00","14,715.00","14,550.00","0.92K","-0.03%"
"15-10-2021","14,640.00","14,640.00","14,640.00","14,640.00","","0.00%"
"14-10-2021","14,640.00","14,550.00","14,690.00","14,500.00","0.71K","0.48%"
"13-10-2021","14,570.00","14,850.00","14,925.00","14,525.00","2.41K","-1.52%"
"12-10-2021","14,795.00","14,650.00","15,160.00","14,620.00","3.32K","1.27%"
"11-10-2021","14,610.00","14,640.00","14,680.00","14,470.00","1.45K","0.65%"
"08-10-2021","14,515.00","14,685.00","14,685.00","14,425.00","1.31K","-0.07%"
"07-10-2021","14,525.00","14,505.00","14,700.00","14,500.00","1.53K","-0.03%"
"06-10-2021","14,530.00","14,525.00","14,590.00","14,470.00","0.55K","0.07%"
"05-10-2021","14,520.00","14,430.00","14,610.00","14,430.00","0.67K","0.48%"
"04-10-2021","14,450.00","14,500.00","14,545.00","14,360.00","0.88K","-1.16%"
"01-10-2021","14,620.00","14,680.00","14,715.00","14,595.00","0.71K","-0.81%"
"30-09-2021","14,740.00","14,930.00","14,950.00","14,680.00","0.96K","-1.04%"
"29-09-2021","14,895.00","14,890.00","14,930.00","14,780.00","0.84K","0.40%"
"28-09-2021","14,835.00","14,670.00","14,900.00","14,650.00","0.65K","1.09%"
"27-09-2021","14,675.00","14,600.00","14,860.00","14,565.00","1.01K","0.93%"
"24-09-2021","14,540.00","14,450.00","14,600.00","14,430.00","0.64K","1.22%"
"23-09-2021","14,365.00","14,260.00","14,385.00","14,220.00","0.33K","0.07%"
"22-09-2021","14,355.00","14,615.00","14,615.00","14,330.00","0.56K","-1.10%"
"21-09-2021","14,515.00","14,400.00","14,560.00","14,400.00","0.49K","2.47%"
"20-09-2021","14,165.00","14,350.00","14,350.00","14,025.00","2.42K","-1.84%"
"17-09-2021","14,430.00","14,750.00","14,750.00","14,410.00","1.70K","-2.24%"
"16-09-2021","14,760.00","14,890.00","14,890.00","14,730.00","0.49K","-0.57%"
"15-09-2021","14,845.00","14,745.00","14,945.00","14,720.00","1.54K","0.81%"
"14-09-2021","14,725.00","14,745.00","14,870.00","14,635.00","2.09K","-0.20%"
"13-09-2021","14,755.00","14,970.00","14,970.00","14,725.00","1.72K","-1.60%"
"10-09-2021","14,995.00","14,995.00","14,995.00","14,995.00","","0.00%"
"09-09-2021","14,995.00","15,115.00","15,210.00","14,940.00","2.32K","-0.93%"
"08-09-2021","15,135.00","15,095.00","15,245.00","15,040.00","1.99K","0.56%"
"07-09-2021","15,050.00","15,060.00","15,165.00","14,930.00","1.46K","0.91%"
"06-09-2021","14,915.00","14,880.00","15,100.00","14,860.00","0.76K","-0.13%"
"03-09-2021","14,935.00","14,960.00","15,170.00","14,830.00","1.18K","-0.57%"
"02-09-2021","15,020.00","14,850.00","15,190.00","14,830.00","1.64K","0.87%"
"01-09-2021","14,890.00","14,860.00","14,940.00","14,710.00","0.98K","-0.07%"
"31-08-2021","14,900.00","15,045.00","15,255.00","14,855.00","0.95K","-1.52%"
"30-08-2021","15,130.00","15,015.00","15,265.00","14,850.00","1.15K","0.63%"
"27-08-2021","15,035.00","15,440.00","15,595.00","14,850.00","1.67K","-2.72%"
"26-08-2021","15,455.00","15,805.00","15,805.00","15,355.00","2.23K","-2.61%"
"25-08-2021","15,870.00","15,865.00","16,225.00","15,800.00","3.11K","1.15%"
"24-08-2021","15,690.00","15,125.00","15,760.00","15,125.00","2.09K","4.18%"
"23-08-2021","15,060.00","14,875.00","15,090.00","14,850.00","0.66K","3.86%"
"20-08-2021","14,500.00","14,610.00","14,740.00","14,410.00","2.87K","-0.17%"
"19-08-2021","14,525.00","14,525.00","14,525.00","14,525.00","","0.00%"
"18-08-2021","14,525.00","14,245.00","14,650.00","14,165.00","3.59K","2.40%"
"17-08-2021","14,185.00","14,140.00","14,275.00","13,920.00","1.55K","0.32%"
"16-08-2021","14,140.00","13,660.00","14,325.00","13,630.00","3.95K","4.09%"
"13-08-2021","13,585.00","13,600.00","13,730.00","13,550.00","2.23K","0.15%"
"12-08-2021","13,565.00","13,360.00","13,600.00","13,360.00","2.16K","1.27%"
"11-08-2021","13,395.00","13,445.00","13,480.00","13,365.00","1.44K","-0.22%"
"10-08-2021","13,425.00","13,475.00","13,490.00","13,380.00","1.34K","-0.59%"
"09-08-2021","13,505.00","13,685.00","13,710.00","13,425.00","1.20K","-1.03%"
"06-08-2021","13,645.00","13,720.00","13,815.00","13,620.00","1.20K","-0.55%"
"05-08-2021","13,720.00","13,575.00","13,820.00","13,575.00","1.98K","1.22%"
"04-08-2021","13,555.00","13,460.00","13,575.00","13,445.00","0.72K","0.37%"
"03-08-2021","13,505.00","13,480.00","13,555.00","13,400.00","0.67K","0.19%"
"02-08-2021","13,480.00","13,470.00","13,650.00","13,440.00","0.66K","0.04%"
"30-07-2021","13,475.00","13,400.00","13,545.00","13,400.00","0.66K","0.48%"
"29-07-2021","13,410.00","13,350.00","13,490.00","13,350.00","0.41K","0.45%"
"28-07-2021","13,350.00","13,530.00","13,545.00","13,320.00","0.70K","-1.48%"
"27-07-2021","13,550.00","13,580.00","13,610.00","13,540.00","0.29K","-0.29%"
"26-07-2021","13,590.00","13,780.00","13,780.00","13,505.00","0.90K","-1.63%"
"23-07-2021","13,815.00","13,835.00","13,870.00","13,790.00","0.29K","0.18%"
"22-07-2021","13,790.00","13,720.00","13,885.00","13,720.00","0.36K","0.55%"
"21-07-2021","13,715.00","13,715.00","13,715.00","13,715.00","","1.26%"
"20-07-2021","13,545.00","13,605.00","13,655.00","13,470.00","0.71K","-0.48%"
"19-07-2021","13,610.00","13,520.00","13,645.00","13,405.00","1.42K","1.23%"
"16-07-2021","13,445.00","13,275.00","13,480.00","13,275.00","0.85K","1.28%"
"15-07-2021","13,275.00","13,190.00","13,380.00","13,190.00","0.93K","0.64%"
"14-07-2021","13,190.00","13,140.00","13,240.00","13,105.00","1.21K","0.23%"
"13-07-2021","13,160.00","13,200.00","13,200.00","13,100.00","1.22K","-0.27%"
"12-07-2021","13,195.00","13,250.00","13,250.00","13,180.00","1.02K","-0.42%"
"09-07-2021","13,250.00","13,330.00","13,330.00","13,210.00","1.29K","-0.45%"
"08-07-2021","13,310.00","13,325.00","13,325.00","13,280.00","0.78K","-0.04%"
"07-07-2021","13,315.00","13,320.00","13,385.00","13,295.00","1.03K","-0.08%"
"06-07-2021","13,325.00","13,350.00","13,360.00","13,295.00","0.83K","-0.11%"
"05-07-2021","13,340.00","13,360.00","13,470.00","13,310.00","0.66K","-0.26%"
"02-07-2021","13,375.00","13,295.00","13,385.00","13,270.00","1.26K","0.68%"
"01-07-2021","13,285.00","13,540.00","13,550.00","13,260.00","0.95K","-1.63%"
"30-06-2021","13,505.00","13,620.00","13,620.00","13,480.00","0.45K","-0.81%"
"29-06-2021","13,615.00","13,595.00","13,640.00","13,525.00","0.38K","0.07%"
"28-06-2021","13,605.00","13,675.00","13,700.00","13,600.00","0.37K","-0.62%"
"25-06-2021","13,690.00","13,535.00","13,720.00","13,500.00","0.45K","1.26%"
"24-06-2021","13,520.00","13,585.00","13,585.00","13,510.00","0.21K","-0.52%"
"23-06-2021","13,590.00","13,650.00","13,650.00","13,570.00","0.39K","-0.29%"
"22-06-2021","13,630.00","13,495.00","13,650.00","13,495.00","0.50K","1.04%"
"21-06-2021","13,490.00","13,490.00","13,530.00","13,470.00","0.29K","1.43%"
"18-06-2021","13,300.00","13,380.00","13,475.00","13,280.00","0.70K","-0.71%"
"17-06-2021","13,395.00","13,525.00","13,525.00","13,370.00","0.79K","-1.22%"
"16-06-2021","13,560.00","13,700.00","13,715.00","13,530.00","0.78K","-0.99%"
"15-06-2021","13,695.00","13,655.00","13,715.00","13,625.00","0.50K","0.59%"
"14-06-2021","13,615.00","13,750.00","13,780.00","13,600.00","1.66K","-1.13%"
"11-06-2021","13,770.00","13,700.00","13,855.00","13,700.00","1.48K","0.36%"
"10-06-2021","13,720.00","13,825.00","13,825.00","13,705.00","1.97K","-0.69%"
"09-06-2021","13,815.00","13,940.00","13,950.00","13,770.00","1.51K","-0.72%"
"08-06-2021","13,915.00","13,990.00","14,040.00","13,900.00","1.23K","-0.32%"
"07-06-2021","13,960.00","13,875.00","14,050.00","13,875.00","1.69K","0.61%"
"04-06-2021","13,875.00","13,855.00","13,890.00","13,800.00","0.37K","-0.18%"
"03-06-2021","13,900.00","13,870.00","13,920.00","13,810.00","0.63K","0.32%"
"02-06-2021","13,855.00","13,890.00","13,895.00","13,800.00","0.48K","0.04%"
"01-06-2021","13,850.00","13,860.00","13,885.00","13,820.00","0.35K","-0.25%"
"31-05-2021","13,885.00","13,980.00","13,980.00","13,870.00","0.85K","-0.68%"
"28-05-2021","13,980.00","14,025.00","14,025.00","13,945.00","0.38K","-0.32%"
"27-05-2021","14,025.00","13,990.00","14,075.00","13,955.00","0.42K","0.83%"
"26-05-2021","13,910.00","13,905.00","13,955.00","13,850.00","0.28K","-0.04%"
"25-05-2021","13,915.00","13,900.00","13,940.00","13,865.00","0.36K","0.36%"
"24-05-2021","13,865.00","14,045.00","14,085.00","13,825.00","0.62K","-1.74%"
"21-05-2021","14,110.00","14,195.00","14,195.00","14,070.00","0.20K","0.75%"
"20-05-2021","14,005.00","13,980.00","14,170.00","13,910.00","0.95K","0.14%"
"19-05-2021","13,985.00","13,850.00","14,070.00","13,850.00","0.51K","0.58%"
"18-05-2021","13,905.00","13,910.00","13,975.00","13,865.00","0.41K","0.00%"
"17-05-2021","13,905.00","14,175.00","14,220.00","13,820.00","1.18K","-1.38%"
"14-05-2021","14,100.00","14,180.00","14,325.00","14,055.00","2.48K","-0.25%"
"13-05-2021","14,135.00","14,135.00","14,135.00","14,135.00","","0.00%"
"12-05-2021","14,135.00","13,875.00","14,235.00","13,825.00","1.98K","1.73%"
"11-05-2021","13,895.00","13,865.00","13,920.00","13,850.00","0.96K","-0.04%"
"10-05-2021","13,900.00","14,030.00","14,100.00","13,850.00","2.16K","-0.68%"
"07-05-2021","13,995.00","13,805.00","14,040.00","13,805.00","1.15K","-0.50%"
"06-05-2021","14,065.00","14,060.00","14,095.00","14,000.00","0.81K","0.11%"
"05-05-2021","14,050.00","14,210.00","14,215.00","14,020.00","0.90K","-0.92%"
"04-05-2021","14,180.00","14,040.00","14,250.00","14,040.00","0.76K","0.78%"
"03-05-2021","14,070.00","14,000.00","14,120.00","13,900.00","0.29K","0.39%"
"30-04-2021","14,015.00","14,150.00","14,150.00","13,975.00","0.84K","-0.85%"
"29-04-2021","14,135.00","14,075.00","14,195.00","14,065.00","0.58K","0.57%"
"28-04-2021","14,055.00","14,000.00","14,080.00","13,900.00","0.35K","0.29%"
"27-04-2021","14,015.00","14,000.00","14,030.00","13,865.00","0.42K","0.83%"
"26-04-2021","13,900.00","14,200.00","14,200.00","13,880.00","0.66K","-2.70%"
"23-04-2021","14,285.00","14,380.00","14,410.00","14,250.00","0.26K","-0.80%"
"22-04-2021","14,400.00","14,385.00","14,515.00","14,330.00","0.33K","0.95%"
"21-04-2021","14,265.00","14,265.00","14,265.00","14,265.00","","1.24%"
"20-04-2021","14,090.00","14,200.00","14,200.00","14,060.00","0.80K","-0.84%"
"19-04-2021","14,210.00","14,325.00","14,330.00","14,140.00","0.87K","-1.08%"
"16-04-2021","14,365.00","14,540.00","14,650.00","14,340.00","1.31K","-0.86%"
"15-04-2021","14,490.00","14,175.00","14,615.00","14,135.00","2.35K","2.51%"
"14-04-2021","14,135.00","14,135.00","14,135.00","14,135.00","","0.00%"
"13-04-2021","14,135.00","14,250.00","14,250.00","14,055.00","1.11K","-0.25%"
"12-04-2021","14,170.00","14,045.00","14,290.00","14,045.00","1.76K","-1.22%"
"09-04-2021","14,345.00","14,480.00","14,565.00","14,290.00","1.84K","-0.66%"
"08-04-2021","14,440.00","14,620.00","14,640.00","14,375.00","1.60K","-1.40%"
"07-04-2021","14,645.00","14,810.00","14,895.00","14,570.00","1.56K","-1.51%"
"06-04-2021","14,870.00","14,840.00","14,960.00","14,750.00","2.45K","0.61%"
"05-04-2021","14,780.00","14,560.00","14,820.00","14,200.00","2.13K","1.30%"
"01-04-2021","14,590.00","14,810.00","14,810.00","14,535.00","1.16K","-1.85%"
"31-03-2021","14,865.00","14,915.00","14,915.00","14,810.00","0.38K","-0.44%"
"30-03-2021","14,930.00","14,995.00","15,040.00","14,865.00","0.56K","0.17%"
"29-03-2021","14,905.00","14,905.00","14,905.00","14,905.00","","0.00%"
"26-03-2021","14,905.00","14,995.00","14,995.00","14,855.00","0.12K","-0.27%"
"25-03-2021","14,945.00","14,925.00","15,025.00","14,880.00","0.17K","-0.43%"
"24-03-2021","15,010.00","15,100.00","15,100.00","14,920.00","0.54K","-0.53%"
"23-03-2021","15,090.00","14,975.00","15,140.00","14,920.00","0.50K","1.34%"
"22-03-2021","14,890.00","14,905.00","14,955.00","14,830.00","0.12K","0.64%"
"19-03-2021","14,795.00","14,750.00","14,830.00","14,700.00","1.52K","0.03%"
"18-03-2021","14,790.00","14,720.00","14,820.00","14,635.00","1.57K","0.68%"
"17-03-2021","14,690.00","14,750.00","14,880.00","14,565.00","2.10K","-0.03%"
"16-03-2021","14,695.00","14,880.00","15,035.00","14,650.00","2.01K","-1.24%"
"15-03-2021","14,880.00","14,525.00","14,960.00","14,400.00","3.56K","2.80%"
"12-03-2021","14,475.00","14,055.00","14,560.00","14,055.00","2.62K","3.36%"
"10-03-2021","14,005.00","14,030.00","14,090.00","13,965.00","0.68K","0.29%"
"09-03-2021","13,965.00","14,100.00","14,100.00","13,950.00","0.68K","-0.36%"
"08-03-2021","14,015.00","14,055.00","14,155.00","13,955.00","1.28K","-0.07%"
"05-03-2021","14,025.00","14,000.00","14,125.00","13,945.00","0.77K","0.11%"
"04-03-2021","14,010.00","14,300.00","14,365.00","13,970.00","2.00K","-1.75%"
"03-03-2021","14,260.00","13,860.00","14,310.00","13,800.00","1.93K","2.89%"
"02-03-2021","13,860.00","13,690.00","13,860.00","13,635.00","0.67K","1.99%"
"01-03-2021","13,590.00","13,570.00","13,695.00","13,550.00","0.31K","0.18%"
"26-02-2021","13,565.00","13,700.00","13,760.00","13,540.00","0.50K","-0.88%"
"25-02-2021","13,685.00","13,430.00","13,795.00","13,430.00","0.83K","2.20%"
"24-02-2021","13,390.00","13,390.00","13,430.00","13,230.00","0.31K","0.11%"
"23-02-2021","13,375.00","13,535.00","13,550.00","13,280.00","0.26K","-1.22%"
"22-02-2021","13,540.00","13,545.00","13,645.00","13,485.00","0.10K","-0.26%"
"19-02-2021","13,575.00","13,580.00","13,655.00","13,515.00","0.16K","-0.15%"
"18-02-2021","13,595.00","13,615.00","13,700.00","13,540.00","0.32K","-0.11%"
"17-02-2021","13,610.00","13,650.00","13,800.00","13,575.00","0.44K","-0.58%"
"16-02-2021","13,690.00","13,580.00","13,700.00","13,580.00","0.59K","1.15%"
"15-02-2021","13,535.00","13,440.00","13,650.00","13,435.00","0.52K","1.12%"
"12-02-2021","13,385.00","13,335.00","13,450.00","13,300.00","0.08K","0.41%"
"11-02-2021","13,330.00","13,250.00","13,355.00","13,250.00","0.03K","0.00%"
"10-02-2021","13,330.00","13,360.00","13,390.00","13,260.00","0.25K","0.30%"
"09-02-2021","13,290.00","13,230.00","13,400.00","13,175.00","0.39K","1.14%"
"08-02-2021","13,140.00","12,965.00","13,150.00","12,965.00","0.20K","0.65%"
"05-02-2021","13,055.00","13,050.00","13,110.00","13,010.00","0.10K","0.50%"
"04-02-2021","12,990.00","12,905.00","13,090.00","12,905.00","0.09K","0.62%"
"03-02-2021","12,910.00","12,950.00","12,975.00","12,850.00","0.09K","0.08%"
"02-02-2021","12,900.00","12,925.00","12,950.00","12,810.00","0.43K","-1.15%"
"01-02-2021","13,050.00","13,185.00","13,185.00","12,970.00","0.19K","-1.55%"
"29-01-2021","13,255.00","13,400.00","13,400.00","13,200.00","0.36K","-0.71%"
"28-01-2021","13,350.00","13,320.00","13,430.00","13,260.00","0.16K","-0.11%"
"27-01-2021","13,365.00","13,260.00","13,385.00","13,260.00","0.21K","1.17%"
"25-01-2021","13,210.00","13,150.00","13,340.00","13,100.00","0.21K","-0.19%"
"22-01-2021","13,235.00","13,245.00","13,250.00","13,110.00","0.11K","1.19%"
"21-01-2021","13,080.00","13,000.00","13,180.00","13,000.00","0.17K","0.15%"
"20-01-2021","13,060.00","13,090.00","13,150.00","13,015.00","0.34K","-0.72%"
"19-01-2021","13,155.00","13,200.00","13,230.00","13,115.00","0.29K","-0.87%"
"18-01-2021","13,270.00","13,200.00","13,375.00","13,130.00","0.26K","0.57%"
"15-01-2021","13,195.00","13,140.00","13,235.00","13,140.00","0.16K","0.19%"
"14-01-2021","13,170.00","13,085.00","13,290.00","13,085.00","0.23K","0.11%"
"13-01-2021","13,155.00","13,200.00","13,285.00","13,130.00","0.36K","-0.53%"
"12-01-2021","13,225.00","13,355.00","13,450.00","13,190.00","0.59K","-0.60%"
"11-01-2021","13,305.00","13,160.00","13,355.00","13,160.00","0.49K","1.29%"
"08-01-2021","13,135.00","13,115.00","13,245.00","13,075.00","0.71K","0.81%"
"07-01-2021","13,030.00","13,120.00","13,120.00","12,970.00","0.20K","-0.23%"
"06-01-2021","13,060.00","13,100.00","13,210.00","13,050.00","0.17K","-0.31%"
"05-01-2021","13,100.00","13,110.00","13,140.00","13,060.00","0.13K","-0.04%"
"04-01-2021","13,105.00","13,050.00","13,125.00","13,020.00","0.15K","1.04%"
"01-01-2021","12,970.00","13,010.00","13,010.00","12,930.00","0.08K","-0.23%"
"31-12-2020","13,000.00","12,900.00","13,030.00","12,815.00","0.20K","0.66%"
"30-12-2020","12,915.00","13,100.00","13,100.00","12,885.00","0.21K","-1.94%"
"29-12-2020","13,170.00","13,170.00","13,170.00","13,170.00","0.00K","0.00%"
"28-12-2020","13,170.00","13,165.00","13,200.00","13,130.00","0.04K","-0.90%"
"24-12-2020","13,290.00","13,300.00","13,310.00","13,260.00","0.04K","0.53%"
"23-12-2020","13,220.00","13,305.00","13,305.00","13,175.00","0.11K","0.42%"
"22-12-2020","13,165.00","13,280.00","13,280.00","13,135.00","0.06K","0.61%"
"21-12-2020","13,085.00","13,060.00","13,140.00","13,060.00","0.07K","1.28%"
"18-12-2020","12,920.00","13,100.00","13,100.00","12,870.00","1.38K","-1.41%"
"17-12-2020","13,105.00","13,380.00","13,475.00","12,990.00","1.16K","-2.09%"
"16-12-2020","13,385.00","13,450.00","13,475.00","13,180.00","1.10K","-0.89%"
"15-12-2020","13,505.00","13,730.00","13,750.00","13,435.00","1.72K","-2.21%"
"14-12-2020","13,810.00","13,950.00","13,950.00","13,800.00","0.75K","-0.86%"
"11-12-2020","13,930.00","14,000.00","14,035.00","13,875.00","1.10K","-0.43%"
"10-12-2020","13,990.00","13,835.00","14,020.00","13,830.00","0.89K","1.45%"
"09-12-2020","13,790.00","13,755.00","13,850.00","13,695.00","0.40K","-0.18%"
"08-12-2020","13,815.00","13,890.00","13,925.00","13,765.00","0.44K","-0.75%"
"07-12-2020","13,920.00","13,875.00","13,965.00","13,875.00","0.28K","-0.14%"
"04-12-2020","13,940.00","13,930.00","13,965.00","13,925.00","0.15K","0.25%"
"03-12-2020","13,905.00","13,910.00","13,985.00","13,825.00","0.24K","-0.07%"
"02-12-2020","13,915.00","13,930.00","13,980.00","13,750.00","0.43K","0.61%"
"01-12-2020","13,830.00","14,005.00","14,040.00","13,795.00","0.41K","-1.18%"
"27-11-2020","13,995.00","13,900.00","14,035.00","13,830.00","0.28K","0.00%"
"26-11-2020","13,995.00","14,180.00","14,180.00","13,980.00","0.26K","-1.48%"
"25-11-2020","14,205.00","14,230.00","14,250.00","14,165.00","0.11K","0.25%"
"24-11-2020","14,170.00","14,180.00","14,200.00","14,120.00","0.08K","-1.39%"
"23-11-2020","14,370.00","14,360.00","14,385.00","14,325.00","0.03K","1.13%"
"20-11-2020","14,210.00","14,100.00","14,230.00","14,100.00","0.59K","0.85%"
"19-11-2020","14,090.00","13,955.00","14,130.00","13,880.00","0.62K","1.04%"
"18-11-2020","13,945.00","13,960.00","14,035.00","13,830.00","1.13K","-0.64%"
"17-11-2020","14,035.00","14,270.00","14,270.00","14,035.00","0.63K","-1.99%"
"14-11-2020","14,320.00","14,330.00","14,360.00","14,260.00","0.13K","-0.17%"
"13-11-2020","14,345.00","14,400.00","14,415.00","14,315.00","0.33K","-0.73%"
"12-11-2020","14,450.00","14,430.00","14,525.00","14,250.00","0.87K","0.38%"
"11-11-2020","14,395.00","14,260.00","14,435.00","14,225.00","0.79K","1.02%"
"10-11-2020","14,250.00","14,400.00","14,440.00","14,210.00","1.19K","-1.04%"
"09-11-2020","14,400.00","14,370.00","14,540.00","14,330.00","0.83K","-0.66%"
"06-11-2020","14,495.00","14,595.00","14,615.00","14,455.00","0.45K","-0.07%"
"05-11-2020","14,505.00","14,465.00","14,650.00","14,460.00","0.68K","0.07%"
"04-11-2020","14,495.00","14,465.00","14,535.00","14,310.00","1.04K","-0.48%"
"03-11-2020","14,565.00","14,710.00","14,740.00","14,510.00","0.74K","-0.88%"
"02-11-2020","14,695.00","14,775.00","14,825.00","14,655.00","0.79K","0.55%"
"30-10-2020","14,615.00","14,490.00","14,645.00","14,490.00","0.41K","0.72%"
"29-10-2020","14,510.00","14,475.00","14,555.00","14,420.00","0.54K","-0.41%"
"28-10-2020","14,570.00","14,300.00","14,695.00","14,300.00","0.92K","1.92%"
"27-10-2020","14,295.00","14,260.00","14,320.00","14,200.00","0.12K","0.25%"
"26-10-2020","14,260.00","14,200.00","14,270.00","14,160.00","0.35K","-0.14%"
"23-10-2020","14,280.00","14,285.00","14,320.00","14,210.00","0.11K","0.11%"
"22-10-2020","14,265.00","14,250.00","14,300.00","14,220.00","0.14K","0.25%"
"21-10-2020","14,230.00","14,245.00","14,285.00","14,155.00","0.25K","0.81%"
"20-10-2020","14,115.00","14,110.00","14,190.00","14,065.00","0.56K","0.28%"
"19-10-2020","14,075.00","13,940.00","14,295.00","13,940.00","1.81K","1.30%"
"16-10-2020","13,895.00","13,850.00","13,930.00","13,825.00","0.35K","0.62%"
"15-10-2020","13,810.00","13,745.00","13,940.00","13,740.00","1.16K","0.55%"
"14-10-2020","13,735.00","13,620.00","13,760.00","13,585.00","0.41K","0.59%"
"13-10-2020","13,655.00","13,665.00","13,750.00","13,615.00","0.70K","-0.07%"
"12-10-2020","13,665.00","13,750.00","13,770.00","13,650.00","0.60K","-0.58%"
"09-10-2020","13,745.00","13,750.00","13,795.00","13,715.00","0.59K","0.29%"
"08-10-2020","13,705.00","13,660.00","13,725.00","13,610.00","0.67K","0.33%"
"07-10-2020","13,660.00","13,810.00","13,815.00","13,635.00","0.75K","-1.09%"
"06-10-2020","13,810.00","13,835.00","13,880.00","13,740.00","0.29K","-0.14%"
"05-10-2020","13,830.00","13,850.00","13,860.00","13,780.00","0.29K","-0.43%"
"01-10-2020","13,890.00","13,840.00","13,900.00","13,840.00","0.20K","0.58%"
"30-09-2020","13,810.00","13,840.00","13,890.00","13,770.00","0.17K","-0.29%"
"29-09-2020","13,850.00","13,770.00","13,905.00","13,740.00","0.37K","1.17%"
"28-09-2020","13,690.00","13,695.00","13,750.00","13,660.00","0.15K","0.40%"
"25-09-2020","13,635.00","13,630.00","13,700.00","13,570.00","0.18K","-0.37%"
"24-09-2020","13,685.00","13,680.00","13,705.00","13,630.00","0.09K","-0.36%"
"23-09-2020","13,735.00","13,700.00","13,770.00","13,690.00","0.08K","0.59%"
"22-09-2020","13,655.00","13,645.00","13,730.00","13,600.00","0.18K","-0.07%"
"21-09-2020","13,665.00","13,860.00","13,870.00","13,645.00","0.28K","-1.51%"
"18-09-2020","13,875.00","13,980.00","13,980.00","13,840.00","0.50K","-0.39%"
"17-09-2020","13,930.00","14,030.00","14,075.00","13,910.00","0.61K","-1.14%"
"16-09-2020","14,090.00","14,120.00","14,135.00","14,020.00","0.40K","-0.39%"
"15-09-2020","14,145.00","14,000.00","14,170.00","14,000.00","0.71K","1.07%"
"14-09-2020","13,995.00","13,920.00","14,050.00","13,900.00","0.36K","0.43%"
"11-09-2020","13,935.00","13,935.00","13,980.00","13,910.00","0.58K","0.29%"
"10-09-2020","13,895.00","13,840.00","13,960.00","13,830.00","0.70K","0.54%"
"09-09-2020","13,820.00","13,900.00","13,925.00","13,780.00","0.74K","-0.40%"
"08-09-2020","13,875.00","14,000.00","14,025.00","13,845.00","0.80K","-1.07%"
"07-09-2020","14,025.00","14,015.00","14,090.00","13,940.00","0.68K","-0.28%"
"04-09-2020","14,065.00","14,095.00","14,160.00","14,005.00","0.57K","-0.42%"
"03-09-2020","14,125.00","14,090.00","14,165.00","14,070.00","0.51K","-0.32%"
"02-09-2020","14,170.00","14,205.00","14,235.00","14,070.00","0.29K","-0.46%"
"01-09-2020","14,235.00","14,175.00","14,300.00","14,175.00","0.20K","-0.07%"
"31-08-2020","14,245.00","14,350.00","14,350.00","14,170.00","0.11K","-0.56%"
"28-08-2020","14,325.00","14,360.00","14,400.00","14,290.00","0.14K","-0.59%"
"27-08-2020","14,410.00","14,445.00","14,445.00","14,385.00","0.04K","-0.14%"
"26-08-2020","14,430.00","14,400.00","14,475.00","14,375.00","0.20K","-0.28%"
"25-08-2020","14,470.00","14,430.00","14,490.00","14,400.00","0.17K","0.63%"
"24-08-2020","14,380.00","14,300.00","14,475.00","14,300.00","0.37K","0.70%"
"21-08-2020","14,280.00","14,195.00","14,315.00","14,195.00","0.16K","0.67%"
"20-08-2020","14,185.00","14,280.00","14,285.00","14,165.00","0.23K","-0.91%"
"19-08-2020","14,315.00","14,400.00","14,400.00","14,265.00","0.28K","-0.49%"
"18-08-2020","14,385.00","14,400.00","14,405.00","14,310.00","0.35K","0.49%"
"17-08-2020","14,315.00","14,160.00","14,425.00","14,110.00","0.51K","0.88%"
"14-08-2020","14,190.00","14,090.00","14,245.00","14,090.00","0.74K","0.71%"
"13-08-2020","14,090.00","14,180.00","14,290.00","14,065.00","0.48K","-0.95%"
"12-08-2020","14,225.00","14,150.00","14,265.00","14,050.00","0.54K","0.53%"
"11-08-2020","14,150.00","13,900.00","14,220.00","13,900.00","0.88K","1.25%"
"10-08-2020","13,975.00","13,960.00","14,025.00","13,910.00","0.30K","0.22%"
"07-08-2020","13,945.00","13,995.00","14,010.00","13,910.00","0.26K","-0.25%"
"06-08-2020","13,980.00","13,960.00","14,060.00","13,925.00","0.43K","0.47%"
"05-08-2020","13,915.00","13,970.00","14,000.00","13,880.00","0.20K","-0.25%"
"04-08-2020","13,950.00","14,110.00","14,150.00","13,830.00","0.56K","-0.68%"
"03-08-2020","14,045.00","13,990.00","14,120.00","13,990.00","0.25K","-0.04%"
"31-07-2020","14,050.00","14,040.00","14,075.00","13,990.00","0.14K","0.32%"
"30-07-2020","14,005.00","14,045.00","14,055.00","13,965.00","0.21K","-0.50%"
"29-07-2020","14,075.00","14,080.00","14,120.00","14,030.00","0.08K","0.25%"
"28-07-2020","14,040.00","14,215.00","14,235.00","13,965.00","0.65K","-1.47%"
"27-07-2020","14,250.00","14,350.00","14,370.00","14,155.00","0.16K","-0.45%"
"24-07-2020","14,315.00","14,580.00","14,580.00","14,260.00","0.17K","-1.28%"
"23-07-2020","14,500.00","14,450.00","14,525.00","14,450.00","0.30K","0.83%"
"22-07-2020","14,380.00","14,395.00","14,420.00","14,340.00","0.07K","0.49%"
"21-07-2020","14,310.00","14,240.00","14,380.00","14,240.00","0.09K","-0.56%"
"20-07-2020","14,390.00","14,125.00","14,445.00","14,125.00","1.23K","2.02%"
"17-07-2020","14,105.00","13,900.00","14,125.00","13,900.00","1.38K","1.80%"
"16-07-2020","13,855.00","13,750.00","13,900.00","13,750.00","0.44K","0.95%"
"15-07-2020","13,725.00","13,715.00","13,770.00","13,690.00","0.31K","0.33%"
"14-07-2020","13,680.00","13,715.00","13,750.00","13,630.00","0.61K","-0.36%"
"13-07-2020","13,730.00","13,840.00","13,840.00","13,690.00","0.59K","-0.54%"
"10-07-2020","13,805.00","13,890.00","13,945.00","13,750.00","0.74K","-0.47%"
"09-07-2020","13,870.00","13,940.00","14,035.00","13,830.00","0.97K","-0.47%"
"08-07-2020","13,935.00","13,835.00","13,995.00","13,770.00","0.48K","0.72%"
"07-07-2020","13,835.00","13,805.00","13,850.00","13,770.00","0.25K","0.69%"
"06-07-2020","13,740.00","13,750.00","13,800.00","13,690.00","0.28K","-0.07%"
"03-07-2020","13,750.00","13,710.00","13,885.00","13,680.00","0.30K","0.04%"
"02-07-2020","13,745.00","13,710.00","13,760.00","13,700.00","0.25K","0.44%"
"01-07-2020","13,685.00","13,720.00","13,720.00","13,620.00","0.20K","-0.36%"
"30-06-2020","13,735.00","13,700.00","13,800.00","13,670.00","0.34K","0.59%"
"29-06-2020","13,655.00","13,930.00","13,930.00","13,525.00","0.63K","-1.80%"
"26-06-2020","13,905.00","13,900.00","13,925.00","13,850.00","0.33K","0.04%"
"25-06-2020","13,900.00","13,900.00","13,945.00","13,855.00","0.07K","0.22%"
"24-06-2020","13,870.00","13,880.00","14,050.00","13,780.00","0.16K","0.18%"
"23-06-2020","13,845.00","13,780.00","13,945.00","13,775.00","0.14K","0.33%"
"22-06-2020","13,800.00","13,770.00","13,840.00","13,770.00","0.11K","0.69%"
"19-06-2020","13,705.00","13,690.00","13,820.00","13,675.00","0.50K","0.11%"
"18-06-2020","13,690.00","13,705.00","13,765.00","13,670.00","0.20K","-0.22%"
"17-06-2020","13,720.00","13,745.00","13,745.00","13,620.00","0.35K","-0.15%"
"16-06-2020","13,740.00","13,845.00","13,845.00","13,630.00","0.26K","0.04%"
"15-06-2020","13,735.00","14,000.00","14,000.00","13,690.00","0.74K","-1.65%"
"12-06-2020","13,965.00","14,030.00","14,100.00","13,905.00","0.77K","-0.43%"
"11-06-2020","14,025.00","13,860.00","14,120.00","13,860.00","0.86K","1.12%"
"10-06-2020","13,870.00","13,805.00","13,880.00","13,725.00","0.64K","0.54%"
"09-06-2020","13,795.00","13,895.00","13,935.00","13,760.00","0.25K","-0.11%"
"08-06-2020","13,810.00","13,600.00","13,935.00","13,600.00","0.78K","1.06%"
"05-06-2020","13,665.00","13,590.00","13,680.00","13,550.00","0.30K","0.55%"
"04-06-2020","13,590.00","13,715.00","13,760.00","13,550.00","0.42K","-1.16%"
"03-06-2020","13,750.00","13,685.00","13,800.00","13,655.00","0.38K","0.66%"
"02-06-2020","13,660.00","13,615.00","13,700.00","13,540.00","0.39K","0.70%"
"01-06-2020","13,565.00","13,415.00","13,640.00","13,415.00","0.37K","1.16%"
"29-05-2020","13,410.00","13,385.00","13,425.00","13,335.00","0.17K","0.22%"
"28-05-2020","13,380.00","13,310.00","13,405.00","13,280.00","0.12K","0.64%"
"27-05-2020","13,295.00","13,280.00","13,370.00","13,240.00","0.11K","-0.11%"
"26-05-2020","13,310.00","13,140.00","13,445.00","13,140.00","0.47K","1.33%"
"22-05-2020","13,135.00","13,240.00","13,240.00","13,100.00","0.15K","-0.23%"
"21-05-2020","13,165.00","13,105.00","13,240.00","13,050.00","0.17K","-1.13%"
"20-05-2020","13,315.00","13,090.00","13,350.00","13,080.00","0.62K","1.29%"
"19-05-2020","13,145.00","13,305.00","13,315.00","13,125.00","0.82K","-1.54%"
"18-05-2020","13,350.00","13,455.00","13,500.00","13,330.00","0.40K","-1.07%"
"15-05-2020","13,495.00","13,365.00","13,525.00","13,310.00","0.66K","0.56%"
"14-05-2020","13,420.00","13,750.00","13,750.00","13,390.00","0.69K","-1.32%"
"13-05-2020","13,600.00","13,570.00","13,680.00","13,530.00","0.62K","0.55%"
"12-05-2020","13,525.00","13,655.00","13,690.00","13,455.00","0.46K","-1.35%"
"11-05-2020","13,710.00","13,660.00","13,845.00","13,660.00","0.57K","0.51%"
"08-05-2020","13,640.00","13,525.00","13,650.00","13,455.00","0.38K","1.26%"
"07-05-2020","13,470.00","13,405.00","13,575.00","13,375.00","0.53K","0.52%"
"06-05-2020","13,400.00","13,415.00","13,430.00","13,350.00","0.39K","-0.22%"
"05-05-2020","13,430.00","13,485.00","13,490.00","13,325.00","0.35K","0.04%"
"04-05-2020","13,425.00","13,355.00","13,525.00","13,355.00","0.16K","-2.26%"
"30-04-2020","13,735.00","13,700.00","13,810.00","13,645.00","0.40K","0.59%"
"29-04-2020","13,655.00","13,760.00","13,760.00","13,620.00","0.40K","-0.29%"
"28-04-2020","13,695.00","13,635.00","13,780.00","13,570.00","0.40K","0.07%"
"27-04-2020","13,685.00","13,665.00","13,740.00","13,515.00","0.52K","-0.58%"
"24-04-2020","13,765.00","13,890.00","13,950.00","13,720.00","0.64K","-0.86%"
"23-04-2020","13,885.00","13,825.00","13,900.00","13,715.00","0.32K","0.65%"
"22-04-2020","13,795.00","13,625.00","13,905.00","13,625.00","0.29K","0.69%"
"21-04-2020","13,700.00","13,710.00","13,795.00","13,490.00","1.21K","-0.47%"
"20-04-2020","13,765.00","14,000.00","14,145.00","13,700.00","0.86K","-3.37%"
"17-04-2020","14,245.00","14,395.00","14,395.00","14,115.00","0.27K","-0.63%"
"16-04-2020","14,335.00","14,225.00","14,375.00","14,225.00","0.15K","0.84%"
"15-04-2020","14,215.00","14,400.00","14,430.00","14,075.00","0.79K","-1.01%"
"13-04-2020","14,360.00","14,220.00","14,430.00","14,190.00","1.24K","1.41%"
"09-04-2020","14,160.00","14,150.00","14,280.00","14,040.00","0.68K","0.35%"
"08-04-2020","14,110.00","13,965.00","14,170.00","13,900.00","0.64K","1.15%"
"07-04-2020","13,950.00","13,895.00","14,030.00","13,720.00","0.56K","1.27%"
"03-04-2020","13,775.00","13,885.00","13,920.00","13,670.00","0.36K","-0.14%"
"01-04-2020","13,795.00","13,850.00","13,910.00","13,630.00","0.20K","-0.47%"
"31-03-2020","13,860.00","13,805.00","13,990.00","13,775.00","0.22K","-0.32%"
"30-03-2020","13,905.00","14,010.00","14,055.00","13,855.00","0.13K","-0.82%"
"27-03-2020","14,020.00","14,100.00","14,100.00","13,900.00","0.10K","0.54%"
"26-03-2020","13,945.00","14,675.00","14,965.00","13,855.00","0.64K","-3.09%"
"25-03-2020","14,390.00","14,040.00","14,390.00","13,880.00","0.36K","3.97%"
"24-03-2020","13,840.00","13,735.00","13,885.00","13,630.00","0.16K","1.65%"
"23-03-2020","13,615.00","13,625.00","13,900.00","13,540.00","0.35K","1.34%"
"20-03-2020","13,435.00","13,400.00","13,525.00","13,265.00","1.42K","0.19%"
"19-03-2020","13,410.00","13,310.00","13,500.00","13,125.00","1.53K","0.19%"
"18-03-2020","13,385.00","13,470.00","13,695.00","13,340.00","2.08K","-0.37%"
"17-03-2020","13,435.00","13,165.00","13,480.00","13,115.00","1.38K","2.36%"
"16-03-2020","13,125.00","13,050.00","13,145.00","12,950.00","0.98K","0.00%"
"13-03-2020","13,125.00","13,075.00","13,190.00","12,750.00","2.40K","0.00%"
"12-03-2020","13,125.00","13,210.00","13,290.00","13,055.00","1.50K","-1.35%"
"11-03-2020","13,305.00","13,245.00","13,400.00","13,110.00","1.50K","0.80%"
"09-03-2020","13,200.00","13,320.00","13,400.00","13,070.00","1.73K","-2.55%"
"06-03-2020","13,545.00","13,750.00","13,750.00","13,430.00","1.49K","-0.40%"
"05-03-2020","13,600.00","13,295.00","13,655.00","13,270.00","1.92K","2.49%"
"04-03-2020","13,270.00","13,250.00","13,300.00","13,000.00","1.31K","0.80%"
"03-03-2020","13,165.00","13,010.00","13,185.00","13,000.00","1.34K","0.46%"
"02-03-2020","13,105.00","13,260.00","13,400.00","13,005.00","1.67K","-2.64%"
"28-02-2020","13,460.00","13,300.00","13,515.00","13,240.00","0.84K","0.67%"
"27-02-2020","13,370.00","13,270.00","13,380.00","13,270.00","0.29K","0.45%"
"26-02-2020","13,310.00","13,395.00","13,435.00","13,220.00","0.45K","-0.37%"
"25-02-2020","13,360.00","13,320.00","13,425.00","13,285.00","0.39K","0.30%"
"24-02-2020","13,320.00","13,300.00","13,420.00","13,300.00","0.43K","-1.52%"
"20-02-2020","13,525.00","13,440.00","13,550.00","13,415.00","0.32K","0.19%"
"19-02-2020","13,500.00","13,500.00","13,555.00","13,440.00","0.22K","-0.26%"
"18-02-2020","13,535.00","13,500.00","13,575.00","13,410.00","0.46K","-0.40%"
"17-02-2020","13,590.00","13,780.00","13,780.00","13,535.00","0.63K","-1.24%"
"14-02-2020","13,760.00","13,490.00","13,790.00","13,470.00","0.88K","1.89%"
"13-02-2020","13,505.00","13,565.00","13,590.00","13,450.00","0.24K","-0.81%"
"12-02-2020","13,615.00","13,425.00","13,640.00","13,400.00","0.57K","0.59%"
"11-02-2020","13,535.00","13,470.00","13,580.00","13,380.00","0.46K","0.63%"
"10-02-2020","13,450.00","13,505.00","13,720.00","13,425.00","0.35K","-1.32%"
"07-02-2020","13,630.00","13,780.00","13,780.00","13,520.00","0.96K","-1.20%"
"06-02-2020","13,795.00","13,700.00","13,835.00","13,660.00","0.65K","1.36%"
"05-02-2020","13,610.00","13,515.00","13,645.00","13,515.00","0.28K","0.55%"
"04-02-2020","13,535.00","13,505.00","13,565.00","13,425.00","0.29K","-0.51%"
"03-02-2020","13,605.00","13,750.00","13,750.00","13,575.00","0.44K","-1.31%"
"01-02-2020","13,785.00","13,770.00","13,870.00","13,655.00","0.18K","0.04%"
"31-01-2020","13,780.00","13,785.00","13,900.00","13,505.00","0.57K","0.36%"
"30-01-2020","13,730.00","13,880.00","13,945.00","13,710.00","0.47K","-1.79%"
"29-01-2020","13,980.00","14,100.00","14,100.00","13,930.00","0.22K","-0.99%"
"28-01-2020","14,120.00","14,240.00","14,315.00","14,090.00","0.34K","-0.91%"
"27-01-2020","14,250.00","14,475.00","14,480.00","14,215.00","0.50K","-1.14%"
"24-01-2020","14,415.00","14,415.00","14,455.00","14,355.00","0.27K","0.10%"
"23-01-2020","14,400.00","14,370.00","14,450.00","14,250.00","0.50K","0.00%"
"22-01-2020","14,400.00","14,520.00","14,525.00","14,365.00","0.30K","-1.37%"
"21-01-2020","14,600.00","14,715.00","14,715.00","14,560.00","0.22K","-2.08%"
"20-01-2020","14,910.00","14,995.00","15,055.00","14,870.00","0.74K","-1.26%"
"17-01-2020","15,100.00","15,190.00","15,190.00","15,000.00","0.61K","-0.03%"
"16-01-2020","15,105.00","15,125.00","15,235.00","15,050.00","0.87K","-0.30%"
"15-01-2020","15,150.00","15,300.00","15,440.00","15,115.00","1.18K","-1.21%"
"14-01-2020","15,335.00","15,450.00","15,490.00","15,300.00","0.56K","-0.81%"
"13-01-2020","15,460.00","15,680.00","15,680.00","15,330.00","1.11K","-0.45%"
"10-01-2020","15,530.00","15,640.00","15,720.00","15,500.00","0.72K","-0.74%"
"09-01-2020","15,645.00","15,735.00","15,750.00","15,555.00","0.61K","-0.79%"
"08-01-2020","15,770.00","15,725.00","15,780.00","15,660.00","0.36K","0.48%"
"07-01-2020","15,695.00","15,740.00","15,785.00","15,625.00","0.39K","-0.06%"
"06-01-2020","15,705.00","15,565.00","15,790.00","15,565.00","0.54K","0.42%"
"03-01-2020","15,640.00","15,615.00","15,685.00","15,570.00","0.42K","0.26%"
"02-01-2020","15,600.00","15,630.00","15,660.00","15,555.00","0.29K","-0.03%"
"01-01-2020","15,605.00","15,820.00","15,850.00","15,535.00","0.67K","-1.55%"
"31-12-2019","15,850.00","15,980.00","15,980.00","15,820.00","0.26K","-0.72%"
"30-12-2019","15,965.00","15,940.00","16,000.00","15,895.00","0.21K","0.16%"
"27-12-2019","15,940.00","15,900.00","16,020.00","15,880.00","0.22K","0.22%"
"26-12-2019","15,905.00","15,880.00","15,930.00","15,830.00","0.33K","-0.13%"
"24-12-2019","15,925.00","15,960.00","15,960.00","15,805.00","0.57K","0.41%"
"23-12-2019","15,860.00","15,770.00","15,930.00","15,770.00","0.12K","-1.80%"
"20-12-2019","16,150.00","15,970.00","16,210.00","15,870.00","1.11K","0.81%"
"19-12-2019","16,020.00","15,895.00","16,045.00","15,720.00","2.01K","1.01%"
"18-12-2019","15,860.00","15,800.00","15,890.00","15,730.00","0.62K","0.32%"
"17-12-2019","15,810.00","15,895.00","15,935.00","15,770.00","0.44K","-0.25%"
"16-12-2019","15,850.00","15,820.00","15,890.00","15,520.00","1.31K","0.22%"
"13-12-2019","15,815.00","15,880.00","15,970.00","15,755.00","0.76K","-0.03%"
"12-12-2019","15,820.00","15,860.00","15,900.00","15,780.00","1.04K","0.06%"
"11-12-2019","15,810.00","15,830.00","15,900.00","15,770.00","0.59K","-0.69%"
"10-12-2019","15,920.00","15,750.00","15,980.00","15,750.00","0.90K","0.16%"
"09-12-2019","15,895.00","16,000.00","16,065.00","15,855.00","1.21K","-0.03%"
"06-12-2019","15,900.00","15,840.00","15,950.00","15,770.00","1.10K","0.76%"
"05-12-2019","15,780.00","15,805.00","15,860.00","15,745.00","1.11K","-0.19%"
"04-12-2019","15,810.00","16,025.00","16,025.00","15,740.00","1.17K","-0.78%"
"03-12-2019","15,935.00","16,200.00","16,320.00","15,915.00","0.85K","-1.42%"
"02-12-2019","16,165.00","16,110.00","16,215.00","16,060.00","0.40K","0.43%"
"29-11-2019","16,095.00","16,020.00","16,170.00","16,020.00","0.18K","0.41%"
"28-11-2019","16,030.00","16,105.00","16,105.00","15,980.00","0.20K","-0.12%"
"27-11-2019","16,050.00","16,070.00","16,230.00","15,950.00","0.48K","0.25%"
"26-11-2019","16,010.00","15,880.00","16,070.00","15,860.00","0.40K","0.98%"
"25-11-2019","15,855.00","15,940.00","15,940.00","15,665.00","0.50K","0.19%"
"22-11-2019","15,825.00","16,060.00","16,065.00","15,800.00","0.74K","-1.80%"
"21-11-2019","16,115.00","16,260.00","16,260.00","16,075.00","0.24K","-0.77%"
"20-11-2019","16,240.00","16,215.00","16,350.00","16,180.00","0.89K","0.19%"
"19-11-2019","16,210.00","16,055.00","16,270.00","16,055.00","1.06K","0.65%"
"18-11-2019","16,105.00","16,380.00","16,430.00","16,070.00","1.71K","-1.74%"
"15-11-2019","16,390.00","16,450.00","16,570.00","16,370.00","0.92K","-0.73%"
"14-11-2019","16,510.00","16,360.00","16,540.00","16,300.00","1.55K","1.44%"
"13-11-2019","16,275.00","16,300.00","16,345.00","16,185.00","1.34K","0.12%"
"11-11-2019","16,255.00","16,370.00","16,395.00","16,155.00","0.98K","-0.25%"
"08-11-2019","16,295.00","16,315.00","16,380.00","16,205.00","2.03K","-0.70%"
"07-11-2019","16,410.00","16,610.00","16,670.00","16,360.00","1.43K","-0.94%"
"06-11-2019","16,565.00","16,840.00","16,845.00","16,510.00","1.91K","-1.72%"
"05-11-2019","16,855.00","17,050.00","17,095.00","16,680.00","2.11K","-1.55%"
"04-11-2019","17,120.00","16,850.00","17,155.00","16,850.00","1.68K","2.70%"
"01-11-2019","16,670.00","16,570.00","16,720.00","16,460.00","1.08K","1.46%"
"31-10-2019","16,430.00","16,350.00","16,510.00","16,350.00","0.58K","0.37%"
"30-10-2019","16,370.00","16,340.00","16,415.00","16,340.00","0.13K","0.65%"
"29-10-2019","16,265.00","16,315.00","16,345.00","16,220.00","0.16K","-0.55%"
"27-10-2019","16,355.00","16,470.00","16,470.00","16,290.00","0.06K","0.49%"
"25-10-2019","16,275.00","16,275.00","16,305.00","16,160.00","0.31K","0.31%"
"24-10-2019","16,225.00","16,465.00","16,495.00","16,155.00","0.72K","-1.10%"
"23-10-2019","16,405.00","16,350.00","16,510.00","16,320.00","0.45K","0.83%"
"22-10-2019","16,270.00","16,200.00","16,300.00","16,120.00","0.36K","0.28%"
"18-10-2019","16,225.00","16,340.00","16,390.00","16,200.00","1.19K","-0.55%"
"17-10-2019","16,315.00","16,365.00","16,400.00","16,270.00","0.59K","-0.52%"
"16-10-2019","16,400.00","16,355.00","16,445.00","16,280.00","0.63K","0.37%"
"15-10-2019","16,340.00","16,440.00","16,460.00","16,280.00","1.28K","-0.43%"
"14-10-2019","16,410.00","16,220.00","16,440.00","16,215.00","0.66K","0.89%"
"11-10-2019","16,265.00","16,435.00","16,485.00","16,205.00","1.86K","-1.21%"
"10-10-2019","16,465.00","16,470.00","16,570.00","16,410.00","1.51K","-0.48%"
"09-10-2019","16,545.00","16,500.00","16,695.00","16,350.00","1.74K","0.03%"
"07-10-2019","16,540.00","16,630.00","16,690.00","16,410.00","1.18K","-0.36%"
"04-10-2019","16,600.00","16,710.00","16,870.00","16,570.00","1.00K","-0.93%"
"03-10-2019","16,755.00","16,720.00","16,800.00","16,695.00","0.42K","-0.36%"
"01-10-2019","16,815.00","16,890.00","17,060.00","16,740.00","0.95K","-0.24%"
"30-09-2019","16,855.00","16,700.00","16,885.00","16,650.00","1.22K","1.63%"
"27-09-2019","16,585.00","16,530.00","16,650.00","16,525.00","0.18K","0.06%"
"26-09-2019","16,575.00","16,745.00","16,750.00","16,555.00","0.34K","-1.02%"
"25-09-2019","16,745.00","16,635.00","16,865.00","16,490.00","0.41K","0.66%"
"24-09-2019","16,635.00","16,600.00","16,680.00","16,600.00","0.11K","0.00%"
"23-09-2019","16,635.00","16,585.00","16,690.00","16,505.00","0.21K","0.03%"
"20-09-2019","16,630.00","16,720.00","16,780.00","16,610.00","0.85K","-0.24%"
"19-09-2019","16,670.00","16,495.00","16,725.00","16,490.00","1.76K","0.91%"
"18-09-2019","16,520.00","16,570.00","16,615.00","16,465.00","1.40K","-0.45%"
"17-09-2019","16,595.00","16,500.00","16,645.00","16,340.00","2.75K","0.61%"
"16-09-2019","16,495.00","16,655.00","16,685.00","16,450.00","2.37K","-1.32%"
"13-09-2019","16,715.00","16,825.00","16,875.00","16,680.00","1.55K","-0.71%"
"12-09-2019","16,835.00","17,020.00","17,075.00","16,785.00","1.97K","-1.38%"
"11-09-2019","17,070.00","17,250.00","17,250.00","17,020.00","2.59K","-0.84%"
"09-09-2019","17,215.00","17,080.00","17,380.00","17,080.00","3.12K","0.53%"
"06-09-2019","17,125.00","17,050.00","17,220.00","16,820.00","2.92K","0.20%"
"05-09-2019","17,090.00","17,000.00","17,140.00","16,970.00","1.31K","0.38%"
"04-09-2019","17,025.00","17,055.00","17,090.00","16,985.00","0.81K","0.12%"
"03-09-2019","17,005.00","17,030.00","17,065.00","16,905.00","1.18K","-0.21%"
"30-08-2019","17,040.00","17,070.00","17,100.00","17,000.00","1.41K","-0.41%"
"29-08-2019","17,110.00","17,160.00","17,185.00","17,080.00","0.73K","-0.09%"
"28-08-2019","17,125.00","17,095.00","17,260.00","17,085.00","0.60K","0.09%"
"27-08-2019","17,110.00","17,015.00","17,190.00","17,010.00","0.43K","0.23%"
"26-08-2019","17,070.00","17,010.00","17,100.00","17,000.00","0.24K","0.32%"
"23-08-2019","17,015.00","17,100.00","17,100.00","16,965.00","0.14K","-0.35%"
"22-08-2019","17,075.00","16,980.00","17,110.00","16,870.00","0.95K","0.26%"
"21-08-2019","17,030.00","17,080.00","17,210.00","16,960.00","0.39K","1.07%"
"20-08-2019","16,850.00","16,800.00","17,030.00","16,800.00","1.25K","-0.06%"
"19-08-2019","16,860.00","16,885.00","16,910.00","16,750.00","1.07K","0.06%"
"16-08-2019","16,850.00","16,945.00","17,045.00","16,830.00","0.97K","-0.68%"
"14-08-2019","16,965.00","17,040.00","17,085.00","16,810.00","2.36K","0.33%"
"13-08-2019","16,910.00","17,340.00","17,410.00","16,850.00","3.89K","-2.59%"
"09-08-2019","17,360.00","17,215.00","17,430.00","17,150.00","2.69K","1.11%"
"08-08-2019","17,170.00","17,165.00","17,285.00","17,130.00","2.04K","0.03%"
"07-08-2019","17,165.00","17,330.00","17,370.00","17,100.00","2.37K","-1.09%"
"06-08-2019","17,355.00","17,590.00","17,625.00","17,300.00","1.84K","-1.17%"
"05-08-2019","17,560.00","17,310.00","17,595.00","17,220.00","3.28K","1.77%"
"02-08-2019","17,255.00","17,445.00","17,445.00","17,220.00","1.64K","-0.80%"
"01-08-2019","17,395.00","17,725.00","17,725.00","17,380.00","1.67K","-1.86%"
"31-07-2019","17,725.00","17,675.00","17,880.00","17,675.00","1.37K","-0.03%"
"30-07-2019","17,730.00","18,140.00","18,140.00","17,700.00","1.13K","-1.20%"
"29-07-2019","17,945.00","18,025.00","18,125.00","17,900.00","0.75K","-0.36%"
"26-07-2019","18,010.00","17,800.00","18,040.00","17,755.00","0.57K","1.12%"
"25-07-2019","17,810.00","17,810.00","17,860.00","17,740.00","0.64K","0.00%"
"24-07-2019","17,810.00","17,920.00","18,000.00","17,795.00","0.50K","-0.34%"
"23-07-2019","17,870.00","17,865.00","18,145.00","17,810.00","0.95K","-0.22%"
"22-07-2019","17,910.00","18,115.00","18,155.00","17,845.00","0.78K","-0.33%"
"19-07-2019","17,970.00","18,160.00","18,185.00","17,930.00","2.57K","-1.24%"
"18-07-2019","18,195.00","18,300.00","18,405.00","18,170.00","1.86K","-0.57%"
"17-07-2019","18,300.00","18,200.00","18,350.00","18,085.00","2.81K","0.99%"
"16-07-2019","18,120.00","18,220.00","18,350.00","18,030.00","2.97K","-0.74%"
"15-07-2019","18,255.00","17,860.00","18,330.00","17,860.00","3.79K","2.58%"
"12-07-2019","17,795.00","17,570.00","17,830.00","17,520.00","1.91K","1.60%"
"11-07-2019","17,515.00","17,520.00","17,590.00","17,470.00","1.66K","0.09%"
"10-07-2019","17,500.00","17,450.00","17,640.00","17,380.00","3.20K","0.40%"
"09-07-2019","17,430.00","17,390.00","17,450.00","17,310.00","1.26K","0.14%"
"08-07-2019","17,405.00","17,400.00","17,440.00","17,300.00","1.14K","0.29%"
"05-07-2019","17,355.00","17,330.00","17,475.00","17,215.00","2.49K","0.49%"
"04-07-2019","17,270.00","17,300.00","17,340.00","17,210.00","0.95K","-0.06%"
"03-07-2019","17,280.00","17,225.00","17,320.00","17,130.00","0.84K","0.49%"
"02-07-2019","17,195.00","17,280.00","17,390.00","17,070.00","1.59K","-0.72%"
"01-07-2019","17,320.00","17,275.00","17,340.00","17,250.00","0.63K","0.29%"
"28-06-2019","17,270.00","17,180.00","17,330.00","17,115.00","1.51K","0.58%"
"27-06-2019","17,170.00","17,275.00","17,285.00","17,100.00","0.96K","-0.67%"
"26-06-2019","17,285.00","17,350.00","17,375.00","17,245.00","0.20K","-0.12%"
"25-06-2019","17,305.00","17,250.00","17,360.00","17,195.00","0.51K","0.26%"
"24-06-2019","17,260.00","17,375.00","17,435.00","17,210.00","0.52K","-0.98%"
"21-06-2019","17,430.00","17,350.00","17,550.00","17,350.00","0.72K","1.19%"
"20-06-2019","17,225.00","17,335.00","17,360.00","17,160.00","1.99K","-0.26%"
"19-06-2019","17,270.00","17,440.00","17,455.00","17,210.00","1.89K","-0.78%"
"18-06-2019","17,405.00","17,300.00","17,475.00","17,255.00","1.80K","0.26%"
"17-06-2019","17,360.00","17,250.00","17,390.00","17,220.00","2.12K","0.70%"
"14-06-2019","17,240.00","17,380.00","17,480.00","17,210.00","2.92K","-1.00%"
"13-06-2019","17,415.00","17,750.00","17,800.00","17,350.00","5.06K","-1.86%"
"12-06-2019","17,745.00","17,565.00","17,975.00","17,520.00","4.17K","0.68%"
"11-06-2019","17,625.00","17,535.00","17,670.00","17,370.00","3.66K","0.20%"
"10-06-2019","17,590.00","17,670.00","17,670.00","17,475.00","2.89K","0.17%"
"07-06-2019","17,560.00","17,390.00","17,600.00","17,360.00","3.14K","0.00%"
"06-06-2019","17,560.00","17,840.00","17,955.00","17,560.00","4.23K","-1.98%"
"04-06-2019","17,915.00","17,650.00","17,970.00","17,630.00","3.97K","1.50%"
"03-06-2019","17,650.00","17,545.00","17,700.00","17,520.00","1.77K","0.63%"
"31-05-2019","17,540.00","17,585.00","17,625.00","17,460.00","0.96K","-0.14%"
"30-05-2019","17,565.00","17,480.00","17,615.00","17,455.00","1.19K","0.34%"
"29-05-2019","17,505.00","17,530.00","17,540.00","17,265.00","1.36K","0.11%"
"28-05-2019","17,485.00","17,650.00","17,690.00","17,445.00","1.55K","-0.96%"
"27-05-2019","17,655.00","17,800.00","17,845.00","17,600.00","0.69K","-1.09%"
"24-05-2019","17,850.00","17,885.00","17,930.00","17,705.00","0.54K","0.03%"
"23-05-2019","17,845.00","17,680.00","17,870.00","17,565.00","0.44K","1.08%"
"22-05-2019","17,655.00","17,830.00","17,855.00","17,475.00","1.71K","-0.98%"
"21-05-2019","17,830.00","17,905.00","17,965.00","17,785.00","0.25K","0.37%"
"20-05-2019","17,765.00","17,810.00","17,915.00","17,660.00","2.51K","-0.22%"
"17-05-2019","17,805.00","17,935.00","18,040.00","17,760.00","2.54K","-0.72%"
"16-05-2019","17,935.00","17,880.00","18,040.00","17,735.00","4.23K","0.90%"
"15-05-2019","17,775.00","17,545.00","17,810.00","17,510.00","3.22K","1.46%"
"14-05-2019","17,520.00","17,660.00","17,830.00","17,490.00","2.62K","-0.90%"
"13-05-2019","17,680.00","17,510.00","17,745.00","17,510.00","2.55K","1.09%"
"10-05-2019","17,490.00","17,575.00","17,575.00","17,455.00","2.87K","-0.57%"
"09-05-2019","17,590.00","17,240.00","17,630.00","17,210.00","5.33K","2.36%"
"08-05-2019","17,185.00","17,050.00","17,245.00","17,020.00","2.11K","0.64%"
"07-05-2019","17,075.00","17,020.00","17,140.00","17,015.00","1.37K","0.15%"
"06-05-2019","17,050.00","17,010.00","17,165.00","17,000.00","1.71K","0.41%"
"03-05-2019","16,980.00","16,955.00","17,070.00","16,915.00","1.33K","-0.18%"
"02-05-2019","17,010.00","17,040.00","17,130.00","16,940.00","1.89K","-0.15%"
"30-04-2019","17,035.00","17,145.00","17,190.00","16,970.00","3.24K","-0.90%"
"26-04-2019","17,190.00","17,170.00","17,250.00","17,100.00","1.10K","0.23%"
"25-04-2019","17,150.00","17,325.00","17,455.00","17,100.00","2.31K","-1.01%"
"24-04-2019","17,325.00","17,210.00","17,365.00","17,135.00","0.33K","0.64%"
"23-04-2019","17,215.00","17,110.00","17,250.00","17,095.00","0.33K","1.23%"
"22-04-2019","17,005.00","16,950.00","17,115.00","16,850.00","0.45K","-0.06%"
"18-04-2019","17,015.00","17,030.00","17,080.00","16,920.00","0.54K","2.19%"
"16-04-2019","16,650.00","16,560.00","16,770.00","16,260.00","5.48K","0.73%"
"15-04-2019","16,530.00","16,440.00","16,610.00","16,440.00","2.00K","0.30%"
"12-04-2019","16,480.00","16,470.00","16,610.00","16,425.00","2.59K","-0.06%"
"11-04-2019","16,490.00","16,420.00","16,525.00","16,365.00","2.45K","0.40%"
"10-04-2019","16,425.00","16,355.00","16,520.00","16,315.00","3.71K","0.15%"
"09-04-2019","16,400.00","16,230.00","16,425.00","16,145.00","3.34K","1.20%"
"08-04-2019","16,205.00","15,950.00","16,235.00","15,945.00","2.97K","1.34%"
"05-04-2019","15,990.00","16,275.00","16,375.00","15,945.00","4.43K","-1.66%"
"04-04-2019","16,260.00","15,985.00","16,290.00","15,935.00","2.89K","1.59%"
"03-04-2019","16,005.00","15,700.00","16,075.00","15,680.00","4.55K","2.14%"
"02-04-2019","15,670.00","15,550.00","15,700.00","15,550.00","1.19K","0.48%"
"01-04-2019","15,595.00","15,710.00","15,765.00","15,560.00","1.15K","-0.54%"
"29-03-2019","15,680.00","15,640.00","15,745.00","15,555.00","1.05K","0.06%"
"28-03-2019","15,670.00","15,675.00","15,745.00","15,620.00","0.79K","-0.10%"
"27-03-2019","15,685.00","15,605.00","15,700.00","15,560.00","0.86K","0.58%"
"26-03-2019","15,595.00","15,590.00","15,630.00","15,525.00","0.86K","-0.13%"
"25-03-2019","15,615.00","15,590.00","15,640.00","15,540.00","0.37K","-0.29%"
"22-03-2019","15,660.00","15,750.00","15,775.00","15,625.00","1.05K","-0.48%"
"20-03-2019","15,735.00","15,700.00","15,750.00","15,600.00","0.71K","1.32%"
"19-03-2019","15,530.00","15,430.00","15,550.00","15,380.00","2.32K","0.91%"
"18-03-2019","15,390.00","15,360.00","15,440.00","15,260.00","2.41K","0.23%"
"15-03-2019","15,355.00","15,475.00","15,475.00","15,320.00","2.25K","-1.03%"
"14-03-2019","15,515.00","15,700.00","15,700.00","15,475.00","2.35K","-1.15%"
"13-03-2019","15,695.00","15,725.00","15,850.00","15,630.00","2.39K","-0.19%"
"12-03-2019","15,725.00","15,620.00","15,750.00","15,495.00","2.76K","1.29%"
"11-03-2019","15,525.00","15,280.00","15,570.00","15,220.00","3.29K","1.34%"
"08-03-2019","15,320.00","15,260.00","15,350.00","15,210.00","2.23K","0.49%"
"07-03-2019","15,245.00","15,435.00","15,445.00","15,195.00","2.30K","-1.13%"
"06-03-2019","15,420.00","15,450.00","15,490.00","15,285.00","1.67K","0.88%"
"05-03-2019","15,285.00","15,275.00","15,330.00","15,175.00","1.68K","0.46%"
"01-03-2019","15,215.00","15,180.00","15,270.00","15,130.00","0.65K","0.46%"
"28-02-2019","15,145.00","15,000.00","15,210.00","15,000.00","0.62K","-0.13%"
"27-02-2019","15,165.00","15,200.00","15,230.00","15,035.00","1.22K","-0.20%"
"26-02-2019","15,195.00","14,990.00","15,310.00","14,965.00","1.55K","1.17%"
"25-02-2019","15,020.00","15,345.00","15,400.00","14,990.00","1.01K","-0.96%"
"22-02-2019","15,165.00","15,105.00","15,200.00","15,035.00","0.81K","-0.36%"
"21-02-2019","15,220.00","15,240.00","15,295.00","15,150.00","0.83K","-0.39%"
"20-02-2019","15,280.00","15,350.00","15,350.00","15,270.00","0.46K","-0.36%"
"19-02-2019","15,335.00","15,320.00","15,410.00","15,290.00","0.44K","0.16%"
"18-02-2019","15,310.00","15,310.00","15,350.00","15,175.00","0.83K","0.36%"
"15-02-2019","15,255.00","15,390.00","15,400.00","15,230.00","0.65K","-0.91%"
"14-02-2019","15,395.00","15,345.00","15,490.00","15,330.00","1.31K","0.33%"
"13-02-2019","15,345.00","15,370.00","15,410.00","15,235.00","0.59K","-0.45%"
"12-02-2019","15,415.00","15,275.00","15,435.00","15,275.00","0.39K","0.29%"
"11-02-2019","15,370.00","15,425.00","15,425.00","15,255.00","0.35K","0.07%"
"08-02-2019","15,360.00","15,510.00","15,540.00","15,335.00","0.45K","-0.94%"
"07-02-2019","15,505.00","15,305.00","15,550.00","15,145.00","0.95K","0.91%"
"06-02-2019","15,365.00","15,590.00","15,630.00","15,315.00","0.62K","-1.82%"
"05-02-2019","15,650.00","15,640.00","15,685.00","15,590.00","0.26K","0.45%"
"04-02-2019","15,580.00","15,620.00","15,750.00","15,520.00","0.55K","-0.86%"
"01-02-2019","15,715.00","15,875.00","15,920.00","15,690.00","0.32K","-0.95%"
"31-01-2019","15,865.00","15,875.00","15,940.00","15,770.00","0.17K","0.60%"
"30-01-2019","15,770.00","15,875.00","16,045.00","15,750.00","0.76K","-0.25%"
"29-01-2019","15,810.00","15,855.00","15,900.00","15,715.00","0.84K","-1.40%"
"28-01-2019","16,035.00","16,150.00","16,180.00","15,935.00","0.54K","-1.38%"
"25-01-2019","16,260.00","16,270.00","16,305.00","16,185.00","0.12K","0.06%"
"24-01-2019","16,250.00","16,350.00","16,350.00","16,200.00","0.29K","-0.25%"
"23-01-2019","16,290.00","16,630.00","16,690.00","16,255.00","1.55K","-2.46%"
"22-01-2019","16,700.00","16,825.00","16,850.00","16,650.00","0.40K","-1.04%"
"21-01-2019","16,875.00","16,940.00","16,960.00","16,800.00","0.20K","-1.03%"
"18-01-2019","17,050.00","17,005.00","17,170.00","16,975.00","1.04K","0.18%"
"17-01-2019","17,020.00","16,900.00","17,080.00","16,900.00","1.30K","0.32%"
"16-01-2019","16,965.00","17,100.00","17,200.00","16,900.00","1.09K","-0.70%"
"15-01-2019","17,085.00","17,255.00","17,255.00","17,050.00","0.73K","-0.70%"
"14-01-2019","17,205.00","17,040.00","17,270.00","17,040.00","0.98K","0.94%"
"11-01-2019","17,045.00","17,020.00","17,095.00","16,940.00","0.69K","-0.06%"
"10-01-2019","17,055.00","16,890.00","17,180.00","16,890.00","1.39K","0.50%"
"09-01-2019","16,970.00","16,890.00","17,100.00","16,810.00","1.31K","0.59%"
"08-01-2019","16,870.00","17,120.00","17,165.00","16,855.00","2.12K","-1.89%"
"07-01-2019","17,195.00","17,240.00","17,240.00","17,060.00","0.77K","-0.38%"
"04-01-2019","17,260.00","17,150.00","17,300.00","17,050.00","0.50K","0.64%"
"03-01-2019","17,150.00","17,120.00","17,250.00","17,050.00","0.65K","0.15%"
"02-01-2019","17,125.00","17,290.00","17,295.00","17,020.00","0.56K","-0.90%"
"01-01-2019","17,280.00","17,300.00","17,325.00","17,120.00","0.77K","-0.12%"
"31-12-2018","17,300.00","17,250.00","17,395.00","17,130.00","0.55K","1.44%"
"28-12-2018","17,055.00","17,000.00","17,140.00","16,950.00","0.23K","0.68%"
"27-12-2018","16,940.00","17,100.00","17,295.00","16,900.00","0.79K","-0.18%"
"26-12-2018","16,970.00","16,760.00","17,065.00","16,720.00","0.41K","1.31%"
"24-12-2018","16,750.00","17,050.00","17,050.00","16,700.00","0.70K","-1.99%"
"21-12-2018","17,090.00","17,090.00","17,240.00","17,030.00","0.14K","-5.08%"
"20-12-2018","18,005.00","18,080.00","18,190.00","17,930.00","2.00K","-0.77%"
"19-12-2018","18,145.00","18,100.00","18,240.00","17,825.00","2.12K","0.11%"
"18-12-2018","18,125.00","18,410.00","18,510.00","17,930.00","2.80K","-1.60%"
"17-12-2018","18,420.00","18,490.00","18,640.00","18,355.00","1.73K","0.27%"
"14-12-2018","18,370.00","18,310.00","18,520.00","18,310.00","1.19K","0.16%"
"13-12-2018","18,340.00","18,650.00","18,665.00","18,275.00","2.12K","-1.24%"
"12-12-2018","18,570.00","18,690.00","18,720.00","18,525.00","1.28K","-0.80%"
"11-12-2018","18,720.00","18,825.00","18,880.00","18,605.00","1.28K","-0.64%"
"10-12-2018","18,840.00","18,840.00","19,035.00","18,785.00","2.18K","0.45%"
"07-12-2018","18,755.00","18,775.00","18,940.00","18,700.00","1.46K","0.46%"
"06-12-2018","18,670.00","18,890.00","18,890.00","18,550.00","2.44K","-0.74%"
"05-12-2018","18,810.00","18,870.00","19,020.00","18,740.00","2.42K","-1.03%"
"04-12-2018","19,005.00","19,050.00","19,515.00","18,875.00","2.89K","0.08%"
"03-12-2018","18,990.00","19,030.00","19,060.00","18,940.00","0.92K","0.64%"
"30-11-2018","18,870.00","19,095.00","19,150.00","18,770.00","1.48K","-0.92%"
"29-11-2018","19,045.00","19,575.00","19,580.00","18,985.00","2.34K","-3.00%"
"28-11-2018","19,635.00","19,560.00","19,800.00","19,555.00","0.70K","0.46%"
"27-11-2018","19,545.00","19,390.00","19,600.00","19,150.00","0.92K","0.57%"
"26-11-2018","19,435.00","19,560.00","19,625.00","19,390.00","0.99K","-0.61%"
"22-11-2018","19,555.00","19,560.00","19,750.00","19,380.00","0.45K","-0.53%"
"21-11-2018","19,660.00","20,025.00","20,240.00","19,515.00","0.77K","-0.51%"
"20-11-2018","19,760.00","19,350.00","19,900.00","19,330.00","3.08K","2.17%"
"19-11-2018","19,340.00","19,600.00","19,600.00","19,290.00","2.39K","-1.55%"
"16-11-2018","19,645.00","19,860.00","19,970.00","19,610.00","3.79K","-1.63%"
"15-11-2018","19,970.00","19,950.00","20,175.00","19,645.00","5.36K","-0.25%"
"14-11-2018","20,020.00","20,550.00","20,550.00","19,860.00","3.88K","-2.77%"
"13-11-2018","20,590.00","20,500.00","20,845.00","20,500.00","2.85K","-0.05%"
"12-11-2018","20,600.00","20,820.00","20,935.00","20,505.00","4.03K","-0.77%"
"09-11-2018","20,760.00","21,100.00","21,100.00","20,680.00","4.41K","-1.47%"
"07-11-2018","21,070.00","21,130.00","21,195.00","21,030.00","0.62K","-0.07%"
"06-11-2018","21,085.00","21,150.00","21,300.00","21,030.00","2.30K","-0.82%"
"05-11-2018","21,260.00","21,180.00","21,520.00","21,000.00","5.26K","0.71%"
"02-11-2018","21,110.00","20,745.00","21,175.00","20,705.00","4.21K","1.30%"
"01-11-2018","20,840.00","20,880.00","21,005.00","20,760.00","2.60K","-0.67%"
"31-10-2018","20,980.00","20,710.00","21,030.00","20,655.00","3.00K","1.65%"
"30-10-2018","20,640.00","20,200.00","20,695.00","20,150.00","3.11K","2.56%"
"29-10-2018","20,125.00","19,950.00","20,320.00","19,810.00","2.07K","1.00%"
"26-10-2018","19,925.00","20,100.00","20,120.00","19,795.00","1.20K","-1.34%"
"25-10-2018","20,195.00","20,145.00","20,300.00","20,075.00","0.84K","0.32%"
"24-10-2018","20,130.00","20,195.00","20,290.00","20,090.00","0.74K","-0.25%"
"23-10-2018","20,180.00","20,275.00","20,465.00","20,135.00","1.13K","-0.47%"
"22-10-2018","20,275.00","20,470.00","20,650.00","20,225.00","1.25K","-1.70%"
"19-10-2018","20,625.00","20,535.00","20,780.00","20,415.00","0.68K","0.81%"
"17-10-2018","20,460.00","19,995.00","20,475.00","19,995.00","0.58K","2.12%"
"16-10-2018","20,035.00","20,055.00","20,120.00","19,820.00","4.22K","-0.47%"
"15-10-2018","20,130.00","19,850.00","20,300.00","19,830.00","3.47K","0.88%"
"12-10-2018","19,955.00","19,630.00","20,000.00","19,570.00","3.86K","2.41%"
"11-10-2018","19,485.00","19,365.00","19,520.00","19,260.00","3.07K","0.33%"
"10-10-2018","19,420.00","19,380.00","19,540.00","19,170.00","3.28K","-0.08%"
"09-10-2018","19,435.00","19,625.00","19,625.00","19,390.00","2.45K","-0.97%"
"08-10-2018","19,625.00","19,325.00","19,750.00","19,325.00","3.18K","1.68%"
"05-10-2018","19,300.00","19,125.00","19,350.00","19,125.00","2.50K","0.97%"
"04-10-2018","19,115.00","18,940.00","19,190.00","18,940.00","1.68K","0.68%"
"03-10-2018","18,985.00","18,935.00","19,080.00","18,900.00","1.08K","0.26%"
"01-10-2018","18,935.00","18,965.00","19,030.00","18,800.00","1.22K","0.03%"
"28-09-2018","18,930.00","19,050.00","19,180.00","18,880.00","1.18K","-0.79%"
"27-09-2018","19,080.00","19,180.00","19,230.00","19,015.00","0.74K","-0.73%"
"26-09-2018","19,220.00","19,195.00","19,300.00","19,155.00","0.76K","0.34%"
"25-09-2018","19,155.00","19,195.00","19,340.00","18,875.00","1.02K","0.00%"
"24-09-2018","19,155.00","19,630.00","19,685.00","19,100.00","1.17K","-2.37%"
"21-09-2018","19,620.00","19,650.00","19,675.00","19,575.00","0.66K","0.10%"
"19-09-2018","19,600.00","19,975.00","20,050.00","19,550.00","4.84K","-2.34%"
"18-09-2018","20,070.00","19,800.00","20,120.00","19,730.00","2.58K","1.52%"
"17-09-2018","19,770.00","19,940.00","19,970.00","19,660.00","2.60K","-1.15%"
"14-09-2018","20,000.00","20,070.00","20,180.00","19,880.00","2.63K","-0.35%"
"12-09-2018","20,070.00","19,780.00","20,070.00","19,605.00","3.01K","1.98%"
"11-09-2018","19,680.00","19,525.00","19,730.00","19,360.00","3.09K","1.10%"
"10-09-2018","19,465.00","19,440.00","19,580.00","19,330.00","4.30K","0.23%"
"07-09-2018","19,420.00","19,430.00","19,580.00","19,335.00","2.98K","-0.05%"
"06-09-2018","19,430.00","19,650.00","19,670.00","19,380.00","2.33K","-0.87%"
"05-09-2018","19,600.00","19,700.00","19,745.00","19,500.00","1.76K","-0.66%"
"04-09-2018","19,730.00","19,795.00","19,830.00","19,650.00","1.64K","-0.03%"
"03-09-2018","19,735.00","19,500.00","19,880.00","19,440.00","2.25K","0.97%"
"31-08-2018","19,545.00","19,655.00","19,655.00","19,465.00","0.77K","-0.48%"
"30-08-2018","19,640.00","19,695.00","19,705.00","19,505.00","1.15K","0.23%"
"29-08-2018","19,595.00","19,440.00","19,650.00","19,280.00","1.34K","0.82%"
"28-08-2018","19,435.00","19,355.00","19,610.00","19,355.00","0.83K","0.75%"
"27-08-2018","19,290.00","19,725.00","19,785.00","19,225.00","1.25K","-1.66%"
"24-08-2018","19,615.00","20,010.00","20,020.00","19,400.00","2.24K","-1.58%"
"23-08-2018","19,930.00","20,595.00","20,655.00","19,900.00","1.59K","-3.63%"
"21-08-2018","20,680.00","20,695.00","20,750.00","20,565.00","0.71K","1.42%"
"20-08-2018","20,390.00","20,050.00","20,485.00","19,960.00","5.39K","2.57%"
"17-08-2018","19,880.00","19,625.00","20,040.00","19,590.00","4.19K","0.99%"
"16-08-2018","19,685.00","19,680.00","19,740.00","19,420.00","3.97K","0.38%"
"14-08-2018","19,610.00","19,615.00","19,785.00","19,500.00","3.23K","-0.25%"
"13-08-2018","19,660.00","19,820.00","20,035.00","19,570.00","4.00K","-0.91%"
"10-08-2018","19,840.00","20,130.00","20,230.00","19,770.00","5.98K","-1.34%"
"09-08-2018","20,110.00","20,210.00","20,275.00","19,950.00","4.00K","-0.02%"
"08-08-2018","20,115.00","20,010.00","20,190.00","20,000.00","4.25K","0.58%"
"07-08-2018","20,000.00","20,060.00","20,350.00","19,910.00","6.01K","-0.72%"
"06-08-2018","20,145.00","20,590.00","20,680.00","20,040.00","4.80K","-2.33%"
"03-08-2018","20,625.00","20,815.00","20,880.00","20,550.00","3.82K","-0.55%"
"02-08-2018","20,740.00","20,350.00","20,885.00","20,325.00","4.48K","2.12%"
"01-08-2018","20,310.00","20,205.00","20,445.00","20,100.00","3.08K","-0.39%"
"31-07-2018","20,390.00","20,660.00","20,785.00","20,300.00","2.53K","-0.34%"
"30-07-2018","20,460.00","19,905.00","20,580.00","19,760.00","2.31K","2.25%"
"27-07-2018","20,010.00","19,885.00","20,100.00","19,860.00","1.01K","1.11%"
"26-07-2018","19,790.00","19,800.00","19,865.00","19,725.00","0.64K","0.43%"
"25-07-2018","19,705.00","19,860.00","19,965.00","19,635.00","1.12K","-1.03%"
"24-07-2018","19,910.00","19,720.00","20,090.00","19,550.00","0.86K","0.84%"
"23-07-2018","19,745.00","19,060.00","19,745.00","18,955.00","0.93K","4.86%"
"20-07-2018","18,830.00","18,835.00","18,880.00","18,685.00","1.51K","0.32%"
"19-07-2018","18,770.00","18,750.00","18,935.00","18,560.00","5.24K","-0.40%"
"18-07-2018","18,845.00","18,680.00","19,050.00","18,635.00","4.20K","0.69%"
"17-07-2018","18,715.00","18,620.00","18,760.00","18,480.00","3.65K","0.05%"
"16-07-2018","18,705.00","18,550.00","19,000.00","18,535.00","3.89K","1.03%"
"13-07-2018","18,515.00","18,500.00","18,680.00","18,420.00","1.59K","-0.38%"
"12-07-2018","18,585.00","18,530.00","18,840.00","18,500.00","2.88K","0.30%"
"11-07-2018","18,530.00","18,500.00","18,630.00","18,340.00","3.15K","0.00%"
"10-07-2018","18,530.00","18,770.00","18,800.00","18,455.00","4.36K","-1.28%"
"09-07-2018","18,770.00","18,725.00","18,950.00","18,555.00","4.09K","0.19%"
"06-07-2018","18,735.00","19,045.00","19,240.00","18,700.00","4.24K","-1.71%"
"05-07-2018","19,060.00","18,725.00","19,160.00","18,610.00","4.90K","1.79%"
"04-07-2018","18,725.00","18,540.00","18,840.00","18,410.00","2.88K","1.35%"
"03-07-2018","18,475.00","18,500.00","18,580.00","18,025.00","3.77K","-1.07%"
"02-07-2018","18,675.00","18,540.00","18,920.00","18,430.00","4.10K","0.03%"
"29-06-2018","18,670.00","18,205.00","18,765.00","18,050.00","2.79K","2.87%"
"28-06-2018","18,150.00","18,050.00","18,375.00","18,000.00","1.92K","1.42%"
"27-06-2018","17,895.00","17,510.00","17,925.00","17,460.00","1.60K","1.71%"
"26-06-2018","17,595.00","17,475.00","17,700.00","17,475.00","1.73K","0.51%"
"25-06-2018","17,505.00","17,260.00","17,525.00","17,060.00","1.11K","2.31%"
"22-06-2018","17,110.00","17,245.00","17,480.00","17,070.00","1.12K","-0.35%"
"21-06-2018","17,170.00","16,975.00","17,270.00","16,895.00","0.67K","1.96%"
"20-06-2018","16,840.00","16,790.00","17,000.00","16,780.00","2.89K","0.84%"
"19-06-2018","16,700.00","16,540.00","16,780.00","16,490.00","2.17K","1.06%"
"18-06-2018","16,525.00","16,550.00","16,720.00","16,240.00","2.69K","-0.27%"
"15-06-2018","16,570.00","16,670.00","16,740.00","16,555.00","1.03K","-0.45%"
"14-06-2018","16,645.00","16,615.00","16,685.00","16,505.00","2.18K","0.48%"
"13-06-2018","16,565.00","16,400.00","16,610.00","16,325.00","2.53K","1.16%"
"12-06-2018","16,375.00","16,110.00","16,425.00","16,110.00","2.73K","1.36%"
"11-06-2018","16,155.00","16,140.00","16,315.00","16,115.00","3.26K","-0.34%"
"08-06-2018","16,210.00","16,280.00","16,400.00","16,105.00","3.69K","-0.15%"
"07-06-2018","16,235.00","16,290.00","16,325.00","16,180.00","0.96K","0.09%"
"06-06-2018","16,220.00","16,145.00","16,290.00","16,105.00","1.54K","0.68%"
"05-06-2018","16,110.00","16,000.00","16,140.00","15,900.00","1.23K","0.85%"
"04-06-2018","15,975.00","16,220.00","16,220.00","15,835.00","1.57K","-1.11%"
"01-06-2018","16,155.00","16,260.00","16,380.00","16,120.00","0.61K","-0.25%"
"31-05-2018","16,195.00","16,300.00","16,300.00","16,025.00","0.54K","-0.58%"
"30-05-2018","16,290.00","16,350.00","16,390.00","16,210.00","0.71K","-0.06%"
"29-05-2018","16,300.00","16,400.00","16,435.00","16,230.00","0.78K","-0.43%"
"28-05-2018","16,370.00","16,100.00","16,390.00","16,050.00","0.91K","1.21%"
"25-05-2018","16,175.00","16,110.00","16,200.00","16,060.00","0.38K","0.34%"
"24-05-2018","16,120.00","15,950.00","16,225.00","15,935.00","0.91K","0.94%"
"23-05-2018","15,970.00","15,840.00","15,990.00","15,800.00","0.45K","0.73%"
"22-05-2018","15,855.00","15,845.00","15,900.00","15,615.00","1.04K","0.25%"
"21-05-2018","15,815.00","15,725.00","15,890.00","15,700.00","0.86K","0.38%"
"18-05-2018","15,755.00","16,045.00","16,060.00","15,705.00","2.78K","-1.65%"
"17-05-2018","16,020.00","16,090.00","16,240.00","15,900.00","2.96K","-0.37%"
"16-05-2018","16,080.00","16,105.00","16,130.00","15,960.00","2.08K","-0.12%"
"15-05-2018","16,100.00","16,030.00","16,130.00","15,955.00","1.19K","0.28%"
"14-05-2018","16,055.00","15,910.00","16,120.00","15,900.00","1.87K","1.01%"
"11-05-2018","15,895.00","16,155.00","16,155.00","15,820.00","3.30K","-1.00%"
"10-05-2018","16,055.00","15,940.00","16,140.00","15,940.00","3.83K","1.01%"
"09-05-2018","15,895.00","15,675.00","15,925.00","15,630.00","3.41K","1.79%"
"08-05-2018","15,615.00","15,680.00","15,775.00","15,580.00","2.06K","-0.41%"
"07-05-2018","15,680.00","15,585.00","15,775.00","15,480.00","2.57K","0.80%"
"04-05-2018","15,555.00","15,650.00","15,685.00","15,430.00","2.59K","-0.89%"
"03-05-2018","15,695.00","15,770.00","15,840.00","15,650.00","1.00K","-0.63%"
"02-05-2018","15,795.00","15,750.00","15,930.00","15,705.00","1.05K","0.54%"
"30-04-2018","15,710.00","15,780.00","15,980.00","15,600.00","0.55K","0.26%"
"27-04-2018","15,670.00","15,940.00","15,980.00","15,620.00","1.01K","-1.38%"
"26-04-2018","15,890.00","15,800.00","15,925.00","15,780.00","0.49K","0.73%"
"25-04-2018","15,775.00","15,610.00","15,920.00","15,610.00","0.55K","-0.16%"
"24-04-2018","15,800.00","15,935.00","15,960.00","15,625.00","1.07K","-0.88%"
"23-04-2018","15,940.00","16,000.00","16,100.00","15,905.00","0.55K","-0.75%"
"20-04-2018","16,060.00","16,145.00","16,235.00","16,020.00","1.46K","-0.62%"
"19-04-2018","16,160.00","16,020.00","16,380.00","15,960.00","3.65K","0.50%"
"18-04-2018","16,080.00","15,990.00","16,125.00","15,910.00","1.65K","1.07%"
"17-04-2018","15,910.00","15,850.00","16,045.00","15,805.00","1.37K","0.28%"
"16-04-2018","15,865.00","15,685.00","15,900.00","15,685.00","1.15K","1.34%"
"13-04-2018","15,655.00","15,485.00","15,720.00","15,485.00","2.15K","0.80%"
"12-04-2018","15,530.00","15,510.00","15,660.00","15,460.00","1.92K","0.26%"
"11-04-2018","15,490.00","15,350.00","15,610.00","15,330.00","2.68K","0.16%"
"10-04-2018","15,465.00","15,350.00","15,720.00","15,260.00","5.36K","1.11%"
"09-04-2018","15,295.00","15,300.00","15,440.00","15,260.00","3.00K","-0.71%"
"06-04-2018","15,405.00","15,530.00","15,755.00","15,335.00","3.60K","-1.12%"
"05-04-2018","15,580.00","15,100.00","15,640.00","15,030.00","3.15K","3.45%"
"04-04-2018","15,060.00","15,000.00","15,080.00","14,960.00","1.15K","0.57%"
"03-04-2018","14,975.00","15,175.00","15,230.00","14,910.00","1.41K","-0.40%"
"02-04-2018","15,035.00","15,050.00","15,200.00","14,990.00","1.04K","0.17%"
"28-03-2018","15,010.00","14,875.00","15,100.00","14,850.00","1.67K","0.37%"
"27-03-2018","14,955.00","15,100.00","15,130.00","14,930.00","0.73K","-0.53%"
"26-03-2018","15,035.00","15,280.00","15,310.00","14,905.00","1.07K","-1.12%"
"23-03-2018","15,205.00","15,095.00","15,250.00","15,045.00","1.08K","-0.07%"
"22-03-2018","15,215.00","14,900.00","15,300.00","14,825.00","0.63K","3.15%"
"21-03-2018","14,750.00","14,690.00","14,875.00","14,595.00","0.43K","3.04%"
"20-03-2018","14,315.00","14,325.00","14,410.00","14,210.00","2.27K","0.10%"
"19-03-2018","14,300.00","14,525.00","14,550.00","14,270.00","2.24K","-2.02%"
"16-03-2018","14,595.00","14,710.00","14,725.00","14,560.00","1.14K","-0.34%"
"15-03-2018","14,645.00","14,725.00","14,730.00","14,520.00","2.65K","-0.10%"
"14-03-2018","14,660.00","14,720.00","14,750.00","14,605.00","1.88K","-0.58%"
"13-03-2018","14,745.00","14,700.00","14,800.00","14,550.00","2.07K","0.44%"
"12-03-2018","14,680.00","14,890.00","14,940.00","14,515.00","4.84K","-2.10%"
"09-03-2018","14,995.00","14,700.00","15,100.00","14,660.00","5.61K","1.52%"
"08-03-2018","14,770.00","14,560.00","14,800.00","14,525.00","3.06K","1.69%"
"07-03-2018","14,525.00","14,745.00","14,745.00","14,490.00","1.82K","-1.16%"
"06-03-2018","14,695.00","14,420.00","14,800.00","14,410.00","3.05K","1.87%"
"05-03-2018","14,425.00","14,785.00","14,800.00","14,425.00","2.82K","-1.97%"
"01-03-2018","14,715.00","15,175.00","15,235.00","14,650.00","3.06K","-2.78%"
"28-02-2018","15,135.00","15,150.00","15,245.00","15,040.00","1.40K","0.53%"
"27-02-2018","15,055.00","15,300.00","15,485.00","15,000.00","2.02K","-0.95%"
"26-02-2018","15,200.00","15,360.00","15,400.00","15,045.00","2.09K","-1.97%"
"23-02-2018","15,505.00","15,620.00","15,700.00","15,470.00","1.18K","-1.02%"
"22-02-2018","15,665.00","15,870.00","16,000.00","15,630.00","1.27K","-1.54%"
"21-02-2018","15,910.00","15,690.00","16,035.00","15,620.00","1.04K","1.86%"
"20-02-2018","15,620.00","15,670.00","15,705.00","15,500.00","1.14K","-0.45%"
"19-02-2018","15,690.00","15,940.00","15,960.00","15,640.00","0.60K","-1.94%"
"16-02-2018","16,000.00","15,985.00","16,075.00","15,965.00","0.21K","-0.40%"
"15-02-2018","16,065.00","16,155.00","16,260.00","15,975.00","0.52K","-0.62%"
"14-02-2018","16,165.00","16,280.00","16,310.00","16,120.00","0.75K","-1.40%"
"12-02-2018","16,395.00","16,720.00","16,750.00","16,395.00","0.95K","-1.97%"
"09-02-2018","16,725.00","16,665.00","16,860.00","16,665.00","0.39K","0.06%"
"08-02-2018","16,715.00","16,940.00","16,940.00","16,690.00","0.87K","-1.85%"
"07-02-2018","17,030.00","17,095.00","17,280.00","17,000.00","0.24K","-0.47%"
"06-02-2018","17,110.00","16,960.00","17,170.00","16,940.00","0.43K","0.47%"
"05-02-2018","17,030.00","17,010.00","17,115.00","16,990.00","0.30K","0.77%"
"02-02-2018","16,900.00","16,990.00","17,040.00","16,880.00","0.32K","0.03%"
"01-02-2018","16,895.00","16,775.00","16,960.00","16,740.00","0.22K","0.36%"
"31-01-2018","16,835.00","16,790.00","16,950.00","16,710.00","0.79K","0.87%"
"30-01-2018","16,690.00","16,900.00","16,915.00","16,620.00","0.30K","-0.80%"
"29-01-2018","16,825.00","16,760.00","16,860.00","16,750.00","0.61K","0.66%"
"25-01-2018","16,715.00","16,780.00","16,820.00","16,645.00","0.29K","-0.03%"
"24-01-2018","16,720.00","16,630.00","16,770.00","16,630.00","0.15K","0.12%"
"23-01-2018","16,700.00","16,775.00","16,850.00","16,650.00","0.44K","-0.51%"
"22-01-2018","16,785.00","16,815.00","16,835.00","16,720.00","0.09K","1.36%"
"19-01-2018","16,560.00","16,650.00","16,705.00","16,485.00","1.51K","-0.30%"
"18-01-2018","16,610.00","16,605.00","16,770.00","16,570.00","1.79K","-0.39%"
"17-01-2018","16,675.00","16,865.00","16,865.00","16,640.00","1.48K","-0.30%"
"16-01-2018","16,725.00","16,980.00","16,980.00","16,650.00","1.78K","-1.18%"
"15-01-2018","16,925.00","16,885.00","17,190.00","16,775.00","3.20K","0.21%"
"12-01-2018","16,890.00","16,900.00","16,945.00","16,810.00","1.10K","-0.15%"
"11-01-2018","16,915.00","16,780.00","16,970.00","16,780.00","2.13K","0.39%"
"10-01-2018","16,850.00","17,320.00","17,405.00","16,755.00","5.53K","-2.74%"
"09-01-2018","17,325.00","17,495.00","17,510.00","17,245.00","1.98K","-0.74%"
"08-01-2018","17,455.00","17,235.00","17,580.00","17,125.00","2.65K","0.72%"
"05-01-2018","17,330.00","17,300.00","17,430.00","17,255.00","1.75K","-0.35%"
"04-01-2018","17,390.00","17,725.00","18,025.00","17,345.00","2.32K","-1.72%"
"03-01-2018","17,695.00","17,775.00","17,775.00","17,655.00","1.26K","-0.34%"
"02-01-2018","17,755.00","17,790.00","17,820.00","17,700.00","0.66K","0.03%"
"01-01-2018","17,750.00","17,700.00","17,800.00","17,680.00","0.26K","0.11%"
"29-12-2017","17,730.00","17,825.00","17,900.00","17,680.00","0.60K","-0.28%"
"28-12-2017","17,780.00","17,565.00","17,800.00","17,530.00","1.22K","0.51%"
"27-12-2017","17,690.00","17,650.00","17,745.00","17,550.00","0.57K","0.48%"
"26-12-2017","17,605.00","17,620.00","18,040.00","17,530.00","0.96K","-0.48%"
"22-12-2017","17,690.00","17,590.00","17,710.00","17,535.00","0.70K","-0.08%"
"21-12-2017","17,705.00","17,750.00","17,800.00","17,590.00","0.92K","-18.58%"
"20-12-2017","21,745.00","21,630.00","21,950.00","21,570.00","3.82K","0.53%"
"19-12-2017","21,630.00","21,670.00","21,780.00","21,490.00","2.55K","0.02%"
"18-12-2017","21,625.00","21,550.00","21,700.00","21,370.00","2.15K","0.82%"
"15-12-2017","21,450.00","21,535.00","21,650.00","21,240.00","3.95K","-0.21%"
"14-12-2017","21,495.00","21,910.00","21,910.00","21,320.00","4.06K","-1.87%"
"13-12-2017","21,905.00","21,875.00","22,045.00","21,700.00","3.42K","0.18%"
"12-12-2017","21,865.00","21,380.00","22,020.00","21,255.00","5.18K","2.34%"
"11-12-2017","21,365.00","21,695.00","21,695.00","21,125.00","3.92K","-0.72%"
"08-12-2017","21,520.00","21,650.00","21,770.00","21,370.00","4.39K","-0.69%"
"07-12-2017","21,670.00","21,690.00","21,770.00","21,470.00","4.23K","0.07%"
"06-12-2017","21,655.00","21,795.00","21,970.00","21,475.00","3.65K","-0.51%"
"05-12-2017","21,765.00","22,460.00","22,460.00","21,580.00","5.98K","-1.16%"
"04-12-2017","22,020.00","21,500.00","22,100.00","21,500.00","2.92K","2.99%"
"01-12-2017","21,380.00","21,550.00","21,550.00","21,300.00","1.47K","-1.11%"
"30-11-2017","21,620.00","21,240.00","21,735.00","21,190.00","2.01K","1.62%"
"29-11-2017","21,275.00","21,550.00","21,555.00","21,025.00","1.85K","-0.42%"
"28-11-2017","21,365.00","20,980.00","21,500.00","20,900.00","2.77K","2.54%"
"27-11-2017","20,835.00","20,320.00","20,900.00","20,205.00","1.02K","1.61%"
"24-11-2017","20,505.00","20,900.00","21,030.00","20,450.00","3.37K","-0.34%"
"23-11-2017","20,575.00","19,915.00","20,575.00","19,915.00","2.13K","3.99%"
"22-11-2017","19,785.00","19,570.00","19,800.00","19,550.00","0.23K","1.28%"
"21-11-2017","19,535.00","19,800.00","19,900.00","19,450.00","1.29K","-3.98%"
"20-11-2017","20,345.00","19,900.00","20,445.00","19,900.00","4.20K","2.42%"
"17-11-2017","19,865.00","19,620.00","19,960.00","19,620.00","2.83K","0.79%"
"16-11-2017","19,710.00","19,580.00","19,740.00","19,580.00","1.07K","0.28%"
"15-11-2017","19,655.00","19,630.00","19,760.00","19,525.00","2.76K","0.03%"
"14-11-2017","19,650.00","19,150.00","19,740.00","19,100.00","6.47K","2.42%"
"13-11-2017","19,185.00","18,800.00","19,230.00","18,755.00","4.30K","1.75%"
"10-11-2017","18,855.00","18,860.00","18,920.00","18,770.00","3.02K","-0.13%"
"09-11-2017","18,880.00","18,895.00","18,980.00","18,765.00","2.97K","-0.40%"
"08-11-2017","18,955.00","18,950.00","18,990.00","18,870.00","1.98K","0.08%"
"07-11-2017","18,940.00","18,965.00","19,030.00","18,860.00","2.56K","-0.50%"
"06-11-2017","19,035.00","19,300.00","19,300.00","19,000.00","1.52K","-0.96%"
"03-11-2017","19,220.00","18,965.00","19,280.00","18,965.00","2.54K","1.08%"
"02-11-2017","19,015.00","18,990.00","19,070.00","18,900.00","1.94K","0.00%"
"01-11-2017","19,015.00","18,810.00","19,070.00","18,800.00","3.39K","0.82%"
"31-10-2017","18,860.00","18,830.00","18,950.00","18,710.00","2.36K","-0.19%"
"30-10-2017","18,895.00","19,145.00","19,145.00","18,790.00","3.11K","-1.43%"
"27-10-2017","19,170.00","19,385.00","19,390.00","19,070.00","2.68K","-1.29%"
"26-10-2017","19,420.00","19,420.00","19,520.00","19,375.00","2.27K","0.34%"
"25-10-2017","19,355.00","18,945.00","19,400.00","18,920.00","3.48K","2.11%"
"24-10-2017","18,955.00","18,900.00","19,010.00","18,755.00","1.79K","0.42%"
"23-10-2017","18,875.00","18,960.00","19,120.00","18,835.00","0.68K","-0.74%"
"19-10-2017","19,015.00","19,020.00","19,050.00","18,955.00","0.20K","0.42%"
"18-10-2017","18,935.00","18,870.00","18,965.00","18,860.00","0.44K","0.08%"
"17-10-2017","18,920.00","18,885.00","18,930.00","18,850.00","0.46K","0.42%"
"16-10-2017","18,840.00","18,950.00","19,020.00","18,745.00","0.79K","-0.40%"
"13-10-2017","18,915.00","19,100.00","19,150.00","18,845.00","3.34K","-0.84%"
"12-10-2017","19,075.00","19,065.00","19,140.00","19,000.00","2.23K","0.39%"
"11-10-2017","19,000.00","19,000.00","19,145.00","18,850.00","2.94K","0.26%"
"10-10-2017","18,950.00","18,825.00","19,065.00","18,805.00","3.35K","0.37%"
"09-10-2017","18,880.00","19,075.00","19,160.00","18,675.00","5.16K","-1.64%"
"06-10-2017","19,195.00","19,285.00","19,285.00","19,140.00","1.54K","-0.23%"
"05-10-2017","19,240.00","19,180.00","19,290.00","19,110.00","1.80K","0.21%"
"04-10-2017","19,200.00","19,300.00","19,380.00","19,150.00","3.18K","-0.72%"
"03-10-2017","19,340.00","19,250.00","19,545.00","19,230.00","4.26K","0.44%"
"29-09-2017","19,255.00","19,100.00","19,380.00","19,100.00","2.24K","1.02%"
"28-09-2017","19,060.00","19,040.00","19,160.00","18,860.00","5.05K","0.40%"
"27-09-2017","18,985.00","19,135.00","19,185.00","18,930.00","2.07K","-1.09%"
"26-09-2017","19,195.00","19,015.00","19,215.00","18,960.00","2.57K","0.39%"
"25-09-2017","19,120.00","19,400.00","19,400.00","18,910.00","4.69K","-1.52%"
"22-09-2017","19,415.00","19,580.00","19,645.00","19,340.00","1.79K","-1.12%"
"21-09-2017","19,635.00","19,740.00","19,810.00","19,600.00","0.89K","-0.05%"
"20-09-2017","19,645.00","19,730.00","19,730.00","19,565.00","5.22K","-0.25%"
"19-09-2017","19,695.00","19,525.00","19,875.00","19,525.00","3.45K","0.66%"
"18-09-2017","19,565.00","19,710.00","19,890.00","19,480.00","4.50K","-0.53%"
"15-09-2017","19,670.00","19,735.00","19,780.00","19,560.00","3.84K","-0.03%"
"14-09-2017","19,675.00","19,325.00","19,730.00","19,290.00","7.39K","1.92%"
"13-09-2017","19,305.00","19,170.00","19,395.00","19,170.00","2.64K","0.63%"
"12-09-2017","19,185.00","19,065.00","19,250.00","19,065.00","3.82K","-0.05%"
"11-09-2017","19,195.00","19,305.00","19,480.00","19,030.00","3.98K","-0.70%"
"08-09-2017","19,330.00","19,300.00","19,490.00","19,205.00","3.85K","-0.08%"
"07-09-2017","19,345.00","19,420.00","19,440.00","19,300.00","1.76K","-0.57%"
"06-09-2017","19,455.00","19,550.00","19,550.00","19,340.00","1.80K","0.00%"
"05-09-2017","19,455.00","19,370.00","19,540.00","19,225.00","2.63K","0.52%"
"04-09-2017","19,355.00","19,310.00","19,430.00","19,295.00","1.61K","0.44%"
"01-09-2017","19,270.00","20,000.00","20,035.00","19,190.00","7.40K","-3.58%"
"31-08-2017","19,985.00","19,900.00","20,055.00","19,850.00","3.86K","0.68%"
"30-08-2017","19,850.00","19,850.00","19,950.00","19,800.00","2.36K","0.30%"
"29-08-2017","19,790.00","19,780.00","19,905.00","19,640.00","3.48K","-0.03%"
"28-08-2017","19,795.00","20,140.00","20,220.00","19,675.00","2.77K","-2.37%"
"24-08-2017","20,275.00","20,000.00","20,385.00","19,985.00","2.24K","1.73%"
"23-08-2017","19,930.00","19,825.00","19,950.00","19,635.00","1.03K","0.86%"
"22-08-2017","19,760.00","20,035.00","20,050.00","19,685.00","1.87K","-0.90%"
"21-08-2017","19,940.00","19,900.00","20,005.00","19,825.00","2.45K","1.42%"
"18-08-2017","19,660.00","19,565.00","19,825.00","19,545.00","5.16K","0.25%"
"17-08-2017","19,610.00","19,810.00","19,870.00","19,510.00","4.48K","-0.48%"
"16-08-2017","19,705.00","19,300.00","19,850.00","19,250.00","7.04K","1.70%"
"14-08-2017","19,375.00","19,600.00","19,650.00","19,330.00","3.70K","-0.74%"
"11-08-2017","19,520.00","19,280.00","19,650.00","19,130.00","8.95K","1.04%"
"10-08-2017","19,320.00","19,400.00","19,600.00","19,250.00","5.55K","-0.36%"
"09-08-2017","19,390.00","19,460.00","19,570.00","19,345.00","4.86K","-0.41%"
"08-08-2017","19,470.00","19,400.00","19,620.00","19,340.00","4.39K","-0.18%"
"07-08-2017","19,505.00","19,690.00","19,725.00","19,460.00","3.43K","-0.86%"
"04-08-2017","19,675.00","19,375.00","19,750.00","19,285.00","6.32K","2.26%"
"03-08-2017","19,240.00","19,145.00","19,380.00","19,140.00","3.32K","0.44%"
"02-08-2017","19,155.00","19,260.00","19,350.00","18,985.00","4.02K","-1.11%"
"01-08-2017","19,370.00","19,480.00","19,555.00","19,330.00","2.43K","-0.79%"
"31-07-2017","19,525.00","19,395.00","19,695.00","19,395.00","4.25K","0.54%"
"28-07-2017","19,420.00","19,210.00","19,515.00","19,190.00","4.48K","1.01%"
"27-07-2017","19,225.00","19,615.00","19,810.00","19,225.00","3.31K","-1.99%"
"26-07-2017","19,615.00","19,395.00","19,695.00","19,270.00","2.03K","1.71%"
"25-07-2017","19,285.00","19,290.00","19,500.00","19,225.00","1.41K","-0.34%"
"24-07-2017","19,350.00","19,550.00","19,550.00","19,160.00","1.49K","-2.07%"
"21-07-2017","19,760.00","19,770.00","20,085.00","19,615.00","1.37K","0.71%"
"20-07-2017","19,620.00","19,650.00","19,800.00","19,555.00","6.39K","-0.83%"
"19-07-2017","19,785.00","19,640.00","19,880.00","19,600.00","5.80K","0.25%"
"18-07-2017","19,735.00","19,800.00","19,915.00","19,660.00","5.78K","-0.75%"
"17-07-2017","19,885.00","19,955.00","20,135.00","19,630.00","12.94K","-0.70%"
"14-07-2017","20,025.00","19,800.00","20,145.00","19,690.00","11.39K","0.96%"
"13-07-2017","19,835.00","19,180.00","19,865.00","19,070.00","15.84K","3.82%"
"12-07-2017","19,105.00","18,595.00","19,180.00","18,525.00","10.59K","3.16%"
"11-07-2017","18,520.00","18,770.00","18,835.00","18,370.00","5.65K","-0.86%"
"10-07-2017","18,680.00","18,565.00","18,785.00","18,520.00","5.66K","1.00%"
"07-07-2017","18,495.00","18,485.00","18,585.00","18,370.00","3.52K","-0.13%"
"06-07-2017","18,520.00","18,360.00","18,650.00","18,140.00","7.49K","1.01%"
"05-07-2017","18,335.00","18,290.00","18,450.00","18,245.00","4.94K","0.25%"
"04-07-2017","18,290.00","18,825.00","18,965.00","18,200.00","7.53K","-3.10%"
"03-07-2017","18,875.00","19,070.00","19,170.00","18,840.00","3.24K","-1.02%"
"30-06-2017","19,070.00","18,960.00","19,290.00","18,950.00","3.60K","0.29%"
"29-06-2017","19,015.00","19,120.00","19,135.00","18,870.00","2.94K","-0.52%"
"28-06-2017","19,115.00","18,915.00","19,350.00","18,915.00","2.48K","0.66%"
"27-06-2017","18,990.00","18,545.00","19,010.00","18,545.00","1.64K","1.88%"
"23-06-2017","18,640.00","18,475.00","18,690.00","18,405.00","1.28K","1.28%"
"22-06-2017","18,405.00","18,345.00","18,510.00","18,265.00","0.96K","-0.51%"
"21-06-2017","18,500.00","18,745.00","18,745.00","18,465.00","0.79K","-1.36%"
"20-06-2017","18,755.00","18,950.00","19,095.00","18,680.00","6.64K","-1.50%"
"19-06-2017","19,040.00","18,890.00","19,230.00","18,810.00","8.41K","0.40%"
"16-06-2017","18,965.00","18,730.00","19,080.00","18,660.00","6.61K","1.31%"
"15-06-2017","18,720.00","18,530.00","19,055.00","18,475.00","7.86K","0.62%"
"14-06-2017","18,605.00","18,295.00","18,680.00","18,290.00","5.40K","1.83%"
"13-06-2017","18,270.00","18,260.00","18,425.00","18,175.00","3.34K","0.14%"
"12-06-2017","18,245.00","18,325.00","18,520.00","18,205.00","5.52K","-0.38%"
"09-06-2017","18,315.00","18,340.00","18,480.00","18,260.00","4.19K","-0.54%"
"08-06-2017","18,415.00","18,150.00","18,470.00","18,135.00","5.13K","1.68%"
"07-06-2017","18,110.00","18,170.00","18,285.00","17,960.00","4.50K","-0.60%"
"06-06-2017","18,220.00","18,235.00","18,580.00","18,105.00","7.79K","-0.08%"
"05-06-2017","18,235.00","17,585.00","18,275.00","17,585.00","8.51K","2.99%"
"02-06-2017","17,705.00","17,720.00","17,835.00","17,530.00","5.23K","-0.39%"
"01-06-2017","17,775.00","17,750.00","17,880.00","17,710.00","2.23K","0.28%"
"31-05-2017","17,725.00","17,700.00","17,785.00","17,405.00","4.48K","0.14%"
"30-05-2017","17,700.00","17,575.00","17,820.00","17,420.00","4.80K","0.85%"
"29-05-2017","17,550.00","18,000.00","18,020.00","17,420.00","3.02K","-2.50%"
"26-05-2017","18,000.00","17,645.00","18,050.00","17,615.00","2.95K","1.18%"
"25-05-2017","17,790.00","17,735.00","17,950.00","17,610.00","2.38K","0.25%"
"24-05-2017","17,745.00","18,105.00","18,150.00","17,700.00","1.66K","-2.50%"
"23-05-2017","18,200.00","18,260.00","18,280.00","18,000.00","1.50K","-0.44%"
"22-05-2017","18,280.00","18,320.00","18,380.00","18,225.00","0.56K","0.08%"
"19-05-2017","18,265.00","18,000.00","18,370.00","18,000.00","6.62K","1.84%"
"18-05-2017","17,935.00","17,945.00","18,065.00","17,665.00","8.78K","0.06%"
"17-05-2017","17,925.00","18,235.00","18,270.00","17,875.00","6.82K","-1.19%"
"16-05-2017","18,140.00","17,950.00","18,180.00","17,800.00","7.28K","1.09%"
"15-05-2017","17,945.00","18,380.00","18,390.00","17,885.00","6.99K","-3.24%"
"12-05-2017","18,545.00","18,715.00","18,720.00","18,460.00","5.19K","-0.22%"
"11-05-2017","18,585.00","18,420.00","18,760.00","18,380.00","6.28K","0.95%"
"10-05-2017","18,410.00","18,510.00","18,530.00","18,315.00","6.86K","-0.83%"
"09-05-2017","18,565.00","18,385.00","18,685.00","18,215.00","9.62K","0.98%"
"08-05-2017","18,385.00","18,460.00","18,680.00","18,280.00","7.30K","-0.46%"
"05-05-2017","18,470.00","18,500.00","18,650.00","17,870.00","11.42K","0.03%"
"04-05-2017","18,465.00","18,400.00","18,580.00","18,190.00","8.27K","0.24%"
"03-05-2017","18,420.00","19,020.00","19,040.00","18,350.00","9.02K","-3.56%"
"02-05-2017","19,100.00","19,880.00","19,910.00","18,990.00","7.13K","-2.82%"
"28-04-2017","19,655.00","19,275.00","19,655.00","19,250.00","6.62K","2.00%"
"27-04-2017","19,270.00","19,420.00","19,440.00","19,190.00","2.60K","-0.57%"
"26-04-2017","19,380.00","19,550.00","19,610.00","19,315.00","3.81K","-0.87%"
"25-04-2017","19,550.00","19,050.00","19,615.00","19,050.00","2.52K","2.44%"
"24-04-2017","19,085.00","19,370.00","19,420.00","18,890.00","2.01K","-0.88%"
"21-04-2017","19,255.00","19,500.00","19,570.00","19,205.00","1.17K","-0.62%"
"20-04-2017","19,375.00","19,400.00","19,585.00","19,255.00","10.31K","-0.13%"
"19-04-2017","19,400.00","19,770.00","19,800.00","19,340.00","12.62K","-0.26%"
"18-04-2017","19,450.00","19,325.00","19,545.00","19,100.00","9.41K","0.18%"
"17-04-2017","19,415.00","19,115.00","19,725.00","19,115.00","13.49K","2.16%"
"13-04-2017","19,005.00","19,025.00","19,260.00","18,920.00","9.80K","-1.27%"
"12-04-2017","19,250.00","19,440.00","19,470.00","18,970.00","12.81K","-1.26%"
"11-04-2017","19,495.00","19,250.00","19,745.00","19,250.00","14.27K","1.59%"
"10-04-2017","19,190.00","19,115.00","19,300.00","18,930.00","11.65K","0.39%"
"07-04-2017","19,115.00","19,370.00","19,630.00","18,810.00","17.27K","-1.29%"
"06-04-2017","19,365.00","18,760.00","19,490.00","18,635.00","13.25K","2.62%"
"05-04-2017","18,870.00","19,215.00","19,330.00","18,700.00","14.39K","0.16%"
"04-04-2017","18,840.00","18,840.00","18,840.00","18,840.00","","0.00%"
"03-04-2017","18,840.00","18,380.00","18,840.00","18,380.00","8.36K","3.97%"
"31-03-2017","18,120.00","18,165.00","18,420.00","18,010.00","5.76K","-0.28%"
"30-03-2017","18,170.00","18,380.00","18,585.00","18,090.00","4.56K","-1.46%"
"29-03-2017","18,440.00","18,440.00","18,640.00","18,375.00","5.44K","-0.54%"
"28-03-2017","18,540.00","18,080.00","18,745.00","18,080.00","5.64K","2.86%"
"27-03-2017","18,025.00","18,230.00","18,505.00","17,965.00","4.06K","-0.66%"
"24-03-2017","18,145.00","18,140.00","18,740.00","18,050.00","7.28K","0.06%"
"23-03-2017","18,135.00","17,410.00","18,135.00","17,410.00","6.18K","3.99%"
"22-03-2017","17,440.00","17,155.00","17,475.00","17,100.00","2.02K","1.45%"
"21-03-2017","17,190.00","17,360.00","17,520.00","17,150.00","1.75K","-0.17%"
"20-03-2017","17,220.00","17,100.00","17,385.00","17,000.00","9.42K","2.10%"
"17-03-2017","16,865.00","16,850.00","16,940.00","16,725.00","4.12K","-0.56%"
"16-03-2017","16,960.00","16,950.00","17,070.00","16,815.00","4.56K","0.62%"
"15-03-2017","16,855.00","16,775.00","16,960.00","16,760.00","3.40K","0.69%"
"14-03-2017","16,740.00","16,905.00","17,025.00","16,670.00","4.38K","-1.59%"
"10-03-2017","17,010.00","17,300.00","17,370.00","16,955.00","9.34K","-1.22%"
"09-03-2017","17,220.00","16,855.00","17,430.00","16,855.00","9.83K","1.77%"
"08-03-2017","16,920.00","16,970.00","17,020.00","16,810.00","5.19K","-0.29%"
"07-03-2017","16,970.00","16,610.00","17,090.00","16,560.00","8.63K","1.80%"
"06-03-2017","16,670.00","16,515.00","16,800.00","16,455.00","5.02K","-0.24%"
"03-03-2017","16,710.00","16,940.00","16,975.00","16,650.00","4.25K","-1.62%"
"02-03-2017","16,985.00","16,700.00","17,055.00","16,605.00","4.20K","1.65%"
"01-03-2017","16,710.00","16,620.00","16,925.00","16,620.00","3.07K","-0.12%"
"28-02-2017","16,730.00","16,385.00","16,760.00","16,385.00","3.10K","1.42%"
"27-02-2017","16,495.00","16,915.00","16,915.00","16,435.00","3.20K","-3.54%"
"24-02-2017","17,100.00","17,100.00","17,100.00","17,100.00","","0.00%"
"23-02-2017","17,100.00","17,165.00","17,175.00","17,010.00","1.51K","-0.52%"
"22-02-2017","17,190.00","17,135.00","17,390.00","17,080.00","2.01K","0.35%"
"21-02-2017","17,130.00","16,790.00","17,130.00","16,710.00","1.53K","1.99%"
"20-02-2017","16,795.00","16,975.00","16,990.00","16,760.00","1.37K","-1.44%"
"17-02-2017","17,040.00","16,895.00","17,140.00","16,875.00","1.31K","0.92%"
"16-02-2017","16,885.00","16,975.00","17,045.00","16,825.00","0.92K","-0.27%"
"15-02-2017","16,930.00","16,785.00","17,045.00","16,785.00","1.27K","0.98%"
"14-02-2017","16,765.00","16,640.00","16,860.00","16,635.00","0.82K","0.36%"
"13-02-2017","16,705.00","16,860.00","16,900.00","16,660.00","1.27K","-1.45%"
"10-02-2017","16,950.00","16,990.00","17,050.00","16,835.00","1.59K","-0.64%"
"09-02-2017","17,060.00","17,205.00","17,220.00","17,020.00","0.81K","-0.73%"
"08-02-2017","17,185.00","17,175.00","17,250.00","17,050.00","0.63K","0.61%"
"07-02-2017","17,080.00","17,150.00","17,160.00","17,025.00","1.32K","-0.41%"
"06-02-2017","17,150.00","17,450.00","17,450.00","17,130.00","1.23K","-2.08%"
"03-02-2017","17,515.00","17,620.00","17,620.00","17,425.00","0.43K","-0.74%"
"02-02-2017","17,645.00","17,580.00","17,730.00","17,385.00","1.17K","0.00%"
"01-02-2017","17,645.00","17,585.00","17,845.00","17,550.00","0.59K","0.17%"
"31-01-2017","17,615.00","17,425.00","17,660.00","17,425.00","0.42K","1.15%"
"30-01-2017","17,415.00","17,455.00","17,495.00","17,275.00","1.13K","-1.19%"
"27-01-2017","17,625.00","18,170.00","18,200.00","17,460.00","1.87K","-2.95%"
"25-01-2017","18,160.00","17,750.00","18,160.00","17,595.00","0.82K","1.99%"
"24-01-2017","17,805.00","17,995.00","18,000.00","17,730.00","0.82K","-1.38%"
"23-01-2017","18,055.00","17,830.00","18,090.00","17,690.00","0.99K","0.98%"
"20-01-2017","17,880.00","17,545.00","17,950.00","17,510.00","4.23K","2.26%"
"19-01-2017","17,485.00","17,490.00","17,600.00","17,355.00","2.06K","-0.29%"
"18-01-2017","17,535.00","17,565.00","17,695.00","17,475.00","2.18K","-0.43%"
"17-01-2017","17,610.00","17,585.00","17,750.00","17,425.00","2.97K","0.14%"
"16-01-2017","17,585.00","17,335.00","17,640.00","17,335.00","2.21K","1.06%"
"13-01-2017","17,400.00","17,220.00","17,470.00","17,205.00","2.70K","1.13%"
"12-01-2017","17,205.00","16,990.00","17,260.00","16,910.00","2.84K","1.27%"
"11-01-2017","16,990.00","16,750.00","17,035.00","16,725.00","2.52K","1.07%"
"10-01-2017","16,810.00","17,100.00","17,225.00","16,725.00","3.16K","-1.95%"
"09-01-2017","17,145.00","17,010.00","17,280.00","16,925.00","3.47K","0.62%"
"06-01-2017","17,040.00","16,770.00","17,110.00","16,630.00","2.31K","1.55%"
"05-01-2017","16,780.00","16,795.00","16,915.00","16,720.00","0.84K","0.54%"
"04-01-2017","16,690.00","16,900.00","16,900.00","16,655.00","0.95K","-1.39%"
"03-01-2017","16,925.00","16,870.00","17,090.00","16,820.00","1.62K","0.86%"
"02-01-2017","16,780.00","16,520.00","16,800.00","16,505.00","1.54K","2.47%"