"Date","Price","Open","High","Low","Vol.","Change %"
"30-04-2026","1,741.50","1,741.50","1,741.50","1,741.50","","0.06%"
"29-04-2026","1,740.50","1,740.50","1,740.50","1,740.50","","0.26%"
"28-04-2026","1,736.00","1,736.00","1,736.00","1,736.00","","-0.29%"
"27-04-2026","1,741.00","1,741.00","1,741.00","1,741.00","","0.32%"
"24-04-2026","1,735.50","1,735.50","1,735.50","1,735.50","","0.03%"
"23-04-2026","1,735.00","1,735.00","1,735.00","1,735.00","","-0.57%"
"22-04-2026","1,745.00","1,745.00","1,745.00","1,745.00","","0.03%"
"21-04-2026","1,744.50","1,744.50","1,744.50","1,744.50","","0.26%"
"20-04-2026","1,740.00","1,740.00","1,740.00","1,740.00","","0.46%"
"17-04-2026","1,732.00","1,732.00","1,732.00","1,732.00","","0.29%"
"16-04-2026","1,727.00","1,727.00","1,727.00","1,727.00","","0.41%"
"15-04-2026","1,720.00","1,720.00","1,720.00","1,720.00","","-0.43%"
"13-04-2026","1,727.50","1,727.50","1,727.50","1,727.50","","0.00%"
"10-04-2026","1,727.50","1,727.50","1,727.50","1,727.50","","0.09%"
"09-04-2026","1,726.00","1,726.00","1,726.00","1,726.00","","-1.00%"
"08-04-2026","1,743.50","1,743.50","1,743.50","1,743.50","","-0.31%"
"07-04-2026","1,749.00","1,749.00","1,749.00","1,749.00","","-0.06%"
"06-04-2026","1,750.00","1,750.00","1,750.00","1,750.00","","1.19%"
"02-04-2026","1,729.50","1,729.50","1,729.50","1,729.50","","0.26%"
"01-04-2026","1,725.00","1,725.00","1,725.00","1,725.00","","2.47%"
"30-03-2026","1,683.50","1,683.50","1,683.50","1,683.50","","1.32%"
"27-03-2026","1,661.50","1,661.50","1,661.50","1,661.50","","0.48%"
"25-03-2026","1,653.50","1,653.50","1,653.50","1,653.50","","0.18%"
"24-03-2026","1,650.50","1,650.50","1,650.50","1,650.50","","0.18%"
"23-03-2026","1,647.50","1,647.50","1,647.50","1,647.50","","0.27%"
"20-03-2026","1,643.00","1,643.00","1,643.00","1,643.00","","0.52%"
"19-03-2026","1,634.50","1,634.50","1,634.50","1,634.50","","0.00%"
"18-03-2026","1,634.50","1,634.50","1,634.50","1,634.50","","0.46%"
"17-03-2026","1,627.00","1,627.00","1,627.00","1,627.00","","0.31%"
"16-03-2026","1,622.00","1,622.00","1,622.00","1,622.00","","0.34%"
"13-03-2026","1,616.50","1,616.50","1,616.50","1,616.50","","0.43%"
"12-03-2026","1,609.50","1,609.50","1,609.50","1,609.50","","0.31%"
"11-03-2026","1,604.50","1,604.50","1,604.50","1,604.50","","0.09%"
"10-03-2026","1,603.00","1,603.00","1,603.00","1,603.00","","-0.19%"
"09-03-2026","1,606.00","1,606.00","1,606.00","1,606.00","","1.04%"
"06-03-2026","1,589.50","1,589.50","1,589.50","1,589.50","","0.19%"
"05-03-2026","1,586.50","1,586.50","1,586.50","1,586.50","","-0.31%"
"04-03-2026","1,591.50","1,591.50","1,591.50","1,591.50","","0.00%"
"02-03-2026","1,591.50","1,591.50","1,591.50","1,591.50","","3.41%"
"27-02-2026","1,539.00","1,539.00","1,539.00","1,539.00","","-0.06%"
"26-02-2026","1,540.00","1,540.00","1,540.00","1,540.00","0.00K","0.23%"
"25-02-2026","1,536.50","1,536.50","1,536.50","1,536.50","","0.13%"
"24-02-2026","1,534.50","1,525.00","1,538.00","1,525.00","0.01K","-0.23%"
"23-02-2026","1,538.00","1,545.00","1,545.00","1,530.00","0.02K","0.46%"
"20-02-2026","1,531.00","1,531.00","1,531.00","1,531.00","0.00K","0.20%"
"19-02-2026","1,528.00","1,539.00","1,539.00","1,525.00","0.01K","0.13%"
"18-02-2026","1,526.00","1,530.00","1,530.00","1,525.00","0.01K","0.76%"
"17-02-2026","1,514.50","1,514.50","1,514.50","1,514.50","","-1.27%"
"16-02-2026","1,534.00","1,525.00","1,537.00","1,525.00","0.01K","-0.36%"
"13-02-2026","1,539.50","1,540.00","1,540.00","1,535.00","0.01K","0.29%"
"12-02-2026","1,535.00","1,519.00","1,540.00","1,519.00","0.01K","0.99%"
"11-02-2026","1,520.00","1,520.00","1,520.00","1,520.00","","-1.30%"
"10-02-2026","1,540.00","1,530.00","1,545.00","1,500.00","0.03K","-0.03%"
"09-02-2026","1,540.50","1,540.00","1,554.00","1,540.00","0.09K","-0.90%"
"06-02-2026","1,554.50","1,556.00","1,556.00","1,552.00","0.00K","-0.96%"
"05-02-2026","1,569.50","1,565.00","1,570.00","1,565.00","0.02K","0.19%"
"04-02-2026","1,566.50","1,573.00","1,573.00","1,563.00","0.01K","-0.13%"
"03-02-2026","1,568.50","1,587.00","1,587.00","1,566.00","0.03K","-0.06%"
"02-02-2026","1,569.50","1,570.00","1,572.00","1,563.50","0.03K","-0.35%"
"01-02-2026","1,575.00","1,584.00","1,584.00","1,566.00","0.03K","-0.63%"
"30-01-2026","1,585.00","1,586.00","1,586.00","1,582.50","0.00K","-0.16%"
"29-01-2026","1,587.50","1,596.00","1,596.00","1,585.00","0.01K","0.13%"
"28-01-2026","1,585.50","1,602.00","1,603.00","1,585.00","0.02K","-0.44%"
"27-01-2026","1,592.50","1,590.00","1,596.00","1,590.00","0.01K","0.50%"
"23-01-2026","1,584.50","1,587.00","1,587.00","1,580.00","0.00K","-0.22%"
"22-01-2026","1,588.00","1,590.00","1,595.00","1,581.00","0.01K","-0.47%"
"21-01-2026","1,595.50","1,600.00","1,600.00","1,588.50","0.02K","0.44%"
"20-01-2026","1,588.50","1,588.50","1,588.50","1,588.00","0.00K","-0.59%"
"19-01-2026","1,598.00","1,608.00","1,609.00","1,590.00","0.01K","-0.71%"
"16-01-2026","1,609.50","1,615.00","1,630.00","1,606.00","0.04K","-0.46%"
"14-01-2026","1,617.00","1,618.00","1,626.00","1,612.00","0.02K","-0.46%"
"13-01-2026","1,624.50","1,636.50","1,636.50","1,622.00","0.03K","-0.85%"
"12-01-2026","1,638.50","1,598.00","1,654.00","1,598.00","0.09K","2.41%"
"09-01-2026","1,600.00","1,589.50","1,601.00","1,589.50","0.04K","0.91%"
"08-01-2026","1,585.50","1,595.00","1,599.00","1,579.00","0.03K","0.03%"
"07-01-2026","1,585.00","1,584.50","1,585.00","1,584.50","0.01K","-0.28%"
"06-01-2026","1,589.50","1,590.00","1,593.00","1,582.50","0.05K","0.35%"
"05-01-2026","1,584.00","1,570.00","1,585.00","1,570.00","0.03K","0.96%"
"02-01-2026","1,569.00","1,566.00","1,577.00","1,563.00","0.03K","0.67%"
"01-01-2026","1,558.50","1,554.00","1,560.00","1,554.00","0.00K","-0.29%"
"31-12-2025","1,563.00","1,565.00","1,565.00","1,561.00","0.01K","0.97%"
"30-12-2025","1,548.00","1,565.00","1,565.00","1,529.00","0.02K","-1.21%"
"29-12-2025","1,567.00","1,565.00","1,570.00","1,565.00","0.01K","-0.03%"
"26-12-2025","1,567.50","1,562.00","1,569.00","1,562.00","0.02K","0.38%"
"24-12-2025","1,561.50","1,560.00","1,568.00","1,560.00","0.04K","0.06%"
"23-12-2025","1,560.50","1,561.00","1,561.00","1,560.00","0.01K","0.52%"
"22-12-2025","1,552.50","1,552.50","1,552.50","1,552.00","0.00K","0.06%"
"19-12-2025","1,551.50","1,552.00","1,552.00","1,551.00","0.00K","-0.23%"
"18-12-2025","1,555.00","1,555.00","1,555.50","1,552.50","0.01K","0.19%"
"17-12-2025","1,552.00","1,534.00","1,555.00","1,534.00","0.06K","1.27%"
"16-12-2025","1,532.50","1,522.00","1,535.00","1,522.00","0.02K","0.72%"
"15-12-2025","1,521.50","1,521.50","1,521.50","1,521.50","","0.00%"
"12-12-2025","1,521.50","1,530.50","1,530.50","1,520.00","0.02K","-1.27%"
"11-12-2025","1,541.00","1,541.00","1,541.00","1,541.00","","0.00%"
"10-12-2025","1,541.00","1,533.50","1,546.00","1,533.00","0.01K","0.33%"
"09-12-2025","1,536.00","1,536.00","1,536.00","1,536.00","","0.00%"
"08-12-2025","1,536.00","1,539.00","1,539.00","1,535.00","0.01K","0.42%"
"05-12-2025","1,529.50","1,530.00","1,530.00","1,528.00","0.02K","0.16%"
"04-12-2025","1,527.00","1,530.00","1,530.00","1,525.00","0.00K","0.23%"
"03-12-2025","1,523.50","1,523.50","1,523.50","1,523.50","","0.00%"
"02-12-2025","1,523.50","1,521.00","1,525.00","1,520.00","0.01K","-0.68%"
"01-12-2025","1,534.00","1,538.00","1,538.00","1,525.00","0.01K","6.34%"
"28-11-2025","1,442.50","1,442.50","1,442.50","1,442.50","","0.45%"
"27-11-2025","1,436.00","1,436.00","1,436.00","1,436.00","","-0.07%"
"26-11-2025","1,437.00","1,437.00","1,437.00","1,437.00","","0.10%"
"25-11-2025","1,435.50","1,435.50","1,435.50","1,435.50","","0.17%"
"24-11-2025","1,433.00","1,433.00","1,433.00","1,433.00","","0.74%"
"21-11-2025","1,422.50","1,422.50","1,422.50","1,422.50","","-0.04%"
"20-11-2025","1,423.00","1,423.00","1,423.00","1,423.00","","0.00%"
"19-11-2025","1,423.00","1,423.00","1,423.00","1,423.00","","-0.04%"
"18-11-2025","1,423.50","1,423.50","1,423.50","1,423.50","","-0.38%"
"17-11-2025","1,429.00","1,429.00","1,429.00","1,429.00","","-1.07%"
"14-11-2025","1,444.50","1,444.50","1,444.50","1,444.50","","-0.48%"
"13-11-2025","1,451.50","1,451.50","1,451.50","1,451.50","","-0.31%"
"12-11-2025","1,456.00","1,456.00","1,456.00","1,456.00","","0.10%"
"11-11-2025","1,454.50","1,454.50","1,454.50","1,454.50","","-0.44%"
"10-11-2025","1,461.00","1,461.00","1,461.00","1,461.00","","-0.78%"
"07-11-2025","1,472.50","1,472.50","1,472.50","1,472.50","","-0.94%"
"06-11-2025","1,486.50","1,486.50","1,486.50","1,486.50","","-1.59%"
"04-11-2025","1,510.50","1,510.50","1,510.50","1,510.50","","-0.26%"
"03-11-2025","1,514.50","1,514.50","1,514.50","1,514.50","","-0.03%"
"31-10-2025","1,515.00","1,515.00","1,515.00","1,515.00","","-0.03%"
"30-10-2025","1,515.50","1,515.50","1,515.50","1,515.50","","-0.23%"
"29-10-2025","1,519.00","1,519.00","1,519.00","1,519.00","","0.40%"
"28-10-2025","1,513.00","1,513.00","1,513.00","1,513.00","","0.27%"
"27-10-2025","1,509.00","1,509.00","1,509.00","1,509.00","","0.27%"
"24-10-2025","1,505.00","1,505.00","1,505.00","1,505.00","","0.00%"
"23-10-2025","1,505.00","1,505.00","1,505.00","1,505.00","","-0.03%"
"21-10-2025","1,505.50","1,505.50","1,505.50","1,505.50","","-0.03%"
"20-10-2025","1,506.00","1,506.00","1,506.00","1,506.00","","-0.03%"
"17-10-2025","1,506.50","1,506.50","1,506.50","1,506.50","","0.07%"
"16-10-2025","1,505.50","1,505.50","1,505.50","1,505.50","","-0.36%"
"15-10-2025","1,511.00","1,511.00","1,511.00","1,511.00","","-0.85%"
"14-10-2025","1,524.00","1,524.00","1,524.00","1,524.00","","-1.10%"
"13-10-2025","1,541.00","1,541.00","1,541.00","1,541.00","","-0.71%"
"10-10-2025","1,552.00","1,552.00","1,552.00","1,552.00","","0.00%"
"09-10-2025","1,552.00","1,552.00","1,552.00","1,552.00","","-0.13%"
"08-10-2025","1,554.00","1,554.00","1,554.00","1,554.00","","0.06%"
"07-10-2025","1,553.00","1,553.00","1,553.00","1,553.00","","0.19%"
"06-10-2025","1,550.00","1,550.00","1,550.00","1,550.00","","0.49%"
"03-10-2025","1,542.50","1,542.50","1,542.50","1,542.50","","-0.32%"
"01-10-2025","1,547.50","1,547.50","1,547.50","1,547.50","","-0.55%"
"30-09-2025","1,556.00","1,556.00","1,556.00","1,556.00","","0.19%"
"29-09-2025","1,553.00","1,553.00","1,553.00","1,553.00","","0.98%"
"26-09-2025","1,538.00","1,538.00","1,538.00","1,538.00","","-1.76%"
"25-09-2025","1,565.50","1,565.50","1,565.50","1,565.50","","-0.70%"
"24-09-2025","1,576.50","1,576.50","1,576.50","1,576.50","","-0.13%"
"23-09-2025","1,578.50","1,578.50","1,578.50","1,578.50","","-0.28%"
"22-09-2025","1,583.00","1,583.00","1,583.00","1,583.00","","-0.53%"
"19-09-2025","1,591.50","1,591.50","1,591.50","1,591.50","","0.03%"
"18-09-2025","1,591.00","1,591.00","1,591.00","1,591.00","","-0.28%"
"17-09-2025","1,595.50","1,595.50","1,595.50","1,595.50","","-0.31%"
"16-09-2025","1,600.50","1,600.50","1,600.50","1,600.50","","0.03%"
"15-09-2025","1,600.00","1,600.00","1,600.00","1,600.00","","0.31%"
"12-09-2025","1,595.00","1,595.00","1,595.00","1,595.00","","0.16%"
"11-09-2025","1,592.50","1,592.50","1,592.50","1,592.50","","0.13%"
"10-09-2025","1,590.50","1,590.50","1,590.50","1,590.50","","-0.56%"
"09-09-2025","1,599.50","1,599.50","1,599.50","1,599.50","","0.19%"
"08-09-2025","1,596.50","1,596.50","1,596.50","1,596.50","","0.44%"
"05-09-2025","1,589.50","1,589.50","1,589.50","1,589.50","","0.13%"
"04-09-2025","1,587.50","1,587.50","1,587.50","1,587.50","","-0.31%"
"03-09-2025","1,592.50","1,592.50","1,592.50","1,592.50","","0.25%"
"02-09-2025","1,588.50","1,588.50","1,588.50","1,588.50","","-0.38%"
"01-09-2025","1,594.50","1,594.50","1,594.50","1,594.50","","-1.42%"
"29-08-2025","1,617.50","1,617.50","1,617.50","1,617.50","","-0.25%"
"28-08-2025","1,621.50","1,621.50","1,621.50","1,621.50","","-0.80%"
"26-08-2025","1,634.50","1,634.50","1,634.50","1,634.50","","-0.21%"
"25-08-2025","1,638.00","1,638.00","1,638.00","1,638.00","","0.06%"
"22-08-2025","1,637.00","1,637.00","1,637.00","1,637.00","","0.40%"
"21-08-2025","1,630.50","1,630.50","1,630.50","1,630.50","","-0.46%"
"20-08-2025","1,638.00","1,638.00","1,638.00","1,638.00","","0.46%"
"19-08-2025","1,630.50","1,630.50","1,630.50","1,630.50","","-0.37%"
"18-08-2025","1,636.50","1,636.50","1,636.50","1,636.50","","-0.06%"
"14-08-2025","1,637.50","1,637.50","1,637.50","1,637.50","","-0.03%"
"13-08-2025","1,638.00","1,638.00","1,638.00","1,638.00","","-0.09%"
"12-08-2025","1,639.50","1,639.50","1,639.50","1,639.50","","0.09%"
"11-08-2025","1,638.00","1,638.00","1,638.00","1,638.00","","-0.21%"
"08-08-2025","1,641.50","1,641.50","1,641.50","1,641.50","","-0.30%"
"07-08-2025","1,646.50","1,646.50","1,646.50","1,646.50","","-0.15%"
"06-08-2025","1,649.00","1,649.00","1,649.00","1,649.00","","0.70%"
"05-08-2025","1,637.50","1,637.50","1,637.50","1,637.50","","-0.67%"
"04-08-2025","1,648.50","1,648.50","1,648.50","1,648.50","","0.95%"
"01-08-2025","1,633.00","1,633.00","1,633.00","1,633.00","","0.03%"
"31-07-2025","1,632.50","1,632.50","1,632.50","1,632.50","","-1.12%"
"30-07-2025","1,651.00","1,651.00","1,651.00","1,651.00","","-0.18%"
"29-07-2025","1,654.00","1,654.00","1,654.00","1,654.00","","0.52%"
"28-07-2025","1,645.50","1,645.50","1,645.50","1,645.50","","-0.51%"
"25-07-2025","1,654.00","1,654.00","1,654.00","1,654.00","","0.27%"
"24-07-2025","1,649.50","1,649.50","1,649.50","1,649.50","","0.03%"
"23-07-2025","1,649.00","1,649.00","1,649.00","1,649.00","","0.52%"
"22-07-2025","1,640.50","1,640.50","1,640.50","1,640.50","","-0.21%"
"21-07-2025","1,644.00","1,644.00","1,644.00","1,644.00","","-0.51%"
"18-07-2025","1,652.50","1,652.50","1,652.50","1,652.50","","-0.06%"
"17-07-2025","1,653.50","1,653.50","1,653.50","1,653.50","","-0.30%"
"16-07-2025","1,658.50","1,658.50","1,658.50","1,658.50","","0.55%"
"15-07-2025","1,649.50","1,649.50","1,649.50","1,649.50","","0.33%"
"14-07-2025","1,644.00","1,644.00","1,644.00","1,644.00","","1.26%"
"11-07-2025","1,623.50","1,623.50","1,623.50","1,623.50","","-0.43%"
"10-07-2025","1,630.50","1,630.50","1,630.50","1,630.50","","0.28%"
"09-07-2025","1,626.00","1,626.00","1,626.00","1,626.00","","0.28%"
"08-07-2025","1,621.50","1,621.50","1,621.50","1,621.50","","-0.03%"
"07-07-2025","1,622.00","1,622.00","1,622.00","1,622.00","","-0.28%"
"04-07-2025","1,626.50","1,626.50","1,626.50","1,626.50","","-0.12%"
"03-07-2025","1,628.50","1,628.50","1,628.50","1,628.50","","0.31%"
"02-07-2025","1,623.50","1,623.50","1,623.50","1,623.50","","0.22%"
"01-07-2025","1,620.00","1,620.00","1,620.00","1,620.00","","0.43%"
"30-06-2025","1,613.00","1,613.00","1,613.00","1,613.00","","0.69%"
"27-06-2025","1,602.00","1,602.00","1,602.00","1,602.00","","-0.44%"
"26-06-2025","1,609.00","1,609.00","1,609.00","1,609.00","","-0.03%"
"25-06-2025","1,609.50","1,609.50","1,609.50","1,609.50","","0.00%"
"24-06-2025","1,609.50","1,609.50","1,609.50","1,609.50","","0.06%"
"23-06-2025","1,608.50","1,608.50","1,608.50","1,608.50","","-0.09%"
"20-06-2025","1,610.00","1,610.00","1,610.00","1,610.00","","0.03%"
"19-06-2025","1,609.50","1,609.50","1,609.50","1,609.50","","-0.49%"
"18-06-2025","1,617.50","1,617.50","1,617.50","1,617.50","","-0.12%"
"17-06-2025","1,619.50","1,619.50","1,619.50","1,619.50","","0.28%"
"16-06-2025","1,615.00","1,615.00","1,615.00","1,615.00","","0.59%"
"13-06-2025","1,605.50","1,605.50","1,605.50","1,605.50","","-0.06%"
"12-06-2025","1,606.50","1,606.50","1,606.50","1,606.50","","1.13%"
"11-06-2025","1,588.50","1,588.50","1,588.50","1,588.50","","0.70%"
"10-06-2025","1,577.50","1,577.50","1,577.50","1,577.50","","-0.22%"
"09-06-2025","1,581.00","1,581.00","1,581.00","1,581.00","","0.09%"
"06-06-2025","1,579.50","1,579.50","1,579.50","1,579.50","","-0.28%"
"05-06-2025","1,584.00","1,584.00","1,584.00","1,584.00","","0.54%"
"04-06-2025","1,575.50","1,575.50","1,575.50","1,575.50","","0.90%"
"03-06-2025","1,561.50","1,561.50","1,561.50","1,561.50","","0.32%"
"02-06-2025","1,556.50","1,556.50","1,556.50","1,556.50","","0.39%"
"30-05-2025","1,550.50","1,550.50","1,550.50","1,550.50","","-0.10%"
"29-05-2025","1,552.00","1,552.00","1,552.00","1,552.00","","0.06%"
"28-05-2025","1,551.00","1,551.00","1,551.00","1,551.00","","0.06%"
"27-05-2025","1,550.00","1,550.00","1,550.00","1,550.00","","-0.19%"
"26-05-2025","1,553.00","1,553.00","1,553.00","1,553.00","","0.06%"
"23-05-2025","1,552.00","1,552.00","1,552.00","1,552.00","","-0.51%"
"22-05-2025","1,560.00","1,560.00","1,560.00","1,560.00","","0.32%"
"21-05-2025","1,555.00","1,555.00","1,555.00","1,555.00","","-0.16%"
"20-05-2025","1,557.50","1,557.50","1,557.50","1,557.50","","-0.13%"
"19-05-2025","1,559.50","1,559.50","1,559.50","1,559.50","","-0.19%"
"16-05-2025","1,562.50","1,562.50","1,562.50","1,562.50","","0.03%"
"15-05-2025","1,562.00","1,562.00","1,562.00","1,562.00","","0.00%"
"14-05-2025","1,562.00","1,562.00","1,562.00","1,562.00","","-0.10%"
"13-05-2025","1,563.50","1,563.50","1,563.50","1,563.50","","-0.16%"
"12-05-2025","1,566.00","1,566.00","1,566.00","1,566.00","","0.06%"
"09-05-2025","1,565.00","1,565.00","1,565.00","1,565.00","","-0.13%"
"08-05-2025","1,567.00","1,567.00","1,567.00","1,567.00","","0.58%"
"07-05-2025","1,558.00","1,558.00","1,558.00","1,558.00","","-0.03%"
"06-05-2025","1,558.50","1,558.50","1,558.50","1,558.50","","0.03%"
"05-05-2025","1,558.00","1,558.00","1,558.00","1,558.00","","-0.32%"
"02-05-2025","1,563.00","1,563.00","1,563.00","1,563.00","","1.59%"
"30-04-2025","1,538.50","1,538.50","1,538.50","1,538.50","","0.23%"
"29-04-2025","1,535.00","1,535.00","1,535.00","1,535.00","","-0.10%"
"28-04-2025","1,536.50","1,536.50","1,536.50","1,536.50","","-0.23%"
"25-04-2025","1,540.00","1,540.00","1,540.00","1,540.00","","0.06%"
"24-04-2025","1,539.00","1,539.00","1,539.00","1,539.00","","-0.06%"
"23-04-2025","1,540.00","1,540.00","1,540.00","1,540.00","","0.00%"
"22-04-2025","1,540.00","1,540.00","1,540.00","1,540.00","","0.23%"
"21-04-2025","1,536.50","1,536.50","1,536.50","1,536.50","","0.42%"
"17-04-2025","1,530.00","1,530.00","1,530.00","1,530.00","","0.39%"
"16-04-2025","1,524.00","1,524.00","1,524.00","1,524.00","","0.00%"
"15-04-2025","1,524.00","1,524.00","1,524.00","1,524.00","","-0.13%"
"11-04-2025","1,526.00","1,526.00","1,526.00","1,526.00","","0.39%"
"09-04-2025","1,520.00","1,520.00","1,520.00","1,520.00","","-0.26%"
"08-04-2025","1,524.00","1,524.00","1,524.00","1,524.00","","-0.39%"
"07-04-2025","1,530.00","1,530.00","1,530.00","1,530.00","","0.20%"
"04-04-2025","1,527.00","1,527.00","1,527.00","1,527.00","","-0.07%"
"03-04-2025","1,528.00","1,528.00","1,528.00","1,528.00","","-0.46%"
"02-04-2025","1,535.00","1,535.00","1,535.00","1,535.00","","0.52%"
"01-04-2025","1,527.00","1,527.00","1,527.00","1,527.00","","2.31%"
"28-03-2025","1,492.50","1,492.50","1,492.50","1,492.50","","0.00%"
"27-03-2025","1,492.50","1,492.50","1,492.50","1,492.50","","-0.03%"
"26-03-2025","1,493.00","1,493.00","1,493.00","1,493.00","","0.00%"
"25-03-2025","1,493.00","1,493.00","1,493.00","1,493.00","","-0.37%"
"24-03-2025","1,498.50","1,498.50","1,498.50","1,498.50","","-0.37%"
"21-03-2025","1,504.00","1,504.00","1,504.00","1,504.00","","-0.23%"
"20-03-2025","1,507.50","1,507.50","1,507.50","1,507.50","","0.37%"
"19-03-2025","1,502.00","1,502.00","1,502.00","1,502.00","","0.10%"
"18-03-2025","1,500.50","1,500.50","1,500.50","1,500.50","","0.00%"
"17-03-2025","1,500.50","1,500.50","1,500.50","1,500.50","","0.67%"
"13-03-2025","1,490.50","1,490.50","1,490.50","1,490.50","","0.17%"
"12-03-2025","1,488.00","1,488.00","1,488.00","1,488.00","","0.24%"
"11-03-2025","1,484.50","1,484.50","1,484.50","1,484.50","","0.24%"
"10-03-2025","1,481.00","1,481.00","1,481.00","1,481.00","","0.34%"
"07-03-2025","1,476.00","1,476.00","1,476.00","1,476.00","","0.03%"
"06-03-2025","1,475.50","1,475.50","1,475.50","1,475.50","","0.51%"
"05-03-2025","1,468.00","1,468.00","1,468.00","1,468.00","","-0.31%"
"04-03-2025","1,472.50","1,472.50","1,472.50","1,472.50","","0.07%"
"03-03-2025","1,471.50","1,471.50","1,471.50","1,471.50","","1.24%"
"28-02-2025","1,453.50","1,451.00","1,457.00","1,451.00","0.05K","-0.45%"
"27-02-2025","1,460.00","1,455.00","1,462.00","1,450.00","0.23K","0.07%"
"25-02-2025","1,459.00","1,470.50","1,473.00","1,448.00","0.26K","-0.82%"
"24-02-2025","1,471.00","1,478.00","1,478.00","1,470.50","0.13K","-0.20%"
"21-02-2025","1,474.00","1,478.00","1,478.50","1,473.50","0.06K","-0.30%"
"20-02-2025","1,478.50","1,479.00","1,482.00","1,477.50","0.06K","-0.47%"
"19-02-2025","1,485.50","1,487.50","1,489.50","1,485.00","0.06K","-0.47%"
"18-02-2025","1,492.50","1,487.00","1,494.00","1,485.50","0.17K","0.47%"
"17-02-2025","1,485.50","1,477.00","1,485.50","1,477.00","0.05K","0.61%"
"14-02-2025","1,476.50","1,479.00","1,480.00","1,475.00","0.07K","-0.17%"
"13-02-2025","1,479.00","1,482.00","1,488.50","1,478.00","0.17K","-0.17%"
"12-02-2025","1,481.50","1,476.00","1,483.00","1,471.00","0.17K","0.44%"
"11-02-2025","1,475.00","1,471.00","1,477.00","1,468.00","0.11K","0.27%"
"10-02-2025","1,471.00","1,474.00","1,475.00","1,468.00","0.19K","-0.27%"
"07-02-2025","1,475.00","1,467.00","1,477.00","1,466.00","0.23K","0.48%"
"06-02-2025","1,468.00","1,466.00","1,469.00","1,465.00","0.17K","-0.17%"
"05-02-2025","1,470.50","1,470.00","1,473.00","1,466.00","0.17K","0.10%"
"04-02-2025","1,469.00","1,467.00","1,473.50","1,466.00","0.17K","0.41%"
"03-02-2025","1,463.00","1,464.00","1,469.00","1,461.50","0.14K","-0.17%"
"01-02-2025","1,465.50","1,470.00","1,472.00","1,464.00","0.14K","-0.24%"
"31-01-2025","1,469.00","1,471.50","1,475.00","1,467.50","0.27K","-0.27%"
"30-01-2025","1,473.00","1,471.00","1,475.00","1,470.50","0.12K","-0.07%"
"29-01-2025","1,474.00","1,473.00","1,475.50","1,471.50","0.11K","0.14%"
"28-01-2025","1,472.00","1,474.00","1,477.50","1,469.00","0.23K","-0.27%"
"27-01-2025","1,476.00","1,484.00","1,484.00","1,473.00","0.39K","-0.61%"
"24-01-2025","1,485.00","1,488.00","1,490.00","1,484.00","0.13K","0.00%"
"23-01-2025","1,485.00","1,488.00","1,491.00","1,483.00","0.21K","-0.30%"
"22-01-2025","1,489.50","1,490.00","1,492.00","1,486.00","0.13K","-0.33%"
"21-01-2025","1,494.50","1,488.00","1,497.00","1,482.50","0.28K","0.50%"
"20-01-2025","1,487.00","1,490.00","1,495.00","1,480.50","0.25K","-0.20%"
"17-01-2025","1,490.00","1,487.00","1,493.00","1,485.50","0.11K","0.13%"
"16-01-2025","1,488.00","1,495.00","1,498.50","1,487.00","0.19K","-0.57%"
"15-01-2025","1,496.50","1,498.00","1,499.50","1,495.00","0.12K","-0.40%"
"14-01-2025","1,502.50","1,494.00","1,503.00","1,493.00","0.15K","0.40%"
"13-01-2025","1,496.50","1,505.00","1,508.00","1,495.00","0.30K","-1.06%"
"10-01-2025","1,512.50","1,507.50","1,516.00","1,506.00","0.23K","0.46%"
"09-01-2025","1,505.50","1,510.50","1,511.00","1,504.00","0.10K","-0.46%"
"08-01-2025","1,512.50","1,516.00","1,520.00","1,508.00","0.28K","-0.26%"
"07-01-2025","1,516.50","1,508.00","1,518.50","1,503.50","0.45K","0.60%"
"06-01-2025","1,507.50","1,509.00","1,516.00","1,503.00","0.31K","0.07%"
"03-01-2025","1,506.50","1,508.00","1,509.00","1,501.00","0.45K","-0.13%"
"02-01-2025","1,508.50","1,500.00","1,511.00","1,499.00","0.38K","0.60%"
"01-01-2025","1,499.50","1,496.00","1,508.50","1,494.00","0.41K","0.10%"
"31-12-2024","1,498.00","1,481.00","1,499.00","1,481.00","0.32K","0.91%"
"30-12-2024","1,484.50","1,484.00","1,487.00","1,480.50","0.10K","-0.10%"
"27-12-2024","1,486.00","1,488.00","1,493.00","1,484.00","0.19K","-0.10%"
"26-12-2024","1,487.50","1,494.00","1,495.00","1,482.50","0.19K","-0.07%"
"24-12-2024","1,488.50","1,492.00","1,494.00","1,486.50","0.11K","-0.43%"
"23-12-2024","1,495.00","1,489.00","1,500.00","1,488.00","0.28K","0.61%"
"20-12-2024","1,486.00","1,480.00","1,490.00","1,475.50","0.33K","0.30%"
"19-12-2024","1,481.50","1,480.50","1,485.50","1,476.00","0.31K","-0.34%"
"18-12-2024","1,486.50","1,498.00","1,498.00","1,482.00","0.34K","-0.90%"
"17-12-2024","1,500.00","1,494.00","1,504.00","1,491.50","0.22K","0.17%"
"16-12-2024","1,497.50","1,500.50","1,500.50","1,493.00","0.21K","-0.27%"
"13-12-2024","1,501.50","1,512.50","1,517.00","1,500.50","0.32K","-0.83%"
"12-12-2024","1,514.00","1,514.00","1,518.00","1,511.00","0.11K","0.17%"
"11-12-2024","1,511.50","1,516.00","1,519.00","1,509.00","0.22K","-0.36%"
"10-12-2024","1,517.00","1,521.00","1,524.00","1,515.50","0.24K","-0.39%"
"09-12-2024","1,523.00","1,525.00","1,525.00","1,519.00","0.19K","-0.59%"
"06-12-2024","1,532.00","1,525.50","1,533.00","1,522.50","0.20K","0.10%"
"05-12-2024","1,530.50","1,528.00","1,534.00","1,527.00","0.13K","0.03%"
"04-12-2024","1,530.00","1,525.50","1,533.00","1,522.00","0.15K","0.39%"
"03-12-2024","1,524.00","1,525.00","1,530.00","1,518.50","0.30K","0.00%"
"02-12-2024","1,524.00","1,535.00","1,535.00","1,522.00","0.25K","3.92%"
"29-11-2024","1,466.50","1,466.50","1,466.50","1,466.50","","-0.14%"
"28-11-2024","1,468.50","1,468.50","1,468.50","1,468.50","","-2.03%"
"27-11-2024","1,499.00","1,499.00","1,499.00","1,499.00","0.00K","2.08%"
"26-11-2024","1,468.50","1,468.50","1,468.50","1,468.50","","-2.17%"
"25-11-2024","1,501.00","1,517.50","1,517.50","1,500.00","0.02K","2.49%"
"22-11-2024","1,464.50","1,464.50","1,464.50","1,464.50","","-3.62%"
"21-11-2024","1,519.50","1,519.50","1,519.50","1,519.50","0.00K","3.97%"
"19-11-2024","1,461.50","1,461.50","1,461.50","1,461.50","","-0.48%"
"18-11-2024","1,468.50","1,468.50","1,468.50","1,468.50","","-1.94%"
"14-11-2024","1,497.50","1,497.50","1,497.50","1,497.50","","-0.37%"
"13-11-2024","1,503.00","1,503.00","1,503.00","1,503.00","","-1.05%"
"12-11-2024","1,519.00","1,519.00","1,519.00","1,519.00","","-0.46%"
"11-11-2024","1,526.00","1,526.00","1,526.00","1,526.00","","0.20%"
"08-11-2024","1,523.00","1,523.00","1,523.00","1,523.00","","0.49%"
"07-11-2024","1,515.50","1,515.50","1,515.50","1,515.50","","0.93%"
"06-11-2024","1,501.50","1,501.50","1,501.50","1,501.50","","-0.56%"
"05-11-2024","1,510.00","1,510.00","1,510.00","1,510.00","0.00K","0.43%"
"04-11-2024","1,503.50","1,503.50","1,503.50","1,503.50","","-0.07%"
"01-11-2024","1,504.50","1,504.50","1,504.50","1,504.50","","0.00%"
"31-10-2024","1,504.50","1,504.50","1,504.50","1,504.50","","-0.03%"
"30-10-2024","1,505.00","1,505.00","1,505.00","1,505.00","","0.00%"
"29-10-2024","1,505.00","1,505.00","1,505.00","1,505.00","","-0.30%"
"28-10-2024","1,509.50","1,509.50","1,509.50","1,509.50","","-2.86%"
"25-10-2024","1,554.00","1,554.00","1,554.00","1,554.00","","-0.54%"
"24-10-2024","1,562.50","1,562.50","1,562.50","1,562.50","","-1.48%"
"23-10-2024","1,586.00","1,586.00","1,586.00","1,586.00","","-0.16%"
"22-10-2024","1,588.50","1,588.50","1,588.50","1,588.50","","-0.31%"
"21-10-2024","1,593.50","1,593.50","1,593.50","1,593.50","","0.70%"
"18-10-2024","1,582.50","1,582.50","1,582.50","1,582.50","","0.60%"
"17-10-2024","1,573.00","1,573.00","1,573.00","1,573.00","","-0.73%"
"16-10-2024","1,584.50","1,584.50","1,584.50","1,584.50","","-0.06%"
"15-10-2024","1,585.50","1,585.50","1,585.50","1,585.50","","-0.31%"
"14-10-2024","1,590.50","1,590.50","1,590.50","1,590.50","","-0.03%"
"11-10-2024","1,591.00","1,591.00","1,591.00","1,591.00","","0.89%"
"10-10-2024","1,577.00","1,577.00","1,577.00","1,577.00","","-1.65%"
"09-10-2024","1,603.50","1,603.50","1,603.50","1,603.50","","-0.03%"
"08-10-2024","1,604.00","1,604.00","1,604.00","1,604.00","","-1.78%"
"07-10-2024","1,633.00","1,633.00","1,633.00","1,633.00","","0.21%"
"04-10-2024","1,629.50","1,629.50","1,629.50","1,629.50","","0.31%"
"03-10-2024","1,624.50","1,624.50","1,624.50","1,624.50","","-0.09%"
"01-10-2024","1,626.00","1,626.00","1,626.00","1,626.00","","-1.09%"
"30-09-2024","1,644.00","1,644.00","1,644.00","1,644.00","","0.37%"
"27-09-2024","1,638.00","1,638.00","1,638.00","1,638.00","","-0.82%"
"26-09-2024","1,651.50","1,651.50","1,651.50","1,651.50","","0.92%"
"25-09-2024","1,636.50","1,636.50","1,636.50","1,636.50","","-0.79%"
"24-09-2024","1,649.50","1,649.50","1,649.50","1,649.50","","4.80%"
"23-09-2024","1,574.00","1,574.00","1,574.00","1,574.00","","-0.54%"
"20-09-2024","1,582.50","1,582.50","1,582.50","1,582.50","","0.00%"
"19-09-2024","1,582.50","1,582.50","1,582.50","1,582.50","","0.00%"
"18-09-2024","1,582.50","1,582.50","1,582.50","1,582.50","","0.00%"
"17-09-2024","1,582.50","1,582.50","1,582.50","1,582.50","","1.34%"
"16-09-2024","1,561.50","1,561.50","1,561.50","1,561.50","","0.00%"
"13-09-2024","1,561.50","1,561.50","1,561.50","1,561.50","","0.00%"
"12-09-2024","1,561.50","1,561.50","1,561.50","1,561.50","","0.00%"
"11-09-2024","1,561.50","1,561.50","1,561.50","1,561.50","","0.00%"
"10-09-2024","1,561.50","1,561.50","1,561.50","1,561.50","","0.00%"
"09-09-2024","1,561.50","1,561.50","1,561.50","1,561.50","","0.00%"
"06-09-2024","1,561.50","1,561.50","1,561.50","1,561.50","","0.00%"
"05-09-2024","1,561.50","1,561.50","1,561.50","1,561.50","","0.00%"
"04-09-2024","1,561.50","1,561.50","1,561.50","1,561.50","0.00K","-2.35%"
"03-09-2024","1,599.00","1,599.00","1,599.00","1,599.00","0.00K","-3.38%"
"02-09-2024","1,655.00","1,655.00","1,655.00","1,655.00","","3.50%"
"30-08-2024","1,599.00","1,599.00","1,599.00","1,599.00","0.00K","1.20%"
"29-08-2024","1,580.00","1,580.00","1,580.00","1,580.00","0.02K","-1.43%"
"28-08-2024","1,603.00","1,603.00","1,603.00","1,603.00","","0.00%"
"27-08-2024","1,603.00","1,603.00","1,603.00","1,603.00","","-0.03%"
"26-08-2024","1,603.50","1,603.50","1,603.50","1,603.50","","-0.06%"
"23-08-2024","1,604.50","1,604.50","1,604.50","1,604.50","","-0.03%"
"22-08-2024","1,605.00","1,605.00","1,605.00","1,605.00","","0.16%"
"21-08-2024","1,602.50","1,602.50","1,602.50","1,602.50","","-0.16%"
"20-08-2024","1,605.00","1,605.00","1,605.00","1,605.00","","1.81%"
"19-08-2024","1,576.50","1,576.50","1,576.50","1,576.50","","-0.06%"
"16-08-2024","1,577.50","1,577.50","1,577.50","1,577.50","","-0.25%"
"14-08-2024","1,581.50","1,581.50","1,581.50","1,581.50","","0.67%"
"13-08-2024","1,571.00","1,571.00","1,571.00","1,571.00","","0.32%"
"12-08-2024","1,566.00","1,566.00","1,566.00","1,566.00","","0.93%"
"09-08-2024","1,551.50","1,551.50","1,551.50","1,551.50","","-0.39%"
"08-08-2024","1,557.50","1,557.50","1,557.50","1,557.50","","-0.03%"
"07-08-2024","1,558.00","1,558.00","1,558.00","1,558.00","","-0.10%"
"06-08-2024","1,559.50","1,559.50","1,559.50","1,559.50","","0.13%"
"05-08-2024","1,557.50","1,557.50","1,557.50","1,557.50","","-0.26%"
"02-08-2024","1,561.50","1,561.50","1,561.50","1,561.50","","-0.35%"
"01-08-2024","1,567.00","1,567.00","1,567.00","1,567.00","","0.58%"
"31-07-2024","1,558.00","1,558.00","1,558.00","1,558.00","","-0.13%"
"30-07-2024","1,560.00","1,560.00","1,560.00","1,560.00","","0.10%"
"29-07-2024","1,558.50","1,558.50","1,558.50","1,558.50","","-0.13%"
"26-07-2024","1,560.50","1,560.50","1,560.50","1,560.50","","0.03%"
"25-07-2024","1,560.00","1,560.00","1,560.00","1,560.00","","-0.22%"
"24-07-2024","1,563.50","1,563.50","1,563.50","1,563.50","","-0.60%"
"23-07-2024","1,573.00","1,573.00","1,573.00","1,573.00","","0.51%"
"22-07-2024","1,565.00","1,565.00","1,565.00","1,565.00","","-0.51%"
"19-07-2024","1,573.00","1,573.00","1,573.00","1,573.00","","-0.19%"
"18-07-2024","1,576.00","1,576.00","1,576.00","1,576.00","","-0.35%"
"16-07-2024","1,581.50","1,581.50","1,581.50","1,581.50","","0.35%"
"15-07-2024","1,576.00","1,576.00","1,576.00","1,576.00","","-0.44%"
"12-07-2024","1,583.00","1,583.00","1,583.00","1,583.00","","-0.19%"
"11-07-2024","1,586.00","1,586.00","1,586.00","1,586.00","","0.57%"
"10-07-2024","1,577.00","1,577.00","1,577.00","1,577.00","","0.48%"
"09-07-2024","1,569.50","1,569.50","1,569.50","1,569.50","","-0.38%"
"08-07-2024","1,575.50","1,575.50","1,575.50","1,575.50","","0.41%"
"05-07-2024","1,569.00","1,569.00","1,569.00","1,569.00","","-0.35%"
"04-07-2024","1,574.50","1,574.50","1,574.50","1,574.50","","0.29%"
"03-07-2024","1,570.00","1,570.00","1,570.00","1,570.00","","0.06%"
"02-07-2024","1,569.00","1,569.00","1,569.00","1,569.00","","0.00%"
"01-07-2024","1,569.00","1,569.00","1,569.00","1,569.00","","-0.85%"
"28-06-2024","1,582.50","1,582.50","1,582.50","1,582.50","","0.92%"
"27-06-2024","1,568.00","1,568.00","1,568.00","1,568.00","","-0.10%"
"26-06-2024","1,569.50","1,569.50","1,569.50","1,569.50","","0.58%"
"25-06-2024","1,560.50","1,560.50","1,560.50","1,560.50","0.00K","1.96%"
"24-06-2024","1,530.50","1,530.50","1,530.50","1,530.50","","-0.07%"
"21-06-2024","1,531.50","1,531.50","1,531.50","1,531.50","","-2.55%"
"20-06-2024","1,571.50","1,571.50","1,571.50","1,571.50","0.00K","3.94%"
"19-06-2024","1,512.00","1,512.00","1,512.00","1,512.00","","0.70%"
"18-06-2024","1,501.50","1,501.50","1,501.50","1,501.50","","-0.60%"
"14-06-2024","1,510.50","1,510.50","1,510.50","1,510.00","0.00K","-3.67%"
"13-06-2024","1,568.00","1,568.00","1,568.00","1,568.00","","-0.16%"
"12-06-2024","1,570.50","1,570.50","1,570.50","1,570.50","","0.26%"
"11-06-2024","1,566.50","1,566.50","1,566.50","1,566.50","","0.55%"
"10-06-2024","1,558.00","1,558.00","1,558.00","1,558.00","","0.00%"
"07-06-2024","1,558.00","1,558.00","1,558.00","1,558.00","0.00K","1.83%"
"06-06-2024","1,530.00","1,530.00","1,530.00","1,530.00","0.00K","1.16%"
"05-06-2024","1,512.50","1,512.50","1,512.50","1,512.50","","0.63%"
"04-06-2024","1,503.00","1,503.00","1,503.00","1,503.00","","0.20%"
"03-06-2024","1,500.00","1,500.00","1,500.00","1,500.00","0.00K","-3.97%"
"31-05-2024","1,562.00","1,555.00","1,569.00","1,555.00","0.00K","1.79%"
"30-05-2024","1,534.50","1,534.50","1,534.50","1,534.50","","-0.13%"
"29-05-2024","1,536.50","1,536.50","1,536.50","1,536.50","","-0.97%"
"28-05-2024","1,551.50","1,551.50","1,552.50","1,550.00","0.00K","0.94%"
"27-05-2024","1,537.00","1,537.00","1,537.00","1,537.00","","-0.52%"
"24-05-2024","1,545.00","1,545.00","1,545.00","1,545.00","","0.00%"
"23-05-2024","1,545.00","1,545.00","1,545.00","1,545.00","","0.59%"
"22-05-2024","1,536.00","1,536.00","1,536.00","1,536.00","","-0.55%"
"21-05-2024","1,544.50","1,544.50","1,544.50","1,544.50","","0.49%"
"17-05-2024","1,537.00","1,537.00","1,537.00","1,537.00","","0.23%"
"16-05-2024","1,533.50","1,533.50","1,533.50","1,533.50","","0.00%"
"15-05-2024","1,533.50","1,533.50","1,533.50","1,533.50","","-0.71%"
"14-05-2024","1,544.50","1,544.50","1,544.50","1,544.50","","-0.19%"
"13-05-2024","1,547.50","1,547.50","1,547.50","1,547.50","","0.39%"
"10-05-2024","1,541.50","1,541.50","1,541.50","1,541.50","","2.02%"
"09-05-2024","1,511.00","1,510.00","1,512.50","1,510.00","0.00K","-2.20%"
"08-05-2024","1,545.00","1,545.00","1,545.00","1,545.00","","-0.16%"
"07-05-2024","1,547.50","1,547.50","1,547.50","1,547.50","","1.98%"
"06-05-2024","1,517.50","1,517.50","1,517.50","1,517.50","0.00K","0.10%"
"03-05-2024","1,516.00","1,521.00","1,521.00","1,511.00","0.02K","-1.75%"
"02-05-2024","1,543.00","1,561.00","1,561.00","1,531.00","0.01K","-14.06%"
"30-04-2024","1,795.50","1,795.50","1,795.50","1,795.50","","0.00%"
"29-04-2024","1,795.50","1,795.50","1,795.50","1,795.50","","0.00%"
"26-04-2024","1,795.50","1,795.50","1,795.50","1,795.50","","0.00%"
"25-04-2024","1,795.50","1,795.50","1,795.50","1,795.50","","0.00%"
"24-04-2024","1,795.50","1,795.50","1,795.50","1,795.50","","0.00%"
"23-04-2024","1,795.50","1,795.50","1,795.50","1,795.50","","0.00%"
"22-04-2024","1,795.50","1,795.50","1,795.50","1,795.50","","0.00%"
"19-04-2024","1,795.50","1,795.50","1,795.50","1,795.50","","0.00%"
"18-04-2024","1,795.50","1,795.50","1,795.50","1,795.50","","0.00%"
"16-04-2024","1,795.50","1,795.50","1,795.50","1,795.50","","0.00%"
"15-04-2024","1,795.50","1,795.50","1,795.50","1,795.50","","0.00%"
"12-04-2024","1,795.50","1,795.50","1,795.50","1,795.50","","0.00%"
"10-04-2024","1,795.50","1,795.50","1,795.50","1,795.50","","0.00%"
"09-04-2024","1,795.50","1,795.50","1,795.50","1,795.50","","0.00%"
"08-04-2024","1,795.50","1,795.50","1,795.50","1,795.50","","0.00%"
"05-04-2024","1,795.50","1,795.50","1,795.50","1,795.50","","0.00%"
"04-04-2024","1,795.50","1,795.50","1,795.50","1,795.50","","0.00%"
"03-04-2024","1,795.50","1,795.50","1,795.50","1,795.50","","0.00%"
"02-04-2024","1,795.50","1,795.50","1,795.50","1,795.50","","0.00%"
"01-04-2024","1,795.50","1,795.50","1,795.50","1,795.50","","0.00%"
"28-03-2024","1,795.50","1,795.50","1,795.50","1,795.50","","0.00%"
"27-03-2024","1,795.50","1,795.50","1,795.50","1,795.50","","0.00%"
"26-03-2024","1,795.50","1,795.50","1,795.50","1,795.50","","0.00%"
"22-03-2024","1,795.50","1,795.50","1,795.50","1,795.50","","0.00%"
"21-03-2024","1,795.50","1,795.50","1,795.50","1,795.50","","0.00%"
"20-03-2024","1,795.50","1,795.50","1,795.50","1,795.50","","0.00%"
"19-03-2024","1,795.50","1,795.50","1,795.50","1,795.50","","0.00%"
"18-03-2024","1,795.50","1,795.50","1,795.50","1,795.50","","0.00%"
"15-03-2024","1,795.50","1,795.50","1,795.50","1,795.50","","0.00%"
"14-03-2024","1,795.50","1,795.50","1,795.50","1,795.50","","0.00%"
"13-03-2024","1,795.50","1,795.50","1,795.50","1,795.50","","0.00%"
"12-03-2024","1,795.50","1,795.50","1,795.50","1,795.50","","0.00%"
"11-03-2024","1,795.50","1,795.50","1,795.50","1,795.50","","0.00%"
"07-03-2024","1,795.50","1,795.50","1,795.50","1,795.50","","0.00%"
"06-03-2024","1,795.50","1,795.50","1,795.50","1,795.50","","0.00%"
"05-03-2024","1,795.50","1,795.50","1,795.50","1,795.50","","0.00%"
"04-03-2024","1,795.50","1,795.50","1,795.50","1,795.50","","0.00%"
"01-03-2024","1,795.50","1,795.50","1,795.50","1,795.50","","8.56%"
"29-02-2024","1,654.00","1,630.00","1,663.00","1,626.00","0.67K","0.64%"
"28-02-2024","1,643.50","1,633.00","1,655.00","1,633.00","1.05K","1.89%"
"27-02-2024","1,613.00","1,580.00","1,615.50","1,580.00","1.13K","3.03%"
"26-02-2024","1,565.50","1,553.00","1,567.50","1,548.00","0.32K","0.68%"
"23-02-2024","1,555.00","1,570.00","1,573.00","1,551.00","0.45K","-0.54%"
"22-02-2024","1,563.50","1,566.00","1,574.50","1,559.00","0.54K","0.19%"
"21-02-2024","1,560.50","1,560.00","1,572.00","1,557.00","0.39K","0.13%"
"20-02-2024","1,558.50","1,575.00","1,575.00","1,549.00","0.68K","-1.20%"
"19-02-2024","1,577.50","1,557.00","1,585.00","1,551.00","0.70K","0.77%"
"16-02-2024","1,565.50","1,550.00","1,569.00","1,543.00","0.76K","1.26%"
"15-02-2024","1,546.00","1,524.00","1,560.00","1,523.50","1.11K","2.49%"
"14-02-2024","1,508.50","1,490.00","1,514.00","1,486.00","0.59K","1.48%"
"13-02-2024","1,486.50","1,483.00","1,494.00","1,482.50","0.22K","0.34%"
"12-02-2024","1,481.50","1,482.00","1,488.00","1,478.50","0.30K","0.24%"
"09-02-2024","1,478.00","1,495.00","1,496.00","1,477.00","0.43K","-1.04%"
"08-02-2024","1,493.50","1,485.00","1,499.50","1,485.00","0.52K","0.95%"
"07-02-2024","1,479.50","1,479.50","1,487.00","1,467.00","0.41K","0.00%"
"06-02-2024","1,479.50","1,482.50","1,485.00","1,477.50","0.14K","-0.34%"
"05-02-2024","1,484.50","1,492.00","1,492.00","1,478.50","0.35K","-0.34%"
"02-02-2024","1,489.50","1,482.00","1,495.00","1,477.50","0.47K","0.81%"
"01-02-2024","1,477.50","1,482.00","1,483.00","1,465.50","0.48K","-0.14%"
"31-01-2024","1,479.50","1,509.00","1,509.00","1,476.50","0.74K","-1.92%"
"30-01-2024","1,508.50","1,500.00","1,510.00","1,496.00","0.29K","0.50%"
"29-01-2024","1,501.00","1,517.00","1,523.50","1,499.50","0.73K","-1.48%"
"25-01-2024","1,523.50","1,532.50","1,540.00","1,520.00","0.60K","-0.39%"
"24-01-2024","1,529.50","1,532.00","1,533.50","1,513.50","0.49K","-0.23%"
"23-01-2024","1,533.00","1,539.00","1,542.00","1,527.50","0.42K","-0.03%"
"19-01-2024","1,533.50","1,532.00","1,535.00","1,527.00","0.28K","0.26%"
"18-01-2024","1,529.50","1,525.00","1,531.00","1,516.50","0.30K","0.33%"
"17-01-2024","1,524.50","1,537.00","1,537.00","1,522.00","0.30K","-0.62%"
"16-01-2024","1,534.00","1,539.00","1,540.00","1,530.00","0.20K","-0.26%"
"15-01-2024","1,538.00","1,543.00","1,545.00","1,536.00","0.18K","-0.36%"
"12-01-2024","1,543.50","1,534.00","1,547.00","1,529.00","0.36K","0.92%"
"11-01-2024","1,529.50","1,529.00","1,533.00","1,522.50","0.48K","-0.03%"
"10-01-2024","1,530.00","1,529.00","1,534.00","1,525.00","0.33K","-0.03%"
"09-01-2024","1,530.50","1,537.50","1,537.50","1,482.00","0.48K","-0.07%"
"08-01-2024","1,531.50","1,542.00","1,543.00","1,530.00","0.45K","-1.03%"
"05-01-2024","1,547.50","1,555.00","1,559.50","1,541.00","0.45K","-0.55%"
"04-01-2024","1,556.00","1,550.00","1,563.50","1,546.00","0.39K","0.45%"
"03-01-2024","1,549.00","1,550.00","1,551.50","1,538.00","0.45K","-0.29%"
"02-01-2024","1,553.50","1,549.00","1,560.00","1,542.00","0.32K","0.36%"
"01-01-2024","1,548.00","1,553.00","1,555.00","1,541.00","0.49K","-0.51%"
"29-12-2023","1,556.00","1,556.00","1,558.50","1,548.00","0.21K","0.03%"
"28-12-2023","1,555.50","1,553.50","1,559.50","1,551.00","0.37K","-0.22%"
"27-12-2023","1,559.00","1,562.00","1,565.00","1,550.00","0.33K","-0.16%"
"26-12-2023","1,561.50","1,560.00","1,568.50","1,552.00","0.32K","-0.10%"
"22-12-2023","1,563.00","1,528.00","1,568.00","1,517.00","0.50K","1.20%"
"21-12-2023","1,544.50","1,541.00","1,550.00","1,535.00","0.37K","0.00%"
"20-12-2023","1,544.50","1,537.00","1,555.00","1,536.50","0.58K","0.52%"
"19-12-2023","1,536.50","1,536.00","1,550.00","1,528.00","0.43K","-0.10%"
"18-12-2023","1,538.00","1,555.00","1,557.00","1,534.00","0.78K","-1.28%"
"15-12-2023","1,558.00","1,580.00","1,580.00","1,541.00","0.55K","-1.24%"
"14-12-2023","1,577.50","1,573.00","1,584.00","1,573.00","0.20K","0.22%"
"13-12-2023","1,574.00","1,569.00","1,576.50","1,568.00","0.35K","0.16%"
"12-12-2023","1,571.50","1,576.50","1,581.00","1,567.50","0.24K","-0.32%"
"11-12-2023","1,576.50","1,585.00","1,591.00","1,571.00","0.58K","-1.10%"
"08-12-2023","1,594.00","1,581.00","1,599.00","1,581.00","0.57K","1.46%"
"07-12-2023","1,571.00","1,571.50","1,581.00","1,566.00","0.48K","-0.13%"
"06-12-2023","1,573.00","1,557.00","1,576.50","1,555.00","0.55K","1.32%"
"05-12-2023","1,552.50","1,558.00","1,560.00","1,546.00","0.29K","-0.54%"
"04-12-2023","1,561.00","1,560.00","1,574.00","1,557.00","0.52K","-0.16%"
"01-12-2023","1,563.50","1,561.00","1,568.00","1,555.00","0.15K","7.09%"
"30-11-2023","1,460.00","1,460.00","1,460.00","1,460.00","","0.10%"
"29-11-2023","1,458.50","1,458.50","1,458.50","1,458.50","","0.03%"
"28-11-2023","1,458.00","1,458.00","1,458.00","1,458.00","","-0.48%"
"24-11-2023","1,465.00","1,465.00","1,465.00","1,465.00","","-0.71%"
"23-11-2023","1,475.50","1,475.50","1,475.50","1,475.50","","0.24%"
"22-11-2023","1,472.00","1,472.00","1,472.00","1,472.00","","-0.20%"
"21-11-2023","1,475.00","1,475.00","1,475.00","1,475.00","","-0.41%"
"20-11-2023","1,481.00","1,481.00","1,481.00","1,481.00","","1.65%"
"17-11-2023","1,457.00","1,457.00","1,457.00","1,457.00","","-0.03%"
"16-11-2023","1,457.50","1,457.50","1,457.50","1,457.50","","0.00%"
"15-11-2023","1,457.50","1,457.50","1,457.50","1,457.50","","-0.03%"
"13-11-2023","1,458.00","1,458.00","1,458.00","1,458.00","","-0.07%"
"10-11-2023","1,459.00","1,459.00","1,459.00","1,459.00","","0.00%"
"09-11-2023","1,459.00","1,459.00","1,459.00","1,459.00","","-0.41%"
"08-11-2023","1,465.00","1,465.00","1,465.00","1,465.00","","-0.51%"
"07-11-2023","1,472.50","1,472.50","1,472.50","1,472.50","","-0.44%"
"06-11-2023","1,479.00","1,479.00","1,479.00","1,479.00","","-0.44%"
"03-11-2023","1,485.50","1,485.50","1,485.50","1,485.50","","0.17%"
"02-11-2023","1,483.00","1,483.00","1,483.00","1,483.00","","-0.13%"
"01-11-2023","1,485.00","1,485.00","1,485.00","1,485.00","","-0.30%"
"31-10-2023","1,489.50","1,489.50","1,489.50","1,489.50","","-0.80%"
"30-10-2023","1,501.50","1,501.50","1,501.50","1,501.50","","0.50%"
"27-10-2023","1,494.00","1,494.00","1,494.00","1,494.00","","0.88%"
"26-10-2023","1,481.00","1,481.00","1,481.00","1,481.00","","-0.17%"
"25-10-2023","1,483.50","1,483.50","1,483.50","1,483.50","","1.68%"
"23-10-2023","1,459.00","1,459.00","1,459.00","1,459.00","","-0.65%"
"20-10-2023","1,468.50","1,468.50","1,468.50","1,468.50","","0.41%"
"19-10-2023","1,462.50","1,462.50","1,462.50","1,462.50","","-0.17%"
"18-10-2023","1,465.00","1,465.00","1,465.00","1,465.00","","-1.38%"
"17-10-2023","1,485.50","1,485.50","1,485.50","1,485.50","","-0.47%"
"16-10-2023","1,492.50","1,492.50","1,492.50","1,492.50","","0.71%"
"13-10-2023","1,482.00","1,482.00","1,482.00","1,482.00","","-0.50%"
"12-10-2023","1,489.50","1,489.50","1,489.50","1,489.50","","0.00%"
"11-10-2023","1,489.50","1,489.50","1,489.50","1,489.50","","-0.80%"
"10-10-2023","1,501.50","1,501.50","1,501.50","1,501.50","","-0.66%"
"09-10-2023","1,511.50","1,511.50","1,511.50","1,511.50","","0.10%"
"06-10-2023","1,510.00","1,510.00","1,510.00","1,510.00","","-0.53%"
"05-10-2023","1,518.00","1,518.00","1,518.00","1,518.00","","0.07%"
"04-10-2023","1,517.00","1,517.00","1,517.00","1,517.00","","-0.72%"
"03-10-2023","1,528.00","1,528.00","1,528.00","1,528.00","","-1.42%"
"29-09-2023","1,550.00","1,550.00","1,550.00","1,550.00","","1.24%"
"28-09-2023","1,531.00","1,531.00","1,531.00","1,531.00","","-0.16%"
"27-09-2023","1,533.50","1,533.50","1,533.50","1,533.50","","-0.23%"
"26-09-2023","1,537.00","1,537.00","1,537.00","1,537.00","","-0.71%"
"25-09-2023","1,548.00","1,548.00","1,548.00","1,548.00","","-0.64%"
"22-09-2023","1,558.00","1,558.00","1,558.00","1,558.00","","-0.26%"
"21-09-2023","1,562.00","1,562.00","1,562.00","1,562.00","","-0.95%"
"20-09-2023","1,577.00","1,577.00","1,577.00","1,577.00","","-0.25%"
"18-09-2023","1,581.00","1,581.00","1,581.00","1,581.00","","-0.53%"
"15-09-2023","1,589.50","1,589.50","1,589.50","1,589.50","","0.16%"
"14-09-2023","1,587.00","1,587.00","1,587.00","1,587.00","","-0.60%"
"13-09-2023","1,596.50","1,596.50","1,596.50","1,596.50","","-0.03%"
"12-09-2023","1,597.00","1,597.00","1,597.00","1,597.00","","0.35%"
"11-09-2023","1,591.50","1,591.50","1,591.50","1,591.50","","-0.78%"
"08-09-2023","1,604.00","1,604.00","1,604.00","1,604.00","","-0.03%"
"07-09-2023","1,604.50","1,604.50","1,604.50","1,604.50","","-0.03%"
"06-09-2023","1,605.00","1,605.00","1,605.00","1,605.00","","0.00%"
"05-09-2023","1,605.00","1,605.00","1,605.00","1,605.00","","-0.53%"
"04-09-2023","1,613.50","1,613.50","1,613.50","1,613.50","","1.38%"
"01-09-2023","1,591.50","1,591.50","1,591.50","1,591.50","","0.38%"
"31-08-2023","1,585.50","1,585.50","1,585.50","1,585.50","","1.60%"
"30-08-2023","1,560.50","1,560.50","1,560.50","1,560.50","","0.00%"
"29-08-2023","1,560.50","1,560.50","1,560.50","1,560.50","","-0.32%"
"28-08-2023","1,565.50","1,565.50","1,565.50","1,565.50","","0.10%"
"25-08-2023","1,564.00","1,564.00","1,564.00","1,564.00","","-0.19%"
"24-08-2023","1,567.00","1,567.00","1,567.00","1,567.00","","0.35%"
"23-08-2023","1,561.50","1,561.50","1,561.50","1,561.50","","-0.13%"
"22-08-2023","1,563.50","1,563.50","1,563.50","1,563.50","","-0.48%"
"21-08-2023","1,571.00","1,571.00","1,571.00","1,571.00","","-1.63%"
"18-08-2023","1,597.00","1,597.00","1,597.00","1,597.00","","-0.47%"
"17-08-2023","1,604.50","1,604.50","1,604.50","1,604.50","","-0.40%"
"16-08-2023","1,611.00","1,611.00","1,611.00","1,611.00","","-0.28%"
"14-08-2023","1,615.50","1,615.50","1,615.50","1,615.50","","3.39%"
"11-08-2023","1,562.50","1,562.50","1,562.50","1,562.50","","0.45%"
"10-08-2023","1,555.50","1,555.50","1,555.50","1,555.50","","0.71%"
"09-08-2023","1,544.50","1,544.50","1,544.50","1,544.50","","0.00%"
"08-08-2023","1,544.50","1,544.50","1,544.50","1,544.50","","0.29%"
"07-08-2023","1,540.00","1,540.00","1,540.00","1,540.00","","1.12%"
"04-08-2023","1,523.00","1,523.00","1,523.00","1,523.00","","0.99%"
"03-08-2023","1,508.00","1,508.00","1,508.00","1,508.00","","0.97%"
"02-08-2023","1,493.50","1,493.50","1,493.50","1,493.50","","0.88%"
"01-08-2023","1,480.50","1,480.50","1,480.50","1,480.50","","0.89%"
"31-07-2023","1,467.50","1,467.50","1,467.50","1,467.50","","-0.51%"
"28-07-2023","1,475.00","1,475.00","1,475.00","1,475.00","","-0.74%"
"27-07-2023","1,486.00","1,486.00","1,486.00","1,486.00","","0.41%"
"26-07-2023","1,480.00","1,480.00","1,480.00","1,480.00","","0.65%"
"25-07-2023","1,470.50","1,470.50","1,470.50","1,470.50","","0.44%"
"24-07-2023","1,464.00","1,464.00","1,464.00","1,464.00","","0.34%"
"21-07-2023","1,459.00","1,459.00","1,459.00","1,459.00","","0.03%"
"20-07-2023","1,458.50","1,458.50","1,458.50","1,458.50","","0.59%"
"19-07-2023","1,450.00","1,450.00","1,450.00","1,450.00","","0.07%"
"18-07-2023","1,449.00","1,449.00","1,449.00","1,449.00","","-0.10%"
"17-07-2023","1,450.50","1,450.50","1,450.50","1,450.50","","0.10%"
"14-07-2023","1,449.00","1,449.00","1,449.00","1,449.00","","0.14%"
"13-07-2023","1,447.00","1,447.00","1,447.00","1,447.00","","0.00%"
"12-07-2023","1,447.00","1,447.00","1,447.00","1,447.00","","0.38%"
"11-07-2023","1,441.50","1,441.50","1,441.50","1,441.50","","-0.69%"
"10-07-2023","1,451.50","1,451.50","1,451.50","1,451.50","","-0.03%"
"07-07-2023","1,452.00","1,452.00","1,452.00","1,452.00","","-1.29%"
"06-07-2023","1,471.00","1,471.00","1,471.00","1,471.00","","-0.51%"
"05-07-2023","1,478.50","1,478.50","1,478.50","1,478.50","","-0.07%"
"04-07-2023","1,479.50","1,479.50","1,479.50","1,479.50","","0.14%"
"03-07-2023","1,477.50","1,477.50","1,477.50","1,477.50","","1.20%"
"30-06-2023","1,460.00","1,460.00","1,460.00","1,460.00","","0.62%"
"28-06-2023","1,451.00","1,451.00","1,451.00","1,451.00","","-0.34%"
"27-06-2023","1,456.00","1,456.00","1,456.00","1,456.00","","-0.24%"
"26-06-2023","1,459.50","1,459.50","1,459.50","1,459.50","","-1.18%"
"23-06-2023","1,477.00","1,477.00","1,477.00","1,477.00","","-0.71%"
"22-06-2023","1,487.50","1,487.50","1,487.50","1,487.50","","-0.67%"
"21-06-2023","1,497.50","1,497.50","1,497.50","1,497.50","","-0.23%"
"20-06-2023","1,501.00","1,501.00","1,501.00","1,501.00","","0.00%"
"19-06-2023","1,501.00","1,501.00","1,501.00","1,501.00","","0.07%"
"16-06-2023","1,500.00","1,500.00","1,500.00","1,500.00","","-0.03%"
"15-06-2023","1,500.50","1,500.50","1,500.50","1,500.50","","0.00%"
"14-06-2023","1,500.50","1,500.50","1,500.50","1,500.50","","0.03%"
"13-06-2023","1,500.00","1,500.00","1,500.00","1,500.00","","0.10%"
"12-06-2023","1,498.50","1,498.50","1,498.50","1,498.50","","-1.09%"
"09-06-2023","1,515.00","1,515.00","1,515.00","1,515.00","","0.13%"
"08-06-2023","1,513.00","1,513.00","1,513.00","1,513.00","","-0.10%"
"07-06-2023","1,514.50","1,514.50","1,514.50","1,514.50","","-0.69%"
"06-06-2023","1,525.00","1,525.00","1,525.00","1,525.00","","-0.94%"
"05-06-2023","1,539.50","1,539.50","1,539.50","1,539.50","","1.12%"
"02-06-2023","1,522.50","1,522.50","1,522.50","1,522.50","","1.10%"
"01-06-2023","1,506.00","1,506.00","1,506.00","1,506.00","","0.00%"
"31-05-2023","1,506.00","1,506.00","1,506.00","1,506.00","","-0.13%"
"30-05-2023","1,508.00","1,508.00","1,508.00","1,508.00","","-0.26%"
"29-05-2023","1,512.00","1,512.00","1,512.00","1,512.00","","3.21%"
"26-05-2023","1,465.00","1,465.00","1,465.00","1,465.00","","-0.54%"
"25-05-2023","1,473.00","1,473.00","1,473.00","1,473.00","","0.27%"
"24-05-2023","1,469.00","1,469.00","1,469.00","1,469.00","","-1.28%"
"23-05-2023","1,488.00","1,488.00","1,488.00","1,488.00","","-1.29%"
"22-05-2023","1,507.50","1,507.50","1,507.50","1,507.50","","-2.96%"
"19-05-2023","1,553.50","1,553.50","1,553.50","1,553.50","","-0.64%"
"18-05-2023","1,563.50","1,563.50","1,563.50","1,563.50","","0.03%"
"17-05-2023","1,563.00","1,563.00","1,563.00","1,563.00","","-0.13%"
"16-05-2023","1,565.00","1,565.00","1,565.00","1,565.00","","-0.25%"
"15-05-2023","1,569.00","1,569.00","1,569.00","1,569.00","","-0.85%"
"12-05-2023","1,582.50","1,582.50","1,582.50","1,582.50","","-0.72%"
"11-05-2023","1,594.00","1,594.00","1,594.00","1,594.00","","-0.90%"
"10-05-2023","1,608.50","1,608.50","1,608.50","1,608.50","","-0.53%"
"09-05-2023","1,617.00","1,617.00","1,617.00","1,617.00","","-0.71%"
"08-05-2023","1,628.50","1,628.50","1,628.50","1,628.50","","-0.25%"
"05-05-2023","1,632.50","1,632.50","1,632.50","1,632.50","","0.55%"
"04-05-2023","1,623.50","1,623.50","1,623.50","1,623.50","","-1.13%"
"03-05-2023","1,642.00","1,642.00","1,642.00","1,642.00","","0.03%"
"02-05-2023","1,641.50","1,641.50","1,641.50","1,641.50","","2.08%"
"28-04-2023","1,608.00","1,608.00","1,608.00","1,608.00","","0.19%"
"27-04-2023","1,605.00","1,605.00","1,605.00","1,605.00","","-0.19%"
"26-04-2023","1,608.00","1,608.00","1,608.00","1,608.00","","-0.80%"
"25-04-2023","1,621.00","1,621.00","1,621.00","1,621.00","","-0.09%"
"24-04-2023","1,622.50","1,622.50","1,622.50","1,622.50","","-0.09%"
"21-04-2023","1,624.00","1,624.00","1,624.00","1,624.00","","-0.76%"
"20-04-2023","1,636.50","1,636.50","1,636.50","1,636.50","","-0.21%"
"19-04-2023","1,640.00","1,640.00","1,640.00","1,640.00","","0.12%"
"18-04-2023","1,638.00","1,638.00","1,638.00","1,638.00","","-0.49%"
"17-04-2023","1,646.00","1,646.00","1,646.00","1,646.00","","-0.09%"
"13-04-2023","1,647.50","1,647.50","1,647.50","1,647.50","","-0.09%"
"12-04-2023","1,649.00","1,649.00","1,649.00","1,649.00","","-0.24%"
"11-04-2023","1,653.00","1,653.00","1,653.00","1,653.00","","-0.78%"
"10-04-2023","1,666.00","1,666.00","1,666.00","1,666.00","","0.57%"
"06-04-2023","1,656.50","1,656.50","1,656.50","1,656.50","","0.33%"
"05-04-2023","1,651.00","1,651.00","1,651.00","1,651.00","","1.69%"
"03-04-2023","1,623.50","1,623.50","1,623.50","1,623.50","","3.14%"
"31-03-2023","1,574.00","1,574.00","1,574.00","1,574.00","","-0.03%"
"29-03-2023","1,574.50","1,574.50","1,574.50","1,574.50","","-0.03%"
"28-03-2023","1,575.00","1,575.00","1,575.00","1,575.00","","0.00%"
"27-03-2023","1,575.00","1,575.00","1,575.00","1,575.00","","-1.16%"
"24-03-2023","1,593.50","1,593.50","1,593.50","1,593.50","","-0.13%"
"23-03-2023","1,595.50","1,595.50","1,595.50","1,595.50","","0.16%"
"22-03-2023","1,593.00","1,593.00","1,593.00","1,593.00","","0.25%"
"21-03-2023","1,589.00","1,589.00","1,589.00","1,589.00","","-0.69%"
"20-03-2023","1,600.00","1,600.00","1,600.00","1,600.00","","0.19%"
"17-03-2023","1,597.00","1,597.00","1,597.00","1,597.00","","0.88%"
"16-03-2023","1,583.00","1,583.00","1,583.00","1,583.00","","-0.69%"
"15-03-2023","1,594.00","1,594.00","1,594.00","1,594.00","","0.82%"
"14-03-2023","1,581.00","1,581.00","1,581.00","1,581.00","","0.00%"
"13-03-2023","1,581.00","1,581.00","1,581.00","1,581.00","","-1.37%"
"10-03-2023","1,603.00","1,603.00","1,603.00","1,603.00","","-0.93%"
"09-03-2023","1,618.00","1,618.00","1,618.00","1,618.00","","-0.40%"
"08-03-2023","1,624.50","1,624.50","1,624.50","1,624.50","","-0.03%"
"06-03-2023","1,625.00","1,625.00","1,625.00","1,625.00","","-0.25%"
"03-03-2023","1,629.00","1,629.00","1,629.00","1,629.00","","-0.15%"
"02-03-2023","1,631.50","1,631.50","1,631.50","1,631.50","","0.31%"
"01-03-2023","1,626.50","1,626.50","1,626.50","1,626.50","","1.09%"
"28-02-2023","1,609.00","1,597.00","1,611.00","1,597.00","0.47K","0.53%"
"27-02-2023","1,600.50","1,590.00","1,603.00","1,590.00","0.68K","-0.12%"
"24-02-2023","1,602.50","1,612.00","1,622.00","1,600.00","1.15K","-0.50%"
"23-02-2023","1,610.50","1,615.50","1,622.00","1,595.00","0.73K","-0.28%"
"22-02-2023","1,615.00","1,621.00","1,624.50","1,609.00","0.35K","-0.25%"
"21-02-2023","1,619.00","1,616.00","1,623.00","1,607.00","0.58K","0.40%"
"20-02-2023","1,612.50","1,613.50","1,616.00","1,601.00","0.57K","-0.37%"
"17-02-2023","1,618.50","1,626.00","1,630.00","1,612.50","0.67K","-0.86%"
"16-02-2023","1,632.50","1,646.00","1,649.00","1,631.00","0.64K","-1.42%"
"15-02-2023","1,656.00","1,653.00","1,659.00","1,637.50","0.67K","0.09%"
"14-02-2023","1,654.50","1,649.00","1,665.00","1,647.00","0.99K","0.30%"
"13-02-2023","1,649.50","1,628.00","1,655.00","1,624.50","0.73K","1.70%"
"10-02-2023","1,622.00","1,627.00","1,630.00","1,620.00","0.49K","-0.76%"
"09-02-2023","1,634.50","1,620.00","1,639.00","1,616.00","0.60K","0.80%"
"08-02-2023","1,621.50","1,610.00","1,627.00","1,605.50","0.69K","0.93%"
"07-02-2023","1,606.50","1,593.00","1,612.00","1,593.00","0.58K","0.34%"
"06-02-2023","1,601.00","1,603.00","1,608.00","1,585.00","1.10K","-0.68%"
"03-02-2023","1,612.00","1,616.00","1,625.00","1,607.50","0.69K","-0.46%"
"02-02-2023","1,619.50","1,643.00","1,643.00","1,582.50","1.02K","-1.04%"
"01-02-2023","1,636.50","1,613.00","1,640.00","1,613.00","0.93K","1.36%"
"31-01-2023","1,614.50","1,617.50","1,620.50","1,608.00","0.46K","-0.19%"
"30-01-2023","1,617.50","1,620.00","1,628.00","1,610.00","0.69K","-0.58%"
"27-01-2023","1,627.00","1,621.00","1,629.00","1,613.00","0.80K","0.93%"
"25-01-2023","1,612.00","1,602.00","1,615.00","1,592.00","0.87K","0.16%"
"24-01-2023","1,609.50","1,606.00","1,621.00","1,598.00","1.07K","0.19%"
"23-01-2023","1,606.50","1,620.00","1,624.00","1,596.00","1.10K","-0.71%"
"20-01-2023","1,618.00","1,628.50","1,632.50","1,605.00","1.29K","-0.64%"
"19-01-2023","1,628.50","1,650.00","1,658.00","1,625.00","0.93K","-1.12%"
"18-01-2023","1,647.00","1,650.00","1,658.50","1,626.50","1.41K","0.43%"
"17-01-2023","1,640.00","1,625.00","1,650.00","1,620.00","0.90K","1.02%"
"16-01-2023","1,623.50","1,611.00","1,627.00","1,606.00","0.83K","1.25%"
"13-01-2023","1,603.50","1,636.00","1,641.00","1,599.00","1.51K","-2.20%"
"12-01-2023","1,639.50","1,641.00","1,657.00","1,637.00","0.75K","-0.36%"
"11-01-2023","1,645.50","1,650.00","1,655.00","1,637.50","1.07K","-0.63%"
"10-01-2023","1,656.00","1,685.00","1,685.00","1,652.00","1.10K","-1.69%"
"09-01-2023","1,684.50","1,692.00","1,694.00","1,674.00","0.75K","-0.30%"
"06-01-2023","1,689.50","1,682.00","1,705.00","1,680.00","1.31K","0.78%"
"05-01-2023","1,676.50","1,683.00","1,697.00","1,640.00","2.19K","-1.27%"
"04-01-2023","1,698.00","1,687.00","1,711.00","1,676.50","1.46K","0.24%"
"03-01-2023","1,694.00","1,665.00","1,704.00","1,656.00","1.75K","2.20%"
"02-01-2023","1,657.50","1,649.00","1,669.00","1,637.50","1.17K","0.58%"
"30-12-2022","1,648.00","1,614.00","1,654.00","1,614.00","1.54K","2.14%"
"29-12-2022","1,613.50","1,602.00","1,618.50","1,594.00","0.89K","0.28%"
"28-12-2022","1,609.00","1,595.00","1,615.00","1,577.50","1.31K","1.10%"
"27-12-2022","1,591.50","1,567.50","1,595.00","1,563.50","1.30K","1.66%"
"26-12-2022","1,565.50","1,582.00","1,582.00","1,552.00","1.98K","-2.00%"
"23-12-2022","1,597.50","1,611.00","1,615.00","1,586.50","1.19K","-1.66%"
"22-12-2022","1,624.50","1,620.50","1,627.50","1,611.00","0.69K","0.09%"
"21-12-2022","1,623.00","1,624.00","1,633.00","1,617.00","1.60K","0.84%"
"20-12-2022","1,609.50","1,594.00","1,619.50","1,591.00","1.33K","1.07%"
"19-12-2022","1,592.50","1,605.00","1,608.00","1,584.00","0.99K","-0.53%"
"16-12-2022","1,601.00","1,636.50","1,643.00","1,596.50","1.58K","-2.14%"
"15-12-2022","1,636.00","1,632.00","1,642.00","1,627.00","0.61K","0.12%"
"14-12-2022","1,634.00","1,638.50","1,647.00","1,631.00","0.51K","0.00%"
"13-12-2022","1,634.00","1,631.00","1,644.00","1,627.00","0.80K","-0.24%"
"12-12-2022","1,638.00","1,630.00","1,655.00","1,628.00","0.78K","0.58%"
"09-12-2022","1,628.50","1,638.50","1,643.50","1,620.00","0.85K","-0.88%"
"08-12-2022","1,643.00","1,649.00","1,663.00","1,634.00","0.89K","-0.79%"
"07-12-2022","1,656.00","1,657.50","1,671.00","1,652.00","0.78K","-0.21%"
"06-12-2022","1,659.50","1,655.00","1,661.50","1,646.00","0.80K","0.39%"
"05-12-2022","1,653.00","1,668.00","1,683.00","1,648.00","1.35K","-2.07%"
"02-12-2022","1,688.00","1,713.50","1,722.00","1,675.00","1.21K","-1.69%"
"01-12-2022","1,717.00","1,717.00","1,725.50","1,706.50","1.16K","-2.36%"
"30-11-2022","1,758.50","1,705.00","1,705.00","1,705.00","","0.46%"
"29-11-2022","1,750.50","1,750.50","1,750.50","1,750.50","","0.17%"
"28-11-2022","1,747.50","1,747.50","1,747.50","1,747.50","","-2.32%"
"25-11-2022","1,789.00","1,789.00","1,789.00","1,789.00","","1.59%"
"24-11-2022","1,761.00","1,761.00","1,761.00","1,761.00","","0.74%"
"23-11-2022","1,748.00","1,748.00","1,748.00","1,748.00","","0.63%"
"22-11-2022","1,737.00","1,737.00","1,737.00","1,737.00","","-0.77%"
"21-11-2022","1,750.50","1,750.50","1,750.50","1,750.50","","-3.05%"
"18-11-2022","1,805.50","1,805.50","1,805.50","1,805.50","","-0.55%"
"17-11-2022","1,815.50","1,815.50","1,815.50","1,815.50","","-0.52%"
"16-11-2022","1,825.00","1,825.00","1,825.00","1,825.00","","0.30%"
"15-11-2022","1,819.50","1,819.50","1,819.50","1,819.50","","-0.74%"
"14-11-2022","1,833.00","1,833.00","1,833.00","1,833.00","","0.69%"
"11-11-2022","1,820.50","1,820.50","1,820.50","1,820.50","","1.14%"
"10-11-2022","1,800.00","1,800.00","1,800.00","1,800.00","","5.51%"
"09-11-2022","1,706.00","1,706.00","1,706.00","1,706.00","","3.02%"
"07-11-2022","1,656.00","1,656.00","1,656.00","1,656.00","","0.03%"
"04-11-2022","1,655.50","1,655.50","1,655.50","1,655.50","","4.61%"
"03-11-2022","1,582.50","1,582.50","1,582.50","1,582.50","","-0.19%"
"02-11-2022","1,585.50","1,585.50","1,585.50","1,585.50","","0.92%"
"01-11-2022","1,571.00","1,571.00","1,571.00","1,571.00","","2.55%"
"31-10-2022","1,532.00","1,532.00","1,532.00","1,532.00","","-1.13%"
"28-10-2022","1,549.50","1,549.50","1,549.50","1,549.50","","-0.48%"
"27-10-2022","1,557.00","1,557.00","1,557.00","1,557.00","","-0.06%"
"25-10-2022","1,558.00","1,558.00","1,558.00","1,558.00","","-1.24%"
"24-10-2022","1,577.50","1,577.50","1,577.50","1,577.50","","-0.69%"
"21-10-2022","1,588.50","1,588.50","1,588.50","1,588.50","","-0.22%"
"20-10-2022","1,592.00","1,592.00","1,592.00","1,592.00","","-1.24%"
"19-10-2022","1,612.00","1,612.00","1,612.00","1,612.00","","-0.28%"
"18-10-2022","1,616.50","1,616.50","1,616.50","1,616.50","","0.09%"
"17-10-2022","1,615.00","1,615.00","1,615.00","1,615.00","","1.00%"
"14-10-2022","1,599.00","1,599.00","1,599.00","1,599.00","","-0.74%"
"13-10-2022","1,611.00","1,611.00","1,611.00","1,611.00","","-0.46%"
"12-10-2022","1,618.50","1,618.50","1,618.50","1,618.50","","-0.92%"
"11-10-2022","1,633.50","1,633.50","1,633.50","1,633.50","","-1.77%"
"10-10-2022","1,663.00","1,663.00","1,663.00","1,663.00","","2.02%"
"07-10-2022","1,630.00","1,630.00","1,630.00","1,630.00","","0.15%"
"06-10-2022","1,627.50","1,627.50","1,627.50","1,627.50","","0.09%"
"04-10-2022","1,626.00","1,626.00","1,626.00","1,626.00","","2.49%"
"03-10-2022","1,586.50","1,586.50","1,586.50","1,586.50","","-0.22%"
"30-09-2022","1,590.00","1,590.00","1,590.00","1,590.00","","0.95%"
"29-09-2022","1,575.00","1,575.00","1,575.00","1,575.00","","-1.04%"
"28-09-2022","1,591.50","1,591.50","1,591.50","1,591.50","","-1.73%"
"27-09-2022","1,619.50","1,619.50","1,619.50","1,619.50","","-0.55%"
"26-09-2022","1,628.50","1,628.50","1,628.50","1,628.50","","-0.67%"
"23-09-2022","1,639.50","1,639.50","1,639.50","1,639.50","","-1.15%"
"22-09-2022","1,658.50","1,658.50","1,658.50","1,658.50","","-0.18%"
"21-09-2022","1,661.50","1,661.50","1,661.50","1,661.50","","0.51%"
"20-09-2022","1,653.00","1,653.00","1,653.00","1,653.00","","0.03%"
"19-09-2022","1,652.50","1,652.50","1,652.50","1,652.50","","-1.11%"
"16-09-2022","1,671.00","1,671.00","1,671.00","1,671.00","","-1.62%"
"15-09-2022","1,698.50","1,698.50","1,698.50","1,698.50","","0.27%"
"14-09-2022","1,694.00","1,694.00","1,694.00","1,694.00","","-0.70%"
"13-09-2022","1,706.00","1,706.00","1,706.00","1,706.00","","-1.13%"
"12-09-2022","1,725.50","1,725.50","1,725.50","1,725.50","","-0.60%"
"09-09-2022","1,736.00","1,736.00","1,736.00","1,736.00","","-0.40%"
"07-09-2022","1,743.00","1,743.00","1,743.00","1,743.00","","0.98%"
"06-09-2022","1,726.00","1,726.00","1,726.00","1,726.00","","0.29%"
"05-09-2022","1,721.00","1,721.00","1,721.00","1,721.00","","-1.77%"
"02-09-2022","1,752.00","1,752.00","1,752.00","1,752.00","","-0.40%"
"01-09-2022","1,759.00","1,759.00","1,759.00","1,759.00","","-0.68%"
"30-08-2022","1,771.00","1,771.00","1,771.00","1,771.00","","1.23%"
"29-08-2022","1,749.50","1,749.50","1,749.50","1,749.50","","-0.28%"
"26-08-2022","1,754.50","1,754.50","1,754.50","1,754.50","","0.98%"
"25-08-2022","1,737.50","1,737.50","1,737.50","1,737.50","","-0.91%"
"24-08-2022","1,753.50","1,753.50","1,753.50","1,753.50","","-0.51%"
"23-08-2022","1,762.50","1,762.50","1,762.50","1,762.50","","-1.48%"
"22-08-2022","1,789.00","1,789.00","1,789.00","1,789.00","","1.53%"
"19-08-2022","1,762.00","0.00","0.00","0.00","","-0.54%"
"18-08-2022","1,771.50","1,771.50","1,771.50","1,771.50","","-1.20%"
"17-08-2022","1,793.00","1,793.00","1,793.00","1,793.00","","-0.06%"
"16-08-2022","1,794.00","1,794.00","1,794.00","1,794.00","","3.04%"
"12-08-2022","1,741.00","1,741.00","1,741.00","1,741.00","","2.26%"
"11-08-2022","1,702.50","1,702.50","1,702.50","1,702.50","","1.13%"
"10-08-2022","1,683.50","1,683.50","1,683.50","1,683.50","","-0.06%"
"08-08-2022","1,684.50","1,684.50","1,684.50","1,684.50","","-0.56%"
"05-08-2022","1,694.00","1,694.00","1,694.00","1,694.00","","0.21%"
"04-08-2022","1,690.50","1,690.50","1,690.50","1,690.50","","0.48%"
"03-08-2022","1,682.50","1,682.50","1,682.50","1,682.50","","0.69%"
"02-08-2022","1,671.00","1,671.00","1,671.00","1,671.00","","0.15%"
"01-08-2022","1,668.50","1,668.50","1,668.50","1,668.50","","0.60%"
"29-07-2022","1,658.50","1,658.50","1,658.50","1,658.50","","-1.37%"
"28-07-2022","1,681.50","1,681.50","1,681.50","1,681.50","","-0.12%"
"27-07-2022","1,683.50","1,683.50","1,683.50","1,683.50","","1.81%"
"26-07-2022","1,653.50","1,653.50","1,653.50","1,653.50","","1.91%"
"25-07-2022","1,622.50","1,622.50","1,622.50","1,622.50","","0.03%"
"22-07-2022","1,622.00","1,622.00","1,622.00","1,622.00","","-0.43%"
"21-07-2022","1,629.00","1,629.00","1,629.00","1,629.00","","0.00%"
"20-07-2022","1,629.00","1,629.00","1,629.00","1,629.00","","1.50%"
"19-07-2022","1,605.00","1,605.00","1,605.00","1,605.00","","-1.47%"
"18-07-2022","1,629.00","1,629.00","1,629.00","1,629.00","","0.49%"
"15-07-2022","1,621.00","1,621.00","1,621.00","1,621.00","","0.00%"
"14-07-2022","1,621.00","1,621.00","1,621.00","1,621.00","","-1.73%"
"13-07-2022","1,649.50","1,649.50","1,649.50","1,649.50","","-1.76%"
"12-07-2022","1,679.00","1,679.00","1,679.00","1,679.00","","0.00%"
"11-07-2022","1,679.00","1,679.00","1,679.00","1,679.00","","-5.99%"
"08-07-2022","1,786.00","1,786.00","1,786.00","1,786.00","","0.00%"
"07-07-2022","1,786.00","1,786.00","1,786.00","1,786.00","","0.00%"
"06-07-2022","1,786.00","1,786.00","1,786.00","1,786.00","","0.00%"
"05-07-2022","1,786.00","1,786.00","1,786.00","1,786.00","","0.00%"
"04-07-2022","1,786.00","1,786.00","1,786.00","1,786.00","","0.00%"
"01-07-2022","1,786.00","1,786.00","1,786.00","1,786.00","","0.00%"
"30-06-2022","1,786.00","1,786.00","1,786.00","1,786.00","","0.00%"
"29-06-2022","1,786.00","1,786.00","1,786.00","1,786.00","","0.00%"
"28-06-2022","1,786.00","1,786.00","1,786.00","1,786.00","","0.00%"
"27-06-2022","1,786.00","1,786.00","1,786.00","1,786.00","","0.00%"
"24-06-2022","1,786.00","1,786.00","1,786.00","1,786.00","","0.00%"
"23-06-2022","1,786.00","1,786.00","1,786.00","1,786.00","","0.00%"
"22-06-2022","1,786.00","1,786.00","1,786.00","1,786.00","","0.00%"
"21-06-2022","1,786.00","1,786.00","1,786.00","1,786.00","","0.00%"
"20-06-2022","1,786.00","1,786.00","1,786.00","1,786.00","","0.00%"
"17-06-2022","1,786.00","1,786.00","1,786.00","1,786.00","","0.00%"
"16-06-2022","1,786.00","1,786.00","1,786.00","1,786.00","","0.00%"
"15-06-2022","1,786.00","1,786.00","1,786.00","1,786.00","","0.00%"
"14-06-2022","1,786.00","1,786.00","1,786.00","1,786.00","","0.00%"
"13-06-2022","1,786.00","1,786.00","1,786.00","1,786.00","","0.00%"
"10-06-2022","1,786.00","1,786.00","1,786.00","1,786.00","","0.00%"
"09-06-2022","1,786.00","1,786.00","1,786.00","1,786.00","","0.00%"
"08-06-2022","1,786.00","1,786.00","1,786.00","1,786.00","","0.00%"
"07-06-2022","1,786.00","1,786.00","1,786.00","1,786.00","","0.00%"
"06-06-2022","1,786.00","1,786.00","1,786.00","1,786.00","","0.00%"
"03-06-2022","1,786.00","1,786.00","1,786.00","1,786.00","","0.00%"
"02-06-2022","1,786.00","1,786.00","1,786.00","1,786.00","","0.00%"
"01-06-2022","1,786.00","1,786.00","1,786.00","1,786.00","","0.00%"
"31-05-2022","1,786.00","1,786.00","1,786.00","1,786.00","","0.00%"
"30-05-2022","1,786.00","1,786.00","1,786.00","1,786.00","","0.00%"
"27-05-2022","1,786.00","1,786.00","1,786.00","1,786.00","","0.00%"
"26-05-2022","1,786.00","1,786.00","1,786.00","1,786.00","","0.00%"
"25-05-2022","1,786.00","1,786.00","1,786.00","1,786.00","","0.00%"
"24-05-2022","1,786.00","1,786.00","1,786.00","1,786.00","","0.00%"
"23-05-2022","1,786.00","1,786.00","1,786.00","1,786.00","","0.00%"
"20-05-2022","1,786.00","1,786.00","1,786.00","1,786.00","","0.00%"
"19-05-2022","1,786.00","1,786.00","1,786.00","1,786.00","","0.00%"
"18-05-2022","1,786.00","1,786.00","1,786.00","1,786.00","","0.00%"
"17-05-2022","1,786.00","1,786.00","1,786.00","1,786.00","","0.00%"
"16-05-2022","1,786.00","1,786.00","1,786.00","1,786.00","","0.00%"
"13-05-2022","1,786.00","1,786.00","1,786.00","1,786.00","","0.00%"
"12-05-2022","1,786.00","1,786.00","1,786.00","1,786.00","","0.00%"
"11-05-2022","1,786.00","1,786.00","1,786.00","1,786.00","","0.00%"
"10-05-2022","1,786.00","1,786.00","1,786.00","1,786.00","","0.00%"
"09-05-2022","1,786.00","1,786.00","1,786.00","1,786.00","","0.00%"
"06-05-2022","1,786.00","1,786.00","1,786.00","1,786.00","","0.00%"
"05-05-2022","1,786.00","1,786.00","1,786.00","1,786.00","","0.00%"
"04-05-2022","1,786.00","1,786.00","1,786.00","1,786.00","","0.00%"
"03-05-2022","1,786.00","1,786.00","1,786.00","1,786.00","","0.00%"
"02-05-2022","1,786.00","1,786.00","1,786.00","1,786.00","","0.00%"
"29-04-2022","1,786.00","1,786.00","1,786.00","1,786.00","","0.00%"
"28-04-2022","1,786.00","1,786.00","1,786.00","1,786.00","","0.00%"
"27-04-2022","1,786.00","1,786.00","1,786.00","1,786.00","","0.00%"
"26-04-2022","1,786.00","1,786.00","1,786.00","1,786.00","","0.00%"
"25-04-2022","1,786.00","1,786.00","1,786.00","1,786.00","","0.00%"
"22-04-2022","1,786.00","1,786.00","1,786.00","1,786.00","","0.00%"
"21-04-2022","1,786.00","1,786.00","1,786.00","1,786.00","","0.00%"
"20-04-2022","1,786.00","1,786.00","1,786.00","1,786.00","","0.00%"
"19-04-2022","1,786.00","1,786.00","1,786.00","1,786.00","","0.00%"
"18-04-2022","1,786.00","1,786.00","1,786.00","1,786.00","","0.00%"
"14-04-2022","1,786.00","1,786.00","1,786.00","1,786.00","","0.00%"
"13-04-2022","1,786.00","1,786.00","1,786.00","1,786.00","","0.00%"
"12-04-2022","1,786.00","1,786.00","1,786.00","1,786.00","","0.00%"
"11-04-2022","1,786.00","1,786.00","1,786.00","1,786.00","","0.00%"
"08-04-2022","1,786.00","1,786.00","1,786.00","1,786.00","","0.00%"
"07-04-2022","1,786.00","1,786.00","1,786.00","1,786.00","","0.00%"
"06-04-2022","1,786.00","1,786.00","1,786.00","1,786.00","","5.99%"
"05-04-2022","1,685.00","1,685.00","1,685.00","1,685.00","","5.97%"
"04-04-2022","1,590.00","1,590.00","1,590.00","1,590.00","","6.00%"
"01-04-2022","1,500.00","1,500.00","1,500.00","1,500.00","","0.00%"
"31-03-2022","1,500.00","1,500.00","1,500.00","1,500.00","","0.00%"
"30-03-2022","1,500.00","1,500.00","1,500.00","1,500.00","","0.00%"
"29-03-2022","1,500.00","1,500.00","1,500.00","1,500.00","","0.00%"
"28-03-2022","1,500.00","1,500.00","1,500.00","1,500.00","","0.00%"
"25-03-2022","1,500.00","1,500.00","1,500.00","1,500.00","","0.00%"
"24-03-2022","1,500.00","1,500.00","1,500.00","1,500.00","","0.00%"
"23-03-2022","1,500.00","1,500.00","1,500.00","1,500.00","","0.00%"
"22-03-2022","1,500.00","1,500.00","1,500.00","1,500.00","","0.00%"
"21-03-2022","1,500.00","1,500.00","1,500.00","1,500.00","","0.00%"
"18-03-2022","1,500.00","1,500.00","1,500.00","1,500.00","","0.00%"
"17-03-2022","1,500.00","1,500.00","1,500.00","1,500.00","","0.00%"
"16-03-2022","1,500.00","1,500.00","1,500.00","1,500.00","","0.00%"
"15-03-2022","1,500.00","1,500.00","1,500.00","1,500.00","","0.00%"
"14-03-2022","1,500.00","1,500.00","1,500.00","1,500.00","","0.00%"
"11-03-2022","1,500.00","1,500.00","1,500.00","1,500.00","","0.00%"
"10-03-2022","1,500.00","1,500.00","1,500.00","1,500.00","","0.00%"
"09-03-2022","1,500.00","1,500.00","1,500.00","1,500.00","","0.00%"
"08-03-2022","1,500.00","1,500.00","1,500.00","1,500.00","","0.00%"
"07-03-2022","1,500.00","1,500.00","1,500.00","1,500.00","","0.00%"
"04-03-2022","1,500.00","1,500.00","1,500.00","1,500.00","","0.00%"
"03-03-2022","1,500.00","1,500.00","1,500.00","1,500.00","","0.00%"
"02-03-2022","1,500.00","1,500.00","1,500.00","1,500.00","","0.00%"
"01-03-2022","1,500.00","1,500.00","1,500.00","1,500.00","","-23.41%"
"28-02-2022","1,958.50","1,958.00","1,970.00","1,945.00","1.71K","-0.63%"
"25-02-2022","1,971.00","1,990.00","1,995.00","1,941.00","2.75K","-0.61%"
"24-02-2022","1,983.00","1,984.00","2,003.00","1,952.00","2.89K","-0.43%"
"23-02-2022","1,991.50","1,992.00","2,008.00","1,981.50","1.71K","0.18%"
"22-02-2022","1,988.00","1,995.00","2,004.00","1,977.00","1.63K","-0.65%"
"21-02-2022","2,001.00","2,048.00","2,048.00","1,992.50","2.22K","-2.13%"
"18-02-2022","2,044.50","2,025.50","2,047.00","2,022.00","1.34K","0.94%"
"17-02-2022","2,025.50","2,027.50","2,043.00","2,023.50","1.32K","-0.37%"
"16-02-2022","2,033.00","2,063.00","2,067.00","2,022.00","2.39K","-1.41%"
"15-02-2022","2,062.00","2,050.00","2,072.00","2,048.00","1.21K","0.59%"
"14-02-2022","2,050.00","2,077.00","2,089.00","2,047.00","1.47K","-1.30%"
"11-02-2022","2,077.00","2,048.00","2,079.00","2,042.00","2.13K","1.02%"
"10-02-2022","2,056.00","2,026.00","2,058.00","2,022.00","1.90K","1.06%"
"09-02-2022","2,034.50","2,026.00","2,036.00","2,018.00","1.29K","0.44%"
"08-02-2022","2,025.50","2,003.00","2,028.00","2,001.00","1.20K","0.75%"
"07-02-2022","2,010.50","2,029.50","2,039.00","2,008.00","1.67K","-1.30%"
"04-02-2022","2,037.00","2,035.00","2,049.00","2,024.00","1.36K","0.62%"
"03-02-2022","2,024.50","2,012.00","2,028.00","2,007.50","1.60K","0.50%"
"02-02-2022","2,014.50","2,040.00","2,051.00","2,011.50","2.71K","-1.03%"
"01-02-2022","2,035.50","2,039.00","2,063.00","2,031.00","2.79K","0.69%"
"31-01-2022","2,021.50","2,034.00","2,036.00","2,018.00","1.87K","0.67%"
"28-01-2022","2,008.00","2,027.00","2,028.00","1,996.00","1.70K","-1.06%"
"27-01-2022","2,029.50","2,026.00","2,036.00","2,010.00","1.73K","0.42%"
"25-01-2022","2,021.00","1,982.00","2,030.00","1,979.50","2.55K","2.04%"
"24-01-2022","1,980.50","1,990.00","1,999.00","1,971.00","1.99K","-0.13%"
"21-01-2022","1,983.00","1,997.50","2,012.50","1,975.00","3.37K","-1.12%"
"20-01-2022","2,005.50","2,051.50","2,052.00","1,996.00","3.87K","-2.05%"
"19-01-2022","2,047.50","2,040.00","2,053.00","2,026.00","3.13K","0.69%"
"18-01-2022","2,033.50","2,029.00","2,049.00","2,029.00","2.01K","0.20%"
"17-01-2022","2,029.50","2,010.00","2,032.50","1,995.50","2.34K","1.22%"
"14-01-2022","2,005.00","2,004.00","2,011.50","1,994.00","1.51K","-0.25%"
"13-01-2022","2,010.00","2,032.00","2,035.00","2,007.00","2.68K","-0.79%"
"12-01-2022","2,026.00","1,999.00","2,032.00","1,991.00","2.95K","1.78%"
"11-01-2022","1,990.50","1,986.00","2,006.00","1,974.00","3.08K","0.23%"
"10-01-2022","1,986.00","2,006.00","2,033.50","1,976.50","3.38K","-1.00%"
"07-01-2022","2,006.00","2,031.00","2,070.00","1,996.00","4.20K","-0.99%"
"06-01-2022","2,026.00","1,982.00","2,042.00","1,963.00","4.04K","1.89%"
"05-01-2022","1,988.50","2,034.50","2,055.00","1,979.00","4.40K","-2.69%"
"04-01-2022","2,043.50","1,975.00","2,048.00","1,966.50","4.99K","3.29%"
"03-01-2022","1,978.50","1,972.00","1,988.00","1,961.00","2.93K","0.69%"
"31-12-2021","1,965.00","1,936.00","1,972.00","1,935.00","2.69K","0.82%"
"30-12-2021","1,949.00","1,934.00","1,952.00","1,919.00","2.90K","1.12%"
"29-12-2021","1,927.50","1,900.00","1,929.00","1,896.00","2.31K","0.52%"
"28-12-2021","1,917.50","1,912.00","1,930.00","1,901.50","2.13K","0.47%"
"27-12-2021","1,908.50","1,901.00","1,911.00","1,881.50","1.83K","0.74%"
"24-12-2021","1,894.50","1,866.00","1,898.00","1,851.00","2.12K","1.34%"
"23-12-2021","1,869.50","1,860.00","1,874.50","1,844.50","2.07K","0.67%"
"22-12-2021","1,857.00","1,810.00","1,864.00","1,798.50","2.36K","2.77%"
"21-12-2021","1,807.00","1,813.50","1,818.00","1,796.50","1.51K","0.44%"
"20-12-2021","1,799.00","1,827.00","1,842.00","1,790.00","2.41K","-1.80%"
"17-12-2021","1,832.00","1,862.00","1,867.00","1,818.00","2.21K","-1.00%"
"16-12-2021","1,850.50","1,808.00","1,854.00","1,801.00","2.32K","2.75%"
"15-12-2021","1,801.00","1,760.50","1,804.00","1,757.50","2.28K","1.75%"
"14-12-2021","1,770.00","1,754.50","1,774.00","1,747.00","1.11K","0.71%"
"13-12-2021","1,757.50","1,764.00","1,771.00","1,755.50","0.83K","0.17%"
"10-12-2021","1,754.50","1,746.00","1,758.00","1,744.00","0.89K","0.23%"
"09-12-2021","1,750.50","1,765.00","1,770.00","1,741.50","1.63K","-0.91%"
"08-12-2021","1,766.50","1,753.50","1,770.00","1,745.50","1.50K","0.23%"
"07-12-2021","1,762.50","1,753.50","1,775.00","1,740.00","1.70K","0.51%"
"06-12-2021","1,753.50","1,737.50","1,757.00","1,735.00","1.56K","1.98%"
"03-12-2021","1,719.50","1,690.00","1,725.00","1,690.00","1.78K","1.96%"
"02-12-2021","1,686.50","1,730.00","1,734.00","1,677.00","3.40K","-2.74%"
"01-12-2021","1,734.00","1,718.00","1,758.00","1,718.00","2.71K","0.46%"
"30-11-2021","1,726.00","1,725.00","1,725.00","1,725.00","","-2.84%"
"29-11-2021","1,776.50","1,776.50","1,776.50","1,776.50","","0.34%"
"26-11-2021","1,770.50","1,770.50","1,770.50","1,770.50","","-3.62%"
"25-11-2021","1,837.00","1,837.00","1,837.00","1,837.00","","2.60%"
"24-11-2021","1,790.50","1,790.50","1,790.50","1,790.50","","0.90%"
"23-11-2021","1,774.50","1,774.50","1,774.50","1,774.50","","-0.08%"
"22-11-2021","1,776.00","1,776.00","1,776.00","1,776.00","","0.91%"
"19-11-2021","1,760.00","1,760.00","1,760.00","1,760.00","","1.29%"
"18-11-2021","1,737.50","1,737.50","1,737.50","1,737.50","","0.46%"
"17-11-2021","1,729.50","1,729.50","1,729.50","1,729.50","","-0.35%"
"16-11-2021","1,735.50","1,735.50","1,735.50","1,735.50","","-0.74%"
"15-11-2021","1,748.50","1,748.50","1,748.50","1,748.50","","-2.10%"
"12-11-2021","1,786.00","1,786.00","1,786.00","1,786.00","","-0.06%"
"11-11-2021","1,787.00","1,787.00","1,787.00","1,787.00","","-1.30%"
"10-11-2021","1,810.50","1,810.50","1,810.50","1,810.50","","3.07%"
"09-11-2021","1,756.50","1,756.50","1,756.50","1,756.50","","-1.46%"
"08-11-2021","1,782.50","1,782.50","1,782.50","1,782.50","","-0.31%"
"05-11-2021","1,788.00","1,788.00","1,788.00","1,788.00","","-1.05%"
"04-11-2021","1,807.00","1,807.00","1,807.00","1,807.00","","-0.28%"
"03-11-2021","1,812.00","1,812.00","1,812.00","1,812.00","","-0.85%"
"02-11-2021","1,827.50","1,827.50","1,827.50","1,827.50","","-1.88%"
"01-11-2021","1,862.50","1,862.50","1,862.50","1,862.50","","2.34%"
"29-10-2021","1,820.00","1,820.00","1,820.00","1,820.00","","1.85%"
"28-10-2021","1,787.00","1,787.00","1,787.00","1,787.00","","0.79%"
"27-10-2021","1,773.00","1,773.00","1,773.00","1,773.00","","2.01%"
"26-10-2021","1,738.00","1,738.00","1,738.00","1,738.00","","1.37%"
"25-10-2021","1,714.50","1,714.50","1,714.50","1,714.50","","0.94%"
"22-10-2021","1,698.50","1,698.50","1,698.50","1,698.50","","0.30%"
"21-10-2021","1,693.50","1,693.50","1,693.50","1,693.50","","-0.47%"
"20-10-2021","1,701.50","1,701.50","1,701.50","1,701.50","","1.01%"
"19-10-2021","1,684.50","1,684.50","1,684.50","1,684.50","","-0.85%"
"18-10-2021","1,699.00","1,699.00","1,699.00","1,699.00","","-0.32%"
"15-10-2021","1,704.50","1,704.50","1,704.50","1,704.50","","2.07%"
"14-10-2021","1,670.00","1,670.00","1,670.00","1,670.00","","1.33%"
"13-10-2021","1,648.00","1,648.00","1,648.00","1,648.00","","-1.61%"
"12-10-2021","1,675.00","1,675.00","1,675.00","1,675.00","","-0.15%"
"11-10-2021","1,677.50","1,677.50","1,677.50","1,677.50","","0.69%"
"08-10-2021","1,666.00","1,666.00","1,666.00","1,666.00","","3.61%"
"07-10-2021","1,608.00","1,608.00","1,608.00","1,608.00","","-0.25%"
"06-10-2021","1,612.00","1,612.00","1,612.00","1,612.00","","2.12%"
"05-10-2021","1,578.50","1,578.50","1,578.50","1,578.50","","2.87%"
"04-10-2021","1,534.50","1,534.50","1,534.50","1,534.50","","-0.62%"
"01-10-2021","1,544.00","1,544.00","1,544.00","1,544.00","","2.22%"
"30-09-2021","1,510.50","1,510.50","1,510.50","1,510.50","","-0.98%"
"29-09-2021","1,525.50","1,525.50","1,525.50","1,525.50","","2.35%"
"28-09-2021","1,490.50","1,490.50","1,490.50","1,490.50","","0.27%"
"27-09-2021","1,486.50","1,486.50","1,486.50","1,486.50","","4.35%"
"24-09-2021","1,424.50","1,424.50","1,424.50","1,424.50","","-0.52%"
"23-09-2021","1,432.00","1,432.00","1,432.00","1,432.00","","1.96%"
"22-09-2021","1,404.50","1,404.50","1,404.50","1,404.50","","0.46%"
"21-09-2021","1,398.00","1,398.00","1,398.00","1,398.00","","0.72%"
"20-09-2021","1,388.00","1,388.00","1,388.00","1,388.00","","0.00%"
"17-09-2021","1,388.00","1,388.00","1,388.00","1,388.00","","-0.32%"
"16-09-2021","1,392.50","1,392.50","1,392.50","1,392.50","","-1.45%"
"15-09-2021","1,413.00","1,413.00","1,413.00","1,413.00","","-0.84%"
"14-09-2021","1,425.00","1,425.00","1,425.00","1,425.00","","-0.04%"
"13-09-2021","1,425.50","1,425.50","1,425.50","1,425.50","","0.04%"
"10-09-2021","1,425.00","1,425.00","1,425.00","1,425.00","","-0.42%"
"09-09-2021","1,431.00","1,431.00","1,431.00","1,431.00","","-0.83%"
"08-09-2021","1,443.00","1,443.00","1,443.00","1,443.00","","1.41%"
"07-09-2021","1,423.00","1,423.00","1,423.00","1,423.00","","0.39%"
"06-09-2021","1,417.50","1,417.50","1,417.50","1,417.50","","-0.32%"
"03-09-2021","1,422.00","1,422.00","1,422.00","1,422.00","","0.64%"
"02-09-2021","1,413.00","1,413.00","1,413.00","1,413.00","","-0.35%"
"01-09-2021","1,418.00","1,418.00","1,418.00","1,418.00","","0.93%"
"31-08-2021","1,405.00","1,405.00","1,405.00","1,405.00","","-1.68%"
"30-08-2021","1,429.00","1,429.00","1,429.00","1,429.00","","-1.18%"
"27-08-2021","1,446.00","1,446.00","1,446.00","1,446.00","","1.05%"
"26-08-2021","1,431.00","1,431.00","1,431.00","1,431.00","","-1.41%"
"25-08-2021","1,451.50","1,451.50","1,451.50","1,451.50","","-0.92%"
"24-08-2021","1,465.00","1,465.00","1,465.00","1,465.00","","0.03%"
"23-08-2021","1,464.50","1,464.50","1,464.50","1,464.50","","-0.75%"
"20-08-2021","1,475.50","1,475.50","1,475.50","1,475.50","","0.07%"
"19-08-2021","1,474.50","1,474.50","1,474.50","1,474.50","","-0.81%"
"18-08-2021","1,486.50","1,486.50","1,486.50","1,486.50","","-0.70%"
"17-08-2021","1,497.00","1,497.00","1,497.00","1,497.00","","1.08%"
"16-08-2021","1,481.00","1,481.00","1,481.00","1,481.00","","-0.17%"
"13-08-2021","1,483.50","1,483.50","1,483.50","1,483.50","","2.49%"
"12-08-2021","1,447.50","1,447.50","1,447.50","1,447.50","","0.21%"
"11-08-2021","1,444.50","1,444.50","1,444.50","1,444.50","","-0.03%"
"10-08-2021","1,445.00","1,445.00","1,445.00","1,445.00","","0.45%"
"09-08-2021","1,438.50","1,438.50","1,438.50","1,438.50","","-1.10%"
"06-08-2021","1,454.50","1,454.50","1,454.50","1,454.50","","0.80%"
"05-08-2021","1,443.00","1,443.00","1,443.00","1,443.00","","-0.52%"
"04-08-2021","1,450.50","1,450.50","1,450.50","1,450.50","","0.73%"
"03-08-2021","1,440.00","1,440.00","1,440.00","1,440.00","","-1.00%"
"02-08-2021","1,454.50","1,454.50","1,454.50","1,454.50","","0.00%"
"30-07-2021","1,454.50","1,454.50","1,454.50","1,454.50","","0.69%"
"29-07-2021","1,444.50","1,444.50","1,444.50","1,444.50","","0.66%"
"28-07-2021","1,435.00","1,435.00","1,435.00","1,435.00","","0.77%"
"27-07-2021","1,424.00","1,424.00","1,424.00","1,424.00","","0.60%"
"26-07-2021","1,415.50","1,415.50","1,415.50","1,415.50","","0.21%"
"23-07-2021","1,412.50","1,412.50","1,412.50","1,412.50","","0.04%"
"22-07-2021","1,412.00","1,412.00","1,412.00","1,412.00","","0.93%"
"21-07-2021","1,399.00","1,399.00","1,399.00","1,399.00","","0.90%"
"20-07-2021","1,386.50","1,386.50","1,386.50","1,386.50","","1.61%"
"19-07-2021","1,364.50","1,364.50","1,364.50","1,364.50","","-0.69%"
"16-07-2021","1,374.00","1,374.00","1,374.00","1,374.00","","1.82%"
"15-07-2021","1,349.50","1,349.50","1,349.50","1,349.50","","1.58%"
"14-07-2021","1,328.50","1,328.50","1,328.50","1,328.50","","2.94%"
"13-07-2021","1,290.50","1,290.50","1,290.50","1,290.50","","0.12%"
"12-07-2021","1,289.00","1,289.00","1,289.00","1,289.00","","0.31%"
"09-07-2021","1,285.00","1,285.00","1,285.00","1,285.00","","0.16%"
"08-07-2021","1,283.00","1,283.00","1,283.00","1,283.00","","-0.58%"
"07-07-2021","1,290.50","1,290.50","1,290.50","1,290.50","","-0.08%"
"06-07-2021","1,291.50","1,291.50","1,291.50","1,291.50","","-0.19%"
"05-07-2021","1,294.00","1,294.00","1,294.00","1,294.00","","-12.80%"
"02-07-2021","1,484.00","1,484.00","1,484.00","1,484.00","","15.04%"
"01-07-2021","1,290.00","1,290.00","1,290.00","1,290.00","","0.94%"
"30-06-2021","1,278.00","1,278.00","1,278.00","1,278.00","","-0.70%"
"29-06-2021","1,287.00","1,287.00","1,287.00","1,287.00","","0.94%"
"28-06-2021","1,275.00","1,275.00","1,275.00","1,275.00","","-0.08%"
"25-06-2021","1,276.00","1,276.00","1,276.00","1,276.00","","-0.31%"
"24-06-2021","1,280.00","1,280.00","1,280.00","1,280.00","","-0.93%"
"23-06-2021","1,292.00","1,292.00","1,292.00","1,292.00","","0.94%"
"22-06-2021","1,280.00","1,280.00","1,280.00","1,280.00","","-0.19%"
"21-06-2021","1,282.50","1,282.50","1,282.50","1,282.50","","-0.50%"
"18-06-2021","1,289.00","1,289.00","1,289.00","1,289.00","","-0.92%"
"17-06-2021","1,301.00","1,301.00","1,301.00","1,301.00","","-0.57%"
"16-06-2021","1,308.50","1,308.50","1,308.50","1,308.50","","0.31%"
"15-06-2021","1,304.50","1,304.50","1,304.50","1,304.50","","1.44%"
"14-06-2021","1,286.00","1,286.00","1,286.00","1,286.00","","-1.00%"
"11-06-2021","1,299.00","1,299.00","1,299.00","1,299.00","","-1.74%"
"10-06-2021","1,322.00","1,322.00","1,322.00","1,322.00","","-0.75%"
"09-06-2021","1,332.00","1,332.00","1,332.00","1,332.00","","-0.15%"
"08-06-2021","1,334.00","1,334.00","1,334.00","1,334.00","","0.19%"
"07-06-2021","1,331.50","1,331.50","1,331.50","1,331.50","","0.83%"
"04-06-2021","1,320.50","1,320.50","1,320.50","1,320.50","","1.77%"
"03-06-2021","1,297.50","1,297.50","1,297.50","1,297.50","","-0.80%"
"02-06-2021","1,308.00","1,308.00","1,308.00","1,308.00","","0.62%"
"01-06-2021","1,300.00","1,300.00","1,300.00","1,300.00","","1.33%"
"31-05-2021","1,283.00","1,283.00","1,283.00","1,283.00","","1.70%"
"28-05-2021","1,261.50","1,261.50","1,261.50","1,261.50","","-0.24%"
"27-05-2021","1,264.50","1,264.50","1,264.50","1,264.50","","0.60%"
"26-05-2021","1,257.00","1,257.00","1,257.00","1,257.00","","-0.44%"
"25-05-2021","1,262.50","1,262.50","1,262.50","1,262.50","","0.40%"
"24-05-2021","1,257.50","1,257.50","1,257.50","1,257.50","","0.04%"
"21-05-2021","1,257.00","1,257.00","1,257.00","1,257.00","","0.04%"
"20-05-2021","1,256.50","1,256.50","1,256.50","1,256.50","","0.12%"
"19-05-2021","1,255.00","1,255.00","1,255.00","1,255.00","","-0.67%"
"18-05-2021","1,263.50","1,263.50","1,263.50","1,263.50","","-0.04%"
"17-05-2021","1,264.00","1,264.00","1,264.00","1,264.00","","-0.08%"
"14-05-2021","1,265.00","1,265.00","1,265.00","1,265.00","","-0.12%"
"13-05-2021","1,266.50","1,266.50","1,266.50","1,266.50","","0.28%"
"12-05-2021","1,263.00","1,263.00","1,263.00","1,263.00","","0.72%"
"11-05-2021","1,254.00","1,254.00","1,254.00","1,254.00","","-0.28%"
"10-05-2021","1,257.50","1,257.50","1,257.50","1,257.50","","1.21%"
"07-05-2021","1,242.50","1,242.50","1,242.50","1,242.50","","0.04%"
"06-05-2021","1,242.00","1,242.00","1,242.00","1,242.00","","0.57%"
"05-05-2021","1,235.00","1,235.00","1,235.00","1,235.00","","-0.20%"
"04-05-2021","1,237.50","1,237.50","1,237.50","1,237.50","","-0.28%"
"03-05-2021","1,241.00","1,241.00","1,241.00","1,241.00","","-6.02%"
"30-04-2021","1,320.50","1,320.50","1,320.50","1,320.50","","-0.19%"
"29-04-2021","1,323.00","1,323.00","1,323.00","1,323.00","","-0.41%"
"28-04-2021","1,328.50","1,328.50","1,328.50","1,328.50","","0.19%"
"27-04-2021","1,326.00","1,326.00","1,326.00","1,326.00","","-0.30%"
"26-04-2021","1,330.00","1,330.00","1,330.00","1,330.00","","0.76%"
"23-04-2021","1,320.00","1,320.00","1,320.00","1,320.00","0.00K","1.69%"
"22-04-2021","1,298.00","1,298.00","1,298.00","1,298.00","","-1.03%"
"21-04-2021","1,311.50","1,311.50","1,311.50","1,311.50","","-0.23%"
"20-04-2021","1,314.50","1,314.50","1,314.50","1,314.50","","0.42%"
"19-04-2021","1,309.00","1,309.00","1,309.00","1,309.00","","0.27%"
"16-04-2021","1,305.50","1,305.50","1,305.50","1,305.50","","-0.42%"
"15-04-2021","1,311.00","1,311.00","1,311.00","1,311.00","","0.31%"
"14-04-2021","1,307.00","1,307.00","1,307.00","1,307.00","","0.65%"
"13-04-2021","1,298.50","1,298.50","1,298.50","1,298.50","","-0.42%"
"12-04-2021","1,304.00","1,304.00","1,304.00","1,304.00","","-2.72%"
"09-04-2021","1,340.50","1,340.50","1,340.50","1,340.50","","1.40%"
"08-04-2021","1,322.00","1,322.00","1,322.00","1,322.00","","2.72%"
"07-04-2021","1,287.00","1,287.00","1,287.00","1,287.00","","0.43%"
"06-04-2021","1,281.50","1,281.50","1,281.50","1,281.50","","0.55%"
"05-04-2021","1,274.50","1,274.50","1,274.50","1,274.50","","3.37%"
"01-04-2021","1,233.00","1,233.00","1,233.00","1,233.00","","0.12%"
"31-03-2021","1,231.50","1,231.50","1,231.50","1,231.50","","-0.08%"
"30-03-2021","1,232.50","1,232.50","1,232.50","1,232.50","","-0.16%"
"29-03-2021","1,234.50","1,234.50","1,234.50","1,234.50","","0.94%"
"26-03-2021","1,223.00","1,223.00","1,223.00","1,223.00","","1.12%"
"25-03-2021","1,209.50","1,209.50","1,209.50","1,209.50","","-1.83%"
"24-03-2021","1,232.00","1,232.00","1,232.00","1,232.00","","-1.83%"
"23-03-2021","1,255.00","1,255.00","1,255.00","1,255.00","","-0.20%"
"22-03-2021","1,257.50","1,257.50","1,257.50","1,257.50","","-0.63%"
"19-03-2021","1,265.50","1,265.50","1,265.50","1,265.50","","-0.82%"
"18-03-2021","1,276.00","1,276.00","1,276.00","1,276.00","","-0.51%"
"17-03-2021","1,282.50","1,282.50","1,282.50","1,282.50","","-0.27%"
"16-03-2021","1,286.00","1,286.00","1,286.00","1,286.00","","0.35%"
"15-03-2021","1,281.50","1,281.50","1,281.50","1,281.50","","1.79%"
"12-03-2021","1,259.00","1,259.00","1,259.00","1,259.00","","-0.36%"
"11-03-2021","1,263.50","1,263.50","1,263.50","1,263.50","","0.88%"
"10-03-2021","1,252.50","1,252.50","1,252.50","1,252.50","","-0.40%"
"09-03-2021","1,257.50","1,257.50","1,257.50","1,257.50","","-0.71%"
"08-03-2021","1,266.50","1,266.50","1,266.50","1,266.50","","0.72%"
"05-03-2021","1,257.50","1,257.50","1,257.50","1,257.50","","-0.36%"
"04-03-2021","1,262.00","1,262.00","1,262.00","1,262.00","","-0.20%"
"03-03-2021","1,264.50","1,264.50","1,264.50","1,264.50","","-0.28%"
"02-03-2021","1,268.00","1,268.00","1,268.00","1,268.00","","0.32%"
"01-03-2021","1,264.00","1,264.00","1,264.00","1,264.00","","0.68%"
"26-02-2021","1,255.50","1,255.00","1,263.00","1,250.00","1.47K","-0.87%"
"25-02-2021","1,266.50","1,253.50","1,274.50","1,253.50","1.73K","1.20%"
"24-02-2021","1,251.50","1,256.00","1,256.00","1,241.50","0.74K","-0.04%"
"23-02-2021","1,252.00","1,253.50","1,261.00","1,250.00","1.02K","0.12%"
"22-02-2021","1,250.50","1,251.50","1,256.00","1,249.00","0.80K","0.36%"
"19-02-2021","1,246.00","1,248.00","1,251.00","1,241.00","1.05K","-0.20%"
"18-02-2021","1,248.50","1,249.00","1,254.00","1,244.00","1.20K","0.40%"
"17-02-2021","1,243.50","1,241.00","1,252.00","1,240.00","1.31K","0.16%"
"16-02-2021","1,241.50","1,242.00","1,247.00","1,239.00","0.90K","0.36%"
"15-02-2021","1,237.00","1,234.50","1,243.50","1,232.50","1.15K","0.65%"
"12-02-2021","1,229.00","1,232.50","1,242.00","1,228.00","1.64K","-0.16%"
"11-02-2021","1,231.00","1,223.00","1,235.00","1,220.00","1.32K","0.70%"
"10-02-2021","1,222.50","1,234.00","1,235.00","1,221.00","1.51K","-1.13%"
"09-02-2021","1,236.50","1,223.50","1,238.00","1,221.00","2.23K","1.35%"
"08-02-2021","1,220.00","1,225.00","1,225.50","1,218.50","1.17K","0.25%"
"05-02-2021","1,217.00","1,214.00","1,224.50","1,213.50","1.92K","0.70%"
"04-02-2021","1,208.50","1,206.00","1,213.00","1,204.50","1.59K","0.29%"
"03-02-2021","1,205.00","1,196.00","1,207.00","1,192.00","1.11K","0.71%"
"02-02-2021","1,196.50","1,193.00","1,198.00","1,188.00","1.07K","0.08%"
"01-02-2021","1,195.50","1,195.50","1,208.50","1,192.00","1.38K","0.59%"
"29-01-2021","1,188.50","1,196.00","1,198.00","1,186.00","1.11K","-0.88%"
"28-01-2021","1,199.00","1,200.00","1,203.00","1,184.00","2.63K","-0.33%"
"27-01-2021","1,203.00","1,211.00","1,211.00","1,201.00","1.20K","-0.82%"
"25-01-2021","1,213.00","1,217.00","1,221.00","1,209.00","1.16K","0.17%"
"22-01-2021","1,211.00","1,218.00","1,226.00","1,210.00","1.86K","-0.70%"
"21-01-2021","1,219.50","1,207.00","1,220.50","1,202.50","2.04K","1.33%"
"20-01-2021","1,203.50","1,191.00","1,205.50","1,185.00","1.71K","0.96%"
"19-01-2021","1,192.00","1,191.00","1,199.00","1,190.00","0.83K","0.13%"
"18-01-2021","1,190.50","1,193.00","1,199.00","1,184.00","0.96K","-0.38%"
"15-01-2021","1,195.00","1,214.00","1,214.00","1,190.00","1.81K","-1.57%"
"14-01-2021","1,214.00","1,215.00","1,216.50","1,205.50","0.90K","-0.25%"
"13-01-2021","1,217.00","1,218.00","1,222.00","1,214.00","1.15K","0.66%"
"12-01-2021","1,209.00","1,204.00","1,212.00","1,204.00","1.05K","0.67%"
"11-01-2021","1,201.00","1,206.00","1,212.50","1,197.50","1.26K","-0.54%"
"08-01-2021","1,207.50","1,215.00","1,223.50","1,204.50","1.42K","-0.66%"
"07-01-2021","1,215.50","1,218.00","1,226.00","1,211.00","1.24K","-0.21%"
"06-01-2021","1,218.00","1,225.00","1,231.00","1,215.00","1.41K","-0.25%"
"05-01-2021","1,221.00","1,221.00","1,223.00","1,212.00","1.27K","0.04%"
"04-01-2021","1,220.50","1,203.00","1,228.00","1,203.00","1.92K","1.92%"
"01-01-2021","1,197.50","1,190.00","1,200.00","1,188.00","0.82K","0.67%"
"31-12-2020","1,189.50","1,178.00","1,197.00","1,178.00","1.60K","1.02%"
"30-12-2020","1,177.50","1,176.00","1,181.50","1,173.50","0.76K","0.21%"
"29-12-2020","1,175.00","1,173.00","1,180.00","1,171.50","1.33K","0.17%"
"28-12-2020","1,173.00","1,180.00","1,180.00","1,168.00","1.24K","-0.80%"
"24-12-2020","1,182.50","1,203.00","1,205.00","1,177.00","2.24K","-1.66%"
"23-12-2020","1,202.50","1,184.00","1,203.50","1,181.00","2.15K","1.56%"
"22-12-2020","1,184.00","1,182.00","1,188.00","1,174.00","1.84K","0.21%"
"21-12-2020","1,181.50","1,212.00","1,212.00","1,168.00","3.02K","-2.52%"
"18-12-2020","1,212.00","1,220.00","1,232.00","1,207.00","1.34K","-0.33%"
"17-12-2020","1,216.00","1,214.00","1,217.00","1,201.00","1.72K","0.21%"
"16-12-2020","1,213.50","1,211.50","1,224.00","1,209.00","1.44K","0.91%"
"15-12-2020","1,202.50","1,201.00","1,208.00","1,197.50","1.16K","0.08%"
"14-12-2020","1,201.50","1,194.00","1,207.00","1,194.00","1.39K","0.97%"
"11-12-2020","1,190.00","1,198.00","1,203.00","1,186.00","1.36K","-0.38%"
"10-12-2020","1,194.50","1,175.00","1,197.00","1,172.00","1.77K","2.14%"
"09-12-2020","1,169.50","1,168.00","1,171.00","1,152.00","1.21K","0.17%"
"08-12-2020","1,167.50","1,165.00","1,179.00","1,165.00","1.00K","0.34%"
"07-12-2020","1,163.50","1,179.00","1,179.00","1,158.00","1.39K","-1.23%"
"04-12-2020","1,178.00","1,177.00","1,188.00","1,172.50","1.23K","-0.13%"
"03-12-2020","1,179.50","1,183.00","1,185.00","1,171.00","1.29K","-0.38%"
"02-12-2020","1,184.00","1,188.00","1,191.00","1,176.50","1.24K","-0.71%"
"01-12-2020","1,192.50","1,198.00","1,198.00","1,183.00","1.10K","6.14%"
"27-11-2020","1,123.50","1,123.50","1,123.50","1,123.50","1.79K","-0.79%"
"26-11-2020","1,132.50","1,132.50","1,132.50","1,132.50","","-0.18%"
"25-11-2020","1,134.50","1,134.50","1,134.50","1,134.50","","0.04%"
"24-11-2020","1,134.00","1,134.00","1,134.00","1,134.00","","-0.74%"
"23-11-2020","1,142.50","1,142.50","1,142.50","1,142.50","","2.24%"
"20-11-2020","1,117.50","1,117.50","1,117.50","1,117.50","","0.99%"
"19-11-2020","1,106.50","1,106.50","1,106.50","1,106.50","","1.05%"
"18-11-2020","1,095.00","1,095.00","1,095.00","1,095.00","","0.00%"
"17-11-2020","1,095.00","1,095.00","1,095.00","1,095.00","","-0.05%"
"14-11-2020","1,095.50","1,095.50","1,095.50","1,095.50","","0.00%"
"13-11-2020","1,095.50","1,095.50","1,095.50","1,095.50","","0.00%"
"12-11-2020","1,095.50","1,095.50","1,095.50","1,095.50","","0.55%"
"11-11-2020","1,089.50","1,089.50","1,089.50","1,089.50","","0.41%"
"10-11-2020","1,085.00","1,085.00","1,085.00","1,085.00","","-0.28%"
"09-11-2020","1,088.00","1,088.00","1,088.00","1,088.00","","1.40%"
"06-11-2020","1,073.00","1,073.00","1,073.00","1,073.00","","0.33%"
"05-11-2020","1,069.50","1,069.50","1,069.50","1,069.50","","0.42%"
"04-11-2020","1,065.00","1,065.00","1,065.00","1,065.00","","0.95%"
"03-11-2020","1,055.00","1,055.00","1,055.00","1,055.00","","0.19%"
"02-11-2020","1,053.00","1,053.00","1,053.00","1,053.00","","-0.89%"
"30-10-2020","1,062.50","1,062.50","1,062.50","1,062.50","","-0.19%"
"29-10-2020","1,064.50","1,064.50","1,064.50","1,064.50","","0.00%"
"28-10-2020","1,064.50","1,064.50","1,064.50","1,064.50","","0.61%"
"27-10-2020","1,058.00","1,058.00","1,058.00","1,058.00","","0.19%"
"26-10-2020","1,056.00","1,056.00","1,056.00","1,056.00","","-0.14%"
"23-10-2020","1,057.50","1,057.50","1,057.50","1,057.50","","-0.80%"
"22-10-2020","1,066.00","1,066.00","1,066.00","1,066.00","","-0.51%"
"21-10-2020","1,071.50","1,071.50","1,071.50","1,071.50","","0.99%"
"20-10-2020","1,061.00","1,061.00","1,061.00","1,061.00","","0.14%"
"19-10-2020","1,059.50","1,059.50","1,059.50","1,059.50","","2.22%"
"16-10-2020","1,036.50","1,036.50","1,036.50","1,036.50","","0.05%"
"15-10-2020","1,036.00","1,036.00","1,036.00","1,036.00","","-0.10%"
"14-10-2020","1,037.00","1,037.00","1,037.00","1,037.00","","0.68%"
"13-10-2020","1,030.00","1,030.00","1,030.00","1,030.00","","1.63%"
"12-10-2020","1,013.50","1,013.50","1,013.50","1,013.50","","2.53%"
"09-10-2020","988.50","988.50","988.50","988.50","","0.56%"
"08-10-2020","983.00","983.00","983.00","983.00","","0.25%"
"07-10-2020","980.50","980.50","980.50","980.50","","-0.25%"
"06-10-2020","983.00","983.00","983.00","983.00","","-0.41%"
"05-10-2020","987.00","987.00","987.00","987.00","","0.10%"
"01-10-2020","986.00","986.00","986.00","986.00","","0.41%"
"30-09-2020","982.00","982.00","982.00","982.00","","0.26%"
"29-09-2020","979.50","979.50","979.50","979.50","","0.77%"
"28-09-2020","972.00","972.00","972.00","972.00","","-0.97%"
"25-09-2020","981.50","981.50","981.50","981.50","","0.20%"
"24-09-2020","979.50","979.50","979.50","979.50","","0.10%"
"23-09-2020","978.50","978.50","978.50","978.50","","-0.36%"
"22-09-2020","982.00","982.00","982.00","982.00","","0.26%"
"21-09-2020","979.50","979.50","979.50","979.50","","-0.25%"
"18-09-2020","982.00","982.00","982.00","982.00","","-0.66%"
"17-09-2020","988.50","988.50","988.50","988.50","","-0.30%"
"16-09-2020","991.50","991.50","991.50","991.50","","0.10%"
"15-09-2020","990.50","990.50","990.50","990.50","","0.46%"
"14-09-2020","986.00","986.00","986.00","986.00","","0.97%"
"11-09-2020","976.50","976.50","976.50","976.50","","0.67%"
"10-09-2020","970.00","970.00","970.00","970.00","","-0.05%"
"09-09-2020","970.50","970.50","970.50","970.50","","-1.27%"
"08-09-2020","983.00","983.00","983.00","983.00","","-0.10%"
"07-09-2020","984.00","984.00","984.00","984.00","","0.97%"
"04-09-2020","974.50","974.50","974.50","974.50","","-0.51%"
"03-09-2020","979.50","979.50","979.50","979.50","","0.31%"
"02-09-2020","976.50","976.50","976.50","976.50","","-0.51%"
"01-09-2020","981.50","981.50","981.50","981.50","","-0.20%"
"31-08-2020","983.50","983.50","983.50","983.50","","0.00%"
"28-08-2020","983.50","983.50","983.50","983.50","","-0.91%"
"27-08-2020","992.50","992.50","992.50","992.50","","0.00%"
"26-08-2020","992.50","992.50","992.50","992.50","","1.53%"
"25-08-2020","977.50","977.50","977.50","977.50","","-1.01%"
"24-08-2020","987.50","987.50","987.50","987.50","","2.28%"
"21-08-2020","965.50","965.50","965.50","965.50","","0.94%"
"20-08-2020","956.50","956.50","956.50","956.50","","0.53%"
"19-08-2020","951.50","951.50","951.50","951.50","","0.58%"
"18-08-2020","946.00","946.00","946.00","946.00","","0.53%"
"17-08-2020","941.00","941.00","941.00","941.00","","2.23%"
"14-08-2020","920.50","920.50","920.50","920.50","","-0.05%"
"13-08-2020","921.00","921.00","921.00","921.00","","0.00%"
"12-08-2020","921.00","921.00","921.00","921.00","","0.00%"
"11-08-2020","921.00","921.00","921.00","921.00","","-0.05%"
"10-08-2020","921.50","921.50","921.50","921.50","","0.27%"
"07-08-2020","919.00","919.00","919.00","919.00","","0.00%"
"06-08-2020","919.00","919.00","919.00","919.00","","-0.16%"
"05-08-2020","920.50","920.50","920.50","920.50","","0.55%"
"04-08-2020","915.50","915.50","915.50","915.50","","-0.38%"
"03-08-2020","919.00","919.00","919.00","919.00","","0.00%"
"31-07-2020","919.00","919.00","919.00","919.00","","0.11%"
"30-07-2020","918.00","918.00","918.00","918.00","","-0.05%"
"29-07-2020","918.50","918.50","918.50","918.50","","0.11%"
"28-07-2020","917.50","917.50","917.50","917.50","","0.55%"
"27-07-2020","912.50","912.50","912.50","912.50","","-0.82%"
"24-07-2020","920.00","920.00","920.00","920.00","","-0.59%"
"23-07-2020","925.50","925.50","925.50","925.50","","0.11%"
"22-07-2020","924.50","924.50","924.50","924.50","","0.22%"
"21-07-2020","922.50","922.50","922.50","922.50","","0.00%"
"20-07-2020","922.50","922.50","922.50","922.50","","-0.05%"
"17-07-2020","923.00","923.00","923.00","923.00","","-0.32%"
"16-07-2020","926.00","926.00","926.00","926.00","","-0.64%"
"15-07-2020","932.00","932.00","932.00","932.00","","0.27%"
"14-07-2020","929.50","929.50","929.50","929.50","","-0.38%"
"13-07-2020","933.00","933.00","933.00","933.00","","-0.16%"
"10-07-2020","934.50","934.50","934.50","934.50","","-0.21%"
"09-07-2020","936.50","936.50","936.50","936.50","","0.59%"
"08-07-2020","931.00","931.00","931.00","931.00","","0.11%"
"07-07-2020","930.00","930.00","930.00","930.00","","0.32%"
"06-07-2020","927.00","927.00","927.00","927.00","","-0.27%"
"03-07-2020","929.50","929.50","929.50","929.50","","0.11%"
"02-07-2020","928.50","928.50","928.50","928.50","","0.54%"
"01-07-2020","923.50","923.50","923.50","923.50","","0.49%"
"30-06-2020","919.00","919.00","919.00","919.00","","0.00%"
"29-06-2020","919.00","919.00","919.00","919.00","","-1.18%"
"26-06-2020","930.00","930.00","930.00","930.00","","0.16%"
"25-06-2020","928.50","928.50","928.50","928.50","","-0.75%"
"24-06-2020","935.50","935.50","935.50","935.50","","0.16%"
"23-06-2020","934.00","934.00","934.00","934.00","","-0.53%"
"22-06-2020","939.00","939.00","939.00","939.00","","-0.16%"
"19-06-2020","940.50","940.50","940.50","940.50","","0.11%"
"18-06-2020","939.50","939.50","939.50","939.50","","0.32%"
"17-06-2020","936.50","936.50","936.50","936.50","","0.48%"
"16-06-2020","932.00","932.00","932.00","932.00","","0.11%"
"15-06-2020","931.00","931.00","931.00","931.00","","-1.38%"
"12-06-2020","944.00","944.00","944.00","944.00","","-0.37%"
"11-06-2020","947.50","947.50","947.50","947.50","","0.16%"
"10-06-2020","946.00","946.00","946.00","946.00","","-0.42%"
"09-06-2020","950.00","950.00","950.00","950.00","","-0.16%"
"08-06-2020","951.50","951.50","951.50","951.50","","1.98%"
"05-06-2020","933.00","933.00","933.00","933.00","","0.59%"
"04-06-2020","927.50","927.50","927.50","927.50","","0.49%"
"03-06-2020","923.00","923.00","923.00","923.00","","0.16%"
"02-06-2020","921.50","921.50","921.50","921.50","","0.49%"
"01-06-2020","917.00","917.00","917.00","917.00","","-0.05%"
"29-05-2020","917.50","917.50","917.50","917.50","","-0.60%"
"28-05-2020","923.00","923.00","923.00","923.00","","-0.22%"
"27-05-2020","925.00","925.00","925.00","925.00","","0.05%"
"26-05-2020","924.50","924.50","924.50","924.50","","-2.63%"
"22-05-2020","949.50","949.50","949.50","949.50","","-0.16%"
"21-05-2020","951.00","951.00","951.00","951.00","","0.21%"
"20-05-2020","949.00","949.00","949.00","949.00","","-0.21%"
"19-05-2020","951.00","951.00","951.00","951.00","","-0.16%"
"18-05-2020","952.50","952.50","952.50","952.50","","0.42%"
"15-05-2020","948.50","948.50","948.50","948.50","","0.21%"
"14-05-2020","946.50","946.50","946.50","946.50","","0.16%"
"13-05-2020","945.00","945.00","945.00","945.00","","0.00%"
"12-05-2020","945.00","945.00","945.00","945.00","","-0.21%"
"11-05-2020","947.00","947.00","947.00","947.00","","1.01%"
"08-05-2020","937.50","937.50","937.50","937.50","","0.32%"
"07-05-2020","934.50","934.50","934.50","934.50","","-2.50%"
"06-05-2020","958.50","958.50","958.50","958.50","","0.31%"
"05-05-2020","955.50","955.50","955.50","955.50","","-1.39%"
"04-05-2020","969.00","969.00","969.00","969.00","","-1.27%"
"30-04-2020","981.50","981.50","981.50","981.50","","-1.55%"
"29-04-2020","997.00","997.00","997.00","997.00","","0.81%"
"28-04-2020","989.00","989.00","989.00","989.00","","-1.15%"
"27-04-2020","1,000.50","1,000.50","1,000.50","1,000.50","","0.30%"
"24-04-2020","997.50","997.50","997.50","997.50","","-1.09%"
"23-04-2020","1,008.50","1,008.50","1,008.50","1,008.50","","1.26%"
"22-04-2020","996.00","996.00","996.00","996.00","","-1.87%"
"21-04-2020","1,015.00","1,015.00","1,015.00","1,015.00","","1.75%"
"20-04-2020","997.50","997.50","997.50","997.50","","-0.10%"
"17-04-2020","998.50","998.50","998.50","998.50","","0.00%"
"16-04-2020","998.50","998.50","998.50","998.50","","-0.05%"
"15-04-2020","999.00","999.00","999.00","999.00","","-0.05%"
"13-04-2020","999.50","999.50","999.50","999.50","","-0.10%"
"09-04-2020","1,000.50","1,000.50","1,000.50","1,000.50","","0.00%"
"08-04-2020","1,000.50","1,000.50","1,000.50","1,000.50","","-0.05%"
"07-04-2020","1,001.00","1,001.00","1,001.00","1,001.00","","-0.30%"
"03-04-2020","1,004.00","1,004.00","1,004.00","1,004.00","","0.00%"
"01-04-2020","1,004.00","1,004.00","1,004.00","1,004.00","","-0.05%"
"31-03-2020","1,004.50","1,004.50","1,004.50","1,004.50","","-0.20%"
"30-03-2020","1,006.50","1,006.50","1,006.50","1,006.50","","-0.25%"
"27-03-2020","1,009.00","1,009.00","1,009.00","1,009.00","","0.00%"
"26-03-2020","1,009.00","1,009.00","1,009.00","1,009.00","","-0.05%"
"25-03-2020","1,009.50","1,009.50","1,009.50","1,009.50","","0.00%"
"24-03-2020","1,009.50","1,009.50","1,009.50","1,009.50","","0.15%"
"23-03-2020","1,008.00","1,008.00","1,008.00","1,008.00","","0.20%"
"20-03-2020","1,006.00","1,006.00","1,006.00","1,006.00","","-0.15%"
"19-03-2020","1,007.50","1,007.50","1,007.50","1,007.50","","-0.69%"
"18-03-2020","1,014.50","1,014.50","1,014.50","1,014.50","","-0.15%"
"17-03-2020","1,016.00","1,016.00","1,016.00","1,016.00","","-0.25%"
"16-03-2020","1,018.50","1,018.50","1,018.50","1,018.50","","-0.20%"
"13-03-2020","1,020.50","1,020.50","1,020.50","1,020.50","","-0.34%"
"12-03-2020","1,024.00","1,024.00","1,024.00","1,024.00","","-0.92%"
"11-03-2020","1,033.50","1,033.50","1,033.50","1,033.50","","0.49%"
"09-03-2020","1,028.50","1,028.50","1,028.50","1,028.50","","-1.95%"
"06-03-2020","1,049.00","1,049.00","1,049.00","1,049.00","","0.24%"
"05-03-2020","1,046.50","1,046.50","1,046.50","1,046.50","","0.19%"
"04-03-2020","1,044.50","1,044.50","1,044.50","1,044.50","","1.46%"
"03-03-2020","1,029.50","1,029.50","1,029.50","1,029.50","","0.59%"
"02-03-2020","1,023.50","1,023.50","1,023.50","1,023.50","","2.86%"
"28-02-2020","995.00","992.00","1,009.00","970.00","3.72K","-0.45%"
"27-02-2020","999.50","1,015.00","1,015.00","997.50","2.06K","-1.91%"
"26-02-2020","1,019.00","1,030.50","1,031.00","1,015.00","1.75K","-1.31%"
"25-02-2020","1,032.50","1,028.50","1,039.00","1,028.00","1.15K","0.49%"
"24-02-2020","1,027.50","1,041.00","1,041.50","1,025.00","1.94K","-1.58%"
"20-02-2020","1,044.00","1,036.00","1,048.00","1,031.00","1.93K","0.87%"
"19-02-2020","1,035.00","1,052.00","1,052.00","1,033.50","1.25K","-0.77%"
"18-02-2020","1,043.00","1,043.00","1,049.50","1,039.00","1.31K","-0.19%"
"17-02-2020","1,045.00","1,048.50","1,057.00","1,041.00","1.33K","-0.57%"
"14-02-2020","1,051.00","1,050.00","1,055.00","1,048.00","1.24K","-0.24%"
"13-02-2020","1,053.50","1,062.50","1,065.00","1,050.00","1.39K","-0.75%"
"12-02-2020","1,061.50","1,055.50","1,064.00","1,053.50","1.65K","0.28%"
"11-02-2020","1,058.50","1,055.00","1,059.00","1,052.50","0.75K","0.52%"
"10-02-2020","1,053.00","1,058.00","1,062.00","1,047.00","2.06K","-0.57%"
"07-02-2020","1,059.00","1,072.00","1,074.50","1,056.00","1.32K","-1.30%"
"06-02-2020","1,073.00","1,072.50","1,077.50","1,069.00","1.19K","0.14%"
"05-02-2020","1,071.50","1,072.00","1,077.50","1,068.00","1.00K","0.23%"
"04-02-2020","1,069.00","1,063.00","1,072.00","1,062.50","1.54K","0.52%"
"03-02-2020","1,063.50","1,065.00","1,072.00","1,060.00","2.61K","-0.79%"
"01-02-2020","1,072.00","1,070.00","1,079.00","1,069.00","1.13K","-0.23%"
"31-01-2020","1,074.50","1,086.00","1,088.00","1,068.50","2.16K","-1.06%"
"30-01-2020","1,086.00","1,092.00","1,092.00","1,084.00","1.32K","-0.73%"
"29-01-2020","1,094.00","1,090.00","1,098.50","1,089.00","1.79K","0.55%"
"28-01-2020","1,088.00","1,086.00","1,094.50","1,080.50","1.28K","0.42%"
"27-01-2020","1,083.50","1,090.00","1,094.50","1,078.00","2.27K","-1.01%"
"24-01-2020","1,094.50","1,107.00","1,109.50","1,092.50","2.08K","-1.17%"
"23-01-2020","1,107.50","1,119.50","1,120.00","1,103.00","1.59K","-1.12%"
"22-01-2020","1,120.00","1,102.00","1,123.00","1,099.00","2.38K","1.31%"
"21-01-2020","1,105.50","1,125.00","1,126.00","1,103.00","2.24K","-2.04%"
"20-01-2020","1,128.50","1,138.00","1,138.00","1,123.50","1.58K","-0.79%"
"17-01-2020","1,137.50","1,123.00","1,139.00","1,121.50","1.77K","1.34%"
"16-01-2020","1,122.50","1,124.00","1,128.00","1,117.00","1.86K","-0.36%"
"15-01-2020","1,126.50","1,133.50","1,137.00","1,124.00","1.38K","-0.88%"
"14-01-2020","1,136.50","1,135.50","1,139.50","1,132.00","0.88K","0.00%"
"13-01-2020","1,136.50","1,148.00","1,151.00","1,135.50","1.44K","-0.61%"
"10-01-2020","1,143.50","1,136.00","1,150.00","1,136.00","2.69K","0.62%"
"09-01-2020","1,136.50","1,132.00","1,137.00","1,132.00","1.03K","0.22%"
"08-01-2020","1,134.00","1,126.00","1,135.50","1,123.50","1.62K","0.49%"
"07-01-2020","1,128.50","1,124.50","1,134.00","1,124.00","1.40K","0.31%"
"06-01-2020","1,125.00","1,122.00","1,126.50","1,115.50","1.17K","0.49%"
"03-01-2020","1,119.50","1,136.50","1,139.00","1,118.00","2.21K","-1.54%"
"02-01-2020","1,137.00","1,128.00","1,139.00","1,126.50","2.49K","1.02%"
"01-01-2020","1,125.50","1,117.00","1,126.50","1,112.00","1.45K","0.94%"
"31-12-2019","1,115.00","1,137.50","1,138.00","1,112.50","2.33K","-1.98%"
"30-12-2019","1,137.50","1,135.00","1,142.00","1,135.00","1.69K","0.40%"
"27-12-2019","1,133.00","1,134.50","1,139.00","1,127.50","2.17K","-0.26%"
"26-12-2019","1,136.00","1,116.00","1,137.00","1,113.00","2.22K","1.70%"
"24-12-2019","1,117.00","1,122.00","1,125.50","1,114.00","1.71K","-0.62%"
"23-12-2019","1,124.00","1,114.50","1,126.00","1,114.50","2.51K","1.08%"
"20-12-2019","1,112.00","1,109.00","1,114.00","1,104.00","1.88K","0.32%"
"19-12-2019","1,108.50","1,092.50","1,109.00","1,091.50","1.84K","1.37%"
"18-12-2019","1,093.50","1,098.50","1,100.00","1,091.00","1.23K","-0.59%"
"17-12-2019","1,100.00","1,102.00","1,103.00","1,097.00","1.01K","-0.27%"
"16-12-2019","1,103.00","1,093.00","1,105.00","1,091.00","1.37K","0.78%"
"13-12-2019","1,094.50","1,096.00","1,097.50","1,091.50","1.48K","-0.05%"
"12-12-2019","1,095.00","1,080.00","1,097.50","1,079.50","1.29K","1.30%"
"11-12-2019","1,081.00","1,084.00","1,085.50","1,078.00","0.80K","-0.46%"
"10-12-2019","1,086.00","1,088.00","1,093.50","1,083.00","1.32K","-0.14%"
"09-12-2019","1,087.50","1,085.00","1,093.00","1,084.00","1.44K","0.28%"
"06-12-2019","1,084.50","1,070.00","1,085.00","1,069.00","1.86K","1.36%"
"05-12-2019","1,070.00","1,068.00","1,073.00","1,065.00","0.87K","0.19%"
"04-12-2019","1,068.00","1,067.00","1,069.00","1,061.50","0.86K","0.14%"
"03-12-2019","1,066.50","1,071.00","1,072.50","1,065.00","0.59K","-0.51%"
"02-12-2019","1,072.00","1,071.00","1,077.00","1,069.50","0.49K","0.09%"
"29-11-2019","1,071.00","1,071.00","1,071.00","1,071.00","","0.09%"
"28-11-2019","1,070.00","1,070.00","1,070.00","1,070.00","","-0.65%"
"27-11-2019","1,077.00","1,077.00","1,077.00","1,077.00","","-0.42%"
"26-11-2019","1,081.50","1,081.50","1,081.50","1,081.50","","0.70%"
"25-11-2019","1,074.00","1,074.00","1,074.00","1,074.00","","0.47%"
"22-11-2019","1,069.00","1,069.00","1,069.00","1,069.00","","0.42%"
"21-11-2019","1,064.50","1,064.50","1,064.50","1,064.50","","-0.70%"
"20-11-2019","1,072.00","1,072.00","1,072.00","1,072.00","","0.66%"
"19-11-2019","1,065.00","1,065.00","1,065.00","1,065.00","","0.05%"
"18-11-2019","1,064.50","1,064.50","1,064.50","1,064.50","","-0.56%"
"15-11-2019","1,070.50","1,070.50","1,070.50","1,070.50","","-0.42%"
"14-11-2019","1,075.00","1,075.00","1,075.00","1,075.00","","0.47%"
"13-11-2019","1,070.00","1,070.00","1,070.00","1,070.00","","0.71%"
"11-11-2019","1,062.50","1,062.50","1,062.50","1,062.50","","-2.30%"
"08-11-2019","1,087.50","1,087.50","1,087.50","1,087.50","","0.09%"
"07-11-2019","1,086.50","1,086.50","1,086.50","1,086.50","","-0.46%"
"06-11-2019","1,091.50","1,091.50","1,091.50","1,091.50","","-0.27%"
"05-11-2019","1,094.50","1,094.50","1,094.50","1,094.50","","-1.04%"
"04-11-2019","1,106.00","1,106.00","1,106.00","1,106.00","","1.42%"
"01-11-2019","1,090.50","1,090.50","1,090.50","1,090.50","","0.18%"
"31-10-2019","1,088.50","1,088.50","1,088.50","1,088.50","","0.18%"
"30-10-2019","1,086.50","1,086.50","1,086.50","1,086.50","","0.09%"
"29-10-2019","1,085.50","1,085.50","1,085.50","1,085.50","","0.42%"
"27-10-2019","1,081.00","1,081.00","1,081.00","1,081.00","","-0.41%"
"25-10-2019","1,085.50","1,085.50","1,085.50","1,085.50","","-0.46%"
"24-10-2019","1,090.50","1,090.50","1,090.50","1,090.50","","0.69%"
"23-10-2019","1,083.00","1,083.00","1,083.00","1,083.00","","-0.14%"
"22-10-2019","1,084.50","1,084.50","1,084.50","1,084.50","","-1.32%"
"18-10-2019","1,099.00","1,099.00","1,099.00","1,099.00","","1.15%"
"17-10-2019","1,086.50","1,086.50","1,086.50","1,086.50","","0.60%"
"16-10-2019","1,080.00","1,080.00","1,080.00","1,080.00","","0.37%"
"15-10-2019","1,076.00","1,076.00","1,076.00","1,076.00","","0.70%"
"14-10-2019","1,068.50","1,068.50","1,068.50","1,068.50","","-0.51%"
"11-10-2019","1,074.00","1,074.00","1,074.00","1,074.00","","1.08%"
"10-10-2019","1,062.50","1,062.50","1,062.50","1,062.50","","0.00%"
"09-10-2019","1,062.50","1,062.50","1,062.50","1,062.50","","-0.23%"
"07-10-2019","1,065.00","1,065.00","1,065.00","1,065.00","","-0.37%"
"04-10-2019","1,069.00","1,069.00","1,069.00","1,069.00","","-0.51%"
"03-10-2019","1,074.50","1,074.50","1,074.50","1,074.50","","0.70%"
"01-10-2019","1,067.00","1,067.00","1,067.00","1,067.00","","-1.25%"
"30-09-2019","1,080.50","1,080.50","1,080.50","1,080.50","","0.19%"
"27-09-2019","1,078.50","1,078.50","1,078.50","1,078.50","","1.41%"
"26-09-2019","1,063.50","1,063.50","1,063.50","1,063.50","","-0.05%"
"25-09-2019","1,064.00","1,064.00","1,064.00","1,064.00","","0.24%"
"24-09-2019","1,061.50","1,061.50","1,061.50","1,061.50","","-0.66%"
"23-09-2019","1,068.50","1,068.50","1,068.50","1,068.50","","-0.56%"
"20-09-2019","1,074.50","1,074.50","1,074.50","1,074.50","","0.19%"
"19-09-2019","1,072.50","1,072.50","1,072.50","1,072.50","","0.56%"
"18-09-2019","1,066.50","1,066.50","1,066.50","1,066.50","","0.19%"
"17-09-2019","1,064.50","1,064.50","1,064.50","1,064.50","","-0.70%"
"16-09-2019","1,072.00","1,072.00","1,072.00","1,072.00","","0.70%"
"13-09-2019","1,064.50","1,064.50","1,064.50","1,064.50","","-0.33%"
"12-09-2019","1,068.00","1,068.00","1,068.00","1,068.00","","0.66%"
"11-09-2019","1,061.00","1,061.00","1,061.00","1,061.00","","0.14%"
"09-09-2019","1,059.50","1,059.50","1,059.50","1,059.50","","0.14%"
"06-09-2019","1,058.00","1,058.00","1,058.00","1,058.00","","-0.70%"
"05-09-2019","1,065.50","1,065.50","1,065.50","1,065.50","","-0.05%"
"04-09-2019","1,066.00","1,066.00","1,066.00","1,066.00","","-0.09%"
"03-09-2019","1,067.00","1,067.00","1,067.00","1,067.00","","-1.02%"
"30-08-2019","1,078.00","1,078.00","1,078.00","1,078.00","","0.33%"
"29-08-2019","1,074.50","1,074.50","1,074.50","1,074.50","","-0.32%"
"28-08-2019","1,078.00","1,078.00","1,078.00","1,078.00","","-0.19%"
"27-08-2019","1,080.00","1,080.00","1,080.00","1,080.00","","0.47%"
"26-08-2019","1,075.00","1,075.00","1,075.00","1,075.00","","0.19%"
"23-08-2019","1,073.00","1,073.00","1,073.00","1,073.00","","-0.33%"
"22-08-2019","1,076.50","1,076.50","1,076.50","1,076.50","","0.14%"
"21-08-2019","1,075.00","1,075.00","1,075.00","1,075.00","","-0.32%"
"20-08-2019","1,078.50","1,078.50","1,078.50","1,078.50","","-0.23%"
"19-08-2019","1,081.00","1,081.00","1,081.00","1,081.00","","-0.73%"
"16-08-2019","1,089.00","1,089.00","1,089.00","1,089.00","","0.00%"
"14-08-2019","1,089.00","1,089.00","1,089.00","1,089.00","","0.65%"
"13-08-2019","1,082.00","1,082.00","1,082.00","1,082.00","","-0.73%"
"09-08-2019","1,090.00","1,090.00","1,090.00","1,090.00","","-0.55%"
"08-08-2019","1,096.00","1,096.00","1,096.00","1,096.00","","0.37%"
"07-08-2019","1,092.00","1,092.00","1,092.00","1,092.00","","-0.46%"
"06-08-2019","1,097.00","1,097.00","1,097.00","1,097.00","","0.55%"
"05-08-2019","1,091.00","1,091.00","1,091.00","1,091.00","","-0.09%"
"02-08-2019","1,092.00","1,092.00","1,092.00","1,092.00","","-0.64%"
"01-08-2019","1,099.00","1,099.00","1,099.00","1,099.00","","-0.63%"
"31-07-2019","1,106.00","1,106.00","1,106.00","1,106.00","","0.36%"
"30-07-2019","1,102.00","1,102.00","1,102.00","1,102.00","","-1.91%"
"29-07-2019","1,123.50","1,123.50","1,123.50","1,123.50","","-0.66%"
"26-07-2019","1,131.00","1,131.00","1,131.00","1,131.00","","-0.62%"
"25-07-2019","1,138.00","1,138.00","1,138.00","1,138.00","","0.57%"
"24-07-2019","1,131.50","1,131.50","1,131.50","1,131.50","","0.80%"
"23-07-2019","1,122.50","1,122.50","1,122.50","1,122.50","","0.18%"
"22-07-2019","1,120.50","1,120.50","1,120.50","1,120.50","","-0.44%"
"19-07-2019","1,125.50","1,125.50","1,125.50","1,125.50","","-0.13%"
"18-07-2019","1,127.00","1,127.00","1,127.00","1,127.00","","-0.49%"
"17-07-2019","1,132.50","1,132.50","1,132.50","1,132.50","","0.04%"
"16-07-2019","1,132.00","1,132.00","1,132.00","1,132.00","","0.53%"
"15-07-2019","1,126.00","1,126.00","1,126.00","1,126.00","","0.13%"
"12-07-2019","1,124.50","1,124.50","1,124.50","1,124.50","","0.27%"
"11-07-2019","1,121.50","1,121.50","1,121.50","1,121.50","","-0.18%"
"10-07-2019","1,123.50","1,123.50","1,123.50","1,123.50","","0.54%"
"09-07-2019","1,117.50","1,117.50","1,117.50","1,117.50","","-0.62%"
"08-07-2019","1,124.50","1,124.50","1,124.50","1,124.50","","0.40%"
"05-07-2019","1,120.00","1,120.00","1,120.00","1,120.00","","-0.27%"
"04-07-2019","1,123.00","1,123.00","1,123.00","1,123.00","","0.09%"
"03-07-2019","1,122.00","1,122.00","1,122.00","1,122.00","","0.40%"
"02-07-2019","1,117.50","1,117.50","1,117.50","1,117.50","","-0.36%"
"01-07-2019","1,121.50","1,121.50","1,121.50","1,121.50","","0.76%"
"28-06-2019","1,113.00","1,113.00","1,113.00","1,113.00","","-0.04%"
"27-06-2019","1,113.50","1,113.50","1,113.50","1,113.50","","-1.20%"
"26-06-2019","1,127.00","1,127.00","1,127.00","1,127.00","","0.63%"
"25-06-2019","1,120.00","1,120.00","1,120.00","1,120.00","","-0.71%"
"24-06-2019","1,128.00","1,128.00","1,128.00","1,128.00","","-0.70%"
"21-06-2019","1,136.00","1,136.00","1,136.00","1,136.00","","-0.61%"
"20-06-2019","1,143.00","1,143.00","1,143.00","1,143.00","","0.70%"
"19-06-2019","1,135.00","1,135.00","1,135.00","1,135.00","","-0.13%"
"18-06-2019","1,136.50","1,136.50","1,136.50","1,136.50","","0.09%"
"17-06-2019","1,135.50","1,135.50","1,135.50","1,135.50","","0.00%"
"14-06-2019","1,135.50","1,135.50","1,135.50","1,135.50","","0.22%"
"13-06-2019","1,133.00","1,133.00","1,133.00","1,133.00","","0.00%"
"12-06-2019","1,133.00","1,133.00","1,133.00","1,133.00","","1.25%"
"11-06-2019","1,119.00","1,119.00","1,119.00","1,119.00","","0.31%"
"10-06-2019","1,115.50","1,115.50","1,115.50","1,115.50","","-1.06%"
"07-06-2019","1,127.50","1,127.50","1,127.50","1,127.50","","-0.04%"
"06-06-2019","1,128.00","1,128.00","1,128.00","1,128.00","","-0.66%"
"04-06-2019","1,135.50","1,135.50","1,135.50","1,135.50","","-0.04%"
"03-06-2019","1,136.00","1,136.00","1,136.00","1,136.00","","-0.48%"
"31-05-2019","1,141.50","1,141.50","1,141.50","1,141.50","","-0.17%"
"30-05-2019","1,143.50","1,143.50","1,143.50","1,143.50","","-0.31%"
"29-05-2019","1,147.00","1,147.00","1,147.00","1,147.00","","-0.30%"
"28-05-2019","1,150.50","1,150.50","1,150.50","1,150.50","","-0.52%"
"27-05-2019","1,156.50","1,156.50","1,156.50","1,156.50","","0.39%"
"24-05-2019","1,152.00","1,152.00","1,152.00","1,152.00","","0.39%"
"23-05-2019","1,147.50","1,147.50","1,147.50","1,147.50","","1.28%"
"22-05-2019","1,133.00","1,133.00","1,133.00","1,133.00","","0.00%"
"21-05-2019","1,133.00","1,133.00","1,133.00","1,133.00","","3.00%"
"20-05-2019","1,100.00","1,100.00","1,100.00","1,100.00","","0.00%"
"17-05-2019","1,100.00","1,100.00","1,100.00","1,100.00","","0.00%"
"16-05-2019","1,100.00","1,100.00","1,100.00","1,100.00","","0.00%"
"15-05-2019","1,100.00","1,100.00","1,100.00","1,100.00","","0.00%"
"14-05-2019","1,100.00","1,100.00","1,100.00","1,100.00","","0.00%"
"13-05-2019","1,100.00","1,100.00","1,100.00","1,100.00","","0.00%"
"10-05-2019","1,100.00","1,100.00","1,100.00","1,100.00","","0.00%"
"09-05-2019","1,100.00","1,100.00","1,100.00","1,100.00","","0.00%"
"08-05-2019","1,100.00","1,100.00","1,100.00","1,100.00","","0.00%"
"07-05-2019","1,100.00","1,100.00","1,100.00","1,100.00","","0.00%"
"06-05-2019","1,100.00","1,100.00","1,100.00","1,100.00","","0.00%"
"03-05-2019","1,100.00","1,100.00","1,100.00","1,100.00","","0.00%"
"02-05-2019","1,100.00","1,100.00","1,100.00","1,100.00","","-6.34%"
"30-04-2019","1,174.50","1,174.50","1,174.50","1,174.50","","0.00%"
"26-04-2019","1,174.50","1,174.50","1,174.50","1,174.50","","0.00%"
"25-04-2019","1,174.50","1,174.50","1,174.50","1,174.50","","0.00%"
"24-04-2019","1,174.50","1,174.50","1,174.50","1,174.50","","0.00%"
"23-04-2019","1,174.50","1,174.50","1,174.50","1,174.50","","0.00%"
"22-04-2019","1,174.50","1,174.50","1,174.50","1,174.50","","0.00%"
"18-04-2019","1,174.50","1,174.50","1,174.50","1,174.50","","0.00%"
"16-04-2019","1,174.50","1,174.50","1,174.50","1,174.50","","0.00%"
"15-04-2019","1,174.50","1,174.50","1,174.50","1,174.50","","0.00%"
"12-04-2019","1,174.50","1,174.50","1,174.50","1,174.50","","0.00%"
"11-04-2019","1,174.50","1,174.50","1,174.50","1,174.50","","0.00%"
"10-04-2019","1,174.50","1,174.50","1,174.50","1,174.50","","0.00%"
"09-04-2019","1,174.50","1,174.50","1,174.50","1,174.50","","0.00%"
"08-04-2019","1,174.50","1,174.50","1,174.50","1,174.50","","0.00%"
"05-04-2019","1,174.50","1,174.50","1,174.50","1,174.50","","0.00%"
"04-04-2019","1,174.50","1,174.50","1,174.50","1,174.50","","0.00%"
"03-04-2019","1,174.50","1,174.50","1,174.50","1,174.50","","0.00%"
"02-04-2019","1,174.50","1,174.50","1,174.50","1,174.50","","0.00%"
"01-04-2019","1,174.50","1,174.50","1,174.50","1,174.50","","0.00%"
"29-03-2019","1,174.50","1,174.50","1,174.50","1,174.50","","0.00%"
"28-03-2019","1,174.50","1,174.50","1,174.50","1,174.50","","0.00%"
"27-03-2019","1,174.50","1,174.50","1,174.50","1,174.50","","0.00%"
"26-03-2019","1,174.50","1,174.50","1,174.50","1,174.50","","0.00%"
"25-03-2019","1,174.50","1,174.50","1,174.50","1,174.50","","0.00%"
"22-03-2019","1,174.50","1,174.50","1,174.50","1,174.50","","0.00%"
"20-03-2019","1,174.50","1,174.50","1,174.50","1,174.50","","0.00%"
"19-03-2019","1,174.50","1,174.50","1,174.50","1,174.50","","0.00%"
"18-03-2019","1,174.50","1,174.50","1,174.50","1,174.50","","0.00%"
"15-03-2019","1,174.50","1,174.50","1,174.50","1,174.50","","-0.13%"
"14-03-2019","1,176.00","1,176.00","1,176.00","1,176.00","","1.12%"
"13-03-2019","1,163.00","1,163.00","1,163.00","1,163.00","","0.09%"
"12-03-2019","1,162.00","1,162.00","1,162.00","1,162.00","","0.52%"
"11-03-2019","1,156.00","1,156.00","1,156.00","1,156.00","","1.36%"
"08-03-2019","1,140.50","1,140.50","1,140.50","1,140.50","","0.04%"
"07-03-2019","1,140.00","1,140.00","1,140.00","1,140.00","","0.00%"
"06-03-2019","1,140.00","1,140.00","1,140.00","1,140.00","","0.53%"
"05-03-2019","1,134.00","1,134.00","1,134.00","1,134.00","","0.62%"
"01-03-2019","1,127.00","1,127.00","1,127.00","1,127.00","","0.22%"
"28-02-2019","1,124.50","1,124.50","1,124.50","1,124.50","","-0.62%"
"27-02-2019","1,131.50","1,131.50","1,131.50","1,131.50","","0.35%"
"26-02-2019","1,127.50","1,127.50","1,127.50","1,127.50","","-0.09%"
"25-02-2019","1,128.50","1,128.50","1,128.50","1,128.50","","-0.97%"
"22-02-2019","1,139.50","1,139.50","1,139.50","1,139.50","","0.66%"
"21-02-2019","1,132.00","1,132.00","1,132.00","1,132.00","","0.49%"
"20-02-2019","1,126.50","1,126.50","1,126.50","1,126.50","","-0.88%"
"19-02-2019","1,136.50","1,136.50","1,136.50","1,136.50","","0.13%"
"18-02-2019","1,135.00","1,135.00","1,135.00","1,135.00","","-0.61%"
"15-02-2019","1,142.00","1,142.00","1,142.00","1,142.00","","0.00%"
"14-02-2019","1,142.00","1,142.00","1,142.00","1,142.00","","0.22%"
"13-02-2019","1,139.50","1,139.50","1,139.50","1,139.50","","-0.22%"
"12-02-2019","1,142.00","1,142.00","1,142.00","1,142.00","","-0.09%"
"11-02-2019","1,143.00","1,143.00","1,143.00","1,143.00","","0.31%"
"08-02-2019","1,139.50","1,139.50","1,139.50","1,139.50","","-0.18%"
"07-02-2019","1,141.50","1,141.50","1,141.50","1,141.50","","-0.13%"
"06-02-2019","1,143.00","1,143.00","1,143.00","1,143.00","","0.22%"
"05-02-2019","1,140.50","1,140.50","1,140.50","1,140.50","","-0.18%"
"04-02-2019","1,142.50","1,142.50","1,142.50","1,142.50","","-0.91%"
"01-02-2019","1,153.00","1,153.00","1,153.00","1,153.00","","-0.47%"
"31-01-2019","1,158.50","1,158.50","1,158.50","1,158.50","","0.26%"
"30-01-2019","1,155.50","1,155.50","1,155.50","1,155.50","","0.00%"
"29-01-2019","1,155.50","1,155.50","1,155.50","1,155.50","","0.74%"
"28-01-2019","1,147.00","1,147.00","1,147.00","1,147.00","","0.00%"
"25-01-2019","1,147.00","1,147.00","1,147.00","1,147.00","","-0.30%"
"24-01-2019","1,150.50","1,150.50","1,150.50","1,150.50","","-0.04%"
"23-01-2019","1,151.00","1,151.00","1,151.00","1,151.00","","-0.22%"
"22-01-2019","1,153.50","1,153.50","1,153.50","1,153.50","","0.26%"
"21-01-2019","1,150.50","1,150.50","1,150.50","1,150.50","","0.22%"
"18-01-2019","1,148.00","1,148.00","1,148.00","1,148.00","","0.04%"
"17-01-2019","1,147.50","1,147.50","1,147.50","1,147.50","","0.31%"
"16-01-2019","1,144.00","1,144.00","1,144.00","1,144.00","","-0.17%"
"15-01-2019","1,146.00","1,146.00","1,146.00","1,146.00","","-0.17%"
"14-01-2019","1,148.00","1,148.00","1,148.00","1,148.00","","-0.04%"
"11-01-2019","1,148.50","1,148.50","1,148.50","1,148.50","","-0.09%"
"10-01-2019","1,149.50","1,149.50","1,149.50","1,149.50","","0.39%"
"09-01-2019","1,145.00","1,145.00","1,145.00","1,145.00","","-0.56%"
"08-01-2019","1,151.50","1,151.50","1,151.50","1,151.50","","-0.22%"
"07-01-2019","1,154.00","1,154.00","1,154.00","1,154.00","","-0.13%"
"04-01-2019","1,155.50","1,155.50","1,155.50","1,155.50","","0.04%"
"03-01-2019","1,155.00","1,155.00","1,155.00","1,155.00","","-0.56%"
"02-01-2019","1,161.50","1,161.50","1,161.50","1,161.50","","0.00%"
"01-01-2019","1,161.50","1,161.50","1,161.50","1,161.50","","0.00%"
"31-12-2018","1,161.50","1,161.50","1,161.50","1,161.50","","1.31%"
"28-12-2018","1,146.50","1,146.50","1,146.50","1,146.50","","-0.43%"
"27-12-2018","1,151.50","1,151.50","1,151.50","1,151.50","","0.39%"
"26-12-2018","1,147.00","1,147.00","1,147.00","1,147.00","","-0.13%"
"24-12-2018","1,148.50","1,148.50","1,148.50","1,148.50","","-1.03%"
"21-12-2018","1,160.50","1,160.50","1,160.50","1,160.50","","0.91%"
"20-12-2018","1,150.00","1,150.00","1,150.00","1,150.00","","0.00%"
"19-12-2018","1,150.00","1,150.00","1,150.00","1,150.00","","0.00%"
"18-12-2018","1,150.00","1,150.00","1,150.00","1,150.00","","0.00%"
"17-12-2018","1,150.00","1,150.00","1,150.00","1,150.00","","0.00%"
"14-12-2018","1,150.00","1,150.00","1,150.00","1,150.00","","0.00%"
"13-12-2018","1,150.00","1,150.00","1,150.00","1,150.00","","0.00%"
"12-12-2018","1,150.00","1,150.00","1,150.00","1,150.00","","0.00%"
"11-12-2018","1,150.00","1,150.00","1,150.00","1,150.00","","0.00%"
"10-12-2018","1,150.00","1,150.00","1,150.00","1,150.00","","0.00%"
"07-12-2018","1,150.00","1,150.00","1,150.00","1,150.00","","0.00%"
"06-12-2018","1,150.00","1,150.00","1,150.00","1,150.00","","0.00%"
"05-12-2018","1,150.00","1,150.00","1,150.00","1,150.00","","0.00%"
"04-12-2018","1,150.00","1,150.00","1,150.00","1,150.00","","0.00%"
"03-12-2018","1,150.00","1,150.00","1,150.00","1,150.00","","0.00%"
"30-11-2018","1,150.00","1,150.00","1,150.00","1,150.00","","0.00%"
"29-11-2018","1,150.00","1,150.00","1,150.00","1,150.00","","0.00%"
"28-11-2018","1,150.00","1,150.00","1,150.00","1,150.00","","0.00%"
"27-11-2018","1,150.00","1,150.00","1,150.00","1,150.00","","0.00%"
"26-11-2018","1,150.00","1,150.00","1,150.00","1,150.00","","0.00%"
"22-11-2018","1,150.00","1,150.00","1,150.00","1,150.00","","0.00%"
"21-11-2018","1,150.00","1,150.00","1,150.00","1,150.00","","0.00%"
"20-11-2018","1,150.00","1,150.00","1,150.00","1,150.00","","0.00%"
"19-11-2018","1,150.00","1,150.00","1,150.00","1,150.00","","0.00%"
"16-11-2018","1,150.00","1,150.00","1,150.00","1,150.00","","0.00%"
"15-11-2018","1,150.00","1,150.00","1,150.00","1,150.00","","0.00%"
"14-11-2018","1,150.00","1,150.00","1,150.00","1,150.00","","0.00%"
"13-11-2018","1,150.00","1,150.00","1,150.00","1,150.00","","0.00%"
"12-11-2018","1,150.00","1,150.00","1,150.00","1,150.00","","0.00%"
"09-11-2018","1,150.00","1,150.00","1,150.00","1,150.00","","0.00%"
"07-11-2018","1,150.00","1,150.00","1,150.00","1,150.00","","0.00%"
"06-11-2018","1,150.00","1,150.00","1,150.00","1,150.00","","0.00%"
"05-11-2018","1,150.00","1,150.00","1,150.00","1,150.00","","0.00%"
"02-11-2018","1,150.00","1,150.00","1,150.00","1,150.00","","0.00%"
"01-11-2018","1,150.00","1,150.00","1,150.00","1,150.00","","16.04%"
"28-03-2018","991.00","991.00","991.00","991.00","","0.00%"
"27-03-2018","991.00","991.00","991.00","991.00","","0.15%"
"26-03-2018","989.50","989.50","989.50","989.50","","-0.20%"
"23-03-2018","991.50","991.50","991.50","991.50","","0.61%"
"22-03-2018","985.50","985.50","985.50","985.50","","0.72%"
"21-03-2018","978.50","978.50","978.50","978.50","","0.31%"
"20-03-2018","975.50","975.50","975.50","975.50","","-0.36%"
"19-03-2018","979.00","979.00","979.00","979.00","","-1.16%"
"16-03-2018","990.50","990.50","990.50","990.50","","-0.40%"
"15-03-2018","994.50","994.50","994.50","994.50","","0.10%"
"14-03-2018","993.50","993.50","993.50","993.50","","-0.70%"
"13-03-2018","1,000.50","1,000.50","1,000.50","1,000.50","","-0.25%"
"12-03-2018","1,003.00","1,003.00","1,003.00","1,003.00","","-0.74%"
"09-03-2018","1,010.50","1,010.50","1,010.50","1,010.50","","0.50%"
"08-03-2018","1,005.50","1,005.50","1,005.50","1,005.50","","0.20%"
"07-03-2018","1,003.50","1,003.50","1,003.50","1,003.50","","-1.42%"
"06-03-2018","1,018.00","1,018.00","1,018.00","1,018.00","","0.79%"
"05-03-2018","1,010.00","1,010.00","1,010.00","1,010.00","","1.20%"
"01-03-2018","998.00","998.00","998.00","998.00","","0.50%"
"28-02-2018","993.00","993.00","993.00","993.00","","0.05%"
"27-02-2018","992.50","992.50","992.50","992.50","","0.97%"
"26-02-2018","983.00","983.00","983.00","983.00","","0.41%"
"23-02-2018","979.00","979.00","979.00","979.00","","-1.06%"
"22-02-2018","989.50","989.50","989.50","989.50","","0.25%"
"21-02-2018","987.00","987.00","987.00","987.00","","1.49%"
"20-02-2018","972.50","972.50","972.50","972.50","","-0.15%"
"19-02-2018","974.00","974.00","974.00","974.00","","-1.02%"
"16-02-2018","984.00","984.00","984.00","984.00","","0.92%"
"15-02-2018","975.00","975.00","975.00","975.00","","-0.81%"
"14-02-2018","983.00","983.00","983.00","983.00","","-0.91%"
"12-02-2018","992.00","992.00","992.00","992.00","","-0.55%"
"09-02-2018","997.50","997.50","997.50","997.50","","0.86%"
"08-02-2018","989.00","989.00","989.00","989.00","","0.05%"
"07-02-2018","988.50","988.50","988.50","988.50","","0.15%"
"06-02-2018","987.00","987.00","987.00","987.00","","-0.90%"
"05-02-2018","996.00","996.00","996.00","996.00","","-0.35%"
"02-02-2018","999.50","999.50","999.50","999.50","","0.30%"
"01-02-2018","996.50","996.50","996.50","996.50","","0.61%"
"31-01-2018","990.50","990.50","990.50","990.50","","0.81%"
"30-01-2018","982.50","982.50","982.50","982.50","","-1.16%"
"29-01-2018","994.00","994.00","994.00","994.00","","-2.36%"
"25-01-2018","1,018.00","1,018.00","1,018.00","1,018.00","","0.00%"
"24-01-2018","1,018.00","1,018.00","1,018.00","1,018.00","","-0.10%"
"23-01-2018","1,019.00","1,019.00","1,019.00","1,019.00","","-0.34%"
"22-01-2018","1,022.50","1,022.50","1,022.50","1,022.50","","-0.68%"
"19-01-2018","1,029.50","1,029.50","1,029.50","1,029.50","","-0.24%"
"18-01-2018","1,032.00","1,032.00","1,032.00","1,032.00","","0.88%"
"17-01-2018","1,023.00","1,023.00","1,023.00","1,023.00","","0.24%"
"16-01-2018","1,020.50","1,020.50","1,020.50","1,020.50","","-2.76%"
"15-01-2018","1,049.50","1,049.50","1,049.50","1,049.50","","-0.05%"
"12-01-2018","1,050.00","1,050.00","1,050.00","1,050.00","","1.94%"
"11-01-2018","1,030.00","1,030.00","1,030.00","1,030.00","","0.98%"
"10-01-2018","1,020.00","1,020.00","1,020.00","1,020.00","","0.34%"
"09-01-2018","1,016.50","1,016.50","1,016.50","1,016.50","","-0.15%"
"08-01-2018","1,018.00","1,018.00","1,018.00","1,018.00","","-0.78%"
"05-01-2018","1,026.00","1,026.00","1,026.00","1,026.00","","0.10%"
"04-01-2018","1,025.00","1,025.00","1,025.00","1,025.00","","0.54%"
"03-01-2018","1,019.50","1,019.50","1,019.50","1,019.50","","-0.10%"
"02-01-2018","1,020.50","1,020.50","1,020.50","1,020.50","","0.00%"
"01-01-2018","1,020.50","1,020.50","1,020.50","1,020.50","","-1.02%"
"29-12-2017","1,031.00","1,031.00","1,031.00","1,031.00","","0.15%"
"28-12-2017","1,029.50","1,029.50","1,029.50","1,029.50","","-0.68%"
"27-12-2017","1,036.50","1,036.50","1,036.50","1,036.50","","0.39%"
"26-12-2017","1,032.50","1,032.50","1,032.50","1,032.50","","0.58%"
"22-12-2017","1,026.50","1,026.50","1,026.50","1,026.50","","2.29%"
"21-12-2017","1,003.50","1,003.50","1,003.50","1,003.50","","0.96%"
"20-12-2017","994.00","994.00","994.00","994.00","","0.30%"
"19-12-2017","991.00","991.00","991.00","991.00","","-0.75%"
"18-12-2017","998.50","998.50","998.50","998.50","","0.86%"
"15-12-2017","990.00","990.00","990.00","990.00","","1.12%"
"14-12-2017","979.00","979.00","979.00","979.00","","0.46%"
"13-12-2017","974.50","974.50","974.50","974.50","","0.36%"
"12-12-2017","971.00","971.00","971.00","971.00","","-0.77%"
"11-12-2017","978.50","978.50","978.50","978.50","","2.03%"
"08-12-2017","959.00","959.00","959.00","959.00","","0.10%"
"07-12-2017","958.00","958.00","958.00","958.00","","-0.26%"
"06-12-2017","960.50","960.50","960.50","960.50","","-0.21%"
"05-12-2017","962.50","962.50","962.50","962.50","","-0.31%"
"04-12-2017","965.50","965.50","965.50","965.50","","1.58%"
"01-12-2017","950.50","950.50","950.50","950.50","","1.17%"
"30-11-2017","939.50","939.50","939.50","939.50","","0.64%"
"29-11-2017","933.50","933.50","933.50","933.50","","0.48%"
"28-11-2017","929.00","929.00","929.00","929.00","","-0.05%"
"27-11-2017","929.50","929.50","929.50","929.50","","-1.33%"
"24-11-2017","942.00","942.00","942.00","942.00","","-0.05%"
"23-11-2017","942.50","942.50","942.50","942.50","","0.16%"
"22-11-2017","941.00","941.00","941.00","941.00","","0.27%"
"21-11-2017","938.50","938.50","938.50","938.50","","-0.05%"
"20-11-2017","939.00","939.00","939.00","939.00","","0.81%"
"17-11-2017","931.50","931.50","931.50","931.50","","0.43%"
"16-11-2017","927.50","927.50","927.50","927.50","","-0.22%"
"15-11-2017","929.50","929.50","929.50","929.50","","0.05%"
"14-11-2017","929.00","929.00","929.00","929.00","","0.81%"
"13-11-2017","921.50","921.50","921.50","921.50","","-0.38%"
"10-11-2017","925.00","925.00","925.00","925.00","","1.04%"
"09-11-2017","915.50","915.50","915.50","915.50","","0.16%"
"08-11-2017","914.00","914.00","914.00","914.00","","-1.08%"
"07-11-2017","924.00","924.00","924.00","924.00","","-1.02%"
"06-11-2017","933.50","933.50","933.50","933.50","","-0.43%"
"03-11-2017","937.50","937.50","937.50","937.50","","-0.16%"
"02-11-2017","939.00","939.00","939.00","939.00","","0.59%"
"01-11-2017","933.50","933.50","933.50","933.50","","1.63%"
"31-10-2017","918.50","918.50","918.50","918.50","","-0.43%"
"30-10-2017","922.50","922.50","922.50","922.50","","-2.89%"
"27-10-2017","950.00","950.00","950.00","950.00","","-0.58%"
"26-10-2017","955.50","955.50","955.50","955.50","","-0.98%"
"25-10-2017","965.00","965.00","965.00","965.00","","1.31%"
"24-10-2017","952.50","952.50","952.50","952.50","","-0.05%"
"23-10-2017","953.00","953.00","953.00","953.00","","-0.05%"
"19-10-2017","953.50","953.50","953.50","953.50","","0.00%"
"18-10-2017","953.50","953.50","953.50","953.50","","-0.05%"
"17-10-2017","954.00","954.00","954.00","954.00","","-1.09%"
"16-10-2017","964.50","964.50","964.50","964.50","","-2.18%"
"13-10-2017","986.00","986.00","986.00","986.00","","-1.74%"
"12-10-2017","1,003.50","1,003.50","1,003.50","1,003.50","","0.10%"
"11-10-2017","1,002.50","1,002.50","1,002.50","1,002.50","","0.20%"
"10-10-2017","1,000.50","1,000.50","1,000.50","1,000.50","","0.76%"
"09-10-2017","993.00","993.00","993.00","993.00","","1.90%"
"06-10-2017","974.50","974.50","974.50","974.50","","0.21%"
"05-10-2017","972.50","972.50","972.50","972.50","","-0.21%"
"04-10-2017","974.50","974.50","974.50","974.50","","1.56%"
"03-10-2017","959.50","959.50","959.50","959.50","","-3.37%"
"29-09-2017","993.00","993.00","993.00","993.00","","0.40%"
"28-09-2017","989.00","989.00","989.00","989.00","","-0.40%"
"27-09-2017","993.00","993.00","993.00","993.00","","-0.55%"
"26-09-2017","998.50","998.50","998.50","998.50","","0.50%"
"25-09-2017","993.50","993.50","993.50","993.50","","-1.68%"
"22-09-2017","1,010.50","1,010.50","1,010.50","1,010.50","","-1.32%"
"21-09-2017","1,024.00","1,024.00","1,024.00","1,024.00","","0.15%"
"20-09-2017","1,022.50","1,022.50","1,022.50","1,022.50","","-0.34%"
"19-09-2017","1,026.00","1,026.00","1,026.00","1,026.00","","-0.34%"
"18-09-2017","1,029.50","1,029.50","1,029.50","1,029.50","","-1.15%"
"15-09-2017","1,041.50","1,041.50","1,041.50","1,041.50","","0.00%"
"14-09-2017","1,041.50","1,041.50","1,041.50","1,041.50","","-0.33%"
"13-09-2017","1,045.00","1,045.00","1,045.00","1,045.00","","-0.10%"
"12-09-2017","1,046.00","1,046.00","1,046.00","1,046.00","","-0.90%"
"11-09-2017","1,055.50","1,055.50","1,055.50","1,055.50","","-0.24%"
"08-09-2017","1,058.00","1,058.00","1,058.00","1,058.00","","0.24%"
"07-09-2017","1,055.50","1,055.50","1,055.50","1,055.50","","-1.03%"
"06-09-2017","1,066.50","1,066.50","1,066.50","1,066.50","","0.52%"
"05-09-2017","1,061.00","1,061.00","1,061.00","1,061.00","","-0.42%"
"04-09-2017","1,065.50","1,065.50","1,065.50","1,065.50","","-0.33%"
"01-09-2017","1,069.00","1,069.00","1,069.00","1,069.00","","-0.65%"
"31-08-2017","1,076.00","1,076.00","1,076.00","1,076.00","","-1.28%"
"30-08-2017","1,090.00","1,090.00","1,090.00","1,090.00","","0.00%"
"29-08-2017","1,090.00","1,090.00","1,090.00","1,090.00","","-0.05%"
"28-08-2017","1,090.50","1,090.50","1,090.50","1,090.50","","-0.05%"
"24-08-2017","1,091.00","1,091.00","1,091.00","1,091.00","","-0.05%"
"23-08-2017","1,091.50","1,091.50","1,091.50","1,091.50","","0.00%"
"22-08-2017","1,091.50","1,091.50","1,091.50","1,091.50","","0.00%"
"21-08-2017","1,091.50","1,091.50","1,091.50","1,091.50","","-0.05%"
"18-08-2017","1,092.00","1,092.00","1,092.00","1,092.00","","1.87%"
"17-08-2017","1,072.00","1,072.00","1,072.00","1,072.00","","0.00%"
"16-08-2017","1,072.00","1,072.00","1,072.00","1,072.00","","-0.05%"
"14-08-2017","1,072.50","1,072.50","1,072.50","1,072.50","","-0.05%"
"11-08-2017","1,073.00","1,073.00","1,073.00","1,073.00","","-0.74%"
"10-08-2017","1,081.00","1,081.00","1,081.00","1,081.00","","0.23%"
"09-08-2017","1,078.50","1,078.50","1,078.50","1,078.50","","0.19%"
"08-08-2017","1,076.50","1,076.50","1,076.50","1,076.50","","0.05%"
"07-08-2017","1,076.00","1,076.00","1,076.00","1,076.00","","-0.05%"
"04-08-2017","1,076.50","1,076.50","1,076.50","1,076.50","","0.09%"
"03-08-2017","1,075.50","1,075.50","1,075.50","1,075.50","","-0.46%"
"02-08-2017","1,080.50","1,080.50","1,080.50","1,080.50","","0.42%"
"01-08-2017","1,076.00","1,076.00","1,076.00","1,076.00","","-0.09%"
"31-07-2017","1,077.00","1,077.00","1,077.00","1,077.00","","-0.69%"
"28-07-2017","1,084.50","1,084.50","1,084.50","1,084.50","","-0.73%"
"27-07-2017","1,092.50","1,092.50","1,092.50","1,092.50","","0.41%"
"26-07-2017","1,088.00","1,088.00","1,088.00","1,088.00","","0.18%"
"25-07-2017","1,086.00","1,086.00","1,086.00","1,086.00","","0.23%"
"24-07-2017","1,083.50","1,083.50","1,083.50","1,083.50","","-0.09%"
"21-07-2017","1,084.50","1,084.50","1,084.50","1,084.50","","0.18%"
"20-07-2017","1,082.50","1,082.50","1,082.50","1,082.50","","-0.46%"
"19-07-2017","1,087.50","1,087.50","1,087.50","1,087.50","","-0.55%"
"18-07-2017","1,093.50","1,093.50","1,093.50","1,093.50","","0.14%"
"17-07-2017","1,092.00","1,092.00","1,092.00","1,092.00","","-0.23%"
"14-07-2017","1,094.50","1,094.50","1,094.50","1,094.50","","-0.05%"
"13-07-2017","1,095.00","1,095.00","1,095.00","1,095.00","","0.00%"
"12-07-2017","1,095.00","1,095.00","1,095.00","1,095.00","","-0.05%"
"11-07-2017","1,095.50","1,095.50","1,095.50","1,095.50","","0.00%"
"10-07-2017","1,095.50","1,095.50","1,095.50","1,095.50","","-0.05%"
"07-07-2017","1,096.00","1,096.00","1,096.00","1,096.00","","0.00%"
"06-07-2017","1,096.00","1,096.00","1,096.00","1,096.00","","-0.05%"
"05-07-2017","1,096.50","1,096.50","1,096.50","1,096.50","","-0.05%"
"04-07-2017","1,097.00","1,097.00","1,097.00","1,097.00","","0.00%"
"03-07-2017","1,097.00","1,097.00","1,097.00","1,097.00","","-0.05%"
"30-06-2017","1,097.50","1,097.50","1,097.50","1,097.50","","0.00%"
"29-06-2017","1,097.50","1,097.50","1,097.50","1,097.50","","0.05%"
"28-06-2017","1,097.00","1,097.00","1,097.00","1,097.00","","0.27%"
"27-06-2017","1,094.00","1,094.00","1,094.00","1,094.00","","-0.64%"
"23-06-2017","1,101.00","1,101.00","1,101.00","1,101.00","","0.14%"
"22-06-2017","1,099.50","1,099.50","1,099.50","1,099.50","","-0.50%"
"21-06-2017","1,105.00","1,105.00","1,105.00","1,105.00","","-0.58%"
"20-06-2017","1,111.50","1,111.50","1,111.50","1,111.50","","-0.09%"
"19-06-2017","1,112.50","1,112.50","1,112.50","1,112.50","","-0.22%"
"16-06-2017","1,115.00","1,115.00","1,115.00","1,115.00","","-0.45%"
"15-06-2017","1,120.00","1,120.00","1,120.00","1,120.00","","0.22%"
"14-06-2017","1,117.50","1,117.50","1,117.50","1,117.50","","0.86%"
"13-06-2017","1,108.00","1,108.00","1,108.00","1,108.00","","-0.58%"
"12-06-2017","1,114.50","1,114.50","1,114.50","1,114.50","","1.46%"
"09-06-2017","1,098.50","1,098.50","1,098.50","1,098.50","","0.46%"
"08-06-2017","1,093.50","1,093.50","1,093.50","1,093.50","","0.05%"
"07-06-2017","1,093.00","1,093.00","1,093.00","1,093.00","","0.18%"
"06-06-2017","1,091.00","1,091.00","1,091.00","1,091.00","","-0.18%"
"05-06-2017","1,093.00","1,093.00","1,093.00","1,093.00","","-1.40%"
"02-06-2017","1,108.50","1,108.50","1,108.50","1,108.50","","-0.72%"
"01-06-2017","1,116.50","1,116.50","1,116.50","1,116.50","","-0.13%"
"31-05-2017","1,118.00","1,118.00","1,118.00","1,118.00","","-0.09%"
"30-05-2017","1,119.00","1,119.00","1,119.00","1,119.00","","-0.13%"
"29-05-2017","1,120.50","1,120.50","1,120.50","1,120.50","","0.31%"
"26-05-2017","1,117.00","1,117.00","1,117.00","1,117.00","","-0.04%"
"25-05-2017","1,117.50","1,117.50","1,117.50","1,117.50","","-0.67%"
"24-05-2017","1,125.00","1,125.00","1,125.00","1,125.00","","-0.57%"
"23-05-2017","1,131.50","1,131.50","1,131.50","1,131.50","","-0.53%"
"22-05-2017","1,137.50","1,137.50","1,137.50","1,137.50","","-0.66%"
"19-05-2017","1,145.00","1,145.00","1,145.00","1,145.00","","-0.09%"
"18-05-2017","1,146.00","1,146.00","1,146.00","1,146.00","","-0.17%"
"17-05-2017","1,148.00","1,148.00","1,148.00","1,148.00","","-0.09%"
"16-05-2017","1,149.00","1,149.00","1,149.00","1,149.00","","-0.09%"
"15-05-2017","1,150.00","1,150.00","1,150.00","1,150.00","","1.46%"
"12-05-2017","1,133.50","1,133.50","1,133.50","1,133.50","","0.35%"
"11-05-2017","1,129.50","1,129.50","1,129.50","1,129.50","","0.13%"
"10-05-2017","1,128.00","1,128.00","1,128.00","1,128.00","","-0.40%"
"09-05-2017","1,132.50","1,132.50","1,132.50","1,132.50","","-0.35%"
"08-05-2017","1,136.50","1,136.50","1,136.50","1,136.50","","1.07%"
"05-05-2017","1,124.50","1,124.50","1,124.50","1,124.50","","2.98%"
"04-05-2017","1,092.00","1,092.00","1,092.00","1,092.00","","2.97%"
"03-05-2017","1,060.50","1,060.50","1,060.50","1,060.50","","2.96%"
"02-05-2017","1,030.00","1,030.00","1,030.00","1,030.00","","0.00%"
"28-04-2017","1,030.00","1,030.00","1,030.00","1,030.00","","0.00%"
"27-04-2017","1,030.00","1,030.00","1,030.00","1,030.00","","0.00%"
"26-04-2017","1,030.00","1,030.00","1,030.00","1,030.00","","0.00%"
"25-04-2017","1,030.00","1,030.00","1,030.00","1,030.00","","0.00%"
"24-04-2017","1,030.00","1,030.00","1,030.00","1,030.00","","0.00%"
"21-04-2017","1,030.00","1,030.00","1,030.00","1,030.00","","0.00%"
"20-04-2017","1,030.00","1,030.00","1,030.00","1,030.00","","0.00%"
"19-04-2017","1,030.00","1,030.00","1,030.00","1,030.00","","0.00%"
"18-04-2017","1,030.00","1,030.00","1,030.00","1,030.00","","0.00%"
"17-04-2017","1,030.00","1,030.00","1,030.00","1,030.00","","0.00%"
"13-04-2017","1,030.00","1,030.00","1,030.00","1,030.00","","0.00%"
"12-04-2017","1,030.00","1,030.00","1,030.00","1,030.00","","0.00%"
"11-04-2017","1,030.00","1,030.00","1,030.00","1,030.00","","3.00%"
"10-04-2017","1,000.00","1,000.00","1,000.00","1,000.00","","0.00%"
"07-04-2017","1,000.00","1,000.00","1,000.00","1,000.00","","0.00%"
"06-04-2017","1,000.00","1,000.00","1,000.00","1,000.00","","0.00%"
"05-04-2017","1,000.00","1,000.00","1,000.00","1,000.00","","0.00%"
"04-04-2017","1,000.00","1,000.00","1,000.00","1,000.00","","0.00%"
"03-04-2017","1,000.00","1,000.00","1,000.00","1,000.00","","-12.89%"
"31-03-2017","1,148.00","1,148.00","1,148.00","1,148.00","","0.00%"
"30-03-2017","1,148.00","1,148.00","1,148.00","1,148.00","","-0.30%"
"29-03-2017","1,151.50","1,151.50","1,151.50","1,151.50","","0.48%"
"28-03-2017","1,146.00","1,146.00","1,146.00","1,146.00","","-0.43%"
"27-03-2017","1,151.00","1,151.00","1,151.00","1,151.00","","-0.82%"
"24-03-2017","1,160.50","1,160.50","1,160.50","1,160.50","","0.09%"
"23-03-2017","1,159.50","1,159.50","1,159.50","1,159.50","","0.87%"
"22-03-2017","1,149.50","1,149.50","1,149.50","1,149.50","","-0.61%"
"21-03-2017","1,156.50","1,156.50","1,156.50","1,156.50","","-0.47%"
"20-03-2017","1,162.00","1,162.00","1,162.00","1,162.00","","0.87%"
"17-03-2017","1,152.00","1,152.00","1,152.00","1,152.00","","-0.26%"
"16-03-2017","1,155.00","1,155.00","1,155.00","1,155.00","","1.05%"
"15-03-2017","1,143.00","1,143.00","1,143.00","1,143.00","","-0.26%"
"14-03-2017","1,146.00","1,146.00","1,146.00","1,146.00","","0.17%"
"10-03-2017","1,144.00","1,144.00","1,144.00","1,144.00","","-1.29%"
"09-03-2017","1,159.00","1,159.00","1,159.00","1,159.00","","-0.09%"
"08-03-2017","1,160.00","1,160.00","1,160.00","1,160.00","","-0.90%"
"07-03-2017","1,170.50","1,170.50","1,170.50","1,170.50","","0.73%"
"06-03-2017","1,162.00","1,162.00","1,162.00","1,162.00","","0.61%"
"03-03-2017","1,155.00","1,155.00","1,155.00","1,155.00","","0.17%"
"02-03-2017","1,153.00","1,153.00","1,153.00","1,153.00","","-0.17%"
"01-03-2017","1,155.00","1,155.00","1,155.00","1,155.00","","-0.13%"
"28-02-2017","1,156.50","1,156.50","1,156.50","1,156.50","","-0.98%"
"27-02-2017","1,168.00","1,168.00","1,168.00","1,168.00","","1.88%"
"24-02-2017","1,146.50","1,146.50","1,146.50","1,146.50","","-0.04%"
"23-02-2017","1,147.00","1,147.00","1,147.00","1,147.00","","0.17%"
"22-02-2017","1,145.00","1,145.00","1,145.00","1,145.00","","0.97%"
"21-02-2017","1,134.00","1,134.00","1,134.00","1,134.00","","0.49%"
"20-02-2017","1,128.50","1,128.50","1,128.50","1,128.50","","-1.31%"
"17-02-2017","1,143.50","1,143.50","1,143.50","1,143.50","","-0.39%"
"16-02-2017","1,148.00","1,148.00","1,148.00","1,148.00","","-0.26%"
"15-02-2017","1,151.00","1,151.00","1,151.00","1,151.00","","0.22%"
"14-02-2017","1,148.50","1,148.50","1,148.50","1,148.50","","-0.39%"
"13-02-2017","1,153.00","1,153.00","1,153.00","1,153.00","","0.22%"
"10-02-2017","1,150.50","1,150.50","1,150.50","1,150.50","","0.13%"
"09-02-2017","1,149.00","1,149.00","1,149.00","1,149.00","","0.13%"
"08-02-2017","1,147.50","1,147.50","1,147.50","1,147.50","","0.17%"
"07-02-2017","1,145.50","1,145.50","1,145.50","1,145.50","","-0.35%"
"06-02-2017","1,149.50","1,149.50","1,149.50","1,149.50","","-1.88%"
"03-02-2017","1,171.50","1,171.50","1,171.50","1,171.50","","0.39%"
"02-02-2017","1,167.00","1,167.00","1,167.00","1,167.00","","1.92%"
"01-02-2017","1,145.00","1,145.00","1,145.00","1,145.00","","0.88%"
"31-01-2017","1,135.00","1,135.00","1,135.00","1,135.00","","-1.26%"
"30-01-2017","1,149.50","1,149.50","1,149.50","1,149.50","","-0.09%"
"27-01-2017","1,150.50","1,150.50","1,150.50","1,150.50","","-0.43%"
"25-01-2017","1,155.50","1,155.50","1,155.50","1,155.50","","-1.11%"
"24-01-2017","1,168.50","1,168.50","1,168.50","1,168.50","","0.39%"
"23-01-2017","1,164.00","1,164.00","1,164.00","1,164.00","","1.35%"
"20-01-2017","1,148.50","1,148.50","1,148.50","1,148.50","","1.64%"
"19-01-2017","1,130.00","1,130.00","1,130.00","1,130.00","","0.94%"
"17-01-2017","1,119.50","1,119.50","1,119.50","1,119.50","","-0.44%"
"16-01-2017","1,124.50","1,124.50","1,124.50","1,124.50","","-1.36%"
"13-01-2017","1,140.00","1,140.00","1,140.00","1,140.00","","-0.31%"
"12-01-2017","1,143.50","1,143.50","1,143.50","1,143.50","","1.33%"
"11-01-2017","1,128.50","1,128.50","1,128.50","1,128.50","","0.98%"
"10-01-2017","1,117.50","1,117.50","1,117.50","1,117.50","","-0.36%"
"09-01-2017","1,121.50","1,121.50","1,121.50","1,121.50","","0.63%"
"06-01-2017","1,114.50","1,114.50","1,114.50","1,114.50","","0.27%"
"05-01-2017","1,111.50","1,111.50","1,111.50","1,111.50","","1.32%"
"04-01-2017","1,097.00","1,097.00","1,097.00","1,097.00","","0.73%"
"03-01-2017","1,089.00","1,089.00","1,089.00","1,089.00","","0.28%"
"02-01-2017","1,086.00","1,086.00","1,086.00","1,086.00","","1.54%"