"Date","Price","Open","High","Low","Vol.","Change %"
"30-04-2026","1,673.50","1,673.50","1,673.50","1,673.50","0.00K","-0.12%"
"29-04-2026","1,675.50","1,675.50","1,675.50","1,675.50","0.00K","-0.15%"
"28-04-2026","1,678.00","1,678.00","1,678.00","1,678.00","","-0.30%"
"27-04-2026","1,683.00","1,683.00","1,683.00","1,683.00","","0.33%"
"24-04-2026","1,677.50","1,677.50","1,677.50","1,677.50","","0.42%"
"23-04-2026","1,670.50","1,670.50","1,670.50","1,670.50","0.01K","-0.09%"
"22-04-2026","1,672.00","1,681.00","1,681.00","1,667.00","0.01K","0.63%"
"21-04-2026","1,661.50","1,669.50","1,670.00","1,656.00","0.01K","0.42%"
"20-04-2026","1,654.50","1,661.00","1,661.00","1,652.50","0.01K","0.24%"
"17-04-2026","1,650.50","1,650.00","1,655.50","1,650.00","0.02K","-0.63%"
"16-04-2026","1,661.00","1,678.00","1,679.50","1,655.00","0.01K","-0.39%"
"15-04-2026","1,667.50","1,670.00","1,701.50","1,646.50","0.02K","1.68%"
"13-04-2026","1,640.00","1,625.50","1,660.00","1,611.50","0.02K","-1.26%"
"10-04-2026","1,661.00","1,642.50","1,670.00","1,642.00","0.06K","0.33%"
"09-04-2026","1,655.50","1,655.50","1,655.50","1,655.50","0.00K","-2.13%"
"08-04-2026","1,691.50","1,699.00","1,699.00","1,684.50","0.01K","0.56%"
"07-04-2026","1,682.00","1,684.50","1,684.50","1,678.00","0.01K","-0.12%"
"06-04-2026","1,684.00","1,733.50","1,733.50","1,670.00","0.01K","0.63%"
"02-04-2026","1,673.50","1,614.50","1,689.00","1,614.50","0.07K","4.79%"
"01-04-2026","1,597.00","1,600.00","1,610.00","1,587.00","0.04K","0.09%"
"30-03-2026","1,595.50","1,560.00","1,600.00","1,560.00","0.02K","2.44%"
"27-03-2026","1,557.50","1,550.00","1,564.50","1,550.00","0.01K","1.33%"
"25-03-2026","1,537.00","1,525.50","1,560.00","1,525.50","0.00K","-1.28%"
"24-03-2026","1,557.00","1,550.00","1,560.00","1,550.00","0.01K","0.42%"
"23-03-2026","1,550.50","1,550.50","1,550.50","1,550.50","0.00K","-1.12%"
"20-03-2026","1,568.00","1,568.00","1,568.00","1,568.00","0.00K","0.00%"
"19-03-2026","1,568.00","1,568.00","1,568.00","1,567.50","0.00K","-0.13%"
"18-03-2026","1,570.00","1,570.00","1,570.00","1,570.00","","0.48%"
"17-03-2026","1,562.50","1,550.00","1,568.00","1,550.00","0.01K","1.36%"
"16-03-2026","1,541.50","1,542.50","1,542.50","1,540.50","0.00K","0.29%"
"13-03-2026","1,537.00","1,550.00","1,550.00","1,532.00","0.01K","0.65%"
"12-03-2026","1,527.00","1,525.00","1,530.00","1,525.00","0.01K","-0.78%"
"11-03-2026","1,539.00","1,540.00","1,540.00","1,534.00","0.01K","0.33%"
"10-03-2026","1,534.00","1,534.00","1,534.00","1,534.00","0.00K","-0.55%"
"09-03-2026","1,542.50","1,541.00","1,556.00","1,532.00","0.01K","0.69%"
"06-03-2026","1,532.00","1,532.00","1,532.00","1,532.00","0.01K","0.00%"
"05-03-2026","1,532.00","1,532.00","1,532.00","1,532.00","","-0.29%"
"04-03-2026","1,536.50","1,536.50","1,536.50","1,536.50","","-0.29%"
"02-03-2026","1,541.00","1,541.00","1,541.00","1,541.00","0.00K","1.48%"
"26-02-2026","1,518.50","1,518.50","1,518.50","1,518.50","","-0.16%"
"25-02-2026","1,521.00","1,521.00","1,521.00","1,521.00","","-0.16%"
"24-02-2026","1,523.50","1,523.50","1,523.50","1,523.50","","0.13%"
"23-02-2026","1,521.50","1,521.50","1,521.50","1,521.50","","0.79%"
"20-02-2026","1,509.50","1,509.50","1,509.50","1,509.50","","0.40%"
"19-02-2026","1,503.50","1,503.50","1,503.50","1,503.50","","0.17%"
"18-02-2026","1,501.00","1,501.00","1,501.00","1,501.00","","0.13%"
"17-02-2026","1,499.00","1,499.00","1,499.00","1,499.00","","-0.27%"
"16-02-2026","1,503.00","1,503.00","1,503.00","1,503.00","","-0.23%"
"13-02-2026","1,506.50","1,506.50","1,506.50","1,506.50","","-0.20%"
"12-02-2026","1,509.50","1,509.50","1,509.50","1,509.50","","0.30%"
"11-02-2026","1,505.00","1,505.00","1,505.00","1,505.00","","-0.13%"
"10-02-2026","1,507.00","1,507.00","1,507.00","1,507.00","","-0.82%"
"09-02-2026","1,519.50","1,519.50","1,519.50","1,519.50","","-0.69%"
"06-02-2026","1,530.00","1,530.00","1,530.00","1,530.00","","-0.33%"
"05-02-2026","1,535.00","1,535.00","1,535.00","1,535.00","","0.29%"
"04-02-2026","1,530.50","1,530.50","1,530.50","1,530.50","","-0.29%"
"03-02-2026","1,535.00","1,535.00","1,535.00","1,535.00","","-0.13%"
"02-02-2026","1,537.00","1,537.00","1,537.00","1,537.00","","-0.74%"
"01-02-2026","1,548.50","1,548.50","1,548.50","1,548.50","","-0.03%"
"30-01-2026","1,549.00","1,549.00","1,549.00","1,549.00","","0.23%"
"29-01-2026","1,545.50","1,545.50","1,545.50","1,545.50","","-0.16%"
"28-01-2026","1,548.00","1,548.00","1,548.00","1,548.00","","-0.13%"
"27-01-2026","1,550.00","1,550.00","1,550.00","1,550.00","","0.85%"
"23-01-2026","1,537.00","1,537.00","1,537.00","1,537.00","","0.36%"
"22-01-2026","1,531.50","1,531.50","1,531.50","1,531.50","","0.29%"
"21-01-2026","1,527.00","1,527.00","1,527.00","1,527.00","","0.00%"
"20-01-2026","1,527.00","1,527.00","1,527.00","1,527.00","","-0.16%"
"19-01-2026","1,529.50","1,529.50","1,529.50","1,529.50","","0.20%"
"16-01-2026","1,526.50","1,526.50","1,526.50","1,526.50","","-0.42%"
"14-01-2026","1,533.00","1,533.00","1,533.00","1,533.00","","-0.03%"
"13-01-2026","1,533.50","1,533.50","1,533.50","1,533.50","","0.36%"
"12-01-2026","1,528.00","1,528.00","1,528.00","1,528.00","","2.00%"
"09-01-2026","1,498.00","1,498.00","1,498.00","1,498.00","","0.60%"
"08-01-2026","1,489.00","1,489.00","1,489.00","1,489.00","","0.07%"
"07-01-2026","1,488.00","1,488.00","1,488.00","1,488.00","","0.37%"
"06-01-2026","1,482.50","1,482.50","1,482.50","1,482.50","","0.51%"
"05-01-2026","1,475.00","1,475.00","1,475.00","1,475.00","","0.17%"
"02-01-2026","1,472.50","1,472.50","1,472.50","1,472.50","","0.17%"
"01-01-2026","1,470.00","1,470.00","1,470.00","1,470.00","","0.24%"
"31-12-2025","1,466.50","1,466.50","1,466.50","1,466.50","","-0.17%"
"30-12-2025","1,469.00","1,469.00","1,469.00","1,469.00","","0.03%"
"29-12-2025","1,468.50","1,468.50","1,468.50","1,468.50","","0.03%"
"26-12-2025","1,468.00","1,468.00","1,468.00","1,468.00","","0.31%"
"24-12-2025","1,463.50","1,463.50","1,463.50","1,463.50","","0.41%"
"23-12-2025","1,457.50","1,457.50","1,457.50","1,457.50","","-0.03%"
"22-12-2025","1,458.00","1,458.00","1,458.00","1,458.00","","0.21%"
"19-12-2025","1,455.00","1,455.00","1,455.00","1,455.00","","-0.07%"
"18-12-2025","1,456.00","1,456.00","1,456.00","1,456.00","","0.28%"
"17-12-2025","1,452.00","1,452.00","1,452.00","1,452.00","","0.07%"
"16-12-2025","1,451.00","1,451.00","1,451.00","1,451.00","","0.31%"
"15-12-2025","1,446.50","1,446.50","1,446.50","1,446.50","","-0.14%"
"12-12-2025","1,448.50","1,448.50","1,448.50","1,448.50","","-0.55%"
"11-12-2025","1,456.50","1,456.50","1,456.50","1,456.50","","-0.14%"
"10-12-2025","1,458.50","1,458.50","1,458.50","1,458.50","","-0.10%"
"09-12-2025","1,460.00","1,460.00","1,460.00","1,460.00","","0.55%"
"08-12-2025","1,452.00","1,452.00","1,452.00","1,452.00","","0.69%"
"05-12-2025","1,442.00","1,442.00","1,442.00","1,442.00","","0.31%"
"04-12-2025","1,437.50","1,437.50","1,437.50","1,437.50","","0.31%"
"03-12-2025","1,433.00","1,433.00","1,433.00","1,433.00","","0.24%"
"02-12-2025","1,429.50","1,429.50","1,429.50","1,429.50","","0.00%"
"01-12-2025","1,429.50","1,429.50","1,429.50","1,429.50","","0.56%"
"28-11-2025","1,421.50","1,421.50","1,421.50","1,421.50","","0.46%"
"27-11-2025","1,415.00","1,415.00","1,415.00","1,415.00","","-0.07%"
"26-11-2025","1,416.00","1,416.00","1,416.00","1,416.00","","0.11%"
"25-11-2025","1,414.50","1,414.50","1,414.50","1,414.50","","0.18%"
"24-11-2025","1,412.00","1,412.00","1,412.00","1,412.00","","0.71%"
"21-11-2025","1,402.00","1,402.00","1,402.00","1,402.00","","-0.04%"
"20-11-2025","1,402.50","1,402.50","1,402.50","1,402.50","","0.04%"
"19-11-2025","1,402.00","1,402.00","1,402.00","1,402.00","","-0.07%"
"18-11-2025","1,403.00","1,403.00","1,403.00","1,403.00","","-0.36%"
"17-11-2025","1,408.00","1,408.00","1,408.00","1,408.00","","-1.09%"
"14-11-2025","1,423.50","1,423.50","1,423.50","1,423.50","","-0.45%"
"13-11-2025","1,430.00","1,430.00","1,430.00","1,430.00","","-0.31%"
"12-11-2025","1,434.50","1,434.50","1,434.50","1,434.50","","0.10%"
"11-11-2025","1,433.00","1,433.00","1,433.00","1,433.00","","-0.45%"
"10-11-2025","1,439.50","1,439.50","1,439.50","1,439.50","","-0.79%"
"07-11-2025","1,451.00","1,451.00","1,451.00","1,451.00","","-0.92%"
"06-11-2025","1,464.50","1,464.50","1,464.50","1,464.50","","-1.61%"
"04-11-2025","1,488.50","1,488.50","1,488.50","1,488.50","","-0.27%"
"03-11-2025","1,492.50","1,492.50","1,492.50","1,492.50","","-0.03%"
"31-10-2025","1,493.00","1,493.00","1,493.00","1,493.00","","0.00%"
"30-10-2025","1,493.00","1,493.00","1,493.00","1,493.00","","-0.23%"
"29-10-2025","1,496.50","1,496.50","1,496.50","1,496.50","","0.37%"
"28-10-2025","1,491.00","1,491.00","1,491.00","1,491.00","","0.27%"
"27-10-2025","1,487.00","1,487.00","1,487.00","1,487.00","","0.27%"
"24-10-2025","1,483.00","1,483.00","1,483.00","1,483.00","","0.00%"
"23-10-2025","1,483.00","1,483.00","1,483.00","1,483.00","","-0.03%"
"21-10-2025","1,483.50","1,483.50","1,483.50","1,483.50","","-0.03%"
"20-10-2025","1,484.00","1,484.00","1,484.00","1,484.00","","-0.03%"
"17-10-2025","1,484.50","1,484.50","1,484.50","1,484.50","","0.07%"
"16-10-2025","1,483.50","1,483.50","1,483.50","1,483.50","","-0.34%"
"15-10-2025","1,488.50","1,488.50","1,488.50","1,488.50","","-0.87%"
"14-10-2025","1,501.50","1,501.50","1,501.50","1,501.50","","-1.12%"
"13-10-2025","1,518.50","1,518.50","1,518.50","1,518.50","","-0.69%"
"10-10-2025","1,529.00","1,529.00","1,529.00","1,529.00","","0.00%"
"09-10-2025","1,529.00","1,529.00","1,529.00","1,529.00","","-0.13%"
"08-10-2025","1,531.00","1,531.00","1,531.00","1,531.00","","0.07%"
"07-10-2025","1,530.00","1,530.00","1,530.00","1,530.00","","0.20%"
"06-10-2025","1,527.00","1,527.00","1,527.00","1,527.00","","0.49%"
"03-10-2025","1,519.50","1,519.50","1,519.50","1,519.50","","-0.33%"
"01-10-2025","1,524.50","1,524.50","1,524.50","1,524.50","","-0.55%"
"30-09-2025","1,533.00","1,533.00","1,533.00","1,533.00","","0.20%"
"29-09-2025","1,530.00","1,530.00","1,530.00","1,530.00","","0.96%"
"26-09-2025","1,515.50","1,515.50","1,515.50","1,515.50","","-1.75%"
"25-09-2025","1,542.50","1,542.50","1,542.50","1,542.50","","-0.71%"
"24-09-2025","1,553.50","1,553.50","1,553.50","1,553.50","","-0.13%"
"23-09-2025","1,555.50","1,555.50","1,555.50","1,555.50","","-0.26%"
"22-09-2025","1,559.50","1,559.50","1,559.50","1,559.50","","-0.54%"
"19-09-2025","1,568.00","1,568.00","1,568.00","1,568.00","","0.00%"
"18-09-2025","1,568.00","1,568.00","1,568.00","1,568.00","","-0.25%"
"17-09-2025","1,572.00","1,572.00","1,572.00","1,572.00","","-0.32%"
"16-09-2025","1,577.00","1,577.00","1,577.00","1,577.00","","0.03%"
"15-09-2025","1,576.50","1,576.50","1,576.50","1,576.50","","0.32%"
"12-09-2025","1,571.50","1,571.50","1,571.50","1,571.50","","0.16%"
"11-09-2025","1,569.00","1,569.00","1,569.00","1,569.00","","0.13%"
"10-09-2025","1,567.00","1,567.00","1,567.00","1,567.00","","-0.54%"
"09-09-2025","1,575.50","1,575.50","1,575.50","1,575.50","","0.16%"
"08-09-2025","1,573.00","1,573.00","1,573.00","1,573.00","","0.45%"
"05-09-2025","1,566.00","1,566.00","1,566.00","1,566.00","","0.13%"
"04-09-2025","1,564.00","1,564.00","1,564.00","1,564.00","","-0.32%"
"03-09-2025","1,569.00","1,569.00","1,569.00","1,569.00","","0.26%"
"02-09-2025","1,565.00","1,565.00","1,565.00","1,565.00","","-0.38%"
"01-09-2025","1,571.00","1,571.00","1,571.00","1,571.00","","-1.41%"
"29-08-2025","1,593.50","1,593.50","1,593.50","1,593.50","","-0.25%"
"28-08-2025","1,597.50","1,597.50","1,597.50","1,597.50","","-0.78%"
"26-08-2025","1,610.00","1,610.00","1,610.00","1,610.00","","-0.22%"
"25-08-2025","1,613.50","1,613.50","1,613.50","1,613.50","","0.06%"
"22-08-2025","1,612.50","1,612.50","1,612.50","1,612.50","","0.40%"
"21-08-2025","1,606.00","1,606.00","1,606.00","1,606.00","","-0.46%"
"20-08-2025","1,613.50","1,613.50","1,613.50","1,613.50","","0.44%"
"19-08-2025","1,606.50","1,606.50","1,606.50","1,606.50","","-0.34%"
"18-08-2025","1,612.00","1,612.00","1,612.00","1,612.00","","-0.09%"
"14-08-2025","1,613.50","1,613.50","1,613.50","1,613.50","","0.00%"
"13-08-2025","1,613.50","1,613.50","1,613.50","1,613.50","","-0.12%"
"12-08-2025","1,615.50","1,615.50","1,615.50","1,615.50","","0.09%"
"11-08-2025","1,614.00","1,614.00","1,614.00","1,614.00","","-0.22%"
"08-08-2025","1,617.50","1,617.50","1,617.50","1,617.50","","-0.31%"
"07-08-2025","1,622.50","1,622.50","1,622.50","1,622.50","","-0.12%"
"06-08-2025","1,624.50","1,624.50","1,624.50","1,624.50","","0.71%"
"05-08-2025","1,613.00","1,613.00","1,613.00","1,613.00","","-0.71%"
"04-08-2025","1,624.50","1,624.50","1,624.50","1,624.50","","0.99%"
"01-08-2025","1,608.50","1,608.50","1,608.50","1,608.50","","0.00%"
"31-07-2025","1,608.50","1,608.50","1,608.50","1,608.50","","-1.11%"
"30-07-2025","1,626.50","1,626.50","1,626.50","1,626.50","","-0.18%"
"29-07-2025","1,629.50","1,629.50","1,629.50","1,629.50","","0.52%"
"28-07-2025","1,621.00","1,621.00","1,621.00","1,621.00","","-0.52%"
"25-07-2025","1,629.50","1,629.50","1,629.50","1,629.50","","0.28%"
"24-07-2025","1,625.00","1,625.00","1,625.00","1,625.00","","0.03%"
"23-07-2025","1,624.50","1,624.50","1,624.50","1,624.50","","0.53%"
"22-07-2025","1,616.00","1,616.00","1,616.00","1,616.00","","-0.25%"
"21-07-2025","1,620.00","1,620.00","1,620.00","1,620.00","","-0.49%"
"18-07-2025","1,628.00","1,628.00","1,628.00","1,628.00","","-0.06%"
"17-07-2025","1,629.00","1,629.00","1,629.00","1,629.00","","-0.31%"
"16-07-2025","1,634.00","1,634.00","1,634.00","1,634.00","","0.55%"
"15-07-2025","1,625.00","1,625.00","1,625.00","1,625.00","","0.31%"
"14-07-2025","1,620.00","1,620.00","1,620.00","1,620.00","","1.28%"
"11-07-2025","1,599.50","1,599.50","1,599.50","1,599.50","","-0.40%"
"10-07-2025","1,606.00","1,606.00","1,606.00","1,606.00","","0.25%"
"09-07-2025","1,602.00","1,602.00","1,602.00","1,602.00","","0.28%"
"08-07-2025","1,597.50","1,597.50","1,597.50","1,597.50","","0.00%"
"07-07-2025","1,597.50","1,597.50","1,597.50","1,597.50","","-0.31%"
"04-07-2025","1,602.50","1,602.50","1,602.50","1,602.50","","-0.09%"
"03-07-2025","1,604.00","1,604.00","1,604.00","1,604.00","","0.28%"
"02-07-2025","1,599.50","1,599.50","1,599.50","1,599.50","","0.22%"
"01-07-2025","1,596.00","1,596.00","1,596.00","1,596.00","","0.44%"
"30-06-2025","1,589.00","1,589.00","1,589.00","1,589.00","","0.67%"
"27-06-2025","1,578.50","1,578.50","1,578.50","1,578.50","","-0.44%"
"26-06-2025","1,585.50","1,585.50","1,585.50","1,585.50","","-0.03%"
"25-06-2025","1,586.00","1,586.00","1,586.00","1,586.00","","0.03%"
"24-06-2025","1,585.50","1,585.50","1,585.50","1,585.50","","0.06%"
"23-06-2025","1,584.50","1,584.50","1,584.50","1,584.50","","-0.09%"
"20-06-2025","1,586.00","1,586.00","1,586.00","1,586.00","","0.00%"
"19-06-2025","1,586.00","1,586.00","1,586.00","1,586.00","","-0.47%"
"18-06-2025","1,593.50","1,593.50","1,593.50","1,593.50","","-0.13%"
"17-06-2025","1,595.50","1,595.50","1,595.50","1,595.50","","0.28%"
"16-06-2025","1,591.00","1,591.00","1,591.00","1,591.00","","0.57%"
"13-06-2025","1,582.00","1,582.00","1,582.00","1,582.00","","0.03%"
"12-06-2025","1,581.50","1,581.50","1,581.50","1,581.50","","1.15%"
"11-06-2025","1,563.50","1,563.50","1,563.50","1,563.50","","0.71%"
"10-06-2025","1,552.50","1,552.50","1,552.50","1,552.50","","-0.22%"
"09-06-2025","1,556.00","1,556.00","1,556.00","1,556.00","","0.10%"
"06-06-2025","1,554.50","1,554.50","1,554.50","1,554.50","","-0.26%"
"05-06-2025","1,558.50","1,558.50","1,558.50","1,558.50","","0.52%"
"04-06-2025","1,550.50","1,550.50","1,550.50","1,550.50","","0.88%"
"03-06-2025","1,537.00","1,537.00","1,537.00","1,537.00","","0.36%"
"02-06-2025","1,531.50","1,531.50","1,531.50","1,531.50","","0.36%"
"30-05-2025","1,526.00","1,526.00","1,526.00","1,526.00","","-0.10%"
"29-05-2025","1,527.50","1,527.50","1,527.50","1,527.50","","0.07%"
"28-05-2025","1,526.50","1,526.50","1,526.50","1,526.50","","0.10%"
"27-05-2025","1,525.00","1,525.00","1,525.00","1,525.00","","-0.23%"
"26-05-2025","1,528.50","1,528.50","1,528.50","1,528.50","","0.07%"
"23-05-2025","1,527.50","1,527.50","1,527.50","1,527.50","","-0.52%"
"22-05-2025","1,535.50","1,535.50","1,535.50","1,535.50","","0.36%"
"21-05-2025","1,530.00","1,530.00","1,530.00","1,530.00","","-0.16%"
"20-05-2025","1,532.50","1,532.50","1,532.50","1,532.50","","-0.13%"
"19-05-2025","1,534.50","1,534.50","1,534.50","1,534.50","","-0.23%"
"16-05-2025","1,538.00","1,538.00","1,538.00","1,538.00","","0.07%"
"15-05-2025","1,537.00","1,537.00","1,537.00","1,537.00","","0.00%"
"14-05-2025","1,537.00","1,537.00","1,537.00","1,537.00","","-0.10%"
"13-05-2025","1,538.50","1,538.50","1,538.50","1,538.50","","-0.16%"
"12-05-2025","1,541.00","1,541.00","1,541.00","1,541.00","","4.05%"
"09-05-2025","1,481.00","1,481.00","1,481.00","1,481.00","0.00K","-3.96%"
"08-05-2025","1,542.00","1,542.00","1,542.00","1,542.00","","-2.65%"
"07-05-2025","1,584.00","1,584.00","1,584.00","1,584.00","0.00K","3.29%"
"06-05-2025","1,533.50","1,533.50","1,533.50","1,533.50","","0.03%"
"05-05-2025","1,533.00","1,533.00","1,533.00","1,533.00","","-0.33%"
"02-05-2025","1,538.00","1,538.00","1,538.00","1,538.00","","4.13%"
"30-04-2025","1,477.00","1,470.00","1,478.00","1,470.00","0.22K","0.58%"
"29-04-2025","1,468.50","1,465.50","1,470.00","1,465.00","0.04K","0.07%"
"28-04-2025","1,467.50","1,460.00","1,467.50","1,460.00","0.09K","0.07%"
"25-04-2025","1,466.50","1,461.00","1,470.00","1,460.00","0.08K","0.00%"
"24-04-2025","1,466.50","1,464.00","1,469.00","1,464.00","0.02K","-0.17%"
"23-04-2025","1,469.00","1,464.00","1,470.00","1,463.00","0.09K","0.44%"
"22-04-2025","1,462.50","1,461.50","1,466.00","1,458.50","0.12K","-0.10%"
"21-04-2025","1,464.00","1,448.00","1,465.00","1,448.00","0.28K","1.10%"
"17-04-2025","1,448.00","1,452.00","1,452.00","1,447.00","0.24K","-0.17%"
"16-04-2025","1,450.50","1,446.00","1,454.50","1,446.00","0.25K","0.35%"
"15-04-2025","1,445.50","1,447.00","1,447.00","1,440.00","0.31K","-0.14%"
"11-04-2025","1,447.50","1,449.00","1,450.00","1,446.50","0.16K","0.00%"
"09-04-2025","1,447.50","1,449.50","1,452.00","1,445.00","0.09K","-0.38%"
"08-04-2025","1,453.00","1,452.00","1,453.00","1,450.00","0.07K","0.10%"
"07-04-2025","1,451.50","1,451.50","1,455.00","1,446.00","0.08K","0.07%"
"04-04-2025","1,450.50","1,453.00","1,457.00","1,448.00","0.16K","-0.45%"
"03-04-2025","1,457.00","1,458.00","1,462.00","1,441.50","0.21K","-1.05%"
"02-04-2025","1,472.50","1,475.00","1,477.00","1,465.00","0.16K","0.10%"
"01-04-2025","1,471.00","1,459.00","1,473.00","1,457.50","0.36K","1.06%"
"28-03-2025","1,455.50","1,454.00","1,458.50","1,451.00","0.16K","0.24%"
"27-03-2025","1,452.00","1,451.00","1,454.00","1,450.00","0.03K","0.07%"
"26-03-2025","1,451.00","1,451.00","1,453.00","1,450.00","0.03K","-0.10%"
"25-03-2025","1,452.50","1,452.00","1,454.50","1,451.00","0.02K","0.03%"
"24-03-2025","1,452.00","1,451.00","1,453.00","1,447.50","0.09K","-0.45%"
"21-03-2025","1,458.50","1,451.50","1,461.00","1,449.00","0.10K","0.38%"
"20-03-2025","1,453.00","1,451.00","1,456.00","1,450.00","0.06K","0.10%"
"19-03-2025","1,451.50","1,453.00","1,453.00","1,449.00","0.03K","-0.45%"
"18-03-2025","1,458.00","1,451.00","1,463.00","1,448.50","0.20K","0.21%"
"17-03-2025","1,455.00","1,455.00","1,457.00","1,447.50","0.12K","0.55%"
"13-03-2025","1,447.00","1,449.00","1,453.50","1,446.50","0.06K","-0.03%"
"12-03-2025","1,447.50","1,447.50","1,451.00","1,446.00","0.07K","-0.14%"
"11-03-2025","1,449.50","1,445.00","1,450.00","1,444.00","0.08K","0.21%"
"10-03-2025","1,446.50","1,451.00","1,451.00","1,445.00","0.06K","0.07%"
"07-03-2025","1,445.50","1,444.00","1,447.00","1,442.50","0.10K","0.24%"
"06-03-2025","1,442.00","1,438.00","1,444.00","1,438.00","0.07K","0.31%"
"05-03-2025","1,437.50","1,432.00","1,440.00","1,428.50","0.20K","0.31%"
"04-03-2025","1,433.00","1,446.50","1,447.00","1,430.50","0.36K","-1.10%"
"03-03-2025","1,449.00","1,455.00","1,456.00","1,445.00","0.36K","3.13%"
"28-02-2025","1,405.00","1,405.00","1,405.00","1,405.00","0.00K","0.36%"
"27-02-2025","1,400.00","1,400.00","1,400.00","1,400.00","0.00K","-0.78%"
"25-02-2025","1,411.00","1,411.00","1,411.00","1,411.00","","-0.28%"
"24-02-2025","1,415.00","1,415.00","1,415.00","1,415.00","","-0.32%"
"21-02-2025","1,419.50","1,419.50","1,419.50","1,419.50","","-0.04%"
"20-02-2025","1,420.00","1,420.00","1,420.00","1,420.00","","0.21%"
"19-02-2025","1,417.00","1,417.00","1,417.00","1,417.00","","-0.04%"
"18-02-2025","1,417.50","1,417.50","1,417.50","1,417.50","","0.28%"
"17-02-2025","1,413.50","1,413.50","1,413.50","1,413.50","","0.00%"
"14-02-2025","1,413.50","1,413.50","1,413.50","1,413.50","","-0.04%"
"13-02-2025","1,414.00","1,414.00","1,414.00","1,414.00","","0.21%"
"12-02-2025","1,411.00","1,411.00","1,411.00","1,411.00","","0.28%"
"11-02-2025","1,407.00","1,407.00","1,407.00","1,407.00","","0.11%"
"10-02-2025","1,405.50","1,405.50","1,405.50","1,405.50","","0.25%"
"07-02-2025","1,402.00","1,402.00","1,402.00","1,402.00","","0.07%"
"06-02-2025","1,401.00","1,401.00","1,401.00","1,401.00","","-3.61%"
"05-02-2025","1,453.50","1,453.50","1,453.50","1,453.50","0.00K","3.56%"
"04-02-2025","1,403.50","1,403.50","1,403.50","1,403.50","","-4.13%"
"03-02-2025","1,464.00","1,464.00","1,464.00","1,464.00","0.00K","3.98%"
"01-02-2025","1,408.00","1,408.00","1,408.00","1,408.00","","-3.43%"
"31-01-2025","1,458.00","1,458.00","1,458.00","1,458.00","0.00K","3.59%"
"30-01-2025","1,407.50","1,407.50","1,407.50","1,407.50","","-1.57%"
"29-01-2025","1,430.00","1,430.00","1,430.00","1,430.00","0.00K","1.45%"
"28-01-2025","1,409.50","1,409.50","1,409.50","1,409.50","","-0.70%"
"27-01-2025","1,419.50","1,419.50","1,419.50","1,419.50","","-0.70%"
"24-01-2025","1,429.50","1,429.50","1,429.50","1,429.50","","0.07%"
"23-01-2025","1,428.50","1,428.50","1,428.50","1,428.50","","-2.52%"
"22-01-2025","1,465.50","1,440.00","1,491.00","1,440.00","0.00K","2.20%"
"21-01-2025","1,434.00","1,434.00","1,434.00","1,434.00","","-0.80%"
"20-01-2025","1,445.50","1,445.50","1,445.50","1,445.50","","0.42%"
"17-01-2025","1,439.50","1,439.50","1,439.50","1,439.50","","-0.07%"
"16-01-2025","1,440.50","1,440.50","1,440.50","1,440.50","","-0.48%"
"15-01-2025","1,447.50","1,447.50","1,447.50","1,447.50","","-0.17%"
"14-01-2025","1,450.00","1,450.00","1,450.00","1,450.00","","0.00%"
"13-01-2025","1,450.00","1,450.00","1,450.00","1,450.00","","0.14%"
"10-01-2025","1,448.00","1,448.00","1,448.00","1,448.00","","0.17%"
"09-01-2025","1,445.50","1,445.50","1,445.50","1,445.50","","-2.33%"
"08-01-2025","1,480.00","1,480.00","1,480.00","1,480.00","0.00K","2.28%"
"07-01-2025","1,447.00","1,447.00","1,447.00","1,447.00","","-0.28%"
"06-01-2025","1,451.00","1,451.00","1,451.00","1,451.00","","1.90%"
"03-01-2025","1,424.00","1,424.00","1,424.00","1,424.00","","-3.13%"
"02-01-2025","1,470.00","1,470.00","1,470.00","1,470.00","0.00K","3.56%"
"01-01-2025","1,419.50","1,419.50","1,419.50","1,419.50","","-3.47%"
"31-12-2024","1,470.50","1,468.50","1,472.00","1,468.50","0.00K","3.81%"
"30-12-2024","1,416.50","1,416.50","1,416.50","1,416.50","","0.07%"
"27-12-2024","1,415.50","1,415.50","1,415.50","1,415.50","","0.07%"
"26-12-2024","1,414.50","1,414.50","1,414.50","1,414.50","","-0.39%"
"24-12-2024","1,420.00","1,420.00","1,420.00","1,420.00","","0.21%"
"23-12-2024","1,417.00","1,417.00","1,417.00","1,417.00","","0.53%"
"20-12-2024","1,409.50","1,409.50","1,409.50","1,409.50","","-0.18%"
"19-12-2024","1,412.00","1,412.00","1,412.00","1,412.00","","-0.25%"
"18-12-2024","1,415.50","1,415.50","1,415.50","1,415.50","","0.21%"
"17-12-2024","1,412.50","1,412.50","1,412.50","1,412.50","","0.21%"
"16-12-2024","1,409.50","1,409.50","1,409.50","1,409.50","","-4.89%"
"13-12-2024","1,482.00","1,478.50","1,485.00","1,478.50","0.00K","4.22%"
"12-12-2024","1,422.00","1,422.00","1,422.00","1,422.00","","-4.15%"
"11-12-2024","1,483.50","1,483.50","1,483.50","1,483.50","0.00K","4.00%"
"10-12-2024","1,426.50","1,426.50","1,426.50","1,426.50","","-0.59%"
"09-12-2024","1,435.00","1,435.00","1,435.00","1,435.00","","-0.21%"
"06-12-2024","1,438.00","1,438.00","1,438.00","1,438.00","","0.21%"
"05-12-2024","1,435.00","1,435.00","1,435.00","1,435.00","","0.10%"
"04-12-2024","1,433.50","1,433.50","1,433.50","1,433.50","","0.21%"
"03-12-2024","1,430.50","1,430.50","1,430.50","1,430.50","","-1.07%"
"02-12-2024","1,446.00","1,446.00","1,446.00","1,446.00","","0.03%"
"29-11-2024","1,445.50","1,445.50","1,445.50","1,445.50","0.00K","0.21%"
"28-11-2024","1,442.50","1,442.50","1,442.50","1,442.50","","0.07%"
"27-11-2024","1,441.50","1,441.50","1,441.50","1,441.50","","-0.07%"
"26-11-2024","1,442.50","1,442.50","1,442.50","1,442.50","","0.24%"
"25-11-2024","1,439.00","1,439.00","1,439.00","1,439.00","","0.03%"
"22-11-2024","1,438.50","1,438.50","1,438.50","1,438.50","","0.14%"
"21-11-2024","1,436.50","1,436.50","1,436.50","1,436.50","","-1.31%"
"19-11-2024","1,455.50","1,455.50","1,455.50","1,455.50","0.02K","-0.61%"
"18-11-2024","1,464.50","1,470.00","1,470.00","1,460.50","0.02K","-0.48%"
"14-11-2024","1,471.50","1,471.50","1,471.50","1,471.50","","-0.37%"
"13-11-2024","1,477.00","1,477.00","1,477.00","1,477.00","","-1.04%"
"12-11-2024","1,492.50","1,492.50","1,492.50","1,492.50","","-0.50%"
"11-11-2024","1,500.00","1,500.00","1,500.00","1,500.00","0.00K","0.27%"
"08-11-2024","1,496.00","1,496.00","1,496.00","1,496.00","","0.47%"
"07-11-2024","1,489.00","1,489.00","1,489.00","1,489.00","","0.95%"
"06-11-2024","1,475.00","1,475.00","1,475.00","1,475.00","","-0.14%"
"05-11-2024","1,477.00","1,477.00","1,477.00","1,477.00","","0.78%"
"04-11-2024","1,465.50","1,465.50","1,465.50","1,465.50","0.00K","-0.85%"
"01-11-2024","1,478.00","1,478.00","1,478.00","1,478.00","","-0.03%"
"31-10-2024","1,478.50","1,478.50","1,478.50","1,478.50","","0.00%"
"30-10-2024","1,478.50","1,478.50","1,478.50","1,478.50","","-0.03%"
"29-10-2024","1,479.00","1,479.00","1,479.00","1,479.00","","-0.30%"
"28-10-2024","1,483.50","1,483.50","1,483.50","1,483.50","","-3.39%"
"25-10-2024","1,535.50","1,535.50","1,535.50","1,535.50","0.00K","-3.97%"
"24-10-2024","1,599.00","1,599.00","1,599.00","1,599.00","0.00K","2.60%"
"23-10-2024","1,558.50","1,558.50","1,558.50","1,558.50","","-0.13%"
"22-10-2024","1,560.50","1,560.50","1,560.50","1,560.50","","-0.32%"
"21-10-2024","1,565.50","1,565.50","1,565.50","1,565.50","","0.68%"
"18-10-2024","1,555.00","1,555.00","1,555.00","1,555.00","","0.61%"
"17-10-2024","1,545.50","1,545.50","1,545.50","1,545.50","","-0.71%"
"16-10-2024","1,556.50","1,556.50","1,556.50","1,556.50","","-0.06%"
"15-10-2024","1,557.50","1,557.50","1,557.50","1,557.50","","-0.32%"
"14-10-2024","1,562.50","1,562.50","1,562.50","1,562.50","","-1.51%"
"11-10-2024","1,586.50","1,598.00","1,598.00","1,559.00","0.01K","2.42%"
"10-10-2024","1,549.00","1,549.00","1,549.00","1,549.00","","-1.68%"
"09-10-2024","1,575.50","1,575.50","1,575.50","1,575.50","","-0.03%"
"08-10-2024","1,576.00","1,576.00","1,576.00","1,576.00","","-1.78%"
"07-10-2024","1,604.50","1,604.50","1,604.50","1,604.50","","0.22%"
"04-10-2024","1,601.00","1,601.00","1,601.00","1,601.00","","0.31%"
"03-10-2024","1,596.00","1,596.00","1,596.00","1,596.00","","-0.09%"
"01-10-2024","1,597.50","1,597.50","1,597.50","1,597.50","","-1.08%"
"30-09-2024","1,615.00","1,615.00","1,615.00","1,615.00","","2.80%"
"27-09-2024","1,571.00","1,571.00","1,571.00","1,571.00","0.00K","-3.17%"
"26-09-2024","1,622.50","1,622.50","1,622.50","1,622.50","","2.89%"
"25-09-2024","1,577.00","1,577.00","1,577.00","1,577.00","0.00K","-2.68%"
"24-09-2024","1,620.50","1,620.50","1,620.50","1,620.50","","2.95%"
"23-09-2024","1,574.00","1,574.00","1,574.00","1,574.00","0.00K","-0.54%"
"20-09-2024","1,582.50","1,582.50","1,582.50","1,582.50","","0.00%"
"19-09-2024","1,582.50","1,582.50","1,582.50","1,582.50","","0.00%"
"18-09-2024","1,582.50","1,582.50","1,582.50","1,582.50","","0.00%"
"17-09-2024","1,582.50","1,582.50","1,582.50","1,582.50","0.00K","3.98%"
"16-09-2024","1,522.00","1,522.00","1,522.00","1,522.00","","0.00%"
"13-09-2024","1,522.00","1,522.00","1,522.00","1,522.00","","0.00%"
"12-09-2024","1,522.00","1,522.00","1,522.00","1,522.00","","0.00%"
"11-09-2024","1,522.00","1,522.00","1,522.00","1,522.00","","0.00%"
"10-09-2024","1,522.00","1,522.00","1,522.00","1,522.00","","0.00%"
"09-09-2024","1,522.00","1,522.00","1,522.00","1,522.00","","0.00%"
"06-09-2024","1,522.00","1,522.00","1,522.00","1,522.00","","0.00%"
"05-09-2024","1,522.00","1,522.00","1,522.00","1,522.00","","0.00%"
"04-09-2024","1,522.00","1,522.00","1,522.00","1,522.00","","0.00%"
"03-09-2024","1,522.00","1,522.00","1,522.00","1,522.00","","0.00%"
"02-09-2024","1,522.00","1,515.00","1,550.00","1,515.00","0.01K","-3.33%"
"30-08-2024","1,574.50","1,574.50","1,574.50","1,574.50","","-0.22%"
"29-08-2024","1,578.00","1,637.00","1,638.00","1,570.00","0.05K","0.19%"
"28-08-2024","1,575.00","1,575.00","1,575.00","1,575.00","","0.00%"
"27-08-2024","1,575.00","1,575.00","1,575.00","1,575.00","","-1.38%"
"26-08-2024","1,597.00","1,597.00","1,597.00","1,597.00","0.00K","1.30%"
"23-08-2024","1,576.50","1,576.50","1,576.50","1,576.50","","-0.03%"
"22-08-2024","1,577.00","1,577.00","1,577.00","1,577.00","","0.16%"
"21-08-2024","1,574.50","1,574.50","1,574.50","1,574.50","","-0.16%"
"20-08-2024","1,577.00","1,577.00","1,577.00","1,577.00","","1.81%"
"19-08-2024","1,549.00","1,549.00","1,549.00","1,549.00","","-0.06%"
"16-08-2024","1,550.00","1,550.00","1,550.00","1,550.00","","-0.26%"
"14-08-2024","1,554.00","1,554.00","1,554.00","1,554.00","","0.68%"
"13-08-2024","1,543.50","1,543.50","1,543.50","1,543.50","","0.29%"
"12-08-2024","1,539.00","1,539.00","1,539.00","1,539.00","","0.95%"
"09-08-2024","1,524.50","1,524.50","1,524.50","1,524.50","","-0.36%"
"08-08-2024","1,530.00","1,530.00","1,530.00","1,530.00","","-0.03%"
"07-08-2024","1,530.50","1,530.50","1,530.50","1,530.50","","-0.10%"
"06-08-2024","1,532.00","1,532.00","1,532.00","1,532.00","","0.13%"
"05-08-2024","1,530.00","1,530.00","1,530.00","1,530.00","","-0.26%"
"02-08-2024","1,534.00","1,534.00","1,534.00","1,534.00","","-0.36%"
"01-08-2024","1,539.50","1,539.50","1,539.50","1,539.50","","0.56%"
"31-07-2024","1,531.00","1,531.00","1,531.00","1,531.00","","-0.10%"
"30-07-2024","1,532.50","1,532.50","1,532.50","1,532.50","","0.10%"
"29-07-2024","1,531.00","1,531.00","1,531.00","1,531.00","","-0.13%"
"26-07-2024","1,533.00","1,533.00","1,533.00","1,533.00","","0.00%"
"25-07-2024","1,533.00","1,533.00","1,533.00","1,533.00","","-0.20%"
"24-07-2024","1,536.00","1,536.00","1,536.00","1,536.00","","-0.61%"
"23-07-2024","1,545.50","1,545.50","1,545.50","1,545.50","","0.52%"
"22-07-2024","1,537.50","1,537.50","1,537.50","1,537.50","","-0.52%"
"19-07-2024","1,545.50","1,545.50","1,545.50","1,545.50","","-0.19%"
"18-07-2024","1,548.50","1,548.50","1,548.50","1,548.50","","-0.35%"
"16-07-2024","1,554.00","1,554.00","1,554.00","1,554.00","","0.36%"
"15-07-2024","1,548.50","1,548.50","1,548.50","1,548.50","","-0.42%"
"12-07-2024","1,555.00","1,555.00","1,555.00","1,555.00","","-0.19%"
"11-07-2024","1,558.00","1,558.00","1,558.00","1,558.00","","0.55%"
"10-07-2024","1,549.50","1,520.00","1,549.50","1,520.00","","0.45%"
"09-07-2024","1,542.50","1,542.50","1,542.50","1,542.50","","-0.36%"
"08-07-2024","1,548.00","1,548.00","1,548.00","1,548.00","","0.42%"
"05-07-2024","1,541.50","1,541.50","1,541.50","1,541.50","","-0.36%"
"04-07-2024","1,547.00","1,520.00","1,547.00","1,520.00","","0.29%"
"03-07-2024","1,542.50","1,520.00","1,542.50","1,520.00","","0.06%"
"02-07-2024","1,541.50","1,541.50","1,541.50","1,541.50","","0.00%"
"01-07-2024","1,541.50","1,541.50","1,541.50","1,541.50","","-0.87%"
"28-06-2024","1,555.00","1,520.00","1,555.00","1,520.00","","0.94%"
"27-06-2024","1,540.50","1,540.50","1,540.50","1,540.50","","-0.10%"
"26-06-2024","1,542.00","1,520.00","1,542.00","1,520.00","","1.51%"
"25-06-2024","1,519.00","1,519.00","1,519.00","1,519.00","","-0.07%"
"24-06-2024","1,520.00","1,520.00","1,520.00","1,520.00","0.00K","1.03%"
"21-06-2024","1,504.50","1,504.50","1,504.50","1,504.50","","-1.02%"
"20-06-2024","1,520.00","1,520.00","1,520.00","1,520.00","0.00K","2.32%"
"19-06-2024","1,485.50","1,485.50","1,485.50","1,485.50","","0.68%"
"18-06-2024","1,475.50","1,475.50","1,475.50","1,475.50","","-0.97%"
"14-06-2024","1,490.00","1,490.00","1,490.00","1,490.00","0.00K","1.05%"
"13-06-2024","1,474.50","1,474.50","1,474.50","1,474.50","","-1.83%"
"12-06-2024","1,502.00","1,480.50","1,525.00","1,480.50","0.01K","1.90%"
"11-06-2024","1,474.00","1,474.00","1,474.00","1,474.00","","-0.27%"
"10-06-2024","1,478.00","1,478.00","1,478.00","1,478.00","","-0.30%"
"07-06-2024","1,482.50","1,500.00","1,500.00","1,482.50","","-0.03%"
"06-06-2024","1,483.00","1,483.00","1,483.00","1,483.00","","-0.20%"
"05-06-2024","1,486.00","1,486.00","1,486.00","1,486.00","","0.64%"
"04-06-2024","1,476.50","1,476.50","1,476.50","1,476.50","","-1.57%"
"03-06-2024","1,500.00","1,500.00","1,500.00","1,500.00","0.00K","0.30%"
"31-05-2024","1,495.50","1,515.00","1,515.00","1,495.50","","-0.83%"
"30-05-2024","1,508.00","1,508.00","1,508.00","1,508.00","","-0.13%"
"29-05-2024","1,510.00","1,515.00","1,515.00","1,510.00","","0.10%"
"28-05-2024","1,508.50","1,508.50","1,508.50","1,508.50","","-0.13%"
"27-05-2024","1,510.50","1,510.50","1,510.50","1,510.50","","-0.49%"
"24-05-2024","1,518.00","1,515.00","1,518.00","1,515.00","","0.00%"
"23-05-2024","1,518.00","1,518.00","1,518.00","1,518.00","","0.20%"
"22-05-2024","1,515.00","1,515.00","1,515.00","1,515.00","0.00K","-0.13%"
"21-05-2024","1,517.00","1,517.00","1,517.00","1,517.00","","0.46%"
"17-05-2024","1,510.00","1,510.00","1,510.00","1,510.00","","0.60%"
"16-05-2024","1,501.00","1,501.50","1,501.50","1,500.00","0.00K","0.20%"
"15-05-2024","1,498.00","1,498.00","1,498.00","1,498.00","0.00K","-0.33%"
"14-05-2024","1,503.00","1,502.00","1,505.00","1,501.50","0.00K","-0.73%"
"13-05-2024","1,514.00","1,514.00","1,514.00","1,514.00","0.01K","0.40%"
"10-05-2024","1,508.00","1,508.00","1,508.00","1,508.00","0.00K","0.00%"
"09-05-2024","1,508.00","1,504.00","1,511.00","1,502.00","0.02K","-0.79%"
"08-05-2024","1,520.00","1,531.00","1,531.00","1,501.00","0.02K","-4.19%"
"07-05-2024","1,586.50","1,586.50","1,586.50","1,586.50","","-3.99%"
"06-05-2024","1,652.50","1,652.50","1,652.50","1,652.50","","-3.98%"
"03-05-2024","1,721.00","1,721.00","1,721.00","1,721.00","","-3.99%"
"02-05-2024","1,792.50","1,792.50","1,792.50","1,792.50","0.00K","23.96%"
"30-04-2024","1,446.00","1,454.00","1,454.50","1,445.00","0.04K","-0.65%"
"29-04-2024","1,455.50","1,441.00","1,457.00","1,435.50","0.20K","0.66%"
"26-04-2024","1,446.00","1,442.50","1,448.00","1,442.50","0.09K","-0.28%"
"25-04-2024","1,450.00","1,446.00","1,455.00","1,446.00","0.13K","-0.38%"
"24-04-2024","1,455.50","1,440.50","1,458.00","1,440.50","0.06K","0.48%"
"23-04-2024","1,448.50","1,445.00","1,458.00","1,445.00","0.13K","0.31%"
"22-04-2024","1,444.00","1,434.00","1,449.00","1,434.00","0.15K","0.91%"
"19-04-2024","1,431.00","1,454.00","1,456.00","1,426.00","0.36K","-2.05%"
"18-04-2024","1,461.00","1,481.50","1,481.50","1,458.00","0.20K","-1.52%"
"16-04-2024","1,483.50","1,482.50","1,487.00","1,481.50","0.14K","-0.24%"
"15-04-2024","1,487.00","1,501.00","1,501.00","1,485.00","0.24K","-1.10%"
"12-04-2024","1,503.50","1,495.50","1,507.00","1,490.50","0.26K","-0.63%"
"10-04-2024","1,513.00","1,524.00","1,524.00","1,508.00","0.24K","-0.82%"
"09-04-2024","1,525.50","1,516.00","1,529.50","1,516.00","0.19K","0.30%"
"08-04-2024","1,521.00","1,520.00","1,526.00","1,517.00","0.14K","0.03%"
"05-04-2024","1,520.50","1,520.00","1,533.00","1,510.00","0.15K","0.10%"
"04-04-2024","1,519.00","1,525.50","1,530.00","1,516.50","0.22K","-1.11%"
"03-04-2024","1,536.00","1,538.00","1,541.50","1,525.50","0.42K","-0.55%"
"02-04-2024","1,544.50","1,553.00","1,553.00","1,539.00","0.17K","-0.29%"
"01-04-2024","1,549.00","1,534.00","1,562.00","1,529.00","0.35K","1.94%"
"28-03-2024","1,519.50","1,530.50","1,532.00","1,518.00","0.24K","-1.01%"
"27-03-2024","1,535.00","1,538.00","1,538.00","1,532.00","0.09K","-0.29%"
"26-03-2024","1,539.50","1,543.50","1,543.50","1,529.00","0.28K","-0.10%"
"22-03-2024","1,541.00","1,552.00","1,552.00","1,530.00","0.46K","-0.71%"
"21-03-2024","1,552.00","1,566.00","1,567.00","1,550.00","0.27K","-0.93%"
"20-03-2024","1,566.50","1,562.00","1,570.00","1,556.50","0.21K","-0.10%"
"19-03-2024","1,568.00","1,570.50","1,575.00","1,558.50","0.49K","-0.79%"
"18-03-2024","1,580.50","1,594.00","1,602.00","1,574.00","0.44K","-0.53%"
"15-03-2024","1,589.00","1,605.00","1,611.00","1,587.00","0.57K","-1.33%"
"14-03-2024","1,610.50","1,625.50","1,625.50","1,606.00","0.76K","-1.17%"
"13-03-2024","1,629.50","1,625.00","1,638.50","1,625.00","0.28K","0.25%"
"12-03-2024","1,625.50","1,649.00","1,649.00","1,623.50","0.89K","-1.43%"
"11-03-2024","1,649.00","1,650.00","1,656.00","1,646.00","0.41K","0.00%"
"07-03-2024","1,649.00","1,653.00","1,659.00","1,644.00","0.64K","-0.06%"
"06-03-2024","1,650.00","1,645.00","1,656.00","1,639.00","0.55K","0.61%"
"05-03-2024","1,640.00","1,646.00","1,657.00","1,637.00","0.48K","-0.61%"
"04-03-2024","1,650.00","1,655.00","1,658.00","1,635.00","0.79K","-1.23%"
"01-03-2024","1,670.50","1,653.00","1,674.00","1,642.00","0.69K","10.45%"
"29-02-2024","1,512.50","1,633.00","1,661.00","1,631.00","0.67K","-0.13%"
"28-02-2024","1,514.50","1,514.50","1,514.50","1,514.50","","3.88%"
"27-02-2024","1,458.00","1,458.00","1,458.00","1,458.00","","1.11%"
"26-02-2024","1,442.00","1,442.00","1,442.00","1,442.00","","0.98%"
"23-02-2024","1,428.00","1,428.00","1,428.00","1,428.00","","0.18%"
"22-02-2024","1,425.50","1,425.50","1,425.50","1,425.50","","0.21%"
"21-02-2024","1,422.50","1,422.50","1,422.50","1,422.50","","-0.25%"
"20-02-2024","1,426.00","1,426.00","1,426.00","1,426.00","","-0.49%"
"19-02-2024","1,433.00","1,433.00","1,433.00","1,433.00","","0.81%"
"16-02-2024","1,421.50","1,421.50","1,421.50","1,421.50","","0.46%"
"15-02-2024","1,415.00","1,415.00","1,415.00","1,415.00","","1.25%"
"14-02-2024","1,397.50","1,397.50","1,397.50","1,397.50","","0.32%"
"13-02-2024","1,393.00","1,393.00","1,393.00","1,393.00","","0.61%"
"12-02-2024","1,384.50","1,384.50","1,384.50","1,384.50","","0.04%"
"09-02-2024","1,384.00","1,384.00","1,384.00","1,384.00","","-0.18%"
"08-02-2024","1,386.50","1,386.50","1,386.50","1,386.50","","0.33%"
"07-02-2024","1,382.00","1,382.00","1,382.00","1,382.00","","-0.32%"
"06-02-2024","1,386.50","1,386.50","1,386.50","1,386.50","","0.07%"
"05-02-2024","1,385.50","1,385.50","1,385.50","1,385.50","","1.17%"
"02-02-2024","1,369.50","1,369.50","1,369.50","1,369.50","","0.33%"
"01-02-2024","1,365.00","1,365.00","1,365.00","1,365.00","","-0.22%"
"31-01-2024","1,368.00","1,368.00","1,368.00","1,368.00","","0.15%"
"30-01-2024","1,366.00","1,366.00","1,366.00","1,366.00","","-0.15%"
"29-01-2024","1,368.00","1,368.00","1,368.00","1,368.00","","-1.94%"
"25-01-2024","1,395.00","1,395.00","1,395.00","1,395.00","","0.18%"
"24-01-2024","1,392.50","1,392.50","1,392.50","1,392.50","","-0.46%"
"23-01-2024","1,399.00","1,399.00","1,399.00","1,399.00","","0.58%"
"19-01-2024","1,391.00","1,391.00","1,391.00","1,391.00","","-0.14%"
"18-01-2024","1,393.00","1,393.00","1,393.00","1,393.00","","0.25%"
"17-01-2024","1,389.50","1,389.50","1,389.50","1,389.50","","-0.64%"
"16-01-2024","1,398.50","1,398.50","1,398.50","1,398.50","","-0.04%"
"15-01-2024","1,399.00","1,399.00","1,399.00","1,399.00","","0.43%"
"12-01-2024","1,393.00","1,393.00","1,393.00","1,393.00","","-0.18%"
"11-01-2024","1,395.50","1,395.50","1,395.50","1,395.50","","-0.18%"
"10-01-2024","1,398.00","1,398.00","1,398.00","1,398.00","","-0.21%"
"09-01-2024","1,401.00","1,401.00","1,401.00","1,401.00","","-0.14%"
"08-01-2024","1,403.00","1,403.00","1,403.00","1,403.00","","-0.43%"
"05-01-2024","1,409.00","1,409.00","1,409.00","1,409.00","","0.43%"
"04-01-2024","1,403.00","1,403.00","1,403.00","1,403.00","","-0.04%"
"03-01-2024","1,403.50","1,403.50","1,403.50","1,403.50","","0.43%"
"02-01-2024","1,397.50","1,397.50","1,397.50","1,397.50","","-0.29%"
"01-01-2024","1,401.50","1,401.50","1,401.50","1,401.50","","-0.71%"
"29-12-2023","1,411.50","1,411.50","1,411.50","1,411.50","","-0.25%"
"28-12-2023","1,415.00","1,415.00","1,415.00","1,415.00","","0.04%"
"27-12-2023","1,414.50","1,414.50","1,414.50","1,414.50","","-0.18%"
"26-12-2023","1,417.00","1,417.00","1,417.00","1,417.00","","0.75%"
"22-12-2023","1,406.50","1,406.50","1,406.50","1,406.50","","0.11%"
"21-12-2023","1,405.00","1,405.00","1,405.00","1,405.00","","0.00%"
"20-12-2023","1,405.00","1,405.00","1,405.00","1,405.00","","-0.53%"
"19-12-2023","1,412.50","1,412.50","1,412.50","1,412.50","","0.18%"
"18-12-2023","1,410.00","1,410.00","1,410.00","1,410.00","","-0.88%"
"15-12-2023","1,422.50","1,422.50","1,422.50","1,422.50","","-0.35%"
"14-12-2023","1,427.50","1,427.50","1,427.50","1,427.50","","0.11%"
"13-12-2023","1,426.00","1,426.00","1,426.00","1,426.00","","0.07%"
"12-12-2023","1,425.00","1,425.00","1,425.00","1,425.00","","-0.14%"
"11-12-2023","1,427.00","1,427.00","1,427.00","1,427.00","","-1.45%"
"08-12-2023","1,448.00","1,448.00","1,448.00","1,448.00","","0.56%"
"07-12-2023","1,440.00","1,440.00","1,440.00","1,440.00","","0.81%"
"06-12-2023","1,428.50","1,428.50","1,428.50","1,428.50","","-0.24%"
"05-12-2023","1,432.00","1,432.00","1,432.00","1,432.00","","-0.24%"
"04-12-2023","1,435.50","1,435.50","1,435.50","1,435.50","","-1.34%"
"01-12-2023","1,455.00","1,455.00","1,455.00","1,455.00","","1.43%"
"30-11-2023","1,434.50","1,434.50","1,434.50","1,434.50","","0.10%"
"29-11-2023","1,433.00","1,433.00","1,433.00","1,433.00","","0.03%"
"28-11-2023","1,432.50","1,432.50","1,432.50","1,432.50","","-0.45%"
"24-11-2023","1,439.00","1,439.00","1,439.00","1,439.00","","-0.72%"
"23-11-2023","1,449.50","1,449.50","1,449.50","1,449.50","","0.24%"
"22-11-2023","1,446.00","1,446.00","1,446.00","1,446.00","","-0.21%"
"21-11-2023","1,449.00","1,449.00","1,449.00","1,449.00","","-0.41%"
"20-11-2023","1,455.00","1,455.00","1,455.00","1,455.00","","1.64%"
"17-11-2023","1,431.50","1,431.50","1,431.50","1,431.50","","0.00%"
"16-11-2023","1,431.50","1,431.50","1,431.50","1,431.50","","-0.03%"
"15-11-2023","1,432.00","1,432.00","1,432.00","1,432.00","","-0.03%"
"13-11-2023","1,432.50","1,432.50","1,432.50","1,432.50","","-0.07%"
"10-11-2023","1,433.50","1,433.50","1,433.50","1,433.50","","0.00%"
"09-11-2023","1,433.50","1,433.50","1,433.50","1,433.50","","-0.38%"
"08-11-2023","1,439.00","1,439.00","1,439.00","1,439.00","","-0.55%"
"07-11-2023","1,447.00","1,447.00","1,447.00","1,447.00","","-0.41%"
"06-11-2023","1,453.00","1,453.00","1,453.00","1,453.00","","-0.45%"
"03-11-2023","1,459.50","1,459.50","1,459.50","1,459.50","","0.17%"
"02-11-2023","1,457.00","1,457.00","1,457.00","1,457.00","","-0.14%"
"01-11-2023","1,459.00","1,459.00","1,459.00","1,459.00","","-0.27%"
"31-10-2023","1,463.00","1,463.00","1,463.00","1,463.00","","-0.81%"
"30-10-2023","1,475.00","1,475.00","1,475.00","1,475.00","","0.51%"
"27-10-2023","1,467.50","1,467.50","1,467.50","1,467.50","","0.86%"
"26-10-2023","1,455.00","1,455.00","1,455.00","1,455.00","","-0.17%"
"25-10-2023","1,457.50","1,457.50","1,457.50","1,457.50","","1.67%"
"23-10-2023","1,433.50","1,433.50","1,433.50","1,433.50","","-0.62%"
"20-10-2023","1,442.50","1,442.50","1,442.50","1,442.50","","0.42%"
"19-10-2023","1,436.50","1,436.50","1,436.50","1,436.50","","-0.21%"
"18-10-2023","1,439.50","1,439.50","1,439.50","1,439.50","","-1.37%"
"17-10-2023","1,459.50","1,459.50","1,459.50","1,459.50","","-0.48%"
"16-10-2023","1,466.50","1,466.50","1,466.50","1,466.50","","0.72%"
"13-10-2023","1,456.00","1,456.00","1,456.00","1,456.00","","-0.51%"
"12-10-2023","1,463.50","1,463.50","1,463.50","1,463.50","","0.00%"
"11-10-2023","1,463.50","1,463.50","1,463.50","1,463.50","","-0.78%"
"10-10-2023","1,475.00","1,475.00","1,475.00","1,475.00","","-0.64%"
"09-10-2023","1,484.50","1,484.50","1,484.50","1,484.50","","0.10%"
"06-10-2023","1,483.00","1,483.00","1,483.00","1,483.00","","-0.57%"
"05-10-2023","1,491.50","1,491.50","1,491.50","1,491.50","","0.10%"
"04-10-2023","1,490.00","1,490.00","1,490.00","1,490.00","","-0.73%"
"03-10-2023","1,501.00","1,501.00","1,501.00","1,501.00","","-1.44%"
"29-09-2023","1,523.00","1,523.00","1,523.00","1,523.00","","1.23%"
"28-09-2023","1,504.50","1,504.50","1,504.50","1,504.50","","-0.13%"
"27-09-2023","1,506.50","1,506.50","1,506.50","1,506.50","","-0.26%"
"26-09-2023","1,510.50","1,510.50","1,510.50","1,510.50","","-0.69%"
"25-09-2023","1,521.00","1,521.00","1,521.00","1,521.00","","-0.65%"
"22-09-2023","1,531.00","1,531.00","1,531.00","1,531.00","","-0.23%"
"21-09-2023","1,534.50","1,534.50","1,534.50","1,534.50","","-0.97%"
"20-09-2023","1,549.50","1,549.50","1,549.50","1,549.50","","-0.26%"
"18-09-2023","1,553.50","1,553.50","1,553.50","1,553.50","","-0.54%"
"15-09-2023","1,562.00","1,562.00","1,562.00","1,562.00","","0.16%"
"14-09-2023","1,559.50","1,559.50","1,559.50","1,559.50","","-0.57%"
"13-09-2023","1,568.50","1,568.50","1,568.50","1,568.50","","-0.06%"
"12-09-2023","1,569.50","1,569.50","1,569.50","1,569.50","","0.38%"
"11-09-2023","1,563.50","1,563.50","1,563.50","1,563.50","","-0.79%"
"08-09-2023","1,576.00","1,576.00","1,576.00","1,576.00","","-0.03%"
"07-09-2023","1,576.50","1,576.50","1,576.50","1,576.50","","0.00%"
"06-09-2023","1,576.50","1,576.50","1,576.50","1,576.50","","-0.03%"
"05-09-2023","1,577.00","1,577.00","1,577.00","1,577.00","","-0.54%"
"04-09-2023","1,585.50","1,585.50","1,585.50","1,585.50","","1.41%"
"01-09-2023","1,563.50","1,563.50","1,563.50","1,563.50","","0.35%"
"31-08-2023","1,558.00","1,558.00","1,558.00","1,558.00","","1.63%"
"30-08-2023","1,533.00","1,533.00","1,533.00","1,533.00","","0.00%"
"29-08-2023","1,533.00","1,533.00","1,533.00","1,533.00","","-0.33%"
"28-08-2023","1,538.00","1,538.00","1,538.00","1,538.00","","0.10%"
"25-08-2023","1,536.50","1,536.50","1,536.50","1,536.50","","-0.19%"
"24-08-2023","1,539.50","1,539.50","1,539.50","1,539.50","","0.33%"
"23-08-2023","1,534.50","1,534.50","1,534.50","1,534.50","","-0.10%"
"22-08-2023","1,536.00","1,536.00","1,536.00","1,536.00","","-0.49%"
"21-08-2023","1,543.50","1,543.50","1,543.50","1,543.50","","-1.66%"
"18-08-2023","1,569.50","1,569.50","1,569.50","1,569.50","","-0.48%"
"17-08-2023","1,577.00","1,577.00","1,577.00","1,577.00","","-0.38%"
"16-08-2023","1,583.00","1,583.00","1,583.00","1,583.00","","-0.28%"
"14-08-2023","1,587.50","1,587.50","1,587.50","1,587.50","","3.39%"
"11-08-2023","1,535.50","1,535.50","1,535.50","1,535.50","","0.46%"
"10-08-2023","1,528.50","1,528.50","1,528.50","1,528.50","","0.72%"
"09-08-2023","1,517.50","1,517.50","1,517.50","1,517.50","","0.00%"
"08-08-2023","1,517.50","1,517.50","1,517.50","1,517.50","","0.30%"
"07-08-2023","1,513.00","1,513.00","1,513.00","1,513.00","","1.10%"
"04-08-2023","1,496.50","1,496.50","1,496.50","1,496.50","","0.98%"
"03-08-2023","1,482.00","1,482.00","1,482.00","1,482.00","","0.99%"
"02-08-2023","1,467.50","1,467.50","1,467.50","1,467.50","","0.86%"
"01-08-2023","1,455.00","1,455.00","1,455.00","1,455.00","","0.90%"
"31-07-2023","1,442.00","1,442.00","1,442.00","1,442.00","","-0.48%"
"28-07-2023","1,449.00","1,449.00","1,449.00","1,449.00","","-0.75%"
"27-07-2023","1,460.00","1,460.00","1,460.00","1,460.00","","0.38%"
"26-07-2023","1,454.50","1,454.50","1,454.50","1,454.50","","0.66%"
"25-07-2023","1,445.00","1,445.00","1,445.00","1,445.00","","0.45%"
"24-07-2023","1,438.50","1,438.50","1,438.50","1,438.50","","0.31%"
"21-07-2023","1,434.00","1,434.00","1,434.00","1,434.00","","0.07%"
"20-07-2023","1,433.00","1,433.00","1,433.00","1,433.00","","0.56%"
"19-07-2023","1,425.00","1,425.00","1,425.00","1,425.00","","0.07%"
"18-07-2023","1,424.00","1,424.00","1,424.00","1,424.00","","-0.07%"
"17-07-2023","1,425.00","1,425.00","1,425.00","1,425.00","","0.11%"
"14-07-2023","1,423.50","1,423.50","1,423.50","1,423.50","","0.11%"
"13-07-2023","1,422.00","1,422.00","1,422.00","1,422.00","","0.00%"
"12-07-2023","1,422.00","1,422.00","1,422.00","1,422.00","","0.39%"
"11-07-2023","1,416.50","1,416.50","1,416.50","1,416.50","","-0.70%"
"10-07-2023","1,426.50","1,426.50","1,426.50","1,426.50","","0.00%"
"07-07-2023","1,426.50","1,426.50","1,426.50","1,426.50","","-1.31%"
"06-07-2023","1,445.50","1,445.50","1,445.50","1,445.50","","-0.48%"
"05-07-2023","1,452.50","1,452.50","1,452.50","1,452.50","","-0.07%"
"04-07-2023","1,453.50","1,453.50","1,453.50","1,453.50","","0.10%"
"03-07-2023","1,452.00","1,452.00","1,452.00","1,452.00","","1.22%"
"30-06-2023","1,434.50","1,434.50","1,434.50","1,434.50","","0.60%"
"28-06-2023","1,426.00","1,426.00","1,426.00","1,426.00","","-0.35%"
"27-06-2023","1,431.00","1,431.00","1,431.00","1,431.00","","-0.21%"
"26-06-2023","1,434.00","1,434.00","1,434.00","1,434.00","","-1.17%"
"23-06-2023","1,451.00","1,451.00","1,451.00","1,451.00","","-0.72%"
"22-06-2023","1,461.50","1,461.50","1,461.50","1,461.50","","-0.68%"
"21-06-2023","1,471.50","1,471.50","1,471.50","1,471.50","","-0.24%"
"20-06-2023","1,475.00","1,475.00","1,475.00","1,475.00","","0.00%"
"19-06-2023","1,475.00","1,475.00","1,475.00","1,475.00","","0.07%"
"16-06-2023","1,474.00","1,474.00","1,474.00","1,474.00","","0.00%"
"15-06-2023","1,474.00","1,474.00","1,474.00","1,474.00","","-0.03%"
"14-06-2023","1,474.50","1,474.50","1,474.50","1,474.50","","0.03%"
"13-06-2023","1,474.00","1,474.00","1,474.00","1,474.00","","0.07%"
"12-06-2023","1,473.00","1,473.00","1,473.00","1,473.00","","-1.04%"
"09-06-2023","1,488.50","1,488.50","1,488.50","1,488.50","","0.13%"
"08-06-2023","1,486.50","1,486.50","1,486.50","1,486.50","","-0.13%"
"07-06-2023","1,488.50","1,488.50","1,488.50","1,488.50","","-0.67%"
"06-06-2023","1,498.50","1,498.50","1,498.50","1,498.50","","-0.93%"
"05-06-2023","1,512.50","1,512.50","1,512.50","1,512.50","","1.10%"
"02-06-2023","1,496.00","1,496.00","1,496.00","1,496.00","","1.08%"
"01-06-2023","1,480.00","1,480.00","1,480.00","1,480.00","","0.00%"
"31-05-2023","1,480.00","1,480.00","1,480.00","1,480.00","","-0.10%"
"30-05-2023","1,481.50","1,481.50","1,481.50","1,481.50","","-0.27%"
"29-05-2023","1,485.50","1,485.50","1,485.50","1,485.50","","3.23%"
"26-05-2023","1,439.00","1,439.00","1,439.00","1,439.00","","-0.59%"
"25-05-2023","1,447.50","1,447.50","1,447.50","1,447.50","","0.31%"
"24-05-2023","1,443.00","1,443.00","1,443.00","1,443.00","","-1.27%"
"23-05-2023","1,461.50","1,461.50","1,461.50","1,461.50","","-1.32%"
"22-05-2023","1,481.00","1,481.00","1,481.00","1,481.00","","-2.95%"
"19-05-2023","1,526.00","1,526.00","1,526.00","1,526.00","","-0.65%"
"18-05-2023","1,536.00","1,536.00","1,536.00","1,536.00","","0.03%"
"17-05-2023","1,535.50","1,535.50","1,535.50","1,535.50","","-0.13%"
"16-05-2023","1,537.50","1,537.50","1,537.50","1,537.50","","-0.26%"
"15-05-2023","1,541.50","1,541.50","1,541.50","1,541.50","","-0.87%"
"12-05-2023","1,555.00","1,555.00","1,555.00","1,555.00","","-0.70%"
"11-05-2023","1,566.00","1,566.00","1,566.00","1,566.00","","-0.89%"
"10-05-2023","1,580.00","1,580.00","1,580.00","1,580.00","","-0.54%"
"09-05-2023","1,588.50","1,588.50","1,588.50","1,588.50","","-0.72%"
"08-05-2023","1,600.00","1,600.00","1,600.00","1,600.00","","-0.25%"
"05-05-2023","1,604.00","1,604.00","1,604.00","1,604.00","","0.53%"
"04-05-2023","1,595.50","1,595.50","1,595.50","1,595.50","","-1.08%"
"03-05-2023","1,613.00","1,613.00","1,613.00","1,613.00","","0.00%"
"02-05-2023","1,613.00","1,613.00","1,613.00","1,613.00","","4.67%"
"28-04-2023","1,541.00","1,542.00","1,543.00","1,540.50","0.41K","-0.03%"
"27-04-2023","1,541.50","1,540.00","1,547.00","1,540.00","0.13K","-0.39%"
"26-04-2023","1,547.50","1,550.00","1,552.00","1,546.50","0.13K","-0.55%"
"25-04-2023","1,556.00","1,560.00","1,562.50","1,554.00","0.30K","-0.42%"
"24-04-2023","1,562.50","1,565.50","1,570.00","1,560.00","0.05K","-0.48%"
"21-04-2023","1,570.00","1,569.00","1,579.00","1,564.00","0.39K","-0.54%"
"20-04-2023","1,578.50","1,588.00","1,599.00","1,565.00","0.26K","-0.22%"
"19-04-2023","1,582.00","1,580.50","1,584.00","1,577.50","0.25K","0.00%"
"18-04-2023","1,582.00","1,578.00","1,586.00","1,577.50","0.12K","0.19%"
"17-04-2023","1,579.00","1,581.00","1,584.00","1,572.50","0.23K","-0.06%"
"13-04-2023","1,580.00","1,588.00","1,598.00","1,575.00","0.37K","-0.63%"
"12-04-2023","1,590.00","1,604.00","1,604.00","1,586.00","0.33K","-0.75%"
"11-04-2023","1,602.00","1,618.00","1,618.00","1,590.00","0.53K","-1.26%"
"10-04-2023","1,622.50","1,627.00","1,648.00","1,616.00","0.80K","-0.61%"
"06-04-2023","1,632.50","1,612.00","1,642.00","1,602.00","1.11K","1.65%"
"05-04-2023","1,606.00","1,583.00","1,609.00","1,583.00","0.67K","1.45%"
"03-04-2023","1,583.00","1,576.00","1,585.00","1,568.50","0.41K","0.29%"
"31-03-2023","1,578.50","1,580.00","1,593.00","1,574.00","0.57K","0.10%"
"29-03-2023","1,577.00","1,550.00","1,579.00","1,545.00","0.85K","1.97%"
"28-03-2023","1,546.50","1,550.00","1,554.50","1,540.50","0.56K","0.52%"
"27-03-2023","1,538.50","1,548.00","1,550.00","1,512.00","1.17K","-0.71%"
"24-03-2023","1,549.50","1,564.00","1,566.00","1,544.00","0.80K","-1.15%"
"23-03-2023","1,567.50","1,572.00","1,579.00","1,565.00","0.43K","-0.32%"
"22-03-2023","1,572.50","1,598.00","1,598.00","1,560.00","0.71K","0.03%"
"21-03-2023","1,572.00","1,558.00","1,574.00","1,555.00","0.59K","0.61%"
"20-03-2023","1,562.50","1,580.00","1,580.00","1,546.50","0.56K","-0.35%"
"17-03-2023","1,568.00","1,567.00","1,577.00","1,557.00","0.67K","0.74%"
"16-03-2023","1,556.50","1,547.00","1,564.00","1,542.00","0.70K","0.13%"
"15-03-2023","1,554.50","1,558.00","1,572.00","1,548.00","0.55K","-0.26%"
"14-03-2023","1,558.50","1,552.00","1,567.00","1,549.00","0.79K","0.48%"
"13-03-2023","1,551.00","1,565.00","1,572.00","1,548.00","1.12K","-1.37%"
"10-03-2023","1,572.50","1,603.00","1,603.00","1,570.00","1.29K","-1.66%"
"09-03-2023","1,599.00","1,593.00","1,609.00","1,582.00","1.07K","0.16%"
"08-03-2023","1,596.50","1,599.00","1,602.00","1,592.00","0.30K","-0.44%"
"06-03-2023","1,603.50","1,612.00","1,612.00","1,600.00","0.50K","-0.74%"
"03-03-2023","1,615.50","1,610.00","1,618.00","1,605.00","0.34K","0.09%"
"02-03-2023","1,614.00","1,617.00","1,629.00","1,612.00","0.51K","0.09%"
"01-03-2023","1,612.50","1,608.00","1,616.00","1,600.00","0.48K","4.13%"
"28-02-2023","1,548.50","1,608.50","1,608.50","1,608.50","","0.06%"
"27-02-2023","1,547.50","1,547.50","1,547.50","1,547.50","","-1.15%"
"24-02-2023","1,565.50","1,565.50","1,565.50","1,565.50","","0.16%"
"23-02-2023","1,563.00","1,563.00","1,563.00","1,563.00","","-0.13%"
"22-02-2023","1,565.00","1,565.00","1,565.00","1,565.00","","0.00%"
"21-02-2023","1,565.00","1,565.00","1,565.00","1,565.00","","-0.13%"
"20-02-2023","1,567.00","1,567.00","1,567.00","1,567.00","","-0.98%"
"17-02-2023","1,582.50","1,582.50","1,582.50","1,582.50","","-0.81%"
"16-02-2023","1,595.50","1,595.50","1,595.50","1,595.50","","0.06%"
"15-02-2023","1,594.50","1,594.50","1,594.50","1,594.50","","-0.16%"
"14-02-2023","1,597.00","1,597.00","1,597.00","1,597.00","","0.44%"
"13-02-2023","1,590.00","1,590.00","1,590.00","1,590.00","","0.86%"
"10-02-2023","1,576.50","1,576.50","1,576.50","1,576.50","","-0.13%"
"09-02-2023","1,578.50","1,578.50","1,578.50","1,578.50","","-0.28%"
"08-02-2023","1,583.00","1,583.00","1,583.00","1,583.00","","0.70%"
"07-02-2023","1,572.00","1,572.00","1,572.00","1,572.00","","0.06%"
"06-02-2023","1,571.00","1,571.00","1,571.00","1,571.00","","-1.23%"
"03-02-2023","1,590.50","1,590.50","1,590.50","1,590.50","","-0.78%"
"02-02-2023","1,603.00","1,603.00","1,603.00","1,603.00","","-0.37%"
"01-02-2023","1,609.00","1,609.00","1,609.00","1,609.00","","0.19%"
"31-01-2023","1,606.00","1,606.00","1,606.00","1,606.00","","-0.68%"
"30-01-2023","1,617.00","1,617.00","1,617.00","1,617.00","","0.19%"
"27-01-2023","1,614.00","1,614.00","1,614.00","1,614.00","","0.69%"
"25-01-2023","1,603.00","1,603.00","1,603.00","1,603.00","","-0.19%"
"24-01-2023","1,606.00","1,606.00","1,606.00","1,606.00","","-0.06%"
"23-01-2023","1,607.00","1,607.00","1,607.00","1,607.00","","-1.11%"
"20-01-2023","1,625.00","1,625.00","1,625.00","1,625.00","","-1.49%"
"19-01-2023","1,649.50","1,649.50","1,649.50","1,649.50","","-0.42%"
"18-01-2023","1,656.50","1,656.50","1,656.50","1,656.50","","0.42%"
"17-01-2023","1,649.50","1,649.50","1,649.50","1,649.50","","0.83%"
"16-01-2023","1,636.00","1,636.00","1,636.00","1,636.00","","0.58%"
"13-01-2023","1,626.50","1,626.50","1,626.50","1,626.50","","-0.21%"
"12-01-2023","1,630.00","1,630.00","1,630.00","1,630.00","","0.06%"
"11-01-2023","1,629.00","1,629.00","1,629.00","1,629.00","","-0.70%"
"10-01-2023","1,640.50","1,640.50","1,640.50","1,640.50","","-1.00%"
"09-01-2023","1,657.00","1,657.00","1,657.00","1,657.00","","-1.63%"
"06-01-2023","1,684.50","1,684.50","1,684.50","1,684.50","","0.18%"
"05-01-2023","1,681.50","1,681.50","1,681.50","1,681.50","","1.94%"
"04-01-2023","1,649.50","1,649.50","1,649.50","1,649.50","","0.86%"
"03-01-2023","1,635.50","1,635.50","1,635.50","1,635.50","","0.93%"
"02-01-2023","1,620.50","1,620.50","1,620.50","1,620.50","","1.03%"
"30-12-2022","1,604.00","1,604.00","1,604.00","1,604.00","","1.87%"
"29-12-2022","1,574.50","1,574.50","1,574.50","1,574.50","","0.99%"
"28-12-2022","1,559.00","1,559.00","1,559.00","1,559.00","","1.40%"
"27-12-2022","1,537.50","1,537.50","1,537.50","1,537.50","","0.13%"
"26-12-2022","1,535.50","1,535.50","1,535.50","1,535.50","","-6.00%"
"23-12-2022","1,633.50","1,633.50","1,633.50","1,633.50","","-1.60%"
"22-12-2022","1,660.00","1,660.00","1,660.00","1,660.00","","-0.42%"
"21-12-2022","1,667.00","1,667.00","1,667.00","1,667.00","","0.51%"
"20-12-2022","1,658.50","1,658.50","1,658.50","1,658.50","","-0.06%"
"19-12-2022","1,659.50","1,659.50","1,659.50","1,659.50","","-1.69%"
"16-12-2022","1,688.00","1,688.00","1,688.00","1,688.00","","-1.52%"
"15-12-2022","1,714.00","1,714.00","1,714.00","1,714.00","","-0.06%"
"14-12-2022","1,715.00","1,715.00","1,715.00","1,715.00","","-0.35%"
"13-12-2022","1,721.00","1,721.00","1,721.00","1,721.00","","-0.46%"
"12-12-2022","1,729.00","1,729.00","1,729.00","1,729.00","","1.08%"
"09-12-2022","1,710.50","1,710.50","1,710.50","1,710.50","","-0.26%"
"08-12-2022","1,715.00","1,715.00","1,715.00","1,715.00","","0.12%"
"07-12-2022","1,713.00","1,713.00","1,713.00","1,713.00","","0.56%"
"06-12-2022","1,703.50","1,703.50","1,703.50","1,703.50","","-0.61%"
"05-12-2022","1,714.00","1,714.00","1,714.00","1,714.00","","-2.94%"
"02-12-2022","1,766.00","1,766.00","1,766.00","1,766.00","","0.60%"
"01-12-2022","1,755.50","1,755.50","1,755.50","1,755.50","","1.44%"
"30-11-2022","1,730.50","1,730.50","1,730.50","1,730.50","","0.46%"
"29-11-2022","1,722.50","1,722.50","1,722.50","1,722.50","","0.15%"
"28-11-2022","1,720.00","1,720.00","1,720.00","1,720.00","","-2.33%"
"25-11-2022","1,761.00","1,761.00","1,761.00","1,761.00","","1.59%"
"24-11-2022","1,733.50","1,733.50","1,733.50","1,733.50","","0.76%"
"23-11-2022","1,720.50","1,720.50","1,720.50","1,720.50","","0.64%"
"22-11-2022","1,709.50","1,709.50","1,709.50","1,709.50","","-0.78%"
"21-11-2022","1,723.00","1,723.00","1,723.00","1,723.00","","-3.07%"
"18-11-2022","1,777.50","1,777.50","1,777.50","1,777.50","","-0.53%"
"17-11-2022","1,787.00","1,787.00","1,787.00","1,787.00","","-0.53%"
"16-11-2022","1,796.50","1,796.50","1,796.50","1,796.50","","0.31%"
"15-11-2022","1,791.00","1,791.00","1,791.00","1,791.00","","-0.75%"
"14-11-2022","1,804.50","1,804.50","1,804.50","1,804.50","","0.70%"
"11-11-2022","1,792.00","1,792.00","1,792.00","1,792.00","","1.13%"
"10-11-2022","1,772.00","1,772.00","1,772.00","1,772.00","","1.17%"
"09-11-2022","1,751.50","1,751.50","1,751.50","1,751.50","","0.37%"
"07-11-2022","1,745.00","1,745.00","1,745.00","1,745.00","","0.29%"
"04-11-2022","1,740.00","1,740.00","1,740.00","1,740.00","","0.64%"
"03-11-2022","1,729.00","1,729.00","1,729.00","1,729.00","","0.90%"
"02-11-2022","1,713.50","1,713.50","1,713.50","1,713.50","","1.12%"
"01-11-2022","1,694.50","1,694.50","1,694.50","1,694.50","","0.44%"
"31-10-2022","1,687.00","1,687.00","1,687.00","1,687.00","","-2.91%"
"28-10-2022","1,737.50","1,737.50","1,737.50","1,737.50","","-0.03%"
"27-10-2022","1,738.00","1,738.00","1,738.00","1,738.00","","-0.03%"
"25-10-2022","1,738.50","1,738.50","1,738.50","1,738.50","","0.00%"
"24-10-2022","1,738.50","1,738.50","1,738.50","1,738.50","","-0.06%"
"21-10-2022","1,739.50","1,739.50","1,739.50","1,739.50","","-0.49%"
"20-10-2022","1,748.00","1,748.00","1,748.00","1,748.00","","-0.77%"
"19-10-2022","1,761.50","1,761.50","1,761.50","1,761.50","","1.00%"
"18-10-2022","1,744.00","1,744.00","1,744.00","1,744.00","","0.14%"
"17-10-2022","1,741.50","1,741.50","1,741.50","1,741.50","","1.52%"
"14-10-2022","1,715.50","1,715.50","1,715.50","1,715.50","","-1.58%"
"13-10-2022","1,743.00","1,743.00","1,743.00","1,743.00","","-2.46%"
"12-10-2022","1,787.00","1,787.00","1,787.00","1,787.00","","-1.38%"
"11-10-2022","1,812.00","1,812.00","1,812.00","1,812.00","","-0.93%"
"10-10-2022","1,829.00","1,829.00","1,829.00","1,829.00","","1.53%"
"07-10-2022","1,801.50","1,801.50","1,801.50","1,801.50","","1.55%"
"06-10-2022","1,774.00","1,774.00","1,774.00","1,774.00","","-0.14%"
"04-10-2022","1,776.50","1,776.50","1,776.50","1,776.50","","3.11%"
"03-10-2022","1,723.00","1,723.00","1,723.00","1,723.00","","-1.51%"
"30-09-2022","1,749.50","1,749.50","1,749.50","1,749.50","","-2.53%"
"29-09-2022","1,795.00","1,795.00","1,795.00","1,795.00","","-1.94%"
"28-09-2022","1,830.50","1,830.50","1,830.50","1,830.50","","0.44%"
"27-09-2022","1,822.50","1,822.50","1,822.50","1,822.50","","-1.41%"
"26-09-2022","1,848.50","1,848.50","1,848.50","1,848.50","","-2.43%"
"23-09-2022","1,894.50","1,894.50","1,894.50","1,894.50","","0.93%"
"22-09-2022","1,877.00","1,877.00","1,877.00","1,877.00","","-0.16%"
"21-09-2022","1,880.00","1,880.00","1,880.00","1,880.00","","-4.13%"
"20-09-2022","1,961.00","1,961.00","1,961.00","1,961.00","","-1.78%"
"19-09-2022","1,996.50","1,996.50","1,996.50","1,996.50","","-2.49%"
"16-09-2022","2,047.50","2,047.50","2,047.50","2,047.50","","-1.70%"
"15-09-2022","2,083.00","2,083.00","2,083.00","2,083.00","","0.43%"
"14-09-2022","2,074.00","2,074.00","2,074.00","2,074.00","","-3.24%"
"13-09-2022","2,143.50","2,143.50","2,143.50","2,143.50","","1.13%"
"12-09-2022","2,119.50","2,119.50","2,119.50","2,119.50","","1.02%"
"09-09-2022","2,098.00","2,098.00","2,098.00","2,098.00","","-3.83%"
"08-09-2022","2,181.50","2,181.50","2,181.50","2,181.50","","-0.77%"
"07-09-2022","2,198.50","2,198.50","2,198.50","2,198.50","","-0.25%"
"06-09-2022","2,204.00","2,204.00","2,204.00","2,204.00","","1.03%"
"05-09-2022","2,181.50","2,181.50","2,181.50","2,181.50","","-1.65%"
"02-09-2022","2,218.00","2,218.00","2,218.00","2,218.00","","-2.70%"
"01-09-2022","2,279.50","2,279.50","2,279.50","2,279.50","","0.95%"
"30-08-2022","2,258.00","2,258.00","2,258.00","2,258.00","","-1.55%"
"29-08-2022","2,293.50","2,293.50","2,293.50","2,293.50","","-0.84%"
"26-08-2022","2,313.00","2,313.00","2,313.00","2,313.00","","0.30%"
"25-08-2022","2,306.00","2,306.00","2,306.00","2,306.00","","-0.04%"
"24-08-2022","2,307.00","2,307.00","2,307.00","2,307.00","","0.98%"
"23-08-2022","2,284.50","2,284.50","2,284.50","2,284.50","","-0.44%"
"22-08-2022","2,294.50","2,294.50","2,294.50","2,294.50","","2.64%"
"19-08-2022","2,235.50","2,235.50","2,235.50","2,235.50","","0.00%"
"18-08-2022","2,235.50","2,235.50","2,235.50","2,235.50","","-0.02%"
"17-08-2022","2,236.00","2,236.00","2,236.00","2,236.00","","-0.02%"
"16-08-2022","2,236.50","2,236.50","2,236.50","2,236.50","","1.43%"
"12-08-2022","2,205.00","2,205.00","2,205.00","2,205.00","","2.49%"
"11-08-2022","2,151.50","2,151.50","2,151.50","2,151.50","","0.00%"
"10-08-2022","2,151.50","2,151.50","2,151.50","2,151.50","","0.09%"
"08-08-2022","2,149.50","2,149.50","2,149.50","2,149.50","","0.49%"
"05-08-2022","2,139.00","2,139.00","2,139.00","2,139.00","","0.23%"
"04-08-2022","2,134.00","2,134.00","2,134.00","2,134.00","","1.02%"
"03-08-2022","2,112.50","2,112.50","2,112.50","2,112.50","","0.19%"
"02-08-2022","2,108.50","2,108.50","2,108.50","2,108.50","","0.43%"
"01-08-2022","2,099.50","2,099.50","2,099.50","2,099.50","","-0.97%"
"29-07-2022","2,120.00","2,120.00","2,120.00","2,120.00","","0.59%"
"28-07-2022","2,107.50","2,107.50","2,107.50","2,107.50","","0.40%"
"27-07-2022","2,099.00","2,099.00","2,099.00","2,099.00","","1.33%"
"26-07-2022","2,071.50","2,071.50","2,071.50","2,071.50","","-1.22%"
"25-07-2022","2,097.00","2,097.00","2,097.00","2,097.00","","0.05%"
"22-07-2022","2,096.00","2,096.00","2,096.00","2,096.00","","-0.43%"
"21-07-2022","2,105.00","2,105.00","2,105.00","2,105.00","","0.65%"
"20-07-2022","2,091.50","2,091.50","2,091.50","2,091.50","","4.24%"
"19-07-2022","2,006.50","2,006.50","2,006.50","2,006.50","","6.00%"
"18-07-2022","1,893.00","1,893.00","1,893.00","1,893.00","","5.99%"
"15-07-2022","1,786.00","1,786.00","1,786.00","1,786.00","","0.00%"
"14-07-2022","1,786.00","1,786.00","1,786.00","1,786.00","","0.00%"
"13-07-2022","1,786.00","1,786.00","1,786.00","1,786.00","","0.00%"
"12-07-2022","1,786.00","1,786.00","1,786.00","1,786.00","","0.00%"
"11-07-2022","1,786.00","1,786.00","1,786.00","1,786.00","","0.00%"
"08-07-2022","1,786.00","1,786.00","1,786.00","1,786.00","","0.00%"
"07-07-2022","1,786.00","1,786.00","1,786.00","1,786.00","","0.00%"
"06-07-2022","1,786.00","1,786.00","1,786.00","1,786.00","","0.00%"
"05-07-2022","1,786.00","1,786.00","1,786.00","1,786.00","","0.00%"
"04-07-2022","1,786.00","1,786.00","1,786.00","1,786.00","","0.00%"
"01-07-2022","1,786.00","1,786.00","1,786.00","1,786.00","","0.00%"
"30-06-2022","1,786.00","1,786.00","1,786.00","1,786.00","","0.00%"
"29-06-2022","1,786.00","1,786.00","1,786.00","1,786.00","","0.00%"
"28-06-2022","1,786.00","1,786.00","1,786.00","1,786.00","","0.00%"
"27-06-2022","1,786.00","1,786.00","1,786.00","1,786.00","","0.00%"
"24-06-2022","1,786.00","1,786.00","1,786.00","1,786.00","","0.00%"
"23-06-2022","1,786.00","1,786.00","1,786.00","1,786.00","","0.00%"
"22-06-2022","1,786.00","1,786.00","1,786.00","1,786.00","","0.00%"
"21-06-2022","1,786.00","1,786.00","1,786.00","1,786.00","","0.00%"
"20-06-2022","1,786.00","1,786.00","1,786.00","1,786.00","","0.00%"
"17-06-2022","1,786.00","1,786.00","1,786.00","1,786.00","","0.00%"
"16-06-2022","1,786.00","1,786.00","1,786.00","1,786.00","","0.00%"
"15-06-2022","1,786.00","1,786.00","1,786.00","1,786.00","","0.00%"
"14-06-2022","1,786.00","1,786.00","1,786.00","1,786.00","","0.00%"
"13-06-2022","1,786.00","1,786.00","1,786.00","1,786.00","","0.00%"
"10-06-2022","1,786.00","1,786.00","1,786.00","1,786.00","","0.00%"
"09-06-2022","1,786.00","1,786.00","1,786.00","1,786.00","","0.00%"
"08-06-2022","1,786.00","1,786.00","1,786.00","1,786.00","","0.00%"
"07-06-2022","1,786.00","1,786.00","1,786.00","1,786.00","","0.00%"
"06-06-2022","1,786.00","1,786.00","1,786.00","1,786.00","","0.00%"
"03-06-2022","1,786.00","1,786.00","1,786.00","1,786.00","","0.00%"
"02-06-2022","1,786.00","1,786.00","1,786.00","1,786.00","","0.00%"
"01-06-2022","1,786.00","1,786.00","1,786.00","1,786.00","","0.00%"
"31-05-2022","1,786.00","1,786.00","1,786.00","1,786.00","","0.00%"
"30-05-2022","1,786.00","1,786.00","1,786.00","1,786.00","","0.00%"
"27-05-2022","1,786.00","1,786.00","1,786.00","1,786.00","","0.00%"
"26-05-2022","1,786.00","1,786.00","1,786.00","1,786.00","","0.00%"
"25-05-2022","1,786.00","1,786.00","1,786.00","1,786.00","","0.00%"
"24-05-2022","1,786.00","1,786.00","1,786.00","1,786.00","","0.00%"
"23-05-2022","1,786.00","1,786.00","1,786.00","1,786.00","","0.00%"
"20-05-2022","1,786.00","1,786.00","1,786.00","1,786.00","","0.00%"
"19-05-2022","1,786.00","1,786.00","1,786.00","1,786.00","","0.00%"
"18-05-2022","1,786.00","1,786.00","1,786.00","1,786.00","","0.00%"
"17-05-2022","1,786.00","1,786.00","1,786.00","1,786.00","","0.00%"
"16-05-2022","1,786.00","1,786.00","1,786.00","1,786.00","","0.00%"
"13-05-2022","1,786.00","1,786.00","1,786.00","1,786.00","","0.00%"
"12-05-2022","1,786.00","1,786.00","1,786.00","1,786.00","","0.00%"
"11-05-2022","1,786.00","1,786.00","1,786.00","1,786.00","","0.00%"
"10-05-2022","1,786.00","1,786.00","1,786.00","1,786.00","","0.00%"
"09-05-2022","1,786.00","1,786.00","1,786.00","1,786.00","","0.00%"
"06-05-2022","1,786.00","1,786.00","1,786.00","1,786.00","","0.00%"
"05-05-2022","1,786.00","1,786.00","1,786.00","1,786.00","","0.00%"
"04-05-2022","1,786.00","1,786.00","1,786.00","1,786.00","","0.00%"
"03-05-2022","1,786.00","1,786.00","1,786.00","1,786.00","","0.00%"
"02-05-2022","1,786.00","1,786.00","1,786.00","1,786.00","","-19.55%"
"29-04-2022","2,220.00","2,221.00","2,231.00","2,213.00","0.01K","0.52%"
"28-04-2022","2,208.50","2,200.00","2,210.00","2,190.00","0.03K","0.73%"
"27-04-2022","2,192.50","2,201.00","2,202.00","2,190.00","0.08K","-0.39%"
"26-04-2022","2,201.00","2,278.00","2,278.00","2,198.50","0.03K","0.48%"
"25-04-2022","2,190.50","2,205.00","2,205.00","2,175.00","0.06K","-0.27%"
"22-04-2022","2,196.50","2,188.50","2,198.00","2,180.00","0.13K","0.21%"
"21-04-2022","2,192.00","2,189.50","2,207.00","2,189.50","0.07K","-0.07%"
"20-04-2022","2,193.50","2,175.00","2,195.00","2,175.00","0.15K","0.83%"
"19-04-2022","2,175.50","2,187.00","2,200.00","2,173.00","0.34K","-0.53%"
"18-04-2022","2,187.00","2,182.00","2,198.00","2,179.00","0.41K","0.74%"
"14-04-2022","2,171.00","2,181.00","2,208.50","2,166.00","0.27K","0.46%"
"13-04-2022","2,161.00","2,195.00","2,222.00","2,152.00","0.93K","-1.44%"
"12-04-2022","2,192.50","2,155.50","2,194.00","2,151.00","0.76K","1.81%"
"11-04-2022","2,153.50","2,176.00","2,180.00","2,138.50","0.65K","-1.22%"
"08-04-2022","2,180.00","2,201.00","2,213.00","2,171.00","1.24K","-1.49%"
"07-04-2022","2,213.00","2,210.00","2,236.00","2,191.00","0.76K","-0.36%"
"06-04-2022","2,221.00","2,186.00","2,229.00","2,186.00","0.88K","1.14%"
"05-04-2022","2,196.00","2,188.00","2,217.00","2,184.00","0.93K","0.37%"
"04-04-2022","2,188.00","2,179.00","2,189.00","2,165.00","0.70K","0.78%"
"01-04-2022","2,171.00","2,180.00","2,200.00","2,167.00","1.05K","-0.48%"
"31-03-2022","2,181.50","2,190.00","2,221.00","2,177.50","1.36K","-0.77%"
"30-03-2022","2,198.50","2,178.00","2,202.50","2,161.00","1.36K","0.92%"
"29-03-2022","2,178.50","2,182.00","2,205.00","2,171.00","1.60K","0.32%"
"28-03-2022","2,171.50","2,174.00","2,242.00","2,163.00","2.63K","0.46%"
"25-03-2022","2,161.50","2,143.00","2,168.00","2,140.00","1.28K","0.84%"
"24-03-2022","2,143.50","2,139.00","2,148.00","2,120.50","0.91K","0.16%"
"23-03-2022","2,140.00","2,118.00","2,156.00","2,116.50","1.68K","1.42%"
"22-03-2022","2,110.00","2,120.00","2,125.00","2,092.00","1.47K","-0.50%"
"21-03-2022","2,120.50","2,077.00","2,122.50","2,077.00","1.28K","2.51%"
"18-03-2022","2,068.50","2,046.00","2,072.00","2,037.00","0.39K","1.15%"
"17-03-2022","2,045.00","2,015.50","2,049.50","2,015.50","1.07K","1.29%"
"16-03-2022","2,019.00","2,005.00","2,024.00","1,993.00","1.09K","0.70%"
"15-03-2022","2,005.00","2,018.00","2,020.00","1,990.00","1.06K","-0.55%"
"14-03-2022","2,016.00","2,032.50","2,038.00","2,005.00","1.36K","-0.54%"
"11-03-2022","2,027.00","1,990.00","2,033.50","1,986.00","1.79K","1.71%"
"10-03-2022","1,993.00","1,996.00","1,996.00","1,978.00","0.63K","0.18%"
"09-03-2022","1,989.50","1,965.00","1,999.00","1,961.00","1.02K","0.99%"
"08-03-2022","1,970.00","1,962.00","1,974.00","1,952.00","0.88K","0.25%"
"07-03-2022","1,965.00","1,970.00","1,979.00","1,951.50","1.16K","-0.35%"
"04-03-2022","1,972.00","1,965.00","1,974.50","1,954.00","1.02K","0.28%"
"03-03-2022","1,966.50","1,971.50","1,976.00","1,948.00","1.60K","-0.25%"
"02-03-2022","1,971.50","1,970.00","1,983.00","1,962.00","1.22K","0.10%"
"01-03-2022","1,969.50","1,969.00","1,974.00","1,951.50","0.36K","5.60%"
"28-02-2022","1,865.00","1,957.50","1,957.50","1,957.50","","-0.96%"
"25-02-2022","1,883.00","1,883.00","1,883.00","1,883.00","","0.13%"
"24-02-2022","1,880.50","1,880.50","1,880.50","1,880.50","","-0.48%"
"23-02-2022","1,889.50","1,889.50","1,889.50","1,889.50","","-0.16%"
"22-02-2022","1,892.50","1,892.50","1,892.50","1,892.50","","-1.43%"
"21-02-2022","1,920.00","1,920.00","1,920.00","1,920.00","0.00K","-4.00%"
"18-02-2022","2,000.00","2,000.00","2,000.00","2,000.00","0.00K","3.92%"
"17-02-2022","1,924.50","1,924.50","1,924.50","1,924.50","","-0.13%"
"16-02-2022","1,927.00","1,927.00","1,927.00","1,927.00","","-2.08%"
"15-02-2022","1,968.00","1,968.00","1,968.00","1,968.00","","-4.00%"
"14-02-2022","2,050.00","2,050.00","2,050.00","2,050.00","","-1.23%"
"11-02-2022","2,075.50","2,075.50","2,075.50","2,075.50","","1.24%"
"10-02-2022","2,050.00","2,100.00","2,100.00","2,000.00","0.02K","0.76%"
"09-02-2022","2,034.50","2,034.50","2,034.50","2,034.50","","0.44%"
"08-02-2022","2,025.50","2,025.50","2,025.50","2,025.50","","0.75%"
"07-02-2022","2,010.50","2,010.50","2,010.50","2,010.50","","-1.25%"
"04-02-2022","2,036.00","2,036.00","2,036.00","2,036.00","","0.57%"
"03-02-2022","2,024.50","2,024.50","2,024.50","2,024.50","","0.50%"
"02-02-2022","2,014.50","2,014.50","2,014.50","2,014.50","","-1.03%"
"01-02-2022","2,035.50","2,035.50","2,035.50","2,035.50","","0.69%"
"31-01-2022","2,021.50","2,021.50","2,021.50","2,021.50","","0.67%"
"28-01-2022","2,008.00","2,008.00","2,008.00","2,008.00","","-1.06%"
"27-01-2022","2,029.50","2,029.50","2,029.50","2,029.50","","0.42%"
"25-01-2022","2,021.00","2,021.00","2,021.00","2,021.00","","2.04%"
"24-01-2022","1,980.50","1,980.50","1,980.50","1,980.50","","-0.13%"
"21-01-2022","1,983.00","1,983.00","1,983.00","1,983.00","","-1.12%"
"20-01-2022","2,005.50","2,005.50","2,005.50","2,005.50","","-2.05%"
"19-01-2022","2,047.50","2,047.50","2,047.50","2,047.50","","0.69%"
"18-01-2022","2,033.50","2,033.50","2,033.50","2,033.50","","0.20%"
"17-01-2022","2,029.50","2,029.50","2,029.50","2,029.50","","1.22%"
"14-01-2022","2,005.00","2,005.00","2,005.00","2,005.00","","-0.25%"
"13-01-2022","2,010.00","2,010.00","2,010.00","2,010.00","","-0.79%"
"12-01-2022","2,026.00","2,026.00","2,026.00","2,026.00","","1.78%"
"11-01-2022","1,990.50","1,990.50","1,990.50","1,990.50","","0.23%"
"10-01-2022","1,986.00","1,986.00","1,986.00","1,986.00","","-1.00%"
"07-01-2022","2,006.00","2,006.00","2,006.00","2,006.00","","-0.99%"
"06-01-2022","2,026.00","2,026.00","2,026.00","2,026.00","","1.89%"
"05-01-2022","1,988.50","1,988.50","1,988.50","1,988.50","","-2.69%"
"04-01-2022","2,043.50","2,043.50","2,043.50","2,043.50","","3.29%"
"03-01-2022","1,978.50","1,978.50","1,978.50","1,978.50","","0.69%"
"31-12-2021","1,965.00","1,965.00","1,965.00","1,965.00","","0.82%"
"30-12-2021","1,949.00","1,949.00","1,949.00","1,949.00","","1.12%"
"29-12-2021","1,927.50","1,927.50","1,927.50","1,927.50","","0.52%"
"28-12-2021","1,917.50","1,917.50","1,917.50","1,917.50","","0.47%"
"27-12-2021","1,908.50","1,908.50","1,908.50","1,908.50","","0.74%"
"24-12-2021","1,894.50","1,894.50","1,894.50","1,894.50","","1.34%"
"23-12-2021","1,869.50","1,869.50","1,869.50","1,869.50","","0.67%"
"22-12-2021","1,857.00","1,857.00","1,857.00","1,857.00","","2.77%"
"21-12-2021","1,807.00","1,807.00","1,807.00","1,807.00","","0.44%"
"20-12-2021","1,799.00","1,799.00","1,799.00","1,799.00","","-1.80%"
"17-12-2021","1,832.00","1,832.00","1,832.00","1,832.00","","-1.00%"
"16-12-2021","1,850.50","1,850.50","1,850.50","1,850.50","","2.75%"
"15-12-2021","1,801.00","1,801.00","1,801.00","1,801.00","","1.75%"
"14-12-2021","1,770.00","1,770.00","1,770.00","1,770.00","","0.71%"
"13-12-2021","1,757.50","1,757.50","1,757.50","1,757.50","","0.17%"
"10-12-2021","1,754.50","1,754.50","1,754.50","1,754.50","","0.23%"
"09-12-2021","1,750.50","1,750.50","1,750.50","1,750.50","","-0.91%"
"08-12-2021","1,766.50","1,766.50","1,766.50","1,766.50","","0.23%"
"07-12-2021","1,762.50","1,762.50","1,762.50","1,762.50","","0.51%"
"06-12-2021","1,753.50","1,753.50","1,753.50","1,753.50","","1.98%"
"03-12-2021","1,719.50","1,719.50","1,719.50","1,719.50","","1.96%"
"02-12-2021","1,686.50","1,686.50","1,686.50","1,686.50","","-2.74%"
"01-12-2021","1,734.00","1,734.00","1,734.00","1,734.00","","3.89%"
"30-11-2021","1,669.00","1,669.00","1,669.00","1,669.00","0.00K","3.99%"
"29-11-2021","1,605.00","1,605.00","1,605.00","1,605.00","","3.98%"
"26-11-2021","1,543.50","1,543.50","1,543.50","1,543.50","","3.97%"
"25-11-2021","1,484.50","1,484.50","1,484.50","1,484.50","","3.99%"
"24-11-2021","1,427.50","1,427.50","1,427.50","1,427.50","","0.00%"
"23-11-2021","1,427.50","1,427.50","1,427.50","1,427.50","","0.00%"
"22-11-2021","1,427.50","1,427.50","1,427.50","1,427.50","","0.00%"
"19-11-2021","1,427.50","1,427.50","1,427.50","1,427.50","","0.00%"
"18-11-2021","1,427.50","1,427.50","1,427.50","1,427.50","","0.00%"
"17-11-2021","1,427.50","1,427.50","1,427.50","1,427.50","","0.00%"
"16-11-2021","1,427.50","1,427.50","1,427.50","1,427.50","","0.00%"
"15-11-2021","1,427.50","1,427.50","1,427.50","1,427.50","","0.00%"
"12-11-2021","1,427.50","1,427.50","1,427.50","1,427.50","","0.00%"
"11-11-2021","1,427.50","1,427.50","1,427.50","1,427.50","","0.00%"
"10-11-2021","1,427.50","1,427.50","1,427.50","1,427.50","","0.00%"
"09-11-2021","1,427.50","1,427.50","1,427.50","1,427.50","","0.00%"
"08-11-2021","1,427.50","1,427.50","1,427.50","1,427.50","","0.00%"
"05-11-2021","1,427.50","1,427.50","1,427.50","1,427.50","","0.00%"
"04-11-2021","1,427.50","1,427.50","1,427.50","1,427.50","","0.00%"
"03-11-2021","1,427.50","1,427.50","1,427.50","1,427.50","","0.00%"
"02-11-2021","1,427.50","1,427.50","1,427.50","1,427.50","","0.00%"
"01-11-2021","1,427.50","1,427.50","1,427.50","1,427.50","","0.00%"
"29-10-2021","1,427.50","1,427.50","1,427.50","1,427.50","","0.00%"
"28-10-2021","1,427.50","1,427.50","1,427.50","1,427.50","","0.00%"
"27-10-2021","1,427.50","1,427.50","1,427.50","1,427.50","","0.00%"
"26-10-2021","1,427.50","1,427.50","1,427.50","1,427.50","","0.00%"
"25-10-2021","1,427.50","1,427.50","1,427.50","1,427.50","","0.00%"
"22-10-2021","1,427.50","1,427.50","1,427.50","1,427.50","","0.00%"
"21-10-2021","1,427.50","1,427.50","1,427.50","1,427.50","","0.00%"
"20-10-2021","1,427.50","1,427.50","1,427.50","1,427.50","","0.00%"
"19-10-2021","1,427.50","1,427.50","1,427.50","1,427.50","","0.00%"
"18-10-2021","1,427.50","1,427.50","1,427.50","1,427.50","","0.00%"
"15-10-2021","1,427.50","1,427.50","1,427.50","1,427.50","","0.00%"
"14-10-2021","1,427.50","1,427.50","1,427.50","1,427.50","","0.00%"
"13-10-2021","1,427.50","1,427.50","1,427.50","1,427.50","","0.00%"
"12-10-2021","1,427.50","1,427.50","1,427.50","1,427.50","","0.00%"
"11-10-2021","1,427.50","1,427.50","1,427.50","1,427.50","","0.00%"
"08-10-2021","1,427.50","1,427.50","1,427.50","1,427.50","","0.00%"
"07-10-2021","1,427.50","1,427.50","1,427.50","1,427.50","","0.00%"
"06-10-2021","1,427.50","1,427.50","1,427.50","1,427.50","","0.00%"
"05-10-2021","1,427.50","1,427.50","1,427.50","1,427.50","","0.00%"
"04-10-2021","1,427.50","1,427.50","1,427.50","1,427.50","","0.00%"
"01-10-2021","1,427.50","1,427.50","1,427.50","1,427.50","","0.00%"
"30-09-2021","1,427.50","1,427.50","1,427.50","1,427.50","","0.00%"
"29-09-2021","1,427.50","1,427.50","1,427.50","1,427.50","","0.00%"
"28-09-2021","1,427.50","1,427.50","1,427.50","1,427.50","0.00K","-3.97%"
"27-09-2021","1,486.50","1,486.50","1,486.50","1,486.50","","4.35%"
"24-09-2021","1,424.50","1,424.50","1,424.50","1,424.50","","-0.52%"
"23-09-2021","1,432.00","1,432.00","1,432.00","1,432.00","","2.43%"
"22-09-2021","1,398.00","1,398.00","1,398.00","1,398.00","","0.00%"
"21-09-2021","1,398.00","1,398.00","1,398.00","1,398.00","","0.72%"
"20-09-2021","1,388.00","1,388.00","1,388.00","1,388.00","","0.00%"
"17-09-2021","1,388.00","1,388.00","1,388.00","1,388.00","","-0.32%"
"16-09-2021","1,392.50","1,392.50","1,392.50","1,392.50","","-1.90%"
"15-09-2021","1,419.50","1,419.50","1,419.50","1,419.50","0.00K","-3.99%"
"14-09-2021","1,478.50","1,478.50","1,478.50","1,478.50","","-3.99%"
"13-09-2021","1,540.00","1,540.00","1,540.00","1,540.00","","-0.77%"
"10-09-2021","1,552.00","1,552.00","1,552.00","1,552.00","","0.00%"
"09-09-2021","1,552.00","1,552.00","1,552.00","1,552.00","","-0.10%"
"08-09-2021","1,553.50","1,553.50","1,553.50","1,553.50","","0.39%"
"07-09-2021","1,547.50","1,547.50","1,547.50","1,547.50","","-0.13%"
"06-09-2021","1,549.50","1,549.50","1,549.50","1,549.50","","-3.13%"
"03-09-2021","1,599.50","1,599.50","1,599.50","1,599.50","0.00K","1.78%"
"02-09-2021","1,571.50","1,571.50","1,571.50","1,571.50","","-0.98%"
"01-09-2021","1,587.00","1,587.00","1,587.00","1,587.00","","0.67%"
"31-08-2021","1,576.50","1,576.50","1,576.50","1,576.50","","0.00%"
"30-08-2021","1,576.50","1,576.50","1,576.50","1,576.50","","-0.03%"
"27-08-2021","1,577.00","1,577.00","1,577.00","1,577.00","","-0.54%"
"26-08-2021","1,585.50","1,585.50","1,585.50","1,585.50","","-0.75%"
"25-08-2021","1,597.50","1,597.50","1,597.50","1,597.50","","-0.71%"
"24-08-2021","1,609.00","1,609.00","1,609.00","1,609.00","","-0.40%"
"23-08-2021","1,615.50","1,615.50","1,615.50","1,615.50","","-0.43%"
"20-08-2021","1,622.50","1,622.50","1,622.50","1,622.50","","-0.52%"
"19-08-2021","1,631.00","1,631.00","1,631.00","1,631.00","","0.00%"
"18-08-2021","1,631.00","1,631.00","1,631.00","1,631.00","","-0.28%"
"17-08-2021","1,635.50","1,635.50","1,635.50","1,635.50","","-0.06%"
"16-08-2021","1,636.50","1,636.50","1,636.50","1,636.50","","0.99%"
"13-08-2021","1,620.50","1,620.50","1,620.50","1,620.50","","0.28%"
"12-08-2021","1,616.00","1,616.00","1,616.00","1,616.00","","0.09%"
"11-08-2021","1,614.50","1,614.50","1,614.50","1,614.50","","0.34%"
"10-08-2021","1,609.00","1,609.00","1,609.00","1,609.00","","0.00%"
"09-08-2021","1,609.00","1,609.00","1,609.00","1,609.00","","-1.32%"
"06-08-2021","1,630.50","1,630.50","1,630.50","1,630.50","","-0.46%"
"05-08-2021","1,638.00","1,638.00","1,638.00","1,638.00","","0.89%"
"04-08-2021","1,623.50","1,623.50","1,623.50","1,623.50","","0.31%"
"03-08-2021","1,618.50","1,618.50","1,618.50","1,618.50","","0.47%"
"02-08-2021","1,611.00","1,611.00","1,611.00","1,611.00","","0.06%"
"30-07-2021","1,610.00","1,610.00","1,610.00","1,610.00","","0.19%"
"29-07-2021","1,607.00","1,607.00","1,607.00","1,607.00","","1.10%"
"28-07-2021","1,589.50","1,589.50","1,589.50","1,589.50","","1.24%"
"27-07-2021","1,570.00","1,570.00","1,570.00","1,570.00","","-0.29%"
"26-07-2021","1,574.50","1,574.50","1,574.50","1,574.50","","0.54%"
"23-07-2021","1,566.00","1,566.00","1,566.00","1,566.00","","0.32%"
"22-07-2021","1,561.00","1,561.00","1,561.00","1,561.00","","1.63%"
"21-07-2021","1,536.00","1,536.00","1,536.00","1,536.00","","-0.03%"
"20-07-2021","1,536.50","1,536.50","1,536.50","1,536.50","","0.26%"
"19-07-2021","1,532.50","1,532.50","1,532.50","1,532.50","","0.99%"
"16-07-2021","1,517.50","1,517.50","1,517.50","1,517.50","","0.03%"
"15-07-2021","1,517.00","1,517.00","1,517.00","1,517.00","","0.50%"
"14-07-2021","1,509.50","1,509.50","1,509.50","1,509.50","","0.00%"
"13-07-2021","1,509.50","1,509.50","1,509.50","1,509.50","","0.20%"
"12-07-2021","1,506.50","1,506.50","1,506.50","1,506.50","","0.43%"
"09-07-2021","1,500.00","1,500.00","1,500.00","1,500.00","","0.10%"
"08-07-2021","1,498.50","1,498.50","1,498.50","1,498.50","","0.33%"
"07-07-2021","1,493.50","1,493.50","1,493.50","1,493.50","","0.13%"
"06-07-2021","1,491.50","1,491.50","1,491.50","1,491.50","","-0.20%"
"05-07-2021","1,494.50","1,494.50","1,494.50","1,494.50","","15.54%"
"02-07-2021","1,293.50","1,293.50","1,293.50","1,293.50","","-12.81%"
"01-07-2021","1,483.50","1,483.50","1,483.50","1,483.50","","0.03%"
"30-06-2021","1,483.00","1,483.00","1,483.00","1,483.00","","0.54%"
"29-06-2021","1,475.00","1,475.00","1,475.00","1,475.00","","0.14%"
"28-06-2021","1,473.00","1,473.00","1,473.00","1,473.00","","0.00%"
"25-06-2021","1,473.00","1,473.00","1,473.00","1,473.00","","0.07%"
"24-06-2021","1,472.00","1,472.00","1,472.00","1,472.00","","-0.17%"
"23-06-2021","1,474.50","1,474.50","1,474.50","1,474.50","","-0.17%"
"22-06-2021","1,477.00","1,477.00","1,477.00","1,477.00","","0.14%"
"21-06-2021","1,475.00","1,475.00","1,475.00","1,475.00","","-0.27%"
"18-06-2021","1,479.00","1,479.00","1,479.00","1,479.00","","-0.14%"
"17-06-2021","1,481.00","1,481.00","1,481.00","1,481.00","","0.07%"
"16-06-2021","1,480.00","1,480.00","1,480.00","1,480.00","","0.71%"
"15-06-2021","1,469.50","1,469.50","1,469.50","1,469.50","","0.10%"
"14-06-2021","1,468.00","1,468.00","1,468.00","1,468.00","","-0.27%"
"11-06-2021","1,472.00","1,472.00","1,472.00","1,472.00","","-0.34%"
"10-06-2021","1,477.00","1,477.00","1,477.00","1,477.00","","0.00%"
"09-06-2021","1,477.00","1,477.00","1,477.00","1,477.00","","0.51%"
"08-06-2021","1,469.50","1,469.50","1,469.50","1,469.50","","0.89%"
"07-06-2021","1,456.50","1,456.50","1,456.50","1,456.50","","1.43%"
"04-06-2021","1,436.00","1,436.00","1,436.00","1,436.00","","-0.17%"
"03-06-2021","1,438.50","1,438.50","1,438.50","1,438.50","","1.02%"
"02-06-2021","1,424.00","1,424.00","1,424.00","1,424.00","","0.39%"
"01-06-2021","1,418.50","1,418.50","1,418.50","1,418.50","","1.29%"
"31-05-2021","1,400.50","1,400.50","1,400.50","1,400.50","","1.85%"
"28-05-2021","1,375.00","1,375.00","1,375.00","1,375.00","","0.66%"
"27-05-2021","1,366.00","1,366.00","1,366.00","1,366.00","","-0.07%"
"26-05-2021","1,367.00","1,367.00","1,367.00","1,367.00","","0.18%"
"25-05-2021","1,364.50","1,364.50","1,364.50","1,364.50","","-0.40%"
"24-05-2021","1,370.00","1,370.00","1,370.00","1,370.00","","0.37%"
"21-05-2021","1,365.00","1,365.00","1,365.00","1,365.00","","0.15%"
"20-05-2021","1,363.00","1,363.00","1,363.00","1,363.00","","0.22%"
"19-05-2021","1,360.00","1,360.00","1,360.00","1,360.00","","-0.04%"
"18-05-2021","1,360.50","1,360.50","1,360.50","1,360.50","","0.00%"
"17-05-2021","1,360.50","1,360.50","1,360.50","1,360.50","","-0.04%"
"14-05-2021","1,361.00","1,361.00","1,361.00","1,361.00","","-0.66%"
"13-05-2021","1,370.00","1,370.00","1,370.00","1,370.00","","0.00%"
"12-05-2021","1,370.00","1,370.00","1,370.00","1,370.00","","0.37%"
"11-05-2021","1,365.00","1,365.00","1,365.00","1,365.00","","-0.15%"
"10-05-2021","1,367.00","1,367.00","1,367.00","1,367.00","","2.82%"
"07-05-2021","1,329.50","1,329.50","1,329.50","1,329.50","","0.68%"
"06-05-2021","1,320.50","1,320.50","1,320.50","1,320.50","","0.30%"
"05-05-2021","1,316.50","1,316.50","1,316.50","1,316.50","","0.00%"
"04-05-2021","1,316.50","1,316.50","1,316.50","1,316.50","","-0.11%"
"03-05-2021","1,318.00","1,318.00","1,318.00","1,318.00","","1.00%"
"30-04-2021","1,305.00","1,310.00","1,310.00","1,300.00","0.00K","0.77%"
"29-04-2021","1,295.00","1,295.00","1,295.00","1,295.00","","-2.63%"
"28-04-2021","1,330.00","1,330.00","1,330.00","1,330.00","0.02K","0.34%"
"27-04-2021","1,325.50","1,324.50","1,326.50","1,324.50","0.05K","0.68%"
"26-04-2021","1,316.50","1,305.00","1,357.50","1,296.00","0.04K","0.88%"
"23-04-2021","1,305.00","1,307.50","1,310.00","1,297.00","0.10K","0.54%"
"22-04-2021","1,298.00","1,314.00","1,318.00","1,292.00","0.09K","-1.03%"
"21-04-2021","1,311.50","1,297.00","1,340.00","1,288.00","0.02K","-0.23%"
"20-04-2021","1,314.50","1,306.00","1,339.00","1,305.00","0.32K","0.42%"
"19-04-2021","1,309.00","1,300.00","1,324.00","1,300.00","0.07K","0.27%"
"16-04-2021","1,305.50","1,290.00","1,314.00","1,288.00","0.16K","-0.42%"
"15-04-2021","1,311.00","1,315.00","1,318.00","1,302.00","0.11K","0.31%"
"14-04-2021","1,307.00","1,305.00","1,310.50","1,300.00","0.06K","0.65%"
"13-04-2021","1,298.50","1,299.50","1,300.00","1,255.00","0.41K","-0.42%"
"12-04-2021","1,304.00","1,359.00","1,359.00","1,300.50","0.39K","-2.72%"
"09-04-2021","1,340.50","1,327.00","1,348.00","1,326.00","0.47K","1.40%"
"08-04-2021","1,322.00","1,288.50","1,329.50","1,286.00","0.80K","2.72%"
"07-04-2021","1,287.00","1,279.00","1,295.00","1,279.00","0.51K","0.43%"
"06-04-2021","1,281.50","1,271.00","1,299.50","1,266.50","0.67K","0.55%"
"05-04-2021","1,274.50","1,238.00","1,281.50","1,238.00","1.02K","3.37%"
"01-04-2021","1,233.00","1,236.50","1,243.50","1,227.00","0.85K","0.12%"
"31-03-2021","1,231.50","1,233.00","1,243.50","1,224.00","0.63K","-0.08%"
"30-03-2021","1,232.50","1,235.00","1,239.50","1,227.00","0.59K","-0.16%"
"29-03-2021","1,234.50","1,221.00","1,239.00","1,220.00","0.25K","0.94%"
"26-03-2021","1,223.00","1,197.50","1,228.00","1,193.50","1.65K","1.12%"
"25-03-2021","1,209.50","1,231.00","1,234.00","1,202.50","1.19K","-1.83%"
"24-03-2021","1,232.00","1,251.50","1,251.50","1,228.00","0.97K","-1.83%"
"23-03-2021","1,255.00","1,253.00","1,260.00","1,252.00","0.66K","-0.20%"
"22-03-2021","1,257.50","1,259.00","1,263.50","1,248.00","0.88K","-0.63%"
"19-03-2021","1,265.50","1,271.00","1,273.00","1,258.00","1.00K","-0.82%"
"18-03-2021","1,276.00","1,282.00","1,284.00","1,275.00","0.87K","-0.51%"
"17-03-2021","1,282.50","1,286.00","1,293.00","1,279.00","1.05K","-0.27%"
"16-03-2021","1,286.00","1,280.00","1,288.00","1,275.00","1.26K","0.35%"
"15-03-2021","1,281.50","1,262.00","1,288.50","1,259.50","1.69K","1.79%"
"12-03-2021","1,259.00","1,262.00","1,265.00","1,257.00","0.56K","-0.36%"
"11-03-2021","1,263.50","1,257.50","1,265.00","1,254.50","0.40K","0.88%"
"10-03-2021","1,252.50","1,252.00","1,254.00","1,245.00","0.75K","-0.40%"
"09-03-2021","1,257.50","1,267.00","1,268.00","1,252.00","0.71K","-0.71%"
"08-03-2021","1,266.50","1,263.50","1,268.00","1,263.00","0.55K","0.72%"
"05-03-2021","1,257.50","1,255.00","1,260.00","1,250.50","1.02K","-0.36%"
"04-03-2021","1,262.00","1,262.00","1,263.00","1,253.00","1.03K","-0.20%"
"03-03-2021","1,264.50","1,267.00","1,274.00","1,263.00","0.67K","-0.28%"
"02-03-2021","1,268.00","1,262.00","1,270.00","1,260.00","0.68K","0.32%"
"01-03-2021","1,264.00","1,259.00","1,269.00","1,258.00","0.96K","4.90%"
"26-02-2021","1,205.00","1,254.00","1,254.00","1,254.00","","-0.62%"
"25-02-2021","1,212.50","1,212.50","1,212.50","1,212.50","","0.87%"
"24-02-2021","1,202.00","1,202.00","1,202.00","1,202.00","","-0.46%"
"23-02-2021","1,207.50","1,207.50","1,207.50","1,207.50","","0.42%"
"22-02-2021","1,202.50","1,202.50","1,202.50","1,202.50","","0.33%"
"19-02-2021","1,198.50","1,198.50","1,198.50","1,198.50","","-0.37%"
"18-02-2021","1,203.00","1,203.00","1,203.00","1,203.00","","0.88%"
"17-02-2021","1,192.50","1,192.50","1,192.50","1,192.50","","0.68%"
"16-02-2021","1,184.50","1,184.50","1,184.50","1,184.50","","0.42%"
"15-02-2021","1,179.50","1,179.50","1,179.50","1,179.50","","0.13%"
"12-02-2021","1,178.00","1,178.00","1,178.00","1,178.00","","0.17%"
"11-02-2021","1,176.00","1,176.00","1,176.00","1,176.00","","-0.42%"
"10-02-2021","1,181.00","1,181.00","1,181.00","1,181.00","","0.25%"
"09-02-2021","1,178.00","1,178.00","1,178.00","1,178.00","","0.51%"
"08-02-2021","1,172.00","1,172.00","1,172.00","1,172.00","","1.34%"
"05-02-2021","1,156.50","1,156.50","1,156.50","1,156.50","","1.36%"
"04-02-2021","1,141.00","1,141.00","1,141.00","1,141.00","","0.71%"
"03-02-2021","1,133.00","1,133.00","1,133.00","1,133.00","","-0.09%"
"02-02-2021","1,134.00","1,134.00","1,134.00","1,134.00","","0.09%"
"01-02-2021","1,133.00","1,133.00","1,133.00","1,133.00","","0.71%"
"29-01-2021","1,125.00","1,125.00","1,125.00","1,125.00","","-0.31%"
"28-01-2021","1,128.50","1,128.50","1,128.50","1,128.50","","-0.35%"
"27-01-2021","1,132.50","1,132.50","1,132.50","1,132.50","","-0.53%"
"25-01-2021","1,138.50","1,138.50","1,138.50","1,138.50","","0.13%"
"22-01-2021","1,137.00","1,137.00","1,137.00","1,137.00","","0.31%"
"21-01-2021","1,133.50","1,133.50","1,133.50","1,133.50","","0.35%"
"20-01-2021","1,129.50","1,129.50","1,129.50","1,129.50","","0.18%"
"19-01-2021","1,127.50","1,127.50","1,127.50","1,127.50","","0.18%"
"18-01-2021","1,125.50","1,125.50","1,125.50","1,125.50","","-0.35%"
"15-01-2021","1,129.50","1,129.50","1,129.50","1,129.50","","-0.22%"
"14-01-2021","1,132.00","1,132.00","1,132.00","1,132.00","","-0.04%"
"13-01-2021","1,132.50","1,132.50","1,132.50","1,132.50","","0.09%"
"12-01-2021","1,131.50","1,131.50","1,131.50","1,131.50","","0.00%"
"11-01-2021","1,131.50","1,131.50","1,131.50","1,131.50","","-0.48%"
"08-01-2021","1,137.00","1,137.00","1,137.00","1,137.00","","-0.09%"
"07-01-2021","1,138.00","1,138.00","1,138.00","1,138.00","","-0.18%"
"06-01-2021","1,140.00","1,140.00","1,140.00","1,140.00","","0.93%"
"05-01-2021","1,129.50","1,129.50","1,129.50","1,129.50","","0.80%"
"04-01-2021","1,120.50","1,120.50","1,120.50","1,120.50","","1.82%"
"01-01-2021","1,100.50","1,100.50","1,100.50","1,100.50","","0.27%"
"31-12-2020","1,097.50","1,097.50","1,097.50","1,097.50","","0.41%"
"30-12-2020","1,093.00","1,093.00","1,093.00","1,093.00","","0.37%"
"29-12-2020","1,089.00","1,089.00","1,089.00","1,089.00","","-0.27%"
"28-12-2020","1,092.00","1,092.00","1,092.00","1,092.00","","-0.18%"
"24-12-2020","1,094.00","1,094.00","1,094.00","1,094.00","","0.00%"
"23-12-2020","1,094.00","1,094.00","1,094.00","1,094.00","","0.32%"
"22-12-2020","1,090.50","1,090.50","1,090.50","1,090.50","","-0.46%"
"21-12-2020","1,095.50","1,095.50","1,095.50","1,095.50","","-0.95%"
"18-12-2020","1,106.00","1,106.00","1,106.00","1,106.00","","0.45%"
"17-12-2020","1,101.00","1,101.00","1,101.00","1,101.00","","-0.09%"
"16-12-2020","1,102.00","1,102.00","1,102.00","1,102.00","","0.73%"
"15-12-2020","1,094.00","1,094.00","1,094.00","1,094.00","","0.23%"
"14-12-2020","1,091.50","1,091.50","1,091.50","1,091.50","","-0.14%"
"11-12-2020","1,093.00","1,093.00","1,093.00","1,093.00","","0.32%"
"10-12-2020","1,089.50","1,089.50","1,089.50","1,089.50","","1.07%"
"09-12-2020","1,078.00","1,078.00","1,078.00","1,078.00","","0.70%"
"08-12-2020","1,070.50","1,070.50","1,070.50","1,070.50","","0.00%"
"07-12-2020","1,070.50","1,070.50","1,070.50","1,070.50","","-0.46%"
"04-12-2020","1,075.50","1,075.50","1,075.50","1,075.50","","-1.24%"
"03-12-2020","1,089.00","1,089.00","1,089.00","1,089.00","","-0.41%"
"02-12-2020","1,093.50","1,093.50","1,093.50","1,093.50","","-0.82%"
"01-12-2020","1,102.50","1,102.50","1,102.50","1,102.50","","-0.99%"
"27-11-2020","1,113.50","1,113.50","1,113.50","1,113.50","","-0.76%"
"26-11-2020","1,122.00","1,122.00","1,122.00","1,122.00","","-0.22%"
"25-11-2020","1,124.50","1,124.50","1,124.50","1,124.50","","0.04%"
"24-11-2020","1,124.00","1,124.00","1,124.00","1,124.00","","-0.75%"
"23-11-2020","1,132.50","1,132.50","1,132.50","1,132.50","","2.26%"
"20-11-2020","1,107.50","1,107.50","1,107.50","1,107.50","","1.00%"
"19-11-2020","1,096.50","1,096.50","1,096.50","1,096.50","","1.06%"
"18-11-2020","1,085.00","1,085.00","1,085.00","1,085.00","","-0.05%"
"17-11-2020","1,085.50","1,085.50","1,085.50","1,085.50","","-0.05%"
"13-11-2020","1,086.00","1,086.00","1,086.00","1,086.00","","0.00%"
"12-11-2020","1,086.00","1,086.00","1,086.00","1,086.00","","0.60%"
"11-11-2020","1,079.50","1,079.50","1,079.50","1,079.50","","0.42%"
"10-11-2020","1,075.00","1,075.00","1,075.00","1,075.00","","-0.28%"
"09-11-2020","1,078.00","1,078.00","1,078.00","1,078.00","","1.41%"
"06-11-2020","1,063.00","1,063.00","1,063.00","1,063.00","","0.33%"
"05-11-2020","1,059.50","1,059.50","1,059.50","1,059.50","","0.43%"
"04-11-2020","1,055.00","1,055.00","1,055.00","1,055.00","","0.91%"
"03-11-2020","1,045.50","1,045.50","1,045.50","1,045.50","","0.19%"
"02-11-2020","1,043.50","1,043.50","1,043.50","1,043.50","","-0.90%"
"30-10-2020","1,053.00","1,053.00","1,053.00","1,053.00","","-0.19%"
"29-10-2020","1,055.00","1,055.00","1,055.00","1,055.00","","0.05%"
"28-10-2020","1,054.50","1,054.50","1,054.50","1,054.50","","0.62%"
"27-10-2020","1,048.00","1,048.00","1,048.00","1,048.00","","0.19%"
"26-10-2020","1,046.00","1,046.00","1,046.00","1,046.00","","-0.19%"
"23-10-2020","1,048.00","1,048.00","1,048.00","1,048.00","","-0.80%"
"22-10-2020","1,056.50","1,056.50","1,056.50","1,056.50","","-0.52%"
"21-10-2020","1,062.00","1,062.00","1,062.00","1,062.00","","1.00%"
"20-10-2020","1,051.50","1,051.50","1,051.50","1,051.50","","0.14%"
"19-10-2020","1,050.00","1,050.00","1,050.00","1,050.00","","2.24%"
"16-10-2020","1,027.00","1,027.00","1,027.00","1,027.00","","0.05%"
"15-10-2020","1,026.50","1,026.50","1,026.50","1,026.50","","-0.10%"
"14-10-2020","1,027.50","1,027.50","1,027.50","1,027.50","","0.69%"
"13-10-2020","1,020.50","1,020.50","1,020.50","1,020.50","","1.64%"
"12-10-2020","1,004.00","1,004.00","1,004.00","1,004.00","","2.50%"
"09-10-2020","979.50","979.50","979.50","979.50","","0.56%"
"08-10-2020","974.00","974.00","974.00","974.00","","0.26%"
"07-10-2020","971.50","971.50","971.50","971.50","","-0.26%"
"06-10-2020","974.00","974.00","974.00","974.00","","-0.36%"
"05-10-2020","977.50","977.50","977.50","977.50","","0.10%"
"01-10-2020","976.50","976.50","976.50","976.50","","0.41%"
"30-09-2020","972.50","972.50","972.50","972.50","","0.26%"
"29-09-2020","970.00","970.00","970.00","970.00","","0.73%"
"28-09-2020","963.00","963.00","963.00","963.00","","-0.98%"
"25-09-2020","972.50","972.50","972.50","972.50","","0.21%"
"24-09-2020","970.50","970.50","970.50","970.50","","0.10%"
"23-09-2020","969.50","969.50","969.50","969.50","","-0.36%"
"22-09-2020","973.00","973.00","973.00","973.00","","0.31%"
"21-09-2020","970.00","970.00","970.00","970.00","","-0.26%"
"18-09-2020","972.50","972.50","972.50","972.50","","-0.71%"
"17-09-2020","979.50","979.50","979.50","979.50","","-0.31%"
"16-09-2020","982.50","982.50","982.50","982.50","","0.10%"
"15-09-2020","981.50","981.50","981.50","981.50","","0.51%"
"14-09-2020","976.50","976.50","976.50","976.50","","0.93%"
"11-09-2020","967.50","967.50","967.50","967.50","","0.68%"
"10-09-2020","961.00","961.00","961.00","961.00","","-0.05%"
"09-09-2020","961.50","961.50","961.50","961.50","","-1.28%"
"08-09-2020","974.00","974.00","974.00","974.00","","-0.10%"
"07-09-2020","975.00","975.00","975.00","975.00","","1.04%"
"04-09-2020","965.00","965.00","965.00","965.00","","-0.52%"
"03-09-2020","970.00","970.00","970.00","970.00","","0.26%"
"02-09-2020","967.50","967.50","967.50","967.50","","-0.46%"
"01-09-2020","972.00","972.00","972.00","972.00","","-0.21%"
"31-08-2020","974.00","974.00","974.00","974.00","","0.00%"
"28-08-2020","974.00","974.00","974.00","974.00","","-0.92%"
"27-08-2020","983.00","983.00","983.00","983.00","","0.00%"
"26-08-2020","983.00","983.00","983.00","983.00","","1.55%"
"25-08-2020","968.00","968.00","968.00","968.00","","-1.02%"
"24-08-2020","978.00","978.00","978.00","978.00","","2.30%"
"21-08-2020","956.00","956.00","956.00","956.00","","0.95%"
"20-08-2020","947.00","947.00","947.00","947.00","","0.53%"
"19-08-2020","942.00","942.00","942.00","942.00","","0.59%"
"18-08-2020","936.50","936.50","936.50","936.50","","0.54%"
"17-08-2020","931.50","931.50","931.50","931.50","","2.19%"
"14-08-2020","911.50","911.50","911.50","911.50","","0.00%"
"13-08-2020","911.50","911.50","911.50","911.50","","0.00%"
"12-08-2020","911.50","911.50","911.50","911.50","","-0.05%"
"11-08-2020","912.00","912.00","912.00","912.00","","0.00%"
"10-08-2020","912.00","912.00","912.00","912.00","","0.27%"
"07-08-2020","909.50","909.50","909.50","909.50","","0.00%"
"06-08-2020","909.50","909.50","909.50","909.50","","-0.16%"
"05-08-2020","911.00","911.00","911.00","911.00","","0.55%"
"04-08-2020","906.00","906.00","906.00","906.00","","-0.38%"
"03-08-2020","909.50","909.50","909.50","909.50","","0.00%"
"31-07-2020","909.50","909.50","909.50","909.50","","0.11%"
"30-07-2020","908.50","908.50","908.50","908.50","","-0.06%"
"29-07-2020","909.00","909.00","909.00","909.00","","0.11%"
"28-07-2020","908.00","908.00","908.00","908.00","","0.55%"
"27-07-2020","903.00","903.00","903.00","903.00","","-0.77%"
"24-07-2020","910.00","910.00","910.00","910.00","","-0.66%"
"23-07-2020","916.00","916.00","916.00","916.00","","0.11%"
"22-07-2020","915.00","915.00","915.00","915.00","","0.22%"
"21-07-2020","913.00","913.00","913.00","913.00","","0.05%"
"20-07-2020","912.50","912.50","912.50","912.50","","-0.11%"
"17-07-2020","913.50","913.50","913.50","913.50","","-0.33%"
"16-07-2020","916.50","916.50","916.50","916.50","","-0.60%"
"15-07-2020","922.00","922.00","922.00","922.00","","0.27%"
"14-07-2020","919.50","919.50","919.50","919.50","","-0.38%"
"13-07-2020","923.00","923.00","923.00","923.00","","-0.16%"
"10-07-2020","924.50","924.50","924.50","924.50","","-0.22%"
"09-07-2020","926.50","926.50","926.50","926.50","","0.60%"
"08-07-2020","921.00","921.00","921.00","921.00","","0.11%"
"07-07-2020","920.00","920.00","920.00","920.00","","0.33%"
"06-07-2020","917.00","917.00","917.00","917.00","","-0.27%"
"03-07-2020","919.50","919.50","919.50","919.50","","0.11%"
"02-07-2020","918.50","918.50","918.50","918.50","","0.55%"
"01-07-2020","913.50","913.50","913.50","913.50","","0.44%"
"30-06-2020","909.50","909.50","909.50","909.50","","0.06%"
"29-06-2020","909.00","909.00","909.00","909.00","","-1.25%"
"26-06-2020","920.50","920.50","920.50","920.50","","0.22%"
"25-06-2020","918.50","918.50","918.50","918.50","","-0.76%"
"24-06-2020","925.50","925.50","925.50","925.50","","0.16%"
"23-06-2020","924.00","924.00","924.00","924.00","","-0.54%"
"22-06-2020","929.00","929.00","929.00","929.00","","-0.16%"
"19-06-2020","930.50","930.50","930.50","930.50","","0.11%"
"18-06-2020","929.50","929.50","929.50","929.50","","0.32%"
"17-06-2020","926.50","926.50","926.50","926.50","","0.49%"
"16-06-2020","922.00","922.00","922.00","922.00","","0.11%"
"15-06-2020","921.00","921.00","921.00","921.00","","-1.39%"
"12-06-2020","934.00","934.00","934.00","934.00","","-0.37%"
"11-06-2020","937.50","937.50","937.50","937.50","","0.16%"
"10-06-2020","936.00","936.00","936.00","936.00","","-0.37%"
"09-06-2020","939.50","939.50","939.50","939.50","","-0.21%"
"08-06-2020","941.50","941.50","941.50","941.50","","2.00%"
"05-06-2020","923.00","923.00","923.00","923.00","","0.60%"
"04-06-2020","917.50","917.50","917.50","917.50","","0.55%"
"03-06-2020","912.50","912.50","912.50","912.50","","0.16%"
"02-06-2020","911.00","911.00","911.00","911.00","","0.44%"
"01-06-2020","907.00","907.00","907.00","907.00","","-0.06%"
"29-05-2020","907.50","907.50","907.50","907.50","","-0.60%"
"28-05-2020","913.00","913.00","913.00","913.00","","-0.22%"
"27-05-2020","915.00","915.00","915.00","915.00","","0.11%"
"26-05-2020","914.00","914.00","914.00","914.00","","-2.56%"
"22-05-2020","938.00","938.00","938.00","938.00","","-0.16%"
"21-05-2020","939.50","939.50","939.50","939.50","","0.21%"
"20-05-2020","937.50","937.50","937.50","937.50","","-0.27%"
"19-05-2020","940.00","940.00","940.00","940.00","","-0.11%"
"18-05-2020","941.00","941.00","941.00","941.00","","0.43%"
"15-05-2020","937.00","937.00","937.00","937.00","","0.21%"
"14-05-2020","935.00","935.00","935.00","935.00","","0.16%"
"13-05-2020","933.50","933.50","933.50","933.50","","0.00%"
"12-05-2020","933.50","933.50","933.50","933.50","","-0.21%"
"11-05-2020","935.50","935.50","935.50","935.50","","1.03%"
"08-05-2020","926.00","926.00","926.00","926.00","","0.27%"
"07-05-2020","923.50","923.50","923.50","923.50","","-2.48%"
"06-05-2020","947.00","947.00","947.00","947.00","","0.37%"
"05-05-2020","943.50","943.50","943.50","943.50","","-1.41%"
"04-05-2020","957.00","957.00","957.00","957.00","","-0.31%"
"30-04-2020","960.00","961.50","961.50","955.00","0.02K","-1.94%"
"29-04-2020","979.00","948.00","980.00","948.00","0.05K","0.20%"
"28-04-2020","977.00","980.00","982.00","977.00","0.08K","-0.31%"
"27-04-2020","980.00","965.50","990.00","965.50","0.04K","-0.86%"
"24-04-2020","988.50","982.00","990.00","981.00","0.17K","-0.60%"
"23-04-2020","994.50","980.00","995.00","980.00","0.44K","2.10%"
"22-04-2020","974.00","958.00","976.00","950.00","0.17K","1.51%"
"21-04-2020","959.50","942.00","970.00","935.00","0.23K","0.95%"
"20-04-2020","950.50","962.00","962.00","947.00","0.36K","-1.40%"
"17-04-2020","964.00","964.50","993.00","958.50","0.59K","-0.05%"
"16-04-2020","964.50","952.00","969.50","952.00","0.32K","1.96%"
"15-04-2020","946.00","967.00","968.00","942.50","0.34K","-2.62%"
"13-04-2020","971.50","972.00","978.00","970.00","0.26K","0.31%"
"09-04-2020","968.50","974.50","976.00","966.00","0.25K","-0.10%"
"08-04-2020","969.50","960.00","974.00","957.00","0.38K","1.36%"
"07-04-2020","956.50","945.00","958.00","943.00","0.37K","2.03%"
"03-04-2020","937.50","938.00","943.50","930.00","0.27K","0.16%"
"01-04-2020","936.00","940.00","943.00","935.00","0.16K","-1.11%"
"31-03-2020","946.50","945.00","951.00","941.00","0.19K","0.11%"
"30-03-2020","945.50","945.00","952.50","933.00","0.46K","-0.11%"
"27-03-2020","946.50","954.00","959.00","944.00","0.45K","-0.32%"
"26-03-2020","949.50","960.00","978.50","932.00","0.93K","-0.63%"
"25-03-2020","955.50","940.00","971.50","939.00","0.82K","2.25%"
"24-03-2020","934.50","930.00","956.50","918.50","1.63K","0.59%"
"23-03-2020","929.00","959.00","960.00","929.00","0.82K","-3.98%"
"20-03-2020","967.50","970.00","980.00","963.00","1.35K","0.05%"
"19-03-2020","967.00","972.50","985.00","965.00","1.72K","-1.43%"
"18-03-2020","981.00","984.00","987.00","975.00","1.38K","-0.05%"
"17-03-2020","981.50","988.00","992.00","977.50","0.97K","-0.05%"
"16-03-2020","982.00","990.00","993.00","977.00","1.19K","-1.31%"
"13-03-2020","995.00","985.00","1,005.50","962.00","2.38K","0.71%"
"12-03-2020","988.00","1,004.00","1,006.00","983.00","1.74K","-2.47%"
"11-03-2020","1,013.00","1,019.00","1,023.50","1,009.00","1.22K","0.00%"
"09-03-2020","1,013.00","1,025.00","1,028.00","1,001.50","2.30K","-2.88%"
"06-03-2020","1,043.00","1,054.00","1,056.00","1,035.00","1.84K","-1.32%"
"05-03-2020","1,057.00","1,020.00","1,061.00","1,019.00","2.95K","3.58%"
"04-03-2020","1,020.50","1,017.00","1,024.50","1,012.50","1.94K","0.49%"
"03-03-2020","1,015.50","1,009.00","1,019.50","1,005.00","2.01K","1.60%"
"02-03-2020","999.50","1,012.00","1,016.00","992.00","2.24K","0.50%"
"28-02-2020","994.50","992.00","1,009.00","970.00","3.72K","-0.30%"
"27-02-2020","997.50","1,015.00","1,015.00","997.50","2.06K","-1.92%"
"26-02-2020","1,017.00","1,030.50","1,031.00","1,015.00","1.75K","-1.41%"
"25-02-2020","1,031.50","1,028.50","1,039.00","1,028.00","1.15K","0.49%"
"24-02-2020","1,026.50","1,041.00","1,041.50","1,025.00","1.94K","-2.05%"
"20-02-2020","1,048.00","1,035.00","1,048.00","1,031.00","1.93K","1.26%"
"19-02-2020","1,035.00","1,043.00","1,046.50","1,033.50","1.25K","-0.62%"
"18-02-2020","1,041.50","1,043.00","1,049.50","1,039.00","1.31K","-0.29%"
"17-02-2020","1,044.50","1,048.50","1,057.00","1,041.00","1.33K","-0.62%"
"14-02-2020","1,051.00","1,050.00","1,054.50","1,048.00","1.24K","-0.24%"
"13-02-2020","1,053.50","1,052.50","1,065.00","1,050.00","1.39K","-0.94%"
"12-02-2020","1,063.50","1,055.50","1,064.00","1,053.50","1.65K","0.61%"
"11-02-2020","1,057.00","1,055.00","1,059.00","1,052.50","0.75K","0.28%"
"10-02-2020","1,054.00","1,058.00","1,060.50","1,047.00","2.06K","-0.47%"
"07-02-2020","1,059.00","1,072.00","1,074.50","1,056.00","1.32K","-1.30%"
"06-02-2020","1,073.00","1,072.50","1,077.50","1,069.00","1.19K","0.28%"
"05-02-2020","1,070.00","1,072.00","1,077.50","1,068.00","1.00K","0.19%"
"04-02-2020","1,068.00","1,063.00","1,072.00","1,062.50","1.54K","0.38%"
"03-02-2020","1,064.00","1,065.00","1,071.50","1,060.00","2.61K","-0.75%"
"01-02-2020","1,072.00","1,070.00","1,079.00","1,069.00","1.13K","-0.09%"
"31-01-2020","1,073.00","1,086.00","1,088.00","1,070.50","2.16K","-1.20%"
"30-01-2020","1,086.00","1,092.00","1,092.00","1,084.00","1.32K","-0.82%"
"29-01-2020","1,095.00","1,091.00","1,098.50","1,089.00","1.79K","0.60%"
"28-01-2020","1,088.50","1,086.00","1,094.50","1,080.50","1.28K","0.46%"
"27-01-2020","1,083.50","1,090.00","1,094.50","1,078.00","2.27K","-0.96%"
"24-01-2020","1,094.00","1,106.50","1,109.50","1,092.50","2.08K","-1.17%"
"23-01-2020","1,107.00","1,119.50","1,120.00","1,103.00","1.59K","-1.29%"
"22-01-2020","1,121.50","1,102.00","1,123.00","1,099.50","2.38K","1.40%"
"21-01-2020","1,106.00","1,125.00","1,126.00","1,103.00","2.24K","-1.91%"
"20-01-2020","1,127.50","1,138.00","1,138.00","1,123.50","1.58K","-1.01%"
"17-01-2020","1,139.00","1,123.00","1,139.00","1,121.50","1.77K","1.42%"
"16-01-2020","1,123.00","1,124.00","1,128.00","1,117.00","1.86K","-0.27%"
"15-01-2020","1,126.00","1,133.00","1,137.00","1,124.00","1.38K","-0.79%"
"14-01-2020","1,135.00","1,135.50","1,139.50","1,132.00","0.88K","-0.18%"
"13-01-2020","1,137.00","1,148.00","1,151.00","1,135.50","1.44K","-0.61%"
"10-01-2020","1,144.00","1,136.00","1,150.00","1,136.00","2.69K","0.66%"
"09-01-2020","1,136.50","1,132.00","1,137.00","1,132.00","1.03K","0.26%"
"08-01-2020","1,133.50","1,126.00","1,135.50","1,123.50","1.62K","0.44%"
"07-01-2020","1,128.50","1,124.00","1,134.00","1,124.00","1.40K","0.18%"
"06-01-2020","1,126.50","1,123.00","1,126.50","1,115.50","1.17K","0.76%"
"03-01-2020","1,118.00","1,136.50","1,139.00","1,118.00","2.21K","-1.54%"
"02-01-2020","1,135.50","1,128.00","1,139.00","1,126.50","2.49K","0.89%"
"01-01-2020","1,125.50","1,118.00","1,126.50","1,112.00","1.45K","0.94%"
"31-12-2019","1,115.00","1,137.50","1,138.00","1,112.50","2.33K","-2.02%"
"30-12-2019","1,138.00","1,135.00","1,142.00","1,135.00","1.69K","0.62%"
"27-12-2019","1,131.00","1,134.50","1,139.00","1,127.50","2.17K","-0.53%"
"26-12-2019","1,137.00","1,116.00","1,137.00","1,113.00","2.22K","1.84%"
"24-12-2019","1,116.50","1,122.00","1,125.50","1,114.00","1.71K","-0.58%"
"23-12-2019","1,123.00","1,114.50","1,126.00","1,114.50","2.51K","1.03%"
"20-12-2019","1,111.50","1,109.00","1,114.00","1,104.00","1.88K","0.32%"
"19-12-2019","1,108.00","1,092.50","1,109.00","1,091.50","1.84K","1.42%"
"18-12-2019","1,092.50","1,098.50","1,100.00","1,091.00","1.23K","-0.73%"
"17-12-2019","1,100.50","1,102.00","1,103.00","1,097.00","1.01K","-0.27%"
"16-12-2019","1,103.50","1,093.00","1,105.00","1,091.00","1.37K","0.78%"
"13-12-2019","1,095.00","1,096.00","1,097.50","1,091.50","1.48K","-0.18%"
"12-12-2019","1,097.00","1,080.00","1,097.50","1,079.50","1.29K","1.53%"
"11-12-2019","1,080.50","1,084.00","1,085.50","1,078.00","0.80K","-0.46%"
"10-12-2019","1,085.50","1,088.00","1,093.50","1,083.00","1.32K","-0.23%"
"09-12-2019","1,088.00","1,085.00","1,093.00","1,084.50","1.44K","0.32%"
"06-12-2019","1,084.50","1,070.00","1,085.00","1,069.00","1.86K","1.36%"
"05-12-2019","1,070.00","1,068.00","1,073.00","1,065.00","0.87K","0.19%"
"04-12-2019","1,068.00","1,067.00","1,069.00","1,061.50","0.86K","0.14%"
"03-12-2019","1,066.50","1,071.00","1,072.50","1,065.00","0.59K","-0.47%"
"02-12-2019","1,071.50","1,071.00","1,077.00","1,069.50","0.49K","0.09%"
"29-11-2019","1,070.50","1,070.00","1,074.00","1,066.00","0.73K","0.00%"
"28-11-2019","1,070.50","1,078.00","1,079.00","1,068.50","1.20K","-0.70%"
"27-11-2019","1,078.00","1,080.00","1,081.50","1,075.00","0.61K","-0.37%"
"26-11-2019","1,082.00","1,075.00","1,083.50","1,074.00","1.39K","0.74%"
"25-11-2019","1,074.00","1,070.00","1,074.50","1,067.00","0.67K","0.56%"
"22-11-2019","1,068.00","1,061.00","1,070.00","1,061.00","0.65K","0.28%"
"21-11-2019","1,065.00","1,069.00","1,070.00","1,063.00","1.00K","-0.61%"
"20-11-2019","1,071.50","1,064.00","1,077.00","1,063.50","1.03K","0.66%"
"19-11-2019","1,064.50","1,065.00","1,068.50","1,063.50","0.48K","-0.05%"
"18-11-2019","1,065.00","1,070.00","1,071.00","1,063.00","1.11K","-0.51%"
"15-11-2019","1,070.50","1,075.00","1,077.00","1,067.50","1.26K","-0.42%"
"14-11-2019","1,075.00","1,068.50","1,077.00","1,065.00","1.70K","0.51%"
"13-11-2019","1,069.50","1,060.50","1,071.00","1,060.50","1.73K","0.61%"
"11-11-2019","1,063.00","1,065.00","1,070.50","1,057.50","2.71K","-0.19%"
"08-11-2019","1,065.00","1,086.50","1,086.50","1,065.00","1.88K","-1.98%"
"07-11-2019","1,086.50","1,088.00","1,091.00","1,085.00","1.00K","-0.46%"
"06-11-2019","1,091.50","1,093.50","1,093.50","1,083.50","1.85K","-0.23%"
"05-11-2019","1,094.00","1,104.00","1,106.00","1,088.50","2.06K","-1.00%"
"04-11-2019","1,105.00","1,093.00","1,113.00","1,093.00","2.04K","1.38%"
"01-11-2019","1,090.00","1,087.50","1,093.00","1,086.00","0.86K","0.14%"
"31-10-2019","1,088.50","1,086.00","1,095.00","1,086.00","1.00K","0.32%"
"30-10-2019","1,085.00","1,085.50","1,087.00","1,081.00","0.50K","-0.05%"
"29-10-2019","1,085.50","1,083.00","1,087.00","1,077.00","0.92K","0.51%"
"27-10-2019","1,080.00","1,084.00","1,085.00","1,080.00","0.23K","-0.37%"
"25-10-2019","1,084.00","1,091.50","1,092.00","1,084.00","0.89K","-0.64%"
"24-10-2019","1,091.00","1,084.00","1,091.00","1,080.50","0.99K","0.79%"
"23-10-2019","1,082.50","1,082.00","1,087.00","1,080.00","0.80K","-0.18%"
"22-10-2019","1,084.50","1,095.00","1,095.00","1,077.50","2.04K","-1.32%"
"18-10-2019","1,099.00","1,090.00","1,103.00","1,089.00","1.36K","1.20%"
"17-10-2019","1,086.00","1,079.00","1,091.00","1,079.00","1.93K","0.51%"
"16-10-2019","1,080.50","1,077.50","1,080.50","1,072.00","1.06K","0.32%"
"15-10-2019","1,077.00","1,067.00","1,081.00","1,067.00","1.42K","0.84%"
"14-10-2019","1,068.00","1,080.00","1,082.00","1,067.50","1.60K","-0.65%"
"11-10-2019","1,075.00","1,061.00","1,075.00","1,060.00","1.08K","1.32%"
"10-10-2019","1,061.00","1,062.50","1,064.50","1,061.00","0.44K","-0.14%"
"09-10-2019","1,062.50","1,060.50","1,064.00","1,056.00","1.07K","-0.19%"
"07-10-2019","1,064.50","1,070.00","1,072.50","1,062.50","0.78K","-0.51%"
"04-10-2019","1,070.00","1,074.00","1,074.00","1,068.00","0.81K","-0.42%"
"03-10-2019","1,074.50","1,068.00","1,075.50","1,064.00","1.44K","0.61%"
"01-10-2019","1,068.00","1,084.00","1,084.00","1,066.00","1.46K","-0.97%"
"30-09-2019","1,078.50","1,080.00","1,096.00","1,076.00","3.07K","0.09%"
"27-09-2019","1,077.50","1,063.50","1,084.00","1,063.50","1.69K","1.32%"
"26-09-2019","1,063.50","1,062.50","1,070.00","1,062.00","0.91K","0.05%"
"25-09-2019","1,063.00","1,061.00","1,065.00","1,056.00","0.95K","0.09%"
"24-09-2019","1,062.00","1,067.50","1,067.50","1,059.00","0.91K","-0.52%"
"23-09-2019","1,067.50","1,072.50","1,074.00","1,064.50","1.05K","-0.84%"
"20-09-2019","1,076.50","1,072.00","1,077.00","1,069.50","1.28K","0.37%"
"19-09-2019","1,072.50","1,066.00","1,073.00","1,065.00","0.69K","0.52%"
"18-09-2019","1,067.00","1,064.00","1,067.00","1,063.00","0.36K","0.28%"
"17-09-2019","1,064.00","1,070.00","1,072.00","1,063.00","1.11K","-0.84%"
"16-09-2019","1,073.00","1,062.50","1,074.00","1,062.50","1.24K","0.66%"
"13-09-2019","1,066.00","1,068.00","1,072.00","1,062.50","0.92K","-0.19%"
"12-09-2019","1,068.00","1,062.50","1,069.50","1,059.00","1.60K","0.71%"
"11-09-2019","1,060.50","1,061.00","1,064.00","1,058.00","0.56K","0.09%"
"09-09-2019","1,059.50","1,061.00","1,062.00","1,054.50","0.81K","0.19%"
"06-09-2019","1,057.50","1,067.50","1,068.00","1,056.00","1.10K","-0.66%"
"05-09-2019","1,064.50","1,066.00","1,067.50","1,060.00","0.85K","-0.05%"
"04-09-2019","1,065.00","1,070.00","1,070.00","1,058.00","1.45K","-0.19%"
"03-09-2019","1,067.00","1,077.00","1,080.00","1,065.00","1.32K","-1.20%"
"30-08-2019","1,080.00","1,075.50","1,080.00","1,073.50","0.44K","0.56%"
"29-08-2019","1,074.00","1,080.00","1,080.00","1,071.00","0.77K","-0.37%"
"28-08-2019","1,078.00","1,078.50","1,083.50","1,075.50","0.80K","-0.09%"
"27-08-2019","1,079.00","1,074.00","1,082.00","1,073.00","0.61K","0.37%"
"26-08-2019","1,075.00","1,070.00","1,089.00","1,067.50","0.97K","0.19%"
"23-08-2019","1,073.00","1,077.00","1,077.00","1,071.00","0.86K","-0.28%"
"22-08-2019","1,076.00","1,076.00","1,080.00","1,074.00","1.25K","0.09%"
"21-08-2019","1,075.00","1,076.50","1,079.00","1,072.50","0.92K","-0.37%"
"20-08-2019","1,079.00","1,080.00","1,082.00","1,075.00","1.14K","-0.28%"
"19-08-2019","1,082.00","1,086.00","1,088.00","1,077.50","1.12K","-0.55%"
"16-08-2019","1,088.00","1,090.00","1,093.00","1,086.50","0.49K","0.00%"
"14-08-2019","1,088.00","1,080.00","1,091.50","1,079.00","1.20K","0.55%"
"13-08-2019","1,082.00","1,090.00","1,090.00","1,075.00","1.88K","-0.82%"
"09-08-2019","1,091.00","1,093.00","1,094.00","1,085.00","1.06K","-0.41%"
"08-08-2019","1,095.50","1,096.00","1,098.50","1,090.00","0.93K","0.23%"
"07-08-2019","1,093.00","1,098.00","1,103.00","1,089.00","1.58K","-0.50%"
"06-08-2019","1,098.50","1,090.00","1,099.00","1,087.50","1.08K","0.69%"
"05-08-2019","1,091.00","1,086.00","1,092.00","1,075.00","1.84K","0.09%"
"02-08-2019","1,090.00","1,095.00","1,096.00","1,090.00","1.04K","-0.77%"
"01-08-2019","1,098.50","1,105.00","1,108.00","1,098.00","0.80K","-0.68%"
"31-07-2019","1,106.00","1,101.00","1,109.50","1,101.00","0.61K","0.41%"
"30-07-2019","1,101.50","1,122.00","1,125.00","1,097.50","2.79K","-1.91%"
"29-07-2019","1,123.00","1,128.00","1,133.50","1,122.50","1.11K","-0.80%"
"26-07-2019","1,132.00","1,137.00","1,138.00","1,128.00","0.83K","-0.44%"
"25-07-2019","1,137.00","1,137.50","1,138.00","1,137.00","1.21K","-6.73%"
"30-04-2019","1,219.00","1,212.00","1,219.50","1,212.00","2.16K","0.29%"
"26-04-2019","1,215.50","1,213.00","1,217.50","1,213.00","0.17K","0.08%"
"25-04-2019","1,214.50","1,213.00","1,217.00","1,211.00","0.16K","-0.21%"
"24-04-2019","1,217.00","1,218.00","1,222.00","1,212.00","0.20K","0.00%"
"23-04-2019","1,217.00","1,212.50","1,220.00","1,212.00","0.20K","0.04%"
"22-04-2019","1,216.50","1,204.00","1,218.00","1,201.00","1.97K","1.08%"
"18-04-2019","1,203.50","1,212.50","1,217.00","1,197.00","0.99K","-1.07%"
"16-04-2019","1,216.50","1,217.00","1,218.00","1,204.00","1.30K","0.16%"
"15-04-2019","1,214.50","1,217.00","1,224.00","1,211.00","2.29K","-0.16%"
"12-04-2019","1,216.50","1,202.00","1,218.00","1,201.00","2.18K","0.95%"
"11-04-2019","1,205.00","1,209.00","1,211.00","1,198.00","3.44K","-0.12%"
"10-04-2019","1,206.50","1,209.50","1,216.50","1,205.00","2.31K","-0.21%"
"09-04-2019","1,209.00","1,222.00","1,224.50","1,206.00","2.28K","-0.82%"
"08-04-2019","1,219.00","1,224.00","1,231.00","1,212.50","3.35K","-0.45%"
"05-04-2019","1,224.50","1,218.00","1,232.00","1,216.00","5.11K","0.70%"
"04-04-2019","1,216.00","1,189.00","1,218.00","1,189.00","4.20K","2.18%"
"03-04-2019","1,190.00","1,183.00","1,195.00","1,182.00","2.90K","0.76%"
"02-04-2019","1,181.00","1,178.00","1,185.50","1,175.50","2.78K","-0.13%"
"01-04-2019","1,182.50","1,178.50","1,183.50","1,174.50","2.89K","0.94%"
"29-03-2019","1,171.50","1,167.00","1,174.00","1,158.00","3.03K","0.30%"
"28-03-2019","1,168.00","1,166.00","1,180.00","1,165.00","2.81K","-0.26%"
"27-03-2019","1,171.00","1,174.50","1,177.00","1,168.00","1.90K","-0.26%"
"26-03-2019","1,174.00","1,180.00","1,187.00","1,172.00","4.73K","-0.30%"
"25-03-2019","1,177.50","1,184.00","1,186.00","1,173.00","3.77K","0.08%"
"22-03-2019","1,176.50","1,180.00","1,184.00","1,175.00","3.95K","0.51%"
"20-03-2019","1,170.50","1,158.00","1,175.00","1,155.00","4.44K","1.04%"
"19-03-2019","1,158.50","1,172.00","1,176.00","1,156.50","6.06K","-1.53%"
"18-03-2019","1,176.50","1,160.00","1,189.50","1,160.00","8.43K","2.35%"
"15-03-2019","1,149.50","1,149.00","1,150.00","1,137.00","2.12K","0.66%"
"14-03-2019","1,142.00","1,150.00","1,151.00","1,140.50","3.00K","-0.74%"
"13-03-2019","1,150.50","1,141.50","1,152.50","1,139.50","3.61K","0.97%"
"12-03-2019","1,139.50","1,140.00","1,144.00","1,130.50","3.56K","-0.26%"
"11-03-2019","1,142.50","1,125.00","1,144.00","1,125.00","4.12K","1.78%"
"08-03-2019","1,122.50","1,120.00","1,125.00","1,119.00","1.58K","0.09%"
"07-03-2019","1,121.50","1,125.50","1,129.50","1,120.00","2.51K","-0.36%"
"06-03-2019","1,125.50","1,123.50","1,128.00","1,122.50","1.84K","0.40%"
"05-03-2019","1,121.00","1,121.50","1,124.50","1,118.00","2.12K","0.49%"
"01-03-2019","1,115.50","1,100.00","1,118.00","1,093.00","3.00K","0.63%"
"28-02-2019","1,108.50","1,113.00","1,114.00","1,106.50","0.96K","-0.23%"
"27-02-2019","1,111.00","1,111.00","1,114.00","1,106.00","1.46K","0.00%"
"26-02-2019","1,111.00","1,110.50","1,115.00","1,108.00","2.07K","-0.40%"
"25-02-2019","1,115.50","1,116.00","1,118.50","1,110.00","2.43K","0.09%"
"22-02-2019","1,114.50","1,123.50","1,131.00","1,113.00","3.84K","-0.49%"
"21-02-2019","1,120.00","1,113.00","1,122.00","1,111.50","2.17K","0.49%"
"20-02-2019","1,114.50","1,112.00","1,120.00","1,110.00","1.79K","0.18%"
"19-02-2019","1,112.50","1,117.00","1,122.00","1,111.00","2.59K","-0.40%"
"18-02-2019","1,117.00","1,130.50","1,131.00","1,113.50","2.71K","-1.24%"
"15-02-2019","1,131.00","1,138.00","1,138.50","1,128.00","1.88K","-0.44%"
"14-02-2019","1,136.00","1,134.00","1,138.00","1,131.00","1.47K","0.13%"
"13-02-2019","1,134.50","1,127.00","1,135.00","1,125.50","2.19K","0.44%"
"12-02-2019","1,129.50","1,134.00","1,134.00","1,128.00","2.26K","-0.79%"
"11-02-2019","1,138.50","1,136.00","1,142.00","1,135.00","1.91K","0.44%"
"08-02-2019","1,133.50","1,130.00","1,134.50","1,126.00","1.42K","0.00%"
"07-02-2019","1,133.50","1,128.00","1,134.00","1,124.00","1.80K","0.40%"
"06-02-2019","1,129.00","1,132.50","1,135.00","1,120.00","3.05K","-0.22%"
"05-02-2019","1,131.50","1,128.00","1,136.00","1,127.00","2.39K","0.13%"
"04-02-2019","1,130.00","1,139.00","1,139.00","1,128.00","2.36K","-1.05%"
"01-02-2019","1,142.00","1,146.00","1,149.00","1,137.00","2.08K","-0.52%"
"31-01-2019","1,148.00","1,151.00","1,151.00","1,142.50","1.56K","-0.13%"
"30-01-2019","1,149.50","1,150.00","1,153.50","1,145.50","1.97K","-0.13%"
"29-01-2019","1,151.00","1,140.50","1,152.50","1,138.50","2.53K","0.92%"
"28-01-2019","1,140.50","1,139.00","1,143.00","1,136.00","2.11K","0.48%"
"25-01-2019","1,135.00","1,137.50","1,140.00","1,131.00","2.60K","-0.22%"
"24-01-2019","1,137.50","1,136.00","1,141.50","1,132.50","2.18K","0.13%"
"23-01-2019","1,136.00","1,148.00","1,148.50","1,133.00","3.10K","-1.05%"
"22-01-2019","1,148.00","1,154.00","1,155.50","1,145.00","2.81K","-0.48%"
"21-01-2019","1,153.50","1,152.00","1,154.50","1,148.00","1.93K","0.57%"
"18-01-2019","1,147.00","1,151.00","1,156.00","1,146.00","3.55K","-0.13%"
"17-01-2019","1,148.50","1,149.00","1,156.00","1,146.50","4.65K","0.04%"
"16-01-2019","1,148.00","1,133.50","1,149.00","1,133.00","2.59K","1.23%"
"15-01-2019","1,134.00","1,136.50","1,138.50","1,131.50","1.76K","-0.22%"
"14-01-2019","1,136.50","1,127.00","1,138.00","1,124.00","2.38K","0.62%"
"11-01-2019","1,129.50","1,129.00","1,133.00","1,123.00","3.42K","0.00%"
"10-01-2019","1,129.50","1,141.50","1,147.00","1,126.50","3.21K","-0.88%"
"09-01-2019","1,139.50","1,139.00","1,143.00","1,129.00","3.28K","-0.13%"
"08-01-2019","1,141.00","1,143.00","1,146.50","1,138.00","2.80K","-0.35%"
"07-01-2019","1,145.00","1,155.00","1,159.50","1,143.50","3.49K","-0.74%"
"04-01-2019","1,153.50","1,151.00","1,159.00","1,151.00","2.61K","0.13%"
"03-01-2019","1,152.00","1,146.50","1,157.50","1,142.00","4.28K","0.35%"
"02-01-2019","1,148.00","1,154.00","1,158.50","1,146.00","2.85K","-0.65%"
"01-01-2019","1,155.50","1,154.00","1,164.00","1,152.50","2.15K","0.04%"
"31-12-2018","1,155.00","1,148.00","1,163.00","1,148.00","4.04K","0.79%"
"28-12-2018","1,146.00","1,133.00","1,150.00","1,132.00","3.29K","0.88%"
"27-12-2018","1,136.00","1,154.00","1,158.00","1,132.00","4.14K","-1.17%"
"26-12-2018","1,149.50","1,137.00","1,154.00","1,132.00","5.03K","0.74%"
"24-12-2018","1,141.00","1,145.00","1,149.50","1,127.00","5.04K","-0.22%"
"21-12-2018","1,143.50","1,160.50","1,164.50","1,142.00","4.92K","-1.72%"
"20-12-2018","1,163.50","1,179.00","1,179.00","1,161.00","3.33K","-1.44%"
"19-12-2018","1,180.50","1,178.00","1,184.50","1,176.00","2.55K","-0.08%"
"18-12-2018","1,181.50","1,189.50","1,189.50","1,180.00","2.63K","-0.84%"
"17-12-2018","1,191.50","1,193.00","1,197.50","1,190.00","2.45K","-0.29%"
"14-12-2018","1,195.00","1,186.00","1,196.50","1,185.00","2.10K","0.63%"
"13-12-2018","1,187.50","1,196.50","1,198.00","1,186.00","2.77K","-0.84%"
"12-12-2018","1,197.50","1,199.00","1,201.50","1,196.00","1.65K","-0.42%"
"11-12-2018","1,202.50","1,204.50","1,205.50","1,193.00","3.07K","0.00%"
"10-12-2018","1,202.50","1,188.00","1,205.00","1,187.00","3.90K","1.52%"
"07-12-2018","1,184.50","1,175.50","1,186.00","1,175.00","2.17K","0.68%"
"06-12-2018","1,176.50","1,183.00","1,184.00","1,175.00","2.49K","-0.55%"
"05-12-2018","1,183.00","1,180.00","1,185.00","1,175.50","2.46K","0.38%"
"04-12-2018","1,178.50","1,180.00","1,181.50","1,172.00","3.15K","-0.34%"
"03-12-2018","1,182.50","1,175.00","1,188.00","1,175.00","4.83K","1.68%"
"30-11-2018","1,163.00","1,177.00","1,178.00","1,161.50","2.78K","-1.19%"
"29-11-2018","1,177.00","1,186.00","1,186.50","1,172.00","2.83K","-0.72%"
"28-11-2018","1,185.50","1,185.50","1,189.50","1,179.00","3.04K","0.08%"
"27-11-2018","1,184.50","1,175.00","1,185.00","1,172.00","2.94K","0.94%"
"26-11-2018","1,173.50","1,181.00","1,181.00","1,168.00","4.99K","-1.51%"
"22-11-2018","1,191.50","1,191.00","1,192.00","1,185.00","2.28K","0.04%"
"21-11-2018","1,191.00","1,179.00","1,192.50","1,178.00","4.11K","0.97%"
"20-11-2018","1,179.50","1,184.00","1,190.50","1,176.00","5.42K","-0.72%"
"19-11-2018","1,188.00","1,212.00","1,212.00","1,182.00","6.68K","-1.94%"
"16-11-2018","1,211.50","1,224.00","1,228.00","1,205.00","5.68K","-1.18%"
"15-11-2018","1,226.00","1,219.00","1,227.00","1,215.00","5.81K","0.62%"
"14-11-2018","1,218.50","1,213.50","1,220.00","1,204.50","4.85K","0.58%"
"13-11-2018","1,211.50","1,213.00","1,218.00","1,209.00","3.35K","-0.25%"
"12-11-2018","1,214.50","1,202.00","1,222.50","1,202.00","6.67K","0.87%"
"09-11-2018","1,204.00","1,201.00","1,216.00","1,200.00","5.74K","0.42%"
"07-11-2018","1,199.00","1,194.00","1,200.50","1,194.00","1.30K","0.42%"
"06-11-2018","1,194.00","1,189.00","1,204.00","1,187.00","4.96K","0.13%"
"05-11-2018","1,192.50","1,185.00","1,193.50","1,181.00","2.62K","0.63%"
"02-11-2018","1,185.00","1,183.50","1,192.00","1,181.00","2.94K","-0.08%"
"01-11-2018","1,186.00","1,175.00","1,188.00","1,170.00","3.42K","0.89%"
"31-10-2018","1,175.50","1,178.50","1,182.00","1,174.50","2.20K","-0.17%"
"30-10-2018","1,177.50","1,176.00","1,181.00","1,174.50","1.89K","0.04%"
"29-10-2018","1,177.00","1,190.00","1,191.00","1,176.00","2.12K","-0.88%"
"26-10-2018","1,187.50","1,190.50","1,195.00","1,183.00","2.39K","0.08%"
"25-10-2018","1,186.50","1,187.50","1,190.00","1,182.00","2.59K","-0.59%"
"24-10-2018","1,193.50","1,193.00","1,201.00","1,189.50","4.03K","-0.04%"
"23-10-2018","1,194.00","1,200.00","1,206.50","1,191.00","4.11K","-0.33%"
"22-10-2018","1,198.00","1,184.00","1,199.50","1,184.00","3.88K","1.18%"
"19-10-2018","1,184.00","1,180.00","1,192.00","1,179.00","3.32K","0.42%"
"17-10-2018","1,179.00","1,188.00","1,189.00","1,178.00","2.79K","-0.84%"
"16-10-2018","1,189.00","1,190.00","1,193.00","1,183.00","2.59K","-0.17%"
"15-10-2018","1,191.00","1,187.00","1,198.00","1,187.00","3.17K","0.08%"
"12-10-2018","1,190.00","1,166.00","1,191.00","1,164.50","4.96K","2.15%"
"11-10-2018","1,165.00","1,162.00","1,165.50","1,160.50","1.37K","0.13%"
"10-10-2018","1,163.50","1,166.00","1,169.00","1,162.00","2.22K","-0.21%"
"09-10-2018","1,166.00","1,164.00","1,171.50","1,163.50","2.29K","0.43%"
"08-10-2018","1,161.00","1,160.00","1,165.00","1,156.50","2.19K","0.13%"
"05-10-2018","1,159.50","1,150.00","1,160.50","1,149.00","2.27K","0.78%"
"04-10-2018","1,150.50","1,150.00","1,155.00","1,146.50","1.73K","0.04%"
"03-10-2018","1,150.00","1,138.00","1,151.50","1,137.00","2.29K","1.01%"
"01-10-2018","1,138.50","1,130.00","1,139.00","1,125.00","1.40K","0.31%"
"28-09-2018","1,135.00","1,141.00","1,142.50","1,133.00","1.71K","-0.48%"
"27-09-2018","1,140.50","1,153.00","1,153.50","1,139.00","2.09K","-1.21%"
"26-09-2018","1,154.50","1,155.00","1,159.00","1,152.00","0.87K","-0.22%"
"25-09-2018","1,157.00","1,150.50","1,158.00","1,149.50","1.52K","0.48%"
"24-09-2018","1,151.50","1,162.00","1,165.50","1,149.00","1.66K","-0.90%"
"21-09-2018","1,162.00","1,153.00","1,164.00","1,151.00","1.26K","0.56%"
"19-09-2018","1,155.50","1,145.00","1,157.00","1,144.00","1.80K","0.57%"
"18-09-2018","1,149.00","1,149.00","1,158.00","1,145.00","2.35K","-0.04%"
"17-09-2018","1,149.50","1,150.00","1,151.50","1,144.50","1.32K","-0.22%"
"14-09-2018","1,152.00","1,153.00","1,156.00","1,150.00","1.00K","-0.65%"
"12-09-2018","1,159.50","1,162.00","1,164.00","1,157.00","0.84K","-0.13%"
"11-09-2018","1,161.00","1,166.00","1,172.00","1,160.00","1.80K","-0.60%"
"10-09-2018","1,168.00","1,158.50","1,169.00","1,156.50","1.65K","0.82%"
"07-09-2018","1,158.50","1,153.00","1,159.00","1,151.50","1.37K","0.35%"
"06-09-2018","1,154.50","1,153.00","1,160.50","1,151.00","1.41K","0.09%"
"05-09-2018","1,153.50","1,152.00","1,155.00","1,148.00","1.62K","0.44%"
"04-09-2018","1,148.50","1,144.50","1,164.00","1,141.00","2.87K","0.39%"
"03-09-2018","1,144.00","1,141.00","1,144.50","1,134.00","1.45K","0.22%"
"31-08-2018","1,141.50","1,145.00","1,146.00","1,137.00","1.16K","-0.26%"
"30-08-2018","1,144.50","1,140.50","1,145.00","1,136.00","1.16K","0.35%"
"29-08-2018","1,140.50","1,145.00","1,149.00","1,139.00","1.98K","-0.31%"
"28-08-2018","1,144.00","1,135.00","1,145.00","1,133.50","2.05K","0.70%"
"27-08-2018","1,136.00","1,150.50","1,150.50","1,128.00","2.08K","-1.26%"
"24-08-2018","1,150.50","1,146.00","1,158.00","1,138.50","2.35K","0.57%"
"23-08-2018","1,144.00","1,146.00","1,151.00","1,140.00","1.72K","-0.87%"
"21-08-2018","1,154.00","1,164.00","1,165.50","1,149.00","1.63K","-0.77%"
"20-08-2018","1,163.00","1,160.50","1,166.00","1,154.00","2.33K","0.65%"
"17-08-2018","1,155.50","1,170.50","1,172.00","1,153.00","2.20K","-1.53%"
"16-08-2018","1,173.50","1,176.00","1,179.50","1,168.00","2.57K","-0.84%"
"14-08-2018","1,183.50","1,192.00","1,196.00","1,173.00","3.40K","-0.75%"
"13-08-2018","1,192.50","1,207.00","1,208.50","1,188.00","2.68K","-1.61%"
"10-08-2018","1,212.00","1,197.00","1,216.00","1,196.50","3.36K","1.38%"
"09-08-2018","1,195.50","1,192.00","1,198.50","1,190.00","1.24K","0.17%"
"08-08-2018","1,193.50","1,198.00","1,204.00","1,192.00","1.82K","-0.38%"
"07-08-2018","1,198.00","1,185.00","1,201.50","1,185.00","1.90K","0.76%"
"06-08-2018","1,189.00","1,186.00","1,198.00","1,182.50","2.35K","-0.50%"
"03-08-2018","1,195.00","1,210.00","1,214.00","1,191.00","2.92K","-1.16%"
"02-08-2018","1,209.00","1,200.00","1,211.00","1,199.00","2.90K","0.25%"
"01-08-2018","1,206.00","1,198.00","1,210.00","1,192.50","2.60K","0.42%"
"31-07-2018","1,201.00","1,207.50","1,211.50","1,198.00","3.81K","-0.46%"
"30-07-2018","1,206.50","1,184.00","1,208.00","1,184.00","3.09K","1.86%"
"27-07-2018","1,184.50","1,176.00","1,185.00","1,175.00","1.44K","0.81%"
"26-07-2018","1,175.00","1,178.00","1,179.50","1,173.00","0.78K","-0.09%"
"25-07-2018","1,176.00","1,174.00","1,179.00","1,170.00","1.07K","0.47%"
"24-07-2018","1,170.50","1,166.00","1,174.00","1,163.00","1.56K","0.21%"
"23-07-2018","1,168.00","1,161.00","1,171.00","1,158.00","1.48K","0.17%"
"20-07-2018","1,166.00","1,169.50","1,177.00","1,160.00","1.28K","-0.81%"
"19-07-2018","1,175.50","1,181.00","1,183.00","1,171.00","1.29K","-0.42%"
"18-07-2018","1,180.50","1,174.00","1,186.00","1,172.00","1.79K","0.51%"
"17-07-2018","1,174.50","1,155.50","1,177.00","1,155.00","1.67K","1.29%"
"16-07-2018","1,159.50","1,168.00","1,171.00","1,157.50","1.58K","-0.77%"
"13-07-2018","1,168.50","1,163.00","1,172.00","1,160.00","3.80K","1.13%"
"12-07-2018","1,155.50","1,150.50","1,159.50","1,146.00","1.83K","0.39%"
"11-07-2018","1,151.00","1,150.00","1,154.00","1,142.50","1.60K","-0.17%"
"10-07-2018","1,153.00","1,167.00","1,167.50","1,146.00","2.16K","-1.20%"
"09-07-2018","1,167.00","1,170.00","1,173.00","1,163.50","1.60K","0.21%"
"06-07-2018","1,164.50","1,160.50","1,166.00","1,154.50","2.19K","0.34%"
"05-07-2018","1,160.50","1,152.50","1,172.00","1,148.00","2.08K","0.65%"
"04-07-2018","1,153.00","1,144.00","1,159.50","1,142.50","1.87K","0.70%"
"03-07-2018","1,145.00","1,150.00","1,152.00","1,140.00","1.27K","-0.65%"
"02-07-2018","1,152.50","1,157.00","1,162.50","1,148.00","1.28K","-0.26%"
"29-06-2018","1,155.50","1,148.00","1,156.50","1,143.00","0.78K","0.65%"
"28-06-2018","1,148.00","1,155.00","1,162.00","1,143.00","0.96K","-0.95%"
"27-06-2018","1,159.00","1,157.00","1,162.00","1,149.00","1.24K","0.17%"
"26-06-2018","1,157.00","1,143.00","1,158.50","1,138.00","1.73K","0.83%"
"25-06-2018","1,147.50","1,155.00","1,155.00","1,136.00","1.27K","0.13%"
"22-06-2018","1,146.00","1,147.00","1,154.00","1,140.00","0.92K","-0.61%"
"21-06-2018","1,153.00","1,160.00","1,164.50","1,145.50","1.08K","-0.60%"
"20-06-2018","1,160.00","1,146.00","1,163.00","1,146.00","1.72K","1.27%"
"19-06-2018","1,145.50","1,162.00","1,166.00","1,144.00","1.24K","-1.12%"
"18-06-2018","1,158.50","1,165.00","1,170.00","1,153.00","1.22K","-1.11%"
"15-06-2018","1,171.50","1,190.00","1,194.50","1,168.50","0.84K","21.34%"
"12-12-2017","965.50","965.50","965.50","965.50","","-0.77%"
"11-12-2017","973.00","973.00","973.00","973.00","","2.05%"
"08-12-2017","953.50","953.50","953.50","953.50","","0.10%"
"07-12-2017","952.50","952.50","952.50","952.50","","-0.26%"
"06-12-2017","955.00","955.00","955.00","955.00","","-0.21%"
"05-12-2017","957.00","957.00","957.00","957.00","","-0.31%"
"04-12-2017","960.00","960.00","960.00","960.00","","1.59%"
"01-12-2017","945.00","945.00","945.00","945.00","","1.07%"
"30-11-2017","935.00","935.00","935.00","935.00","","0.65%"
"29-11-2017","929.00","929.00","929.00","929.00","","0.49%"
"28-11-2017","924.50","924.50","924.50","924.50","","-0.05%"
"27-11-2017","925.00","925.00","925.00","925.00","","-1.33%"
"24-11-2017","937.50","937.50","937.50","937.50","","0.00%"
"23-11-2017","937.50","937.50","937.50","937.50","","0.11%"
"22-11-2017","936.50","936.50","936.50","936.50","","0.27%"
"21-11-2017","934.00","934.00","934.00","934.00","","-0.05%"
"20-11-2017","934.50","934.50","934.50","934.50","","0.86%"
"17-11-2017","926.50","926.50","926.50","926.50","","0.43%"
"16-11-2017","922.50","922.50","922.50","922.50","","-0.27%"
"15-11-2017","925.00","925.00","925.00","925.00","","0.05%"
"14-11-2017","924.50","924.50","924.50","924.50","","0.82%"
"13-11-2017","917.00","917.00","917.00","917.00","","-0.38%"
"10-11-2017","920.50","920.50","920.50","920.50","","1.04%"
"09-11-2017","911.00","911.00","911.00","911.00","","0.16%"
"08-11-2017","909.50","909.50","909.50","909.50","","-1.09%"
"07-11-2017","919.50","919.50","919.50","919.50","","-1.02%"
"06-11-2017","929.00","929.00","929.00","929.00","","-0.38%"
"03-11-2017","932.50","932.50","932.50","932.50","","-0.21%"
"02-11-2017","934.50","934.50","934.50","934.50","","0.59%"
"01-11-2017","929.00","929.00","929.00","929.00","","1.64%"
"31-10-2017","914.00","914.00","914.00","914.00","","-0.44%"
"30-10-2017","918.00","918.00","918.00","918.00","","-2.86%"
"27-10-2017","945.00","945.00","945.00","945.00","","-0.63%"
"26-10-2017","951.00","951.00","951.00","951.00","","-0.99%"
"25-10-2017","960.50","960.50","960.50","960.50","","1.37%"
"24-10-2017","947.50","947.50","947.50","947.50","","-0.05%"
"23-10-2017","948.00","948.00","948.00","948.00","","-0.05%"
"19-10-2017","948.50","948.50","948.50","948.50","","0.00%"
"18-10-2017","948.50","948.50","948.50","948.50","","-0.05%"
"17-10-2017","949.00","949.00","949.00","949.00","","-1.09%"
"16-10-2017","959.50","959.50","959.50","959.50","","-2.19%"
"13-10-2017","981.00","981.00","981.00","981.00","","-1.75%"
"12-10-2017","998.50","998.50","998.50","998.50","","0.10%"
"11-10-2017","997.50","997.50","997.50","997.50","","0.20%"
"10-10-2017","995.50","995.50","995.50","995.50","","0.76%"
"09-10-2017","988.00","988.00","988.00","988.00","","1.91%"
"06-10-2017","969.50","969.50","969.50","969.50","","0.21%"
"05-10-2017","967.50","967.50","967.50","967.50","","-0.21%"
"04-10-2017","969.50","969.50","969.50","969.50","","1.57%"
"03-10-2017","954.50","954.50","954.50","954.50","","-3.39%"
"29-09-2017","988.00","988.00","988.00","988.00","","0.41%"
"28-09-2017","984.00","984.00","984.00","984.00","","-0.40%"
"27-09-2017","988.00","988.00","988.00","988.00","","-0.55%"
"26-09-2017","993.50","993.50","993.50","993.50","","0.51%"
"25-09-2017","988.50","988.50","988.50","988.50","","-1.64%"
"22-09-2017","1,005.00","1,005.00","1,005.00","1,005.00","","-1.37%"
"21-09-2017","1,019.00","1,019.00","1,019.00","1,019.00","","0.15%"
"20-09-2017","1,017.50","1,017.50","1,017.50","1,017.50","","-0.34%"
"19-09-2017","1,021.00","1,021.00","1,021.00","1,021.00","","-0.34%"
"18-09-2017","1,024.50","1,024.50","1,024.50","1,024.50","","-1.11%"
"15-09-2017","1,036.00","1,036.00","1,036.00","1,036.00","","-0.05%"
"14-09-2017","1,036.50","1,036.50","1,036.50","1,036.50","","-0.29%"
"13-09-2017","1,039.50","1,039.50","1,039.50","1,039.50","","-0.10%"
"12-09-2017","1,040.50","1,040.50","1,040.50","1,040.50","","-0.95%"
"11-09-2017","1,050.50","1,050.50","1,050.50","1,050.50","","-0.24%"
"08-09-2017","1,053.00","1,053.00","1,053.00","1,053.00","","0.29%"
"07-09-2017","1,050.00","1,050.00","1,050.00","1,050.00","","-1.04%"
"06-09-2017","1,061.00","1,061.00","1,061.00","1,061.00","","0.52%"
"05-09-2017","1,055.50","1,055.50","1,055.50","1,055.50","","-0.47%"
"04-09-2017","1,060.50","1,060.50","1,060.50","1,060.50","","-0.28%"
"01-09-2017","1,063.50","1,063.50","1,063.50","1,063.50","","-0.65%"
"31-08-2017","1,070.50","1,070.50","1,070.50","1,070.50","","-1.29%"
"30-08-2017","1,084.50","1,084.50","1,084.50","1,084.50","","0.00%"
"29-08-2017","1,084.50","1,084.50","1,084.50","1,084.50","","-0.05%"
"28-08-2017","1,085.00","1,085.00","1,085.00","1,085.00","","-0.05%"
"24-08-2017","1,085.50","1,085.50","1,085.50","1,085.50","","0.00%"
"23-08-2017","1,085.50","1,085.50","1,085.50","1,085.50","","-0.05%"
"22-08-2017","1,086.00","1,086.00","1,086.00","1,086.00","","0.00%"
"21-08-2017","1,086.00","1,086.00","1,086.00","1,086.00","","-0.05%"
"18-08-2017","1,086.50","1,086.50","1,086.50","1,086.50","","1.88%"
"17-08-2017","1,066.50","1,066.50","1,066.50","1,066.50","","0.00%"
"16-08-2017","1,066.50","1,066.50","1,066.50","1,066.50","","-0.05%"
"14-08-2017","1,067.00","1,067.00","1,067.00","1,067.00","","-0.05%"
"11-08-2017","1,067.50","1,067.50","1,067.50","1,067.50","","-0.74%"
"10-08-2017","1,075.50","1,075.50","1,075.50","1,075.50","","0.23%"
"09-08-2017","1,073.00","1,073.00","1,073.00","1,073.00","","0.19%"
"08-08-2017","1,071.00","1,071.00","1,071.00","1,071.00","","0.05%"
"07-08-2017","1,070.50","1,070.50","1,070.50","1,070.50","","-0.05%"
"04-08-2017","1,071.00","1,071.00","1,071.00","1,071.00","","0.09%"
"03-08-2017","1,070.00","1,070.00","1,070.00","1,070.00","","-0.42%"
"02-08-2017","1,074.50","1,074.50","1,074.50","1,074.50","","0.37%"
"01-08-2017","1,070.50","1,070.50","1,070.50","1,070.50","","-0.09%"
"31-07-2017","1,071.50","1,071.50","1,071.50","1,071.50","","-0.70%"
"28-07-2017","1,079.00","1,079.00","1,079.00","1,079.00","","-0.69%"
"27-07-2017","1,086.50","1,086.50","1,086.50","1,086.50","","0.37%"
"26-07-2017","1,082.50","1,082.50","1,082.50","1,082.50","","0.19%"
"25-07-2017","1,080.50","1,080.50","1,080.50","1,080.50","","0.23%"
"24-07-2017","1,078.00","1,078.00","1,078.00","1,078.00","","-0.05%"
"21-07-2017","1,078.50","1,078.50","1,078.50","1,078.50","","0.14%"
"20-07-2017","1,077.00","1,077.00","1,077.00","1,077.00","","-0.42%"
"19-07-2017","1,081.50","1,081.50","1,081.50","1,081.50","","-0.60%"
"18-07-2017","1,088.00","1,088.00","1,088.00","1,088.00","","0.14%"
"17-07-2017","1,086.50","1,086.50","1,086.50","1,086.50","","-0.23%"
"14-07-2017","1,089.00","1,089.00","1,089.00","1,089.00","","0.00%"
"13-07-2017","1,089.00","1,089.00","1,089.00","1,089.00","","-0.05%"
"12-07-2017","1,089.50","1,089.50","1,089.50","1,089.50","","0.00%"
"11-07-2017","1,089.50","1,089.50","1,089.50","1,089.50","","0.00%"
"10-07-2017","1,089.50","1,089.50","1,089.50","1,089.50","","-0.05%"
"07-07-2017","1,090.00","1,090.00","1,090.00","1,090.00","","-0.05%"
"06-07-2017","1,090.50","1,090.50","1,090.50","1,090.50","","0.00%"
"05-07-2017","1,090.50","1,090.50","1,090.50","1,090.50","","-0.05%"
"04-07-2017","1,091.00","1,091.00","1,091.00","1,091.00","","0.00%"
"03-07-2017","1,091.00","1,091.00","1,091.00","1,091.00","","-0.05%"
"30-06-2017","1,091.50","1,091.50","1,091.50","1,091.50","","-0.05%"
"29-06-2017","1,092.00","1,092.00","1,092.00","1,092.00","","0.09%"
"28-06-2017","1,091.00","1,091.00","1,091.00","1,091.00","","0.28%"
"27-06-2017","1,088.00","1,088.00","1,088.00","1,088.00","","-0.68%"
"23-06-2017","1,095.50","1,095.50","1,095.50","1,095.50","","0.18%"
"22-06-2017","1,093.50","1,093.50","1,093.50","1,093.50","","-0.50%"
"21-06-2017","1,099.00","1,099.00","1,099.00","1,099.00","","-0.59%"
"20-06-2017","1,105.50","1,105.50","1,105.50","1,105.50","","-0.09%"
"19-06-2017","1,106.50","1,106.50","1,106.50","1,106.50","","-0.27%"
"16-06-2017","1,109.50","1,109.50","1,109.50","1,109.50","","-0.40%"
"15-06-2017","1,114.00","1,114.00","1,114.00","1,114.00","","0.22%"
"14-06-2017","1,111.50","1,111.50","1,111.50","1,111.50","","0.86%"
"13-06-2017","1,102.00","1,102.00","1,102.00","1,102.00","","-0.59%"
"12-06-2017","1,108.50","1,108.50","1,108.50","1,108.50","","1.42%"
"09-06-2017","1,093.00","1,093.00","1,093.00","1,093.00","","0.46%"
"08-06-2017","1,088.00","1,088.00","1,088.00","1,088.00","","0.05%"
"07-06-2017","1,087.50","1,087.50","1,087.50","1,087.50","","0.18%"
"06-06-2017","1,085.50","1,085.50","1,085.50","1,085.50","","-0.14%"
"05-06-2017","1,087.00","1,087.00","1,087.00","1,087.00","","-1.45%"
"02-06-2017","1,103.00","1,103.00","1,103.00","1,103.00","","-0.68%"
"01-06-2017","1,110.50","1,110.50","1,110.50","1,110.50","","-0.13%"
"31-05-2017","1,112.00","1,112.00","1,112.00","1,112.00","","-0.09%"
"30-05-2017","1,113.00","1,113.00","1,113.00","1,113.00","","-0.13%"
"29-05-2017","1,114.50","1,114.50","1,114.50","1,114.50","","0.32%"
"26-05-2017","1,111.00","1,111.00","1,111.00","1,111.00","","-0.09%"
"25-05-2017","1,112.00","1,112.00","1,112.00","1,112.00","","-0.63%"
"24-05-2017","1,119.00","1,119.00","1,119.00","1,119.00","","-0.58%"
"23-05-2017","1,125.50","1,125.50","1,125.50","1,125.50","","-0.53%"
"22-05-2017","1,131.50","1,131.50","1,131.50","1,131.50","","-0.66%"
"19-05-2017","1,139.00","1,139.00","1,139.00","1,139.00","","-0.09%"
"18-05-2017","1,140.00","1,140.00","1,140.00","1,140.00","","-0.18%"
"17-05-2017","1,142.00","1,142.00","1,142.00","1,142.00","","-0.09%"
"16-05-2017","1,143.00","1,143.00","1,143.00","1,143.00","","-0.09%"
"15-05-2017","1,144.00","1,144.00","1,144.00","1,144.00","","1.46%"
"12-05-2017","1,127.50","1,127.50","1,127.50","1,127.50","","0.36%"
"11-05-2017","1,123.50","1,123.50","1,123.50","1,123.50","","0.09%"
"10-05-2017","1,122.50","1,122.50","1,122.50","1,122.50","","-0.36%"
"09-05-2017","1,126.50","1,126.50","1,126.50","1,126.50","","-0.35%"
"08-05-2017","1,130.50","1,130.50","1,130.50","1,130.50","","0.53%"
"05-05-2017","1,124.50","1,124.50","1,124.50","1,124.50","","2.98%"
"04-05-2017","1,092.00","1,092.00","1,092.00","1,092.00","","2.97%"
"03-05-2017","1,060.50","1,060.50","1,060.50","1,060.50","","2.96%"
"02-05-2017","1,030.00","1,030.00","1,030.00","1,030.00","","-7.12%"
"28-04-2017","1,109.00","1,109.00","1,109.00","1,109.00","","0.05%"
"27-04-2017","1,108.50","1,108.50","1,108.50","1,108.50","","-0.18%"
"26-04-2017","1,110.50","1,110.50","1,110.50","1,110.50","","-0.31%"
"25-04-2017","1,114.00","1,114.00","1,114.00","1,114.00","","-0.45%"
"24-04-2017","1,119.00","1,119.00","1,119.00","1,119.00","","-1.10%"
"21-04-2017","1,131.50","1,131.50","1,131.50","1,131.50","","0.67%"
"20-04-2017","1,124.00","1,124.00","1,124.00","1,124.00","","0.76%"
"19-04-2017","1,115.50","1,115.50","1,115.50","1,115.50","","-0.67%"
"18-04-2017","1,123.00","1,123.00","1,123.00","1,123.00","","-0.04%"
"17-04-2017","1,123.50","1,123.50","1,123.50","1,123.50","","-0.53%"
"13-04-2017","1,129.50","1,129.50","1,129.50","1,129.50","","-0.62%"
"12-04-2017","1,136.50","1,136.50","1,136.50","1,136.50","","-0.44%"
"11-04-2017","1,141.50","1,141.50","1,141.50","1,141.50","","0.57%"
"10-04-2017","1,135.00","1,135.00","1,135.00","1,135.00","","-1.18%"
"07-04-2017","1,148.50","1,148.50","1,148.50","1,148.50","","-0.22%"
"06-04-2017","1,151.00","1,151.00","1,151.00","1,151.00","","0.04%"
"05-04-2017","1,150.50","1,150.50","1,150.50","1,150.50","","-0.69%"
"04-04-2017","1,158.50","1,158.50","1,158.50","1,158.50","","-0.04%"
"03-04-2017","1,159.00","1,159.00","1,159.00","1,159.00","","1.49%"
"31-03-2017","1,142.00","1,142.00","1,142.00","1,142.00","","-0.04%"
"30-03-2017","1,142.50","1,142.50","1,142.50","1,142.50","","-0.26%"
"29-03-2017","1,145.50","1,145.50","1,145.50","1,145.50","","0.48%"
"28-03-2017","1,140.00","1,140.00","1,140.00","1,140.00","","-0.48%"
"27-03-2017","1,145.50","1,145.50","1,145.50","1,145.50","","-0.82%"
"24-03-2017","1,155.00","1,155.00","1,155.00","1,155.00","","0.09%"
"23-03-2017","1,154.00","1,154.00","1,154.00","1,154.00","","0.87%"
"22-03-2017","1,144.00","1,144.00","1,144.00","1,144.00","","-0.61%"
"21-03-2017","1,151.00","1,151.00","1,151.00","1,151.00","","-0.43%"
"20-03-2017","1,156.00","1,156.00","1,156.00","1,156.00","","0.87%"
"17-03-2017","1,146.00","1,146.00","1,146.00","1,146.00","","-0.30%"
"16-03-2017","1,149.50","1,149.50","1,149.50","1,149.50","","1.05%"
"15-03-2017","1,137.50","1,137.50","1,137.50","1,137.50","","-0.26%"
"14-03-2017","1,140.50","1,140.50","1,140.50","1,140.50","","0.22%"
"10-03-2017","1,138.00","1,138.00","1,138.00","1,138.00","","-1.34%"
"09-03-2017","1,153.50","1,153.50","1,153.50","1,153.50","","-0.09%"
"08-03-2017","1,154.50","1,154.50","1,154.50","1,154.50","","-0.86%"
"07-03-2017","1,164.50","1,164.50","1,164.50","1,164.50","","0.74%"
"06-03-2017","1,156.00","1,156.00","1,156.00","1,156.00","","0.61%"
"03-03-2017","1,149.00","1,149.00","1,149.00","1,149.00","","0.13%"
"02-03-2017","1,147.50","1,147.50","1,147.50","1,147.50","","-0.17%"
"01-03-2017","1,149.50","1,149.50","1,149.50","1,149.50","","-0.04%"
"28-02-2017","1,150.00","1,150.00","1,150.00","1,150.00","","-0.99%"
"27-02-2017","1,161.50","1,161.50","1,161.50","1,161.50","","1.84%"
"24-02-2017","1,140.50","1,140.50","1,140.50","1,140.50","","0.00%"
"23-02-2017","1,140.50","1,140.50","1,140.50","1,140.50","","0.18%"
"22-02-2017","1,138.50","1,138.50","1,138.50","1,138.50","","0.98%"
"21-02-2017","1,127.50","1,127.50","1,127.50","1,127.50","","0.45%"
"20-02-2017","1,122.50","1,122.50","1,122.50","1,122.50","","-1.32%"
"17-02-2017","1,137.50","1,137.50","1,137.50","1,137.50","","-0.35%"
"16-02-2017","1,141.50","1,141.50","1,141.50","1,141.50","","-0.26%"
"15-02-2017","1,144.50","1,144.50","1,144.50","1,144.50","","0.18%"
"14-02-2017","1,142.50","1,142.50","1,142.50","1,142.50","","-0.39%"
"13-02-2017","1,147.00","1,147.00","1,147.00","1,147.00","","0.22%"
"10-02-2017","1,144.50","1,144.50","1,144.50","1,144.50","","0.18%"
"09-02-2017","1,142.50","1,142.50","1,142.50","1,142.50","","0.13%"
"08-02-2017","1,141.00","1,141.00","1,141.00","1,141.00","","0.13%"
"07-02-2017","1,139.50","1,139.50","1,139.50","1,139.50","","-0.31%"
"06-02-2017","1,143.00","1,143.00","1,143.00","1,143.00","","-1.89%"
"03-02-2017","1,165.00","1,165.00","1,165.00","1,165.00","","0.39%"
"02-02-2017","1,160.50","1,160.50","1,160.50","1,160.50","","1.89%"
"01-02-2017","1,139.00","1,139.00","1,139.00","1,139.00","","0.84%"
"31-01-2017","1,129.50","1,129.50","1,129.50","1,129.50","","-1.27%"
"30-01-2017","1,144.00","1,144.00","1,144.00","1,144.00","","-0.04%"
"27-01-2017","1,144.50","1,144.50","1,144.50","1,144.50","","-0.48%"
"25-01-2017","1,150.00","1,150.00","1,150.00","1,150.00","","-1.08%"
"24-01-2017","1,162.50","1,162.50","1,162.50","1,162.50","","0.39%"
"23-01-2017","1,158.00","1,158.00","1,158.00","1,158.00","","1.31%"
"20-01-2017","1,143.00","1,143.00","1,143.00","1,143.00","","1.65%"
"19-01-2017","1,124.50","1,124.50","1,124.50","1,124.50","","0.94%"
"17-01-2017","1,114.00","1,114.00","1,114.00","1,114.00","","-0.45%"
"16-01-2017","1,119.00","1,119.00","1,119.00","1,119.00","","-1.37%"
"13-01-2017","1,134.50","1,134.50","1,134.50","1,134.50","","-0.31%"
"12-01-2017","1,138.00","1,138.00","1,138.00","1,138.00","","1.34%"
"11-01-2017","1,123.00","1,123.00","1,123.00","1,123.00","","0.99%"
"10-01-2017","1,112.00","1,112.00","1,112.00","1,112.00","","-0.36%"
"09-01-2017","1,116.00","1,116.00","1,116.00","1,116.00","","0.63%"
"06-01-2017","1,109.00","1,109.00","1,109.00","1,109.00","","0.27%"
"05-01-2017","1,106.00","1,106.00","1,106.00","1,106.00","","1.28%"
"04-01-2017","1,092.00","1,092.00","1,092.00","1,092.00","","0.78%"
"03-01-2017","1,083.50","1,083.50","1,083.50","1,083.50","","0.28%"
"02-01-2017","1,080.50","1,080.50","1,080.50","1,080.50","","1.60%"