"Date","Price","Open","High","Low","Vol.","Change %"
"30-04-2026","1,809.50","1,809.50","1,809.50","1,809.50","","0.22%"
"29-04-2026","1,805.50","1,805.50","1,805.50","1,805.50","","2.56%"
"28-04-2026","1,760.50","1,760.50","1,760.50","1,760.50","","-2.14%"
"27-04-2026","1,799.00","1,799.00","1,799.00","1,799.00","","2.22%"
"24-04-2026","1,760.00","1,760.00","1,760.00","1,760.00","","-2.20%"
"23-04-2026","1,799.50","1,799.50","1,799.50","1,799.50","","-1.02%"
"22-04-2026","1,818.00","1,818.00","1,818.00","1,818.00","","-0.52%"
"21-04-2026","1,827.50","1,827.50","1,827.50","1,827.50","","0.11%"
"20-04-2026","1,825.50","1,825.50","1,825.50","1,825.50","","0.66%"
"17-04-2026","1,813.50","1,813.50","1,813.50","1,813.50","","1.14%"
"16-04-2026","1,793.00","1,793.00","1,793.00","1,793.00","","1.16%"
"15-04-2026","1,772.50","1,772.50","1,772.50","1,772.50","","-2.34%"
"13-04-2026","1,815.00","1,815.00","1,815.00","1,815.00","","1.17%"
"10-04-2026","1,794.00","1,794.00","1,794.00","1,794.00","","-0.14%"
"09-04-2026","1,796.50","1,796.50","1,796.50","1,796.50","","0.06%"
"08-04-2026","1,795.50","1,795.50","1,795.50","1,795.50","","-1.13%"
"07-04-2026","1,816.00","1,816.00","1,816.00","1,816.00","","0.00%"
"06-04-2026","1,816.00","1,816.00","1,816.00","1,816.00","","1.71%"
"02-04-2026","1,785.50","1,785.50","1,785.50","1,785.50","","-3.64%"
"01-04-2026","1,853.00","1,853.00","1,853.00","1,853.00","","4.60%"
"30-03-2026","1,771.50","1,771.50","1,771.50","1,771.50","","0.34%"
"27-03-2026","1,765.50","1,765.50","1,765.50","1,765.50","","-0.25%"
"25-03-2026","1,770.00","1,770.00","1,770.00","1,770.00","","1.49%"
"24-03-2026","1,744.00","1,744.00","1,744.00","1,744.00","","-0.03%"
"23-03-2026","1,744.50","1,744.50","1,744.50","1,744.50","","1.54%"
"20-03-2026","1,718.00","1,718.00","1,718.00","1,718.00","","1.00%"
"19-03-2026","1,701.00","1,701.00","1,701.00","1,701.00","","2.35%"
"18-03-2026","1,662.00","1,662.00","1,662.00","1,662.00","","-1.74%"
"17-03-2026","1,691.50","1,691.50","1,691.50","1,691.50","","-0.65%"
"16-03-2026","1,702.50","1,702.50","1,702.50","1,702.50","","0.38%"
"13-03-2026","1,696.00","1,696.00","1,696.00","1,696.00","","0.24%"
"12-03-2026","1,692.00","1,692.00","1,692.00","1,692.00","","1.32%"
"11-03-2026","1,670.00","1,670.00","1,670.00","1,670.00","","-0.12%"
"10-03-2026","1,672.00","1,672.00","1,672.00","1,672.00","","0.15%"
"09-03-2026","1,669.50","1,669.50","1,669.50","1,669.50","","1.37%"
"06-03-2026","1,647.00","1,647.00","1,647.00","1,647.00","","2.33%"
"05-03-2026","1,609.50","1,609.50","1,609.50","1,609.50","","-0.31%"
"04-03-2026","1,614.50","1,614.50","1,614.50","1,614.50","","-1.67%"
"02-03-2026","1,642.00","1,642.00","1,642.00","1,642.00","","3.01%"
"27-02-2026","1,594.00","1,594.00","1,594.00","1,594.00","","2.08%"
"26-02-2026","1,561.50","1,561.50","1,561.50","1,561.50","","-1.85%"
"25-02-2026","1,591.00","1,591.00","1,591.00","1,591.00","","2.94%"
"24-02-2026","1,545.50","1,545.50","1,545.50","1,545.50","","-0.58%"
"23-02-2026","1,554.50","1,554.50","1,554.50","1,554.50","","0.13%"
"20-02-2026","1,552.50","1,552.50","1,552.50","1,552.50","","0.00%"
"19-02-2026","1,552.50","1,552.50","1,552.50","1,552.50","","0.10%"
"18-02-2026","1,551.00","1,551.00","1,551.00","1,551.00","","-1.12%"
"17-02-2026","1,568.50","1,568.50","1,568.50","1,568.50","","0.22%"
"16-02-2026","1,565.00","1,565.00","1,565.00","1,565.00","","-0.48%"
"13-02-2026","1,572.50","1,572.50","1,572.50","1,572.50","","0.77%"
"12-02-2026","1,560.50","1,560.50","1,560.50","1,560.50","","-0.89%"
"11-02-2026","1,574.50","1,574.50","1,574.50","1,574.50","","0.10%"
"10-02-2026","1,573.00","1,573.00","1,573.00","1,573.00","","0.74%"
"09-02-2026","1,561.50","1,561.50","1,561.50","1,561.50","","-1.11%"
"06-02-2026","1,579.00","1,579.00","1,579.00","1,579.00","","-1.56%"
"05-02-2026","1,604.00","1,604.00","1,604.00","1,604.00","","0.09%"
"04-02-2026","1,602.50","1,602.50","1,602.50","1,602.50","","0.03%"
"03-02-2026","1,602.00","1,602.00","1,602.00","1,602.00","","0.00%"
"02-02-2026","1,602.00","1,602.00","1,602.00","1,602.00","","0.03%"
"01-02-2026","1,601.50","1,601.50","1,601.50","1,601.50","","-1.20%"
"30-01-2026","1,621.00","1,621.00","1,621.00","1,621.00","","-0.52%"
"29-01-2026","1,629.50","1,629.50","1,629.50","1,629.50","","0.40%"
"28-01-2026","1,623.00","1,623.00","1,623.00","1,623.00","","-0.73%"
"27-01-2026","1,635.00","1,635.00","1,635.00","1,635.00","","0.18%"
"23-01-2026","1,632.00","1,632.00","1,632.00","1,632.00","","-0.76%"
"22-01-2026","1,644.50","1,644.50","1,644.50","1,644.50","","-1.17%"
"21-01-2026","1,664.00","1,664.00","1,664.00","1,664.00","","0.85%"
"20-01-2026","1,650.00","1,650.00","1,650.00","1,650.00","","-0.99%"
"19-01-2026","1,666.50","1,666.50","1,666.50","1,666.50","","-1.54%"
"16-01-2026","1,692.50","1,692.50","1,692.50","1,692.50","","-0.50%"
"14-01-2026","1,701.00","1,701.00","1,701.00","1,701.00","","-0.85%"
"13-01-2026","1,715.50","1,715.50","1,715.50","1,715.50","","-1.92%"
"12-01-2026","1,749.00","1,749.00","1,749.00","1,749.00","","2.76%"
"09-01-2026","1,702.00","1,702.00","1,702.00","1,702.00","","1.19%"
"08-01-2026","1,682.00","1,682.00","1,682.00","1,682.00","","0.00%"
"07-01-2026","1,682.00","1,682.00","1,682.00","1,682.00","","-0.85%"
"06-01-2026","1,696.50","1,696.50","1,696.50","1,696.50","","0.21%"
"05-01-2026","1,693.00","1,693.00","1,693.00","1,693.00","","1.65%"
"02-01-2026","1,665.50","1,665.50","1,665.50","1,665.50","","1.12%"
"01-01-2026","1,647.00","1,647.00","1,647.00","1,647.00","","-0.75%"
"31-12-2025","1,659.50","1,659.50","1,659.50","1,659.50","","2.00%"
"30-12-2025","1,627.00","1,627.00","1,627.00","1,627.00","","-2.31%"
"29-12-2025","1,665.50","1,665.50","1,665.50","1,665.50","","-0.09%"
"26-12-2025","1,667.00","1,667.00","1,667.00","1,667.00","","0.45%"
"24-12-2025","1,659.50","1,659.50","1,659.50","1,659.50","","-0.24%"
"23-12-2025","1,663.50","1,663.50","1,663.50","1,663.50","","1.00%"
"22-12-2025","1,647.00","1,647.00","1,647.00","1,647.00","","-0.06%"
"19-12-2025","1,648.00","1,648.00","1,648.00","1,648.00","","-0.36%"
"18-12-2025","1,654.00","1,654.00","1,654.00","1,654.00","","0.12%"
"17-12-2025","1,652.00","1,652.00","1,652.00","1,652.00","","2.35%"
"16-12-2025","1,614.00","1,614.00","1,614.00","1,614.00","","1.22%"
"15-12-2025","1,594.50","1,594.50","1,594.50","1,594.50","","0.00%"
"12-12-2025","1,594.50","1,594.50","1,594.50","1,594.50","","-1.79%"
"11-12-2025","1,623.50","1,623.50","1,623.50","1,623.50","","0.00%"
"10-12-2025","1,623.50","1,623.50","1,623.50","1,623.50","","0.22%"
"09-12-2025","1,620.00","1,620.00","1,620.00","1,620.00","","0.00%"
"08-12-2025","1,620.00","1,620.00","1,620.00","1,620.00","","0.19%"
"05-12-2025","1,617.00","1,617.00","1,617.00","1,617.00","","0.03%"
"04-12-2025","1,616.50","1,616.50","1,616.50","1,616.50","","-0.06%"
"03-12-2025","1,617.50","1,617.50","1,617.50","1,617.50","","0.00%"
"02-12-2025","1,617.50","1,617.50","1,617.50","1,617.50","","-1.28%"
"01-12-2025","1,638.50","1,638.50","1,638.50","1,638.50","","6.53%"
"28-11-2025","1,538.00","1,540.00","1,540.00","1,537.00","0.00K","-0.03%"
"27-11-2025","1,538.50","1,545.00","1,545.00","1,535.00","0.02K","-0.45%"
"26-11-2025","1,545.50","1,545.00","1,548.00","1,541.00","0.01K","1.01%"
"25-11-2025","1,530.00","1,530.00","1,530.00","1,530.00","","0.00%"
"24-11-2025","1,530.00","1,530.00","1,530.00","1,530.00","","0.00%"
"21-11-2025","1,530.00","1,530.00","1,530.00","1,530.00","","0.00%"
"20-11-2025","1,530.00","1,530.00","1,530.00","1,530.00","","0.00%"
"19-11-2025","1,530.00","1,530.00","1,530.00","1,530.00","0.00K","0.26%"
"18-11-2025","1,526.00","1,526.00","1,526.00","1,526.00","0.00K","-0.03%"
"17-11-2025","1,526.50","1,516.00","1,528.00","1,516.00","0.01K","-0.10%"
"14-11-2025","1,528.00","1,528.00","1,528.00","1,528.00","","0.00%"
"13-11-2025","1,528.00","1,529.00","1,535.00","1,525.00","0.01K","3.91%"
"12-11-2025","1,470.50","1,470.50","1,470.50","1,470.50","","-3.92%"
"11-11-2025","1,530.50","1,526.00","1,533.00","1,526.00","0.00K","-1.13%"
"10-11-2025","1,548.00","1,547.50","1,548.00","1,547.50","0.00K","0.95%"
"07-11-2025","1,533.50","1,534.50","1,534.50","1,532.00","0.00K","-1.06%"
"06-11-2025","1,550.00","1,550.00","1,550.00","1,550.00","0.00K","-0.45%"
"04-11-2025","1,557.00","1,560.00","1,560.00","1,555.00","0.00K","1.76%"
"03-11-2025","1,530.00","1,530.00","1,530.00","1,530.00","","-1.67%"
"31-10-2025","1,556.00","1,557.00","1,560.00","1,553.00","0.00K","0.58%"
"30-10-2025","1,547.00","1,560.00","1,560.00","1,540.00","0.01K","-1.12%"
"29-10-2025","1,564.50","1,563.50","1,565.00","1,563.50","0.00K","0.10%"
"28-10-2025","1,563.00","1,566.00","1,566.00","1,560.00","0.01K","0.10%"
"27-10-2025","1,561.50","1,560.00","1,562.00","1,560.00","0.01K","0.35%"
"24-10-2025","1,556.00","1,556.00","1,556.00","1,556.00","0.00K","-0.26%"
"23-10-2025","1,560.00","1,553.50","1,560.00","1,553.50","0.02K","2.56%"
"21-10-2025","1,521.00","1,521.00","1,521.00","1,521.00","","-2.50%"
"20-10-2025","1,560.00","1,559.00","1,560.00","1,559.00","0.01K","0.81%"
"17-10-2025","1,547.50","1,550.00","1,550.00","1,541.00","0.01K","1.78%"
"16-10-2025","1,520.50","1,520.50","1,520.50","1,520.50","","-0.36%"
"15-10-2025","1,526.00","1,526.00","1,526.00","1,526.00","","-2.21%"
"14-10-2025","1,560.50","1,561.00","1,561.00","1,560.00","0.01K","-0.54%"
"13-10-2025","1,569.00","1,569.00","1,569.00","1,569.00","0.00K","-0.13%"
"10-10-2025","1,571.00","1,572.00","1,575.00","1,566.00","0.01K","-0.06%"
"09-10-2025","1,572.00","1,570.00","1,574.00","1,569.00","0.01K","0.51%"
"08-10-2025","1,564.00","1,560.00","1,566.00","1,560.00","0.01K","-0.29%"
"07-10-2025","1,568.50","1,568.50","1,568.50","1,568.50","","0.19%"
"06-10-2025","1,565.50","1,565.50","1,565.50","1,565.50","","0.45%"
"03-10-2025","1,558.50","1,555.00","1,560.00","1,555.00","0.01K","0.42%"
"01-10-2025","1,552.00","1,560.00","1,560.00","1,550.00","0.01K","-1.27%"
"30-09-2025","1,572.00","1,572.00","1,572.00","1,572.00","","1.00%"
"29-09-2025","1,556.50","1,550.00","1,560.00","1,550.00","0.01K","-0.22%"
"26-09-2025","1,560.00","1,560.00","1,560.00","1,560.00","0.00K","-1.36%"
"25-09-2025","1,581.50","1,581.50","1,581.50","1,581.50","","1.90%"
"24-09-2025","1,552.00","1,555.00","1,555.00","1,550.00","0.00K","-0.42%"
"23-09-2025","1,558.50","1,553.00","1,569.50","1,553.00","0.01K","0.45%"
"22-09-2025","1,551.50","1,554.00","1,554.00","1,550.00","0.01K","-0.58%"
"19-09-2025","1,560.50","1,563.00","1,563.00","1,557.00","0.01K","-0.38%"
"18-09-2025","1,566.50","1,565.00","1,569.00","1,562.50","0.00K","0.10%"
"17-09-2025","1,565.00","1,565.00","1,570.00","1,560.00","0.01K","-3.19%"
"16-09-2025","1,616.50","1,616.50","1,616.50","1,616.50","","4.29%"
"15-09-2025","1,550.00","1,550.00","1,550.00","1,550.00","0.00K","0.00%"
"12-09-2025","1,550.00","1,550.00","1,550.00","1,550.00","0.00K","0.49%"
"11-09-2025","1,542.50","1,542.50","1,542.50","1,542.50","","0.00%"
"10-09-2025","1,542.50","1,542.50","1,542.50","1,542.50","","0.00%"
"09-09-2025","1,542.50","1,540.00","1,545.00","1,540.00","0.00K","0.42%"
"08-09-2025","1,536.00","1,536.00","1,536.00","1,536.00","0.00K","-0.10%"
"05-09-2025","1,537.50","1,542.00","1,542.00","1,535.00","0.02K","-0.97%"
"04-09-2025","1,552.50","1,560.00","1,560.00","1,550.00","0.00K","-0.16%"
"03-09-2025","1,555.00","1,555.00","1,555.00","1,555.00","0.00K","-0.13%"
"02-09-2025","1,557.00","1,560.00","1,563.00","1,553.00","0.01K","-0.10%"
"01-09-2025","1,558.50","1,570.00","1,570.00","1,552.00","0.03K","-0.38%"
"29-08-2025","1,564.50","1,563.00","1,565.00","1,563.00","0.01K","0.22%"
"28-08-2025","1,561.00","1,572.00","1,572.00","1,556.00","0.03K","-1.20%"
"26-08-2025","1,580.00","1,581.00","1,581.00","1,579.00","0.00K","-0.50%"
"25-08-2025","1,588.00","1,588.00","1,588.00","1,588.00","","0.00%"
"22-08-2025","1,588.00","1,585.00","1,589.50","1,585.00","0.01K","-0.09%"
"21-08-2025","1,589.50","1,588.00","1,590.00","1,588.00","0.01K","0.28%"
"20-08-2025","1,585.00","1,585.00","1,585.00","1,585.00","0.00K","-0.31%"
"19-08-2025","1,590.00","1,590.00","1,590.00","1,590.00","","0.00%"
"18-08-2025","1,590.00","1,595.00","1,595.00","1,587.00","0.00K","-0.19%"
"14-08-2025","1,593.00","1,591.00","1,594.50","1,591.00","0.03K","0.09%"
"13-08-2025","1,591.50","1,585.00","1,594.00","1,585.00","0.02K","0.38%"
"12-08-2025","1,585.50","1,586.00","1,586.00","1,585.00","0.00K","0.09%"
"11-08-2025","1,584.00","1,582.50","1,585.00","1,582.50","0.00K","-0.38%"
"08-08-2025","1,590.00","1,590.00","1,590.00","1,590.00","0.00K","-0.06%"
"07-08-2025","1,591.00","1,592.00","1,592.00","1,590.00","0.00K","-0.03%"
"06-08-2025","1,591.50","1,580.00","1,595.00","1,580.00","0.01K","-0.16%"
"05-08-2025","1,594.00","1,597.50","1,597.50","1,591.00","0.01K","-0.56%"
"04-08-2025","1,603.00","1,603.00","1,603.00","1,601.00","0.03K","0.00%"
"01-08-2025","1,603.00","1,601.00","1,606.00","1,601.00","0.00K","-0.06%"
"31-07-2025","1,604.00","1,608.00","1,608.00","1,601.50","0.01K","-3.84%"
"30-07-2025","1,668.00","1,668.00","1,668.00","1,668.00","","3.73%"
"29-07-2025","1,608.00","1,606.00","1,610.00","1,606.00","0.01K","-0.12%"
"28-07-2025","1,610.00","1,610.00","1,610.00","1,610.00","0.00K","-0.16%"
"25-07-2025","1,612.50","1,612.00","1,612.50","1,612.00","0.00K","0.28%"
"24-07-2025","1,608.00","1,608.00","1,608.00","1,608.00","0.00K","-0.12%"
"23-07-2025","1,610.00","1,610.00","1,610.00","1,610.00","0.00K","-0.06%"
"22-07-2025","1,611.00","1,612.00","1,612.00","1,610.00","0.00K","-0.46%"
"21-07-2025","1,618.50","1,620.00","1,620.50","1,615.00","0.01K","-0.25%"
"18-07-2025","1,622.50","1,612.50","1,630.00","1,612.50","0.04K","0.28%"
"17-07-2025","1,618.00","1,619.50","1,619.50","1,615.00","0.01K","0.31%"
"16-07-2025","1,613.00","1,612.00","1,615.00","1,610.00","0.01K","0.06%"
"15-07-2025","1,612.00","1,610.00","1,614.00","1,610.00","0.01K","-0.37%"
"14-07-2025","1,618.00","1,618.00","1,618.00","1,618.00","0.00K","0.43%"
"11-07-2025","1,611.00","1,612.00","1,612.00","1,610.00","0.00K","-0.12%"
"10-07-2025","1,613.00","1,607.00","1,615.00","1,607.00","0.03K","-1.83%"
"09-07-2025","1,643.00","1,643.00","1,643.00","1,643.00","","2.30%"
"08-07-2025","1,606.00","1,604.00","1,606.00","1,604.00","0.01K","0.03%"
"07-07-2025","1,605.50","1,606.00","1,607.00","1,600.00","0.02K","0.00%"
"04-07-2025","1,605.50","1,603.00","1,607.00","1,603.00","0.00K","-0.03%"
"03-07-2025","1,606.00","1,605.50","1,607.00","1,600.00","0.02K","-2.07%"
"02-07-2025","1,640.00","1,640.00","1,640.00","1,640.00","","2.66%"
"01-07-2025","1,597.50","1,595.00","1,600.00","1,595.00","0.01K","0.06%"
"30-06-2025","1,596.50","1,595.00","1,599.50","1,595.00","0.01K","-1.36%"
"27-06-2025","1,618.50","1,618.50","1,618.50","1,618.50","","1.82%"
"26-06-2025","1,589.50","1,590.00","1,590.50","1,587.50","0.00K","-2.24%"
"25-06-2025","1,626.00","1,626.00","1,626.00","1,626.00","","2.55%"
"24-06-2025","1,585.50","1,585.00","1,586.00","1,585.00","0.00K","0.03%"
"23-06-2025","1,585.00","1,585.00","1,585.00","1,585.00","0.00K","-0.16%"
"20-06-2025","1,587.50","1,585.00","1,589.00","1,585.00","0.00K","-0.03%"
"19-06-2025","1,588.00","1,590.00","1,590.00","1,585.50","0.00K","-2.82%"
"18-06-2025","1,634.00","1,634.00","1,634.00","1,634.00","","-0.12%"
"17-06-2025","1,636.00","1,636.00","1,636.00","1,636.00","","2.57%"
"16-06-2025","1,595.00","1,595.00","1,595.00","1,595.00","0.00K","0.92%"
"13-06-2025","1,580.50","1,580.50","1,580.50","1,580.50","0.00K","-2.71%"
"12-06-2025","1,624.50","1,624.50","1,624.50","1,624.50","","1.15%"
"11-06-2025","1,606.00","1,606.00","1,606.00","1,606.00","","0.69%"
"10-06-2025","1,595.00","1,595.00","1,595.00","1,595.00","","-0.19%"
"09-06-2025","1,598.00","1,598.00","1,598.00","1,598.00","","0.50%"
"06-06-2025","1,590.00","1,590.00","1,590.00","1,590.00","0.00K","-0.69%"
"05-06-2025","1,601.00","1,601.00","1,601.00","1,601.00","","0.53%"
"04-06-2025","1,592.50","1,592.50","1,592.50","1,592.50","","0.85%"
"03-06-2025","1,579.00","1,579.00","1,579.00","1,579.00","","0.35%"
"02-06-2025","1,573.50","1,573.50","1,573.50","1,573.50","","-1.66%"
"30-05-2025","1,600.00","1,599.50","1,600.00","1,599.50","0.00K","0.00%"
"29-05-2025","1,600.00","1,600.00","1,600.00","1,600.00","0.00K","0.22%"
"28-05-2025","1,596.50","1,592.50","1,600.00","1,591.00","0.01K","1.01%"
"27-05-2025","1,580.50","1,570.00","1,590.00","1,570.00","0.01K","0.64%"
"26-05-2025","1,570.50","1,570.50","1,570.50","1,570.50","","0.06%"
"23-05-2025","1,569.50","1,569.50","1,569.50","1,569.50","","-0.51%"
"22-05-2025","1,577.50","1,577.50","1,577.50","1,577.50","","0.35%"
"21-05-2025","1,572.00","1,572.00","1,572.00","1,572.00","","-0.16%"
"20-05-2025","1,574.50","1,574.50","1,574.50","1,574.50","","0.03%"
"19-05-2025","1,574.00","1,568.00","1,580.00","1,568.00","0.00K","-0.85%"
"16-05-2025","1,587.50","1,585.00","1,590.00","1,585.00","0.00K","1.31%"
"15-05-2025","1,567.00","1,567.00","1,567.00","1,567.00","0.00K","-0.76%"
"14-05-2025","1,579.00","1,579.00","1,579.00","1,579.00","","-0.79%"
"13-05-2025","1,591.50","1,595.00","1,595.00","1,585.00","0.01K","-0.41%"
"12-05-2025","1,598.00","1,598.00","1,598.00","1,598.00","0.00K","0.85%"
"09-05-2025","1,584.50","1,584.50","1,584.50","1,584.50","","0.00%"
"08-05-2025","1,584.50","1,584.50","1,584.50","1,584.50","","-0.31%"
"07-05-2025","1,589.50","1,589.50","1,594.00","1,585.00","0.01K","0.28%"
"06-05-2025","1,585.00","1,578.00","1,589.00","1,578.00","0.01K","0.96%"
"05-05-2025","1,570.00","1,565.00","1,575.00","1,565.00","0.00K","-0.63%"
"02-05-2025","1,580.00","1,580.00","1,580.00","1,580.00","","-1.25%"
"30-04-2025","1,600.00","1,600.00","1,600.00","1,600.00","","-0.09%"
"29-04-2025","1,601.50","1,601.50","1,601.50","1,601.50","","-0.25%"
"28-04-2025","1,605.50","1,605.50","1,605.50","1,605.50","","-0.50%"
"25-04-2025","1,613.50","1,613.50","1,613.50","1,613.50","","0.12%"
"24-04-2025","1,611.50","1,611.50","1,611.50","1,611.50","","0.03%"
"23-04-2025","1,611.00","1,611.00","1,611.00","1,611.00","","-0.40%"
"22-04-2025","1,617.50","1,617.50","1,617.50","1,617.50","","0.53%"
"21-04-2025","1,609.00","1,609.00","1,609.00","1,609.00","","-0.19%"
"17-04-2025","1,612.00","1,612.00","1,612.00","1,612.00","","0.91%"
"16-04-2025","1,597.50","1,597.50","1,597.50","1,597.50","","-0.31%"
"15-04-2025","1,602.50","1,602.50","1,602.50","1,602.50","","-0.12%"
"11-04-2025","1,604.50","1,604.50","1,604.50","1,604.50","","0.75%"
"09-04-2025","1,592.50","1,592.50","1,592.50","1,592.50","","-0.16%"
"08-04-2025","1,595.00","1,595.00","1,595.00","1,595.00","","-0.84%"
"07-04-2025","1,608.50","1,608.50","1,608.50","1,608.50","","0.31%"
"04-04-2025","1,603.50","1,603.50","1,603.50","1,603.50","","0.28%"
"03-04-2025","1,599.00","1,599.00","1,599.00","1,599.00","","0.09%"
"02-04-2025","1,597.50","1,597.50","1,597.50","1,597.50","","0.92%"
"01-04-2025","1,583.00","1,583.00","1,583.00","1,583.00","","3.50%"
"28-03-2025","1,529.50","1,529.50","1,529.50","1,529.50","","-0.23%"
"27-03-2025","1,533.00","1,533.00","1,533.00","1,533.00","","-0.13%"
"26-03-2025","1,535.00","1,535.00","1,535.00","1,535.00","","0.10%"
"25-03-2025","1,533.50","1,533.50","1,533.50","1,533.50","","-0.74%"
"24-03-2025","1,545.00","1,545.00","1,545.00","1,545.00","","-0.29%"
"21-03-2025","1,549.50","1,549.50","1,549.50","1,549.50","","-0.80%"
"20-03-2025","1,562.00","1,562.00","1,562.00","1,562.00","","0.61%"
"19-03-2025","1,552.50","1,552.50","1,552.50","1,552.50","","0.62%"
"18-03-2025","1,543.00","1,543.00","1,543.00","1,543.00","","-0.19%"
"17-03-2025","1,546.00","1,546.00","1,546.00","1,546.00","","0.78%"
"13-03-2025","1,534.00","1,534.00","1,534.00","1,534.00","","0.36%"
"12-03-2025","1,528.50","1,528.50","1,528.50","1,528.50","","0.59%"
"11-03-2025","1,519.50","1,519.50","1,519.50","1,519.50","","0.26%"
"10-03-2025","1,515.50","1,515.50","1,515.50","1,515.50","","0.60%"
"07-03-2025","1,506.50","1,506.50","1,506.50","1,506.50","","-0.17%"
"06-03-2025","1,509.00","1,509.00","1,509.00","1,509.00","","0.70%"
"05-03-2025","1,498.50","1,498.50","1,498.50","1,498.50","","-0.89%"
"04-03-2025","1,512.00","1,512.00","1,512.00","1,512.00","","1.20%"
"03-03-2025","1,494.00","1,494.00","1,494.00","1,494.00","","2.79%"
"28-02-2025","1,453.50","1,453.50","1,453.50","1,453.50","","-0.45%"
"27-02-2025","1,460.00","1,460.00","1,460.00","1,460.00","","0.07%"
"25-02-2025","1,459.00","1,459.00","1,459.00","1,459.00","","-0.82%"
"24-02-2025","1,471.00","1,471.00","1,471.00","1,471.00","","-0.20%"
"21-02-2025","1,474.00","1,474.00","1,474.00","1,474.00","","-0.30%"
"20-02-2025","1,478.50","1,478.50","1,478.50","1,478.50","","-0.47%"
"19-02-2025","1,485.50","1,485.50","1,485.50","1,485.50","","-0.47%"
"18-02-2025","1,492.50","1,492.50","1,492.50","1,492.50","","0.47%"
"17-02-2025","1,485.50","1,485.50","1,485.50","1,485.50","","0.61%"
"14-02-2025","1,476.50","1,476.50","1,476.50","1,476.50","","-0.17%"
"13-02-2025","1,479.00","1,479.00","1,479.00","1,479.00","","-0.17%"
"12-02-2025","1,481.50","1,481.50","1,481.50","1,481.50","","0.44%"
"11-02-2025","1,475.00","1,475.00","1,475.00","1,475.00","","0.27%"
"10-02-2025","1,471.00","1,471.00","1,471.00","1,471.00","","-0.27%"
"07-02-2025","1,475.00","1,475.00","1,475.00","1,475.00","","-0.84%"
"06-02-2025","1,487.50","1,487.50","1,487.50","1,487.50","","0.00%"
"05-02-2025","1,487.50","1,487.50","1,487.50","1,487.50","","-0.10%"
"04-02-2025","1,489.00","1,489.00","1,489.00","1,489.00","","0.00%"
"03-02-2025","1,489.00","1,489.00","1,489.00","1,489.00","","-2.23%"
"01-02-2025","1,523.00","1,523.00","1,523.00","1,523.00","","2.91%"
"31-01-2025","1,480.00","1,480.00","1,480.00","1,480.00","","-3.80%"
"30-01-2025","1,538.50","1,538.50","1,538.50","1,538.50","","1.35%"
"29-01-2025","1,518.00","1,518.00","1,518.00","1,518.00","","-1.08%"
"28-01-2025","1,534.50","1,534.50","1,534.50","1,534.50","","0.13%"
"27-01-2025","1,532.50","1,532.50","1,532.50","1,532.50","","-0.52%"
"24-01-2025","1,540.50","1,540.50","1,540.50","1,540.50","","-0.06%"
"23-01-2025","1,541.50","1,541.50","1,541.50","1,541.50","","1.85%"
"22-01-2025","1,513.50","1,513.50","1,513.50","1,513.50","","-2.67%"
"21-01-2025","1,555.00","1,555.00","1,555.00","1,555.00","","1.73%"
"20-01-2025","1,528.50","1,528.50","1,528.50","1,528.50","","-0.78%"
"17-01-2025","1,540.50","1,540.50","1,540.50","1,540.50","","0.33%"
"16-01-2025","1,535.50","1,535.50","1,535.50","1,535.50","","-0.65%"
"15-01-2025","1,545.50","1,545.50","1,545.50","1,545.50","","-0.61%"
"14-01-2025","1,555.00","1,555.00","1,555.00","1,555.00","","0.78%"
"13-01-2025","1,543.00","1,543.00","1,543.00","1,543.00","","-2.16%"
"10-01-2025","1,577.00","1,577.00","1,577.00","1,577.00","","0.73%"
"09-01-2025","1,565.50","1,565.50","1,565.50","1,565.50","","1.33%"
"08-01-2025","1,545.00","1,545.00","1,545.00","1,545.00","","-2.59%"
"07-01-2025","1,586.00","1,586.00","1,586.00","1,586.00","","1.41%"
"06-01-2025","1,564.00","1,564.00","1,564.00","1,564.00","","-1.57%"
"03-01-2025","1,589.00","1,589.00","1,589.00","1,589.00","","2.71%"
"02-01-2025","1,547.00","1,547.00","1,547.00","1,547.00","","-2.06%"
"01-01-2025","1,579.50","1,579.50","1,579.50","1,579.50","","3.54%"
"31-12-2024","1,525.50","1,525.50","1,525.50","1,525.50","","-1.74%"
"30-12-2024","1,552.50","1,552.50","1,552.50","1,552.50","","-0.26%"
"27-12-2024","1,556.50","1,556.50","1,556.50","1,556.50","","-0.26%"
"26-12-2024","1,560.50","1,560.50","1,560.50","1,560.50","","0.22%"
"24-12-2024","1,557.00","1,557.00","1,557.00","1,557.00","","-1.02%"
"23-12-2024","1,573.00","1,573.00","1,573.00","1,573.00","","0.67%"
"20-12-2024","1,562.50","1,562.50","1,562.50","1,562.50","","0.74%"
"19-12-2024","1,551.00","1,551.00","1,551.00","1,551.00","","-0.42%"
"18-12-2024","1,557.50","1,557.50","1,557.50","1,557.50","","-1.89%"
"17-12-2024","1,587.50","1,587.50","1,587.50","1,587.50","","0.13%"
"16-12-2024","1,585.50","1,585.50","1,585.50","1,585.50","","4.24%"
"13-12-2024","1,521.00","1,521.00","1,521.00","1,521.00","","-5.29%"
"12-12-2024","1,606.00","1,606.00","1,606.00","1,606.00","","4.32%"
"11-12-2024","1,539.50","1,539.50","1,539.50","1,539.50","","-4.23%"
"10-12-2024","1,607.50","1,607.50","1,607.50","1,607.50","","-0.22%"
"09-12-2024","1,611.00","1,611.00","1,611.00","1,611.00","","-0.92%"
"06-12-2024","1,626.00","1,626.00","1,626.00","1,626.00","","0.00%"
"05-12-2024","1,626.00","1,626.00","1,626.00","1,626.00","","-0.03%"
"04-12-2024","1,626.50","1,626.50","1,626.50","1,626.50","","0.56%"
"03-12-2024","1,617.50","1,617.50","1,617.50","1,617.50","","0.97%"
"02-12-2024","1,602.00","1,602.00","1,602.00","1,602.00","","4.23%"
"29-11-2024","1,537.00","1,542.50","1,544.00","1,535.00","0.14K","-0.49%"
"28-11-2024","1,544.50","1,548.50","1,550.00","1,539.00","0.19K","-0.13%"
"27-11-2024","1,546.50","1,540.00","1,552.50","1,537.00","0.39K","0.49%"
"26-11-2024","1,539.00","1,538.00","1,545.00","1,532.00","0.35K","0.20%"
"25-11-2024","1,536.00","1,531.00","1,546.00","1,531.00","0.40K","0.36%"
"22-11-2024","1,530.50","1,527.00","1,546.00","1,526.00","0.38K","-0.23%"
"21-11-2024","1,534.00","1,523.00","1,536.00","1,523.00","0.24K","0.79%"
"19-11-2024","1,522.00","1,525.00","1,537.00","1,517.00","0.45K","-0.49%"
"18-11-2024","1,529.50","1,551.00","1,551.00","1,521.50","0.42K","-1.61%"
"14-11-2024","1,554.50","1,553.00","1,560.00","1,548.00","0.16K","-0.06%"
"13-11-2024","1,555.50","1,558.00","1,558.00","1,551.50","0.24K","-0.67%"
"12-11-2024","1,566.00","1,575.00","1,575.00","1,564.50","0.22K","-0.57%"
"11-11-2024","1,575.00","1,570.00","1,578.00","1,561.50","0.22K","0.61%"
"08-11-2024","1,565.50","1,575.00","1,582.00","1,562.50","0.41K","-0.41%"
"07-11-2024","1,572.00","1,542.00","1,576.00","1,540.00","0.59K","1.81%"
"06-11-2024","1,544.00","1,542.00","1,552.00","1,541.00","0.16K","-0.06%"
"05-11-2024","1,545.00","1,548.00","1,553.00","1,539.00","0.22K","-0.32%"
"04-11-2024","1,550.00","1,548.00","1,556.50","1,539.00","0.15K","0.00%"
"01-11-2024","1,550.00","1,555.00","1,555.00","1,546.00","0.10K","0.45%"
"31-10-2024","1,543.00","1,540.00","1,547.00","1,535.00","0.16K","0.00%"
"30-10-2024","1,543.00","1,555.00","1,555.00","1,540.00","0.24K","-0.87%"
"29-10-2024","1,556.50","1,536.00","1,560.00","1,535.00","0.27K","0.94%"
"28-10-2024","1,542.00","1,545.00","1,557.00","1,536.00","0.82K","-0.68%"
"25-10-2024","1,552.50","1,574.50","1,574.50","1,545.00","0.63K","-1.30%"
"24-10-2024","1,573.00","1,584.50","1,584.50","1,572.00","0.22K","-0.54%"
"23-10-2024","1,581.50","1,576.50","1,589.50","1,576.50","0.13K","0.06%"
"22-10-2024","1,580.50","1,591.00","1,593.50","1,576.00","0.16K","-0.69%"
"21-10-2024","1,591.50","1,580.00","1,620.00","1,579.00","0.31K","1.14%"
"18-10-2024","1,573.50","1,574.50","1,577.00","1,564.00","0.11K","0.16%"
"17-10-2024","1,571.00","1,571.00","1,573.00","1,568.00","0.13K","-0.06%"
"16-10-2024","1,572.00","1,572.50","1,574.00","1,565.50","0.12K","0.26%"
"15-10-2024","1,568.00","1,575.00","1,579.00","1,566.00","0.16K","-0.60%"
"14-10-2024","1,577.50","1,580.00","1,593.00","1,576.00","0.23K","-0.16%"
"11-10-2024","1,580.00","1,579.00","1,585.00","1,578.00","0.16K","0.32%"
"10-10-2024","1,575.00","1,573.00","1,584.00","1,572.00","0.25K","0.19%"
"09-10-2024","1,572.00","1,574.00","1,574.50","1,570.00","0.08K","0.00%"
"08-10-2024","1,572.00","1,575.00","1,581.50","1,571.00","0.13K","-0.63%"
"07-10-2024","1,582.00","1,586.50","1,589.50","1,580.00","0.17K","-0.25%"
"04-10-2024","1,586.00","1,600.00","1,600.00","1,582.00","0.30K","-0.13%"
"03-10-2024","1,588.00","1,597.00","1,597.00","1,587.00","0.32K","-0.59%"
"01-10-2024","1,597.50","1,612.00","1,615.50","1,594.50","0.32K","-1.02%"
"30-09-2024","1,614.00","1,626.00","1,626.00","1,612.00","0.17K","-0.59%"
"27-09-2024","1,623.50","1,621.00","1,627.00","1,617.00","0.16K","0.34%"
"26-09-2024","1,618.00","1,619.00","1,623.00","1,614.00","0.13K","0.15%"
"25-09-2024","1,615.50","1,612.00","1,624.00","1,612.00","0.28K","0.22%"
"24-09-2024","1,612.00","1,618.50","1,618.50","1,607.00","0.24K","-0.46%"
"23-09-2024","1,619.50","1,627.00","1,628.50","1,616.50","0.18K","-0.43%"
"20-09-2024","1,626.50","1,629.00","1,631.00","1,625.50","0.22K","0.25%"
"19-09-2024","1,622.50","1,625.50","1,627.00","1,620.00","0.13K","-0.34%"
"18-09-2024","1,628.00","1,629.50","1,635.00","1,626.50","0.22K","-0.18%"
"17-09-2024","1,631.00","1,626.00","1,635.00","1,626.00","0.40K","0.65%"
"16-09-2024","1,620.50","1,620.00","1,622.00","1,611.00","0.19K","0.34%"
"13-09-2024","1,615.00","1,619.00","1,623.00","1,614.00","0.13K","-0.15%"
"12-09-2024","1,617.50","1,621.00","1,635.00","1,615.50","0.43K","0.00%"
"11-09-2024","1,617.50","1,625.00","1,626.00","1,616.00","0.28K","-0.43%"
"10-09-2024","1,624.50","1,620.00","1,628.00","1,618.00","0.22K","0.59%"
"09-09-2024","1,615.00","1,615.00","1,620.00","1,610.50","0.13K","-0.40%"
"06-09-2024","1,621.50","1,636.00","1,636.00","1,618.00","0.20K","-0.83%"
"05-09-2024","1,635.00","1,625.00","1,641.50","1,619.00","0.45K","0.74%"
"04-09-2024","1,623.00","1,628.00","1,629.00","1,618.00","0.15K","-0.55%"
"03-09-2024","1,632.00","1,629.00","1,636.00","1,622.00","0.31K","0.09%"
"02-09-2024","1,630.50","1,615.00","1,636.00","1,607.00","0.50K","1.08%"
"30-08-2024","1,613.00","1,623.00","1,639.00","1,609.00","1.08K","-0.49%"
"29-08-2024","1,621.00","1,616.00","1,635.00","1,616.00","0.20K","0.37%"
"28-08-2024","1,615.00","1,620.00","1,621.00","1,613.00","0.12K","-0.19%"
"27-08-2024","1,618.00","1,639.00","1,650.00","1,615.00","0.32K","-0.98%"
"26-08-2024","1,634.00","1,604.00","1,658.00","1,600.00","0.67K","2.35%"
"23-08-2024","1,596.50","1,599.00","1,605.00","1,595.00","0.07K","-0.19%"
"22-08-2024","1,599.50","1,592.50","1,601.00","1,592.00","0.07K","0.38%"
"21-08-2024","1,593.50","1,588.50","1,596.00","1,585.00","0.09K","0.35%"
"20-08-2024","1,588.00","1,600.00","1,600.00","1,586.00","0.09K","-0.50%"
"19-08-2024","1,596.00","1,598.00","1,606.00","1,593.00","0.12K","0.31%"
"16-08-2024","1,591.00","1,585.00","1,615.00","1,585.00","0.17K","0.47%"
"14-08-2024","1,583.50","1,585.00","1,585.00","1,578.00","0.07K","-0.28%"
"13-08-2024","1,588.00","1,585.00","1,594.50","1,584.00","0.13K","0.19%"
"12-08-2024","1,585.00","1,580.00","1,590.00","1,575.50","0.12K","0.73%"
"09-08-2024","1,573.50","1,572.00","1,576.00","1,565.00","0.09K","0.48%"
"08-08-2024","1,566.00","1,567.00","1,572.00","1,565.00","0.06K","-0.38%"
"07-08-2024","1,572.00","1,569.00","1,574.00","1,565.00","0.12K","-0.10%"
"06-08-2024","1,573.50","1,572.00","1,576.00","1,569.00","0.07K","0.35%"
"05-08-2024","1,568.00","1,582.00","1,582.00","1,567.00","0.17K","-1.01%"
"02-08-2024","1,584.00","1,583.50","1,588.00","1,581.00","0.08K","-0.25%"
"01-08-2024","1,588.00","1,597.00","1,597.00","1,583.50","0.09K","-0.35%"
"31-07-2024","1,593.50","1,584.00","1,596.00","1,583.00","0.13K","0.73%"
"30-07-2024","1,582.00","1,580.50","1,587.00","1,563.00","0.13K","-0.09%"
"29-07-2024","1,583.50","1,589.00","1,595.00","1,582.00","0.05K","-0.09%"
"26-07-2024","1,585.00","1,592.50","1,593.00","1,581.50","0.15K","-0.38%"
"25-07-2024","1,591.00","1,602.50","1,605.00","1,590.00","0.25K","-0.96%"
"24-07-2024","1,606.50","1,613.00","1,613.50","1,600.00","0.16K","-0.77%"
"23-07-2024","1,619.00","1,615.00","1,624.00","1,612.50","0.10K","-0.06%"
"22-07-2024","1,620.00","1,610.00","1,626.00","1,605.00","0.11K","0.59%"
"19-07-2024","1,610.50","1,624.50","1,624.50","1,606.50","0.08K","-0.40%"
"18-07-2024","1,617.00","1,601.00","1,637.00","1,600.00","0.30K","0.84%"
"16-07-2024","1,603.50","1,610.00","1,612.00","1,601.00","0.10K","-0.31%"
"15-07-2024","1,608.50","1,611.00","1,613.00","1,606.50","0.06K","-0.34%"
"12-07-2024","1,614.00","1,612.00","1,619.00","1,610.00","0.07K","-0.03%"
"11-07-2024","1,614.50","1,621.00","1,621.00","1,612.00","0.07K","-0.40%"
"10-07-2024","1,621.00","1,595.00","1,626.00","1,592.00","0.42K","1.38%"
"09-07-2024","1,599.00","1,596.00","1,603.00","1,592.00","0.08K","0.19%"
"08-07-2024","1,596.00","1,593.00","1,600.00","1,584.00","0.12K","-0.16%"
"05-07-2024","1,598.50","1,602.00","1,603.00","1,595.50","0.05K","-0.09%"
"04-07-2024","1,600.00","1,602.00","1,602.00","1,593.00","0.07K","-0.28%"
"03-07-2024","1,604.50","1,599.50","1,605.00","1,595.00","0.04K","0.31%"
"02-07-2024","1,599.50","1,603.00","1,606.00","1,598.00","0.04K","-0.22%"
"01-07-2024","1,603.00","1,607.00","1,607.00","1,594.50","0.13K","-0.59%"
"28-06-2024","1,612.50","1,623.50","1,626.00","1,605.50","0.12K","-0.62%"
"27-06-2024","1,622.50","1,613.00","1,627.00","1,613.00","0.06K","0.43%"
"26-06-2024","1,615.50","1,631.00","1,631.00","1,613.00","0.10K","-0.71%"
"25-06-2024","1,627.00","1,624.00","1,630.50","1,611.00","0.29K","0.56%"
"24-06-2024","1,618.00","1,614.00","1,623.00","1,609.00","0.09K","0.06%"
"21-06-2024","1,617.00","1,613.00","1,620.50","1,606.00","0.17K","0.22%"
"20-06-2024","1,613.50","1,585.00","1,622.00","1,581.50","0.50K","2.48%"
"19-06-2024","1,574.50","1,565.00","1,577.00","1,565.00","0.03K","0.67%"
"18-06-2024","1,564.00","1,572.00","1,573.00","1,563.00","0.05K","-0.51%"
"14-06-2024","1,572.00","1,569.50","1,577.00","1,567.50","0.09K","0.26%"
"13-06-2024","1,568.00","1,565.50","1,570.00","1,563.00","0.06K","-0.16%"
"12-06-2024","1,570.50","1,571.50","1,576.00","1,565.00","0.10K","0.26%"
"11-06-2024","1,566.50","1,562.00","1,568.00","1,562.00","0.05K","0.26%"
"10-06-2024","1,562.50","1,565.50","1,572.00","1,561.00","0.06K","-0.54%"
"07-06-2024","1,571.00","1,578.50","1,578.50","1,566.50","0.06K","-0.16%"
"06-06-2024","1,573.50","1,577.50","1,577.50","1,571.00","0.01K","-0.19%"
"05-06-2024","1,576.50","1,573.00","1,579.00","1,569.50","0.06K","0.29%"
"04-06-2024","1,572.00","1,575.50","1,575.50","1,567.50","0.09K","-0.57%"
"03-06-2024","1,581.00","1,592.50","1,592.50","1,577.00","0.06K","-0.82%"
"31-05-2024","1,594.00","1,605.00","1,605.00","1,587.00","0.07K","-0.93%"
"30-05-2024","1,609.00","1,608.00","1,611.00","1,607.00","0.01K","-0.22%"
"29-05-2024","1,612.50","1,611.00","1,616.50","1,609.00","0.02K","0.06%"
"28-05-2024","1,611.50","1,610.00","1,613.50","1,607.00","0.01K","0.25%"
"27-05-2024","1,607.50","1,616.00","1,618.00","1,605.00","0.03K","-0.77%"
"24-05-2024","1,620.00","1,615.00","1,623.00","1,605.00","0.08K","0.59%"
"23-05-2024","1,610.50","1,596.00","1,612.50","1,596.00","0.06K","0.59%"
"22-05-2024","1,601.00","1,588.00","1,602.50","1,581.00","0.05K","0.85%"
"21-05-2024","1,587.50","1,574.00","1,602.00","1,574.00","0.06K","0.83%"
"17-05-2024","1,574.50","1,564.00","1,577.00","1,564.00","0.02K","0.51%"
"16-05-2024","1,566.50","1,560.00","1,570.00","1,560.00","0.01K","0.74%"
"15-05-2024","1,555.00","1,553.00","1,561.50","1,551.00","0.01K","-0.45%"
"14-05-2024","1,562.00","1,562.00","1,562.00","1,559.00","0.02K","-0.48%"
"13-05-2024","1,569.50","1,572.00","1,572.00","1,566.00","0.01K","0.48%"
"10-05-2024","1,562.00","1,559.00","1,562.00","1,559.00","0.01K","-0.03%"
"09-05-2024","1,562.50","1,569.50","1,569.50","1,561.00","0.02K","-0.19%"
"08-05-2024","1,565.50","1,573.50","1,573.50","1,561.00","0.03K","-0.63%"
"07-05-2024","1,575.50","1,572.50","1,577.00","1,572.50","0.01K","-0.44%"
"06-05-2024","1,582.50","1,584.00","1,585.50","1,577.50","0.02K","0.67%"
"03-05-2024","1,572.00","1,580.00","1,580.00","1,569.00","0.06K","-0.60%"
"02-05-2024","1,581.50","1,582.00","1,585.00","1,578.00","0.08K","2.03%"
"30-04-2024","1,550.00","1,600.00","1,586.50","1,586.50","0.02K","0.00%"
"29-04-2024","1,550.00","1,550.00","1,550.00","1,550.00","","0.00%"
"26-04-2024","1,550.00","1,550.00","1,550.00","1,550.00","","0.00%"
"25-04-2024","1,550.00","1,550.00","1,550.00","1,550.00","","0.00%"
"24-04-2024","1,550.00","1,550.00","1,550.00","1,550.00","","0.00%"
"23-04-2024","1,550.00","1,550.00","1,550.00","1,550.00","","0.00%"
"22-04-2024","1,550.00","1,550.00","1,550.00","1,550.00","","0.00%"
"19-04-2024","1,550.00","1,550.00","1,550.00","1,550.00","","0.00%"
"18-04-2024","1,550.00","1,550.00","1,550.00","1,550.00","","0.00%"
"16-04-2024","1,550.00","1,550.00","1,550.00","1,550.00","","0.00%"
"15-04-2024","1,550.00","1,550.00","1,550.00","1,550.00","","0.00%"
"12-04-2024","1,550.00","1,550.00","1,550.00","1,550.00","","0.00%"
"10-04-2024","1,550.00","1,550.00","1,550.00","1,550.00","","0.00%"
"09-04-2024","1,550.00","1,550.00","1,550.00","1,550.00","","0.00%"
"08-04-2024","1,550.00","1,550.00","1,550.00","1,550.00","","0.00%"
"05-04-2024","1,550.00","1,550.00","1,550.00","1,550.00","","0.00%"
"04-04-2024","1,550.00","1,550.00","1,550.00","1,550.00","","0.00%"
"03-04-2024","1,550.00","1,550.00","1,550.00","1,550.00","","0.00%"
"02-04-2024","1,550.00","1,550.00","1,550.00","1,550.00","","0.00%"
"01-04-2024","1,550.00","1,550.00","1,550.00","1,550.00","","0.00%"
"28-03-2024","1,550.00","1,550.00","1,550.00","1,550.00","","0.00%"
"27-03-2024","1,550.00","1,550.00","1,550.00","1,550.00","","0.00%"
"26-03-2024","1,550.00","1,550.00","1,550.00","1,550.00","","0.00%"
"22-03-2024","1,550.00","1,550.00","1,550.00","1,550.00","","0.00%"
"21-03-2024","1,550.00","1,550.00","1,550.00","1,550.00","","0.00%"
"20-03-2024","1,550.00","1,568.00","1,560.00","1,550.00","","0.00%"
"19-03-2024","1,550.00","1,568.00","1,560.00","1,550.00","","0.00%"
"18-03-2024","1,550.00","1,550.00","1,550.00","1,550.00","","0.00%"
"15-03-2024","1,550.00","1,568.00","1,560.00","1,550.00","","0.00%"
"14-03-2024","1,550.00","1,550.00","1,550.00","1,550.00","","0.00%"
"13-03-2024","1,550.00","1,550.00","1,550.00","1,550.00","","0.00%"
"12-03-2024","1,550.00","1,568.00","1,560.00","1,550.00","","0.00%"
"11-03-2024","1,550.00","1,550.00","1,550.00","1,550.00","","0.00%"
"07-03-2024","1,550.00","1,568.00","1,560.00","1,550.00","","0.00%"
"06-03-2024","1,550.00","1,550.00","1,550.00","1,550.00","","0.00%"
"05-03-2024","1,550.00","1,568.00","1,560.00","1,550.00","","0.00%"
"04-03-2024","1,550.00","1,550.00","1,550.00","1,550.00","","0.00%"
"01-03-2024","1,550.00","1,568.00","1,560.00","1,550.00","","-13.67%"
"29-02-2024","1,795.50","1,795.50","1,795.50","1,795.50","","1.30%"
"28-02-2024","1,772.50","1,772.50","1,772.50","1,772.50","","0.25%"
"27-02-2024","1,768.00","1,768.00","1,768.00","1,768.00","","4.68%"
"26-02-2024","1,689.00","1,689.00","1,689.00","1,689.00","","0.42%"
"23-02-2024","1,682.00","1,682.00","1,682.00","1,682.00","","-1.15%"
"22-02-2024","1,701.50","1,701.50","1,701.50","1,701.50","","0.18%"
"21-02-2024","1,698.50","1,698.50","1,698.50","1,698.50","","0.44%"
"20-02-2024","1,691.00","1,691.00","1,691.00","1,691.00","","-1.80%"
"19-02-2024","1,722.00","1,722.00","1,722.00","1,722.00","","0.73%"
"16-02-2024","1,709.50","1,709.50","1,709.50","1,709.50","","1.94%"
"15-02-2024","1,677.00","1,677.00","1,677.00","1,677.00","","3.55%"
"14-02-2024","1,619.50","1,619.50","1,619.50","1,619.50","","2.50%"
"13-02-2024","1,580.00","1,580.00","1,580.00","1,580.00","","0.10%"
"12-02-2024","1,578.50","1,578.50","1,578.50","1,578.50","","0.41%"
"09-02-2024","1,572.00","1,572.00","1,572.00","1,572.00","","-1.78%"
"08-02-2024","1,600.50","1,600.50","1,600.50","1,600.50","","1.49%"
"07-02-2024","1,577.00","1,577.00","1,577.00","1,577.00","","0.29%"
"06-02-2024","1,572.50","1,572.50","1,572.50","1,572.50","","-0.69%"
"05-02-2024","1,583.50","1,583.50","1,583.50","1,583.50","","-1.62%"
"02-02-2024","1,609.50","1,609.50","1,609.50","1,609.50","","1.23%"
"01-02-2024","1,590.00","1,590.00","1,590.00","1,590.00","","-0.06%"
"31-01-2024","1,591.00","1,591.00","1,591.00","1,591.00","","-3.63%"
"30-01-2024","1,651.00","1,651.00","1,651.00","1,651.00","","1.04%"
"29-01-2024","1,634.00","1,634.00","1,634.00","1,634.00","","-1.09%"
"25-01-2024","1,652.00","1,652.00","1,652.00","1,652.00","","-0.87%"
"24-01-2024","1,666.50","1,666.50","1,666.50","1,666.50","","-0.03%"
"23-01-2024","1,667.00","1,667.00","1,667.00","1,667.00","","-0.54%"
"19-01-2024","1,676.00","1,676.00","1,676.00","1,676.00","","0.60%"
"18-01-2024","1,666.00","1,666.00","1,666.00","1,666.00","","0.39%"
"17-01-2024","1,659.50","1,659.50","1,659.50","1,659.50","","-0.60%"
"16-01-2024","1,669.50","1,669.50","1,669.50","1,669.50","","-0.45%"
"15-01-2024","1,677.00","1,677.00","1,677.00","1,677.00","","-1.00%"
"12-01-2024","1,694.00","1,694.00","1,694.00","1,694.00","","1.83%"
"11-01-2024","1,663.50","1,663.50","1,663.50","1,663.50","","0.09%"
"10-01-2024","1,662.00","1,662.00","1,662.00","1,662.00","","0.12%"
"09-01-2024","1,660.00","1,660.00","1,660.00","1,660.00","","0.00%"
"08-01-2024","1,660.00","1,660.00","1,660.00","1,660.00","","-1.54%"
"05-01-2024","1,686.00","1,686.00","1,686.00","1,686.00","","-1.35%"
"04-01-2024","1,709.00","1,709.00","1,709.00","1,709.00","","0.86%"
"03-01-2024","1,694.50","1,694.50","1,694.50","1,694.50","","-0.88%"
"02-01-2024","1,709.50","1,709.50","1,709.50","1,709.50","","0.89%"
"01-01-2024","1,694.50","1,694.50","1,694.50","1,694.50","","-0.35%"
"29-12-2023","1,700.50","1,700.50","1,700.50","1,700.50","","0.27%"
"28-12-2023","1,696.00","1,696.00","1,696.00","1,696.00","","-0.44%"
"27-12-2023","1,703.50","1,703.50","1,703.50","1,703.50","","-0.15%"
"26-12-2023","1,706.00","1,706.00","1,706.00","1,706.00","","-0.79%"
"22-12-2023","1,719.50","1,719.50","1,719.50","1,719.50","","2.11%"
"21-12-2023","1,684.00","1,684.00","1,684.00","1,684.00","","0.00%"
"20-12-2023","1,684.00","1,684.00","1,684.00","1,684.00","","1.42%"
"19-12-2023","1,660.50","1,660.50","1,660.50","1,660.50","","-0.33%"
"18-12-2023","1,666.00","1,666.00","1,666.00","1,666.00","","-1.62%"
"15-12-2023","1,693.50","1,693.50","1,693.50","1,693.50","","-1.97%"
"14-12-2023","1,727.50","1,727.50","1,727.50","1,727.50","","0.32%"
"13-12-2023","1,722.00","1,722.00","1,722.00","1,722.00","","0.23%"
"12-12-2023","1,718.00","1,718.00","1,718.00","1,718.00","","-0.46%"
"11-12-2023","1,726.00","1,726.00","1,726.00","1,726.00","","-0.80%"
"08-12-2023","1,740.00","1,740.00","1,740.00","1,740.00","","2.23%"
"07-12-2023","1,702.00","1,702.00","1,702.00","1,702.00","","-0.90%"
"06-12-2023","1,717.50","1,717.50","1,717.50","1,717.50","","2.66%"
"05-12-2023","1,673.00","1,673.00","1,673.00","1,673.00","","-0.80%"
"04-12-2023","1,686.50","1,686.50","1,686.50","1,686.50","","0.87%"
"01-12-2023","1,672.00","1,672.00","1,672.00","1,672.00","","7.39%"
"30-11-2023","1,557.00","1,568.00","1,571.50","1,552.00","0.47K","-0.92%"
"29-11-2023","1,571.50","1,564.00","1,575.00","1,562.00","0.26K","0.38%"
"28-11-2023","1,565.50","1,577.00","1,577.00","1,560.00","0.47K","-0.45%"
"24-11-2023","1,572.50","1,580.00","1,590.50","1,570.00","0.48K","-0.66%"
"23-11-2023","1,583.00","1,586.00","1,592.00","1,578.00","0.32K","0.09%"
"22-11-2023","1,581.50","1,580.00","1,587.50","1,570.50","0.40K","0.64%"
"21-11-2023","1,571.50","1,573.00","1,580.00","1,569.50","0.35K","-0.38%"
"20-11-2023","1,577.50","1,576.00","1,583.00","1,555.00","0.47K","0.06%"
"17-11-2023","1,576.50","1,578.00","1,584.50","1,570.00","0.27K","-0.32%"
"16-11-2023","1,581.50","1,585.00","1,588.00","1,580.00","0.32K","-0.57%"
"15-11-2023","1,590.50","1,586.00","1,594.00","1,586.00","0.34K","0.44%"
"13-11-2023","1,583.50","1,570.00","1,584.50","1,566.00","0.23K","0.57%"
"12-11-2023","1,574.50","1,572.00","1,575.00","1,571.00","0.06K","0.67%"
"10-11-2023","1,564.00","1,569.50","1,574.00","1,555.00","0.30K","0.39%"
"09-11-2023","1,558.00","1,575.50","1,580.00","1,534.00","0.94K","-1.39%"
"08-11-2023","1,580.00","1,583.00","1,595.00","1,577.00","0.38K","-0.57%"
"07-11-2023","1,589.00","1,591.00","1,604.00","1,580.00","0.70K","-0.84%"
"06-11-2023","1,602.50","1,610.50","1,611.00","1,594.00","0.51K","-0.71%"
"03-11-2023","1,614.00","1,622.00","1,625.00","1,608.50","0.29K","-0.31%"
"02-11-2023","1,619.00","1,619.00","1,622.00","1,609.00","0.37K","-0.28%"
"01-11-2023","1,623.50","1,615.00","1,631.50","1,606.00","0.74K","0.12%"
"31-10-2023","1,621.50","1,625.00","1,630.00","1,618.00","0.58K","-0.80%"
"30-10-2023","1,634.50","1,630.00","1,646.00","1,628.00","0.50K","-0.73%"
"27-10-2023","1,646.50","1,632.00","1,649.00","1,632.00","0.48K","1.01%"
"26-10-2023","1,630.00","1,616.00","1,641.50","1,608.00","0.75K","1.05%"
"25-10-2023","1,613.00","1,611.00","1,624.00","1,607.00","0.41K","0.53%"
"23-10-2023","1,604.50","1,596.00","1,610.00","1,592.00","0.46K","-0.12%"
"20-10-2023","1,606.50","1,617.00","1,617.00","1,603.00","0.32K","-0.34%"
"19-10-2023","1,612.00","1,621.50","1,621.50","1,607.00","0.25K","0.00%"
"18-10-2023","1,612.00","1,631.00","1,635.00","1,605.00","0.68K","-1.77%"
"17-10-2023","1,641.00","1,644.50","1,644.50","1,631.50","0.24K","-0.24%"
"16-10-2023","1,645.00","1,646.00","1,654.00","1,643.00","0.19K","0.06%"
"13-10-2023","1,644.00","1,626.00","1,648.00","1,620.00","0.42K","1.20%"
"12-10-2023","1,624.50","1,635.00","1,641.00","1,622.00","0.43K","-0.70%"
"11-10-2023","1,636.00","1,640.00","1,664.00","1,628.00","0.52K","-0.24%"
"10-10-2023","1,640.00","1,650.00","1,658.00","1,637.00","0.33K","-0.97%"
"09-10-2023","1,656.00","1,660.50","1,669.50","1,653.00","0.25K","-0.36%"
"06-10-2023","1,662.00","1,638.00","1,671.50","1,636.00","0.86K","1.09%"
"05-10-2023","1,644.00","1,655.00","1,656.00","1,635.00","0.45K","-0.30%"
"04-10-2023","1,649.00","1,632.00","1,655.00","1,624.00","0.56K","1.63%"
"03-10-2023","1,622.50","1,629.50","1,635.00","1,618.00","0.59K","-0.58%"
"29-09-2023","1,632.00","1,641.50","1,646.00","1,624.00","0.86K","-0.46%"
"28-09-2023","1,639.50","1,595.00","1,646.00","1,595.00","0.91K","2.50%"
"27-09-2023","1,599.50","1,590.00","1,602.00","1,585.00","0.32K","0.76%"
"26-09-2023","1,587.50","1,581.00","1,593.00","1,572.00","0.46K","0.67%"
"25-09-2023","1,577.00","1,578.00","1,589.50","1,571.50","0.30K","-0.06%"
"22-09-2023","1,578.00","1,570.00","1,584.50","1,566.00","0.31K","0.45%"
"21-09-2023","1,571.00","1,594.00","1,595.00","1,560.00","1.03K","-1.78%"
"20-09-2023","1,599.50","1,606.00","1,606.00","1,592.00","0.25K","-0.31%"
"18-09-2023","1,604.50","1,598.50","1,612.50","1,596.00","0.20K","0.16%"
"15-09-2023","1,602.00","1,594.00","1,615.00","1,586.00","0.18K","-0.22%"
"14-09-2023","1,605.50","1,605.00","1,610.00","1,595.50","0.18K","0.00%"
"13-09-2023","1,605.50","1,617.00","1,620.00","1,602.00","0.28K","-0.65%"
"12-09-2023","1,616.00","1,595.00","1,624.00","1,594.00","0.70K","1.83%"
"11-09-2023","1,587.00","1,584.00","1,592.00","1,576.00","0.24K","0.28%"
"08-09-2023","1,582.50","1,592.00","1,598.50","1,575.50","0.36K","-0.88%"
"07-09-2023","1,596.50","1,595.00","1,602.00","1,585.50","0.36K","-0.41%"
"06-09-2023","1,603.00","1,614.00","1,614.50","1,593.00","0.35K","-0.50%"
"05-09-2023","1,611.00","1,600.00","1,615.00","1,590.00","0.30K","0.34%"
"04-09-2023","1,605.50","1,609.00","1,617.00","1,602.00","0.52K","0.34%"
"01-09-2023","1,600.00","1,580.00","1,605.00","1,577.00","0.73K","1.68%"
"31-08-2023","1,573.50","1,577.50","1,586.00","1,567.50","0.30K","0.00%"
"30-08-2023","1,573.50","1,565.00","1,578.50","1,565.00","0.37K","0.38%"
"29-08-2023","1,567.50","1,542.00","1,574.50","1,542.00","0.24K","1.03%"
"28-08-2023","1,551.50","1,560.00","1,562.00","1,547.00","0.16K","-0.06%"
"25-08-2023","1,552.50","1,554.00","1,558.00","1,547.50","0.08K","-0.06%"
"24-08-2023","1,553.50","1,559.00","1,559.50","1,549.00","0.12K","0.10%"
"23-08-2023","1,552.00","1,560.00","1,565.00","1,537.50","0.49K","-0.35%"
"22-08-2023","1,557.50","1,559.00","1,566.00","1,550.00","0.17K","-0.26%"
"21-08-2023","1,561.50","1,576.00","1,576.00","1,545.00","0.39K","-0.95%"
"18-08-2023","1,576.50","1,582.50","1,588.00","1,575.00","0.09K","-0.25%"
"17-08-2023","1,580.50","1,575.00","1,586.50","1,573.00","0.07K","0.16%"
"16-08-2023","1,578.00","1,580.00","1,589.50","1,572.00","0.17K","-0.54%"
"14-08-2023","1,586.50","1,583.00","1,598.00","1,576.00","0.40K","1.02%"
"11-08-2023","1,570.50","1,569.50","1,574.00","1,565.00","0.08K","0.00%"
"10-08-2023","1,570.50","1,567.00","1,576.00","1,565.50","0.07K","0.16%"
"09-08-2023","1,568.00","1,565.00","1,575.00","1,562.00","0.12K","0.29%"
"08-08-2023","1,563.50","1,578.00","1,580.00","1,562.00","0.16K","-0.82%"
"07-08-2023","1,576.50","1,589.50","1,598.00","1,575.00","0.48K","-0.10%"
"04-08-2023","1,578.00","1,559.50","1,593.00","1,553.00","0.33K","1.45%"
"03-08-2023","1,555.50","1,561.00","1,566.50","1,553.50","0.12K","-0.67%"
"02-08-2023","1,566.00","1,556.00","1,570.00","1,548.00","0.28K","0.77%"
"01-08-2023","1,554.00","1,545.50","1,556.00","1,542.00","0.22K","0.42%"
"31-07-2023","1,547.50","1,533.00","1,550.00","1,530.00","0.18K","0.49%"
"28-07-2023","1,540.00","1,550.00","1,550.00","1,533.00","0.49K","-1.03%"
"27-07-2023","1,556.00","1,558.00","1,562.00","1,550.00","0.24K","-0.19%"
"26-07-2023","1,559.00","1,570.00","1,575.00","1,552.00","0.37K","-0.10%"
"25-07-2023","1,560.50","1,548.00","1,567.00","1,537.50","0.45K","1.00%"
"24-07-2023","1,545.00","1,530.00","1,546.00","1,528.00","0.30K","0.78%"
"21-07-2023","1,533.00","1,539.00","1,552.00","1,525.00","0.25K","-0.33%"
"20-07-2023","1,538.00","1,526.00","1,540.00","1,526.00","0.28K","1.08%"
"19-07-2023","1,521.50","1,527.00","1,535.00","1,518.00","0.19K","-0.29%"
"18-07-2023","1,526.00","1,513.00","1,528.00","1,510.00","0.47K","0.93%"
"17-07-2023","1,512.00","1,490.50","1,518.00","1,490.50","0.43K","0.90%"
"14-07-2023","1,498.50","1,496.00","1,505.00","1,488.00","0.32K","0.27%"
"13-07-2023","1,494.50","1,488.50","1,495.50","1,484.00","0.14K","0.27%"
"12-07-2023","1,490.50","1,498.00","1,505.00","1,488.50","0.16K","-0.07%"
"11-07-2023","1,491.50","1,483.50","1,494.50","1,476.00","0.14K","0.67%"
"10-07-2023","1,481.50","1,480.00","1,488.00","1,476.00","0.15K","0.10%"
"07-07-2023","1,480.00","1,485.00","1,485.00","1,472.50","0.15K","-0.37%"
"06-07-2023","1,485.50","1,498.50","1,498.50","1,485.00","0.11K","-0.87%"
"05-07-2023","1,498.50","1,498.00","1,504.00","1,493.50","0.10K","0.20%"
"04-07-2023","1,495.50","1,505.00","1,505.00","1,495.00","0.08K","-0.60%"
"03-07-2023","1,504.50","1,505.00","1,508.00","1,499.00","0.14K","0.53%"
"30-06-2023","1,496.50","1,498.00","1,504.50","1,491.00","0.24K","0.64%"
"28-06-2023","1,487.00","1,480.00","1,490.00","1,478.50","0.11K","0.81%"
"27-06-2023","1,475.00","1,472.50","1,485.00","1,470.00","0.11K","-0.10%"
"26-06-2023","1,476.50","1,476.00","1,480.00","1,468.00","0.18K","-0.77%"
"23-06-2023","1,488.00","1,492.00","1,492.00","1,480.00","0.24K","-0.27%"
"22-06-2023","1,492.00","1,505.00","1,510.00","1,490.50","0.21K","-1.03%"
"21-06-2023","1,507.50","1,496.00","1,510.00","1,493.00","0.14K","0.53%"
"20-06-2023","1,499.50","1,500.00","1,503.00","1,494.00","0.15K","-0.13%"
"19-06-2023","1,501.50","1,500.00","1,517.00","1,498.00","0.28K","-0.13%"
"16-06-2023","1,503.50","1,489.50","1,505.00","1,481.50","0.17K","1.01%"
"15-06-2023","1,488.50","1,478.00","1,489.00","1,478.00","0.12K","0.13%"
"14-06-2023","1,486.50","1,494.00","1,499.00","1,478.00","0.25K","-0.73%"
"13-06-2023","1,497.50","1,503.00","1,503.50","1,488.00","0.13K","0.07%"
"12-06-2023","1,496.50","1,514.00","1,514.00","1,491.00","0.21K","-0.86%"
"09-06-2023","1,509.50","1,511.00","1,514.50","1,495.50","0.32K","-0.23%"
"08-06-2023","1,513.00","1,516.00","1,518.00","1,508.00","0.10K","-0.59%"
"07-06-2023","1,522.00","1,508.00","1,535.00","1,500.00","0.32K","0.59%"
"06-06-2023","1,513.00","1,538.00","1,538.00","1,508.00","0.32K","-1.82%"
"05-06-2023","1,541.00","1,557.50","1,557.50","1,538.00","0.12K","-0.52%"
"02-06-2023","1,549.00","1,539.00","1,552.00","1,531.00","0.25K","0.94%"
"01-06-2023","1,534.50","1,506.00","1,540.00","1,506.00","0.15K","1.22%"
"31-05-2023","1,516.00","1,516.00","1,525.00","1,506.50","0.13K","-0.39%"
"30-05-2023","1,522.00","1,518.00","1,540.00","1,508.00","0.24K","-0.13%"
"29-05-2023","1,524.00","1,494.50","1,528.50","1,494.50","0.30K","2.56%"
"26-05-2023","1,486.00","1,469.00","1,490.00","1,469.00","0.06K","0.54%"
"25-05-2023","1,478.00","1,493.50","1,493.50","1,476.00","0.06K","-1.57%"
"24-05-2023","1,501.50","1,470.00","1,506.50","1,470.00","0.21K","2.07%"
"23-05-2023","1,471.00","1,526.00","1,530.00","1,463.50","0.41K","-4.91%"
"22-05-2023","1,547.00","1,572.00","1,572.00","1,532.50","0.24K","-2.12%"
"19-05-2023","1,580.50","1,592.00","1,592.00","1,575.50","0.03K","-0.41%"
"18-05-2023","1,587.00","1,594.50","1,603.50","1,584.00","0.05K","-0.41%"
"17-05-2023","1,593.50","1,613.00","1,613.00","1,591.00","0.06K","-0.75%"
"16-05-2023","1,605.50","1,608.50","1,608.50","1,602.50","0.01K","0.12%"
"15-05-2023","1,603.50","1,610.00","1,610.00","1,602.00","0.03K","-0.31%"
"12-05-2023","1,608.50","1,603.00","1,609.00","1,603.00","0.02K","0.00%"
"11-05-2023","1,608.50","1,611.50","1,611.50","1,605.00","0.02K","-0.46%"
"10-05-2023","1,616.00","1,614.00","1,617.00","1,614.00","0.00K","0.15%"
"09-05-2023","1,613.50","1,615.00","1,615.00","1,611.00","0.09K","-0.37%"
"08-05-2023","1,619.50","1,618.00","1,620.00","1,618.00","0.02K","-0.55%"
"05-05-2023","1,628.50","1,621.00","1,629.50","1,621.00","0.05K","0.77%"
"04-05-2023","1,616.00","1,616.00","1,617.00","1,615.00","0.04K","0.56%"
"03-05-2023","1,607.00","1,607.00","1,607.00","1,607.00","0.00K","-0.31%"
"02-05-2023","1,612.00","1,615.00","1,615.00","1,605.50","0.00K","-3.76%"
"28-04-2023","1,675.00","1,617.50","1,617.50","1,617.50","","0.39%"
"27-04-2023","1,668.50","1,668.50","1,668.50","1,668.50","","0.00%"
"26-04-2023","1,668.50","1,668.50","1,668.50","1,668.50","","-1.04%"
"25-04-2023","1,686.00","1,686.00","1,686.00","1,686.00","","0.21%"
"24-04-2023","1,682.50","1,682.50","1,682.50","1,682.50","","0.27%"
"21-04-2023","1,678.00","1,678.00","1,678.00","1,678.00","","-0.97%"
"20-04-2023","1,694.50","1,694.50","1,694.50","1,694.50","","-0.21%"
"19-04-2023","1,698.00","1,698.00","1,698.00","1,698.00","","0.24%"
"18-04-2023","1,694.00","1,694.00","1,694.00","1,694.00","","-1.11%"
"17-04-2023","1,713.00","1,713.00","1,713.00","1,713.00","","-0.12%"
"13-04-2023","1,715.00","1,715.00","1,715.00","1,715.00","","0.41%"
"12-04-2023","1,708.00","1,708.00","1,708.00","1,708.00","","0.23%"
"11-04-2023","1,704.00","1,704.00","1,704.00","1,704.00","","-0.32%"
"10-04-2023","1,709.50","1,709.50","1,709.50","1,709.50","","1.73%"
"06-04-2023","1,680.50","1,680.50","1,680.50","1,680.50","","-0.91%"
"05-04-2023","1,696.00","1,696.00","1,696.00","1,696.00","","1.92%"
"03-04-2023","1,664.00","1,664.00","1,664.00","1,664.00","","3.84%"
"31-03-2023","1,602.50","1,602.50","1,602.50","1,602.50","","-0.03%"
"29-03-2023","1,603.00","1,603.00","1,603.00","1,603.00","","-0.03%"
"28-03-2023","1,603.50","1,603.50","1,603.50","1,603.50","","-0.50%"
"27-03-2023","1,611.50","1,611.50","1,611.50","1,611.50","","-1.59%"
"24-03-2023","1,637.50","1,637.50","1,637.50","1,637.50","","0.86%"
"23-03-2023","1,623.50","1,623.50","1,623.50","1,623.50","","0.62%"
"22-03-2023","1,613.50","1,613.50","1,613.50","1,613.50","","0.47%"
"21-03-2023","1,606.00","1,606.00","1,606.00","1,606.00","","-1.92%"
"20-03-2023","1,637.50","1,637.50","1,637.50","1,637.50","","0.71%"
"17-03-2023","1,626.00","1,626.00","1,626.00","1,626.00","","1.03%"
"16-03-2023","1,609.50","1,609.50","1,609.50","1,609.50","","-1.47%"
"15-03-2023","1,633.50","1,633.50","1,633.50","1,633.50","","1.87%"
"14-03-2023","1,603.50","1,603.50","1,603.50","1,603.50","","-0.47%"
"13-03-2023","1,611.00","1,611.00","1,611.00","1,611.00","","-1.38%"
"10-03-2023","1,633.50","1,633.50","1,633.50","1,633.50","","-0.21%"
"09-03-2023","1,637.00","1,637.00","1,637.00","1,637.00","","-0.94%"
"08-03-2023","1,652.50","1,652.50","1,652.50","1,652.50","","0.36%"
"06-03-2023","1,646.50","1,646.50","1,646.50","1,646.50","","0.24%"
"03-03-2023","1,642.50","1,642.50","1,642.50","1,642.50","","-0.39%"
"02-03-2023","1,649.00","1,649.00","1,649.00","1,649.00","","0.52%"
"01-03-2023","1,640.50","1,640.50","1,640.50","1,640.50","","-1.74%"
"28-02-2023","1,669.50","1,669.50","1,669.50","1,669.50","","0.97%"
"27-02-2023","1,653.50","1,653.50","1,653.50","1,653.50","","0.85%"
"24-02-2023","1,639.50","1,639.50","1,639.50","1,639.50","","-1.12%"
"23-02-2023","1,658.00","1,658.00","1,658.00","1,658.00","","-0.42%"
"22-02-2023","1,665.00","1,665.00","1,665.00","1,665.00","","-0.48%"
"21-02-2023","1,673.00","1,673.00","1,673.00","1,673.00","","0.90%"
"20-02-2023","1,658.00","1,658.00","1,658.00","1,658.00","","0.21%"
"17-02-2023","1,654.50","1,654.50","1,654.50","1,654.50","","-0.90%"
"16-02-2023","1,669.50","1,669.50","1,669.50","1,669.50","","-2.79%"
"15-02-2023","1,717.50","1,717.50","1,717.50","1,717.50","","0.32%"
"14-02-2023","1,712.00","1,712.00","1,712.00","1,712.00","","0.18%"
"13-02-2023","1,709.00","1,709.00","1,709.00","1,709.00","","2.49%"
"10-02-2023","1,667.50","1,667.50","1,667.50","1,667.50","","-1.36%"
"09-02-2023","1,690.50","1,690.50","1,690.50","1,690.50","","1.84%"
"08-02-2023","1,660.00","1,660.00","1,660.00","1,660.00","","1.16%"
"07-02-2023","1,641.00","1,641.00","1,641.00","1,641.00","","0.61%"
"06-02-2023","1,631.00","1,631.00","1,631.00","1,631.00","","-0.15%"
"03-02-2023","1,633.50","1,633.50","1,633.50","1,633.50","","-0.15%"
"02-02-2023","1,636.00","1,636.00","1,636.00","1,636.00","","-1.68%"
"01-02-2023","1,664.00","1,664.00","1,664.00","1,664.00","","2.53%"
"31-01-2023","1,623.00","1,623.00","1,623.00","1,623.00","","0.31%"
"30-01-2023","1,618.00","1,618.00","1,618.00","1,618.00","","-1.34%"
"27-01-2023","1,640.00","1,640.00","1,640.00","1,640.00","","1.17%"
"25-01-2023","1,621.00","1,621.00","1,621.00","1,621.00","","0.50%"
"24-01-2023","1,613.00","1,613.00","1,613.00","1,613.00","","-4.53%"
"23-01-2023","1,689.50","1,689.50","1,689.50","1,689.50","","-1.14%"
"20-01-2023","1,709.00","1,709.00","1,709.00","1,709.00","","-1.47%"
"19-01-2023","1,734.50","1,734.50","1,734.50","1,734.50","","-0.40%"
"18-01-2023","1,741.50","1,741.50","1,741.50","1,741.50","","0.43%"
"17-01-2023","1,734.00","1,734.00","1,734.00","1,734.00","","0.81%"
"16-01-2023","1,720.00","1,720.00","1,720.00","1,720.00","","0.56%"
"13-01-2023","1,710.50","1,710.50","1,710.50","1,710.50","","3.73%"
"12-01-2023","1,649.00","1,649.00","1,649.00","1,649.00","","-0.78%"
"11-01-2023","1,662.00","1,662.00","1,662.00","1,662.00","","-0.57%"
"10-01-2023","1,671.50","1,671.50","1,671.50","1,671.50","","-2.37%"
"09-01-2023","1,712.00","1,712.00","1,712.00","1,712.00","","1.03%"
"06-01-2023","1,694.50","1,694.50","1,694.50","1,694.50","","-4.27%"
"05-01-2023","1,770.00","1,770.00","1,770.00","1,770.00","","1.35%"
"04-01-2023","1,746.50","1,746.50","1,746.50","1,746.50","","-0.34%"
"03-01-2023","1,752.50","1,752.50","1,752.50","1,752.50","","3.42%"
"02-01-2023","1,694.50","1,694.50","1,694.50","1,694.50","","0.15%"
"30-12-2022","1,692.00","1,692.00","1,692.00","1,692.00","","2.39%"
"29-12-2022","1,652.50","1,652.50","1,652.50","1,652.50","","-0.39%"
"28-12-2022","1,659.00","1,659.00","1,659.00","1,659.00","","0.82%"
"27-12-2022","1,645.50","1,645.50","1,645.50","1,645.50","","3.13%"
"26-12-2022","1,595.50","1,595.50","1,595.50","1,595.50","","-0.28%"
"23-12-2022","1,600.00","1,600.00","1,600.00","1,600.00","","0.00%"
"22-12-2022","1,600.00","1,600.00","1,600.00","1,600.00","","0.00%"
"21-12-2022","1,600.00","1,600.00","1,600.00","1,600.00","","0.00%"
"20-12-2022","1,600.00","1,600.00","1,600.00","1,600.00","","0.00%"
"19-12-2022","1,600.00","1,600.00","1,600.00","1,600.00","","0.00%"
"16-12-2022","1,600.00","1,600.00","1,600.00","1,600.00","","0.00%"
"15-12-2022","1,600.00","1,600.00","1,600.00","1,600.00","","0.00%"
"14-12-2022","1,600.00","1,600.00","1,600.00","1,600.00","","0.00%"
"13-12-2022","1,600.00","1,600.00","1,600.00","1,600.00","","0.00%"
"12-12-2022","1,600.00","1,600.00","1,600.00","1,600.00","","0.00%"
"09-12-2022","1,600.00","1,600.00","1,600.00","1,600.00","","0.00%"
"08-12-2022","1,600.00","1,600.00","1,600.00","1,600.00","","0.00%"
"07-12-2022","1,600.00","1,600.00","1,600.00","1,600.00","","0.00%"
"06-12-2022","1,600.00","1,600.00","1,600.00","1,600.00","","0.00%"
"05-12-2022","1,600.00","1,600.00","1,600.00","1,600.00","","0.00%"
"02-12-2022","1,600.00","1,600.00","1,600.00","1,600.00","","0.00%"
"01-12-2022","1,600.00","1,600.00","1,600.00","1,600.00","","-6.30%"
"30-11-2022","1,707.50","1,713.00","1,714.50","1,698.50","0.74K","-0.52%"
"29-11-2022","1,716.50","1,695.00","1,718.50","1,692.00","1.07K","1.96%"
"28-11-2022","1,683.50","1,711.00","1,711.50","1,680.50","1.08K","-2.83%"
"25-11-2022","1,732.50","1,725.00","1,736.00","1,725.00","0.79K","0.76%"
"24-11-2022","1,719.50","1,699.00","1,726.00","1,698.00","1.36K","1.54%"
"23-11-2022","1,693.50","1,687.00","1,705.00","1,676.00","1.10K","0.77%"
"22-11-2022","1,680.50","1,670.00","1,692.00","1,667.00","0.84K","0.48%"
"21-11-2022","1,672.50","1,683.00","1,696.00","1,670.00","1.44K","-2.14%"
"18-11-2022","1,709.00","1,739.00","1,761.00","1,700.00","2.07K","-1.81%"
"17-11-2022","1,740.50","1,770.00","1,838.50","1,737.00","1.82K","-2.19%"
"16-11-2022","1,779.50","1,728.00","1,787.00","1,728.00","1.62K","3.49%"
"15-11-2022","1,719.50","1,715.50","1,736.00","1,704.00","1.54K","0.26%"
"14-11-2022","1,715.00","1,760.00","1,767.00","1,711.00","1.74K","-2.08%"
"11-11-2022","1,751.50","1,700.00","1,755.00","1,697.00","1.56K","3.46%"
"10-11-2022","1,693.00","1,707.00","1,727.00","1,685.00","1.35K","-0.76%"
"09-11-2022","1,706.00","1,654.00","1,715.00","1,650.00","1.52K","3.02%"
"07-11-2022","1,656.00","1,646.00","1,668.00","1,640.00","0.90K","0.03%"
"04-11-2022","1,655.50","1,592.00","1,662.00","1,588.00","2.19K","4.61%"
"03-11-2022","1,582.50","1,594.00","1,599.50","1,573.00","0.91K","-0.19%"
"02-11-2022","1,585.50","1,582.00","1,607.00","1,576.00","1.36K","0.92%"
"01-11-2022","1,571.00","1,534.50","1,573.00","1,533.00","1.02K","2.55%"
"31-10-2022","1,532.00","1,535.00","1,546.00","1,528.00","0.63K","-1.13%"
"28-10-2022","1,549.50","1,548.00","1,554.50","1,535.00","0.79K","-0.48%"
"27-10-2022","1,557.00","1,561.00","1,570.00","1,553.00","0.59K","-0.06%"
"25-10-2022","1,558.00","1,571.00","1,573.00","1,553.00","0.55K","-1.24%"
"24-10-2022","1,577.50","1,580.00","1,589.00","1,573.00","0.30K","-0.69%"
"21-10-2022","1,588.50","1,584.00","1,595.50","1,579.00","0.63K","-0.22%"
"20-10-2022","1,592.00","1,607.00","1,607.00","1,585.50","1.03K","-1.24%"
"19-10-2022","1,612.00","1,618.00","1,635.00","1,609.00","0.73K","-0.28%"
"18-10-2022","1,616.50","1,610.00","1,620.00","1,608.50","0.36K","0.09%"
"17-10-2022","1,615.00","1,608.00","1,618.00","1,599.00","0.49K","1.00%"
"14-10-2022","1,599.00","1,613.00","1,625.00","1,593.00","0.94K","-0.74%"
"13-10-2022","1,611.00","1,607.00","1,622.00","1,602.00","0.78K","-0.46%"
"12-10-2022","1,618.50","1,629.00","1,639.00","1,615.00","0.75K","-0.92%"
"11-10-2022","1,633.50","1,664.00","1,666.00","1,627.00","0.87K","-1.77%"
"10-10-2022","1,663.00","1,635.50","1,686.00","1,634.00","1.60K","2.02%"
"07-10-2022","1,630.00","1,625.00","1,641.50","1,622.00","0.47K","0.15%"
"06-10-2022","1,627.50","1,616.00","1,647.00","1,616.00","0.68K","0.09%"
"04-10-2022","1,626.00","1,598.00","1,637.50","1,588.50","1.30K","2.49%"
"03-10-2022","1,586.50","1,587.00","1,604.50","1,580.50","0.53K","-0.22%"
"30-09-2022","1,590.00","1,571.00","1,594.00","1,565.00","0.81K","0.95%"
"29-09-2022","1,575.00","1,590.00","1,594.00","1,572.00","0.50K","-1.04%"
"28-09-2022","1,591.50","1,611.00","1,614.00","1,585.50","0.90K","-1.73%"
"27-09-2022","1,619.50","1,620.00","1,625.00","1,609.00","0.57K","-0.55%"
"26-09-2022","1,628.50","1,636.00","1,639.00","1,621.50","0.46K","-0.67%"
"23-09-2022","1,639.50","1,653.50","1,656.00","1,636.00","0.44K","-1.15%"
"22-09-2022","1,658.50","1,665.00","1,668.00","1,657.00","0.27K","-0.18%"
"21-09-2022","1,661.50","1,650.00","1,663.50","1,644.50","0.36K","0.51%"
"20-09-2022","1,653.00","1,647.00","1,662.00","1,640.00","0.82K","0.03%"
"19-09-2022","1,652.50","1,665.00","1,666.00","1,643.50","0.97K","-1.11%"
"16-09-2022","1,671.00","1,697.00","1,697.00","1,665.50","0.62K","-1.62%"
"15-09-2022","1,698.50","1,693.00","1,702.00","1,685.00","0.25K","0.27%"
"14-09-2022","1,694.00","1,699.50","1,700.00","1,684.00","0.54K","-0.70%"
"13-09-2022","1,706.00","1,722.00","1,729.50","1,693.00","0.71K","-1.13%"
"12-09-2022","1,725.50","1,736.50","1,738.00","1,717.00","0.28K","-0.60%"
"09-09-2022","1,736.00","1,750.00","1,750.00","1,727.50","0.36K","-0.17%"
"08-09-2022","1,739.00","1,755.00","1,755.00","1,732.00","0.43K","-0.23%"
"07-09-2022","1,743.00","1,720.00","1,747.00","1,718.00","0.29K","0.98%"
"06-09-2022","1,726.00","1,730.00","1,734.00","1,713.50","0.32K","0.29%"
"05-09-2022","1,721.00","1,740.50","1,747.00","1,702.00","0.84K","-1.77%"
"02-09-2022","1,752.00","1,744.00","1,760.00","1,743.00","0.27K","-0.40%"
"01-09-2022","1,759.00","1,760.00","1,777.00","1,746.50","0.38K","-0.68%"
"30-08-2022","1,771.00","1,742.00","1,784.50","1,737.50","0.53K","1.23%"
"29-08-2022","1,749.50","1,748.00","1,756.00","1,726.00","0.31K","-0.28%"
"26-08-2022","1,754.50","1,735.50","1,767.50","1,731.00","0.54K","0.98%"
"25-08-2022","1,737.50","1,751.50","1,762.50","1,718.50","0.80K","-0.91%"
"24-08-2022","1,753.50","1,758.50","1,765.00","1,746.00","0.36K","-0.51%"
"23-08-2022","1,762.50","1,777.00","1,777.00","1,748.50","0.72K","-1.48%"
"22-08-2022","1,789.00","1,776.00","1,790.00","1,768.00","0.36K","1.53%"
"19-08-2022","1,762.00","1,774.00","1,780.00","1,760.00","0.35K","-0.54%"
"18-08-2022","1,771.50","1,782.00","1,796.50","1,766.00","0.42K","-1.20%"
"17-08-2022","1,793.00","1,800.00","1,808.50","1,768.50","0.69K","-0.06%"
"16-08-2022","1,794.00","1,761.00","1,839.00","1,761.00","0.79K","3.04%"
"12-08-2022","1,741.00","1,698.00","1,743.50","1,696.00","0.41K","2.26%"
"11-08-2022","1,702.50","1,693.50","1,705.00","1,681.00","0.24K","1.13%"
"10-08-2022","1,683.50","1,686.00","1,698.00","1,680.00","0.12K","-0.06%"
"08-08-2022","1,684.50","1,690.00","1,695.00","1,677.00","0.16K","-0.56%"
"05-08-2022","1,694.00","1,690.00","1,704.50","1,690.00","0.22K","0.21%"
"04-08-2022","1,690.50","1,688.00","1,707.00","1,688.00","0.26K","0.48%"
"03-08-2022","1,682.50","1,679.00","1,688.50","1,672.00","0.10K","0.69%"
"02-08-2022","1,671.00","1,660.00","1,685.00","1,660.00","0.10K","0.15%"
"01-08-2022","1,668.50","1,658.00","1,675.00","1,658.00","0.17K","0.60%"
"29-07-2022","1,658.50","1,681.00","1,685.00","1,654.50","0.27K","-1.37%"
"28-07-2022","1,681.50","1,687.00","1,689.00","1,675.00","0.16K","-0.12%"
"27-07-2022","1,683.50","1,646.00","1,687.00","1,646.00","0.37K","1.81%"
"26-07-2022","1,653.50","1,622.00","1,656.00","1,622.00","0.32K","1.91%"
"25-07-2022","1,622.50","1,619.00","1,627.00","1,614.00","0.11K","0.03%"
"22-07-2022","1,622.00","1,630.00","1,630.00","1,617.00","0.06K","-0.43%"
"21-07-2022","1,629.00","1,632.00","1,644.00","1,616.00","0.23K","0.00%"
"20-07-2022","1,629.00","1,611.00","1,630.00","1,609.50","0.17K","1.50%"
"19-07-2022","1,605.00","1,622.00","1,624.00","1,601.00","0.28K","-1.47%"
"18-07-2022","1,629.00","1,640.00","1,640.00","1,623.00","0.18K","0.49%"
"15-07-2022","1,621.00","1,621.50","1,628.00","1,610.00","0.17K","0.00%"
"14-07-2022","1,621.00","1,645.00","1,648.00","1,617.00","0.27K","-1.73%"
"13-07-2022","1,649.50","1,682.00","1,682.00","1,646.00","0.36K","-2.54%"
"12-07-2022","1,692.50","1,674.00","1,696.00","1,668.00","0.09K","1.11%"
"11-07-2022","1,674.00","1,658.00","1,678.00","1,653.00","0.16K","1.00%"
"08-07-2022","1,657.50","1,641.00","1,675.00","1,641.00","0.29K","1.10%"
"07-07-2022","1,639.50","1,640.00","1,647.00","1,636.00","0.06K","0.03%"
"06-07-2022","1,639.00","1,638.00","1,641.00","1,635.50","0.04K","-0.15%"
"05-07-2022","1,641.50","1,635.00","1,645.00","1,634.50","0.14K","0.34%"
"04-07-2022","1,636.00","1,633.00","1,643.00","1,633.00","0.06K","-0.37%"
"01-07-2022","1,642.00","1,637.50","1,645.00","1,630.00","0.11K","-0.24%"
"30-06-2022","1,646.00","1,645.00","1,655.00","1,633.00","0.25K","-0.21%"
"29-06-2022","1,649.50","1,645.00","1,660.00","1,637.00","0.07K","-0.03%"
"28-06-2022","1,650.00","1,663.00","1,663.00","1,635.00","0.17K","-0.87%"
"27-06-2022","1,664.50","1,675.00","1,680.00","1,655.00","0.14K","-1.25%"
"24-06-2022","1,685.50","1,657.00","1,689.00","1,636.50","0.29K","0.93%"
"23-06-2022","1,670.00","1,670.00","1,674.50","1,652.00","0.17K","-0.92%"
"22-06-2022","1,685.50","1,690.00","1,699.00","1,680.00","0.14K","-1.06%"
"21-06-2022","1,703.50","1,712.00","1,721.00","1,696.00","0.12K","-0.32%"
"20-06-2022","1,709.00","1,721.50","1,722.00","1,706.00","0.09K","-1.47%"
"17-06-2022","1,734.50","1,732.00","1,738.50","1,717.00","0.06K","0.17%"
"16-06-2022","1,731.50","1,720.50","1,742.00","1,720.50","0.07K","0.73%"
"15-06-2022","1,719.00","1,712.00","1,721.00","1,712.00","0.04K","0.06%"
"14-06-2022","1,718.00","1,701.00","1,720.50","1,701.00","0.04K","0.59%"
"13-06-2022","1,708.00","1,709.50","1,710.00","1,702.00","0.03K","-0.26%"
"10-06-2022","1,712.50","1,697.00","1,720.00","1,697.00","0.10K","0.71%"
"09-06-2022","1,700.50","1,700.00","1,704.00","1,694.50","0.04K","0.09%"
"08-06-2022","1,699.00","1,690.00","1,705.00","1,683.00","0.09K","0.38%"
"07-06-2022","1,692.50","1,698.00","1,709.00","1,690.00","0.06K","-0.65%"
"06-06-2022","1,703.50","1,711.00","1,721.00","1,691.00","0.08K","-0.53%"
"03-06-2022","1,712.50","1,755.00","1,771.50","1,700.00","0.16K","-2.31%"
"02-06-2022","1,753.00","1,722.00","1,755.00","1,698.00","0.17K","1.53%"
"01-06-2022","1,726.50","1,763.00","1,763.00","1,722.00","0.04K","-2.49%"
"31-05-2022","1,770.50","1,765.00","1,774.00","1,765.00","0.02K","0.40%"
"30-05-2022","1,763.50","1,781.00","1,781.00","1,762.00","0.05K","-1.18%"
"27-05-2022","1,784.50","1,799.50","1,800.00","1,782.50","0.03K","-0.70%"
"26-05-2022","1,797.00","1,796.50","1,799.00","1,790.00","0.02K","-0.11%"
"25-05-2022","1,799.00","1,804.00","1,806.50","1,767.50","0.12K","-1.24%"
"24-05-2022","1,821.50","1,826.00","1,826.00","1,814.00","0.01K","-0.33%"
"23-05-2022","1,827.50","1,826.00","1,832.00","1,821.00","0.02K","-0.41%"
"20-05-2022","1,835.00","1,831.00","1,848.50","1,830.00","0.03K","0.22%"
"19-05-2022","1,831.00","1,824.50","1,841.00","1,824.00","0.04K","0.00%"
"18-05-2022","1,831.00","1,834.00","1,845.00","1,827.00","0.03K","-0.27%"
"17-05-2022","1,836.00","1,844.00","1,874.00","1,830.00","0.06K","-0.05%"
"16-05-2022","1,837.00","1,819.00","1,840.00","1,819.00","0.03K","1.38%"
"13-05-2022","1,812.00","1,797.00","1,818.50","1,797.00","0.01K","0.33%"
"12-05-2022","1,806.00","1,803.00","1,809.00","1,803.00","0.00K","0.87%"
"11-05-2022","1,790.50","1,795.00","1,797.00","1,782.50","0.01K","-1.02%"
"10-05-2022","1,809.00","1,798.00","1,815.00","1,798.00","0.02K","0.58%"
"09-05-2022","1,798.50","1,779.00","1,812.00","1,779.00","0.05K","1.61%"
"06-05-2022","1,770.00","1,731.00","1,793.50","1,731.00","0.04K","1.61%"
"05-05-2022","1,742.00","1,735.00","1,750.00","1,735.00","0.01K","1.40%"
"04-05-2022","1,718.00","1,713.00","1,720.00","1,713.00","0.01K","-0.98%"
"03-05-2022","1,735.00","1,735.00","1,735.00","1,735.00","","0.00%"
"02-05-2022","1,735.00","1,735.00","1,735.00","1,735.00","0.00K","-2.86%"
"29-04-2022","1,786.00","1,735.00","1,735.00","1,735.00","","0.00%"
"28-04-2022","1,786.00","1,786.00","1,786.00","1,786.00","","0.00%"
"27-04-2022","1,786.00","1,786.00","1,786.00","1,786.00","","0.00%"
"26-04-2022","1,786.00","1,786.00","1,786.00","1,786.00","","0.00%"
"25-04-2022","1,786.00","1,786.00","1,786.00","1,786.00","","0.00%"
"22-04-2022","1,786.00","1,786.00","1,786.00","1,786.00","","0.00%"
"21-04-2022","1,786.00","1,786.00","1,786.00","1,786.00","","0.00%"
"20-04-2022","1,786.00","1,786.00","1,786.00","1,786.00","","0.00%"
"19-04-2022","1,786.00","1,786.00","1,786.00","1,786.00","","0.00%"
"18-04-2022","1,786.00","1,786.00","1,786.00","1,786.00","","0.00%"
"14-04-2022","1,786.00","1,786.00","1,786.00","1,786.00","","0.00%"
"13-04-2022","1,786.00","1,786.00","1,786.00","1,786.00","","0.00%"
"12-04-2022","1,786.00","1,786.00","1,786.00","1,786.00","","0.00%"
"11-04-2022","1,786.00","1,786.00","1,786.00","1,786.00","","0.00%"
"08-04-2022","1,786.00","1,786.00","1,786.00","1,786.00","","0.00%"
"07-04-2022","1,786.00","1,786.00","1,786.00","1,786.00","","0.00%"
"06-04-2022","1,786.00","1,786.00","1,786.00","1,786.00","","5.99%"
"05-04-2022","1,685.00","1,685.00","1,685.00","1,685.00","","5.97%"
"04-04-2022","1,590.00","1,590.00","1,590.00","1,590.00","","6.00%"
"01-04-2022","1,500.00","1,500.00","1,500.00","1,500.00","","0.00%"
"31-03-2022","1,500.00","1,500.00","1,500.00","1,500.00","","0.00%"
"30-03-2022","1,500.00","1,500.00","1,500.00","1,500.00","","0.00%"
"29-03-2022","1,500.00","1,500.00","1,500.00","1,500.00","","0.00%"
"28-03-2022","1,500.00","1,500.00","1,500.00","1,500.00","","0.00%"
"25-03-2022","1,500.00","1,500.00","1,500.00","1,500.00","","0.00%"
"24-03-2022","1,500.00","1,500.00","1,500.00","1,500.00","","0.00%"
"23-03-2022","1,500.00","1,500.00","1,500.00","1,500.00","","0.00%"
"22-03-2022","1,500.00","1,500.00","1,500.00","1,500.00","","0.00%"
"21-03-2022","1,500.00","1,500.00","1,500.00","1,500.00","","0.00%"
"18-03-2022","1,500.00","1,500.00","1,500.00","1,500.00","","0.00%"
"17-03-2022","1,500.00","1,500.00","1,500.00","1,500.00","","0.00%"
"16-03-2022","1,500.00","1,500.00","1,500.00","1,500.00","","0.00%"
"15-03-2022","1,500.00","1,500.00","1,500.00","1,500.00","","0.00%"
"14-03-2022","1,500.00","1,500.00","1,500.00","1,500.00","","0.00%"
"11-03-2022","1,500.00","1,500.00","1,500.00","1,500.00","","0.00%"
"10-03-2022","1,500.00","1,500.00","1,500.00","1,500.00","","0.00%"
"09-03-2022","1,500.00","1,500.00","1,500.00","1,500.00","","0.00%"
"08-03-2022","1,500.00","1,500.00","1,500.00","1,500.00","","0.00%"
"07-03-2022","1,500.00","1,500.00","1,500.00","1,500.00","","0.00%"
"04-03-2022","1,500.00","1,500.00","1,500.00","1,500.00","","0.00%"
"03-03-2022","1,500.00","1,500.00","1,500.00","1,500.00","","0.00%"
"02-03-2022","1,500.00","1,500.00","1,500.00","1,500.00","","0.00%"
"01-03-2022","1,500.00","1,500.00","1,500.00","1,500.00","","0.00%"
"28-02-2022","1,500.00","1,500.00","1,500.00","1,500.00","","0.00%"
"25-02-2022","1,500.00","1,500.00","1,500.00","1,500.00","","0.00%"
"24-02-2022","1,500.00","1,500.00","1,500.00","1,500.00","","0.00%"
"23-02-2022","1,500.00","1,500.00","1,500.00","1,500.00","","0.00%"
"22-02-2022","1,500.00","1,500.00","1,500.00","1,500.00","","0.00%"
"21-02-2022","1,500.00","1,500.00","1,500.00","1,500.00","","0.00%"
"18-02-2022","1,500.00","1,500.00","1,500.00","1,500.00","","0.00%"
"17-02-2022","1,500.00","1,500.00","1,500.00","1,500.00","","0.00%"
"16-02-2022","1,500.00","1,500.00","1,500.00","1,500.00","","0.00%"
"15-02-2022","1,500.00","1,500.00","1,500.00","1,500.00","","0.00%"
"14-02-2022","1,500.00","1,500.00","1,500.00","1,500.00","","0.00%"
"11-02-2022","1,500.00","1,500.00","1,500.00","1,500.00","","0.00%"
"10-02-2022","1,500.00","1,500.00","1,500.00","1,500.00","","0.00%"
"09-02-2022","1,500.00","1,500.00","1,500.00","1,500.00","","0.00%"
"08-02-2022","1,500.00","1,500.00","1,500.00","1,500.00","","0.00%"
"07-02-2022","1,500.00","1,500.00","1,500.00","1,500.00","","0.00%"
"04-02-2022","1,500.00","1,500.00","1,500.00","1,500.00","","0.00%"
"03-02-2022","1,500.00","1,500.00","1,500.00","1,500.00","","0.00%"
"02-02-2022","1,500.00","1,500.00","1,500.00","1,500.00","","0.00%"
"01-02-2022","1,500.00","1,500.00","1,500.00","1,500.00","","0.00%"
"31-01-2022","1,500.00","1,500.00","1,500.00","1,500.00","","0.00%"
"28-01-2022","1,500.00","1,500.00","1,500.00","1,500.00","","0.00%"
"27-01-2022","1,500.00","1,500.00","1,500.00","1,500.00","","0.00%"
"25-01-2022","1,500.00","1,500.00","1,500.00","1,500.00","","0.00%"
"24-01-2022","1,500.00","1,500.00","1,500.00","1,500.00","","0.00%"
"21-01-2022","1,500.00","1,500.00","1,500.00","1,500.00","","0.00%"
"20-01-2022","1,500.00","1,500.00","1,500.00","1,500.00","","0.00%"
"19-01-2022","1,500.00","1,500.00","1,500.00","1,500.00","","0.00%"
"18-01-2022","1,500.00","1,500.00","1,500.00","1,500.00","","0.00%"
"17-01-2022","1,500.00","1,500.00","1,500.00","1,500.00","","0.00%"
"14-01-2022","1,500.00","1,500.00","1,500.00","1,500.00","","0.00%"
"13-01-2022","1,500.00","1,500.00","1,500.00","1,500.00","","0.00%"
"12-01-2022","1,500.00","1,500.00","1,500.00","1,500.00","","0.00%"
"11-01-2022","1,500.00","1,500.00","1,500.00","1,500.00","","0.00%"
"10-01-2022","1,500.00","1,500.00","1,500.00","1,500.00","","0.00%"
"07-01-2022","1,500.00","1,500.00","1,500.00","1,500.00","","0.00%"
"06-01-2022","1,500.00","1,500.00","1,500.00","1,500.00","","0.00%"
"05-01-2022","1,500.00","1,500.00","1,500.00","1,500.00","","0.00%"
"04-01-2022","1,500.00","1,500.00","1,500.00","1,500.00","","0.00%"
"03-01-2022","1,500.00","1,500.00","1,500.00","1,500.00","","0.00%"
"31-12-2021","1,500.00","1,500.00","1,500.00","1,500.00","","0.00%"
"30-12-2021","1,500.00","1,500.00","1,500.00","1,500.00","","0.00%"
"29-12-2021","1,500.00","1,500.00","1,500.00","1,500.00","","0.00%"
"28-12-2021","1,500.00","1,500.00","1,500.00","1,500.00","","0.00%"
"27-12-2021","1,500.00","1,500.00","1,500.00","1,500.00","","0.00%"
"24-12-2021","1,500.00","1,500.00","1,500.00","1,500.00","","0.00%"
"23-12-2021","1,500.00","1,500.00","1,500.00","1,500.00","","0.00%"
"22-12-2021","1,500.00","1,500.00","1,500.00","1,500.00","","0.00%"
"21-12-2021","1,500.00","1,500.00","1,500.00","1,500.00","","0.00%"
"20-12-2021","1,500.00","1,500.00","1,500.00","1,500.00","","0.00%"
"17-12-2021","1,500.00","1,500.00","1,500.00","1,500.00","","0.00%"
"16-12-2021","1,500.00","1,500.00","1,500.00","1,500.00","","0.00%"
"15-12-2021","1,500.00","1,500.00","1,500.00","1,500.00","","0.00%"
"14-12-2021","1,500.00","1,500.00","1,500.00","1,500.00","","0.00%"
"13-12-2021","1,500.00","1,500.00","1,500.00","1,500.00","","0.00%"
"10-12-2021","1,500.00","1,500.00","1,500.00","1,500.00","","0.00%"
"09-12-2021","1,500.00","1,500.00","1,500.00","1,500.00","","0.00%"
"08-12-2021","1,500.00","1,500.00","1,500.00","1,500.00","","0.00%"
"07-12-2021","1,500.00","1,500.00","1,500.00","1,500.00","","0.00%"
"06-12-2021","1,500.00","1,500.00","1,500.00","1,500.00","","0.00%"
"03-12-2021","1,500.00","1,500.00","1,500.00","1,500.00","","0.00%"
"02-12-2021","1,500.00","1,500.00","1,500.00","1,500.00","","0.00%"
"01-12-2021","1,500.00","1,500.00","1,500.00","1,500.00","","-13.09%"
"30-11-2021","1,726.00","1,760.00","1,767.50","1,717.00","2.44K","-2.84%"
"29-11-2021","1,776.50","1,777.00","1,795.00","1,750.00","2.38K","0.34%"
"26-11-2021","1,770.50","1,834.00","1,840.00","1,766.00","3.08K","-3.62%"
"25-11-2021","1,837.00","1,785.00","1,840.50","1,784.50","2.31K","2.60%"
"24-11-2021","1,790.50","1,777.00","1,793.00","1,774.00","1.14K","0.90%"
"23-11-2021","1,774.50","1,774.00","1,777.00","1,747.00","1.72K","-0.08%"
"22-11-2021","1,776.00","1,755.00","1,782.00","1,755.00","1.74K","0.91%"
"19-11-2021","1,760.00","1,733.00","1,763.50","1,728.00","0.86K","1.29%"
"18-11-2021","1,737.50","1,733.00","1,759.00","1,727.00","1.83K","0.46%"
"17-11-2021","1,729.50","1,738.50","1,744.00","1,710.00","2.79K","-0.35%"
"16-11-2021","1,735.50","1,752.00","1,763.50","1,733.50","1.39K","-0.74%"
"15-11-2021","1,748.50","1,788.00","1,790.00","1,732.00","1.76K","-2.10%"
"12-11-2021","1,786.00","1,786.00","1,808.00","1,778.00","1.29K","-0.06%"
"11-11-2021","1,787.00","1,801.00","1,808.00","1,765.50","1.53K","-1.30%"
"10-11-2021","1,810.50","1,772.00","1,812.00","1,765.00","2.21K","3.07%"
"09-11-2021","1,756.50","1,771.00","1,780.00","1,741.00","2.57K","-1.46%"
"08-11-2021","1,782.50","1,781.00","1,789.50","1,751.00","1.58K","-0.31%"
"05-11-2021","1,788.00","1,808.00","1,808.00","1,783.00","0.65K","-1.05%"
"04-11-2021","1,807.00","1,809.00","1,813.00","1,804.00","0.34K","-0.28%"
"03-11-2021","1,812.00","1,818.50","1,837.00","1,797.00","2.24K","-0.85%"
"02-11-2021","1,827.50","1,852.00","1,855.00","1,821.00","2.41K","-1.88%"
"01-11-2021","1,862.50","1,825.00","1,865.00","1,822.00","2.60K","2.34%"
"29-10-2021","1,820.00","1,795.00","1,825.00","1,787.00","2.87K","1.85%"
"28-10-2021","1,787.00","1,776.00","1,793.00","1,762.00","1.88K","0.79%"
"27-10-2021","1,773.00","1,732.00","1,778.00","1,732.00","3.13K","2.01%"
"26-10-2021","1,738.00","1,719.50","1,742.00","1,703.00","1.92K","1.37%"
"25-10-2021","1,714.50","1,705.00","1,731.00","1,705.00","1.29K","0.94%"
"22-10-2021","1,698.50","1,695.00","1,702.00","1,675.00","2.16K","0.30%"
"21-10-2021","1,693.50","1,715.00","1,720.00","1,684.50","1.75K","-0.47%"
"20-10-2021","1,701.50","1,681.00","1,709.50","1,663.00","2.09K","1.01%"
"19-10-2021","1,684.50","1,701.00","1,722.50","1,661.00","2.37K","-0.85%"
"18-10-2021","1,699.00","1,720.00","1,747.00","1,693.00","2.24K","-0.32%"
"15-10-2021","1,704.50","1,709.00","1,735.00","1,701.50","1.56K","2.07%"
"14-10-2021","1,670.00","1,659.50","1,677.00","1,655.00","1.30K","1.33%"
"13-10-2021","1,648.00","1,661.00","1,672.50","1,635.50","1.82K","-1.61%"
"12-10-2021","1,675.00","1,676.00","1,717.00","1,668.50","2.47K","-0.15%"
"11-10-2021","1,677.50","1,643.00","1,685.00","1,640.00","1.46K","0.69%"
"08-10-2021","1,666.00","1,628.00","1,696.00","1,621.00","3.19K","3.61%"
"07-10-2021","1,608.00","1,625.00","1,637.50","1,590.00","1.91K","-0.25%"
"06-10-2021","1,612.00","1,600.00","1,650.00","1,598.00","3.95K","2.12%"
"05-10-2021","1,578.50","1,544.00","1,587.00","1,535.50","1.93K","2.87%"
"04-10-2021","1,534.50","1,535.00","1,542.00","1,512.50","1.46K","-0.62%"
"01-10-2021","1,544.00","1,527.00","1,550.00","1,511.00","1.66K","2.22%"
"30-09-2021","1,510.50","1,540.00","1,544.00","1,507.00","1.17K","-0.98%"
"29-09-2021","1,525.50","1,490.00","1,541.00","1,485.50","2.57K","2.35%"
"28-09-2021","1,490.50","1,489.00","1,498.00","1,471.00","0.90K","0.27%"
"27-09-2021","1,486.50","1,432.00","1,495.00","1,432.00","1.76K","4.35%"
"24-09-2021","1,424.50","1,435.00","1,437.00","1,422.00","0.69K","-0.52%"
"23-09-2021","1,432.00","1,404.00","1,436.00","1,397.50","1.14K","1.96%"
"22-09-2021","1,404.50","1,401.00","1,412.00","1,397.00","0.72K","0.46%"
"21-09-2021","1,398.00","1,379.00","1,406.50","1,377.00","0.98K","1.27%"
"20-09-2021","1,380.50","1,392.00","1,401.00","1,373.00","0.74K","-0.54%"
"17-09-2021","1,388.00","1,391.00","1,396.00","1,381.50","0.46K","-0.32%"
"16-09-2021","1,392.50","1,414.50","1,418.00","1,385.50","0.88K","-1.45%"
"15-09-2021","1,413.00","1,423.00","1,425.50","1,411.50","0.42K","-0.84%"
"14-09-2021","1,425.00","1,426.00","1,430.00","1,413.50","0.40K","-0.04%"
"13-09-2021","1,425.50","1,421.00","1,427.50","1,416.00","0.33K","0.04%"
"10-09-2021","1,425.00","1,433.00","1,433.00","1,423.00","0.07K","-0.42%"
"09-09-2021","1,431.00","1,443.00","1,449.00","1,425.00","0.37K","-0.83%"
"08-09-2021","1,443.00","1,419.00","1,446.00","1,419.00","0.44K","1.41%"
"07-09-2021","1,423.00","1,414.50","1,426.50","1,408.00","0.33K","0.39%"
"06-09-2021","1,417.50","1,422.00","1,429.00","1,410.00","0.30K","-0.32%"
"03-09-2021","1,422.00","1,415.50","1,425.00","1,407.00","0.45K","0.64%"
"02-09-2021","1,413.00","1,420.50","1,420.50","1,395.00","0.75K","-0.35%"
"01-09-2021","1,418.00","1,402.00","1,425.00","1,400.00","0.79K","0.93%"
"31-08-2021","1,405.00","1,429.00","1,430.00","1,401.00","0.95K","-1.68%"
"30-08-2021","1,429.00","1,439.00","1,447.50","1,428.00","0.30K","-1.18%"
"27-08-2021","1,446.00","1,430.00","1,450.00","1,418.00","0.68K","1.05%"
"26-08-2021","1,431.00","1,447.00","1,448.50","1,425.00","0.42K","-1.41%"
"25-08-2021","1,451.50","1,466.50","1,466.50","1,445.50","0.41K","-0.92%"
"24-08-2021","1,465.00","1,461.00","1,469.00","1,450.00","0.51K","0.03%"
"23-08-2021","1,464.50","1,477.00","1,477.50","1,461.50","0.37K","-0.75%"
"20-08-2021","1,475.50","1,474.50","1,482.00","1,460.00","0.40K","0.07%"
"19-08-2021","1,474.50","1,480.00","1,480.00","1,473.00","0.14K","-0.81%"
"18-08-2021","1,486.50","1,490.00","1,501.00","1,477.50","0.48K","-0.70%"
"17-08-2021","1,497.00","1,485.00","1,500.00","1,466.00","0.53K","1.08%"
"16-08-2021","1,481.00","1,488.00","1,499.00","1,476.50","0.37K","-0.17%"
"13-08-2021","1,483.50","1,450.50","1,487.00","1,448.00","0.50K","2.49%"
"12-08-2021","1,447.50","1,444.50","1,453.00","1,444.00","0.14K","0.21%"
"11-08-2021","1,444.50","1,445.00","1,450.00","1,442.00","0.07K","-0.03%"
"10-08-2021","1,445.00","1,441.00","1,448.00","1,427.50","0.42K","0.45%"
"09-08-2021","1,438.50","1,452.00","1,461.00","1,425.00","0.34K","-1.10%"
"06-08-2021","1,454.50","1,444.00","1,457.00","1,440.00","0.42K","0.80%"
"05-08-2021","1,443.00","1,448.00","1,448.50","1,435.50","0.24K","-0.52%"
"04-08-2021","1,450.50","1,445.00","1,452.00","1,443.00","0.26K","0.73%"
"03-08-2021","1,440.00","1,452.00","1,452.00","1,437.00","0.29K","-1.00%"
"02-08-2021","1,454.50","1,456.00","1,462.50","1,445.00","0.27K","0.00%"
"30-07-2021","1,454.50","1,436.00","1,460.00","1,436.00","0.26K","0.69%"
"29-07-2021","1,444.50","1,438.00","1,475.00","1,432.00","0.44K","0.66%"
"28-07-2021","1,435.00","1,428.50","1,437.00","1,420.00","0.24K","0.77%"
"27-07-2021","1,424.00","1,415.00","1,428.50","1,412.50","0.25K","0.60%"
"26-07-2021","1,415.50","1,403.00","1,420.00","1,390.00","0.43K","0.21%"
"23-07-2021","1,412.50","1,417.00","1,420.00","1,405.00","0.21K","0.04%"
"22-07-2021","1,412.00","1,400.00","1,418.00","1,392.00","0.46K","0.93%"
"21-07-2021","1,399.00","1,393.50","1,403.00","1,392.50","0.16K","0.90%"
"20-07-2021","1,386.50","1,365.00","1,394.00","1,355.00","0.22K","1.61%"
"19-07-2021","1,364.50","1,375.00","1,380.00","1,355.50","0.32K","-0.69%"
"16-07-2021","1,374.00","1,349.00","1,375.50","1,345.00","0.34K","1.82%"
"15-07-2021","1,349.50","1,332.50","1,354.00","1,327.00","0.49K","1.58%"
"14-07-2021","1,328.50","1,292.00","1,334.50","1,291.00","0.59K","2.94%"
"13-07-2021","1,290.50","1,285.00","1,292.00","1,285.00","0.06K","0.12%"
"12-07-2021","1,289.00","1,288.00","1,293.00","1,283.00","0.10K","0.31%"
"09-07-2021","1,285.00","1,286.00","1,288.00","1,283.00","0.07K","0.16%"
"08-07-2021","1,283.00","1,292.00","1,294.50","1,281.00","0.07K","-0.58%"
"07-07-2021","1,290.50","1,293.00","1,299.00","1,290.00","0.05K","-0.08%"
"06-07-2021","1,291.50","1,299.00","1,308.00","1,287.00","0.41K","-0.19%"
"05-07-2021","1,294.00","1,295.00","1,310.00","1,292.00","0.23K","0.04%"
"02-07-2021","1,293.50","1,294.00","1,302.50","1,285.00","0.21K","0.27%"
"01-07-2021","1,290.00","1,276.00","1,294.00","1,275.00","0.18K","0.94%"
"30-06-2021","1,278.00","1,288.00","1,327.00","1,272.00","0.60K","-0.70%"
"29-06-2021","1,287.00","1,271.00","1,293.00","1,264.00","0.24K","0.94%"
"28-06-2021","1,275.00","1,278.00","1,283.00","1,271.00","0.16K","-0.08%"
"25-06-2021","1,276.00","1,283.00","1,283.00","1,242.00","0.39K","-0.31%"
"24-06-2021","1,280.00","1,293.00","1,294.00","1,278.50","0.08K","-0.93%"
"23-06-2021","1,292.00","1,281.00","1,295.00","1,280.00","0.15K","0.94%"
"22-06-2021","1,280.00","1,280.00","1,285.50","1,277.00","0.09K","-0.19%"
"21-06-2021","1,282.50","1,285.00","1,289.00","1,277.50","0.14K","-0.50%"
"18-06-2021","1,289.00","1,297.00","1,299.00","1,287.00","0.10K","-0.92%"
"17-06-2021","1,301.00","1,308.00","1,308.00","1,296.00","0.07K","-0.57%"
"16-06-2021","1,308.50","1,305.00","1,310.50","1,300.00","0.09K","0.31%"
"15-06-2021","1,304.50","1,288.00","1,316.50","1,286.00","0.17K","1.44%"
"14-06-2021","1,286.00","1,294.50","1,297.50","1,285.00","0.11K","-1.00%"
"11-06-2021","1,299.00","1,320.00","1,320.00","1,294.00","0.21K","-1.74%"
"10-06-2021","1,322.00","1,332.50","1,332.50","1,306.00","0.17K","-0.75%"
"09-06-2021","1,332.00","1,331.00","1,334.00","1,322.00","0.06K","-0.15%"
"08-06-2021","1,334.00","1,330.00","1,338.50","1,324.00","0.08K","0.19%"
"07-06-2021","1,331.50","1,324.00","1,350.00","1,321.00","0.30K","0.83%"
"04-06-2021","1,320.50","1,295.00","1,323.50","1,293.00","0.12K","1.77%"
"03-06-2021","1,297.50","1,312.00","1,316.00","1,295.00","0.07K","-0.80%"
"02-06-2021","1,308.00","1,295.00","1,310.00","1,295.00","0.07K","0.62%"
"01-06-2021","1,300.00","1,283.00","1,301.00","1,269.00","0.10K","1.33%"
"31-05-2021","1,283.00","1,265.00","1,285.00","1,264.00","0.09K","1.70%"
"28-05-2021","1,261.50","1,265.00","1,268.00","1,255.50","0.04K","-0.24%"
"27-05-2021","1,264.50","1,261.00","1,264.50","1,260.50","0.02K","0.60%"
"26-05-2021","1,257.00","1,259.00","1,259.00","1,255.50","0.01K","-0.44%"
"25-05-2021","1,262.50","1,261.00","1,265.00","1,261.00","0.01K","0.40%"
"24-05-2021","1,257.50","1,255.00","1,262.00","1,255.00","0.02K","0.04%"
"21-05-2021","1,257.00","1,255.50","1,260.00","1,253.00","0.02K","0.04%"
"20-05-2021","1,256.50","1,260.00","1,261.00","1,255.00","0.03K","0.12%"
"19-05-2021","1,255.00","1,262.00","1,262.00","1,251.00","0.02K","-0.67%"
"18-05-2021","1,263.50","1,261.50","1,266.00","1,259.50","0.05K","-0.04%"
"17-05-2021","1,264.00","1,260.50","1,265.00","1,260.50","0.02K","-0.08%"
"14-05-2021","1,265.00","1,258.00","1,267.00","1,257.00","0.02K","-0.12%"
"13-05-2021","1,266.50","1,263.00","1,268.50","1,261.50","0.01K","0.28%"
"12-05-2021","1,263.00","1,252.50","1,267.50","1,252.50","0.06K","0.72%"
"11-05-2021","1,254.00","1,256.50","1,256.50","1,252.00","0.02K","-0.28%"
"10-05-2021","1,257.50","1,239.00","1,265.50","1,238.00","0.06K","1.21%"
"07-05-2021","1,242.50","1,245.00","1,245.00","1,237.00","0.02K","0.04%"
"06-05-2021","1,242.00","1,237.00","1,245.00","1,237.00","0.01K","0.57%"
"05-05-2021","1,235.00","1,235.00","1,235.00","1,235.00","0.00K","-0.20%"
"04-05-2021","1,237.50","1,238.50","1,239.50","1,235.00","0.01K","-0.28%"
"03-05-2021","1,241.00","1,242.00","1,242.00","1,235.00","0.02K","0.36%"
"30-04-2021","1,236.50","1,236.50","1,236.50","1,236.50","","1.19%"
"29-04-2021","1,222.00","1,222.00","1,222.00","1,222.00","","4.00%"
"28-04-2021","1,175.00","1,175.00","1,175.00","1,175.00","","3.98%"
"27-04-2021","1,130.00","1,130.00","1,130.00","1,130.00","","0.00%"
"26-04-2021","1,130.00","1,130.00","1,130.00","1,130.00","","0.00%"
"23-04-2021","1,130.00","1,130.00","1,130.00","1,130.00","","0.00%"
"22-04-2021","1,130.00","1,130.00","1,130.00","1,130.00","","0.00%"
"21-04-2021","1,130.00","1,130.00","1,130.00","1,130.00","","0.00%"
"20-04-2021","1,130.00","1,130.00","1,130.00","1,130.00","","0.00%"
"19-04-2021","1,130.00","1,130.00","1,130.00","1,130.00","","0.00%"
"16-04-2021","1,130.00","1,130.00","1,130.00","1,130.00","","0.00%"
"15-04-2021","1,130.00","1,130.00","1,130.00","1,130.00","","0.00%"
"14-04-2021","1,130.00","1,130.00","1,130.00","1,130.00","","0.00%"
"13-04-2021","1,130.00","1,130.00","1,130.00","1,130.00","","0.00%"
"12-04-2021","1,130.00","1,130.00","1,130.00","1,130.00","","0.00%"
"09-04-2021","1,130.00","1,130.00","1,130.00","1,130.00","","0.00%"
"08-04-2021","1,130.00","1,130.00","1,130.00","1,130.00","","0.00%"
"07-04-2021","1,130.00","1,130.00","1,130.00","1,130.00","","0.00%"
"06-04-2021","1,130.00","1,130.00","1,130.00","1,130.00","","0.00%"
"05-04-2021","1,130.00","1,130.00","1,130.00","1,130.00","","0.00%"
"01-04-2021","1,130.00","1,130.00","1,130.00","1,130.00","","0.00%"
"31-03-2021","1,130.00","1,130.00","1,130.00","1,130.00","","0.00%"
"30-03-2021","1,130.00","1,130.00","1,130.00","1,130.00","","0.00%"
"29-03-2021","1,130.00","1,130.00","1,130.00","1,130.00","","0.00%"
"26-03-2021","1,130.00","1,130.00","1,130.00","1,130.00","","0.00%"
"25-03-2021","1,130.00","1,130.00","1,130.00","1,130.00","","0.00%"
"24-03-2021","1,130.00","1,130.00","1,130.00","1,130.00","","0.00%"
"23-03-2021","1,130.00","1,130.00","1,130.00","1,130.00","","0.00%"
"22-03-2021","1,130.00","1,130.00","1,130.00","1,130.00","","0.00%"
"19-03-2021","1,130.00","1,130.00","1,130.00","1,130.00","","0.00%"
"18-03-2021","1,130.00","1,130.00","1,130.00","1,130.00","","0.00%"
"17-03-2021","1,130.00","1,130.00","1,130.00","1,130.00","","0.00%"
"16-03-2021","1,130.00","1,130.00","1,130.00","1,130.00","","0.00%"
"15-03-2021","1,130.00","1,130.00","1,130.00","1,130.00","","0.00%"
"12-03-2021","1,130.00","1,130.00","1,130.00","1,130.00","","0.00%"
"11-03-2021","1,130.00","1,130.00","1,130.00","1,130.00","","0.00%"
"10-03-2021","1,130.00","1,130.00","1,130.00","1,130.00","","0.00%"
"09-03-2021","1,130.00","1,130.00","1,130.00","1,130.00","","0.00%"
"08-03-2021","1,130.00","1,130.00","1,130.00","1,130.00","","0.00%"
"05-03-2021","1,130.00","1,130.00","1,130.00","1,130.00","","0.00%"
"04-03-2021","1,130.00","1,130.00","1,130.00","1,130.00","","0.00%"
"03-03-2021","1,130.00","1,130.00","1,130.00","1,130.00","","0.00%"
"02-03-2021","1,130.00","1,130.00","1,130.00","1,130.00","","0.00%"
"01-03-2021","1,130.00","1,130.00","1,130.00","1,130.00","","-10.00%"
"26-02-2021","1,255.50","1,255.50","1,255.50","1,255.50","","-0.87%"
"25-02-2021","1,266.50","1,266.50","1,266.50","1,266.50","","1.20%"
"24-02-2021","1,251.50","1,251.50","1,251.50","1,251.50","","-0.04%"
"23-02-2021","1,252.00","1,252.00","1,252.00","1,252.00","","0.12%"
"22-02-2021","1,250.50","1,250.50","1,250.50","1,250.50","","0.36%"
"19-02-2021","1,246.00","1,246.00","1,246.00","1,246.00","","-0.20%"
"18-02-2021","1,248.50","1,248.50","1,248.50","1,248.50","","0.40%"
"17-02-2021","1,243.50","1,243.50","1,243.50","1,243.50","","0.16%"
"16-02-2021","1,241.50","1,241.50","1,241.50","1,241.50","","0.36%"
"15-02-2021","1,237.00","1,237.00","1,237.00","1,237.00","","0.65%"
"12-02-2021","1,229.00","1,229.00","1,229.00","1,229.00","","-0.16%"
"11-02-2021","1,231.00","1,231.00","1,231.00","1,231.00","","0.70%"
"10-02-2021","1,222.50","1,222.50","1,222.50","1,222.50","","-1.13%"
"09-02-2021","1,236.50","1,236.50","1,236.50","1,236.50","","1.35%"
"08-02-2021","1,220.00","1,220.00","1,220.00","1,220.00","","0.25%"
"05-02-2021","1,217.00","1,217.00","1,217.00","1,217.00","","0.70%"
"04-02-2021","1,208.50","1,208.50","1,208.50","1,208.50","","0.29%"
"03-02-2021","1,205.00","1,205.00","1,205.00","1,205.00","","0.71%"
"02-02-2021","1,196.50","1,196.50","1,196.50","1,196.50","","0.08%"
"01-02-2021","1,195.50","1,195.50","1,195.50","1,195.50","","0.59%"
"29-01-2021","1,188.50","1,188.50","1,188.50","1,188.50","","-0.88%"
"28-01-2021","1,199.00","1,199.00","1,199.00","1,199.00","","-0.33%"
"27-01-2021","1,203.00","1,203.00","1,203.00","1,203.00","","-0.82%"
"25-01-2021","1,213.00","1,213.00","1,213.00","1,213.00","","0.17%"
"22-01-2021","1,211.00","1,211.00","1,211.00","1,211.00","","-0.70%"
"21-01-2021","1,219.50","1,219.50","1,219.50","1,219.50","","1.33%"
"20-01-2021","1,203.50","1,203.50","1,203.50","1,203.50","","0.96%"
"19-01-2021","1,192.00","1,192.00","1,192.00","1,192.00","","0.13%"
"18-01-2021","1,190.50","1,190.50","1,190.50","1,190.50","","-0.38%"
"15-01-2021","1,195.00","1,195.00","1,195.00","1,195.00","","-1.57%"
"14-01-2021","1,214.00","1,214.00","1,214.00","1,214.00","","-0.25%"
"13-01-2021","1,217.00","1,217.00","1,217.00","1,217.00","","0.66%"
"12-01-2021","1,209.00","1,209.00","1,209.00","1,209.00","","0.67%"
"11-01-2021","1,201.00","1,201.00","1,201.00","1,201.00","","-0.54%"
"08-01-2021","1,207.50","1,207.50","1,207.50","1,207.50","","-0.66%"
"07-01-2021","1,215.50","1,215.50","1,215.50","1,215.50","","-0.21%"
"06-01-2021","1,218.00","1,218.00","1,218.00","1,218.00","","-0.25%"
"05-01-2021","1,221.00","1,221.00","1,221.00","1,221.00","","0.04%"
"04-01-2021","1,220.50","1,220.50","1,220.50","1,220.50","","1.92%"
"01-01-2021","1,197.50","1,197.50","1,197.50","1,197.50","","0.67%"
"31-12-2020","1,189.50","1,189.50","1,189.50","1,189.50","","1.02%"
"30-12-2020","1,177.50","1,177.50","1,177.50","1,177.50","","0.21%"
"29-12-2020","1,175.00","1,175.00","1,175.00","1,175.00","","0.17%"
"28-12-2020","1,173.00","1,173.00","1,173.00","1,173.00","","-0.80%"
"24-12-2020","1,182.50","1,182.50","1,182.50","1,182.50","","-1.66%"
"23-12-2020","1,202.50","1,202.50","1,202.50","1,202.50","","1.56%"
"22-12-2020","1,184.00","1,184.00","1,184.00","1,184.00","","0.21%"
"21-12-2020","1,181.50","1,181.50","1,181.50","1,181.50","","-2.52%"
"18-12-2020","1,212.00","1,212.00","1,212.00","1,212.00","","-0.33%"
"17-12-2020","1,216.00","1,216.00","1,216.00","1,216.00","","0.21%"
"16-12-2020","1,213.50","1,213.50","1,213.50","1,213.50","","0.91%"
"15-12-2020","1,202.50","1,202.50","1,202.50","1,202.50","","0.08%"
"14-12-2020","1,201.50","1,201.50","1,201.50","1,201.50","","0.97%"
"11-12-2020","1,190.00","1,190.00","1,190.00","1,190.00","","-0.38%"
"10-12-2020","1,194.50","1,194.50","1,194.50","1,194.50","","2.14%"
"09-12-2020","1,169.50","1,169.50","1,169.50","1,169.50","","0.17%"
"08-12-2020","1,167.50","1,167.50","1,167.50","1,167.50","","0.34%"
"07-12-2020","1,163.50","1,163.50","1,163.50","1,163.50","","-1.23%"
"04-12-2020","1,178.00","1,178.00","1,178.00","1,178.00","","-0.13%"
"03-12-2020","1,179.50","1,179.50","1,179.50","1,179.50","","-0.38%"
"02-12-2020","1,184.00","1,184.00","1,184.00","1,184.00","","-0.71%"
"01-12-2020","1,192.50","1,192.50","1,192.50","1,192.50","","-0.91%"
"27-11-2020","1,203.50","1,186.00","1,205.00","1,181.00","1.79K","1.26%"
"26-11-2020","1,188.50","1,211.00","1,212.00","1,186.50","2.71K","-1.78%"
"25-11-2020","1,210.00","1,186.00","1,220.00","1,186.00","2.22K","1.94%"
"24-11-2020","1,187.00","1,198.00","1,201.50","1,182.50","1.65K","-1.45%"
"23-11-2020","1,204.50","1,212.00","1,223.00","1,196.00","1.96K","-0.12%"
"20-11-2020","1,206.00","1,195.00","1,211.50","1,195.00","1.58K","0.96%"
"19-11-2020","1,194.50","1,169.00","1,201.50","1,165.00","1.88K","2.23%"
"18-11-2020","1,168.50","1,170.50","1,171.50","1,161.50","0.86K","-0.17%"
"17-11-2020","1,170.50","1,174.50","1,177.50","1,169.00","0.65K","0.13%"
"14-11-2020","1,169.00","1,162.00","1,171.50","1,162.00","0.23K","0.52%"
"13-11-2020","1,163.00","1,166.00","1,167.00","1,160.00","0.75K","-0.39%"
"12-11-2020","1,167.50","1,172.00","1,175.00","1,165.50","1.12K","-0.72%"
"11-11-2020","1,176.00","1,162.00","1,183.00","1,162.00","1.38K","1.25%"
"10-11-2020","1,161.50","1,165.00","1,167.00","1,157.50","0.67K","-0.47%"
"09-11-2020","1,167.00","1,154.00","1,168.50","1,151.00","1.14K","1.35%"
"06-11-2020","1,151.50","1,148.50","1,157.00","1,137.00","1.40K","0.13%"
"05-11-2020","1,150.00","1,141.50","1,155.00","1,133.50","1.25K","1.01%"
"04-11-2020","1,138.50","1,121.00","1,140.00","1,104.00","2.10K","1.34%"
"03-11-2020","1,123.50","1,100.00","1,125.00","1,100.00","1.28K","1.81%"
"02-11-2020","1,103.50","1,101.00","1,109.00","1,092.00","1.96K","-0.81%"
"30-10-2020","1,112.50","1,125.00","1,129.00","1,110.00","1.15K","-1.16%"
"29-10-2020","1,125.50","1,127.00","1,132.00","1,120.00","0.92K","-0.31%"
"28-10-2020","1,129.00","1,129.00","1,143.50","1,126.50","1.93K","-0.22%"
"27-10-2020","1,131.50","1,112.00","1,138.00","1,109.00","1.40K","1.94%"
"26-10-2020","1,110.00","1,114.00","1,115.00","1,108.00","0.69K","0.00%"
"23-10-2020","1,110.00","1,121.00","1,122.50","1,107.00","1.08K","-0.98%"
"22-10-2020","1,121.00","1,122.00","1,125.00","1,117.00","0.95K","-0.04%"
"21-10-2020","1,121.50","1,123.50","1,130.00","1,115.00","1.73K","0.09%"
"20-10-2020","1,120.50","1,121.00","1,129.00","1,115.50","1.50K","-0.09%"
"19-10-2020","1,121.50","1,104.50","1,125.00","1,104.50","1.74K","2.09%"
"16-10-2020","1,098.50","1,086.00","1,100.00","1,082.00","1.51K","1.52%"
"15-10-2020","1,082.00","1,090.00","1,096.00","1,080.00","1.37K","-1.01%"
"14-10-2020","1,093.00","1,078.50","1,097.00","1,076.00","1.37K","1.20%"
"13-10-2020","1,080.00","1,078.00","1,085.00","1,075.00","1.02K","-0.05%"
"12-10-2020","1,080.50","1,062.00","1,084.00","1,062.00","1.49K","1.46%"
"09-10-2020","1,065.00","1,059.00","1,065.00","1,057.00","0.75K","0.76%"
"08-10-2020","1,057.00","1,044.50","1,059.50","1,042.50","1.38K","1.25%"
"07-10-2020","1,044.00","1,036.50","1,044.50","1,036.50","0.52K","0.48%"
"06-10-2020","1,039.00","1,039.00","1,041.50","1,037.50","0.39K","-0.24%"
"05-10-2020","1,041.50","1,043.00","1,043.00","1,033.00","0.87K","0.00%"
"01-10-2020","1,041.50","1,042.50","1,044.50","1,037.50","0.71K","0.19%"
"30-09-2020","1,039.50","1,033.00","1,040.00","1,030.00","0.56K","0.68%"
"29-09-2020","1,032.50","1,030.50","1,037.00","1,026.00","1.24K","-0.15%"
"28-09-2020","1,034.00","1,029.00","1,040.00","1,025.00","1.09K","0.83%"
"25-09-2020","1,025.50","1,028.00","1,031.50","1,024.00","0.55K","-0.15%"
"24-09-2020","1,027.00","1,028.00","1,033.50","1,021.00","1.03K","0.00%"
"23-09-2020","1,027.00","1,028.00","1,031.50","1,020.00","0.68K","0.10%"
"22-09-2020","1,026.00","1,015.00","1,029.00","1,014.00","0.46K","1.03%"
"21-09-2020","1,015.50","1,027.00","1,031.00","1,012.00","0.52K","-1.31%"
"18-09-2020","1,029.00","1,033.00","1,034.50","1,026.00","0.60K","-0.34%"
"17-09-2020","1,032.50","1,042.00","1,042.50","1,029.00","0.71K","-1.05%"
"16-09-2020","1,043.50","1,044.00","1,045.00","1,033.00","0.87K","0.24%"
"15-09-2020","1,041.00","1,044.00","1,047.50","1,038.00","0.69K","-0.10%"
"14-09-2020","1,042.00","1,039.00","1,044.00","1,032.50","0.54K","0.53%"
"11-09-2020","1,036.50","1,033.00","1,037.00","1,026.50","0.55K","0.39%"
"10-09-2020","1,032.50","1,014.00","1,036.50","1,012.50","0.54K","1.87%"
"09-09-2020","1,013.50","1,007.50","1,015.00","1,007.00","0.20K","0.30%"
"08-09-2020","1,010.50","1,018.00","1,019.50","1,008.50","0.24K","-0.98%"
"07-09-2020","1,020.50","1,022.00","1,023.00","1,017.50","0.11K","0.05%"
"04-09-2020","1,020.00","1,023.00","1,024.00","1,017.00","0.21K","-0.54%"
"03-09-2020","1,025.50","1,028.00","1,030.00","1,022.00","0.22K","-0.34%"
"02-09-2020","1,029.00","1,036.50","1,036.50","1,027.50","0.17K","-0.72%"
"01-09-2020","1,036.50","1,035.50","1,037.00","1,030.50","0.17K","0.05%"
"31-08-2020","1,036.00","1,038.00","1,038.50","1,033.00","0.20K","0.19%"
"28-08-2020","1,034.00","1,035.00","1,039.00","1,027.50","0.34K","0.05%"
"27-08-2020","1,033.50","1,037.50","1,040.00","1,032.00","0.31K","-0.39%"
"26-08-2020","1,037.50","1,043.00","1,044.00","1,036.00","0.42K","-0.53%"
"25-08-2020","1,043.00","1,046.00","1,046.00","1,032.00","0.77K","-0.24%"
"24-08-2020","1,045.50","1,042.00","1,049.00","1,041.00","0.63K","0.63%"
"21-08-2020","1,039.00","1,025.00","1,040.00","1,023.00","0.65K","1.46%"
"20-08-2020","1,024.00","1,018.00","1,027.00","1,014.00","0.47K","0.74%"
"19-08-2020","1,016.50","1,011.00","1,018.50","1,006.00","0.38K","0.44%"
"18-08-2020","1,012.00","1,005.00","1,015.00","1,005.00","0.41K","0.30%"
"17-08-2020","1,009.00","1,005.00","1,011.00","999.00","0.36K","0.55%"
"14-08-2020","1,003.50","994.00","1,005.00","988.00","0.40K","1.26%"
"13-08-2020","991.00","995.00","997.00","990.00","0.35K","-0.80%"
"12-08-2020","999.00","978.50","1,000.00","976.50","0.65K","1.78%"
"11-08-2020","981.50","983.00","984.50","978.00","0.23K","0.00%"
"10-08-2020","981.50","983.00","984.00","977.00","0.26K","0.36%"
"07-08-2020","978.00","981.00","985.00","977.00","0.18K","-0.66%"
"06-08-2020","984.50","974.00","988.00","971.00","0.61K","0.97%"
"05-08-2020","975.00","970.00","975.00","968.00","0.19K","0.46%"
"04-08-2020","970.50","971.50","974.00","967.50","0.10K","-0.10%"
"03-08-2020","971.50","968.00","973.00","963.00","0.24K","0.67%"
"31-07-2020","965.00","964.00","972.50","962.50","0.24K","0.26%"
"30-07-2020","962.50","963.50","967.00","961.50","0.14K","-0.47%"
"29-07-2020","967.00","967.00","969.00","963.50","0.10K","0.05%"
"28-07-2020","966.50","962.00","969.00","962.00","0.11K","0.16%"
"27-07-2020","965.00","966.00","968.00","961.00","0.22K","-0.10%"
"24-07-2020","966.00","972.00","973.00","963.00","0.44K","-0.67%"
"23-07-2020","972.50","977.00","977.00","970.00","0.21K","-0.15%"
"22-07-2020","974.00","976.00","979.00","973.00","0.18K","-0.15%"
"21-07-2020","975.50","970.00","988.00","968.50","0.45K","0.52%"
"20-07-2020","970.50","966.00","972.00","965.00","0.25K","0.47%"
"17-07-2020","966.00","964.00","969.00","959.00","0.38K","0.16%"
"16-07-2020","964.50","972.50","975.00","960.00","0.23K","-0.77%"
"15-07-2020","972.00","971.00","973.00","968.00","0.09K","0.26%"
"14-07-2020","969.50","970.00","972.50","965.50","0.22K","-0.15%"
"13-07-2020","971.00","978.00","978.00","970.00","0.43K","-0.77%"
"10-07-2020","978.50","982.50","985.00","975.00","0.37K","-0.56%"
"09-07-2020","984.00","985.00","989.00","982.00","0.55K","-0.20%"
"08-07-2020","986.00","981.00","987.00","976.50","0.47K","0.36%"
"07-07-2020","982.50","987.00","993.00","979.00","0.52K","-0.41%"
"06-07-2020","986.50","989.00","989.00","978.00","0.30K","-0.55%"
"03-07-2020","992.00","989.00","996.50","988.00","0.18K","-0.10%"
"02-07-2020","993.00","1,001.00","1,004.00","988.00","0.23K","-0.85%"
"01-07-2020","1,001.50","996.00","1,007.00","990.00","0.39K","1.42%"
"30-06-2020","987.50","988.00","990.00","980.00","0.23K","0.05%"
"29-06-2020","987.00","989.00","995.00","981.00","0.25K","-0.45%"
"26-06-2020","991.50","996.00","1,007.00","990.00","0.28K","-1.34%"
"25-06-2020","1,005.00","1,008.00","1,012.00","997.00","0.36K","-0.30%"
"24-06-2020","1,008.00","1,025.00","1,025.50","1,004.50","0.22K","-1.51%"
"23-06-2020","1,023.50","1,032.00","1,033.00","1,022.00","0.18K","-0.20%"
"22-06-2020","1,025.50","1,031.00","1,036.00","1,022.50","0.37K","-0.49%"
"19-06-2020","1,030.50","1,030.00","1,033.50","1,025.00","0.14K","-0.10%"
"18-06-2020","1,031.50","1,030.00","1,035.00","1,028.00","0.08K","0.68%"
"17-06-2020","1,024.50","1,020.00","1,026.00","1,015.00","0.09K","0.64%"
"16-06-2020","1,018.00","1,023.50","1,027.50","1,008.00","0.16K","-0.54%"
"15-06-2020","1,023.50","1,030.00","1,032.00","1,021.00","0.12K","-0.82%"
"12-06-2020","1,032.00","1,029.00","1,035.50","1,027.00","0.11K","0.10%"
"11-06-2020","1,031.00","1,033.00","1,039.00","1,028.00","0.09K","-0.19%"
"10-06-2020","1,033.00","1,042.00","1,045.00","1,025.00","0.13K","-0.77%"
"09-06-2020","1,041.00","1,045.00","1,049.00","1,038.00","0.08K","-0.48%"
"08-06-2020","1,046.00","1,032.00","1,053.00","1,031.00","0.24K","1.45%"
"05-06-2020","1,031.00","1,013.00","1,034.50","1,013.00","0.10K","1.68%"
"04-06-2020","1,014.00","1,010.50","1,016.00","1,010.50","0.03K","-0.05%"
"03-06-2020","1,014.50","1,010.00","1,018.00","1,005.00","0.12K","0.05%"
"02-06-2020","1,014.00","1,002.00","1,015.50","998.00","0.29K","2.01%"
"01-06-2020","994.00","988.00","1,001.00","988.00","0.15K","0.86%"
"29-05-2020","985.50","977.00","991.00","976.50","0.10K","0.51%"
"28-05-2020","980.50","980.00","983.00","978.00","0.04K","-0.31%"
"27-05-2020","983.50","988.50","989.00","980.50","0.08K","-0.25%"
"26-05-2020","986.00","983.50","988.00","983.50","0.02K","0.46%"
"22-05-2020","981.50","985.00","985.00","978.00","0.03K","-0.56%"
"21-05-2020","987.00","992.00","992.00","984.00","0.04K","-0.85%"
"20-05-2020","995.50","991.00","998.00","990.00","0.03K","0.86%"
"19-05-2020","987.00","989.00","989.00","985.50","0.04K","-0.10%"
"18-05-2020","988.00","988.00","991.00","985.50","0.01K","-0.40%"
"15-05-2020","992.00","993.00","993.00","990.00","0.01K","0.76%"
"14-05-2020","984.50","978.00","987.00","978.00","0.02K","-0.81%"
"13-05-2020","992.50","987.50","996.50","987.50","0.03K","0.35%"
"12-05-2020","989.00","988.50","991.50","983.00","0.04K","0.05%"
"11-05-2020","988.50","981.50","993.50","981.50","0.02K","-0.10%"
"08-05-2020","989.50","990.00","993.00","980.50","0.07K","0.25%"
"07-05-2020","987.00","974.00","989.00","971.50","0.05K","2.23%"
"06-05-2020","965.50","968.00","976.00","962.50","0.05K","-1.03%"
"05-05-2020","975.50","986.00","990.00","971.00","0.06K","-2.21%"
"04-05-2020","997.50","1,000.00","1,007.00","981.00","0.06K","-0.55%"
"30-04-2020","1,003.00","1,003.00","1,003.00","1,003.00","","-1.18%"
"29-04-2020","1,015.00","1,015.00","1,015.00","1,015.00","","1.40%"
"28-04-2020","1,001.00","1,001.00","1,001.00","1,001.00","","-1.96%"
"27-04-2020","1,021.00","1,021.00","1,021.00","1,021.00","","1.44%"
"24-04-2020","1,006.50","1,006.50","1,006.50","1,006.50","","-1.56%"
"23-04-2020","1,022.50","1,022.50","1,022.50","1,022.50","","0.44%"
"22-04-2020","1,018.00","1,018.00","1,018.00","1,018.00","","0.54%"
"21-04-2020","1,012.50","1,012.50","1,012.50","1,012.50","","-1.12%"
"20-04-2020","1,024.00","1,024.00","1,024.00","1,024.00","","-0.87%"
"17-04-2020","1,033.00","1,033.00","1,033.00","1,033.00","","0.05%"
"16-04-2020","1,032.50","1,032.50","1,032.50","1,032.50","","0.49%"
"15-04-2020","1,027.50","1,027.50","1,027.50","1,027.50","","0.00%"
"13-04-2020","1,027.50","1,027.50","1,027.50","1,027.50","","-0.15%"
"09-04-2020","1,029.00","1,029.00","1,029.00","1,029.00","","1.48%"
"08-04-2020","1,014.00","1,014.00","1,014.00","1,014.00","","-0.05%"
"07-04-2020","1,014.50","1,014.50","1,014.50","1,014.50","","-0.34%"
"03-04-2020","1,018.00","1,018.00","1,018.00","1,018.00","","-0.05%"
"01-04-2020","1,018.50","1,018.50","1,018.50","1,018.50","","-0.05%"
"31-03-2020","1,019.00","1,019.00","1,019.00","1,019.00","","-0.24%"
"30-03-2020","1,021.50","1,021.50","1,021.50","1,021.50","","-0.34%"
"27-03-2020","1,025.00","1,025.00","1,025.00","1,025.00","","0.00%"
"26-03-2020","1,025.00","1,025.00","1,025.00","1,025.00","","-0.05%"
"25-03-2020","1,025.50","1,025.50","1,025.50","1,025.50","","0.05%"
"24-03-2020","1,025.00","1,025.00","1,025.00","1,025.00","","0.20%"
"23-03-2020","1,023.00","1,023.00","1,023.00","1,023.00","","-2.06%"
"20-03-2020","1,044.50","1,044.50","1,044.50","1,044.50","","-0.33%"
"19-03-2020","1,048.00","1,048.00","1,048.00","1,048.00","","0.00%"
"18-03-2020","1,048.00","1,048.00","1,048.00","1,048.00","","-0.24%"
"17-03-2020","1,050.50","1,050.50","1,050.50","1,050.50","","-0.43%"
"16-03-2020","1,055.00","1,055.00","1,055.00","1,055.00","","0.86%"
"13-03-2020","1,046.00","1,046.00","1,046.00","1,046.00","","-1.32%"
"12-03-2020","1,060.00","1,060.00","1,060.00","1,060.00","","0.57%"
"11-03-2020","1,054.00","1,054.00","1,054.00","1,054.00","","0.96%"
"09-03-2020","1,044.00","1,044.00","1,044.00","1,044.00","","-1.04%"
"06-03-2020","1,055.00","1,055.00","1,055.00","1,055.00","","-0.57%"
"05-03-2020","1,061.00","1,061.00","1,061.00","1,061.00","","-0.70%"
"04-03-2020","1,068.50","1,068.50","1,068.50","1,068.50","","2.40%"
"03-03-2020","1,043.50","1,043.50","1,043.50","1,043.50","","-0.38%"
"02-03-2020","1,047.50","1,047.50","1,047.50","1,047.50","","2.15%"
"28-02-2020","1,025.50","1,025.50","1,025.50","1,025.50","","0.24%"
"27-02-2020","1,023.00","1,023.00","1,023.00","1,023.00","","-3.03%"
"26-02-2020","1,055.00","1,055.00","1,055.00","1,055.00","","-1.36%"
"25-02-2020","1,069.50","1,069.50","1,069.50","1,069.50","","0.00%"
"24-02-2020","1,069.50","1,069.50","1,069.50","1,069.50","","-1.97%"
"20-02-2020","1,091.00","1,091.00","1,091.00","1,091.00","","1.87%"
"19-02-2020","1,071.00","1,071.00","1,071.00","1,071.00","","-2.06%"
"18-02-2020","1,093.50","1,093.50","1,093.50","1,093.50","","0.28%"
"17-02-2020","1,090.50","1,090.50","1,090.50","1,090.50","","-0.18%"
"14-02-2020","1,092.50","1,092.50","1,092.50","1,092.50","","-0.41%"
"13-02-2020","1,097.00","1,097.00","1,097.00","1,097.00","","-1.48%"
"12-02-2020","1,113.50","1,113.50","1,113.50","1,113.50","","0.72%"
"11-02-2020","1,105.50","1,105.50","1,105.50","1,105.50","","0.77%"
"10-02-2020","1,097.00","1,097.00","1,097.00","1,097.00","","0.09%"
"07-02-2020","1,096.00","1,096.00","1,096.00","1,096.00","","-2.92%"
"06-02-2020","1,129.00","1,129.00","1,129.00","1,129.00","","0.18%"
"05-02-2020","1,127.00","1,127.00","1,127.00","1,127.00","","0.27%"
"04-02-2020","1,124.00","1,124.00","1,124.00","1,124.00","","1.67%"
"03-02-2020","1,105.50","1,105.50","1,105.50","1,105.50","","-0.54%"
"01-02-2020","1,111.50","1,111.50","1,111.50","1,111.50","","-0.40%"
"31-01-2020","1,116.00","1,116.00","1,116.00","1,116.00","","-1.41%"
"30-01-2020","1,132.00","1,132.00","1,132.00","1,132.00","","-1.39%"
"29-01-2020","1,148.00","1,148.00","1,148.00","1,148.00","","0.35%"
"28-01-2020","1,144.00","1,144.00","1,144.00","1,144.00","","1.55%"
"27-01-2020","1,126.50","1,126.50","1,126.50","1,126.50","","-0.57%"
"24-01-2020","1,133.00","1,133.00","1,133.00","1,133.00","","-1.73%"
"23-01-2020","1,153.00","1,153.00","1,153.00","1,153.00","","-2.41%"
"22-01-2020","1,181.50","1,181.50","1,181.50","1,181.50","","3.05%"
"21-01-2020","1,146.50","1,146.50","1,146.50","1,146.50","","-1.84%"
"20-01-2020","1,168.00","1,168.00","1,168.00","1,168.00","","1.34%"
"17-01-2020","1,152.50","1,152.50","1,152.50","1,152.50","","2.67%"
"16-01-2020","1,122.50","1,122.50","1,122.50","1,122.50","","-0.36%"
"15-01-2020","1,126.50","1,126.50","1,126.50","1,126.50","","-0.88%"
"14-01-2020","1,136.50","1,136.50","1,136.50","1,136.50","","0.00%"
"13-01-2020","1,136.50","1,136.50","1,136.50","1,136.50","","-0.61%"
"10-01-2020","1,143.50","1,143.50","1,143.50","1,143.50","","0.62%"
"09-01-2020","1,136.50","1,136.50","1,136.50","1,136.50","","0.22%"
"08-01-2020","1,134.00","1,134.00","1,134.00","1,134.00","","0.49%"
"07-01-2020","1,128.50","1,128.50","1,128.50","1,128.50","","0.31%"
"06-01-2020","1,125.00","1,125.00","1,125.00","1,125.00","","0.49%"
"03-01-2020","1,119.50","1,119.50","1,119.50","1,119.50","","-1.54%"
"02-01-2020","1,137.00","1,137.00","1,137.00","1,137.00","","1.02%"
"01-01-2020","1,125.50","1,125.50","1,125.50","1,125.50","","0.94%"
"31-12-2019","1,115.00","1,115.00","1,115.00","1,115.00","","-1.98%"
"30-12-2019","1,137.50","1,137.50","1,137.50","1,137.50","","0.40%"
"27-12-2019","1,133.00","1,133.00","1,133.00","1,133.00","","-0.26%"
"26-12-2019","1,136.00","1,136.00","1,136.00","1,136.00","","1.70%"
"24-12-2019","1,117.00","1,117.00","1,117.00","1,117.00","","-0.62%"
"23-12-2019","1,124.00","1,124.00","1,124.00","1,124.00","","1.08%"
"20-12-2019","1,112.00","1,112.00","1,112.00","1,112.00","","0.32%"
"19-12-2019","1,108.50","1,108.50","1,108.50","1,108.50","","1.37%"
"18-12-2019","1,093.50","1,093.50","1,093.50","1,093.50","","-0.59%"
"17-12-2019","1,100.00","1,100.00","1,100.00","1,100.00","","-0.27%"
"16-12-2019","1,103.00","1,103.00","1,103.00","1,103.00","","0.78%"
"13-12-2019","1,094.50","1,094.50","1,094.50","1,094.50","","-0.05%"
"12-12-2019","1,095.00","1,095.00","1,095.00","1,095.00","","1.30%"
"11-12-2019","1,081.00","1,081.00","1,081.00","1,081.00","","-0.46%"
"10-12-2019","1,086.00","1,086.00","1,086.00","1,086.00","","-0.14%"
"09-12-2019","1,087.50","1,087.50","1,087.50","1,087.50","","0.28%"
"06-12-2019","1,084.50","1,084.50","1,084.50","1,084.50","","1.36%"
"05-12-2019","1,070.00","1,070.00","1,070.00","1,070.00","","0.19%"
"04-12-2019","1,068.00","1,068.00","1,068.00","1,068.00","","0.14%"
"03-12-2019","1,066.50","1,066.50","1,066.50","1,066.50","","-0.51%"
"02-12-2019","1,072.00","1,072.00","1,072.00","1,072.00","","0.09%"
"29-11-2019","1,071.00","1,070.00","1,074.00","1,066.00","0.74K","0.09%"
"28-11-2019","1,070.00","1,078.00","1,079.00","1,068.50","1.20K","-0.65%"
"27-11-2019","1,077.00","1,080.00","1,081.50","1,075.00","0.61K","-0.42%"
"26-11-2019","1,081.50","1,075.00","1,083.50","1,074.00","1.39K","0.70%"
"25-11-2019","1,074.00","1,070.00","1,074.50","1,067.00","0.67K","0.47%"
"22-11-2019","1,069.00","1,061.00","1,070.00","1,061.00","0.65K","0.42%"
"21-11-2019","1,064.50","1,069.00","1,070.50","1,063.00","1.00K","-0.70%"
"20-11-2019","1,072.00","1,064.00","1,077.00","1,063.50","1.03K","0.66%"
"19-11-2019","1,065.00","1,065.00","1,068.50","1,063.50","0.48K","0.05%"
"18-11-2019","1,064.50","1,070.00","1,071.00","1,063.00","1.11K","-0.56%"
"15-11-2019","1,070.50","1,075.00","1,077.00","1,067.50","1.26K","-0.42%"
"14-11-2019","1,075.00","1,068.50","1,077.00","1,065.00","1.70K","0.47%"
"13-11-2019","1,070.00","1,062.00","1,071.00","1,060.50","1.73K","0.71%"
"11-11-2019","1,062.50","1,065.00","1,070.50","1,057.00","2.71K","-0.47%"
"08-11-2019","1,067.50","1,086.50","1,086.50","1,065.00","1.88K","-1.75%"
"07-11-2019","1,086.50","1,088.00","1,091.00","1,085.00","1.00K","-0.46%"
"06-11-2019","1,091.50","1,093.50","1,093.50","1,083.50","1.85K","-0.27%"
"05-11-2019","1,094.50","1,104.00","1,106.00","1,088.00","2.06K","-1.04%"
"04-11-2019","1,106.00","1,093.00","1,113.00","1,093.00","2.04K","1.42%"
"01-11-2019","1,090.50","1,087.50","1,093.00","1,086.00","0.86K","0.18%"
"31-10-2019","1,088.50","1,086.00","1,095.00","1,086.00","1.00K","0.18%"
"30-10-2019","1,086.50","1,085.50","1,087.00","1,080.50","0.50K","0.09%"
"29-10-2019","1,085.50","1,083.00","1,087.00","1,077.00","0.92K","0.42%"
"27-10-2019","1,081.00","1,084.00","1,085.00","1,080.00","0.23K","-0.41%"
"25-10-2019","1,085.50","1,091.50","1,092.00","1,084.00","0.89K","-0.46%"
"24-10-2019","1,090.50","1,084.00","1,091.00","1,080.50","0.99K","0.69%"
"23-10-2019","1,083.00","1,082.00","1,087.00","1,080.00","0.80K","-0.14%"
"22-10-2019","1,084.50","1,095.00","1,095.00","1,077.50","2.04K","-1.32%"
"18-10-2019","1,099.00","1,090.00","1,103.50","1,089.00","1.36K","1.15%"
"17-10-2019","1,086.50","1,079.00","1,091.00","1,079.00","1.93K","0.60%"
"16-10-2019","1,080.00","1,077.50","1,080.50","1,072.00","1.06K","0.37%"
"15-10-2019","1,076.00","1,067.00","1,081.00","1,067.00","1.42K","0.70%"
"14-10-2019","1,068.50","1,080.00","1,082.00","1,067.00","1.60K","-0.51%"
"11-10-2019","1,074.00","1,061.00","1,075.00","1,060.00","1.08K","1.08%"
"10-10-2019","1,062.50","1,062.50","1,064.50","1,061.00","0.44K","0.00%"
"09-10-2019","1,062.50","1,062.00","1,064.00","1,056.00","1.07K","-0.23%"
"07-10-2019","1,065.00","1,070.00","1,073.00","1,062.50","0.78K","-0.37%"
"04-10-2019","1,069.00","1,074.00","1,074.00","1,068.00","0.81K","-0.51%"
"03-10-2019","1,074.50","1,068.00","1,075.50","1,064.00","1.44K","0.70%"
"01-10-2019","1,067.00","1,084.00","1,084.00","1,066.00","1.46K","-1.25%"
"30-09-2019","1,080.50","1,080.00","1,096.00","1,076.00","3.07K","0.19%"
"27-09-2019","1,078.50","1,063.00","1,084.50","1,063.00","1.69K","1.41%"
"26-09-2019","1,063.50","1,062.50","1,070.00","1,062.00","0.91K","-0.05%"
"25-09-2019","1,064.00","1,061.00","1,065.00","1,056.00","0.95K","0.24%"
"24-09-2019","1,061.50","1,067.00","1,067.50","1,058.50","0.91K","-0.66%"
"23-09-2019","1,068.50","1,072.50","1,074.00","1,064.50","1.05K","-0.56%"
"20-09-2019","1,074.50","1,072.00","1,077.00","1,069.50","1.28K","0.19%"
"19-09-2019","1,072.50","1,066.00","1,073.00","1,065.00","0.69K","0.56%"
"18-09-2019","1,066.50","1,064.00","1,067.00","1,063.00","0.36K","0.19%"
"17-09-2019","1,064.50","1,070.00","1,072.00","1,063.00","1.11K","-0.70%"
"16-09-2019","1,072.00","1,062.50","1,074.00","1,062.50","1.24K","0.70%"
"13-09-2019","1,064.50","1,068.00","1,072.00","1,062.50","0.92K","-0.33%"
"12-09-2019","1,068.00","1,062.50","1,069.50","1,059.00","1.60K","0.66%"
"11-09-2019","1,061.00","1,061.00","1,064.00","1,058.00","0.56K","0.14%"
"09-09-2019","1,059.50","1,061.00","1,062.00","1,054.50","0.81K","0.14%"
"06-09-2019","1,058.00","1,067.50","1,068.00","1,056.00","1.10K","-0.70%"
"05-09-2019","1,065.50","1,066.00","1,067.50","1,060.00","0.85K","-0.05%"
"04-09-2019","1,066.00","1,070.00","1,070.00","1,058.00","1.45K","-0.09%"
"03-09-2019","1,067.00","1,077.00","1,080.00","1,065.00","1.32K","-1.02%"
"30-08-2019","1,078.00","1,075.50","1,080.00","1,073.50","0.44K","0.33%"
"29-08-2019","1,074.50","1,080.00","1,080.00","1,071.00","0.77K","-0.32%"
"28-08-2019","1,078.00","1,078.50","1,084.00","1,075.50","0.80K","-0.19%"
"27-08-2019","1,080.00","1,074.00","1,082.00","1,073.00","0.61K","0.47%"
"26-08-2019","1,075.00","1,070.00","1,089.00","1,066.00","0.97K","0.19%"
"23-08-2019","1,073.00","1,077.00","1,077.00","1,071.00","0.86K","-0.33%"
"22-08-2019","1,076.50","1,076.00","1,080.00","1,074.00","1.25K","0.14%"
"21-08-2019","1,075.00","1,076.50","1,079.00","1,072.50","0.92K","-0.32%"
"20-08-2019","1,078.50","1,080.00","1,082.00","1,075.00","1.14K","-0.23%"
"19-08-2019","1,081.00","1,086.00","1,088.00","1,077.50","1.12K","-0.73%"
"16-08-2019","1,089.00","1,090.00","1,093.00","1,086.50","0.49K","0.00%"
"14-08-2019","1,089.00","1,080.00","1,091.50","1,079.00","1.20K","0.65%"
"13-08-2019","1,082.00","1,089.00","1,090.00","1,075.00","1.88K","-0.73%"
"09-08-2019","1,090.00","1,093.00","1,094.00","1,085.00","1.06K","-0.55%"
"08-08-2019","1,096.00","1,096.00","1,098.50","1,090.00","0.94K","0.37%"
"07-08-2019","1,092.00","1,098.00","1,103.00","1,089.00","1.58K","-0.46%"
"06-08-2019","1,097.00","1,089.50","1,099.50","1,087.50","1.08K","0.55%"
"05-08-2019","1,091.00","1,086.00","1,092.00","1,075.00","1.84K","-0.09%"
"02-08-2019","1,092.00","1,095.00","1,096.00","1,090.00","1.04K","-0.64%"
"01-08-2019","1,099.00","1,105.00","1,108.00","1,098.00","0.80K","-0.63%"
"31-07-2019","1,106.00","1,101.00","1,109.50","1,101.00","0.61K","0.36%"
"30-07-2019","1,102.00","1,122.00","1,125.00","1,097.50","2.79K","-1.91%"
"29-07-2019","1,123.50","1,128.00","1,134.00","1,122.00","1.11K","-0.66%"
"26-07-2019","1,131.00","1,137.00","1,138.00","1,128.00","0.83K","-0.62%"
"25-07-2019","1,138.00","1,130.00","1,140.00","1,128.50","1.21K","0.57%"
"24-07-2019","1,131.50","1,121.50","1,134.50","1,121.00","1.37K","0.80%"
"23-07-2019","1,122.50","1,120.00","1,127.00","1,120.00","0.69K","0.18%"
"22-07-2019","1,120.50","1,127.00","1,127.00","1,118.00","0.59K","-0.44%"
"19-07-2019","1,125.50","1,127.00","1,128.00","1,122.00","0.51K","-0.13%"
"18-07-2019","1,127.00","1,132.50","1,134.00","1,125.00","0.94K","-0.49%"
"17-07-2019","1,132.50","1,131.00","1,136.00","1,129.50","0.77K","0.04%"
"16-07-2019","1,132.00","1,127.00","1,134.50","1,126.50","1.02K","0.53%"
"15-07-2019","1,126.00","1,125.00","1,129.00","1,124.00","0.53K","0.13%"
"12-07-2019","1,124.50","1,122.00","1,125.00","1,120.50","0.35K","0.27%"
"11-07-2019","1,121.50","1,124.50","1,125.00","1,118.50","0.24K","-0.18%"
"10-07-2019","1,123.50","1,120.00","1,124.00","1,119.00","0.39K","0.54%"
"09-07-2019","1,117.50","1,120.00","1,124.50","1,115.00","0.61K","-0.62%"
"08-07-2019","1,124.50","1,120.00","1,126.50","1,118.50","0.84K","0.40%"
"05-07-2019","1,120.00","1,122.00","1,126.00","1,117.00","0.55K","-0.27%"
"04-07-2019","1,123.00","1,124.00","1,124.00","1,120.50","0.36K","0.09%"
"03-07-2019","1,122.00","1,116.50","1,123.00","1,116.50","0.31K","0.40%"
"02-07-2019","1,117.50","1,119.00","1,122.00","1,113.00","0.65K","-0.36%"
"01-07-2019","1,121.50","1,118.00","1,124.50","1,118.00","1.09K","0.76%"
"28-06-2019","1,113.00","1,115.00","1,116.00","1,109.00","0.78K","-0.04%"
"27-06-2019","1,113.50","1,126.00","1,128.00","1,110.00","1.09K","-1.20%"
"26-06-2019","1,127.00","1,121.00","1,130.00","1,118.00","1.30K","0.63%"
"25-06-2019","1,120.00","1,132.00","1,132.00","1,116.00","0.86K","-0.71%"
"24-06-2019","1,128.00","1,133.00","1,134.50","1,126.50","0.45K","-0.70%"
"21-06-2019","1,136.00","1,140.00","1,146.00","1,135.00","0.59K","-0.61%"
"20-06-2019","1,143.00","1,134.00","1,148.50","1,134.00","1.45K","0.70%"
"19-06-2019","1,135.00","1,135.00","1,139.00","1,132.00","0.56K","-0.13%"
"18-06-2019","1,136.50","1,133.00","1,139.00","1,131.50","0.64K","0.09%"
"17-06-2019","1,135.50","1,139.00","1,140.00","1,129.00","0.41K","0.00%"
"14-06-2019","1,135.50","1,130.50","1,136.00","1,130.50","0.33K","0.22%"
"13-06-2019","1,133.00","1,134.00","1,137.50","1,126.00","0.77K","0.00%"
"12-06-2019","1,133.00","1,119.00","1,140.00","1,115.50","0.87K","1.25%"
"11-06-2019","1,119.00","1,119.00","1,121.00","1,112.50","0.50K","0.31%"
"10-06-2019","1,115.50","1,128.50","1,131.50","1,112.50","0.82K","-1.06%"
"07-06-2019","1,127.50","1,129.50","1,132.00","1,126.00","0.40K","-0.04%"
"06-06-2019","1,128.00","1,131.50","1,133.50","1,126.50","0.54K","-0.66%"
"04-06-2019","1,135.50","1,134.50","1,138.00","1,128.50","0.42K","-0.04%"
"03-06-2019","1,136.00","1,138.00","1,139.50","1,130.00","0.69K","-0.48%"
"31-05-2019","1,141.50","1,144.00","1,145.50","1,140.50","0.22K","-0.17%"
"30-05-2019","1,143.50","1,148.00","1,151.00","1,136.50","0.77K","-0.31%"
"29-05-2019","1,147.00","1,151.00","1,152.00","1,145.00","0.44K","-0.30%"
"28-05-2019","1,150.50","1,156.50","1,157.50","1,149.00","0.44K","-0.52%"
"27-05-2019","1,156.50","1,157.00","1,158.00","1,148.50","1.06K","0.39%"
"24-05-2019","1,152.00","1,146.00","1,153.50","1,145.50","0.43K","0.39%"
"23-05-2019","1,147.50","1,141.00","1,149.00","1,138.00","0.57K","0.79%"
"22-05-2019","1,138.50","1,143.00","1,144.50","1,135.50","0.48K","-0.26%"
"21-05-2019","1,141.50","1,150.00","1,154.00","1,140.50","0.59K","3.77%"
"30-04-2019","1,100.00","1,100.00","1,100.00","1,100.00","","0.00%"
"26-04-2019","1,100.00","1,100.00","1,100.00","1,100.00","","0.00%"
"25-04-2019","1,100.00","1,100.00","1,100.00","1,100.00","","-9.32%"
"24-04-2019","1,213.00","1,215.00","1,217.50","1,211.50","","10.27%"
"23-04-2019","1,100.00","1,100.00","1,100.00","1,100.00","","0.00%"
"22-04-2019","1,100.00","1,100.00","1,100.00","1,100.00","","0.00%"
"18-04-2019","1,100.00","1,100.00","1,100.00","1,100.00","","0.00%"
"16-04-2019","1,100.00","1,100.00","1,100.00","1,100.00","","0.00%"
"15-04-2019","1,100.00","1,100.00","1,100.00","1,100.00","","0.00%"
"12-04-2019","1,100.00","1,100.00","1,100.00","1,100.00","","0.00%"
"11-04-2019","1,100.00","1,100.00","1,100.00","1,100.00","","0.00%"
"10-04-2019","1,100.00","1,100.00","1,100.00","1,100.00","","0.00%"
"09-04-2019","1,100.00","1,100.00","1,100.00","1,100.00","","0.00%"
"08-04-2019","1,100.00","1,100.00","1,100.00","1,100.00","","0.00%"
"05-04-2019","1,100.00","1,100.00","1,100.00","1,100.00","","0.00%"
"04-04-2019","1,100.00","1,100.00","1,100.00","1,100.00","","0.00%"
"03-04-2019","1,100.00","1,100.00","1,100.00","1,100.00","","0.00%"
"02-04-2019","1,100.00","1,100.00","1,100.00","1,100.00","","0.00%"
"01-04-2019","1,100.00","1,100.00","1,100.00","1,100.00","","0.00%"
"29-03-2019","1,100.00","1,100.00","1,100.00","1,100.00","","0.00%"
"28-03-2019","1,100.00","1,100.00","1,100.00","1,100.00","","0.00%"
"27-03-2019","1,100.00","1,100.00","1,100.00","1,100.00","","0.00%"
"26-03-2019","1,100.00","1,100.00","1,100.00","1,100.00","","0.00%"
"25-03-2019","1,100.00","1,100.00","1,100.00","1,100.00","","0.00%"
"22-03-2019","1,100.00","1,100.00","1,100.00","1,100.00","","0.00%"
"20-03-2019","1,100.00","1,100.00","1,100.00","1,100.00","","0.00%"
"19-03-2019","1,100.00","1,100.00","1,100.00","1,100.00","","0.00%"
"18-03-2019","1,100.00","1,100.00","1,100.00","1,100.00","","0.00%"
"15-03-2019","1,100.00","1,100.00","1,100.00","1,100.00","","0.00%"
"14-03-2019","1,100.00","1,100.00","1,100.00","1,100.00","","0.00%"
"13-03-2019","1,100.00","1,100.00","1,100.00","1,100.00","","0.00%"
"12-03-2019","1,100.00","1,100.00","1,100.00","1,100.00","","0.00%"
"11-03-2019","1,100.00","1,100.00","1,100.00","1,100.00","","0.00%"
"08-03-2019","1,100.00","1,100.00","1,100.00","1,100.00","","0.00%"
"07-03-2019","1,100.00","1,100.00","1,100.00","1,100.00","","0.00%"
"06-03-2019","1,100.00","1,100.00","1,100.00","1,100.00","","0.00%"
"05-03-2019","1,100.00","1,100.00","1,100.00","1,100.00","","0.00%"
"01-03-2019","1,100.00","1,100.00","1,100.00","1,100.00","","0.00%"
"28-02-2019","1,100.00","1,100.00","1,100.00","1,100.00","","0.00%"
"27-02-2019","1,100.00","1,100.00","1,100.00","1,100.00","","0.00%"
"26-02-2019","1,100.00","1,100.00","1,100.00","1,100.00","","0.00%"
"25-02-2019","1,100.00","1,100.00","1,100.00","1,100.00","","0.00%"
"22-02-2019","1,100.00","1,100.00","1,100.00","1,100.00","","0.00%"
"21-02-2019","1,100.00","1,100.00","1,100.00","1,100.00","","0.00%"
"20-02-2019","1,100.00","1,100.00","1,100.00","1,100.00","","0.00%"
"19-02-2019","1,100.00","1,100.00","1,100.00","1,100.00","","0.00%"
"18-02-2019","1,100.00","1,100.00","1,100.00","1,100.00","","0.00%"
"15-02-2019","1,100.00","1,100.00","1,100.00","1,100.00","","0.00%"
"14-02-2019","1,100.00","1,100.00","1,100.00","1,100.00","","0.00%"
"13-02-2019","1,100.00","1,100.00","1,100.00","1,100.00","","0.00%"
"12-02-2019","1,100.00","1,100.00","1,100.00","1,100.00","","0.00%"
"11-02-2019","1,100.00","1,100.00","1,100.00","1,100.00","","0.00%"
"08-02-2019","1,100.00","1,100.00","1,100.00","1,100.00","","0.00%"
"07-02-2019","1,100.00","1,100.00","1,100.00","1,100.00","","0.00%"
"06-02-2019","1,100.00","1,100.00","1,100.00","1,100.00","","0.00%"
"05-02-2019","1,100.00","1,100.00","1,100.00","1,100.00","","0.00%"
"04-02-2019","1,100.00","1,100.00","1,100.00","1,100.00","","0.00%"
"01-02-2019","1,100.00","1,100.00","1,100.00","1,100.00","","10.17%"
"28-02-2018","998.50","998.50","998.50","998.50","","0.05%"
"27-02-2018","998.00","998.00","998.00","998.00","","0.96%"
"26-02-2018","988.50","988.50","988.50","988.50","","0.41%"
"23-02-2018","984.50","984.50","984.50","984.50","","-1.06%"
"22-02-2018","995.00","995.00","995.00","995.00","","0.25%"
"21-02-2018","992.50","992.50","992.50","992.50","","1.48%"
"20-02-2018","978.00","978.00","978.00","978.00","","-0.15%"
"19-02-2018","979.50","979.50","979.50","979.50","","-1.06%"
"16-02-2018","990.00","990.00","990.00","990.00","","0.97%"
"15-02-2018","980.50","980.50","980.50","980.50","","-0.81%"
"14-02-2018","988.50","988.50","988.50","988.50","","-0.95%"
"12-02-2018","998.00","998.00","998.00","998.00","","-0.50%"
"09-02-2018","1,003.00","1,003.00","1,003.00","1,003.00","","0.85%"
"08-02-2018","994.50","994.50","994.50","994.50","","0.05%"
"07-02-2018","994.00","994.00","994.00","994.00","","0.10%"
"06-02-2018","993.00","993.00","993.00","993.00","","-0.85%"
"05-02-2018","1,001.50","1,001.50","1,001.50","1,001.50","","-0.40%"
"02-02-2018","1,005.50","1,005.50","1,005.50","1,005.50","","0.30%"
"01-02-2018","1,002.50","1,002.50","1,002.50","1,002.50","","0.75%"
"31-01-2018","995.00","995.00","995.00","995.00","","0.76%"
"30-01-2018","987.50","987.50","987.50","987.50","","-1.15%"
"29-01-2018","999.00","999.00","999.00","999.00","","-2.30%"
"25-01-2018","1,022.50","1,022.50","1,022.50","1,022.50","","-0.05%"
"24-01-2018","1,023.00","1,023.00","1,023.00","1,023.00","","-0.10%"
"23-01-2018","1,024.00","1,024.00","1,024.00","1,024.00","","-0.34%"
"22-01-2018","1,027.50","1,027.50","1,027.50","1,027.50","","-0.68%"
"19-01-2018","1,034.50","1,034.50","1,034.50","1,034.50","","-0.24%"
"18-01-2018","1,037.00","1,037.00","1,037.00","1,037.00","","0.88%"
"17-01-2018","1,028.00","1,028.00","1,028.00","1,028.00","","0.24%"
"16-01-2018","1,025.50","1,025.50","1,025.50","1,025.50","","-2.75%"
"15-01-2018","1,054.50","1,054.50","1,054.50","1,054.50","","-0.05%"
"12-01-2018","1,055.00","1,055.00","1,055.00","1,055.00","","1.93%"
"11-01-2018","1,035.00","1,035.00","1,035.00","1,035.00","","1.02%"
"10-01-2018","1,024.50","1,024.50","1,024.50","1,024.50","","0.29%"
"09-01-2018","1,021.50","1,021.50","1,021.50","1,021.50","","-0.15%"
"08-01-2018","1,023.00","1,023.00","1,023.00","1,023.00","","-0.78%"
"05-01-2018","1,031.00","1,031.00","1,031.00","1,031.00","","0.10%"
"04-01-2018","1,030.00","1,030.00","1,030.00","1,030.00","","0.54%"
"03-01-2018","1,024.50","1,024.50","1,024.50","1,024.50","","-0.10%"
"02-01-2018","1,025.50","1,025.50","1,025.50","1,025.50","","0.05%"
"01-01-2018","1,025.00","1,025.00","1,025.00","1,025.00","","-1.06%"
"29-12-2017","1,036.00","1,036.00","1,036.00","1,036.00","","0.14%"
"28-12-2017","1,034.50","1,034.50","1,034.50","1,034.50","","-0.67%"
"27-12-2017","1,041.50","1,041.50","1,041.50","1,041.50","","0.34%"
"26-12-2017","1,038.00","1,038.00","1,038.00","1,038.00","","0.63%"
"22-12-2017","1,031.50","1,031.50","1,031.50","1,031.50","","2.28%"
"21-12-2017","1,008.50","1,008.50","1,008.50","1,008.50","","0.95%"
"20-12-2017","999.00","999.00","999.00","999.00","","0.30%"
"19-12-2017","996.00","996.00","996.00","996.00","","-0.75%"
"18-12-2017","1,003.50","1,003.50","1,003.50","1,003.50","","0.85%"
"15-12-2017","995.00","995.00","995.00","995.00","","1.17%"
"14-12-2017","983.50","983.50","983.50","983.50","","0.41%"
"13-12-2017","979.50","979.50","979.50","979.50","","0.36%"
"12-12-2017","976.00","976.00","976.00","976.00","","-0.71%"
"11-12-2017","983.00","983.00","983.00","983.00","","2.02%"
"08-12-2017","963.50","963.50","963.50","963.50","","0.10%"
"07-12-2017","962.50","962.50","962.50","962.50","","-0.26%"
"06-12-2017","965.00","965.00","965.00","965.00","","-0.21%"
"05-12-2017","967.00","967.00","967.00","967.00","","-0.31%"
"04-12-2017","970.00","970.00","970.00","970.00","","1.57%"
"01-12-2017","955.00","955.00","955.00","955.00","","1.06%"
"30-11-2017","945.00","945.00","945.00","945.00","","0.64%"
"29-11-2017","939.00","939.00","939.00","939.00","","0.48%"
"28-11-2017","934.50","934.50","934.50","934.50","","0.00%"
"27-11-2017","934.50","934.50","934.50","934.50","","-1.37%"
"24-11-2017","947.50","947.50","947.50","947.50","","0.00%"
"23-11-2017","947.50","947.50","947.50","947.50","","0.11%"
"22-11-2017","946.50","946.50","946.50","946.50","","0.26%"
"21-11-2017","944.00","944.00","944.00","944.00","","-0.05%"
"20-11-2017","944.50","944.50","944.50","944.50","","0.85%"
"17-11-2017","936.50","936.50","936.50","936.50","","0.43%"
"16-11-2017","932.50","932.50","932.50","932.50","","-0.27%"
"15-11-2017","935.00","935.00","935.00","935.00","","0.05%"
"14-11-2017","934.50","934.50","934.50","934.50","","0.81%"
"13-11-2017","927.00","927.00","927.00","927.00","","-0.32%"
"10-11-2017","930.00","930.00","930.00","930.00","","1.03%"
"09-11-2017","920.50","920.50","920.50","920.50","","0.16%"
"08-11-2017","919.00","919.00","919.00","919.00","","-1.08%"
"07-11-2017","929.00","929.00","929.00","929.00","","-1.06%"
"06-11-2017","939.00","939.00","939.00","939.00","","-0.37%"
"03-11-2017","942.50","942.50","942.50","942.50","","-0.21%"
"02-11-2017","944.50","944.50","944.50","944.50","","0.59%"
"01-11-2017","939.00","939.00","939.00","939.00","","1.73%"
"31-10-2017","923.00","923.00","923.00","923.00","","-0.43%"
"30-10-2017","927.00","927.00","927.00","927.00","","-2.88%"
"27-10-2017","954.50","954.50","954.50","954.50","","-0.62%"
"26-10-2017","960.50","960.50","960.50","960.50","","-0.98%"
"25-10-2017","970.00","970.00","970.00","970.00","","1.31%"
"24-10-2017","957.50","957.50","957.50","957.50","","0.00%"
"23-10-2017","957.50","957.50","957.50","957.50","","-0.05%"
"19-10-2017","958.00","958.00","958.00","958.00","","-0.05%"
"18-10-2017","958.50","958.50","958.50","958.50","","0.00%"
"17-10-2017","958.50","958.50","958.50","958.50","","-1.13%"
"16-10-2017","969.50","969.50","969.50","969.50","","-2.12%"
"13-10-2017","990.50","990.50","990.50","990.50","","-1.78%"
"12-10-2017","1,008.50","1,008.50","1,008.50","1,008.50","","0.10%"
"11-10-2017","1,007.50","1,007.50","1,007.50","1,007.50","","0.20%"
"10-10-2017","1,005.50","1,005.50","1,005.50","1,005.50","","0.75%"
"09-10-2017","998.00","998.00","998.00","998.00","","1.89%"
"06-10-2017","979.50","979.50","979.50","979.50","","0.20%"
"05-10-2017","977.50","977.50","977.50","977.50","","-0.20%"
"04-10-2017","979.50","979.50","979.50","979.50","","1.61%"
"03-10-2017","964.00","964.00","964.00","964.00","","-3.41%"
"29-09-2017","998.00","998.00","998.00","998.00","","0.40%"
"28-09-2017","994.00","994.00","994.00","994.00","","-0.40%"
"27-09-2017","998.00","998.00","998.00","998.00","","-0.55%"
"26-09-2017","1,003.50","1,003.50","1,003.50","1,003.50","","0.50%"
"25-09-2017","998.50","998.50","998.50","998.50","","-1.67%"
"22-09-2017","1,015.50","1,015.50","1,015.50","1,015.50","","-1.31%"
"21-09-2017","1,029.00","1,029.00","1,029.00","1,029.00","","0.15%"
"20-09-2017","1,027.50","1,027.50","1,027.50","1,027.50","","-0.34%"
"19-09-2017","1,031.00","1,031.00","1,031.00","1,031.00","","-0.39%"
"18-09-2017","1,035.00","1,035.00","1,035.00","1,035.00","","-1.10%"
"15-09-2017","1,046.50","1,046.50","1,046.50","1,046.50","","-0.05%"
"14-09-2017","1,047.00","1,047.00","1,047.00","1,047.00","","-0.29%"
"13-09-2017","1,050.00","1,050.00","1,050.00","1,050.00","","-0.10%"
"12-09-2017","1,051.00","1,051.00","1,051.00","1,051.00","","-0.94%"
"11-09-2017","1,061.00","1,061.00","1,061.00","1,061.00","","-0.24%"
"08-09-2017","1,063.50","1,063.50","1,063.50","1,063.50","","0.28%"
"07-09-2017","1,060.50","1,060.50","1,060.50","1,060.50","","-1.03%"
"06-09-2017","1,071.50","1,071.50","1,071.50","1,071.50","","0.52%"
"05-09-2017","1,066.00","1,066.00","1,066.00","1,066.00","","-0.47%"
"04-09-2017","1,071.00","1,071.00","1,071.00","1,071.00","","-0.28%"
"01-09-2017","1,074.00","1,074.00","1,074.00","1,074.00","","-0.65%"
"31-08-2017","1,081.00","1,081.00","1,081.00","1,081.00","","-1.32%"
"30-08-2017","1,095.50","1,095.50","1,095.50","1,095.50","","0.00%"
"29-08-2017","1,095.50","1,095.50","1,095.50","1,095.50","","-0.05%"
"28-08-2017","1,096.00","1,096.00","1,096.00","1,096.00","","-0.05%"
"24-08-2017","1,096.50","1,096.50","1,096.50","1,096.50","","0.00%"
"23-08-2017","1,096.50","1,096.50","1,096.50","1,096.50","","-0.05%"
"22-08-2017","1,097.00","1,097.00","1,097.00","1,097.00","","0.00%"
"21-08-2017","1,097.00","1,097.00","1,097.00","1,097.00","","-0.05%"
"18-08-2017","1,097.50","1,097.50","1,097.50","1,097.50","","1.90%"
"17-08-2017","1,077.00","1,077.00","1,077.00","1,077.00","","-0.05%"
"16-08-2017","1,077.50","1,077.50","1,077.50","1,077.50","","0.00%"
"14-08-2017","1,077.50","1,077.50","1,077.50","1,077.50","","-0.05%"
"11-08-2017","1,078.00","1,078.00","1,078.00","1,078.00","","-0.78%"
"10-08-2017","1,086.50","1,086.50","1,086.50","1,086.50","","0.23%"
"09-08-2017","1,084.00","1,084.00","1,084.00","1,084.00","","0.23%"
"08-08-2017","1,081.50","1,081.50","1,081.50","1,081.50","","0.05%"
"07-08-2017","1,081.00","1,081.00","1,081.00","1,081.00","","-0.09%"
"04-08-2017","1,082.00","1,082.00","1,082.00","1,082.00","","0.09%"
"03-08-2017","1,081.00","1,081.00","1,081.00","1,081.00","","-0.46%"
"02-08-2017","1,086.00","1,086.00","1,086.00","1,086.00","","0.42%"
"01-08-2017","1,081.50","1,081.50","1,081.50","1,081.50","","-0.09%"
"31-07-2017","1,082.50","1,082.50","1,082.50","1,082.50","","-0.69%"
"28-07-2017","1,090.00","1,090.00","1,090.00","1,090.00","","-0.73%"
"27-07-2017","1,098.00","1,098.00","1,098.00","1,098.00","","0.37%"
"26-07-2017","1,094.00","1,094.00","1,094.00","1,094.00","","0.23%"
"25-07-2017","1,091.50","1,091.50","1,091.50","1,091.50","","0.23%"
"24-07-2017","1,089.00","1,089.00","1,089.00","1,089.00","","-0.09%"
"21-07-2017","1,090.00","1,090.00","1,090.00","1,090.00","","0.18%"
"20-07-2017","1,088.00","1,088.00","1,088.00","1,088.00","","-0.46%"
"19-07-2017","1,093.00","1,093.00","1,093.00","1,093.00","","-0.55%"
"18-07-2017","1,099.00","1,099.00","1,099.00","1,099.00","","0.14%"
"17-07-2017","1,097.50","1,097.50","1,097.50","1,097.50","","-0.27%"
"14-07-2017","1,100.50","1,100.50","1,100.50","1,100.50","","0.00%"
"13-07-2017","1,100.50","1,100.50","1,100.50","1,100.50","","0.00%"
"12-07-2017","1,100.50","1,100.50","1,100.50","1,100.50","","-0.05%"
"11-07-2017","1,101.00","1,101.00","1,101.00","1,101.00","","0.00%"
"10-07-2017","1,101.00","1,101.00","1,101.00","1,101.00","","-0.05%"
"07-07-2017","1,101.50","1,101.50","1,101.50","1,101.50","","-0.05%"
"06-07-2017","1,102.00","1,102.00","1,102.00","1,102.00","","0.00%"
"05-07-2017","1,102.00","1,102.00","1,102.00","1,102.00","","-0.05%"
"04-07-2017","1,102.50","1,102.50","1,102.50","1,102.50","","0.00%"
"03-07-2017","1,102.50","1,102.50","1,102.50","1,102.50","","-0.05%"
"30-06-2017","1,103.00","1,103.00","1,103.00","1,103.00","","-0.05%"
"29-06-2017","1,103.50","1,103.50","1,103.50","1,103.50","","0.09%"
"28-06-2017","1,102.50","1,102.50","1,102.50","1,102.50","","0.27%"
"27-06-2017","1,099.50","1,099.50","1,099.50","1,099.50","","-0.68%"
"23-06-2017","1,107.00","1,107.00","1,107.00","1,107.00","","0.18%"
"22-06-2017","1,105.00","1,105.00","1,105.00","1,105.00","","-0.50%"
"21-06-2017","1,110.50","1,110.50","1,110.50","1,110.50","","-0.58%"
"20-06-2017","1,117.00","1,117.00","1,117.00","1,117.00","","-0.09%"
"19-06-2017","1,118.00","1,118.00","1,118.00","1,118.00","","-0.27%"
"16-06-2017","1,121.00","1,121.00","1,121.00","1,121.00","","-0.40%"
"15-06-2017","1,125.50","1,125.50","1,125.50","1,125.50","","0.22%"
"14-06-2017","1,123.00","1,123.00","1,123.00","1,123.00","","0.85%"
"13-06-2017","1,113.50","1,113.50","1,113.50","1,113.50","","-0.58%"
"12-06-2017","1,120.00","1,120.00","1,120.00","1,120.00","","1.40%"
"09-06-2017","1,104.50","1,104.50","1,104.50","1,104.50","","0.45%"
"08-06-2017","1,099.50","1,099.50","1,099.50","1,099.50","","0.09%"
"07-06-2017","1,098.50","1,098.50","1,098.50","1,098.50","","0.14%"
"06-06-2017","1,097.00","1,097.00","1,097.00","1,097.00","","-0.14%"
"05-06-2017","1,098.50","1,098.50","1,098.50","1,098.50","","-1.44%"
"02-06-2017","1,114.50","1,114.50","1,114.50","1,114.50","","-0.67%"
"01-06-2017","1,122.00","1,122.00","1,122.00","1,122.00","","-3.44%"
"28-02-2017","1,162.00","1,162.00","1,162.00","1,162.00","","-0.98%"
"27-02-2017","1,173.50","1,173.50","1,173.50","1,173.50","","1.87%"
"24-02-2017","1,152.00","1,152.00","1,152.00","1,152.00","","-0.04%"
"23-02-2017","1,152.50","1,152.50","1,152.50","1,152.50","","0.17%"
"22-02-2017","1,150.50","1,150.50","1,150.50","1,150.50","","0.97%"
"21-02-2017","1,139.50","1,139.50","1,139.50","1,139.50","","0.49%"
"20-02-2017","1,134.00","1,134.00","1,134.00","1,134.00","","-1.35%"
"17-02-2017","1,149.50","1,149.50","1,149.50","1,149.50","","-0.35%"
"16-02-2017","1,153.50","1,153.50","1,153.50","1,153.50","","-0.26%"
"15-02-2017","1,156.50","1,156.50","1,156.50","1,156.50","","0.17%"
"14-02-2017","1,154.50","1,154.50","1,154.50","1,154.50","","-0.39%"
"13-02-2017","1,159.00","1,159.00","1,159.00","1,159.00","","0.22%"
"10-02-2017","1,156.50","1,156.50","1,156.50","1,156.50","","0.17%"
"09-02-2017","1,154.50","1,154.50","1,154.50","1,154.50","","0.13%"
"08-02-2017","1,153.00","1,153.00","1,153.00","1,153.00","","0.17%"
"07-02-2017","1,151.00","1,151.00","1,151.00","1,151.00","","-0.35%"
"06-02-2017","1,155.00","1,155.00","1,155.00","1,155.00","","-1.87%"
"03-02-2017","1,177.00","1,177.00","1,177.00","1,177.00","","0.38%"
"02-02-2017","1,172.50","1,172.50","1,172.50","1,172.50","","1.87%"
"01-02-2017","1,151.00","1,151.00","1,151.00","1,151.00","","0.88%"
"31-01-2017","1,141.00","1,141.00","1,141.00","1,141.00","","-1.30%"
"30-01-2017","1,156.00","1,156.00","1,156.00","1,156.00","","-0.04%"
"27-01-2017","1,156.50","1,156.50","1,156.50","1,156.50","","-0.47%"
"25-01-2017","1,162.00","1,162.00","1,162.00","1,162.00","","-1.11%"
"24-01-2017","1,175.00","1,175.00","1,175.00","1,175.00","","0.43%"
"23-01-2017","1,170.00","1,170.00","1,170.00","1,170.00","","1.30%"
"20-01-2017","1,155.00","1,155.00","1,155.00","1,155.00","","1.63%"
"19-01-2017","1,136.50","1,136.50","1,136.50","1,136.50","","0.98%"
"17-01-2017","1,125.50","1,125.50","1,125.50","1,125.50","","-0.44%"
"16-01-2017","1,130.50","1,130.50","1,130.50","1,130.50","","-1.35%"
"13-01-2017","1,146.00","1,146.00","1,146.00","1,146.00","","-0.35%"
"12-01-2017","1,150.00","1,150.00","1,150.00","1,150.00","","1.37%"
"11-01-2017","1,134.50","1,134.50","1,134.50","1,134.50","","0.98%"
"10-01-2017","1,123.50","1,123.50","1,123.50","1,123.50","","-0.40%"
"09-01-2017","1,128.00","1,128.00","1,128.00","1,128.00","","0.67%"
"06-01-2017","1,120.50","1,120.50","1,120.50","1,120.50","","0.22%"
"05-01-2017","1,118.00","1,118.00","1,118.00","1,118.00","","1.36%"
"04-01-2017","1,103.00","1,103.00","1,103.00","1,103.00","","0.73%"
"03-01-2017","1,095.00","1,095.00","1,095.00","1,095.00","","0.27%"
"02-01-2017","1,092.00","1,092.00","1,092.00","1,092.00","","1.58%"