"Date","Price","Open","High","Low","Vol.","Change %"
"30-04-2026","15,816.00","15,948.00","15,948.00","15,640.00","1.07K","-0.58%"
"29-04-2026","15,908.00","16,058.00","16,132.00","15,858.00","1.92K","0.05%"
"28-04-2026","15,900.00","15,752.00","16,100.00","15,752.00","1.14K","-0.23%"
"27-04-2026","15,936.00","16,020.00","16,360.00","15,776.00","1.15K","-1.63%"
"24-04-2026","16,200.00","16,350.00","16,450.00","16,122.00","1.14K","-0.56%"
"23-04-2026","16,292.00","16,000.00","16,360.00","15,812.00","1.50K","1.51%"
"22-04-2026","16,050.00","16,196.00","16,200.00","15,974.00","0.61K","-0.27%"
"21-04-2026","16,094.00","15,950.00","16,200.00","15,812.00","0.59K","-0.05%"
"20-04-2026","16,102.00","16,220.00","16,398.00","16,030.00","4.78K","-0.27%"
"17-04-2026","16,146.00","15,740.00","16,240.00","15,396.00","4.21K","2.91%"
"16-04-2026","15,690.00","15,890.00","16,060.00","15,640.00","4.75K","-0.73%"
"15-04-2026","15,806.00","15,510.00","16,148.00","15,510.00","6.41K","0.04%"
"13-04-2026","15,800.00","16,002.00","16,002.00","15,510.00","4.58K","-2.16%"
"10-04-2026","16,148.00","16,350.00","16,458.00","16,102.00","3.30K","-1.30%"
"09-04-2026","16,360.00","16,988.00","16,988.00","16,310.00","4.13K","-3.17%"
"08-04-2026","16,896.00","16,300.00","16,950.00","16,300.00","10.89K","4.48%"
"07-04-2026","16,172.00","16,338.00","16,398.00","16,050.00","3.10K","-0.22%"
"06-04-2026","16,208.00","15,860.00","16,240.00","15,680.00","4.22K","2.97%"
"02-04-2026","15,740.00","15,670.00","15,950.00","15,280.00","2.67K","1.33%"
"01-04-2026","15,534.00","15,828.00","16,000.00","15,434.00","2.59K","-0.44%"
"30-03-2026","15,602.00","14,820.00","15,680.00","14,820.00","2.59K","5.08%"
"27-03-2026","14,848.00","14,500.00","14,890.00","14,418.00","3.76K","2.41%"
"25-03-2026","14,498.00","14,370.00","14,600.00","14,264.00","1.77K","1.94%"
"24-03-2026","14,222.00","14,466.00","14,598.00","14,072.00","0.86K","-0.24%"
"23-03-2026","14,256.00","14,300.00","14,370.00","13,920.00","3.21K","-2.62%"
"20-03-2026","14,640.00","14,956.00","14,956.00","14,566.00","0.94K","-1.40%"
"19-03-2026","14,848.00","15,004.00","15,004.00","14,664.00","0.55K","-1.07%"
"18-03-2026","15,008.00","14,880.00","15,156.00","14,812.00","0.61K","0.85%"
"17-03-2026","14,882.00","14,862.00","14,996.00","14,764.00","0.39K","-0.23%"
"16-03-2026","14,916.00","14,868.00","15,076.00","14,752.00","0.66K","0.40%"
"13-03-2026","14,856.00","14,622.00","15,180.00","14,586.00","0.83K","1.09%"
"12-03-2026","14,696.00","14,654.00","14,800.00","14,530.00","1.02K","-0.19%"
"11-03-2026","14,724.00","14,910.00","14,936.00","14,644.00","1.22K","-0.96%"
"10-03-2026","14,866.00","14,662.00","15,348.00","14,566.00","1.61K","0.73%"
"09-03-2026","14,758.00","14,552.00","14,800.00","14,238.00","0.59K","-0.49%"
"06-03-2026","14,830.00","15,100.00","15,260.00","14,754.00","1.11K","-2.15%"
"05-03-2026","15,156.00","14,510.00","15,198.00","14,510.00","1.23K","2.98%"
"04-03-2026","14,718.00","14,466.00","14,780.00","14,320.00","0.94K","-2.11%"
"02-03-2026","15,036.00","15,110.00","15,310.00","14,990.00","1.67K","-3.70%"
"27-02-2026","15,614.00","15,632.00","15,882.00","15,328.00","0.47K","-0.65%"
"26-02-2026","15,716.00","16,368.00","16,370.00","15,630.00","0.81K","-2.23%"
"25-02-2026","16,074.00","16,020.00","16,658.00","15,960.00","1.46K","-0.88%"
"24-02-2026","16,216.00","15,368.00","16,280.00","15,200.00","0.86K","3.59%"
"23-02-2026","15,654.00","16,230.00","16,630.00","15,590.00","1.82K","-2.11%"
"20-02-2026","15,992.00","15,768.00","16,048.00","15,650.00","1.17K","2.46%"
"19-02-2026","15,608.00","15,690.00","15,730.00","15,350.00","0.25K","0.35%"
"18-02-2026","15,554.00","15,532.00","15,758.00","15,484.00","0.83K","2.23%"
"17-02-2026","15,214.00","14,772.00","15,496.00","14,700.00","1.19K","1.86%"
"16-02-2026","14,936.00","15,046.00","15,180.00","14,666.00","0.55K","-1.11%"
"13-02-2026","15,104.00","15,342.00","15,634.00","15,000.00","1.03K","-2.20%"
"12-02-2026","15,444.00","15,610.00","15,976.00","15,062.00","1.67K","-2.46%"
"11-02-2026","15,834.00","16,252.00","16,372.00","15,700.00","1.15K","-2.49%"
"10-02-2026","16,238.00","15,600.00","16,314.00","15,560.00","1.11K","3.51%"
"09-02-2026","15,688.00","15,822.00","16,020.00","15,600.00","0.80K","-2.60%"
"06-02-2026","16,106.00","16,780.00","16,780.00","15,886.00","1.02K","-4.24%"
"05-02-2026","16,820.00","16,802.00","16,850.00","16,700.00","0.13K","-0.53%"
"04-02-2026","16,910.00","16,510.00","17,000.00","16,510.00","0.26K","0.68%"
"03-02-2026","16,796.00","16,802.00","17,088.00","16,740.00","0.46K","0.83%"
"02-02-2026","16,658.00","16,060.00","16,740.00","16,060.00","0.33K","1.41%"
"01-02-2026","16,426.00","16,450.00","16,746.00","16,310.00","0.46K","-2.30%"
"30-01-2026","16,812.00","17,100.00","17,170.00","16,700.00","0.52K","-1.20%"
"29-01-2026","17,016.00","16,506.00","17,080.00","16,160.00","0.86K","2.10%"
"28-01-2026","16,666.00","16,952.00","17,200.00","16,532.00","0.77K","-2.96%"
"27-01-2026","17,174.00","17,306.00","17,398.00","16,882.00","0.77K","-2.11%"
"23-01-2026","17,544.00","18,300.00","18,300.00","17,154.00","0.78K","-1.81%"
"22-01-2026","17,868.00","17,926.00","17,976.00","17,646.00","0.53K","-0.68%"
"21-01-2026","17,990.00","18,140.00","18,150.00","17,760.00","0.26K","0.35%"
"20-01-2026","17,928.00","18,400.00","18,600.00","17,740.00","0.34K","-1.65%"
"19-01-2026","18,228.00","16,700.00","18,282.00","16,700.00","0.72K","5.68%"
"16-01-2026","17,248.00","16,950.00","17,480.00","16,742.00","0.50K","0.41%"
"14-01-2026","17,178.00","18,098.00","18,098.00","17,040.00","0.16K","-1.62%"
"13-01-2026","17,460.00","17,604.00","17,850.00","17,234.00","0.15K","-2.02%"
"12-01-2026","17,820.00","17,400.00","17,934.00","17,400.00","0.18K","1.77%"
"09-01-2026","17,510.00","18,100.00","18,100.00","17,060.00","0.17K","0.10%"
"08-01-2026","17,492.00","17,430.00","17,784.00","16,748.00","0.35K","-1.35%"
"07-01-2026","17,732.00","18,302.00","18,790.00","17,604.00","0.85K","-1.86%"
"06-01-2026","18,068.00","18,796.00","19,210.00","17,996.00","0.73K","-2.89%"
"05-01-2026","18,606.00","18,800.00","18,800.00","18,246.00","0.21K","1.30%"
"02-01-2026","18,368.00","18,230.00","18,744.00","18,200.00","0.55K","3.87%"
"01-01-2026","17,684.00","17,152.00","17,920.00","16,872.00","0.24K","2.62%"
"31-12-2025","17,232.00","17,350.00","17,400.00","17,070.00","0.20K","0.91%"
"30-12-2025","17,076.00","16,800.00","17,300.00","16,600.00","0.11K","0.33%"
"29-12-2025","17,020.00","17,648.00","17,648.00","16,900.00","0.10K","-0.26%"
"26-12-2025","17,064.00","16,652.00","17,314.00","16,652.00","0.58K","2.78%"
"24-12-2025","16,602.00","16,230.00","16,860.00","16,230.00","0.22K","-1.08%"
"23-12-2025","16,784.00","16,150.00","16,860.00","16,150.00","0.50K","4.70%"
"22-12-2025","16,030.00","15,528.00","16,158.00","15,528.00","0.23K","3.17%"
"19-12-2025","15,538.00","15,720.00","15,764.00","15,400.00","0.11K","-2.96%"
"18-12-2025","16,012.00","16,150.00","16,420.00","15,950.00","2.24K","-0.83%"
"17-12-2025","16,146.00","15,960.00","16,420.00","15,754.00","2.71K","1.80%"
"16-12-2025","15,860.00","16,162.00","16,162.00","15,716.00","3.92K","-1.87%"
"15-12-2025","16,162.00","16,490.00","16,590.00","15,950.00","3.58K","-1.04%"
"12-12-2025","16,332.00","16,112.00","16,396.00","15,900.00","3.69K","2.85%"
"11-12-2025","15,880.00","15,630.00","16,376.00","15,550.00","4.27K","2.32%"
"10-12-2025","15,520.00","14,950.00","15,630.00","14,820.00","6.44K","4.99%"
"09-12-2025","14,782.00","14,702.00","14,922.00","14,586.00","1.63K","0.46%"
"08-12-2025","14,714.00","14,726.00","14,770.00","14,602.00","0.89K","-0.33%"
"05-12-2025","14,762.00","14,752.00","14,980.00","14,706.00","1.35K","-0.24%"
"04-12-2025","14,798.00","14,600.00","14,830.00","14,484.00","1.40K","1.41%"
"03-12-2025","14,592.00","14,512.00","14,726.00","14,450.00","1.99K","-1.11%"
"02-12-2025","14,756.00","14,710.00","14,940.00","14,656.00","1.01K","-0.36%"
"01-12-2025","14,810.00","14,870.00","15,092.00","14,600.00","2.22K","0.01%"
"28-11-2025","14,808.00","14,090.00","14,812.00","14,050.00","6.50K","5.97%"
"27-11-2025","13,974.00","13,074.00","13,978.00","13,074.00","6.00K","5.96%"
"26-11-2025","13,188.00","12,970.00","13,282.00","12,822.00","1.48K","2.44%"
"25-11-2025","12,874.00","12,900.00","12,918.00","12,740.00","0.69K","-0.25%"
"24-11-2025","12,906.00","12,896.00","12,950.00","12,780.00","0.19K","1.43%"
"21-11-2025","12,724.00","12,712.00","12,950.00","12,690.00","1.22K","-1.20%"
"20-11-2025","12,878.00","13,034.00","13,078.00","12,820.00","0.31K","-0.86%"
"19-11-2025","12,990.00","12,600.00","13,050.00","12,574.00","0.91K","1.53%"
"18-11-2025","12,794.00","12,984.00","12,984.00","12,614.00","0.45K","-1.24%"
"17-11-2025","12,954.00","12,782.00","13,054.00","12,750.00","0.52K","0.62%"
"14-11-2025","12,874.00","13,332.00","13,332.00","12,532.00","1.77K","-3.41%"
"13-11-2025","13,328.00","13,270.00","13,420.00","13,250.00","0.31K","-0.28%"
"12-11-2025","13,366.00","13,380.00","13,540.00","13,310.00","0.68K","0.19%"
"11-11-2025","13,340.00","13,456.00","13,580.00","13,264.00","0.18K","-1.38%"
"10-11-2025","13,526.00","13,600.00","13,798.00","13,340.00","0.68K","1.61%"
"07-11-2025","13,312.00","13,106.00","13,390.00","12,840.00","0.58K","0.91%"
"06-11-2025","13,192.00","13,250.00","13,338.00","13,140.00","0.34K","0.08%"
"04-11-2025","13,182.00","13,160.00","13,358.00","13,128.00","0.49K","-0.45%"
"03-11-2025","13,242.00","13,248.00","13,370.00","13,124.00","0.49K","-1.05%"
"31-10-2025","13,382.00","13,540.00","13,540.00","13,114.00","0.48K","0.09%"
"30-10-2025","13,370.00","13,114.00","13,464.00","12,800.00","1.38K","3.26%"
"29-10-2025","12,948.00","12,964.00","13,130.00","12,836.00","0.36K","-0.95%"
"28-10-2025","13,072.00","13,150.00","13,590.00","13,022.00","1.11K","1.71%"
"27-10-2025","12,852.00","13,102.00","13,116.00","12,514.00","1.24K","-2.36%"
"24-10-2025","13,162.00","12,780.00","13,286.00","12,780.00","0.50K","0.63%"
"23-10-2025","13,080.00","13,700.00","13,700.00","13,048.00","1.30K","-5.76%"
"21-10-2025","13,880.00","13,900.00","14,358.00","13,524.00","0.30K","-8.27%"
"20-10-2025","15,132.00","14,928.00","15,200.00","14,796.00","2.29K","2.74%"
"17-10-2025","14,728.00","14,700.00","14,980.00","14,510.00","2.89K","0.44%"
"16-10-2025","14,664.00","13,990.00","14,720.00","13,990.00","4.87K","5.45%"
"15-10-2025","13,906.00","13,666.00","14,058.00","13,650.00","3.78K","0.51%"
"14-10-2025","13,836.00","13,920.00","14,372.00","13,722.00","8.85K","2.04%"
"13-10-2025","13,560.00","12,652.00","13,560.00","12,652.00","4.90K","5.99%"
"10-10-2025","12,794.00","12,680.00","12,978.00","12,614.00","2.38K","1.06%"
"09-10-2025","12,660.00","12,430.00","12,720.00","12,430.00","2.36K","1.67%"
"08-10-2025","12,452.00","12,390.00","12,576.00","12,372.00","2.85K","0.60%"
"07-10-2025","12,378.00","12,380.00","12,460.00","12,250.00","1.74K","0.13%"
"06-10-2025","12,362.00","12,166.00","12,408.00","12,072.00","1.42K","-0.71%"
"03-10-2025","12,450.00","12,422.00","12,594.00","12,362.00","2.30K","-0.40%"
"01-10-2025","12,500.00","12,800.00","12,800.00","12,266.00","5.06K","-2.16%"
"30-09-2025","12,776.00","12,650.00","12,882.00","12,432.00","2.00K","-0.45%"
"29-09-2025","12,834.00","12,902.00","13,176.00","12,740.00","1.89K","1.13%"
"26-09-2025","12,690.00","12,700.00","12,764.00","12,620.00","0.40K","-0.16%"
"25-09-2025","12,710.00","12,578.00","12,800.00","12,566.00","0.76K","0.87%"
"24-09-2025","12,600.00","12,590.00","12,676.00","12,560.00","0.75K","0.27%"
"23-09-2025","12,566.00","12,640.00","12,642.00","12,520.00","1.16K","-0.65%"
"22-09-2025","12,648.00","12,700.00","12,838.00","12,602.00","0.66K","-0.08%"
"19-09-2025","12,658.00","12,400.00","12,888.00","12,352.00","0.82K","1.92%"
"18-09-2025","12,420.00","12,398.00","12,478.00","12,398.00","0.21K","0.34%"
"17-09-2025","12,378.00","12,490.00","12,610.00","12,362.00","0.36K","0.18%"
"16-09-2025","12,356.00","12,550.00","12,652.00","12,300.00","0.22K","-1.87%"
"15-09-2025","12,592.00","12,638.00","12,676.00","12,510.00","0.25K","-0.44%"
"12-09-2025","12,648.00","12,740.00","12,938.00","12,520.00","0.54K","-1.68%"
"11-09-2025","12,864.00","13,020.00","13,180.00","12,762.00","0.97K","0.02%"
"10-09-2025","12,862.00","12,480.00","13,040.00","12,480.00","0.79K","4.42%"
"09-09-2025","12,318.00","12,110.00","12,444.00","12,000.00","0.16K","-0.61%"
"08-09-2025","12,394.00","12,372.00","12,580.00","12,352.00","0.12K","-0.37%"
"05-09-2025","12,440.00","12,620.00","12,620.00","12,270.00","0.25K","-1.86%"
"04-09-2025","12,676.00","12,502.00","12,788.00","12,502.00","0.32K","0.70%"
"03-09-2025","12,588.00","12,252.00","12,620.00","12,210.00","0.47K","0.95%"
"02-09-2025","12,470.00","12,604.00","12,900.00","12,180.00","1.22K","-2.40%"
"01-09-2025","12,776.00","13,468.00","13,540.00","12,764.00","1.23K","-5.91%"
"29-08-2025","13,578.00","13,790.00","13,790.00","13,520.00","0.15K","0.41%"
"28-08-2025","13,522.00","13,410.00","13,650.00","13,310.00","0.13K","0.49%"
"26-08-2025","13,456.00","13,654.00","13,654.00","13,410.00","0.39K","-1.64%"
"25-08-2025","13,680.00","13,634.00","13,740.00","13,634.00","0.09K","-0.04%"
"22-08-2025","13,686.00","13,634.00","13,718.00","13,614.00","0.15K","0.47%"
"21-08-2025","13,622.00","13,592.00","13,650.00","13,592.00","0.30K","1.46%"
"20-08-2025","13,426.00","13,300.00","13,690.00","13,300.00","1.78K","0.63%"
"19-08-2025","13,342.00","13,236.00","13,368.00","13,230.00","1.24K","0.88%"
"18-08-2025","13,226.00","13,440.00","13,440.00","13,130.00","3.71K","-1.31%"
"14-08-2025","13,402.00","13,400.00","13,528.00","13,264.00","6.57K","-0.62%"
"13-08-2025","13,486.00","13,102.00","13,520.00","12,900.00","5.97K","2.49%"
"12-08-2025","13,158.00","13,170.00","13,216.00","13,110.00","2.21K","-0.36%"
"11-08-2025","13,206.00","13,348.00","13,378.00","13,112.00","2.03K","-0.84%"
"08-08-2025","13,318.00","13,282.00","13,392.00","13,240.00","1.28K","-0.45%"
"07-08-2025","13,378.00","13,626.00","13,638.00","13,276.00","4.49K","-1.60%"
"06-08-2025","13,596.00","13,448.00","13,628.00","13,430.00","1.65K","0.85%"
"05-08-2025","13,482.00","13,450.00","13,506.00","13,400.00","1.95K","0.01%"
"04-08-2025","13,480.00","13,540.00","13,634.00","13,452.00","2.12K","0.03%"
"01-08-2025","13,476.00","13,100.00","13,654.00","13,064.00","5.33K","2.60%"
"31-07-2025","13,134.00","13,272.00","13,358.00","13,110.00","1.18K","-1.68%"
"30-07-2025","13,358.00","13,540.00","13,540.00","13,122.00","0.86K","0.41%"
"29-07-2025","13,304.00","13,274.00","13,442.00","13,152.00","1.07K","-0.22%"
"28-07-2025","13,334.00","13,202.00","13,370.00","13,028.00","0.54K","0.23%"
"25-07-2025","13,304.00","13,554.00","13,554.00","13,200.00","0.73K","-1.73%"
"24-07-2025","13,538.00","13,336.00","13,564.00","13,336.00","0.17K","0.01%"
"23-07-2025","13,536.00","13,580.00","13,580.00","13,482.00","0.09K","-0.25%"
"22-07-2025","13,570.00","13,830.00","13,830.00","13,482.00","0.26K","0.52%"
"21-07-2025","13,500.00","13,502.00","13,646.00","13,492.00","0.21K","-0.72%"
"18-07-2025","13,598.00","13,600.00","13,618.00","13,566.00","0.15K","-0.16%"
"17-07-2025","13,620.00","13,530.00","13,846.00","13,200.00","0.65K","-0.12%"
"16-07-2025","13,636.00","13,854.00","13,856.00","13,612.00","0.38K","-1.66%"
"15-07-2025","13,866.00","13,620.00","13,900.00","13,620.00","0.17K","0.81%"
"14-07-2025","13,754.00","13,880.00","14,024.00","13,712.00","0.71K","-0.13%"
"11-07-2025","13,772.00","13,750.00","13,832.00","13,608.00","0.55K","0.39%"
"10-07-2025","13,718.00","13,700.00","13,862.00","13,520.00","0.83K","1.12%"
"09-07-2025","13,566.00","13,620.00","13,650.00","13,452.00","0.38K","0.50%"
"08-07-2025","13,498.00","13,540.00","13,600.00","13,232.00","0.46K","0.48%"
"07-07-2025","13,434.00","13,520.00","13,950.00","13,300.00","1.75K","-2.07%"
"04-07-2025","13,718.00","13,802.00","13,990.00","13,642.00","0.55K","-1.56%"
"03-07-2025","13,936.00","14,214.00","14,370.00","13,722.00","1.02K","-2.49%"
"02-07-2025","14,292.00","14,334.00","14,340.00","14,222.00","0.17K","-2.06%"
"01-07-2025","14,592.00","14,340.00","14,628.00","14,334.00","0.29K","1.39%"
"30-06-2025","14,392.00","14,470.00","14,470.00","14,314.00","0.13K","-1.05%"
"27-06-2025","14,544.00","14,470.00","14,880.00","14,402.00","0.66K","1.30%"
"26-06-2025","14,358.00","14,180.00","14,400.00","14,106.00","1.00K","0.89%"
"25-06-2025","14,232.00","14,662.00","14,674.00","14,162.00","1.06K","-3.32%"
"24-06-2025","14,720.00","14,700.00","14,800.00","14,662.00","0.42K","0.51%"
"23-06-2025","14,646.00","14,624.00","14,730.00","14,596.00","0.63K","2.68%"
"20-06-2025","14,264.00","14,140.00","14,320.00","14,050.00","1.43K","0.68%"
"19-06-2025","14,168.00","14,300.00","14,350.00","14,140.00","1.33K","-0.94%"
"18-06-2025","14,302.00","14,448.00","14,490.00","14,258.00","3.58K","-1.01%"
"17-06-2025","14,448.00","14,500.00","14,650.00","14,408.00","1.87K","-0.40%"
"16-06-2025","14,506.00","14,570.00","14,792.00","14,300.00","2.55K","-1.41%"
"13-06-2025","14,714.00","14,850.00","14,862.00","14,700.00","2.60K","-0.58%"
"12-06-2025","14,800.00","14,826.00","15,050.00","14,604.00","3.44K","-0.44%"
"11-06-2025","14,866.00","14,758.00","15,020.00","14,700.00","2.81K","0.73%"
"10-06-2025","14,758.00","15,132.00","15,206.00","14,540.00","4.27K","-2.04%"
"09-06-2025","15,066.00","14,910.00","15,146.00","14,800.00","4.05K","1.05%"
"06-06-2025","14,910.00","14,550.00","14,994.00","14,262.00","5.75K","2.33%"
"05-06-2025","14,570.00","14,230.00","14,670.00","14,118.00","3.74K","2.45%"
"04-06-2025","14,222.00","13,944.00","14,300.00","13,850.00","2.77K","1.82%"
"03-06-2025","13,968.00","14,000.00","14,138.00","13,812.00","0.95K","-0.27%"
"02-06-2025","14,006.00","14,402.00","14,502.00","13,878.00","1.55K","-2.94%"
"30-05-2025","14,430.00","14,302.00","14,618.00","14,242.00","1.01K","1.48%"
"29-05-2025","14,220.00","14,100.00","14,300.00","14,058.00","1.30K","1.20%"
"28-05-2025","14,052.00","13,780.00","14,100.00","13,780.00","0.73K","1.40%"
"27-05-2025","13,858.00","13,934.00","13,988.00","13,850.00","0.87K","-0.72%"
"26-05-2025","13,958.00","14,042.00","14,098.00","13,910.00","0.49K","-2.16%"
"23-05-2025","14,266.00","14,254.00","14,302.00","14,200.00","0.10K","-0.08%"
"22-05-2025","14,278.00","14,554.00","14,600.00","14,156.00","0.25K","-1.46%"
"21-05-2025","14,490.00","14,650.00","14,650.00","14,398.00","0.72K","-1.07%"
"20-05-2025","14,646.00","14,514.00","14,758.00","14,340.00","2.59K","0.49%"
"19-05-2025","14,574.00","14,600.00","14,646.00","14,452.00","1.50K","-0.41%"
"16-05-2025","14,634.00","14,492.00","14,960.00","14,452.00","4.02K","1.02%"
"15-05-2025","14,486.00","14,370.00","14,540.00","14,192.00","2.13K","0.01%"
"14-05-2025","14,484.00","14,598.00","14,610.00","14,362.00","1.56K","-0.22%"
"13-05-2025","14,516.00","14,198.00","14,610.00","14,174.00","3.43K","2.83%"
"12-05-2025","14,116.00","13,900.00","14,230.00","13,820.00","4.68K","3.61%"
"09-05-2025","13,624.00","13,832.00","13,832.00","13,182.00","7.38K","-2.08%"
"08-05-2025","13,914.00","13,960.00","14,240.00","13,850.00","4.34K","-0.61%"
"07-05-2025","14,000.00","13,870.00","14,070.00","13,802.00","2.91K","0.49%"
"06-05-2025","13,932.00","14,004.00","14,004.00","13,654.00","5.26K","-0.90%"
"05-05-2025","14,058.00","14,310.00","14,464.00","14,004.00","3.61K","-3.28%"
"02-05-2025","14,534.00","14,350.00","14,792.00","14,260.00","2.34K","2.18%"
"30-04-2025","14,224.00","13,966.00","14,398.00","13,850.00","2.97K","1.86%"
"29-04-2025","13,964.00","14,100.00","14,296.00","13,880.00","1.94K","-1.59%"
"28-04-2025","14,190.00","14,220.00","14,510.00","14,006.00","0.88K","-1.29%"
"25-04-2025","14,376.00","14,566.00","14,572.00","14,272.00","0.71K","-2.00%"
"24-04-2025","14,670.00","14,958.00","15,016.00","14,550.00","0.67K","-1.03%"
"23-04-2025","14,822.00","14,816.00","15,220.00","14,612.00","1.32K","-2.61%"
"22-04-2025","15,220.00","15,430.00","16,080.00","14,948.00","1.70K","-0.35%"
"21-04-2025","15,274.00","15,680.00","15,680.00","15,086.00","0.44K","0.49%"
"17-04-2025","15,200.00","15,044.00","15,390.00","14,720.00","2.43K","1.69%"
"16-04-2025","14,948.00","15,048.00","15,262.00","14,730.00","1.68K","-0.33%"
"15-04-2025","14,998.00","14,370.00","15,316.00","14,370.00","5.16K","3.05%"
"11-04-2025","14,554.00","14,396.00","14,968.00","14,090.00","7.79K","3.06%"
"09-04-2025","14,122.00","14,200.00","14,300.00","13,534.00","4.65K","-0.93%"
"08-04-2025","14,254.00","14,052.00","14,700.00","13,710.00","3.91K","0.61%"
"07-04-2025","14,168.00","15,000.00","15,080.00","14,158.00","4.29K","-5.92%"
"04-04-2025","15,060.00","14,930.00","15,440.00","14,880.00","4.00K","-0.12%"
"03-04-2025","15,078.00","15,500.00","15,634.00","14,900.00","7.48K","0.29%"
"02-04-2025","15,034.00","14,510.00","15,034.00","14,500.00","2.24K","5.99%"
"01-04-2025","14,184.00","13,640.00","14,184.00","13,640.00","2.24K","5.99%"
"28-03-2025","13,382.00","13,480.00","13,590.00","13,340.00","1.10K","-0.16%"
"27-03-2025","13,404.00","13,252.00","13,634.00","13,164.00","4.26K","0.99%"
"26-03-2025","13,272.00","13,300.00","13,616.00","13,170.00","3.51K","-0.66%"
"25-03-2025","13,360.00","13,082.00","13,434.00","13,002.00","4.19K","1.58%"
"24-03-2025","13,152.00","13,710.00","13,856.00","13,000.00","3.89K","-2.46%"
"21-03-2025","13,484.00","13,300.00","13,700.00","13,300.00","3.60K","2.21%"
"20-03-2025","13,192.00","12,684.00","13,300.00","12,602.00","3.12K","3.03%"
"19-03-2025","12,804.00","12,700.00","12,972.00","12,532.00","1.56K","1.15%"
"18-03-2025","12,658.00","12,490.00","12,766.00","12,350.00","1.68K","2.21%"
"17-03-2025","12,384.00","11,790.00","12,392.00","11,790.00","2.79K","5.92%"
"13-03-2025","11,692.00","11,364.00","11,928.00","11,296.00","1.75K","1.85%"
"12-03-2025","11,480.00","11,622.00","11,668.00","11,446.00","0.92K","-1.70%"
"11-03-2025","11,678.00","11,336.00","11,720.00","11,336.00","1.28K","2.24%"
"10-03-2025","11,422.00","11,734.00","11,734.00","11,282.00","1.90K","-3.15%"
"07-03-2025","11,794.00","11,878.00","11,900.00","11,740.00","0.36K","-1.52%"
"06-03-2025","11,976.00","11,790.00","12,006.00","11,790.00","0.39K","2.03%"
"05-03-2025","11,738.00","11,938.00","11,938.00","11,676.00","0.79K","-2.64%"
"04-03-2025","12,056.00","12,176.00","12,192.00","12,002.00","0.25K","-0.86%"
"03-03-2025","12,160.00","12,236.00","12,296.00","12,100.00","0.38K","-1.78%"
"28-02-2025","12,380.00","12,444.00","12,522.00","12,322.00","0.32K","-0.18%"
"27-02-2025","12,402.00","12,282.00","12,750.00","12,076.00","1.10K","0.39%"
"25-02-2025","12,354.00","12,368.00","12,528.00","12,262.00","0.49K","-0.61%"
"24-02-2025","12,430.00","12,850.00","12,850.00","12,256.00","0.76K","-4.41%"
"21-02-2025","13,004.00","13,032.00","13,078.00","12,934.00","0.13K","-0.60%"
"20-02-2025","13,082.00","12,806.00","13,100.00","12,606.00","0.76K","2.33%"
"19-02-2025","12,784.00","12,750.00","12,860.00","12,680.00","0.41K","-0.53%"
"18-02-2025","12,852.00","12,038.00","12,900.00","12,038.00","0.79K","2.50%"
"17-02-2025","12,538.00","12,656.00","12,658.00","12,396.00","0.47K","-0.85%"
"14-02-2025","12,646.00","12,600.00","12,974.00","12,304.00","0.78K","-1.33%"
"13-02-2025","12,816.00","13,050.00","13,056.00","12,780.00","0.54K","-2.42%"
"12-02-2025","13,134.00","13,044.00","13,170.00","13,044.00","0.08K","-0.06%"
"11-02-2025","13,142.00","13,102.00","13,190.00","13,040.00","0.18K","-0.42%"
"10-02-2025","13,198.00","13,256.00","13,318.00","13,130.00","0.12K","-1.83%"
"07-02-2025","13,444.00","13,578.00","13,578.00","13,350.00","0.21K","-0.19%"
"06-02-2025","13,470.00","13,356.00","13,558.00","13,260.00","0.40K","2.79%"
"05-02-2025","13,104.00","13,106.00","13,150.00","13,058.00","0.04K","-0.85%"
"04-02-2025","13,216.00","13,202.00","13,242.00","12,912.00","0.34K","0.65%"
"03-02-2025","13,130.00","13,022.00","13,214.00","12,944.00","0.18K","-0.44%"
"01-02-2025","13,188.00","13,118.00","13,250.00","13,046.00","0.13K","0.26%"
"31-01-2025","13,154.00","13,434.00","13,498.00","13,000.00","0.39K","-2.53%"
"30-01-2025","13,496.00","13,674.00","13,696.00","13,422.00","0.31K","-1.30%"
"29-01-2025","13,674.00","13,276.00","13,690.00","13,260.00","0.40K","3.04%"
"28-01-2025","13,270.00","13,448.00","13,450.00","13,170.00","0.28K","-1.07%"
"27-01-2025","13,414.00","13,578.00","13,600.00","13,196.00","0.33K","-1.76%"
"24-01-2025","13,654.00","13,810.00","13,820.00","13,574.00","0.31K","-0.91%"
"23-01-2025","13,780.00","14,144.00","14,144.00","13,542.00","0.68K","-3.30%"
"22-01-2025","14,250.00","14,352.00","14,352.00","14,142.00","0.08K","1.04%"
"21-01-2025","14,104.00","14,058.00","14,352.00","14,010.00","0.15K","0.97%"
"20-01-2025","13,968.00","13,984.00","14,028.00","13,940.00","0.16K","-0.37%"
"17-01-2025","14,020.00","14,350.00","14,350.00","14,000.00","0.37K","-2.41%"
"16-01-2025","14,366.00","14,318.00","14,420.00","14,302.00","0.16K","0.38%"
"15-01-2025","14,312.00","14,500.00","14,650.00","14,200.00","0.20K","-1.49%"
"14-01-2025","14,528.00","14,484.00","14,640.00","14,250.00","0.27K","-0.07%"
"13-01-2025","14,538.00","15,598.00","15,598.00","14,470.00","0.47K","-4.92%"
"10-01-2025","15,290.00","15,230.00","15,422.00","15,150.00","0.21K","0.76%"
"09-01-2025","15,174.00","15,054.00","15,312.00","15,054.00","0.07K","-0.17%"
"08-01-2025","15,200.00","15,482.00","15,518.00","15,118.00","0.38K","-2.73%"
"07-01-2025","15,626.00","15,560.00","15,700.00","15,526.00","0.05K","0.17%"
"06-01-2025","15,600.00","15,690.00","15,784.00","15,546.00","0.08K","0.65%"
"03-01-2025","15,500.00","15,520.00","15,856.00","15,480.00","0.83K","1.12%"
"02-01-2025","15,328.00","15,230.00","15,436.00","15,050.00","0.33K","-0.42%"
"01-01-2025","15,392.00","15,190.00","15,600.00","15,150.00","0.73K","2.61%"
"31-12-2024","15,000.00","14,880.00","15,170.00","14,630.00","0.19K","2.82%"
"30-12-2024","14,588.00","14,418.00","14,690.00","14,370.00","0.17K","1.72%"
"27-12-2024","14,342.00","14,200.00","14,450.00","14,200.00","0.07K","2.55%"
"26-12-2024","13,986.00","13,980.00","14,050.00","13,970.00","0.20K","0.19%"
"24-12-2024","13,960.00","14,050.00","14,050.00","13,860.00","0.08K","-0.48%"
"23-12-2024","14,028.00","13,900.00","14,130.00","13,900.00","0.15K","0.29%"
"20-12-2024","13,988.00","13,924.00","14,060.00","13,830.00","1.10K","1.19%"
"19-12-2024","13,824.00","13,756.00","13,958.00","13,666.00","0.74K","0.13%"
"18-12-2024","13,806.00","14,300.00","14,350.00","13,700.00","4.36K","-3.90%"
"17-12-2024","14,366.00","14,030.00","14,488.00","13,980.00","4.31K","2.69%"
"16-12-2024","13,990.00","13,902.00","14,050.00","13,872.00","1.36K","0.13%"
"13-12-2024","13,972.00","13,960.00","14,108.00","13,876.00","1.87K","0.34%"
"12-12-2024","13,924.00","14,000.00","14,090.00","13,900.00","0.71K","-0.20%"
"11-12-2024","13,952.00","14,050.00","14,158.00","13,922.00","1.03K","-0.61%"
"10-12-2024","14,038.00","13,900.00","14,098.00","13,812.00","1.91K","0.95%"
"09-12-2024","13,906.00","14,070.00","14,106.00","13,830.00","2.62K","-1.99%"
"06-12-2024","14,188.00","14,294.00","14,294.00","14,042.00","1.18K","-0.23%"
"05-12-2024","14,220.00","14,300.00","14,340.00","14,204.00","0.55K","-0.74%"
"04-12-2024","14,326.00","14,348.00","14,474.00","14,124.00","1.75K","0.24%"
"03-12-2024","14,292.00","14,300.00","14,386.00","14,110.00","1.45K","-0.15%"
"02-12-2024","14,314.00","14,600.00","14,656.00","14,000.00","1.29K","-1.78%"
"29-11-2024","14,574.00","14,410.00","14,700.00","14,410.00","0.64K","0.55%"
"28-11-2024","14,494.00","14,540.00","14,648.00","14,428.00","0.80K","-0.69%"
"27-11-2024","14,594.00","14,700.00","14,830.00","14,420.00","1.10K","-0.95%"
"26-11-2024","14,734.00","14,880.00","15,000.00","14,650.00","0.90K","-0.50%"
"25-11-2024","14,808.00","15,300.00","15,612.00","14,720.00","2.10K","-3.35%"
"22-11-2024","15,322.00","15,188.00","15,364.00","15,072.00","1.23K","0.62%"
"21-11-2024","15,228.00","15,110.00","15,390.00","15,050.00","1.21K","-0.26%"
"19-11-2024","15,268.00","15,294.00","15,350.00","14,804.00","2.05K","3.82%"
"18-11-2024","14,706.00","14,500.00","14,948.00","14,362.00","0.68K","2.31%"
"14-11-2024","14,374.00","14,200.00","14,500.00","14,078.00","1.03K","1.48%"
"13-11-2024","14,164.00","14,050.00","14,202.00","13,830.00","0.70K","0.61%"
"12-11-2024","14,078.00","14,180.00","14,198.00","13,936.00","0.36K","-0.71%"
"11-11-2024","14,178.00","14,000.00","14,310.00","14,000.00","1.01K","2.15%"
"08-11-2024","13,880.00","13,600.00","13,914.00","13,600.00","0.30K","0.39%"
"07-11-2024","13,826.00","13,900.00","14,050.00","13,782.00","0.46K","-0.40%"
"06-11-2024","13,882.00","13,690.00","14,180.00","13,556.00","1.49K","1.80%"
"05-11-2024","13,636.00","13,500.00","13,760.00","13,500.00","0.89K","1.65%"
"04-11-2024","13,414.00","13,300.00","13,500.00","13,112.00","0.73K","0.07%"
"01-11-2024","13,404.00","13,480.00","13,540.00","13,300.00","0.30K","-0.86%"
"31-10-2024","13,520.00","13,590.00","13,660.00","13,390.00","0.50K","-1.14%"
"30-10-2024","13,676.00","13,818.00","13,818.00","13,614.00","0.08K","-0.22%"
"29-10-2024","13,706.00","13,720.00","13,748.00","13,670.00","0.07K","0.44%"
"28-10-2024","13,646.00","13,510.00","13,760.00","13,510.00","0.23K","-1.03%"
"25-10-2024","13,788.00","13,968.00","14,094.00","13,624.00","0.49K","-2.83%"
"24-10-2024","14,190.00","14,220.00","14,310.00","14,122.00","0.11K","0.06%"
"23-10-2024","14,182.00","14,036.00","14,238.00","14,022.00","0.10K","0.14%"
"22-10-2024","14,162.00","14,394.00","14,394.00","14,010.00","0.16K","-0.97%"
"21-10-2024","14,300.00","14,100.00","14,390.00","14,100.00","0.29K","4.36%"
"18-10-2024","13,702.00","13,598.00","13,750.00","13,550.00","0.94K","0.78%"
"17-10-2024","13,596.00","13,600.00","13,668.00","13,166.00","2.33K","-0.29%"
"16-10-2024","13,636.00","14,018.00","14,030.00","13,600.00","4.40K","-1.49%"
"15-10-2024","13,842.00","13,844.00","13,858.00","13,706.00","3.28K","0.58%"
"14-10-2024","13,762.00","13,560.00","13,976.00","13,470.00","5.25K","1.39%"
"11-10-2024","13,574.00","13,750.00","13,864.00","13,530.00","3.34K","-1.79%"
"10-10-2024","13,822.00","13,950.00","14,100.00","13,790.00","2.96K","-1.30%"
"09-10-2024","14,004.00","13,958.00","14,290.00","13,882.00","2.71K","0.46%"
"08-10-2024","13,940.00","14,346.00","14,390.00","13,882.00","2.92K","-1.93%"
"07-10-2024","14,214.00","13,700.00","14,584.00","13,330.00","6.45K","3.15%"
"04-10-2024","13,780.00","14,022.00","14,222.00","13,750.00","2.82K","-2.70%"
"03-10-2024","14,162.00","14,130.00","14,230.00","13,824.00","1.71K","-1.64%"
"01-10-2024","14,398.00","14,390.00","14,432.00","14,216.00","1.13K","-0.81%"
"30-09-2024","14,516.00","14,830.00","14,830.00","14,360.00","0.63K","-1.91%"
"27-09-2024","14,798.00","14,910.00","14,988.00","14,520.00","0.70K","-0.64%"
"26-09-2024","14,894.00","14,974.00","15,122.00","14,792.00","0.57K","-1.31%"
"25-09-2024","15,092.00","14,900.00","15,184.00","14,870.00","1.20K","1.52%"
"24-09-2024","14,866.00","14,660.00","14,890.00","14,552.00","1.38K","1.43%"
"23-09-2024","14,656.00","14,606.00","14,760.00","14,580.00","0.67K","-0.83%"
"20-09-2024","14,778.00","14,542.00","14,790.00","14,326.00","0.70K","1.44%"
"19-09-2024","14,568.00","15,000.00","15,000.00","14,338.00","0.90K","-2.45%"
"18-09-2024","14,934.00","14,900.00","15,150.00","14,826.00","0.37K","0.69%"
"17-09-2024","14,832.00","14,938.00","14,954.00","14,800.00","0.52K","-0.19%"
"16-09-2024","14,860.00","14,498.00","14,966.00","14,050.00","1.53K","2.00%"
"13-09-2024","14,568.00","14,082.00","14,664.00","13,952.00","1.84K","3.32%"
"12-09-2024","14,100.00","14,560.00","14,560.00","14,036.00","1.86K","-3.54%"
"11-09-2024","14,618.00","14,690.00","14,800.00","14,570.00","0.56K","-0.67%"
"10-09-2024","14,716.00","14,868.00","14,868.00","14,520.00","0.65K","-0.53%"
"09-09-2024","14,794.00","14,870.00","15,000.00","14,250.00","0.99K","1.37%"
"06-09-2024","14,594.00","14,770.00","14,770.00","14,464.00","0.54K","-1.51%"
"05-09-2024","14,818.00","14,440.00","14,836.00","14,390.00","0.89K","3.87%"
"04-09-2024","14,266.00","13,862.00","14,420.00","13,654.00","2.06K","2.91%"
"03-09-2024","13,862.00","14,050.00","14,050.00","13,532.00","1.11K","-2.30%"
"02-09-2024","14,188.00","14,304.00","14,548.00","14,110.00","1.10K","1.18%"
"30-08-2024","14,022.00","13,680.00","14,306.00","13,368.00","1.12K","0.70%"
"29-08-2024","13,924.00","13,102.00","14,124.00","12,930.00","3.32K","4.30%"
"28-08-2024","13,350.00","14,238.00","14,240.00","13,306.00","4.09K","-5.68%"
"27-08-2024","14,154.00","14,322.00","14,552.00","13,706.00","2.24K","-2.74%"
"26-08-2024","14,552.00","14,996.00","15,134.00","14,506.00","1.42K","-3.62%"
"23-08-2024","15,098.00","15,956.00","16,100.00","14,942.00","1.37K","-4.42%"
"22-08-2024","15,796.00","15,516.00","15,990.00","15,350.00","0.73K","-0.03%"
"21-08-2024","15,800.00","16,590.00","16,660.00","15,790.00","1.54K","-1.80%"
"20-08-2024","16,090.00","16,300.00","16,350.00","16,030.00","2.41K","-1.08%"
"19-08-2024","16,266.00","16,198.00","16,300.00","16,112.00","1.97K","1.21%"
"16-08-2024","16,072.00","15,832.00","16,240.00","15,712.00","7.33K","0.99%"
"14-08-2024","15,914.00","16,000.00","16,140.00","15,812.00","5.94K","-0.80%"
"13-08-2024","16,042.00","16,250.00","16,368.00","16,004.00","3.31K","-1.52%"
"12-08-2024","16,290.00","16,498.00","16,500.00","15,802.00","4.36K","-0.65%"
"09-08-2024","16,396.00","16,400.00","16,466.00","16,310.00","2.23K","-0.02%"
"08-08-2024","16,400.00","16,360.00","16,544.00","16,300.00","3.77K","-0.28%"
"07-08-2024","16,446.00","16,500.00","16,590.00","16,392.00","2.94K","-0.04%"
"06-08-2024","16,452.00","16,502.00","16,588.00","16,236.00","1.95K","-0.32%"
"05-08-2024","16,504.00","16,772.00","16,790.00","16,404.00","2.50K","-1.33%"
"02-08-2024","16,726.00","16,700.00","16,840.00","16,540.00","2.21K","0.50%"
"01-08-2024","16,642.00","16,482.00","16,710.00","16,482.00","1.17K","0.85%"
"31-07-2024","16,502.00","16,320.00","16,852.00","16,260.00","2.26K","1.84%"
"30-07-2024","16,204.00","16,276.00","16,350.00","15,702.00","1.88K","-0.93%"
"29-07-2024","16,356.00","16,618.00","16,618.00","16,306.00","0.48K","-0.30%"
"26-07-2024","16,406.00","16,518.00","16,580.00","16,360.00","0.73K","-0.62%"
"25-07-2024","16,508.00","16,508.00","16,600.00","16,444.00","0.61K","-0.96%"
"24-07-2024","16,668.00","16,750.00","16,870.00","16,570.00","0.96K","0.12%"
"23-07-2024","16,648.00","16,796.00","16,796.00","16,360.00","1.35K","-0.68%"
"22-07-2024","16,762.00","16,800.00","17,168.00","16,688.00","0.79K","1.54%"
"19-07-2024","16,508.00","16,630.00","16,720.00","16,488.00","0.56K","-2.12%"
"18-07-2024","16,866.00","16,510.00","17,134.00","16,494.00","2.87K","2.37%"
"16-07-2024","16,476.00","16,298.00","16,480.00","16,258.00","0.49K","1.55%"
"15-07-2024","16,224.00","16,688.00","16,850.00","15,760.00","1.70K","-2.12%"
"12-07-2024","16,576.00","16,750.00","16,790.00","16,510.00","0.42K","-1.59%"
"11-07-2024","16,844.00","16,380.00","16,934.00","16,364.00","2.00K","3.78%"
"10-07-2024","16,230.00","16,190.00","16,332.00","15,910.00","1.61K","0.25%"
"09-07-2024","16,190.00","15,994.00","16,290.00","15,946.00","0.98K","1.24%"
"08-07-2024","15,992.00","16,450.00","16,476.00","15,722.00","2.02K","-3.84%"
"05-07-2024","16,630.00","16,924.00","17,010.00","16,584.00","0.78K","-1.93%"
"04-07-2024","16,958.00","17,000.00","17,114.00","16,770.00","2.38K","-0.33%"
"03-07-2024","17,014.00","17,400.00","17,470.00","16,902.00","0.63K","-1.36%"
"02-07-2024","17,248.00","16,900.00","17,310.00","16,900.00","1.39K","1.59%"
"01-07-2024","16,978.00","17,762.00","17,762.00","16,820.00","2.27K","-4.91%"
"28-06-2024","17,854.00","18,250.00","18,384.00","17,762.00","1.07K","-2.81%"
"27-06-2024","18,370.00","18,250.00","18,682.00","18,100.00","2.60K","0.03%"
"26-06-2024","18,364.00","18,040.00","18,400.00","18,040.00","0.96K","1.17%"
"25-06-2024","18,152.00","18,100.00","18,234.00","17,810.00","0.93K","0.11%"
"24-06-2024","18,132.00","17,792.00","18,228.00","17,600.00","0.42K","0.01%"
"21-06-2024","18,130.00","18,806.00","18,910.00","18,000.00","0.84K","-0.36%"
"20-06-2024","18,196.00","18,470.00","18,470.00","18,120.00","1.65K","-0.57%"
"19-06-2024","18,300.00","18,300.00","18,400.00","18,052.00","1.97K","-0.29%"
"18-06-2024","18,354.00","18,314.00","18,680.00","18,230.00","2.82K","0.96%"
"14-06-2024","18,180.00","18,050.00","18,250.00","17,840.00","2.09K","0.74%"
"13-06-2024","18,046.00","17,944.00","18,094.00","17,680.00","6.76K","1.14%"
"12-06-2024","17,842.00","17,898.00","18,150.00","17,608.00","6.23K","0.08%"
"11-06-2024","17,828.00","17,570.00","18,380.00","17,552.00","4.42K","0.86%"
"10-06-2024","17,676.00","17,890.00","18,150.00","17,550.00","4.91K","-1.33%"
"07-06-2024","17,914.00","17,880.00","18,150.00","17,600.00","3.81K","0.16%"
"06-06-2024","17,886.00","17,900.00","17,980.00","17,600.00","2.59K","0.24%"
"05-06-2024","17,844.00","17,252.00","18,350.00","17,160.00","6.23K","2.80%"
"04-06-2024","17,358.00","17,846.00","17,900.00","17,092.00","3.59K","-2.51%"
"03-06-2024","17,804.00","18,300.00","18,566.00","17,650.00","4.30K","-2.17%"
"31-05-2024","18,198.00","18,398.00","18,656.00","18,040.00","5.69K","-1.13%"
"30-05-2024","18,406.00","19,434.00","19,450.00","18,120.00","4.37K","-4.51%"
"29-05-2024","19,276.00","18,852.00","19,484.00","18,826.00","2.76K","0.29%"
"28-05-2024","19,220.00","20,400.00","20,488.00","19,220.00","4.26K","-6.00%"
"27-05-2024","20,446.00","20,888.00","21,058.00","20,350.00","1.97K","-0.71%"
"24-05-2024","20,592.00","19,850.00","20,766.00","19,812.00","1.95K","3.13%"
"23-05-2024","19,968.00","20,400.00","20,540.00","19,950.00","1.60K","-1.17%"
"22-05-2024","20,204.00","19,742.00","20,550.00","19,390.00","3.40K","3.70%"
"21-05-2024","19,484.00","18,600.00","19,492.00","18,600.00","1.26K","5.95%"
"17-05-2024","18,390.00","18,350.00","18,770.00","18,106.00","1.19K","-0.61%"
"16-05-2024","18,502.00","18,966.00","18,966.00","18,430.00","0.53K","-0.93%"
"15-05-2024","18,676.00","18,172.00","18,924.00","18,172.00","1.49K","0.97%"
"14-05-2024","18,496.00","18,768.00","18,902.00","18,270.00","1.79K","-1.71%"
"13-05-2024","18,818.00","19,926.00","19,926.00","18,752.00","0.63K","-1.78%"
"10-05-2024","19,160.00","18,940.00","19,320.00","18,502.00","1.05K","-0.54%"
"09-05-2024","19,264.00","19,350.00","19,420.00","19,184.00","0.48K","-0.59%"
"08-05-2024","19,378.00","18,820.00","19,588.00","18,666.00","0.69K","1.98%"
"07-05-2024","19,002.00","18,800.00","19,050.00","18,762.00","0.48K","0.91%"
"06-05-2024","18,830.00","18,802.00","19,042.00","18,736.00","0.42K","-2.72%"
"03-05-2024","19,356.00","19,634.00","19,796.00","19,222.00","0.58K","-1.19%"
"02-05-2024","19,590.00","19,850.00","19,920.00","19,444.00","0.53K","0.42%"
"30-04-2024","19,508.00","19,498.00","19,684.00","19,380.00","0.19K","-0.65%"
"29-04-2024","19,636.00","19,502.00","19,810.00","19,158.00","0.22K","0.48%"
"26-04-2024","19,542.00","19,862.00","19,998.00","19,434.00","0.24K","-0.06%"
"25-04-2024","19,554.00","19,658.00","19,870.00","18,720.00","0.42K","-1.72%"
"24-04-2024","19,896.00","19,920.00","20,598.00","19,436.00","0.34K","-0.17%"
"23-04-2024","19,930.00","18,860.00","20,100.00","18,860.00","0.44K","4.62%"
"22-04-2024","19,050.00","19,096.00","19,358.00","18,938.00","0.25K","2.49%"
"19-04-2024","18,588.00","18,480.00","19,400.00","18,360.00","8.77K","1.32%"
"18-04-2024","18,346.00","17,650.00","18,346.00","17,650.00","4.22K","6.00%"
"16-04-2024","17,308.00","16,400.00","17,308.00","16,400.00","4.34K","5.99%"
"15-04-2024","16,330.00","16,200.00","16,450.00","16,010.00","1.90K","1.35%"
"12-04-2024","16,112.00","16,500.00","16,518.00","16,002.00","7.05K","-3.76%"
"10-04-2024","16,742.00","17,000.00","17,020.00","16,710.00","3.43K","-1.88%"
"09-04-2024","17,062.00","17,304.00","17,370.00","16,950.00","2.52K","-1.73%"
"08-04-2024","17,362.00","17,600.00","17,600.00","17,220.00","2.16K","-0.21%"
"05-04-2024","17,398.00","17,336.00","17,538.00","17,100.00","2.95K","0.07%"
"04-04-2024","17,386.00","17,500.00","17,600.00","17,216.00","2.89K","0.00%"
"03-04-2024","17,386.00","17,240.00","17,550.00","17,170.00","2.71K","1.57%"
"02-04-2024","17,118.00","17,050.00","17,250.00","16,650.00","3.66K","0.42%"
"01-04-2024","17,046.00","17,500.00","17,500.00","16,904.00","2.41K","-3.19%"
"28-03-2024","17,608.00","17,980.00","18,024.00","17,380.00","1.28K","-1.53%"
"27-03-2024","17,882.00","18,208.00","18,208.00","17,800.00","0.70K","0.08%"
"26-03-2024","17,868.00","17,908.00","18,738.00","17,610.00","1.32K","-0.83%"
"22-03-2024","18,018.00","17,400.00","18,200.00","17,010.00","2.74K","4.42%"
"21-03-2024","17,256.00","18,200.00","18,400.00","17,158.00","2.49K","-5.46%"
"20-03-2024","18,252.00","18,062.00","18,458.00","17,982.00","1.25K","1.35%"
"19-03-2024","18,008.00","18,000.00","18,100.00","17,502.00","0.92K","0.10%"
"18-03-2024","17,990.00","18,374.00","18,374.00","17,494.00","0.99K","0.54%"
"15-03-2024","17,894.00","18,816.00","19,046.00","17,834.00","0.98K","-5.53%"
"14-03-2024","18,942.00","19,500.00","19,500.00","18,680.00","0.72K","-4.14%"
"13-03-2024","19,760.00","19,022.00","20,122.00","18,988.00","0.59K","3.52%"
"12-03-2024","19,088.00","19,590.00","19,800.00","18,900.00","0.55K","-2.04%"
"11-03-2024","19,486.00","19,140.00","19,508.00","18,800.00","0.74K","5.88%"
"07-03-2024","18,404.00","18,210.00","18,632.00","18,210.00","1.02K","4.70%"
"06-03-2024","17,578.00","17,398.00","17,660.00","17,332.00","0.13K","1.03%"
"05-03-2024","17,398.00","17,600.00","17,650.00","17,290.00","0.18K","-2.84%"
"04-03-2024","17,906.00","17,660.00","18,070.00","17,660.00","0.13K","3.46%"
"01-03-2024","17,308.00","17,500.00","17,700.00","17,250.00","0.26K","-1.32%"
"29-02-2024","17,540.00","16,884.00","17,612.00","16,580.00","0.48K","2.97%"
"28-02-2024","17,034.00","17,302.00","17,302.00","16,764.00","0.33K","0.55%"
"27-02-2024","16,940.00","16,226.00","16,948.00","16,166.00","0.71K","5.94%"
"26-02-2024","15,990.00","15,998.00","16,000.00","15,860.00","0.23K","2.95%"
"23-02-2024","15,532.00","15,578.00","15,664.00","15,500.00","0.15K","0.17%"
"22-02-2024","15,506.00","15,502.00","15,744.00","15,396.00","0.19K","-1.17%"
"21-02-2024","15,690.00","15,840.00","15,900.00","15,628.00","0.21K","-1.51%"
"20-02-2024","15,930.00","15,648.00","16,000.00","15,648.00","0.19K","2.58%"
"19-02-2024","15,530.00","15,220.00","16,140.00","15,220.00","0.25K","0.00%"
"16-02-2024","15,530.00","15,730.00","15,812.00","15,424.00","0.15K","-0.77%"
"15-02-2024","15,650.00","15,298.00","15,782.00","15,298.00","0.27K","3.12%"
"14-02-2024","15,176.00","15,150.00","15,266.00","15,100.00","0.07K","0.15%"
"13-02-2024","15,154.00","14,902.00","15,230.00","14,810.00","0.07K","1.86%"
"12-02-2024","14,878.00","15,296.00","15,420.00","14,624.00","0.42K","-3.81%"
"09-02-2024","15,468.00","15,220.00","15,600.00","15,220.00","0.16K","-0.68%"
"08-02-2024","15,574.00","15,802.00","15,802.00","15,462.00","0.12K","-0.65%"
"07-02-2024","15,676.00","15,620.00","15,920.00","15,534.00","0.18K","-1.21%"
"06-02-2024","15,868.00","16,050.00","16,100.00","15,634.00","0.09K","-0.64%"
"05-02-2024","15,970.00","15,500.00","16,098.00","15,032.00","0.28K","1.99%"
"02-02-2024","15,658.00","15,372.00","15,668.00","15,316.00","0.21K","5.93%"
"01-02-2024","14,782.00","14,280.00","14,844.00","14,280.00","0.31K","2.41%"
"31-01-2024","14,434.00","15,250.00","15,250.00","14,232.00","0.19K","-4.17%"
"30-01-2024","15,062.00","14,772.00","15,100.00","14,648.00","0.28K","-1.32%"
"29-01-2024","15,264.00","16,110.00","16,160.00","15,234.00","0.36K","-5.81%"
"25-01-2024","16,206.00","15,648.00","16,404.00","15,648.00","0.22K","0.48%"
"24-01-2024","16,128.00","16,120.00","16,304.00","15,720.00","0.23K","2.87%"
"23-01-2024","15,678.00","15,362.00","15,678.00","15,274.00","0.16K","5.99%"
"19-01-2024","14,792.00","14,228.00","14,854.00","14,228.00","0.11K","5.55%"
"18-01-2024","14,014.00","13,676.00","14,118.00","13,676.00","0.07K","2.17%"
"17-01-2024","13,716.00","13,532.00","13,900.00","13,532.00","0.01K","-2.39%"
"16-01-2024","14,052.00","13,976.00","14,100.00","13,900.00","0.14K","3.48%"
"15-01-2024","13,580.00","13,300.00","13,838.00","13,300.00","0.07K","4.01%"
"12-01-2024","13,056.00","13,006.00","13,160.00","12,996.00","0.07K","-1.17%"
"11-01-2024","13,210.00","13,230.00","13,230.00","13,200.00","0.02K","-1.51%"
"10-01-2024","13,412.00","13,390.00","13,566.00","13,330.00","0.12K","1.54%"
"09-01-2024","13,208.00","13,100.00","13,320.00","12,922.00","0.04K","0.56%"
"08-01-2024","13,134.00","13,144.00","13,224.00","13,040.00","0.05K","-2.74%"
"05-01-2024","13,504.00","13,616.00","13,616.00","13,450.00","0.04K","-2.43%"
"04-01-2024","13,840.00","13,840.00","13,840.00","13,840.00","0.01K","-0.30%"
"03-01-2024","13,882.00","13,826.00","13,936.00","13,826.00","0.01K","-2.16%"
"02-01-2024","14,188.00","14,150.00","14,210.00","14,150.00","0.04K","-0.08%"
"01-01-2024","14,200.00","14,200.00","14,200.00","14,200.00","0.01K","0.13%"
"29-12-2023","14,182.00","13,902.00","14,298.00","13,902.00","0.06K","-1.16%"
"28-12-2023","14,348.00","14,348.00","14,348.00","14,348.00","0.01K","-0.62%"
"27-12-2023","14,438.00","14,400.00","14,628.00","14,400.00","0.07K","-1.51%"
"26-12-2023","14,660.00","14,700.00","14,700.00","14,646.00","0.02K","2.52%"
"22-12-2023","14,300.00","14,300.00","14,300.00","14,250.00","0.12K","-0.03%"
"21-12-2023","14,304.00","14,544.00","14,544.00","14,240.00","0.06K","1.53%"
"20-12-2023","14,088.00","14,360.00","14,952.00","13,804.00","4.71K","-2.02%"
"19-12-2023","14,378.00","14,528.00","14,680.00","14,320.00","1.06K","-0.36%"
"18-12-2023","14,430.00","14,748.00","14,832.00","14,410.00","1.74K","-2.18%"
"15-12-2023","14,752.00","14,936.00","15,130.00","14,698.00","2.69K","-1.32%"
"14-12-2023","14,950.00","15,264.00","15,364.00","14,870.00","7.94K","-1.41%"
"13-12-2023","15,164.00","14,350.00","15,164.00","14,260.00","6.30K","6.00%"
"12-12-2023","14,306.00","14,338.00","14,450.00","14,128.00","1.96K","-0.57%"
"11-12-2023","14,388.00","14,600.00","14,720.00","14,330.00","2.29K","-1.75%"
"08-12-2023","14,644.00","14,760.00","14,848.00","14,512.00","2.60K","-0.77%"
"07-12-2023","14,758.00","14,950.00","15,014.00","14,750.00","2.13K","-2.03%"
"06-12-2023","15,064.00","14,900.00","15,278.00","14,880.00","1.50K","1.69%"
"05-12-2023","14,814.00","14,900.00","14,966.00","14,488.00","1.91K","0.31%"
"04-12-2023","14,768.00","15,050.00","15,108.00","14,684.00","2.89K","-2.41%"
"01-12-2023","15,132.00","15,434.00","15,434.00","15,040.00","0.70K","-1.28%"
"30-11-2023","15,328.00","15,480.00","15,480.00","15,066.00","0.86K","0.09%"
"29-11-2023","15,314.00","15,300.00","15,550.00","15,222.00","1.42K","-0.64%"
"28-11-2023","15,412.00","15,200.00","15,720.00","15,090.00","1.80K","1.96%"
"24-11-2023","15,116.00","14,700.00","15,200.00","14,552.00","1.29K","3.12%"
"23-11-2023","14,658.00","14,600.00","14,752.00","14,280.00","0.80K","0.80%"
"22-11-2023","14,542.00","14,844.00","15,190.00","14,268.00","1.62K","-2.81%"
"21-11-2023","14,962.00","14,820.00","15,406.00","14,692.00","1.55K","1.00%"
"20-11-2023","14,814.00","14,770.00","15,078.00","14,666.00","0.70K","-0.88%"
"17-11-2023","14,946.00","15,660.00","15,660.00","14,868.00","1.31K","-5.50%"
"16-11-2023","15,816.00","15,820.00","15,850.00","15,652.00","0.22K","-0.47%"
"15-11-2023","15,890.00","16,000.00","16,296.00","15,752.00","0.40K","-0.46%"
"13-11-2023","15,964.00","15,920.00","16,084.00","15,900.00","0.54K","0.40%"
"12-11-2023","15,900.00","15,848.00","15,938.00","15,800.00","0.15K","1.17%"
"10-11-2023","15,716.00","15,698.00","15,852.00","15,592.00","0.39K","0.31%"
"09-11-2023","15,668.00","15,406.00","15,690.00","15,188.00","0.53K","1.54%"
"08-11-2023","15,430.00","15,662.00","15,662.00","15,368.00","0.33K","-1.96%"
"07-11-2023","15,738.00","15,792.00","15,988.00","15,622.00","0.42K","-1.16%"
"06-11-2023","15,922.00","15,952.00","16,350.00","15,630.00","0.87K","0.66%"
"03-11-2023","15,818.00","15,676.00","15,970.00","15,542.00","0.29K","1.48%"
"02-11-2023","15,588.00","15,950.00","16,132.00","15,500.00","0.66K","-2.45%"
"01-11-2023","15,980.00","15,166.00","16,036.00","15,166.00","1.10K","4.73%"
"31-10-2023","15,258.00","15,510.00","15,510.00","15,152.00","0.42K","-1.68%"
"30-10-2023","15,518.00","15,220.00","15,796.00","15,100.00","1.12K","2.69%"
"27-10-2023","15,112.00","14,162.00","15,318.00","14,162.00","1.11K","4.57%"
"26-10-2023","14,452.00","14,752.00","14,752.00","14,100.00","1.05K","-1.38%"
"25-10-2023","14,654.00","14,500.00","14,700.00","14,270.00","0.46K","0.66%"
"23-10-2023","14,558.00","15,056.00","15,056.00","14,260.00","0.55K","5.92%"
"20-10-2023","13,744.00","13,512.00","13,808.00","13,322.00","2.15K","0.38%"
"19-10-2023","13,692.00","14,126.00","14,170.00","13,566.00","1.67K","-3.10%"
"18-10-2023","14,130.00","14,396.00","14,396.00","13,926.00","1.65K","-1.30%"
"17-10-2023","14,316.00","14,030.00","14,350.00","13,924.00","2.78K","3.66%"
"16-10-2023","13,810.00","13,562.00","14,000.00","13,228.00","5.28K","0.23%"
"13-10-2023","13,778.00","13,890.00","14,346.00","13,636.00","3.91K","-2.68%"
"12-10-2023","14,158.00","14,122.00","14,396.00","13,854.00","2.79K","0.75%"
"11-10-2023","14,052.00","14,210.00","14,480.00","13,906.00","5.06K","-2.93%"
"10-10-2023","14,476.00","14,660.00","15,174.00","14,260.00","6.84K","-2.15%"
"09-10-2023","14,794.00","15,350.00","15,448.00","14,700.00","6.23K","-5.07%"
"06-10-2023","15,584.00","15,548.00","16,418.00","15,360.00","8.01K","0.33%"
"05-10-2023","15,532.00","15,140.00","15,646.00","15,032.00","6.27K","3.23%"
"04-10-2023","15,046.00","14,716.00","15,320.00","14,568.00","4.78K","2.13%"
"03-10-2023","14,732.00","14,470.00","15,000.00","14,300.00","4.17K","0.05%"
"29-09-2023","14,724.00","14,190.00","14,762.00","13,966.00","1.94K","5.72%"
"28-09-2023","13,928.00","13,564.00","14,150.00","13,232.00","2.02K","1.06%"
"27-09-2023","13,782.00","14,400.00","14,486.00","13,614.00","1.08K","-4.13%"
"26-09-2023","14,376.00","14,520.00","14,798.00","14,260.00","1.00K","-2.75%"
"25-09-2023","14,782.00","14,806.00","15,186.00","14,670.00","0.41K","-2.07%"
"22-09-2023","15,094.00","14,860.00","15,238.00","14,650.00","0.55K","0.19%"
"21-09-2023","15,066.00","15,600.00","15,602.00","14,922.00","1.28K","-4.23%"
"20-09-2023","15,732.00","16,570.00","16,570.00","15,474.00","3.31K","-4.42%"
"18-09-2023","16,460.00","15,820.00","16,596.00","15,820.00","1.58K","1.77%"
"15-09-2023","16,174.00","15,992.00","16,446.00","15,700.00","1.24K","3.96%"
"14-09-2023","15,558.00","14,400.00","15,558.00","14,400.00","0.88K","6.00%"
"13-09-2023","14,678.00","14,640.00","14,798.00","14,550.00","0.20K","2.13%"
"12-09-2023","14,372.00","14,702.00","15,100.00","14,290.00","0.79K","-3.58%"
"11-09-2023","14,906.00","15,400.00","15,404.00","14,814.00","0.41K","-3.99%"
"08-09-2023","15,526.00","15,600.00","15,860.00","15,392.00","0.22K","0.90%"
"07-09-2023","15,388.00","16,090.00","16,090.00","15,272.00","0.49K","-2.12%"
"06-09-2023","15,722.00","15,800.00","15,870.00","15,550.00","0.12K","-0.42%"
"05-09-2023","15,788.00","16,080.00","16,100.00","15,552.00","0.13K","-1.72%"
"04-09-2023","16,064.00","16,546.00","16,546.00","15,400.00","0.44K","0.93%"
"01-09-2023","15,916.00","15,980.00","16,380.00","15,672.00","0.47K","0.01%"
"31-08-2023","15,914.00","15,290.00","15,956.00","15,150.00","0.58K","5.71%"
"30-08-2023","15,054.00","14,252.00","15,214.00","14,252.00","0.45K","2.13%"
"29-08-2023","14,740.00","15,300.00","15,500.00","14,738.00","0.80K","-5.98%"
"28-08-2023","15,678.00","17,040.00","17,128.00","15,660.00","0.68K","-5.88%"
"25-08-2023","16,658.00","16,916.00","17,140.00","16,600.00","0.29K","-1.47%"
"24-08-2023","16,906.00","16,842.00","17,070.00","16,800.00","0.05K","0.77%"
"23-08-2023","16,776.00","16,810.00","17,100.00","16,328.00","0.40K","-0.78%"
"22-08-2023","16,908.00","17,100.00","17,526.00","16,660.00","0.52K","-0.86%"
"21-08-2023","17,054.00","17,500.00","18,048.00","16,920.00","0.44K","4.18%"
"18-08-2023","16,370.00","15,770.00","16,570.00","15,400.00","6.77K","4.51%"
"17-08-2023","15,664.00","15,840.00","16,250.00","15,454.00","6.57K","-2.12%"
"16-08-2023","16,004.00","17,002.00","17,028.00","15,940.00","7.92K","-5.61%"
"14-08-2023","16,956.00","16,980.00","17,184.00","16,780.00","2.65K","0.31%"
"11-08-2023","16,904.00","16,720.00","17,238.00","16,520.00","5.60K","0.36%"
"10-08-2023","16,844.00","16,950.00","17,250.00","16,790.00","5.82K","-1.42%"
"09-08-2023","17,086.00","17,500.00","17,834.00","16,942.00","11.94K","-1.50%"
"08-08-2023","17,346.00","16,794.00","17,526.00","16,166.00","13.84K","4.91%"
"07-08-2023","16,534.00","16,550.00","16,700.00","15,660.00","11.48K","1.36%"
"04-08-2023","16,312.00","17,202.00","18,076.00","16,154.00","16.69K","-5.07%"
"03-08-2023","17,184.00","16,474.00","17,344.00","16,422.00","9.30K","3.03%"
"02-08-2023","16,678.00","16,268.00","17,068.00","15,982.00","8.64K","2.95%"
"01-08-2023","16,200.00","16,800.00","16,800.00","15,710.00","6.44K","-0.26%"
"31-07-2023","16,242.00","16,200.00","16,546.00","15,866.00","8.41K","3.36%"
"28-07-2023","15,714.00","15,090.00","15,714.00","15,090.00","2.74K","5.99%"
"27-07-2023","14,826.00","14,802.00","15,100.00","14,426.00","3.36K","-0.30%"
"26-07-2023","14,870.00","14,848.00","15,144.00","14,600.00","5.68K","3.45%"
"25-07-2023","14,374.00","13,484.00","14,374.00","13,484.00","3.00K","5.99%"
"24-07-2023","13,562.00","13,700.00","14,200.00","13,512.00","2.74K","-3.17%"
"21-07-2023","14,006.00","14,180.00","14,468.00","13,826.00","2.86K","-0.06%"
"20-07-2023","14,014.00","13,776.00","14,346.00","13,600.00","4.74K","3.39%"
"19-07-2023","13,554.00","12,792.00","13,558.00","12,720.00","4.37K","5.96%"
"18-07-2023","12,792.00","12,500.00","13,042.00","12,376.00","2.96K","-0.14%"
"17-07-2023","12,810.00","12,850.00","13,206.00","12,650.00","2.70K","2.81%"
"14-07-2023","12,460.00","11,960.00","12,564.00","11,748.00","2.08K","5.11%"
"13-07-2023","11,854.00","11,452.00","12,118.00","11,340.00","1.78K","2.21%"
"12-07-2023","11,598.00","11,700.00","11,700.00","11,200.00","1.22K","1.95%"
"11-07-2023","11,376.00","11,286.00","11,490.00","11,086.00","2.50K","4.83%"
"10-07-2023","10,852.00","10,646.00","10,852.00","10,310.00","0.67K","6.00%"
"07-07-2023","10,238.00","9,950.00","10,290.00","9,860.00","1.15K","2.30%"
"06-07-2023","10,008.00","10,530.00","10,612.00","9,998.00","1.28K","-3.90%"
"05-07-2023","10,414.00","10,172.00","10,456.00","9,912.00","0.82K","1.17%"
"04-07-2023","10,294.00","10,470.00","10,526.00","10,222.00","0.49K","-1.96%"
"03-07-2023","10,500.00","10,688.00","10,890.00","10,262.00","1.05K","1.88%"
"30-06-2023","10,306.00","10,220.00","10,480.00","9,974.00","1.11K","4.06%"
"28-06-2023","9,904.00","9,820.00","10,198.00","9,820.00","0.40K","2.40%"
"27-06-2023","9,672.00","9,604.00","9,800.00","9,604.00","0.89K","0.60%"
"26-06-2023","9,614.00","9,624.00","9,874.00","9,460.00","0.56K","-0.87%"
"23-06-2023","9,698.00","9,986.00","9,986.00","9,460.00","0.86K","-0.96%"
"22-06-2023","9,792.00","10,000.00","10,000.00","9,600.00","1.04K","-0.59%"
"21-06-2023","9,850.00","9,012.00","9,860.00","9,012.00","0.93K","9.20%"
"20-06-2023","9,020.00","9,180.00","9,500.00","8,942.00","10.84K","-2.11%"
"19-06-2023","9,214.00","8,900.00","9,292.00","8,822.00","7.92K","4.33%"
"16-06-2023","8,832.00","8,656.00","8,950.00","8,430.00","6.51K","2.01%"
"15-06-2023","8,658.00","8,526.00","8,848.00","8,472.00","6.75K","3.24%"
"14-06-2023","8,386.00","7,948.00","8,386.00","7,920.00","4.85K","5.99%"
"13-06-2023","7,912.00","7,812.00","7,980.00","7,812.00","2.82K","0.89%"
"12-06-2023","7,842.00","7,950.00","7,954.00","7,788.00","2.71K","-1.43%"
"09-06-2023","7,956.00","7,902.00","8,080.00","7,894.00","3.68K","-0.28%"
"08-06-2023","7,978.00","7,982.00","8,138.00","7,916.00","2.98K","-0.55%"
"07-06-2023","8,022.00","7,742.00","8,074.00","7,742.00","5.24K","2.90%"
"06-06-2023","7,796.00","7,866.00","7,866.00","7,752.00","2.74K","-0.89%"
"05-06-2023","7,866.00","7,730.00","7,930.00","7,730.00","1.47K","-0.18%"
"02-06-2023","7,880.00","7,750.00","8,028.00","7,750.00","2.69K","-1.87%"
"01-06-2023","8,030.00","8,242.00","8,242.00","7,946.00","2.27K","-2.97%"
"31-05-2023","8,276.00","8,154.00","8,302.00","8,124.00","1.22K","0.53%"
"30-05-2023","8,232.00","8,300.00","8,336.00","8,166.00","0.94K","-1.39%"
"29-05-2023","8,348.00","8,280.00","8,422.00","8,280.00","0.98K","-0.33%"
"26-05-2023","8,376.00","8,400.00","8,476.00","8,276.00","1.03K","-0.78%"
"25-05-2023","8,442.00","8,480.00","8,564.00","8,330.00","0.76K","-0.47%"
"24-05-2023","8,482.00","8,238.00","8,502.00","8,184.00","1.70K","5.05%"
"23-05-2023","8,074.00","8,102.00","8,150.00","7,904.00","0.54K","-1.56%"
"22-05-2023","8,202.00","8,286.00","8,372.00","8,092.00","0.84K","-4.07%"
"19-05-2023","8,550.00","8,562.00","8,660.00","8,404.00","0.52K","3.24%"
"18-05-2023","8,282.00","8,456.00","8,568.00","8,188.00","8.68K","-2.47%"
"17-05-2023","8,492.00","8,540.00","8,700.00","8,406.00","6.97K","-0.47%"
"16-05-2023","8,532.00","8,216.00","8,590.00","8,110.00","8.51K","3.19%"
"15-05-2023","8,268.00","8,120.00","8,474.00","7,972.00","9.11K","3.04%"
"12-05-2023","8,024.00","7,592.00","8,024.00","7,542.00","7.67K","6.00%"
"11-05-2023","7,570.00","7,716.00","7,830.00","7,542.00","5.93K","-2.62%"
"10-05-2023","7,774.00","7,600.00","7,892.00","7,594.00","9.40K","2.56%"
"09-05-2023","7,580.00","7,590.00","7,680.00","7,510.00","5.14K","0.05%"
"08-05-2023","7,576.00","7,524.00","7,680.00","7,442.00","5.26K","0.56%"
"05-05-2023","7,534.00","7,628.00","7,716.00","7,442.00","6.31K","-0.13%"
"04-05-2023","7,544.00","7,320.00","7,608.00","7,318.00","4.99K","2.89%"
"03-05-2023","7,332.00","7,230.00","7,590.00","7,160.00","8.62K","1.55%"
"02-05-2023","7,220.00","6,896.00","7,222.00","6,896.00","4.52K","5.96%"
"28-04-2023","6,814.00","6,742.00","6,876.00","6,742.00","1.44K","0.86%"
"27-04-2023","6,756.00","6,792.00","6,820.00","6,730.00","1.04K","-0.85%"
"26-04-2023","6,814.00","6,638.00","6,872.00","6,606.00","1.63K","2.84%"
"25-04-2023","6,626.00","6,622.00","6,662.00","6,620.00","0.60K","-0.93%"
"24-04-2023","6,688.00","6,774.00","6,796.00","6,670.00","1.37K","-1.68%"
"21-04-2023","6,802.00","6,844.00","6,882.00","6,680.00","1.19K","0.15%"
"20-04-2023","6,792.00","6,760.00","6,814.00","6,758.00","0.22K","0.24%"
"19-04-2023","6,776.00","6,870.00","6,872.00","6,756.00","0.53K","0.00%"
"18-04-2023","6,776.00","6,850.00","6,850.00","6,760.00","1.26K","-1.14%"
"17-04-2023","6,854.00","6,876.00","6,894.00","6,784.00","2.60K","-0.78%"
"13-04-2023","6,908.00","6,826.00","6,928.00","6,812.00","1.86K","1.20%"
"12-04-2023","6,826.00","6,820.00","6,876.00","6,804.00","1.68K","0.15%"
"11-04-2023","6,816.00","6,870.00","6,886.00","6,724.00","6.66K","-0.87%"
"10-04-2023","6,876.00","7,002.00","7,100.00","6,818.00","6.03K","-2.11%"
"06-04-2023","7,024.00","7,040.00","7,068.00","7,006.00","2.68K","0.14%"
"05-04-2023","7,014.00","6,972.00","7,050.00","6,972.00","2.32K","0.46%"
"03-04-2023","6,982.00","6,980.00","7,004.00","6,948.00","1.29K","0.43%"
"31-03-2023","6,952.00","6,902.00","6,984.00","6,876.00","1.32K","0.46%"
"29-03-2023","6,920.00","6,980.00","6,996.00","6,900.00","1.55K","-0.86%"
"28-03-2023","6,980.00","6,958.00","7,000.00","6,904.00","1.06K","0.61%"
"27-03-2023","6,938.00","6,914.00","7,098.00","6,910.00","0.87K","-0.57%"
"24-03-2023","6,978.00","7,140.00","7,250.00","6,960.00","1.51K","-1.47%"
"23-03-2023","7,082.00","7,020.00","7,124.00","7,020.00","0.42K","0.74%"
"22-03-2023","7,030.00","6,930.00","7,112.00","6,930.00","0.94K","1.09%"
"21-03-2023","6,954.00","6,890.00","6,960.00","6,842.00","0.81K","1.43%"
"20-03-2023","6,856.00","6,850.00","6,900.00","6,830.00","0.44K","0.85%"
"17-03-2023","6,798.00","6,782.00","6,850.00","6,780.00","0.25K","-0.06%"
"16-03-2023","6,802.00","6,820.00","6,820.00","6,756.00","0.44K","-0.70%"
"15-03-2023","6,850.00","6,872.00","6,872.00","6,780.00","0.42K","0.00%"
"14-03-2023","6,850.00","6,856.00","6,906.00","6,824.00","0.39K","-0.20%"
"13-03-2023","6,864.00","6,890.00","6,918.00","6,840.00","0.56K","-1.94%"
"10-03-2023","7,000.00","6,998.00","7,110.00","6,994.00","0.39K","0.40%"
"09-03-2023","6,972.00","6,984.00","7,006.00","6,924.00","0.13K","-0.14%"
"08-03-2023","6,982.00","7,000.00","7,008.00","6,950.00","0.28K","-0.40%"
"06-03-2023","7,010.00","7,030.00","7,050.00","6,980.00","0.37K","-0.48%"
"03-03-2023","7,044.00","7,092.00","7,092.00","6,974.00","0.50K","-1.23%"
"02-03-2023","7,132.00","7,186.00","7,200.00","7,102.00","0.23K","-0.78%"
"01-03-2023","7,188.00","7,250.00","7,314.00","7,180.00","0.37K","-0.66%"
"28-02-2023","7,236.00","7,150.00","7,250.00","7,150.00","0.60K","1.69%"
"27-02-2023","7,116.00","7,150.00","7,150.00","7,052.00","0.33K","-0.92%"
"24-02-2023","7,182.00","7,278.00","7,348.00","7,150.00","0.32K","-0.91%"
"23-02-2023","7,248.00","7,116.00","7,300.00","7,078.00","0.59K","1.68%"
"22-02-2023","7,128.00","7,200.00","7,200.00","7,050.00","0.35K","-0.67%"
"21-02-2023","7,176.00","7,232.00","7,270.00","7,114.00","0.51K","0.53%"
"20-02-2023","7,138.00","6,950.00","7,180.00","6,950.00","0.44K","1.54%"
"17-02-2023","7,030.00","6,986.00","7,058.00","6,950.00","0.09K","0.09%"
"16-02-2023","7,024.00","7,158.00","7,182.00","6,992.00","0.22K","-1.29%"
"15-02-2023","7,116.00","7,030.00","7,130.00","7,022.00","0.45K","2.33%"
"14-02-2023","6,954.00","7,004.00","7,052.00","6,926.00","0.48K","-0.83%"
"13-02-2023","7,012.00","7,058.00","7,136.00","6,974.00","0.12K","-0.14%"
"10-02-2023","7,022.00","7,092.00","7,114.00","7,000.00","0.30K","-0.79%"
"09-02-2023","7,078.00","7,120.00","7,210.00","7,020.00","0.31K","-0.98%"
"08-02-2023","7,148.00","7,340.00","7,346.00","7,104.00","0.52K","-3.41%"
"07-02-2023","7,400.00","7,360.00","7,514.00","7,350.00","0.20K","-0.11%"
"06-02-2023","7,408.00","7,486.00","7,488.00","7,394.00","0.19K","-1.31%"
"03-02-2023","7,506.00","7,408.00","7,520.00","7,408.00","0.22K","1.51%"
"02-02-2023","7,394.00","7,304.00","7,422.00","7,304.00","0.12K","-0.64%"
"01-02-2023","7,442.00","7,470.00","7,496.00","7,390.00","0.15K","0.57%"
"31-01-2023","7,400.00","7,400.00","7,420.00","7,270.00","0.21K","1.04%"
"30-01-2023","7,324.00","7,404.00","7,474.00","7,320.00","0.40K","-1.69%"
"27-01-2023","7,450.00","7,662.00","7,690.00","7,402.00","0.40K","-4.85%"
"25-01-2023","7,830.00","7,904.00","7,934.00","7,818.00","0.52K","-2.05%"
"24-01-2023","7,994.00","8,000.00","8,030.00","7,940.00","0.07K","0.13%"
"23-01-2023","7,984.00","8,100.00","8,100.00","7,942.00","0.16K","-1.67%"
"20-01-2023","8,120.00","8,166.00","8,166.00","8,082.00","0.20K","-0.47%"
"19-01-2023","8,158.00","8,258.00","8,282.00","8,100.00","0.35K","-0.34%"
"18-01-2023","8,186.00","8,020.00","8,210.00","8,000.00","0.32K","2.58%"
"17-01-2023","7,980.00","8,000.00","8,010.00","7,956.00","0.19K","1.53%"
"16-01-2023","7,860.00","7,850.00","7,894.00","7,842.00","0.18K","-0.71%"
"13-01-2023","7,916.00","7,938.00","7,960.00","7,844.00","0.33K","-0.18%"
"12-01-2023","7,930.00","7,914.00","7,936.00","7,900.00","0.12K","-0.23%"
"11-01-2023","7,948.00","7,970.00","7,970.00","7,910.00","0.10K","-0.13%"
"10-01-2023","7,958.00","7,970.00","8,000.00","7,900.00","0.02K","-0.48%"
"09-01-2023","7,996.00","7,928.00","8,032.00","7,888.00","0.09K","1.89%"
"06-01-2023","7,848.00","7,828.00","7,900.00","7,764.00","0.17K","-0.71%"
"05-01-2023","7,904.00","8,010.00","8,010.00","7,874.00","0.16K","-1.22%"
"04-01-2023","8,002.00","8,006.00","8,052.00","7,956.00","0.14K","0.45%"
"03-01-2023","7,966.00","8,200.00","8,200.00","7,940.00","0.22K","-3.77%"
"02-01-2023","8,278.00","8,300.00","8,334.00","8,260.00","0.12K","-1.10%"
"30-12-2022","8,370.00","8,400.00","8,400.00","8,350.00","0.04K","0.29%"
"29-12-2022","8,346.00","8,372.00","8,380.00","8,302.00","0.09K","-0.41%"
"28-12-2022","8,380.00","8,422.00","8,456.00","8,358.00","0.19K","-1.25%"
"27-12-2022","8,486.00","8,540.00","8,540.00","8,436.00","0.03K","-0.16%"
"26-12-2022","8,500.00","8,526.00","8,562.00","8,410.00","0.14K","-2.77%"
"23-12-2022","8,742.00","8,900.00","8,900.00","8,600.00","0.06K","-0.18%"
"22-12-2022","8,758.00","8,820.00","8,820.00","8,690.00","0.03K","0.30%"
"21-12-2022","8,732.00","8,740.00","8,876.00","8,630.00","0.15K","1.75%"
"20-12-2022","8,582.00","8,426.00","8,618.00","8,350.00","2.58K","2.09%"
"19-12-2022","8,406.00","8,340.00","8,444.00","8,220.00","1.03K","1.45%"
"16-12-2022","8,286.00","8,458.00","8,490.00","8,250.00","1.50K","-1.59%"
"15-12-2022","8,420.00","8,158.00","8,496.00","8,158.00","4.10K","3.34%"
"14-12-2022","8,148.00","8,012.00","8,170.00","8,004.00","2.64K","1.27%"
"13-12-2022","8,046.00","7,960.00","8,176.00","7,910.00","2.82K","1.44%"
"12-12-2022","7,932.00","7,784.00","8,000.00","7,760.00","1.61K","0.51%"
"09-12-2022","7,892.00","7,968.00","7,986.00","7,814.00","2.14K","-0.60%"
"08-12-2022","7,940.00","7,802.00","8,024.00","7,752.00","4.25K","1.66%"
"07-12-2022","7,810.00","7,804.00","7,878.00","7,780.00","0.88K","-0.74%"
"06-12-2022","7,868.00","7,952.00","7,952.00","7,850.00","0.55K","-1.03%"
"05-12-2022","7,950.00","7,934.00","8,044.00","7,910.00","1.72K","0.33%"
"02-12-2022","7,924.00","7,944.00","7,996.00","7,912.00","0.79K","0.23%"
"01-12-2022","7,906.00","8,000.00","8,024.00","7,734.00","0.96K","-0.58%"
"30-11-2022","7,952.00","8,096.00","8,096.00","7,916.00","0.48K","-1.17%"
"29-11-2022","8,046.00","7,870.00","8,070.00","7,870.00","0.85K","1.59%"
"28-11-2022","7,920.00","7,952.00","8,012.00","7,822.00","0.81K","-0.25%"
"25-11-2022","7,940.00","8,180.00","8,190.00","7,872.00","0.60K","-2.17%"
"24-11-2022","8,116.00","8,080.00","8,134.00","7,980.00","0.44K","0.87%"
"23-11-2022","8,046.00","8,044.00","8,096.00","7,974.00","0.79K","0.12%"
"22-11-2022","8,036.00","8,190.00","8,198.00","7,880.00","1.74K","-1.98%"
"21-11-2022","8,198.00","8,220.00","8,238.00","8,102.00","0.50K","8.87%"
"18-11-2022","7,530.00","7,570.00","7,718.00","7,500.00","2.91K","-1.23%"
"17-11-2022","7,624.00","7,696.00","7,758.00","7,598.00","0.84K","-0.91%"
"16-11-2022","7,694.00","7,598.00","7,718.00","7,530.00","1.98K","1.64%"
"15-11-2022","7,570.00","7,720.00","7,732.00","7,500.00","1.99K","-1.82%"
"14-11-2022","7,710.00","7,620.00","7,780.00","7,620.00","3.79K","1.42%"
"11-11-2022","7,602.00","7,530.00","7,672.00","7,500.00","3.12K","1.52%"
"10-11-2022","7,488.00","7,514.00","7,550.00","7,454.00","1.74K","-0.61%"
"09-11-2022","7,534.00","7,438.00","7,560.00","7,390.00","3.00K","1.05%"
"07-11-2022","7,456.00","7,500.00","7,612.00","7,420.00","2.78K","0.68%"
"04-11-2022","7,406.00","7,282.00","7,438.00","7,250.00","4.42K","0.73%"
"03-11-2022","7,352.00","7,376.00","7,410.00","7,328.00","1.11K","-0.33%"
"02-11-2022","7,376.00","7,252.00","7,486.00","7,252.00","2.40K","1.29%"
"01-11-2022","7,282.00","7,352.00","7,398.00","7,250.00","1.39K","-1.19%"
"31-10-2022","7,370.00","7,516.00","7,586.00","7,334.00","1.51K","-2.44%"
"28-10-2022","7,554.00","7,590.00","7,614.00","7,440.00","0.64K","-0.13%"
"27-10-2022","7,564.00","7,740.00","7,938.00","7,540.00","1.24K","-0.99%"
"25-10-2022","7,640.00","7,810.00","7,810.00","7,600.00","0.39K","-1.60%"
"24-10-2022","7,764.00","7,758.00","7,780.00","7,732.00","0.26K","0.75%"
"21-10-2022","7,706.00","7,632.00","7,754.00","7,560.00","0.51K","2.64%"
"20-10-2022","7,508.00","7,466.00","7,590.00","7,466.00","2.33K","0.13%"
"19-10-2022","7,498.00","7,410.00","7,600.00","7,400.00","2.91K","1.24%"
"18-10-2022","7,406.00","7,210.00","7,446.00","7,210.00","1.93K","1.37%"
"17-10-2022","7,306.00","7,434.00","7,480.00","7,272.00","2.11K","-1.72%"
"14-10-2022","7,434.00","7,630.00","7,718.00","7,400.00","5.21K","-2.06%"
"13-10-2022","7,590.00","7,300.00","7,688.00","7,212.00","8.96K","4.06%"
"12-10-2022","7,294.00","7,334.00","7,348.00","7,232.00","2.12K","0.00%"
"11-10-2022","7,294.00","7,182.00","7,350.00","7,134.00","3.25K","1.05%"
"10-10-2022","7,218.00","7,110.00","7,266.00","7,102.00","3.38K","0.73%"
"07-10-2022","7,166.00","7,328.00","7,374.00","7,160.00","5.15K","-2.18%"
"06-10-2022","7,326.00","7,348.00","7,494.00","7,292.00","2.90K","0.44%"
"04-10-2022","7,294.00","7,102.00","7,398.00","7,102.00","3.80K","2.53%"
"03-10-2022","7,114.00","7,026.00","7,184.00","6,962.00","1.88K","1.74%"
"30-09-2022","6,992.00","7,000.00","7,030.00","6,944.00","0.77K","0.06%"
"29-09-2022","6,988.00","6,870.00","7,010.00","6,820.00","0.87K","0.43%"
"28-09-2022","6,958.00","7,018.00","7,018.00","6,942.00","0.66K","-0.49%"
"27-09-2022","6,992.00","6,984.00","7,036.00","6,960.00","0.37K","0.03%"
"26-09-2022","6,990.00","6,956.00","7,030.00","6,902.00","0.95K","-0.20%"
"23-09-2022","7,004.00","7,252.00","7,270.00","6,982.00","1.69K","-3.45%"
"22-09-2022","7,254.00","7,370.00","7,400.00","7,210.00","0.74K","-1.52%"
"21-09-2022","7,366.00","7,382.00","7,408.00","7,338.00","0.79K","1.60%"
"20-09-2022","7,250.00","7,222.00","7,290.00","7,218.00","1.33K","0.42%"
"19-09-2022","7,220.00","7,316.00","7,334.00","7,210.00","1.34K","-0.50%"
"16-09-2022","7,256.00","7,400.00","7,470.00","7,206.00","3.09K","-1.52%"
"15-09-2022","7,368.00","7,228.00","7,440.00","7,228.00","4.86K","2.39%"
"14-09-2022","7,196.00","7,110.00","7,244.00","7,070.00","2.44K","1.01%"
"13-09-2022","7,124.00","7,108.00","7,182.00","7,034.00","2.80K","0.76%"
"12-09-2022","7,070.00","7,012.00","7,110.00","7,012.00","2.86K","-0.34%"
"09-09-2022","7,094.00","7,150.00","7,182.00","7,012.00","3.09K","-0.95%"
"08-09-2022","7,162.00","7,174.00","7,262.00","7,146.00","5.66K","-0.58%"
"07-09-2022","7,204.00","7,226.00","7,232.00","7,184.00","0.84K","-0.28%"
"06-09-2022","7,224.00","7,192.00","7,258.00","7,148.00","1.96K","0.25%"
"05-09-2022","7,206.00","7,224.00","7,244.00","7,112.00","1.56K","-0.85%"
"02-09-2022","7,268.00","7,268.00","7,308.00","7,220.00","0.96K","-0.25%"
"01-09-2022","7,286.00","7,180.00","7,306.00","7,090.00","2.25K","1.25%"
"30-08-2022","7,196.00","7,278.00","7,280.00","7,136.00","2.73K","-1.45%"
"29-08-2022","7,302.00","7,370.00","7,410.00","7,282.00","2.05K","-1.59%"
"26-08-2022","7,420.00","7,428.00","7,430.00","7,336.00","1.07K","0.13%"
"25-08-2022","7,410.00","7,388.00","7,476.00","7,382.00","1.58K","0.35%"
"24-08-2022","7,384.00","7,380.00","7,410.00","7,292.00","0.90K","0.87%"
"23-08-2022","7,320.00","7,330.00","7,376.00","7,292.00","0.43K","-0.73%"
"22-08-2022","7,374.00","7,480.00","7,484.00","7,362.00","0.51K","-1.44%"
"19-08-2022","7,482.00","7,470.00","7,490.00","7,412.00","0.25K","-0.16%"
"18-08-2022","7,494.00","7,522.00","7,562.00","7,480.00","1.08K","1.57%"
"17-08-2022","7,378.00","7,398.00","7,398.00","7,316.00","1.04K","0.14%"
"16-08-2022","7,368.00","7,336.00","7,390.00","7,272.00","1.39K","0.60%"
"12-08-2022","7,324.00","7,150.00","7,352.00","7,100.00","3.08K","2.32%"
"11-08-2022","7,158.00","7,200.00","7,258.00","7,114.00","2.17K","-1.24%"
"10-08-2022","7,248.00","7,402.00","7,456.00","7,200.00","9.68K","-2.48%"
"08-08-2022","7,432.00","7,420.00","7,520.00","7,362.00","6.44K","-0.56%"
"05-08-2022","7,474.00","7,382.00","7,560.00","7,382.00","3.03K","0.13%"
"04-08-2022","7,464.00","7,586.00","7,630.00","7,330.00","4.74K","-1.94%"
"03-08-2022","7,612.00","7,650.00","7,738.00","7,432.00","4.06K","-1.22%"
"02-08-2022","7,706.00","7,860.00","7,890.00","7,630.00","2.32K","-2.06%"
"01-08-2022","7,868.00","7,848.00","7,890.00","7,792.00","1.44K","0.95%"
"29-07-2022","7,794.00","7,878.00","7,910.00","7,770.00","1.02K","-0.81%"
"28-07-2022","7,858.00","7,852.00","7,910.00","7,812.00","0.85K","0.00%"
"27-07-2022","7,858.00","7,920.00","7,940.00","7,822.00","0.52K","-0.61%"
"26-07-2022","7,906.00","7,780.00","7,966.00","7,724.00","1.24K","1.65%"
"25-07-2022","7,778.00","7,750.00","7,790.00","7,686.00","0.94K","-0.31%"
"22-07-2022","7,802.00","7,920.00","7,934.00","7,620.00","0.69K","-1.32%"
"21-07-2022","7,906.00","7,918.00","7,954.00","7,864.00","0.21K","1.13%"
"20-07-2022","7,818.00","7,744.00","7,870.00","7,744.00","1.62K","1.32%"
"19-07-2022","7,716.00","7,650.00","7,764.00","7,650.00","1.07K","0.36%"
"18-07-2022","7,688.00","7,780.00","7,780.00","7,618.00","3.08K","-0.18%"
"15-07-2022","7,702.00","7,784.00","7,854.00","7,680.00","3.00K","-1.61%"
"14-07-2022","7,828.00","7,910.00","7,914.00","7,802.00","3.81K","-0.76%"
"13-07-2022","7,888.00","7,988.00","8,018.00","7,856.00","4.59K","-1.28%"
"12-07-2022","7,990.00","7,830.00","8,060.00","7,820.00","4.98K","1.50%"
"11-07-2022","7,872.00","7,900.00","7,956.00","7,840.00","6.76K","0.38%"
"08-07-2022","7,842.00","7,980.00","8,036.00","7,820.00","4.17K","-1.13%"
"07-07-2022","7,932.00","8,030.00","8,070.00","7,904.00","1.89K","-1.22%"
"06-07-2022","8,030.00","8,110.00","8,148.00","8,000.00","2.10K","-1.16%"
"05-07-2022","8,124.00","8,214.00","8,388.00","8,080.00","4.64K","-0.88%"
"04-07-2022","8,196.00","7,978.00","8,288.00","7,978.00","2.76K","2.55%"
"01-07-2022","7,992.00","7,848.00","8,030.00","7,828.00","1.75K","0.86%"
"30-06-2022","7,924.00","7,920.00","7,968.00","7,846.00","1.56K","0.13%"
"29-06-2022","7,914.00","8,048.00","8,048.00","7,720.00","0.69K","-1.03%"
"28-06-2022","7,996.00","7,950.00","8,030.00","7,940.00","0.76K","0.65%"
"27-06-2022","7,944.00","7,864.00","7,960.00","7,806.00","0.51K","0.71%"
"24-06-2022","7,888.00","7,938.00","7,938.00","7,850.00","0.39K","-0.78%"
"23-06-2022","7,950.00","7,956.00","7,970.00","7,902.00","0.56K","0.30%"
"22-06-2022","7,926.00","7,850.00","7,988.00","7,808.00","0.24K","1.02%"
"21-06-2022","7,846.00","7,830.00","7,906.00","7,744.00","0.60K","1.79%"
"20-06-2022","7,708.00","7,902.00","7,902.00","7,628.00","3.17K","-2.01%"
"17-06-2022","7,866.00","7,874.00","7,958.00","7,814.00","1.69K","-0.51%"
"16-06-2022","7,906.00","8,056.00","8,056.00","7,840.00","2.33K","-1.47%"
"15-06-2022","8,024.00","8,014.00","8,068.00","7,974.00","1.69K","0.20%"
"14-06-2022","8,008.00","8,060.00","8,060.00","7,976.00","3.98K","-0.52%"
"13-06-2022","8,050.00","8,168.00","8,210.00","8,032.00","6.26K","-0.89%"
"10-06-2022","8,122.00","8,130.00","8,180.00","8,096.00","4.06K","-0.88%"
"09-06-2022","8,194.00","8,164.00","8,288.00","8,164.00","3.48K","0.22%"
"08-06-2022","8,176.00","8,148.00","8,196.00","8,092.00","2.09K","0.66%"
"07-06-2022","8,122.00","8,190.00","8,240.00","8,092.00","4.65K","0.20%"
"06-06-2022","8,106.00","8,010.00","8,194.00","8,004.00","1.87K","0.02%"
"03-06-2022","8,104.00","8,068.00","8,148.00","8,068.00","1.72K","0.57%"
"02-06-2022","8,058.00","7,982.00","8,078.00","7,980.00","1.28K","0.37%"
"01-06-2022","8,028.00","8,050.00","8,084.00","7,958.00","1.05K","-0.10%"
"31-05-2022","8,036.00","8,108.00","8,148.00","7,980.00","1.79K","-0.86%"
"30-05-2022","8,106.00","8,160.00","8,162.00","8,040.00","0.84K","-0.05%"
"27-05-2022","8,110.00","8,044.00","8,192.00","8,042.00","1.37K","1.12%"
"26-05-2022","8,020.00","7,992.00","8,074.00","7,926.00","1.53K","0.02%"
"25-05-2022","8,018.00","8,312.00","8,312.00","7,976.00","2.13K","-3.42%"
"24-05-2022","8,302.00","8,346.00","8,346.00","8,250.00","0.52K","-0.67%"
"23-05-2022","8,358.00","8,354.00","8,394.00","8,310.00","0.63K","1.90%"
"20-05-2022","8,202.00","8,070.00","8,220.00","8,070.00","1.98K","1.21%"
"19-05-2022","8,104.00","8,090.00","8,130.00","7,928.00","2.86K","-0.20%"
"18-05-2022","8,120.00","8,224.00","8,250.00","8,102.00","1.59K","-1.17%"
"17-05-2022","8,216.00","8,210.00","8,276.00","8,170.00","1.46K","0.15%"
"16-05-2022","8,204.00","8,388.00","8,398.00","8,160.00","2.71K","-1.77%"
"13-05-2022","8,352.00","8,434.00","8,510.00","8,314.00","3.84K","-1.00%"
"12-05-2022","8,436.00","8,396.00","8,488.00","8,300.00","4.48K","0.48%"
"11-05-2022","8,396.00","8,212.00","8,436.00","8,172.00","4.96K","1.99%"
"10-05-2022","8,232.00","8,254.00","8,346.00","8,208.00","4.01K","-0.27%"
"09-05-2022","8,254.00","8,350.00","8,416.00","8,218.00","4.19K","-0.72%"
"06-05-2022","8,314.00","8,162.00","8,332.00","8,052.00","4.54K","1.14%"
"05-05-2022","8,220.00","8,368.00","8,466.00","8,020.00","5.82K","-0.99%"
"04-05-2022","8,302.00","8,412.00","8,458.00","8,266.00","2.32K","-1.19%"
"03-05-2022","8,402.00","8,402.00","8,402.00","8,402.00","","0.00%"
"02-05-2022","8,402.00","8,562.00","8,580.00","8,286.00","3.19K","-2.64%"
"29-04-2022","8,630.00","8,730.00","8,780.00","8,604.00","1.05K","-0.83%"
"28-04-2022","8,702.00","8,862.00","8,864.00","8,668.00","1.15K","-1.72%"
"27-04-2022","8,854.00","8,650.00","8,888.00","8,588.00","1.34K","1.96%"
"26-04-2022","8,684.00","8,996.00","8,996.00","8,596.00","2.05K","-2.97%"
"25-04-2022","8,950.00","9,090.00","9,208.00","8,940.00","0.82K","-1.41%"
"22-04-2022","9,078.00","9,176.00","9,260.00","9,044.00","0.81K","-0.74%"
"21-04-2022","9,146.00","9,078.00","9,226.00","9,050.00","0.89K","3.65%"
"20-04-2022","8,824.00","8,710.00","8,918.00","8,682.00","3.57K","0.89%"
"19-04-2022","8,746.00","8,912.00","9,104.00","8,712.00","5.32K","-1.69%"
"18-04-2022","8,896.00","9,122.00","9,180.00","8,850.00","4.70K","-3.22%"
"14-04-2022","9,192.00","9,192.00","9,192.00","9,192.00","","0.00%"
"13-04-2022","9,192.00","9,472.00","9,528.00","9,162.00","5.02K","-2.85%"
"12-04-2022","9,462.00","9,500.00","9,588.00","9,420.00","4.08K","-0.27%"
"11-04-2022","9,488.00","9,526.00","9,590.00","9,380.00","5.16K","-0.65%"
"08-04-2022","9,550.00","10,000.00","10,000.00","9,462.00","6.41K","-3.90%"
"07-04-2022","9,938.00","9,742.00","10,098.00","9,602.00","9.28K","3.43%"
"06-04-2022","9,608.00","9,750.00","9,800.00","9,512.00","4.87K","-1.64%"
"05-04-2022","9,768.00","9,372.00","9,880.00","9,372.00","8.98K","4.07%"
"04-04-2022","9,386.00","9,510.00","9,664.00","9,120.00","6.31K","0.30%"
"01-04-2022","9,358.00","8,934.00","9,392.00","8,934.00","5.84K","5.19%"
"31-03-2022","8,896.00","8,800.00","9,000.00","8,750.00","1.39K","1.11%"
"30-03-2022","8,798.00","8,902.00","8,918.00","8,754.00","1.11K","-1.08%"
"29-03-2022","8,894.00","8,970.00","9,036.00","8,880.00","1.36K","-0.87%"
"28-03-2022","8,972.00","8,810.00","9,048.00","8,810.00","1.48K","0.40%"
"25-03-2022","8,936.00","8,948.00","9,072.00","8,866.00","1.71K","0.02%"
"24-03-2022","8,934.00","8,638.00","9,050.00","8,586.00","2.58K","3.09%"
"23-03-2022","8,666.00","8,700.00","8,700.00","8,632.00","0.83K","-0.25%"
"22-03-2022","8,688.00","8,630.00","8,700.00","8,584.00","0.65K","0.95%"
"21-03-2022","8,606.00","8,700.00","8,700.00","8,572.00","0.40K","-1.51%"
"18-03-2022","8,738.00","8,738.00","8,738.00","8,738.00","","0.00%"
"17-03-2022","8,738.00","8,640.00","8,750.00","8,636.00","0.37K","0.83%"
"16-03-2022","8,666.00","8,720.00","8,776.00","8,484.00","0.75K","-0.28%"
"15-03-2022","8,690.00","8,900.00","8,922.00","8,634.00","0.33K","-2.25%"
"14-03-2022","8,890.00","8,900.00","9,016.00","8,868.00","0.45K","-1.44%"
"11-03-2022","9,020.00","8,884.00","9,050.00","8,574.00","0.40K","1.03%"
"10-03-2022","8,928.00","9,160.00","9,160.00","8,894.00","0.40K","-1.98%"
"09-03-2022","9,108.00","9,084.00","9,250.00","9,050.00","0.29K","1.11%"
"08-03-2022","9,008.00","9,220.00","9,220.00","8,770.00","0.44K","-1.68%"
"07-03-2022","9,162.00","9,220.00","9,220.00","9,112.00","0.19K","-3.09%"
"04-03-2022","9,454.00","9,666.00","9,666.00","9,410.00","0.54K","-0.80%"
"03-03-2022","9,530.00","9,560.00","9,712.00","9,490.00","0.41K","0.97%"
"02-03-2022","9,438.00","9,372.00","9,558.00","9,370.00","0.34K","0.25%"
"01-03-2022","9,414.00","9,414.00","9,414.00","9,414.00","","0.00%"
"28-02-2022","9,414.00","9,318.00","9,506.00","9,214.00","0.55K","-0.74%"
"25-02-2022","9,484.00","9,570.00","9,618.00","9,330.00","0.55K","0.19%"
"24-02-2022","9,466.00","9,810.00","9,870.00","9,432.00","0.19K","-5.66%"
"23-02-2022","10,034.00","10,164.00","10,164.00","10,000.00","0.04K","0.02%"
"22-02-2022","10,032.00","10,086.00","10,198.00","9,976.00","0.23K","-0.71%"
"21-02-2022","10,104.00","10,270.00","10,498.00","10,020.00","0.71K","-1.62%"
"18-02-2022","10,270.00","10,104.00","10,300.00","10,104.00","0.32K","3.93%"
"17-02-2022","9,882.00","9,880.00","9,900.00","9,864.00","0.11K","0.32%"
"16-02-2022","9,850.00","9,928.00","9,928.00","9,810.00","0.14K","0.90%"
"15-02-2022","9,762.00","9,918.00","9,970.00","9,744.00","0.28K","-1.79%"
"14-02-2022","9,940.00","10,034.00","10,114.00","9,886.00","0.32K","-0.24%"
"11-02-2022","9,964.00","10,100.00","10,114.00","9,882.00","0.22K","-1.76%"
"10-02-2022","10,142.00","10,134.00","10,178.00","10,132.00","0.10K","-0.33%"
"09-02-2022","10,176.00","10,160.00","10,220.00","10,100.00","0.12K","0.53%"
"08-02-2022","10,122.00","9,934.00","10,200.00","9,934.00","0.09K","-0.43%"
"07-02-2022","10,166.00","10,190.00","10,254.00","9,960.00","0.11K","-0.53%"
"04-02-2022","10,220.00","9,932.00","10,310.00","9,912.00","0.28K","4.29%"
"03-02-2022","9,800.00","9,726.00","9,860.00","9,650.00","0.35K","0.99%"
"02-02-2022","9,704.00","9,834.00","9,834.00","9,588.00","0.09K","-2.75%"
"01-02-2022","9,978.00","10,002.00","10,050.00","9,926.00","0.11K","-2.29%"
"31-01-2022","10,212.00","10,232.00","10,232.00","10,190.00","0.10K","0.29%"
"28-01-2022","10,182.00","10,340.00","10,340.00","10,080.00","0.03K","-1.24%"
"27-01-2022","10,310.00","10,100.00","10,376.00","10,040.00","0.13K","3.74%"
"25-01-2022","9,938.00","9,864.00","10,000.00","9,768.00","0.09K","0.65%"
"24-01-2022","9,874.00","10,340.00","10,340.00","9,800.00","0.17K","-4.04%"
"21-01-2022","10,290.00","10,530.00","10,550.00","10,222.00","0.21K","-3.29%"
"20-01-2022","10,640.00","10,722.00","11,224.00","10,560.00","0.42K","-1.43%"
"19-01-2022","10,794.00","10,900.00","10,900.00","10,666.00","0.08K","-0.50%"
"18-01-2022","10,848.00","10,900.00","11,068.00","10,734.00","0.27K","0.07%"
"17-01-2022","10,840.00","10,360.00","10,898.00","10,360.00","0.14K","5.43%"
"14-01-2022","10,282.00","10,246.00","10,314.00","10,246.00","0.02K","-1.08%"
"13-01-2022","10,394.00","10,470.00","10,480.00","10,196.00","0.05K","-2.13%"
"12-01-2022","10,620.00","10,700.00","10,700.00","10,576.00","0.08K","1.24%"
"11-01-2022","10,490.00","10,476.00","10,540.00","10,382.00","0.10K","-0.72%"
"10-01-2022","10,566.00","10,660.00","10,680.00","10,500.00","0.07K","0.48%"
"07-01-2022","10,516.00","10,450.00","10,610.00","10,450.00","0.04K","1.39%"
"06-01-2022","10,372.00","10,314.00","10,500.00","10,020.00","0.36K","-2.30%"
"05-01-2022","10,616.00","10,390.00","10,756.00","10,340.00","0.37K","4.61%"
"04-01-2022","10,148.00","9,950.00","10,284.00","9,926.00","0.31K","4.60%"
"03-01-2022","9,702.00","9,702.00","9,702.00","9,702.00","","3.99%"
"31-12-2021","9,330.00","9,072.00","9,580.00","9,072.00","0.04K","3.23%"
"30-12-2021","9,038.00","9,032.00","9,078.00","9,024.00","0.05K","0.33%"
"29-12-2021","9,008.00","8,960.00","9,086.00","8,960.00","0.06K","-0.07%"
"28-12-2021","9,014.00","9,014.00","9,014.00","9,014.00","","-0.86%"
"27-12-2021","9,092.00","9,102.00","9,116.00","9,060.00","0.10K","-0.20%"
"24-12-2021","9,110.00","9,110.00","9,110.00","9,110.00","","0.00%"
"23-12-2021","9,110.00","9,100.00","9,136.00","9,100.00","0.04K","-1.06%"
"22-12-2021","9,208.00","9,210.00","9,286.00","9,156.00","0.03K","-1.58%"
"21-12-2021","9,356.00","9,394.00","9,394.00","9,318.00","0.08K","0.04%"
"20-12-2021","9,352.00","9,148.00","9,380.00","9,076.00","2.22K","2.07%"
"17-12-2021","9,162.00","9,198.00","9,200.00","9,070.00","1.86K","-0.20%"
"16-12-2021","9,180.00","8,940.00","9,230.00","8,920.00","2.93K","3.01%"
"15-12-2021","8,912.00","8,720.00","8,976.00","8,664.00","1.23K","2.34%"
"14-12-2021","8,708.00","8,766.00","8,790.00","8,660.00","1.67K","-1.29%"
"13-12-2021","8,822.00","8,870.00","8,970.00","8,778.00","2.02K","-0.23%"
"10-12-2021","8,842.00","8,760.00","8,874.00","8,662.00","3.06K","0.68%"
"09-12-2021","8,782.00","8,990.00","9,002.00","8,750.00","2.33K","-2.62%"
"08-12-2021","9,018.00","8,960.00","9,070.00","8,840.00","2.69K","1.44%"
"07-12-2021","8,890.00","8,646.00","8,964.00","8,500.00","3.38K","3.13%"
"06-12-2021","8,620.00","8,690.00","8,774.00","8,522.00","1.29K","1.60%"
"03-12-2021","8,484.00","8,152.00","8,550.00","8,152.00","0.98K","4.28%"
"02-12-2021","8,136.00","8,220.00","8,248.00","8,110.00","1.41K","-1.64%"
"01-12-2021","8,272.00","8,352.00","8,352.00","8,190.00","0.54K","-1.34%"
"30-11-2021","8,384.00","8,428.00","8,482.00","8,370.00","1.69K","-0.47%"
"29-11-2021","8,424.00","8,422.00","8,468.00","8,342.00","0.66K","-0.17%"
"26-11-2021","8,438.00","8,152.00","8,450.00","8,152.00","0.43K","-0.40%"
"25-11-2021","8,472.00","8,400.00","8,500.00","8,322.00","0.66K","0.71%"
"24-11-2021","8,412.00","8,700.00","8,700.00","8,300.00","0.96K","-2.28%"
"23-11-2021","8,608.00","8,350.00","8,820.00","8,350.00","2.18K","3.44%"
"22-11-2021","8,322.00","8,118.00","8,324.00","7,970.00","0.84K","5.96%"
"19-11-2021","7,854.00","7,854.00","7,854.00","7,854.00","","8.15%"
"18-11-2021","7,262.00","7,336.00","7,376.00","7,212.00","2.77K","-1.44%"
"17-11-2021","7,368.00","7,508.00","7,558.00","7,306.00","2.01K","-1.37%"
"16-11-2021","7,470.00","7,540.00","7,592.00","7,430.00","0.68K","-0.82%"
"15-11-2021","7,532.00","7,420.00","7,588.00","7,420.00","1.32K","1.70%"
"12-11-2021","7,406.00","7,470.00","7,492.00","7,390.00","1.55K","-0.19%"
"11-11-2021","7,420.00","7,408.00","7,500.00","7,360.00","3.71K","0.16%"
"10-11-2021","7,408.00","7,402.00","7,444.00","7,190.00","5.32K","-0.88%"
"09-11-2021","7,474.00","7,686.00","7,708.00","7,434.00","4.57K","-3.46%"
"08-11-2021","7,742.00","7,730.00","7,778.00","7,658.00","1.85K","0.21%"
"05-11-2021","7,726.00","7,726.00","7,726.00","7,726.00","","0.00%"
"04-11-2021","7,726.00","7,778.00","7,778.00","7,700.00","0.45K","0.13%"
"03-11-2021","7,716.00","7,550.00","7,730.00","7,542.00","3.46K","2.09%"
"02-11-2021","7,558.00","7,500.00","7,622.00","7,500.00","1.72K","0.67%"
"01-11-2021","7,508.00","7,420.00","7,544.00","7,408.00","2.32K","1.87%"
"29-10-2021","7,370.00","7,540.00","7,560.00","7,236.00","2.36K","-1.92%"
"28-10-2021","7,514.00","7,540.00","7,550.00","7,430.00","1.46K","-0.03%"
"27-10-2021","7,516.00","7,204.00","7,538.00","7,202.00","3.01K","4.04%"
"26-10-2021","7,224.00","7,208.00","7,278.00","7,200.00","1.13K","0.08%"
"25-10-2021","7,218.00","7,260.00","7,344.00","7,106.00","0.11K","-0.36%"
"22-10-2021","7,244.00","7,210.00","7,300.00","7,210.00","0.58K","-1.36%"
"21-10-2021","7,344.00","7,312.00","7,370.00","7,300.00","0.11K","0.60%"
"20-10-2021","7,300.00","7,270.00","7,330.00","7,260.00","0.62K","0.22%"
"19-10-2021","7,284.00","7,370.00","7,418.00","7,268.00","1.01K","-1.01%"
"18-10-2021","7,358.00","7,250.00","7,456.00","7,250.00","2.23K","1.13%"
"15-10-2021","7,276.00","7,276.00","7,276.00","7,276.00","","0.00%"
"14-10-2021","7,276.00","7,212.00","7,344.00","7,166.00","0.74K","0.78%"
"13-10-2021","7,220.00","7,324.00","7,410.00","7,190.00","2.37K","-1.82%"
"12-10-2021","7,354.00","7,356.00","7,438.00","7,326.00","2.78K","0.05%"
"11-10-2021","7,350.00","7,338.00","7,480.00","7,300.00","3.53K","-0.14%"
"08-10-2021","7,360.00","7,234.00","7,400.00","7,104.00","4.48K","1.27%"
"07-10-2021","7,268.00","7,310.00","7,336.00","7,228.00","1.52K","-0.41%"
"06-10-2021","7,298.00","7,324.00","7,426.00","7,260.00","1.98K","-0.98%"
"05-10-2021","7,370.00","7,370.00","7,436.00","7,328.00","1.68K","0.27%"
"04-10-2021","7,350.00","7,350.00","7,380.00","7,192.00","2.26K","-0.51%"
"01-10-2021","7,388.00","7,452.00","7,566.00","7,380.00","1.65K","-1.57%"
"30-09-2021","7,506.00","7,472.00","7,510.00","7,426.00","0.99K","0.32%"
"29-09-2021","7,482.00","7,620.00","7,626.00","7,446.00","1.89K","-1.32%"
"28-09-2021","7,582.00","7,428.00","7,636.00","7,420.00","1.24K","3.13%"
"27-09-2021","7,352.00","7,358.00","7,420.00","7,334.00","0.78K","0.85%"
"24-09-2021","7,290.00","7,188.00","7,330.00","7,188.00","0.49K","1.22%"
"23-09-2021","7,202.00","7,350.00","7,350.00","7,188.00","0.47K","-2.86%"
"22-09-2021","7,414.00","7,500.00","7,514.00","7,390.00","0.34K","-0.86%"
"21-09-2021","7,478.00","7,506.00","7,506.00","7,434.00","0.38K","1.69%"
"20-09-2021","7,354.00","7,288.00","7,370.00","7,162.00","1.84K","0.57%"
"17-09-2021","7,312.00","7,482.00","7,482.00","7,262.00","2.26K","-2.66%"
"16-09-2021","7,512.00","7,580.00","7,608.00","7,484.00","2.01K","-0.13%"
"15-09-2021","7,522.00","7,456.00","7,532.00","7,406.00","2.72K","-0.03%"
"14-09-2021","7,524.00","7,902.00","7,960.00","7,506.00","6.10K","-4.90%"
"13-09-2021","7,912.00","7,964.00","8,042.00","7,888.00","3.37K","-2.18%"
"10-09-2021","8,088.00","8,088.00","8,088.00","8,088.00","","0.00%"
"09-09-2021","8,088.00","8,002.00","8,150.00","7,928.00","5.12K","0.65%"
"08-09-2021","8,036.00","8,018.00","8,186.00","7,960.00","3.81K","0.15%"
"07-09-2021","8,024.00","7,782.00","8,060.00","7,764.00","5.62K","3.70%"
"06-09-2021","7,738.00","7,800.00","7,852.00","7,710.00","3.98K","-1.35%"
"03-09-2021","7,844.00","7,958.00","8,046.00","7,818.00","4.50K","-2.00%"
"02-09-2021","8,004.00","7,994.00","8,110.00","7,936.00","2.43K","-0.12%"
"01-09-2021","8,014.00","8,110.00","8,152.00","8,000.00","2.30K","-1.93%"
"31-08-2021","8,172.00","8,226.00","8,376.00","8,142.00","1.62K","-0.99%"
"30-08-2021","8,254.00","8,172.00","8,428.00","8,136.00","1.72K","0.49%"
"27-08-2021","8,214.00","8,370.00","8,430.00","8,150.00","1.58K","-1.84%"
"26-08-2021","8,368.00","8,654.00","8,740.00","8,312.00","2.11K","-5.12%"
"25-08-2021","8,820.00","8,500.00","8,862.00","8,500.00","1.85K","5.48%"
"24-08-2021","8,362.00","8,218.00","8,400.00","8,218.00","1.34K","1.93%"
"23-08-2021","8,204.00","8,270.00","8,390.00","8,008.00","0.35K","-0.39%"
"20-08-2021","8,236.00","8,258.00","8,370.00","8,150.00","3.48K","0.39%"
"19-08-2021","8,204.00","8,204.00","8,204.00","8,204.00","","0.00%"
"18-08-2021","8,204.00","8,048.00","8,274.00","8,048.00","3.45K","2.29%"
"17-08-2021","8,020.00","8,098.00","8,100.00","7,872.00","2.78K","-1.16%"
"16-08-2021","8,114.00","8,080.00","8,314.00","8,080.00","3.67K","1.22%"
"13-08-2021","8,016.00","7,740.00","8,144.00","7,710.00","9.58K","4.32%"
"12-08-2021","7,684.00","7,460.00","7,734.00","7,438.00","4.31K","3.31%"
"11-08-2021","7,438.00","7,408.00","7,468.00","7,344.00","2.66K","-0.05%"
"10-08-2021","7,442.00","7,500.00","7,506.00","7,408.00","2.37K","-0.88%"
"09-08-2021","7,508.00","7,586.00","7,632.00","7,476.00","3.51K","-1.42%"
"06-08-2021","7,616.00","7,908.00","7,908.00","7,580.00","5.29K","-2.08%"
"05-08-2021","7,778.00","7,548.00","7,808.00","7,548.00","4.98K","3.60%"
"04-08-2021","7,508.00","7,398.00","7,532.00","7,350.00","2.85K","1.46%"
"03-08-2021","7,400.00","7,252.00","7,440.00","7,214.00","2.50K","1.31%"
"02-08-2021","7,304.00","7,492.00","7,492.00","7,278.00","1.87K","-2.09%"
"30-07-2021","7,460.00","7,452.00","7,500.00","7,448.00","1.89K","-0.29%"
"29-07-2021","7,482.00","7,432.00","7,538.00","7,432.00","1.07K","0.51%"
"28-07-2021","7,444.00","7,436.00","7,464.00","7,418.00","0.29K","-0.03%"
"27-07-2021","7,446.00","7,528.00","7,540.00","7,428.00","0.49K","-0.96%"
"26-07-2021","7,518.00","7,550.00","7,638.00","7,500.00","0.78K","0.48%"
"23-07-2021","7,482.00","7,502.00","7,526.00","7,430.00","0.46K","-0.77%"
"22-07-2021","7,540.00","7,648.00","7,658.00","7,452.00","0.36K","-0.79%"
"21-07-2021","7,600.00","7,600.00","7,600.00","7,600.00","","0.72%"
"20-07-2021","7,546.00","7,560.00","7,578.00","7,490.00","0.75K","-0.11%"
"19-07-2021","7,554.00","7,492.00","7,750.00","7,466.00","2.51K","0.85%"
"16-07-2021","7,490.00","7,384.00","7,500.00","7,364.00","2.98K","1.38%"
"15-07-2021","7,388.00","7,310.00","7,428.00","7,310.00","1.82K","0.68%"
"14-07-2021","7,338.00","7,286.00","7,396.00","7,278.00","2.44K","0.36%"
"13-07-2021","7,312.00","7,180.00","7,348.00","7,140.00","3.75K","1.78%"
"12-07-2021","7,184.00","7,230.00","7,234.00","7,134.00","2.24K","-1.10%"
"09-07-2021","7,264.00","7,346.00","7,368.00","7,250.00","2.69K","-1.36%"
"08-07-2021","7,364.00","7,350.00","7,390.00","7,256.00","3.07K","0.05%"
"07-07-2021","7,360.00","7,434.00","7,434.00","7,350.00","1.41K","-0.46%"
"06-07-2021","7,394.00","7,402.00","7,470.00","7,370.00","1.05K","-0.40%"
"05-07-2021","7,424.00","7,430.00","7,550.00","7,372.00","1.99K","-0.54%"
"02-07-2021","7,464.00","7,328.00","7,498.00","7,320.00","2.57K","2.30%"
"01-07-2021","7,296.00","7,400.00","7,418.00","7,256.00","1.71K","-1.43%"
"30-06-2021","7,402.00","7,312.00","7,430.00","7,312.00","2.35K","0.49%"
"29-06-2021","7,366.00","7,328.00","7,382.00","7,234.00","2.26K","-0.41%"
"28-06-2021","7,396.00","7,572.00","7,572.00","7,324.00","2.23K","-3.04%"
"25-06-2021","7,628.00","7,602.00","7,678.00","7,532.00","0.84K","0.61%"
"24-06-2021","7,582.00","7,748.00","7,760.00","7,566.00","0.62K","-2.07%"
"23-06-2021","7,742.00","7,754.00","7,864.00","7,700.00","0.33K","0.60%"
"22-06-2021","7,696.00","7,674.00","7,720.00","7,674.00","0.15K","1.08%"
"21-06-2021","7,614.00","7,598.00","7,630.00","7,598.00","0.20K","2.89%"
"18-06-2021","7,400.00","7,442.00","7,478.00","7,374.00","1.23K","-0.96%"
"17-06-2021","7,472.00","7,614.00","7,726.00","7,454.00","1.92K","-1.06%"
"16-06-2021","7,552.00","7,632.00","7,672.00","7,524.00","2.27K","-1.05%"
"15-06-2021","7,632.00","7,610.00","7,696.00","7,610.00","1.10K","0.29%"
"14-06-2021","7,610.00","7,760.00","7,838.00","7,562.00","4.00K","-2.51%"
"11-06-2021","7,806.00","7,690.00","7,830.00","7,680.00","4.54K","0.96%"
"10-06-2021","7,732.00","7,780.00","7,870.00","7,712.00","2.51K","-0.51%"
"09-06-2021","7,772.00","7,852.00","7,888.00","7,674.00","3.08K","-1.27%"
"08-06-2021","7,872.00","7,838.00","8,140.00","7,838.00","2.78K","0.25%"
"07-06-2021","7,852.00","7,900.00","7,940.00","7,830.00","2.28K","-0.93%"
"04-06-2021","7,926.00","7,966.00","8,030.00","7,910.00","1.66K","-0.30%"
"03-06-2021","7,950.00","7,826.00","7,964.00","7,808.00","1.70K","1.15%"
"02-06-2021","7,860.00","7,876.00","7,900.00","7,824.00","1.11K","-0.46%"
"01-06-2021","7,896.00","7,932.00","7,970.00","7,848.00","1.82K","-0.63%"
"31-05-2021","7,946.00","8,088.00","8,162.00","7,920.00","2.14K","-1.95%"
"28-05-2021","8,104.00","8,118.00","8,198.00","8,052.00","1.24K","0.25%"
"27-05-2021","8,084.00","8,170.00","8,194.00","8,050.00","0.80K","-0.81%"
"26-05-2021","8,150.00","8,000.00","8,206.00","8,000.00","0.83K","-0.07%"
"25-05-2021","8,156.00","8,350.00","8,384.00","8,138.00","1.20K","-2.09%"
"24-05-2021","8,330.00","8,352.00","8,380.00","8,280.00","0.37K","0.17%"
"21-05-2021","8,316.00","8,300.00","8,384.00","8,250.00","0.79K","0.92%"
"20-05-2021","8,240.00","8,170.00","8,374.00","8,102.00","3.55K","1.25%"
"19-05-2021","8,138.00","7,866.00","8,192.00","7,842.00","3.87K","2.86%"
"18-05-2021","7,912.00","7,884.00","7,964.00","7,834.00","1.05K","0.64%"
"17-05-2021","7,862.00","7,772.00","7,934.00","7,732.00","1.99K","0.72%"
"14-05-2021","7,806.00","7,900.00","8,000.00","7,762.00","4.35K","-0.54%"
"13-05-2021","7,848.00","7,848.00","7,848.00","7,848.00","","0.00%"
"12-05-2021","7,848.00","7,700.00","7,990.00","7,692.00","3.76K","1.82%"
"11-05-2021","7,708.00","7,598.00","7,750.00","7,598.00","2.43K","2.12%"
"10-05-2021","7,548.00","7,688.00","7,764.00","7,470.00","4.55K","-1.69%"
"07-05-2021","7,678.00","7,724.00","7,880.00","7,616.00","2.27K","-2.29%"
"06-05-2021","7,858.00","7,828.00","7,896.00","7,800.00","1.40K","0.56%"
"05-05-2021","7,814.00","7,888.00","7,890.00","7,782.00","1.23K","-0.71%"
"04-05-2021","7,870.00","7,800.00","7,958.00","7,800.00","1.87K","0.85%"
"03-05-2021","7,804.00","7,930.00","7,930.00","7,700.00","1.81K","-1.96%"
"30-04-2021","7,960.00","8,112.00","8,150.00","7,906.00","1.55K","-2.74%"
"29-04-2021","8,184.00","8,090.00","8,328.00","8,076.00","1.49K","2.15%"
"28-04-2021","8,012.00","8,032.00","8,096.00","7,926.00","1.08K","-0.96%"
"27-04-2021","8,090.00","8,024.00","8,140.00","7,968.00","0.56K","1.53%"
"26-04-2021","7,968.00","8,152.00","8,206.00","7,940.00","1.10K","-3.65%"
"23-04-2021","8,270.00","8,414.00","8,420.00","8,250.00","0.43K","-1.97%"
"22-04-2021","8,436.00","8,432.00","8,628.00","8,318.00","1.02K","0.43%"
"21-04-2021","8,400.00","8,400.00","8,400.00","8,400.00","","2.09%"
"20-04-2021","8,228.00","8,030.00","8,320.00","7,982.00","3.36K","2.47%"
"19-04-2021","8,030.00","8,150.00","8,162.00","7,902.00","2.73K","-2.19%"
"16-04-2021","8,210.00","8,252.00","8,420.00","8,168.00","3.42K","0.27%"
"15-04-2021","8,188.00","8,100.00","8,290.00","8,012.00","3.07K","2.12%"
"14-04-2021","8,018.00","8,018.00","8,018.00","8,018.00","","0.00%"
"13-04-2021","8,018.00","8,272.00","8,400.00","7,880.00","4.66K","-4.34%"
"12-04-2021","8,382.00","8,380.00","8,470.00","8,226.00","3.92K","1.80%"
"09-04-2021","8,234.00","8,370.00","8,450.00","8,200.00","3.78K","-1.32%"
"08-04-2021","8,344.00","8,290.00","8,404.00","8,182.00","2.52K","1.09%"
"07-04-2021","8,254.00","8,430.00","8,450.00","8,232.00","2.72K","-1.85%"
"06-04-2021","8,410.00","8,360.00","8,550.00","8,304.00","3.22K","0.69%"
"05-04-2021","8,352.00","8,454.00","8,562.00","8,216.00","3.59K","-2.41%"
"01-04-2021","8,558.00","8,600.00","8,600.00","8,450.00","2.18K","-0.86%"
"31-03-2021","8,632.00","8,682.00","8,690.00","8,472.00","2.08K","-0.74%"
"30-03-2021","8,696.00","8,660.00","8,760.00","8,554.00","1.94K","1.66%"
"29-03-2021","8,554.00","8,554.00","8,554.00","8,554.00","","0.00%"
"26-03-2021","8,554.00","8,516.00","8,684.00","8,450.00","1.72K","2.44%"
"25-03-2021","8,350.00","8,008.00","8,350.00","7,924.00","1.84K","3.99%"
"24-03-2021","8,030.00","8,320.00","8,320.00","8,002.00","1.14K","-3.58%"
"23-03-2021","8,328.00","8,300.00","8,412.00","8,280.00","0.91K","0.34%"
"22-03-2021","8,300.00","8,256.00","8,380.00","8,134.00","1.10K","1.05%"
"19-03-2021","8,214.00","8,300.00","8,300.00","7,960.00","1.48K","-0.46%"
"18-03-2021","8,252.00","8,328.00","8,508.00","8,200.00","1.94K","-2.69%"
"17-03-2021","8,480.00","8,696.00","8,706.00","8,472.00","1.12K","-3.90%"
"16-03-2021","8,824.00","9,110.00","9,120.00","8,768.00","1.00K","-1.36%"
"15-03-2021","8,946.00","8,796.00","8,968.00","8,796.00","0.79K","3.73%"
"12-03-2021","8,624.00","8,742.00","8,820.00","8,496.00","0.99K","-1.37%"
"10-03-2021","8,744.00","9,000.00","9,000.00","8,698.00","0.38K","-2.87%"
"09-03-2021","9,002.00","8,980.00","9,140.00","8,820.00","0.47K","0.45%"
"08-03-2021","8,962.00","9,456.00","9,458.00","8,904.00","0.63K","-3.36%"
"05-03-2021","9,274.00","8,920.00","9,420.00","8,920.00","0.76K","2.14%"
"04-03-2021","9,080.00","9,554.00","9,554.00","8,994.00","0.89K","-3.07%"
"03-03-2021","9,368.00","9,188.00","9,368.00","9,118.00","0.95K","4.00%"
"02-03-2021","9,008.00","8,798.00","9,008.00","8,780.00","0.49K","3.99%"
"01-03-2021","8,662.00","8,496.00","8,662.00","8,496.00","0.38K","3.99%"
"26-02-2021","8,330.00","8,530.00","8,560.00","8,300.00","0.39K","-1.09%"
"25-02-2021","8,422.00","8,594.00","8,760.00","8,350.00","1.01K","-0.68%"
"24-02-2021","8,480.00","8,316.00","8,480.00","8,162.00","1.52K","4.00%"
"23-02-2021","8,154.00","7,902.00","8,154.00","7,902.00","0.26K","3.98%"
"22-02-2021","7,842.00","7,650.00","7,842.00","7,626.00","0.50K","3.98%"
"19-02-2021","7,542.00","7,366.00","7,592.00","7,366.00","0.39K","2.39%"
"18-02-2021","7,366.00","7,352.00","7,420.00","7,320.00","0.26K","-1.76%"
"17-02-2021","7,498.00","7,544.00","7,600.00","7,370.00","0.59K","-0.40%"
"16-02-2021","7,528.00","7,684.00","7,798.00","7,528.00","0.41K","-3.98%"
"15-02-2021","7,840.00","7,884.00","7,976.00","7,666.00","0.33K","1.42%"
"12-02-2021","7,730.00","7,510.00","7,848.00","7,510.00","0.20K","2.36%"
"11-02-2021","7,552.00","7,482.00","7,650.00","7,476.00","0.11K","0.69%"
"10-02-2021","7,500.00","7,470.00","7,564.00","7,384.00","0.26K","2.40%"
"09-02-2021","7,324.00","7,100.00","7,324.00","7,100.00","0.23K","3.98%"
"08-02-2021","7,044.00","6,908.00","7,044.00","6,908.00","0.26K","3.99%"
"05-02-2021","6,774.00","6,660.00","6,806.00","6,660.00","0.29K","1.35%"
"04-02-2021","6,684.00","6,490.00","6,760.00","6,480.00","0.34K","2.01%"
"03-02-2021","6,552.00","6,562.00","6,584.00","6,510.00","0.09K","-0.58%"
"02-02-2021","6,590.00","6,460.00","6,610.00","6,428.00","0.18K","1.70%"
"01-02-2021","6,480.00","6,626.00","6,628.00","6,414.00","0.14K","-1.73%"
"29-01-2021","6,594.00","6,600.00","6,610.00","6,548.00","0.09K","1.10%"
"28-01-2021","6,522.00","6,520.00","6,558.00","6,490.00","0.06K","-0.09%"
"27-01-2021","6,528.00","6,450.00","6,606.00","6,440.00","0.24K","1.78%"
"25-01-2021","6,414.00","6,292.00","6,468.00","6,292.00","0.17K","1.91%"
"22-01-2021","6,294.00","6,356.00","6,368.00","6,260.00","0.26K","-0.66%"
"21-01-2021","6,336.00","6,352.00","6,352.00","6,310.00","0.11K","0.44%"
"20-01-2021","6,308.00","6,220.00","6,350.00","6,220.00","0.16K","1.28%"
"19-01-2021","6,228.00","6,136.00","6,254.00","6,134.00","0.14K","2.43%"
"18-01-2021","6,080.00","6,074.00","6,088.00","6,070.00","0.03K","0.26%"
"15-01-2021","6,064.00","6,084.00","6,092.00","6,030.00","0.09K","-0.98%"
"14-01-2021","6,124.00","6,122.00","6,126.00","6,122.00","0.02K","-0.26%"
"13-01-2021","6,140.00","6,140.00","6,162.00","6,130.00","0.03K","-1.19%"
"12-01-2021","6,214.00","6,232.00","6,232.00","6,200.00","0.03K","0.65%"
"11-01-2021","6,174.00","6,102.00","6,216.00","6,100.00","0.18K","1.71%"
"08-01-2021","6,070.00","6,066.00","6,094.00","6,010.00","0.08K","-0.49%"
"07-01-2021","6,100.00","6,100.00","6,100.00","6,100.00","0.03K","1.33%"
"06-01-2021","6,020.00","6,012.00","6,084.00","5,980.00","0.03K","-0.30%"
"05-01-2021","6,038.00","5,958.00","6,088.00","5,958.00","0.04K","0.53%"
"04-01-2021","6,006.00","5,900.00","6,006.00","5,900.00","0.03K","1.97%"
"01-01-2021","5,890.00","5,890.00","5,890.00","5,890.00","0.02K","-1.17%"
"31-12-2020","5,960.00","6,000.00","6,000.00","5,950.00","0.03K","0.17%"
"30-12-2020","5,950.00","5,950.00","5,950.00","5,950.00","0.01K","-0.17%"
"29-12-2020","5,960.00","5,922.00","6,006.00","5,922.00","0.08K","1.60%"
"28-12-2020","5,866.00","5,870.00","5,950.00","5,840.00","0.17K","0.27%"
"24-12-2020","5,850.00","5,842.00","5,864.00","5,840.00","0.04K","-0.81%"
"23-12-2020","5,898.00","5,912.00","5,912.00","5,808.00","0.16K","1.72%"
"22-12-2020","5,798.00","5,796.00","5,798.00","5,796.00","0.02K","0.21%"
"21-12-2020","5,786.00","5,780.00","5,798.00","5,780.00","0.05K","0.28%"
"18-12-2020","5,770.00","5,766.00","5,790.00","5,712.00","0.32K","0.03%"
"17-12-2020","5,768.00","5,770.00","5,818.00","5,760.00","0.55K","-0.10%"
"16-12-2020","5,774.00","5,898.00","5,920.00","5,740.00","1.14K","-2.17%"
"15-12-2020","5,902.00","5,854.00","5,914.00","5,850.00","0.45K","0.75%"
"14-12-2020","5,858.00","5,870.00","5,914.00","5,852.00","1.26K","-0.34%"
"11-12-2020","5,878.00","5,900.00","5,970.00","5,862.00","1.00K","-0.88%"
"10-12-2020","5,930.00","5,860.00","5,930.00","5,842.00","1.34K","1.23%"
"09-12-2020","5,858.00","5,892.00","5,930.00","5,840.00","2.25K","-0.98%"
"08-12-2020","5,916.00","5,868.00","5,940.00","5,850.00","2.27K","1.23%"
"07-12-2020","5,844.00","5,838.00","5,866.00","5,814.00","1.11K","-0.51%"
"04-12-2020","5,874.00","5,866.00","5,886.00","5,832.00","0.65K","0.41%"
"03-12-2020","5,850.00","5,836.00","5,864.00","5,836.00","0.48K","0.72%"
"02-12-2020","5,808.00","5,780.00","5,840.00","5,780.00","1.10K","-1.09%"
"01-12-2020","5,872.00","5,898.00","5,898.00","5,840.00","0.29K","-0.20%"
"27-11-2020","5,884.00","5,870.00","5,890.00","5,842.00","1.03K","0.03%"
"26-11-2020","5,882.00","5,920.00","5,920.00","5,824.00","0.48K","-0.44%"
"25-11-2020","5,908.00","5,942.00","5,966.00","5,878.00","0.58K","-0.44%"
"24-11-2020","5,934.00","5,976.00","5,976.00","5,892.00","0.44K","-1.30%"
"23-11-2020","6,012.00","6,010.00","6,024.00","6,004.00","0.04K","5.10%"
"20-11-2020","5,720.00","5,730.00","5,760.00","5,698.00","0.88K","0.25%"
"19-11-2020","5,706.00","5,680.00","5,718.00","5,654.00","0.56K","0.60%"
"18-11-2020","5,672.00","5,712.00","5,730.00","5,624.00","1.29K","-0.70%"
"17-11-2020","5,712.00","5,730.00","5,760.00","5,704.00","0.66K","-0.73%"
"14-11-2020","5,754.00","5,762.00","5,768.00","5,732.00","0.15K","0.24%"
"13-11-2020","5,740.00","5,828.00","5,828.00","5,706.00","1.78K","-1.24%"
"12-11-2020","5,812.00","5,758.00","5,850.00","5,758.00","1.63K","0.41%"
"11-11-2020","5,788.00","5,782.00","5,800.00","5,770.00","1.27K","0.07%"
"10-11-2020","5,784.00","5,800.00","5,800.00","5,740.00","3.01K","-0.21%"
"09-11-2020","5,796.00","5,850.00","5,850.00","5,774.00","1.77K","-0.58%"
"06-11-2020","5,830.00","5,810.00","5,850.00","5,810.00","0.65K","-0.17%"
"05-11-2020","5,840.00","5,844.00","5,898.00","5,810.00","2.34K","0.24%"
"04-11-2020","5,826.00","5,844.00","5,860.00","5,810.00","1.63K","-0.14%"
"03-11-2020","5,834.00","5,818.00","5,866.00","5,800.00","1.34K","0.03%"
"02-11-2020","5,832.00","5,920.00","5,920.00","5,790.00","2.30K","-1.39%"
"30-10-2020","5,914.00","5,934.00","5,938.00","5,898.00","0.38K","-0.17%"
"29-10-2020","5,924.00","5,914.00","5,936.00","5,860.00","1.90K","-0.64%"
"28-10-2020","5,962.00","6,006.00","6,022.00","5,944.00","2.51K","-0.10%"
"27-10-2020","5,968.00","6,108.00","6,112.00","5,968.00","1.13K","-1.97%"
"26-10-2020","6,088.00","6,114.00","6,118.00","6,060.00","0.50K","-0.10%"
"23-10-2020","6,094.00","6,096.00","6,112.00","6,018.00","0.70K","-0.13%"
"22-10-2020","6,102.00","6,096.00","6,146.00","6,086.00","0.51K","-0.03%"
"21-10-2020","6,104.00","6,070.00","6,170.00","6,070.00","0.74K","1.67%"
"20-10-2020","6,004.00","5,998.00","6,096.00","5,926.00","3.57K","0.37%"
"19-10-2020","5,982.00","5,882.00","5,982.00","5,880.00","2.53K","1.98%"
"16-10-2020","5,866.00","5,850.00","5,880.00","5,838.00","0.82K","0.34%"
"15-10-2020","5,846.00","5,820.00","5,918.00","5,790.00","2.35K","1.21%"
"14-10-2020","5,776.00","5,780.00","5,808.00","5,754.00","1.73K","0.21%"
"13-10-2020","5,764.00","5,778.00","5,844.00","5,740.00","1.95K","0.03%"
"12-10-2020","5,762.00","5,772.00","5,800.00","5,728.00","2.11K","-0.38%"
"09-10-2020","5,784.00","5,820.00","5,834.00","5,764.00","3.68K","-0.28%"
"08-10-2020","5,800.00","5,818.00","5,826.00","5,782.00","1.60K","-0.03%"
"07-10-2020","5,802.00","5,836.00","5,836.00","5,780.00","1.33K","-0.38%"
"06-10-2020","5,824.00","5,888.00","5,888.00","5,818.00","1.40K","-0.72%"
"05-10-2020","5,866.00","5,926.00","5,926.00","5,854.00","1.50K","-0.44%"
"01-10-2020","5,892.00","5,870.00","5,940.00","5,858.00","2.53K","0.68%"
"30-09-2020","5,852.00","5,910.00","5,910.00","5,818.00","0.93K","-0.41%"
"29-09-2020","5,876.00","5,868.00","5,880.00","5,842.00","1.04K","0.44%"
"28-09-2020","5,850.00","5,820.00","5,902.00","5,820.00","0.50K","0.34%"
"25-09-2020","5,830.00","5,810.00","5,856.00","5,800.00","0.72K","0.90%"
"24-09-2020","5,778.00","5,880.00","5,880.00","5,750.00","0.79K","-1.50%"
"23-09-2020","5,866.00","5,898.00","5,900.00","5,828.00","0.54K","0.20%"
"22-09-2020","5,854.00","5,916.00","5,916.00","5,796.00","0.50K","-0.85%"
"21-09-2020","5,904.00","6,022.00","6,050.00","5,884.00","0.63K","-0.47%"
"18-09-2020","5,932.00","5,888.00","5,952.00","5,870.00","1.06K","0.61%"
"17-09-2020","5,896.00","5,894.00","5,960.00","5,866.00","0.85K","0.03%"
"16-09-2020","5,894.00","5,944.00","5,944.00","5,842.00","1.19K","-0.74%"
"15-09-2020","5,938.00","5,882.00","5,942.00","5,882.00","0.65K","0.54%"
"14-09-2020","5,906.00","6,020.00","6,068.00","5,906.00","2.96K","-1.99%"
"11-09-2020","6,026.00","6,076.00","6,122.00","6,000.00","2.88K","-0.17%"
"10-09-2020","6,036.00","5,896.00","6,048.00","5,894.00","3.83K","2.76%"
"09-09-2020","5,874.00","5,824.00","5,888.00","5,824.00","1.98K","1.10%"
"08-09-2020","5,810.00","5,850.00","5,868.00","5,780.00","1.75K","-0.27%"
"07-09-2020","5,826.00","5,900.00","5,900.00","5,710.00","3.19K","-1.45%"
"04-09-2020","5,912.00","6,052.00","6,064.00","5,840.00","3.73K","-2.44%"
"03-09-2020","6,060.00","6,100.00","6,104.00","6,022.00","2.31K","-0.82%"
"02-09-2020","6,110.00","6,160.00","6,198.00","6,070.00","2.94K","-0.94%"
"01-09-2020","6,168.00","6,260.00","6,290.00","6,122.00","2.58K","-1.22%"
"31-08-2020","6,244.00","6,222.00","6,280.00","6,170.00","2.07K","0.61%"
"28-08-2020","6,206.00","6,232.00","6,296.00","6,190.00","1.16K","-0.35%"
"27-08-2020","6,228.00","6,280.00","6,300.00","6,198.00","1.37K","0.19%"
"26-08-2020","6,216.00","6,250.00","6,300.00","6,160.00","1.75K","-0.29%"
"25-08-2020","6,234.00","6,210.00","6,348.00","6,206.00","1.85K","1.86%"
"24-08-2020","6,120.00","5,906.00","6,120.00","5,884.00","0.99K","3.98%"
"21-08-2020","5,886.00","5,860.00","5,900.00","5,860.00","0.21K","1.73%"
"20-08-2020","5,786.00","5,852.00","5,852.00","5,768.00","1.44K","-1.16%"
"19-08-2020","5,854.00","5,844.00","5,870.00","5,796.00","0.85K","0.72%"
"18-08-2020","5,812.00","5,808.00","5,862.00","5,800.00","0.79K","0.41%"
"17-08-2020","5,788.00","5,830.00","5,830.00","5,780.00","0.98K","0.14%"
"14-08-2020","5,780.00","5,800.00","5,818.00","5,752.00","1.36K","-0.03%"
"13-08-2020","5,782.00","5,832.00","5,858.00","5,768.00","1.24K","-1.26%"
"12-08-2020","5,856.00","5,772.00","5,868.00","5,738.00","1.75K","1.28%"
"11-08-2020","5,782.00","5,898.00","5,898.00","5,734.00","2.44K","-1.13%"
"10-08-2020","5,848.00","5,950.00","6,010.00","5,812.00","3.46K","-1.02%"
"07-08-2020","5,908.00","5,882.00","5,950.00","5,882.00","1.65K","-0.44%"
"06-08-2020","5,934.00","5,936.00","5,982.00","5,910.00","1.92K","0.44%"
"05-08-2020","5,908.00","5,930.00","5,962.00","5,900.00","1.27K","-0.24%"
"04-08-2020","5,922.00","5,890.00","5,958.00","5,890.00","2.13K","-0.17%"
"03-08-2020","5,932.00","5,874.00","5,998.00","5,860.00","2.20K","1.85%"
"31-07-2020","5,824.00","5,840.00","5,854.00","5,802.00","0.38K","0.34%"
"30-07-2020","5,804.00","5,810.00","5,884.00","5,792.00","0.83K","-0.31%"
"29-07-2020","5,822.00","5,840.00","5,846.00","5,798.00","0.65K","0.24%"
"28-07-2020","5,808.00","5,804.00","5,858.00","5,786.00","0.71K","-0.72%"
"27-07-2020","5,850.00","5,934.00","5,938.00","5,794.00","0.83K","-1.05%"
"24-07-2020","5,912.00","5,940.00","5,970.00","5,888.00","0.92K","0.20%"
"23-07-2020","5,900.00","5,810.00","5,900.00","5,792.00","0.58K","1.97%"
"22-07-2020","5,786.00","5,740.00","5,814.00","5,730.00","0.35K","1.22%"
"21-07-2020","5,716.00","5,724.00","5,724.00","5,708.00","0.04K","-0.90%"
"20-07-2020","5,768.00","5,720.00","5,790.00","5,716.00","0.37K","2.93%"
"17-07-2020","5,604.00","5,520.00","5,628.00","5,490.00","1.69K","1.48%"
"16-07-2020","5,522.00","5,600.00","5,624.00","5,510.00","1.06K","-1.50%"
"15-07-2020","5,606.00","5,622.00","5,656.00","5,598.00","0.80K","0.21%"
"14-07-2020","5,594.00","5,572.00","5,630.00","5,560.00","0.64K","0.14%"
"13-07-2020","5,586.00","5,698.00","5,706.00","5,568.00","2.56K","-1.65%"
"10-07-2020","5,680.00","5,710.00","5,728.00","5,670.00","2.13K","-1.01%"
"09-07-2020","5,738.00","5,748.00","5,770.00","5,716.00","1.62K","0.10%"
"08-07-2020","5,732.00","5,728.00","5,764.00","5,700.00","1.17K","0.17%"
"07-07-2020","5,722.00","5,602.00","5,730.00","5,588.00","1.74K","1.85%"
"06-07-2020","5,618.00","5,600.00","5,658.00","5,556.00","1.32K","0.04%"
"03-07-2020","5,616.00","5,690.00","5,726.00","5,606.00","1.53K","-1.61%"
"02-07-2020","5,708.00","5,770.00","5,800.00","5,700.00","1.08K","-1.42%"
"01-07-2020","5,790.00","5,770.00","5,800.00","5,766.00","0.24K","0.10%"
"30-06-2020","5,784.00","5,748.00","5,804.00","5,690.00","0.69K","0.73%"
"29-06-2020","5,742.00","5,840.00","5,890.00","5,720.00","0.82K","-2.01%"
"26-06-2020","5,860.00","5,900.00","5,932.00","5,846.00","0.44K","-0.64%"
"25-06-2020","5,898.00","5,800.00","5,916.00","5,780.00","0.56K","1.69%"
"24-06-2020","5,800.00","5,816.00","5,850.00","5,788.00","0.39K","0.55%"
"23-06-2020","5,768.00","5,762.00","5,790.00","5,700.00","0.54K","-0.17%"
"22-06-2020","5,778.00","5,828.00","5,864.00","5,754.00","0.66K","1.69%"
"19-06-2020","5,682.00","5,650.00","5,772.00","5,650.00","2.49K","0.60%"
"18-06-2020","5,648.00","5,542.00","5,666.00","5,538.00","2.58K","2.17%"
"17-06-2020","5,528.00","5,520.00","5,600.00","5,510.00","0.86K","0.07%"
"16-06-2020","5,524.00","5,560.00","5,570.00","5,490.00","0.46K","-0.32%"
"15-06-2020","5,542.00","5,510.00","5,556.00","5,484.00","1.42K","1.21%"
"12-06-2020","5,476.00","5,480.00","5,518.00","5,434.00","1.27K","-0.87%"
"11-06-2020","5,524.00","5,480.00","5,550.00","5,464.00","1.10K","0.40%"
"10-06-2020","5,502.00","5,538.00","5,542.00","5,450.00","1.19K","-0.40%"
"09-06-2020","5,524.00","5,580.00","5,698.00","5,494.00","2.76K","-1.60%"
"08-06-2020","5,614.00","5,500.00","5,676.00","5,410.00","3.29K","2.30%"
"05-06-2020","5,488.00","5,326.00","5,520.00","5,320.00","2.93K","3.39%"
"04-06-2020","5,308.00","5,308.00","5,328.00","5,252.00","1.07K","0.04%"
"03-06-2020","5,306.00","5,280.00","5,328.00","5,270.00","1.01K","0.34%"
"02-06-2020","5,288.00","5,298.00","5,300.00","5,256.00","0.84K","0.34%"
"01-06-2020","5,270.00","5,272.00","5,340.00","5,248.00","0.95K","-0.64%"
"29-05-2020","5,304.00","5,380.00","5,380.00","5,284.00","0.78K","-1.30%"
"28-05-2020","5,374.00","5,370.00","5,390.00","5,366.00","0.45K","-0.11%"
"27-05-2020","5,380.00","5,442.00","5,442.00","5,370.00","0.80K","-1.97%"
"26-05-2020","5,488.00","5,460.00","5,526.00","5,450.00","0.32K","1.29%"
"22-05-2020","5,418.00","5,350.00","5,430.00","5,340.00","0.44K","1.08%"
"21-05-2020","5,360.00","5,378.00","5,380.00","5,310.00","0.69K","1.36%"
"20-05-2020","5,288.00","5,250.00","5,312.00","5,238.00","0.50K","0.61%"
"19-05-2020","5,256.00","5,350.00","5,366.00","5,236.00","1.08K","-1.61%"
"18-05-2020","5,342.00","5,308.00","5,438.00","5,308.00","1.45K","1.17%"
"15-05-2020","5,280.00","5,150.00","5,280.00","5,150.00","1.01K","1.97%"
"14-05-2020","5,178.00","5,240.00","5,260.00","5,160.00","0.90K","-1.41%"
"13-05-2020","5,252.00","5,212.00","5,316.00","5,212.00","1.01K","0.34%"
"12-05-2020","5,234.00","5,300.00","5,340.00","5,198.00","2.03K","-1.32%"
"11-05-2020","5,304.00","5,328.00","5,376.00","5,292.00","1.10K","-1.38%"
"08-05-2020","5,378.00","5,414.00","5,436.00","5,342.00","2.17K","0.04%"
"07-05-2020","5,376.00","5,350.00","5,416.00","5,280.00","2.70K","0.83%"
"06-05-2020","5,332.00","5,344.00","5,354.00","5,290.00","0.92K","-0.52%"
"05-05-2020","5,360.00","5,386.00","5,436.00","5,320.00","1.34K","-0.74%"
"04-05-2020","5,400.00","5,462.00","5,562.00","5,372.00","1.07K","-1.78%"
"30-04-2020","5,498.00","5,424.00","5,520.00","5,414.00","0.73K","1.14%"
"29-04-2020","5,436.00","5,480.00","5,512.00","5,414.00","0.82K","-0.88%"
"28-04-2020","5,484.00","5,360.00","5,540.00","5,354.00","0.96K","1.90%"
"27-04-2020","5,382.00","5,408.00","5,490.00","5,362.00","0.60K","-1.03%"
"24-04-2020","5,438.00","5,496.00","5,510.00","5,410.00","0.49K","-0.91%"
"23-04-2020","5,488.00","5,398.00","5,532.00","5,398.00","0.84K","1.97%"
"22-04-2020","5,382.00","5,414.00","5,424.00","5,354.00","0.81K","-0.99%"
"21-04-2020","5,436.00","5,506.00","5,508.00","5,372.00","1.98K","-2.16%"
"20-04-2020","5,556.00","5,786.00","5,786.00","5,556.00","1.96K","-3.98%"
"17-04-2020","5,786.00","5,828.00","5,840.00","5,764.00","0.45K","-0.38%"
"16-04-2020","5,808.00","5,850.00","5,910.00","5,784.00","0.57K","-0.51%"
"15-04-2020","5,838.00","6,026.00","6,026.00","5,764.00","1.31K","-2.37%"
"13-04-2020","5,980.00","6,028.00","6,074.00","5,942.00","2.69K","0.13%"
"09-04-2020","5,972.00","5,778.00","5,990.00","5,778.00","3.28K","3.64%"
"08-04-2020","5,762.00","5,800.00","5,848.00","5,732.00","0.90K","-0.41%"
"07-04-2020","5,786.00","5,724.00","5,804.00","5,722.00","1.07K","1.30%"
"03-04-2020","5,712.00","5,730.00","5,800.00","5,694.00","0.50K","-1.35%"
"01-04-2020","5,790.00","5,808.00","5,824.00","5,758.00","0.61K","-0.41%"
"31-03-2020","5,814.00","5,794.00","5,840.00","5,780.00","0.24K","-0.24%"
"30-03-2020","5,828.00","5,780.00","5,854.00","5,780.00","0.82K","1.53%"
"27-03-2020","5,740.00","5,822.00","5,822.00","5,696.00","0.32K","-0.55%"
"26-03-2020","5,772.00","5,840.00","5,946.00","5,758.00","0.85K","-0.59%"
"25-03-2020","5,806.00","5,630.00","5,826.00","5,628.00","0.62K","3.64%"
"24-03-2020","5,602.00","5,588.00","5,678.00","5,550.00","0.38K","1.27%"
"23-03-2020","5,532.00","5,656.00","5,716.00","5,510.00","0.73K","-1.21%"
"20-03-2020","5,600.00","5,574.00","5,630.00","5,490.00","0.89K","1.38%"
"19-03-2020","5,524.00","5,500.00","5,570.00","5,478.00","0.54K","-0.61%"
"18-03-2020","5,558.00","5,588.00","5,600.00","5,462.00","1.11K","0.43%"
"17-03-2020","5,534.00","5,430.00","5,534.00","5,402.00","0.58K","1.99%"
"16-03-2020","5,426.00","5,518.00","5,518.00","5,354.00","1.93K","-1.27%"
"13-03-2020","5,496.00","5,520.00","5,638.00","5,354.00","3.95K","-1.26%"
"12-03-2020","5,566.00","5,700.00","5,714.00","5,524.00","2.99K","-3.17%"
"11-03-2020","5,748.00","5,740.00","5,860.00","5,710.00","2.11K","0.24%"
"09-03-2020","5,734.00","5,850.00","5,880.00","5,726.00","3.42K","-3.79%"
"06-03-2020","5,960.00","6,060.00","6,060.00","5,944.00","0.86K","-0.83%"
"05-03-2020","6,010.00","5,980.00","6,096.00","5,940.00","1.24K","0.20%"
"04-03-2020","5,998.00","6,072.00","6,080.00","5,976.00","1.20K","-1.22%"
"03-03-2020","6,072.00","5,970.00","6,090.00","5,956.00","0.96K","2.08%"
"02-03-2020","5,948.00","6,040.00","6,040.00","5,930.00","0.67K","-1.10%"
"28-02-2020","6,014.00","5,986.00","6,060.00","5,940.00","0.97K","-0.63%"
"27-02-2020","6,052.00","5,840.00","6,090.00","5,800.00","1.24K","2.68%"
"26-02-2020","5,894.00","5,950.00","5,998.00","5,882.00","0.70K","-1.11%"
"25-02-2020","5,960.00","5,988.00","6,008.00","5,930.00","0.75K","0.10%"
"24-02-2020","5,954.00","6,070.00","6,132.00","5,890.00","1.46K","-2.39%"
"20-02-2020","6,100.00","6,142.00","6,236.00","6,090.00","1.34K","-1.04%"
"19-02-2020","6,164.00","6,000.00","6,194.00","5,972.00","1.85K","2.94%"
"18-02-2020","5,988.00","5,908.00","6,002.00","5,852.00","1.37K","1.73%"
"17-02-2020","5,886.00","5,824.00","5,910.00","5,804.00","0.65K","0.55%"
"14-02-2020","5,854.00","5,822.00","5,880.00","5,822.00","0.33K","0.14%"
"13-02-2020","5,846.00","5,886.00","5,886.00","5,800.00","0.34K","-0.27%"
"12-02-2020","5,862.00","5,846.00","5,900.00","5,828.00","0.21K","-0.14%"
"11-02-2020","5,870.00","5,898.00","5,898.00","5,832.00","0.19K","-0.47%"
"10-02-2020","5,898.00","5,852.00","5,910.00","5,852.00","0.62K","0.44%"
"07-02-2020","5,872.00","5,886.00","5,912.00","5,842.00","0.37K","-0.91%"
"06-02-2020","5,926.00","5,940.00","5,970.00","5,882.00","0.20K","-0.07%"
"05-02-2020","5,930.00","5,962.00","5,962.00","5,912.00","0.17K","-1.03%"
"04-02-2020","5,992.00","5,878.00","6,010.00","5,854.00","0.60K","1.94%"
"03-02-2020","5,878.00","5,858.00","5,908.00","5,830.00","0.50K","0.44%"
"01-02-2020","5,852.00","5,930.00","5,940.00","5,830.00","0.50K","-0.68%"
"31-01-2020","5,892.00","6,062.00","6,062.00","5,856.00","0.47K","-0.87%"
"30-01-2020","5,944.00","5,942.00","6,000.00","5,900.00","0.89K","-0.50%"
"29-01-2020","5,974.00","6,090.00","6,150.00","5,964.00","0.69K","-1.81%"
"28-01-2020","6,084.00","6,102.00","6,160.00","6,054.00","0.50K","-0.43%"
"27-01-2020","6,110.00","6,226.00","6,226.00","6,084.00","0.40K","-2.33%"
"24-01-2020","6,256.00","6,170.00","6,280.00","6,150.00","0.37K","1.96%"
"23-01-2020","6,136.00","6,128.00","6,170.00","6,106.00","0.26K","-0.26%"
"22-01-2020","6,152.00","6,170.00","6,216.00","6,128.00","0.33K","-0.32%"
"21-01-2020","6,172.00","6,190.00","6,196.00","6,102.00","0.60K","0.26%"
"20-01-2020","6,156.00","6,272.00","6,272.00","6,142.00","0.81K","-2.25%"
"17-01-2020","6,298.00","6,272.00","6,320.00","6,270.00","0.14K","0.25%"
"16-01-2020","6,282.00","6,350.00","6,364.00","6,220.00","0.31K","-0.57%"
"15-01-2020","6,318.00","6,300.00","6,358.00","6,262.00","0.38K","0.10%"
"14-01-2020","6,312.00","6,290.00","6,346.00","6,254.00","0.49K","0.90%"
"13-01-2020","6,256.00","6,260.00","6,372.00","6,230.00","1.01K","0.13%"
"10-01-2020","6,248.00","6,240.00","6,320.00","6,240.00","0.36K","-0.48%"
"09-01-2020","6,278.00","6,328.00","6,384.00","6,246.00","0.69K","-1.97%"
"08-01-2020","6,404.00","6,320.00","6,480.00","6,310.00","1.23K","0.57%"
"07-01-2020","6,368.00","6,152.00","6,390.00","6,120.00","1.79K","2.98%"
"06-01-2020","6,184.00","6,402.00","6,410.00","6,184.00","1.08K","-3.98%"
"03-01-2020","6,440.00","6,640.00","6,648.00","6,418.00","0.88K","-2.54%"
"02-01-2020","6,608.00","6,536.00","6,710.00","6,510.00","1.00K","1.44%"
"01-01-2020","6,514.00","6,414.00","6,550.00","6,388.00","0.55K","0.62%"
"31-12-2019","6,474.00","6,476.00","6,550.00","6,420.00","0.33K","-0.55%"
"30-12-2019","6,510.00","6,472.00","6,622.00","6,424.00","1.02K","-0.12%"
"27-12-2019","6,518.00","6,308.00","6,534.00","6,284.00","3.07K","3.72%"
"26-12-2019","6,284.00","6,074.00","6,284.00","6,044.00","1.55K","3.97%"
"24-12-2019","6,044.00","5,942.00","6,068.00","5,942.00","0.15K","0.73%"
"23-12-2019","6,000.00","5,992.00","6,048.00","5,942.00","0.68K","-1.57%"
"20-12-2019","6,096.00","6,282.00","6,290.00","6,068.00","2.58K","-2.40%"
"19-12-2019","6,246.00","6,266.00","6,292.00","6,170.00","1.56K","-0.29%"
"18-12-2019","6,264.00","6,182.00","6,310.00","6,134.00","3.93K","0.93%"
"17-12-2019","6,206.00","6,152.00","6,238.00","6,152.00","1.09K","0.65%"
"16-12-2019","6,166.00","6,200.00","6,266.00","6,120.00","1.32K","-0.29%"
"13-12-2019","6,184.00","6,240.00","6,308.00","6,160.00","2.42K","-1.50%"
"12-12-2019","6,278.00","6,218.00","6,338.00","6,210.00","3.69K","1.62%"
"11-12-2019","6,178.00","5,926.00","6,178.00","5,926.00","3.65K","3.97%"
"10-12-2019","5,942.00","5,964.00","5,964.00","5,902.00","1.46K","0.13%"
"09-12-2019","5,934.00","5,902.00","5,962.00","5,844.00","3.41K","0.54%"
"06-12-2019","5,902.00","5,886.00","5,938.00","5,872.00","1.82K","0.41%"
"05-12-2019","5,878.00","5,870.00","5,950.00","5,842.00","1.77K","-0.03%"
"04-12-2019","5,880.00","5,970.00","6,014.00","5,870.00","1.11K","-1.80%"
"03-12-2019","5,988.00","6,082.00","6,082.00","5,946.00","1.36K","-1.29%"
"02-12-2019","6,066.00","6,032.00","6,090.00","6,002.00","0.52K","0.07%"
"29-11-2019","6,062.00","6,044.00","6,098.00","6,002.00","0.49K","0.87%"
"28-11-2019","6,010.00","6,012.00","6,040.00","5,980.00","0.35K","-0.13%"
"27-11-2019","6,018.00","6,034.00","6,136.00","5,982.00","0.41K","0.74%"
"26-11-2019","5,974.00","6,006.00","6,050.00","5,940.00","0.55K","-0.80%"
"25-11-2019","6,022.00","6,062.00","6,180.00","6,006.00","0.78K","-1.54%"
"22-11-2019","6,116.00","6,200.00","6,200.00","6,078.00","0.50K","-1.39%"
"21-11-2019","6,202.00","6,230.00","6,254.00","6,158.00","0.30K","6.71%"
"20-11-2019","5,812.00","5,844.00","5,870.00","5,800.00","0.74K","-0.14%"
"19-11-2019","5,820.00","5,760.00","5,890.00","5,760.00","1.63K","0.62%"
"18-11-2019","5,784.00","5,900.00","5,942.00","5,752.00","2.56K","-2.43%"
"15-11-2019","5,928.00","5,980.00","6,000.00","5,890.00","2.30K","-0.70%"
"14-11-2019","5,970.00","5,900.00","6,016.00","5,862.00","2.41K","1.70%"
"13-11-2019","5,870.00","5,982.00","6,024.00","5,848.00","3.20K","-2.00%"
"11-11-2019","5,990.00","6,142.00","6,190.00","5,960.00","4.80K","-2.44%"
"08-11-2019","6,140.00","6,350.00","6,350.00","6,126.00","5.78K","-3.76%"
"07-11-2019","6,380.00","6,350.00","6,400.00","6,300.00","1.46K","0.22%"
"06-11-2019","6,366.00","6,308.00","6,386.00","6,280.00","2.53K","0.47%"
"05-11-2019","6,336.00","6,448.00","6,450.00","6,300.00","2.35K","-1.34%"
"04-11-2019","6,422.00","6,350.00","6,470.00","6,350.00","3.61K","1.97%"
"01-11-2019","6,298.00","6,186.00","6,320.00","6,166.00","2.40K","2.41%"
"31-10-2019","6,150.00","6,170.00","6,180.00","6,128.00","0.60K","0.10%"
"30-10-2019","6,144.00","6,142.00","6,212.00","6,106.00","2.63K","-0.13%"
"29-10-2019","6,152.00","6,196.00","6,226.00","6,052.00","3.31K","-0.32%"
"27-10-2019","6,172.00","6,238.00","6,248.00","6,126.00","0.84K","0.92%"
"25-10-2019","6,116.00","6,008.00","6,146.00","6,008.00","1.62K","2.27%"
"24-10-2019","5,980.00","6,120.00","6,180.00","5,892.00","3.20K","-2.16%"
"23-10-2019","6,112.00","5,962.00","6,148.00","5,892.00","2.39K","2.83%"
"22-10-2019","5,944.00","5,834.00","5,948.00","5,834.00","2.28K","3.37%"
"18-10-2019","5,750.00","5,722.00","5,788.00","5,710.00","1.00K","-0.17%"
"17-10-2019","5,760.00","5,798.00","5,848.00","5,732.00","1.41K","-0.69%"
"16-10-2019","5,800.00","5,818.00","5,848.00","5,770.00","1.50K","-0.31%"
"15-10-2019","5,818.00","5,834.00","5,876.00","5,784.00","1.66K","-0.07%"
"14-10-2019","5,822.00","5,880.00","5,920.00","5,806.00","1.78K","-0.51%"
"11-10-2019","5,852.00","5,808.00","5,890.00","5,762.00","4.45K","0.27%"
"10-10-2019","5,836.00","5,986.00","6,032.00","5,810.00","5.05K","-2.60%"
"09-10-2019","5,992.00","6,084.00","6,130.00","5,942.00","3.96K","-1.77%"
"07-10-2019","6,100.00","6,080.00","6,146.00","6,014.00","4.07K","1.23%"
"04-10-2019","6,026.00","5,990.00","6,098.00","5,952.00","2.80K","0.40%"
"03-10-2019","6,002.00","5,940.00","6,044.00","5,866.00","2.65K","1.25%"
"01-10-2019","5,928.00","6,178.00","6,228.00","5,914.00","3.22K","-3.77%"
"30-09-2019","6,160.00","6,140.00","6,188.00","6,102.00","1.14K","0.33%"
"27-09-2019","6,140.00","6,274.00","6,274.00","6,140.00","1.66K","-1.98%"
"26-09-2019","6,264.00","6,270.00","6,340.00","6,250.00","1.59K","0.03%"
"25-09-2019","6,262.00","6,310.00","6,310.00","6,160.00","1.08K","-0.13%"
"24-09-2019","6,270.00","6,124.00","6,320.00","6,124.00","2.12K","2.15%"
"23-09-2019","6,138.00","6,164.00","6,170.00","6,074.00","1.31K","0.13%"
"20-09-2019","6,130.00","6,138.00","6,188.00","6,036.00","4.39K","0.16%"
"19-09-2019","6,120.00","6,126.00","6,236.00","6,080.00","3.07K","-0.20%"
"18-09-2019","6,132.00","6,318.00","6,320.00","6,114.00","4.22K","-2.64%"
"17-09-2019","6,298.00","6,260.00","6,356.00","6,230.00","4.89K","1.03%"
"16-09-2019","6,234.00","6,418.00","6,418.00","6,158.00","5.54K","-2.72%"
"13-09-2019","6,408.00","6,560.00","6,588.00","6,382.00","4.24K","-2.32%"
"12-09-2019","6,560.00","6,640.00","6,656.00","6,544.00","2.54K","-1.00%"
"11-09-2019","6,626.00","6,666.00","6,690.00","6,600.00","5.81K","-0.90%"
"09-09-2019","6,686.00","6,766.00","6,782.00","6,660.00","5.74K","-0.83%"
"06-09-2019","6,742.00","6,670.00","6,848.00","6,630.00","6.35K","1.38%"
"05-09-2019","6,650.00","6,538.00","6,660.00","6,480.00","4.07K","1.22%"
"04-09-2019","6,570.00","6,634.00","6,720.00","6,552.00","4.14K","-1.71%"
"03-09-2019","6,684.00","6,842.00","6,864.00","6,656.00","2.94K","-2.68%"
"30-08-2019","6,868.00","6,870.00","6,898.00","6,824.00","0.65K","0.15%"
"29-08-2019","6,858.00","6,882.00","6,940.00","6,840.00","1.47K","-0.55%"
"28-08-2019","6,896.00","6,890.00","6,924.00","6,832.00","1.64K","0.35%"
"27-08-2019","6,872.00","6,830.00","6,910.00","6,794.00","1.84K","0.64%"
"26-08-2019","6,828.00","6,938.00","6,952.00","6,812.00","1.76K","-1.53%"
"23-08-2019","6,934.00","6,898.00","6,960.00","6,872.00","2.12K","0.70%"
"22-08-2019","6,886.00","7,038.00","7,066.00","6,872.00","1.23K","-2.24%"
"21-08-2019","7,044.00","7,062.00","7,092.00","7,030.00","0.63K","1.03%"
"20-08-2019","6,972.00","6,972.00","7,058.00","6,914.00","2.79K","-0.83%"
"19-08-2019","7,030.00","7,168.00","7,200.00","6,952.00","4.35K","-0.65%"
"16-08-2019","7,076.00","6,908.00","7,124.00","6,908.00","4.78K","2.05%"
"14-08-2019","6,934.00","7,022.00","7,022.00","6,876.00","3.35K","-1.08%"
"13-08-2019","7,010.00","7,040.00","7,198.00","6,920.00","7.75K","0.72%"
"09-08-2019","6,960.00","6,726.00","6,960.00","6,680.00","8.75K","3.97%"
"08-08-2019","6,694.00","6,690.00","6,776.00","6,572.00","4.83K","0.75%"
"07-08-2019","6,644.00","6,690.00","6,704.00","6,630.00","2.88K","-0.36%"
"06-08-2019","6,668.00","6,580.00","6,750.00","6,568.00","2.96K","1.09%"
"05-08-2019","6,596.00","6,720.00","6,720.00","6,546.00","4.45K","-1.23%"
"02-08-2019","6,678.00","6,760.00","6,774.00","6,652.00","2.80K","-1.15%"
"01-08-2019","6,756.00","6,818.00","6,858.00","6,740.00","2.02K","-0.65%"
"31-07-2019","6,800.00","6,792.00","6,874.00","6,764.00","2.35K","0.29%"
"30-07-2019","6,780.00","6,810.00","6,824.00","6,750.00","2.57K","-0.82%"
"29-07-2019","6,836.00","6,960.00","6,980.00","6,800.00","2.16K","-2.31%"
"26-07-2019","6,998.00","6,952.00","7,024.00","6,882.00","2.06K","0.06%"
"25-07-2019","6,994.00","6,960.00","7,000.00","6,892.00","1.48K","0.46%"
"24-07-2019","6,962.00","7,002.00","7,094.00","6,944.00","1.74K","-0.80%"
"23-07-2019","7,018.00","7,192.00","7,248.00","7,018.00","2.50K","-1.98%"
"22-07-2019","7,160.00","7,184.00","7,242.00","7,130.00","1.33K","0.39%"
"19-07-2019","7,132.00","7,080.00","7,180.00","6,982.00","5.55K","1.11%"
"18-07-2019","7,054.00","7,180.00","7,190.00","7,054.00","4.58K","-1.97%"
"17-07-2019","7,196.00","7,122.00","7,224.00","7,084.00","5.66K","1.07%"
"16-07-2019","7,120.00","7,028.00","7,274.00","6,952.00","9.10K","1.71%"
"15-07-2019","7,000.00","6,790.00","7,000.00","6,740.00","7.19K","3.98%"
"12-07-2019","6,732.00","6,736.00","6,778.00","6,668.00","3.01K","0.75%"
"11-07-2019","6,682.00","6,726.00","6,770.00","6,660.00","3.79K","-0.36%"
"10-07-2019","6,706.00","6,720.00","6,790.00","6,634.00","7.96K","0.06%"
"09-07-2019","6,702.00","6,482.00","6,766.00","6,482.00","5.66K","2.10%"
"08-07-2019","6,564.00","6,622.00","6,622.00","6,538.00","4.19K","-0.82%"
"05-07-2019","6,618.00","6,640.00","6,688.00","6,610.00","2.46K","0.00%"
"04-07-2019","6,618.00","6,640.00","6,668.00","6,600.00","1.99K","-0.09%"
"03-07-2019","6,624.00","6,660.00","6,686.00","6,598.00","2.89K","-0.60%"
"02-07-2019","6,664.00","6,764.00","6,766.00","6,600.00","4.57K","-1.54%"
"01-07-2019","6,768.00","6,702.00","6,784.00","6,684.00","4.65K","0.24%"
"28-06-2019","6,752.00","6,634.00","6,782.00","6,614.00","4.12K","1.84%"
"27-06-2019","6,630.00","6,718.00","6,728.00","6,610.00","1.54K","-0.90%"
"26-06-2019","6,690.00","6,724.00","6,740.00","6,660.00","1.37K","-0.80%"
"25-06-2019","6,744.00","6,686.00","6,814.00","6,686.00","1.58K","0.93%"
"24-06-2019","6,682.00","6,706.00","6,730.00","6,588.00","1.86K","-0.06%"
"21-06-2019","6,686.00","6,760.00","6,796.00","6,652.00","1.70K","4.89%"
"20-06-2019","6,374.00","6,304.00","6,440.00","6,304.00","2.69K","0.38%"
"19-06-2019","6,350.00","6,370.00","6,448.00","6,318.00","3.50K","-0.03%"
"18-06-2019","6,352.00","6,604.00","6,618.00","6,334.00","6.37K","-3.47%"
"17-06-2019","6,580.00","6,640.00","6,700.00","6,560.00","3.15K","-0.93%"
"14-06-2019","6,642.00","6,698.00","6,700.00","6,624.00","2.22K","-0.57%"
"13-06-2019","6,680.00","6,786.00","6,820.00","6,662.00","2.58K","-1.27%"
"12-06-2019","6,766.00","6,738.00","6,784.00","6,706.00","2.25K","0.89%"
"11-06-2019","6,706.00","6,778.00","6,780.00","6,520.00","7.80K","-0.42%"
"10-06-2019","6,734.00","6,800.00","6,860.00","6,712.00","4.62K","-1.09%"
"07-06-2019","6,808.00","6,830.00","6,872.00","6,770.00","6.92K","-0.44%"
"06-06-2019","6,838.00","6,970.00","7,014.00","6,818.00","6.92K","-1.70%"
"04-06-2019","6,956.00","6,970.00","6,990.00","6,870.00","5.57K","-0.03%"
"03-06-2019","6,958.00","7,014.00","7,030.00","6,912.00","2.37K","-0.69%"
"31-05-2019","7,006.00","7,100.00","7,144.00","6,986.00","5.13K","-1.27%"
"30-05-2019","7,096.00","6,990.00","7,166.00","6,892.00","7.64K","1.57%"
"29-05-2019","6,986.00","6,974.00","7,010.00","6,896.00","3.40K","1.22%"
"28-05-2019","6,902.00","6,978.00","7,030.00","6,842.00","5.25K","-0.78%"
"27-05-2019","6,956.00","7,150.00","7,150.00","6,940.00","4.87K","-2.74%"
"24-05-2019","7,152.00","7,268.00","7,292.00","7,130.00","2.51K","-1.68%"
"23-05-2019","7,274.00","7,308.00","7,312.00","7,234.00","1.84K","-0.27%"
"22-05-2019","7,294.00","7,380.00","7,444.00","7,270.00","3.79K","-1.06%"
"21-05-2019","7,372.00","7,236.00","7,440.00","7,230.00","3.31K","3.31%"
"20-05-2019","7,136.00","7,108.00","7,188.00","7,050.00","4.23K","0.45%"
"17-05-2019","7,104.00","7,106.00","7,190.00","7,002.00","7.09K","-0.56%"
"16-05-2019","7,144.00","7,030.00","7,234.00","6,970.00","10.49K","2.12%"
"15-05-2019","6,996.00","6,730.00","6,996.00","6,696.00","9.15K","3.98%"
"14-05-2019","6,728.00","6,710.00","6,786.00","6,682.00","3.97K","0.39%"
"13-05-2019","6,702.00","6,600.00","6,746.00","6,520.00","5.64K","1.82%"
"10-05-2019","6,582.00","6,584.00","6,644.00","6,560.00","4.39K","-0.24%"
"09-05-2019","6,598.00","6,498.00","6,620.00","6,474.00","6.63K","1.45%"
"08-05-2019","6,504.00","6,510.00","6,534.00","6,460.00","6.32K","0.18%"
"07-05-2019","6,492.00","6,462.00","6,536.00","6,462.00","3.69K","0.19%"
"06-05-2019","6,480.00","6,522.00","6,580.00","6,470.00","3.41K","-0.46%"
"03-05-2019","6,510.00","6,526.00","6,570.00","6,492.00","2.70K","-0.03%"
"02-05-2019","6,512.00","6,544.00","6,580.00","6,440.00","3.68K","-0.12%"
"30-04-2019","6,520.00","6,630.00","6,640.00","6,500.00","4.59K","-0.70%"
"26-04-2019","6,566.00","6,634.00","6,700.00","6,510.00","3.31K","-0.76%"
"25-04-2019","6,616.00","6,510.00","6,680.00","6,510.00","3.15K","2.26%"
"24-04-2019","6,470.00","6,444.00","6,524.00","6,418.00","2.01K","0.19%"
"23-04-2019","6,458.00","6,456.00","6,500.00","6,440.00","2.01K","0.44%"
"22-04-2019","6,430.00","6,598.00","6,598.00","6,390.00","1.38K","-1.53%"
"18-04-2019","6,530.00","6,524.00","6,596.00","6,476.00","0.67K","2.35%"
"16-04-2019","6,380.00","6,352.00","6,430.00","6,258.00","5.34K","-0.06%"
"15-04-2019","6,384.00","6,562.00","6,612.00","6,368.00","5.30K","-3.39%"
"12-04-2019","6,608.00","6,640.00","6,700.00","6,590.00","2.42K","-0.24%"
"11-04-2019","6,624.00","6,652.00","6,678.00","6,560.00","3.62K","-0.45%"
"10-04-2019","6,654.00","6,660.00","6,770.00","6,602.00","6.76K","-0.42%"
"09-04-2019","6,682.00","6,784.00","6,784.00","6,650.00","5.83K","-1.42%"
"08-04-2019","6,778.00","6,416.00","6,790.00","6,408.00","10.69K","3.80%"
"05-04-2019","6,530.00","6,530.00","6,640.00","6,446.00","7.87K","0.93%"
"04-04-2019","6,470.00","6,484.00","6,522.00","6,432.00","3.06K","0.28%"
"03-04-2019","6,452.00","6,466.00","6,570.00","6,410.00","6.36K","0.16%"
"02-04-2019","6,442.00","6,342.00","6,452.00","6,330.00","4.54K","1.80%"
"01-04-2019","6,328.00","6,170.00","6,354.00","6,170.00","3.70K","2.69%"
"29-03-2019","6,162.00","6,164.00","6,212.00","6,148.00","1.38K","-0.45%"
"28-03-2019","6,190.00","6,162.00","6,230.00","6,150.00","1.46K","0.45%"
"27-03-2019","6,162.00","6,208.00","6,230.00","6,150.00","1.69K","-0.48%"
"26-03-2019","6,192.00","6,052.00","6,230.00","6,000.00","2.58K","2.48%"
"25-03-2019","6,042.00","6,110.00","6,150.00","6,020.00","1.34K","-1.40%"
"22-03-2019","6,128.00","6,170.00","6,184.00","6,100.00","1.13K","-0.65%"
"20-03-2019","6,168.00","6,124.00","6,184.00","6,100.00","0.61K","0.06%"
"19-03-2019","6,164.00","6,190.00","6,200.00","6,152.00","0.57K","-0.13%"
"18-03-2019","6,172.00","6,222.00","6,252.00","6,138.00","1.63K","-2.00%"
"15-03-2019","6,298.00","6,286.00","6,318.00","6,266.00","0.50K","-0.38%"
"14-03-2019","6,322.00","6,360.00","6,384.00","6,300.00","0.65K","-0.66%"
"13-03-2019","6,364.00","6,348.00","6,374.00","6,342.00","0.89K","0.70%"
"12-03-2019","6,320.00","6,472.00","6,510.00","6,298.00","1.14K","-2.65%"
"11-03-2019","6,492.00","6,460.00","6,510.00","6,426.00","1.04K","0.50%"
"08-03-2019","6,460.00","6,420.00","6,468.00","6,420.00","0.50K","0.91%"
"07-03-2019","6,402.00","6,424.00","6,432.00","6,372.00","0.35K","-0.65%"
"06-03-2019","6,444.00","6,388.00","6,460.00","6,388.00","0.32K","0.59%"
"05-03-2019","6,406.00","6,438.00","6,488.00","6,380.00","1.40K","0.69%"
"01-03-2019","6,362.00","6,348.00","6,390.00","6,340.00","0.70K","0.47%"
"28-02-2019","6,332.00","6,300.00","6,400.00","6,274.00","0.86K","0.64%"
"27-02-2019","6,292.00","6,250.00","6,320.00","6,242.00","0.44K","1.13%"
"26-02-2019","6,222.00","6,210.00","6,230.00","6,210.00","0.20K","0.32%"
"25-02-2019","6,202.00","6,244.00","6,250.00","6,196.00","0.68K","-1.46%"
"22-02-2019","6,294.00","6,300.00","6,310.00","6,260.00","0.24K","-0.16%"
"21-02-2019","6,304.00","6,298.00","6,348.00","6,290.00","0.29K","0.10%"
"20-02-2019","6,298.00","6,312.00","6,320.00","6,280.00","0.19K","-0.82%"
"19-02-2019","6,350.00","6,350.00","6,368.00","6,306.00","0.25K","0.00%"
"18-02-2019","6,350.00","6,358.00","6,388.00","6,300.00","0.76K","-0.69%"
"15-02-2019","6,394.00","6,400.00","6,418.00","6,360.00","0.20K","-0.53%"
"14-02-2019","6,428.00","6,384.00","6,446.00","6,384.00","0.37K","1.04%"
"13-02-2019","6,362.00","6,340.00","6,402.00","6,330.00","0.21K","-0.53%"
"12-02-2019","6,396.00","6,392.00","6,412.00","6,352.00","0.19K","-0.22%"
"11-02-2019","6,410.00","6,390.00","6,424.00","6,326.00","0.21K","0.47%"
"08-02-2019","6,380.00","6,366.00","6,410.00","6,366.00","0.05K","0.25%"
"07-02-2019","6,364.00","6,330.00","6,420.00","6,330.00","0.28K","0.06%"
"06-02-2019","6,360.00","6,416.00","6,418.00","6,314.00","0.20K","-1.27%"
"05-02-2019","6,442.00","6,448.00","6,460.00","6,380.00","0.25K","-0.22%"
"04-02-2019","6,456.00","6,450.00","6,462.00","6,448.00","0.03K","0.06%"
"01-02-2019","6,452.00","6,450.00","6,480.00","6,418.00","0.17K","0.40%"
"31-01-2019","6,426.00","6,458.00","6,480.00","6,390.00","0.28K","-0.40%"
"30-01-2019","6,452.00","6,392.00","6,482.00","6,392.00","0.05K","-0.19%"
"29-01-2019","6,464.00","6,560.00","6,580.00","6,440.00","0.29K","-1.55%"
"28-01-2019","6,566.00","6,538.00","6,574.00","6,538.00","0.08K","0.64%"
"25-01-2019","6,524.00","6,452.00","6,560.00","6,452.00","0.23K","-0.12%"
"24-01-2019","6,532.00","6,558.00","6,558.00","6,518.00","0.04K","0.03%"
"23-01-2019","6,530.00","6,632.00","6,638.00","6,480.00","0.61K","-1.60%"
"22-01-2019","6,636.00","6,610.00","6,660.00","6,584.00","0.30K","-0.42%"
"21-01-2019","6,664.00","6,572.00","6,688.00","6,572.00","0.11K","2.24%"
"18-01-2019","6,518.00","6,540.00","6,576.00","6,464.00","0.08K","-0.73%"
"17-01-2019","6,566.00","6,596.00","6,628.00","6,510.00","0.22K","-1.14%"
"16-01-2019","6,642.00","6,694.00","6,700.00","6,564.00","0.27K","-0.48%"
"15-01-2019","6,674.00","6,674.00","6,674.00","6,674.00","","0.00%"
"14-01-2019","6,674.00","6,664.00","6,682.00","6,664.00","0.04K","0.42%"
"11-01-2019","6,646.00","6,644.00","6,648.00","6,644.00","0.03K","-0.72%"
"10-01-2019","6,694.00","6,700.00","6,702.00","6,680.00","0.02K","0.78%"
"09-01-2019","6,642.00","6,610.00","6,666.00","6,608.00","0.13K","0.33%"
"08-01-2019","6,620.00","6,612.00","6,640.00","6,604.00","0.02K","-0.90%"
"07-01-2019","6,680.00","6,680.00","6,680.00","6,680.00","0.01K","-0.03%"
"04-01-2019","6,682.00","6,682.00","6,682.00","6,682.00","","0.00%"
"03-01-2019","6,682.00","6,674.00","6,710.00","6,588.00","0.06K","-0.57%"
"02-01-2019","6,720.00","6,720.00","6,720.00","6,720.00","0.01K","-0.59%"
"01-01-2019","6,760.00","6,750.00","6,760.00","6,750.00","0.06K","-0.03%"
"31-12-2018","6,762.00","6,670.00","6,822.00","6,670.00","0.02K","-0.47%"
"28-12-2018","6,794.00","6,794.00","6,794.00","6,794.00","0.01K","0.00%"
"27-12-2018","6,794.00","6,794.00","6,794.00","6,794.00","","0.00%"
"26-12-2018","6,794.00","6,690.00","6,868.00","6,690.00","0.18K","2.47%"
"24-12-2018","6,630.00","6,630.00","6,630.00","6,630.00","","0.00%"
"21-12-2018","6,630.00","6,630.00","6,630.00","6,630.00","0.01K","-0.30%"
"20-12-2018","6,650.00","6,750.00","6,768.00","6,638.00","2.42K","-1.51%"
"19-12-2018","6,752.00","6,750.00","6,796.00","6,730.00","1.13K","-0.35%"
"18-12-2018","6,776.00","6,836.00","6,836.00","6,700.00","2.46K","0.41%"
"17-12-2018","6,748.00","6,998.00","6,998.00","6,708.00","3.45K","-2.40%"
"14-12-2018","6,914.00","6,744.00","6,974.00","6,736.00","4.96K","2.61%"
"13-12-2018","6,738.00","6,530.00","6,766.00","6,480.00","2.72K","2.78%"
"12-12-2018","6,556.00","6,540.00","6,608.00","6,540.00","0.34K","-0.09%"
"11-12-2018","6,562.00","6,610.00","6,610.00","6,522.00","1.30K","-0.33%"
"10-12-2018","6,584.00","6,462.00","6,650.00","6,462.00","2.48K","0.06%"
"07-12-2018","6,580.00","6,552.00","6,598.00","6,512.00","0.72K","0.00%"
"06-12-2018","6,580.00","6,642.00","6,642.00","6,570.00","1.72K","-0.96%"
"05-12-2018","6,644.00","6,724.00","6,742.00","6,624.00","1.39K","-1.25%"
"04-12-2018","6,728.00","6,680.00","6,820.00","6,660.00","1.68K","0.42%"
"03-12-2018","6,700.00","6,758.00","6,758.00","6,650.00","1.12K","0.87%"
"30-11-2018","6,642.00","6,498.00","6,720.00","6,498.00","3.82K","2.79%"
"29-11-2018","6,462.00","6,492.00","6,492.00","6,438.00","1.25K","-0.40%"
"28-11-2018","6,488.00","6,500.00","6,510.00","6,440.00","0.73K","0.62%"
"27-11-2018","6,448.00","6,420.00","6,500.00","6,420.00","1.78K","-0.28%"
"26-11-2018","6,466.00","6,556.00","6,556.00","6,322.00","2.80K","-1.40%"
"22-11-2018","6,558.00","6,578.00","6,600.00","6,530.00","1.56K","-0.09%"
"21-11-2018","6,564.00","6,736.00","6,770.00","6,510.00","2.85K","1.33%"
"20-11-2018","6,478.00","6,490.00","6,546.00","6,428.00","1.32K","0.31%"
"19-11-2018","6,458.00","6,510.00","6,510.00","6,388.00","2.96K","-0.92%"
"16-11-2018","6,518.00","6,620.00","6,664.00","6,500.00","3.71K","-1.30%"
"15-11-2018","6,604.00","6,622.00","6,650.00","6,590.00","1.09K","-0.30%"
"14-11-2018","6,624.00","6,604.00","6,660.00","6,602.00","1.04K","0.00%"
"13-11-2018","6,624.00","6,654.00","6,696.00","6,612.00","1.89K","0.00%"
"12-11-2018","6,624.00","6,680.00","6,730.00","6,600.00","6.16K","-0.12%"
"09-11-2018","6,632.00","6,574.00","6,712.00","6,534.00","8.12K","0.76%"
"07-11-2018","6,582.00","6,640.00","6,660.00","6,562.00","1.20K","-0.75%"
"06-11-2018","6,632.00","6,648.00","6,710.00","6,600.00","3.66K","-0.33%"
"05-11-2018","6,654.00","6,650.00","6,770.00","6,604.00","4.48K","0.06%"
"02-11-2018","6,650.00","6,754.00","6,760.00","6,638.00","2.62K","-1.19%"
"01-11-2018","6,730.00","6,830.00","6,830.00","6,712.00","2.17K","-0.97%"
"31-10-2018","6,796.00","6,820.00","6,908.00","6,718.00","4.08K","-0.12%"
"30-10-2018","6,804.00","6,828.00","6,850.00","6,780.00","2.65K","0.21%"
"29-10-2018","6,790.00","6,750.00","6,830.00","6,744.00","1.74K","1.07%"
"26-10-2018","6,718.00","6,712.00","6,730.00","6,680.00","1.11K","0.27%"
"25-10-2018","6,700.00","6,618.00","6,710.00","6,618.00","0.79K","1.18%"
"24-10-2018","6,622.00","6,628.00","6,676.00","6,512.00","1.37K","0.33%"
"23-10-2018","6,600.00","6,608.00","6,664.00","6,574.00","0.52K","0.12%"
"22-10-2018","6,592.00","6,562.00","6,680.00","6,554.00","0.62K","0.58%"
"19-10-2018","6,554.00","6,590.00","6,590.00","6,520.00","0.45K","0.71%"
"17-10-2018","6,508.00","6,510.00","6,538.00","6,460.00","1.19K","0.00%"
"16-10-2018","6,508.00","6,660.00","6,660.00","6,508.00","3.33K","-1.99%"
"15-10-2018","6,640.00","6,600.00","6,710.00","6,560.00","2.18K","0.67%"
"12-10-2018","6,596.00","6,628.00","6,656.00","6,524.00","1.38K","-0.33%"
"11-10-2018","6,618.00","6,642.00","6,698.00","6,600.00","3.34K","-0.42%"
"10-10-2018","6,646.00","6,576.00","6,660.00","6,576.00","2.65K","0.85%"
"09-10-2018","6,590.00","6,620.00","6,626.00","6,540.00","1.77K","-0.60%"
"08-10-2018","6,630.00","6,792.00","6,818.00","6,630.00","4.88K","-1.98%"
"05-10-2018","6,764.00","6,840.00","6,840.00","6,690.00","3.46K","-0.91%"
"04-10-2018","6,826.00","6,798.00","6,830.00","6,752.00","1.64K","0.35%"
"03-10-2018","6,802.00","6,754.00","6,810.00","6,754.00","2.59K","0.53%"
"01-10-2018","6,766.00","6,790.00","6,848.00","6,750.00","3.56K","-0.06%"
"28-09-2018","6,770.00","6,666.00","6,784.00","6,634.00","5.08K","1.77%"
"27-09-2018","6,652.00","6,728.00","6,740.00","6,600.00","1.09K","-1.04%"
"26-09-2018","6,722.00","6,750.00","6,816.00","6,712.00","1.88K","-0.36%"
"25-09-2018","6,746.00","6,642.00","6,782.00","6,572.00","3.42K","1.63%"
"24-09-2018","6,638.00","6,608.00","6,666.00","6,570.00","1.79K","0.15%"
"21-09-2018","6,628.00","6,584.00","6,680.00","6,534.00","1.44K","2.22%"
"19-09-2018","6,484.00","6,582.00","6,582.00","6,464.00","1.79K","-1.52%"
"18-09-2018","6,584.00","6,584.00","6,632.00","6,532.00","1.64K","-0.12%"
"17-09-2018","6,592.00","6,710.00","6,734.00","6,578.00","2.67K","-1.79%"
"14-09-2018","6,712.00","6,654.00","6,784.00","6,654.00","2.09K","0.84%"
"12-09-2018","6,656.00","6,684.00","6,710.00","6,650.00","1.26K","-0.60%"
"11-09-2018","6,696.00","6,716.00","6,730.00","6,642.00","4.05K","0.27%"
"10-09-2018","6,678.00","6,600.00","6,698.00","6,600.00","4.05K","0.94%"
"07-09-2018","6,616.00","6,622.00","6,668.00","6,594.00","4.35K","-0.72%"
"06-09-2018","6,664.00","6,778.00","6,792.00","6,650.00","5.04K","-1.33%"
"05-09-2018","6,754.00","6,802.00","6,830.00","6,716.00","5.40K","-0.82%"
"04-09-2018","6,810.00","6,832.00","6,852.00","6,794.00","2.31K","-0.41%"
"03-09-2018","6,838.00","6,870.00","6,870.00","6,790.00","3.14K","-0.44%"
"31-08-2018","6,868.00","6,886.00","6,900.00","6,860.00","1.91K","0.09%"
"30-08-2018","6,862.00","6,848.00","6,894.00","6,816.00","0.96K","0.20%"
"29-08-2018","6,848.00","6,796.00","6,916.00","6,796.00","1.57K","-0.15%"
"28-08-2018","6,858.00","6,812.00","6,890.00","6,716.00","5.34K","0.32%"
"27-08-2018","6,836.00","6,930.00","6,998.00","6,784.00","2.82K","-1.24%"
"24-08-2018","6,922.00","6,972.00","6,972.00","6,876.00","1.41K","-0.14%"
"23-08-2018","6,932.00","7,100.00","7,100.00","6,860.00","3.66K","-2.37%"
"21-08-2018","7,100.00","7,158.00","7,168.00","7,086.00","0.91K","0.31%"
"20-08-2018","7,078.00","7,024.00","7,098.00","6,990.00","3.39K","1.43%"
"17-08-2018","6,978.00","7,012.00","7,048.00","6,950.00","3.66K","-0.46%"
"16-08-2018","7,010.00","7,050.00","7,056.00","6,952.00","3.25K","-0.28%"
"14-08-2018","7,030.00","7,102.00","7,140.00","7,010.00","2.79K","-1.32%"
"13-08-2018","7,124.00","7,190.00","7,200.00","7,060.00","7.67K","-0.89%"
"10-08-2018","7,188.00","7,218.00","7,242.00","7,160.00","7.80K","-0.11%"
"09-08-2018","7,196.00","7,250.00","7,272.00","7,180.00","2.57K","-0.80%"
"08-08-2018","7,254.00","7,298.00","7,318.00","7,240.00","3.96K","-0.38%"
"07-08-2018","7,282.00","7,270.00","7,340.00","7,216.00","8.18K","0.05%"
"06-08-2018","7,278.00","7,198.00","7,300.00","7,180.00","2.84K","0.64%"
"03-08-2018","7,232.00","7,318.00","7,318.00","7,150.00","2.90K","-0.39%"
"02-08-2018","7,260.00","7,318.00","7,326.00","7,240.00","2.48K","-0.30%"
"01-08-2018","7,282.00","7,340.00","7,360.00","7,242.00","3.00K","-0.41%"
"31-07-2018","7,312.00","7,350.00","7,396.00","7,300.00","3.04K","-1.30%"
"30-07-2018","7,408.00","7,416.00","7,474.00","7,320.00","4.30K","0.98%"
"27-07-2018","7,336.00","7,384.00","7,400.00","7,306.00","1.97K","0.00%"
"26-07-2018","7,336.00","7,330.00","7,368.00","7,222.00","2.31K","0.91%"
"25-07-2018","7,270.00","7,352.00","7,400.00","7,222.00","2.92K","-1.68%"
"24-07-2018","7,394.00","7,438.00","7,438.00","7,328.00","1.73K","-0.14%"
"23-07-2018","7,404.00","7,336.00","7,452.00","7,334.00","2.73K","0.95%"
"20-07-2018","7,334.00","7,250.00","7,350.00","7,242.00","4.77K","1.02%"
"19-07-2018","7,260.00","7,230.00","7,298.00","7,112.00","4.13K","1.06%"
"18-07-2018","7,184.00","7,180.00","7,248.00","7,110.00","6.13K","0.59%"
"17-07-2018","7,142.00","7,014.00","7,142.00","6,960.00","6.40K","2.00%"
"16-07-2018","7,002.00","6,960.00","7,088.00","6,960.00","2.78K","0.63%"
"13-07-2018","6,958.00","6,884.00","6,996.00","6,858.00","2.79K","0.72%"
"12-07-2018","6,908.00","6,968.00","6,996.00","6,890.00","3.71K","-1.17%"
"11-07-2018","6,990.00","7,050.00","7,080.00","6,970.00","4.32K","-0.91%"
"10-07-2018","7,054.00","7,064.00","7,142.00","7,010.00","5.86K","-0.14%"
"09-07-2018","7,064.00","7,148.00","7,174.00","7,040.00","6.09K","-1.56%"
"06-07-2018","7,176.00","7,194.00","7,222.00","7,130.00","3.55K","-0.42%"
"05-07-2018","7,206.00","7,176.00","7,262.00","7,160.00","3.93K","-0.06%"
"04-07-2018","7,210.00","7,112.00","7,228.00","7,080.00","7.83K","1.64%"
"03-07-2018","7,094.00","7,170.00","7,170.00","7,070.00","6.27K","-1.53%"
"02-07-2018","7,204.00","7,310.00","7,338.00","7,160.00","3.04K","-1.18%"
"29-06-2018","7,290.00","7,364.00","7,438.00","7,264.00","7.28K","-1.65%"
"28-06-2018","7,412.00","7,434.00","7,500.00","7,340.00","5.58K","-0.59%"
"27-06-2018","7,456.00","7,372.00","7,500.00","7,372.00","4.97K","0.87%"
"26-06-2018","7,392.00","7,378.00","7,450.00","7,352.00","1.93K","-0.16%"
"25-06-2018","7,404.00","7,438.00","7,440.00","7,314.00","2.00K","0.03%"
"22-06-2018","7,402.00","7,406.00","7,454.00","7,392.00","2.45K","0.05%"
"21-06-2018","7,398.00","7,410.00","7,450.00","7,370.00","2.50K","1.12%"
"20-06-2018","7,316.00","7,278.00","7,364.00","7,256.00","3.17K","0.61%"
"19-06-2018","7,272.00","7,240.00","7,302.00","7,220.00","2.40K","0.36%"
"18-06-2018","7,246.00","7,356.00","7,398.00","7,222.00","3.41K","-1.55%"
"15-06-2018","7,360.00","7,474.00","7,474.00","7,350.00","2.50K","-0.84%"
"14-06-2018","7,422.00","7,460.00","7,498.00","7,370.00","3.89K","-0.35%"
"13-06-2018","7,448.00","7,200.00","7,460.00","7,190.00","7.58K","3.59%"
"12-06-2018","7,190.00","7,134.00","7,204.00","7,134.00","1.66K","0.78%"
"11-06-2018","7,134.00","7,180.00","7,226.00","7,122.00","6.14K","-0.50%"
"08-06-2018","7,170.00","7,028.00","7,220.00","7,022.00","9.11K","2.40%"
"07-06-2018","7,002.00","6,982.00","7,062.00","6,980.00","5.59K","-0.57%"
"06-06-2018","7,042.00","7,040.00","7,100.00","7,022.00","4.31K","0.17%"
"05-06-2018","7,030.00","7,122.00","7,122.00","6,980.00","4.59K","-1.21%"
"04-06-2018","7,116.00","7,184.00","7,206.00","7,090.00","2.50K","-0.92%"
"01-06-2018","7,182.00","7,242.00","7,242.00","7,130.00","1.78K","-0.14%"
"31-05-2018","7,192.00","7,180.00","7,240.00","7,170.00","1.81K","0.31%"
"30-05-2018","7,170.00","7,270.00","7,336.00","7,156.00","2.90K","-1.13%"
"29-05-2018","7,252.00","7,200.00","7,278.00","7,166.00","2.60K","0.69%"
"28-05-2018","7,202.00","7,200.00","7,260.00","7,082.00","4.96K","-0.33%"
"25-05-2018","7,226.00","7,280.00","7,324.00","7,170.00","2.39K","-0.69%"
"24-05-2018","7,276.00","7,324.00","7,360.00","7,250.00","3.07K","-0.95%"
"23-05-2018","7,346.00","7,370.00","7,454.00","7,316.00","2.28K","-0.30%"
"22-05-2018","7,368.00","7,318.00","7,380.00","7,202.00","3.99K","1.10%"
"21-05-2018","7,288.00","7,340.00","7,340.00","7,240.00","1.33K","0.61%"
"18-05-2018","7,244.00","7,250.00","7,316.00","7,170.00","5.59K","0.17%"
"17-05-2018","7,232.00","7,420.00","7,420.00","7,222.00","5.17K","-1.85%"
"16-05-2018","7,368.00","7,400.00","7,450.00","7,340.00","3.83K","-0.19%"
"15-05-2018","7,382.00","7,296.00","7,424.00","7,210.00","6.79K","1.35%"
"14-05-2018","7,284.00","7,362.00","7,392.00","7,200.00","6.03K","-1.57%"
"11-05-2018","7,400.00","7,488.00","7,550.00","7,376.00","5.45K","-0.80%"
"10-05-2018","7,460.00","7,432.00","7,486.00","7,340.00","7.60K","0.70%"
"09-05-2018","7,408.00","7,530.00","7,634.00","7,386.00","11.27K","-1.67%"
"08-05-2018","7,534.00","7,614.00","7,660.00","7,522.00","8.92K","-1.82%"
"07-05-2018","7,674.00","7,718.00","7,770.00","7,584.00","12.05K","0.71%"
"04-05-2018","7,620.00","7,364.00","7,620.00","7,250.00","9.96K","3.98%"
"03-05-2018","7,328.00","7,506.00","7,524.00","7,328.00","7.40K","-1.98%"
"02-05-2018","7,476.00","7,342.00","7,490.00","7,318.00","6.07K","3.63%"
"30-04-2018","7,214.00","7,072.00","7,230.00","7,072.00","3.99K","2.94%"
"27-04-2018","7,008.00","7,110.00","7,150.00","6,990.00","1.97K","-1.16%"
"26-04-2018","7,090.00","6,996.00","7,114.00","6,980.00","2.71K","2.13%"
"25-04-2018","6,942.00","6,840.00","6,962.00","6,804.00","1.48K","1.14%"
"24-04-2018","6,864.00","6,990.00","6,990.00","6,854.00","1.90K","-1.80%"
"23-04-2018","6,990.00","7,004.00","7,100.00","6,946.00","1.34K","1.57%"
"20-04-2018","6,882.00","6,870.00","6,910.00","6,834.00","1.73K","0.61%"
"19-04-2018","6,840.00","6,864.00","6,968.00","6,812.00","5.66K","0.62%"
"18-04-2018","6,798.00","6,750.00","6,848.00","6,750.00","2.52K","0.77%"
"17-04-2018","6,746.00","6,814.00","6,886.00","6,712.00","2.77K","-1.46%"
"16-04-2018","6,846.00","6,788.00","6,860.00","6,770.00","2.19K","1.42%"
"13-04-2018","6,750.00","6,750.00","6,800.00","6,702.00","3.12K","0.48%"
"12-04-2018","6,718.00","6,700.00","6,794.00","6,660.00","2.64K","0.45%"
"11-04-2018","6,688.00","6,494.00","6,750.00","6,484.00","5.39K","2.55%"
"10-04-2018","6,522.00","6,480.00","6,590.00","6,454.00","7.37K","1.49%"
"09-04-2018","6,426.00","6,482.00","6,496.00","6,394.00","4.94K","-1.50%"
"06-04-2018","6,524.00","6,572.00","6,572.00","6,480.00","2.31K","0.18%"
"05-04-2018","6,512.00","6,580.00","6,586.00","6,482.00","3.22K","-0.67%"
"04-04-2018","6,556.00","6,642.00","6,650.00","6,542.00","2.58K","-1.38%"
"03-04-2018","6,648.00","6,606.00","6,670.00","6,566.00","2.37K","0.82%"
"02-04-2018","6,594.00","6,660.00","6,660.00","6,550.00","2.76K","-1.49%"
"28-03-2018","6,694.00","6,670.00","6,762.00","6,644.00","1.60K","0.97%"
"27-03-2018","6,630.00","6,630.00","6,700.00","6,612.00","1.48K","-1.63%"
"26-03-2018","6,740.00","6,744.00","6,762.00","6,590.00","2.93K","-0.44%"
"23-03-2018","6,770.00","6,900.00","6,900.00","6,700.00","1.84K","-1.71%"
"22-03-2018","6,888.00","6,880.00","6,918.00","6,848.00","0.83K","-0.03%"
"21-03-2018","6,890.00","6,900.00","6,988.00","6,840.00","1.35K","-0.20%"
"20-03-2018","6,904.00","7,104.00","7,104.00","6,884.00","1.82K","-3.28%"
"19-03-2018","7,138.00","7,010.00","7,242.00","7,010.00","3.05K","2.32%"
"16-03-2018","6,976.00","6,906.00","7,006.00","6,906.00","1.20K","1.54%"
"15-03-2018","6,870.00","6,820.00","6,880.00","6,800.00","0.74K","0.56%"
"14-03-2018","6,832.00","6,832.00","6,878.00","6,806.00","1.22K","0.26%"
"13-03-2018","6,814.00","6,720.00","6,890.00","6,720.00","1.64K","0.32%"
"12-03-2018","6,792.00","6,934.00","7,008.00","6,764.00","2.01K","-1.39%"
"09-03-2018","6,888.00","6,778.00","7,004.00","6,760.00","2.11K","1.38%"
"08-03-2018","6,794.00","6,876.00","6,876.00","6,736.00","0.70K","-0.21%"
"07-03-2018","6,808.00","6,600.00","6,850.00","6,600.00","1.38K","3.03%"
"06-03-2018","6,608.00","6,550.00","6,622.00","6,508.00","0.60K","1.32%"
"05-03-2018","6,522.00","6,600.00","6,640.00","6,500.00","1.34K","-0.94%"
"01-03-2018","6,584.00","6,628.00","6,660.00","6,556.00","0.52K","-0.66%"
"28-02-2018","6,628.00","6,678.00","6,740.00","6,618.00","0.94K","-1.16%"
"27-02-2018","6,706.00","6,758.00","6,850.00","6,680.00","0.90K","-1.56%"
"26-02-2018","6,812.00","6,884.00","6,902.00","6,780.00","0.77K","-2.21%"
"23-02-2018","6,966.00","7,086.00","7,112.00","6,940.00","0.93K","-1.53%"
"22-02-2018","7,074.00","7,076.00","7,116.00","7,020.00","0.27K","0.20%"
"21-02-2018","7,060.00","7,024.00","7,134.00","7,004.00","0.41K","0.40%"
"20-02-2018","7,032.00","7,136.00","7,200.00","7,020.00","0.82K","-1.95%"
"19-02-2018","7,172.00","7,302.00","7,324.00","7,172.00","0.37K","-2.00%"
"16-02-2018","7,318.00","7,278.00","7,350.00","7,278.00","0.65K","0.83%"
"15-02-2018","7,258.00","7,250.00","7,300.00","7,228.00","0.20K","0.03%"
"14-02-2018","7,256.00","7,390.00","7,390.00","7,220.00","0.24K","-1.20%"
"12-02-2018","7,344.00","7,312.00","7,454.00","7,306.00","0.37K","0.11%"
"09-02-2018","7,336.00","7,360.00","7,360.00","7,270.00","0.08K","-0.30%"
"08-02-2018","7,358.00","7,364.00","7,400.00","7,322.00","0.21K","-0.73%"
"07-02-2018","7,412.00","7,200.00","7,472.00","7,198.00","0.47K","3.03%"
"06-02-2018","7,194.00","7,136.00","7,246.00","7,136.00","0.25K","-0.39%"
"05-02-2018","7,222.00","7,258.00","7,298.00","7,154.00","0.30K","-0.58%"
"02-02-2018","7,264.00","7,178.00","7,288.00","7,178.00","0.30K","0.28%"
"01-02-2018","7,244.00","7,310.00","7,310.00","7,186.00","0.09K","-0.96%"
"31-01-2018","7,314.00","7,238.00","7,390.00","7,226.00","0.36K","0.33%"
"30-01-2018","7,290.00","7,310.00","7,348.00","7,240.00","0.20K","-1.22%"
"29-01-2018","7,380.00","7,400.00","7,468.00","7,300.00","0.11K","-0.03%"
"25-01-2018","7,382.00","7,402.00","7,460.00","7,340.00","0.55K","-0.70%"
"24-01-2018","7,434.00","7,510.00","7,512.00","7,362.00","0.25K","-0.64%"
"23-01-2018","7,482.00","7,440.00","7,524.00","7,400.00","0.18K","1.03%"
"22-01-2018","7,406.00","7,432.00","7,444.00","7,358.00","0.22K","-1.99%"
"19-01-2018","7,556.00","7,600.00","7,638.00","7,492.00","0.13K","-1.05%"
"18-01-2018","7,636.00","7,594.00","7,714.00","7,594.00","0.08K","0.53%"
"17-01-2018","7,596.00","7,590.00","7,642.00","7,546.00","0.16K","-0.13%"
"16-01-2018","7,606.00","7,610.00","7,632.00","7,570.00","0.09K","-0.70%"
"15-01-2018","7,660.00","7,672.00","7,724.00","7,596.00","0.10K","-0.62%"
"12-01-2018","7,708.00","7,750.00","7,750.00","7,680.00","0.10K","1.18%"
"11-01-2018","7,618.00","7,536.00","7,644.00","7,536.00","0.14K","1.11%"
"10-01-2018","7,534.00","7,600.00","7,650.00","7,452.00","0.26K","-0.63%"
"09-01-2018","7,582.00","7,670.00","7,728.00","7,552.00","0.14K","-1.58%"
"08-01-2018","7,704.00","7,620.00","7,820.00","7,620.00","0.12K","1.72%"
"05-01-2018","7,574.00","7,550.00","7,620.00","7,496.00","0.14K","-0.97%"
"04-01-2018","7,648.00","7,666.00","7,698.00","7,560.00","0.06K","-0.26%"
"03-01-2018","7,668.00","7,702.00","7,702.00","7,646.00","0.05K","-1.72%"
"02-01-2018","7,802.00","7,820.00","7,878.00","7,722.00","0.06K","0.36%"
"01-01-2018","7,774.00","7,750.00","7,830.00","7,670.00","0.07K","-0.56%"
"29-12-2017","7,818.00","8,000.00","8,000.00","7,818.00","0.06K","-1.98%"
"28-12-2017","7,976.00","7,960.00","7,980.00","7,960.00","0.02K","1.76%"
"27-12-2017","7,838.00","7,806.00","7,870.00","7,806.00","0.01K","-1.58%"
"26-12-2017","7,964.00","7,958.00","8,050.00","7,950.00","0.05K","2.08%"
"22-12-2017","7,802.00","7,740.00","7,864.00","7,740.00","0.01K","0.88%"
"21-12-2017","7,734.00","7,760.00","7,760.00","7,710.00","0.08K","0.39%"
"20-12-2017","7,704.00","7,556.00","7,730.00","7,500.00","2.77K","2.34%"
"19-12-2017","7,528.00","7,530.00","7,568.00","7,452.00","1.18K","0.08%"
"18-12-2017","7,522.00","7,490.00","7,550.00","7,432.00","0.94K","0.78%"
"15-12-2017","7,464.00","7,560.00","7,580.00","7,400.00","1.42K","-0.77%"
"14-12-2017","7,522.00","7,460.00","7,584.00","7,448.00","2.30K","1.16%"
"13-12-2017","7,436.00","7,386.00","7,456.00","7,356.00","1.32K","0.70%"
"12-12-2017","7,384.00","7,324.00","7,434.00","7,290.00","1.86K","0.00%"
"11-12-2017","7,384.00","7,360.00","7,422.00","7,300.00","2.05K","-0.40%"
"08-12-2017","7,414.00","7,470.00","7,486.00","7,344.00","2.18K","-0.78%"
"07-12-2017","7,472.00","7,430.00","7,500.00","7,400.00","2.58K","0.38%"
"06-12-2017","7,444.00","7,358.00","7,486.00","7,262.00","2.33K","1.14%"
"05-12-2017","7,360.00","7,452.00","7,500.00","7,308.00","3.34K","-1.05%"
"04-12-2017","7,438.00","7,474.00","7,544.00","7,400.00","2.18K","-0.75%"
"01-12-2017","7,494.00","7,730.00","7,730.00","7,430.00","1.78K","-2.93%"
"30-11-2017","7,720.00","7,660.00","7,740.00","7,630.00","1.29K","0.52%"
"29-11-2017","7,680.00","7,650.00","7,720.00","7,610.00","0.87K","0.08%"
"28-11-2017","7,674.00","7,780.00","7,870.00","7,630.00","3.04K","-1.72%"
"27-11-2017","7,808.00","7,650.00","7,812.00","7,650.00","2.27K","3.86%"
"24-11-2017","7,518.00","7,520.00","7,648.00","7,404.00","1.58K","0.16%"
"23-11-2017","7,506.00","7,270.00","7,526.00","7,212.00","1.32K","3.67%"
"22-11-2017","7,240.00","7,250.00","7,290.00","7,202.00","0.48K","0.36%"
"21-11-2017","7,214.00","7,282.00","7,340.00","7,166.00","0.81K","0.17%"
"20-11-2017","7,202.00","7,022.00","7,222.00","7,022.00","3.37K","2.42%"
"17-11-2017","7,032.00","6,980.00","7,050.00","6,940.00","2.10K","0.72%"
"16-11-2017","6,982.00","6,852.00","6,982.00","6,776.00","3.33K","1.99%"
"15-11-2017","6,846.00","6,806.00","6,950.00","6,806.00","2.99K","-1.21%"
"14-11-2017","6,930.00","7,098.00","7,168.00","6,930.00","3.29K","-1.98%"
"13-11-2017","7,070.00","7,020.00","7,100.00","6,970.00","1.70K","1.00%"
"10-11-2017","7,000.00","7,024.00","7,110.00","6,950.00","2.83K","-0.88%"
"09-11-2017","7,062.00","7,100.00","7,170.00","6,912.00","4.37K","0.14%"
"08-11-2017","7,052.00","6,974.00","7,100.00","6,892.00","3.46K","1.29%"
"07-11-2017","6,962.00","7,266.00","7,272.00","6,936.00","4.50K","-3.57%"
"06-11-2017","7,220.00","7,178.00","7,290.00","7,178.00","1.67K","0.59%"
"03-11-2017","7,178.00","7,158.00","7,198.00","7,138.00","1.95K","0.59%"
"02-11-2017","7,136.00","7,070.00","7,146.00","7,070.00","0.94K","1.22%"
"01-11-2017","7,050.00","7,060.00","7,138.00","6,996.00","1.43K","-0.09%"
"31-10-2017","7,056.00","7,074.00","7,080.00","6,902.00","2.86K","-0.95%"
"30-10-2017","7,124.00","7,252.00","7,252.00","7,070.00","1.38K","-2.12%"
"27-10-2017","7,278.00","7,294.00","7,324.00","7,262.00","0.62K","-0.08%"
"26-10-2017","7,284.00","7,470.00","7,470.00","7,242.00","2.71K","-2.46%"
"25-10-2017","7,468.00","7,370.00","7,548.00","7,370.00","1.00K","0.92%"
"24-10-2017","7,400.00","7,400.00","7,424.00","7,350.00","0.44K","-0.27%"
"23-10-2017","7,420.00","7,456.00","7,466.00","7,400.00","0.46K","-0.64%"
"19-10-2017","7,468.00","7,498.00","7,498.00","7,450.00","0.20K","0.54%"
"18-10-2017","7,428.00","7,382.00","7,450.00","7,370.00","0.57K","0.13%"
"17-10-2017","7,418.00","7,410.00","7,460.00","7,384.00","0.56K","0.24%"
"16-10-2017","7,400.00","7,454.00","7,460.00","7,380.00","0.58K","-0.48%"
"13-10-2017","7,436.00","7,516.00","7,516.00","7,410.00","1.78K","-0.93%"
"12-10-2017","7,506.00","7,420.00","7,576.00","7,420.00","2.34K","0.75%"
"11-10-2017","7,450.00","7,318.00","7,522.00","7,300.00","6.13K","1.72%"
"10-10-2017","7,324.00","7,250.00","7,368.00","7,220.00","3.32K","1.10%"
"09-10-2017","7,244.00","7,252.00","7,270.00","7,152.00","2.15K","-0.25%"
"06-10-2017","7,262.00","7,310.00","7,320.00","7,224.00","1.17K","-0.25%"
"05-10-2017","7,280.00","7,302.00","7,344.00","7,240.00","2.42K","-0.95%"
"04-10-2017","7,350.00","7,370.00","7,380.00","7,312.00","2.17K","-0.11%"
"03-10-2017","7,358.00","7,376.00","7,430.00","7,324.00","2.63K","0.30%"
"29-09-2017","7,336.00","7,258.00","7,400.00","7,236.00","2.40K","1.10%"
"28-09-2017","7,256.00","7,230.00","7,290.00","7,172.00","2.54K","0.42%"
"27-09-2017","7,226.00","7,282.00","7,356.00","7,032.00","4.80K","-0.66%"
"26-09-2017","7,274.00","7,250.00","7,316.00","7,194.00","2.47K","0.53%"
"25-09-2017","7,236.00","7,402.00","7,402.00","7,114.00","2.21K","-2.32%"
"22-09-2017","7,408.00","7,450.00","7,450.00","7,374.00","0.52K","-0.48%"
"21-09-2017","7,444.00","7,510.00","7,542.00","7,394.00","0.51K","-0.88%"
"20-09-2017","7,510.00","7,560.00","7,580.00","7,472.00","1.09K","0.43%"
"19-09-2017","7,478.00","7,570.00","7,600.00","7,460.00","3.94K","-1.58%"
"18-09-2017","7,598.00","7,664.00","7,664.00","7,570.00","2.63K","-0.42%"
"15-09-2017","7,630.00","7,662.00","7,712.00","7,570.00","2.83K","-0.24%"
"14-09-2017","7,648.00","7,628.00","7,690.00","7,610.00","2.50K","0.13%"
"13-09-2017","7,638.00","7,720.00","7,780.00","7,600.00","4.42K","-1.04%"
"12-09-2017","7,718.00","7,612.00","7,750.00","7,550.00","2.75K","0.89%"
"11-09-2017","7,650.00","7,720.00","7,720.00","7,622.00","4.06K","-0.98%"
"08-09-2017","7,726.00","7,732.00","7,820.00","7,690.00","4.38K","-0.08%"
"07-09-2017","7,732.00","7,652.00","7,754.00","7,556.00","3.40K","0.97%"
"06-09-2017","7,658.00","7,842.00","7,842.00","7,636.00","4.24K","-1.21%"
"05-09-2017","7,752.00","7,800.00","7,880.00","7,664.00","5.60K","0.16%"
"04-09-2017","7,740.00","7,540.00","7,776.00","7,540.00","4.91K","3.28%"
"01-09-2017","7,494.00","7,344.00","7,520.00","7,282.00","4.71K","1.49%"
"31-08-2017","7,384.00","7,428.00","7,458.00","7,362.00","1.87K","-0.54%"
"30-08-2017","7,424.00","7,436.00","7,476.00","7,402.00","1.19K","0.32%"
"29-08-2017","7,400.00","7,400.00","7,492.00","7,340.00","1.21K","-0.11%"
"28-08-2017","7,408.00","7,476.00","7,576.00","7,348.00","1.91K","-1.17%"
"24-08-2017","7,496.00","7,480.00","7,560.00","7,464.00","1.68K","0.70%"
"23-08-2017","7,444.00","7,362.00","7,490.00","7,356.00","1.17K","1.36%"
"22-08-2017","7,344.00","7,454.00","7,506.00","7,326.00","0.77K","-1.74%"
"21-08-2017","7,474.00","7,500.00","7,536.00","7,430.00","0.74K","0.03%"
"18-08-2017","7,472.00","7,310.00","7,540.00","7,256.00","4.50K","2.24%"
"17-08-2017","7,308.00","7,330.00","7,372.00","7,280.00","2.59K","-0.63%"
"16-08-2017","7,354.00","7,214.00","7,372.00","7,214.00","3.62K","1.24%"
"14-08-2017","7,264.00","7,350.00","7,448.00","7,212.00","4.80K","-1.81%"
"11-08-2017","7,398.00","7,438.00","7,474.00","7,290.00","5.86K","0.00%"
"10-08-2017","7,398.00","7,440.00","7,512.00","7,336.00","9.12K","-0.99%"
"09-08-2017","7,472.00","7,740.00","7,740.00","7,454.00","9.91K","-3.76%"
"08-08-2017","7,764.00","7,750.00","7,832.00","7,722.00","3.69K","-0.38%"
"07-08-2017","7,794.00","7,794.00","7,920.00","7,752.00","5.46K","0.80%"
"04-08-2017","7,732.00","7,770.00","7,842.00","7,700.00","3.52K","-0.34%"
"03-08-2017","7,758.00","7,650.00","7,818.00","7,606.00","4.14K","1.17%"
"02-08-2017","7,668.00","7,686.00","7,786.00","7,560.00","3.80K","-0.31%"
"01-08-2017","7,692.00","7,642.00","7,780.00","7,500.00","7.93K","0.76%"
"31-07-2017","7,634.00","7,440.00","7,634.00","7,440.00","4.97K","3.98%"
"28-07-2017","7,342.00","7,130.00","7,360.00","7,096.00","2.12K","3.00%"
"27-07-2017","7,128.00","7,146.00","7,220.00","7,004.00","1.97K","-0.25%"
"26-07-2017","7,146.00","6,968.00","7,210.00","6,860.00","3.49K","2.35%"
"25-07-2017","6,982.00","7,262.00","7,262.00","6,982.00","2.90K","-3.99%"
"24-07-2017","7,272.00","7,210.00","7,322.00","6,968.00","2.61K","0.19%"
"21-07-2017","7,258.00","7,536.00","7,604.00","7,258.00","1.94K","-2.84%"
"20-07-2017","7,470.00","7,332.00","7,522.00","7,300.00","6.98K","1.27%"
"19-07-2017","7,376.00","7,394.00","7,488.00","7,234.00","11.05K","-0.35%"
"18-07-2017","7,402.00","7,604.00","7,648.00","7,362.00","9.50K","-3.44%"
"17-07-2017","7,666.00","7,630.00","7,820.00","7,530.00","12.53K","1.94%"
"14-07-2017","7,520.00","7,210.00","7,520.00","7,162.00","9.01K","3.98%"
"13-07-2017","7,232.00","7,472.00","7,486.00","7,232.00","10.22K","-3.98%"
"12-07-2017","7,532.00","7,300.00","7,560.00","7,300.00","8.57K","3.15%"
"11-07-2017","7,302.00","6,992.00","7,302.00","6,950.00","9.14K","3.99%"
"10-07-2017","7,022.00","6,954.00","7,106.00","6,946.00","9.24K","1.68%"
"07-07-2017","6,906.00","6,710.00","6,952.00","6,674.00","8.58K","3.26%"
"06-07-2017","6,688.00","6,412.00","6,690.00","6,396.00","7.67K","3.95%"
"05-07-2017","6,434.00","6,444.00","6,464.00","6,400.00","3.57K","-0.53%"
"04-07-2017","6,468.00","6,560.00","6,576.00","6,420.00","3.96K","-0.19%"
"03-07-2017","6,480.00","6,538.00","6,550.00","6,420.00","1.61K","0.06%"
"30-06-2017","6,476.00","6,408.00","6,520.00","6,382.00","1.29K","0.78%"
"29-06-2017","6,426.00","6,470.00","6,490.00","6,362.00","1.32K","-0.99%"
"28-06-2017","6,490.00","6,364.00","6,588.00","6,364.00","1.14K","0.59%"
"27-06-2017","6,452.00","6,256.00","6,476.00","6,182.00","1.45K","3.60%"
"23-06-2017","6,228.00","6,300.00","6,300.00","6,118.00","1.78K","-1.27%"
"22-06-2017","6,308.00","6,200.00","6,320.00","6,200.00","1.48K","3.58%"
"21-06-2017","6,090.00","6,012.00","6,118.00","6,000.00","2.88K","2.91%"
"20-06-2017","5,918.00","5,962.00","6,080.00","5,900.00","6.44K","-0.87%"
"19-06-2017","5,970.00","5,800.00","6,002.00","5,790.00","6.08K","3.43%"
"16-06-2017","5,772.00","5,712.00","5,786.00","5,702.00","2.14K","1.37%"
"15-06-2017","5,694.00","5,740.00","5,840.00","5,664.00","4.30K","-1.04%"
"14-06-2017","5,754.00","5,586.00","5,772.00","5,586.00","3.74K","3.27%"
"13-06-2017","5,572.00","5,548.00","5,594.00","5,518.00","1.54K","0.32%"
"12-06-2017","5,554.00","5,520.00","5,590.00","5,514.00","3.55K","0.62%"
"09-06-2017","5,520.00","5,456.00","5,614.00","5,430.00","7.76K","1.14%"
"08-06-2017","5,458.00","5,398.00","5,476.00","5,382.00","5.43K","1.11%"
"07-06-2017","5,398.00","5,478.00","5,520.00","5,386.00","3.71K","-1.78%"
"06-06-2017","5,496.00","5,362.00","5,572.00","5,342.00","6.76K","2.58%"
"05-06-2017","5,358.00","5,370.00","5,404.00","5,342.00","5.88K","-0.15%"
"02-06-2017","5,366.00","5,410.00","5,426.00","5,300.00","2.36K","-0.56%"
"01-06-2017","5,396.00","5,390.00","5,450.00","5,386.00","1.61K","0.15%"
"31-05-2017","5,388.00","5,400.00","5,400.00","5,336.00","1.08K","-0.19%"
"30-05-2017","5,398.00","5,342.00","5,440.00","5,330.00","3.19K","0.15%"
"29-05-2017","5,390.00","5,450.00","5,450.00","5,356.00","2.34K","-1.79%"
"26-05-2017","5,488.00","5,460.00","5,516.00","5,416.00","0.94K","0.44%"
"25-05-2017","5,464.00","5,310.00","5,480.00","5,310.00","3.14K","2.32%"
"24-05-2017","5,340.00","5,550.00","5,562.00","5,332.00","2.96K","-3.85%"
"23-05-2017","5,554.00","5,720.00","5,720.00","5,530.00","1.12K","-3.14%"
"22-05-2017","5,734.00","5,710.00","5,788.00","5,710.00","0.87K","2.36%"
"19-05-2017","5,602.00","5,638.00","5,640.00","5,566.00","2.79K","0.21%"
"18-05-2017","5,590.00","5,656.00","5,690.00","5,452.00","5.24K","-1.20%"
"17-05-2017","5,658.00","5,690.00","5,740.00","5,616.00","2.81K","-0.46%"
"16-05-2017","5,684.00","5,702.00","5,732.00","5,590.00","5.34K","-0.35%"
"15-05-2017","5,704.00","5,700.00","5,790.00","5,664.00","4.19K","0.11%"
"12-05-2017","5,698.00","5,640.00","5,730.00","5,634.00","3.17K","1.14%"
"11-05-2017","5,634.00","5,628.00","5,696.00","5,612.00","4.26K","0.57%"
"10-05-2017","5,602.00","5,670.00","5,752.00","5,586.00","11.64K","-1.68%"
"09-05-2017","5,698.00","5,510.00","5,706.00","5,510.00","9.66K","3.83%"
"08-05-2017","5,488.00","5,520.00","5,550.00","5,440.00","5.53K","0.37%"
"05-05-2017","5,468.00","5,500.00","5,570.00","5,434.00","9.03K","-1.37%"
"04-05-2017","5,544.00","5,612.00","5,700.00","5,522.00","9.28K","-1.95%"
"03-05-2017","5,654.00","5,842.00","5,842.00","5,654.00","5.94K","-3.97%"
"02-05-2017","5,888.00","6,098.00","6,098.00","5,888.00","5.71K","-3.98%"
"28-04-2017","6,132.00","6,150.00","6,222.00","6,110.00","3.18K","-0.74%"
"27-04-2017","6,178.00","6,258.00","6,280.00","6,164.00","2.04K","-1.25%"
"26-04-2017","6,256.00","6,318.00","6,318.00","6,244.00","0.94K","-1.01%"
"25-04-2017","6,320.00","6,346.00","6,358.00","6,280.00","0.44K","-0.03%"
"24-04-2017","6,322.00","6,292.00","6,376.00","6,278.00","0.55K","0.03%"
"21-04-2017","6,320.00","6,276.00","6,424.00","6,276.00","0.79K","3.07%"
"20-04-2017","6,132.00","6,092.00","6,170.00","6,092.00","2.51K","0.76%"
"19-04-2017","6,086.00","6,138.00","6,158.00","6,050.00","2.36K","-0.49%"
"18-04-2017","6,116.00","6,118.00","6,172.00","6,072.00","3.85K","-0.33%"
"17-04-2017","6,136.00","6,220.00","6,240.00","6,110.00","4.39K","-1.45%"
"13-04-2017","6,226.00","6,250.00","6,318.00","6,210.00","3.66K","0.48%"
"12-04-2017","6,196.00","6,270.00","6,270.00","6,160.00","3.21K","-0.86%"
"11-04-2017","6,250.00","6,284.00","6,314.00","6,226.00","3.84K","-0.22%"
"10-04-2017","6,264.00","6,280.00","6,338.00","6,200.00","7.04K","-0.22%"
"07-04-2017","6,278.00","6,336.00","6,408.00","6,254.00","7.64K","-0.57%"
"06-04-2017","6,314.00","6,400.00","6,450.00","6,314.00","6.57K","-1.37%"
"04-04-2017","6,402.00","6,402.00","6,402.00","6,402.00","","0.00%"
"03-04-2017","6,402.00","6,380.00","6,422.00","6,320.00","3.28K","0.41%"
"31-03-2017","6,376.00","6,440.00","6,454.00","6,362.00","1.29K","-0.50%"
"30-03-2017","6,408.00","6,432.00","6,490.00","6,382.00","1.40K","-0.31%"
"29-03-2017","6,428.00","6,440.00","6,482.00","6,412.00","0.89K","-0.22%"
"28-03-2017","6,442.00","6,498.00","6,510.00","6,370.00","1.74K","-0.53%"
"27-03-2017","6,476.00","6,450.00","6,540.00","6,406.00","1.92K","0.53%"
"24-03-2017","6,442.00","6,538.00","6,600.00","6,410.00","2.31K","-1.20%"
"23-03-2017","6,520.00","6,370.00","6,590.00","6,360.00","2.23K","2.77%"
"22-03-2017","6,344.00","6,430.00","6,448.00","6,302.00","2.60K","-1.34%"
"21-03-2017","6,430.00","6,508.00","6,558.00","6,384.00","1.20K","-0.80%"
"20-03-2017","6,482.00","6,448.00","6,520.00","6,446.00","1.13K","-0.25%"
"17-03-2017","6,498.00","6,628.00","6,644.00","6,472.00","2.10K","-1.63%"
"16-03-2017","6,606.00","6,640.00","6,680.00","6,598.00","0.81K","-0.54%"
"15-03-2017","6,642.00","6,706.00","6,716.00","6,592.00","1.43K","-0.48%"
"14-03-2017","6,674.00","6,680.00","6,712.00","6,660.00","1.16K","-0.51%"
"10-03-2017","6,708.00","6,642.00","6,790.00","6,626.00","2.27K","1.95%"
"09-03-2017","6,580.00","6,642.00","6,642.00","6,526.00","1.59K","-0.87%"
"08-03-2017","6,638.00","6,636.00","6,680.00","6,560.00","1.15K","-0.36%"
"07-03-2017","6,662.00","6,734.00","6,820.00","6,640.00","2.33K","-1.36%"
"06-03-2017","6,754.00","6,830.00","6,830.00","6,730.00","1.70K","-1.14%"
"03-03-2017","6,832.00","6,800.00","6,898.00","6,800.00","0.90K","0.83%"
"02-03-2017","6,776.00","6,758.00","6,790.00","6,740.00","0.44K","0.65%"
"01-03-2017","6,732.00","6,804.00","6,824.00","6,706.00","0.97K","-1.23%"
"28-02-2017","6,816.00","6,792.00","6,900.00","6,778.00","0.83K","1.22%"
"27-02-2017","6,734.00","6,740.00","6,788.00","6,664.00","0.32K","-0.91%"
"24-02-2017","6,796.00","6,796.00","6,796.00","6,796.00","","0.00%"
"23-02-2017","6,796.00","6,816.00","6,840.00","6,750.00","0.66K","-0.88%"
"22-02-2017","6,856.00","6,750.00","6,894.00","6,706.00","1.31K","1.78%"
"21-02-2017","6,736.00","6,782.00","6,832.00","6,700.00","0.57K","-0.97%"
"20-02-2017","6,802.00","6,812.00","6,834.00","6,784.00","0.30K","-0.70%"
"17-02-2017","6,850.00","6,914.00","6,914.00","6,820.00","0.63K","-1.97%"
"16-02-2017","6,988.00","6,958.00","7,030.00","6,920.00","0.49K","0.66%"
"15-02-2017","6,942.00","6,796.00","6,972.00","6,796.00","0.51K","1.55%"
"14-02-2017","6,836.00","6,820.00","6,856.00","6,810.00","0.11K","-0.26%"
"13-02-2017","6,854.00","6,840.00","6,884.00","6,822.00","0.19K","0.62%"
"10-02-2017","6,812.00","6,860.00","6,862.00","6,782.00","0.18K","-1.10%"
"09-02-2017","6,888.00","6,888.00","6,900.00","6,866.00","0.08K","-0.38%"
"08-02-2017","6,914.00","6,862.00","6,930.00","6,862.00","0.10K","0.29%"
"07-02-2017","6,894.00","6,772.00","6,900.00","6,772.00","0.25K","1.89%"
"06-02-2017","6,766.00","6,796.00","6,796.00","6,722.00","0.05K","-0.50%"
"03-02-2017","6,800.00","6,800.00","6,830.00","6,780.00","0.13K","0.21%"
"02-02-2017","6,786.00","6,822.00","6,822.00","6,728.00","0.15K","-0.26%"
"01-02-2017","6,804.00","6,700.00","6,820.00","6,700.00","0.26K","1.34%"
"31-01-2017","6,714.00","6,662.00","6,726.00","6,602.00","0.46K","1.27%"
"30-01-2017","6,630.00","6,672.00","6,686.00","6,606.00","0.30K","-1.63%"
"27-01-2017","6,740.00","6,808.00","6,808.00","6,670.00","0.38K","-0.68%"
"25-01-2017","6,786.00","6,914.00","6,914.00","6,764.00","1.07K","-3.66%"
"24-01-2017","7,044.00","7,100.00","7,150.00","6,970.00","0.38K","-0.82%"
"23-01-2017","7,102.00","7,000.00","7,128.00","6,998.00","0.34K","1.60%"
"20-01-2017","6,990.00","6,890.00","6,998.00","6,888.00","0.34K","1.81%"
"19-01-2017","6,866.00","6,760.00","6,894.00","6,760.00","0.12K","1.36%"
"18-01-2017","6,774.00","6,740.00","6,814.00","6,740.00","0.26K","2.51%"
"17-01-2017","6,608.00","6,600.00","6,642.00","6,574.00","0.16K","0.09%"
"16-01-2017","6,602.00","6,582.00","6,620.00","6,580.00","0.06K","-0.69%"
"13-01-2017","6,648.00","6,644.00","6,658.00","6,638.00","0.02K","0.03%"
"12-01-2017","6,646.00","6,650.00","6,666.00","6,630.00","0.06K","-0.03%"
"11-01-2017","6,648.00","6,672.00","6,678.00","6,616.00","0.11K","0.03%"
"10-01-2017","6,646.00","6,730.00","6,730.00","6,610.00","0.14K","-1.95%"
"09-01-2017","6,778.00","6,800.00","6,800.00","6,750.00","0.02K","0.18%"
"06-01-2017","6,766.00","6,752.00","6,770.00","6,752.00","0.05K","0.09%"
"05-01-2017","6,760.00","6,750.00","6,778.00","6,750.00","0.04K","0.00%"
"04-01-2017","6,760.00","6,760.00","6,760.00","6,752.00","0.07K","-0.41%"
"03-01-2017","6,788.00","6,800.00","6,810.00","6,770.00","0.08K","-0.09%"
"02-01-2017","6,794.00","6,802.00","6,802.00","6,788.00","0.07K","-0.03%"