"Date","Price","Open","High","Low","Vol.","Change %"
"30-04-2026","15,932.00","16,048.00","16,048.00","15,832.00","2.12K","-0.39%"
"29-04-2026","15,994.00","16,140.00","16,220.00","15,956.00","3.18K","-0.14%"
"28-04-2026","16,016.00","16,100.00","16,200.00","15,890.00","2.14K","-0.52%"
"27-04-2026","16,100.00","16,448.00","16,520.00","15,932.00","3.35K","-1.96%"
"24-04-2026","16,422.00","16,432.00","16,668.00","16,372.00","4.39K","-0.32%"
"23-04-2026","16,474.00","16,024.00","16,544.00","15,892.00","5.83K","2.23%"
"22-04-2026","16,114.00","16,140.00","16,290.00","16,010.00","2.31K","-0.32%"
"21-04-2026","16,166.00","16,120.00","16,240.00","15,816.00","2.88K","-3.97%"
"20-04-2026","16,834.00","16,600.00","17,000.00","16,600.00","1.82K","-0.26%"
"17-04-2026","16,878.00","16,390.00","17,000.00","16,390.00","1.25K","2.94%"
"16-04-2026","16,396.00","16,334.00","16,430.00","16,250.00","3.62K","1.18%"
"15-04-2026","16,204.00","15,900.00","16,420.00","15,800.00","3.53K","1.19%"
"13-04-2026","16,014.00","16,104.00","16,130.00","15,752.00","2.00K","-2.58%"
"10-04-2026","16,438.00","16,520.00","16,680.00","16,382.00","2.00K","-0.89%"
"09-04-2026","16,586.00","16,766.00","16,798.00","16,550.00","3.20K","-1.78%"
"08-04-2026","16,886.00","16,398.00","16,948.00","16,398.00","7.37K","4.11%"
"07-04-2026","16,220.00","16,400.00","16,450.00","16,032.00","2.36K","-0.16%"
"06-04-2026","16,246.00","15,800.00","16,300.00","15,652.00","4.43K","3.29%"
"02-04-2026","15,728.00","15,570.00","15,936.00","15,300.00","2.43K","1.26%"
"01-04-2026","15,532.00","15,790.00","16,140.00","15,462.00","2.72K","-0.21%"
"30-03-2026","15,564.00","14,880.00","15,676.00","14,800.00","4.35K","4.91%"
"27-03-2026","14,836.00","14,420.00","14,880.00","14,350.00","3.62K","2.71%"
"25-03-2026","14,444.00","14,190.00","14,548.00","14,190.00","2.45K","1.95%"
"24-03-2026","14,168.00","14,400.00","14,400.00","14,056.00","2.07K","-0.35%"
"23-03-2026","14,218.00","14,418.00","14,418.00","13,816.00","5.57K","-2.16%"
"20-03-2026","14,532.00","14,820.00","14,848.00","14,422.00","1.95K","-1.42%"
"19-03-2026","14,742.00","14,948.00","14,948.00","14,562.00","1.37K","-0.91%"
"18-03-2026","14,878.00","14,880.00","15,050.00","14,752.00","1.37K","0.68%"
"17-03-2026","14,778.00","14,818.00","14,926.00","14,676.00","0.79K","-0.08%"
"16-03-2026","14,790.00","14,600.00","14,958.00","14,554.00","1.35K","0.23%"
"13-03-2026","14,756.00","14,500.00","15,070.00","14,448.00","2.12K","1.49%"
"12-03-2026","14,540.00","14,520.00","14,658.00","14,410.00","1.92K","-0.34%"
"11-03-2026","14,590.00","14,900.00","14,900.00","14,526.00","2.59K","-1.02%"
"10-03-2026","14,740.00","14,500.00","15,190.00","14,452.00","4.01K","0.92%"
"09-03-2026","14,606.00","14,416.00","14,666.00","14,082.00","2.26K","-0.42%"
"06-03-2026","14,668.00","15,000.00","15,140.00","14,600.00","2.24K","-2.32%"
"05-03-2026","15,016.00","14,500.00","15,066.00","14,400.00","3.31K","3.02%"
"04-03-2026","14,576.00","14,576.00","14,650.00","14,236.00","3.45K","-1.69%"
"02-03-2026","14,826.00","15,350.00","15,350.00","14,658.00","4.37K","-4.25%"
"27-02-2026","15,484.00","15,550.00","15,748.00","15,210.00","2.48K","-0.72%"
"26-02-2026","15,596.00","16,126.00","16,198.00","15,510.00","2.41K","-2.35%"
"25-02-2026","15,972.00","16,066.00","16,350.00","15,752.00","6.56K","-0.75%"
"24-02-2026","16,092.00","15,430.00","16,204.00","15,360.00","4.65K","3.27%"
"23-02-2026","15,582.00","15,950.00","16,380.00","15,400.00","5.30K","-1.50%"
"20-02-2026","15,820.00","15,578.00","15,896.00","15,542.00","4.28K","2.29%"
"19-02-2026","15,466.00","15,460.00","15,624.00","15,212.00","1.76K","0.12%"
"18-02-2026","15,448.00","15,190.00","15,692.00","15,180.00","3.93K","2.37%"
"17-02-2026","15,090.00","14,700.00","15,400.00","14,510.00","3.09K","1.81%"
"16-02-2026","14,822.00","14,910.00","15,100.00","14,800.00","1.94K","-1.36%"
"13-02-2026","15,026.00","15,402.00","15,500.00","14,970.00","2.90K","-2.15%"
"12-02-2026","15,356.00","15,592.00","15,800.00","14,916.00","6.47K","-2.25%"
"11-02-2026","15,710.00","16,190.00","16,250.00","15,612.00","4.38K","-2.51%"
"10-02-2026","16,114.00","15,578.00","16,250.00","15,482.00","4.52K","3.10%"
"09-02-2026","15,630.00","16,072.00","16,072.00","15,516.00","4.16K","-2.59%"
"06-02-2026","16,046.00","16,700.00","16,800.00","15,848.00","3.93K","-4.10%"
"05-02-2026","16,732.00","16,700.00","16,848.00","16,626.00","0.84K","-0.40%"
"04-02-2026","16,800.00","16,550.00","16,950.00","16,550.00","1.56K","0.12%"
"03-02-2026","16,780.00","16,500.00","17,060.00","16,442.00","2.65K","1.39%"
"02-02-2026","16,550.00","16,226.00","16,700.00","15,900.00","2.48K","1.37%"
"01-02-2026","16,326.00","16,650.00","16,760.00","16,232.00","3.30K","-2.62%"
"30-01-2026","16,766.00","17,180.00","17,180.00","16,600.00","2.53K","-0.88%"
"29-01-2026","16,914.00","16,780.00","17,000.00","16,210.00","4.39K","1.49%"
"28-01-2026","16,666.00","17,100.00","17,300.00","16,564.00","4.04K","-2.98%"
"27-01-2026","17,178.00","17,380.00","17,540.00","17,000.00","5.33K","-2.19%"
"23-01-2026","17,562.00","18,080.00","18,160.00","17,140.00","3.28K","-1.64%"
"22-01-2026","17,854.00","17,940.00","18,000.00","17,624.00","2.11K","-0.52%"
"21-01-2026","17,948.00","17,722.00","18,100.00","17,662.00","2.14K","0.94%"
"20-01-2026","17,780.00","18,166.00","18,288.00","17,664.00","2.86K","-1.55%"
"19-01-2026","18,060.00","17,550.00","18,196.00","17,320.00","5.20K","3.86%"
"16-01-2026","17,388.00","17,160.00","17,518.00","16,902.00","4.90K","0.02%"
"14-01-2026","17,384.00","17,774.00","18,016.00","17,210.00","2.16K","-0.75%"
"13-01-2026","17,516.00","17,900.00","17,950.00","17,320.00","3.26K","-1.94%"
"12-01-2026","17,862.00","17,500.00","18,000.00","17,464.00","2.41K","1.41%"
"09-01-2026","17,614.00","18,040.00","18,198.00","17,454.00","1.92K","0.05%"
"08-01-2026","17,606.00","17,680.00","17,928.00","16,724.00","5.46K","-0.97%"
"07-01-2026","17,778.00","18,424.00","18,780.00","17,630.00","5.41K","-3.09%"
"06-01-2026","18,344.00","18,394.00","19,050.00","17,888.00","6.36K","-0.19%"
"05-01-2026","18,378.00","18,578.00","18,712.00","18,150.00","3.32K","-0.58%"
"02-01-2026","18,486.00","18,250.00","18,746.00","18,136.00","5.68K","3.85%"
"01-01-2026","17,800.00","17,390.00","18,008.00","17,060.00","4.18K","2.80%"
"31-12-2025","17,316.00","17,318.00","17,450.00","17,122.00","2.42K","0.43%"
"30-12-2025","17,242.00","17,010.00","17,300.00","16,650.00","1.90K","1.02%"
"29-12-2025","17,068.00","17,200.00","17,670.00","16,852.00","2.49K","-0.35%"
"26-12-2025","17,128.00","16,800.00","17,274.00","16,600.00","4.12K","2.55%"
"24-12-2025","16,702.00","16,620.00","16,850.00","16,360.00","3.10K","-0.61%"
"23-12-2025","16,804.00","16,150.00","16,864.00","16,150.00","5.00K","3.63%"
"22-12-2025","16,216.00","15,698.00","16,294.00","15,630.00","2.18K","3.50%"
"19-12-2025","15,668.00","16,048.00","16,170.00","15,480.00","2.18K","0.27%"
"18-12-2025","15,626.00","16,340.00","16,340.00","15,570.00","0.53K","-1.99%"
"17-12-2025","15,944.00","15,940.00","15,990.00","15,900.00","0.51K","0.86%"
"16-12-2025","15,808.00","15,478.00","15,880.00","15,458.00","2.89K","1.35%"
"15-12-2025","15,598.00","15,950.00","15,950.00","15,460.00","2.67K","0.81%"
"12-12-2025","15,472.00","15,070.00","15,530.00","15,070.00","2.03K","2.30%"
"11-12-2025","15,124.00","15,040.00","15,500.00","14,900.00","2.01K","0.73%"
"10-12-2025","15,014.00","14,476.00","15,144.00","14,412.00","2.78K","4.22%"
"09-12-2025","14,406.00","14,400.00","14,522.00","14,330.00","1.05K","-0.19%"
"08-12-2025","14,434.00","14,252.00","14,522.00","14,252.00","0.72K","0.35%"
"05-12-2025","14,384.00","14,600.00","14,610.00","14,250.00","1.49K","-1.38%"
"04-12-2025","14,586.00","14,390.00","14,620.00","14,390.00","1.16K","0.69%"
"03-12-2025","14,486.00","14,500.00","14,680.00","14,370.00","1.58K","-1.36%"
"02-12-2025","14,686.00","14,700.00","14,796.00","14,570.00","0.43K","-0.14%"
"01-12-2025","14,706.00","14,900.00","14,948.00","14,530.00","1.36K","-0.07%"
"28-11-2025","14,716.00","14,320.00","14,900.00","14,290.00","3.94K","1.85%"
"27-11-2025","14,448.00","14,062.00","14,600.00","13,614.00","5.22K","2.54%"
"26-11-2025","14,090.00","14,286.00","14,424.00","14,012.00","1.12K","-0.73%"
"25-11-2025","14,194.00","14,110.00","14,274.00","13,922.00","1.26K","0.35%"
"24-11-2025","14,144.00","13,900.00","14,200.00","13,900.00","0.51K","1.25%"
"21-11-2025","13,970.00","14,570.00","14,570.00","13,820.00","3.11K","-2.88%"
"20-11-2025","14,384.00","14,670.00","14,948.00","14,268.00","1.21K","-1.07%"
"19-11-2025","14,540.00","14,128.00","14,690.00","13,914.00","2.74K","1.99%"
"18-11-2025","14,256.00","14,500.00","14,500.00","14,154.00","1.08K","-0.89%"
"17-11-2025","14,384.00","14,300.00","14,556.00","14,200.00","1.05K","0.59%"
"14-11-2025","14,300.00","15,000.00","15,000.00","14,046.00","4.99K","-4.30%"
"13-11-2025","14,942.00","14,900.00","15,090.00","14,852.00","1.09K","-0.60%"
"12-11-2025","15,032.00","15,220.00","15,374.00","14,964.00","1.73K","-1.08%"
"11-11-2025","15,196.00","15,544.00","15,544.00","15,110.00","1.70K","-1.58%"
"10-11-2025","15,440.00","15,200.00","15,658.00","15,200.00","2.58K","2.55%"
"07-11-2025","15,056.00","14,604.00","15,226.00","14,560.00","1.74K","2.83%"
"06-11-2025","14,642.00","14,700.00","14,826.00","14,588.00","0.88K","0.15%"
"04-11-2025","14,620.00","14,482.00","14,894.00","14,482.00","0.97K","-0.37%"
"03-11-2025","14,674.00","14,950.00","15,094.00","14,544.00","0.91K","-1.52%"
"31-10-2025","14,900.00","15,030.00","15,120.00","14,742.00","1.00K","-1.10%"
"30-10-2025","15,066.00","14,634.00","15,294.00","14,580.00","2.57K","2.45%"
"29-10-2025","14,706.00","14,960.00","15,040.00","14,600.00","1.15K","-2.23%"
"28-10-2025","15,042.00","14,830.00","15,400.00","14,830.00","4.56K","3.52%"
"27-10-2025","14,530.00","14,750.00","14,850.00","14,044.00","2.52K","-0.62%"
"24-10-2025","14,620.00","13,920.00","14,746.00","13,910.00","1.63K","1.39%"
"23-10-2025","14,420.00","15,340.00","15,340.00","14,420.00","3.70K","-6.00%"
"21-10-2025","15,340.00","15,200.00","15,500.00","15,200.00","0.76K","13.63%"
"17-10-2025","13,500.00","13,500.00","13,500.00","13,500.00","0.01K","-1.16%"
"16-10-2025","13,658.00","13,490.00","13,796.00","13,490.00","0.55K","4.93%"
"15-10-2025","13,016.00","12,634.00","13,296.00","12,548.00","2.60K","1.31%"
"14-10-2025","12,848.00","13,294.00","13,618.00","12,750.00","6.39K","-0.03%"
"13-10-2025","12,852.00","12,170.00","12,852.00","11,810.00","4.57K","5.99%"
"10-10-2025","12,126.00","12,048.00","12,278.00","11,952.00","1.97K","0.98%"
"09-10-2025","12,008.00","11,860.00","12,070.00","11,850.00","1.61K","0.99%"
"08-10-2025","11,890.00","11,800.00","11,968.00","11,800.00","3.18K","0.81%"
"07-10-2025","11,794.00","11,800.00","11,862.00","11,674.00","3.17K","0.12%"
"06-10-2025","11,780.00","11,710.00","11,970.00","11,620.00","3.08K","-1.62%"
"03-10-2025","11,974.00","12,100.00","12,140.00","11,916.00","3.11K","-0.43%"
"01-10-2025","12,026.00","12,360.00","12,360.00","11,830.00","7.62K","-2.08%"
"30-09-2025","12,282.00","12,370.00","12,458.00","12,100.00","3.26K","-1.10%"
"29-09-2025","12,418.00","12,440.00","12,790.00","12,344.00","2.38K","0.84%"
"26-09-2025","12,314.00","12,326.00","12,390.00","12,252.00","0.80K","-0.48%"
"25-09-2025","12,374.00","12,230.00","12,448.00","12,216.00","1.02K","1.01%"
"24-09-2025","12,250.00","12,248.00","12,328.00","12,212.00","2.05K","0.25%"
"23-09-2025","12,220.00","12,280.00","12,308.00","12,182.00","1.82K","-0.76%"
"22-09-2025","12,314.00","12,386.00","12,550.00","12,260.00","1.61K","-0.18%"
"19-09-2025","12,336.00","12,068.00","12,568.00","12,022.00","1.59K","1.95%"
"18-09-2025","12,100.00","12,100.00","12,148.00","12,020.00","0.56K","0.20%"
"17-09-2025","12,076.00","12,100.00","12,180.00","12,052.00","0.69K","-0.25%"
"16-09-2025","12,106.00","12,246.00","12,396.00","12,022.00","1.00K","-1.26%"
"15-09-2025","12,260.00","12,498.00","12,498.00","12,182.00","0.78K","-0.79%"
"12-09-2025","12,358.00","12,522.00","12,626.00","12,200.00","2.30K","-1.86%"
"11-09-2025","12,592.00","12,700.00","12,772.00","12,482.00","1.95K","-0.33%"
"10-09-2025","12,634.00","12,050.00","12,796.00","12,050.00","1.93K","4.66%"
"09-09-2025","12,072.00","11,900.00","12,198.00","11,900.00","0.66K","-0.21%"
"08-09-2025","12,098.00","12,212.00","12,330.00","12,074.00","1.22K","-0.98%"
"05-09-2025","12,218.00","12,380.00","12,456.00","12,036.00","1.11K","-1.93%"
"04-09-2025","12,458.00","12,422.00","12,544.00","12,302.00","0.61K","0.63%"
"03-09-2025","12,380.00","12,162.00","12,412.00","12,152.00","0.98K","1.23%"
"02-09-2025","12,230.00","12,540.00","12,540.00","11,980.00","4.70K","-2.21%"
"01-09-2025","12,506.00","13,440.00","13,440.00","12,486.00","5.43K","-5.84%"
"29-08-2025","13,282.00","13,266.00","13,426.00","13,258.00","0.87K","0.17%"
"28-08-2025","13,260.00","13,172.00","13,376.00","13,092.00","1.13K","0.14%"
"26-08-2025","13,242.00","13,282.00","13,408.00","13,180.00","1.36K","-0.99%"
"25-08-2025","13,374.00","13,346.00","13,442.00","13,320.00","0.74K","0.01%"
"22-08-2025","13,372.00","13,650.00","13,650.00","13,312.00","0.96K","0.35%"
"21-08-2025","13,326.00","13,380.00","13,420.00","13,300.00","0.82K","5.81%"
"20-08-2025","12,594.00","12,640.00","12,758.00","12,412.00","0.10K","1.03%"
"19-08-2025","12,466.00","12,414.00","12,560.00","12,400.00","0.17K","2.82%"
"18-08-2025","12,124.00","12,500.00","12,550.00","12,020.00","3.16K","-4.34%"
"14-08-2025","12,674.00","13,032.00","13,066.00","12,550.00","6.26K","-3.12%"
"13-08-2025","13,082.00","12,420.00","13,120.00","12,410.00","3.91K","2.03%"
"12-08-2025","12,822.00","12,750.00","12,888.00","12,716.00","1.93K","-0.43%"
"11-08-2025","12,878.00","12,982.00","13,070.00","12,802.00","2.29K","-1.18%"
"08-08-2025","13,032.00","13,004.00","13,098.00","12,960.00","1.36K","-0.40%"
"07-08-2025","13,084.00","13,338.00","13,340.00","12,854.00","6.54K","-1.62%"
"06-08-2025","13,300.00","13,150.00","13,334.00","13,110.00","1.56K","1.00%"
"05-08-2025","13,168.00","13,066.00","13,200.00","13,066.00","1.96K","0.20%"
"04-08-2025","13,142.00","13,130.00","13,300.00","13,112.00","2.16K","0.18%"
"01-08-2025","13,118.00","12,726.00","13,326.00","12,700.00","5.53K","2.71%"
"31-07-2025","12,772.00","13,070.00","13,070.00","12,738.00","2.98K","-1.60%"
"30-07-2025","12,980.00","12,912.00","13,020.00","12,830.00","0.81K","0.06%"
"29-07-2025","12,972.00","12,834.00","13,130.00","12,834.00","2.33K","0.53%"
"28-07-2025","12,904.00","12,902.00","13,066.00","12,710.00","1.51K","-0.40%"
"25-07-2025","12,956.00","13,250.00","13,280.00","12,828.00","2.09K","-1.83%"
"24-07-2025","13,198.00","13,164.00","13,288.00","13,164.00","0.42K","-0.02%"
"23-07-2025","13,200.00","13,288.00","13,290.00","13,160.00","0.25K","-0.47%"
"22-07-2025","13,262.00","13,498.00","13,698.00","13,156.00","0.78K","0.38%"
"21-07-2025","13,212.00","13,250.00","13,360.00","13,184.00","0.58K","-1.05%"
"18-07-2025","13,352.00","13,350.00","13,380.00","13,280.00","0.48K","0.24%"
"17-07-2025","13,320.00","13,174.00","13,540.00","12,940.00","2.44K","-0.03%"
"16-07-2025","13,324.00","13,590.00","13,650.00","13,300.00","1.68K","-1.68%"
"15-07-2025","13,552.00","13,388.00","13,600.00","13,388.00","0.79K","0.62%"
"14-07-2025","13,468.00","13,500.00","13,750.00","13,410.00","1.75K","-0.33%"
"11-07-2025","13,512.00","13,450.00","13,530.00","13,320.00","1.51K","0.66%"
"10-07-2025","13,424.00","13,396.00","13,596.00","13,224.00","3.13K","0.93%"
"09-07-2025","13,300.00","13,206.00","13,348.00","13,204.00","1.26K","0.97%"
"08-07-2025","13,172.00","13,040.00","13,320.00","13,040.00","1.72K","0.87%"
"07-07-2025","13,058.00","13,398.00","13,640.00","12,962.00","4.04K","-2.54%"
"04-07-2025","13,398.00","13,460.00","13,612.00","13,332.00","2.38K","-1.47%"
"03-07-2025","13,598.00","13,866.00","14,028.00","13,362.00","3.18K","-2.30%"
"02-07-2025","13,918.00","14,120.00","14,120.00","13,846.00","1.02K","-1.25%"
"01-07-2025","14,094.00","14,002.00","14,280.00","13,990.00","1.47K","0.54%"
"30-06-2025","14,018.00","14,198.00","14,198.00","13,956.00","1.00K","-0.54%"
"27-06-2025","14,094.00","14,048.00","14,364.00","14,020.00","2.25K","0.67%"
"26-06-2025","14,000.00","13,812.00","14,036.00","13,660.00","2.65K","1.20%"
"25-06-2025","13,834.00","14,328.00","14,368.00","13,780.00","4.10K","-3.47%"
"24-06-2025","14,332.00","14,400.00","14,500.00","14,310.00","1.61K","-0.39%"
"23-06-2025","14,388.00","14,254.00","14,520.00","14,204.00","1.95K","4.19%"
"20-06-2025","13,810.00","13,438.00","13,998.00","13,438.00","0.11K","-1.31%"
"19-06-2025","13,994.00","13,994.00","13,994.00","13,994.00","0.05K","0.00%"
"18-06-2025","13,994.00","14,130.00","14,178.00","13,932.00","2.04K","-1.16%"
"17-06-2025","14,158.00","14,278.00","14,290.00","14,114.00","1.39K","-0.28%"
"16-06-2025","14,198.00","14,098.00","14,384.00","14,098.00","1.19K","-1.31%"
"13-06-2025","14,386.00","14,488.00","14,512.00","14,360.00","2.24K","-0.84%"
"12-06-2025","14,508.00","14,544.00","14,690.00","14,400.00","1.72K","-0.25%"
"11-06-2025","14,544.00","14,480.00","14,680.00","14,406.00","1.54K","0.80%"
"10-06-2025","14,428.00","14,790.00","14,840.00","14,270.00","2.86K","-1.97%"
"09-06-2025","14,718.00","14,520.00","14,788.00","14,500.00","3.26K","0.95%"
"06-06-2025","14,580.00","14,260.00","14,690.00","14,074.00","4.94K","1.55%"
"05-06-2025","14,358.00","14,150.00","14,410.00","13,970.00","4.13K","1.93%"
"04-06-2025","14,086.00","13,816.00","14,200.00","13,630.00","3.36K","2.24%"
"03-06-2025","13,778.00","14,334.00","14,334.00","13,650.00","1.17K","-0.25%"
"02-06-2025","13,812.00","14,274.00","14,358.00","13,728.00","2.24K","-3.41%"
"30-05-2025","14,300.00","14,100.00","14,432.00","14,084.00","1.83K","1.69%"
"29-05-2025","14,062.00","13,948.00","14,140.00","13,910.00","2.07K","1.12%"
"28-05-2025","13,906.00","13,600.00","13,954.00","13,600.00","1.66K","1.41%"
"27-05-2025","13,712.00","13,730.00","13,828.00","13,666.00","1.24K","-0.72%"
"26-05-2025","13,812.00","14,036.00","14,036.00","13,730.00","1.54K","-1.72%"
"23-05-2025","14,054.00","14,102.00","14,220.00","13,982.00","1.14K","-0.92%"
"22-05-2025","14,184.00","14,390.00","14,512.00","14,004.00","1.79K","-1.49%"
"21-05-2025","14,398.00","14,610.00","14,650.00","14,300.00","2.23K","-3.64%"
"20-05-2025","14,942.00","15,200.00","15,200.00","14,800.00","0.41K","-0.12%"
"19-05-2025","14,960.00","14,900.00","15,050.00","14,900.00","0.22K","0.38%"
"16-05-2025","14,904.00","14,898.00","15,100.00","14,850.00","1.02K","1.29%"
"15-05-2025","14,714.00","14,604.00","14,750.00","14,520.00","1.16K","-0.12%"
"14-05-2025","14,732.00","14,762.00","14,860.00","14,652.00","0.29K","-0.51%"
"13-05-2025","14,808.00","14,436.00","14,910.00","14,436.00","1.23K","2.73%"
"12-05-2025","14,414.00","14,050.00","14,478.00","14,040.00","3.00K","4.12%"
"09-05-2025","13,844.00","13,706.00","13,912.00","13,124.00","5.76K","-0.14%"
"08-05-2025","13,864.00","13,812.00","14,128.00","13,752.00","3.94K","-0.16%"
"07-05-2025","13,886.00","13,732.00","13,978.00","13,674.00","2.72K","0.77%"
"06-05-2025","13,780.00","13,900.00","13,948.00","13,512.00","4.69K","-0.96%"
"05-05-2025","13,914.00","14,142.00","14,328.00","13,850.00","3.65K","-3.05%"
"02-05-2025","14,352.00","14,140.00","14,634.00","14,050.00","3.73K","1.99%"
"30-04-2025","14,072.00","13,778.00","14,220.00","13,662.00","4.09K","2.18%"
"29-04-2025","13,772.00","13,852.00","14,114.00","13,700.00","2.67K","-1.66%"
"28-04-2025","14,004.00","14,228.00","14,350.00","13,852.00","2.02K","-1.57%"
"25-04-2025","14,228.00","14,456.00","14,460.00","14,118.00","2.07K","-2.20%"
"24-04-2025","14,548.00","14,900.00","14,900.00","14,404.00","1.71K","-0.90%"
"23-04-2025","14,680.00","15,024.00","15,070.00","14,500.00","3.85K","-2.29%"
"22-04-2025","15,024.00","15,184.00","15,974.00","14,764.00","6.91K","-1.07%"
"21-04-2025","15,186.00","15,400.00","15,548.00","14,952.00","2.81K","-1.65%"
"17-04-2025","15,440.00","15,440.00","15,440.00","15,440.00","0.03K","3.97%"
"16-04-2025","14,850.00","14,850.00","14,850.00","14,850.00","0.07K","0.58%"
"15-04-2025","14,764.00","14,790.00","15,038.00","14,250.00","1.51K","2.86%"
"11-04-2025","14,354.00","14,012.00","14,796.00","13,868.00","3.17K","2.82%"
"09-04-2025","13,960.00","14,050.00","14,080.00","13,406.00","1.78K","-1.09%"
"08-04-2025","14,114.00","13,610.00","14,490.00","13,610.00","1.55K","0.17%"
"07-04-2025","14,090.00","15,400.00","15,400.00","14,090.00","2.25K","-5.99%"
"04-04-2025","14,988.00","14,666.00","15,290.00","14,650.00","1.69K","0.40%"
"03-04-2025","14,928.00","15,344.00","15,500.00","14,764.00","4.82K","0.07%"
"02-04-2025","14,918.00","14,074.00","14,918.00","14,074.00","2.60K","6.00%"
"01-04-2025","14,074.00","13,470.00","14,074.00","13,470.00","2.40K","5.99%"
"28-03-2025","13,278.00","13,350.00","13,476.00","13,222.00","1.89K","-0.02%"
"27-03-2025","13,280.00","13,100.00","13,480.00","13,024.00","4.18K","1.05%"
"26-03-2025","13,142.00","13,200.00","13,450.00","13,052.00","3.50K","-0.50%"
"25-03-2025","13,208.00","12,962.00","13,282.00","12,800.00","6.03K","1.18%"
"24-03-2025","13,054.00","13,598.00","13,732.00","12,906.00","6.00K","-2.54%"
"21-03-2025","13,394.00","13,170.00","13,570.00","13,170.00","4.59K","2.45%"
"20-03-2025","13,074.00","12,670.00","13,200.00","12,604.00","5.09K","2.56%"
"19-03-2025","12,748.00","12,800.00","12,966.00","12,600.00","3.04K","0.08%"
"18-03-2025","12,738.00","12,500.00","12,886.00","12,358.00","3.17K","2.68%"
"17-03-2025","12,406.00","11,828.00","12,458.00","11,828.00","4.45K","5.55%"
"13-03-2025","11,754.00","11,332.00","11,856.00","11,220.00","3.88K","3.11%"
"12-03-2025","11,400.00","11,578.00","11,584.00","11,366.00","1.94K","-1.61%"
"11-03-2025","11,586.00","11,350.00","11,640.00","11,270.00","1.55K","1.77%"
"10-03-2025","11,384.00","11,756.00","11,756.00","11,138.00","3.32K","-3.26%"
"07-03-2025","11,768.00","11,922.00","11,950.00","11,720.00","1.38K","-1.84%"
"06-03-2025","11,988.00","11,924.00","12,040.00","11,862.00","1.23K","0.94%"
"05-03-2025","11,876.00","12,180.00","12,180.00","11,800.00","3.07K","-2.64%"
"04-03-2025","12,198.00","12,330.00","12,346.00","12,150.00","1.56K","-0.76%"
"03-03-2025","12,292.00","12,400.00","12,436.00","12,262.00","1.04K","-1.27%"
"28-02-2025","12,450.00","12,522.00","12,580.00","12,422.00","0.75K","-0.57%"
"27-02-2025","12,522.00","12,504.00","12,768.00","12,242.00","2.79K","0.03%"
"25-02-2025","12,518.00","12,504.00","12,650.00","12,416.00","1.37K","-0.21%"
"24-02-2025","12,544.00","13,020.00","13,020.00","12,368.00","3.50K","-4.39%"
"21-02-2025","13,120.00","13,278.00","13,278.00","13,064.00","0.89K","-0.67%"
"20-02-2025","13,208.00","12,968.00","13,260.00","12,758.00","2.57K","1.85%"
"19-02-2025","12,968.00","12,910.00","13,028.00","12,810.00","1.26K","0.02%"
"18-02-2025","12,966.00","12,566.00","13,038.00","12,300.00","4.32K","2.63%"
"17-02-2025","12,634.00","12,700.00","12,778.00","12,530.00","1.61K","-1.19%"
"14-02-2025","12,786.00","12,800.00","13,080.00","12,522.00","3.52K","-1.59%"
"13-02-2025","12,992.00","13,240.00","13,268.00","12,928.00","2.88K","-1.98%"
"12-02-2025","13,254.00","13,270.00","13,300.00","13,170.00","0.37K","0.20%"
"11-02-2025","13,228.00","13,236.00","13,320.00","13,160.00","0.49K","-0.12%"
"10-02-2025","13,244.00","13,480.00","13,480.00","13,210.00","0.80K","-1.87%"
"07-02-2025","13,496.00","13,820.00","13,820.00","13,446.00","0.99K","-0.41%"
"06-02-2025","13,552.00","13,348.00","13,586.00","13,346.00","1.71K","1.93%"
"05-02-2025","13,296.00","13,220.00","13,320.00","13,156.00","0.54K","0.21%"
"04-02-2025","13,268.00","13,212.00","13,350.00","13,054.00","1.37K","0.47%"
"03-02-2025","13,206.00","13,190.00","13,348.00","13,118.00","1.17K","-0.51%"
"01-02-2025","13,274.00","13,318.00","13,448.00","13,246.00","0.52K","-0.55%"
"31-01-2025","13,348.00","13,650.00","13,650.00","13,300.00","1.44K","-2.13%"
"30-01-2025","13,638.00","13,770.00","13,850.00","13,570.00","1.24K","-1.02%"
"29-01-2025","13,778.00","13,418.00","13,850.00","13,354.00","2.04K","2.65%"
"28-01-2025","13,422.00","13,520.00","13,550.00","13,322.00","1.06K","-0.70%"
"27-01-2025","13,516.00","13,692.00","13,800.00","13,364.00","2.23K","-1.99%"
"24-01-2025","13,790.00","13,962.00","13,962.00","13,700.00","1.46K","-1.06%"
"23-01-2025","13,938.00","14,290.00","14,346.00","13,806.00","2.29K","-2.53%"
"22-01-2025","14,300.00","14,440.00","14,440.00","14,234.00","0.90K","-0.39%"
"21-01-2025","14,356.00","14,026.00","14,400.00","13,980.00","1.41K","2.32%"
"20-01-2025","14,030.00","14,030.00","14,082.00","13,910.00","0.99K","0.04%"
"17-01-2025","14,024.00","14,210.00","14,440.00","14,002.00","1.42K","-1.35%"
"16-01-2025","14,216.00","14,100.00","14,360.00","14,100.00","1.40K","0.34%"
"15-01-2025","14,168.00","14,492.00","14,622.00","14,102.00","1.70K","-2.44%"
"14-01-2025","14,522.00","14,472.00","14,620.00","14,200.00","1.74K","0.15%"
"13-01-2025","14,500.00","15,424.00","15,480.00","14,416.00","4.94K","-4.43%"
"10-01-2025","15,172.00","15,248.00","15,344.00","15,090.00","1.36K","-0.18%"
"09-01-2025","15,200.00","15,190.00","15,250.00","14,960.00","1.99K","0.36%"
"08-01-2025","15,146.00","15,210.00","15,486.00","15,050.00","3.91K","-2.85%"
"07-01-2025","15,590.00","15,442.00","15,670.00","15,360.00","1.03K","0.35%"
"06-01-2025","15,536.00","15,666.00","15,838.00","15,330.00","2.42K","0.74%"
"03-01-2025","15,422.00","15,414.00","15,748.00","15,362.00","4.50K","0.88%"
"02-01-2025","15,288.00","15,200.00","15,382.00","14,980.00","2.56K","-0.49%"
"01-01-2025","15,364.00","15,050.00","15,634.00","15,050.00","5.43K","3.63%"
"31-12-2024","14,826.00","14,640.00","15,100.00","14,424.00","3.17K","1.55%"
"30-12-2024","14,600.00","14,260.00","14,670.00","14,244.00","3.30K","3.03%"
"27-12-2024","14,170.00","13,890.00","14,420.00","13,862.00","3.07K","2.07%"
"26-12-2024","13,882.00","13,840.00","14,000.00","13,810.00","1.45K","0.33%"
"24-12-2024","13,836.00","13,922.00","14,020.00","13,808.00","0.78K","-1.11%"
"23-12-2024","13,992.00","14,038.00","14,078.00","13,860.00","1.36K","4.46%"
"20-12-2024","13,394.00","13,450.00","13,450.00","13,350.00","0.18K","3.36%"
"19-12-2024","12,958.00","12,958.00","12,958.00","12,958.00","0.05K","0.00%"
"18-12-2024","12,958.00","13,502.00","13,562.00","12,818.00","2.94K","-4.97%"
"17-12-2024","13,636.00","13,240.00","13,764.00","13,230.00","2.91K","2.93%"
"16-12-2024","13,248.00","12,996.00","13,278.00","12,714.00","1.65K","1.21%"
"13-12-2024","13,090.00","13,080.00","13,200.00","13,004.00","1.45K","0.28%"
"12-12-2024","13,054.00","13,080.00","13,194.00","13,012.00","0.89K","-0.18%"
"11-12-2024","13,078.00","13,130.00","13,230.00","13,060.00","1.02K","-0.41%"
"10-12-2024","13,132.00","13,004.00","13,190.00","12,810.00","1.32K","1.45%"
"09-12-2024","12,944.00","13,010.00","13,100.00","12,854.00","3.32K","-1.84%"
"06-12-2024","13,186.00","13,192.00","13,300.00","13,150.00","1.33K","-0.21%"
"05-12-2024","13,214.00","13,254.00","13,362.00","13,180.00","0.85K","-1.12%"
"04-12-2024","13,364.00","13,250.00","13,608.00","13,150.00","1.66K","0.75%"
"03-12-2024","13,264.00","13,238.00","13,310.00","13,000.00","2.13K","0.35%"
"02-12-2024","13,218.00","13,528.00","13,552.00","13,138.00","2.10K","-2.46%"
"29-11-2024","13,552.00","13,322.00","13,680.00","13,322.00","0.82K","0.95%"
"28-11-2024","13,424.00","13,406.00","13,560.00","13,352.00","1.00K","-0.64%"
"27-11-2024","13,510.00","13,600.00","13,688.00","13,300.00","1.89K","-0.72%"
"26-11-2024","13,608.00","13,760.00","13,940.00","13,564.00","1.55K","-1.43%"
"25-11-2024","13,806.00","14,288.00","14,688.00","13,704.00","5.69K","-3.91%"
"22-11-2024","14,368.00","14,300.00","14,450.00","14,190.00","2.04K","0.11%"
"21-11-2024","14,352.00","14,378.00","14,492.00","14,170.00","2.52K","0.11%"
"19-11-2024","14,336.00","14,152.00","14,470.00","13,910.00","3.90K","3.03%"
"18-11-2024","13,914.00","13,600.00","14,078.00","13,558.00","2.13K","2.78%"
"14-11-2024","13,538.00","13,436.00","13,718.00","13,250.00","2.43K","1.51%"
"13-11-2024","13,336.00","13,210.00","13,430.00","13,030.00","1.92K","0.65%"
"12-11-2024","13,250.00","13,440.00","13,440.00","13,116.00","1.05K","-1.21%"
"11-11-2024","13,412.00","13,110.00","13,588.00","13,110.00","2.38K","2.02%"
"08-11-2024","13,146.00","13,130.00","13,230.00","13,092.00","0.79K","0.41%"
"07-11-2024","13,092.00","13,396.00","13,396.00","13,050.00","1.20K","-0.64%"
"06-11-2024","13,176.00","12,810.00","13,422.00","12,764.00","3.23K","2.60%"
"05-11-2024","12,842.00","12,780.00","13,024.00","12,750.00","1.83K","0.86%"
"04-11-2024","12,732.00","12,680.00","12,890.00","12,424.00","2.75K","-0.50%"
"01-11-2024","12,796.00","12,940.00","12,940.00","12,712.00","0.74K","-0.71%"
"31-10-2024","12,888.00","13,070.00","13,070.00","12,820.00","1.87K","-1.77%"
"30-10-2024","13,120.00","13,188.00","13,250.00","13,068.00","0.53K","-0.44%"
"29-10-2024","13,178.00","13,010.00","13,192.00","13,010.00","0.71K","0.53%"
"28-10-2024","13,108.00","13,200.00","13,220.00","13,050.00","1.13K","-1.12%"
"25-10-2024","13,256.00","13,556.00","13,556.00","13,100.00","1.98K","-2.56%"
"24-10-2024","13,604.00","13,652.00","13,742.00","13,540.00","0.84K","-0.58%"
"23-10-2024","13,684.00","13,656.00","13,796.00","13,500.00","0.98K","0.21%"
"22-10-2024","13,656.00","13,852.00","13,900.00","13,530.00","1.11K","-1.46%"
"21-10-2024","13,858.00","13,800.00","14,012.00","13,674.00","1.98K","8.69%"
"18-10-2024","12,750.00","12,750.00","12,750.00","12,750.00","0.02K","0.00%"
"17-10-2024","12,750.00","12,368.00","12,940.00","12,368.00","0.02K","-1.02%"
"16-10-2024","12,882.00","13,146.00","13,206.00","12,816.00","3.64K","-1.68%"
"15-10-2024","13,102.00","13,012.00","13,126.00","12,936.00","3.06K","0.69%"
"14-10-2024","13,012.00","12,864.00","13,294.00","12,690.00","3.99K","0.90%"
"11-10-2024","12,896.00","13,102.00","13,280.00","12,786.00","2.65K","-2.39%"
"10-10-2024","13,212.00","13,322.00","13,488.00","13,020.00","2.93K","-1.31%"
"09-10-2024","13,388.00","13,312.00","13,670.00","13,300.00","3.11K","0.13%"
"08-10-2024","13,370.00","13,702.00","13,820.00","13,292.00","2.57K","-2.32%"
"07-10-2024","13,688.00","13,300.00","13,886.00","12,996.00","5.97K","2.52%"
"04-10-2024","13,352.00","13,840.00","13,890.00","13,292.00","4.09K","-2.21%"
"03-10-2024","13,654.00","13,550.00","13,750.00","13,490.00","2.42K","-1.73%"
"01-10-2024","13,894.00","13,950.00","13,952.00","13,740.00","2.00K","-0.94%"
"30-09-2024","14,026.00","14,250.00","14,300.00","13,860.00","1.71K","-2.34%"
"27-09-2024","14,362.00","14,492.00","14,580.00","14,086.00","1.91K","-1.24%"
"26-09-2024","14,542.00","14,700.00","14,778.00","14,368.00","1.45K","-1.12%"
"25-09-2024","14,706.00","14,570.00","14,840.00","14,510.00","3.30K","1.21%"
"24-09-2024","14,530.00","14,350.00","14,546.00","14,220.00","2.55K","1.25%"
"23-09-2024","14,350.00","14,548.00","14,548.00","14,202.00","2.16K","-0.44%"
"20-09-2024","14,414.00","14,110.00","14,440.00","14,000.00","2.34K","1.71%"
"19-09-2024","14,172.00","14,506.00","14,660.00","13,990.00","3.63K","-2.74%"
"18-09-2024","14,572.00","14,380.00","14,690.00","14,380.00","1.23K","1.01%"
"17-09-2024","14,426.00","14,470.00","14,600.00","14,360.00","1.25K","0.00%"
"16-09-2024","14,426.00","14,104.00","14,600.00","14,056.00","3.11K","1.99%"
"13-09-2024","14,144.00","13,650.00","14,214.00","13,484.00","4.26K","3.80%"
"12-09-2024","13,626.00","14,060.00","14,090.00","13,534.00","4.90K","-2.96%"
"11-09-2024","14,042.00","14,044.00","14,274.00","14,000.00","1.40K","-0.89%"
"10-09-2024","14,168.00","14,104.00","14,212.00","13,962.00","1.89K","-0.18%"
"09-09-2024","14,194.00","14,032.00","14,420.00","13,742.00","3.88K","1.28%"
"06-09-2024","14,014.00","14,340.00","14,340.00","13,850.00","2.79K","-1.34%"
"05-09-2024","14,204.00","13,698.00","14,312.00","13,672.00","5.14K","3.72%"
"04-09-2024","13,694.00","13,460.00","13,870.00","13,200.00","4.97K","1.95%"
"03-09-2024","13,432.00","13,528.00","13,528.00","13,086.00","5.28K","-1.45%"
"02-09-2024","13,630.00","13,850.00","13,950.00","13,500.00","5.01K","1.52%"
"30-08-2024","13,426.00","13,000.00","13,738.00","13,000.00","4.04K","0.06%"
"29-08-2024","13,418.00","12,772.00","13,600.00","12,410.00","9.30K","4.37%"
"28-08-2024","12,856.00","13,650.00","13,668.00","12,800.00","10.35K","-5.58%"
"27-08-2024","13,616.00","13,750.00","14,020.00","13,220.00","8.36K","-2.58%"
"26-08-2024","13,976.00","14,550.00","14,560.00","13,900.00","5.60K","-3.75%"
"23-08-2024","14,520.00","15,290.00","15,290.00","14,400.00","6.18K","-4.35%"
"22-08-2024","15,180.00","15,022.00","15,380.00","15,002.00","2.69K","0.08%"
"21-08-2024","15,168.00","16,030.00","16,030.00","15,126.00","7.67K","-3.55%"
"20-08-2024","15,726.00","15,800.00","15,800.00","15,690.00","0.88K","-0.24%"
"19-08-2024","15,764.00","15,620.00","15,848.00","15,620.00","0.55K","1.35%"
"16-08-2024","15,554.00","15,100.00","15,698.00","14,920.00","6.52K","2.26%"
"14-08-2024","15,210.00","15,522.00","15,602.00","15,134.00","4.85K","-1.81%"
"13-08-2024","15,490.00","15,550.00","15,708.00","15,450.00","2.63K","-0.65%"
"12-08-2024","15,592.00","15,620.00","15,800.00","15,136.00","3.93K","-1.10%"
"09-08-2024","15,766.00","15,900.00","15,948.00","15,710.00","2.48K","-0.63%"
"08-08-2024","15,866.00","15,794.00","16,080.00","15,780.00","3.87K","-0.06%"
"07-08-2024","15,876.00","15,874.00","15,990.00","15,770.00","2.82K","0.48%"
"06-08-2024","15,800.00","15,850.00","15,958.00","15,620.00","2.21K","-0.35%"
"05-08-2024","15,856.00","16,100.00","16,288.00","15,812.00","2.53K","-1.49%"
"02-08-2024","16,096.00","16,090.00","16,270.00","15,904.00","2.08K","0.60%"
"01-08-2024","16,000.00","15,832.00","16,074.00","15,782.00","1.65K","0.90%"
"31-07-2024","15,858.00","15,534.00","16,240.00","15,534.00","3.36K","2.11%"
"30-07-2024","15,530.00","15,562.00","15,788.00","14,970.00","2.41K","-0.40%"
"29-07-2024","15,592.00","15,848.00","15,848.00","15,560.00","1.24K","-0.81%"
"26-07-2024","15,720.00","15,742.00","15,894.00","15,640.00","1.42K","-0.18%"
"25-07-2024","15,748.00","15,888.00","15,976.00","15,702.00","1.11K","-1.56%"
"24-07-2024","15,998.00","16,000.00","16,160.00","15,844.00","1.49K","0.38%"
"23-07-2024","15,938.00","16,100.00","16,130.00","15,690.00","2.19K","-0.69%"
"22-07-2024","16,048.00","15,950.00","16,466.00","15,936.00","2.23K","1.08%"
"19-07-2024","15,876.00","16,080.00","16,080.00","15,800.00","1.67K","-2.11%"
"18-07-2024","16,218.00","15,800.00","16,530.00","15,790.00","4.88K","3.04%"
"16-07-2024","15,740.00","15,492.00","15,798.00","15,492.00","1.40K","1.61%"
"15-07-2024","15,490.00","15,988.00","16,188.00","15,050.00","3.95K","-2.74%"
"12-07-2024","15,926.00","16,070.00","16,070.00","15,770.00","1.79K","-1.15%"
"11-07-2024","16,112.00","15,510.00","16,198.00","15,510.00","4.42K","3.99%"
"10-07-2024","15,494.00","15,420.00","15,576.00","15,280.00","3.23K","0.28%"
"09-07-2024","15,450.00","15,260.00","15,564.00","15,100.00","2.85K","1.34%"
"08-07-2024","15,246.00","15,770.00","15,832.00","14,950.00","5.82K","-3.85%"
"05-07-2024","15,856.00","16,102.00","16,206.00","15,756.00","2.63K","-1.87%"
"04-07-2024","16,158.00","16,170.00","16,318.00","15,948.00","3.88K","-0.06%"
"03-07-2024","16,168.00","16,440.00","16,644.00","16,100.00","2.91K","-1.68%"
"02-07-2024","16,444.00","16,150.00","16,480.00","16,006.00","3.30K","1.90%"
"01-07-2024","16,138.00","16,900.00","16,900.00","15,930.00","6.75K","-4.64%"
"28-06-2024","16,924.00","17,390.00","17,452.00","16,850.00","3.03K","-2.79%"
"27-06-2024","17,410.00","17,462.00","17,776.00","17,242.00","4.22K","-0.58%"
"26-06-2024","17,512.00","17,400.00","17,590.00","17,270.00","2.53K","0.59%"
"25-06-2024","17,410.00","17,288.00","17,480.00","17,010.00","2.30K","1.03%"
"24-06-2024","17,232.00","17,052.00","17,400.00","16,802.00","2.79K","-0.82%"
"21-06-2024","17,374.00","18,150.00","18,150.00","17,106.00","5.49K","-2.94%"
"20-06-2024","17,900.00","17,900.00","17,900.00","17,900.00","0.01K","-1.85%"
"19-06-2024","18,238.00","18,238.00","18,238.00","18,238.00","","1.51%"
"18-06-2024","17,966.00","18,096.00","18,096.00","17,900.00","0.09K","3.10%"
"14-06-2024","17,426.00","17,608.00","17,608.00","17,326.00","0.06K","0.02%"
"13-06-2024","17,422.00","17,206.00","17,544.00","17,150.00","4.15K","0.81%"
"12-06-2024","17,282.00","17,276.00","17,580.00","17,052.00","4.59K","-0.17%"
"11-06-2024","17,312.00","17,192.00","17,816.00","17,050.00","2.24K","1.05%"
"10-06-2024","17,132.00","17,300.00","17,620.00","17,020.00","3.70K","-1.03%"
"07-06-2024","17,310.00","17,332.00","17,552.00","17,036.00","2.40K","-0.12%"
"06-06-2024","17,330.00","17,306.00","17,402.00","17,076.00","1.62K","0.50%"
"05-06-2024","17,244.00","16,750.00","17,800.00","16,368.00","5.08K","2.62%"
"04-06-2024","16,804.00","17,200.00","17,352.00","16,548.00","3.37K","-2.51%"
"03-06-2024","17,236.00","17,796.00","17,994.00","17,098.00","3.89K","-2.10%"
"31-05-2024","17,606.00","17,712.00","18,084.00","17,450.00","5.36K","-1.49%"
"30-05-2024","17,872.00","18,800.00","18,848.00","17,548.00","4.21K","-4.25%"
"29-05-2024","18,666.00","18,270.00","18,880.00","18,222.00","3.79K","0.10%"
"28-05-2024","18,648.00","19,752.00","19,888.00","18,648.00","7.22K","-6.00%"
"27-05-2024","19,838.00","20,214.00","20,430.00","19,708.00","5.88K","-0.67%"
"24-05-2024","19,972.00","19,278.00","20,172.00","19,200.00","4.81K","2.96%"
"23-05-2024","19,398.00","19,900.00","20,000.00","19,346.00","4.15K","-1.27%"
"22-05-2024","19,648.00","19,170.00","19,986.00","18,726.00","8.32K","3.67%"
"21-05-2024","18,952.00","18,040.00","18,952.00","18,040.00","6.46K","6.00%"
"17-05-2024","17,880.00","17,962.00","18,300.00","17,604.00","3.93K","-0.60%"
"16-05-2024","17,988.00","18,198.00","18,310.00","17,902.00","2.88K","-0.95%"
"15-05-2024","18,160.00","17,692.00","18,450.00","17,692.00","3.91K","1.37%"
"14-05-2024","17,914.00","18,276.00","18,366.00","17,754.00","5.06K","-1.89%"
"13-05-2024","18,260.00","18,418.00","18,696.00","18,180.00","2.25K","-2.34%"
"10-05-2024","18,698.00","18,794.00","18,872.00","18,000.00","4.32K","-0.17%"
"09-05-2024","18,730.00","18,802.00","18,950.00","18,630.00","1.91K","-0.78%"
"08-05-2024","18,878.00","18,402.00","19,100.00","18,150.00","4.16K","2.20%"
"07-05-2024","18,472.00","18,334.00","18,564.00","18,200.00","2.04K","0.39%"
"06-05-2024","18,400.00","18,648.00","18,648.00","18,132.00","3.37K","-2.29%"
"03-05-2024","18,832.00","19,350.00","19,378.00","18,740.00","3.70K","-1.68%"
"02-05-2024","19,154.00","19,400.00","19,488.00","18,960.00","4.19K","-0.30%"
"30-04-2024","19,212.00","18,998.00","19,320.00","18,824.00","1.91K","1.21%"
"29-04-2024","18,982.00","19,270.00","19,400.00","18,640.00","3.55K","-0.25%"
"26-04-2024","19,030.00","19,400.00","19,580.00","18,940.00","3.48K","-0.27%"
"25-04-2024","19,082.00","19,350.00","19,516.00","18,224.00","5.41K","-1.57%"
"24-04-2024","19,386.00","19,810.00","20,174.00","18,980.00","6.49K","-0.87%"
"23-04-2024","19,556.00","18,550.00","19,688.00","18,548.00","6.91K","5.29%"
"22-04-2024","18,574.00","18,220.00","18,902.00","18,220.00","3.22K","12.88%"
"19-04-2024","16,454.00","16,454.00","16,454.00","16,454.00","0.05K","0.00%"
"18-04-2024","16,454.00","16,454.00","16,454.00","16,454.00","0.02K","0.00%"
"16-04-2024","16,454.00","16,298.00","16,598.00","16,298.00","0.14K","2.95%"
"15-04-2024","15,982.00","16,000.00","16,038.00","15,930.00","0.47K","2.15%"
"12-04-2024","15,646.00","16,050.00","16,084.00","15,590.00","4.39K","-4.14%"
"10-04-2024","16,322.00","16,600.00","16,600.00","16,264.00","2.64K","-1.67%"
"09-04-2024","16,600.00","16,786.00","16,830.00","16,462.00","2.19K","-1.23%"
"08-04-2024","16,806.00","17,040.00","17,040.00","16,630.00","2.17K","-0.06%"
"05-04-2024","16,816.00","16,758.00","16,950.00","16,532.00","3.11K","0.18%"
"04-04-2024","16,786.00","16,874.00","17,036.00","16,624.00","3.05K","-0.25%"
"03-04-2024","16,828.00","16,640.00","16,948.00","16,640.00","3.25K","1.72%"
"02-04-2024","16,544.00","16,554.00","16,700.00","16,090.00","5.65K","0.05%"
"01-04-2024","16,536.00","17,150.00","17,150.00","16,324.00","4.45K","-3.51%"
"28-03-2024","17,138.00","17,492.00","17,580.00","16,800.00","3.73K","-1.62%"
"27-03-2024","17,420.00","17,450.00","17,758.00","17,234.00","1.76K","-0.26%"
"26-03-2024","17,466.00","17,618.00","18,186.00","17,222.00","3.57K","-0.13%"
"22-03-2024","17,488.00","16,798.00","17,748.00","16,510.00","6.53K","4.36%"
"21-03-2024","16,758.00","17,920.00","17,950.00","16,672.00","9.98K","-5.51%"
"20-03-2024","17,736.00","17,580.00","17,980.00","17,422.00","3.42K","1.27%"
"19-03-2024","17,514.00","17,518.00","17,700.00","17,090.00","3.49K","-0.17%"
"18-03-2024","17,544.00","17,800.00","18,050.00","17,062.00","4.82K","-0.60%"
"15-03-2024","17,650.00","18,670.00","18,798.00","17,620.00","5.01K","-5.84%"
"14-03-2024","18,744.00","19,120.00","19,120.00","18,310.00","4.60K","-3.23%"
"13-03-2024","19,370.00","18,692.00","19,776.00","18,560.00","4.72K","3.74%"
"12-03-2024","18,672.00","19,272.00","19,700.00","18,504.00","4.06K","-2.60%"
"11-03-2024","19,170.00","18,550.00","19,170.00","18,462.00","4.53K","5.99%"
"07-03-2024","18,086.00","17,600.00","18,428.00","17,470.00","6.15K","4.03%"
"06-03-2024","17,386.00","17,198.00","17,488.00","16,910.00","2.16K","1.82%"
"05-03-2024","17,076.00","17,500.00","17,500.00","16,980.00","2.25K","-2.32%"
"04-03-2024","17,482.00","16,990.00","17,778.00","16,850.00","4.39K","3.11%"
"01-03-2024","16,954.00","17,238.00","17,452.00","16,850.00","3.40K","-1.21%"
"29-02-2024","17,162.00","16,680.00","17,334.00","16,250.00","4.79K","2.94%"
"28-02-2024","16,672.00","16,700.00","16,900.00","16,484.00","3.20K","0.41%"
"27-02-2024","16,604.00","15,806.00","16,604.00","15,806.00","5.33K","5.99%"
"26-02-2024","15,666.00","15,350.00","15,898.00","15,302.00","2.33K","2.38%"
"23-02-2024","15,302.00","15,314.00","15,470.00","15,190.00","1.47K","0.33%"
"22-02-2024","15,252.00","15,400.00","15,540.00","15,154.00","1.51K","-1.18%"
"21-02-2024","15,434.00","15,700.00","15,754.00","15,326.00","1.69K","-0.89%"
"20-02-2024","15,572.00","15,330.00","15,780.00","15,240.00","2.99K","1.24%"
"19-02-2024","15,382.00","15,080.00","15,440.00","14,900.00","1.85K","1.26%"
"16-02-2024","15,190.00","15,344.00","15,620.00","15,112.00","1.72K","-0.91%"
"15-02-2024","15,330.00","15,040.00","15,568.00","14,900.00","2.80K","2.40%"
"14-02-2024","14,970.00","14,940.00","15,078.00","14,750.00","1.33K","0.48%"
"13-02-2024","14,898.00","14,742.00","15,080.00","14,456.00","1.81K","1.06%"
"12-02-2024","14,742.00","15,000.00","15,168.00","14,400.00","3.12K","-2.80%"
"09-02-2024","15,166.00","15,334.00","15,498.00","15,060.00","1.82K","-1.07%"
"08-02-2024","15,330.00","15,600.00","15,680.00","15,212.00","2.31K","-1.96%"
"07-02-2024","15,636.00","15,498.00","15,730.00","15,282.00","1.71K","0.67%"
"06-02-2024","15,532.00","15,900.00","15,950.00","15,400.00","2.35K","-1.56%"
"05-02-2024","15,778.00","15,614.00","15,900.00","14,818.00","5.28K","2.23%"
"02-02-2024","15,434.00","14,668.00","15,442.00","14,632.00","4.60K","5.94%"
"01-02-2024","14,568.00","14,054.00","14,638.00","13,952.00","3.47K","3.35%"
"31-01-2024","14,096.00","15,000.00","15,040.00","13,996.00","4.63K","-4.95%"
"30-01-2024","14,830.00","14,510.00","14,940.00","14,272.00","5.82K","-1.51%"
"29-01-2024","15,058.00","16,010.00","16,250.00","15,058.00","4.27K","-5.99%"
"25-01-2024","16,018.00","15,730.00","16,298.00","15,500.00","5.15K","1.33%"
"24-01-2024","15,808.00","15,966.00","16,170.00","15,630.00","6.34K","1.35%"
"23-01-2024","15,598.00","15,016.00","15,598.00","14,916.00","4.51K","5.99%"
"19-01-2024","14,716.00","13,890.00","14,716.00","13,850.00","5.43K","5.99%"
"18-01-2024","13,884.00","13,688.00","13,950.00","13,642.00","1.87K","1.21%"
"17-01-2024","13,718.00","13,940.00","14,036.00","13,552.00","2.20K","-1.28%"
"16-01-2024","13,896.00","13,660.00","13,978.00","13,600.00","2.34K","1.92%"
"15-01-2024","13,634.00","13,006.00","13,698.00","12,872.00","3.39K","5.38%"
"12-01-2024","12,938.00","13,050.00","13,088.00","12,650.00","1.49K","-0.90%"
"11-01-2024","13,056.00","13,284.00","13,300.00","12,966.00","1.29K","-1.08%"
"10-01-2024","13,198.00","13,346.00","13,346.00","13,110.00","1.14K","-1.08%"
"09-01-2024","13,342.00","13,010.00","13,448.00","12,840.00","2.72K","2.79%"
"08-01-2024","12,980.00","13,410.00","13,410.00","12,898.00","2.73K","-3.38%"
"05-01-2024","13,434.00","13,820.00","13,820.00","13,376.00","2.35K","-2.76%"
"04-01-2024","13,816.00","13,798.00","13,900.00","13,682.00","1.03K","0.45%"
"03-01-2024","13,754.00","14,090.00","14,090.00","13,632.00","2.52K","-2.55%"
"02-01-2024","14,114.00","14,144.00","14,186.00","13,900.00","1.22K","0.13%"
"01-01-2024","14,096.00","14,240.00","14,260.00","14,030.00","0.72K","-0.14%"
"29-12-2023","14,116.00","14,180.00","14,298.00","13,936.00","1.12K","-0.58%"
"28-12-2023","14,198.00","14,140.00","14,280.00","14,130.00","0.59K","0.41%"
"27-12-2023","14,140.00","14,222.00","14,312.00","14,002.00","0.93K","-0.98%"
"26-12-2023","14,280.00","14,250.00","14,488.00","14,130.00","1.38K","0.46%"
"22-12-2023","14,214.00","13,890.00","14,348.00","13,890.00","1.85K","1.78%"
"21-12-2023","13,966.00","14,026.00","14,150.00","13,866.00","1.35K","12.70%"
"20-12-2023","12,392.00","12,500.00","12,500.00","11,800.00","0.67K","1.04%"
"19-12-2023","12,264.00","12,348.00","12,348.00","12,200.00","0.13K","-2.04%"
"18-12-2023","12,520.00","12,702.00","12,702.00","12,334.00","0.55K","-3.48%"
"15-12-2023","12,972.00","12,816.00","13,100.00","12,720.00","0.69K","0.32%"
"14-12-2023","12,930.00","13,400.00","13,770.00","12,806.00","6.33K","-0.52%"
"13-12-2023","12,998.00","12,430.00","12,998.00","12,272.00","4.87K","5.98%"
"12-12-2023","12,264.00","12,290.00","12,424.00","12,186.00","1.53K","-0.57%"
"11-12-2023","12,334.00","12,510.00","12,650.00","12,310.00","2.42K","-1.75%"
"08-12-2023","12,554.00","12,550.00","12,750.00","12,502.00","2.66K","-0.46%"
"07-12-2023","12,612.00","12,624.00","12,784.00","12,550.00","2.26K","-1.75%"
"06-12-2023","12,836.00","12,750.00","12,928.00","12,720.00","1.50K","1.58%"
"05-12-2023","12,636.00","12,342.00","12,750.00","12,150.00","2.86K","2.17%"
"04-12-2023","12,368.00","12,820.00","12,858.00","12,294.00","2.98K","-1.76%"
"01-12-2023","12,590.00","12,846.00","12,940.00","12,516.00","1.29K","-1.61%"
"30-11-2023","12,796.00","12,990.00","12,992.00","12,590.00","1.50K","-0.88%"
"29-11-2023","12,910.00","13,158.00","13,346.00","12,810.00","2.55K","-2.45%"
"28-11-2023","13,234.00","13,046.00","13,526.00","12,900.00","3.47K","2.89%"
"24-11-2023","12,862.00","12,580.00","12,924.00","12,424.00","3.14K","3.49%"
"23-11-2023","12,428.00","12,284.00","12,580.00","12,114.00","2.03K","0.73%"
"22-11-2023","12,338.00","12,314.00","12,680.00","12,010.00","2.54K","0.00%"
"21-11-2023","12,338.00","12,450.00","12,840.00","12,102.00","3.59K","-1.26%"
"20-11-2023","12,496.00","12,590.00","12,800.00","12,360.00","2.38K","-1.59%"
"17-11-2023","12,698.00","13,360.00","13,420.00","12,616.00","4.79K","-5.38%"
"16-11-2023","13,420.00","13,430.00","13,486.00","13,244.00","0.91K","-0.77%"
"15-11-2023","13,524.00","13,658.00","13,800.00","13,404.00","1.23K","-0.03%"
"13-11-2023","13,528.00","13,598.00","13,658.00","13,488.00","0.79K","-0.04%"
"12-11-2023","13,534.00","13,598.00","13,650.00","13,530.00","0.33K","0.18%"
"10-11-2023","13,510.00","13,560.00","13,720.00","13,414.00","1.31K","0.03%"
"09-11-2023","13,506.00","13,424.00","13,550.00","13,232.00","1.48K","0.21%"
"08-11-2023","13,478.00","13,722.00","13,726.00","13,406.00","1.93K","-1.71%"
"07-11-2023","13,712.00","13,906.00","13,960.00","13,654.00","1.09K","-1.71%"
"06-11-2023","13,950.00","13,990.00","14,298.00","13,622.00","4.50K","0.75%"
"03-11-2023","13,846.00","13,510.00","13,988.00","13,510.00","1.70K","1.66%"
"02-11-2023","13,620.00","14,140.00","14,140.00","13,528.00","2.71K","-2.95%"
"01-11-2023","14,034.00","13,682.00","14,132.00","13,470.00","4.26K","4.54%"
"31-10-2023","13,424.00","13,700.00","13,720.00","13,300.00","1.50K","-2.07%"
"30-10-2023","13,708.00","13,570.00","13,908.00","13,370.00","3.14K","1.33%"
"27-10-2023","13,528.00","13,190.00","13,800.00","12,950.00","4.65K","3.33%"
"26-10-2023","13,092.00","13,270.00","13,432.00","12,960.00","2.89K","-0.91%"
"25-10-2023","13,212.00","13,590.00","13,590.00","12,854.00","2.95K","0.32%"
"23-10-2023","13,170.00","13,890.00","13,890.00","12,970.00","3.46K","-0.35%"
"20-10-2023","13,216.00","13,808.00","13,808.00","13,808.00","0.01K","0.00%"
"19-10-2023","13,216.00","13,302.00","13,302.00","12,960.00","0.06K","-3.48%"
"18-10-2023","13,692.00","13,612.00","13,800.00","13,600.00","0.06K","4.60%"
"17-10-2023","13,090.00","12,972.00","13,208.00","12,972.00","0.02K","3.07%"
"16-10-2023","12,700.00","12,358.00","13,066.00","12,104.00","2.82K","-1.34%"
"13-10-2023","12,872.00","12,780.00","13,100.00","12,722.00","1.81K","-0.63%"
"12-10-2023","12,954.00","12,988.00","13,192.00","12,550.00","1.41K","0.26%"
"11-10-2023","12,920.00","12,920.00","13,270.00","12,800.00","2.47K","-2.97%"
"10-10-2023","13,316.00","13,560.00","14,120.00","13,004.00","3.95K","-3.17%"
"09-10-2023","13,752.00","14,010.00","14,344.00","13,628.00","3.54K","-4.66%"
"06-10-2023","14,424.00","14,614.00","15,114.00","14,066.00","4.62K","-0.76%"
"05-10-2023","14,534.00","14,276.00","14,600.00","14,132.00","5.44K","2.48%"
"04-10-2023","14,182.00","13,998.00","14,462.00","13,756.00","4.28K","1.98%"
"03-10-2023","13,906.00","14,198.00","14,198.00","13,528.00","4.55K","-0.83%"
"29-09-2023","14,022.00","13,700.00","14,178.00","13,472.00","3.87K","4.83%"
"28-09-2023","13,376.00","13,290.00","13,500.00","12,772.00","3.60K","2.26%"
"27-09-2023","13,080.00","13,560.00","13,736.00","12,922.00","3.89K","-4.39%"
"26-09-2023","13,680.00","14,008.00","14,084.00","13,560.00","2.82K","-2.83%"
"25-09-2023","14,078.00","14,350.00","14,474.00","13,984.00","1.93K","-2.09%"
"22-09-2023","14,378.00","14,364.00","14,620.00","14,040.00","1.72K","-0.39%"
"21-09-2023","14,434.00","14,992.00","14,992.00","14,158.00","3.42K","-3.63%"
"20-09-2023","14,978.00","15,524.00","15,700.00","14,686.00","5.25K","-4.12%"
"18-09-2023","15,622.00","15,680.00","15,800.00","15,138.00","4.17K","0.21%"
"15-09-2023","15,590.00","15,100.00","15,718.00","15,100.00","7.60K","5.12%"
"14-09-2023","14,830.00","13,958.00","14,830.00","13,776.00","5.45K","5.99%"
"13-09-2023","13,992.00","13,750.00","14,098.00","13,750.00","2.79K","2.24%"
"12-09-2023","13,686.00","13,970.00","14,264.00","13,556.00","4.12K","-3.07%"
"11-09-2023","14,120.00","14,848.00","14,848.00","14,030.00","4.38K","-4.65%"
"08-09-2023","14,808.00","14,762.00","14,940.00","14,570.00","2.28K","0.71%"
"07-09-2023","14,704.00","15,010.00","15,090.00","14,534.00","5.60K","-2.69%"
"06-09-2023","15,110.00","15,190.00","15,300.00","14,880.00","1.69K","0.41%"
"05-09-2023","15,048.00","15,200.00","15,300.00","14,940.00","1.98K","-0.92%"
"04-09-2023","15,188.00","15,140.00","15,350.00","14,666.00","3.53K","0.49%"
"01-09-2023","15,114.00","15,100.00","15,578.00","14,830.00","5.09K","0.19%"
"31-08-2023","15,086.00","14,626.00","15,284.00","14,432.00","5.14K","4.34%"
"30-08-2023","14,458.00","14,100.00","14,632.00","13,810.00","5.43K","1.16%"
"29-08-2023","14,292.00","14,910.00","15,020.00","14,292.00","7.22K","-6.00%"
"28-08-2023","15,204.00","16,154.00","16,550.00","15,204.00","6.65K","-6.00%"
"25-08-2023","16,174.00","16,140.00","16,528.00","15,964.00","3.09K","0.58%"
"24-08-2023","16,080.00","16,288.00","16,392.00","16,002.00","3.11K","-0.56%"
"23-08-2023","16,170.00","16,290.00","16,380.00","15,552.00","5.54K","0.04%"
"22-08-2023","16,164.00","15,972.00","16,560.00","15,972.00","5.54K","1.04%"
"21-08-2023","15,998.00","16,390.00","16,720.00","15,880.00","5.34K","8.09%"
"18-08-2023","14,800.00","14,800.00","14,800.00","14,800.00","0.01K","0.86%"
"17-08-2023","14,674.00","14,800.00","14,800.00","14,562.00","0.06K","-0.96%"
"16-08-2023","14,816.00","14,980.00","14,990.00","13,988.00","0.14K","2.77%"
"14-08-2023","14,416.00","14,416.00","14,416.00","14,416.00","","-1.92%"
"11-08-2023","14,698.00","15,002.00","15,464.00","14,364.00","2.42K","-3.06%"
"10-08-2023","15,162.00","15,302.00","15,540.00","15,002.00","2.14K","-1.84%"
"09-08-2023","15,446.00","16,200.00","16,298.00","15,314.00","5.23K","-3.58%"
"08-08-2023","16,020.00","15,584.00","16,280.00","14,984.00","6.07K","4.26%"
"07-08-2023","15,366.00","15,580.00","15,580.00","14,516.00","5.07K","1.63%"
"04-08-2023","15,120.00","15,700.00","16,668.00","14,984.00","10.34K","-5.14%"
"03-08-2023","15,940.00","15,700.00","16,054.00","15,200.00","7.04K","2.48%"
"02-08-2023","15,554.00","15,166.00","15,790.00","14,888.00","8.10K","3.03%"
"01-08-2023","15,096.00","15,540.00","15,754.00","14,700.00","7.22K","-1.27%"
"31-07-2023","15,290.00","15,362.00","15,550.00","14,814.00","10.49K","3.51%"
"28-07-2023","14,772.00","14,360.00","14,772.00","14,360.00","5.33K","6.00%"
"27-07-2023","13,936.00","14,040.00","14,140.00","13,522.00","7.35K","-0.10%"
"26-07-2023","13,950.00","13,760.00","14,248.00","13,720.00","11.62K","2.69%"
"25-07-2023","13,584.00","12,800.00","13,584.00","12,760.00","9.58K","5.99%"
"24-07-2023","12,816.00","13,080.00","13,398.00","12,730.00","11.11K","-2.76%"
"21-07-2023","13,180.00","13,406.00","13,668.00","13,000.00","10.69K","0.21%"
"20-07-2023","13,152.00","12,860.00","13,532.00","12,766.00","14.35K","2.65%"
"19-07-2023","12,812.00","12,350.00","12,876.00","12,060.00","15.16K","5.45%"
"18-07-2023","12,150.00","12,062.00","12,380.00","11,722.00","12.46K","-0.48%"
"17-07-2023","12,208.00","12,314.00","12,514.00","11,900.00","16.18K","3.09%"
"14-07-2023","11,842.00","11,300.00","11,972.00","11,230.00","12.52K","4.83%"
"13-07-2023","11,296.00","10,846.00","11,506.00","10,720.00","9.76K","2.75%"
"12-07-2023","10,994.00","11,180.00","11,180.00","10,666.00","8.37K","1.08%"
"11-07-2023","10,876.00","10,400.00","10,944.00","10,400.00","12.11K","5.33%"
"10-07-2023","10,326.00","9,946.00","10,326.00","9,946.00","5.81K","5.99%"
"07-07-2023","9,742.00","9,534.00","9,798.00","9,460.00","6.09K","1.73%"
"06-07-2023","9,576.00","10,000.00","10,124.00","9,540.00","9.64K","-3.62%"
"05-07-2023","9,936.00","9,850.00","9,980.00","9,520.00","9.48K","0.69%"
"04-07-2023","9,868.00","9,852.00","10,050.00","9,720.00","8.35K","-1.38%"
"03-07-2023","10,006.00","10,050.00","10,376.00","9,850.00","7.90K","1.50%"
"30-06-2023","9,858.00","9,600.00","10,048.00","9,600.00","8.46K","3.57%"
"28-06-2023","9,518.00","9,300.00","9,838.00","9,300.00","8.57K","2.45%"
"27-06-2023","9,290.00","9,180.00","9,420.00","9,152.00","3.97K","1.07%"
"26-06-2023","9,192.00","9,300.00","9,450.00","9,108.00","6.61K","-1.33%"
"23-06-2023","9,316.00","9,402.00","9,512.00","9,110.00","6.77K","-1.15%"
"22-06-2023","9,424.00","9,600.00","9,718.00","9,304.00","5.91K","-1.30%"
"21-06-2023","9,548.00","8,960.00","9,560.00","8,800.00","8.36K","8.35%"
"20-06-2023","8,812.00","8,900.00","9,100.00","8,700.00","0.29K","-1.94%"
"19-06-2023","8,986.00","8,882.00","9,054.00","8,882.00","0.69K","5.20%"
"16-06-2023","8,542.00","8,400.00","8,600.00","8,290.00","0.32K","0.02%"
"15-06-2023","8,540.00","8,450.00","8,550.00","8,398.00","0.37K","5.02%"
"14-06-2023","8,132.00","7,722.00","8,132.00","7,720.00","2.16K","6.00%"
"13-06-2023","7,672.00","7,560.00","7,724.00","7,560.00","2.22K","1.54%"
"12-06-2023","7,556.00","7,600.00","7,600.00","7,512.00","2.51K","-0.92%"
"09-06-2023","7,626.00","7,556.00","7,738.00","7,554.00","3.39K","0.00%"
"08-06-2023","7,626.00","7,652.00","7,786.00","7,564.00","1.85K","-0.78%"
"07-06-2023","7,686.00","7,466.00","7,720.00","7,450.00","4.39K","2.84%"
"06-06-2023","7,474.00","7,512.00","7,524.00","7,440.00","2.71K","-0.64%"
"05-06-2023","7,522.00","7,530.00","7,614.00","7,496.00","2.32K","-0.21%"
"02-06-2023","7,538.00","7,604.00","7,692.00","7,516.00","4.47K","-2.63%"
"01-06-2023","7,742.00","7,980.00","7,980.00","7,656.00","2.77K","-2.91%"
"31-05-2023","7,974.00","7,882.00","7,996.00","7,832.00","2.01K","0.66%"
"30-05-2023","7,922.00","8,080.00","8,090.00","7,826.00","2.19K","-1.39%"
"29-05-2023","8,034.00","8,050.00","8,140.00","7,990.00","2.39K","-0.20%"
"26-05-2023","8,050.00","8,190.00","8,220.00","8,000.00","3.75K","-1.20%"
"25-05-2023","8,148.00","8,230.00","8,270.00","8,032.00","3.64K","-0.51%"
"24-05-2023","8,190.00","7,884.00","8,230.00","7,858.00","6.88K","4.38%"
"23-05-2023","7,846.00","7,896.00","7,896.00","7,626.00","4.94K","-1.03%"
"22-05-2023","7,928.00","8,180.00","8,180.00","7,770.00","5.65K","-3.58%"
"19-05-2023","8,222.00","8,190.00","8,382.00","8,110.00","5.31K","1.61%"
"18-05-2023","8,092.00","8,056.00","8,100.00","8,056.00","0.29K","-3.55%"
"17-05-2023","8,390.00","8,366.00","8,400.00","8,364.00","0.39K","0.77%"
"16-05-2023","8,326.00","8,200.00","8,350.00","8,200.00","0.24K","2.51%"
"15-05-2023","8,122.00","7,948.00","8,148.00","7,948.00","0.19K","3.65%"
"12-05-2023","7,836.00","7,480.00","7,882.00","7,400.00","2.24K","5.38%"
"11-05-2023","7,436.00","7,562.00","7,600.00","7,350.00","2.57K","-1.67%"
"10-05-2023","7,562.00","7,440.00","7,700.00","7,440.00","4.37K","2.00%"
"09-05-2023","7,414.00","7,420.00","7,550.00","7,372.00","2.31K","-0.64%"
"08-05-2023","7,462.00","7,402.00","7,556.00","7,338.00","3.17K","0.43%"
"05-05-2023","7,430.00","7,498.00","7,590.00","7,346.00","5.03K","0.03%"
"04-05-2023","7,428.00","7,188.00","7,478.00","7,188.00","3.70K","2.97%"
"03-05-2023","7,214.00","7,148.00","7,470.00","7,040.00","8.89K","1.26%"
"02-05-2023","7,124.00","6,730.00","7,130.00","6,730.00","6.28K","5.89%"
"28-04-2023","6,728.00","6,650.00","6,792.00","6,640.00","2.08K","0.87%"
"27-04-2023","6,670.00","6,730.00","6,744.00","6,640.00","1.44K","-1.01%"
"26-04-2023","6,738.00","6,510.00","6,798.00","6,452.00","4.03K","3.00%"
"25-04-2023","6,542.00","6,510.00","6,586.00","6,510.00","1.56K","-0.85%"
"24-04-2023","6,598.00","6,690.00","6,714.00","6,574.00","2.30K","-1.70%"
"21-04-2023","6,712.00","6,762.00","6,788.00","6,600.00","3.18K","0.24%"
"20-04-2023","6,696.00","6,670.00","6,722.00","6,658.00","0.64K","-0.06%"
"19-04-2023","6,700.00","6,786.00","6,816.00","6,650.00","2.06K","-0.86%"
"18-04-2023","6,758.00","6,760.00","6,760.00","6,740.00","0.23K","-0.32%"
"17-04-2023","6,780.00","6,874.00","6,874.00","6,768.00","0.62K","-0.44%"
"13-04-2023","6,810.00","6,758.00","6,838.00","6,750.00","0.71K","1.01%"
"12-04-2023","6,742.00","6,766.00","6,778.00","6,722.00","0.72K","0.42%"
"11-04-2023","6,714.00","6,768.00","6,798.00","6,680.00","5.74K","-0.97%"
"10-04-2023","6,780.00","6,950.00","7,110.00","6,752.00","4.59K","-2.14%"
"06-04-2023","6,928.00","6,952.00","6,990.00","6,904.00","2.43K","-0.06%"
"05-04-2023","6,932.00","6,898.00","6,968.00","6,890.00","1.63K","0.70%"
"03-04-2023","6,884.00","6,878.00","6,928.00","6,834.00","1.04K","0.41%"
"31-03-2023","6,856.00","6,830.00","6,900.00","6,806.00","1.28K","0.44%"
"29-03-2023","6,826.00","6,918.00","6,918.00","6,804.00","1.83K","-1.04%"
"28-03-2023","6,898.00","6,860.00","6,920.00","6,822.00","1.23K","0.64%"
"27-03-2023","6,854.00","6,906.00","7,012.00","6,822.00","1.97K","-0.61%"
"24-03-2023","6,896.00","7,026.00","7,162.00","6,880.00","3.45K","-1.51%"
"23-03-2023","7,002.00","6,920.00","7,038.00","6,920.00","1.38K","1.07%"
"22-03-2023","6,928.00","6,850.00","7,048.00","6,836.00","2.52K","0.67%"
"21-03-2023","6,882.00","6,800.00","6,888.00","6,774.00","1.29K","1.30%"
"20-03-2023","6,794.00","6,740.00","6,832.00","6,730.00","1.22K","1.16%"
"17-03-2023","6,716.00","6,760.00","6,780.00","6,668.00","1.05K","-0.27%"
"16-03-2023","6,734.00","6,776.00","6,776.00","6,670.00","0.94K","-0.62%"
"15-03-2023","6,776.00","6,818.00","6,818.00","6,700.00","1.16K","-0.15%"
"14-03-2023","6,786.00","6,770.00","6,822.00","6,738.00","1.23K","0.21%"
"13-03-2023","6,772.00","6,900.00","6,900.00","6,730.00","2.42K","-2.05%"
"10-03-2023","6,914.00","6,900.00","7,036.00","6,894.00","1.85K","0.12%"
"09-03-2023","6,906.00","6,886.00","6,922.00","6,850.00","0.91K","-0.17%"
"08-03-2023","6,918.00","6,900.00","6,928.00","6,840.00","1.08K","0.12%"
"06-03-2023","6,910.00","6,950.00","6,986.00","6,884.00","0.92K","-0.86%"
"03-03-2023","6,970.00","7,072.00","7,072.00","6,876.00","1.85K","-1.02%"
"02-03-2023","7,042.00","7,130.00","7,154.00","7,026.00","0.76K","-1.18%"
"01-03-2023","7,126.00","7,188.00","7,244.00","7,082.00","1.69K","-0.64%"
"28-02-2023","7,172.00","7,054.00","7,188.00","7,054.00","1.89K","1.82%"
"27-02-2023","7,044.00","7,082.00","7,090.00","7,002.00","1.01K","-0.65%"
"24-02-2023","7,090.00","7,206.00","7,280.00","7,050.00","2.06K","-1.58%"
"23-02-2023","7,204.00","7,040.00","7,238.00","6,966.00","2.66K","2.33%"
"22-02-2023","7,040.00","7,108.00","7,126.00","6,960.00","1.72K","-0.79%"
"21-02-2023","7,096.00","7,128.00","7,200.00","7,022.00","2.38K","0.57%"
"20-02-2023","7,056.00","6,864.00","7,092.00","6,800.00","1.73K","1.55%"
"17-02-2023","6,948.00","6,920.00","6,992.00","6,880.00","0.68K","0.09%"
"16-02-2023","6,942.00","7,076.00","7,098.00","6,900.00","1.53K","-1.56%"
"15-02-2023","7,052.00","6,900.00","7,056.00","6,842.00","1.81K","2.35%"
"14-02-2023","6,890.00","6,908.00","6,966.00","6,830.00","1.66K","-0.58%"
"13-02-2023","6,930.00","6,922.00","7,050.00","6,880.00","0.67K","-0.43%"
"10-02-2023","6,960.00","7,000.00","7,050.00","6,904.00","1.10K","-0.71%"
"09-02-2023","7,010.00","7,150.00","7,150.00","6,934.00","1.47K","-0.99%"
"08-02-2023","7,080.00","7,250.00","7,290.00","7,002.00","2.49K","-2.69%"
"07-02-2023","7,276.00","7,282.00","7,438.00","7,250.00","2.90K","-0.33%"
"06-02-2023","7,300.00","7,390.00","7,390.00","7,284.00","1.16K","-1.14%"
"03-02-2023","7,384.00","7,280.00","7,440.00","7,280.00","1.29K","0.87%"
"02-02-2023","7,320.00","7,336.00","7,344.00","7,238.00","0.78K","-0.25%"
"01-02-2023","7,338.00","7,350.00","7,440.00","7,260.00","1.94K","-0.08%"
"31-01-2023","7,344.00","7,310.00","7,366.00","7,180.00","2.10K","1.16%"
"30-01-2023","7,260.00","7,412.00","7,412.00","7,218.00","2.37K","-1.73%"
"27-01-2023","7,388.00","7,772.00","7,790.00","7,304.00","3.93K","-4.60%"
"25-01-2023","7,744.00","7,888.00","7,888.00","7,716.00","2.11K","-1.65%"
"24-01-2023","7,874.00","7,870.00","7,946.00","7,830.00","0.76K","-0.13%"
"23-01-2023","7,884.00","7,998.00","8,036.00","7,840.00","1.21K","-1.79%"
"20-01-2023","8,028.00","8,056.00","8,120.00","7,960.00","1.46K","-0.57%"
"19-01-2023","8,074.00","8,166.00","8,190.00","8,000.00","2.23K","-0.84%"
"18-01-2023","8,142.00","7,936.00","8,152.00","7,902.00","3.56K","2.85%"
"17-01-2023","7,916.00","7,790.00","7,938.00","7,780.00","1.57K","1.83%"
"16-01-2023","7,774.00","7,750.00","7,810.00","7,704.00","0.96K","0.47%"
"13-01-2023","7,738.00","7,850.00","7,878.00","7,712.00","1.45K","-1.15%"
"12-01-2023","7,828.00","7,868.00","7,868.00","7,798.00","0.75K","0.10%"
"11-01-2023","7,820.00","7,836.00","7,884.00","7,810.00","0.47K","-0.18%"
"10-01-2023","7,834.00","7,942.00","7,942.00","7,806.00","1.03K","-1.63%"
"09-01-2023","7,964.00","7,856.00","7,978.00","7,840.00","1.87K","1.74%"
"06-01-2023","7,828.00","7,950.00","7,950.00","7,672.00","2.07K","0.41%"
"05-01-2023","7,796.00","7,960.00","7,960.00","7,762.00","2.11K","-2.04%"
"04-01-2023","7,958.00","7,832.00","7,980.00","7,816.00","2.98K","0.56%"
"03-01-2023","7,914.00","8,200.00","8,240.00","7,852.00","4.38K","-4.05%"
"02-01-2023","8,248.00","8,260.00","8,266.00","8,200.00","1.51K","-0.34%"
"30-12-2022","8,276.00","8,298.00","8,348.00","8,250.00","1.86K","-0.14%"
"29-12-2022","8,288.00","8,330.00","8,330.00","8,210.00","1.30K","-0.24%"
"28-12-2022","8,308.00","8,312.00","8,370.00","8,260.00","1.11K","-0.50%"
"27-12-2022","8,350.00","8,490.00","8,522.00","8,290.00","1.58K","-0.62%"
"26-12-2022","8,402.00","8,440.00","8,470.00","8,262.00","1.99K","-0.73%"
"23-12-2022","8,464.00","8,660.00","8,688.00","8,430.00","2.05K","-1.51%"
"22-12-2022","8,594.00","8,710.00","8,720.00","8,548.00","1.00K","-0.58%"
"21-12-2022","8,644.00","8,644.00","8,730.00","8,502.00","1.95K","12.49%"
"20-12-2022","7,684.00","7,700.00","7,700.00","7,650.00","0.26K","3.45%"
"19-12-2022","7,428.00","7,428.00","7,428.00","7,428.00","","-1.56%"
"16-12-2022","7,546.00","7,546.00","7,546.00","7,546.00","0.01K","1.13%"
"15-12-2022","7,462.00","7,398.00","7,550.00","7,398.00","0.36K","2.78%"
"14-12-2022","7,260.00","7,106.00","7,300.00","7,104.00","1.91K","0.44%"
"13-12-2022","7,228.00","7,198.00","7,344.00","7,092.00","2.12K","0.98%"
"12-12-2022","7,158.00","6,914.00","7,200.00","6,800.00","2.08K","1.59%"
"09-12-2022","7,046.00","7,124.00","7,154.00","7,000.00","2.41K","-0.84%"
"08-12-2022","7,106.00","7,048.00","7,166.00","6,970.00","3.99K","1.25%"
"07-12-2022","7,018.00","7,062.00","7,090.00","7,000.00","2.37K","-1.02%"
"06-12-2022","7,090.00","7,150.00","7,152.00","7,080.00","1.04K","-0.89%"
"05-12-2022","7,154.00","7,240.00","7,240.00","7,140.00","2.04K","-0.22%"
"02-12-2022","7,170.00","7,150.00","7,218.00","7,150.00","1.25K","0.14%"
"01-12-2022","7,160.00","7,160.00","7,246.00","7,104.00","1.08K","-0.31%"
"30-11-2022","7,182.00","7,320.00","7,320.00","7,160.00","1.53K","-1.21%"
"29-11-2022","7,270.00","7,078.00","7,288.00","7,078.00","1.51K","2.08%"
"28-11-2022","7,122.00","7,200.00","7,236.00","7,050.00","1.50K","-0.48%"
"25-11-2022","7,156.00","7,466.00","7,466.00","7,064.00","2.86K","-2.75%"
"24-11-2022","7,358.00","7,328.00","7,394.00","7,250.00","1.02K","1.07%"
"23-11-2022","7,280.00","7,190.00","7,300.00","7,190.00","1.74K","0.66%"
"22-11-2022","7,232.00","7,470.00","7,488.00","7,180.00","3.89K","-3.29%"
"21-11-2022","7,478.00","7,550.00","7,550.00","7,428.00","1.47K","-1.06%"
"18-11-2022","7,558.00","7,560.00","7,600.00","7,460.00","0.59K","-1.02%"
"17-11-2022","7,636.00","7,636.00","7,636.00","7,636.00","0.03K","0.00%"
"16-11-2022","7,636.00","7,614.00","7,640.00","7,566.00","0.76K","1.49%"
"15-11-2022","7,524.00","7,580.00","7,580.00","7,412.00","0.02K","-1.29%"
"14-11-2022","7,622.00","7,604.00","7,768.00","7,366.00","2.52K","1.41%"
"11-11-2022","7,516.00","7,394.00","7,570.00","7,394.00","1.79K","1.71%"
"10-11-2022","7,390.00","7,460.00","7,480.00","7,356.00","1.89K","-0.67%"
"09-11-2022","7,440.00","7,330.00","7,478.00","7,302.00","2.52K","1.31%"
"07-11-2022","7,344.00","7,368.00","7,420.00","7,320.00","2.49K","0.60%"
"04-11-2022","7,300.00","7,274.00","7,340.00","7,150.00","4.58K","0.77%"
"03-11-2022","7,244.00","7,300.00","7,318.00","7,224.00","1.21K","-0.49%"
"02-11-2022","7,280.00","7,146.00","7,414.00","7,146.00","3.55K","0.89%"
"01-11-2022","7,216.00","7,228.00","7,302.00","7,132.00","2.39K","-0.55%"
"31-10-2022","7,256.00","7,446.00","7,492.00","7,220.00","3.31K","-2.53%"
"28-10-2022","7,444.00","7,380.00","7,510.00","7,322.00","2.15K","-0.24%"
"27-10-2022","7,462.00","7,646.00","7,848.00","7,434.00","3.45K","-1.45%"
"25-10-2022","7,572.00","7,718.00","7,718.00","7,472.00","1.45K","-1.66%"
"24-10-2022","7,700.00","7,670.00","7,708.00","7,640.00","0.58K","0.81%"
"21-10-2022","7,638.00","7,422.00","7,690.00","7,422.00","2.08K","6.94%"
"20-10-2022","7,142.00","7,544.00","7,544.00","7,544.00","0.04K","0.00%"
"19-10-2022","7,142.00","7,166.00","7,166.00","7,120.00","0.03K","3.63%"
"18-10-2022","6,892.00","6,900.00","6,900.00","6,870.00","0.25K","-3.66%"
"17-10-2022","7,154.00","7,154.00","7,154.00","7,154.00","0.01K","3.14%"
"14-10-2022","6,936.00","7,296.00","7,444.00","6,906.00","1.47K","-5.04%"
"13-10-2022","7,304.00","7,020.00","7,410.00","6,844.00","3.39K","4.40%"
"12-10-2022","6,996.00","7,020.00","7,080.00","6,952.00","1.61K","0.03%"
"11-10-2022","6,994.00","6,884.00","7,048.00","6,860.00","2.04K","0.92%"
"10-10-2022","6,930.00","6,812.00","6,974.00","6,812.00","2.90K","0.46%"
"07-10-2022","6,898.00","7,098.00","7,104.00","6,852.00","4.10K","-2.63%"
"06-10-2022","7,084.00","7,100.00","7,200.00","7,060.00","2.46K","0.08%"
"04-10-2022","7,078.00","6,974.00","7,182.00","6,950.00","3.65K","1.78%"
"03-10-2022","6,954.00","6,870.00","7,012.00","6,812.00","2.62K","1.58%"
"30-09-2022","6,846.00","6,784.00","6,866.00","6,770.00","1.29K","0.35%"
"29-09-2022","6,822.00","6,740.00","6,858.00","6,688.00","1.54K","0.09%"
"28-09-2022","6,816.00","6,860.00","6,866.00","6,784.00","0.82K","-0.23%"
"27-09-2022","6,832.00","6,810.00","6,880.00","6,800.00","0.69K","0.29%"
"26-09-2022","6,812.00","6,802.00","6,868.00","6,734.00","2.48K","-0.53%"
"23-09-2022","6,848.00","7,040.00","7,138.00","6,824.00","4.77K","-3.93%"
"22-09-2022","7,128.00","7,260.00","7,270.00","7,060.00","2.79K","-1.52%"
"21-09-2022","7,238.00","7,280.00","7,290.00","7,218.00","1.29K","-1.71%"
"20-09-2022","7,364.00","7,262.00","7,262.00","7,262.00","","3.75%"
"19-09-2022","7,098.00","7,098.00","7,098.00","7,098.00","0.07K","1.05%"
"16-09-2022","7,024.00","7,080.00","7,080.00","6,940.00","0.06K","-1.04%"
"15-09-2022","7,098.00","7,098.00","7,098.00","7,098.00","0.09K","1.98%"
"14-09-2022","6,960.00","6,806.00","7,010.00","6,740.00","2.63K","1.78%"
"13-09-2022","6,838.00","6,758.00","6,922.00","6,710.00","2.65K","1.30%"
"12-09-2022","6,750.00","6,810.00","6,844.00","6,710.00","3.94K","-1.66%"
"09-09-2022","6,864.00","7,004.00","7,040.00","6,834.00","3.68K","-2.42%"
"08-09-2022","7,034.00","7,124.00","7,148.00","7,020.00","5.87K","-0.85%"
"07-09-2022","7,094.00","7,088.00","7,120.00","7,064.00","0.64K","-0.20%"
"06-09-2022","7,108.00","7,050.00","7,160.00","7,018.00","2.54K","0.65%"
"05-09-2022","7,062.00","7,100.00","7,100.00","6,970.00","1.31K","-0.90%"
"02-09-2022","7,126.00","7,154.00","7,164.00","7,086.00","1.22K","-0.34%"
"01-09-2022","7,150.00","7,000.00","7,170.00","6,940.00","2.41K","1.39%"
"30-08-2022","7,052.00","7,190.00","7,190.00","6,988.00","3.13K","-1.45%"
"29-08-2022","7,156.00","7,240.00","7,272.00","7,140.00","2.20K","-1.27%"
"26-08-2022","7,248.00","7,232.00","7,268.00","7,192.00","1.40K","0.25%"
"25-08-2022","7,230.00","7,182.00","7,320.00","7,182.00","2.06K","0.17%"
"24-08-2022","7,218.00","7,210.00","7,248.00","7,120.00","1.88K","0.45%"
"23-08-2022","7,186.00","7,182.00","7,224.00","7,138.00","1.56K","-0.44%"
"22-08-2022","7,218.00","7,292.00","7,336.00","7,182.00","2.48K","-1.50%"
"19-08-2022","7,328.00","7,380.00","7,380.00","7,254.00","0.85K","-0.46%"
"18-08-2022","7,362.00","7,360.00","7,444.00","7,274.00","2.54K","4.81%"
"17-08-2022","7,024.00","7,050.00","7,068.00","7,000.00","0.10K","3.32%"
"16-08-2022","6,798.00","6,798.00","6,798.00","6,798.00","0.05K","0.00%"
"12-08-2022","6,798.00","6,638.00","6,958.00","6,638.00","0.02K","-1.11%"
"11-08-2022","6,874.00","6,806.00","6,986.00","6,806.00","0.17K","-2.11%"
"10-08-2022","7,022.00","7,278.00","7,338.00","6,896.00","9.25K","-4.28%"
"08-08-2022","7,336.00","7,302.00","7,430.00","7,254.00","6.67K","-0.43%"
"05-08-2022","7,368.00","7,418.00","7,438.00","7,310.00","2.92K","0.14%"
"04-08-2022","7,358.00","7,470.00","7,526.00","7,234.00","4.09K","-1.97%"
"03-08-2022","7,506.00","7,600.00","7,600.00","7,414.00","4.10K","-1.05%"
"02-08-2022","7,586.00","7,822.00","7,822.00","7,506.00","2.49K","-2.34%"
"01-08-2022","7,768.00","7,698.00","7,784.00","7,690.00","1.32K","1.01%"
"29-07-2022","7,690.00","7,732.00","7,816.00","7,660.00","1.68K","-0.85%"
"28-07-2022","7,756.00","7,812.00","7,812.00","7,716.00","0.92K","0.13%"
"27-07-2022","7,746.00","7,800.00","7,840.00","7,728.00","0.87K","-0.77%"
"26-07-2022","7,806.00","7,680.00","7,872.00","7,622.00","2.67K","1.51%"
"25-07-2022","7,690.00","7,680.00","7,704.00","7,600.00","1.66K","-0.21%"
"22-07-2022","7,706.00","7,816.00","7,880.00","7,552.00","2.90K","-1.78%"
"21-07-2022","7,846.00","7,820.00","7,870.00","7,772.00","1.06K","4.45%"
"20-07-2022","7,512.00","7,818.00","7,818.00","7,818.00","0.01K","0.00%"
"19-07-2022","7,512.00","7,352.00","7,670.00","7,352.00","0.06K","-1.68%"
"18-07-2022","7,640.00","7,640.00","7,640.00","7,640.00","0.16K","-0.42%"
"15-07-2022","7,672.00","7,734.00","7,734.00","7,656.00","0.66K","-0.65%"
"14-07-2022","7,722.00","7,796.00","7,828.00","7,700.00","2.51K","-1.15%"
"13-07-2022","7,812.00","7,912.00","7,912.00","7,790.00","3.09K","-1.34%"
"12-07-2022","7,918.00","7,762.00","7,964.00","7,730.00","3.00K","1.83%"
"11-07-2022","7,776.00","7,838.00","7,894.00","7,750.00","4.65K","0.47%"
"08-07-2022","7,740.00","7,910.00","7,948.00","7,716.00","3.25K","-1.20%"
"07-07-2022","7,834.00","7,940.00","7,980.00","7,820.00","1.17K","-1.26%"
"06-07-2022","7,934.00","8,028.00","8,038.00","7,910.00","1.25K","-1.29%"
"05-07-2022","8,038.00","8,022.00","8,286.00","7,976.00","4.77K","-0.86%"
"04-07-2022","8,108.00","7,904.00","8,160.00","7,850.00","3.61K","2.79%"
"01-07-2022","7,888.00","7,802.00","7,980.00","7,730.00","3.18K","0.92%"
"30-06-2022","7,816.00","7,822.00","7,886.00","7,750.00","2.04K","-0.15%"
"29-06-2022","7,828.00","7,948.00","7,948.00","7,606.00","1.21K","-0.89%"
"28-06-2022","7,898.00","7,878.00","7,946.00","7,840.00","1.31K","0.51%"
"27-06-2022","7,858.00","7,772.00","7,876.00","7,720.00","1.04K","0.95%"
"24-06-2022","7,784.00","7,870.00","7,870.00","7,760.00","0.89K","-1.02%"
"23-06-2022","7,864.00","7,864.00","7,878.00","7,784.00","0.95K","0.20%"
"22-06-2022","7,848.00","7,710.00","7,890.00","7,710.00","2.21K","1.45%"
"21-06-2022","7,736.00","7,680.00","7,818.00","7,656.00","1.58K","0.99%"
"20-06-2022","7,660.00","7,580.00","7,660.00","7,580.00","0.01K","-2.96%"
"17-06-2022","7,894.00","7,894.00","7,894.00","7,894.00","0.01K","-3.99%"
"16-06-2022","8,222.00","8,222.00","8,222.00","8,222.00","","2.96%"
"15-06-2022","7,986.00","7,990.00","7,990.00","7,980.00","0.02K","1.22%"
"14-06-2022","7,890.00","7,954.00","7,964.00","7,872.00","3.28K","-0.90%"
"13-06-2022","7,962.00","8,038.00","8,128.00","7,950.00","4.65K","-0.85%"
"10-06-2022","8,030.00","8,036.00","8,092.00","8,004.00","3.30K","-0.86%"
"09-06-2022","8,100.00","8,080.00","8,190.00","8,070.00","2.97K","0.35%"
"08-06-2022","8,072.00","8,050.00","8,090.00","8,010.00","1.87K","0.45%"
"07-06-2022","8,036.00","8,188.00","8,188.00","7,990.00","3.41K","0.50%"
"06-06-2022","7,996.00","7,906.00","8,098.00","7,906.00","1.84K","-0.10%"
"03-06-2022","8,004.00","7,930.00","8,050.00","7,930.00","1.76K","0.60%"
"02-06-2022","7,956.00","7,890.00","7,970.00","7,872.00","1.58K","0.51%"
"01-06-2022","7,916.00","7,928.00","7,982.00","7,840.00","1.61K","-0.03%"
"31-05-2022","7,918.00","8,010.00","8,048.00","7,878.00","2.20K","-1.17%"
"30-05-2022","8,012.00","8,038.00","8,068.00","7,932.00","1.47K","0.12%"
"27-05-2022","8,002.00","7,920.00","8,102.00","7,920.00","2.43K","1.06%"
"26-05-2022","7,918.00","7,900.00","7,980.00","7,830.00","2.99K","0.03%"
"25-05-2022","7,916.00","8,210.00","8,216.00","7,878.00","3.95K","-3.53%"
"24-05-2022","8,206.00","8,294.00","8,294.00","8,144.00","1.60K","-0.63%"
"23-05-2022","8,258.00","8,236.00","8,350.00","8,200.00","2.06K","2.13%"
"20-05-2022","8,086.00","8,080.00","8,090.00","8,080.00","0.01K","-2.84%"
"19-05-2022","8,322.00","8,322.00","8,322.00","8,322.00","","2.29%"
"18-05-2022","8,136.00","8,136.00","8,136.00","8,136.00","0.03K","0.00%"
"17-05-2022","8,136.00","8,172.00","8,172.00","8,104.00","0.09K","0.84%"
"16-05-2022","8,068.00","8,242.00","8,270.00","8,032.00","1.48K","-2.35%"
"13-05-2022","8,262.00","8,320.00","8,460.00","8,216.00","1.81K","-1.76%"
"12-05-2022","8,410.00","8,322.00","8,450.00","8,260.00","3.01K","0.91%"
"11-05-2022","8,334.00","8,088.00","8,352.00","8,080.00","3.22K","2.33%"
"10-05-2022","8,144.00","8,180.00","8,250.00","8,130.00","3.31K","-0.17%"
"09-05-2022","8,158.00","8,222.00","8,314.00","8,070.00","2.98K","-0.56%"
"06-05-2022","8,204.00","8,058.00","8,226.00","7,914.00","4.30K","1.18%"
"05-05-2022","8,108.00","8,200.00","8,350.00","7,894.00","6.16K","-0.83%"
"04-05-2022","8,176.00","8,306.00","8,338.00","8,144.00","3.12K","-1.30%"
"03-05-2022","8,284.00","8,284.00","8,284.00","8,284.00","","0.00%"
"02-05-2022","8,284.00","8,480.00","8,480.00","8,164.00","4.78K","-2.66%"
"29-04-2022","8,510.00","8,596.00","8,680.00","8,490.00","1.89K","-0.65%"
"28-04-2022","8,566.00","8,742.00","8,742.00","8,544.00","2.63K","-1.97%"
"27-04-2022","8,738.00","8,512.00","8,798.00","8,466.00","3.91K","2.03%"
"26-04-2022","8,564.00","8,802.00","8,874.00","8,476.00","4.96K","-2.99%"
"25-04-2022","8,828.00","8,960.00","9,088.00","8,804.00","2.58K","-1.67%"
"22-04-2022","8,978.00","9,046.00","9,140.00","8,950.00","2.82K","-0.58%"
"21-04-2022","9,030.00","8,882.00","9,120.00","8,882.00","3.85K","1.67%"
"20-04-2022","8,882.00","8,840.00","8,840.00","8,840.00","0.12K","0.00%"
"19-04-2022","8,882.00","8,900.00","8,900.00","8,808.00","0.08K","-0.72%"
"18-04-2022","8,946.00","8,998.00","9,000.00","8,816.00","0.09K","-2.55%"
"14-04-2022","9,180.00","9,180.00","9,180.00","9,180.00","","0.00%"
"13-04-2022","9,180.00","9,292.00","9,292.00","9,160.00","0.49K","-2.42%"
"12-04-2022","9,408.00","9,396.00","9,500.00","9,300.00","2.66K","0.58%"
"11-04-2022","9,354.00","9,408.00","9,454.00","9,110.00","2.24K","-0.40%"
"08-04-2022","9,392.00","9,834.00","9,834.00","9,310.00","2.45K","-3.85%"
"07-04-2022","9,768.00","9,538.00","9,950.00","9,538.00","3.80K","3.06%"
"06-04-2022","9,478.00","9,620.00","9,620.00","9,394.00","2.03K","-1.25%"
"05-04-2022","9,598.00","9,230.00","9,726.00","9,230.00","5.06K","3.69%"
"04-04-2022","9,256.00","9,260.00","9,518.00","9,006.00","4.60K","0.35%"
"01-04-2022","9,224.00","8,810.00","9,280.00","8,810.00","6.15K","5.13%"
"31-03-2022","8,774.00","8,700.00","8,888.00","8,632.00","1.91K","1.15%"
"30-03-2022","8,674.00","8,786.00","8,800.00","8,620.00","2.08K","-1.27%"
"29-03-2022","8,786.00","8,754.00","8,932.00","8,754.00","1.89K","-0.97%"
"28-03-2022","8,872.00","8,764.00","8,964.00","8,764.00","2.50K","0.64%"
"25-03-2022","8,816.00","8,820.00","8,950.00","8,740.00","4.38K","0.02%"
"24-03-2022","8,814.00","8,582.00","8,902.00","8,480.00","5.90K","2.97%"
"23-03-2022","8,560.00","8,580.00","8,604.00","8,526.00","2.58K","-0.26%"
"22-03-2022","8,582.00","8,524.00","8,600.00","8,480.00","1.74K","0.61%"
"21-03-2022","8,530.00","8,604.00","8,610.00","8,472.00","1.40K","-1.48%"
"18-03-2022","8,658.00","8,658.00","8,658.00","8,658.00","","0.00%"
"17-03-2022","8,658.00","8,600.00","8,680.00","8,514.00","1.51K","0.72%"
"16-03-2022","8,596.00","8,602.00","8,678.00","8,352.00","2.76K","0.14%"
"15-03-2022","8,584.00","8,760.00","8,838.00","8,550.00","2.08K","-2.32%"
"14-03-2022","8,788.00","8,810.00","8,946.00","8,762.00","1.73K","-0.88%"
"11-03-2022","8,866.00","8,810.00","8,964.00","8,468.00","3.20K","0.52%"
"10-03-2022","8,820.00","9,080.00","9,080.00","8,802.00","2.28K","-1.91%"
"09-03-2022","8,992.00","8,946.00","9,148.00","8,864.00","3.08K","0.76%"
"08-03-2022","8,924.00","9,154.00","9,154.00","8,640.00","4.56K","-1.76%"
"07-03-2022","9,084.00","9,152.00","9,182.00","9,000.00","3.62K","-2.93%"
"04-03-2022","9,358.00","9,500.00","9,574.00","9,318.00","2.34K","-1.70%"
"03-03-2022","9,520.00","9,440.00","9,698.00","9,400.00","4.71K","1.41%"
"02-03-2022","9,388.00","9,304.00","9,550.00","9,256.00","3.20K","0.32%"
"01-03-2022","9,358.00","9,358.00","9,358.00","9,358.00","","0.00%"
"28-02-2022","9,358.00","9,200.00","9,440.00","9,034.00","4.18K","0.71%"
"25-02-2022","9,292.00","9,490.00","9,542.00","9,170.00","5.07K","-0.41%"
"24-02-2022","9,330.00","9,802.00","9,830.00","9,286.00","6.59K","-5.55%"
"23-02-2022","9,878.00","9,982.00","10,094.00","9,864.00","2.52K","-0.76%"
"22-02-2022","9,954.00","10,000.00","10,150.00","9,864.00","4.68K","-0.52%"
"21-02-2022","10,006.00","10,208.00","10,450.00","9,900.00","6.25K","-2.07%"
"18-02-2022","10,218.00","9,818.00","10,280.00","9,770.00","6.58K","4.29%"
"17-02-2022","9,798.00","9,790.00","9,898.00","9,752.00","2.03K","0.27%"
"16-02-2022","9,772.00","9,788.00","9,876.00","9,740.00","3.07K","0.39%"
"15-02-2022","9,734.00","9,880.00","9,928.00","9,642.00","3.57K","-1.54%"
"14-02-2022","9,886.00","9,948.00","10,070.00","9,850.00","4.09K","-0.26%"
"11-02-2022","9,912.00","10,098.00","10,098.00","9,830.00","3.01K","-1.61%"
"10-02-2022","10,074.00","10,000.00","10,120.00","10,000.00","1.54K","0.78%"
"09-02-2022","9,996.00","10,148.00","10,250.00","9,970.00","2.67K","-1.23%"
"08-02-2022","10,120.00","9,926.00","10,150.00","9,776.00","3.04K","2.04%"
"07-02-2022","9,918.00","10,180.00","10,248.00","9,880.00","3.17K","-2.11%"
"04-02-2022","10,132.00","9,816.00","10,298.00","9,806.00","5.36K","3.24%"
"03-02-2022","9,814.00","9,562.00","9,864.00","9,540.00","3.11K","2.06%"
"02-02-2022","9,616.00","9,790.00","9,896.00","9,562.00","4.30K","-2.14%"
"01-02-2022","9,826.00","9,934.00","10,064.00","9,800.00","2.54K","-2.01%"
"31-01-2022","10,028.00","10,134.00","10,222.00","9,936.00","1.55K","-0.52%"
"28-01-2022","10,080.00","10,142.00","10,350.00","10,022.00","2.07K","-1.75%"
"27-01-2022","10,260.00","10,040.00","10,474.00","9,940.00","5.14K","2.83%"
"25-01-2022","9,978.00","9,820.00","10,042.00","9,700.00","3.37K","1.75%"
"24-01-2022","9,806.00","10,370.00","10,452.00","9,708.00","5.82K","-4.91%"
"21-01-2022","10,312.00","10,460.00","10,626.00","10,150.00","3.64K","-2.16%"
"20-01-2022","10,540.00","10,736.00","11,118.00","10,506.00","5.57K","-1.42%"
"19-01-2022","10,692.00","10,800.00","11,148.00","10,650.00","2.54K","-0.52%"
"18-01-2022","10,748.00","10,940.00","11,142.00","10,672.00","5.29K","-0.79%"
"17-01-2022","10,834.00","10,332.00","10,868.00","10,290.00","6.05K","5.66%"
"14-01-2022","10,254.00","10,268.00","10,356.00","10,112.00","2.40K","-1.04%"
"13-01-2022","10,362.00","10,410.00","10,518.00","10,272.00","2.39K","-1.43%"
"12-01-2022","10,512.00","10,560.00","10,710.00","10,452.00","3.15K","-0.11%"
"11-01-2022","10,524.00","10,452.00","10,592.00","10,332.00","1.81K","0.17%"
"10-01-2022","10,506.00","10,460.00","10,718.00","10,432.00","3.11K","1.51%"
"07-01-2022","10,350.00","10,400.00","10,654.00","10,240.00","3.91K","-0.58%"
"06-01-2022","10,410.00","10,500.00","10,530.00","10,066.00","6.00K","-1.79%"
"05-01-2022","10,600.00","10,348.00","10,960.00","10,280.00","8.38K","2.49%"
"04-01-2022","10,342.00","9,942.00","10,400.00","9,854.00","5.90K","2.97%"
"03-01-2022","10,044.00","9,970.00","10,180.00","9,772.00","6.49K","4.54%"
"31-12-2021","9,608.00","9,032.00","9,608.00","9,026.00","3.85K","5.98%"
"30-12-2021","9,066.00","9,074.00","9,112.00","8,960.00","0.79K","0.29%"
"29-12-2021","9,040.00","8,980.00","9,108.00","8,880.00","1.51K","0.29%"
"28-12-2021","9,014.00","9,010.00","9,066.00","8,970.00","1.25K","-0.38%"
"27-12-2021","9,048.00","8,950.00","9,130.00","8,950.00","1.16K","0.71%"
"24-12-2021","8,984.00","9,050.00","9,100.00","8,928.00","1.74K","-0.75%"
"23-12-2021","9,052.00","9,182.00","9,198.00","9,018.00","1.02K","-1.22%"
"22-12-2021","9,164.00","9,288.00","9,288.00","9,050.00","1.76K","-1.57%"
"21-12-2021","9,310.00","9,326.00","9,392.00","9,270.00","1.56K","15.68%"
"20-12-2021","8,048.00","7,934.00","8,086.00","7,934.00","0.02K","5.48%"
"17-12-2021","7,630.00","7,630.00","7,630.00","7,630.00","","0.00%"
"16-12-2021","7,630.00","7,630.00","7,630.00","7,630.00","0.03K","0.00%"
"15-12-2021","7,630.00","7,630.00","7,630.00","7,630.00","0.02K","0.61%"
"14-12-2021","7,584.00","7,680.00","7,730.00","7,532.00","1.92K","-2.14%"
"13-12-2021","7,750.00","7,822.00","7,830.00","7,660.00","2.30K","0.10%"
"10-12-2021","7,742.00","7,786.00","7,786.00","7,652.00","2.85K","-0.15%"
"09-12-2021","7,754.00","7,922.00","7,922.00","7,722.00","1.26K","-2.64%"
"08-12-2021","7,964.00","7,928.00","8,030.00","7,668.00","1.75K","0.76%"
"07-12-2021","7,904.00","7,612.00","7,938.00","7,500.00","2.61K","3.54%"
"06-12-2021","7,634.00","7,540.00","7,740.00","7,540.00","1.52K","0.71%"
"03-12-2021","7,580.00","7,378.00","7,638.00","7,332.00","2.41K","2.88%"
"02-12-2021","7,368.00","7,350.00","7,418.00","7,114.00","2.58K","-0.30%"
"01-12-2021","7,390.00","7,508.00","7,508.00","7,350.00","1.38K","-1.62%"
"30-11-2021","7,512.00","7,550.00","7,602.00","7,480.00","2.66K","-0.48%"
"29-11-2021","7,548.00","7,662.00","7,662.00","7,430.00","1.41K","-0.40%"
"26-11-2021","7,578.00","7,580.00","7,628.00","7,432.00","2.11K","-0.66%"
"25-11-2021","7,628.00","7,590.00","7,706.00","7,566.00","1.28K","0.08%"
"24-11-2021","7,622.00","7,880.00","7,880.00","7,526.00","3.05K","-2.76%"
"23-11-2021","7,838.00","7,690.00","8,140.00","7,690.00","6.09K","1.87%"
"22-11-2021","7,694.00","7,360.00","7,696.00","7,360.00","4.91K","5.95%"
"19-11-2021","7,262.00","7,262.00","7,262.00","7,262.00","","0.83%"
"18-11-2021","7,202.00","7,276.00","7,276.00","7,276.00","","-0.25%"
"17-11-2021","7,220.00","7,220.00","7,220.00","7,220.00","","0.89%"
"16-11-2021","7,156.00","7,156.00","7,156.00","7,156.00","","-0.50%"
"15-11-2021","7,192.00","7,192.00","7,192.00","7,192.00","","0.39%"
"12-11-2021","7,164.00","7,310.00","7,340.00","7,130.00","1.36K","-1.05%"
"11-11-2021","7,240.00","7,284.00","7,354.00","7,206.00","3.20K","0.08%"
"10-11-2021","7,234.00","7,274.00","7,278.00","7,050.00","3.35K","-1.20%"
"09-11-2021","7,322.00","7,550.00","7,560.00","7,222.00","2.37K","-3.84%"
"08-11-2021","7,614.00","7,600.00","7,632.00","7,524.00","1.31K","0.24%"
"05-11-2021","7,596.00","7,596.00","7,596.00","7,596.00","","0.00%"
"04-11-2021","7,596.00","7,594.00","7,640.00","7,566.00","0.30K","0.05%"
"03-11-2021","7,592.00","7,422.00","7,610.00","7,420.00","2.61K","2.13%"
"02-11-2021","7,434.00","7,388.00","7,496.00","7,388.00","1.46K","0.62%"
"01-11-2021","7,388.00","7,274.00","7,426.00","7,274.00","1.83K","1.57%"
"29-10-2021","7,274.00","7,424.00","7,438.00","7,140.00","3.01K","-1.81%"
"28-10-2021","7,408.00","7,428.00","7,448.00","7,316.00","1.66K","0.19%"
"27-10-2021","7,394.00","7,148.00","7,420.00","7,144.00","4.94K","3.50%"
"26-10-2021","7,144.00","7,144.00","7,202.00","7,112.00","1.11K","-0.39%"
"25-10-2021","7,172.00","7,216.00","7,216.00","7,118.00","0.53K","0.11%"
"22-10-2021","7,164.00","7,192.00","7,212.00","7,100.00","1.35K","-0.61%"
"21-10-2021","7,208.00","7,318.00","7,340.00","7,170.00","1.14K","-3.25%"
"20-10-2021","7,450.00","7,450.00","7,450.00","7,440.00","0.56K","0.19%"
"19-10-2021","7,436.00","7,460.00","7,470.00","7,400.00","0.14K","-0.24%"
"18-10-2021","7,454.00","7,450.00","7,470.00","7,390.00","1.15K","0.78%"
"15-10-2021","7,396.00","7,396.00","7,396.00","7,396.00","","0.00%"
"14-10-2021","7,396.00","7,320.00","7,408.00","7,320.00","0.08K","1.73%"
"13-10-2021","7,270.00","7,176.00","7,452.00","7,176.00","1.35K","-0.25%"
"12-10-2021","7,288.00","7,240.00","7,338.00","7,222.00","2.61K","0.75%"
"11-10-2021","7,234.00","7,220.00","7,324.00","7,200.00","2.87K","0.14%"
"08-10-2021","7,224.00","7,096.00","7,248.00","6,946.00","5.25K","1.52%"
"07-10-2021","7,116.00","7,132.00","7,172.00","7,070.00","1.73K","-0.36%"
"06-10-2021","7,142.00","7,180.00","7,278.00","7,094.00","2.14K","-1.22%"
"05-10-2021","7,230.00","7,218.00","7,280.00","7,202.00","1.75K","0.42%"
"04-10-2021","7,200.00","7,208.00","7,228.00","7,020.00","3.06K","-0.58%"
"01-10-2021","7,242.00","7,318.00","7,380.00","7,220.00","2.05K","-1.04%"
"30-09-2021","7,318.00","7,340.00","7,346.00","7,270.00","1.59K","0.05%"
"29-09-2021","7,314.00","7,452.00","7,452.00","7,272.00","2.31K","-1.19%"
"28-09-2021","7,402.00","7,248.00","7,458.00","7,248.00","2.98K","2.52%"
"27-09-2021","7,220.00","7,182.00","7,300.00","7,182.00","1.89K","1.18%"
"24-09-2021","7,136.00","7,148.00","7,220.00","7,084.00","1.43K","0.51%"
"23-09-2021","7,100.00","7,274.00","7,274.00","7,074.00","2.00K","-2.87%"
"22-09-2021","7,310.00","7,360.00","7,424.00","7,274.00","1.41K","-0.52%"
"21-09-2021","7,348.00","7,396.00","7,428.00","7,314.00","1.82K","10.63%"
"20-09-2021","6,642.00","6,632.00","6,666.00","6,632.00","0.02K","-3.49%"
"17-09-2021","6,882.00","6,882.00","6,882.00","6,882.00","0.01K","-1.63%"
"16-09-2021","6,996.00","6,900.00","7,020.00","6,900.00","0.15K","-0.40%"
"15-09-2021","7,024.00","6,956.00","7,072.00","6,954.00","0.39K","-2.98%"
"14-09-2021","7,240.00","7,682.00","7,732.00","7,236.00","1.34K","-5.93%"
"13-09-2021","7,696.00","7,854.00","7,874.00","7,670.00","1.92K","-2.61%"
"10-09-2021","7,902.00","7,902.00","7,902.00","7,902.00","","0.00%"
"09-09-2021","7,902.00","7,878.00","7,960.00","7,766.00","3.26K","0.38%"
"08-09-2021","7,872.00","7,880.00","8,000.00","7,792.00","1.88K","0.05%"
"07-09-2021","7,868.00","7,648.00","7,896.00","7,638.00","3.12K","3.44%"
"06-09-2021","7,606.00","7,690.00","7,700.00","7,570.00","3.49K","-1.58%"
"03-09-2021","7,728.00","7,854.00","7,926.00","7,684.00","4.15K","-2.00%"
"02-09-2021","7,886.00","7,862.00","7,980.00","7,806.00","2.43K","-0.10%"
"01-09-2021","7,894.00","7,990.00","8,028.00","7,860.00","2.26K","-1.60%"
"31-08-2021","8,022.00","8,110.00","8,236.00","8,000.00","2.15K","-1.23%"
"30-08-2021","8,122.00","7,900.00","8,296.00","7,900.00","2.45K","0.12%"
"27-08-2021","8,112.00","8,222.00","8,312.00","8,022.00","3.61K","-1.53%"
"26-08-2021","8,238.00","8,688.00","8,688.00","8,170.00","4.61K","-5.16%"
"25-08-2021","8,686.00","8,366.00","8,750.00","8,320.00","8.10K","5.13%"
"24-08-2021","8,262.00","8,000.00","8,300.00","8,000.00","4.47K","2.35%"
"23-08-2021","8,072.00","8,182.00","8,260.00","7,924.00","4.39K","-1.44%"
"20-08-2021","8,190.00","8,190.00","8,190.00","8,190.00","0.04K","-1.66%"
"19-08-2021","8,328.00","8,328.00","8,328.00","8,328.00","","0.00%"
"18-08-2021","8,328.00","8,330.00","8,330.00","8,284.00","0.10K","2.21%"
"17-08-2021","8,148.00","8,148.00","8,148.00","8,148.00","","0.00%"
"16-08-2021","8,148.00","8,010.00","8,300.00","8,010.00","0.11K","2.05%"
"13-08-2021","7,984.00","7,678.00","8,014.00","7,620.00","1.18K","5.58%"
"12-08-2021","7,562.00","7,366.00","7,620.00","7,366.00","1.23K","3.19%"
"11-08-2021","7,328.00","7,258.00","7,350.00","7,258.00","1.68K","0.00%"
"10-08-2021","7,328.00","7,432.00","7,432.00","7,300.00","1.57K","-1.00%"
"09-08-2021","7,402.00","7,486.00","7,516.00","7,362.00","2.64K","-1.23%"
"06-08-2021","7,494.00","7,776.00","7,778.00","7,466.00","2.37K","-2.29%"
"05-08-2021","7,670.00","7,440.00","7,700.00","7,440.00","4.24K","3.40%"
"04-08-2021","7,418.00","7,260.00","7,438.00","7,260.00","1.93K","1.59%"
"03-08-2021","7,302.00","7,200.00","7,320.00","7,120.00","2.49K","1.19%"
"02-08-2021","7,216.00","7,372.00","7,380.00","7,186.00","2.23K","-2.09%"
"30-07-2021","7,370.00","7,370.00","7,416.00","7,356.00","2.43K","-0.30%"
"29-07-2021","7,392.00","7,350.00","7,470.00","7,322.00","1.84K","0.49%"
"28-07-2021","7,356.00","7,330.00","7,374.00","7,314.00","0.55K","-0.08%"
"27-07-2021","7,362.00","7,416.00","7,444.00","7,328.00","1.68K","-0.84%"
"26-07-2021","7,424.00","7,424.00","7,550.00","7,400.00","2.48K","0.35%"
"23-07-2021","7,398.00","7,420.00","7,448.00","7,314.00","1.62K","-0.30%"
"22-07-2021","7,420.00","7,562.00","7,580.00","7,370.00","2.35K","-1.67%"
"21-07-2021","7,546.00","7,546.00","7,546.00","7,546.00","","0.21%"
"20-07-2021","7,530.00","7,530.00","7,530.00","7,530.00","0.01K","0.61%"
"19-07-2021","7,484.00","7,400.00","7,500.00","7,400.00","0.03K","1.41%"
"16-07-2021","7,380.00","7,350.00","7,410.00","7,350.00","0.11K","1.91%"
"15-07-2021","7,242.00","7,242.00","7,242.00","7,242.00","","-0.47%"
"14-07-2021","7,276.00","7,250.00","7,328.00","7,220.00","1.81K","0.69%"
"13-07-2021","7,226.00","7,050.00","7,260.00","7,050.00","2.28K","2.00%"
"12-07-2021","7,084.00","7,120.00","7,130.00","7,066.00","1.21K","-1.28%"
"09-07-2021","7,176.00","7,260.00","7,280.00","7,154.00","2.47K","-1.37%"
"08-07-2021","7,276.00","7,250.00","7,300.00","7,150.00","2.08K","0.06%"
"07-07-2021","7,272.00","7,338.00","7,338.00","7,236.00","1.26K","-0.36%"
"06-07-2021","7,298.00","7,316.00","7,382.00","7,286.00","1.00K","-0.35%"
"05-07-2021","7,324.00","7,370.00","7,452.00","7,264.00","2.10K","-0.41%"
"02-07-2021","7,354.00","7,162.00","7,432.00","7,162.00","2.45K","2.31%"
"01-07-2021","7,188.00","7,368.00","7,368.00","7,156.00","2.13K","-1.70%"
"30-06-2021","7,312.00","7,214.00","7,348.00","7,214.00","2.28K","0.63%"
"29-06-2021","7,266.00","7,202.00","7,286.00","7,122.00","3.77K","-0.22%"
"28-06-2021","7,282.00","7,526.00","7,526.00","7,230.00","3.19K","-3.19%"
"25-06-2021","7,522.00","7,498.00","7,588.00","7,430.00","1.81K","0.56%"
"24-06-2021","7,480.00","7,626.00","7,664.00","7,460.00","2.00K","-1.91%"
"23-06-2021","7,626.00","7,648.00","7,740.00","7,580.00","2.35K","0.61%"
"22-06-2021","7,580.00","7,550.00","7,630.00","7,508.00","1.33K","1.42%"
"21-06-2021","7,474.00","7,400.00","7,520.00","7,360.00","1.17K","0.73%"
"18-06-2021","7,420.00","7,400.00","7,400.00","7,400.00","0.17K","0.00%"
"17-06-2021","7,420.00","7,420.00","7,420.00","7,420.00","0.22K","-0.93%"
"16-06-2021","7,490.00","7,372.00","7,530.00","7,372.00","0.15K","-0.98%"
"15-06-2021","7,564.00","7,568.00","7,570.00","7,504.00","0.26K","1.39%"
"14-06-2021","7,460.00","7,652.00","7,660.00","7,450.00","2.43K","-2.51%"
"11-06-2021","7,652.00","7,542.00","7,688.00","7,530.00","3.18K","0.84%"
"10-06-2021","7,588.00","7,640.00","7,728.00","7,514.00","1.97K","-0.63%"
"09-06-2021","7,636.00","7,742.00","7,780.00","7,540.00","2.09K","-1.34%"
"08-06-2021","7,740.00","7,714.00","8,000.00","7,714.00","1.68K","0.26%"
"07-06-2021","7,720.00","7,770.00","7,818.00","7,700.00","1.83K","-1.08%"
"04-06-2021","7,804.00","7,822.00","7,890.00","7,790.00","1.35K","-0.15%"
"03-06-2021","7,816.00","7,712.00","7,832.00","7,686.00","1.66K","1.19%"
"02-06-2021","7,724.00","7,726.00","7,766.00","7,682.00","1.24K","-0.39%"
"01-06-2021","7,754.00","7,800.00","7,824.00","7,704.00","1.71K","-0.56%"
"31-05-2021","7,798.00","7,948.00","8,020.00","7,770.00","2.36K","-2.08%"
"28-05-2021","7,964.00","7,966.00","8,062.00","7,914.00","1.97K","0.25%"
"27-05-2021","7,944.00","8,036.00","8,060.00","7,900.00","1.57K","-1.02%"
"26-05-2021","8,026.00","7,952.00","8,100.00","7,882.00","2.08K","0.10%"
"25-05-2021","8,018.00","8,200.00","8,278.00","7,990.00","3.27K","-2.22%"
"24-05-2021","8,200.00","8,206.00","8,250.00","8,150.00","1.26K","0.20%"
"21-05-2021","8,184.00","8,288.00","8,326.00","8,104.00","2.49K","2.10%"
"20-05-2021","8,016.00","8,016.00","8,016.00","8,016.00","0.01K","4.00%"
"19-05-2021","7,708.00","7,708.00","7,708.00","7,708.00","","1.42%"
"18-05-2021","7,600.00","7,600.00","7,600.00","7,600.00","","-1.94%"
"17-05-2021","7,750.00","7,750.00","7,750.00","7,750.00","0.03K","1.44%"
"14-05-2021","7,640.00","7,762.00","7,844.00","7,572.00","1.92K","-1.06%"
"13-05-2021","7,722.00","7,722.00","7,722.00","7,722.00","","0.00%"
"12-05-2021","7,722.00","7,630.00","7,880.00","7,570.00","1.50K","1.66%"
"11-05-2021","7,596.00","7,422.00","7,636.00","7,422.00","1.60K","2.70%"
"10-05-2021","7,396.00","7,524.00","7,610.00","7,276.00","4.10K","-1.62%"
"07-05-2021","7,518.00","7,630.00","7,700.00","7,454.00","1.98K","-2.31%"
"06-05-2021","7,696.00","7,698.00","7,730.00","7,624.00","1.05K","0.55%"
"05-05-2021","7,654.00","7,750.00","7,750.00","7,624.00","1.44K","-0.85%"
"04-05-2021","7,720.00","7,674.00","7,794.00","7,642.00","1.81K","0.70%"
"03-05-2021","7,666.00","7,812.00","7,812.00","7,568.00","1.61K","-1.77%"
"30-04-2021","7,804.00","8,030.00","8,044.00","7,780.00","2.00K","-2.86%"
"29-04-2021","8,034.00","7,892.00","8,140.00","7,892.00","1.96K","1.98%"
"28-04-2021","7,878.00","7,888.00","7,940.00","7,734.00","1.88K","-0.53%"
"27-04-2021","7,920.00","7,840.00","7,988.00","7,820.00","1.39K","1.38%"
"26-04-2021","7,812.00","8,064.00","8,064.00","7,792.00","3.78K","-3.75%"
"23-04-2021","8,116.00","8,272.00","8,294.00","8,066.00","2.60K","-1.60%"
"22-04-2021","8,248.00","8,218.00","8,444.00","8,160.00","3.15K","0.24%"
"21-04-2021","8,228.00","8,228.00","8,228.00","8,228.00","","3.78%"
"20-04-2021","7,928.00","7,942.00","7,942.00","7,900.00","0.12K","0.33%"
"19-04-2021","7,902.00","7,902.00","7,902.00","7,900.00","0.20K","-2.88%"
"16-04-2021","8,136.00","8,150.00","8,150.00","8,046.00","0.37K","1.70%"
"15-04-2021","8,000.00","8,000.00","8,000.00","8,000.00","0.29K","3.12%"
"14-04-2021","7,758.00","7,758.00","7,758.00","7,758.00","","0.00%"
"13-04-2021","7,758.00","8,004.00","8,090.00","7,660.00","1.38K","-4.79%"
"12-04-2021","8,148.00","8,030.00","8,198.00","7,942.00","2.48K","2.57%"
"09-04-2021","7,944.00","8,048.00","8,102.00","7,890.00","2.97K","-0.95%"
"08-04-2021","8,020.00","8,036.00","8,088.00","7,958.00","0.98K","0.20%"
"07-04-2021","8,004.00","8,100.00","8,188.00","7,950.00","1.93K","-1.21%"
"06-04-2021","8,102.00","8,170.00","8,290.00","8,026.00","2.27K","-0.83%"
"05-04-2021","8,170.00","8,350.00","8,378.00","8,062.00","3.19K","-2.69%"
"01-04-2021","8,396.00","8,452.00","8,452.00","8,274.00","2.41K","-1.11%"
"31-03-2021","8,490.00","8,550.00","8,578.00","8,332.00","2.51K","-0.91%"
"30-03-2021","8,568.00","8,550.00","8,650.00","8,454.00","2.82K","1.64%"
"29-03-2021","8,430.00","8,430.00","8,430.00","8,430.00","","0.00%"
"26-03-2021","8,430.00","8,432.00","8,598.00","8,350.00","4.27K","1.96%"
"25-03-2021","8,268.00","7,988.00","8,268.00","7,818.00","3.35K","4.00%"
"24-03-2021","7,950.00","8,220.00","8,260.00","7,920.00","2.56K","-3.26%"
"23-03-2021","8,218.00","8,250.00","8,338.00","8,172.00","2.37K","-0.24%"
"22-03-2021","8,238.00","8,146.00","8,310.00","8,110.00","3.88K","1.60%"
"19-03-2021","8,108.00","8,180.00","8,220.00","7,890.00","4.25K","-0.98%"
"18-03-2021","8,188.00","8,332.00","8,444.00","8,132.00","5.31K","-2.45%"
"17-03-2021","8,394.00","8,712.00","8,712.00","8,370.00","4.45K","-3.72%"
"16-03-2021","8,718.00","8,914.00","9,090.00","8,650.00","4.78K","-2.18%"
"15-03-2021","8,912.00","8,650.00","8,912.00","8,650.00","2.27K","3.99%"
"12-03-2021","8,570.00","8,720.00","8,768.00","8,400.00","4.20K","-0.79%"
"10-03-2021","8,638.00","9,020.00","9,096.00","8,620.00","3.51K","-3.68%"
"09-03-2021","8,968.00","8,850.00","9,076.00","8,740.00","4.33K","0.83%"
"08-03-2021","8,894.00","9,430.00","9,448.00","8,894.00","4.35K","-3.99%"
"05-03-2021","9,264.00","8,820.00","9,322.00","8,820.00","6.54K","3.35%"
"04-03-2021","8,964.00","9,522.00","9,522.00","8,964.00","8.47K","-3.98%"
"03-03-2021","9,336.00","9,060.00","9,336.00","9,060.00","6.86K","3.99%"
"02-03-2021","8,978.00","8,790.00","8,978.00","8,750.00","2.82K","3.98%"
"01-03-2021","8,634.00","8,312.00","8,634.00","8,312.00","2.93K","4.00%"
"26-02-2021","8,302.00","8,384.00","8,556.00","8,260.00","4.52K","-1.28%"
"25-02-2021","8,410.00","8,600.00","8,752.00","8,316.00","8.03K","-0.43%"
"24-02-2021","8,446.00","8,284.00","8,446.00","8,124.00","7.88K","3.99%"
"23-02-2021","8,122.00","7,896.00","8,122.00","7,888.00","3.20K","3.99%"
"22-02-2021","7,810.00","7,554.00","7,810.00","7,532.00","4.25K","3.99%"
"19-02-2021","7,510.00","7,340.00","7,578.00","7,316.00","3.20K","2.51%"
"18-02-2021","7,326.00","7,316.00","7,400.00","7,232.00","3.23K","-0.30%"
"17-02-2021","7,348.00","7,496.00","7,588.00","7,302.00","6.27K","-1.29%"
"16-02-2021","7,444.00","7,702.00","7,776.00","7,412.00","5.03K","-3.55%"
"15-02-2021","7,718.00","7,786.00","7,990.00","7,624.00","5.51K","-0.49%"
"12-02-2021","7,756.00","7,520.00","7,838.00","7,486.00","4.39K","2.86%"
"11-02-2021","7,540.00","7,590.00","7,720.00","7,436.00","3.83K","-0.53%"
"10-02-2021","7,580.00","7,460.00","7,708.00","7,414.00","6.00K","2.16%"
"09-02-2021","7,420.00","7,098.00","7,420.00","7,052.00","4.82K","3.98%"
"08-02-2021","7,136.00","6,990.00","7,204.00","6,900.00","5.35K","3.00%"
"05-02-2021","6,928.00","6,622.00","6,928.00","6,600.00","3.00K","3.99%"
"04-02-2021","6,662.00","6,462.00","6,688.00","6,430.00","2.47K","2.81%"
"03-02-2021","6,480.00","6,580.00","6,600.00","6,460.00","0.96K","-1.34%"
"02-02-2021","6,568.00","6,420.00","6,616.00","6,390.00","2.00K","2.59%"
"01-02-2021","6,402.00","6,618.00","6,624.00","6,370.00","2.59K","-2.32%"
"29-01-2021","6,554.00","6,506.00","6,620.00","6,504.00","1.35K","0.46%"
"28-01-2021","6,524.00","6,490.00","6,540.00","6,432.00","1.53K","0.74%"
"27-01-2021","6,476.00","6,420.00","6,558.00","6,378.00","2.78K","1.50%"
"25-01-2021","6,380.00","6,222.00","6,440.00","6,210.00","1.94K","2.44%"
"22-01-2021","6,228.00","6,270.00","6,328.00","6,200.00","1.37K","-0.95%"
"21-01-2021","6,288.00","6,368.00","6,370.00","6,272.00","1.29K","-0.66%"
"20-01-2021","6,330.00","6,200.00","6,330.00","6,200.00","1.54K","2.00%"
"19-01-2021","6,206.00","6,064.00","6,230.00","6,064.00","1.25K","2.14%"
"18-01-2021","6,076.00","6,050.00","6,100.00","6,006.00","0.75K","0.60%"
"15-01-2021","6,040.00","6,100.00","6,100.00","6,000.00","0.67K","-0.33%"
"14-01-2021","6,060.00","6,052.00","6,120.00","6,050.00","0.55K","-0.26%"
"13-01-2021","6,076.00","6,218.00","6,230.00","6,060.00","1.03K","-2.35%"
"12-01-2021","6,222.00","6,230.00","6,242.00","6,120.00","0.80K","0.39%"
"11-01-2021","6,198.00","6,012.00","6,226.00","6,012.00","1.69K","2.96%"
"08-01-2021","6,020.00","5,990.00","6,050.00","5,962.00","0.47K","0.53%"
"07-01-2021","5,988.00","6,048.00","6,080.00","5,970.00","0.63K","-0.76%"
"06-01-2021","6,034.00","6,050.00","6,080.00","5,952.00","0.89K","0.27%"
"05-01-2021","6,018.00","5,946.00","6,050.00","5,910.00","0.68K","0.91%"
"04-01-2021","5,964.00","5,934.00","5,964.00","5,862.00","0.57K","1.98%"
"01-01-2021","5,848.00","5,934.00","5,946.00","5,826.00","0.50K","-1.28%"
"31-12-2020","5,924.00","5,930.00","5,998.00","5,902.00","0.57K","-0.30%"
"30-12-2020","5,942.00","5,920.00","5,948.00","5,906.00","0.55K","0.47%"
"29-12-2020","5,914.00","5,880.00","5,988.00","5,864.00","1.20K","0.20%"
"28-12-2020","5,902.00","5,822.00","5,914.00","5,810.00","1.70K","1.72%"
"24-12-2020","5,802.00","5,766.00","5,818.00","5,764.00","0.26K","0.52%"
"23-12-2020","5,772.00","5,720.00","5,840.00","5,712.00","1.45K","0.80%"
"22-12-2020","5,726.00","5,690.00","5,786.00","5,690.00","0.70K","0.70%"
"21-12-2020","5,686.00","5,750.00","5,750.00","5,680.00","0.69K","-0.25%"
"18-12-2020","5,700.00","5,650.00","5,700.00","5,650.00","0.35K","0.04%"
"17-12-2020","5,698.00","5,698.00","5,698.00","5,698.00","0.07K","0.14%"
"16-12-2020","5,690.00","5,700.00","5,700.00","5,654.00","0.08K","-0.35%"
"15-12-2020","5,710.00","5,700.00","5,710.00","5,700.00","0.32K","1.10%"
"14-12-2020","5,648.00","5,590.00","5,722.00","5,582.00","1.41K","0.61%"
"11-12-2020","5,614.00","5,606.00","5,660.00","5,550.00","1.72K","-0.18%"
"10-12-2020","5,624.00","5,640.00","5,650.00","5,570.00","1.44K","-0.25%"
"09-12-2020","5,638.00","5,604.00","5,674.00","5,570.00","2.39K","0.11%"
"08-12-2020","5,632.00","5,510.00","5,632.00","5,500.00","3.38K","1.99%"
"07-12-2020","5,522.00","5,500.00","5,534.00","5,462.00","2.25K","0.18%"
"04-12-2020","5,512.00","5,512.00","5,522.00","5,490.00","1.00K","-0.18%"
"03-12-2020","5,522.00","5,500.00","5,530.00","5,500.00","1.03K","0.33%"
"02-12-2020","5,504.00","5,500.00","5,528.00","5,470.00","1.57K","-0.36%"
"01-12-2020","5,524.00","5,538.00","5,566.00","5,502.00","1.19K","-0.22%"
"27-11-2020","5,536.00","5,500.00","5,550.00","5,492.00","1.64K","0.58%"
"26-11-2020","5,504.00","5,532.00","5,560.00","5,492.00","1.22K","-0.90%"
"25-11-2020","5,554.00","5,548.00","5,600.00","5,516.00","1.16K","-0.32%"
"24-11-2020","5,572.00","5,690.00","5,690.00","5,506.00","1.80K","-2.38%"
"23-11-2020","5,708.00","5,716.00","5,738.00","5,692.00","0.49K","0.14%"
"20-11-2020","5,700.00","5,700.00","5,700.00","5,700.00","0.01K","0.04%"
"19-11-2020","5,698.00","5,700.00","5,700.00","5,698.00","0.16K","-0.11%"
"18-11-2020","5,704.00","5,710.00","5,718.00","5,670.00","0.03K","-0.52%"
"17-11-2020","5,734.00","5,700.00","5,768.00","5,700.00","0.06K","1.27%"
"13-11-2020","5,662.00","5,742.00","5,768.00","5,652.00","1.42K","-2.01%"
"12-11-2020","5,778.00","5,712.00","5,794.00","5,712.00","0.90K","0.80%"
"11-11-2020","5,732.00","5,698.00","5,740.00","5,698.00","0.95K","0.39%"
"10-11-2020","5,710.00","5,736.00","5,738.00","5,682.00","2.91K","-0.35%"
"09-11-2020","5,730.00","5,770.00","5,780.00","5,710.00","1.59K","-0.69%"
"06-11-2020","5,770.00","5,742.00","5,790.00","5,740.00","0.36K","-0.10%"
"05-11-2020","5,776.00","5,766.00","5,830.00","5,750.00","1.31K","0.14%"
"04-11-2020","5,768.00","5,780.00","5,798.00","5,750.00","1.57K","0.17%"
"03-11-2020","5,758.00","5,732.00","5,788.00","5,720.00","1.26K","0.03%"
"02-11-2020","5,756.00","5,830.00","5,838.00","5,712.00","2.07K","-1.24%"
"30-10-2020","5,828.00","5,844.00","5,850.00","5,816.00","0.33K","-0.14%"
"29-10-2020","5,836.00","5,850.00","5,850.00","5,772.00","2.50K","-0.82%"
"28-10-2020","5,884.00","5,930.00","5,946.00","5,868.00","3.38K","-0.88%"
"27-10-2020","5,936.00","6,020.00","6,028.00","5,900.00","1.84K","-0.93%"
"26-10-2020","5,992.00","6,012.00","6,038.00","5,972.00","0.84K","-0.23%"
"23-10-2020","6,006.00","6,016.00","6,026.00","5,932.00","1.64K","0.00%"
"22-10-2020","6,006.00","5,986.00","6,060.00","5,986.00","1.10K","-0.10%"
"21-10-2020","6,012.00","6,046.00","6,080.00","5,984.00","1.61K","2.77%"
"20-10-2020","5,850.00","5,850.00","5,850.00","5,850.00","0.10K","-0.48%"
"19-10-2020","5,878.00","5,808.00","5,880.00","5,808.00","0.34K","3.20%"
"16-10-2020","5,696.00","5,760.00","5,760.00","5,662.00","0.03K","-1.35%"
"15-10-2020","5,774.00","5,760.00","5,782.00","5,760.00","0.11K","0.59%"
"14-10-2020","5,740.00","5,700.00","5,780.00","5,670.00","1.29K","1.23%"
"13-10-2020","5,670.00","5,664.00","5,750.00","5,660.00","1.48K","-0.04%"
"12-10-2020","5,672.00","5,678.00","5,706.00","5,622.00","1.71K","-0.42%"
"09-10-2020","5,696.00","5,724.00","5,742.00","5,672.00","3.60K","-0.25%"
"08-10-2020","5,710.00","5,726.00","5,734.00","5,692.00","1.62K","-0.21%"
"07-10-2020","5,722.00","5,750.00","5,750.00","5,690.00","1.33K","-0.42%"
"06-10-2020","5,746.00","5,772.00","5,780.00","5,736.00","1.35K","-0.48%"
"05-10-2020","5,774.00","5,820.00","5,820.00","5,758.00","1.26K","-0.41%"
"01-10-2020","5,798.00","5,790.00","5,842.00","5,774.00","2.85K","0.38%"
"30-09-2020","5,776.00","5,780.00","5,796.00","5,722.00","1.38K","-0.14%"
"29-09-2020","5,784.00","5,774.00","5,800.00","5,756.00","1.13K","0.28%"
"28-09-2020","5,768.00","5,748.00","5,848.00","5,748.00","1.60K","0.35%"
"25-09-2020","5,748.00","5,716.00","5,770.00","5,716.00","1.09K","0.84%"
"24-09-2020","5,700.00","5,820.00","5,820.00","5,684.00","1.89K","-1.69%"
"23-09-2020","5,798.00","5,764.00","5,830.00","5,746.00","1.99K","0.17%"
"22-09-2020","5,788.00","5,852.00","5,852.00","5,714.00","1.60K","-0.65%"
"21-09-2020","5,826.00","5,910.00","5,978.00","5,816.00","2.15K","-1.35%"
"18-09-2020","5,906.00","5,938.00","6,020.00","5,900.00","0.12K","1.44%"
"17-09-2020","5,822.00","5,790.00","5,834.00","5,790.00","0.14K","1.08%"
"16-09-2020","5,760.00","5,760.00","5,760.00","5,760.00","0.03K","0.00%"
"15-09-2020","5,760.00","5,760.00","5,760.00","5,760.00","","0.00%"
"14-09-2020","5,760.00","5,900.00","5,900.00","5,750.00","1.14K","-2.51%"
"11-09-2020","5,908.00","5,888.00","5,994.00","5,864.00","0.84K","0.10%"
"10-09-2020","5,902.00","5,886.00","5,914.00","5,800.00","2.40K","2.11%"
"09-09-2020","5,780.00","5,754.00","5,792.00","5,736.00","1.46K","1.01%"
"08-09-2020","5,722.00","5,754.00","5,778.00","5,686.00","1.31K","-0.49%"
"07-09-2020","5,750.00","5,800.00","5,828.00","5,600.00","1.97K","-1.10%"
"04-09-2020","5,814.00","5,900.00","5,960.00","5,714.00","3.32K","-2.32%"
"03-09-2020","5,952.00","6,000.00","6,002.00","5,914.00","1.88K","-0.80%"
"02-09-2020","6,000.00","6,050.00","6,070.00","5,966.00","3.37K","-1.19%"
"01-09-2020","6,072.00","6,164.00","6,186.00","6,034.00","2.40K","-1.24%"
"31-08-2020","6,148.00","6,114.00","6,188.00","6,080.00","1.63K","0.56%"
"28-08-2020","6,114.00","6,150.00","6,206.00","6,102.00","1.19K","-0.52%"
"27-08-2020","6,146.00","6,140.00","6,214.00","6,124.00","1.45K","0.03%"
"26-08-2020","6,144.00","6,124.00","6,220.00","6,052.00","2.82K","0.00%"
"25-08-2020","6,144.00","6,148.00","6,268.00","6,114.00","3.71K","1.55%"
"24-08-2020","6,050.00","5,870.00","6,050.00","5,810.00","3.91K","3.99%"
"21-08-2020","5,818.00","5,764.00","5,840.00","5,764.00","0.46K","1.39%"
"20-08-2020","5,738.00","5,712.00","5,818.00","5,680.00","0.54K","0.60%"
"19-08-2020","5,704.00","5,844.00","5,870.00","5,796.00","0.85K","0.00%"
"18-08-2020","5,704.00","5,808.00","5,862.00","5,800.00","0.03K","0.00%"
"17-08-2020","5,704.00","5,830.00","5,830.00","5,780.00","0.11K","0.00%"
"14-08-2020","5,704.00","5,700.00","5,742.00","5,674.00","0.81K","-0.07%"
"13-08-2020","5,708.00","5,766.00","5,778.00","5,696.00","0.55K","-1.04%"
"12-08-2020","5,768.00","5,686.00","5,778.00","5,686.00","0.78K","1.16%"
"11-08-2020","5,702.00","5,760.00","5,776.00","5,642.00","0.90K","-0.87%"
"10-08-2020","5,752.00","5,870.00","5,874.00","5,712.00","2.67K","-1.20%"
"07-08-2020","5,822.00","5,828.00","5,850.00","5,792.00","1.21K","-0.31%"
"06-08-2020","5,840.00","5,840.00","5,880.00","5,820.00","1.54K","0.52%"
"05-08-2020","5,810.00","5,818.00","5,868.00","5,800.00","0.72K","-0.34%"
"04-08-2020","5,830.00","5,818.00","5,864.00","5,810.00","0.88K","-0.44%"
"03-08-2020","5,856.00","5,798.00","5,904.00","5,790.00","1.65K","1.74%"
"31-07-2020","5,756.00","5,740.00","5,790.00","5,740.00","0.48K","0.49%"
"30-07-2020","5,728.00","5,750.00","5,814.00","5,712.00","1.24K","-0.42%"
"29-07-2020","5,752.00","5,730.00","5,772.00","5,730.00","0.75K","0.28%"
"28-07-2020","5,736.00","5,796.00","5,796.00","5,718.00","0.77K","-0.69%"
"27-07-2020","5,776.00","5,880.00","5,884.00","5,746.00","1.33K","-1.47%"
"24-07-2020","5,862.00","5,840.00","5,930.00","5,822.00","2.11K","0.38%"
"23-07-2020","5,840.00","5,716.00","5,840.00","5,716.00","1.51K","1.99%"
"22-07-2020","5,726.00","5,680.00","5,750.00","5,670.00","1.18K","1.42%"
"21-07-2020","5,646.00","5,672.00","5,708.00","5,638.00","0.93K","-0.53%"
"20-07-2020","5,676.00","5,612.00","5,788.00","5,612.00","2.21K","2.83%"
"17-07-2020","5,520.00","5,520.00","5,628.00","5,490.00","0.13K","0.00%"
"16-07-2020","5,520.00","5,518.00","5,522.00","5,518.00","0.08K","-0.72%"
"15-07-2020","5,560.00","5,640.00","5,656.00","5,598.00","0.80K","0.00%"
"14-07-2020","5,560.00","5,560.00","5,560.00","5,560.00","0.09K","0.62%"
"13-07-2020","5,526.00","5,600.00","5,600.00","5,514.00","1.77K","-1.32%"
"10-07-2020","5,600.00","5,630.00","5,638.00","5,590.00","1.68K","-1.16%"
"09-07-2020","5,666.00","5,698.00","5,706.00","5,650.00","0.96K","-0.21%"
"08-07-2020","5,678.00","5,688.00","5,698.00","5,670.00","0.70K","-0.11%"
"07-07-2020","5,684.00","5,572.00","5,690.00","5,546.00","0.96K","1.86%"
"06-07-2020","5,580.00","5,532.00","5,612.00","5,512.00","0.90K","0.04%"
"03-07-2020","5,578.00","5,690.00","5,694.00","5,564.00","1.62K","-1.69%"
"02-07-2020","5,674.00","5,722.00","5,776.00","5,652.00","1.71K","-1.18%"
"01-07-2020","5,742.00","5,744.00","5,758.00","5,724.00","0.23K","-0.17%"
"30-06-2020","5,752.00","5,612.00","5,772.00","5,612.00","1.22K","0.77%"
"29-06-2020","5,708.00","5,822.00","5,868.00","5,684.00","1.49K","-2.13%"
"26-06-2020","5,832.00","5,866.00","5,888.00","5,816.00","0.79K","-0.58%"
"25-06-2020","5,866.00","5,732.00","5,866.00","5,714.00","1.67K","1.98%"
"24-06-2020","5,752.00","5,740.00","5,784.00","5,738.00","1.11K","0.49%"
"23-06-2020","5,724.00","5,704.00","5,736.00","5,624.00","1.20K","0.60%"
"22-06-2020","5,690.00","5,700.00","5,790.00","5,680.00","1.76K","2.56%"
"19-06-2020","5,548.00","5,550.00","5,570.00","5,530.00","0.66K","0.11%"
"18-06-2020","5,542.00","5,562.00","5,562.00","5,502.00","0.12K","0.76%"
"17-06-2020","5,500.00","5,500.00","5,500.00","5,500.00","0.02K","0.59%"
"16-06-2020","5,468.00","5,470.00","5,470.00","5,440.00","0.15K","0.51%"
"15-06-2020","5,440.00","5,476.00","5,476.00","5,326.00","0.61K","0.44%"
"12-06-2020","5,416.00","5,402.00","5,434.00","5,362.00","0.83K","-0.66%"
"11-06-2020","5,452.00","5,458.00","5,478.00","5,420.00","0.54K","0.29%"
"10-06-2020","5,436.00","5,476.00","5,476.00","5,408.00","0.52K","-0.37%"
"09-06-2020","5,456.00","5,562.00","5,680.00","5,404.00","1.60K","-2.22%"
"08-06-2020","5,580.00","5,490.00","5,640.00","5,422.00","1.87K","2.05%"
"05-06-2020","5,468.00","5,300.00","5,496.00","5,290.00","1.98K","3.44%"
"04-06-2020","5,286.00","5,296.00","5,300.00","5,204.00","0.88K","-0.19%"
"03-06-2020","5,296.00","5,266.00","5,310.00","5,246.00","0.77K","0.38%"
"02-06-2020","5,276.00","5,268.00","5,288.00","5,230.00","0.71K","0.38%"
"01-06-2020","5,256.00","5,276.00","5,314.00","5,222.00","0.78K","-0.30%"
"29-05-2020","5,272.00","5,360.00","5,360.00","5,260.00","0.85K","-1.49%"
"28-05-2020","5,352.00","5,350.00","5,370.00","5,334.00","0.50K","0.00%"
"27-05-2020","5,352.00","5,430.00","5,448.00","5,336.00","1.04K","-1.44%"
"26-05-2020","5,430.00","5,396.00","5,500.00","5,396.00","1.30K","0.59%"
"22-05-2020","5,398.00","5,332.00","5,422.00","5,320.00","1.39K","1.16%"
"21-05-2020","5,336.00","5,296.00","5,366.00","5,296.00","1.05K","0.11%"
"20-05-2020","5,330.00","5,340.00","5,380.00","5,320.00","0.24K","0.57%"
"19-05-2020","5,300.00","5,312.00","5,312.00","5,280.00","0.03K","1.49%"
"18-05-2020","5,222.00","5,310.00","5,438.00","5,310.00","1.45K","0.15%"
"15-05-2020","5,214.00","5,150.00","5,280.00","5,150.00","0.15K","0.00%"
"14-05-2020","5,214.00","5,200.00","5,244.00","5,200.00","0.43K","-1.18%"
"13-05-2020","5,276.00","5,230.00","5,346.00","5,230.00","0.71K","0.65%"
"12-05-2020","5,242.00","5,306.00","5,340.00","5,230.00","0.90K","-1.13%"
"11-05-2020","5,302.00","5,400.00","5,400.00","5,290.00","0.73K","-1.30%"
"08-05-2020","5,372.00","5,384.00","5,430.00","5,360.00","1.88K","-0.52%"
"07-05-2020","5,400.00","5,322.00","5,440.00","5,290.00","2.41K","1.73%"
"06-05-2020","5,308.00","5,316.00","5,346.00","5,270.00","0.60K","-0.67%"
"05-05-2020","5,344.00","5,354.00","5,392.00","5,302.00","1.23K","-0.60%"
"04-05-2020","5,376.00","5,476.00","5,532.00","5,358.00","1.36K","-4.00%"
"30-04-2020","5,600.00","5,500.00","5,600.00","5,500.00","0.06K","1.97%"
"29-04-2020","5,492.00","5,484.00","5,500.00","5,484.00","0.02K","2.12%"
"28-04-2020","5,378.00","5,360.00","5,540.00","5,354.00","0.02K","0.00%"
"27-04-2020","5,378.00","5,408.00","5,490.00","5,362.00","0.60K","-1.57%"
"24-04-2020","5,464.00","5,496.00","5,510.00","5,410.00","0.49K","-2.32%"
"23-04-2020","5,594.00","5,398.00","5,532.00","5,398.00","0.84K","0.00%"
"22-04-2020","5,594.00","5,414.00","5,424.00","5,354.00","0.81K","-0.04%"
"21-04-2020","5,596.00","5,506.00","5,508.00","5,372.00","1.98K","-1.96%"
"20-04-2020","5,708.00","5,748.00","5,748.00","5,666.00","0.29K","-1.21%"
"17-04-2020","5,778.00","5,828.00","5,840.00","5,764.00","0.06K","0.00%"
"16-04-2020","5,778.00","5,778.00","5,778.00","5,778.00","0.02K","-1.26%"
"15-04-2020","5,852.00","5,900.00","5,900.00","5,782.00","0.15K","-1.35%"
"13-04-2020","5,932.00","5,946.00","6,004.00","5,898.00","1.10K","0.03%"
"09-04-2020","5,930.00","5,740.00","5,940.00","5,740.00","2.56K","3.45%"
"08-04-2020","5,732.00","5,796.00","5,838.00","5,710.00","0.91K","-0.56%"
"07-04-2020","5,764.00","5,692.00","5,790.00","5,692.00","1.13K","1.16%"
"03-04-2020","5,698.00","5,752.00","5,756.00","5,680.00","0.48K","-1.38%"
"01-04-2020","5,778.00","5,796.00","5,832.00","5,728.00","0.75K","-0.48%"
"31-03-2020","5,806.00","5,794.00","5,828.00","5,790.00","0.16K","-0.41%"
"30-03-2020","5,830.00","5,780.00","5,870.00","5,780.00","0.86K","1.22%"
"27-03-2020","5,760.00","5,870.00","5,870.00","5,726.00","0.46K","-1.27%"
"26-03-2020","5,834.00","5,936.00","5,992.00","5,758.00","1.21K","-0.27%"
"25-03-2020","5,850.00","5,718.00","5,850.00","5,642.00","1.11K","3.98%"
"24-03-2020","5,626.00","5,588.00","5,710.00","5,500.00","0.67K","1.88%"
"23-03-2020","5,522.00","5,630.00","5,724.00","5,500.00","1.36K","-3.63%"
"20-03-2020","5,730.00","5,684.00","5,730.00","5,684.00","0.19K","2.80%"
"19-03-2020","5,574.00","5,500.00","5,500.00","5,500.00","0.17K","0.00%"
"18-03-2020","5,574.00","5,560.00","5,580.00","5,462.00","1.11K","2.84%"
"17-03-2020","5,420.00","5,420.00","5,422.00","5,416.00","0.06K","1.35%"
"16-03-2020","5,348.00","5,398.00","5,400.00","5,314.00","0.21K","-1.33%"
"13-03-2020","5,420.00","5,484.00","5,658.00","5,372.00","2.02K","-3.11%"
"12-03-2020","5,594.00","5,620.00","5,634.00","5,510.00","1.11K","-1.76%"
"11-03-2020","5,694.00","5,700.00","5,814.00","5,680.00","1.03K","-0.35%"
"09-03-2020","5,714.00","5,840.00","5,840.00","5,714.00","1.59K","-4.00%"
"06-03-2020","5,952.00","6,008.00","6,050.00","5,922.00","0.66K","-0.70%"
"05-03-2020","5,994.00","5,962.00","6,080.00","5,914.00","0.52K","-0.03%"
"04-03-2020","5,996.00","6,070.00","6,070.00","5,980.00","0.94K","-1.35%"
"03-03-2020","6,078.00","5,980.00","6,086.00","5,964.00","0.98K","2.01%"
"02-03-2020","5,958.00","6,068.00","6,068.00","5,952.00","0.50K","-0.70%"
"28-02-2020","6,000.00","6,024.00","6,080.00","5,864.00","0.96K","-1.09%"
"27-02-2020","6,066.00","5,850.00","6,092.00","5,784.00","1.62K","2.88%"
"26-02-2020","5,896.00","5,936.00","6,008.00","5,882.00","0.98K","-0.87%"
"25-02-2020","5,948.00","5,962.00","6,010.00","5,916.00","0.81K","-0.10%"
"24-02-2020","5,954.00","6,166.00","6,166.00","5,902.00","1.49K","-3.09%"
"20-02-2020","6,144.00","6,184.00","6,296.00","6,126.00","1.93K","-1.06%"
"19-02-2020","6,210.00","5,970.00","6,210.00","5,970.00","2.58K","3.99%"
"18-02-2020","5,972.00","5,888.00","6,008.00","5,836.00","1.80K","1.95%"
"17-02-2020","5,858.00","5,820.00","5,884.00","5,800.00","0.58K","0.14%"
"14-02-2020","5,850.00","5,860.00","5,882.00","5,810.00","0.57K","0.17%"
"13-02-2020","5,840.00","5,890.00","5,892.00","5,820.00","0.53K","-0.71%"
"12-02-2020","5,882.00","5,860.00","5,940.00","5,856.00","0.64K","-0.03%"
"11-02-2020","5,884.00","5,906.00","5,908.00","5,854.00","0.35K","0.00%"
"10-02-2020","5,884.00","5,880.00","5,916.00","5,842.00","0.96K","-0.34%"
"07-02-2020","5,904.00","5,942.00","5,956.00","5,888.00","0.74K","-0.74%"
"06-02-2020","5,948.00","5,950.00","6,000.00","5,916.00","0.62K","0.03%"
"05-02-2020","5,946.00","6,030.00","6,030.00","5,936.00","0.54K","-1.20%"
"04-02-2020","6,018.00","5,896.00","6,044.00","5,880.00","1.19K","1.72%"
"03-02-2020","5,916.00","5,852.00","5,976.00","5,852.00","1.08K","-0.27%"
"01-02-2020","5,932.00","5,982.00","6,020.00","5,900.00","0.88K","-0.40%"
"31-01-2020","5,956.00","6,036.00","6,052.00","5,930.00","0.80K","-0.90%"
"30-01-2020","6,010.00","6,080.00","6,098.00","5,972.00","1.78K","-0.92%"
"29-01-2020","6,066.00","6,190.00","6,240.00","6,042.00","2.22K","-1.59%"
"28-01-2020","6,164.00","6,184.00","6,270.00","6,150.00","0.98K","-0.74%"
"27-01-2020","6,210.00","6,390.00","6,390.00","6,192.00","1.09K","-2.42%"
"24-01-2020","6,364.00","6,228.00","6,398.00","6,228.00","1.43K","2.38%"
"23-01-2020","6,216.00","6,178.00","6,262.00","6,178.00","0.76K","-0.35%"
"22-01-2020","6,238.00","6,236.00","6,312.00","6,212.00","1.44K","-0.42%"
"21-01-2020","6,264.00","6,290.00","6,318.00","6,192.00","1.30K","0.29%"
"20-01-2020","6,246.00","6,390.00","6,390.00","6,182.00","1.51K","-2.50%"
"17-01-2020","6,406.00","6,360.00","6,426.00","6,352.00","0.48K","0.47%"
"16-01-2020","6,376.00","6,448.00","6,468.00","6,310.00","0.79K","-0.56%"
"15-01-2020","6,412.00","6,398.00","6,496.00","6,346.00","1.06K","0.12%"
"14-01-2020","6,404.00","6,360.00","6,440.00","6,342.00","0.97K","0.85%"
"13-01-2020","6,350.00","6,348.00","6,516.00","6,306.00","1.94K","0.41%"
"10-01-2020","6,324.00","6,306.00","6,438.00","6,300.00","0.65K","-0.41%"
"09-01-2020","6,350.00","6,424.00","6,480.00","6,322.00","1.15K","-2.22%"
"08-01-2020","6,494.00","6,402.00","6,570.00","6,382.00","1.76K","0.74%"
"07-01-2020","6,446.00","6,264.00","6,468.00","6,180.00","3.44K","2.71%"
"06-01-2020","6,276.00","6,492.00","6,504.00","6,276.00","2.41K","-3.98%"
"03-01-2020","6,536.00","6,760.00","6,784.00","6,506.00","2.98K","-2.65%"
"02-01-2020","6,714.00","6,628.00","6,820.00","6,608.00","2.75K","1.70%"
"01-01-2020","6,602.00","6,542.00","6,670.00","6,486.00","1.64K","0.61%"
"31-12-2019","6,562.00","6,610.00","6,672.00","6,502.00","2.08K","-0.85%"
"30-12-2019","6,618.00","6,676.00","6,738.00","6,534.00","2.99K","0.03%"
"27-12-2019","6,616.00","6,392.00","6,616.00","6,374.00","4.15K","3.99%"
"26-12-2019","6,362.00","6,102.00","6,362.00","6,102.00","2.65K","3.99%"
"24-12-2019","6,118.00","6,000.00","6,142.00","6,000.00","1.00K","1.16%"
"23-12-2019","6,048.00","6,106.00","6,140.00","6,010.00","2.25K","-1.40%"
"20-12-2019","6,134.00","6,180.00","6,256.00","6,050.00","0.40K","-1.95%"
"19-12-2019","6,256.00","6,246.00","6,260.00","6,150.00","0.74K","1.30%"
"18-12-2019","6,176.00","6,060.00","6,240.00","6,060.00","1.87K","-0.10%"
"17-12-2019","6,182.00","6,150.00","6,200.00","6,150.00","0.20K","1.01%"
"16-12-2019","6,120.00","6,182.00","6,182.00","6,072.00","0.52K","-1.00%"
"13-12-2019","6,182.00","6,184.00","6,322.00","6,096.00","0.49K","-1.06%"
"12-12-2019","6,248.00","6,060.00","6,248.00","6,060.00","0.60K","3.99%"
"11-12-2019","6,008.00","5,800.00","6,008.00","5,800.00","1.86K","3.98%"
"10-12-2019","5,778.00","5,740.00","5,828.00","5,680.00","2.35K","0.80%"
"09-12-2019","5,732.00","5,678.00","5,760.00","5,610.00","4.43K","0.95%"
"06-12-2019","5,678.00","5,630.00","5,704.00","5,630.00","2.13K","0.50%"
"05-12-2019","5,650.00","5,612.00","5,702.00","5,610.00","2.75K","1.04%"
"04-12-2019","5,592.00","5,650.00","5,650.00","5,556.00","2.12K","-0.89%"
"03-12-2019","5,642.00","5,662.00","5,680.00","5,612.00","1.28K","-0.84%"
"02-12-2019","5,690.00","5,740.00","5,740.00","5,638.00","1.09K","-0.18%"
"29-11-2019","5,700.00","5,650.00","5,738.00","5,612.00","1.92K","1.28%"
"28-11-2019","5,628.00","5,604.00","5,658.00","5,600.00","0.78K","0.04%"
"27-11-2019","5,626.00","5,640.00","5,758.00","5,596.00","1.93K","0.46%"
"26-11-2019","5,600.00","5,678.00","5,678.00","5,570.00","1.35K","-0.81%"
"25-11-2019","5,646.00","5,712.00","5,756.00","5,612.00","2.60K","-1.40%"
"22-11-2019","5,726.00","5,812.00","5,836.00","5,636.00","3.02K","-1.88%"
"21-11-2019","5,836.00","5,724.00","5,882.00","5,724.00","1.12K","2.03%"
"20-11-2019","5,720.00","5,844.00","5,870.00","5,800.00","0.06K","0.00%"
"19-11-2019","5,720.00","5,720.00","5,720.00","5,720.00","0.01K","-0.31%"
"18-11-2019","5,738.00","5,748.00","5,756.00","5,718.00","0.04K","-1.07%"
"15-11-2019","5,800.00","5,858.00","5,858.00","5,770.00","0.15K","-0.79%"
"14-11-2019","5,846.00","5,730.00","5,846.00","5,730.00","0.27K","1.99%"
"13-11-2019","5,732.00","5,862.00","5,862.00","5,700.00","0.61K","-1.78%"
"11-11-2019","5,836.00","6,010.00","6,010.00","5,814.00","1.72K","-2.80%"
"08-11-2019","6,004.00","6,234.00","6,240.00","6,004.00","3.90K","-4.00%"
"07-11-2019","6,254.00","6,264.00","6,290.00","6,206.00","0.82K","-0.22%"
"06-11-2019","6,268.00","6,240.00","6,290.00","6,212.00","1.67K","0.26%"
"05-11-2019","6,252.00","6,384.00","6,384.00","6,210.00","1.07K","-1.94%"
"04-11-2019","6,376.00","6,340.00","6,430.00","6,314.00","1.97K","1.82%"
"01-11-2019","6,262.00","6,150.00","6,288.00","6,140.00","1.78K","2.15%"
"31-10-2019","6,130.00","6,144.00","6,168.00","6,114.00","0.50K","0.00%"
"30-10-2019","6,130.00","6,112.00","6,198.00","6,082.00","2.62K","0.39%"
"29-10-2019","6,106.00","6,124.00","6,170.00","6,012.00","2.95K","-0.10%"
"27-10-2019","6,112.00","6,180.00","6,210.00","6,080.00","0.85K","0.36%"
"25-10-2019","6,090.00","5,990.00","6,114.00","5,986.00","2.07K","1.57%"
"24-10-2019","5,996.00","6,144.00","6,176.00","5,942.00","3.57K","-1.99%"
"23-10-2019","6,118.00","5,962.00","6,136.00","5,908.00","3.64K","3.03%"
"22-10-2019","5,938.00","5,864.00","5,980.00","5,864.00","3.93K","-0.47%"
"18-10-2019","5,966.00","5,720.00","5,788.00","5,710.00","1.00K","4.59%"
"17-10-2019","5,704.00","5,772.00","5,772.00","5,560.00","0.08K","0.78%"
"16-10-2019","5,660.00","5,818.00","5,848.00","5,770.00","1.50K","0.00%"
"15-10-2019","5,660.00","5,660.00","5,720.00","5,624.00","0.51K","-0.14%"
"14-10-2019","5,668.00","5,746.00","5,770.00","5,650.00","0.19K","-1.12%"
"11-10-2019","5,732.00","5,712.00","5,810.00","5,700.00","2.65K","-1.00%"
"10-10-2019","5,790.00","5,950.00","6,118.00","5,790.00","5.32K","-3.98%"
"09-10-2019","6,030.00","6,098.00","6,158.00","5,916.00","3.17K","-1.28%"
"07-10-2019","6,108.00","6,028.00","6,198.00","5,982.00","3.00K","2.21%"
"04-10-2019","5,976.00","5,954.00","6,064.00","5,902.00","2.71K","0.44%"
"03-10-2019","5,950.00","5,920.00","6,000.00","5,852.00","2.88K","0.57%"
"01-10-2019","5,916.00","6,142.00","6,200.00","5,910.00","3.62K","-3.71%"
"30-09-2019","6,144.00","6,076.00","6,178.00","6,044.00","1.57K","0.59%"
"27-09-2019","6,108.00","6,218.00","6,220.00","6,108.00","3.16K","-1.99%"
"26-09-2019","6,232.00","6,230.00","6,320.00","6,202.00","3.07K","0.35%"
"25-09-2019","6,210.00","6,162.00","6,260.00","6,100.00","2.50K","0.10%"
"24-09-2019","6,204.00","6,090.00","6,280.00","6,090.00","2.90K","2.01%"
"23-09-2019","6,082.00","6,154.00","6,158.00","6,030.00","1.79K","-4.64%"
"20-09-2019","6,378.00","6,138.00","6,188.00","6,036.00","4.39K","8.69%"
"19-09-2019","5,868.00","6,126.00","6,236.00","6,080.00","3.07K","0.00%"
"18-09-2019","5,868.00","6,318.00","6,320.00","6,114.00","4.22K","-1.97%"
"17-09-2019","5,986.00","5,974.00","6,000.00","5,974.00","0.10K","-1.77%"
"16-09-2019","6,094.00","6,220.00","6,220.00","6,094.00","0.12K","-3.97%"
"13-09-2019","6,346.00","6,554.00","6,588.00","6,382.00","0.05K","0.00%"
"12-09-2019","6,346.00","6,640.00","6,656.00","6,544.00","2.54K","0.00%"
"11-09-2019","6,346.00","6,572.00","6,572.00","6,300.00","4.04K","-2.73%"
"09-09-2019","6,524.00","6,634.00","6,650.00","6,508.00","4.87K","-1.00%"
"06-09-2019","6,590.00","6,522.00","6,702.00","6,496.00","3.71K","1.20%"
"05-09-2019","6,512.00","6,416.00","6,526.00","6,326.00","4.42K","1.24%"
"04-09-2019","6,432.00","6,542.00","6,590.00","6,412.00","4.15K","-2.28%"
"03-09-2019","6,582.00","6,716.00","6,750.00","6,552.00","3.15K","-2.66%"
"30-08-2019","6,762.00","6,768.00","6,796.00","6,730.00","1.36K","0.18%"
"29-08-2019","6,750.00","6,778.00","6,836.00","6,732.00","1.89K","-0.59%"
"28-08-2019","6,790.00","6,786.00","6,820.00","6,724.00","2.09K","0.27%"
"27-08-2019","6,772.00","6,768.00","6,820.00","6,700.00","2.21K","0.68%"
"26-08-2019","6,726.00","6,840.00","6,860.00","6,720.00","2.56K","-1.70%"
"23-08-2019","6,842.00","6,814.00","6,868.00","6,800.00","2.75K","0.56%"
"22-08-2019","6,804.00","6,922.00","6,958.00","6,784.00","3.23K","-1.90%"
"21-08-2019","6,936.00","7,000.00","7,000.00","6,922.00","1.40K","0.32%"
"20-08-2019","6,914.00","6,924.00","6,930.00","6,900.00","0.12K","-1.28%"
"19-08-2019","7,004.00","7,040.00","7,040.00","6,970.00","0.07K","0.46%"
"16-08-2019","6,972.00","6,986.00","6,986.00","6,962.00","0.02K","1.78%"
"14-08-2019","6,850.00","6,842.00","6,896.00","6,822.00","0.56K","-0.12%"
"13-08-2019","6,858.00","7,014.00","7,062.00","6,824.00","0.89K","-0.29%"
"09-08-2019","6,878.00","6,630.00","6,878.00","6,600.00","4.61K","3.99%"
"08-08-2019","6,614.00","6,496.00","6,680.00","6,492.00","4.41K","0.82%"
"07-08-2019","6,560.00","6,600.00","6,622.00","6,540.00","1.82K","-0.27%"
"06-08-2019","6,578.00","6,516.00","6,678.00","6,416.00","2.32K","1.11%"
"05-08-2019","6,506.00","6,570.00","6,570.00","6,462.00","2.99K","-1.30%"
"02-08-2019","6,592.00","6,642.00","6,680.00","6,570.00","2.42K","-1.08%"
"01-08-2019","6,664.00","6,702.00","6,766.00","6,652.00","2.07K","-1.04%"
"31-07-2019","6,734.00","6,714.00","6,790.00","6,692.00","3.23K","0.36%"
"30-07-2019","6,710.00","6,748.00","6,760.00","6,680.00","4.95K","-1.00%"
"29-07-2019","6,778.00","6,926.00","6,928.00","6,730.00","3.77K","-2.19%"
"26-07-2019","6,930.00","6,924.00","6,950.00","6,792.00","2.74K","0.06%"
"25-07-2019","6,926.00","6,878.00","6,944.00","6,822.00","2.82K","0.35%"
"24-07-2019","6,902.00","6,938.00","7,034.00","6,870.00","5.52K","-0.86%"
"23-07-2019","6,962.00","7,120.00","7,190.00","6,962.00","5.36K","-2.00%"
"22-07-2019","7,104.00","7,132.00","7,168.00","7,072.00","3.00K","-0.98%"
"19-07-2019","7,174.00","7,080.00","7,180.00","6,982.00","5.55K","16.05%"
"18-07-2019","6,182.00","6,092.00","6,280.00","6,076.00","0.02K","0.29%"
"17-07-2019","6,164.00","6,090.00","6,298.00","6,090.00","0.02K","-0.32%"
"16-07-2019","6,184.00","6,184.00","6,184.00","6,184.00","0.02K","1.98%"
"15-07-2019","6,064.00","6,050.00","6,110.00","5,990.00","0.05K","0.76%"
"12-07-2019","6,018.00","5,944.00","6,042.00","5,944.00","0.25K","2.10%"
"11-07-2019","5,894.00","5,892.00","5,976.00","5,870.00","3.96K","-0.41%"
"10-07-2019","5,918.00","6,142.00","6,180.00","5,900.00","7.15K","-3.68%"
"09-07-2019","6,144.00","6,026.00","6,174.00","6,024.00","4.40K","1.32%"
"08-07-2019","6,064.00","6,108.00","6,120.00","6,030.00","3.65K","-0.82%"
"05-07-2019","6,114.00","6,136.00","6,184.00","6,100.00","1.72K","-0.33%"
"04-07-2019","6,134.00","6,124.00","6,198.00","6,094.00","1.89K","0.00%"
"03-07-2019","6,134.00","6,130.00","6,176.00","6,052.00","3.10K","0.03%"
"02-07-2019","6,132.00","6,276.00","6,276.00","6,062.00","5.98K","-2.14%"
"01-07-2019","6,266.00","6,300.00","6,344.00","6,216.00","4.63K","-1.20%"
"28-06-2019","6,342.00","6,298.00","6,366.00","6,276.00","4.28K","0.70%"
"27-06-2019","6,298.00","6,390.00","6,408.00","6,280.00","2.44K","-1.22%"
"26-06-2019","6,376.00","6,406.00","6,432.00","6,344.00","2.07K","-0.87%"
"25-06-2019","6,432.00","6,370.00","6,480.00","6,364.00","4.01K","1.23%"
"24-06-2019","6,354.00","6,322.00","6,400.00","6,230.00","5.66K","0.44%"
"21-06-2019","6,326.00","6,400.00","6,444.00","6,306.00","3.19K","-0.57%"
"20-06-2019","6,362.00","6,380.00","6,380.00","6,352.00","0.17K","-0.53%"
"19-06-2019","6,396.00","6,416.00","6,416.00","6,318.00","0.15K","-0.06%"
"18-06-2019","6,400.00","6,552.00","6,552.00","6,374.00","0.77K","-3.59%"
"17-06-2019","6,638.00","6,660.00","6,660.00","6,620.00","0.06K","-0.30%"
"14-06-2019","6,658.00","6,750.00","6,750.00","6,630.00","0.49K","-1.04%"
"13-06-2019","6,728.00","6,748.00","6,748.00","6,712.00","0.13K","-0.53%"
"12-06-2019","6,764.00","6,768.00","6,804.00","6,720.00","0.10K","0.54%"
"11-06-2019","6,728.00","6,772.00","6,810.00","6,662.00","2.04K","-0.91%"
"10-06-2019","6,790.00","6,760.00","6,886.00","6,758.00","2.75K","-0.09%"
"07-06-2019","6,796.00","6,800.00","6,830.00","6,740.00","3.92K","-0.03%"
"06-06-2019","6,798.00","6,926.00","6,968.00","6,772.00","4.41K","-1.62%"
"04-06-2019","6,910.00","6,918.00","6,942.00","6,822.00","3.19K","0.03%"
"03-06-2019","6,908.00","6,952.00","6,962.00","6,878.00","1.57K","-0.86%"
"31-05-2019","6,968.00","7,032.00","7,090.00","6,940.00","3.55K","-1.11%"
"30-05-2019","7,046.00","6,930.00","7,106.00","6,850.00","6.38K","1.70%"
"29-05-2019","6,928.00","6,792.00","6,946.00","6,786.00","3.22K","1.35%"
"28-05-2019","6,836.00","6,886.00","6,946.00","6,780.00","6.69K","-0.58%"
"27-05-2019","6,876.00","7,052.00","7,052.00","6,854.00","6.11K","-2.63%"
"24-05-2019","7,062.00","7,174.00","7,200.00","7,032.00","3.89K","-1.51%"
"23-05-2019","7,170.00","7,212.00","7,220.00","7,130.00","3.49K","-0.47%"
"22-05-2019","7,204.00","7,268.00","7,360.00","7,180.00","6.10K","-1.04%"
"21-05-2019","7,280.00","7,148.00","7,334.00","7,140.00","6.76K","2.22%"
"20-05-2019","7,122.00","7,100.00","7,130.00","7,100.00","0.06K","1.86%"
"17-05-2019","6,992.00","7,020.00","7,020.00","6,930.00","0.04K","-1.94%"
"16-05-2019","7,130.00","7,030.00","7,234.00","6,970.00","10.49K","4.95%"
"15-05-2019","6,794.00","6,698.00","6,868.00","6,698.00","0.06K","2.85%"
"14-05-2019","6,606.00","6,598.00","6,630.00","6,580.00","0.83K","0.33%"
"13-05-2019","6,584.00","6,494.00","6,598.00","6,422.00","0.98K","1.76%"
"10-05-2019","6,470.00","6,560.00","6,560.00","6,430.00","2.43K","-0.52%"
"09-05-2019","6,504.00","6,406.00","6,524.00","6,394.00","4.20K","1.25%"
"08-05-2019","6,424.00","6,428.00","6,452.00","6,380.00","4.66K","0.06%"
"07-05-2019","6,420.00","6,400.00","6,464.00","6,400.00","2.66K","0.19%"
"06-05-2019","6,408.00","6,458.00","6,498.00","6,396.00","2.99K","-0.40%"
"03-05-2019","6,434.00","6,462.00","6,490.00","6,416.00","2.45K","0.06%"
"02-05-2019","6,430.00","6,464.00","6,500.00","6,362.00","3.49K","-0.12%"
"30-04-2019","6,438.00","6,550.00","6,558.00","6,422.00","4.55K","-0.65%"
"26-04-2019","6,480.00","6,552.00","6,620.00","6,426.00","4.38K","-0.83%"
"25-04-2019","6,534.00","6,410.00","6,598.00","6,410.00","5.89K","2.32%"
"24-04-2019","6,386.00","6,362.00","6,438.00","6,326.00","2.99K","0.16%"
"23-04-2019","6,376.00","6,326.00","6,418.00","6,326.00","2.99K","0.50%"
"22-04-2019","6,344.00","6,458.00","6,504.00","6,302.00","2.74K","-0.91%"
"18-04-2019","6,402.00","6,430.00","6,504.00","6,382.00","3.44K","1.65%"
"16-04-2019","6,298.00","6,298.00","6,298.00","6,298.00","0.09K","-1.99%"
"15-04-2019","6,426.00","6,432.00","6,550.00","6,360.00","0.09K","-2.07%"
"12-04-2019","6,562.00","6,598.00","6,598.00","6,510.00","0.24K","0.46%"
"11-04-2019","6,532.00","6,568.00","6,574.00","6,482.00","1.21K","-0.49%"
"10-04-2019","6,564.00","6,578.00","6,670.00","6,522.00","2.30K","-0.58%"
"09-04-2019","6,602.00","6,660.00","6,670.00","6,556.00","0.98K","-1.46%"
"08-04-2019","6,700.00","6,480.00","6,720.00","6,480.00","2.46K","3.68%"
"05-04-2019","6,462.00","6,450.00","6,618.00","6,364.00","2.34K","1.13%"
"04-04-2019","6,390.00","6,352.00","6,450.00","6,352.00","1.47K","0.22%"
"03-04-2019","6,376.00","6,388.00","6,502.00","6,336.00","3.03K","0.00%"
"02-04-2019","6,376.00","6,284.00","6,382.00","6,262.00","2.61K","1.89%"
"01-04-2019","6,258.00","6,108.00","6,324.00","6,102.00","2.99K","2.86%"
"29-03-2019","6,084.00","6,118.00","6,130.00","6,060.00","1.55K","-0.16%"
"28-03-2019","6,094.00","6,118.00","6,150.00","6,074.00","2.19K","0.07%"
"27-03-2019","6,090.00","6,130.00","6,162.00","6,074.00","1.89K","-0.59%"
"26-03-2019","6,126.00","5,990.00","6,170.00","5,958.00","3.04K","2.30%"
"25-03-2019","5,988.00","6,070.00","6,110.00","5,964.00","2.20K","-1.51%"
"22-03-2019","6,080.00","6,130.00","6,142.00","6,054.00","1.45K","-0.78%"
"20-03-2019","6,128.00","6,146.00","6,150.00","6,080.00","0.85K","-0.03%"
"19-03-2019","6,130.00","6,160.00","6,166.00","6,116.00","0.94K","-0.13%"
"18-03-2019","6,138.00","6,210.00","6,210.00","6,084.00","3.33K","-1.54%"
"15-03-2019","6,234.00","6,262.00","6,262.00","6,212.00","0.80K","-0.45%"
"14-03-2019","6,262.00","6,328.00","6,336.00","6,244.00","1.34K","-0.73%"
"13-03-2019","6,308.00","6,270.00","6,330.00","6,270.00","1.65K","0.73%"
"12-03-2019","6,262.00","6,440.00","6,460.00","6,242.00","2.70K","-2.61%"
"11-03-2019","6,430.00","6,420.00","6,488.00","6,382.00","2.48K","0.28%"
"08-03-2019","6,412.00","6,328.00","6,420.00","6,328.00","1.49K","1.10%"
"07-03-2019","6,342.00","6,396.00","6,398.00","6,324.00","1.06K","-0.44%"
"06-03-2019","6,370.00","6,340.00","6,422.00","6,340.00","1.24K","0.35%"
"05-03-2019","6,348.00","6,330.00","6,458.00","6,320.00","3.17K","0.54%"
"01-03-2019","6,314.00","6,250.00","6,356.00","6,250.00","2.30K","0.64%"
"28-02-2019","6,274.00","6,234.00","6,340.00","6,222.00","2.03K","0.58%"
"27-02-2019","6,238.00","6,152.00","6,276.00","6,152.00","2.08K","1.27%"
"26-02-2019","6,160.00","6,132.00","6,180.00","6,114.00","1.21K","0.20%"
"25-02-2019","6,148.00","6,186.00","6,208.00","6,134.00","1.67K","-0.84%"
"22-02-2019","6,200.00","6,232.00","6,246.00","6,186.00","1.20K","-0.45%"
"21-02-2019","6,228.00","6,224.00","6,270.00","6,220.00","0.92K","-0.32%"
"20-02-2019","6,248.00","6,242.00","6,260.00","6,208.00","0.72K","0.00%"
"19-02-2019","6,248.00","6,268.00","6,290.00","6,234.00","0.73K","-0.06%"
"18-02-2019","6,252.00","6,312.00","6,322.00","6,232.00","2.64K","-0.86%"
"15-02-2019","6,306.00","6,346.00","6,366.00","6,296.00","1.18K","-0.88%"
"14-02-2019","6,362.00","6,330.00","6,390.00","6,314.00","1.15K","0.38%"
"13-02-2019","6,338.00","6,324.00","6,370.00","6,286.00","1.40K","0.13%"
"12-02-2019","6,330.00","6,332.00","6,374.00","6,316.00","0.75K","-0.31%"
"11-02-2019","6,350.00","6,340.00","6,384.00","6,300.00","1.06K","0.13%"
"08-02-2019","6,342.00","6,372.00","6,394.00","6,330.00","0.58K","-0.47%"
"07-02-2019","6,372.00","6,326.00","6,398.00","6,292.00","1.98K","1.11%"
"06-02-2019","6,302.00","6,346.00","6,370.00","6,282.00","2.01K","-0.69%"
"05-02-2019","6,346.00","6,404.00","6,404.00","6,330.00","1.13K","-0.81%"
"04-02-2019","6,398.00","6,380.00","6,450.00","6,370.00","0.96K","0.22%"
"01-02-2019","6,384.00","6,412.00","6,418.00","6,354.00","1.11K","-0.22%"
"31-01-2019","6,398.00","6,400.00","6,420.00","6,334.00","2.10K","-0.06%"
"30-01-2019","6,402.00","6,350.00","6,450.00","6,350.00","1.73K","0.06%"
"29-01-2019","6,398.00","6,498.00","6,520.00","6,372.00","2.09K","-1.57%"
"28-01-2019","6,500.00","6,458.00","6,548.00","6,450.00","1.23K","0.53%"
"25-01-2019","6,466.00","6,478.00","6,510.00","6,430.00","1.01K","-0.52%"
"24-01-2019","6,500.00","6,508.00","6,530.00","6,450.00","1.96K","0.18%"
"23-01-2019","6,488.00","6,568.00","6,582.00","6,440.00","2.39K","-1.01%"
"22-01-2019","6,554.00","6,620.00","6,648.00","6,530.00","1.51K","-0.97%"
"21-01-2019","6,618.00","6,570.00","6,660.00","6,536.00","1.77K","1.25%"
"18-01-2019","6,536.00","6,482.00","6,590.00","6,436.00","3.57K","0.25%"
"17-01-2019","6,520.00","6,554.00","6,588.00","6,460.00","2.17K","-0.52%"
"16-01-2019","6,554.00","6,650.00","6,670.00","6,512.00","2.18K","-1.32%"
"15-01-2019","6,642.00","6,612.00","6,656.00","6,612.00","0.34K","0.15%"
"14-01-2019","6,632.00","6,638.00","6,654.00","6,618.00","0.36K","0.42%"
"11-01-2019","6,604.00","6,626.00","6,636.00","6,570.00","0.45K","0.06%"
"10-01-2019","6,600.00","6,570.00","6,700.00","6,560.00","1.16K","-0.09%"
"09-01-2019","6,606.00","6,576.00","6,666.00","6,576.00","1.08K","0.09%"
"08-01-2019","6,600.00","6,628.00","6,664.00","6,556.00","1.54K","-0.39%"
"07-01-2019","6,626.00","6,594.00","6,680.00","6,584.00","1.29K","0.18%"
"04-01-2019","6,614.00","6,688.00","6,718.00","6,572.00","0.87K","-0.60%"
"03-01-2019","6,654.00","6,644.00","6,720.00","6,612.00","1.32K","-0.18%"
"02-01-2019","6,666.00","6,822.00","6,822.00","6,634.00","1.95K","-1.36%"
"01-01-2019","6,758.00","6,708.00","6,812.00","6,708.00","0.66K","0.27%"
"31-12-2018","6,740.00","6,622.00","6,790.00","6,544.00","1.25K","0.96%"
"28-12-2018","6,676.00","6,730.00","6,832.00","6,650.00","1.86K","-1.45%"
"27-12-2018","6,774.00","6,870.00","6,870.00","6,712.00","1.96K","-0.67%"
"26-12-2018","6,820.00","6,542.00","6,820.00","6,492.00","3.27K","4.00%"
"24-12-2018","6,558.00","6,598.00","6,598.00","6,510.00","1.57K","-0.70%"
"21-12-2018","6,604.00","6,620.00","6,660.00","6,600.00","0.99K","6.00%"
"20-12-2018","6,230.00","6,200.00","6,260.00","6,200.00","0.02K","-0.99%"
"19-12-2018","6,292.00","6,292.00","6,292.00","6,292.00","0.01K","-1.99%"
"18-12-2018","6,420.00","6,404.00","6,428.00","6,400.00","0.03K","1.87%"
"17-12-2018","6,302.00","6,300.00","6,302.00","6,300.00","0.02K","0.13%"
"14-12-2018","6,294.00","6,250.00","6,392.00","6,250.00","0.05K","2.34%"
"13-12-2018","6,150.00","6,100.00","6,150.00","6,040.00","0.22K","1.99%"
"12-12-2018","6,030.00","5,980.00","6,086.00","5,980.00","0.34K","0.47%"
"11-12-2018","6,002.00","5,978.00","6,082.00","5,978.00","3.31K","-1.38%"
"10-12-2018","6,086.00","6,134.00","6,248.00","6,024.00","5.04K","-2.66%"
"07-12-2018","6,252.00","6,394.00","6,394.00","6,240.00","1.90K","-1.39%"
"06-12-2018","6,340.00","6,382.00","6,386.00","6,330.00","1.48K","-0.47%"
"05-12-2018","6,370.00","6,414.00","6,428.00","6,360.00","1.77K","-0.87%"
"04-12-2018","6,426.00","6,460.00","6,488.00","6,420.00","1.39K","-0.86%"
"03-12-2018","6,482.00","6,570.00","6,580.00","6,460.00","1.07K","-0.31%"
"30-11-2018","6,502.00","6,450.00","6,590.00","6,450.00","3.43K","1.44%"
"29-11-2018","6,410.00","6,448.00","6,462.00","6,384.00","1.90K","0.09%"
"28-11-2018","6,404.00","6,408.00","6,450.00","6,390.00","1.12K","-0.12%"
"27-11-2018","6,412.00","6,362.00","6,462.00","6,360.00","2.40K","0.09%"
"26-11-2018","6,406.00","6,500.00","6,500.00","6,250.00","5.15K","-1.17%"
"22-11-2018","6,482.00","6,492.00","6,530.00","6,440.00","2.94K","0.43%"
"21-11-2018","6,454.00","6,470.00","6,538.00","6,430.00","3.31K","-0.25%"
"20-11-2018","6,470.00","6,490.00","6,544.00","6,428.00","1.32K","-0.28%"
"19-11-2018","6,488.00","6,500.00","6,502.00","6,388.00","2.96K","-1.73%"
"16-11-2018","6,602.00","6,602.00","6,602.00","6,600.00","0.05K","0.79%"
"15-11-2018","6,550.00","6,550.00","6,550.00","6,550.00","0.05K","-0.61%"
"14-11-2018","6,590.00","6,550.00","6,620.00","6,550.00","0.14K","0.09%"
"13-11-2018","6,584.00","6,506.00","6,630.00","6,506.00","0.19K","1.20%"
"12-11-2018","6,506.00","6,560.00","6,638.00","6,408.00","3.35K","-0.49%"
"09-11-2018","6,538.00","6,420.00","6,594.00","6,420.00","6.01K","1.11%"
"07-11-2018","6,466.00","6,490.00","6,536.00","6,442.00","0.91K","-0.77%"
"06-11-2018","6,516.00","6,626.00","6,626.00","6,480.00","3.09K","-0.73%"
"05-11-2018","6,564.00","6,630.00","6,680.00","6,530.00","3.07K","-0.76%"
"02-11-2018","6,614.00","6,744.00","6,744.00","6,596.00","2.43K","-1.58%"
"01-11-2018","6,720.00","6,758.00","6,790.00","6,684.00","2.32K","-1.15%"
"31-10-2018","6,798.00","6,840.00","6,864.00","6,688.00","4.80K","-0.21%"
"30-10-2018","6,812.00","6,740.00","6,826.00","6,740.00","4.30K","1.28%"
"29-10-2018","6,726.00","6,696.00","6,788.00","6,696.00","2.52K","0.78%"
"26-10-2018","6,674.00","6,660.00","6,698.00","6,630.00","2.12K","0.09%"
"25-10-2018","6,668.00","6,610.00","6,680.00","6,610.00","1.28K","0.73%"
"24-10-2018","6,620.00","6,606.00","6,690.00","6,486.00","3.61K","0.30%"
"23-10-2018","6,600.00","6,610.00","6,664.00","6,564.00","1.99K","-0.09%"
"22-10-2018","6,606.00","6,600.00","6,666.00","6,530.00","2.61K","0.70%"
"19-10-2018","6,560.00","6,522.00","6,610.00","6,522.00","1.23K","0.12%"
"17-10-2018","6,552.00","6,500.00","6,570.00","6,480.00","2.66K","-5.35%"
"16-10-2018","6,922.00","6,950.00","6,950.00","6,826.00","0.37K","-0.52%"
"15-10-2018","6,958.00","6,940.00","6,960.00","6,880.00","0.67K","0.35%"
"12-10-2018","6,934.00","6,988.00","6,988.00","6,912.00","0.70K","0.00%"
"11-10-2018","6,934.00","7,014.00","7,014.00","6,900.00","2.47K","0.09%"
"10-10-2018","6,928.00","6,852.00","6,960.00","6,824.00","2.26K","0.41%"
"09-10-2018","6,900.00","6,860.00","6,940.00","6,822.00","0.71K","-0.49%"
"08-10-2018","6,934.00","6,950.00","7,000.00","6,850.00","3.64K","-0.17%"
"05-10-2018","6,946.00","6,880.00","6,964.00","6,864.00","2.45K","1.11%"
"04-10-2018","6,870.00","6,810.00","6,884.00","6,782.00","2.67K","0.82%"
"03-10-2018","6,814.00","6,642.00","6,832.00","6,642.00","3.49K","1.28%"
"01-10-2018","6,728.00","6,702.00","6,824.00","6,702.00","4.08K","-0.09%"
"28-09-2018","6,734.00","6,560.00","6,754.00","6,540.00","7.23K","2.68%"
"27-09-2018","6,558.00","6,642.00","6,648.00","6,502.00","2.59K","-1.09%"
"26-09-2018","6,630.00","6,640.00","6,746.00","6,606.00","4.06K","-0.33%"
"25-09-2018","6,652.00","6,490.00","6,698.00","6,470.00","5.73K","2.46%"
"24-09-2018","6,492.00","6,558.00","6,560.00","6,462.00","2.45K","-0.43%"
"21-09-2018","6,520.00","6,514.00","6,588.00","6,440.00","3.40K","0.43%"
"19-09-2018","6,492.00","6,582.00","6,582.00","6,466.00","1.79K","-1.31%"
"18-09-2018","6,578.00","6,584.00","6,632.00","6,532.00","1.64K","0.74%"
"17-09-2018","6,530.00","6,530.00","6,530.00","6,530.00","0.02K","0.46%"
"14-09-2018","6,500.00","6,530.00","6,530.00","6,470.00","0.01K","1.40%"
"12-09-2018","6,410.00","6,430.00","6,430.00","6,354.00","0.06K","0.22%"
"11-09-2018","6,396.00","6,536.00","6,574.00","6,396.00","2.78K","-1.99%"
"10-09-2018","6,526.00","6,460.00","6,586.00","6,460.00","3.90K","0.59%"
"07-09-2018","6,488.00","6,490.00","6,624.00","6,460.00","4.37K","-0.73%"
"06-09-2018","6,536.00","6,680.00","6,684.00","6,518.00","4.53K","-1.60%"
"05-09-2018","6,642.00","6,724.00","6,736.00","6,594.00","4.32K","-1.19%"
"04-09-2018","6,722.00","6,740.00","6,772.00","6,710.00","1.60K","-0.59%"
"03-09-2018","6,762.00","6,810.00","6,810.00","6,726.00","2.76K","-0.76%"
"31-08-2018","6,814.00","6,820.00","6,842.00","6,780.00","2.25K","0.18%"
"30-08-2018","6,802.00","6,808.00","6,832.00","6,756.00","1.33K","0.12%"
"29-08-2018","6,794.00","6,750.00","6,866.00","6,730.00","2.01K","-0.09%"
"28-08-2018","6,800.00","6,750.00","6,840.00","6,702.00","5.91K","0.47%"
"27-08-2018","6,768.00","6,862.00","6,942.00","6,718.00","7.24K","-1.46%"
"24-08-2018","6,868.00","6,906.00","6,920.00","6,834.00","2.94K","-0.15%"
"23-08-2018","6,878.00","7,076.00","7,082.00","6,802.00","10.59K","-2.08%"
"21-08-2018","7,024.00","7,074.00","7,086.00","7,010.00","2.83K","1.53%"
"20-08-2018","6,918.00","6,990.00","6,990.00","6,840.00","0.04K","-0.63%"
"17-08-2018","6,962.00","6,930.00","6,974.00","6,930.00","0.04K","0.03%"
"16-08-2018","6,960.00","6,950.00","6,966.00","6,950.00","0.05K","-0.74%"
"14-08-2018","7,012.00","6,990.00","7,054.00","6,990.00","0.06K","0.17%"
"13-08-2018","7,000.00","7,102.00","7,102.00","6,980.00","3.15K","-1.27%"
"10-08-2018","7,090.00","7,164.00","7,168.00","7,076.00","6.48K","-0.51%"
"09-08-2018","7,126.00","7,200.00","7,220.00","7,110.00","1.75K","-1.17%"
"08-08-2018","7,210.00","7,270.00","7,300.00","7,190.00","2.92K","-0.55%"
"07-08-2018","7,250.00","7,210.00","7,310.00","7,162.00","8.26K","0.33%"
"06-08-2018","7,226.00","7,152.00","7,260.00","7,118.00","2.61K","0.58%"
"03-08-2018","7,184.00","7,278.00","7,278.00","7,070.00","3.16K","-0.11%"
"02-08-2018","7,192.00","7,228.00","7,274.00","7,170.00","2.79K","-0.30%"
"01-08-2018","7,214.00","7,318.00","7,332.00","7,192.00","2.26K","-0.80%"
"31-07-2018","7,272.00","7,310.00","7,368.00","7,258.00","2.64K","-1.41%"
"30-07-2018","7,376.00","7,358.00","7,420.00","7,294.00","5.43K","1.12%"
"27-07-2018","7,294.00","7,292.00","7,338.00","7,250.00","2.45K","0.22%"
"26-07-2018","7,278.00","7,296.00","7,308.00","7,170.00","3.22K","0.50%"
"25-07-2018","7,242.00","7,326.00","7,368.00","7,170.00","3.10K","-1.79%"
"24-07-2018","7,374.00","7,428.00","7,434.00","7,302.00","3.78K","-0.59%"
"23-07-2018","7,418.00","7,280.00","7,450.00","7,280.00","4.93K","2.12%"
"20-07-2018","7,264.00","7,250.00","7,290.00","7,250.00","0.02K","1.57%"
"19-07-2018","7,152.00","7,134.00","7,168.00","7,134.00","0.02K","1.53%"
"18-07-2018","7,044.00","7,038.00","7,050.00","7,038.00","0.02K","-1.37%"
"17-07-2018","7,142.00","7,014.00","7,142.00","6,960.00","6.40K","2.32%"
"16-07-2018","6,980.00","6,960.00","7,088.00","6,960.00","2.78K","0.72%"
"13-07-2018","6,930.00","6,930.00","6,930.00","6,930.00","0.02K","0.38%"
"12-07-2018","6,904.00","6,902.00","6,914.00","6,878.00","0.64K","-0.23%"
"11-07-2018","6,920.00","6,960.00","7,020.00","6,910.00","1.67K","-0.72%"
"10-07-2018","6,970.00","7,000.00","7,070.00","6,950.00","3.27K","-0.43%"
"09-07-2018","7,000.00","7,080.00","7,124.00","6,982.00","3.03K","-1.66%"
"06-07-2018","7,118.00","7,150.00","7,174.00","7,080.00","2.70K","-0.67%"
"05-07-2018","7,166.00","7,126.00","7,224.00","7,102.00","1.86K","-0.25%"
"04-07-2018","7,184.00","7,124.00","7,218.00","7,078.00","5.96K","0.81%"
"03-07-2018","7,126.00","7,238.00","7,238.00","7,114.00","3.53K","-1.79%"
"02-07-2018","7,256.00","7,360.00","7,396.00","7,220.00","2.96K","-1.44%"
"29-06-2018","7,362.00","7,430.00","7,450.00","7,330.00","6.99K","-0.70%"
"28-06-2018","7,414.00","7,370.00","7,464.00","7,342.00","7.68K","0.30%"
"27-06-2018","7,392.00","7,312.00","7,432.00","7,294.00","5.11K","1.01%"
"26-06-2018","7,318.00","7,300.00","7,378.00","7,280.00","2.62K","0.00%"
"25-06-2018","7,318.00","7,354.00","7,360.00","7,232.00","3.52K","-0.16%"
"22-06-2018","7,330.00","7,338.00","7,386.00","7,314.00","3.09K","0.30%"
"21-06-2018","7,308.00","7,330.00","7,374.00","7,290.00","2.60K","0.08%"
"20-06-2018","7,302.00","7,280.00","7,364.00","7,256.00","3.17K","1.33%"
"19-06-2018","7,206.00","7,228.00","7,228.00","7,170.00","0.04K","-0.50%"
"18-06-2018","7,242.00","7,250.00","7,252.00","7,228.00","0.05K","-1.04%"
"15-06-2018","7,318.00","7,332.00","7,336.00","7,268.00","0.05K","-0.19%"
"14-06-2018","7,332.00","7,302.00","7,362.00","7,302.00","0.01K","0.19%"
"13-06-2018","7,318.00","7,168.00","7,376.00","7,168.00","0.12K","3.01%"
"12-06-2018","7,104.00","7,092.00","7,114.00","7,092.00","0.04K","0.97%"
"11-06-2018","7,036.00","7,090.00","7,140.00","7,026.00","3.35K","-0.48%"
"08-06-2018","7,070.00","6,940.00","7,132.00","6,940.00","5.77K","2.20%"
"07-06-2018","6,918.00","6,898.00","6,982.00","6,898.00","3.13K","-0.49%"
"06-06-2018","6,952.00","6,960.00","7,012.00","6,936.00","2.77K","0.12%"
"05-06-2018","6,944.00","7,052.00","7,052.00","6,902.00","3.99K","-1.28%"
"04-06-2018","7,034.00","7,110.00","7,118.00","7,000.00","2.56K","-0.93%"
"01-06-2018","7,100.00","7,120.00","7,136.00","7,040.00","1.68K","0.06%"
"31-05-2018","7,096.00","7,060.00","7,166.00","7,060.00","1.73K","-0.03%"
"30-05-2018","7,098.00","7,216.00","7,250.00","7,080.00","3.43K","-0.78%"
"29-05-2018","7,154.00","7,138.00","7,210.00","7,080.00","2.91K","0.17%"
"28-05-2018","7,142.00","7,150.00","7,180.00","7,004.00","6.70K","-0.06%"
"25-05-2018","7,146.00","7,210.00","7,256.00","7,100.00","3.01K","-0.81%"
"24-05-2018","7,204.00","7,260.00","7,284.00","7,180.00","3.41K","-0.63%"
"23-05-2018","7,250.00","7,284.00","7,360.00","7,224.00","4.87K","-0.41%"
"22-05-2018","7,280.00","7,230.00","7,300.00","7,126.00","5.12K","1.00%"
"21-05-2018","7,208.00","7,250.00","7,272.00","7,156.00","2.77K","-1.29%"
"18-05-2018","7,302.00","7,302.00","7,302.00","7,302.00","0.03K","1.95%"
"17-05-2018","7,162.00","7,162.00","7,162.00","7,162.00","0.02K","-2.00%"
"16-05-2018","7,308.00","7,300.00","7,346.00","7,298.00","0.06K","1.47%"
"15-05-2018","7,202.00","7,190.00","7,250.00","7,134.00","0.08K","-0.30%"
"14-05-2018","7,224.00","7,250.00","7,264.00","7,170.00","0.59K","-1.79%"
"11-05-2018","7,356.00","7,400.00","7,450.00","7,294.00","0.84K","-0.11%"
"10-05-2018","7,364.00","7,376.00","7,390.00","7,260.00","3.13K","0.63%"
"09-05-2018","7,318.00","7,450.00","7,532.00","7,300.00","3.46K","-1.64%"
"08-05-2018","7,440.00","7,512.00","7,638.00","7,430.00","4.94K","-2.11%"
"07-05-2018","7,600.00","7,660.00","7,702.00","7,510.00","4.87K","0.64%"
"04-05-2018","7,552.00","7,290.00","7,552.00","7,162.00","6.63K","3.99%"
"03-05-2018","7,262.00","7,448.00","7,480.00","7,262.00","5.11K","-2.00%"
"02-05-2018","7,410.00","7,186.00","7,426.00","7,186.00","6.95K","3.72%"
"30-04-2018","7,144.00","6,988.00","7,168.00","6,976.00","4.83K","3.15%"
"27-04-2018","6,926.00","7,040.00","7,106.00","6,902.00","4.24K","-1.34%"
"26-04-2018","7,020.00","6,892.00","7,042.00","6,892.00","3.93K","2.33%"
"25-04-2018","6,860.00","6,782.00","6,890.00","6,710.00","3.69K","1.15%"
"24-04-2018","6,782.00","6,890.00","6,908.00","6,774.00","3.46K","-1.74%"
"23-04-2018","6,902.00","6,948.00","7,018.00","6,868.00","3.46K","1.50%"
"20-04-2018","6,800.00","6,800.00","6,800.00","6,800.00","0.05K","-0.99%"
"19-04-2018","6,868.00","6,800.00","6,900.00","6,800.00","0.05K","1.09%"
"18-04-2018","6,794.00","6,806.00","6,848.00","6,790.00","2.52K","0.38%"
"17-04-2018","6,768.00","6,800.00","6,800.00","6,700.00","0.06K","-0.03%"
"16-04-2018","6,770.00","6,770.00","6,770.00","6,770.00","0.01K","1.14%"
"13-04-2018","6,694.00","6,648.00","6,702.00","6,648.00","0.23K","0.48%"
"12-04-2018","6,662.00","6,580.00","6,724.00","6,580.00","0.32K","0.97%"
"11-04-2018","6,598.00","6,400.00","6,646.00","6,400.00","2.27K","2.61%"
"10-04-2018","6,430.00","6,380.00","6,494.00","6,370.00","5.22K","1.39%"
"09-04-2018","6,342.00","6,330.00","6,414.00","6,316.00","4.15K","-1.74%"
"06-04-2018","6,454.00","6,460.00","6,490.00","6,400.00","2.03K","0.16%"
"05-04-2018","6,444.00","6,500.00","6,506.00","6,404.00","2.51K","-0.65%"
"04-04-2018","6,486.00","6,578.00","6,586.00","6,466.00","1.96K","-1.25%"
"03-04-2018","6,568.00","6,530.00","6,590.00","6,492.00","1.98K","0.77%"
"02-04-2018","6,518.00","6,648.00","6,648.00","6,474.00","1.97K","-1.45%"
"28-03-2018","6,614.00","6,588.00","6,686.00","6,570.00","1.99K","0.88%"
"27-03-2018","6,556.00","6,662.00","6,662.00","6,534.00","1.56K","-1.59%"
"26-03-2018","6,662.00","6,666.00","6,736.00","6,500.00","4.19K","-0.24%"
"23-03-2018","6,678.00","6,820.00","6,820.00","6,614.00","3.36K","-1.97%"
"22-03-2018","6,812.00","6,810.00","6,850.00","6,764.00","1.97K","0.00%"
"21-03-2018","6,812.00","6,814.00","6,912.00","6,740.00","3.58K","-0.15%"
"20-03-2018","6,822.00","7,024.00","7,024.00","6,800.00","4.87K","-3.56%"
"19-03-2018","7,074.00","6,970.00","7,176.00","6,948.00","8.82K","2.17%"
"16-03-2018","6,924.00","6,884.00","6,948.00","6,802.00","3.65K","1.64%"
"15-03-2018","6,812.00","6,764.00","6,828.00","6,728.00","2.07K","0.59%"
"14-03-2018","6,772.00","6,766.00","6,800.00","6,742.00","2.10K","0.12%"
"13-03-2018","6,764.00","6,666.00","6,834.00","6,666.00","3.45K","0.65%"
"12-03-2018","6,720.00","6,896.00","6,964.00","6,704.00","4.59K","-1.75%"
"09-03-2018","6,840.00","6,712.00","6,950.00","6,690.00","5.71K","1.54%"
"08-03-2018","6,736.00","6,806.00","6,806.00","6,656.00","3.30K","-0.74%"
"07-03-2018","6,786.00","6,530.00","6,786.00","6,530.00","6.25K","3.98%"
"06-03-2018","6,526.00","6,496.00","6,564.00","6,454.00","2.24K","0.87%"
"05-03-2018","6,470.00","6,550.00","6,590.00","6,444.00","3.02K","-0.92%"
"01-03-2018","6,530.00","6,550.00","6,620.00","6,506.00","2.90K","-0.73%"
"28-02-2018","6,578.00","6,612.00","6,710.00","6,552.00","3.25K","-1.23%"
"27-02-2018","6,660.00","6,750.00","6,770.00","6,636.00","2.99K","-1.27%"
"26-02-2018","6,746.00","6,874.00","6,874.00","6,710.00","3.22K","-2.20%"
"23-02-2018","6,898.00","7,000.00","7,034.00","6,862.00","3.67K","-1.37%"
"22-02-2018","6,994.00","6,950.00","7,060.00","6,936.00","2.61K","0.14%"
"21-02-2018","6,984.00","6,886.00","7,070.00","6,886.00","2.49K","0.49%"
"20-02-2018","6,950.00","7,060.00","7,118.00","6,900.00","5.41K","-2.31%"
"19-02-2018","7,114.00","7,226.00","7,292.00","7,114.00","2.08K","-1.98%"
"16-02-2018","7,258.00","7,238.00","7,294.00","7,176.00","2.07K","0.58%"
"15-02-2018","7,216.00","7,238.00","7,238.00","7,162.00","1.49K","0.00%"
"14-02-2018","7,216.00","7,250.00","7,336.00","7,130.00","2.80K","-0.69%"
"12-02-2018","7,266.00","7,278.00","7,398.00","7,224.00","2.56K","-0.16%"
"09-02-2018","7,278.00","7,260.00","7,300.00","7,182.00","1.19K","0.47%"
"08-02-2018","7,244.00","7,370.00","7,370.00","7,228.00","1.86K","-1.47%"
"07-02-2018","7,352.00","7,122.00","7,388.00","7,106.00","4.91K","3.37%"
"06-02-2018","7,112.00","7,090.00","7,164.00","7,040.00","2.29K","0.11%"
"05-02-2018","7,104.00","7,150.00","7,220.00","7,058.00","2.46K","-0.62%"
"02-02-2018","7,148.00","7,128.00","7,218.00","7,128.00","2.30K","-0.58%"
"01-02-2018","7,190.00","7,220.00","7,248.00","7,130.00","1.35K","-0.61%"
"31-01-2018","7,234.00","7,200.00","7,290.00","7,126.00","3.21K","0.67%"
"30-01-2018","7,186.00","7,250.00","7,260.00","7,154.00","2.42K","-0.96%"
"29-01-2018","7,256.00","7,348.00","7,418.00","7,210.00","2.72K","-1.36%"
"25-01-2018","7,356.00","7,290.00","7,420.00","7,266.00","2.87K","0.41%"
"24-01-2018","7,326.00","7,418.00","7,452.00","7,290.00","1.97K","-1.00%"
"23-01-2018","7,400.00","7,312.00","7,450.00","7,312.00","2.80K","1.07%"
"22-01-2018","7,322.00","7,322.00","7,374.00","7,230.00","2.71K","-0.11%"
"19-01-2018","7,330.00","7,526.00","7,574.00","7,260.00","4.20K","-2.76%"
"18-01-2018","7,538.00","7,552.00","7,640.00","7,502.00","1.36K","-0.34%"
"17-01-2018","7,564.00","7,520.00","7,600.00","7,470.00","2.29K","0.45%"
"16-01-2018","7,530.00","7,552.00","7,562.00","7,500.00","1.32K","-0.53%"
"15-01-2018","7,570.00","7,610.00","7,666.00","7,520.00","1.59K","-0.89%"
"12-01-2018","7,638.00","7,600.00","7,722.00","7,600.00","2.56K","0.87%"
"11-01-2018","7,572.00","7,502.00","7,618.00","7,502.00","1.67K","0.56%"
"10-01-2018","7,530.00","7,512.00","7,550.00","7,382.00","3.33K","0.29%"
"09-01-2018","7,508.00","7,626.00","7,686.00","7,488.00","2.46K","-1.34%"
"08-01-2018","7,610.00","7,528.00","7,778.00","7,494.00","4.12K","0.93%"
"05-01-2018","7,540.00","7,540.00","7,578.00","7,450.00","2.74K","-0.13%"
"04-01-2018","7,550.00","7,590.00","7,666.00","7,508.00","2.24K","-0.58%"
"03-01-2018","7,594.00","7,660.00","7,750.00","7,580.00","2.71K","-1.33%"
"02-01-2018","7,696.00","7,800.00","7,868.00","7,658.00","1.86K","-1.23%"
"01-01-2018","7,792.00","7,876.00","7,876.00","7,686.00","2.88K","-0.64%"
"29-12-2017","7,842.00","7,910.00","8,020.00","7,790.00","3.04K","-1.21%"
"28-12-2017","7,938.00","7,806.00","7,980.00","7,806.00","1.73K","1.20%"
"27-12-2017","7,844.00","7,880.00","7,922.00","7,792.00","2.18K","-1.33%"
"26-12-2017","7,950.00","7,898.00","8,066.00","7,850.00","4.67K","2.16%"
"22-12-2017","7,782.00","7,688.00","7,864.00","7,654.00","2.64K","0.93%"
"21-12-2017","7,710.00","7,720.00","7,820.00","7,680.00","3.21K","-0.26%"
"20-12-2017","7,730.00","7,730.00","7,730.00","7,730.00","","7.60%"
"15-12-2017","7,184.00","7,150.00","7,200.00","7,150.00","0.02K","0.53%"
"14-12-2017","7,146.00","7,140.00","7,158.00","7,138.00","0.09K","1.82%"
"12-12-2017","7,018.00","6,950.00","7,120.00","6,950.00","0.09K","1.30%"
"11-12-2017","6,928.00","7,004.00","7,110.00","6,860.00","1.40K","-3.02%"
"08-12-2017","7,144.00","7,430.00","7,440.00","7,144.00","1.41K","-3.98%"
"07-12-2017","7,440.00","7,410.00","7,460.00","7,378.00","1.67K","0.27%"
"06-12-2017","7,420.00","7,368.00","7,454.00","7,232.00","1.84K","1.53%"
"05-12-2017","7,308.00","7,486.00","7,522.00","7,270.00","2.47K","-2.22%"
"04-12-2017","7,474.00","7,510.00","7,582.00","7,430.00","2.01K","-0.82%"
"01-12-2017","7,536.00","7,750.00","7,798.00","7,490.00","2.54K","-3.14%"
"30-11-2017","7,780.00","7,660.00","7,820.00","7,650.00","2.75K","1.35%"
"29-11-2017","7,676.00","7,720.00","7,750.00","7,620.00","1.71K","-0.42%"
"28-11-2017","7,708.00","7,810.00","7,896.00","7,670.00","3.99K","-0.67%"
"27-11-2017","7,760.00","7,572.00","7,760.00","7,572.00","3.31K","3.99%"
"24-11-2017","7,462.00","7,460.00","7,572.00","7,362.00","3.49K","0.51%"
"23-11-2017","7,424.00","7,140.00","7,424.00","7,112.00","4.61K","3.98%"
"22-11-2017","7,140.00","7,152.00","7,216.00","7,122.00","1.17K","-0.36%"
"21-11-2017","7,166.00","7,190.00","7,248.00","7,100.00","3.20K","-1.19%"
"20-11-2017","7,252.00","7,100.00","7,252.00","7,100.00","0.05K","2.00%"
"17-11-2017","7,110.00","7,110.00","7,110.00","7,110.00","","0.00%"
"16-11-2017","7,110.00","7,110.00","7,110.00","7,110.00","","1.98%"
"15-11-2017","6,972.00","6,900.00","7,000.00","6,900.00","0.06K","-0.14%"
"14-11-2017","6,982.00","6,994.00","6,996.00","6,952.00","0.02K","-0.51%"
"13-11-2017","7,018.00","6,978.00","7,030.00","6,976.00","0.75K","1.50%"
"10-11-2017","6,914.00","7,002.00","7,128.00","6,914.00","1.76K","-1.98%"
"09-11-2017","7,054.00","7,120.00","7,150.00","6,906.00","1.75K","0.11%"
"08-11-2017","7,046.00","7,012.00","7,098.00","6,864.00","2.15K","0.86%"
"07-11-2017","6,986.00","7,270.00","7,270.00","6,968.00","2.75K","-3.75%"
"06-11-2017","7,258.00","7,212.00","7,324.00","7,212.00","1.03K","0.69%"
"03-11-2017","7,208.00","7,110.00","7,230.00","7,110.00","1.28K","0.90%"
"02-11-2017","7,144.00","7,066.00","7,158.00","7,066.00","1.01K","1.28%"
"01-11-2017","7,054.00","7,036.00","7,148.00","7,012.00","1.58K","-0.23%"
"31-10-2017","7,070.00","7,102.00","7,102.00","6,902.00","2.67K","-0.84%"
"30-10-2017","7,130.00","7,338.00","7,338.00","7,076.00","2.68K","-2.65%"
"27-10-2017","7,324.00","7,300.00","7,348.00","7,268.00","1.04K","0.52%"
"26-10-2017","7,286.00","7,508.00","7,508.00","7,260.00","3.70K","-2.80%"
"25-10-2017","7,496.00","7,470.00","7,600.00","7,426.00","3.05K","0.59%"
"24-10-2017","7,452.00","7,440.00","7,470.00","7,380.00","0.87K","-0.13%"
"23-10-2017","7,462.00","7,480.00","7,500.00","7,432.00","0.92K","-0.48%"
"19-10-2017","7,498.00","7,480.00","7,550.00","7,462.00","0.68K","0.48%"
"18-10-2017","7,462.00","7,380.00","7,494.00","7,380.00","1.42K","0.81%"
"17-10-2017","7,402.00","7,410.00","7,468.00","7,378.00","1.21K","-0.08%"
"16-10-2017","7,408.00","7,462.00","7,470.00","7,380.00","1.06K","-1.96%"
"13-10-2017","7,556.00","7,600.00","7,600.00","7,530.00","0.22K","-0.79%"
"12-10-2017","7,616.00","7,670.00","7,670.00","7,600.00","0.14K","0.50%"
"11-10-2017","7,578.00","7,448.00","7,616.00","7,434.00","1.47K","1.47%"
"10-10-2017","7,468.00","7,374.00","7,490.00","7,374.00","1.77K","0.95%"
"09-10-2017","7,398.00","7,390.00","7,420.00","7,340.00","0.91K","0.05%"
"06-10-2017","7,394.00","7,394.00","7,444.00","7,352.00","0.43K","-0.32%"
"05-10-2017","7,418.00","7,370.00","7,452.00","7,330.00","1.54K","0.24%"
"04-10-2017","7,400.00","7,350.00","7,420.00","7,326.00","2.59K","0.60%"
"03-10-2017","7,356.00","7,428.00","7,430.00","7,320.00","2.68K","0.52%"
"29-09-2017","7,318.00","7,226.00","7,392.00","7,226.00","2.48K","0.97%"
"28-09-2017","7,248.00","7,228.00","7,296.00","7,192.00","3.20K","0.22%"
"27-09-2017","7,232.00","7,210.00","7,338.00","7,016.00","7.23K","-0.25%"
"26-09-2017","7,250.00","7,234.00","7,310.00","7,170.00","3.53K","0.58%"
"25-09-2017","7,208.00","7,386.00","7,386.00","7,084.00","5.10K","-2.25%"
"22-09-2017","7,374.00","7,362.00","7,420.00","7,350.00","2.74K","-0.24%"
"21-09-2017","7,392.00","7,454.00","7,498.00","7,348.00","2.19K","-0.96%"
"20-09-2017","7,464.00","7,472.00","7,538.00","7,436.00","3.02K","-0.88%"
"19-09-2017","7,530.00","7,520.00","7,534.00","7,460.00","0.24K","-1.05%"
"18-09-2017","7,610.00","7,560.00","7,694.00","7,560.00","0.46K","-0.42%"
"15-09-2017","7,642.00","7,624.00","7,700.00","7,620.00","0.39K","-0.13%"
"14-09-2017","7,652.00","7,636.00","7,660.00","7,620.00","0.18K","-0.49%"
"13-09-2017","7,690.00","7,714.00","7,730.00","7,620.00","0.34K","-0.34%"
"12-09-2017","7,716.00","7,542.00","7,728.00","7,542.00","0.64K","1.53%"
"11-09-2017","7,600.00","7,610.00","7,660.00","7,554.00","3.02K","-0.58%"
"08-09-2017","7,644.00","7,724.00","7,758.00","7,610.00","3.37K","-0.49%"
"07-09-2017","7,682.00","7,640.00","7,700.00","7,550.00","1.96K","0.52%"
"06-09-2017","7,642.00","7,798.00","7,798.00","7,624.00","3.32K","-1.62%"
"05-09-2017","7,768.00","7,732.00","7,868.00","7,692.00","4.55K","0.36%"
"04-09-2017","7,740.00","7,510.00","7,780.00","7,510.00","4.82K","3.42%"
"01-09-2017","7,484.00","7,330.00","7,510.00","7,218.00","7.66K","2.21%"
"31-08-2017","7,322.00","7,350.00","7,386.00","7,308.00","2.81K","-0.41%"
"30-08-2017","7,352.00","7,324.00","7,400.00","7,324.00","1.94K","0.38%"
"29-08-2017","7,324.00","7,320.00","7,432.00","7,254.00","3.28K","-0.08%"
"28-08-2017","7,330.00","7,448.00","7,500.00","7,272.00","5.27K","-1.21%"
"24-08-2017","7,420.00","7,380.00","7,480.00","7,360.00","4.75K","0.90%"
"23-08-2017","7,354.00","7,254.00","7,400.00","7,250.00","3.82K","1.63%"
"22-08-2017","7,236.00","7,302.00","7,410.00","7,218.00","3.48K","-1.60%"
"21-08-2017","7,354.00","7,414.00","7,452.00","7,324.00","3.78K","-1.45%"
"18-08-2017","7,462.00","7,322.00","7,500.00","7,322.00","0.11K","1.11%"
"17-08-2017","7,380.00","7,330.00","7,398.00","7,330.00","0.26K","0.33%"
"16-08-2017","7,356.00","7,340.00","7,398.00","7,314.00","0.19K","0.03%"
"14-08-2017","7,354.00","7,300.00","7,462.00","7,288.00","0.14K","-0.24%"
"11-08-2017","7,372.00","7,394.00","7,436.00","7,294.00","1.47K","0.60%"
"10-08-2017","7,328.00","7,380.00","7,456.00","7,268.00","4.79K","-0.89%"
"09-08-2017","7,394.00","7,604.00","7,646.00","7,372.00","5.35K","-3.57%"
"08-08-2017","7,668.00","7,710.00","7,744.00","7,640.00","2.96K","-0.39%"
"07-08-2017","7,698.00","7,726.00","7,886.00","7,652.00","3.85K","0.55%"
"04-08-2017","7,656.00","7,674.00","7,756.00","7,620.00","4.51K","-0.29%"
"03-08-2017","7,678.00","7,574.00","7,724.00","7,510.00","6.80K","1.37%"
"02-08-2017","7,574.00","7,562.00","7,696.00","7,460.00","6.59K","-0.26%"
"01-08-2017","7,594.00","7,610.00","7,682.00","7,392.00","12.08K","0.82%"
"31-07-2017","7,532.00","7,344.00","7,532.00","7,344.00","8.76K","3.98%"
"28-07-2017","7,244.00","7,030.00","7,270.00","7,022.00","5.63K","2.93%"
"27-07-2017","7,038.00","7,060.00","7,144.00","6,906.00","5.41K","-0.11%"
"26-07-2017","7,046.00","6,856.00","7,110.00","6,786.00","9.49K","1.76%"
"25-07-2017","6,924.00","7,190.00","7,192.00","6,884.00","9.96K","-3.43%"
"24-07-2017","7,170.00","7,170.00","7,244.00","6,886.00","12.59K","-0.03%"
"21-07-2017","7,172.00","7,450.00","7,520.00","7,172.00","9.77K","-3.34%"
"20-07-2017","7,420.00","7,420.00","7,420.00","7,420.00","0.01K","0.82%"
"19-07-2017","7,360.00","7,402.00","7,402.00","7,320.00","0.26K","-0.97%"
"18-07-2017","7,432.00","7,556.00","7,556.00","7,396.00","0.10K","-0.48%"
"17-07-2017","7,468.00","7,468.00","7,468.00","7,468.00","0.04K","1.99%"
"14-07-2017","7,322.00","7,208.00","7,434.00","7,208.00","0.03K","0.44%"
"13-07-2017","7,290.00","7,330.00","7,358.00","7,200.00","0.22K","-1.59%"
"12-07-2017","7,408.00","7,316.00","7,454.00","7,316.00","0.59K","3.26%"
"11-07-2017","7,174.00","6,876.00","7,192.00","6,870.00","2.56K","3.73%"
"10-07-2017","6,916.00","6,894.00","7,012.00","6,846.00","6.16K","1.44%"
"07-07-2017","6,818.00","6,638.00","6,874.00","6,600.00","5.30K","3.08%"
"06-07-2017","6,614.00","6,374.00","6,626.00","6,330.00","5.92K","3.80%"
"05-07-2017","6,372.00","6,376.00","6,418.00","6,328.00","4.15K","-0.56%"
"04-07-2017","6,408.00","6,476.00","6,498.00","6,352.00","5.26K","-0.06%"
"03-07-2017","6,412.00","6,416.00","6,476.00","6,340.00","3.44K","0.53%"
"30-06-2017","6,378.00","6,358.00","6,448.00","6,300.00","4.51K","0.41%"
"29-06-2017","6,352.00","6,412.00","6,412.00","6,280.00","4.38K","-0.87%"
"28-06-2017","6,408.00","6,364.00","6,550.00","6,364.00","4.96K","0.53%"
"27-06-2017","6,374.00","6,182.00","6,396.00","6,100.00","5.43K","3.64%"
"23-06-2017","6,150.00","6,210.00","6,250.00","6,040.00","6.73K","-1.38%"
"22-06-2017","6,236.00","6,060.00","6,256.00","6,060.00","6.14K","3.66%"
"21-06-2017","6,016.00","5,910.00","6,036.00","5,910.00","5.44K","2.73%"
"20-06-2017","5,856.00","5,788.00","5,902.00","5,788.00","0.70K","3.17%"
"19-06-2017","5,676.00","5,676.00","5,676.00","5,676.00","","1.83%"
"16-06-2017","5,574.00","5,574.00","5,574.00","5,574.00","","-1.90%"
"15-06-2017","5,682.00","5,700.00","5,740.00","5,630.00","0.05K","-0.66%"
"14-06-2017","5,720.00","5,644.00","5,720.00","5,644.00","0.21K","3.36%"
"13-06-2017","5,534.00","5,540.00","5,540.00","5,514.00","0.42K","0.44%"
"12-06-2017","5,510.00","5,490.00","5,540.00","5,460.00","2.01K","0.73%"
"09-06-2017","5,470.00","5,428.00","5,598.00","5,422.00","4.97K","0.55%"
"08-06-2017","5,440.00","5,350.00","5,462.00","5,338.00","4.55K","1.53%"
"07-06-2017","5,358.00","5,422.00","5,476.00","5,348.00","2.44K","-1.87%"
"06-06-2017","5,460.00","5,304.00","5,530.00","5,290.00","4.87K","2.63%"
"05-06-2017","5,320.00","5,320.00","5,360.00","5,280.00","6.44K","0.19%"
"02-06-2017","5,310.00","5,330.00","5,372.00","5,240.00","3.41K","-0.38%"
"01-06-2017","5,330.00","5,338.00","5,380.00","5,318.00","2.11K","0.15%"
"31-05-2017","5,322.00","5,350.00","5,370.00","5,262.00","2.25K","-0.15%"
"30-05-2017","5,330.00","5,300.00","5,378.00","5,250.00","5.05K","0.45%"
"29-05-2017","5,306.00","5,370.00","5,386.00","5,270.00","3.81K","-2.18%"
"26-05-2017","5,424.00","5,380.00","5,450.00","5,348.00","3.11K","0.59%"
"25-05-2017","5,392.00","5,234.00","5,420.00","5,234.00","5.85K","2.43%"
"24-05-2017","5,264.00","5,478.00","5,480.00","5,264.00","8.57K","-3.98%"
"23-05-2017","5,482.00","5,640.00","5,640.00","5,452.00","3.93K","-3.01%"
"22-05-2017","5,652.00","5,606.00","5,714.00","5,606.00","3.17K","1.76%"
"19-05-2017","5,554.00","5,558.00","5,570.00","5,540.00","0.14K","-0.32%"
"18-05-2017","5,572.00","5,686.00","5,686.00","5,510.00","0.08K","-0.89%"
"17-05-2017","5,622.00","5,680.00","5,680.00","5,600.00","0.10K","0.43%"
"16-05-2017","5,598.00","5,572.00","5,648.00","5,568.00","0.25K","-1.51%"
"15-05-2017","5,684.00","5,708.00","5,708.00","5,670.00","0.35K","0.42%"
"12-05-2017","5,660.00","5,668.00","5,694.00","5,538.00","0.31K","1.84%"
"11-05-2017","5,558.00","5,520.00","5,610.00","5,520.00","1.67K","0.76%"
"10-05-2017","5,516.00","5,568.00","5,676.00","5,488.00","6.05K","-1.50%"
"09-05-2017","5,600.00","5,420.00","5,606.00","5,408.00","5.17K","3.86%"
"08-05-2017","5,392.00","5,392.00","5,462.00","5,338.00","4.10K","0.33%"
"05-05-2017","5,374.00","5,392.00","5,464.00","5,300.00","7.99K","-1.32%"
"04-05-2017","5,446.00","5,522.00","5,588.00","5,412.00","8.14K","-2.47%"
"03-05-2017","5,584.00","5,788.00","5,788.00","5,584.00","8.17K","-3.99%"
"02-05-2017","5,816.00","6,010.00","6,012.00","5,816.00","7.53K","-3.99%"
"28-04-2017","6,058.00","6,080.00","6,130.00","6,050.00","6.49K","-0.43%"
"27-04-2017","6,084.00","6,180.00","6,198.00","6,070.00","5.35K","-1.30%"
"26-04-2017","6,164.00","6,252.00","6,252.00","6,150.00","3.20K","-0.90%"
"25-04-2017","6,220.00","6,220.00","6,262.00","6,184.00","3.02K","0.10%"
"24-04-2017","6,214.00","6,182.00","6,272.00","6,152.00","2.41K","-0.03%"
"21-04-2017","6,216.00","6,150.00","6,376.00","6,150.00","6.45K","4.05%"
"20-04-2017","5,974.00","5,950.00","6,044.00","5,900.00","0.35K","-0.60%"
"19-04-2017","6,010.00","6,050.00","6,050.00","5,932.00","0.09K","-0.56%"
"18-04-2017","6,044.00","6,006.00","6,096.00","5,976.00","0.15K","-0.85%"
"17-04-2017","6,096.00","6,148.00","6,150.00","6,034.00","0.34K","-1.23%"
"13-04-2017","6,172.00","6,150.00","6,206.00","6,132.00","0.27K","1.41%"
"12-04-2017","6,086.00","6,144.00","6,144.00","6,050.00","0.25K","-0.85%"
"11-04-2017","6,138.00","6,148.00","6,200.00","6,112.00","2.26K","-0.36%"
"10-04-2017","6,160.00","6,180.00","6,238.00","6,090.00","5.56K","-0.23%"
"07-04-2017","6,174.00","6,210.00","6,300.00","6,148.00","4.54K","-0.61%"
"06-04-2017","6,212.00","6,322.00","6,348.00","6,212.00","4.50K","-1.46%"
"04-04-2017","6,304.00","6,304.00","6,304.00","6,304.00","","0.00%"
"03-04-2017","6,304.00","6,304.00","6,332.00","6,212.00","3.24K","0.41%"
"31-03-2017","6,278.00","6,334.00","6,366.00","6,270.00","1.87K","-0.54%"
"30-03-2017","6,312.00","6,326.00","6,400.00","6,290.00","1.73K","-0.25%"
"29-03-2017","6,328.00","6,342.00","6,380.00","6,306.00","1.27K","-0.22%"
"28-03-2017","6,342.00","6,382.00","6,420.00","6,262.00","4.30K","-0.66%"
"27-03-2017","6,384.00","6,368.00","6,450.00","6,312.00","2.32K","0.50%"
"24-03-2017","6,352.00","6,440.00","6,548.00","6,316.00","5.17K","-1.43%"
"23-03-2017","6,444.00","6,270.00","6,510.00","6,270.00","5.11K","2.94%"
"22-03-2017","6,260.00","6,328.00","6,376.00","6,222.00","3.63K","-1.39%"
"21-03-2017","6,348.00","6,400.00","6,486.00","6,302.00","2.91K","-0.72%"
"20-03-2017","6,394.00","6,368.00","6,440.00","6,366.00","2.05K","-0.22%"
"17-03-2017","6,408.00","6,554.00","6,576.00","6,376.00","4.06K","-1.90%"
"16-03-2017","6,532.00","6,550.00","6,610.00","6,514.00","2.24K","-0.27%"
"15-03-2017","6,550.00","6,612.00","6,660.00","6,526.00","3.87K","-1.03%"
"14-03-2017","6,618.00","6,666.00","6,670.00","6,602.00","2.66K","-1.11%"
"10-03-2017","6,692.00","6,550.00","6,800.00","6,550.00","7.56K","2.04%"
"09-03-2017","6,558.00","6,646.00","6,646.00","6,500.00","3.82K","-1.00%"
"08-03-2017","6,624.00","6,610.00","6,670.00","6,544.00","3.67K","-0.30%"
"07-03-2017","6,644.00","6,724.00","6,820.00","6,610.00","6.76K","-1.45%"
"06-03-2017","6,742.00","6,820.00","6,842.00","6,708.00","4.44K","-1.40%"
"03-03-2017","6,838.00","6,798.00","6,928.00","6,798.00","3.28K","0.65%"
"02-03-2017","6,794.00","6,740.00","6,818.00","6,740.00","1.81K","0.53%"
"01-03-2017","6,758.00","6,842.00","6,848.00","6,692.00","4.42K","-1.72%"
"28-02-2017","6,876.00","6,780.00","6,960.00","6,780.00","4.83K","1.48%"
"27-02-2017","6,776.00","6,780.00","6,810.00","6,664.00","3.77K","-0.32%"
"24-02-2017","6,798.00","6,798.00","6,798.00","6,798.00","","0.00%"
"23-02-2017","6,798.00","6,832.00","6,878.00","6,760.00","1.96K","-1.36%"
"22-02-2017","6,892.00","6,740.00","6,998.00","6,712.00","5.23K","2.29%"
"21-02-2017","6,738.00","6,800.00","6,840.00","6,710.00","2.81K","-0.94%"
"20-02-2017","6,802.00","6,818.00","6,850.00","6,780.00","1.67K","-0.47%"
"17-02-2017","6,834.00","6,906.00","6,916.00","6,810.00","2.86K","-1.36%"
"16-02-2017","6,928.00","6,980.00","7,050.00","6,910.00","2.47K","-0.86%"
"15-02-2017","6,988.00","6,810.00","7,030.00","6,800.00","3.64K","2.10%"
"14-02-2017","6,844.00","6,858.00","6,858.00","6,790.00","1.23K","0.18%"
"13-02-2017","6,832.00","6,802.00","6,870.00","6,800.00","0.90K","0.41%"
"10-02-2017","6,804.00","6,850.00","6,890.00","6,780.00","2.03K","-0.85%"
"09-02-2017","6,862.00","6,910.00","6,910.00","6,832.00","1.25K","-0.87%"
"08-02-2017","6,922.00","6,920.00","6,936.00","6,872.00","1.24K","0.26%"
"07-02-2017","6,904.00","6,738.00","6,940.00","6,738.00","3.23K","2.28%"
"06-02-2017","6,750.00","6,800.00","6,800.00","6,720.00","1.20K","-0.44%"
"03-02-2017","6,780.00","6,800.00","6,846.00","6,750.00","0.82K","-0.21%"
"02-02-2017","6,794.00","6,858.00","6,858.00","6,734.00","1.13K","-0.59%"
"01-02-2017","6,834.00","6,752.00","6,880.00","6,720.00","2.10K","1.12%"
"31-01-2017","6,758.00","6,680.00","6,770.00","6,638.00","2.41K","1.99%"
"30-01-2017","6,626.00","6,712.00","6,712.00","6,582.00","2.22K","-1.07%"
"27-01-2017","6,698.00","6,780.00","6,792.00","6,660.00","1.95K","-1.15%"
"25-01-2017","6,776.00","6,920.00","6,920.00","6,680.00","6.67K","-2.05%"
"24-01-2017","6,918.00","7,030.00","7,096.00","6,918.00","2.96K","-1.98%"
"23-01-2017","7,058.00","6,970.00","7,078.00","6,962.00","4.00K","1.64%"
"20-01-2017","6,944.00","6,842.00","6,950.00","6,842.00","2.68K","1.34%"
"19-01-2017","6,852.00","6,840.00","6,890.00","6,806.00","2.57K","3.41%"
"17-01-2017","6,626.00","6,570.00","6,634.00","6,550.00","1.30K","0.76%"
"16-01-2017","6,576.00","6,612.00","6,630.00","6,538.00","0.72K","-0.69%"
"13-01-2017","6,622.00","6,620.00","6,648.00","6,610.00","0.46K","0.03%"
"12-01-2017","6,620.00","6,600.00","6,644.00","6,600.00","0.41K","0.18%"
"11-01-2017","6,608.00","6,600.00","6,666.00","6,592.00","1.14K","0.09%"
"10-01-2017","6,602.00","6,702.00","6,734.00","6,562.00","3.09K","-2.11%"
"09-01-2017","6,744.00","6,776.00","6,790.00","6,732.00","0.67K","-0.12%"
"06-01-2017","6,752.00","6,712.00","6,760.00","6,712.00","0.30K","0.27%"
"05-01-2017","6,734.00","6,760.00","6,764.00","6,724.00","0.78K","-0.30%"
"04-01-2017","6,754.00","6,780.00","6,780.00","6,750.00","0.45K","-0.32%"
"03-01-2017","6,776.00","6,768.00","6,796.00","6,720.00","1.35K","0.18%"
"02-01-2017","6,764.00","6,788.00","6,794.00","6,750.00","0.82K","0.03%"