Date,Price,Open,High,Low,Vol.,Change %,Open Interest,Contract Expiry,Days To Expiry,Roll Day
11-06-2026,30600.0,0.0,0.0,0.0,0,0.00%,0,31Jul2026,50,0
10-06-2026,30600.0,0.0,0.0,0.0,0,0.00%,0,31Jul2026,51,0
09-06-2026,30600.0,0.0,0.0,0.0,0,0.00%,0,31Jul2026,52,0
08-06-2026,30600.0,0.0,0.0,0.0,0,0.00%,0,31Jul2026,53,0
05-06-2026,30600.0,0.0,0.0,0.0,0,0.00%,0,31Jul2026,56,0
04-06-2026,30600.0,0.0,0.0,0.0,0,0.00%,0,31Jul2026,57,0
03-06-2026,30600.0,0.0,0.0,0.0,0,-2.86%,0,31Jul2026,58,0
02-06-2026,31500.0,0.0,0.0,0.0,0,0.00%,0,31Jul2026,59,0
01-06-2026,31500.0,0.0,0.0,0.0,0,0.00%,0,31Jul2026,60,1
29-05-2026,31500.0,0.0,0.0,0.0,0,0.00%,0,30Jun2026,32,0
28-05-2026,31500.0,0.0,0.0,0.0,0,0.00%,0,30Jun2026,33,0
27-05-2026,31500.0,0.0,0.0,0.0,0,0.00%,0,30Jun2026,34,0
26-05-2026,31500.0,0.0,0.0,0.0,0,0.00%,0,30Jun2026,35,0
25-05-2026,31500.0,0.0,0.0,0.0,0,0.00%,0,30Jun2026,36,0
22-05-2026,31500.0,0.0,0.0,0.0,0,0.00%,0,30Jun2026,39,0
21-05-2026,31500.0,0.0,0.0,0.0,0,0.00%,0,30Jun2026,40,0
20-05-2026,31500.0,0.0,0.0,0.0,0,0.00%,0,30Jun2026,41,0
19-05-2026,31500.0,0.0,0.0,0.0,0,0.00%,0,30Jun2026,42,0
18-05-2026,31500.0,0.0,0.0,0.0,0,0.00%,0,30Jun2026,43,0
15-05-2026,31500.0,0.0,0.0,0.0,0,0.00%,0,30Jun2026,46,0
14-05-2026,31500.0,0.0,0.0,0.0,0,2.27%,0,30Jun2026,47,0
13-05-2026,30800.0,0.0,0.0,0.0,0,0.00%,0,30Jun2026,48,0
12-05-2026,30800.0,0.0,0.0,0.0,0,0.00%,0,30Jun2026,49,0
11-05-2026,30800.0,0.0,0.0,0.0,0,0.00%,0,30Jun2026,50,0
08-05-2026,30800.0,0.0,0.0,0.0,0,3.70%,0,30Jun2026,53,0
07-05-2026,29700.0,0.0,0.0,0.0,0,3.85%,0,30Jun2026,54,0
06-05-2026,28600.0,0.0,0.0,0.0,0,0.00%,0,30Jun2026,55,0
05-05-2026,28600.0,0.0,0.0,0.0,0,2.88%,0,30Jun2026,56,0
04-05-2026,27800.0,0.0,0.0,0.0,0,0.00%,0,30Jun2026,57,0
01-05-2026,27800.0,0.0,0.0,0.0,0,-0.36%,0,30Jun2026,60,1
30-04-2026,27900.0,0.0,0.0,0.0,0,0.00%,0,29May2026,29,0
29-04-2026,27900.0,0.0,0.0,0.0,0,0.00%,0,29May2026,30,0
28-04-2026,27900.0,0.0,0.0,0.0,0,0.00%,0,29May2026,31,0
27-04-2026,27900.0,0.0,0.0,0.0,0,0.00%,0,29May2026,32,0
24-04-2026,27900.0,0.0,0.0,0.0,0,0.00%,0,29May2026,35,0
23-04-2026,27900.0,0.0,0.0,0.0,0,0.00%,0,29May2026,36,0
22-04-2026,27900.0,0.0,0.0,0.0,0,0.00%,0,29May2026,37,0
21-04-2026,27900.0,0.0,0.0,0.0,0,0.00%,0,29May2026,38,0
20-04-2026,27900.0,0.0,0.0,0.0,0,0.00%,0,29May2026,39,0
17-04-2026,27900.0,0.0,0.0,0.0,0,0.00%,0,29May2026,42,0
16-04-2026,27900.0,0.0,0.0,0.0,0,0.00%,0,29May2026,43,0
15-04-2026,27900.0,0.0,0.0,0.0,0,0.00%,0,29May2026,44,0
14-04-2026,27900.0,0.0,0.0,0.0,0,0.00%,0,29May2026,45,0
13-04-2026,27900.0,0.0,0.0,0.0,0,0.00%,0,29May2026,46,0
10-04-2026,27900.0,0.0,0.0,0.0,0,0.00%,0,29May2026,49,0
09-04-2026,27900.0,0.0,0.0,0.0,0,0.00%,0,29May2026,50,0
08-04-2026,27900.0,0.0,0.0,0.0,0,2.95%,0,29May2026,51,0
07-04-2026,27100.0,0.0,0.0,0.0,0,0.00%,0,29May2026,52,0
06-04-2026,27100.0,0.0,0.0,0.0,0,3.44%,0,29May2026,53,0
02-04-2026,26200.0,0.0,0.0,0.0,0,0.00%,0,29May2026,57,0
01-04-2026,26200.0,0.0,0.0,0.0,0,0.77%,0,29May2026,58,1
31-03-2026,26000.0,0.0,0.0,0.0,0,0.00%,0,30Apr2026,30,0
30-03-2026,26000.0,0.0,0.0,0.0,0,0.00%,0,30Apr2026,31,0
27-03-2026,26000.0,0.0,0.0,0.0,0,0.00%,0,30Apr2026,34,0
26-03-2026,26000.0,0.0,0.0,0.0,0,0.00%,0,30Apr2026,35,0
25-03-2026,26000.0,0.0,0.0,0.0,0,0.00%,0,30Apr2026,36,0
24-03-2026,26000.0,0.0,0.0,0.0,0,0.00%,0,30Apr2026,37,0
23-03-2026,26000.0,0.0,0.0,0.0,0,0.00%,0,30Apr2026,38,0
20-03-2026,26000.0,0.0,0.0,0.0,0,0.00%,0,30Apr2026,41,0
19-03-2026,26000.0,0.0,0.0,0.0,0,0.00%,0,30Apr2026,42,0
18-03-2026,26000.0,0.0,0.0,0.0,0,0.00%,0,30Apr2026,43,0
17-03-2026,26000.0,0.0,0.0,0.0,0,0.00%,0,30Apr2026,44,0
16-03-2026,26000.0,0.0,0.0,0.0,0,0.00%,0,30Apr2026,45,0
13-03-2026,26000.0,0.0,0.0,0.0,0,0.00%,0,30Apr2026,48,0
12-03-2026,26000.0,0.0,0.0,0.0,0,0.00%,0,30Apr2026,49,0
11-03-2026,26000.0,0.0,0.0,0.0,0,0.00%,0,30Apr2026,50,0
10-03-2026,26000.0,0.0,0.0,0.0,0,0.00%,0,30Apr2026,51,0
09-03-2026,26000.0,0.0,0.0,0.0,0,0.00%,0,30Apr2026,52,0
06-03-2026,26000.0,0.0,0.0,0.0,0,0.00%,0,30Apr2026,55,0
05-03-2026,26000.0,0.0,0.0,0.0,0,0.00%,0,30Apr2026,56,0
04-03-2026,26000.0,0.0,0.0,0.0,0,0.00%,0,30Apr2026,57,0
03-03-2026,26000.0,0.0,0.0,0.0,0,0.00%,0,30Apr2026,58,0
02-03-2026,26000.0,0.0,0.0,0.0,0,0.00%,0,30Apr2026,59,1
27-02-2026,26000.0,0.0,0.0,0.0,0,0.00%,0,31Mar2026,32,0
26-02-2026,26000.0,0.0,0.0,0.0,0,0.00%,0,31Mar2026,33,0
25-02-2026,26000.0,0.0,0.0,0.0,0,0.00%,0,31Mar2026,34,0
24-02-2026,26000.0,0.0,0.0,0.0,0,0.00%,0,31Mar2026,35,0
23-02-2026,26000.0,0.0,0.0,0.0,0,0.00%,0,31Mar2026,36,0
20-02-2026,26000.0,0.0,0.0,0.0,0,0.00%,0,31Mar2026,39,0
19-02-2026,26000.0,0.0,0.0,0.0,0,0.00%,0,31Mar2026,40,0
18-02-2026,26000.0,0.0,0.0,0.0,0,0.00%,0,31Mar2026,41,0
17-02-2026,26000.0,0.0,0.0,0.0,0,0.00%,0,31Mar2026,42,0
16-02-2026,26000.0,0.0,0.0,0.0,0,0.00%,0,31Mar2026,43,0
13-02-2026,26000.0,0.0,0.0,0.0,0,0.00%,0,31Mar2026,46,0
12-02-2026,26000.0,0.0,0.0,0.0,0,0.00%,0,31Mar2026,47,0
11-02-2026,26000.0,0.0,0.0,0.0,0,0.00%,0,31Mar2026,48,0
10-02-2026,26000.0,0.0,0.0,0.0,0,0.00%,0,31Mar2026,49,0
09-02-2026,26000.0,0.0,0.0,0.0,0,0.00%,0,31Mar2026,50,0
06-02-2026,26000.0,0.0,0.0,0.0,0,0.00%,0,31Mar2026,53,0
05-02-2026,26000.0,0.0,0.0,0.0,0,0.00%,0,31Mar2026,54,0
04-02-2026,26000.0,0.0,0.0,0.0,0,0.00%,0,31Mar2026,55,0
03-02-2026,26000.0,0.0,0.0,0.0,0,0.00%,0,31Mar2026,56,0
02-02-2026,26000.0,0.0,0.0,0.0,0,0.00%,0,31Mar2026,57,0
01-02-2026,26000.0,0.0,0.0,0.0,0,0.39%,0,31Mar2026,58,1
30-01-2026,25900.0,0.0,0.0,0.0,0,0.00%,0,27Feb2026,28,0
29-01-2026,25900.0,0.0,0.0,0.0,0,0.00%,0,27Feb2026,29,0
28-01-2026,25900.0,0.0,0.0,0.0,0,0.00%,0,27Feb2026,30,0
27-01-2026,25900.0,0.0,0.0,0.0,0,0.00%,0,27Feb2026,31,0
23-01-2026,25900.0,0.0,0.0,0.0,0,0.00%,0,27Feb2026,35,0
22-01-2026,25900.0,0.0,0.0,0.0,0,0.00%,0,27Feb2026,36,0
21-01-2026,25900.0,0.0,0.0,0.0,0,0.00%,0,27Feb2026,37,0
20-01-2026,25900.0,0.0,0.0,0.0,0,0.00%,0,27Feb2026,38,0
19-01-2026,25900.0,0.0,0.0,0.0,0,0.00%,0,27Feb2026,39,0
16-01-2026,25900.0,0.0,0.0,0.0,0,0.00%,0,27Feb2026,42,0
15-01-2026,25900.0,0.0,0.0,0.0,0,0.00%,0,27Feb2026,43,0
14-01-2026,25900.0,0.0,0.0,0.0,0,0.00%,0,27Feb2026,44,0
13-01-2026,25900.0,0.0,0.0,0.0,0,0.00%,0,27Feb2026,45,0
12-01-2026,25900.0,0.0,0.0,0.0,0,0.00%,0,27Feb2026,46,0
09-01-2026,25900.0,0.0,0.0,0.0,0,0.00%,0,27Feb2026,49,0
08-01-2026,25900.0,0.0,0.0,0.0,0,0.00%,0,27Feb2026,50,0
07-01-2026,25900.0,0.0,0.0,0.0,0,0.00%,0,27Feb2026,51,0
06-01-2026,25900.0,0.0,0.0,0.0,0,0.00%,0,27Feb2026,52,0
05-01-2026,25900.0,0.0,0.0,0.0,0,0.00%,0,27Feb2026,53,0
02-01-2026,25900.0,0.0,0.0,0.0,0,0.00%,0,27Feb2026,56,0
01-01-2026,25900.0,0.0,0.0,0.0,0,1.57%,0,27Feb2026,57,1
31-12-2025,25500.0,0.0,0.0,0.0,0,0.00%,0,30Jan2026,30,0
30-12-2025,25500.0,0.0,0.0,0.0,0,0.00%,0,30Jan2026,31,0
29-12-2025,25500.0,0.0,0.0,0.0,0,0.00%,0,30Jan2026,32,0
26-12-2025,25500.0,0.0,0.0,0.0,0,0.00%,0,30Jan2026,35,0
24-12-2025,25500.0,0.0,0.0,0.0,0,0.00%,0,30Jan2026,37,0
23-12-2025,25500.0,0.0,0.0,0.0,0,0.00%,0,30Jan2026,38,0
22-12-2025,25500.0,0.0,0.0,0.0,0,0.00%,0,30Jan2026,39,0
19-12-2025,25500.0,0.0,0.0,0.0,0,0.00%,0,30Jan2026,42,0
18-12-2025,25500.0,0.0,0.0,0.0,0,0.00%,0,30Jan2026,43,0
17-12-2025,25500.0,0.0,0.0,0.0,0,0.00%,0,30Jan2026,44,0
16-12-2025,25500.0,0.0,0.0,0.0,0,0.00%,0,30Jan2026,45,0
15-12-2025,25500.0,0.0,0.0,0.0,0,0.00%,0,30Jan2026,46,0
12-12-2025,25500.0,0.0,0.0,0.0,0,0.00%,0,30Jan2026,49,0
11-12-2025,25500.0,0.0,0.0,0.0,0,0.00%,0,30Jan2026,50,0
10-12-2025,25500.0,0.0,0.0,0.0,0,0.00%,0,30Jan2026,51,0
09-12-2025,25500.0,0.0,0.0,0.0,0,0.00%,0,30Jan2026,52,0
08-12-2025,25500.0,0.0,0.0,0.0,0,0.00%,0,30Jan2026,53,0
05-12-2025,25500.0,0.0,0.0,0.0,0,0.00%,0,30Jan2026,56,0
04-12-2025,25500.0,0.0,0.0,0.0,0,0.00%,0,30Jan2026,57,0
03-12-2025,25500.0,0.0,0.0,0.0,0,0.00%,0,30Jan2026,58,0
02-12-2025,25500.0,0.0,0.0,0.0,0,0.00%,0,30Jan2026,59,0
01-12-2025,25500.0,0.0,0.0,0.0,0,1.39%,0,30Jan2026,60,1
28-11-2025,25150.0,25150.0,25150.0,25150.0,2,0.00%,1,31Dec2025,33,0
27-11-2025,25150.0,25240.0,25240.0,25100.0,5,-0.59%,1,31Dec2025,34,0
26-11-2025,25300.0,0.0,0.0,0.0,0,-1.94%,0,31Dec2025,35,0
25-11-2025,25800.0,0.0,0.0,0.0,0,0.00%,0,31Dec2025,36,0
24-11-2025,25800.0,0.0,0.0,0.0,0,0.00%,0,31Dec2025,37,0
21-11-2025,25800.0,0.0,0.0,0.0,0,0.00%,0,31Dec2025,40,0
20-11-2025,25800.0,0.0,0.0,0.0,0,0.00%,0,31Dec2025,41,0
19-11-2025,25800.0,0.0,0.0,0.0,0,0.00%,0,31Dec2025,42,0
18-11-2025,25800.0,0.0,0.0,0.0,0,0.00%,0,31Dec2025,43,0
17-11-2025,25800.0,0.0,0.0,0.0,0,0.00%,0,31Dec2025,44,0
14-11-2025,25800.0,0.0,0.0,0.0,0,0.00%,0,31Dec2025,47,0
13-11-2025,25800.0,0.0,0.0,0.0,0,0.00%,0,31Dec2025,48,0
12-11-2025,25800.0,0.0,0.0,0.0,0,0.00%,0,31Dec2025,49,0
11-11-2025,25800.0,0.0,0.0,0.0,0,0.00%,0,31Dec2025,50,0
10-11-2025,25800.0,0.0,0.0,0.0,0,0.00%,0,31Dec2025,51,0
07-11-2025,25800.0,0.0,0.0,0.0,0,0.00%,0,31Dec2025,54,0
06-11-2025,25800.0,0.0,0.0,0.0,0,0.00%,0,31Dec2025,55,0
05-11-2025,25800.0,0.0,0.0,0.0,0,0.00%,0,31Dec2025,56,0
04-11-2025,25800.0,0.0,0.0,0.0,0,0.00%,0,31Dec2025,57,0
03-11-2025,25800.0,0.0,0.0,0.0,0,-3.01%,0,31Dec2025,58,0
31-10-2025,26600.0,0.0,0.0,0.0,0,0.00%,0,31Dec2025,61,0
30-10-2025,26600.0,0.0,0.0,0.0,0,0.00%,0,31Dec2025,62,0
29-10-2025,26600.0,0.0,0.0,0.0,0,0.00%,0,31Dec2025,63,0
28-10-2025,26600.0,0.0,0.0,0.0,0,0.00%,0,31Dec2025,64,0
27-10-2025,26600.0,0.0,0.0,0.0,0,0.00%,0,31Dec2025,65,0
24-10-2025,26600.0,0.0,0.0,0.0,0,0.00%,0,31Dec2025,68,0
23-10-2025,26600.0,0.0,0.0,0.0,0,0.00%,0,31Dec2025,69,0
22-10-2025,26600.0,0.0,0.0,0.0,0,0.00%,0,31Dec2025,70,0
21-10-2025,26600.0,0.0,0.0,0.0,0,0.00%,0,31Dec2025,71,0
20-10-2025,26600.0,0.0,0.0,0.0,0,0.00%,0,31Dec2025,72,0
17-10-2025,26600.0,0.0,0.0,0.0,0,0.00%,0,31Dec2025,75,0
16-10-2025,26600.0,0.0,0.0,0.0,0,0.00%,0,31Dec2025,76,0
15-10-2025,26600.0,0.0,0.0,0.0,0,0.00%,0,31Dec2025,77,0
14-10-2025,26600.0,0.0,0.0,0.0,0,0.00%,0,31Dec2025,78,0
13-10-2025,26600.0,0.0,0.0,0.0,0,0.00%,0,31Dec2025,79,0
10-10-2025,26600.0,0.0,0.0,0.0,0,0.00%,0,31Dec2025,82,0
09-10-2025,26600.0,0.0,0.0,0.0,0,0.00%,0,31Dec2025,83,0
08-10-2025,26600.0,0.0,0.0,0.0,0,0.00%,0,31Dec2025,84,0
07-10-2025,26600.0,0.0,0.0,0.0,0,0.00%,0,31Dec2025,85,0
06-10-2025,26600.0,0.0,0.0,0.0,0,0.00%,0,31Dec2025,86,0
03-10-2025,26600.0,0.0,0.0,0.0,0,0.00%,0,31Dec2025,89,0
01-10-2025,26600.0,0.0,0.0,0.0,0,0.00%,0,31Dec2025,91,0
30-09-2025,26600.0,0.0,0.0,0.0,0,0.00%,0,31Dec2025,92,0
29-09-2025,26600.0,0.0,0.0,0.0,0,0.00%,0,31Dec2025,93,0
26-09-2025,26600.0,0.0,0.0,0.0,0,0.00%,0,31Dec2025,96,0
25-09-2025,26600.0,0.0,0.0,0.0,0,0.00%,0,31Dec2025,97,0
24-09-2025,26600.0,0.0,0.0,0.0,0,0.00%,0,31Dec2025,98,0
23-09-2025,26600.0,0.0,0.0,0.0,0,-1.85%,0,31Dec2025,99,0
22-09-2025,27100.0,0.0,0.0,0.0,0,0.00%,0,31Dec2025,100,0
19-09-2025,27100.0,0.0,0.0,0.0,0,0.00%,0,31Dec2025,103,0
18-09-2025,27100.0,0.0,0.0,0.0,0,0.00%,0,31Dec2025,104,0
17-09-2025,27100.0,0.0,0.0,0.0,0,0.00%,0,31Dec2025,105,0
16-09-2025,27100.0,0.0,0.0,0.0,0,0.00%,0,31Dec2025,106,0
15-09-2025,27100.0,0.0,0.0,0.0,0,0.00%,0,31Dec2025,107,0
12-09-2025,27100.0,0.0,0.0,0.0,0,0.00%,0,31Dec2025,110,0
11-09-2025,27100.0,0.0,0.0,0.0,0,0.00%,0,31Dec2025,111,0
10-09-2025,27100.0,0.0,0.0,0.0,0,0.00%,0,31Dec2025,112,0
09-09-2025,27100.0,0.0,0.0,0.0,0,0.00%,0,31Dec2025,113,0
08-09-2025,27100.0,0.0,0.0,0.0,0,0.00%,0,31Dec2025,114,0
05-09-2025,27100.0,0.0,0.0,0.0,0,0.00%,0,31Dec2025,117,0
04-09-2025,27100.0,0.0,0.0,0.0,0,0.00%,0,31Dec2025,118,0
03-09-2025,27100.0,0.0,0.0,0.0,0,0.00%,0,31Dec2025,119,0
02-09-2025,27100.0,0.0,0.0,0.0,0,0.00%,0,31Dec2025,120,0
01-09-2025,27100.0,0.0,0.0,0.0,0,0.00%,0,31Dec2025,121,0
29-08-2025,27100.0,0.0,0.0,0.0,0,0.00%,0,31Dec2025,124,0
28-08-2025,27100.0,0.0,0.0,0.0,0,0.00%,0,31Dec2025,125,0
27-08-2025,27100.0,0.0,0.0,0.0,0,0.00%,0,31Dec2025,126,0
26-08-2025,27100.0,0.0,0.0,0.0,0,0.00%,0,31Dec2025,127,0
25-08-2025,27100.0,0.0,0.0,0.0,0,0.00%,0,31Dec2025,128,0
22-08-2025,27100.0,0.0,0.0,0.0,0,0.00%,0,31Dec2025,131,0
21-08-2025,27100.0,0.0,0.0,0.0,0,0.00%,0,31Dec2025,132,0
20-08-2025,27100.0,0.0,0.0,0.0,0,0.00%,0,31Dec2025,133,0
19-08-2025,27100.0,0.0,0.0,0.0,0,0.00%,0,31Dec2025,134,0
18-08-2025,27100.0,0.0,0.0,0.0,0,0.00%,0,31Dec2025,135,0
14-08-2025,27100.0,0.0,0.0,0.0,0,0.00%,0,31Dec2025,139,0
13-08-2025,27100.0,0.0,0.0,0.0,0,0.00%,0,31Dec2025,140,0
12-08-2025,27100.0,0.0,0.0,0.0,0,0.00%,0,31Dec2025,141,0
11-08-2025,27100.0,0.0,0.0,0.0,0,0.00%,0,31Dec2025,142,0
08-08-2025,27100.0,0.0,0.0,0.0,0,0.00%,0,31Dec2025,145,0
07-08-2025,27100.0,0.0,0.0,0.0,0,0.00%,0,31Dec2025,146,0
06-08-2025,27100.0,0.0,0.0,0.0,0,0.00%,0,31Dec2025,147,0
05-08-2025,27100.0,0.0,0.0,0.0,0,0.00%,0,31Dec2025,148,0
04-08-2025,27100.0,0.0,0.0,0.0,0,0.00%,0,31Dec2025,149,0
01-08-2025,27100.0,0.0,0.0,0.0,0,0.00%,0,31Dec2025,152,0
31-07-2025,27100.0,0.0,0.0,0.0,0,0.00%,0,31Dec2025,153,0
30-07-2025,27100.0,0.0,0.0,0.0,0,0.00%,0,31Dec2025,154,0
29-07-2025,27100.0,0.0,0.0,0.0,0,0.00%,0,31Dec2025,155,0
28-07-2025,27100.0,0.0,0.0,0.0,0,0.00%,0,31Dec2025,156,0
25-07-2025,27100.0,0.0,0.0,0.0,0,0.00%,0,31Dec2025,159,0
24-07-2025,27100.0,0.0,0.0,0.0,0,0.00%,0,31Dec2025,160,0
23-07-2025,27100.0,0.0,0.0,0.0,0,0.00%,0,31Dec2025,161,0
22-07-2025,27100.0,0.0,0.0,0.0,0,0.00%,0,31Dec2025,162,0
21-07-2025,27100.0,0.0,0.0,0.0,0,0.00%,0,31Dec2025,163,0
18-07-2025,27100.0,0.0,0.0,0.0,0,0.00%,0,31Dec2025,166,0
17-07-2025,27100.0,0.0,0.0,0.0,0,0.00%,0,31Dec2025,167,0
16-07-2025,27100.0,0.0,0.0,0.0,0,0.00%,0,31Dec2025,168,0
15-07-2025,27100.0,0.0,0.0,0.0,0,0.00%,0,31Dec2025,169,0
14-07-2025,27100.0,0.0,0.0,0.0,0,0.00%,0,31Dec2025,170,0
11-07-2025,27100.0,0.0,0.0,0.0,0,0.00%,0,31Dec2025,173,0
10-07-2025,27100.0,0.0,0.0,0.0,0,0.00%,0,31Dec2025,174,0
09-07-2025,27100.0,0.0,0.0,0.0,0,0.00%,0,31Dec2025,175,0
08-07-2025,27100.0,0.0,0.0,0.0,0,0.00%,0,31Dec2025,176,0
07-07-2025,27100.0,0.0,0.0,0.0,0,0.00%,0,31Dec2025,177,0
04-07-2025,27100.0,0.0,0.0,0.0,0,0.00%,0,31Dec2025,180,0
03-07-2025,27100.0,0.0,0.0,0.0,0,0.00%,0,31Dec2025,181,0
02-07-2025,27100.0,0.0,0.0,0.0,0,0.00%,0,31Dec2025,182,0
01-07-2025,27100.0,0.0,0.0,0.0,0,0.00%,0,31Dec2025,183,0
30-06-2025,27100.0,0.0,0.0,0.0,0,-19.10%,0,31Dec2025,184,1
30-12-2022,33500.0,0.0,0.0,0.0,0,0.00%,0,31Jan2023,32,0
29-12-2022,33500.0,0.0,0.0,0.0,0,0.00%,0,31Jan2023,33,0
28-12-2022,33500.0,0.0,0.0,0.0,0,0.00%,0,31Jan2023,34,0
27-12-2022,33500.0,0.0,0.0,0.0,0,0.00%,0,31Jan2023,35,0
26-12-2022,33500.0,0.0,0.0,0.0,0,0.00%,0,31Jan2023,36,0
23-12-2022,33500.0,0.0,0.0,0.0,0,0.00%,0,31Jan2023,39,0
22-12-2022,33500.0,0.0,0.0,0.0,0,0.00%,0,31Jan2023,40,0
21-12-2022,33500.0,0.0,0.0,0.0,0,0.00%,0,31Jan2023,41,0
20-12-2022,33500.0,0.0,0.0,0.0,0,0.00%,0,31Jan2023,42,0
19-12-2022,33500.0,0.0,0.0,0.0,0,0.00%,0,31Jan2023,43,0
16-12-2022,33500.0,0.0,0.0,0.0,0,0.00%,0,31Jan2023,46,0
15-12-2022,33500.0,0.0,0.0,0.0,0,0.00%,0,31Jan2023,47,0
14-12-2022,33500.0,0.0,0.0,0.0,0,0.00%,0,31Jan2023,48,0
13-12-2022,33500.0,0.0,0.0,0.0,0,0.00%,0,31Jan2023,49,0
12-12-2022,33500.0,0.0,0.0,0.0,0,0.00%,0,31Jan2023,50,0
09-12-2022,33500.0,0.0,0.0,0.0,0,0.00%,0,31Jan2023,53,0
08-12-2022,33500.0,0.0,0.0,0.0,0,0.00%,0,31Jan2023,54,0
07-12-2022,33500.0,0.0,0.0,0.0,0,0.00%,0,31Jan2023,55,0
06-12-2022,33500.0,0.0,0.0,0.0,0,0.00%,0,31Jan2023,56,0
05-12-2022,33500.0,0.0,0.0,0.0,0,0.00%,0,31Jan2023,57,0
02-12-2022,33500.0,0.0,0.0,0.0,0,0.00%,0,31Jan2023,60,0
01-12-2022,33500.0,0.0,0.0,0.0,0,5.98%,0,31Jan2023,61,1
30-11-2022,31610.0,30120.0,31670.0,30120.0,667,1.22%,2981,30Dec2022,30,0
29-11-2022,31230.0,31400.0,31400.0,30960.0,599,1.36%,2953,30Dec2022,31,0
28-11-2022,30810.0,31100.0,31190.0,30660.0,566,-1.91%,2876,30Dec2022,32,0
25-11-2022,31410.0,31700.0,31890.0,30800.0,745,-0.79%,2826,30Dec2022,35,0
24-11-2022,31660.0,30990.0,31690.0,30850.0,760,2.56%,2735,30Dec2022,36,0
23-11-2022,30870.0,31040.0,31070.0,30610.0,614,-0.06%,2604,30Dec2022,37,0
22-11-2022,30890.0,30510.0,30950.0,30400.0,619,1.31%,2483,30Dec2022,38,0
21-11-2022,30490.0,31200.0,31200.0,30320.0,530,-2.84%,2388,30Dec2022,39,0
18-11-2022,31380.0,31900.0,32000.0,31340.0,365,-1.85%,2228,30Dec2022,42,0
17-11-2022,31970.0,31320.0,32680.0,31320.0,441,-1.63%,2128,30Dec2022,43,0
16-11-2022,32500.0,32000.0,32700.0,31800.0,610,1.91%,2080,30Dec2022,44,0
15-11-2022,31890.0,31600.0,31940.0,31430.0,256,0.92%,1982,30Dec2022,45,0
14-11-2022,31600.0,31950.0,32050.0,31430.0,555,-0.72%,1913,30Dec2022,46,0
11-11-2022,31830.0,31410.0,31880.0,31230.0,615,1.76%,1701,30Dec2022,49,0
10-11-2022,31280.0,31500.0,31650.0,30750.0,422,-0.98%,1476,30Dec2022,50,0
09-11-2022,31590.0,31060.0,31640.0,30860.0,425,1.45%,1379,30Dec2022,51,0
08-11-2022,31140.0,30510.0,31400.0,30510.0,207,1.17%,1217,30Dec2022,52,0
07-11-2022,30780.0,30550.0,31240.0,30550.0,278,-0.90%,1157,30Dec2022,53,0
04-11-2022,31060.0,29830.0,31100.0,29650.0,473,3.78%,1088,30Dec2022,56,0
03-11-2022,29930.0,30360.0,30360.0,29080.0,545,-1.32%,912,30Dec2022,57,0
02-11-2022,30330.0,29660.0,30410.0,29150.0,516,4.23%,893,30Dec2022,58,0
01-11-2022,29100.0,27800.0,29200.0,27800.0,305,1.75%,784,30Dec2022,59,1
31-10-2022,28600.0,28820.0,28850.0,28520.0,366,-0.73%,2108,30Nov2022,30,0
28-10-2022,28810.0,29500.0,29600.0,28640.0,467,-2.44%,2157,30Nov2022,33,0
27-10-2022,29530.0,30160.0,30600.0,29440.0,490,-2.12%,2142,30Nov2022,34,0
26-10-2022,30170.0,29900.0,30270.0,29800.0,113,0.77%,2144,30Nov2022,35,0
25-10-2022,29940.0,29630.0,30000.0,29400.0,286,0.98%,2099,30Nov2022,36,0
24-10-2022,29650.0,30000.0,30000.0,29480.0,78,-0.90%,2108,30Nov2022,37,0
21-10-2022,29920.0,29750.0,30090.0,29500.0,389,0.84%,2092,30Nov2022,40,0
20-10-2022,29670.0,29700.0,30160.0,29350.0,330,-0.13%,2032,30Nov2022,41,0
19-10-2022,29710.0,30700.0,30950.0,29570.0,208,-2.59%,2018,30Nov2022,42,0
18-10-2022,30500.0,30250.0,30750.0,30250.0,134,0.30%,2013,30Nov2022,43,0
17-10-2022,30410.0,30020.0,30450.0,29990.0,134,1.91%,1983,30Nov2022,44,0
14-10-2022,29840.0,30190.0,30500.0,29640.0,208,0.61%,1951,30Nov2022,47,0
13-10-2022,29660.0,30000.0,30030.0,29500.0,224,-1.79%,1920,30Nov2022,48,0
12-10-2022,30200.0,30510.0,30880.0,29970.0,285,-2.11%,1856,30Nov2022,49,0
11-10-2022,30850.0,31190.0,31190.0,30310.0,446,-0.55%,1755,30Nov2022,50,0
10-10-2022,31020.0,29840.0,31040.0,29840.0,426,3.92%,1645,30Nov2022,51,0
07-10-2022,29850.0,29600.0,30000.0,29500.0,332,1.53%,1640,30Nov2022,54,0
06-10-2022,29400.0,29500.0,30190.0,29200.0,332,0.51%,1527,30Nov2022,55,0
05-10-2022,29250.0,30010.0,30010.0,29200.0,121,-3.81%,1424,30Nov2022,56,0
04-10-2022,30410.0,29490.0,30450.0,29490.0,362,3.61%,1345,30Nov2022,57,0
03-10-2022,29350.0,29580.0,29850.0,29300.0,135,-0.24%,1187,30Nov2022,58,0
30-09-2022,29420.0,29530.0,30160.0,29400.0,144,-0.17%,1131,30Nov2022,61,0
29-09-2022,29470.0,30000.0,30070.0,29320.0,134,-2.32%,1081,30Nov2022,62,0
28-09-2022,30170.0,30710.0,30710.0,29660.0,376,-2.33%,1062,30Nov2022,63,0
27-09-2022,30890.0,30700.0,31200.0,30400.0,153,-0.29%,992,30Nov2022,64,0
26-09-2022,30980.0,31120.0,31350.0,30890.0,120,-0.42%,977,30Nov2022,65,0
23-09-2022,31110.0,31550.0,31740.0,31060.0,66,-1.33%,924,30Nov2022,68,0
22-09-2022,31530.0,32000.0,32100.0,31500.0,77,-1.19%,916,30Nov2022,69,0
21-09-2022,31910.0,31440.0,32050.0,31390.0,82,0.54%,888,30Nov2022,70,0
20-09-2022,31740.0,31680.0,32200.0,31480.0,118,0.73%,887,30Nov2022,71,0
19-09-2022,31510.0,32600.0,32960.0,31410.0,239,-2.69%,897,30Nov2022,72,0
16-09-2022,32380.0,33070.0,33250.0,32060.0,126,-3.00%,855,30Nov2022,75,0
15-09-2022,33380.0,33450.0,33450.0,33220.0,17,-0.57%,832,30Nov2022,76,0
14-09-2022,33570.0,33560.0,33790.0,33230.0,68,-0.09%,823,30Nov2022,77,0
13-09-2022,33600.0,34500.0,34500.0,33400.0,166,-3.06%,793,30Nov2022,78,0
12-09-2022,34660.0,34200.0,35120.0,34200.0,82,-0.55%,713,30Nov2022,79,0
09-09-2022,34850.0,35350.0,35500.0,34800.0,46,-1.30%,672,30Nov2022,82,0
08-09-2022,35310.0,35100.0,35350.0,34850.0,110,0.06%,651,30Nov2022,83,0
07-09-2022,35290.0,35160.0,35600.0,35160.0,42,0.31%,654,30Nov2022,84,0
06-09-2022,35180.0,34710.0,35300.0,34710.0,58,-0.23%,656,30Nov2022,85,0
05-09-2022,35260.0,35710.0,35710.0,34700.0,73,-1.92%,661,30Nov2022,86,0
02-09-2022,35950.0,35500.0,36100.0,35430.0,75,0.39%,679,30Nov2022,89,0
01-09-2022,35810.0,36210.0,36310.0,35750.0,41,-1.40%,683,30Nov2022,90,0
31-08-2022,36320.0,36250.0,36390.0,36250.0,7,-5.02%,663,30Nov2022,91,1
30-08-2022,38240.0,38530.0,38710.0,38090.0,238,-1.70%,703,31Oct2022,62,0
29-08-2022,38900.0,38910.0,39100.0,38400.0,196,-1.14%,661,31Oct2022,63,0
26-08-2022,39350.0,38750.0,39420.0,38560.0,225,1.29%,687,31Oct2022,66,0
25-08-2022,38850.0,39000.0,39140.0,38090.0,352,-0.36%,715,31Oct2022,67,0
24-08-2022,38990.0,39060.0,39300.0,38500.0,317,-0.33%,689,31Oct2022,68,0
23-08-2022,39120.0,40290.0,40290.0,38710.0,364,-2.98%,747,31Oct2022,69,0
22-08-2022,40320.0,40500.0,41560.0,40200.0,490,-0.02%,752,31Oct2022,70,0
19-08-2022,40330.0,40300.0,40500.0,39810.0,248,0.27%,693,31Oct2022,73,0
18-08-2022,40220.0,41020.0,41350.0,40000.0,178,-0.67%,680,31Oct2022,74,0
17-08-2022,40490.0,42210.0,43690.0,40400.0,248,-4.05%,715,31Oct2022,75,0
16-08-2022,42200.0,40400.0,42210.0,40400.0,149,5.95%,743,31Oct2022,76,0
12-08-2022,39830.0,40000.0,40300.0,39560.0,70,-0.42%,684,31Oct2022,80,0
11-08-2022,40000.0,40100.0,40480.0,39700.0,66,0.28%,664,31Oct2022,81,0
10-08-2022,39890.0,39500.0,39990.0,39000.0,92,1.79%,662,31Oct2022,82,0
09-08-2022,39190.0,39100.0,39260.0,39000.0,53,0.10%,618,31Oct2022,83,0
08-08-2022,39150.0,39000.0,39290.0,38900.0,41,0.59%,594,31Oct2022,84,0
05-08-2022,38920.0,39000.0,39120.0,38610.0,117,1.04%,571,31Oct2022,87,0
04-08-2022,38520.0,39200.0,39900.0,38300.0,167,-2.51%,510,31Oct2022,88,0
03-08-2022,39510.0,38500.0,39650.0,38500.0,129,3.62%,453,31Oct2022,89,0
02-08-2022,38130.0,36820.0,38200.0,36750.0,127,2.91%,423,31Oct2022,90,0
01-08-2022,37050.0,36510.0,37500.0,36500.0,126,-17.58%,406,31Oct2022,91,1
29-07-2022,44950.0,45520.0,45700.0,44560.0,453,-1.19%,1296,30Aug2022,32,0
28-07-2022,45490.0,45610.0,46100.0,44840.0,591,-0.24%,1240,30Aug2022,33,0
27-07-2022,45600.0,44450.0,45720.0,44450.0,476,2.43%,1077,30Aug2022,34,0
26-07-2022,44520.0,43160.0,44780.0,43160.0,339,2.77%,912,30Aug2022,35,0
25-07-2022,43320.0,44000.0,44000.0,41790.0,643,2.00%,800,30Aug2022,36,0
22-07-2022,42470.0,43480.0,43480.0,41980.0,305,1.14%,544,30Aug2022,39,0
21-07-2022,41990.0,41730.0,42910.0,41470.0,391,0.17%,411,30Aug2022,40,0
20-07-2022,41920.0,40490.0,42040.0,40200.0,211,3.66%,316,30Aug2022,41,0
19-07-2022,40440.0,39410.0,40500.0,39000.0,79,1.07%,225,30Aug2022,42,0
18-07-2022,40010.0,40100.0,40300.0,39500.0,95,0.81%,195,30Aug2022,43,0
15-07-2022,39690.0,38700.0,40000.0,38540.0,71,2.61%,158,30Aug2022,46,0
14-07-2022,38680.0,38800.0,38850.0,38500.0,10,-1.15%,119,30Aug2022,47,0
13-07-2022,39130.0,38980.0,39500.0,38650.0,90,0.10%,117,30Aug2022,48,0
12-07-2022,39090.0,39480.0,40400.0,38770.0,38,-0.76%,82,30Aug2022,49,0
11-07-2022,39390.0,38490.0,39840.0,38490.0,34,2.66%,68,30Aug2022,50,0
08-07-2022,38370.0,38600.0,38600.0,38000.0,17,-1.84%,63,30Aug2022,53,0
07-07-2022,39090.0,38890.0,39110.0,38890.0,21,2.71%,52,30Aug2022,54,0
06-07-2022,38060.0,37770.0,38200.0,37770.0,15,0.08%,53,30Aug2022,55,0
05-07-2022,38030.0,37900.0,38250.0,37780.0,7,1.01%,46,30Aug2022,56,0
04-07-2022,37650.0,38010.0,38010.0,37460.0,3,-2.33%,46,30Aug2022,57,0
01-07-2022,38550.0,38600.0,39370.0,38030.0,12,-9.78%,45,30Aug2022,60,1
30-06-2022,42730.0,43200.0,43620.0,42660.0,571,-1.91%,1583,29Jul2022,29,0
29-06-2022,43560.0,42000.0,43800.0,42000.0,801,3.42%,1576,29Jul2022,30,0
28-06-2022,42120.0,41840.0,42320.0,41600.0,603,1.47%,1599,29Jul2022,31,0
27-06-2022,41510.0,40870.0,42200.0,40700.0,653,0.44%,1592,29Jul2022,32,0
24-06-2022,41330.0,40920.0,42460.0,39820.0,1526,-0.93%,1424,29Jul2022,35,0
23-06-2022,41720.0,42150.0,42150.0,40150.0,1245,-1.86%,1252,29Jul2022,36,0
22-06-2022,42510.0,43860.0,44000.0,42250.0,860,-4.17%,975,29Jul2022,37,0
21-06-2022,44360.0,45070.0,45070.0,43800.0,567,-1.58%,733,29Jul2022,38,0
20-06-2022,45070.0,45500.0,45800.0,44800.0,185,-2.72%,515,29Jul2022,39,0
17-06-2022,46330.0,45960.0,46480.0,45960.0,129,0.24%,475,29Jul2022,42,0
16-06-2022,46220.0,46320.0,47020.0,45980.0,130,0.94%,431,29Jul2022,43,0
15-06-2022,45790.0,45700.0,46340.0,45210.0,95,0.46%,387,29Jul2022,44,0
14-06-2022,45580.0,45100.0,45630.0,45100.0,66,1.33%,359,29Jul2022,45,0
13-06-2022,44980.0,44300.0,45040.0,44090.0,92,0.63%,355,29Jul2022,46,0
10-06-2022,44700.0,45710.0,45870.0,44600.0,242,-1.26%,345,29Jul2022,49,0
09-06-2022,45270.0,45200.0,45350.0,44760.0,97,0.85%,324,29Jul2022,50,0
08-06-2022,44890.0,44940.0,45100.0,44570.0,75,0.76%,328,29Jul2022,51,0
07-06-2022,44550.0,45340.0,45360.0,44300.0,21,-2.35%,305,29Jul2022,52,0
06-06-2022,45620.0,45250.0,45950.0,45140.0,171,0.42%,309,29Jul2022,53,0
03-06-2022,45430.0,45300.0,45850.0,44690.0,122,0.71%,286,29Jul2022,56,0
02-06-2022,45110.0,44200.0,45500.0,43290.0,207,0.78%,276,29Jul2022,57,0
01-06-2022,44760.0,45350.0,45600.0,44640.0,137,-2.95%,172,29Jul2022,58,1
31-05-2022,46120.0,45710.0,46330.0,45710.0,576,0.92%,2876,30Jun2022,30,0
30-05-2022,45700.0,45930.0,47200.0,45340.0,860,-1.15%,2923,30Jun2022,31,0
27-05-2022,46230.0,46870.0,46880.0,45780.0,729,-0.84%,2938,30Jun2022,34,0
26-05-2022,46620.0,47730.0,47730.0,46450.0,643,-2.53%,2947,30Jun2022,35,0
25-05-2022,47830.0,47490.0,47990.0,46820.0,1398,0.46%,2893,30Jun2022,36,0
24-05-2022,47610.0,48000.0,48020.0,47530.0,739,-1.04%,2558,30Jun2022,37,0
23-05-2022,48110.0,47610.0,48200.0,47360.0,657,-0.19%,2402,30Jun2022,38,0
20-05-2022,48200.0,49130.0,49500.0,47330.0,1017,-2.15%,2274,30Jun2022,41,0
19-05-2022,49260.0,49250.0,49400.0,48200.0,957,0.55%,1877,30Jun2022,42,0
18-05-2022,48990.0,48650.0,49850.0,48650.0,353,-0.83%,1582,30Jun2022,43,0
17-05-2022,49400.0,50200.0,50240.0,48970.0,785,-1.18%,1501,30Jun2022,44,0
16-05-2022,49990.0,49250.0,50070.0,49030.0,506,2.65%,1123,30Jun2022,45,0
13-05-2022,48700.0,48600.0,49250.0,48500.0,319,0.31%,884,30Jun2022,48,0
12-05-2022,48550.0,47910.0,48610.0,47750.0,310,1.61%,815,30Jun2022,49,0
11-05-2022,47780.0,47500.0,47850.0,47390.0,167,0.72%,664,30Jun2022,50,0
10-05-2022,47440.0,47200.0,47970.0,47190.0,328,-0.23%,587,30Jun2022,51,0
09-05-2022,47550.0,46700.0,47800.0,46700.0,226,2.57%,480,30Jun2022,52,0
06-05-2022,46360.0,46410.0,46940.0,45990.0,170,-0.30%,373,30Jun2022,55,0
05-05-2022,46500.0,46540.0,47060.0,46420.0,241,0.96%,330,30Jun2022,56,0
04-05-2022,46060.0,45850.0,46500.0,45700.0,39,0.50%,308,30Jun2022,57,0
03-05-2022,45830.0,46220.0,46220.0,45700.0,16,0.42%,294,30Jun2022,58,0
02-05-2022,45640.0,45540.0,45830.0,45450.0,113,-0.15%,286,30Jun2022,59,1
29-04-2022,45710.0,45810.0,46350.0,45300.0,2607,0.75%,3671,31May2022,32,0
28-04-2022,45370.0,44860.0,45600.0,44750.0,1708,1.61%,3858,31May2022,33,0
27-04-2022,44650.0,43980.0,44760.0,43840.0,1303,1.57%,3848,31May2022,34,0
26-04-2022,43960.0,43970.0,44200.0,43750.0,1107,0.80%,3741,31May2022,35,0
25-04-2022,43610.0,44000.0,44000.0,43490.0,1773,-1.42%,3616,31May2022,36,0
22-04-2022,44240.0,44520.0,44660.0,43980.0,2001,-0.94%,2935,31May2022,39,0
21-04-2022,44660.0,44330.0,45060.0,44330.0,901,-0.58%,2510,31May2022,40,0
20-04-2022,44920.0,44310.0,44940.0,44200.0,860,1.70%,2030,31May2022,41,0
19-04-2022,44170.0,44600.0,44860.0,44050.0,1018,-1.25%,1539,31May2022,42,0
18-04-2022,44730.0,44400.0,44890.0,44400.0,485,1.27%,1184,31May2022,43,0
14-04-2022,44170.0,44650.0,44870.0,43990.0,303,0.66%,1008,31May2022,47,0
13-04-2022,43880.0,44390.0,44840.0,43700.0,521,-1.17%,1015,31May2022,48,0
12-04-2022,44400.0,43900.0,44490.0,43770.0,252,1.93%,974,31May2022,49,0
11-04-2022,43560.0,43430.0,43620.0,42850.0,477,0.11%,939,31May2022,50,0
08-04-2022,43510.0,43580.0,43800.0,43330.0,280,-1.23%,751,31May2022,53,0
07-04-2022,44050.0,43700.0,44210.0,43500.0,357,0.55%,637,31May2022,54,0
06-04-2022,43810.0,43340.0,44030.0,43120.0,669,1.41%,516,31May2022,55,0
05-04-2022,43200.0,43020.0,43520.0,43020.0,111,0.47%,160,31May2022,56,0
04-04-2022,43000.0,42900.0,43040.0,42600.0,51,1.25%,130,31May2022,57,0
01-04-2022,42470.0,42420.0,43250.0,42250.0,78,0.54%,111,31May2022,60,1
31-03-2022,42240.0,42720.0,43380.0,42050.0,2056,-1.08%,5616,29Apr2022,29,0
30-03-2022,42700.0,41800.0,42830.0,41480.0,2079,1.98%,5738,29Apr2022,30,0
29-03-2022,41870.0,42200.0,42320.0,41700.0,2254,0.36%,5849,29Apr2022,31,0
28-03-2022,41720.0,42400.0,43070.0,41510.0,3444,-0.36%,5791,29Apr2022,32,0
25-03-2022,41870.0,41150.0,41900.0,41020.0,2240,2.25%,5908,29Apr2022,35,0
24-03-2022,40950.0,40600.0,41140.0,40460.0,2049,-0.05%,5591,29Apr2022,36,0
23-03-2022,40970.0,40800.0,41330.0,40520.0,2885,1.64%,5335,29Apr2022,37,0
22-03-2022,40310.0,40780.0,40780.0,40080.0,1881,-1.35%,4460,29Apr2022,38,0
21-03-2022,40860.0,40030.0,40930.0,40020.0,1995,2.79%,4024,29Apr2022,39,0
18-03-2022,39750.0,39310.0,39820.0,39260.0,400,1.22%,3161,29Apr2022,42,0
17-03-2022,39270.0,38840.0,39290.0,38740.0,939,1.13%,3017,29Apr2022,43,0
16-03-2022,38830.0,38470.0,38920.0,38270.0,974,1.25%,2530,29Apr2022,44,0
15-03-2022,38350.0,38380.0,38480.0,38050.0,586,-0.42%,1883,29Apr2022,45,0
14-03-2022,38510.0,38690.0,38920.0,38300.0,930,-0.85%,1600,29Apr2022,46,0
11-03-2022,38840.0,38280.0,38880.0,38250.0,487,1.89%,1099,29Apr2022,49,0
10-03-2022,38120.0,37860.0,38150.0,37800.0,312,0.93%,823,29Apr2022,50,0
09-03-2022,37770.0,37540.0,38030.0,37540.0,288,0.61%,678,29Apr2022,51,0
08-03-2022,37540.0,37320.0,37550.0,37230.0,179,0.64%,547,29Apr2022,52,0
07-03-2022,37300.0,37560.0,37660.0,37070.0,352,-0.85%,474,29Apr2022,53,0
04-03-2022,37620.0,37270.0,37620.0,37270.0,99,0.59%,332,29Apr2022,56,0
03-03-2022,37400.0,37580.0,37640.0,37210.0,101,-0.43%,328,29Apr2022,57,0
02-03-2022,37560.0,37480.0,37700.0,37350.0,87,0.81%,304,29Apr2022,58,0
01-03-2022,37260.0,36950.0,37330.0,36870.0,66,2.17%,273,29Apr2022,59,1
28-02-2022,36470.0,36530.0,36760.0,36120.0,1782,-0.73%,7530,31Mar2022,31,0
25-02-2022,36740.0,37190.0,37310.0,36400.0,2209,-1.00%,7462,31Mar2022,34,0
24-02-2022,37110.0,37180.0,37710.0,36650.0,2609,-0.48%,7177,31Mar2022,35,0
23-02-2022,37290.0,37100.0,37350.0,37030.0,1443,0.73%,7172,31Mar2022,36,0
22-02-2022,37020.0,37130.0,37430.0,36870.0,3187,-1.10%,6688,31Mar2022,37,0
21-02-2022,37430.0,38130.0,38240.0,37070.0,3392,-1.91%,5635,31Mar2022,38,0
18-02-2022,38160.0,38050.0,38230.0,37910.0,1324,0.55%,4132,31Mar2022,41,0
17-02-2022,37950.0,38100.0,38300.0,37880.0,1486,-0.45%,3543,31Mar2022,42,0
16-02-2022,38120.0,38540.0,38540.0,37850.0,1145,-1.01%,2712,31Mar2022,43,0
15-02-2022,38510.0,38330.0,38730.0,38240.0,594,0.57%,2319,31Mar2022,44,0
14-02-2022,38290.0,38700.0,39040.0,38260.0,684,-1.49%,2029,31Mar2022,45,0
11-02-2022,38870.0,38400.0,38940.0,38370.0,411,0.75%,1670,31Mar2022,48,0
10-02-2022,38580.0,38100.0,38610.0,38060.0,542,0.89%,1514,31Mar2022,49,0
09-02-2022,38240.0,38100.0,38270.0,38000.0,256,0.61%,1267,31Mar2022,50,0
08-02-2022,38010.0,37640.0,38030.0,37640.0,239,0.53%,1177,31Mar2022,51,0
07-02-2022,37810.0,37730.0,37950.0,37650.0,145,-0.32%,1072,31Mar2022,52,0
04-02-2022,37930.0,38130.0,38200.0,37780.0,215,0.34%,980,31Mar2022,55,0
03-02-2022,37800.0,37530.0,37880.0,37310.0,258,0.59%,875,31Mar2022,56,0
02-02-2022,37580.0,38220.0,38260.0,37480.0,308,-1.29%,675,31Mar2022,57,0
01-02-2022,38070.0,38040.0,38380.0,38030.0,373,1.85%,573,31Mar2022,58,1
31-01-2022,37380.0,37350.0,37550.0,37260.0,1912,1.38%,6584,28Feb2022,28,0
28-01-2022,36870.0,36860.0,36970.0,36560.0,1555,-0.43%,6536,28Feb2022,31,0
27-01-2022,37030.0,36700.0,37110.0,36640.0,1482,0.84%,6673,28Feb2022,32,0
25-01-2022,36720.0,36590.0,36940.0,36330.0,1407,0.58%,6462,28Feb2022,34,0
24-01-2022,36510.0,36480.0,36820.0,36400.0,2986,0.22%,6258,28Feb2022,35,0
21-01-2022,36430.0,36500.0,36780.0,36100.0,2487,-0.84%,5408,28Feb2022,38,0
20-01-2022,36740.0,37740.0,37870.0,36470.0,3215,-2.10%,4949,28Feb2022,39,0
19-01-2022,37530.0,36650.0,37590.0,36620.0,3016,2.93%,4756,28Feb2022,40,0
18-01-2022,36460.0,36230.0,36670.0,36230.0,1825,0.63%,3729,28Feb2022,41,0
17-01-2022,36230.0,35920.0,36280.0,35750.0,1401,1.29%,3155,28Feb2022,42,0
14-01-2022,35770.0,35300.0,35850.0,35300.0,1220,0.08%,2508,28Feb2022,45,0
13-01-2022,35740.0,35780.0,36030.0,35610.0,805,-0.11%,2081,28Feb2022,46,0
12-01-2022,35780.0,35290.0,35840.0,35160.0,1175,2.11%,1739,28Feb2022,47,0
11-01-2022,35040.0,35100.0,35450.0,34750.0,881,-0.06%,1248,28Feb2022,48,0
10-01-2022,35060.0,35720.0,36070.0,34900.0,804,-1.71%,1147,28Feb2022,49,0
07-01-2022,35670.0,36100.0,36570.0,35430.0,855,-0.59%,1014,28Feb2022,52,0
06-01-2022,35880.0,34600.0,36200.0,34520.0,675,1.90%,912,28Feb2022,53,0
05-01-2022,35210.0,36280.0,36670.0,34900.0,1129,-3.22%,799,28Feb2022,54,0
04-01-2022,36380.0,35090.0,36500.0,35090.0,629,3.65%,775,28Feb2022,55,0
03-01-2022,35100.0,34550.0,35230.0,34540.0,631,2.75%,600,28Feb2022,56,1
31-12-2021,34160.0,33940.0,34280.0,33900.0,1906,0.18%,6697,31Jan2022,31,0
30-12-2021,34100.0,33870.0,34130.0,33760.0,2842,1.10%,6635,31Jan2022,32,0
29-12-2021,33730.0,33500.0,33770.0,33320.0,1857,0.33%,6663,31Jan2022,33,0
28-12-2021,33620.0,33490.0,33930.0,33400.0,2198,0.93%,6407,31Jan2022,34,0
27-12-2021,33310.0,33000.0,33400.0,32850.0,2262,1.06%,6233,31Jan2022,35,0
24-12-2021,32960.0,32620.0,32980.0,32450.0,2425,0.92%,5419,31Jan2022,38,0
23-12-2021,32660.0,32540.0,32700.0,32390.0,1787,0.46%,4569,31Jan2022,39,0
22-12-2021,32510.0,32130.0,32540.0,32060.0,1411,1.50%,3974,31Jan2022,40,0
21-12-2021,32030.0,32100.0,32110.0,31840.0,799,0.75%,3416,31Jan2022,41,0
20-12-2021,31790.0,32150.0,32180.0,31740.0,1085,-1.43%,3127,31Jan2022,42,0
17-12-2021,32250.0,32510.0,32700.0,32160.0,1316,-0.22%,2785,31Jan2022,45,0
16-12-2021,32320.0,31970.0,32350.0,31960.0,877,1.60%,2282,31Jan2022,46,0
15-12-2021,31810.0,31550.0,31840.0,31520.0,380,0.25%,1900,31Jan2022,47,0
14-12-2021,31730.0,31530.0,31740.0,31460.0,439,0.38%,1818,31Jan2022,48,0
13-12-2021,31610.0,31700.0,31700.0,31520.0,288,0.67%,1583,31Jan2022,49,0
10-12-2021,31400.0,31420.0,31520.0,31320.0,431,-0.35%,1512,31Jan2022,52,0
09-12-2021,31510.0,31690.0,31710.0,31380.0,351,-0.47%,1295,31Jan2022,53,0
08-12-2021,31660.0,31550.0,31710.0,31400.0,447,-0.06%,1170,31Jan2022,54,0
07-12-2021,31680.0,31750.0,31820.0,31560.0,552,0.22%,962,31Jan2022,55,0
06-12-2021,31610.0,31430.0,31690.0,31350.0,339,1.25%,649,31Jan2022,56,0
03-12-2021,31220.0,30690.0,31250.0,30600.0,179,2.43%,490,31Jan2022,59,0
02-12-2021,30480.0,30920.0,31080.0,30350.0,398,-2.18%,415,31Jan2022,60,0
01-12-2021,31160.0,31230.0,31630.0,31050.0,226,1.10%,270,31Jan2022,61,1
30-11-2021,30820.0,31600.0,31600.0,30710.0,2172,-3.14%,4765,31Dec2021,31,0
29-11-2021,31820.0,31720.0,31990.0,31300.0,1874,0.57%,4910,31Dec2021,32,0
26-11-2021,31640.0,32740.0,33250.0,31550.0,2490,-3.60%,4605,31Dec2021,35,0
25-11-2021,32820.0,32370.0,32890.0,32220.0,1373,1.55%,4888,31Dec2021,36,0
24-11-2021,32320.0,32250.0,32430.0,32070.0,1961,0.78%,4641,31Dec2021,37,0
23-11-2021,32070.0,32200.0,32260.0,31740.0,1634,-0.68%,4029,31Dec2021,38,0
22-11-2021,32290.0,31850.0,32650.0,31850.0,1209,0.81%,3388,31Dec2021,39,0
19-11-2021,32030.0,31600.0,32100.0,31510.0,620,1.01%,3048,31Dec2021,42,0
18-11-2021,31710.0,31500.0,32130.0,31250.0,2112,1.31%,2867,31Dec2021,43,0
17-11-2021,31300.0,31690.0,31810.0,31000.0,1582,-1.48%,2563,31Dec2021,44,0
16-11-2021,31770.0,31960.0,32260.0,31730.0,727,-0.35%,2513,31Dec2021,45,0
15-11-2021,31880.0,32350.0,32350.0,31700.0,917,-1.57%,2627,31Dec2021,46,0
12-11-2021,32390.0,32410.0,32830.0,32280.0,644,-0.52%,2759,31Dec2021,49,0
11-11-2021,32560.0,32830.0,32930.0,32270.0,824,-1.15%,2495,31Dec2021,50,0
10-11-2021,32940.0,32480.0,33020.0,32450.0,723,2.08%,2301,31Dec2021,51,0
09-11-2021,32270.0,32580.0,32640.0,31690.0,1050,-1.07%,2149,31Dec2021,52,0
08-11-2021,32620.0,32700.0,32830.0,32290.0,615,-0.06%,2078,31Dec2021,53,0
05-11-2021,32640.0,33050.0,33100.0,32570.0,133,-1.33%,2015,31Dec2021,56,0
04-11-2021,33080.0,33050.0,33150.0,32800.0,189,0.06%,2007,31Dec2021,57,0
03-11-2021,33060.0,33150.0,33550.0,32770.0,586,-0.72%,1965,31Dec2021,58,0
02-11-2021,33300.0,33850.0,33850.0,33250.0,581,-1.62%,1980,31Dec2021,59,0
01-11-2021,33850.0,33140.0,33900.0,33100.0,586,3.64%,2047,31Dec2021,60,1
29-10-2021,32660.0,32200.0,32800.0,32090.0,2308,1.94%,3432,30Nov2021,32,0
28-10-2021,32040.0,32100.0,32180.0,31540.0,1798,1.14%,3130,30Nov2021,33,0
27-10-2021,31680.0,31530.0,31800.0,31000.0,1283,0.92%,3067,30Nov2021,34,0
26-10-2021,31390.0,31100.0,31470.0,30900.0,1223,1.26%,2891,30Nov2021,35,0
25-10-2021,31000.0,31100.0,31650.0,30860.0,1556,0.45%,2677,30Nov2021,36,0
22-10-2021,30860.0,30590.0,30960.0,30410.0,1335,0.88%,2361,30Nov2021,39,0
21-10-2021,30590.0,30880.0,31260.0,30520.0,1259,-0.68%,2002,30Nov2021,40,0
20-10-2021,30800.0,30160.0,30960.0,29800.0,1028,2.16%,1882,30Nov2021,41,0
19-10-2021,30150.0,30300.0,30520.0,29800.0,647,-0.50%,1759,30Nov2021,42,0
18-10-2021,30300.0,30750.0,30940.0,30250.0,547,-0.10%,1686,30Nov2021,43,0
15-10-2021,30330.0,30700.0,31060.0,30300.0,407,1.51%,1520,30Nov2021,46,0
14-10-2021,29880.0,29660.0,30120.0,29620.0,300,1.22%,1429,30Nov2021,47,0
13-10-2021,29520.0,29790.0,29900.0,29350.0,705,-2.25%,1405,30Nov2021,48,0
12-10-2021,30200.0,30030.0,30650.0,30030.0,288,0.37%,1248,30Nov2021,49,0
11-10-2021,30090.0,30100.0,30270.0,29820.0,342,-1.25%,1186,30Nov2021,50,0
08-10-2021,30470.0,30440.0,30900.0,30020.0,726,3.04%,1119,30Nov2021,53,0
07-10-2021,29570.0,29730.0,30330.0,28960.0,656,0.48%,958,30Nov2021,54,0
06-10-2021,29430.0,29410.0,30410.0,29350.0,580,1.66%,821,30Nov2021,55,0
05-10-2021,28950.0,27960.0,29010.0,27960.0,460,3.76%,845,30Nov2021,56,0
04-10-2021,27900.0,28230.0,28230.0,27480.0,371,-1.10%,767,30Nov2021,57,0
01-10-2021,28210.0,28000.0,28400.0,27800.0,241,2.03%,692,30Nov2021,60,0
30-09-2021,27650.0,28120.0,28120.0,27590.0,203,0.36%,643,30Nov2021,61,0
29-09-2021,27550.0,26800.0,28100.0,26780.0,373,2.61%,615,30Nov2021,62,0
28-09-2021,26850.0,26630.0,27010.0,26450.0,208,0.83%,589,30Nov2021,63,0
27-09-2021,26630.0,26350.0,26750.0,26300.0,389,2.66%,468,30Nov2021,64,0
24-09-2021,25940.0,25350.0,26060.0,25300.0,203,2.09%,289,30Nov2021,67,0
23-09-2021,25410.0,25250.0,25420.0,25250.0,75,0.99%,280,30Nov2021,68,0
22-09-2021,25160.0,25160.0,25180.0,25130.0,42,0.20%,265,30Nov2021,69,0
21-09-2021,25110.0,24900.0,25300.0,24900.0,79,0.32%,259,30Nov2021,70,0
20-09-2021,25030.0,25400.0,25400.0,25000.0,47,-1.22%,249,30Nov2021,71,0
17-09-2021,25340.0,25350.0,25370.0,25300.0,20,-0.39%,225,30Nov2021,74,0
16-09-2021,25440.0,25600.0,25640.0,25350.0,42,-0.12%,209,30Nov2021,75,0
15-09-2021,25470.0,25450.0,25500.0,25400.0,28,0.24%,189,30Nov2021,76,0
14-09-2021,25410.0,25400.0,25430.0,25400.0,41,0.20%,171,30Nov2021,77,0
13-09-2021,25360.0,25330.0,25500.0,25330.0,26,0.40%,148,30Nov2021,78,0
10-09-2021,25260.0,25260.0,25260.0,25260.0,1,-1.75%,133,30Nov2021,81,0
09-09-2021,25710.0,25750.0,25770.0,25680.0,60,0.08%,132,30Nov2021,82,0
08-09-2021,25690.0,25520.0,25740.0,25510.0,62,0.59%,121,30Nov2021,83,0
07-09-2021,25540.0,25550.0,25600.0,25500.0,13,-0.20%,107,30Nov2021,84,0
06-09-2021,25590.0,25600.0,25600.0,25570.0,4,-0.78%,107,30Nov2021,85,0
03-09-2021,25790.0,25450.0,25870.0,25450.0,16,1.94%,108,30Nov2021,88,0
02-09-2021,25300.0,25300.0,25400.0,25140.0,55,0.32%,96,30Nov2021,89,0
01-09-2021,25220.0,25190.0,25360.0,25120.0,25,-0.28%,50,30Nov2021,90,1
31-08-2021,25290.0,25600.0,25750.0,24820.0,912,-1.86%,1678,29Oct2021,59,0
30-08-2021,25770.0,26180.0,26190.0,25580.0,461,-1.60%,1488,29Oct2021,60,0
27-08-2021,26190.0,26190.0,26230.0,26080.0,119,0.23%,1384,29Oct2021,63,0
26-08-2021,26130.0,26140.0,26260.0,26100.0,119,-0.08%,1371,29Oct2021,64,0
25-08-2021,26150.0,26340.0,26400.0,26050.0,578,-1.02%,1346,29Oct2021,65,0
24-08-2021,26420.0,26260.0,26530.0,26000.0,613,0.46%,1130,29Oct2021,66,0
23-08-2021,26300.0,26280.0,26340.0,26190.0,169,0.15%,883,29Oct2021,67,0
20-08-2021,26260.0,26500.0,26500.0,26050.0,231,-0.45%,824,29Oct2021,70,0
19-08-2021,26380.0,26500.0,26500.0,26300.0,108,-0.90%,729,29Oct2021,71,0
18-08-2021,26620.0,26780.0,26970.0,26540.0,197,-0.97%,674,29Oct2021,72,0
17-08-2021,26880.0,26430.0,26930.0,26430.0,142,1.55%,567,29Oct2021,73,0
16-08-2021,26470.0,26700.0,27010.0,26250.0,301,-0.71%,493,29Oct2021,74,0
13-08-2021,26660.0,26170.0,26710.0,26120.0,137,2.11%,372,29Oct2021,77,0
12-08-2021,26110.0,26050.0,26200.0,26050.0,70,-0.34%,343,29Oct2021,78,0
11-08-2021,26200.0,26350.0,26350.0,26120.0,53,-0.23%,304,29Oct2021,79,0
10-08-2021,26260.0,26050.0,26340.0,25900.0,115,1.12%,266,29Oct2021,80,0
09-08-2021,25970.0,26300.0,26300.0,25830.0,49,-1.25%,181,29Oct2021,81,0
06-08-2021,26300.0,26200.0,26340.0,26200.0,31,0.50%,177,29Oct2021,84,0
05-08-2021,26170.0,26130.0,26210.0,26130.0,20,-0.27%,159,29Oct2021,85,0
04-08-2021,26240.0,26150.0,26280.0,26120.0,35,1.08%,143,29Oct2021,86,0
03-08-2021,25960.0,26020.0,26120.0,25830.0,41,-1.03%,114,29Oct2021,87,0
02-08-2021,26230.0,26300.0,26300.0,26100.0,7,-4.51%,78,29Oct2021,88,1
30-07-2021,27470.0,27440.0,27560.0,27240.0,811,0.22%,5743,31Aug2021,32,0
29-07-2021,27410.0,27450.0,27650.0,27400.0,916,-0.11%,5755,31Aug2021,33,0
28-07-2021,27440.0,27200.0,27480.0,27170.0,950,1.14%,5744,31Aug2021,34,0
27-07-2021,27130.0,26980.0,27180.0,26960.0,1062,1.04%,5572,31Aug2021,35,0
26-07-2021,26850.0,27160.0,27200.0,26720.0,1509,-0.04%,5551,31Aug2021,36,0
23-07-2021,26860.0,27090.0,27100.0,26730.0,1680,0.00%,5300,31Aug2021,39,0
22-07-2021,26860.0,26680.0,27140.0,26590.0,1383,1.36%,4924,31Aug2021,40,0
21-07-2021,26500.0,26380.0,26570.0,26360.0,680,0.95%,4540,31Aug2021,41,0
20-07-2021,26250.0,26040.0,26300.0,25920.0,1260,1.31%,4345,31Aug2021,42,0
19-07-2021,25910.0,26180.0,26290.0,25780.0,876,-1.03%,3907,31Aug2021,43,0
16-07-2021,26180.0,25910.0,26210.0,25890.0,829,1.24%,3627,31Aug2021,46,0
15-07-2021,25860.0,25800.0,25910.0,25720.0,435,0.39%,3193,31Aug2021,47,0
14-07-2021,25760.0,25500.0,25770.0,25450.0,839,1.30%,2942,31Aug2021,48,0
13-07-2021,25430.0,25360.0,25460.0,25360.0,315,0.04%,2469,31Aug2021,49,0
12-07-2021,25420.0,25540.0,25550.0,25280.0,90,0.00%,2210,31Aug2021,50,0
09-07-2021,25420.0,25450.0,25470.0,25350.0,233,0.12%,2177,31Aug2021,53,0
08-07-2021,25390.0,25390.0,25460.0,25300.0,597,0.00%,1996,31Aug2021,54,0
07-07-2021,25390.0,25300.0,25510.0,25290.0,1186,0.28%,1567,31Aug2021,55,0
06-07-2021,25320.0,25250.0,25490.0,25160.0,506,1.04%,544,31Aug2021,56,0
05-07-2021,25060.0,25090.0,25120.0,25020.0,139,0.40%,288,31Aug2021,57,0
02-07-2021,24960.0,24980.0,25000.0,24900.0,16,0.08%,190,31Aug2021,60,0
01-07-2021,24940.0,24730.0,25000.0,24730.0,12,1.18%,180,31Aug2021,61,1
30-06-2021,24650.0,24740.0,25080.0,24510.0,1261,-0.36%,6903,30Jul2021,30,0
29-06-2021,24740.0,24720.0,24780.0,24600.0,414,0.08%,6870,30Jul2021,31,0
28-06-2021,24720.0,24520.0,24790.0,24520.0,550,0.37%,6820,30Jul2021,32,0
25-06-2021,24630.0,24510.0,24650.0,24510.0,773,0.65%,6821,30Jul2021,35,0
24-06-2021,24470.0,24330.0,24650.0,24300.0,1627,0.49%,6858,30Jul2021,36,0
23-06-2021,24350.0,24030.0,24390.0,24020.0,1837,1.29%,6371,30Jul2021,37,0
22-06-2021,24040.0,23950.0,24060.0,23910.0,1412,0.25%,5598,30Jul2021,38,0
21-06-2021,23980.0,23910.0,24050.0,23850.0,615,0.13%,4633,30Jul2021,39,0
18-06-2021,23950.0,23970.0,24030.0,23830.0,474,-0.33%,4500,30Jul2021,42,0
17-06-2021,24030.0,24120.0,24160.0,23880.0,660,-0.70%,4382,30Jul2021,43,0
16-06-2021,24200.0,24290.0,24330.0,24000.0,407,-0.37%,4197,30Jul2021,44,0
15-06-2021,24290.0,23890.0,24420.0,23800.0,988,1.29%,4065,30Jul2021,45,0
14-06-2021,23980.0,24200.0,24200.0,23790.0,899,-0.91%,3722,30Jul2021,46,0
11-06-2021,24200.0,24470.0,24500.0,24030.0,752,-1.14%,3444,30Jul2021,49,0
10-06-2021,24480.0,24780.0,24810.0,24220.0,1084,-1.13%,3184,30Jul2021,50,0
09-06-2021,24760.0,24740.0,24810.0,24710.0,365,0.28%,2685,30Jul2021,51,0
08-06-2021,24690.0,24570.0,24730.0,24480.0,477,0.33%,2509,30Jul2021,52,0
07-06-2021,24610.0,24280.0,24740.0,24280.0,1740,1.74%,2114,30Jul2021,53,0
04-06-2021,24190.0,23850.0,24260.0,23750.0,288,1.09%,514,30Jul2021,56,0
03-06-2021,23930.0,24180.0,24180.0,23810.0,115,-0.17%,403,30Jul2021,57,0
02-06-2021,23970.0,23920.0,24000.0,23890.0,58,-0.12%,404,30Jul2021,58,0
01-06-2021,24000.0,23840.0,24020.0,23810.0,230,1.74%,373,30Jul2021,59,1
31-05-2021,23590.0,23280.0,23620.0,23250.0,1412,1.64%,7385,30Jun2021,30,0
28-05-2021,23210.0,23020.0,23260.0,23020.0,1226,0.61%,7247,30Jun2021,33,0
27-05-2021,23070.0,22750.0,23150.0,22740.0,1441,1.23%,7100,30Jun2021,34,0
26-05-2021,22790.0,22850.0,22900.0,22650.0,1141,0.09%,7065,30Jun2021,35,0
25-05-2021,22770.0,22500.0,23000.0,22450.0,2695,1.29%,7047,30Jun2021,36,0
24-05-2021,22480.0,22450.0,22570.0,22400.0,1686,0.54%,6198,30Jun2021,37,0
21-05-2021,22360.0,22370.0,22470.0,22350.0,874,0.27%,5154,30Jun2021,40,0
20-05-2021,22300.0,22230.0,22490.0,22230.0,1040,0.00%,4784,30Jun2021,41,0
19-05-2021,22300.0,22460.0,22520.0,22230.0,1140,-0.76%,4531,30Jun2021,42,0
18-05-2021,22470.0,22440.0,22590.0,22370.0,593,0.54%,3865,30Jun2021,43,0
17-05-2021,22350.0,22280.0,22530.0,22280.0,472,-0.04%,3564,30Jun2021,44,0
14-05-2021,22360.0,22380.0,22430.0,22250.0,476,-0.80%,3322,30Jun2021,47,0
13-05-2021,22540.0,22400.0,22640.0,22400.0,81,0.18%,3042,30Jun2021,48,0
12-05-2021,22500.0,22400.0,22700.0,22400.0,402,0.81%,2997,30Jun2021,49,0
11-05-2021,22320.0,22160.0,22330.0,22160.0,117,0.63%,2825,30Jun2021,50,0
10-05-2021,22180.0,22150.0,22380.0,22150.0,1357,0.14%,2754,30Jun2021,51,0
07-05-2021,22150.0,22250.0,22310.0,22150.0,780,-0.18%,1712,30Jun2021,54,0
06-05-2021,22190.0,22060.0,22200.0,22060.0,381,0.73%,990,30Jun2021,55,0
05-05-2021,22030.0,22030.0,22050.0,22000.0,625,0.18%,668,30Jun2021,56,0
04-05-2021,21990.0,21980.0,22000.0,21980.0,19,-0.72%,92,30Jun2021,57,0
03-05-2021,22150.0,22080.0,22160.0,22080.0,15,1.23%,85,30Jun2021,58,1
30-04-2021,21880.0,21790.0,21930.0,21630.0,1580,0.27%,8671,31May2021,31,0
29-04-2021,21820.0,22020.0,22020.0,21710.0,1581,-0.73%,8886,31May2021,32,0
28-04-2021,21980.0,22000.0,22150.0,21910.0,910,-0.32%,8870,31May2021,33,0
27-04-2021,22050.0,21780.0,22230.0,21760.0,1880,1.10%,8828,31May2021,34,0
26-04-2021,21810.0,21870.0,21960.0,21710.0,2359,-0.18%,8343,31May2021,35,0
23-04-2021,21850.0,21600.0,21880.0,21600.0,2058,1.44%,7218,31May2021,38,0
22-04-2021,21540.0,21600.0,21600.0,21490.0,1467,0.51%,6190,31May2021,39,0
21-04-2021,21430.0,21450.0,21490.0,21370.0,934,-0.46%,5100,31May2021,40,0
20-04-2021,21530.0,21630.0,21690.0,21510.0,1357,-0.60%,4473,31May2021,41,0
19-04-2021,21660.0,21730.0,21820.0,21570.0,1016,-0.55%,3786,31May2021,42,0
16-04-2021,21780.0,22140.0,22180.0,21700.0,949,-1.45%,3402,31May2021,45,0
15-04-2021,22100.0,22050.0,22250.0,22050.0,1079,0.50%,3053,31May2021,46,0
14-04-2021,21990.0,21940.0,22020.0,21930.0,417,0.92%,2663,31May2021,47,0
13-04-2021,21790.0,21630.0,21830.0,21510.0,471,0.51%,2563,31May2021,48,0
12-04-2021,21680.0,22020.0,22110.0,21620.0,1025,-2.21%,2389,31May2021,49,0
09-04-2021,22170.0,22330.0,22340.0,22130.0,794,-0.36%,1983,31May2021,52,0
08-04-2021,22250.0,21990.0,22280.0,21990.0,682,1.37%,1690,31May2021,53,0
07-04-2021,21950.0,21800.0,22040.0,21760.0,550,0.37%,1362,31May2021,54,0
06-04-2021,21870.0,21800.0,21920.0,21640.0,804,0.32%,1169,31May2021,55,0
05-04-2021,21800.0,21650.0,21820.0,21570.0,276,1.21%,620,31May2021,56,0
01-04-2021,21540.0,21850.0,21890.0,21480.0,145,0.61%,519,31May2021,60,1
31-03-2021,21410.0,21460.0,21640.0,21290.0,2848,0.00%,7775,30Apr2021,30,0
30-03-2021,21410.0,21480.0,21530.0,21220.0,1875,0.14%,7796,30Apr2021,31,0
29-03-2021,21380.0,21050.0,21520.0,20960.0,214,1.38%,7945,30Apr2021,32,0
26-03-2021,21090.0,20520.0,21160.0,20340.0,1927,2.08%,7971,30Apr2021,35,0
25-03-2021,20660.0,21020.0,21160.0,20460.0,3134,-2.04%,8302,30Apr2021,36,0
24-03-2021,21090.0,21250.0,21330.0,21040.0,1596,-1.86%,7708,30Apr2021,37,0
23-03-2021,21490.0,21600.0,21680.0,21440.0,1531,-0.56%,7366,30Apr2021,38,0
22-03-2021,21610.0,21900.0,21900.0,21530.0,2049,-1.55%,6846,30Apr2021,39,0
19-03-2021,21950.0,22260.0,22260.0,21910.0,1282,-1.35%,6180,30Apr2021,42,0
18-03-2021,22250.0,22360.0,22430.0,22160.0,1100,-0.49%,5797,30Apr2021,43,0
17-03-2021,22360.0,22500.0,22630.0,22300.0,1051,-0.67%,5392,30Apr2021,44,0
16-03-2021,22510.0,22400.0,22660.0,22390.0,938,0.27%,4827,30Apr2021,45,0
15-03-2021,22450.0,22420.0,22530.0,22280.0,1012,0.45%,4843,30Apr2021,46,0
12-03-2021,22350.0,22450.0,22530.0,22310.0,989,-0.49%,4605,30Apr2021,49,0
11-03-2021,22460.0,22420.0,22530.0,22380.0,370,0.94%,4006,30Apr2021,50,0
10-03-2021,22250.0,22200.0,22320.0,22080.0,814,-0.76%,3811,30Apr2021,51,0
09-03-2021,22420.0,22600.0,22620.0,22410.0,558,-0.80%,3625,30Apr2021,52,0
08-03-2021,22600.0,22580.0,22660.0,22520.0,643,0.49%,3435,30Apr2021,53,0
05-03-2021,22490.0,22340.0,22500.0,22300.0,552,-0.09%,3049,30Apr2021,56,0
04-03-2021,22510.0,22430.0,22540.0,22350.0,536,-0.13%,2980,30Apr2021,57,0
03-03-2021,22540.0,22590.0,22730.0,22520.0,363,-0.44%,2667,30Apr2021,58,0
02-03-2021,22640.0,22550.0,22690.0,22540.0,312,0.13%,2495,30Apr2021,59,0
01-03-2021,22610.0,22340.0,22680.0,22330.0,846,3.29%,2312,30Apr2021,60,1
26-02-2021,21890.0,22050.0,22050.0,21760.0,1803,-1.49%,9187,31Mar2021,33,0
25-02-2021,22220.0,22150.0,22450.0,22120.0,2477,0.82%,9428,31Mar2021,34,0
24-02-2021,22040.0,22050.0,22070.0,21910.0,1195,0.18%,9355,31Mar2021,35,0
23-02-2021,22000.0,22070.0,22140.0,21970.0,1627,0.05%,9209,31Mar2021,36,0
22-02-2021,21990.0,22030.0,22060.0,21970.0,3945,0.46%,9063,31Mar2021,37,0
19-02-2021,21890.0,21860.0,21980.0,21840.0,2417,0.00%,7224,31Mar2021,40,0
18-02-2021,21890.0,21780.0,21960.0,21760.0,1999,0.55%,6506,31Mar2021,41,0
17-02-2021,21770.0,21790.0,21820.0,21730.0,945,-0.14%,5383,31Mar2021,42,0
16-02-2021,21800.0,21800.0,21860.0,21780.0,1094,0.23%,5074,31Mar2021,43,0
15-02-2021,21750.0,21770.0,21810.0,21740.0,1438,0.18%,4417,31Mar2021,44,0
12-02-2021,21710.0,21800.0,21860.0,21700.0,1083,-0.18%,3351,31Mar2021,47,0
11-02-2021,21750.0,21690.0,21800.0,21650.0,665,0.28%,2798,31Mar2021,48,0
10-02-2021,21690.0,21730.0,21790.0,21680.0,700,-0.78%,2367,31Mar2021,49,0
09-02-2021,21860.0,21750.0,21880.0,21700.0,1117,1.02%,1865,31Mar2021,50,0
08-02-2021,21640.0,21650.0,21710.0,21600.0,747,-0.14%,1097,31Mar2021,51,0
05-02-2021,21670.0,21650.0,21760.0,21640.0,301,0.79%,569,31Mar2021,54,0
04-02-2021,21500.0,21440.0,21530.0,21440.0,179,0.51%,421,31Mar2021,55,0
03-02-2021,21390.0,21330.0,21410.0,21310.0,42,0.19%,316,31Mar2021,56,0
02-02-2021,21350.0,21300.0,21390.0,21290.0,26,0.09%,313,31Mar2021,57,0
01-02-2021,21330.0,21430.0,21460.0,21270.0,195,1.81%,309,31Mar2021,58,1
29-01-2021,20950.0,21000.0,21060.0,20930.0,1388,-0.66%,6597,26Feb2021,28,0
28-01-2021,21090.0,21100.0,21180.0,20900.0,1829,-0.42%,6614,26Feb2021,29,0
27-01-2021,21180.0,21310.0,21380.0,21150.0,1220,-0.80%,6607,26Feb2021,30,0
25-01-2021,21350.0,21430.0,21450.0,21330.0,943,-0.14%,6291,26Feb2021,32,0
22-01-2021,21380.0,21500.0,21590.0,21350.0,2897,-0.79%,6028,26Feb2021,35,0
21-01-2021,21550.0,21450.0,21590.0,21450.0,2006,0.56%,4711,26Feb2021,36,0
20-01-2021,21430.0,21320.0,21470.0,21270.0,1150,0.23%,3532,26Feb2021,37,0
19-01-2021,21380.0,21430.0,21470.0,21350.0,1059,0.38%,3096,26Feb2021,38,0
18-01-2021,21300.0,21440.0,21440.0,21290.0,344,-0.37%,2693,26Feb2021,39,0
15-01-2021,21380.0,21500.0,21520.0,21290.0,629,-0.70%,2546,26Feb2021,42,0
14-01-2021,21530.0,21470.0,21580.0,21440.0,545,-0.37%,2289,26Feb2021,43,0
13-01-2021,21610.0,21390.0,21700.0,21390.0,752,1.31%,1997,26Feb2021,44,0
12-01-2021,21330.0,21320.0,21390.0,21300.0,474,0.76%,1590,26Feb2021,45,0
11-01-2021,21170.0,21370.0,21400.0,21110.0,934,-0.70%,1215,26Feb2021,46,0
08-01-2021,21320.0,21320.0,21490.0,21300.0,376,-0.09%,684,26Feb2021,49,0
07-01-2021,21340.0,21380.0,21530.0,21310.0,175,-0.33%,469,26Feb2021,50,0
06-01-2021,21410.0,21540.0,21610.0,21410.0,292,0.00%,401,26Feb2021,51,0
05-01-2021,21410.0,21420.0,21440.0,21230.0,176,-0.09%,266,26Feb2021,52,0
04-01-2021,21430.0,21250.0,21470.0,21180.0,277,2.00%,210,26Feb2021,53,0
01-01-2021,21010.0,20840.0,21030.0,20790.0,84,1.84%,43,26Feb2021,56,1
31-12-2020,20630.0,20750.0,20790.0,20600.0,812,-0.10%,4118,29Jan2021,29,0
30-12-2020,20650.0,20620.0,20670.0,20560.0,481,0.44%,3964,29Jan2021,30,0
29-12-2020,20560.0,20480.0,20590.0,20480.0,526,0.44%,3796,29Jan2021,31,0
28-12-2020,20470.0,20620.0,20620.0,20400.0,606,-0.44%,3560,29Jan2021,32,0
24-12-2020,20560.0,20690.0,20700.0,20510.0,1143,-0.24%,3455,29Jan2021,36,0
23-12-2020,20610.0,20270.0,20650.0,20230.0,1379,1.53%,3081,29Jan2021,37,0
22-12-2020,20300.0,20300.0,20390.0,20230.0,914,0.00%,2719,29Jan2021,38,0
21-12-2020,20300.0,20690.0,20730.0,20210.0,1947,-2.54%,2344,29Jan2021,39,0
18-12-2020,20830.0,20900.0,20950.0,20740.0,534,0.48%,1989,29Jan2021,42,0
17-12-2020,20730.0,20530.0,20800.0,20480.0,1082,1.02%,1714,29Jan2021,43,0
16-12-2020,20520.0,20640.0,20680.0,20500.0,355,0.05%,1318,29Jan2021,44,0
15-12-2020,20510.0,20470.0,20600.0,20450.0,699,-0.05%,1223,29Jan2021,45,0
14-12-2020,20520.0,20410.0,20540.0,20410.0,440,0.98%,810,29Jan2021,46,0
11-12-2020,20320.0,20550.0,20550.0,20280.0,292,-0.54%,623,29Jan2021,49,0
10-12-2020,20430.0,20200.0,20500.0,20160.0,414,1.49%,509,29Jan2021,50,0
09-12-2020,20130.0,20100.0,20150.0,20030.0,107,0.20%,300,29Jan2021,51,0
08-12-2020,20090.0,20090.0,20150.0,20000.0,155,0.40%,268,29Jan2021,52,0
07-12-2020,20010.0,20100.0,20100.0,19910.0,108,-0.60%,202,29Jan2021,53,0
04-12-2020,20130.0,20040.0,20200.0,20040.0,92,0.10%,149,29Jan2021,56,0
03-12-2020,20110.0,20120.0,20150.0,20010.0,81,-0.05%,105,29Jan2021,57,0
02-12-2020,20120.0,20170.0,20210.0,20080.0,34,-0.64%,59,29Jan2021,58,0
01-12-2020,20250.0,20200.0,20290.0,20180.0,9,0.25%,46,29Jan2021,59,0
30-11-2020,20200.0,0.0,0.0,0.0,0,0.15%,39,29Jan2021,60,1
27-11-2020,20170.0,19900.0,20190.0,19750.0,742,1.26%,2344,31Dec2020,34,0
26-11-2020,19920.0,20100.0,20290.0,19900.0,688,-1.53%,2293,31Dec2020,35,0
25-11-2020,20230.0,20130.0,20350.0,20050.0,744,0.65%,2381,31Dec2020,36,0
24-11-2020,20100.0,20350.0,20350.0,19930.0,781,-1.13%,2244,31Dec2020,37,0
23-11-2020,20330.0,20400.0,20670.0,20060.0,1739,-0.25%,2133,31Dec2020,38,0
20-11-2020,20380.0,20250.0,20550.0,20250.0,1241,0.49%,1581,31Dec2020,41,0
19-11-2020,20280.0,20160.0,20350.0,20090.0,849,0.70%,1046,31Dec2020,42,0
18-11-2020,20140.0,20100.0,20160.0,20070.0,336,-0.10%,673,31Dec2020,43,0
17-11-2020,20160.0,20200.0,20200.0,20110.0,240,-0.30%,539,31Dec2020,44,0
16-11-2020,20220.0,20070.0,20300.0,20070.0,206,1.20%,407,31Dec2020,45,0
14-11-2020,19980.0,19970.0,19990.0,19920.0,24,0.30%,279,31Dec2020,47,0
13-11-2020,19920.0,19940.0,19940.0,19900.0,13,-0.30%,272,31Dec2020,48,0
12-11-2020,19980.0,19980.0,20000.0,19950.0,30,-0.40%,270,31Dec2020,49,0
11-11-2020,20060.0,20100.0,20150.0,20030.0,140,0.10%,264,31Dec2020,50,0
10-11-2020,20040.0,20000.0,20060.0,19980.0,72,-0.20%,203,31Dec2020,51,0
09-11-2020,20080.0,19980.0,20110.0,19930.0,81,0.96%,180,31Dec2020,52,0
06-11-2020,19890.0,19850.0,19930.0,19750.0,27,-0.35%,139,31Dec2020,55,0
05-11-2020,19960.0,19830.0,19990.0,19830.0,54,0.60%,128,31Dec2020,56,0
04-11-2020,19840.0,19940.0,19940.0,19810.0,63,0.15%,92,31Dec2020,57,0
03-11-2020,19810.0,19520.0,19850.0,19510.0,44,1.33%,68,31Dec2020,58,0
02-11-2020,19550.0,19460.0,19580.0,19310.0,67,0.62%,57,31Dec2020,59,1
30-10-2020,19430.0,19560.0,19590.0,19420.0,225,-0.66%,1065,27Nov2020,28,0
29-10-2020,19560.0,19560.0,19740.0,19500.0,330,-0.25%,1076,27Nov2020,29,0
28-10-2020,19610.0,19760.0,19940.0,19540.0,607,-0.66%,1044,27Nov2020,30,0
27-10-2020,19740.0,19510.0,19790.0,19510.0,440,1.33%,990,27Nov2020,31,0
26-10-2020,19480.0,19800.0,19800.0,19430.0,488,-1.47%,921,27Nov2020,32,0
23-10-2020,19770.0,20010.0,20020.0,19610.0,452,-1.15%,850,27Nov2020,35,0
22-10-2020,20000.0,19990.0,20030.0,19850.0,212,0.10%,857,27Nov2020,36,0
21-10-2020,19980.0,19720.0,20070.0,19720.0,473,0.65%,865,27Nov2020,37,0
20-10-2020,19850.0,20000.0,20150.0,19800.0,424,-0.80%,836,27Nov2020,38,0
19-10-2020,20010.0,19900.0,20130.0,19810.0,432,2.35%,736,27Nov2020,39,0
16-10-2020,19550.0,19330.0,19610.0,19310.0,140,1.56%,636,27Nov2020,42,0
15-10-2020,19250.0,19250.0,19320.0,19200.0,92,-0.41%,586,27Nov2020,43,0
14-10-2020,19330.0,19170.0,19380.0,19170.0,166,0.89%,612,27Nov2020,44,0
13-10-2020,19160.0,19100.0,19240.0,19020.0,205,0.05%,541,27Nov2020,45,0
12-10-2020,19150.0,18950.0,19170.0,18910.0,293,2.08%,559,27Nov2020,46,0
09-10-2020,18760.0,18700.0,18790.0,18660.0,102,0.59%,448,27Nov2020,49,0
08-10-2020,18650.0,18480.0,18690.0,18480.0,97,0.81%,394,27Nov2020,50,0
07-10-2020,18500.0,18370.0,18580.0,18360.0,189,1.04%,367,27Nov2020,51,0
06-10-2020,18310.0,18300.0,18350.0,18230.0,50,-0.44%,406,27Nov2020,52,0
05-10-2020,18390.0,18290.0,18400.0,18210.0,106,0.71%,416,27Nov2020,53,0
01-10-2020,18260.0,18200.0,18280.0,18200.0,81,0.44%,413,27Nov2020,57,0
30-09-2020,18180.0,18150.0,18200.0,18110.0,19,0.83%,413,27Nov2020,58,0
29-09-2020,18030.0,18030.0,18100.0,18000.0,42,-0.39%,403,27Nov2020,59,0
28-09-2020,18100.0,17960.0,18120.0,17900.0,47,0.78%,410,27Nov2020,60,0
25-09-2020,17960.0,17950.0,17970.0,17940.0,6,0.06%,392,27Nov2020,63,0
24-09-2020,17950.0,17900.0,18030.0,17900.0,39,0.06%,388,27Nov2020,64,0
23-09-2020,17940.0,17870.0,17960.0,17800.0,46,0.45%,366,27Nov2020,65,0
22-09-2020,17860.0,17760.0,17940.0,17730.0,17,0.39%,329,27Nov2020,66,0
21-09-2020,17790.0,17810.0,17830.0,17750.0,43,0.00%,325,27Nov2020,67,0
18-09-2020,17790.0,17800.0,17860.0,17760.0,26,-0.45%,328,27Nov2020,70,0
17-09-2020,17870.0,17900.0,17900.0,17800.0,48,-0.11%,312,27Nov2020,71,0
16-09-2020,17890.0,17830.0,17930.0,17750.0,62,0.39%,277,27Nov2020,72,0
15-09-2020,17820.0,17790.0,17890.0,17780.0,17,0.51%,247,27Nov2020,73,0
14-09-2020,17730.0,17620.0,17790.0,17450.0,41,0.80%,233,27Nov2020,74,0
11-09-2020,17590.0,17500.0,17640.0,17480.0,26,0.40%,214,27Nov2020,77,0
10-09-2020,17520.0,17430.0,17570.0,17430.0,15,0.86%,198,27Nov2020,78,0
09-09-2020,17370.0,17390.0,17390.0,17350.0,2,0.12%,189,27Nov2020,79,0
08-09-2020,17350.0,17350.0,17350.0,17350.0,1,-0.46%,188,27Nov2020,80,0
07-09-2020,17430.0,17480.0,17480.0,17410.0,6,0.23%,188,27Nov2020,81,0
04-09-2020,17390.0,17400.0,17450.0,17360.0,7,-0.69%,189,27Nov2020,84,0
03-09-2020,17510.0,17510.0,17510.0,17510.0,2,-0.79%,189,27Nov2020,85,0
02-09-2020,17650.0,17650.0,17650.0,17650.0,2,-0.06%,189,27Nov2020,86,0
01-09-2020,17660.0,17630.0,17710.0,17630.0,8,-0.39%,187,27Nov2020,87,1
31-08-2020,17730.0,17780.0,17900.0,17720.0,116,-0.23%,509,30Oct2020,60,0
28-08-2020,17770.0,17720.0,17870.0,17720.0,107,-0.11%,486,30Oct2020,63,0
27-08-2020,17790.0,17840.0,17930.0,17650.0,175,0.06%,458,30Oct2020,64,0
26-08-2020,17780.0,18110.0,18110.0,17700.0,300,-2.09%,447,30Oct2020,65,0
25-08-2020,18160.0,17910.0,18260.0,17860.0,273,1.11%,411,30Oct2020,66,0
24-08-2020,17960.0,17820.0,17990.0,17650.0,266,0.79%,355,30Oct2020,67,0
21-08-2020,17820.0,17770.0,17850.0,17760.0,28,0.51%,213,30Oct2020,70,0
20-08-2020,17730.0,17850.0,17850.0,17620.0,31,-0.39%,203,30Oct2020,71,0
19-08-2020,17800.0,17730.0,17890.0,17710.0,21,0.45%,190,30Oct2020,72,0
18-08-2020,17720.0,17650.0,17770.0,17650.0,23,0.85%,175,30Oct2020,73,0
17-08-2020,17570.0,17570.0,17600.0,17400.0,95,0.00%,161,30Oct2020,74,0
14-08-2020,17570.0,17480.0,17660.0,17470.0,30,1.33%,106,30Oct2020,77,0
13-08-2020,17340.0,0.0,0.0,0.0,0,0.00%,93,30Oct2020,78,0
12-08-2020,17340.0,16820.0,17510.0,16820.0,90,1.88%,93,30Oct2020,79,0
11-08-2020,17020.0,16920.0,17100.0,16900.0,6,0.77%,73,30Oct2020,80,0
10-08-2020,16890.0,16880.0,16890.0,16880.0,2,0.54%,67,30Oct2020,81,0
07-08-2020,16800.0,16830.0,16890.0,16770.0,13,-1.06%,65,30Oct2020,84,0
06-08-2020,16980.0,16980.0,16980.0,16980.0,2,0.71%,61,30Oct2020,85,0
05-08-2020,16860.0,16730.0,17120.0,16730.0,4,1.08%,60,30Oct2020,86,0
04-08-2020,16680.0,16660.0,16690.0,16660.0,2,0.06%,57,30Oct2020,87,0
03-08-2020,16670.0,16650.0,16730.0,16650.0,9,2.58%,58,30Oct2020,88,1
31-07-2020,16250.0,16150.0,16320.0,16080.0,474,0.62%,2560,31Aug2020,31,0
30-07-2020,16150.0,16100.0,16170.0,16050.0,221,0.19%,2569,31Aug2020,32,0
29-07-2020,16120.0,16190.0,16200.0,16110.0,162,-0.31%,2643,31Aug2020,33,0
28-07-2020,16170.0,16040.0,16200.0,15980.0,347,0.37%,2613,31Aug2020,34,0
27-07-2020,16110.0,16000.0,16180.0,15780.0,1698,0.81%,2674,31Aug2020,35,0
24-07-2020,15980.0,16180.0,16250.0,15960.0,1437,-2.02%,2264,31Aug2020,38,0
23-07-2020,16310.0,16260.0,16320.0,16250.0,517,0.25%,1791,31Aug2020,39,0
22-07-2020,16270.0,16400.0,16410.0,16160.0,450,-0.67%,1614,31Aug2020,40,0
21-07-2020,16380.0,16420.0,16770.0,16230.0,617,-0.30%,1447,31Aug2020,41,0
20-07-2020,16430.0,16320.0,16490.0,16300.0,465,0.55%,1311,31Aug2020,42,0
17-07-2020,16340.0,16320.0,16380.0,16300.0,321,0.06%,1261,31Aug2020,45,0
16-07-2020,16330.0,16190.0,16390.0,16190.0,354,0.31%,1191,31Aug2020,46,0
15-07-2020,16280.0,16170.0,16300.0,16110.0,173,0.56%,1125,31Aug2020,47,0
14-07-2020,16190.0,15980.0,16210.0,15970.0,184,0.56%,1143,31Aug2020,48,0
13-07-2020,16100.0,16250.0,16290.0,16070.0,393,-0.98%,1096,31Aug2020,49,0
10-07-2020,16260.0,16320.0,16350.0,16230.0,231,-0.61%,930,31Aug2020,52,0
09-07-2020,16360.0,16370.0,16430.0,16340.0,264,0.06%,860,31Aug2020,53,0
08-07-2020,16350.0,16310.0,16380.0,16290.0,100,0.12%,790,31Aug2020,54,0
07-07-2020,16330.0,16190.0,16460.0,16190.0,312,0.37%,768,31Aug2020,55,0
06-07-2020,16270.0,16140.0,16300.0,16060.0,215,0.81%,657,31Aug2020,56,0
03-07-2020,16140.0,16130.0,16190.0,16050.0,146,0.44%,615,31Aug2020,59,0
02-07-2020,16070.0,16280.0,16280.0,16060.0,243,-0.80%,593,31Aug2020,60,0
01-07-2020,16200.0,16110.0,16210.0,16070.0,231,2.79%,467,31Aug2020,61,1
30-06-2020,15760.0,15730.0,15840.0,15710.0,304,0.45%,4027,31Jul2020,31,0
29-06-2020,15690.0,15930.0,15960.0,15450.0,935,-1.20%,3973,31Jul2020,32,0
26-06-2020,15880.0,15910.0,16100.0,15870.0,520,-0.19%,3878,31Jul2020,35,0
25-06-2020,15910.0,15900.0,16010.0,15840.0,793,-0.25%,3756,31Jul2020,36,0
24-06-2020,15950.0,15980.0,16070.0,15920.0,1359,-0.31%,3494,31Jul2020,37,0
23-06-2020,16000.0,16120.0,16150.0,15960.0,1314,-0.62%,2841,31Jul2020,38,0
22-06-2020,16100.0,16150.0,16240.0,16080.0,768,-1.11%,2005,31Jul2020,39,0
19-06-2020,16280.0,16310.0,16350.0,16250.0,347,-0.18%,1643,31Jul2020,42,0
18-06-2020,16310.0,16260.0,16340.0,16200.0,335,0.68%,1507,31Jul2020,43,0
17-06-2020,16200.0,16010.0,16250.0,16000.0,611,1.31%,1403,31Jul2020,44,0
16-06-2020,15990.0,16300.0,16370.0,15790.0,664,-1.72%,1263,31Jul2020,45,0
15-06-2020,16270.0,16540.0,16540.0,16200.0,917,-2.28%,1233,31Jul2020,46,0
12-06-2020,16650.0,16680.0,16770.0,16540.0,293,-0.60%,757,31Jul2020,49,0
11-06-2020,16750.0,16790.0,16840.0,16680.0,64,-0.06%,590,31Jul2020,50,0
10-06-2020,16760.0,16820.0,16850.0,16700.0,249,0.12%,580,31Jul2020,51,0
09-06-2020,16740.0,16880.0,16930.0,16720.0,222,-0.77%,627,31Jul2020,52,0
08-06-2020,16870.0,16790.0,16980.0,16710.0,257,-0.18%,578,31Jul2020,53,0
05-06-2020,16900.0,16440.0,17040.0,16440.0,158,3.11%,500,31Jul2020,56,0
04-06-2020,16390.0,16400.0,16430.0,16350.0,123,-0.06%,526,31Jul2020,57,0
03-06-2020,16400.0,16290.0,16420.0,16240.0,157,-0.24%,459,31Jul2020,58,0
02-06-2020,16440.0,16470.0,16500.0,16360.0,180,1.42%,415,31Jul2020,59,0
01-06-2020,16210.0,16160.0,16250.0,16060.0,106,2.53%,360,31Jul2020,60,1
29-05-2020,15810.0,15750.0,15830.0,15650.0,302,-0.44%,3886,30Jun2020,32,0
28-05-2020,15880.0,15890.0,15920.0,15860.0,106,-0.38%,3805,30Jun2020,33,0
27-05-2020,15940.0,15900.0,15950.0,15800.0,520,0.31%,3812,30Jun2020,34,0
26-05-2020,15890.0,15800.0,15940.0,15720.0,519,0.95%,3804,30Jun2020,35,0
25-05-2020,15740.0,0.0,0.0,0.0,0,0.00%,3732,30Jun2020,36,0
22-05-2020,15740.0,15920.0,15920.0,15680.0,2474,-1.62%,3732,30Jun2020,39,0
21-05-2020,16000.0,16110.0,16130.0,15960.0,1088,-1.54%,2357,30Jun2020,40,0
20-05-2020,16250.0,16360.0,16390.0,16150.0,538,1.56%,1767,30Jun2020,41,0
19-05-2020,16000.0,16230.0,16230.0,15920.0,415,-0.06%,1500,30Jun2020,42,0
18-05-2020,16010.0,16050.0,16060.0,15810.0,345,-0.12%,1272,30Jun2020,43,0
15-05-2020,16030.0,15910.0,16080.0,15840.0,342,0.88%,1140,30Jun2020,46,0
14-05-2020,15890.0,15970.0,15970.0,15800.0,531,-0.81%,1045,30Jun2020,47,0
13-05-2020,16020.0,16010.0,16130.0,15890.0,335,0.69%,941,30Jun2020,48,0
12-05-2020,15910.0,15710.0,16100.0,15650.0,307,0.51%,816,30Jun2020,49,0
11-05-2020,15830.0,15900.0,16000.0,15730.0,261,-0.31%,691,30Jun2020,50,0
08-05-2020,15880.0,15840.0,15990.0,15620.0,510,0.95%,658,30Jun2020,53,0
07-05-2020,15730.0,15300.0,15770.0,15300.0,302,3.69%,575,30Jun2020,54,0
06-05-2020,15170.0,15380.0,15410.0,14960.0,318,-2.32%,605,30Jun2020,55,0
05-05-2020,15530.0,15740.0,15750.0,15330.0,393,-2.51%,570,30Jun2020,56,0
04-05-2020,15930.0,16270.0,16270.0,15930.0,186,-3.98%,518,30Jun2020,57,0
01-05-2020,16590.0,0.0,0.0,0.0,0,1.47%,499,30Jun2020,60,1
30-04-2020,16350.0,16240.0,16390.0,16240.0,480,0.80%,4927,29May2020,29,0
29-04-2020,16220.0,16290.0,16320.0,16140.0,325,0.06%,4891,29May2020,30,0
28-04-2020,16210.0,16310.0,16310.0,16050.0,726,-1.04%,4933,29May2020,31,0
27-04-2020,16380.0,16460.0,16540.0,16310.0,497,-0.61%,4890,29May2020,32,0
24-04-2020,16480.0,16620.0,16620.0,16470.0,1099,-1.08%,4984,29May2020,35,0
23-04-2020,16660.0,16720.0,16740.0,16320.0,1787,2.46%,4456,29May2020,36,0
22-04-2020,16260.0,16160.0,16350.0,16100.0,1547,0.00%,3426,29May2020,37,0
21-04-2020,16260.0,16500.0,16570.0,16200.0,1087,-1.57%,2397,29May2020,38,0
20-04-2020,16520.0,16600.0,16600.0,16420.0,365,-1.20%,1664,29May2020,39,0
17-04-2020,16720.0,16790.0,16820.0,16680.0,213,0.12%,1417,29May2020,42,0
16-04-2020,16700.0,16720.0,16870.0,16670.0,111,0.85%,1341,29May2020,43,0
15-04-2020,16560.0,16700.0,16700.0,16550.0,223,-2.01%,1302,29May2020,44,0
13-04-2020,16900.0,16900.0,16930.0,16880.0,196,0.12%,1247,29May2020,46,0
09-04-2020,16880.0,16890.0,16970.0,16860.0,152,-0.06%,1177,29May2020,50,0
08-04-2020,16890.0,16750.0,16910.0,16750.0,264,1.20%,1143,29May2020,51,0
07-04-2020,16690.0,16560.0,16770.0,16500.0,79,1.58%,1102,29May2020,52,0
03-04-2020,16430.0,16430.0,16610.0,16400.0,80,0.55%,1089,29May2020,56,0
01-04-2020,16340.0,16350.0,16400.0,16320.0,100,0.86%,1082,29May2020,58,1
31-03-2020,16200.0,16270.0,16320.0,16080.0,1000,0.87%,5946,30Apr2020,30,0
30-03-2020,16060.0,15910.0,16620.0,15810.0,487,-0.86%,5974,30Apr2020,31,0
27-03-2020,16200.0,16620.0,16640.0,16150.0,575,-2.11%,6026,30Apr2020,34,0
26-03-2020,16550.0,16550.0,16690.0,16460.0,511,0.49%,6018,30Apr2020,35,0
25-03-2020,16470.0,16250.0,16950.0,16250.0,1566,-0.12%,6026,30Apr2020,36,0
24-03-2020,16490.0,16720.0,16880.0,15880.0,6063,-0.24%,5772,30Apr2020,37,0
23-03-2020,16530.0,16700.0,16780.0,16530.0,1078,-3.95%,4616,30Apr2020,38,0
20-03-2020,17210.0,17530.0,17650.0,17120.0,1853,-1.49%,4203,30Apr2020,41,0
19-03-2020,17470.0,17730.0,17780.0,17320.0,1392,-2.46%,3587,30Apr2020,42,0
18-03-2020,17910.0,18230.0,18310.0,17780.0,851,-1.76%,3430,30Apr2020,43,0
17-03-2020,18230.0,18180.0,18330.0,18160.0,566,0.55%,3245,30Apr2020,44,0
16-03-2020,18130.0,18300.0,18350.0,18060.0,702,-1.84%,3153,30Apr2020,45,0
13-03-2020,18470.0,18120.0,18650.0,18020.0,1106,0.60%,3016,30Apr2020,48,0
12-03-2020,18360.0,18500.0,18550.0,18290.0,732,-1.55%,2893,30Apr2020,49,0
11-03-2020,18650.0,18760.0,18840.0,18630.0,380,-0.48%,2574,30Apr2020,50,0
10-03-2020,18740.0,18630.0,18860.0,18630.0,237,0.54%,2472,30Apr2020,51,0
09-03-2020,18640.0,18480.0,18660.0,18440.0,494,-1.32%,2449,30Apr2020,52,0
06-03-2020,18890.0,18930.0,18940.0,18740.0,221,-0.68%,2356,30Apr2020,55,0
05-03-2020,19020.0,18880.0,19100.0,18870.0,508,0.79%,2356,30Apr2020,56,0
04-03-2020,18870.0,18880.0,18900.0,18790.0,446,0.21%,2261,30Apr2020,57,0
03-03-2020,18830.0,18780.0,18910.0,18720.0,564,1.51%,2193,30Apr2020,58,0
02-03-2020,18550.0,18840.0,18840.0,18340.0,507,1.92%,2194,30Apr2020,59,1
28-02-2020,18200.0,18080.0,18470.0,17850.0,3310,-1.09%,7718,31Mar2020,32,0
27-02-2020,18400.0,18850.0,18850.0,18360.0,1875,-2.75%,7766,31Mar2020,33,0
26-02-2020,18920.0,19040.0,19090.0,18860.0,1623,-1.10%,7830,31Mar2020,34,0
25-02-2020,19130.0,19140.0,19280.0,19110.0,752,0.26%,7686,31Mar2020,35,0
24-02-2020,19080.0,19350.0,19350.0,19060.0,3511,-1.70%,7544,31Mar2020,36,0
21-02-2020,19410.0,19460.0,19480.0,19400.0,266,-0.05%,5818,31Mar2020,39,0
20-02-2020,19420.0,19340.0,19480.0,19330.0,3071,0.36%,5715,31Mar2020,40,0
19-02-2020,19350.0,19470.0,19470.0,19330.0,894,-0.41%,4089,31Mar2020,41,0
18-02-2020,19430.0,19450.0,19550.0,19410.0,1592,0.05%,3464,31Mar2020,42,0
17-02-2020,19420.0,19410.0,19510.0,19370.0,539,0.26%,2551,31Mar2020,43,0
14-02-2020,19370.0,19300.0,19410.0,19250.0,414,0.05%,2388,31Mar2020,46,0
13-02-2020,19360.0,19440.0,19460.0,19300.0,305,-0.36%,2300,31Mar2020,47,0
12-02-2020,19430.0,19360.0,19480.0,19250.0,382,-0.05%,2181,31Mar2020,48,0
11-02-2020,19440.0,19290.0,19450.0,19290.0,210,0.78%,2028,31Mar2020,49,0
10-02-2020,19290.0,19280.0,19350.0,19240.0,438,-0.10%,1965,31Mar2020,50,0
07-02-2020,19310.0,19530.0,19610.0,19290.0,598,-1.58%,1771,31Mar2020,53,0
06-02-2020,19620.0,19570.0,19660.0,19550.0,278,0.26%,1583,31Mar2020,54,0
05-02-2020,19570.0,19610.0,19700.0,19540.0,327,0.15%,1540,31Mar2020,55,0
04-02-2020,19540.0,19430.0,19560.0,19380.0,539,0.51%,1480,31Mar2020,56,0
03-02-2020,19440.0,19530.0,19540.0,19130.0,635,-0.77%,1387,31Mar2020,57,0
01-02-2020,19590.0,19770.0,19770.0,19580.0,80,0.93%,1162,31Mar2020,59,1
31-01-2020,19410.0,19450.0,19520.0,19370.0,927,-0.36%,6482,28Feb2020,28,0
30-01-2020,19480.0,19460.0,19590.0,19440.0,883,-0.20%,6402,28Feb2020,29,0
29-01-2020,19520.0,19570.0,19740.0,19480.0,1557,0.15%,6371,28Feb2020,30,0
28-01-2020,19490.0,19450.0,19520.0,19430.0,767,0.36%,6170,28Feb2020,31,0
27-01-2020,19420.0,19600.0,19600.0,19220.0,2884,-1.32%,6152,28Feb2020,32,0
24-01-2020,19680.0,19820.0,19870.0,19650.0,1911,-0.61%,5292,28Feb2020,35,0
23-01-2020,19800.0,20050.0,20050.0,19780.0,1552,-1.10%,4459,28Feb2020,36,0
22-01-2020,20020.0,19850.0,20080.0,19730.0,2137,0.81%,3811,28Feb2020,37,0
21-01-2020,19860.0,19970.0,19970.0,19850.0,657,-0.70%,3138,28Feb2020,38,0
20-01-2020,20000.0,20180.0,20220.0,19980.0,792,-0.79%,3040,28Feb2020,39,0
17-01-2020,20160.0,19940.0,20180.0,19910.0,1164,1.05%,2749,28Feb2020,42,0
16-01-2020,19950.0,20070.0,20070.0,19880.0,819,-0.45%,2463,28Feb2020,43,0
15-01-2020,20040.0,20130.0,20240.0,20000.0,845,-0.89%,2247,28Feb2020,44,0
14-01-2020,20220.0,20200.0,20320.0,20090.0,453,-0.15%,1941,28Feb2020,45,0
13-01-2020,20250.0,20370.0,20430.0,20220.0,741,-0.15%,1786,28Feb2020,46,0
10-01-2020,20280.0,20150.0,20440.0,20130.0,1201,1.10%,1501,28Feb2020,49,0
09-01-2020,20060.0,20040.0,20080.0,20030.0,393,0.10%,1164,28Feb2020,50,0
08-01-2020,20040.0,19970.0,20070.0,19950.0,512,0.00%,970,28Feb2020,51,0
07-01-2020,20040.0,20070.0,20120.0,19990.0,255,0.10%,783,28Feb2020,52,0
06-01-2020,20020.0,19920.0,20030.0,19920.0,244,0.70%,685,28Feb2020,53,0
03-01-2020,19880.0,19920.0,19990.0,19820.0,207,-0.30%,547,28Feb2020,56,0
02-01-2020,19940.0,19890.0,19960.0,19850.0,249,0.45%,476,28Feb2020,57,0
01-01-2020,19850.0,19810.0,19940.0,19790.0,128,1.43%,456,28Feb2020,58,1
31-12-2019,19570.0,19530.0,19660.0,19440.0,1641,0.36%,3258,31Jan2020,31,0
30-12-2019,19500.0,19510.0,19570.0,19480.0,1174,0.21%,2861,31Jan2020,32,0
27-12-2019,19460.0,19350.0,19530.0,19350.0,1160,0.15%,2700,31Jan2020,35,0
26-12-2019,19430.0,19220.0,19470.0,19220.0,1542,0.88%,2358,31Jan2020,36,0
24-12-2019,19260.0,19390.0,19460.0,19220.0,1654,-0.67%,2163,31Jan2020,38,0
23-12-2019,19390.0,19490.0,19500.0,19250.0,1284,-0.05%,1591,31Jan2020,39,0
20-12-2019,19400.0,19290.0,19420.0,19290.0,876,0.36%,1414,31Jan2020,42,0
19-12-2019,19330.0,19280.0,19400.0,19270.0,613,0.31%,1295,31Jan2020,43,0
18-12-2019,19270.0,19350.0,19360.0,19240.0,473,-0.52%,1090,31Jan2020,44,0
17-12-2019,19370.0,19380.0,19400.0,19320.0,383,-0.26%,1015,31Jan2020,45,0
16-12-2019,19420.0,19390.0,19470.0,19350.0,473,0.26%,998,31Jan2020,46,0
13-12-2019,19370.0,19430.0,19460.0,19280.0,594,-0.05%,902,31Jan2020,49,0
12-12-2019,19380.0,19150.0,19450.0,19100.0,192,0.99%,813,31Jan2020,50,0
11-12-2019,19190.0,19180.0,19250.0,19150.0,199,-0.16%,788,31Jan2020,51,0
10-12-2019,19220.0,19300.0,19350.0,19180.0,260,-0.21%,744,31Jan2020,52,0
09-12-2019,19260.0,19390.0,19550.0,19240.0,200,-0.16%,674,31Jan2020,53,0
06-12-2019,19290.0,19210.0,19300.0,19160.0,104,0.42%,599,31Jan2020,56,0
05-12-2019,19210.0,19210.0,19290.0,19180.0,74,-0.21%,584,31Jan2020,57,0
04-12-2019,19250.0,19200.0,19280.0,19120.0,150,0.16%,565,31Jan2020,58,0
03-12-2019,19220.0,19230.0,19250.0,19200.0,61,-0.36%,477,31Jan2020,59,0
02-12-2019,19290.0,19320.0,19370.0,19240.0,101,0.73%,497,31Jan2020,60,1
29-11-2019,19150.0,19270.0,19290.0,19130.0,657,-0.52%,2196,31Dec2019,32,0
28-11-2019,19250.0,19220.0,19290.0,19180.0,457,0.05%,2261,31Dec2019,33,0
27-11-2019,19240.0,19320.0,19380.0,19190.0,665,-0.41%,2168,31Dec2019,34,0
26-11-2019,19320.0,19170.0,19390.0,19170.0,953,0.63%,2156,31Dec2019,35,0
25-11-2019,19200.0,19060.0,19220.0,18890.0,621,0.16%,2128,31Dec2019,36,0
22-11-2019,19170.0,19110.0,19240.0,19100.0,687,0.31%,2053,31Dec2019,39,0
21-11-2019,19110.0,19140.0,19190.0,19100.0,597,-0.52%,1856,31Dec2019,40,0
20-11-2019,19210.0,19150.0,19280.0,19100.0,526,0.42%,1803,31Dec2019,41,0
19-11-2019,19130.0,19130.0,19220.0,19100.0,495,0.05%,1717,31Dec2019,42,0
18-11-2019,19120.0,19240.0,19320.0,19100.0,565,-0.62%,1604,31Dec2019,43,0
15-11-2019,19240.0,19100.0,19310.0,19070.0,361,0.52%,1612,31Dec2019,46,0
14-11-2019,19140.0,19070.0,19190.0,18950.0,822,0.10%,1594,31Dec2019,47,0
13-11-2019,19120.0,18980.0,19140.0,18950.0,601,0.90%,1556,31Dec2019,48,0
12-11-2019,18950.0,18880.0,18970.0,18820.0,96,0.05%,1384,31Dec2019,49,0
11-11-2019,18940.0,19050.0,19120.0,18870.0,969,-0.89%,1387,31Dec2019,50,0
08-11-2019,19110.0,19260.0,19330.0,19060.0,360,-1.14%,1299,31Dec2019,53,0
07-11-2019,19330.0,19280.0,19370.0,19120.0,533,0.10%,1277,31Dec2019,54,0
06-11-2019,19310.0,19350.0,19380.0,19020.0,443,-0.36%,1294,31Dec2019,55,0
05-11-2019,19380.0,19410.0,19440.0,19330.0,270,-0.31%,1250,31Dec2019,56,0
04-11-2019,19440.0,19420.0,19570.0,19410.0,434,0.62%,1250,31Dec2019,57,0
01-11-2019,19320.0,19340.0,19420.0,19300.0,222,0.00%,1171,31Dec2019,60,1
31-10-2019,19320.0,19450.0,19550.0,19280.0,1226,-0.62%,2127,29Nov2019,29,0
30-10-2019,19440.0,19450.0,19480.0,19320.0,507,-0.05%,2138,29Nov2019,30,0
29-10-2019,19450.0,19330.0,19460.0,19280.0,542,0.62%,2118,29Nov2019,31,0
28-10-2019,19330.0,19310.0,19350.0,19280.0,183,0.16%,2016,29Nov2019,32,0
27-10-2019,19300.0,19130.0,19370.0,19130.0,209,0.21%,1950,29Nov2019,33,0
25-10-2019,19260.0,19260.0,19290.0,19170.0,600,0.05%,1888,29Nov2019,35,0
24-10-2019,19250.0,19260.0,19340.0,19240.0,365,0.00%,1795,29Nov2019,36,0
23-10-2019,19250.0,19160.0,19290.0,19160.0,290,-0.05%,1756,29Nov2019,37,0
22-10-2019,19260.0,19260.0,19280.0,19070.0,981,0.00%,1713,29Nov2019,38,0
21-10-2019,19260.0,19360.0,19370.0,19230.0,119,-0.47%,1686,29Nov2019,39,0
18-10-2019,19350.0,19310.0,19410.0,19300.0,365,0.47%,1655,29Nov2019,42,0
17-10-2019,19260.0,19260.0,19350.0,19230.0,389,0.05%,1563,29Nov2019,43,0
16-10-2019,19250.0,19220.0,19300.0,19200.0,290,0.21%,1482,29Nov2019,44,0
15-10-2019,19210.0,19040.0,19350.0,19040.0,477,0.47%,1417,29Nov2019,45,0
14-10-2019,19120.0,19150.0,19340.0,19100.0,498,0.26%,1371,29Nov2019,46,0
11-10-2019,19070.0,18970.0,19110.0,18930.0,131,0.16%,1267,29Nov2019,49,0
10-10-2019,19040.0,19050.0,19070.0,18950.0,98,0.05%,1224,29Nov2019,50,0
09-10-2019,19030.0,18950.0,19060.0,18870.0,259,0.37%,1227,29Nov2019,51,0
08-10-2019,18960.0,18980.0,18980.0,18910.0,47,-0.58%,1191,29Nov2019,52,0
07-10-2019,19070.0,19080.0,19140.0,19000.0,92,-0.16%,1184,29Nov2019,53,0
04-10-2019,19100.0,19120.0,19190.0,18990.0,288,-0.16%,1167,29Nov2019,56,0
03-10-2019,19130.0,19120.0,19170.0,18970.0,286,0.58%,1121,29Nov2019,57,0
01-10-2019,19020.0,19150.0,19150.0,19000.0,332,-0.78%,1106,29Nov2019,59,0
30-09-2019,19170.0,19380.0,19650.0,19080.0,591,-1.29%,1240,29Nov2019,60,0
27-09-2019,19420.0,19080.0,19670.0,19080.0,339,1.62%,1205,29Nov2019,63,0
26-09-2019,19110.0,19050.0,19160.0,19050.0,138,0.00%,1124,29Nov2019,64,0
25-09-2019,19110.0,19100.0,19200.0,19030.0,195,0.21%,1096,29Nov2019,65,0
24-09-2019,19070.0,19100.0,19130.0,19020.0,332,-0.31%,1072,29Nov2019,66,0
23-09-2019,19130.0,19150.0,19170.0,18970.0,375,-0.73%,1011,29Nov2019,67,0
20-09-2019,19270.0,19320.0,19320.0,19230.0,94,-0.05%,921,29Nov2019,70,0
19-09-2019,19280.0,19350.0,19370.0,19230.0,150,-0.10%,884,29Nov2019,71,0
18-09-2019,19300.0,19190.0,19320.0,19190.0,154,0.63%,849,29Nov2019,72,0
17-09-2019,19180.0,19450.0,19460.0,19130.0,369,-1.49%,856,29Nov2019,73,0
16-09-2019,19470.0,19390.0,19560.0,19310.0,169,-0.15%,860,29Nov2019,74,0
13-09-2019,19500.0,19490.0,19540.0,19400.0,192,0.52%,842,29Nov2019,77,0
12-09-2019,19400.0,19290.0,19420.0,19230.0,206,0.78%,865,29Nov2019,78,0
11-09-2019,19250.0,19220.0,19250.0,19180.0,137,-0.05%,900,29Nov2019,79,0
10-09-2019,19260.0,19240.0,19310.0,19210.0,84,0.57%,920,29Nov2019,80,0
09-09-2019,19150.0,19120.0,19180.0,19110.0,32,-0.31%,892,29Nov2019,81,0
06-09-2019,19210.0,19240.0,19280.0,19180.0,125,-0.10%,890,29Nov2019,84,0
05-09-2019,19230.0,19270.0,19270.0,19170.0,102,0.16%,808,29Nov2019,85,0
04-09-2019,19200.0,19120.0,19280.0,19050.0,92,0.00%,774,29Nov2019,86,0
03-09-2019,19200.0,19200.0,19300.0,19130.0,323,-0.16%,763,29Nov2019,87,0
02-09-2019,19230.0,19190.0,19290.0,19190.0,9,-1.74%,758,29Nov2019,88,1
30-08-2019,19570.0,19530.0,19660.0,19530.0,411,-0.05%,1897,31Oct2019,62,0
29-08-2019,19580.0,19620.0,19690.0,19510.0,728,-0.25%,1874,31Oct2019,63,0
28-08-2019,19630.0,19710.0,19710.0,19550.0,573,-0.61%,1760,31Oct2019,64,0
27-08-2019,19750.0,19720.0,19790.0,19610.0,483,0.66%,1729,31Oct2019,65,0
26-08-2019,19620.0,19450.0,19770.0,19450.0,939,-0.41%,1742,31Oct2019,66,0
23-08-2019,19700.0,19880.0,19890.0,19620.0,560,-1.05%,1671,31Oct2019,69,0
22-08-2019,19910.0,19860.0,19930.0,19800.0,255,0.20%,1589,31Oct2019,70,0
21-08-2019,19870.0,19830.0,19910.0,19800.0,341,0.10%,1541,31Oct2019,71,0
20-08-2019,19850.0,19750.0,19880.0,19680.0,373,0.35%,1399,31Oct2019,72,0
19-08-2019,19780.0,19840.0,19950.0,19710.0,502,-0.35%,1364,31Oct2019,73,0
16-08-2019,19850.0,19990.0,20080.0,19730.0,297,-0.20%,1206,31Oct2019,76,0
14-08-2019,19890.0,19940.0,19970.0,19860.0,194,-0.30%,1140,31Oct2019,78,0
13-08-2019,19950.0,19800.0,19970.0,19700.0,219,1.17%,1132,31Oct2019,79,0
12-08-2019,19720.0,19740.0,19760.0,19700.0,42,0.00%,1060,31Oct2019,80,0
09-08-2019,19720.0,19740.0,19780.0,19600.0,138,0.05%,1054,31Oct2019,83,0
08-08-2019,19710.0,19590.0,19760.0,19480.0,233,1.18%,1052,31Oct2019,84,0
07-08-2019,19480.0,19760.0,19880.0,19410.0,451,-0.81%,1001,31Oct2019,85,0
06-08-2019,19640.0,19420.0,19680.0,19420.0,222,1.45%,907,31Oct2019,86,0
05-08-2019,19360.0,19470.0,19470.0,19210.0,345,-1.48%,897,31Oct2019,87,0
02-08-2019,19650.0,19610.0,19700.0,19530.0,193,-0.66%,817,31Oct2019,90,0
01-08-2019,19780.0,19820.0,19840.0,19760.0,92,-4.67%,839,31Oct2019,91,1
31-07-2019,20750.0,20650.0,20810.0,20600.0,1341,0.44%,7991,30Aug2019,30,0
30-07-2019,20660.0,20820.0,20830.0,20600.0,1658,-0.96%,7596,30Aug2019,31,0
29-07-2019,20860.0,20970.0,21000.0,20810.0,1358,-1.18%,7398,30Aug2019,32,0
26-07-2019,21110.0,21260.0,21260.0,21100.0,1230,-0.57%,7244,30Aug2019,35,0
25-07-2019,21230.0,21140.0,21270.0,21070.0,1735,0.52%,7003,30Aug2019,36,0
24-07-2019,21120.0,21000.0,21180.0,20950.0,1573,0.86%,6519,30Aug2019,37,0
23-07-2019,20940.0,20770.0,21050.0,20770.0,1170,0.34%,6046,30Aug2019,38,0
22-07-2019,20870.0,21100.0,21100.0,20820.0,1583,-0.52%,5532,30Aug2019,39,0
19-07-2019,20980.0,21000.0,21050.0,20830.0,1251,0.00%,5051,30Aug2019,42,0
18-07-2019,20980.0,21050.0,21210.0,20860.0,2772,-0.29%,4635,30Aug2019,43,0
17-07-2019,21040.0,20930.0,21100.0,20830.0,1288,0.53%,3691,30Aug2019,44,0
16-07-2019,20930.0,20750.0,20960.0,20740.0,802,1.06%,3402,30Aug2019,45,0
15-07-2019,20710.0,20770.0,20830.0,20680.0,520,0.19%,3309,30Aug2019,46,0
12-07-2019,20670.0,20590.0,20680.0,20560.0,349,0.54%,3178,30Aug2019,49,0
11-07-2019,20560.0,20730.0,20800.0,20520.0,499,-0.68%,3154,30Aug2019,50,0
10-07-2019,20700.0,20570.0,20750.0,20510.0,564,1.12%,3129,30Aug2019,51,0
09-07-2019,20470.0,20700.0,20770.0,20440.0,960,-1.68%,3123,30Aug2019,52,0
08-07-2019,20820.0,20810.0,21030.0,20730.0,631,-0.05%,3088,30Aug2019,53,0
05-07-2019,20830.0,21170.0,21200.0,20760.0,589,-1.65%,2850,30Aug2019,56,0
04-07-2019,21180.0,21140.0,21260.0,21110.0,370,0.00%,2678,30Aug2019,57,0
03-07-2019,21180.0,21110.0,21210.0,21090.0,273,0.24%,2430,30Aug2019,58,0
02-07-2019,21130.0,21340.0,21400.0,21100.0,365,-1.35%,2369,30Aug2019,59,0
01-07-2019,21420.0,21540.0,21670.0,21360.0,476,-0.56%,2278,30Aug2019,60,1
28-06-2019,21540.0,21440.0,21580.0,21410.0,1155,0.19%,7763,31Jul2019,33,0
27-06-2019,21500.0,21720.0,21740.0,21430.0,1840,-1.01%,7634,31Jul2019,34,0
26-06-2019,21720.0,21360.0,21780.0,21350.0,2511,1.59%,7595,31Jul2019,35,0
25-06-2019,21380.0,21480.0,21570.0,21300.0,1520,-0.56%,7309,31Jul2019,36,0
24-06-2019,21500.0,21650.0,21650.0,21400.0,1150,-0.56%,7182,31Jul2019,37,0
21-06-2019,21620.0,21670.0,21730.0,21550.0,1508,-0.32%,7120,31Jul2019,40,0
20-06-2019,21690.0,22020.0,22020.0,21650.0,3462,-0.91%,7434,31Jul2019,41,0
19-06-2019,21890.0,21840.0,22070.0,21840.0,1564,-0.32%,7485,31Jul2019,42,0
18-06-2019,21960.0,21720.0,22030.0,21670.0,2561,0.87%,7067,31Jul2019,43,0
17-06-2019,21770.0,21630.0,21790.0,21620.0,1298,0.51%,6685,31Jul2019,44,0
14-06-2019,21660.0,21560.0,21720.0,21500.0,1215,0.23%,6466,31Jul2019,47,0
13-06-2019,21610.0,21570.0,21680.0,21460.0,1088,0.19%,6391,31Jul2019,48,0
12-06-2019,21570.0,21260.0,21630.0,21260.0,1386,1.17%,6323,31Jul2019,49,0
11-06-2019,21320.0,21350.0,21460.0,21270.0,1773,0.00%,6194,31Jul2019,50,0
10-06-2019,21320.0,21420.0,21560.0,21120.0,1237,-0.42%,5872,31Jul2019,51,0
07-06-2019,21410.0,21720.0,21830.0,21380.0,1208,-1.52%,5871,31Jul2019,54,0
06-06-2019,21740.0,21940.0,22000.0,21700.0,964,-1.45%,5622,31Jul2019,55,0
05-06-2019,22060.0,22160.0,22200.0,22000.0,454,-0.27%,5505,31Jul2019,56,0
04-06-2019,22120.0,22030.0,22170.0,21960.0,767,0.23%,5385,31Jul2019,57,0
03-06-2019,22070.0,21850.0,22120.0,21780.0,935,0.27%,5424,31Jul2019,58,1
31-05-2019,22010.0,22030.0,22100.0,21930.0,2959,-0.27%,13416,28Jun2019,28,0
30-05-2019,22070.0,21870.0,22170.0,21800.0,4134,0.46%,13944,28Jun2019,29,0
29-05-2019,21970.0,22180.0,22240.0,21920.0,3641,-0.72%,14382,28Jun2019,30,0
28-05-2019,22130.0,22220.0,22300.0,22110.0,4328,-0.45%,14316,28Jun2019,31,0
27-05-2019,22230.0,21870.0,22340.0,21840.0,6354,1.93%,13960,28Jun2019,32,0
24-05-2019,21810.0,21570.0,21850.0,21520.0,3156,0.97%,12775,28Jun2019,35,0
23-05-2019,21600.0,21380.0,21630.0,21360.0,2171,0.98%,12250,28Jun2019,36,0
22-05-2019,21390.0,21480.0,21550.0,21320.0,3203,-0.51%,11931,28Jun2019,37,0
21-05-2019,21500.0,21700.0,21740.0,21450.0,3361,-0.23%,11734,28Jun2019,38,0
20-05-2019,21550.0,21500.0,21590.0,21360.0,1991,0.19%,10112,28Jun2019,39,0
17-05-2019,21510.0,21270.0,21540.0,21250.0,2484,0.75%,9528,28Jun2019,42,0
16-05-2019,21350.0,21250.0,21400.0,21230.0,2635,0.66%,8793,28Jun2019,43,0
15-05-2019,21210.0,21260.0,21300.0,20990.0,2659,0.38%,8134,28Jun2019,44,0
14-05-2019,21130.0,20690.0,21190.0,20150.0,5776,0.71%,7508,28Jun2019,45,0
13-05-2019,20980.0,21560.0,21650.0,20980.0,2047,-3.98%,7471,28Jun2019,46,0
10-05-2019,21850.0,21840.0,21990.0,21730.0,1511,0.28%,7293,28Jun2019,49,0
09-05-2019,21790.0,22020.0,22100.0,21750.0,1763,-1.22%,6975,28Jun2019,50,0
08-05-2019,22060.0,22220.0,22220.0,22040.0,2190,-0.68%,6930,28Jun2019,51,0
07-05-2019,22210.0,22190.0,22340.0,22160.0,1392,0.50%,6370,28Jun2019,52,0
06-05-2019,22100.0,22400.0,22400.0,22060.0,1908,-1.91%,6137,28Jun2019,53,0
03-05-2019,22530.0,22530.0,22560.0,22440.0,1257,-0.09%,5297,28Jun2019,56,0
02-05-2019,22550.0,22630.0,22700.0,22520.0,1143,-0.13%,4850,28Jun2019,57,0
01-05-2019,22580.0,22610.0,22670.0,22560.0,755,0.53%,4621,28Jun2019,58,1
30-04-2019,22460.0,22420.0,22560.0,22370.0,4708,-0.09%,15878,31May2019,31,0
26-04-2019,22480.0,22450.0,22510.0,22400.0,3486,0.36%,15790,31May2019,35,0
25-04-2019,22400.0,22320.0,22450.0,22290.0,3382,0.36%,16138,31May2019,36,0
24-04-2019,22320.0,22280.0,22420.0,22210.0,4027,-0.04%,15402,31May2019,37,0
23-04-2019,22330.0,22480.0,22500.0,22230.0,5738,-0.53%,14096,31May2019,38,0
22-04-2019,22450.0,22480.0,22560.0,22410.0,4267,0.00%,12022,31May2019,39,0
18-04-2019,22450.0,22560.0,22610.0,22440.0,2720,-0.66%,10251,31May2019,43,0
17-04-2019,22600.0,22600.0,22640.0,22450.0,1241,0.36%,9372,31May2019,44,0
16-04-2019,22520.0,22450.0,22570.0,22360.0,2731,0.58%,8953,31May2019,45,0
15-04-2019,22390.0,22610.0,22730.0,22330.0,3745,-0.75%,8582,31May2019,46,0
12-04-2019,22560.0,22240.0,22620.0,22220.0,3118,1.35%,7047,31May2019,49,0
11-04-2019,22260.0,22280.0,22360.0,22170.0,2155,0.13%,5662,31May2019,50,0
10-04-2019,22230.0,22400.0,22480.0,22200.0,2062,-0.76%,5427,31May2019,51,0
09-04-2019,22400.0,22570.0,22620.0,22360.0,2206,-0.53%,5031,31May2019,52,0
08-04-2019,22520.0,22660.0,22790.0,22390.0,2789,-0.49%,4466,31May2019,53,0
05-04-2019,22630.0,22430.0,22660.0,22430.0,2166,1.03%,3648,31May2019,56,0
04-04-2019,22400.0,22210.0,22430.0,22210.0,1232,0.95%,3298,31May2019,57,0
03-04-2019,22190.0,22130.0,22270.0,22130.0,1254,0.73%,2988,31May2019,58,0
02-04-2019,22030.0,21980.0,22130.0,21950.0,875,-0.18%,2706,31May2019,59,0
01-04-2019,22070.0,21790.0,22110.0,21770.0,634,2.70%,2484,31May2019,60,1
29-03-2019,21490.0,21300.0,21540.0,21170.0,3627,0.84%,15573,30Apr2019,32,0
28-03-2019,21310.0,21520.0,21560.0,21240.0,4775,-1.34%,15265,30Apr2019,33,0
27-03-2019,21600.0,21690.0,21730.0,21560.0,2814,-0.37%,15620,30Apr2019,34,0
26-03-2019,21680.0,21680.0,21820.0,21640.0,4365,0.23%,15288,30Apr2019,35,0
25-03-2019,21630.0,21740.0,21770.0,21570.0,6462,-0.28%,14539,30Apr2019,36,0
22-03-2019,21690.0,21790.0,21820.0,21670.0,3559,0.37%,12031,30Apr2019,39,0
21-03-2019,21610.0,21590.0,21640.0,21560.0,300,0.37%,10612,30Apr2019,40,0
20-03-2019,21530.0,21470.0,21580.0,21450.0,1695,0.23%,10494,30Apr2019,41,0
19-03-2019,21480.0,21600.0,21640.0,21450.0,3230,-0.46%,10058,30Apr2019,42,0
18-03-2019,21580.0,21510.0,21780.0,21510.0,4594,0.51%,9129,30Apr2019,43,0
15-03-2019,21470.0,21340.0,21480.0,21300.0,1131,0.70%,7416,30Apr2019,46,0
14-03-2019,21320.0,21530.0,21540.0,21250.0,2637,-0.88%,7256,30Apr2019,47,0
13-03-2019,21510.0,21340.0,21540.0,21320.0,2654,0.94%,6752,30Apr2019,48,0
12-03-2019,21310.0,21170.0,21340.0,21030.0,2323,0.38%,6092,30Apr2019,49,0
11-03-2019,21230.0,21040.0,21280.0,21010.0,3281,1.10%,5624,30Apr2019,50,0
08-03-2019,21000.0,21100.0,21150.0,20970.0,1409,-0.47%,4295,30Apr2019,53,0
07-03-2019,21100.0,21270.0,21340.0,21090.0,1586,-0.75%,3834,30Apr2019,54,0
06-03-2019,21260.0,21170.0,21280.0,21150.0,1551,0.71%,3601,30Apr2019,55,0
05-03-2019,21110.0,21080.0,21140.0,21010.0,876,0.00%,3238,30Apr2019,56,0
04-03-2019,21110.0,21000.0,21160.0,21000.0,760,0.96%,2880,30Apr2019,57,0
01-03-2019,20910.0,20750.0,20930.0,20730.0,733,2.25%,2683,30Apr2019,60,1
28-02-2019,20450.0,20490.0,20560.0,20390.0,2397,-0.15%,12967,29Mar2019,29,0
27-02-2019,20480.0,20500.0,20540.0,20410.0,2162,0.00%,12459,29Mar2019,30,0
26-02-2019,20480.0,20580.0,20620.0,20450.0,2746,-0.73%,11931,29Mar2019,31,0
25-02-2019,20630.0,20530.0,20670.0,20490.0,3296,0.63%,11698,29Mar2019,32,0
22-02-2019,20500.0,20590.0,20920.0,20470.0,8456,-0.19%,10835,29Mar2019,35,0
21-02-2019,20540.0,20350.0,20580.0,20290.0,3429,0.83%,8997,29Mar2019,36,0
20-02-2019,20370.0,20390.0,20470.0,20350.0,2606,-0.10%,7773,29Mar2019,37,0
19-02-2019,20390.0,20440.0,20470.0,20360.0,2043,0.44%,6788,29Mar2019,38,0
18-02-2019,20300.0,20500.0,20500.0,20260.0,1558,-0.59%,6052,29Mar2019,39,0
15-02-2019,20420.0,20510.0,20570.0,20360.0,1258,-0.15%,5555,29Mar2019,42,0
14-02-2019,20450.0,20470.0,20590.0,20430.0,1797,0.10%,5226,29Mar2019,43,0
13-02-2019,20430.0,20450.0,20490.0,20200.0,1947,-0.54%,4479,29Mar2019,44,0
12-02-2019,20540.0,20710.0,20710.0,20500.0,1152,-1.25%,3771,29Mar2019,45,0
11-02-2019,20800.0,20840.0,21030.0,20770.0,1113,-0.29%,3456,29Mar2019,46,0
08-02-2019,20860.0,20900.0,20930.0,20830.0,367,-0.57%,2965,29Mar2019,49,0
07-02-2019,20980.0,20980.0,21020.0,20930.0,271,-0.05%,2823,29Mar2019,50,0
06-02-2019,20990.0,20900.0,21020.0,20850.0,656,0.77%,2748,29Mar2019,51,0
05-02-2019,20830.0,20900.0,20940.0,20820.0,416,-0.24%,2546,29Mar2019,52,0
04-02-2019,20880.0,21120.0,21120.0,20840.0,594,-1.46%,2421,29Mar2019,53,0
01-02-2019,21190.0,21230.0,21230.0,21130.0,238,1.00%,2272,29Mar2019,56,1
31-01-2019,20980.0,20970.0,21070.0,20850.0,2472,-0.05%,10266,28Feb2019,28,0
30-01-2019,20990.0,20900.0,21070.0,20890.0,2471,0.14%,9739,28Feb2019,29,0
29-01-2019,20960.0,20850.0,20990.0,20820.0,1894,0.48%,9142,28Feb2019,30,0
28-01-2019,20860.0,20850.0,20990.0,20800.0,1883,-0.29%,8580,28Feb2019,31,0
25-01-2019,20920.0,20940.0,21080.0,20850.0,2422,-0.10%,8043,28Feb2019,34,0
24-01-2019,20940.0,21010.0,21090.0,20910.0,2894,-0.24%,7525,28Feb2019,35,0
23-01-2019,20990.0,21090.0,21120.0,20950.0,2521,-0.38%,6501,28Feb2019,36,0
22-01-2019,21070.0,21240.0,21270.0,21050.0,1683,-0.75%,5444,28Feb2019,37,0
21-01-2019,21230.0,21230.0,21280.0,21160.0,1835,0.09%,4823,28Feb2019,38,0
18-01-2019,21210.0,21210.0,21280.0,21160.0,1333,0.19%,4110,28Feb2019,41,0
17-01-2019,21170.0,21230.0,21300.0,21130.0,1164,-0.14%,3773,28Feb2019,42,0
16-01-2019,21200.0,20990.0,21230.0,20960.0,924,0.90%,3488,28Feb2019,43,0
15-01-2019,21010.0,21000.0,21110.0,20960.0,525,0.05%,3229,28Feb2019,44,0
14-01-2019,21000.0,20950.0,21060.0,20800.0,951,0.24%,3187,28Feb2019,45,0
11-01-2019,20950.0,21070.0,21130.0,20920.0,534,-0.33%,3025,28Feb2019,48,0
10-01-2019,21020.0,21240.0,21300.0,20990.0,543,-0.76%,2896,28Feb2019,49,0
09-01-2019,21180.0,21080.0,21200.0,21010.0,993,0.24%,2713,28Feb2019,50,0
08-01-2019,21130.0,21190.0,21240.0,21060.0,388,-0.24%,2583,28Feb2019,51,0
07-01-2019,21180.0,21420.0,21480.0,21120.0,574,-0.61%,2552,28Feb2019,52,0
04-01-2019,21310.0,21280.0,21350.0,21280.0,346,0.19%,2501,28Feb2019,55,0
03-01-2019,21270.0,21130.0,21370.0,21110.0,569,0.24%,2403,28Feb2019,56,0
02-01-2019,21220.0,21340.0,21370.0,21200.0,435,-0.61%,2226,28Feb2019,57,0
01-01-2019,21350.0,21340.0,21390.0,21320.0,141,1.23%,2088,28Feb2019,58,1
31-12-2018,21090.0,21020.0,21180.0,21020.0,2197,0.48%,8083,31Jan2019,31,0
28-12-2018,20990.0,20920.0,21040.0,20880.0,2031,0.19%,7949,31Jan2019,34,0
27-12-2018,20950.0,21050.0,21220.0,20910.0,3019,-0.05%,7704,31Jan2019,35,0
26-12-2018,20960.0,20900.0,21040.0,20710.0,3365,0.10%,7268,31Jan2019,36,0
24-12-2018,20940.0,21040.0,21170.0,20610.0,5008,-0.57%,6506,31Jan2019,38,0
21-12-2018,21060.0,21440.0,21460.0,21040.0,4585,-2.00%,5028,31Jan2019,41,0
20-12-2018,21490.0,21680.0,21740.0,21460.0,3390,-1.24%,4028,31Jan2019,42,0
19-12-2018,21760.0,21760.0,21850.0,21720.0,1006,-0.18%,3373,31Jan2019,43,0
18-12-2018,21800.0,21950.0,21990.0,21760.0,2058,-0.91%,3158,31Jan2019,44,0
17-12-2018,22000.0,22090.0,22230.0,21970.0,1973,-0.68%,3183,31Jan2019,45,0
14-12-2018,22150.0,22020.0,22240.0,22000.0,1384,0.36%,2904,31Jan2019,48,0
13-12-2018,22070.0,22270.0,22340.0,22050.0,1173,-1.08%,2506,31Jan2019,49,0
12-12-2018,22310.0,22420.0,22460.0,22290.0,776,-0.67%,2328,31Jan2019,50,0
11-12-2018,22460.0,22440.0,22540.0,22320.0,991,0.13%,2218,31Jan2019,51,0
10-12-2018,22430.0,22220.0,22500.0,22200.0,1056,1.36%,2024,31Jan2019,52,0
07-12-2018,22130.0,21950.0,22230.0,21940.0,575,0.45%,1771,31Jan2019,55,0
06-12-2018,22030.0,22160.0,22240.0,21980.0,889,-0.72%,1695,31Jan2019,56,0
05-12-2018,22190.0,22120.0,22220.0,22060.0,555,0.27%,1548,31Jan2019,57,0
04-12-2018,22130.0,22060.0,22230.0,22060.0,756,-0.76%,1490,31Jan2019,58,0
03-12-2018,22300.0,22160.0,22310.0,22050.0,1275,3.62%,1391,31Jan2019,59,1
30-11-2018,21520.0,21630.0,21690.0,21500.0,1355,-0.60%,6570,31Dec2018,31,0
29-11-2018,21650.0,21800.0,21800.0,21570.0,1837,-0.60%,6643,31Dec2018,32,0
28-11-2018,21780.0,21820.0,21830.0,21640.0,1466,-0.09%,6846,31Dec2018,33,0
27-11-2018,21800.0,21720.0,21870.0,21640.0,2390,0.41%,6780,31Dec2018,34,0
26-11-2018,21710.0,21670.0,21810.0,21500.0,2364,-0.18%,6384,31Dec2018,35,0
23-11-2018,21750.0,21930.0,21960.0,21710.0,673,-0.78%,6093,31Dec2018,38,0
22-11-2018,21920.0,22000.0,22010.0,21860.0,799,-0.36%,6149,31Dec2018,39,0
21-11-2018,22000.0,21760.0,22080.0,21720.0,1343,0.82%,6052,31Dec2018,40,0
20-11-2018,21820.0,22020.0,22190.0,21800.0,1998,-1.04%,6075,31Dec2018,41,0
19-11-2018,22050.0,22410.0,22470.0,22010.0,2152,-1.69%,5886,31Dec2018,42,0
16-11-2018,22430.0,22490.0,22560.0,22350.0,1539,-0.27%,5554,31Dec2018,45,0
15-11-2018,22490.0,22510.0,22550.0,22470.0,976,-0.04%,5410,31Dec2018,46,0
14-11-2018,22500.0,22500.0,22540.0,22420.0,1327,0.00%,5287,31Dec2018,47,0
13-11-2018,22500.0,22550.0,22630.0,22470.0,1019,-0.35%,5061,31Dec2018,48,0
12-11-2018,22580.0,22580.0,22790.0,22500.0,1686,0.40%,4952,31Dec2018,49,0
09-11-2018,22490.0,22550.0,22700.0,22460.0,896,-0.35%,4750,31Dec2018,52,0
08-11-2018,22570.0,22500.0,22590.0,22490.0,239,0.53%,4762,31Dec2018,53,0
07-11-2018,22450.0,22350.0,22520.0,22350.0,428,0.36%,4676,31Dec2018,54,0
06-11-2018,22370.0,22450.0,22640.0,22350.0,779,-0.67%,4592,31Dec2018,55,0
05-11-2018,22520.0,22520.0,22590.0,22400.0,1002,-0.09%,4637,31Dec2018,56,0
02-11-2018,22540.0,22620.0,22790.0,22500.0,1046,-0.70%,4828,31Dec2018,59,0
01-11-2018,22700.0,22340.0,22790.0,22260.0,1134,2.02%,4793,31Dec2018,60,1
31-10-2018,22250.0,22420.0,22500.0,22230.0,1591,-0.63%,4104,30Nov2018,30,0
30-10-2018,22390.0,22400.0,22520.0,22370.0,1154,-0.27%,4100,30Nov2018,31,0
29-10-2018,22450.0,22740.0,22770.0,22400.0,1896,-1.06%,4129,30Nov2018,32,0
26-10-2018,22690.0,22600.0,22820.0,22600.0,1593,0.31%,4207,30Nov2018,35,0
25-10-2018,22620.0,22660.0,22740.0,22560.0,2012,-0.79%,4066,30Nov2018,36,0
24-10-2018,22800.0,22680.0,22930.0,22630.0,2072,0.40%,3879,30Nov2018,37,0
23-10-2018,22710.0,22940.0,23000.0,22680.0,2241,-0.79%,3845,30Nov2018,38,0
22-10-2018,22890.0,22610.0,22930.0,22590.0,1560,1.64%,3785,30Nov2018,39,0
19-10-2018,22520.0,22540.0,22740.0,22480.0,990,0.04%,3695,30Nov2018,42,0
18-10-2018,22510.0,22210.0,22550.0,22210.0,438,0.54%,3598,30Nov2018,43,0
17-10-2018,22390.0,22650.0,22680.0,22360.0,1168,-1.24%,3568,30Nov2018,44,0
16-10-2018,22670.0,22860.0,22860.0,22630.0,1104,-0.83%,3682,30Nov2018,45,0
15-10-2018,22860.0,22980.0,23060.0,22750.0,1476,0.13%,3757,30Nov2018,46,0
12-10-2018,22830.0,22400.0,22920.0,22380.0,1895,2.15%,3662,30Nov2018,49,0
11-10-2018,22350.0,22310.0,22400.0,22300.0,415,0.00%,3511,30Nov2018,50,0
10-10-2018,22350.0,22300.0,22410.0,22260.0,462,0.04%,3470,30Nov2018,51,0
09-10-2018,22340.0,22360.0,22490.0,22310.0,997,0.27%,3435,30Nov2018,52,0
08-10-2018,22280.0,22320.0,22380.0,22240.0,974,0.41%,3532,30Nov2018,53,0
05-10-2018,22190.0,21930.0,22230.0,21930.0,597,1.05%,3509,30Nov2018,56,0
04-10-2018,21960.0,22130.0,22160.0,21880.0,560,-0.50%,3471,30Nov2018,57,0
03-10-2018,22070.0,21950.0,22100.0,21950.0,683,0.55%,3431,30Nov2018,58,0
01-10-2018,21950.0,21800.0,21990.0,21730.0,710,0.37%,3516,30Nov2018,60,0
28-09-2018,21870.0,22050.0,22050.0,21790.0,653,-0.77%,3373,30Nov2018,63,0
27-09-2018,22040.0,22210.0,22230.0,22010.0,780,-0.94%,3325,30Nov2018,64,0
26-09-2018,22250.0,22280.0,22350.0,22200.0,452,-0.09%,3298,30Nov2018,65,0
25-09-2018,22270.0,22220.0,22330.0,22150.0,525,0.00%,3236,30Nov2018,66,0
24-09-2018,22270.0,22360.0,22430.0,22240.0,378,-0.09%,3216,30Nov2018,67,0
21-09-2018,22290.0,22260.0,22330.0,22160.0,490,0.22%,3189,30Nov2018,70,0
20-09-2018,22240.0,22280.0,22300.0,22200.0,353,-0.27%,2988,30Nov2018,71,0
19-09-2018,22300.0,22280.0,22440.0,22220.0,749,-0.31%,2883,30Nov2018,72,0
18-09-2018,22370.0,22560.0,22590.0,22350.0,875,-0.93%,2731,30Nov2018,73,0
17-09-2018,22580.0,22540.0,22610.0,22430.0,1083,0.13%,2731,30Nov2018,74,0
14-09-2018,22550.0,22560.0,22580.0,22500.0,650,-0.22%,2529,30Nov2018,77,0
13-09-2018,22600.0,22700.0,22700.0,22580.0,291,-0.83%,2504,30Nov2018,78,0
12-09-2018,22790.0,22810.0,22860.0,22760.0,160,-0.13%,2573,30Nov2018,79,0
11-09-2018,22820.0,22900.0,22990.0,22760.0,742,-0.48%,2578,30Nov2018,80,0
10-09-2018,22930.0,22810.0,22950.0,22710.0,732,0.79%,2481,30Nov2018,81,0
07-09-2018,22750.0,22510.0,22780.0,22390.0,439,0.84%,2374,30Nov2018,84,0
06-09-2018,22560.0,22560.0,22600.0,22540.0,180,-0.13%,2353,30Nov2018,85,0
05-09-2018,22590.0,22500.0,22690.0,22470.0,618,0.71%,2406,30Nov2018,86,0
04-09-2018,22430.0,22470.0,22530.0,22350.0,627,-0.04%,2342,30Nov2018,87,0
03-09-2018,22440.0,22450.0,22450.0,22350.0,549,-0.22%,2292,30Nov2018,88,0
31-08-2018,22490.0,22540.0,22570.0,22420.0,453,-0.18%,2243,30Nov2018,91,0
30-08-2018,22530.0,22600.0,22660.0,22470.0,399,-0.44%,2142,30Nov2018,92,0
29-08-2018,22630.0,22750.0,22820.0,22550.0,307,-0.48%,2076,30Nov2018,93,0
28-08-2018,22740.0,22620.0,22800.0,22590.0,444,0.44%,2019,30Nov2018,94,0
27-08-2018,22640.0,22800.0,22800.0,22520.0,719,-0.83%,1922,30Nov2018,95,0
24-08-2018,22830.0,22770.0,22850.0,22700.0,529,0.31%,1882,30Nov2018,98,0
23-08-2018,22760.0,22750.0,22770.0,22690.0,294,-0.31%,1921,30Nov2018,99,0
22-08-2018,22830.0,22900.0,22900.0,22770.0,51,-0.44%,1929,30Nov2018,100,0
21-08-2018,22930.0,23000.0,23030.0,22910.0,319,-0.13%,1924,30Nov2018,101,0
20-08-2018,22960.0,22940.0,23040.0,22850.0,284,0.44%,1969,30Nov2018,102,0
17-08-2018,22860.0,23040.0,23070.0,22750.0,574,-1.12%,2081,30Nov2018,105,0
16-08-2018,23120.0,23150.0,23150.0,22940.0,555,-0.64%,2341,30Nov2018,106,0
14-08-2018,23270.0,23300.0,23370.0,23140.0,336,-0.09%,2375,30Nov2018,108,0
13-08-2018,23290.0,23550.0,23600.0,23260.0,563,-1.73%,2399,30Nov2018,109,0
10-08-2018,23700.0,23550.0,23780.0,23550.0,378,0.68%,2456,30Nov2018,112,0
09-08-2018,23540.0,23480.0,23610.0,23480.0,214,-0.13%,2488,30Nov2018,113,0
08-08-2018,23570.0,23570.0,23610.0,23540.0,148,0.08%,2495,30Nov2018,114,0
07-08-2018,23550.0,23590.0,23700.0,23500.0,176,0.34%,2493,30Nov2018,115,0
06-08-2018,23470.0,23350.0,23530.0,23260.0,101,0.43%,2542,30Nov2018,116,0
03-08-2018,23370.0,23650.0,23670.0,23350.0,282,-0.97%,2543,30Nov2018,119,0
02-08-2018,23600.0,23550.0,23660.0,23550.0,461,-0.30%,2559,30Nov2018,120,0
01-08-2018,23670.0,23560.0,23770.0,23520.0,230,-1.87%,2758,30Nov2018,121,1
31-07-2018,24120.0,23920.0,24160.0,23890.0,1837,0.71%,3895,31Oct2018,92,0
30-07-2018,23950.0,23560.0,23990.0,23560.0,1389,1.35%,3692,31Oct2018,93,0
27-07-2018,23630.0,23460.0,23650.0,23460.0,512,0.47%,3326,31Oct2018,96,0
26-07-2018,23520.0,23620.0,23640.0,23460.0,638,-0.30%,3201,31Oct2018,97,0
25-07-2018,23590.0,23530.0,23670.0,23460.0,1416,0.81%,3126,31Oct2018,98,0
24-07-2018,23400.0,23310.0,23500.0,23310.0,841,0.09%,2952,31Oct2018,99,0
23-07-2018,23380.0,23540.0,23540.0,23330.0,852,-0.93%,2801,31Oct2018,100,0
20-07-2018,23600.0,23700.0,23800.0,23440.0,817,-0.55%,2611,31Oct2018,103,0
19-07-2018,23730.0,23870.0,23940.0,23650.0,787,-0.75%,2293,31Oct2018,104,0
18-07-2018,23910.0,23820.0,23940.0,23720.0,616,0.50%,2158,31Oct2018,105,0
17-07-2018,23790.0,23540.0,23830.0,23520.0,831,0.63%,1923,31Oct2018,106,0
16-07-2018,23640.0,23960.0,23970.0,23600.0,378,-1.21%,1767,31Oct2018,107,0
13-07-2018,23930.0,23970.0,24010.0,23770.0,420,1.10%,1705,31Oct2018,110,0
12-07-2018,23670.0,23440.0,23780.0,23400.0,582,0.94%,1598,31Oct2018,111,0
11-07-2018,23450.0,23370.0,23560.0,23310.0,328,-0.17%,1576,31Oct2018,112,0
10-07-2018,23490.0,23470.0,23560.0,23400.0,332,0.04%,1564,31Oct2018,113,0
09-07-2018,23480.0,23330.0,23540.0,23260.0,435,1.12%,1512,31Oct2018,114,0
06-07-2018,23220.0,22990.0,23250.0,22930.0,216,1.09%,1589,31Oct2018,117,0
05-07-2018,22970.0,22870.0,23190.0,22820.0,280,0.26%,1582,31Oct2018,118,0
04-07-2018,22910.0,22680.0,22940.0,22680.0,202,0.97%,1605,31Oct2018,119,0
03-07-2018,22690.0,22710.0,22750.0,22580.0,121,-0.53%,1577,31Oct2018,120,0
02-07-2018,22810.0,22950.0,22980.0,22800.0,75,2.06%,1564,31Oct2018,121,1
29-06-2018,22350.0,22190.0,22380.0,22120.0,1716,0.72%,7606,31Jul2018,32,0
28-06-2018,22190.0,22280.0,22370.0,22150.0,1244,-0.31%,7402,31Jul2018,33,0
27-06-2018,22260.0,22480.0,22480.0,22100.0,1316,0.36%,7227,31Jul2018,34,0
26-06-2018,22180.0,22160.0,22340.0,21930.0,1683,-0.72%,6927,31Jul2018,35,0
25-06-2018,22340.0,22500.0,22690.0,22300.0,2609,-0.09%,6564,31Jul2018,36,0
22-06-2018,22360.0,22200.0,22380.0,22120.0,1855,0.49%,6127,31Jul2018,39,0
21-06-2018,22250.0,22480.0,22490.0,22060.0,2465,-0.67%,5499,31Jul2018,40,0
20-06-2018,22400.0,22170.0,22560.0,22170.0,2376,1.13%,4861,31Jul2018,41,0
19-06-2018,22150.0,22750.0,22750.0,22100.0,2760,-2.29%,4499,31Jul2018,42,0
18-06-2018,22670.0,23210.0,23210.0,22560.0,2292,-2.41%,3837,31Jul2018,43,0
15-06-2018,23230.0,23220.0,23450.0,23200.0,1757,-0.85%,4040,31Jul2018,46,0
14-06-2018,23430.0,23430.0,23580.0,23230.0,2668,0.56%,3714,31Jul2018,47,0
13-06-2018,23300.0,23440.0,23520.0,23190.0,1140,-0.17%,2992,31Jul2018,48,0
12-06-2018,23340.0,23220.0,23380.0,23130.0,855,0.39%,2830,31Jul2018,49,0
11-06-2018,23250.0,23500.0,23610.0,23110.0,1223,-0.77%,2586,31Jul2018,50,0
08-06-2018,23430.0,23190.0,23450.0,23020.0,1347,1.91%,2367,31Jul2018,53,0
07-06-2018,22990.0,22650.0,23070.0,22650.0,825,1.19%,2047,31Jul2018,54,0
06-06-2018,22720.0,22430.0,22780.0,22230.0,896,0.93%,2101,31Jul2018,55,0
05-06-2018,22510.0,22540.0,22570.0,22400.0,859,-1.01%,1801,31Jul2018,56,0
04-06-2018,22740.0,22800.0,22910.0,22680.0,627,0.40%,1778,31Jul2018,57,0
01-06-2018,22650.0,22300.0,22840.0,22250.0,1393,2.67%,1576,31Jul2018,60,1
31-05-2018,22060.0,22080.0,22170.0,21860.0,2020,-0.50%,7617,29Jun2018,29,0
30-05-2018,22170.0,22500.0,22630.0,21800.0,5074,-0.85%,7643,29Jun2018,30,0
29-05-2018,22360.0,21720.0,22390.0,21720.0,3429,3.86%,8129,29Jun2018,31,0
28-05-2018,21530.0,21480.0,21600.0,21370.0,2271,0.42%,8025,29Jun2018,32,0
25-05-2018,21440.0,21340.0,21500.0,21320.0,2888,0.56%,7802,29Jun2018,35,0
24-05-2018,21320.0,21200.0,21340.0,21150.0,1430,0.42%,6885,29Jun2018,36,0
23-05-2018,21230.0,21030.0,21260.0,21010.0,1759,0.71%,6493,29Jun2018,37,0
22-05-2018,21080.0,21400.0,21420.0,20970.0,2628,-1.22%,5968,29Jun2018,38,0
21-05-2018,21340.0,21290.0,21390.0,21280.0,3051,0.61%,5558,29Jun2018,39,0
18-05-2018,21210.0,21050.0,21240.0,21030.0,2645,1.00%,4232,29Jun2018,42,0
17-05-2018,21000.0,21060.0,21060.0,20910.0,898,0.05%,2940,29Jun2018,43,0
16-05-2018,20990.0,20990.0,21100.0,20940.0,1508,0.43%,2519,29Jun2018,44,0
15-05-2018,20900.0,20750.0,20920.0,20630.0,1033,0.58%,2031,29Jun2018,45,0
14-05-2018,20780.0,20900.0,20920.0,20640.0,916,-0.57%,1575,29Jun2018,46,0
11-05-2018,20900.0,20990.0,20990.0,20880.0,566,-0.38%,1206,29Jun2018,49,0
10-05-2018,20980.0,21080.0,21120.0,20960.0,401,-0.43%,1156,29Jun2018,50,0
09-05-2018,21070.0,21040.0,21120.0,21040.0,119,0.00%,1082,29Jun2018,51,0
08-05-2018,21070.0,21160.0,21160.0,21060.0,267,-0.61%,1068,29Jun2018,52,0
07-05-2018,21200.0,21240.0,21300.0,21150.0,263,0.81%,964,29Jun2018,53,0
04-05-2018,21030.0,21050.0,21060.0,21010.0,105,-0.05%,921,29Jun2018,56,0
03-05-2018,21040.0,21100.0,21130.0,21020.0,401,-0.38%,921,29Jun2018,57,0
02-05-2018,21120.0,21050.0,21190.0,20980.0,426,0.28%,794,29Jun2018,58,0
01-05-2018,21060.0,20940.0,21130.0,20930.0,155,1.64%,696,29Jun2018,59,1
30-04-2018,20720.0,20870.0,20870.0,20650.0,1396,-0.67%,8817,31May2018,31,0
27-04-2018,20860.0,20850.0,20890.0,20820.0,941,-0.14%,8662,31May2018,34,0
26-04-2018,20890.0,20800.0,20990.0,20610.0,1903,-0.05%,8420,31May2018,35,0
25-04-2018,20900.0,20740.0,20950.0,20660.0,3259,0.43%,7818,31May2018,36,0
24-04-2018,20810.0,21100.0,21100.0,20800.0,2281,-1.61%,6985,31May2018,37,0
23-04-2018,21150.0,21160.0,21250.0,21110.0,2262,0.14%,6507,31May2018,38,0
20-04-2018,21120.0,20960.0,21190.0,20920.0,2049,0.96%,5789,31May2018,41,0
19-04-2018,20920.0,20880.0,20930.0,20840.0,799,-0.10%,5142,31May2018,42,0
18-04-2018,20940.0,21070.0,21130.0,20830.0,1759,-0.48%,4749,31May2018,43,0
17-04-2018,21040.0,21200.0,21260.0,21010.0,1193,-0.80%,4073,31May2018,44,0
16-04-2018,21210.0,21130.0,21270.0,21110.0,1512,0.19%,3536,31May2018,45,0
13-04-2018,21170.0,21140.0,21230.0,21080.0,916,0.43%,2632,31May2018,48,0
12-04-2018,21080.0,21070.0,21180.0,21040.0,1546,0.09%,2372,31May2018,49,0
11-04-2018,21060.0,21000.0,21070.0,20940.0,896,0.24%,2114,31May2018,50,0
10-04-2018,21010.0,20920.0,21060.0,20860.0,664,0.43%,1588,31May2018,51,0
09-04-2018,20920.0,20940.0,20950.0,20790.0,302,0.19%,1370,31May2018,52,0
06-04-2018,20880.0,20900.0,20950.0,20780.0,288,0.58%,1297,31May2018,55,0
05-04-2018,20760.0,20620.0,20780.0,20590.0,444,0.73%,1302,31May2018,56,0
04-04-2018,20610.0,20920.0,20960.0,20440.0,1163,-1.29%,1212,31May2018,57,0
03-04-2018,20880.0,20860.0,20930.0,20810.0,161,-0.05%,1064,31May2018,58,0
02-04-2018,20890.0,20890.0,20960.0,20830.0,352,2.25%,997,31May2018,59,1
29-03-2018,20430.0,20470.0,20500.0,20420.0,324,-0.10%,7635,30Apr2018,32,0
28-03-2018,20450.0,20370.0,20610.0,20370.0,1835,-0.34%,7522,30Apr2018,33,0
27-03-2018,20520.0,20450.0,20620.0,20400.0,2817,0.44%,7415,30Apr2018,34,0
26-03-2018,20430.0,20300.0,20440.0,20240.0,3297,0.49%,6996,30Apr2018,35,0
23-03-2018,20330.0,20450.0,20510.0,20310.0,2760,-0.59%,5968,30Apr2018,38,0
22-03-2018,20450.0,20580.0,20590.0,20440.0,2208,-0.97%,5408,30Apr2018,39,0
21-03-2018,20650.0,20530.0,20680.0,20480.0,2451,1.03%,5022,30Apr2018,40,0
20-03-2018,20440.0,20320.0,20530.0,20140.0,2055,0.59%,4084,30Apr2018,41,0
19-03-2018,20320.0,20570.0,20660.0,20270.0,1922,-1.50%,3591,30Apr2018,42,0
16-03-2018,20630.0,20700.0,20800.0,20610.0,1631,-0.43%,3111,30Apr2018,45,0
15-03-2018,20720.0,20840.0,20890.0,20680.0,1271,-0.38%,2570,30Apr2018,46,0
14-03-2018,20800.0,20980.0,21000.0,20770.0,1589,-0.62%,2197,30Apr2018,47,0
13-03-2018,20930.0,20910.0,21010.0,20780.0,704,0.19%,1641,30Apr2018,48,0
12-03-2018,20890.0,21160.0,21240.0,20850.0,477,-1.42%,1537,30Apr2018,49,0
09-03-2018,21190.0,21150.0,21270.0,21120.0,485,-0.05%,1493,30Apr2018,52,0
08-03-2018,21200.0,21000.0,21230.0,20990.0,681,1.19%,1443,30Apr2018,53,0
07-03-2018,20950.0,20930.0,21040.0,20860.0,964,-0.66%,1288,30Apr2018,54,0
06-03-2018,21090.0,21400.0,21480.0,21000.0,1049,-0.14%,1459,30Apr2018,55,0
05-03-2018,21120.0,20980.0,21200.0,20920.0,767,1.00%,1265,30Apr2018,56,0
02-03-2018,20910.0,20890.0,20960.0,20880.0,89,0.38%,928,30Apr2018,59,0
01-03-2018,20830.0,20900.0,21080.0,20800.0,462,0.92%,864,30Apr2018,60,1
28-02-2018,20640.0,20450.0,20690.0,20440.0,4178,1.13%,7544,30Mar2018,30,0
27-02-2018,20410.0,20530.0,20590.0,20360.0,3715,-0.54%,7111,30Mar2018,31,0
26-02-2018,20520.0,20390.0,20630.0,20370.0,4398,1.08%,7349,30Mar2018,32,0
23-02-2018,20300.0,20360.0,20370.0,20150.0,3709,-0.15%,7000,30Mar2018,35,0
22-02-2018,20330.0,20290.0,20420.0,20290.0,4575,0.25%,6450,30Mar2018,36,0
21-02-2018,20280.0,20280.0,20470.0,20200.0,4365,0.55%,5871,30Mar2018,37,0
20-02-2018,20170.0,19770.0,20270.0,19740.0,3301,2.39%,5639,30Mar2018,38,0
19-02-2018,19700.0,19820.0,19850.0,19660.0,2866,-0.35%,4733,30Mar2018,39,0
16-02-2018,19770.0,19820.0,19880.0,19670.0,1991,-0.15%,3918,30Mar2018,42,0
15-02-2018,19800.0,20030.0,20080.0,19740.0,1912,-0.85%,3401,30Mar2018,43,0
14-02-2018,19970.0,20100.0,20130.0,19910.0,1554,-0.79%,3136,30Mar2018,44,0
13-02-2018,20130.0,20170.0,20200.0,20110.0,311,-0.30%,2701,30Mar2018,45,0
12-02-2018,20190.0,20390.0,20390.0,20140.0,894,-0.30%,2543,30Mar2018,46,0
09-02-2018,20250.0,20390.0,20510.0,20230.0,1035,-0.74%,2226,30Mar2018,49,0
08-02-2018,20400.0,20160.0,20490.0,20090.0,1346,0.99%,2010,30Mar2018,50,0
07-02-2018,20200.0,20080.0,20230.0,20070.0,545,1.00%,1584,30Mar2018,51,0
06-02-2018,20000.0,20190.0,20190.0,19970.0,945,-1.43%,1530,30Mar2018,52,0
05-02-2018,20290.0,20350.0,20370.0,20160.0,385,-0.44%,1536,30Mar2018,53,0
02-02-2018,20380.0,20560.0,20670.0,20350.0,998,-0.73%,1556,30Mar2018,56,0
01-02-2018,20530.0,20360.0,20590.0,20260.0,906,2.39%,1358,30Mar2018,57,1
31-01-2018,20050.0,20100.0,20170.0,19920.0,4577,-0.30%,9636,28Feb2018,28,0
30-01-2018,20110.0,20110.0,20390.0,20060.0,5665,-0.30%,9324,28Feb2018,29,0
29-01-2018,20170.0,20400.0,20420.0,20130.0,4907,-2.13%,9460,28Feb2018,30,0
25-01-2018,20610.0,20620.0,20740.0,20540.0,4649,0.39%,8946,28Feb2018,34,0
24-01-2018,20530.0,20730.0,20800.0,20480.0,5289,-1.25%,7881,28Feb2018,35,0
23-01-2018,20790.0,21080.0,21090.0,20750.0,2607,-1.09%,7146,28Feb2018,36,0
22-01-2018,21020.0,21210.0,21240.0,20990.0,2934,-0.71%,6686,28Feb2018,37,0
19-01-2018,21170.0,20980.0,21230.0,20940.0,3397,0.67%,6603,28Feb2018,40,0
18-01-2018,21030.0,20970.0,21270.0,20970.0,3171,0.67%,5900,28Feb2018,41,0
17-01-2018,20890.0,20880.0,20990.0,20820.0,1285,-0.05%,5719,28Feb2018,42,0
16-01-2018,20900.0,20780.0,21020.0,20700.0,2414,0.34%,5433,28Feb2018,43,0
15-01-2018,20830.0,20890.0,20930.0,20790.0,1177,-0.62%,5154,28Feb2018,44,0
12-01-2018,20960.0,21100.0,21390.0,20780.0,4782,0.00%,5072,28Feb2018,47,0
11-01-2018,20960.0,20490.0,21030.0,20490.0,3540,2.24%,3958,28Feb2018,48,0
10-01-2018,20500.0,20350.0,20520.0,20340.0,1183,0.89%,3133,28Feb2018,49,0
09-01-2018,20320.0,20360.0,20430.0,20230.0,1224,-0.15%,2968,28Feb2018,50,0
08-01-2018,20350.0,20450.0,20530.0,20310.0,1232,-0.49%,2976,28Feb2018,51,0
05-01-2018,20450.0,20520.0,20680.0,20400.0,1442,-0.05%,2630,28Feb2018,54,0
04-01-2018,20460.0,20390.0,20490.0,20370.0,1221,0.69%,2338,28Feb2018,55,0
03-01-2018,20320.0,20180.0,20340.0,20100.0,703,0.20%,1981,28Feb2018,56,0
02-01-2018,20280.0,20340.0,20480.0,20200.0,810,-0.39%,1887,28Feb2018,57,0
01-01-2018,20360.0,20430.0,20460.0,20270.0,348,0.44%,1916,28Feb2018,58,1
29-12-2017,20270.0,20340.0,20450.0,20160.0,4011,-0.39%,8644,31Jan2018,33,0
28-12-2017,20350.0,20540.0,20590.0,20320.0,4014,-0.34%,8271,31Jan2018,34,0
27-12-2017,20420.0,20330.0,20500.0,20110.0,4165,0.74%,8128,31Jan2018,35,0
26-12-2017,20270.0,20140.0,20430.0,20140.0,4598,0.75%,8017,31Jan2018,36,0
22-12-2017,20120.0,20180.0,20320.0,20080.0,4659,-0.10%,7325,31Jan2018,40,0
21-12-2017,20140.0,19800.0,20190.0,19800.0,3894,1.67%,7103,31Jan2018,41,0
20-12-2017,19810.0,19750.0,19830.0,19690.0,1831,-0.10%,6515,31Jan2018,42,0
19-12-2017,19830.0,19720.0,19850.0,19610.0,2398,0.20%,6234,31Jan2018,43,0
18-12-2017,19790.0,19920.0,20010.0,19730.0,3045,-0.90%,6090,31Jan2018,44,0
15-12-2017,19970.0,19700.0,20020.0,19690.0,2453,1.53%,5884,31Jan2018,47,0
14-12-2017,19670.0,19620.0,19730.0,19590.0,1479,0.56%,5447,31Jan2018,48,0
13-12-2017,19560.0,19450.0,19680.0,19410.0,1624,0.10%,5322,31Jan2018,49,0
12-12-2017,19540.0,19370.0,19570.0,19290.0,1400,0.77%,5080,31Jan2018,50,0
11-12-2017,19390.0,19380.0,19550.0,19330.0,1410,-0.15%,5031,31Jan2018,51,0
08-12-2017,19420.0,19190.0,19490.0,19180.0,1921,1.94%,4736,31Jan2018,54,0
07-12-2017,19050.0,19110.0,19150.0,19020.0,830,-0.26%,4424,31Jan2018,55,0
06-12-2017,19100.0,19160.0,19180.0,19020.0,936,-0.21%,4293,31Jan2018,56,0
05-12-2017,19140.0,19160.0,19220.0,19070.0,1405,-0.36%,4187,31Jan2018,57,0
04-12-2017,19210.0,19080.0,19440.0,19080.0,3695,0.84%,3905,31Jan2018,58,0
01-12-2017,19050.0,18880.0,19060.0,18850.0,464,1.55%,2329,31Jan2018,61,1
30-11-2017,18760.0,18650.0,18800.0,18650.0,2240,0.75%,5487,29Dec2017,29,0
29-11-2017,18620.0,18450.0,18640.0,18450.0,1823,0.76%,5165,29Dec2017,30,0
28-11-2017,18480.0,18470.0,18500.0,18370.0,1002,-0.32%,4999,29Dec2017,31,0
27-11-2017,18540.0,18520.0,18560.0,18460.0,956,0.00%,4980,29Dec2017,32,0
24-11-2017,18540.0,18550.0,18610.0,18450.0,1455,-0.05%,4837,29Dec2017,35,0
23-11-2017,18550.0,18520.0,18650.0,18510.0,1069,0.38%,4641,29Dec2017,36,0
22-11-2017,18480.0,18540.0,18560.0,18420.0,1481,-0.59%,4728,29Dec2017,37,0
21-11-2017,18590.0,18400.0,18630.0,18390.0,1395,1.20%,4815,29Dec2017,38,0
20-11-2017,18370.0,18480.0,18500.0,18320.0,948,-0.54%,4570,29Dec2017,39,0
17-11-2017,18470.0,18360.0,18480.0,18330.0,741,0.54%,4616,29Dec2017,42,0
16-11-2017,18370.0,18300.0,18410.0,18270.0,945,0.49%,4539,29Dec2017,43,0
15-11-2017,18280.0,18300.0,18370.0,18250.0,398,-0.05%,4301,29Dec2017,44,0
14-11-2017,18290.0,18340.0,18440.0,18270.0,693,-0.44%,4176,29Dec2017,45,0
13-11-2017,18370.0,18190.0,18390.0,18160.0,1120,1.10%,4102,29Dec2017,46,0
10-11-2017,18170.0,18200.0,18280.0,18140.0,499,-0.38%,3948,29Dec2017,49,0
09-11-2017,18240.0,18190.0,18280.0,18100.0,1032,0.33%,4021,29Dec2017,50,0
08-11-2017,18180.0,18160.0,18220.0,18100.0,685,0.06%,4028,29Dec2017,51,0
07-11-2017,18170.0,18220.0,18240.0,18150.0,565,0.00%,3851,29Dec2017,52,0
06-11-2017,18170.0,18230.0,18320.0,18130.0,592,-0.27%,3877,29Dec2017,53,0
03-11-2017,18220.0,18210.0,18360.0,18180.0,828,0.16%,3875,29Dec2017,56,0
02-11-2017,18190.0,18200.0,18210.0,18150.0,385,-0.11%,3943,29Dec2017,57,0
01-11-2017,18210.0,18140.0,18250.0,18140.0,230,0.22%,3949,29Dec2017,58,1
31-10-2017,18170.0,18190.0,18240.0,18150.0,355,-0.06%,3633,30Nov2017,30,0
30-10-2017,18180.0,18180.0,18240.0,18100.0,636,-0.49%,3582,30Nov2017,31,0
27-10-2017,18270.0,18300.0,18420.0,18220.0,670,-0.33%,3538,30Nov2017,34,0
26-10-2017,18330.0,18560.0,18560.0,18310.0,626,-0.49%,3508,30Nov2017,35,0
25-10-2017,18420.0,18480.0,18520.0,18390.0,761,-0.49%,3394,30Nov2017,36,0
24-10-2017,18510.0,18480.0,18550.0,18360.0,958,0.22%,3342,30Nov2017,37,0
23-10-2017,18470.0,18250.0,18540.0,18210.0,1425,2.50%,3219,30Nov2017,38,0
20-10-2017,18020.0,18110.0,18110.0,18010.0,89,-0.28%,3107,30Nov2017,41,0
19-10-2017,18070.0,18080.0,18080.0,18040.0,218,-0.17%,3108,30Nov2017,42,0
18-10-2017,18100.0,18110.0,18150.0,18080.0,259,-0.11%,3080,30Nov2017,43,0
17-10-2017,18120.0,18070.0,18250.0,18000.0,642,0.22%,2961,30Nov2017,44,0
16-10-2017,18080.0,18180.0,18180.0,18060.0,644,-0.60%,2760,30Nov2017,45,0
13-10-2017,18190.0,18200.0,18240.0,18160.0,438,-0.38%,2683,30Nov2017,48,0
12-10-2017,18260.0,18530.0,18580.0,18200.0,871,-1.14%,2686,30Nov2017,49,0
11-10-2017,18470.0,18620.0,18700.0,18440.0,639,-0.86%,2650,30Nov2017,50,0
10-10-2017,18630.0,18470.0,18700.0,18390.0,737,1.09%,2578,30Nov2017,51,0
09-10-2017,18430.0,18390.0,18480.0,18330.0,635,0.60%,2456,30Nov2017,52,0
06-10-2017,18320.0,18320.0,18340.0,18210.0,352,0.05%,2351,30Nov2017,55,0
05-10-2017,18310.0,18360.0,18480.0,18290.0,454,0.16%,2335,30Nov2017,56,0
04-10-2017,18280.0,18260.0,18310.0,18230.0,265,0.00%,2417,30Nov2017,57,0
03-10-2017,18280.0,18280.0,18300.0,18190.0,430,-0.44%,2404,30Nov2017,58,0
29-09-2017,18360.0,18250.0,18380.0,18250.0,225,0.49%,2397,30Nov2017,62,0
28-09-2017,18270.0,18300.0,18380.0,18250.0,174,-0.44%,2322,30Nov2017,63,0
27-09-2017,18350.0,18240.0,18370.0,18180.0,388,0.49%,2351,30Nov2017,64,0
26-09-2017,18260.0,18230.0,18360.0,18140.0,639,0.33%,2151,30Nov2017,65,0
25-09-2017,18200.0,18120.0,18260.0,17950.0,512,0.50%,2092,30Nov2017,66,0
22-09-2017,18110.0,18020.0,18120.0,17990.0,382,0.44%,2035,30Nov2017,69,0
21-09-2017,18030.0,17920.0,18060.0,17920.0,494,-0.17%,1950,30Nov2017,70,0
20-09-2017,18060.0,18100.0,18110.0,17980.0,421,0.06%,1774,30Nov2017,71,0
19-09-2017,18050.0,18130.0,18150.0,18040.0,144,-0.55%,1623,30Nov2017,72,0
18-09-2017,18150.0,18220.0,18220.0,18020.0,334,0.17%,1623,30Nov2017,73,0
15-09-2017,18120.0,18000.0,18150.0,18000.0,457,0.50%,1589,30Nov2017,76,0
14-09-2017,18030.0,18100.0,18180.0,18010.0,401,-0.06%,1577,30Nov2017,77,0
13-09-2017,18040.0,18120.0,18180.0,17990.0,1182,-1.80%,1617,30Nov2017,78,0
12-09-2017,18370.0,18470.0,18500.0,18290.0,447,-1.02%,1968,30Nov2017,79,0
11-09-2017,18560.0,18630.0,18790.0,18500.0,528,-2.16%,2040,30Nov2017,80,0
08-09-2017,18970.0,18770.0,19050.0,18770.0,464,1.17%,2050,30Nov2017,83,0
07-09-2017,18750.0,18940.0,18940.0,18700.0,399,-1.68%,1904,30Nov2017,84,0
06-09-2017,19070.0,19090.0,19120.0,18900.0,648,0.32%,1891,30Nov2017,85,0
05-09-2017,19010.0,18500.0,19110.0,18500.0,1021,2.98%,1839,30Nov2017,86,0
04-09-2017,18460.0,18410.0,18480.0,18370.0,122,0.60%,1497,30Nov2017,87,0
01-09-2017,18350.0,18250.0,18360.0,18200.0,231,0.60%,1470,30Nov2017,90,0
31-08-2017,18240.0,18220.0,18260.0,18120.0,219,-0.11%,1366,30Nov2017,91,0
30-08-2017,18260.0,18200.0,18290.0,18130.0,191,0.11%,1301,30Nov2017,92,0
29-08-2017,18240.0,18140.0,18300.0,18120.0,231,0.55%,1248,30Nov2017,93,0
28-08-2017,18140.0,18160.0,18210.0,17940.0,233,0.00%,1108,30Nov2017,94,0
25-08-2017,18140.0,18200.0,18230.0,18080.0,107,0.17%,1075,30Nov2017,97,0
24-08-2017,18110.0,18080.0,18140.0,18030.0,161,0.33%,1068,30Nov2017,98,0
23-08-2017,18050.0,17970.0,18140.0,17960.0,175,1.01%,1071,30Nov2017,99,0
22-08-2017,17870.0,17780.0,17910.0,17760.0,91,0.73%,1027,30Nov2017,100,0
21-08-2017,17740.0,17830.0,17830.0,17610.0,192,-0.22%,1003,30Nov2017,101,0
18-08-2017,17780.0,17840.0,17930.0,17770.0,190,-0.22%,918,30Nov2017,104,0
17-08-2017,17820.0,17850.0,17900.0,17780.0,303,0.06%,887,30Nov2017,105,0
16-08-2017,17810.0,17920.0,17950.0,17790.0,389,-0.72%,737,30Nov2017,106,0
14-08-2017,17940.0,18220.0,18220.0,17880.0,141,-0.94%,764,30Nov2017,108,0
11-08-2017,18110.0,18170.0,18190.0,18060.0,299,-1.09%,708,30Nov2017,111,0
10-08-2017,18310.0,18570.0,18660.0,18240.0,316,-1.13%,676,30Nov2017,112,0
09-08-2017,18520.0,18400.0,18580.0,18380.0,236,0.65%,606,30Nov2017,113,0
08-08-2017,18400.0,18310.0,18420.0,18270.0,134,0.44%,606,30Nov2017,114,0
07-08-2017,18320.0,18180.0,18410.0,18180.0,107,1.05%,598,30Nov2017,115,0
04-08-2017,18130.0,18120.0,18150.0,18030.0,132,0.44%,601,30Nov2017,118,0
03-08-2017,18050.0,18130.0,18150.0,18030.0,136,-0.17%,536,30Nov2017,119,0
02-08-2017,18080.0,17980.0,18140.0,17970.0,144,0.67%,537,30Nov2017,120,0
01-08-2017,17960.0,18030.0,18030.0,17900.0,68,-2.60%,524,30Nov2017,121,1
31-07-2017,18440.0,18360.0,18450.0,18260.0,788,0.00%,2176,31Oct2017,92,0
28-07-2017,18440.0,18550.0,18550.0,18320.0,1167,-0.70%,2112,31Oct2017,95,0
27-07-2017,18570.0,18400.0,18650.0,18380.0,1236,1.25%,2026,31Oct2017,96,0
26-07-2017,18340.0,18160.0,18740.0,18160.0,1792,0.44%,1924,31Oct2017,97,0
25-07-2017,18260.0,18160.0,18290.0,18160.0,741,0.94%,1934,31Oct2017,98,0
24-07-2017,18090.0,17850.0,18240.0,17850.0,917,1.46%,1764,31Oct2017,99,0
21-07-2017,17830.0,18410.0,18470.0,17740.0,1361,-3.15%,1575,31Oct2017,102,0
20-07-2017,18410.0,18340.0,18430.0,18200.0,450,0.55%,869,31Oct2017,103,0
19-07-2017,18310.0,18400.0,18450.0,18280.0,367,-0.54%,807,31Oct2017,104,0
18-07-2017,18410.0,18600.0,18650.0,18370.0,309,-0.65%,699,31Oct2017,105,0
17-07-2017,18530.0,18530.0,18550.0,18380.0,229,-0.16%,606,31Oct2017,106,0
14-07-2017,18560.0,18580.0,18630.0,18450.0,187,-0.27%,538,31Oct2017,109,0
13-07-2017,18610.0,18700.0,18740.0,18600.0,108,-0.80%,510,31Oct2017,110,0
12-07-2017,18760.0,18810.0,18830.0,18720.0,40,0.27%,481,31Oct2017,111,0
11-07-2017,18710.0,18750.0,18850.0,18660.0,119,-0.53%,488,31Oct2017,112,0
10-07-2017,18810.0,18810.0,18990.0,18780.0,192,0.16%,497,31Oct2017,113,0
07-07-2017,18780.0,18670.0,18840.0,18620.0,186,0.70%,449,31Oct2017,116,0
06-07-2017,18650.0,18380.0,18680.0,18380.0,115,1.52%,422,31Oct2017,117,0
05-07-2017,18370.0,18480.0,18480.0,18370.0,63,-0.33%,394,31Oct2017,118,0
04-07-2017,18430.0,18440.0,18480.0,18370.0,115,-0.38%,374,31Oct2017,119,0
03-07-2017,18500.0,18420.0,18510.0,18400.0,47,-7.55%,365,31Oct2017,120,1
30-06-2017,20010.0,19900.0,20110.0,19900.0,1110,0.45%,5947,31Jul2017,31,0
29-06-2017,19920.0,20070.0,20130.0,19910.0,1550,-0.55%,6051,31Jul2017,32,0
28-06-2017,20030.0,19920.0,20040.0,19840.0,1779,0.81%,6129,31Jul2017,33,0
27-06-2017,19870.0,19670.0,19890.0,19670.0,1730,0.91%,6009,31Jul2017,34,0
26-06-2017,19690.0,19850.0,19850.0,19670.0,583,-0.76%,5686,31Jul2017,35,0
23-06-2017,19840.0,19880.0,19890.0,19750.0,1627,-0.15%,5682,31Jul2017,38,0
22-06-2017,19870.0,20160.0,20180.0,19830.0,2114,-1.54%,5111,31Jul2017,39,0
21-06-2017,20180.0,20200.0,20280.0,20160.0,1187,-0.10%,4907,31Jul2017,40,0
20-06-2017,20200.0,20310.0,20360.0,20150.0,1627,-0.79%,4902,31Jul2017,41,0
19-06-2017,20360.0,20470.0,20650.0,20320.0,1396,-0.54%,4540,31Jul2017,42,0
16-06-2017,20470.0,20120.0,20590.0,20120.0,1512,1.49%,4333,31Jul2017,45,0
15-06-2017,20170.0,20390.0,20450.0,20130.0,1834,-1.47%,3995,31Jul2017,46,0
14-06-2017,20470.0,20460.0,20590.0,20420.0,1515,-0.05%,3686,31Jul2017,47,0
13-06-2017,20480.0,20700.0,20750.0,20420.0,1778,-1.30%,3315,31Jul2017,48,0
12-06-2017,20750.0,20910.0,20990.0,20720.0,1315,-0.86%,3175,31Jul2017,49,0
09-06-2017,20930.0,20960.0,21080.0,20910.0,707,0.29%,2730,31Jul2017,52,0
08-06-2017,20870.0,20900.0,20990.0,20850.0,390,0.10%,2759,31Jul2017,53,0
07-06-2017,20850.0,20880.0,20940.0,20830.0,423,0.00%,2706,31Jul2017,54,0
06-06-2017,20850.0,20820.0,21050.0,20770.0,531,-0.29%,2694,31Jul2017,55,0
05-06-2017,20910.0,21080.0,21080.0,20870.0,653,-1.04%,2596,31Jul2017,56,0
02-06-2017,21130.0,21320.0,21370.0,21120.0,526,-0.52%,2515,31Jul2017,59,0
01-06-2017,21240.0,21240.0,21430.0,21220.0,391,1.14%,2554,31Jul2017,60,1
31-05-2017,21000.0,21140.0,21170.0,20980.0,1318,-0.85%,5487,30Jun2017,30,0
30-05-2017,21180.0,21190.0,21280.0,21100.0,1049,-0.09%,5565,30Jun2017,31,0
29-05-2017,21200.0,21140.0,21390.0,21120.0,1677,0.47%,5498,30Jun2017,32,0
26-05-2017,21100.0,21090.0,21200.0,21020.0,1699,0.14%,5496,30Jun2017,35,0
25-05-2017,21070.0,20950.0,21130.0,20950.0,2062,0.48%,5166,30Jun2017,36,0
24-05-2017,20970.0,20980.0,21140.0,20920.0,2018,-0.05%,4700,30Jun2017,37,0
23-05-2017,20980.0,20980.0,21020.0,20890.0,1927,-0.10%,4547,30Jun2017,38,0
22-05-2017,21000.0,21140.0,21250.0,20970.0,2100,-0.66%,4175,30Jun2017,39,0
19-05-2017,21140.0,21330.0,21370.0,21120.0,1612,-0.75%,4150,30Jun2017,42,0
18-05-2017,21300.0,21400.0,21450.0,21270.0,1267,-0.70%,4127,30Jun2017,43,0
17-05-2017,21450.0,21270.0,21520.0,21270.0,1804,0.56%,4023,30Jun2017,44,0
16-05-2017,21330.0,21340.0,21460.0,21290.0,1552,-0.37%,3778,30Jun2017,45,0
15-05-2017,21410.0,21440.0,21700.0,21280.0,3804,0.85%,3557,30Jun2017,46,0
12-05-2017,21230.0,20950.0,21520.0,20950.0,2944,1.58%,3236,30Jun2017,49,0
11-05-2017,20900.0,20820.0,20950.0,20760.0,1867,0.05%,2923,30Jun2017,50,0
10-05-2017,20890.0,20830.0,20930.0,20800.0,544,0.14%,2879,30Jun2017,51,0
09-05-2017,20860.0,20820.0,20930.0,20750.0,1046,0.43%,2882,30Jun2017,52,0
08-05-2017,20770.0,20720.0,20870.0,20680.0,905,-0.57%,2570,30Jun2017,53,0
05-05-2017,20890.0,20850.0,21000.0,20760.0,1113,-0.05%,2335,30Jun2017,56,0
04-05-2017,20900.0,20790.0,20930.0,20650.0,1150,0.53%,1996,30Jun2017,57,0
03-05-2017,20790.0,20780.0,20940.0,20660.0,1370,0.39%,1648,30Jun2017,58,0
02-05-2017,20710.0,20990.0,20990.0,20650.0,948,-0.96%,1561,30Jun2017,59,0
01-05-2017,20910.0,21140.0,21140.0,20870.0,388,0.43%,1602,30Jun2017,60,1
28-04-2017,20820.0,20820.0,20870.0,20640.0,2185,-0.19%,7538,31May2017,33,0
27-04-2017,20860.0,21090.0,21090.0,20830.0,2569,-1.23%,7576,31May2017,34,0
26-04-2017,21120.0,21130.0,21150.0,21020.0,1722,0.24%,7494,31May2017,35,0
25-04-2017,21070.0,21050.0,21090.0,20910.0,3011,-0.09%,7214,31May2017,36,0
24-04-2017,21090.0,21390.0,21400.0,21050.0,2414,-1.17%,6896,31May2017,37,0
21-04-2017,21340.0,21580.0,21580.0,21280.0,3501,-0.56%,6660,31May2017,40,0
20-04-2017,21460.0,21170.0,21500.0,21170.0,4053,1.61%,6516,31May2017,41,0
19-04-2017,21120.0,20950.0,21180.0,20940.0,3075,0.72%,6190,31May2017,42,0
18-04-2017,20970.0,21010.0,21060.0,20850.0,1870,0.48%,5816,31May2017,43,0
17-04-2017,20870.0,20970.0,20970.0,20760.0,1887,-0.38%,5498,31May2017,44,0
13-04-2017,20950.0,20880.0,21080.0,20780.0,2249,0.10%,5547,31May2017,48,0
12-04-2017,20930.0,20990.0,20990.0,20870.0,1357,-0.43%,5128,31May2017,49,0
11-04-2017,21020.0,21130.0,21200.0,20980.0,1557,0.29%,4892,31May2017,50,0
10-04-2017,20960.0,20910.0,21200.0,20850.0,1126,0.48%,4810,31May2017,51,0
07-04-2017,20860.0,21090.0,21090.0,20840.0,2253,-1.14%,4654,31May2017,54,0
06-04-2017,21100.0,21190.0,21280.0,21080.0,1341,-0.57%,4493,31May2017,55,0
05-04-2017,21220.0,21190.0,21300.0,21140.0,985,0.47%,4419,31May2017,56,0
04-04-2017,21120.0,21300.0,21350.0,21100.0,860,-1.08%,4227,31May2017,57,0
03-04-2017,21350.0,21420.0,21600.0,21320.0,1505,1.47%,4004,31May2017,58,1
31-03-2017,21040.0,21120.0,21180.0,20950.0,2039,-0.24%,7777,28Apr2017,28,0
30-03-2017,21090.0,21110.0,21110.0,20870.0,3902,-0.28%,7800,28Apr2017,29,0
29-03-2017,21150.0,21350.0,21370.0,21120.0,2994,-0.98%,7740,28Apr2017,30,0
28-03-2017,21360.0,21330.0,21420.0,21230.0,3093,0.28%,8192,28Apr2017,31,0
27-03-2017,21300.0,21420.0,21550.0,21270.0,3176,-1.11%,7910,28Apr2017,32,0
24-03-2017,21540.0,21500.0,21610.0,21460.0,2987,0.00%,7954,28Apr2017,35,0
23-03-2017,21540.0,21540.0,21740.0,21510.0,3447,-0.28%,7918,28Apr2017,36,0
22-03-2017,21600.0,21120.0,21640.0,21120.0,3856,1.36%,7516,28Apr2017,37,0
21-03-2017,21310.0,21590.0,21590.0,21280.0,3292,-1.98%,6989,28Apr2017,38,0
20-03-2017,21740.0,21670.0,21790.0,21620.0,2764,0.65%,7123,28Apr2017,39,0
17-03-2017,21600.0,21480.0,21650.0,21440.0,2300,0.37%,6891,28Apr2017,42,0
16-03-2017,21520.0,21420.0,21620.0,21400.0,2477,0.37%,6613,28Apr2017,43,0
15-03-2017,21440.0,21230.0,21470.0,21120.0,2278,1.23%,6328,28Apr2017,44,0
14-03-2017,21180.0,21260.0,21330.0,21070.0,1703,-0.56%,5733,28Apr2017,45,0
13-03-2017,21300.0,21270.0,21340.0,21210.0,423,-0.42%,5530,28Apr2017,46,0
10-03-2017,21390.0,21370.0,21430.0,21190.0,2055,-0.28%,5397,28Apr2017,49,0
09-03-2017,21450.0,21650.0,21720.0,21400.0,2858,-0.97%,5089,28Apr2017,50,0
08-03-2017,21660.0,21470.0,21690.0,21460.0,2815,0.42%,5057,28Apr2017,51,0
07-03-2017,21570.0,21610.0,21780.0,21540.0,2650,-0.51%,4673,28Apr2017,52,0
06-03-2017,21680.0,21500.0,21730.0,21460.0,2353,1.74%,4308,28Apr2017,53,0
03-03-2017,21310.0,21200.0,21400.0,21140.0,1490,-0.42%,3730,28Apr2017,56,0
02-03-2017,21400.0,21250.0,21530.0,21120.0,2220,1.76%,3651,28Apr2017,57,0
01-03-2017,21030.0,21120.0,21120.0,21000.0,904,-0.14%,3396,28Apr2017,58,1
28-02-2017,21060.0,21060.0,21160.0,21000.0,2609,-0.09%,9285,31Mar2017,31,0
27-02-2017,21080.0,21270.0,21300.0,21020.0,2796,-0.61%,9126,31Mar2017,32,0
24-02-2017,21210.0,21000.0,21290.0,21000.0,2667,1.34%,9276,31Mar2017,35,0
23-02-2017,20930.0,20770.0,20980.0,20720.0,4115,0.63%,9207,31Mar2017,36,0
22-02-2017,20800.0,20770.0,20860.0,20740.0,2768,0.48%,8698,31Mar2017,37,0
21-02-2017,20700.0,20680.0,20750.0,20660.0,2077,0.44%,8391,31Mar2017,38,0
20-02-2017,20610.0,20510.0,20620.0,20420.0,2528,0.39%,8286,31Mar2017,39,0
17-02-2017,20530.0,20780.0,20810.0,20500.0,3559,-1.63%,8008,31Mar2017,42,0
16-02-2017,20870.0,20870.0,20950.0,20840.0,1146,-0.10%,7863,31Mar2017,43,0
15-02-2017,20890.0,20900.0,21000.0,20870.0,1275,0.00%,7580,31Mar2017,44,0
14-02-2017,20890.0,20870.0,21000.0,20840.0,2289,-0.24%,7377,31Mar2017,45,0
13-02-2017,20940.0,21070.0,21080.0,20830.0,2508,0.05%,6886,31Mar2017,46,0
10-02-2017,20930.0,20840.0,20980.0,20840.0,1592,0.67%,6242,31Mar2017,49,0
09-02-2017,20790.0,20770.0,20860.0,20770.0,1028,0.05%,5637,31Mar2017,50,0
08-02-2017,20780.0,20770.0,20880.0,20710.0,1107,-0.14%,5450,31Mar2017,51,0
07-02-2017,20810.0,20750.0,20820.0,20690.0,1098,0.19%,5250,31Mar2017,52,0
06-02-2017,20770.0,20890.0,20920.0,20710.0,1335,-0.91%,5019,31Mar2017,53,0
03-02-2017,20960.0,20950.0,21050.0,20830.0,941,0.00%,4645,31Mar2017,56,0
02-02-2017,20960.0,20900.0,21080.0,20800.0,2105,1.06%,4565,31Mar2017,57,0
01-02-2017,20740.0,20620.0,20780.0,20600.0,822,1.72%,4298,31Mar2017,58,1
31-01-2017,20390.0,20290.0,20420.0,20200.0,2507,0.34%,8205,28Feb2017,28,0
30-01-2017,20320.0,20500.0,20640.0,20290.0,4871,-0.97%,8141,28Feb2017,29,0
27-01-2017,20520.0,20500.0,20560.0,20400.0,2796,0.00%,8660,28Feb2017,32,0
25-01-2017,20520.0,20370.0,20580.0,20250.0,4119,0.84%,8844,28Feb2017,34,0
24-01-2017,20350.0,20780.0,20950.0,20110.0,5926,-1.83%,8791,28Feb2017,35,0
23-01-2017,20730.0,20530.0,20760.0,20440.0,3339,1.62%,8920,28Feb2017,36,0
20-01-2017,20400.0,20390.0,20430.0,20260.0,2507,0.25%,8882,28Feb2017,39,0
19-01-2017,20350.0,20230.0,20440.0,20230.0,2498,0.69%,8543,28Feb2017,40,0
18-01-2017,20210.0,20060.0,20320.0,20060.0,2770,0.50%,8429,28Feb2017,41,0
17-01-2017,20110.0,20000.0,20240.0,20000.0,2324,0.85%,8078,28Feb2017,42,0
16-01-2017,19940.0,20090.0,20160.0,19920.0,2192,-0.89%,7776,28Feb2017,43,0
13-01-2017,20120.0,20400.0,20420.0,20080.0,3173,-2.09%,7592,28Feb2017,46,0
12-01-2017,20550.0,20500.0,20670.0,20460.0,2471,-0.05%,6968,28Feb2017,47,0
11-01-2017,20560.0,20400.0,20630.0,20350.0,2817,1.08%,6329,28Feb2017,48,0
10-01-2017,20340.0,20260.0,20440.0,20170.0,2070,-0.10%,5964,28Feb2017,49,0
09-01-2017,20360.0,20080.0,20400.0,20080.0,2160,1.44%,5671,28Feb2017,50,0
06-01-2017,20070.0,20080.0,20180.0,20010.0,1293,-0.50%,5121,28Feb2017,53,0
05-01-2017,20170.0,20110.0,20380.0,19970.0,2352,1.05%,4890,28Feb2017,54,0
04-01-2017,19960.0,19820.0,19990.0,19610.0,1872,0.45%,4585,28Feb2017,55,0
03-01-2017,19870.0,19750.0,19960.0,19750.0,1654,0.71%,4285,28Feb2017,56,0
02-01-2017,19730.0,19560.0,19740.0,19550.0,748,,3985,28Feb2017,57,0
