Date,Price,Open,High,Low,Vol.,Change %,Open Interest,Contract Expiry,Days To Expiry,Roll Day
11-06-2026,30600.0,0.0,0.0,0.0,0,0.00%,0,31Aug2026,81,0
10-06-2026,30600.0,0.0,0.0,0.0,0,0.00%,0,31Aug2026,82,0
09-06-2026,30600.0,0.0,0.0,0.0,0,0.00%,0,31Aug2026,83,0
08-06-2026,30600.0,0.0,0.0,0.0,0,0.00%,0,31Aug2026,84,0
05-06-2026,30600.0,0.0,0.0,0.0,0,0.00%,0,31Aug2026,87,0
04-06-2026,30600.0,0.0,0.0,0.0,0,0.00%,0,31Aug2026,88,0
03-06-2026,30600.0,0.0,0.0,0.0,0,-2.86%,0,31Aug2026,89,0
02-06-2026,31500.0,0.0,0.0,0.0,0,0.00%,0,31Aug2026,90,0
01-06-2026,31500.0,0.0,0.0,0.0,0,0.00%,0,31Aug2026,91,1
29-05-2026,31500.0,0.0,0.0,0.0,0,0.00%,0,31Jul2026,63,0
28-05-2026,31500.0,0.0,0.0,0.0,0,0.00%,0,31Jul2026,64,0
27-05-2026,31500.0,0.0,0.0,0.0,0,0.00%,0,31Jul2026,65,0
26-05-2026,31500.0,0.0,0.0,0.0,0,0.00%,0,31Jul2026,66,0
25-05-2026,31500.0,0.0,0.0,0.0,0,0.00%,0,31Jul2026,67,0
22-05-2026,31500.0,0.0,0.0,0.0,0,0.00%,0,31Jul2026,70,0
21-05-2026,31500.0,0.0,0.0,0.0,0,0.00%,0,31Jul2026,71,0
20-05-2026,31500.0,0.0,0.0,0.0,0,0.00%,0,31Jul2026,72,0
19-05-2026,31500.0,0.0,0.0,0.0,0,0.00%,0,31Jul2026,73,0
18-05-2026,31500.0,0.0,0.0,0.0,0,0.00%,0,31Jul2026,74,0
15-05-2026,31500.0,0.0,0.0,0.0,0,0.00%,0,31Jul2026,77,0
14-05-2026,31500.0,0.0,0.0,0.0,0,2.27%,0,31Jul2026,78,0
13-05-2026,30800.0,0.0,0.0,0.0,0,0.00%,0,31Jul2026,79,0
12-05-2026,30800.0,0.0,0.0,0.0,0,0.00%,0,31Jul2026,80,0
11-05-2026,30800.0,0.0,0.0,0.0,0,0.00%,0,31Jul2026,81,0
08-05-2026,30800.0,0.0,0.0,0.0,0,3.70%,0,31Jul2026,84,0
07-05-2026,29700.0,0.0,0.0,0.0,0,3.85%,0,31Jul2026,85,0
06-05-2026,28600.0,0.0,0.0,0.0,0,0.00%,0,31Jul2026,86,0
05-05-2026,28600.0,0.0,0.0,0.0,0,2.88%,0,31Jul2026,87,0
04-05-2026,27800.0,0.0,0.0,0.0,0,0.00%,0,31Jul2026,88,0
01-05-2026,27800.0,0.0,0.0,0.0,0,0.00%,0,31Jul2026,91,1
30-04-2026,27800.0,0.0,0.0,0.0,0,0.00%,0,30Jun2026,61,0
29-04-2026,27800.0,0.0,0.0,0.0,0,0.00%,0,30Jun2026,62,0
28-04-2026,27800.0,0.0,0.0,0.0,0,0.00%,0,30Jun2026,63,0
27-04-2026,27800.0,0.0,0.0,0.0,0,0.00%,0,30Jun2026,64,0
24-04-2026,27800.0,0.0,0.0,0.0,0,0.00%,0,30Jun2026,67,0
23-04-2026,27800.0,0.0,0.0,0.0,0,0.00%,0,30Jun2026,68,0
22-04-2026,27800.0,0.0,0.0,0.0,0,0.00%,0,30Jun2026,69,0
21-04-2026,27800.0,0.0,0.0,0.0,0,0.00%,0,30Jun2026,70,0
20-04-2026,27800.0,0.0,0.0,0.0,0,0.00%,0,30Jun2026,71,0
17-04-2026,27800.0,0.0,0.0,0.0,0,0.00%,0,30Jun2026,74,0
16-04-2026,27800.0,0.0,0.0,0.0,0,0.00%,0,30Jun2026,75,0
15-04-2026,27800.0,0.0,0.0,0.0,0,0.00%,0,30Jun2026,76,0
14-04-2026,27800.0,0.0,0.0,0.0,0,0.00%,0,30Jun2026,77,0
13-04-2026,27800.0,0.0,0.0,0.0,0,0.00%,0,30Jun2026,78,0
10-04-2026,27800.0,0.0,0.0,0.0,0,0.00%,0,30Jun2026,81,0
09-04-2026,27800.0,0.0,0.0,0.0,0,0.00%,0,30Jun2026,82,0
08-04-2026,27800.0,0.0,0.0,0.0,0,2.96%,0,30Jun2026,83,0
07-04-2026,27000.0,0.0,0.0,0.0,0,0.00%,0,30Jun2026,84,0
06-04-2026,27000.0,0.0,0.0,0.0,0,3.85%,0,30Jun2026,85,0
02-04-2026,26000.0,0.0,0.0,0.0,0,0.00%,0,30Jun2026,89,0
01-04-2026,26000.0,0.0,0.0,0.0,0,-0.76%,0,30Jun2026,90,1
31-03-2026,26200.0,0.0,0.0,0.0,0,0.00%,0,29May2026,59,0
30-03-2026,26200.0,0.0,0.0,0.0,0,0.00%,0,29May2026,60,0
27-03-2026,26200.0,0.0,0.0,0.0,0,0.00%,0,29May2026,63,0
26-03-2026,26200.0,0.0,0.0,0.0,0,0.00%,0,29May2026,64,0
25-03-2026,26200.0,0.0,0.0,0.0,0,0.00%,0,29May2026,65,0
24-03-2026,26200.0,0.0,0.0,0.0,0,0.00%,0,29May2026,66,0
23-03-2026,26200.0,0.0,0.0,0.0,0,0.00%,0,29May2026,67,0
20-03-2026,26200.0,0.0,0.0,0.0,0,0.00%,0,29May2026,70,0
19-03-2026,26200.0,0.0,0.0,0.0,0,0.00%,0,29May2026,71,0
18-03-2026,26200.0,0.0,0.0,0.0,0,0.00%,0,29May2026,72,0
17-03-2026,26200.0,0.0,0.0,0.0,0,0.00%,0,29May2026,73,0
16-03-2026,26200.0,0.0,0.0,0.0,0,0.00%,0,29May2026,74,0
13-03-2026,26200.0,0.0,0.0,0.0,0,0.00%,0,29May2026,77,0
12-03-2026,26200.0,0.0,0.0,0.0,0,0.00%,0,29May2026,78,0
11-03-2026,26200.0,0.0,0.0,0.0,0,0.00%,0,29May2026,79,0
10-03-2026,26200.0,0.0,0.0,0.0,0,0.00%,0,29May2026,80,0
09-03-2026,26200.0,0.0,0.0,0.0,0,0.00%,0,29May2026,81,0
06-03-2026,26200.0,0.0,0.0,0.0,0,0.00%,0,29May2026,84,0
05-03-2026,26200.0,0.0,0.0,0.0,0,0.00%,0,29May2026,85,0
04-03-2026,26200.0,0.0,0.0,0.0,0,0.00%,0,29May2026,86,0
03-03-2026,26200.0,0.0,0.0,0.0,0,0.00%,0,29May2026,87,0
02-03-2026,26200.0,0.0,0.0,0.0,0,0.77%,0,29May2026,88,1
27-02-2026,26000.0,0.0,0.0,0.0,0,0.00%,0,30Apr2026,62,0
26-02-2026,26000.0,0.0,0.0,0.0,0,0.00%,0,30Apr2026,63,0
25-02-2026,26000.0,0.0,0.0,0.0,0,0.00%,0,30Apr2026,64,0
24-02-2026,26000.0,0.0,0.0,0.0,0,0.00%,0,30Apr2026,65,0
23-02-2026,26000.0,0.0,0.0,0.0,0,0.00%,0,30Apr2026,66,0
20-02-2026,26000.0,0.0,0.0,0.0,0,0.00%,0,30Apr2026,69,0
19-02-2026,26000.0,0.0,0.0,0.0,0,0.00%,0,30Apr2026,70,0
18-02-2026,26000.0,0.0,0.0,0.0,0,0.00%,0,30Apr2026,71,0
17-02-2026,26000.0,0.0,0.0,0.0,0,0.00%,0,30Apr2026,72,0
16-02-2026,26000.0,0.0,0.0,0.0,0,0.00%,0,30Apr2026,73,0
13-02-2026,26000.0,0.0,0.0,0.0,0,0.00%,0,30Apr2026,76,0
12-02-2026,26000.0,0.0,0.0,0.0,0,0.00%,0,30Apr2026,77,0
11-02-2026,26000.0,0.0,0.0,0.0,0,0.00%,0,30Apr2026,78,0
10-02-2026,26000.0,0.0,0.0,0.0,0,0.00%,0,30Apr2026,79,0
09-02-2026,26000.0,0.0,0.0,0.0,0,0.00%,0,30Apr2026,80,0
06-02-2026,26000.0,0.0,0.0,0.0,0,0.00%,0,30Apr2026,83,0
05-02-2026,26000.0,0.0,0.0,0.0,0,0.00%,0,30Apr2026,84,0
04-02-2026,26000.0,0.0,0.0,0.0,0,0.00%,0,30Apr2026,85,0
03-02-2026,26000.0,0.0,0.0,0.0,0,0.00%,0,30Apr2026,86,0
02-02-2026,26000.0,0.0,0.0,0.0,0,0.00%,0,30Apr2026,87,0
01-02-2026,26000.0,0.0,0.0,0.0,0,0.00%,0,30Apr2026,88,1
30-01-2026,26000.0,0.0,0.0,0.0,0,0.00%,0,31Mar2026,60,0
29-01-2026,26000.0,0.0,0.0,0.0,0,0.00%,0,31Mar2026,61,0
28-01-2026,26000.0,0.0,0.0,0.0,0,0.00%,0,31Mar2026,62,0
27-01-2026,26000.0,0.0,0.0,0.0,0,0.00%,0,31Mar2026,63,0
23-01-2026,26000.0,0.0,0.0,0.0,0,0.00%,0,31Mar2026,67,0
22-01-2026,26000.0,0.0,0.0,0.0,0,0.00%,0,31Mar2026,68,0
21-01-2026,26000.0,0.0,0.0,0.0,0,0.00%,0,31Mar2026,69,0
20-01-2026,26000.0,0.0,0.0,0.0,0,0.00%,0,31Mar2026,70,0
19-01-2026,26000.0,0.0,0.0,0.0,0,0.00%,0,31Mar2026,71,0
16-01-2026,26000.0,0.0,0.0,0.0,0,0.00%,0,31Mar2026,74,0
15-01-2026,26000.0,0.0,0.0,0.0,0,0.00%,0,31Mar2026,75,0
14-01-2026,26000.0,0.0,0.0,0.0,0,0.00%,0,31Mar2026,76,0
13-01-2026,26000.0,0.0,0.0,0.0,0,0.00%,0,31Mar2026,77,0
12-01-2026,26000.0,0.0,0.0,0.0,0,0.00%,0,31Mar2026,78,0
09-01-2026,26000.0,0.0,0.0,0.0,0,0.00%,0,31Mar2026,81,0
08-01-2026,26000.0,0.0,0.0,0.0,0,0.00%,0,31Mar2026,82,0
07-01-2026,26000.0,0.0,0.0,0.0,0,0.00%,0,31Mar2026,83,0
06-01-2026,26000.0,0.0,0.0,0.0,0,0.00%,0,31Mar2026,84,0
05-01-2026,26000.0,0.0,0.0,0.0,0,0.00%,0,31Mar2026,85,0
02-01-2026,26000.0,0.0,0.0,0.0,0,0.00%,0,31Mar2026,88,0
01-01-2026,26000.0,0.0,0.0,0.0,0,0.39%,0,31Mar2026,89,1
31-12-2025,25900.0,0.0,0.0,0.0,0,0.00%,0,27Feb2026,58,0
30-12-2025,25900.0,0.0,0.0,0.0,0,0.00%,0,27Feb2026,59,0
29-12-2025,25900.0,0.0,0.0,0.0,0,0.00%,0,27Feb2026,60,0
26-12-2025,25900.0,0.0,0.0,0.0,0,0.00%,0,27Feb2026,63,0
24-12-2025,25900.0,0.0,0.0,0.0,0,0.00%,0,27Feb2026,65,0
23-12-2025,25900.0,0.0,0.0,0.0,0,0.00%,0,27Feb2026,66,0
22-12-2025,25900.0,0.0,0.0,0.0,0,0.00%,0,27Feb2026,67,0
19-12-2025,25900.0,0.0,0.0,0.0,0,0.00%,0,27Feb2026,70,0
18-12-2025,25900.0,0.0,0.0,0.0,0,0.00%,0,27Feb2026,71,0
17-12-2025,25900.0,0.0,0.0,0.0,0,0.00%,0,27Feb2026,72,0
16-12-2025,25900.0,0.0,0.0,0.0,0,0.00%,0,27Feb2026,73,0
15-12-2025,25900.0,0.0,0.0,0.0,0,0.00%,0,27Feb2026,74,0
12-12-2025,25900.0,0.0,0.0,0.0,0,0.00%,0,27Feb2026,77,0
11-12-2025,25900.0,0.0,0.0,0.0,0,0.00%,0,27Feb2026,78,0
10-12-2025,25900.0,0.0,0.0,0.0,0,0.00%,0,27Feb2026,79,0
09-12-2025,25900.0,0.0,0.0,0.0,0,0.00%,0,27Feb2026,80,0
08-12-2025,25900.0,0.0,0.0,0.0,0,0.00%,0,27Feb2026,81,0
05-12-2025,25900.0,0.0,0.0,0.0,0,0.00%,0,27Feb2026,84,0
04-12-2025,25900.0,0.0,0.0,0.0,0,0.00%,0,27Feb2026,85,0
03-12-2025,25900.0,0.0,0.0,0.0,0,0.00%,0,27Feb2026,86,0
02-12-2025,25900.0,0.0,0.0,0.0,0,0.00%,0,27Feb2026,87,0
01-12-2025,25900.0,0.0,0.0,0.0,0,1.57%,0,27Feb2026,88,1
28-11-2025,25500.0,0.0,0.0,0.0,0,0.00%,0,30Jan2026,63,0
27-11-2025,25500.0,0.0,0.0,0.0,0,0.00%,0,30Jan2026,64,0
26-11-2025,25500.0,0.0,0.0,0.0,0,-1.16%,0,30Jan2026,65,0
25-11-2025,25800.0,0.0,0.0,0.0,0,0.00%,0,30Jan2026,66,0
24-11-2025,25800.0,0.0,0.0,0.0,0,0.00%,0,30Jan2026,67,0
21-11-2025,25800.0,0.0,0.0,0.0,0,0.00%,0,30Jan2026,70,0
20-11-2025,25800.0,0.0,0.0,0.0,0,0.00%,0,30Jan2026,71,0
19-11-2025,25800.0,0.0,0.0,0.0,0,0.00%,0,30Jan2026,72,0
18-11-2025,25800.0,0.0,0.0,0.0,0,0.00%,0,30Jan2026,73,0
17-11-2025,25800.0,0.0,0.0,0.0,0,0.00%,0,30Jan2026,74,0
14-11-2025,25800.0,0.0,0.0,0.0,0,0.00%,0,30Jan2026,77,0
13-11-2025,25800.0,0.0,0.0,0.0,0,0.00%,0,30Jan2026,78,0
12-11-2025,25800.0,0.0,0.0,0.0,0,0.00%,0,30Jan2026,79,0
11-11-2025,25800.0,0.0,0.0,0.0,0,0.00%,0,30Jan2026,80,0
10-11-2025,25800.0,0.0,0.0,0.0,0,0.00%,0,30Jan2026,81,0
07-11-2025,25800.0,0.0,0.0,0.0,0,0.00%,0,30Jan2026,84,0
06-11-2025,25800.0,0.0,0.0,0.0,0,0.00%,0,30Jan2026,85,0
05-11-2025,25800.0,0.0,0.0,0.0,0,0.00%,0,30Jan2026,86,0
04-11-2025,25800.0,0.0,0.0,0.0,0,0.00%,0,30Jan2026,87,0
03-11-2025,25800.0,0.0,0.0,0.0,0,-3.37%,0,30Jan2026,88,0
31-10-2025,26700.0,0.0,0.0,0.0,0,0.00%,0,30Jan2026,91,0
30-10-2025,26700.0,0.0,0.0,0.0,0,0.00%,0,30Jan2026,92,0
29-10-2025,26700.0,0.0,0.0,0.0,0,0.00%,0,30Jan2026,93,0
28-10-2025,26700.0,0.0,0.0,0.0,0,0.00%,0,30Jan2026,94,0
27-10-2025,26700.0,0.0,0.0,0.0,0,0.00%,0,30Jan2026,95,0
24-10-2025,26700.0,0.0,0.0,0.0,0,0.00%,0,30Jan2026,98,0
23-10-2025,26700.0,0.0,0.0,0.0,0,0.00%,0,30Jan2026,99,0
22-10-2025,26700.0,0.0,0.0,0.0,0,0.00%,0,30Jan2026,100,0
21-10-2025,26700.0,0.0,0.0,0.0,0,0.00%,0,30Jan2026,101,0
20-10-2025,26700.0,0.0,0.0,0.0,0,0.00%,0,30Jan2026,102,0
17-10-2025,26700.0,0.0,0.0,0.0,0,0.00%,0,30Jan2026,105,0
16-10-2025,26700.0,0.0,0.0,0.0,0,0.00%,0,30Jan2026,106,0
15-10-2025,26700.0,0.0,0.0,0.0,0,0.00%,0,30Jan2026,107,0
14-10-2025,26700.0,0.0,0.0,0.0,0,0.00%,0,30Jan2026,108,0
13-10-2025,26700.0,0.0,0.0,0.0,0,0.00%,0,30Jan2026,109,0
10-10-2025,26700.0,0.0,0.0,0.0,0,0.00%,0,30Jan2026,112,0
09-10-2025,26700.0,0.0,0.0,0.0,0,0.00%,0,30Jan2026,113,0
08-10-2025,26700.0,0.0,0.0,0.0,0,0.00%,0,30Jan2026,114,0
07-10-2025,26700.0,0.0,0.0,0.0,0,0.00%,0,30Jan2026,115,0
06-10-2025,26700.0,0.0,0.0,0.0,0,0.00%,0,30Jan2026,116,0
03-10-2025,26700.0,0.0,0.0,0.0,0,0.00%,0,30Jan2026,119,0
01-10-2025,26700.0,0.0,0.0,0.0,0,0.00%,0,30Jan2026,121,0
30-09-2025,26700.0,0.0,0.0,0.0,0,0.00%,0,30Jan2026,122,0
29-09-2025,26700.0,0.0,0.0,0.0,0,0.00%,0,30Jan2026,123,0
26-09-2025,26700.0,0.0,0.0,0.0,0,0.00%,0,30Jan2026,126,0
25-09-2025,26700.0,0.0,0.0,0.0,0,0.00%,0,30Jan2026,127,0
24-09-2025,26700.0,0.0,0.0,0.0,0,0.00%,0,30Jan2026,128,0
23-09-2025,26700.0,0.0,0.0,0.0,0,-2.55%,0,30Jan2026,129,0
22-09-2025,27400.0,0.0,0.0,0.0,0,0.00%,0,30Jan2026,130,0
19-09-2025,27400.0,0.0,0.0,0.0,0,0.00%,0,30Jan2026,133,0
18-09-2025,27400.0,0.0,0.0,0.0,0,0.00%,0,30Jan2026,134,0
17-09-2025,27400.0,0.0,0.0,0.0,0,0.00%,0,30Jan2026,135,0
16-09-2025,27400.0,0.0,0.0,0.0,0,0.00%,0,30Jan2026,136,0
15-09-2025,27400.0,0.0,0.0,0.0,0,0.00%,0,30Jan2026,137,0
12-09-2025,27400.0,0.0,0.0,0.0,0,0.00%,0,30Jan2026,140,0
11-09-2025,27400.0,0.0,0.0,0.0,0,0.00%,0,30Jan2026,141,0
10-09-2025,27400.0,0.0,0.0,0.0,0,0.00%,0,30Jan2026,142,0
09-09-2025,27400.0,0.0,0.0,0.0,0,0.00%,0,30Jan2026,143,0
08-09-2025,27400.0,0.0,0.0,0.0,0,0.00%,0,30Jan2026,144,0
05-09-2025,27400.0,0.0,0.0,0.0,0,0.00%,0,30Jan2026,147,0
04-09-2025,27400.0,0.0,0.0,0.0,0,0.00%,0,30Jan2026,148,0
03-09-2025,27400.0,0.0,0.0,0.0,0,0.00%,0,30Jan2026,149,0
02-09-2025,27400.0,0.0,0.0,0.0,0,0.00%,0,30Jan2026,150,0
01-09-2025,27400.0,0.0,0.0,0.0,0,0.00%,0,30Jan2026,151,0
29-08-2025,27400.0,0.0,0.0,0.0,0,0.00%,0,30Jan2026,154,0
28-08-2025,27400.0,0.0,0.0,0.0,0,0.00%,0,30Jan2026,155,0
27-08-2025,27400.0,0.0,0.0,0.0,0,0.00%,0,30Jan2026,156,0
26-08-2025,27400.0,0.0,0.0,0.0,0,0.00%,0,30Jan2026,157,0
25-08-2025,27400.0,0.0,0.0,0.0,0,0.00%,0,30Jan2026,158,0
22-08-2025,27400.0,0.0,0.0,0.0,0,0.00%,0,30Jan2026,161,0
21-08-2025,27400.0,0.0,0.0,0.0,0,0.00%,0,30Jan2026,162,0
20-08-2025,27400.0,0.0,0.0,0.0,0,0.00%,0,30Jan2026,163,0
19-08-2025,27400.0,0.0,0.0,0.0,0,0.00%,0,30Jan2026,164,0
18-08-2025,27400.0,0.0,0.0,0.0,0,0.00%,0,30Jan2026,165,0
14-08-2025,27400.0,0.0,0.0,0.0,0,0.00%,0,30Jan2026,169,0
13-08-2025,27400.0,0.0,0.0,0.0,0,0.00%,0,30Jan2026,170,0
12-08-2025,27400.0,0.0,0.0,0.0,0,0.00%,0,30Jan2026,171,0
11-08-2025,27400.0,0.0,0.0,0.0,0,0.00%,0,30Jan2026,172,0
08-08-2025,27400.0,0.0,0.0,0.0,0,0.00%,0,30Jan2026,175,0
07-08-2025,27400.0,0.0,0.0,0.0,0,0.00%,0,30Jan2026,176,0
06-08-2025,27400.0,0.0,0.0,0.0,0,0.00%,0,30Jan2026,177,0
05-08-2025,27400.0,0.0,0.0,0.0,0,0.00%,0,30Jan2026,178,0
04-08-2025,27400.0,0.0,0.0,0.0,0,0.00%,0,30Jan2026,179,0
01-08-2025,27400.0,0.0,0.0,0.0,0,0.00%,0,30Jan2026,182,0
31-07-2025,27400.0,0.0,0.0,0.0,0,0.00%,0,30Jan2026,183,0
30-07-2025,27400.0,0.0,0.0,0.0,0,0.00%,0,30Jan2026,184,0
29-07-2025,27400.0,0.0,0.0,0.0,0,0.00%,0,30Jan2026,185,0
28-07-2025,27400.0,0.0,0.0,0.0,0,0.00%,0,30Jan2026,186,0
25-07-2025,27400.0,0.0,0.0,0.0,0,0.00%,0,30Jan2026,189,0
24-07-2025,27400.0,0.0,0.0,0.0,0,0.00%,0,30Jan2026,190,0
23-07-2025,27400.0,0.0,0.0,0.0,0,0.00%,0,30Jan2026,191,0
22-07-2025,27400.0,0.0,0.0,0.0,0,0.00%,0,30Jan2026,192,0
21-07-2025,27400.0,0.0,0.0,0.0,0,0.00%,0,30Jan2026,193,0
18-07-2025,27400.0,0.0,0.0,0.0,0,0.00%,0,30Jan2026,196,0
17-07-2025,27400.0,0.0,0.0,0.0,0,0.00%,0,30Jan2026,197,0
16-07-2025,27400.0,0.0,0.0,0.0,0,0.00%,0,30Jan2026,198,0
15-07-2025,27400.0,0.0,0.0,0.0,0,0.00%,0,30Jan2026,199,0
14-07-2025,27400.0,0.0,0.0,0.0,0,0.00%,0,30Jan2026,200,0
11-07-2025,27400.0,0.0,0.0,0.0,0,0.00%,0,30Jan2026,203,0
10-07-2025,27400.0,0.0,0.0,0.0,0,0.00%,0,30Jan2026,204,0
09-07-2025,27400.0,0.0,0.0,0.0,0,0.00%,0,30Jan2026,205,0
08-07-2025,27400.0,0.0,0.0,0.0,0,0.00%,0,30Jan2026,206,0
07-07-2025,27400.0,0.0,0.0,0.0,0,0.00%,0,30Jan2026,207,0
04-07-2025,27400.0,0.0,0.0,0.0,0,0.00%,0,30Jan2026,210,0
03-07-2025,27400.0,0.0,0.0,0.0,0,0.00%,0,30Jan2026,211,0
02-07-2025,27400.0,0.0,0.0,0.0,0,0.00%,0,30Jan2026,212,0
01-07-2025,27400.0,0.0,0.0,0.0,0,0.00%,0,30Jan2026,213,0
30-06-2025,27400.0,0.0,0.0,0.0,0,-18.21%,0,30Jan2026,214,1
30-11-2022,33500.0,0.0,0.0,0.0,0,0.00%,0,31Jan2023,62,0
29-11-2022,33500.0,0.0,0.0,0.0,0,0.00%,0,31Jan2023,63,0
28-11-2022,33500.0,0.0,0.0,0.0,0,0.00%,0,31Jan2023,64,0
25-11-2022,33500.0,0.0,0.0,0.0,0,0.00%,0,31Jan2023,67,0
24-11-2022,33500.0,0.0,0.0,0.0,0,0.00%,0,31Jan2023,68,0
23-11-2022,33500.0,0.0,0.0,0.0,0,0.00%,0,31Jan2023,69,0
22-11-2022,33500.0,0.0,0.0,0.0,0,0.00%,0,31Jan2023,70,0
21-11-2022,33500.0,0.0,0.0,0.0,0,0.00%,0,31Jan2023,71,0
18-11-2022,33500.0,0.0,0.0,0.0,0,0.00%,0,31Jan2023,74,0
17-11-2022,33500.0,0.0,0.0,0.0,0,0.00%,0,31Jan2023,75,0
16-11-2022,33500.0,0.0,0.0,0.0,0,0.00%,0,31Jan2023,76,0
15-11-2022,33500.0,0.0,0.0,0.0,0,0.00%,0,31Jan2023,77,0
14-11-2022,33500.0,0.0,0.0,0.0,0,0.00%,0,31Jan2023,78,0
11-11-2022,33500.0,0.0,0.0,0.0,0,0.00%,0,31Jan2023,81,0
10-11-2022,33500.0,0.0,0.0,0.0,0,0.00%,0,31Jan2023,82,0
09-11-2022,33500.0,0.0,0.0,0.0,0,0.00%,0,31Jan2023,83,0
08-11-2022,33500.0,0.0,0.0,0.0,0,0.00%,0,31Jan2023,84,0
07-11-2022,33500.0,0.0,0.0,0.0,0,0.00%,0,31Jan2023,85,0
04-11-2022,33500.0,0.0,0.0,0.0,0,0.00%,0,31Jan2023,88,0
03-11-2022,33500.0,0.0,0.0,0.0,0,0.00%,0,31Jan2023,89,0
02-11-2022,33500.0,0.0,0.0,0.0,0,0.00%,0,31Jan2023,90,0
01-11-2022,33500.0,0.0,0.0,0.0,0,21.07%,0,31Jan2023,91,1
31-10-2022,27670.0,27550.0,27850.0,27550.0,125,0.11%,787,30Dec2022,60,0
28-10-2022,27640.0,28350.0,28410.0,27600.0,134,-2.23%,784,30Dec2022,63,0
27-10-2022,28270.0,28850.0,29040.0,28150.0,137,-2.15%,722,30Dec2022,64,0
26-10-2022,28890.0,28900.0,29000.0,28740.0,40,0.35%,671,30Dec2022,65,0
25-10-2022,28790.0,28770.0,28940.0,28390.0,54,0.49%,641,30Dec2022,66,0
24-10-2022,28650.0,29000.0,29000.0,28500.0,19,-1.34%,611,30Dec2022,67,0
21-10-2022,29040.0,29250.0,29250.0,28620.0,39,0.21%,601,30Dec2022,70,0
20-10-2022,28980.0,29090.0,29470.0,28700.0,38,-1.56%,591,30Dec2022,71,0
19-10-2022,29440.0,29650.0,29840.0,29200.0,20,-0.51%,593,30Dec2022,72,0
18-10-2022,29590.0,29600.0,29650.0,29400.0,21,-0.17%,582,30Dec2022,73,0
17-10-2022,29640.0,29480.0,29800.0,29480.0,28,0.75%,566,30Dec2022,74,0
14-10-2022,29420.0,29640.0,29750.0,29110.0,20,0.93%,563,30Dec2022,77,0
13-10-2022,29150.0,29690.0,29690.0,29100.0,25,-2.28%,554,30Dec2022,78,0
12-10-2022,29830.0,30200.0,30450.0,29700.0,31,-1.81%,541,30Dec2022,79,0
11-10-2022,30380.0,30550.0,30600.0,29770.0,66,-0.88%,545,30Dec2022,80,0
10-10-2022,30650.0,29840.0,30680.0,29460.0,86,4.61%,556,30Dec2022,81,0
07-10-2022,29300.0,29400.0,29500.0,29200.0,47,0.41%,549,30Dec2022,84,0
06-10-2022,29180.0,29420.0,29420.0,28900.0,18,-2.21%,523,30Dec2022,85,0
05-10-2022,29840.0,0.0,0.0,0.0,0,0.00%,517,30Dec2022,86,0
04-10-2022,29840.0,29300.0,30110.0,29280.0,56,2.30%,517,30Dec2022,87,0
03-10-2022,29170.0,29440.0,29650.0,29000.0,36,-1.22%,493,30Dec2022,88,0
30-09-2022,29530.0,29280.0,30250.0,29250.0,50,0.61%,481,30Dec2022,91,0
29-09-2022,29350.0,29550.0,29550.0,29220.0,44,-1.91%,469,30Dec2022,92,0
28-09-2022,29920.0,30440.0,30440.0,29600.0,80,-2.95%,446,30Dec2022,93,0
27-09-2022,30830.0,30400.0,31140.0,30300.0,34,-0.23%,387,30Dec2022,94,0
26-09-2022,30900.0,31000.0,31600.0,30800.0,38,-1.28%,367,30Dec2022,95,0
23-09-2022,31300.0,31350.0,31380.0,31020.0,16,-0.48%,347,30Dec2022,98,0
22-09-2022,31450.0,31510.0,31510.0,31400.0,5,-0.06%,335,30Dec2022,99,0
21-09-2022,31470.0,31360.0,31970.0,31080.0,42,-0.57%,336,30Dec2022,100,0
20-09-2022,31650.0,31510.0,32000.0,31300.0,17,0.57%,332,30Dec2022,101,0
19-09-2022,31470.0,32000.0,32000.0,31300.0,64,-1.90%,333,30Dec2022,102,0
16-09-2022,32080.0,33120.0,33140.0,32000.0,30,-3.29%,283,30Dec2022,105,0
15-09-2022,33170.0,33230.0,33230.0,33120.0,5,-0.03%,270,30Dec2022,106,0
14-09-2022,33180.0,33010.0,33400.0,33000.0,17,-1.54%,265,30Dec2022,107,0
13-09-2022,33700.0,34000.0,34000.0,33250.0,27,-0.85%,265,30Dec2022,108,0
12-09-2022,33990.0,34150.0,34170.0,33960.0,33,-1.45%,264,30Dec2022,109,0
09-09-2022,34490.0,0.0,0.0,0.0,0,0.00%,241,30Dec2022,112,0
08-09-2022,34490.0,34560.0,34860.0,34330.0,37,-0.58%,241,30Dec2022,113,0
07-09-2022,34690.0,34600.0,34810.0,34500.0,42,-0.57%,229,30Dec2022,114,0
06-09-2022,34890.0,34510.0,34990.0,34510.0,21,1.87%,233,30Dec2022,115,0
05-09-2022,34250.0,34500.0,34790.0,34020.0,12,-2.28%,225,30Dec2022,116,0
02-09-2022,35050.0,35250.0,35340.0,34900.0,27,-1.79%,222,30Dec2022,119,0
01-09-2022,35690.0,35500.0,35800.0,35500.0,4,-1.27%,218,30Dec2022,120,0
31-08-2022,36150.0,36150.0,36150.0,36150.0,1,-0.08%,217,30Dec2022,121,1
30-08-2022,36180.0,36700.0,36800.0,36100.0,107,-1.76%,661,30Nov2022,92,0
29-08-2022,36830.0,36800.0,37000.0,36700.0,14,-0.49%,586,30Nov2022,93,0
26-08-2022,37010.0,36450.0,37200.0,36300.0,67,1.26%,583,30Nov2022,96,0
25-08-2022,36550.0,36100.0,36740.0,35700.0,142,1.42%,579,30Nov2022,97,0
24-08-2022,36040.0,35650.0,36190.0,35520.0,54,0.73%,582,30Nov2022,98,0
23-08-2022,35780.0,36000.0,36040.0,35250.0,108,-1.21%,585,30Nov2022,99,0
22-08-2022,36220.0,37000.0,37430.0,36110.0,157,-0.39%,589,30Nov2022,100,0
19-08-2022,36360.0,36650.0,36650.0,36000.0,54,-0.76%,557,30Nov2022,103,0
18-08-2022,36640.0,38150.0,38600.0,36550.0,99,-1.82%,538,30Nov2022,104,0
17-08-2022,37320.0,38790.0,39000.0,37000.0,135,-0.13%,492,30Nov2022,105,0
16-08-2022,37370.0,36000.0,37370.0,36000.0,62,5.98%,454,30Nov2022,106,0
12-08-2022,35260.0,35740.0,36400.0,35010.0,69,-0.17%,452,30Nov2022,110,0
11-08-2022,35320.0,35350.0,35740.0,34900.0,31,1.09%,433,30Nov2022,111,0
10-08-2022,34940.0,34600.0,35140.0,34150.0,47,1.13%,415,30Nov2022,112,0
09-08-2022,34550.0,34710.0,35000.0,34200.0,48,2.04%,397,30Nov2022,113,0
08-08-2022,33860.0,34390.0,34390.0,33700.0,18,0.24%,366,30Nov2022,114,0
05-08-2022,33780.0,33700.0,34200.0,33600.0,32,0.93%,361,30Nov2022,117,0
04-08-2022,33470.0,34100.0,34100.0,33310.0,141,-0.36%,348,30Nov2022,118,0
03-08-2022,33590.0,33790.0,33800.0,33350.0,117,1.76%,250,30Nov2022,119,0
02-08-2022,33010.0,33000.0,33500.0,32700.0,70,0.18%,167,30Nov2022,120,0
01-08-2022,32950.0,34150.0,34190.0,32750.0,98,-10.34%,131,30Nov2022,121,1
29-07-2022,36750.0,36890.0,36950.0,36610.0,90,0.41%,362,31Oct2022,94,0
28-07-2022,36600.0,36680.0,37000.0,36250.0,79,0.66%,340,31Oct2022,95,0
27-07-2022,36360.0,35760.0,36720.0,35710.0,88,1.68%,313,31Oct2022,96,0
26-07-2022,35760.0,34900.0,35900.0,34900.0,74,3.00%,277,31Oct2022,97,0
25-07-2022,34720.0,34220.0,34890.0,34220.0,20,0.61%,254,31Oct2022,98,0
22-07-2022,34510.0,34450.0,34700.0,34130.0,13,0.88%,247,31Oct2022,101,0
21-07-2022,34210.0,34800.0,35200.0,34010.0,74,-1.04%,242,31Oct2022,102,0
20-07-2022,34570.0,34100.0,35100.0,34100.0,16,1.89%,209,31Oct2022,103,0
19-07-2022,33930.0,34000.0,34010.0,33800.0,8,-1.39%,196,31Oct2022,104,0
18-07-2022,34410.0,34100.0,34650.0,34100.0,35,2.93%,191,31Oct2022,105,0
15-07-2022,33430.0,32780.0,33780.0,32500.0,23,2.89%,187,31Oct2022,108,0
14-07-2022,32490.0,33000.0,33270.0,32040.0,7,-2.64%,190,31Oct2022,109,0
13-07-2022,33370.0,34000.0,34780.0,33320.0,61,-3.83%,190,31Oct2022,110,0
12-07-2022,34700.0,35100.0,35300.0,34190.0,18,-1.00%,171,31Oct2022,111,0
11-07-2022,35050.0,34750.0,35100.0,34700.0,18,-0.09%,172,31Oct2022,112,0
08-07-2022,35080.0,34700.0,35200.0,34300.0,21,1.10%,169,31Oct2022,115,0
07-07-2022,34700.0,34600.0,34800.0,34500.0,24,0.70%,168,31Oct2022,116,0
06-07-2022,34460.0,34300.0,34550.0,34300.0,26,0.20%,151,31Oct2022,117,0
05-07-2022,34390.0,34000.0,34500.0,34000.0,23,2.66%,130,31Oct2022,118,0
04-07-2022,33500.0,33500.0,33500.0,33500.0,1,-0.33%,115,31Oct2022,119,0
01-07-2022,33610.0,33800.0,33800.0,33550.0,9,-13.71%,114,31Oct2022,122,1
30-06-2022,38950.0,38850.0,39030.0,38800.0,7,-0.41%,45,30Aug2022,61,0
29-06-2022,39110.0,39000.0,39300.0,39000.0,8,0.75%,39,30Aug2022,62,0
28-06-2022,38820.0,38560.0,39210.0,38210.0,9,-2.46%,37,30Aug2022,63,0
27-06-2022,39800.0,40180.0,40180.0,39500.0,4,1.79%,37,30Aug2022,64,0
24-06-2022,39100.0,38800.0,39910.0,38700.0,20,-2.88%,37,30Aug2022,67,0
23-06-2022,40260.0,41110.0,41110.0,40260.0,26,-5.98%,23,30Aug2022,68,0
22-06-2022,42820.0,42820.0,42820.0,42820.0,1,-3.99%,9,30Aug2022,69,0
21-06-2022,44600.0,0.0,0.0,0.0,0,-1.11%,9,30Aug2022,70,0
20-06-2022,45100.0,0.0,0.0,0.0,0,0.00%,9,30Aug2022,71,0
17-06-2022,45100.0,0.0,0.0,0.0,0,0.00%,9,30Aug2022,74,0
16-06-2022,45100.0,0.0,0.0,0.0,0,0.00%,9,30Aug2022,75,0
15-06-2022,45100.0,0.0,0.0,0.0,0,0.00%,9,30Aug2022,76,0
14-06-2022,45100.0,0.0,0.0,0.0,0,0.00%,9,30Aug2022,77,0
13-06-2022,45100.0,0.0,0.0,0.0,0,0.00%,9,30Aug2022,78,0
10-06-2022,45100.0,0.0,0.0,0.0,0,0.00%,9,30Aug2022,81,0
09-06-2022,45100.0,0.0,0.0,0.0,0,1.44%,9,30Aug2022,82,0
08-06-2022,44460.0,44460.0,44460.0,44460.0,1,-0.69%,9,30Aug2022,83,0
07-06-2022,44770.0,0.0,0.0,0.0,0,0.00%,8,30Aug2022,84,0
06-06-2022,44770.0,0.0,0.0,0.0,0,0.00%,8,30Aug2022,85,0
03-06-2022,44770.0,45430.0,45430.0,44600.0,5,2.47%,8,30Aug2022,88,0
02-06-2022,43690.0,43200.0,43900.0,43200.0,11,-2.91%,7,30Aug2022,89,0
01-06-2022,45000.0,0.0,0.0,0.0,0,-1.19%,0,30Aug2022,90,1
31-05-2022,45540.0,45590.0,45810.0,45330.0,31,0.40%,127,29Jul2022,59,0
30-05-2022,45360.0,45930.0,46300.0,44960.0,74,-1.26%,121,29Jul2022,60,0
27-05-2022,45940.0,46390.0,46580.0,45850.0,96,-2.50%,101,29Jul2022,63,0
26-05-2022,47120.0,47230.0,47340.0,46530.0,8,-0.46%,49,29Jul2022,64,0
25-05-2022,47340.0,46700.0,47670.0,46700.0,44,-0.42%,51,29Jul2022,65,0
24-05-2022,47540.0,47700.0,47700.0,47380.0,6,-0.46%,28,29Jul2022,66,0
23-05-2022,47760.0,47500.0,47980.0,47420.0,11,-1.18%,24,29Jul2022,67,0
20-05-2022,48330.0,49200.0,49200.0,47360.0,11,-1.23%,13,29Jul2022,70,0
19-05-2022,48930.0,48970.0,49000.0,48610.0,6,-1.11%,11,29Jul2022,71,0
18-05-2022,49480.0,49480.0,49480.0,49480.0,1,-0.08%,7,29Jul2022,72,0
17-05-2022,49520.0,0.0,0.0,0.0,0,0.00%,6,29Jul2022,73,0
16-05-2022,49520.0,49400.0,49890.0,49300.0,8,2.10%,6,29Jul2022,74,0
13-05-2022,48500.0,0.0,0.0,0.0,0,1.89%,0,29Jul2022,77,0
12-05-2022,47600.0,0.0,0.0,0.0,0,0.00%,0,29Jul2022,78,0
11-05-2022,47600.0,0.0,0.0,0.0,0,0.63%,0,29Jul2022,79,0
10-05-2022,47300.0,0.0,0.0,0.0,0,2.60%,0,29Jul2022,80,0
09-05-2022,46100.0,0.0,0.0,0.0,0,0.00%,0,29Jul2022,81,0
06-05-2022,46100.0,0.0,0.0,0.0,0,0.00%,0,29Jul2022,84,0
05-05-2022,46100.0,0.0,0.0,0.0,0,1.54%,0,29Jul2022,85,0
04-05-2022,45400.0,0.0,0.0,0.0,0,0.00%,0,29Jul2022,86,0
03-05-2022,45400.0,0.0,0.0,0.0,0,0.00%,0,29Jul2022,87,0
02-05-2022,45400.0,0.0,0.0,0.0,0,-0.72%,0,29Jul2022,88,1
29-04-2022,45730.0,45930.0,46320.0,45460.0,119,0.77%,273,30Jun2022,62,0
28-04-2022,45380.0,44880.0,45510.0,44750.0,182,1.79%,207,30Jun2022,63,0
27-04-2022,44580.0,43930.0,44680.0,43750.0,131,1.53%,138,30Jun2022,64,0
26-04-2022,43910.0,43780.0,44000.0,43780.0,14,0.85%,84,30Jun2022,65,0
25-04-2022,43540.0,43860.0,43860.0,43420.0,20,-1.18%,75,30Jun2022,66,0
22-04-2022,44060.0,44230.0,44250.0,43960.0,77,-1.65%,59,30Jun2022,69,0
21-04-2022,44800.0,44800.0,44800.0,44800.0,1,-0.29%,2,30Jun2022,70,0
20-04-2022,44930.0,44930.0,44930.0,44930.0,1,0.69%,1,30Jun2022,71,0
19-04-2022,44620.0,0.0,0.0,0.0,0,0.00%,1,30Jun2022,72,0
18-04-2022,44620.0,44620.0,44620.0,44620.0,1,1.99%,1,30Jun2022,73,0
14-04-2022,43750.0,0.0,0.0,0.0,0,0.00%,0,30Jun2022,77,0
13-04-2022,43750.0,0.0,0.0,0.0,0,0.00%,0,30Jun2022,78,0
12-04-2022,43750.0,0.0,0.0,0.0,0,0.00%,0,30Jun2022,79,0
11-04-2022,43750.0,0.0,0.0,0.0,0,0.00%,0,30Jun2022,80,0
08-04-2022,43750.0,0.0,0.0,0.0,0,0.46%,0,30Jun2022,83,0
07-04-2022,43550.0,0.0,0.0,0.0,0,0.00%,0,30Jun2022,84,0
06-04-2022,43550.0,0.0,0.0,0.0,0,0.00%,0,30Jun2022,85,0
05-04-2022,43550.0,0.0,0.0,0.0,0,1.28%,0,30Jun2022,86,0
04-04-2022,43000.0,0.0,0.0,0.0,0,0.00%,0,30Jun2022,87,0
01-04-2022,43000.0,0.0,0.0,0.0,0,0.94%,0,30Jun2022,90,1
31-03-2022,42600.0,43050.0,43750.0,42500.0,121,-0.21%,86,31May2022,61,0
30-03-2022,42690.0,41990.0,43040.0,41930.0,21,0.73%,44,31May2022,62,0
29-03-2022,42380.0,42220.0,42650.0,42180.0,51,0.74%,35,31May2022,63,0
28-03-2022,42070.0,42870.0,43210.0,41890.0,36,0.29%,13,31May2022,64,0
25-03-2022,41950.0,0.0,0.0,0.0,0,1.94%,2,31May2022,67,0
24-03-2022,41150.0,41050.0,41240.0,41050.0,6,1.45%,2,31May2022,68,0
23-03-2022,40560.0,40150.0,41390.0,40150.0,3,0.15%,2,31May2022,69,0
22-03-2022,40500.0,0.0,0.0,0.0,0,0.00%,0,31May2022,70,0
21-03-2022,40500.0,0.0,0.0,0.0,0,3.58%,0,31May2022,71,0
18-03-2022,39100.0,0.0,0.0,0.0,0,0.00%,0,31May2022,74,0
17-03-2022,39100.0,0.0,0.0,0.0,0,1.30%,0,31May2022,75,0
16-03-2022,38600.0,0.0,0.0,0.0,0,2.93%,0,31May2022,76,0
15-03-2022,37500.0,0.0,0.0,0.0,0,0.00%,0,31May2022,77,0
14-03-2022,37500.0,0.0,0.0,0.0,0,0.00%,0,31May2022,78,0
11-03-2022,37500.0,0.0,0.0,0.0,0,0.00%,0,31May2022,81,0
10-03-2022,37500.0,0.0,0.0,0.0,0,0.00%,0,31May2022,82,0
09-03-2022,37500.0,0.0,0.0,0.0,0,0.00%,0,31May2022,83,0
08-03-2022,37500.0,0.0,0.0,0.0,0,0.00%,0,31May2022,84,0
07-03-2022,37500.0,0.0,0.0,0.0,0,0.00%,0,31May2022,85,0
04-03-2022,37500.0,0.0,0.0,0.0,0,0.00%,0,31May2022,88,0
03-03-2022,37500.0,0.0,0.0,0.0,0,0.00%,0,31May2022,89,0
02-03-2022,37500.0,0.0,0.0,0.0,0,0.00%,0,31May2022,90,0
01-03-2022,37500.0,0.0,0.0,0.0,0,1.90%,0,31May2022,91,1
28-02-2022,36800.0,36750.0,37150.0,36600.0,198,-0.81%,230,29Apr2022,60,0
25-02-2022,37100.0,37610.0,37620.0,36860.0,51,-0.83%,141,29Apr2022,63,0
24-02-2022,37410.0,37440.0,38060.0,37030.0,96,-0.56%,120,29Apr2022,64,0
23-02-2022,37620.0,37630.0,37650.0,37450.0,17,0.45%,74,29Apr2022,65,0
22-02-2022,37450.0,37450.0,37630.0,37240.0,12,-1.21%,63,29Apr2022,66,0
21-02-2022,37910.0,38500.0,38500.0,37620.0,18,-1.35%,57,29Apr2022,67,0
18-02-2022,38430.0,38410.0,38620.0,38330.0,44,-0.36%,57,29Apr2022,70,0
17-02-2022,38570.0,38470.0,38610.0,38470.0,34,-0.08%,36,29Apr2022,71,0
16-02-2022,38600.0,38600.0,38600.0,38600.0,1,-0.21%,8,29Apr2022,72,0
15-02-2022,38680.0,38960.0,38960.0,38620.0,6,-1.12%,7,29Apr2022,73,0
14-02-2022,39120.0,0.0,0.0,0.0,0,0.00%,5,29Apr2022,74,0
11-02-2022,39120.0,39120.0,39160.0,39100.0,6,3.22%,5,29Apr2022,77,0
10-02-2022,37900.0,0.0,0.0,0.0,0,0.00%,0,29Apr2022,78,0
09-02-2022,37900.0,0.0,0.0,0.0,0,0.00%,0,29Apr2022,79,0
08-02-2022,37900.0,0.0,0.0,0.0,0,0.40%,0,29Apr2022,80,0
07-02-2022,37750.0,0.0,0.0,0.0,0,0.00%,0,29Apr2022,81,0
04-02-2022,37750.0,0.0,0.0,0.0,0,0.00%,0,29Apr2022,84,0
03-02-2022,37750.0,0.0,0.0,0.0,0,0.40%,0,29Apr2022,85,0
02-02-2022,37600.0,0.0,0.0,0.0,0,1.62%,0,29Apr2022,86,0
01-02-2022,37000.0,0.0,0.0,0.0,0,-1.93%,0,29Apr2022,87,1
31-01-2022,37730.0,37740.0,37870.0,37690.0,260,1.45%,347,31Mar2022,59,0
28-01-2022,37190.0,37280.0,37280.0,36950.0,119,-0.59%,219,31Mar2022,62,0
27-01-2022,37410.0,37200.0,37440.0,37070.0,106,0.73%,167,31Mar2022,63,0
25-01-2022,37140.0,36810.0,37200.0,36690.0,35,0.38%,101,31Mar2022,65,0
24-01-2022,37000.0,36920.0,37150.0,36850.0,29,0.52%,89,31Mar2022,66,0
21-01-2022,36810.0,36850.0,37000.0,36620.0,16,-0.54%,85,31Mar2022,69,0
20-01-2022,37010.0,38080.0,38110.0,36900.0,52,-0.88%,80,31Mar2022,70,0
19-01-2022,37340.0,37100.0,37700.0,37100.0,18,1.52%,53,31Mar2022,71,0
18-01-2022,36780.0,36700.0,36900.0,36700.0,16,1.52%,38,31Mar2022,72,0
17-01-2022,36230.0,36080.0,36270.0,36080.0,6,0.92%,26,31Mar2022,73,0
14-01-2022,35900.0,35890.0,35930.0,35850.0,9,-0.50%,21,31Mar2022,76,0
13-01-2022,36080.0,35950.0,36220.0,35950.0,11,0.78%,19,31Mar2022,77,0
12-01-2022,35800.0,35820.0,36130.0,35710.0,20,2.87%,14,31Mar2022,78,0
11-01-2022,34800.0,0.0,0.0,0.0,0,4.82%,0,31Mar2022,79,0
10-01-2022,33200.0,0.0,0.0,0.0,0,2.06%,0,31Mar2022,80,0
07-01-2022,32530.0,0.0,0.0,0.0,0,0.00%,0,31Mar2022,83,0
06-01-2022,32530.0,0.0,0.0,0.0,0,0.00%,0,31Mar2022,84,0
05-01-2022,32530.0,0.0,0.0,0.0,0,0.00%,0,31Mar2022,85,0
04-01-2022,32530.0,0.0,0.0,0.0,0,0.00%,0,31Mar2022,86,0
03-01-2022,32530.0,0.0,0.0,0.0,0,-5.57%,0,31Mar2022,87,1
31-12-2021,34450.0,34300.0,34570.0,34250.0,161,0.17%,355,28Feb2022,59,0
30-12-2021,34390.0,34220.0,34400.0,34070.0,325,1.12%,306,28Feb2022,60,0
29-12-2021,34010.0,33830.0,34060.0,33600.0,75,0.44%,143,28Feb2022,61,0
28-12-2021,33860.0,33680.0,34170.0,33680.0,76,1.14%,106,28Feb2022,62,0
27-12-2021,33480.0,33270.0,33570.0,33240.0,34,0.84%,65,28Feb2022,63,0
24-12-2021,33200.0,32790.0,33250.0,32700.0,32,1.31%,50,28Feb2022,66,0
23-12-2021,32770.0,32650.0,32830.0,32650.0,14,0.83%,32,28Feb2022,67,0
22-12-2021,32500.0,32470.0,32540.0,32460.0,11,0.93%,26,28Feb2022,68,0
21-12-2021,32200.0,0.0,0.0,0.0,0,0.00%,27,28Feb2022,69,0
20-12-2021,32200.0,32330.0,32330.0,32100.0,8,-1.38%,27,28Feb2022,70,0
17-12-2021,32650.0,32750.0,32750.0,32550.0,2,1.08%,26,28Feb2022,73,0
16-12-2021,32300.0,32170.0,32400.0,32170.0,4,1.44%,25,28Feb2022,74,0
15-12-2021,31840.0,31730.0,31900.0,31730.0,15,0.66%,23,28Feb2022,75,0
14-12-2021,31630.0,31630.0,31630.0,31630.0,1,-0.38%,11,28Feb2022,76,0
13-12-2021,31750.0,0.0,0.0,0.0,0,0.63%,10,28Feb2022,77,0
10-12-2021,31550.0,31550.0,31550.0,31550.0,1,-0.44%,10,28Feb2022,80,0
09-12-2021,31690.0,31850.0,31850.0,31600.0,9,0.44%,9,28Feb2022,81,0
08-12-2021,31550.0,31490.0,31600.0,31490.0,2,-2.32%,5,28Feb2022,82,0
07-12-2021,32300.0,0.0,0.0,0.0,0,0.00%,7,28Feb2022,83,0
06-12-2021,32300.0,32300.0,32300.0,32300.0,2,2.87%,7,28Feb2022,84,0
03-12-2021,31400.0,31400.0,31400.0,31400.0,5,-3.98%,5,28Feb2022,87,0
02-12-2021,32700.0,0.0,0.0,0.0,0,0.00%,0,28Feb2022,88,0
01-12-2021,32700.0,0.0,0.0,0.0,0,5.11%,0,28Feb2022,89,1
30-11-2021,31110.0,31600.0,31700.0,31070.0,150,-2.93%,213,31Jan2022,62,0
29-11-2021,32050.0,32000.0,32200.0,31600.0,132,0.41%,187,31Jan2022,63,0
26-11-2021,31920.0,32980.0,33520.0,31860.0,157,-3.54%,170,31Jan2022,66,0
25-11-2021,33090.0,32520.0,33150.0,32470.0,97,1.41%,180,31Jan2022,67,0
24-11-2021,32630.0,32380.0,32650.0,32350.0,40,1.15%,158,31Jan2022,68,0
23-11-2021,32260.0,32300.0,32470.0,32100.0,42,-0.71%,131,31Jan2022,69,0
22-11-2021,32490.0,32160.0,32700.0,32150.0,56,1.03%,120,31Jan2022,70,0
19-11-2021,32160.0,32000.0,32300.0,32000.0,10,0.56%,99,31Jan2022,73,0
18-11-2021,31980.0,31720.0,32300.0,31590.0,50,1.72%,89,31Jan2022,74,0
17-11-2021,31440.0,31450.0,31580.0,31280.0,18,-2.15%,65,31Jan2022,75,0
16-11-2021,32130.0,32210.0,32210.0,31980.0,9,0.22%,64,31Jan2022,76,0
15-11-2021,32060.0,32330.0,32350.0,31980.0,16,-0.99%,64,31Jan2022,77,0
12-11-2021,32380.0,32380.0,32380.0,32380.0,2,-1.16%,65,31Jan2022,80,0
11-11-2021,32760.0,32830.0,32850.0,32480.0,10,-0.70%,64,31Jan2022,81,0
10-11-2021,32990.0,32990.0,32990.0,32990.0,2,1.98%,58,31Jan2022,82,0
09-11-2021,32350.0,32300.0,32360.0,31620.0,35,-0.74%,57,31Jan2022,83,0
08-11-2021,32590.0,0.0,0.0,0.0,0,0.00%,41,31Jan2022,84,0
05-11-2021,32590.0,32590.0,32590.0,32590.0,1,-1.57%,41,31Jan2022,87,0
04-11-2021,33110.0,33140.0,33140.0,33050.0,22,0.39%,41,31Jan2022,88,0
03-11-2021,32980.0,33130.0,33180.0,32800.0,18,-1.52%,25,31Jan2022,89,0
02-11-2021,33490.0,33740.0,33740.0,33310.0,12,2.10%,19,31Jan2022,90,0
01-11-2021,32800.0,32180.0,32800.0,32180.0,15,0.06%,16,31Jan2022,91,1
29-10-2021,32780.0,32240.0,32890.0,32180.0,897,2.09%,2042,31Dec2021,63,0
28-10-2021,32110.0,31720.0,32230.0,31610.0,387,1.36%,1935,31Dec2021,64,0
27-10-2021,31680.0,31500.0,31810.0,31240.0,314,0.60%,1875,31Dec2021,65,0
26-10-2021,31490.0,31190.0,31500.0,31060.0,143,1.22%,1894,31Dec2021,66,0
25-10-2021,31110.0,31110.0,31500.0,31000.0,353,0.94%,1896,31Dec2021,67,0
22-10-2021,30820.0,30600.0,30930.0,30410.0,192,0.78%,1914,31Dec2021,70,0
21-10-2021,30580.0,30880.0,31190.0,30500.0,373,-0.52%,1904,31Dec2021,71,0
20-10-2021,30740.0,30000.0,30900.0,29860.0,189,2.09%,1877,31Dec2021,72,0
19-10-2021,30110.0,30140.0,30460.0,29800.0,160,-0.50%,1819,31Dec2021,73,0
18-10-2021,30260.0,30680.0,30850.0,30180.0,257,-0.03%,1761,31Dec2021,74,0
15-10-2021,30270.0,30710.0,30980.0,30200.0,340,1.41%,1625,31Dec2021,77,0
14-10-2021,29850.0,29800.0,30020.0,29700.0,119,1.15%,1450,31Dec2021,78,0
13-10-2021,29510.0,29810.0,29820.0,29340.0,371,-2.32%,1398,31Dec2021,79,0
12-10-2021,30210.0,30150.0,30620.0,30150.0,114,0.30%,1238,31Dec2021,80,0
11-10-2021,30120.0,29940.0,30270.0,29800.0,205,-0.95%,1202,31Dec2021,81,0
08-10-2021,30410.0,30190.0,30850.0,30010.0,472,2.70%,1086,31Dec2021,84,0
07-10-2021,29610.0,29770.0,30200.0,29000.0,206,0.89%,826,31Dec2021,85,0
06-10-2021,29350.0,29510.0,30300.0,29300.0,195,1.45%,727,31Dec2021,86,0
05-10-2021,28930.0,28000.0,29010.0,27950.0,166,3.69%,658,31Dec2021,87,0
04-10-2021,27900.0,27900.0,28120.0,27430.0,126,-0.78%,572,31Dec2021,88,0
01-10-2021,28120.0,27860.0,28300.0,27790.0,166,1.55%,494,31Dec2021,91,0
30-09-2021,27690.0,27820.0,28040.0,27530.0,98,0.33%,350,31Dec2021,92,0
29-09-2021,27600.0,26780.0,28040.0,26730.0,178,4.07%,269,31Dec2021,93,0
28-09-2021,26520.0,26490.0,26800.0,26420.0,62,0.04%,219,31Dec2021,94,0
27-09-2021,26510.0,26350.0,26650.0,26200.0,54,2.51%,171,31Dec2021,95,0
24-09-2021,25860.0,25350.0,25940.0,25240.0,23,2.62%,134,31Dec2021,98,0
23-09-2021,25200.0,0.0,0.0,0.0,0,0.00%,115,31Dec2021,99,0
22-09-2021,25200.0,0.0,0.0,0.0,0,0.00%,115,31Dec2021,100,0
21-09-2021,25200.0,25200.0,25200.0,25200.0,1,0.24%,115,31Dec2021,101,0
20-09-2021,25140.0,25210.0,25210.0,25000.0,16,-0.44%,115,31Dec2021,102,0
17-09-2021,25250.0,25250.0,25250.0,25250.0,1,-1.02%,111,31Dec2021,105,0
16-09-2021,25510.0,25400.0,25590.0,25400.0,12,0.55%,111,31Dec2021,106,0
15-09-2021,25370.0,25320.0,25410.0,25320.0,5,0.00%,105,31Dec2021,107,0
14-09-2021,25370.0,25370.0,25370.0,25370.0,1,-0.24%,100,31Dec2021,108,0
13-09-2021,25430.0,25530.0,25530.0,25370.0,6,-1.09%,101,31Dec2021,109,0
10-09-2021,25710.0,0.0,0.0,0.0,0,0.00%,97,31Dec2021,112,0
09-09-2021,25710.0,25700.0,25750.0,25690.0,17,0.23%,97,31Dec2021,113,0
08-09-2021,25650.0,25410.0,25700.0,25400.0,76,1.10%,83,31Dec2021,114,0
07-09-2021,25370.0,0.0,0.0,0.0,0,0.00%,12,31Dec2021,115,0
06-09-2021,25370.0,0.0,0.0,0.0,0,0.00%,12,31Dec2021,116,0
03-09-2021,25370.0,25300.0,25500.0,25300.0,7,-0.04%,12,31Dec2021,119,0
02-09-2021,25380.0,25350.0,25400.0,25350.0,2,1.12%,5,31Dec2021,120,0
01-09-2021,25100.0,25100.0,25100.0,25100.0,1,-0.79%,3,31Dec2021,121,1
31-08-2021,25300.0,25610.0,25610.0,24680.0,75,-1.56%,37,30Nov2021,91,0
30-08-2021,25700.0,0.0,0.0,0.0,0,-1.34%,2,30Nov2021,92,0
27-08-2021,26050.0,26000.0,26100.0,26000.0,2,0.19%,2,30Nov2021,95,0
26-08-2021,26000.0,0.0,0.0,0.0,0,0.00%,0,30Nov2021,96,0
25-08-2021,26000.0,0.0,0.0,0.0,0,0.00%,0,30Nov2021,97,0
24-08-2021,26000.0,0.0,0.0,0.0,0,0.00%,0,30Nov2021,98,0
23-08-2021,26000.0,0.0,0.0,0.0,0,0.00%,0,30Nov2021,99,0
20-08-2021,26000.0,0.0,0.0,0.0,0,-1.70%,0,30Nov2021,102,0
19-08-2021,26450.0,0.0,0.0,0.0,0,0.00%,0,30Nov2021,103,0
18-08-2021,26450.0,0.0,0.0,0.0,0,1.93%,0,30Nov2021,104,0
17-08-2021,25950.0,0.0,0.0,0.0,0,0.00%,0,30Nov2021,105,0
16-08-2021,25950.0,0.0,0.0,0.0,0,0.00%,0,30Nov2021,106,0
13-08-2021,25950.0,0.0,0.0,0.0,0,0.00%,0,30Nov2021,109,0
12-08-2021,25950.0,0.0,0.0,0.0,0,0.00%,0,30Nov2021,110,0
11-08-2021,25950.0,0.0,0.0,0.0,0,0.00%,0,30Nov2021,111,0
10-08-2021,25950.0,0.0,0.0,0.0,0,0.00%,0,30Nov2021,112,0
09-08-2021,25950.0,0.0,0.0,0.0,0,0.00%,0,30Nov2021,113,0
06-08-2021,25950.0,0.0,0.0,0.0,0,1.76%,0,30Nov2021,116,0
05-08-2021,25500.0,0.0,0.0,0.0,0,0.00%,0,30Nov2021,117,0
04-08-2021,25500.0,0.0,0.0,0.0,0,3.91%,0,30Nov2021,118,0
03-08-2021,24540.0,0.0,0.0,0.0,0,3.98%,0,30Nov2021,119,0
02-08-2021,23600.0,0.0,0.0,0.0,0,-10.13%,0,30Nov2021,120,1
30-07-2021,26260.0,26250.0,26260.0,26250.0,8,0.00%,72,29Oct2021,91,0
29-07-2021,26260.0,26250.0,26490.0,26110.0,38,0.08%,70,29Oct2021,92,0
28-07-2021,26240.0,25950.0,26250.0,25950.0,18,1.43%,57,29Oct2021,93,0
27-07-2021,25870.0,26000.0,26000.0,25750.0,14,0.35%,42,29Oct2021,94,0
26-07-2021,25780.0,25860.0,25880.0,25750.0,17,-0.27%,33,29Oct2021,95,0
23-07-2021,25850.0,25700.0,26000.0,25700.0,11,1.02%,19,29Oct2021,98,0
22-07-2021,25590.0,25590.0,25590.0,25590.0,1,0.35%,10,29Oct2021,99,0
21-07-2021,25500.0,25500.0,25500.0,25500.0,1,1.92%,9,29Oct2021,100,0
20-07-2021,25020.0,0.0,0.0,0.0,0,0.00%,9,29Oct2021,101,0
19-07-2021,25020.0,25010.0,25120.0,24880.0,8,0.28%,9,29Oct2021,102,0
16-07-2021,24950.0,24900.0,25000.0,24900.0,2,0.69%,8,29Oct2021,105,0
15-07-2021,24780.0,24960.0,24960.0,24530.0,4,0.57%,6,29Oct2021,106,0
14-07-2021,24640.0,24480.0,24940.0,24480.0,3,2.67%,6,29Oct2021,107,0
13-07-2021,24000.0,0.0,0.0,0.0,0,0.00%,5,29Oct2021,108,0
12-07-2021,24000.0,0.0,0.0,0.0,0,0.00%,5,29Oct2021,109,0
09-07-2021,24000.0,0.0,0.0,0.0,0,0.00%,5,29Oct2021,112,0
08-07-2021,24000.0,24000.0,24000.0,24000.0,2,-1.03%,5,29Oct2021,113,0
07-07-2021,24250.0,24250.0,24250.0,24250.0,1,1.89%,3,29Oct2021,114,0
06-07-2021,23800.0,0.0,0.0,0.0,0,0.85%,2,29Oct2021,115,0
05-07-2021,23600.0,23600.0,23600.0,23600.0,1,2.25%,2,29Oct2021,116,0
02-07-2021,23080.0,0.0,0.0,0.0,0,0.00%,1,29Oct2021,119,0
01-07-2021,23080.0,0.0,0.0,0.0,0,-7.01%,1,29Oct2021,120,1
30-06-2021,24820.0,24900.0,25270.0,24790.0,88,-0.56%,179,31Aug2021,62,0
29-06-2021,24960.0,24890.0,24980.0,24840.0,62,0.44%,179,31Aug2021,63,0
28-06-2021,24850.0,24970.0,24970.0,24750.0,35,0.08%,147,31Aug2021,64,0
25-06-2021,24830.0,24780.0,24860.0,24730.0,75,0.53%,133,31Aug2021,67,0
24-06-2021,24700.0,24570.0,24840.0,24570.0,75,1.40%,88,31Aug2021,68,0
23-06-2021,24360.0,24320.0,24410.0,24300.0,4,1.54%,31,31Aug2021,69,0
22-06-2021,23990.0,0.0,0.0,0.0,0,0.00%,27,31Aug2021,70,0
21-06-2021,23990.0,23990.0,24000.0,23990.0,3,-0.04%,27,31Aug2021,71,0
18-06-2021,24000.0,24000.0,24000.0,24000.0,1,-1.48%,28,31Aug2021,74,0
17-06-2021,24360.0,0.0,0.0,0.0,0,0.00%,28,31Aug2021,75,0
16-06-2021,24360.0,24360.0,24360.0,24360.0,1,-0.20%,28,31Aug2021,76,0
15-06-2021,24410.0,24400.0,24440.0,24400.0,3,1.41%,28,31Aug2021,77,0
14-06-2021,24070.0,24100.0,24160.0,24030.0,11,-1.71%,26,31Aug2021,78,0
11-06-2021,24490.0,24550.0,24550.0,24370.0,6,-0.20%,21,31Aug2021,81,0
10-06-2021,24540.0,24750.0,24750.0,24480.0,18,-1.05%,18,31Aug2021,82,0
09-06-2021,24800.0,24960.0,24960.0,24700.0,4,3.33%,4,31Aug2021,83,0
08-06-2021,24000.0,0.0,0.0,0.0,0,0.00%,0,31Aug2021,84,0
07-06-2021,24000.0,0.0,0.0,0.0,0,2.13%,0,31Aug2021,85,0
04-06-2021,23500.0,0.0,0.0,0.0,0,1.21%,0,31Aug2021,88,0
03-06-2021,23220.0,0.0,0.0,0.0,0,0.00%,0,31Aug2021,89,0
02-06-2021,23220.0,0.0,0.0,0.0,0,0.00%,0,31Aug2021,90,0
01-06-2021,23220.0,0.0,0.0,0.0,0,-2.60%,0,31Aug2021,91,1
31-05-2021,23840.0,23530.0,23870.0,23530.0,149,1.45%,208,30Jul2021,60,0
28-05-2021,23500.0,23450.0,23520.0,23370.0,83,0.77%,114,30Jul2021,63,0
27-05-2021,23320.0,23050.0,23380.0,23050.0,43,1.26%,51,30Jul2021,64,0
26-05-2021,23030.0,23090.0,23090.0,22940.0,21,-0.13%,27,30Jul2021,65,0
25-05-2021,23060.0,22800.0,23120.0,22800.0,16,1.41%,14,30Jul2021,66,0
24-05-2021,22740.0,22650.0,22800.0,22650.0,7,0.13%,6,30Jul2021,67,0
21-05-2021,22710.0,0.0,0.0,0.0,0,0.00%,3,30Jul2021,70,0
20-05-2021,22710.0,22710.0,22710.0,22710.0,1,0.49%,3,30Jul2021,71,0
19-05-2021,22600.0,22600.0,22600.0,22600.0,1,-0.40%,4,30Jul2021,72,0
18-05-2021,22690.0,0.0,0.0,0.0,0,0.00%,3,30Jul2021,73,0
17-05-2021,22690.0,22690.0,22690.0,22690.0,1,0.44%,3,30Jul2021,74,0
14-05-2021,22590.0,22590.0,22590.0,22590.0,1,-0.48%,3,30Jul2021,77,0
13-05-2021,22700.0,0.0,0.0,0.0,0,0.00%,3,30Jul2021,78,0
12-05-2021,22700.0,22600.0,22790.0,22600.0,2,2.71%,3,30Jul2021,79,0
11-05-2021,22100.0,0.0,0.0,0.0,0,0.00%,2,30Jul2021,80,0
10-05-2021,22100.0,0.0,0.0,0.0,0,0.00%,2,30Jul2021,81,0
07-05-2021,22100.0,0.0,0.0,0.0,0,-1.78%,2,30Jul2021,84,0
06-05-2021,22500.0,22630.0,22630.0,22240.0,3,1.12%,2,30Jul2021,85,0
05-05-2021,22250.0,0.0,0.0,0.0,0,0.00%,0,30Jul2021,86,0
04-05-2021,22250.0,0.0,0.0,0.0,0,0.00%,0,30Jul2021,87,0
03-05-2021,22250.0,0.0,0.0,0.0,0,0.36%,0,30Jul2021,88,1
30-04-2021,22170.0,22060.0,22200.0,21940.0,31,0.23%,79,30Jun2021,61,0
29-04-2021,22120.0,22120.0,22150.0,22060.0,21,-0.72%,74,30Jun2021,62,0
28-04-2021,22280.0,22290.0,22290.0,22270.0,3,-0.45%,63,30Jun2021,63,0
27-04-2021,22380.0,22200.0,22400.0,22200.0,29,0.99%,61,30Jun2021,64,0
26-04-2021,22160.0,22200.0,22200.0,22080.0,3,0.18%,57,30Jun2021,65,0
23-04-2021,22120.0,22080.0,22220.0,22080.0,10,0.68%,58,30Jun2021,68,0
22-04-2021,21970.0,0.0,0.0,0.0,0,0.00%,50,30Jun2021,69,0
21-04-2021,21970.0,0.0,0.0,0.0,0,0.00%,50,30Jun2021,70,0
20-04-2021,21970.0,0.0,0.0,0.0,0,0.00%,50,30Jun2021,71,0
19-04-2021,21970.0,21900.0,22050.0,21900.0,3,-0.63%,50,30Jun2021,72,0
16-04-2021,22110.0,22160.0,22160.0,22070.0,11,-1.56%,49,30Jun2021,75,0
15-04-2021,22460.0,22420.0,22480.0,22400.0,6,2.00%,39,30Jun2021,76,0
14-04-2021,22020.0,0.0,0.0,0.0,0,0.00%,43,30Jun2021,77,0
13-04-2021,22020.0,22030.0,22030.0,22000.0,2,0.05%,43,30Jun2021,78,0
12-04-2021,22010.0,22320.0,22320.0,21980.0,32,-2.22%,43,30Jun2021,79,0
09-04-2021,22510.0,22600.0,22600.0,22500.0,35,0.58%,35,30Jun2021,82,0
08-04-2021,22380.0,22380.0,22380.0,22380.0,4,1.73%,4,30Jun2021,83,0
07-04-2021,22000.0,0.0,0.0,0.0,0,0.00%,0,30Jun2021,84,0
06-04-2021,22000.0,0.0,0.0,0.0,0,0.00%,0,30Jun2021,85,0
05-04-2021,22000.0,0.0,0.0,0.0,0,-1.57%,0,30Jun2021,86,0
01-04-2021,22350.0,0.0,0.0,0.0,0,2.71%,0,30Jun2021,90,1
31-03-2021,21760.0,21600.0,21880.0,21580.0,309,0.00%,497,31May2021,61,0
30-03-2021,21760.0,21790.0,21790.0,21590.0,48,1.21%,422,31May2021,62,0
29-03-2021,21500.0,21370.0,21670.0,21370.0,9,0.56%,436,31May2021,63,0
26-03-2021,21380.0,20800.0,21460.0,20680.0,259,1.86%,436,31May2021,66,0
25-03-2021,20990.0,21430.0,21460.0,20900.0,150,-2.55%,373,31May2021,67,0
24-03-2021,21540.0,21660.0,21660.0,21500.0,134,-1.46%,332,31May2021,68,0
23-03-2021,21860.0,21870.0,21930.0,21810.0,18,-0.41%,268,31May2021,69,0
22-03-2021,21950.0,22040.0,22040.0,21850.0,62,-1.70%,251,31May2021,70,0
19-03-2021,22330.0,22380.0,22380.0,22260.0,40,-1.11%,237,31May2021,73,0
18-03-2021,22580.0,22700.0,22700.0,22550.0,56,-0.62%,214,31May2021,74,0
17-03-2021,22720.0,22760.0,22770.0,22700.0,33,-0.39%,179,31May2021,75,0
16-03-2021,22810.0,22760.0,22900.0,22760.0,11,0.00%,152,31May2021,76,0
15-03-2021,22810.0,22840.0,22840.0,22790.0,25,0.53%,146,31May2021,77,0
12-03-2021,22690.0,22750.0,22840.0,22670.0,74,-0.53%,140,31May2021,80,0
11-03-2021,22810.0,22780.0,22810.0,22750.0,51,1.15%,82,31May2021,81,0
10-03-2021,22550.0,22540.0,22620.0,22510.0,38,-1.18%,68,31May2021,82,0
09-03-2021,22820.0,22860.0,22860.0,22770.0,13,-0.22%,42,31May2021,83,0
08-03-2021,22870.0,22900.0,22900.0,22860.0,10,0.70%,29,31May2021,84,0
05-03-2021,22710.0,22810.0,22810.0,22670.0,18,-0.87%,21,31May2021,87,0
04-03-2021,22910.0,0.0,0.0,0.0,0,0.00%,5,31May2021,88,0
03-03-2021,22910.0,22900.0,22950.0,22850.0,6,1.82%,5,31May2021,89,0
02-03-2021,22500.0,0.0,0.0,0.0,0,0.00%,0,31May2021,90,0
01-03-2021,22500.0,0.0,0.0,0.0,0,1.35%,0,31May2021,91,1
26-02-2021,22200.0,22410.0,22410.0,22060.0,420,-1.55%,1730,30Apr2021,63,0
25-02-2021,22550.0,22480.0,22760.0,22480.0,714,0.89%,1554,30Apr2021,64,0
24-02-2021,22350.0,22330.0,22360.0,22240.0,301,-0.04%,1232,30Apr2021,65,0
23-02-2021,22360.0,22400.0,22430.0,22320.0,386,0.22%,1054,30Apr2021,66,0
22-02-2021,22310.0,22340.0,22360.0,22300.0,231,0.45%,707,30Apr2021,67,0
19-02-2021,22210.0,22160.0,22250.0,22150.0,347,0.05%,540,30Apr2021,70,0
18-02-2021,22200.0,22210.0,22250.0,22180.0,85,0.50%,247,30Apr2021,71,0
17-02-2021,22090.0,22080.0,22130.0,22050.0,101,-0.14%,188,30Apr2021,72,0
16-02-2021,22120.0,22140.0,22140.0,22080.0,6,0.32%,92,30Apr2021,73,0
15-02-2021,22050.0,22060.0,22100.0,22040.0,51,0.50%,91,30Apr2021,74,0
12-02-2021,21940.0,0.0,0.0,0.0,0,0.00%,45,30Apr2021,77,0
11-02-2021,21940.0,21940.0,21940.0,21940.0,4,-0.23%,45,30Apr2021,78,0
10-02-2021,21990.0,21990.0,21990.0,21990.0,15,-0.05%,41,30Apr2021,79,0
09-02-2021,22000.0,21990.0,22020.0,21990.0,11,0.46%,35,30Apr2021,80,0
08-02-2021,21900.0,21900.0,21920.0,21900.0,16,-0.32%,29,30Apr2021,81,0
05-02-2021,21970.0,21970.0,21970.0,21970.0,8,1.24%,17,30Apr2021,84,0
04-02-2021,21700.0,21700.0,21700.0,21700.0,9,-0.91%,9,30Apr2021,85,0
03-02-2021,21900.0,0.0,0.0,0.0,0,0.00%,0,30Apr2021,86,0
02-02-2021,21900.0,0.0,0.0,0.0,0,0.00%,0,30Apr2021,87,0
01-02-2021,21900.0,0.0,0.0,0.0,0,3.11%,0,30Apr2021,88,1
29-01-2021,21240.0,21210.0,21280.0,21210.0,110,-0.38%,239,31Mar2021,61,0
28-01-2021,21320.0,21310.0,21390.0,21170.0,130,-0.88%,158,31Mar2021,62,0
27-01-2021,21510.0,21610.0,21610.0,21450.0,31,-0.65%,88,31Mar2021,63,0
25-01-2021,21650.0,0.0,0.0,0.0,0,0.00%,75,31Mar2021,65,0
22-01-2021,21650.0,21800.0,21800.0,21650.0,27,-0.73%,75,31Mar2021,68,0
21-01-2021,21810.0,21750.0,21820.0,21750.0,38,1.07%,55,31Mar2021,69,0
20-01-2021,21580.0,21510.0,21620.0,21510.0,8,-0.42%,21,31Mar2021,70,0
19-01-2021,21670.0,21670.0,21670.0,21670.0,4,0.32%,21,31Mar2021,71,0
18-01-2021,21600.0,21630.0,21630.0,21570.0,13,-0.09%,21,31Mar2021,72,0
15-01-2021,21620.0,21600.0,21630.0,21600.0,2,-0.78%,12,31Mar2021,75,0
14-01-2021,21790.0,21850.0,21850.0,21670.0,3,0.88%,12,31Mar2021,76,0
13-01-2021,21600.0,0.0,0.0,0.0,0,0.00%,9,31Mar2021,77,0
12-01-2021,21600.0,21600.0,21600.0,21600.0,1,0.75%,9,31Mar2021,78,0
11-01-2021,21440.0,21440.0,21440.0,21440.0,1,-0.97%,9,31Mar2021,79,0
08-01-2021,21650.0,0.0,0.0,0.0,1,0.00%,9,31Mar2021,82,0
07-01-2021,21650.0,21650.0,21650.0,21650.0,2,-0.73%,8,31Mar2021,83,0
06-01-2021,21810.0,21990.0,21990.0,21320.0,7,1.44%,6,31Mar2021,84,0
05-01-2021,21500.0,0.0,0.0,0.0,0,5.13%,0,31Mar2021,85,0
04-01-2021,20450.0,0.0,0.0,0.0,0,0.00%,0,31Mar2021,86,0
01-01-2021,20450.0,0.0,0.0,0.0,0,-2.11%,0,31Mar2021,89,1
31-12-2020,20890.0,20950.0,21020.0,20860.0,45,-0.10%,23,26Feb2021,57,0
30-12-2020,20910.0,20910.0,20910.0,20910.0,8,1.01%,12,26Feb2021,58,0
29-12-2020,20700.0,0.0,0.0,0.0,0,0.00%,4,26Feb2021,59,0
28-12-2020,20700.0,20700.0,20700.0,20700.0,4,1.72%,4,26Feb2021,60,0
24-12-2020,20350.0,0.0,0.0,0.0,0,0.00%,0,26Feb2021,64,0
23-12-2020,20350.0,0.0,0.0,0.0,0,0.00%,0,26Feb2021,65,0
22-12-2020,20350.0,0.0,0.0,0.0,0,0.00%,0,26Feb2021,66,0
21-12-2020,20350.0,0.0,0.0,0.0,0,0.00%,0,26Feb2021,67,0
18-12-2020,20350.0,0.0,0.0,0.0,0,0.00%,0,26Feb2021,70,0
17-12-2020,20350.0,0.0,0.0,0.0,0,0.00%,0,26Feb2021,71,0
16-12-2020,20350.0,0.0,0.0,0.0,0,0.00%,0,26Feb2021,72,0
15-12-2020,20350.0,0.0,0.0,0.0,0,0.00%,0,26Feb2021,73,0
14-12-2020,20350.0,0.0,0.0,0.0,0,0.00%,0,26Feb2021,74,0
11-12-2020,20350.0,0.0,0.0,0.0,0,0.00%,0,26Feb2021,77,0
10-12-2020,20350.0,0.0,0.0,0.0,0,0.00%,0,26Feb2021,78,0
09-12-2020,20350.0,0.0,0.0,0.0,0,0.00%,0,26Feb2021,79,0
08-12-2020,20350.0,0.0,0.0,0.0,0,0.00%,0,26Feb2021,80,0
07-12-2020,20350.0,0.0,0.0,0.0,0,0.00%,0,26Feb2021,81,0
04-12-2020,20350.0,0.0,0.0,0.0,0,0.00%,0,26Feb2021,84,0
03-12-2020,20350.0,0.0,0.0,0.0,0,0.00%,0,26Feb2021,85,0
02-12-2020,20350.0,0.0,0.0,0.0,0,0.00%,0,26Feb2021,86,0
01-12-2020,20350.0,0.0,0.0,0.0,0,0.00%,0,26Feb2021,87,0
30-11-2020,20350.0,0.0,0.0,0.0,0,0.74%,0,26Feb2021,88,1
27-11-2020,20200.0,20150.0,20430.0,20050.0,14,-0.25%,39,29Jan2021,63,0
26-11-2020,20250.0,20390.0,20460.0,20140.0,31,-1.03%,34,29Jan2021,64,0
25-11-2020,20460.0,20500.0,20500.0,20410.0,20,0.74%,22,29Jan2021,65,0
24-11-2020,20310.0,20350.0,20460.0,20250.0,17,-1.02%,17,29Jan2021,66,0
23-11-2020,20520.0,20340.0,20540.0,20340.0,15,3.90%,12,29Jan2021,67,0
20-11-2020,19750.0,0.0,0.0,0.0,0,0.00%,1,29Jan2021,70,0
19-11-2020,19750.0,0.0,0.0,0.0,0,2.12%,1,29Jan2021,71,0
18-11-2020,19340.0,19340.0,19340.0,19340.0,1,-2.81%,1,29Jan2021,72,0
17-11-2020,19900.0,0.0,0.0,0.0,0,0.00%,0,29Jan2021,73,0
16-11-2020,19900.0,0.0,0.0,0.0,0,0.00%,0,29Jan2021,74,0
14-11-2020,19900.0,0.0,0.0,0.0,0,0.00%,0,29Jan2021,76,0
13-11-2020,19900.0,0.0,0.0,0.0,0,0.00%,0,29Jan2021,77,0
12-11-2020,19900.0,0.0,0.0,0.0,0,0.00%,0,29Jan2021,78,0
11-11-2020,19900.0,0.0,0.0,0.0,0,0.76%,0,29Jan2021,79,0
10-11-2020,19750.0,0.0,0.0,0.0,0,0.00%,0,29Jan2021,80,0
09-11-2020,19750.0,0.0,0.0,0.0,0,0.00%,0,29Jan2021,81,0
06-11-2020,19750.0,0.0,0.0,0.0,0,0.00%,0,29Jan2021,84,0
05-11-2020,19750.0,0.0,0.0,0.0,0,0.00%,0,29Jan2021,85,0
04-11-2020,19750.0,0.0,0.0,0.0,0,0.00%,0,29Jan2021,86,0
03-11-2020,19750.0,0.0,0.0,0.0,0,0.00%,0,29Jan2021,87,0
02-11-2020,19750.0,0.0,0.0,0.0,0,0.71%,0,29Jan2021,88,1
30-10-2020,19610.0,19700.0,19730.0,19580.0,26,-0.61%,41,31Dec2020,62,0
29-10-2020,19730.0,19760.0,19800.0,19650.0,21,-0.90%,37,31Dec2020,63,0
28-10-2020,19910.0,19930.0,20030.0,19710.0,12,0.25%,32,31Dec2020,64,0
27-10-2020,19860.0,19810.0,19910.0,19760.0,24,0.71%,30,31Dec2020,65,0
26-10-2020,19720.0,19890.0,19890.0,19640.0,8,-1.05%,23,31Dec2020,66,0
23-10-2020,19930.0,20050.0,20050.0,19900.0,15,-0.80%,18,31Dec2020,69,0
22-10-2020,20090.0,20090.0,20090.0,20090.0,1,-0.54%,16,31Dec2020,70,0
21-10-2020,20200.0,0.0,0.0,0.0,0,0.00%,16,31Dec2020,71,0
20-10-2020,20200.0,20200.0,20250.0,20110.0,14,2.28%,16,31Dec2020,72,0
19-10-2020,19750.0,0.0,0.0,0.0,0,14.83%,4,31Dec2020,73,0
16-10-2020,17200.0,0.0,0.0,0.0,0,0.00%,4,31Dec2020,76,0
15-10-2020,17200.0,0.0,0.0,0.0,0,0.00%,4,31Dec2020,77,0
14-10-2020,17200.0,0.0,0.0,0.0,0,0.00%,4,31Dec2020,78,0
13-10-2020,17200.0,0.0,0.0,0.0,0,0.00%,4,31Dec2020,79,0
12-10-2020,17200.0,0.0,0.0,0.0,0,0.00%,4,31Dec2020,80,0
09-10-2020,17200.0,0.0,0.0,0.0,0,0.00%,4,31Dec2020,83,0
08-10-2020,17200.0,0.0,0.0,0.0,0,0.00%,4,31Dec2020,84,0
07-10-2020,17200.0,0.0,0.0,0.0,0,0.00%,4,31Dec2020,85,0
06-10-2020,17200.0,0.0,0.0,0.0,0,0.00%,4,31Dec2020,86,0
05-10-2020,17200.0,0.0,0.0,0.0,0,0.00%,4,31Dec2020,87,0
01-10-2020,17200.0,0.0,0.0,0.0,0,0.00%,4,31Dec2020,91,0
30-09-2020,17200.0,0.0,0.0,0.0,0,0.00%,4,31Dec2020,92,0
29-09-2020,17200.0,0.0,0.0,0.0,0,0.00%,4,31Dec2020,93,0
28-09-2020,17200.0,0.0,0.0,0.0,0,0.00%,4,31Dec2020,94,0
25-09-2020,17200.0,0.0,0.0,0.0,0,0.00%,4,31Dec2020,97,0
24-09-2020,17200.0,0.0,0.0,0.0,0,0.00%,4,31Dec2020,98,0
23-09-2020,17200.0,0.0,0.0,0.0,0,0.00%,4,31Dec2020,99,0
22-09-2020,17200.0,0.0,0.0,0.0,0,0.00%,4,31Dec2020,100,0
21-09-2020,17200.0,0.0,0.0,0.0,0,0.00%,4,31Dec2020,101,0
18-09-2020,17200.0,0.0,0.0,0.0,0,0.00%,4,31Dec2020,104,0
17-09-2020,17200.0,0.0,0.0,0.0,0,0.00%,4,31Dec2020,105,0
16-09-2020,17200.0,0.0,0.0,0.0,0,0.00%,4,31Dec2020,106,0
15-09-2020,17200.0,0.0,0.0,0.0,0,0.00%,4,31Dec2020,107,0
14-09-2020,17200.0,0.0,0.0,0.0,0,0.00%,4,31Dec2020,108,0
11-09-2020,17200.0,0.0,0.0,0.0,0,0.00%,4,31Dec2020,111,0
10-09-2020,17200.0,0.0,0.0,0.0,0,0.00%,4,31Dec2020,112,0
09-09-2020,17200.0,0.0,0.0,0.0,0,0.00%,4,31Dec2020,113,0
08-09-2020,17200.0,0.0,0.0,0.0,0,0.00%,4,31Dec2020,114,0
07-09-2020,17200.0,0.0,0.0,0.0,0,0.00%,4,31Dec2020,115,0
04-09-2020,17200.0,0.0,0.0,0.0,0,0.00%,4,31Dec2020,118,0
03-09-2020,17200.0,0.0,0.0,0.0,0,2.02%,4,31Dec2020,119,0
02-09-2020,16860.0,0.0,0.0,0.0,0,0.00%,4,31Dec2020,120,0
01-09-2020,16860.0,0.0,0.0,0.0,0,-4.37%,4,31Dec2020,121,1
31-08-2020,17630.0,17620.0,17700.0,17610.0,24,-0.34%,181,27Nov2020,88,0
28-08-2020,17690.0,17700.0,17720.0,17670.0,19,0.06%,169,27Nov2020,91,0
27-08-2020,17680.0,17620.0,17800.0,17620.0,24,-0.39%,164,27Nov2020,92,0
26-08-2020,17750.0,18100.0,18100.0,17620.0,28,-1.11%,152,27Nov2020,93,0
25-08-2020,17950.0,17780.0,18100.0,17780.0,26,1.01%,131,27Nov2020,94,0
24-08-2020,17770.0,17700.0,17850.0,17700.0,6,0.28%,115,27Nov2020,95,0
21-08-2020,17720.0,17560.0,17760.0,17500.0,27,2.13%,111,27Nov2020,98,0
20-08-2020,17350.0,17350.0,17350.0,17350.0,1,-1.64%,109,27Nov2020,99,0
19-08-2020,17640.0,0.0,0.0,0.0,0,0.00%,110,27Nov2020,100,0
18-08-2020,17640.0,17650.0,17690.0,17430.0,7,1.20%,110,27Nov2020,101,0
17-08-2020,17430.0,17420.0,17430.0,17420.0,5,-0.17%,104,27Nov2020,102,0
14-08-2020,17460.0,17350.0,17600.0,17280.0,27,0.81%,99,27Nov2020,105,0
13-08-2020,17320.0,17320.0,17320.0,17320.0,4,0.17%,83,27Nov2020,106,0
12-08-2020,17290.0,16850.0,17330.0,16850.0,71,1.89%,79,27Nov2020,107,0
11-08-2020,16970.0,16800.0,17030.0,16800.0,6,1.07%,13,27Nov2020,108,0
10-08-2020,16790.0,0.0,0.0,0.0,0,0.00%,8,27Nov2020,109,0
07-08-2020,16790.0,16840.0,16840.0,16710.0,6,-0.42%,8,27Nov2020,112,0
06-08-2020,16860.0,16890.0,16890.0,16840.0,3,0.96%,6,27Nov2020,113,0
05-08-2020,16700.0,16690.0,16710.0,16690.0,3,0.97%,5,27Nov2020,114,0
04-08-2020,16540.0,0.0,0.0,0.0,0,0.00%,2,27Nov2020,115,0
03-08-2020,16540.0,0.0,0.0,0.0,0,-0.60%,2,27Nov2020,116,1
31-07-2020,16640.0,16610.0,16690.0,16610.0,8,0.24%,58,30Oct2020,91,0
30-07-2020,16600.0,16600.0,16600.0,16600.0,1,0.00%,58,30Oct2020,92,0
29-07-2020,16600.0,0.0,0.0,0.0,0,0.00%,58,30Oct2020,93,0
28-07-2020,16600.0,16600.0,16600.0,16600.0,1,0.30%,58,30Oct2020,94,0
27-07-2020,16550.0,16590.0,16600.0,16500.0,7,0.36%,57,30Oct2020,95,0
24-07-2020,16490.0,16750.0,16750.0,16470.0,40,-1.79%,51,30Oct2020,98,0
23-07-2020,16790.0,16870.0,16870.0,16770.0,15,-0.59%,33,30Oct2020,99,0
22-07-2020,16890.0,16880.0,16900.0,16880.0,3,-0.12%,31,30Oct2020,100,0
21-07-2020,16910.0,16850.0,17220.0,16850.0,19,1.14%,33,30Oct2020,101,0
20-07-2020,16720.0,0.0,0.0,0.0,0,0.00%,28,30Oct2020,102,0
17-07-2020,16720.0,16720.0,16750.0,16670.0,5,1.58%,28,30Oct2020,105,0
16-07-2020,16460.0,16420.0,16700.0,16420.0,7,1.23%,25,30Oct2020,106,0
15-07-2020,16260.0,16210.0,16380.0,16200.0,9,-2.05%,20,30Oct2020,107,0
14-07-2020,16600.0,0.0,0.0,0.0,0,0.00%,17,30Oct2020,108,0
13-07-2020,16600.0,0.0,0.0,0.0,0,1.84%,17,30Oct2020,109,0
10-07-2020,16300.0,0.0,0.0,0.0,0,0.00%,17,30Oct2020,112,0
09-07-2020,16300.0,16300.0,16300.0,16300.0,1,1.49%,17,30Oct2020,113,0
08-07-2020,16060.0,0.0,0.0,0.0,0,0.00%,17,30Oct2020,114,0
07-07-2020,16060.0,0.0,0.0,0.0,0,0.00%,17,30Oct2020,115,0
06-07-2020,16060.0,0.0,0.0,0.0,0,0.00%,17,30Oct2020,116,0
03-07-2020,16060.0,0.0,0.0,0.0,0,0.00%,17,30Oct2020,119,0
02-07-2020,16060.0,0.0,0.0,0.0,0,0.00%,17,30Oct2020,120,0
01-07-2020,16060.0,0.0,0.0,0.0,0,0.75%,17,30Oct2020,121,1
30-06-2020,15940.0,15980.0,15980.0,15880.0,83,0.44%,324,31Aug2020,62,0
29-06-2020,15870.0,16040.0,16040.0,15610.0,252,-1.18%,286,31Aug2020,63,0
26-06-2020,16060.0,16150.0,16220.0,16050.0,80,0.00%,177,31Aug2020,66,0
25-06-2020,16060.0,16150.0,16150.0,16020.0,68,-0.37%,152,31Aug2020,67,0
24-06-2020,16120.0,16210.0,16220.0,16110.0,120,-0.19%,145,31Aug2020,68,0
23-06-2020,16150.0,16220.0,16220.0,16130.0,23,-0.80%,61,31Aug2020,69,0
22-06-2020,16280.0,16310.0,16350.0,16250.0,27,-0.85%,56,31Aug2020,70,0
19-06-2020,16420.0,16400.0,16450.0,16380.0,23,0.24%,33,31Aug2020,73,0
18-06-2020,16380.0,16350.0,16400.0,16350.0,3,0.55%,19,31Aug2020,74,0
17-06-2020,16290.0,16220.0,16360.0,16220.0,19,0.99%,18,31Aug2020,75,0
16-06-2020,16130.0,16050.0,16150.0,16050.0,21,-2.00%,29,31Aug2020,76,0
15-06-2020,16460.0,16590.0,16590.0,16380.0,7,-2.49%,11,31Aug2020,77,0
12-06-2020,16880.0,16980.0,16980.0,16750.0,5,-0.53%,8,31Aug2020,80,0
11-06-2020,16970.0,17040.0,17040.0,16910.0,3,0.77%,7,31Aug2020,81,0
10-06-2020,16840.0,16810.0,16870.0,16810.0,2,1.38%,5,31Aug2020,82,0
09-06-2020,16610.0,0.0,0.0,0.0,0,0.00%,3,31Aug2020,83,0
08-06-2020,16610.0,0.0,0.0,0.0,0,0.00%,3,31Aug2020,84,0
05-06-2020,16610.0,16600.0,16620.0,16600.0,6,1.96%,3,31Aug2020,87,0
04-06-2020,16290.0,0.0,0.0,0.0,0,0.00%,3,31Aug2020,88,0
03-06-2020,16290.0,0.0,0.0,0.0,0,0.00%,3,31Aug2020,89,0
02-06-2020,16290.0,0.0,0.0,0.0,0,0.00%,3,31Aug2020,90,0
01-06-2020,16290.0,0.0,0.0,0.0,0,1.88%,3,31Aug2020,91,1
29-05-2020,15990.0,16010.0,16040.0,15970.0,17,-0.56%,321,31Jul2020,63,0
28-05-2020,16080.0,16060.0,16100.0,16060.0,7,-0.37%,321,31Jul2020,64,0
27-05-2020,16140.0,16080.0,16160.0,16030.0,72,0.31%,320,31Jul2020,65,0
26-05-2020,16090.0,15980.0,16400.0,15970.0,47,0.81%,286,31Jul2020,66,0
25-05-2020,15960.0,0.0,0.0,0.0,0,0.00%,285,31Jul2020,67,0
22-05-2020,15960.0,16050.0,16060.0,15920.0,117,-1.78%,285,31Jul2020,70,0
21-05-2020,16250.0,16270.0,16300.0,16170.0,47,-0.98%,187,31Jul2020,71,0
20-05-2020,16410.0,16400.0,16480.0,16380.0,43,1.11%,145,31Jul2020,72,0
19-05-2020,16230.0,16240.0,16250.0,16160.0,21,0.62%,131,31Jul2020,73,0
18-05-2020,16130.0,16150.0,16200.0,16040.0,6,-0.55%,114,31Jul2020,74,0
15-05-2020,16220.0,16040.0,16250.0,15960.0,53,1.19%,114,31Jul2020,77,0
14-05-2020,16030.0,16000.0,16050.0,16000.0,7,-0.62%,73,31Jul2020,78,0
13-05-2020,16130.0,16160.0,16160.0,16120.0,35,0.88%,69,31Jul2020,79,0
12-05-2020,15990.0,15870.0,16080.0,15870.0,25,0.82%,63,31Jul2020,80,0
11-05-2020,15860.0,16060.0,16060.0,15800.0,47,-0.63%,58,31Jul2020,81,0
08-05-2020,15960.0,16050.0,16200.0,15800.0,46,0.82%,45,31Jul2020,84,0
07-05-2020,15830.0,15600.0,15980.0,15590.0,33,2.99%,34,31Jul2020,85,0
06-05-2020,15370.0,15370.0,15500.0,15170.0,19,-1.66%,47,31Jul2020,86,0
05-05-2020,15630.0,15500.0,15700.0,15500.0,37,-2.13%,31,31Jul2020,87,0
04-05-2020,15970.0,16100.0,16100.0,15900.0,9,-2.38%,8,31Jul2020,88,0
01-05-2020,16360.0,0.0,0.0,0.0,0,-1.39%,1,31Jul2020,91,1
30-04-2020,16590.0,16500.0,16600.0,16500.0,21,0.91%,499,30Jun2020,61,0
29-04-2020,16440.0,16450.0,16460.0,16400.0,22,0.00%,508,30Jun2020,62,0
28-04-2020,16440.0,16520.0,16520.0,16290.0,32,-1.26%,502,30Jun2020,63,0
27-04-2020,16650.0,16690.0,16690.0,16600.0,9,-0.42%,498,30Jun2020,64,0
24-04-2020,16720.0,16790.0,16850.0,16700.0,117,-1.12%,497,30Jun2020,67,0
23-04-2020,16910.0,16800.0,16930.0,16800.0,505,2.73%,448,30Jun2020,68,0
22-04-2020,16460.0,16400.0,16530.0,16380.0,26,-0.18%,145,30Jun2020,69,0
21-04-2020,16490.0,16510.0,16530.0,16440.0,18,-1.61%,141,30Jun2020,70,0
20-04-2020,16760.0,16730.0,16780.0,16730.0,6,-1.06%,146,30Jun2020,71,0
17-04-2020,16940.0,16940.0,16940.0,16940.0,1,-0.12%,142,30Jun2020,74,0
16-04-2020,16960.0,17000.0,17000.0,16930.0,7,0.95%,141,30Jun2020,75,0
15-04-2020,16800.0,16800.0,16850.0,16800.0,17,-2.04%,143,30Jun2020,76,0
13-04-2020,17150.0,17170.0,17170.0,17130.0,19,0.00%,139,30Jun2020,78,0
09-04-2020,17150.0,17160.0,17190.0,17120.0,9,0.29%,133,30Jun2020,82,0
08-04-2020,17100.0,17100.0,17140.0,17090.0,105,0.71%,136,30Jun2020,83,0
07-04-2020,16980.0,16870.0,17000.0,16870.0,23,1.74%,90,30Jun2020,84,0
03-04-2020,16690.0,16670.0,16700.0,16670.0,18,0.42%,70,30Jun2020,88,0
01-04-2020,16620.0,16650.0,16680.0,16590.0,14,1.34%,70,30Jun2020,90,1
31-03-2020,16400.0,16440.0,16490.0,16340.0,41,0.74%,1052,29May2020,59,0
30-03-2020,16280.0,16100.0,16480.0,16100.0,65,-1.69%,1042,29May2020,60,0
27-03-2020,16560.0,16810.0,16810.0,16450.0,40,-1.78%,1024,29May2020,63,0
26-03-2020,16860.0,16950.0,16950.0,16800.0,41,0.30%,1014,29May2020,64,0
25-03-2020,16810.0,16740.0,17260.0,16740.0,150,0.06%,999,29May2020,65,0
24-03-2020,16800.0,16680.0,16960.0,16260.0,978,-0.77%,931,29May2020,66,0
23-03-2020,16930.0,17090.0,17090.0,16810.0,8,-3.31%,638,29May2020,67,0
20-03-2020,17510.0,17820.0,17890.0,17440.0,263,-1.30%,634,29May2020,70,0
19-03-2020,17740.0,18010.0,18030.0,17610.0,338,-2.42%,502,29May2020,71,0
18-03-2020,18180.0,18440.0,18440.0,18030.0,131,-1.57%,320,29May2020,72,0
17-03-2020,18470.0,18560.0,18570.0,18410.0,276,0.65%,327,29May2020,73,0
16-03-2020,18350.0,18510.0,18600.0,18350.0,98,-2.03%,279,29May2020,74,0
13-03-2020,18730.0,18380.0,18870.0,18380.0,295,0.59%,218,29May2020,77,0
12-03-2020,18620.0,18780.0,18780.0,18560.0,65,-1.64%,117,29May2020,78,0
11-03-2020,18930.0,19070.0,19070.0,18890.0,15,-0.32%,109,29May2020,79,0
10-03-2020,18990.0,19020.0,19030.0,18960.0,10,0.69%,109,29May2020,80,0
09-03-2020,18860.0,18800.0,18880.0,18770.0,153,-1.41%,105,29May2020,81,0
06-03-2020,19130.0,19000.0,19150.0,19000.0,38,-0.47%,92,29May2020,84,0
05-03-2020,19220.0,19170.0,19340.0,19170.0,65,0.52%,103,29May2020,85,0
04-03-2020,19120.0,19100.0,19140.0,19100.0,38,0.58%,79,29May2020,86,0
03-03-2020,19010.0,19010.0,19110.0,19000.0,56,1.66%,62,29May2020,87,0
02-03-2020,18700.0,19060.0,19100.0,18610.0,77,1.52%,80,29May2020,88,1
28-02-2020,18420.0,18460.0,18660.0,18090.0,1274,-1.23%,2129,30Apr2020,62,0
27-02-2020,18650.0,19030.0,19050.0,18630.0,837,-2.86%,1547,30Apr2020,63,0
26-02-2020,19200.0,19310.0,19330.0,19150.0,383,-1.13%,1227,30Apr2020,64,0
25-02-2020,19420.0,19440.0,19560.0,19390.0,93,0.36%,1047,30Apr2020,65,0
24-02-2020,19350.0,19550.0,19550.0,19340.0,470,-1.88%,1024,30Apr2020,66,0
21-02-2020,19720.0,19720.0,19720.0,19720.0,12,0.05%,819,30Apr2020,69,0
20-02-2020,19710.0,19650.0,19740.0,19650.0,358,0.25%,811,30Apr2020,70,0
19-02-2020,19660.0,19710.0,19720.0,19620.0,72,-0.46%,691,30Apr2020,71,0
18-02-2020,19750.0,19720.0,19810.0,19680.0,262,0.36%,672,30Apr2020,72,0
17-02-2020,19680.0,19650.0,19770.0,19650.0,250,0.36%,553,30Apr2020,73,0
14-02-2020,19610.0,19570.0,19670.0,19540.0,121,0.00%,464,30Apr2020,76,0
13-02-2020,19610.0,19700.0,19730.0,19600.0,129,-0.10%,416,30Apr2020,77,0
12-02-2020,19630.0,19600.0,19680.0,19550.0,30,0.00%,336,30Apr2020,78,0
11-02-2020,19630.0,19620.0,19640.0,19620.0,3,0.41%,342,30Apr2020,79,0
10-02-2020,19550.0,19530.0,19590.0,19490.0,85,-0.46%,341,30Apr2020,80,0
07-02-2020,19640.0,19810.0,19810.0,19580.0,70,-1.16%,297,30Apr2020,83,0
06-02-2020,19870.0,19860.0,19910.0,19840.0,85,-0.05%,256,30Apr2020,84,0
05-02-2020,19880.0,19800.0,19920.0,19800.0,105,0.40%,221,30Apr2020,85,0
04-02-2020,19800.0,19750.0,19800.0,19700.0,117,0.61%,135,30Apr2020,86,0
03-02-2020,19680.0,19560.0,19730.0,19470.0,36,-0.86%,73,30Apr2020,87,0
01-02-2020,19850.0,19850.0,19850.0,19850.0,1,0.86%,56,30Apr2020,89,1
31-01-2020,19680.0,19780.0,19800.0,19650.0,260,-0.81%,1136,31Mar2020,60,0
30-01-2020,19840.0,19760.0,19850.0,19730.0,96,0.15%,1104,31Mar2020,61,0
29-01-2020,19810.0,19870.0,20030.0,19750.0,321,0.30%,1074,31Mar2020,62,0
28-01-2020,19750.0,19740.0,19780.0,19700.0,250,0.36%,964,31Mar2020,63,0
27-01-2020,19680.0,19840.0,19840.0,19540.0,532,-1.35%,865,31Mar2020,64,0
24-01-2020,19950.0,20080.0,20130.0,19930.0,349,-0.65%,693,31Mar2020,67,0
23-01-2020,20080.0,20200.0,20200.0,20060.0,118,-0.84%,574,31Mar2020,68,0
22-01-2020,20250.0,20070.0,20310.0,20040.0,238,0.55%,520,31Mar2020,69,0
21-01-2020,20140.0,20210.0,20210.0,20130.0,39,-0.64%,425,31Mar2020,70,0
20-01-2020,20270.0,20350.0,20350.0,20250.0,25,-0.59%,409,31Mar2020,71,0
17-01-2020,20390.0,20320.0,20420.0,20310.0,34,0.89%,407,31Mar2020,74,0
16-01-2020,20210.0,20260.0,20270.0,20150.0,132,-0.44%,406,31Mar2020,75,0
15-01-2020,20300.0,20450.0,20450.0,20270.0,98,-0.68%,362,31Mar2020,76,0
14-01-2020,20440.0,20560.0,20560.0,20410.0,77,-0.44%,296,31Mar2020,77,0
13-01-2020,20530.0,20630.0,20650.0,20490.0,51,0.05%,256,31Mar2020,78,0
10-01-2020,20520.0,20400.0,20610.0,20400.0,253,1.08%,232,31Mar2020,81,0
09-01-2020,20300.0,20300.0,20310.0,20290.0,33,0.20%,56,31Mar2020,82,0
08-01-2020,20260.0,20260.0,20260.0,20260.0,3,-0.30%,31,31Mar2020,83,0
07-01-2020,20320.0,20330.0,20330.0,20270.0,12,0.49%,31,31Mar2020,84,0
06-01-2020,20220.0,20220.0,20220.0,20220.0,1,0.05%,20,31Mar2020,85,0
03-01-2020,20210.0,20210.0,20210.0,20210.0,1,0.30%,20,31Mar2020,88,0
02-01-2020,20150.0,20150.0,20160.0,20150.0,3,0.35%,21,31Mar2020,89,0
01-01-2020,20080.0,0.0,0.0,0.0,0,1.21%,19,31Mar2020,90,1
31-12-2019,19840.0,19720.0,19920.0,19690.0,90,0.40%,385,28Feb2020,59,0
30-12-2019,19760.0,19760.0,19820.0,19730.0,173,0.30%,378,28Feb2020,60,0
27-12-2019,19700.0,19650.0,19750.0,19650.0,39,0.10%,301,28Feb2020,63,0
26-12-2019,19680.0,19500.0,19700.0,19500.0,116,0.92%,292,28Feb2020,64,0
24-12-2019,19500.0,19610.0,19640.0,19470.0,179,-0.66%,257,28Feb2020,66,0
23-12-2019,19630.0,19650.0,19710.0,19560.0,72,0.20%,143,28Feb2020,67,0
20-12-2019,19590.0,19560.0,19600.0,19560.0,55,0.26%,114,28Feb2020,70,0
19-12-2019,19540.0,19500.0,19590.0,19500.0,8,0.57%,80,28Feb2020,71,0
18-12-2019,19430.0,19430.0,19430.0,19430.0,1,-0.41%,78,28Feb2020,72,0
17-12-2019,19510.0,19500.0,19520.0,19500.0,5,-0.46%,79,28Feb2020,73,0
16-12-2019,19600.0,19590.0,19600.0,19590.0,11,0.77%,81,28Feb2020,74,0
13-12-2019,19450.0,19510.0,19560.0,19410.0,12,0.57%,79,28Feb2020,77,0
12-12-2019,19340.0,0.0,0.0,0.0,0,0.00%,71,28Feb2020,78,0
11-12-2019,19340.0,19360.0,19380.0,19310.0,4,-0.31%,71,28Feb2020,79,0
10-12-2019,19400.0,19400.0,19400.0,19400.0,7,-0.36%,71,28Feb2020,80,0
09-12-2019,19470.0,19500.0,19500.0,19420.0,68,0.78%,64,28Feb2020,81,0
06-12-2019,19320.0,0.0,0.0,0.0,0,0.00%,8,28Feb2020,84,0
05-12-2019,19320.0,0.0,0.0,0.0,0,0.00%,8,28Feb2020,85,0
04-12-2019,19320.0,0.0,0.0,0.0,0,0.00%,8,28Feb2020,86,0
03-12-2019,19320.0,0.0,0.0,0.0,0,0.00%,8,28Feb2020,87,0
02-12-2019,19320.0,0.0,0.0,0.0,0,-0.10%,8,28Feb2020,88,1
29-11-2019,19340.0,19390.0,19420.0,19320.0,24,-0.26%,508,31Jan2020,63,0
28-11-2019,19390.0,19430.0,19440.0,19370.0,17,-0.10%,502,31Jan2020,64,0
27-11-2019,19410.0,19520.0,19530.0,19380.0,134,-0.36%,511,31Jan2020,65,0
26-11-2019,19480.0,19350.0,19510.0,19350.0,183,0.93%,525,31Jan2020,66,0
25-11-2019,19300.0,19240.0,19320.0,19240.0,31,0.21%,431,31Jan2020,67,0
22-11-2019,19260.0,19220.0,19300.0,19200.0,67,0.21%,429,31Jan2020,70,0
21-11-2019,19220.0,19250.0,19290.0,19200.0,138,-0.47%,388,31Jan2020,71,0
20-11-2019,19310.0,19270.0,19350.0,19270.0,12,0.47%,282,31Jan2020,72,0
19-11-2019,19220.0,19210.0,19300.0,19200.0,47,-0.26%,272,31Jan2020,73,0
18-11-2019,19270.0,19290.0,19380.0,19200.0,16,0.10%,238,31Jan2020,74,0
15-11-2019,19250.0,19170.0,19390.0,19170.0,34,-0.10%,238,31Jan2020,77,0
14-11-2019,19270.0,19260.0,19270.0,19260.0,2,0.36%,230,31Jan2020,78,0
13-11-2019,19200.0,19090.0,19200.0,19020.0,59,0.79%,230,31Jan2020,79,0
12-11-2019,19050.0,18910.0,19050.0,18910.0,63,0.37%,232,31Jan2020,80,0
11-11-2019,18980.0,19140.0,19140.0,18900.0,253,-1.15%,247,31Jan2020,81,0
08-11-2019,19200.0,19340.0,19350.0,19180.0,52,-0.88%,116,31Jan2020,84,0
07-11-2019,19370.0,19280.0,19430.0,19250.0,23,0.00%,85,31Jan2020,85,0
06-11-2019,19370.0,19480.0,19500.0,19320.0,113,-0.87%,96,31Jan2020,86,0
05-11-2019,19540.0,19540.0,19540.0,19530.0,3,-0.66%,29,31Jan2020,87,0
04-11-2019,19670.0,19600.0,19730.0,19600.0,8,0.72%,29,31Jan2020,88,0
01-11-2019,19530.0,19560.0,19590.0,19500.0,19,1.14%,25,31Jan2020,91,1
31-10-2019,19310.0,19460.0,19520.0,19260.0,292,-0.52%,1096,31Dec2019,61,0
30-10-2019,19410.0,19480.0,19480.0,19330.0,103,0.00%,1064,31Dec2019,62,0
29-10-2019,19410.0,19360.0,19450.0,19340.0,97,0.36%,1003,31Dec2019,63,0
28-10-2019,19340.0,19360.0,19390.0,19320.0,14,-0.05%,945,31Dec2019,64,0
27-10-2019,19350.0,19330.0,19400.0,19330.0,99,0.05%,934,31Dec2019,65,0
25-10-2019,19340.0,19280.0,19360.0,19230.0,75,0.21%,861,31Dec2019,67,0
24-10-2019,19300.0,19250.0,19360.0,19230.0,68,0.21%,847,31Dec2019,68,0
23-10-2019,19260.0,19330.0,19330.0,19210.0,44,-0.21%,833,31Dec2019,69,0
22-10-2019,19300.0,19250.0,19310.0,19140.0,225,0.00%,813,31Dec2019,70,0
21-10-2019,19300.0,19300.0,19300.0,19300.0,2,-0.41%,852,31Dec2019,71,0
18-10-2019,19380.0,19350.0,19430.0,19310.0,113,0.52%,854,31Dec2019,74,0
17-10-2019,19280.0,19260.0,19350.0,19250.0,52,0.05%,848,31Dec2019,75,0
16-10-2019,19270.0,19240.0,19320.0,19240.0,108,-0.05%,829,31Dec2019,76,0
15-10-2019,19280.0,19090.0,19350.0,19090.0,50,0.73%,814,31Dec2019,77,0
14-10-2019,19140.0,19200.0,19290.0,19100.0,266,0.47%,820,31Dec2019,78,0
11-10-2019,19050.0,18940.0,19090.0,18940.0,91,0.26%,802,31Dec2019,81,0
10-10-2019,19000.0,18980.0,19050.0,18940.0,54,0.21%,758,31Dec2019,82,0
09-10-2019,18960.0,18880.0,19010.0,18810.0,84,0.32%,737,31Dec2019,83,0
08-10-2019,18900.0,18900.0,18900.0,18900.0,2,-0.32%,748,31Dec2019,84,0
07-10-2019,18960.0,18970.0,19000.0,18910.0,10,-0.16%,748,31Dec2019,85,0
04-10-2019,18990.0,19050.0,19100.0,18880.0,145,0.05%,749,31Dec2019,88,0
03-10-2019,18980.0,18900.0,19040.0,18890.0,94,0.21%,730,31Dec2019,89,0
01-10-2019,18940.0,18970.0,19000.0,18900.0,227,-0.63%,705,31Dec2019,91,0
30-09-2019,19060.0,19490.0,19500.0,18970.0,185,-1.45%,685,31Dec2019,92,0
27-09-2019,19340.0,19070.0,19600.0,19060.0,64,1.52%,624,31Dec2019,95,0
26-09-2019,19050.0,19070.0,19070.0,19020.0,5,0.11%,599,31Dec2019,96,0
25-09-2019,19030.0,18980.0,19110.0,18980.0,9,0.26%,599,31Dec2019,97,0
24-09-2019,18980.0,19000.0,19000.0,18950.0,13,-0.11%,598,31Dec2019,98,0
23-09-2019,19000.0,19110.0,19110.0,18930.0,29,-0.94%,598,31Dec2019,99,0
20-09-2019,19180.0,19240.0,19250.0,19160.0,37,-0.05%,588,31Dec2019,102,0
19-09-2019,19190.0,19170.0,19200.0,19170.0,15,-0.21%,565,31Dec2019,103,0
18-09-2019,19230.0,19180.0,19240.0,19140.0,76,0.52%,579,31Dec2019,104,0
17-09-2019,19130.0,19350.0,19370.0,19050.0,257,-1.54%,530,31Dec2019,105,0
16-09-2019,19430.0,19380.0,19500.0,19380.0,91,-0.10%,402,31Dec2019,106,0
13-09-2019,19450.0,19400.0,19500.0,19350.0,77,0.62%,347,31Dec2019,109,0
12-09-2019,19330.0,19270.0,19350.0,19200.0,49,0.68%,323,31Dec2019,110,0
11-09-2019,19200.0,19200.0,19210.0,19180.0,33,-0.21%,303,31Dec2019,111,0
10-09-2019,19240.0,19260.0,19290.0,19200.0,55,0.52%,296,31Dec2019,112,0
09-09-2019,19140.0,19100.0,19150.0,19100.0,28,-0.26%,262,31Dec2019,113,0
06-09-2019,19190.0,19270.0,19270.0,19180.0,34,-0.16%,243,31Dec2019,116,0
05-09-2019,19220.0,19230.0,19230.0,19220.0,5,0.21%,222,31Dec2019,117,0
04-09-2019,19180.0,19080.0,19210.0,19060.0,30,0.00%,219,31Dec2019,118,0
03-09-2019,19180.0,19190.0,19230.0,19110.0,24,-0.05%,210,31Dec2019,119,0
02-09-2019,19190.0,0.0,0.0,0.0,0,-0.26%,204,31Dec2019,120,1
30-08-2019,19240.0,19270.0,19280.0,19170.0,65,-0.05%,762,29Nov2019,91,0
29-08-2019,19250.0,19140.0,19300.0,19100.0,112,0.26%,748,29Nov2019,92,0
28-08-2019,19200.0,19100.0,19200.0,19100.0,63,0.00%,731,29Nov2019,93,0
27-08-2019,19200.0,19300.0,19300.0,19100.0,96,-0.05%,725,29Nov2019,94,0
26-08-2019,19210.0,19150.0,19300.0,19090.0,77,-0.16%,701,29Nov2019,95,0
23-08-2019,19240.0,19400.0,19400.0,19170.0,147,-0.93%,669,29Nov2019,98,0
22-08-2019,19420.0,19460.0,19470.0,19400.0,41,0.00%,597,29Nov2019,99,0
21-08-2019,19420.0,19480.0,19520.0,19400.0,96,-0.36%,576,29Nov2019,100,0
20-08-2019,19490.0,19370.0,19500.0,19330.0,67,0.57%,538,29Nov2019,101,0
19-08-2019,19380.0,19410.0,19480.0,19310.0,42,-0.67%,509,29Nov2019,102,0
16-08-2019,19510.0,19790.0,19790.0,19450.0,14,-0.36%,496,29Nov2019,105,0
14-08-2019,19580.0,19550.0,19650.0,19540.0,31,-0.51%,497,29Nov2019,107,0
13-08-2019,19680.0,19500.0,19700.0,19450.0,66,1.34%,500,29Nov2019,108,0
12-08-2019,19420.0,0.0,0.0,0.0,0,0.00%,465,29Nov2019,109,0
09-08-2019,19420.0,19430.0,19470.0,19400.0,20,0.00%,465,29Nov2019,112,0
08-08-2019,19420.0,19360.0,19480.0,19340.0,62,0.67%,450,29Nov2019,113,0
07-08-2019,19290.0,19600.0,19600.0,19220.0,58,-0.87%,412,29Nov2019,114,0
06-08-2019,19460.0,19210.0,19500.0,19210.0,86,1.83%,397,29Nov2019,115,0
05-08-2019,19110.0,19180.0,19240.0,19020.0,115,-2.05%,343,29Nov2019,116,0
02-08-2019,19510.0,19300.0,19540.0,19300.0,60,-0.36%,289,29Nov2019,119,0
01-08-2019,19580.0,19580.0,19580.0,19570.0,2,-1.85%,254,29Nov2019,120,1
31-07-2019,19950.0,19900.0,19960.0,19860.0,87,0.20%,803,31Oct2019,92,0
30-07-2019,19910.0,20060.0,20090.0,19900.0,116,-1.09%,768,31Oct2019,93,0
29-07-2019,20130.0,20100.0,20230.0,20050.0,128,-0.54%,728,31Oct2019,94,0
26-07-2019,20240.0,20300.0,20330.0,20180.0,113,-0.39%,698,31Oct2019,97,0
25-07-2019,20320.0,20200.0,20340.0,20090.0,143,0.59%,667,31Oct2019,98,0
24-07-2019,20200.0,20100.0,20240.0,20100.0,110,0.50%,625,31Oct2019,99,0
23-07-2019,20100.0,19960.0,20120.0,19960.0,63,0.30%,563,31Oct2019,100,0
22-07-2019,20040.0,20120.0,20160.0,20010.0,82,-0.20%,536,31Oct2019,101,0
19-07-2019,20080.0,20160.0,20160.0,20050.0,69,-0.30%,497,31Oct2019,104,0
18-07-2019,20140.0,20290.0,20320.0,20060.0,175,-0.54%,453,31Oct2019,105,0
17-07-2019,20250.0,20400.0,20400.0,20060.0,93,-0.30%,357,31Oct2019,106,0
16-07-2019,20310.0,20280.0,20310.0,20280.0,53,0.35%,316,31Oct2019,107,0
15-07-2019,20240.0,20250.0,20250.0,20210.0,20,0.75%,278,31Oct2019,108,0
12-07-2019,20090.0,20100.0,20150.0,19960.0,36,-0.05%,269,31Oct2019,111,0
11-07-2019,20100.0,20240.0,20240.0,20050.0,47,-0.30%,273,31Oct2019,112,0
10-07-2019,20160.0,20250.0,20250.0,20120.0,41,0.05%,245,31Oct2019,113,0
09-07-2019,20150.0,19970.0,20200.0,19970.0,29,-1.03%,225,31Oct2019,114,0
08-07-2019,20360.0,20210.0,20410.0,20160.0,48,0.59%,203,31Oct2019,115,0
05-07-2019,20240.0,20470.0,20470.0,20200.0,20,-1.22%,193,31Oct2019,118,0
04-07-2019,20490.0,20490.0,20490.0,20460.0,9,0.05%,188,31Oct2019,119,0
03-07-2019,20480.0,20490.0,20490.0,20450.0,21,0.10%,185,31Oct2019,120,0
02-07-2019,20460.0,20500.0,20600.0,20420.0,34,-0.49%,171,31Oct2019,121,0
01-07-2019,20560.0,20550.0,20600.0,20500.0,23,-3.56%,150,31Oct2019,122,1
28-06-2019,21320.0,21180.0,21360.0,21100.0,286,0.66%,2139,30Aug2019,63,0
27-06-2019,21180.0,21450.0,21450.0,21150.0,238,-1.26%,2074,30Aug2019,64,0
26-06-2019,21450.0,21180.0,21570.0,21120.0,186,1.23%,2003,30Aug2019,65,0
25-06-2019,21190.0,21400.0,21420.0,21100.0,205,-0.84%,2039,30Aug2019,66,0
24-06-2019,21370.0,21500.0,21540.0,21350.0,262,-1.06%,2058,30Aug2019,67,0
21-06-2019,21600.0,21590.0,21650.0,21500.0,369,-0.32%,2074,30Aug2019,70,0
20-06-2019,21670.0,21870.0,21880.0,21640.0,698,-1.05%,2100,30Aug2019,71,0
19-06-2019,21900.0,21980.0,21980.0,21880.0,158,-0.32%,1894,30Aug2019,72,0
18-06-2019,21970.0,21760.0,22010.0,21680.0,831,1.01%,1846,30Aug2019,73,0
17-06-2019,21750.0,21660.0,21760.0,21660.0,161,0.42%,1532,30Aug2019,74,0
14-06-2019,21660.0,21540.0,21700.0,21540.0,110,0.14%,1437,30Aug2019,77,0
13-06-2019,21630.0,21600.0,21660.0,21480.0,482,0.32%,1408,30Aug2019,78,0
12-06-2019,21560.0,21300.0,21590.0,21260.0,311,1.13%,1167,30Aug2019,79,0
11-06-2019,21320.0,21400.0,21500.0,21280.0,184,0.38%,994,30Aug2019,80,0
10-06-2019,21240.0,21520.0,21630.0,21190.0,279,-1.16%,882,30Aug2019,81,0
07-06-2019,21490.0,21840.0,21860.0,21480.0,88,-1.38%,820,30Aug2019,84,0
06-06-2019,21790.0,22010.0,22030.0,21770.0,263,-1.58%,779,30Aug2019,85,0
05-06-2019,22140.0,22200.0,22270.0,22130.0,56,-0.18%,667,30Aug2019,86,0
04-06-2019,22180.0,22030.0,22190.0,21950.0,132,0.86%,621,30Aug2019,87,0
03-06-2019,21990.0,21830.0,22040.0,21830.0,167,-0.41%,581,30Aug2019,88,1
31-05-2019,22080.0,22030.0,22140.0,21990.0,1789,0.14%,5385,31Jul2019,61,0
30-05-2019,22050.0,22090.0,22220.0,21880.0,1140,-0.14%,4759,31Jul2019,62,0
29-05-2019,22080.0,22380.0,22380.0,22030.0,939,-0.90%,4554,31Jul2019,63,0
28-05-2019,22280.0,22350.0,22450.0,22260.0,1527,-0.18%,4099,31Jul2019,64,0
27-05-2019,22320.0,22180.0,22410.0,22000.0,1412,1.55%,3654,31Jul2019,65,0
24-05-2019,21980.0,21750.0,22020.0,21690.0,539,0.92%,3089,31Jul2019,68,0
23-05-2019,21780.0,21540.0,21790.0,21530.0,232,1.07%,3041,31Jul2019,69,0
22-05-2019,21550.0,21600.0,21710.0,21500.0,1147,-0.60%,2987,31Jul2019,70,0
21-05-2019,21680.0,21850.0,21930.0,21630.0,727,-0.23%,2468,31Jul2019,71,0
20-05-2019,21730.0,21610.0,21750.0,21550.0,250,0.28%,2373,31Jul2019,72,0
17-05-2019,21670.0,21490.0,21700.0,21440.0,375,0.65%,2283,31Jul2019,75,0
16-05-2019,21530.0,21410.0,21550.0,21400.0,643,0.65%,2153,31Jul2019,76,0
15-05-2019,21390.0,21350.0,21440.0,21170.0,497,0.52%,1944,31Jul2019,77,0
14-05-2019,21280.0,20650.0,21340.0,20280.0,1915,0.76%,1848,31Jul2019,78,0
13-05-2019,21120.0,21570.0,21780.0,21120.0,1137,-4.00%,1906,31Jul2019,79,0
10-05-2019,22000.0,22070.0,22130.0,21900.0,665,0.14%,1492,31Jul2019,82,0
09-05-2019,21970.0,22220.0,22280.0,21940.0,683,-1.35%,1152,31Jul2019,83,0
08-05-2019,22270.0,22380.0,22380.0,22230.0,480,-0.49%,926,31Jul2019,84,0
07-05-2019,22380.0,22310.0,22500.0,22310.0,566,0.77%,817,31Jul2019,85,0
06-05-2019,22210.0,22600.0,22600.0,22200.0,686,-2.12%,977,31Jul2019,86,0
03-05-2019,22690.0,22730.0,22730.0,22610.0,223,-0.18%,637,31Jul2019,89,0
02-05-2019,22730.0,22780.0,22900.0,22710.0,308,-0.09%,484,31Jul2019,90,0
01-05-2019,22750.0,22780.0,22840.0,22740.0,296,0.40%,310,31Jul2019,91,1
30-04-2019,22660.0,22670.0,22760.0,22580.0,1739,-0.26%,4472,28Jun2019,59,0
26-04-2019,22720.0,22680.0,22740.0,22630.0,965,0.35%,3642,28Jun2019,63,0
25-04-2019,22640.0,22600.0,22690.0,22560.0,763,0.31%,3273,28Jun2019,64,0
24-04-2019,22570.0,22550.0,22680.0,22470.0,787,-0.09%,2811,28Jun2019,65,0
23-04-2019,22590.0,22670.0,22750.0,22510.0,528,-0.53%,2456,28Jun2019,66,0
22-04-2019,22710.0,22800.0,22810.0,22670.0,762,-0.04%,2271,28Jun2019,67,0
18-04-2019,22720.0,22840.0,22860.0,22710.0,674,-0.57%,2031,28Jun2019,71,0
17-04-2019,22850.0,22850.0,22880.0,22700.0,268,0.26%,1833,28Jun2019,72,0
16-04-2019,22790.0,22700.0,22810.0,22630.0,294,0.71%,1758,28Jun2019,73,0
15-04-2019,22630.0,22900.0,22970.0,22580.0,520,-0.79%,1719,28Jun2019,74,0
12-04-2019,22810.0,22480.0,22850.0,22480.0,411,1.29%,1528,28Jun2019,77,0
11-04-2019,22520.0,22560.0,22610.0,22420.0,441,0.09%,1373,28Jun2019,78,0
10-04-2019,22500.0,22690.0,22740.0,22470.0,413,-0.75%,1170,28Jun2019,79,0
09-04-2019,22670.0,22850.0,22860.0,22650.0,239,-0.44%,1024,28Jun2019,80,0
08-04-2019,22770.0,22880.0,23000.0,22650.0,363,-0.52%,976,28Jun2019,81,0
05-04-2019,22890.0,22700.0,22900.0,22700.0,340,1.10%,935,28Jun2019,84,0
04-04-2019,22640.0,22470.0,22690.0,22470.0,410,0.85%,787,28Jun2019,85,0
03-04-2019,22450.0,22390.0,22520.0,22390.0,274,0.67%,553,28Jun2019,86,0
02-04-2019,22300.0,22300.0,22390.0,22240.0,232,-0.18%,416,28Jun2019,87,0
01-04-2019,22340.0,22040.0,22370.0,22000.0,132,2.67%,342,28Jun2019,88,1
29-03-2019,21760.0,21590.0,21820.0,21440.0,485,0.74%,2348,31May2019,63,0
28-03-2019,21600.0,21800.0,21820.0,21520.0,576,-1.23%,2295,31May2019,64,0
27-03-2019,21870.0,21960.0,21980.0,21840.0,261,-0.32%,2130,31May2019,65,0
26-03-2019,21940.0,21990.0,22080.0,21900.0,300,0.09%,2070,31May2019,66,0
25-03-2019,21920.0,22010.0,22010.0,21840.0,434,-0.18%,1944,31May2019,67,0
22-03-2019,21960.0,21960.0,22060.0,21920.0,307,0.41%,1743,31May2019,70,0
21-03-2019,21870.0,21840.0,21880.0,21830.0,74,0.32%,1535,31May2019,71,0
20-03-2019,21800.0,21790.0,21830.0,21720.0,115,0.28%,1534,31May2019,72,0
19-03-2019,21740.0,21860.0,21910.0,21720.0,576,-0.37%,1494,31May2019,73,0
18-03-2019,21820.0,21800.0,22050.0,21780.0,758,0.37%,1291,31May2019,74,0
15-03-2019,21740.0,21650.0,21750.0,21580.0,222,0.65%,1045,31May2019,77,0
14-03-2019,21600.0,21770.0,21810.0,21540.0,388,-0.78%,966,31May2019,78,0
13-03-2019,21770.0,21640.0,21790.0,21600.0,426,0.93%,870,31May2019,79,0
12-03-2019,21570.0,21460.0,21600.0,21350.0,233,0.37%,695,31May2019,80,0
11-03-2019,21490.0,21320.0,21550.0,21320.0,729,0.99%,606,31May2019,81,0
08-03-2019,21280.0,21400.0,21400.0,21270.0,228,-0.47%,261,31May2019,84,0
07-03-2019,21380.0,21500.0,21600.0,21370.0,216,-0.65%,164,31May2019,85,0
06-03-2019,21520.0,21520.0,21540.0,21460.0,49,0.94%,34,31May2019,86,0
05-03-2019,21320.0,21350.0,21400.0,21300.0,14,0.57%,9,31May2019,87,0
04-03-2019,21200.0,0.0,0.0,0.0,0,0.00%,0,31May2019,88,0
01-03-2019,21200.0,0.0,0.0,0.0,0,2.27%,0,31May2019,91,1
28-02-2019,20730.0,20800.0,20800.0,20690.0,509,-0.14%,2597,30Apr2019,61,0
27-02-2019,20760.0,20740.0,20820.0,20710.0,570,-0.05%,2379,30Apr2019,62,0
26-02-2019,20770.0,20860.0,20920.0,20740.0,488,-0.72%,2222,30Apr2019,63,0
25-02-2019,20920.0,20820.0,20970.0,20780.0,637,0.63%,2120,30Apr2019,64,0
22-02-2019,20790.0,20900.0,21190.0,20760.0,872,-0.10%,1955,30Apr2019,67,0
21-02-2019,20810.0,20650.0,20840.0,20580.0,301,0.68%,1773,30Apr2019,68,0
20-02-2019,20670.0,20690.0,20740.0,20650.0,416,0.00%,1709,30Apr2019,69,0
19-02-2019,20670.0,20700.0,20740.0,20640.0,249,0.24%,1551,30Apr2019,70,0
18-02-2019,20620.0,20770.0,20770.0,20550.0,206,-0.39%,1464,30Apr2019,71,0
15-02-2019,20700.0,20800.0,20840.0,20650.0,339,-0.19%,1349,30Apr2019,74,0
14-02-2019,20740.0,20740.0,20860.0,20720.0,284,0.10%,1198,30Apr2019,75,0
13-02-2019,20720.0,20700.0,20760.0,20550.0,238,-0.53%,1137,30Apr2019,76,0
12-02-2019,20830.0,20970.0,20970.0,20790.0,263,-1.28%,1122,30Apr2019,77,0
11-02-2019,21100.0,21200.0,21270.0,21060.0,276,-0.28%,1005,30Apr2019,78,0
08-02-2019,21160.0,21160.0,21220.0,21140.0,95,-0.42%,866,30Apr2019,81,0
07-02-2019,21250.0,21250.0,21300.0,21210.0,50,-0.19%,820,30Apr2019,82,0
06-02-2019,21290.0,21200.0,21300.0,21150.0,142,0.71%,799,30Apr2019,83,0
05-02-2019,21140.0,21150.0,21220.0,21120.0,61,-0.19%,756,30Apr2019,84,0
04-02-2019,21180.0,21380.0,21380.0,21130.0,171,-1.26%,729,30Apr2019,85,0
01-02-2019,21450.0,21460.0,21500.0,21420.0,23,0.89%,639,30Apr2019,88,1
31-01-2019,21260.0,21300.0,21350.0,21150.0,382,-0.19%,2256,29Mar2019,57,0
30-01-2019,21300.0,21250.0,21350.0,21190.0,339,0.28%,2132,29Mar2019,58,0
29-01-2019,21240.0,21140.0,21270.0,21120.0,332,0.47%,2021,29Mar2019,59,0
28-01-2019,21140.0,21230.0,21250.0,21100.0,247,-0.19%,1875,29Mar2019,60,0
25-01-2019,21180.0,21210.0,21280.0,21120.0,387,-0.14%,1834,29Mar2019,63,0
24-01-2019,21210.0,21240.0,21330.0,21170.0,382,-0.24%,1705,29Mar2019,64,0
23-01-2019,21260.0,21360.0,21360.0,21210.0,322,-0.37%,1703,29Mar2019,65,0
22-01-2019,21340.0,21510.0,21510.0,21320.0,399,-0.61%,1587,29Mar2019,66,0
21-01-2019,21470.0,21450.0,21510.0,21420.0,144,0.14%,1464,29Mar2019,67,0
18-01-2019,21440.0,21500.0,21510.0,21410.0,279,0.19%,1448,29Mar2019,70,0
17-01-2019,21400.0,21490.0,21530.0,21390.0,338,-0.19%,1274,29Mar2019,71,0
16-01-2019,21440.0,21270.0,21460.0,21200.0,191,0.89%,1187,29Mar2019,72,0
15-01-2019,21250.0,21220.0,21340.0,21210.0,197,0.47%,1102,29Mar2019,73,0
14-01-2019,21150.0,21060.0,21200.0,21060.0,103,-0.24%,1050,29Mar2019,74,0
11-01-2019,21200.0,21300.0,21330.0,21180.0,75,-0.28%,997,29Mar2019,77,0
10-01-2019,21260.0,21500.0,21530.0,21240.0,128,-0.79%,974,29Mar2019,78,0
09-01-2019,21430.0,21300.0,21440.0,21260.0,135,0.05%,926,29Mar2019,79,0
08-01-2019,21420.0,21450.0,21480.0,21340.0,79,-0.05%,889,29Mar2019,80,0
07-01-2019,21430.0,21640.0,21700.0,21390.0,294,-0.65%,861,29Mar2019,81,0
04-01-2019,21570.0,21570.0,21600.0,21540.0,62,0.14%,768,29Mar2019,84,0
03-01-2019,21540.0,21410.0,21620.0,21390.0,91,0.28%,735,29Mar2019,85,0
02-01-2019,21480.0,21600.0,21610.0,21450.0,152,-0.46%,695,29Mar2019,86,0
01-01-2019,21580.0,21600.0,21620.0,21560.0,97,1.17%,660,29Mar2019,87,1
31-12-2018,21330.0,21310.0,21410.0,21290.0,397,0.52%,2070,28Feb2019,59,0
28-12-2018,21220.0,21200.0,21260.0,21110.0,520,0.28%,2041,28Feb2019,62,0
27-12-2018,21160.0,21320.0,21460.0,21140.0,459,-0.24%,1955,28Feb2019,63,0
26-12-2018,21210.0,21100.0,21260.0,20940.0,770,0.47%,1878,28Feb2019,64,0
24-12-2018,21110.0,21390.0,21390.0,20670.0,766,-0.89%,1587,28Feb2019,66,0
21-12-2018,21300.0,21660.0,21660.0,21270.0,848,-1.93%,1396,28Feb2019,69,0
20-12-2018,21720.0,21950.0,21950.0,21700.0,654,-1.23%,1054,28Feb2019,70,0
19-12-2018,21990.0,21980.0,22080.0,21950.0,275,-0.18%,878,28Feb2019,71,0
18-12-2018,22030.0,22200.0,22200.0,21980.0,637,-1.03%,723,28Feb2019,72,0
17-12-2018,22260.0,22360.0,22450.0,22220.0,221,-0.54%,384,28Feb2019,73,0
14-12-2018,22380.0,22250.0,22450.0,22240.0,191,0.27%,306,28Feb2019,76,0
13-12-2018,22320.0,22570.0,22570.0,22320.0,119,-1.06%,236,28Feb2019,77,0
12-12-2018,22560.0,22630.0,22650.0,22550.0,35,-0.66%,203,28Feb2019,78,0
11-12-2018,22710.0,22750.0,22800.0,22600.0,10,0.04%,207,28Feb2019,79,0
10-12-2018,22700.0,22480.0,22720.0,22480.0,88,1.57%,207,28Feb2019,80,0
07-12-2018,22350.0,22190.0,22400.0,22160.0,163,0.49%,204,28Feb2019,83,0
06-12-2018,22240.0,22420.0,22450.0,22210.0,36,-0.36%,116,28Feb2019,84,0
05-12-2018,22320.0,22300.0,22380.0,22280.0,53,0.00%,103,28Feb2019,85,0
04-12-2018,22320.0,22300.0,22400.0,22240.0,11,-0.45%,95,28Feb2019,86,0
03-12-2018,22420.0,22230.0,22510.0,22230.0,15,3.27%,91,28Feb2019,87,1
30-11-2018,21710.0,21800.0,21860.0,21700.0,357,-0.69%,1516,31Jan2019,62,0
29-11-2018,21860.0,21900.0,21940.0,21760.0,580,-0.41%,1390,31Jan2019,63,0
28-11-2018,21950.0,21960.0,21980.0,21820.0,280,0.09%,1359,31Jan2019,64,0
27-11-2018,21930.0,21830.0,21970.0,21780.0,595,0.50%,1432,31Jan2019,65,0
26-11-2018,21820.0,21750.0,21990.0,21610.0,504,-0.27%,1185,31Jan2019,66,0
23-11-2018,21880.0,22020.0,22020.0,21850.0,63,-0.86%,1021,31Jan2019,69,0
22-11-2018,22070.0,22130.0,22130.0,22000.0,154,-0.18%,1030,31Jan2019,70,0
21-11-2018,22110.0,21940.0,22190.0,21830.0,301,0.73%,998,31Jan2019,71,0
20-11-2018,21950.0,22200.0,22310.0,21940.0,467,-0.99%,899,31Jan2019,72,0
19-11-2018,22170.0,22530.0,22530.0,22120.0,241,-1.64%,800,31Jan2019,73,0
16-11-2018,22540.0,22660.0,22670.0,22490.0,169,-0.62%,709,31Jan2019,76,0
15-11-2018,22680.0,22700.0,22700.0,22640.0,222,0.09%,633,31Jan2019,77,0
14-11-2018,22660.0,22650.0,22690.0,22600.0,270,-0.26%,508,31Jan2019,78,0
13-11-2018,22720.0,22830.0,22850.0,22700.0,146,-0.66%,339,31Jan2019,79,0
12-11-2018,22870.0,22780.0,22940.0,22780.0,26,0.62%,283,31Jan2019,80,0
09-11-2018,22730.0,22710.0,22900.0,22660.0,27,-0.09%,274,31Jan2019,83,0
08-11-2018,22750.0,22700.0,22800.0,22700.0,10,0.35%,266,31Jan2019,84,0
07-11-2018,22670.0,22650.0,22700.0,22620.0,5,0.22%,262,31Jan2019,85,0
06-11-2018,22620.0,22700.0,22830.0,22600.0,76,-0.62%,262,31Jan2019,86,0
05-11-2018,22760.0,22690.0,22800.0,22650.0,69,-0.04%,254,31Jan2019,87,0
02-11-2018,22770.0,22860.0,23000.0,22740.0,51,-0.70%,253,31Jan2019,90,0
01-11-2018,22930.0,22630.0,22950.0,22470.0,110,2.41%,248,31Jan2019,91,1
31-10-2018,22390.0,22500.0,22600.0,22360.0,528,-0.49%,4789,31Dec2018,61,0
30-10-2018,22500.0,22560.0,22620.0,22500.0,333,-0.22%,4834,31Dec2018,62,0
29-10-2018,22550.0,22840.0,22860.0,22500.0,973,-1.05%,4948,31Dec2018,63,0
26-10-2018,22790.0,22800.0,22900.0,22720.0,689,0.35%,5049,31Dec2018,66,0
25-10-2018,22710.0,22720.0,22840.0,22640.0,1077,-0.87%,5088,31Dec2018,67,0
24-10-2018,22910.0,22780.0,23040.0,22740.0,749,0.35%,5073,31Dec2018,68,0
23-10-2018,22830.0,23010.0,23090.0,22800.0,1174,-0.65%,5033,31Dec2018,69,0
22-10-2018,22980.0,22660.0,23030.0,22660.0,1001,1.68%,4741,31Dec2018,70,0
19-10-2018,22600.0,22590.0,22750.0,22580.0,434,-0.04%,4597,31Dec2018,73,0
18-10-2018,22610.0,22390.0,22630.0,22380.0,176,0.62%,4583,31Dec2018,74,0
17-10-2018,22470.0,22760.0,22780.0,22460.0,719,-1.27%,4547,31Dec2018,75,0
16-10-2018,22760.0,22900.0,22910.0,22730.0,448,-0.70%,4672,31Dec2018,76,0
15-10-2018,22920.0,23000.0,23070.0,22820.0,640,0.22%,4578,31Dec2018,77,0
12-10-2018,22870.0,22460.0,22940.0,22460.0,784,2.10%,4663,31Dec2018,80,0
11-10-2018,22400.0,22400.0,22480.0,22380.0,246,-0.18%,4644,31Dec2018,81,0
10-10-2018,22440.0,22430.0,22510.0,22350.0,246,0.00%,4621,31Dec2018,82,0
09-10-2018,22440.0,22460.0,22590.0,22420.0,463,0.31%,4605,31Dec2018,83,0
08-10-2018,22370.0,22400.0,22460.0,22350.0,313,0.40%,4576,31Dec2018,84,0
05-10-2018,22280.0,22080.0,22320.0,22080.0,306,0.91%,4563,31Dec2018,87,0
04-10-2018,22080.0,22260.0,22270.0,21990.0,418,-0.59%,4536,31Dec2018,88,0
03-10-2018,22210.0,22050.0,22220.0,22040.0,567,0.82%,4584,31Dec2018,89,0
01-10-2018,22030.0,21850.0,22070.0,21820.0,545,0.32%,4536,31Dec2018,91,0
28-09-2018,21960.0,22100.0,22140.0,21900.0,313,-0.81%,4458,31Dec2018,94,0
27-09-2018,22140.0,22310.0,22320.0,22120.0,355,-0.94%,4445,31Dec2018,95,0
26-09-2018,22350.0,22370.0,22450.0,22270.0,445,0.00%,4412,31Dec2018,96,0
25-09-2018,22350.0,22320.0,22410.0,22230.0,432,-0.04%,4290,31Dec2018,97,0
24-09-2018,22360.0,22490.0,22490.0,22320.0,245,0.09%,4241,31Dec2018,98,0
21-09-2018,22340.0,22320.0,22380.0,22200.0,561,0.04%,4259,31Dec2018,101,0
20-09-2018,22330.0,22370.0,22400.0,22300.0,350,-0.31%,4300,31Dec2018,102,0
19-09-2018,22400.0,22400.0,22540.0,22330.0,1026,-0.36%,4419,31Dec2018,103,0
18-09-2018,22480.0,22710.0,22730.0,22450.0,917,-1.10%,4793,31Dec2018,104,0
17-09-2018,22730.0,22670.0,22760.0,22590.0,830,0.26%,4550,31Dec2018,105,0
14-09-2018,22670.0,22700.0,22700.0,22620.0,557,-0.26%,4483,31Dec2018,108,0
13-09-2018,22730.0,22840.0,22840.0,22710.0,291,-0.74%,4297,31Dec2018,109,0
12-09-2018,22900.0,22950.0,22980.0,22870.0,131,-0.13%,4171,31Dec2018,110,0
11-09-2018,22930.0,23000.0,23100.0,22880.0,942,-0.43%,4186,31Dec2018,111,0
10-09-2018,23030.0,22900.0,23040.0,22810.0,1038,0.79%,3752,31Dec2018,112,0
07-09-2018,22850.0,22580.0,22880.0,22460.0,705,1.02%,3387,31Dec2018,115,0
06-09-2018,22620.0,22650.0,22670.0,22600.0,171,-0.18%,3168,31Dec2018,116,0
05-09-2018,22660.0,22560.0,22750.0,22500.0,788,0.76%,3108,31Dec2018,117,0
04-09-2018,22490.0,22510.0,22560.0,22410.0,394,0.09%,2725,31Dec2018,118,0
03-09-2018,22470.0,22460.0,22490.0,22390.0,324,-0.27%,2597,31Dec2018,119,0
31-08-2018,22530.0,22520.0,22550.0,22420.0,235,-0.09%,2424,31Dec2018,122,0
30-08-2018,22550.0,22610.0,22700.0,22490.0,808,-0.22%,2280,31Dec2018,123,0
29-08-2018,22600.0,22750.0,22820.0,22550.0,581,-0.75%,1986,31Dec2018,124,0
28-08-2018,22770.0,22670.0,22850.0,22620.0,569,0.35%,1811,31Dec2018,125,0
27-08-2018,22690.0,22650.0,22700.0,22550.0,377,-0.35%,1525,31Dec2018,126,0
24-08-2018,22770.0,22650.0,22790.0,22580.0,259,0.53%,1405,31Dec2018,129,0
23-08-2018,22650.0,22640.0,22670.0,22580.0,172,-0.35%,1293,31Dec2018,130,0
22-08-2018,22730.0,22720.0,22760.0,22700.0,54,-0.53%,1213,31Dec2018,131,0
21-08-2018,22850.0,22820.0,22920.0,22800.0,203,0.09%,1210,31Dec2018,132,0
20-08-2018,22830.0,22830.0,22850.0,22750.0,191,0.26%,1260,31Dec2018,133,0
17-08-2018,22770.0,22940.0,22940.0,22670.0,218,-1.00%,1303,31Dec2018,136,0
16-08-2018,23000.0,23000.0,23010.0,22770.0,409,-0.52%,1302,31Dec2018,137,0
14-08-2018,23120.0,23180.0,23190.0,23000.0,396,-0.04%,1276,31Dec2018,139,0
13-08-2018,23130.0,23420.0,23440.0,23110.0,236,-1.66%,1464,31Dec2018,140,0
10-08-2018,23520.0,23380.0,23610.0,23360.0,289,0.60%,1506,31Dec2018,143,0
09-08-2018,23380.0,23320.0,23430.0,23300.0,184,-0.04%,1480,31Dec2018,144,0
08-08-2018,23390.0,23420.0,23440.0,23350.0,87,0.04%,1488,31Dec2018,145,0
07-08-2018,23380.0,23400.0,23550.0,23330.0,143,0.26%,1440,31Dec2018,146,0
06-08-2018,23320.0,23300.0,23340.0,23200.0,49,0.56%,1454,31Dec2018,147,0
03-08-2018,23190.0,23450.0,23450.0,23170.0,111,-1.02%,1476,31Dec2018,150,0
02-08-2018,23430.0,23420.0,23500.0,23380.0,124,-0.51%,1453,31Dec2018,151,0
01-08-2018,23550.0,23460.0,23640.0,23400.0,103,-0.38%,1436,31Dec2018,152,1
31-07-2018,23640.0,23500.0,23720.0,23480.0,514,0.55%,2750,30Nov2018,122,0
30-07-2018,23510.0,23150.0,23560.0,23150.0,146,1.34%,2786,30Nov2018,123,0
27-07-2018,23200.0,23150.0,23220.0,23110.0,165,0.56%,2766,30Nov2018,126,0
26-07-2018,23070.0,23150.0,23330.0,23020.0,190,-0.47%,2750,30Nov2018,127,0
25-07-2018,23180.0,23150.0,23250.0,23010.0,103,0.74%,2765,30Nov2018,128,0
24-07-2018,23010.0,22910.0,23040.0,22880.0,50,0.31%,2744,30Nov2018,129,0
23-07-2018,22940.0,23000.0,23040.0,22920.0,176,-0.99%,2748,30Nov2018,130,0
20-07-2018,23170.0,23270.0,23280.0,22980.0,245,-0.39%,2765,30Nov2018,133,0
19-07-2018,23260.0,23340.0,23360.0,23180.0,163,-0.17%,2618,30Nov2018,134,0
18-07-2018,23300.0,23190.0,23400.0,23190.0,135,0.60%,2574,30Nov2018,135,0
17-07-2018,23160.0,23050.0,23200.0,23010.0,124,0.22%,2577,30Nov2018,136,0
16-07-2018,23110.0,23200.0,23210.0,23090.0,118,-0.43%,2574,30Nov2018,137,0
13-07-2018,23210.0,23270.0,23340.0,23080.0,114,0.91%,2607,30Nov2018,140,0
12-07-2018,23000.0,22870.0,23050.0,22830.0,442,0.57%,2630,30Nov2018,141,0
11-07-2018,22870.0,22700.0,23060.0,22700.0,302,-0.09%,2479,30Nov2018,142,0
10-07-2018,22890.0,22930.0,23000.0,22820.0,402,-0.22%,2465,30Nov2018,143,0
09-07-2018,22940.0,22800.0,23000.0,22790.0,332,0.88%,2328,30Nov2018,144,0
06-07-2018,22740.0,22560.0,22760.0,22560.0,128,0.93%,2303,30Nov2018,147,0
05-07-2018,22530.0,22460.0,22890.0,22430.0,349,0.00%,2315,30Nov2018,148,0
04-07-2018,22530.0,22300.0,22560.0,22300.0,190,0.90%,2372,30Nov2018,149,0
03-07-2018,22330.0,22380.0,22410.0,22220.0,255,-0.53%,2332,30Nov2018,150,0
02-07-2018,22450.0,22540.0,22620.0,22440.0,232,-1.54%,2417,30Nov2018,151,1
29-06-2018,22800.0,22810.0,22810.0,22540.0,193,-0.09%,1557,31Oct2018,124,0
28-06-2018,22820.0,22990.0,23040.0,22770.0,57,-0.83%,1527,31Oct2018,125,0
27-06-2018,23010.0,23020.0,23050.0,22910.0,69,-0.04%,1528,31Oct2018,126,0
26-06-2018,23020.0,22950.0,23050.0,22850.0,118,0.09%,1498,31Oct2018,127,0
25-06-2018,23000.0,23080.0,23100.0,22980.0,352,0.26%,1466,31Oct2018,128,0
22-06-2018,22940.0,22900.0,23000.0,22820.0,42,0.22%,1245,31Oct2018,131,0
21-06-2018,22890.0,23000.0,23080.0,22780.0,97,-0.30%,1209,31Oct2018,132,0
20-06-2018,22960.0,22800.0,23120.0,22750.0,189,1.06%,1221,31Oct2018,133,0
19-06-2018,22720.0,23040.0,23070.0,22640.0,226,-1.82%,1251,31Oct2018,134,0
18-06-2018,23140.0,23600.0,23600.0,23110.0,175,-2.85%,1277,31Oct2018,135,0
15-06-2018,23820.0,23940.0,23950.0,23780.0,66,-0.83%,1283,31Oct2018,138,0
14-06-2018,24020.0,23900.0,24100.0,23830.0,105,0.42%,1314,31Oct2018,139,0
13-06-2018,23920.0,24110.0,24200.0,23900.0,91,-0.79%,1285,31Oct2018,140,0
12-06-2018,24110.0,23950.0,24150.0,23920.0,125,0.17%,1260,31Oct2018,141,0
11-06-2018,24070.0,24060.0,24100.0,23860.0,166,0.00%,1209,31Oct2018,142,0
08-06-2018,24070.0,23580.0,24100.0,23550.0,300,3.26%,1167,31Oct2018,145,0
07-06-2018,23310.0,23080.0,23510.0,23050.0,69,0.65%,1086,31Oct2018,146,0
06-06-2018,23160.0,23000.0,23250.0,22920.0,98,0.04%,1061,31Oct2018,147,0
05-06-2018,23150.0,23110.0,23180.0,22910.0,67,-0.90%,1036,31Oct2018,148,0
04-06-2018,23360.0,23540.0,23590.0,23350.0,125,-0.13%,1042,31Oct2018,149,0
01-06-2018,23390.0,23040.0,23460.0,23040.0,144,4.65%,1019,31Oct2018,152,1
31-05-2018,22350.0,22260.0,22430.0,22150.0,518,-0.45%,1336,31Jul2018,61,0
30-05-2018,22450.0,22800.0,22850.0,22090.0,944,-0.88%,1362,31Jul2018,62,0
29-05-2018,22650.0,22360.0,22710.0,22330.0,750,3.71%,1272,31Jul2018,63,0
28-05-2018,21840.0,21810.0,21880.0,21650.0,229,0.65%,1114,31Jul2018,64,0
25-05-2018,21700.0,21570.0,21770.0,21540.0,395,0.70%,993,31Jul2018,67,0
24-05-2018,21550.0,21460.0,21590.0,21410.0,124,0.28%,821,31Jul2018,68,0
23-05-2018,21490.0,21290.0,21510.0,21290.0,72,0.70%,776,31Jul2018,69,0
22-05-2018,21340.0,21670.0,21690.0,21260.0,325,-1.34%,748,31Jul2018,70,0
21-05-2018,21630.0,21600.0,21670.0,21550.0,673,0.84%,716,31Jul2018,71,0
18-05-2018,21450.0,21290.0,21480.0,21260.0,256,1.18%,533,31Jul2018,74,0
17-05-2018,21200.0,21170.0,21250.0,21150.0,64,-0.05%,421,31Jul2018,75,0
16-05-2018,21210.0,21180.0,21320.0,21160.0,126,0.86%,378,31Jul2018,76,0
15-05-2018,21030.0,20950.0,21120.0,20870.0,48,0.14%,343,31Jul2018,77,0
14-05-2018,21000.0,21140.0,21140.0,20900.0,225,-0.66%,346,31Jul2018,78,0
11-05-2018,21140.0,21200.0,21240.0,21120.0,276,-0.75%,297,31Jul2018,81,0
10-05-2018,21300.0,21350.0,21350.0,21250.0,29,-0.33%,252,31Jul2018,82,0
09-05-2018,21370.0,21360.0,21390.0,21360.0,8,0.00%,251,31Jul2018,83,0
08-05-2018,21370.0,21410.0,21410.0,21340.0,37,-0.42%,251,31Jul2018,84,0
07-05-2018,21460.0,21540.0,21550.0,21430.0,69,0.61%,241,31Jul2018,85,0
04-05-2018,21330.0,0.0,0.0,0.0,0,0.00%,218,31Jul2018,88,0
03-05-2018,21330.0,21350.0,21370.0,21290.0,172,-0.42%,218,31Jul2018,89,0
02-05-2018,21420.0,21220.0,21440.0,21220.0,87,1.42%,102,31Jul2018,90,0
01-05-2018,21120.0,0.0,0.0,0.0,0,0.67%,35,31Jul2018,91,1
30-04-2018,20980.0,21060.0,21100.0,20940.0,276,-0.62%,599,29Jun2018,60,0
27-04-2018,21110.0,21130.0,21130.0,21090.0,96,-0.28%,488,29Jun2018,63,0
26-04-2018,21170.0,21140.0,21250.0,21090.0,185,-0.19%,468,29Jun2018,64,0
25-04-2018,21210.0,21010.0,21230.0,20940.0,532,0.57%,398,29Jun2018,65,0
24-04-2018,21090.0,21300.0,21300.0,21070.0,79,-1.49%,189,29Jun2018,66,0
23-04-2018,21410.0,21500.0,21500.0,21360.0,76,0.19%,205,29Jun2018,67,0
20-04-2018,21370.0,21250.0,21410.0,21230.0,78,1.04%,211,29Jun2018,70,0
19-04-2018,21150.0,21150.0,21170.0,21120.0,13,-0.09%,176,29Jun2018,71,0
18-04-2018,21170.0,21420.0,21420.0,21120.0,53,-1.12%,183,29Jun2018,72,0
17-04-2018,21410.0,21500.0,21500.0,21320.0,23,-0.33%,171,29Jun2018,73,0
16-04-2018,21480.0,21400.0,21530.0,21390.0,42,0.09%,166,29Jun2018,74,0
13-04-2018,21460.0,21370.0,21480.0,21370.0,104,0.42%,148,29Jun2018,77,0
12-04-2018,21370.0,21320.0,21440.0,21320.0,54,0.56%,67,29Jun2018,78,0
11-04-2018,21250.0,21230.0,21300.0,21210.0,14,0.09%,45,29Jun2018,79,0
10-04-2018,21230.0,21180.0,21280.0,21180.0,11,0.43%,37,29Jun2018,80,0
09-04-2018,21140.0,21100.0,21170.0,21100.0,7,0.09%,30,29Jun2018,81,0
06-04-2018,21120.0,21120.0,21120.0,21120.0,8,0.62%,28,29Jun2018,84,0
05-04-2018,20990.0,20930.0,21030.0,20930.0,6,0.38%,25,29Jun2018,85,0
04-04-2018,20910.0,21150.0,21150.0,20750.0,36,-1.27%,22,29Jun2018,86,0
03-04-2018,21180.0,0.0,0.0,0.0,0,0.00%,8,29Jun2018,87,0
02-04-2018,21180.0,21170.0,21200.0,21170.0,8,2.22%,8,29Jun2018,88,1
29-03-2018,20720.0,20750.0,20770.0,20690.0,66,0.05%,835,31May2018,63,0
28-03-2018,20710.0,20830.0,20830.0,20680.0,114,-0.58%,787,31May2018,64,0
27-03-2018,20830.0,20690.0,20840.0,20690.0,314,0.73%,767,31May2018,65,0
26-03-2018,20680.0,20580.0,20690.0,20510.0,366,0.49%,592,31May2018,66,0
23-03-2018,20580.0,20720.0,20750.0,20570.0,170,-0.68%,442,31May2018,69,0
22-03-2018,20720.0,20810.0,20830.0,20700.0,34,-0.91%,463,31May2018,70,0
21-03-2018,20910.0,20810.0,20930.0,20750.0,128,1.36%,466,31May2018,71,0
20-03-2018,20630.0,20590.0,20770.0,20430.0,134,0.34%,438,31May2018,72,0
19-03-2018,20560.0,20840.0,20880.0,20520.0,147,-1.49%,435,31May2018,73,0
16-03-2018,20870.0,20950.0,21030.0,20850.0,96,-0.48%,448,31May2018,76,0
15-03-2018,20970.0,21090.0,21130.0,20930.0,169,-0.33%,420,31May2018,77,0
14-03-2018,21040.0,21230.0,21230.0,21020.0,231,-0.71%,380,31May2018,78,0
13-03-2018,21190.0,21180.0,21200.0,21040.0,101,0.19%,349,31May2018,79,0
12-03-2018,21150.0,21460.0,21460.0,21120.0,56,-1.31%,362,31May2018,80,0
09-03-2018,21430.0,21420.0,21500.0,21390.0,35,0.00%,346,31May2018,83,0
08-03-2018,21430.0,21230.0,21450.0,21200.0,99,0.66%,345,31May2018,84,0
07-03-2018,21290.0,21190.0,21290.0,21100.0,178,-0.19%,300,31May2018,85,0
06-03-2018,21330.0,21660.0,21680.0,21280.0,256,0.09%,216,31May2018,86,0
05-03-2018,21310.0,21010.0,21400.0,21010.0,112,4.46%,92,31May2018,87,0
02-03-2018,20400.0,0.0,0.0,0.0,0,0.00%,0,31May2018,90,0
01-03-2018,20400.0,0.0,0.0,0.0,0,-2.39%,0,31May2018,91,1
28-02-2018,20900.0,20750.0,20930.0,20750.0,210,1.01%,753,30Apr2018,61,0
27-02-2018,20690.0,20800.0,20830.0,20640.0,247,-0.43%,773,30Apr2018,62,0
26-02-2018,20780.0,20810.0,20880.0,20650.0,256,1.07%,682,30Apr2018,63,0
23-02-2018,20560.0,20620.0,20620.0,20400.0,266,-0.15%,637,30Apr2018,66,0
22-02-2018,20590.0,20520.0,20670.0,20520.0,199,0.29%,533,30Apr2018,67,0
21-02-2018,20530.0,20460.0,20710.0,20450.0,585,0.69%,471,30Apr2018,68,0
20-02-2018,20390.0,20020.0,20500.0,20010.0,335,2.31%,347,30Apr2018,69,0
19-02-2018,19930.0,20040.0,20060.0,19890.0,134,-0.35%,213,30Apr2018,70,0
16-02-2018,20000.0,20090.0,20090.0,19910.0,215,-0.30%,199,30Apr2018,73,0
15-02-2018,20060.0,20230.0,20260.0,19980.0,73,-0.59%,135,30Apr2018,74,0
14-02-2018,20180.0,20330.0,20330.0,20130.0,40,-0.84%,124,30Apr2018,75,0
13-02-2018,20350.0,20360.0,20400.0,20330.0,27,-0.49%,124,30Apr2018,76,0
12-02-2018,20450.0,20560.0,20560.0,20390.0,30,0.00%,102,30Apr2018,77,0
09-02-2018,20450.0,20720.0,20720.0,20450.0,82,-0.78%,108,30Apr2018,80,0
08-02-2018,20610.0,20320.0,20640.0,20300.0,49,1.33%,60,30Apr2018,81,0
07-02-2018,20340.0,20300.0,20400.0,20300.0,18,0.44%,56,30Apr2018,82,0
06-02-2018,20250.0,20360.0,20360.0,20190.0,10,-0.88%,53,30Apr2018,83,0
05-02-2018,20430.0,20560.0,20560.0,20390.0,15,-0.78%,51,30Apr2018,84,0
02-02-2018,20590.0,20780.0,20870.0,20560.0,43,-0.58%,42,30Apr2018,87,0
01-02-2018,20710.0,20530.0,20770.0,20500.0,48,2.07%,35,30Apr2018,88,1
31-01-2018,20290.0,20320.0,20420.0,20160.0,1044,-0.29%,1224,30Mar2018,58,0
30-01-2018,20350.0,20330.0,20600.0,20290.0,519,-0.25%,935,30Mar2018,59,0
29-01-2018,20400.0,20540.0,20630.0,20370.0,493,-1.97%,838,30Mar2018,60,0
25-01-2018,20810.0,20820.0,20950.0,20770.0,491,0.34%,832,30Mar2018,64,0
24-01-2018,20740.0,20970.0,20970.0,20680.0,297,-1.19%,754,30Mar2018,65,0
23-01-2018,20990.0,21280.0,21290.0,20960.0,366,-1.13%,717,30Mar2018,66,0
22-01-2018,21230.0,21370.0,21440.0,21220.0,295,-0.70%,760,30Mar2018,67,0
19-01-2018,21380.0,21190.0,21420.0,21160.0,207,0.71%,675,30Mar2018,70,0
18-01-2018,21230.0,21230.0,21440.0,21190.0,326,0.52%,612,30Mar2018,71,0
17-01-2018,21120.0,21070.0,21130.0,21030.0,37,0.09%,519,30Mar2018,72,0
16-01-2018,21100.0,21050.0,21180.0,20910.0,178,0.33%,500,30Mar2018,73,0
15-01-2018,21030.0,21060.0,21120.0,21000.0,75,-0.61%,473,30Mar2018,74,0
12-01-2018,21160.0,21490.0,21580.0,21000.0,532,0.14%,477,30Mar2018,77,0
11-01-2018,21130.0,20730.0,21240.0,20730.0,457,2.08%,316,30Mar2018,78,0
10-01-2018,20700.0,20560.0,20700.0,20560.0,112,0.78%,158,30Mar2018,79,0
09-01-2018,20540.0,20620.0,20640.0,20470.0,61,-0.29%,164,30Mar2018,80,0
08-01-2018,20600.0,20680.0,20710.0,20600.0,75,-0.53%,141,30Mar2018,81,0
05-01-2018,20710.0,20690.0,20830.0,20650.0,117,0.44%,95,30Mar2018,84,0
04-01-2018,20620.0,20620.0,20660.0,20600.0,9,1.03%,36,30Mar2018,85,0
03-01-2018,20410.0,20410.0,20410.0,20410.0,1,-0.54%,40,30Mar2018,86,0
02-01-2018,20520.0,20520.0,20610.0,20450.0,12,-1.01%,40,30Mar2018,87,0
01-01-2018,20730.0,0.0,0.0,0.0,0,1.32%,29,30Mar2018,88,1
29-12-2017,20460.0,20550.0,20610.0,20340.0,800,-0.49%,1887,28Feb2018,61,0
28-12-2017,20560.0,20730.0,20780.0,20540.0,697,-0.34%,1831,28Feb2018,62,0
27-12-2017,20630.0,20560.0,20700.0,20330.0,570,0.83%,1850,28Feb2018,63,0
26-12-2017,20460.0,20470.0,20630.0,20430.0,911,0.69%,1813,28Feb2018,64,0
22-12-2017,20320.0,20460.0,20540.0,20300.0,875,-0.10%,1460,28Feb2018,68,0
21-12-2017,20340.0,20050.0,20410.0,20020.0,507,1.65%,1214,28Feb2018,69,0
20-12-2017,20010.0,19940.0,20020.0,19900.0,289,-0.10%,1041,28Feb2018,70,0
19-12-2017,20030.0,19890.0,20050.0,19810.0,526,0.30%,892,28Feb2018,71,0
18-12-2017,19970.0,20110.0,20190.0,19950.0,273,-0.99%,728,28Feb2018,72,0
15-12-2017,20170.0,19970.0,20230.0,19940.0,301,1.36%,633,28Feb2018,75,0
14-12-2017,19900.0,19900.0,19930.0,19840.0,198,0.45%,503,28Feb2018,76,0
13-12-2017,19810.0,19680.0,19900.0,19650.0,270,0.15%,471,28Feb2018,77,0
12-12-2017,19780.0,19550.0,19790.0,19500.0,225,0.82%,379,28Feb2018,78,0
11-12-2017,19620.0,19600.0,19750.0,19540.0,200,0.10%,293,28Feb2018,79,0
08-12-2017,19600.0,19470.0,19630.0,19450.0,119,1.66%,199,28Feb2018,82,0
07-12-2017,19280.0,19290.0,19320.0,19240.0,22,0.00%,191,28Feb2018,83,0
06-12-2017,19280.0,19260.0,19300.0,19260.0,22,-0.05%,186,28Feb2018,84,0
05-12-2017,19290.0,19330.0,19360.0,19260.0,35,-0.41%,188,28Feb2018,85,0
04-12-2017,19370.0,19380.0,19580.0,19350.0,211,1.36%,176,28Feb2018,86,0
01-12-2017,19110.0,19110.0,19110.0,19110.0,1,1.06%,2,28Feb2018,89,1
30-11-2017,18910.0,18840.0,18970.0,18820.0,344,0.75%,2260,31Jan2018,62,0
29-11-2017,18770.0,18610.0,18790.0,18610.0,408,0.75%,2199,31Jan2018,63,0
28-11-2017,18630.0,18610.0,18650.0,18500.0,226,-0.37%,2193,31Jan2018,64,0
27-11-2017,18700.0,18650.0,18700.0,18580.0,251,0.27%,2145,31Jan2018,65,0
24-11-2017,18650.0,18720.0,18720.0,18590.0,205,-0.05%,2148,31Jan2018,68,0
23-11-2017,18660.0,18670.0,18740.0,18620.0,225,0.27%,2077,31Jan2018,69,0
22-11-2017,18610.0,18640.0,18680.0,18550.0,420,-0.48%,1967,31Jan2018,70,0
21-11-2017,18700.0,18570.0,18760.0,18530.0,300,1.08%,1856,31Jan2018,71,0
20-11-2017,18500.0,18620.0,18630.0,18440.0,222,-0.54%,1822,31Jan2018,72,0
17-11-2017,18600.0,18480.0,18630.0,18440.0,365,0.70%,1756,31Jan2018,75,0
16-11-2017,18470.0,18340.0,18500.0,18340.0,214,0.71%,1560,31Jan2018,76,0
15-11-2017,18340.0,18370.0,18440.0,18330.0,57,-0.11%,1503,31Jan2018,77,0
14-11-2017,18360.0,18410.0,18520.0,18330.0,210,-0.49%,1475,31Jan2018,78,0
13-11-2017,18450.0,18270.0,18470.0,18270.0,141,1.15%,1377,31Jan2018,79,0
10-11-2017,18240.0,18280.0,18330.0,18210.0,57,-0.33%,1383,31Jan2018,82,0
09-11-2017,18300.0,18260.0,18320.0,18190.0,160,0.33%,1376,31Jan2018,83,0
08-11-2017,18240.0,18200.0,18260.0,18200.0,86,-0.11%,1330,31Jan2018,84,0
07-11-2017,18260.0,18270.0,18300.0,18230.0,52,0.05%,1315,31Jan2018,85,0
06-11-2017,18250.0,18230.0,18360.0,18190.0,204,-0.11%,1350,31Jan2018,86,0
03-11-2017,18270.0,18280.0,18400.0,18250.0,219,0.16%,1466,31Jan2018,89,0
02-11-2017,18240.0,18260.0,18270.0,18220.0,82,-0.27%,1309,31Jan2018,90,0
01-11-2017,18290.0,18280.0,18320.0,18280.0,45,0.83%,1281,31Jan2018,91,1
31-10-2017,18140.0,18420.0,18420.0,18110.0,289,-0.17%,3978,29Dec2017,59,0
30-10-2017,18170.0,18100.0,18190.0,18060.0,477,-0.22%,3964,29Dec2017,60,0
27-10-2017,18210.0,18240.0,18360.0,18170.0,458,-0.33%,3973,29Dec2017,63,0
26-10-2017,18270.0,18310.0,18360.0,18260.0,406,-0.76%,3809,29Dec2017,64,0
25-10-2017,18410.0,18470.0,18500.0,18380.0,459,-0.38%,3766,29Dec2017,65,0
24-10-2017,18480.0,18450.0,18530.0,18310.0,945,0.38%,3593,29Dec2017,66,0
23-10-2017,18410.0,18150.0,18510.0,18130.0,1172,2.56%,3529,29Dec2017,67,0
20-10-2017,17950.0,18010.0,18010.0,17940.0,66,0.00%,3620,29Dec2017,70,0
19-10-2017,17950.0,17960.0,17980.0,17920.0,178,-0.28%,3605,29Dec2017,71,0
18-10-2017,18000.0,18030.0,18030.0,17980.0,132,-0.17%,3516,29Dec2017,72,0
17-10-2017,18030.0,17990.0,18130.0,17910.0,253,0.33%,3533,29Dec2017,73,0
16-10-2017,17970.0,18080.0,18080.0,17950.0,388,-0.66%,3511,29Dec2017,74,0
13-10-2017,18090.0,18160.0,18170.0,18070.0,345,-0.60%,3424,29Dec2017,77,0
12-10-2017,18200.0,18410.0,18470.0,18100.0,777,-0.93%,3436,29Dec2017,78,0
11-10-2017,18370.0,18560.0,18570.0,18320.0,577,-0.86%,3247,29Dec2017,79,0
10-10-2017,18530.0,18350.0,18580.0,18300.0,377,1.15%,3210,29Dec2017,80,0
09-10-2017,18320.0,18270.0,18350.0,18230.0,405,0.49%,3170,29Dec2017,81,0
06-10-2017,18230.0,18220.0,18250.0,18100.0,333,0.05%,3240,29Dec2017,84,0
05-10-2017,18220.0,18250.0,18400.0,18190.0,562,0.22%,3169,29Dec2017,85,0
04-10-2017,18180.0,18160.0,18220.0,18150.0,196,0.00%,3128,29Dec2017,86,0
03-10-2017,18180.0,18200.0,18200.0,18110.0,693,-0.60%,3153,29Dec2017,87,0
29-09-2017,18290.0,18180.0,18300.0,18180.0,279,0.49%,3082,29Dec2017,91,0
28-09-2017,18200.0,18230.0,18350.0,18180.0,520,-0.44%,3031,29Dec2017,92,0
27-09-2017,18280.0,18200.0,18300.0,18140.0,312,0.44%,3090,29Dec2017,93,0
26-09-2017,18200.0,18170.0,18290.0,18070.0,692,0.39%,3087,29Dec2017,94,0
25-09-2017,18130.0,18000.0,18180.0,17900.0,349,0.72%,2825,29Dec2017,95,0
22-09-2017,18000.0,17950.0,18020.0,17930.0,390,0.06%,2816,29Dec2017,98,0
21-09-2017,17990.0,17890.0,18010.0,17890.0,566,0.11%,2918,29Dec2017,99,0
20-09-2017,17970.0,17960.0,18020.0,17910.0,429,0.06%,2783,29Dec2017,100,0
19-09-2017,17960.0,18040.0,18060.0,17950.0,256,-0.61%,2698,29Dec2017,101,0
18-09-2017,18070.0,18080.0,18100.0,17900.0,679,0.33%,2664,29Dec2017,102,0
15-09-2017,18010.0,17940.0,18070.0,17930.0,742,0.33%,2848,29Dec2017,105,0
14-09-2017,17950.0,18040.0,18100.0,17940.0,598,0.06%,2853,29Dec2017,106,0
13-09-2017,17940.0,17990.0,18070.0,17900.0,1261,-1.70%,3040,29Dec2017,107,0
12-09-2017,18250.0,18340.0,18360.0,18160.0,501,-0.98%,3235,29Dec2017,108,0
11-09-2017,18430.0,18630.0,18670.0,18380.0,659,-2.18%,3319,29Dec2017,109,0
08-09-2017,18840.0,18740.0,18940.0,18700.0,340,1.07%,3420,29Dec2017,112,0
07-09-2017,18640.0,18840.0,18840.0,18580.0,590,-1.79%,3316,29Dec2017,113,0
06-09-2017,18980.0,19040.0,19050.0,18780.0,850,0.26%,3362,29Dec2017,114,0
05-09-2017,18930.0,18450.0,19040.0,18440.0,877,2.77%,2991,29Dec2017,115,0
04-09-2017,18420.0,18360.0,18430.0,18300.0,164,0.71%,2670,29Dec2017,116,0
01-09-2017,18290.0,18200.0,18300.0,18140.0,382,0.55%,2671,29Dec2017,119,0
31-08-2017,18190.0,18170.0,18220.0,18050.0,534,-0.05%,2504,29Dec2017,120,0
30-08-2017,18200.0,18190.0,18210.0,18050.0,401,0.11%,2295,29Dec2017,121,0
29-08-2017,18180.0,18090.0,18230.0,18040.0,415,0.50%,2049,29Dec2017,122,0
28-08-2017,18090.0,18100.0,18150.0,17900.0,219,0.00%,1979,29Dec2017,123,0
25-08-2017,18090.0,18160.0,18170.0,18050.0,272,0.11%,2041,29Dec2017,126,0
24-08-2017,18070.0,18000.0,18090.0,17970.0,118,0.44%,1823,29Dec2017,127,0
23-08-2017,17990.0,17930.0,18080.0,17880.0,152,1.12%,1759,29Dec2017,128,0
22-08-2017,17790.0,17760.0,17830.0,17730.0,71,0.74%,1738,29Dec2017,129,0
21-08-2017,17660.0,17740.0,17740.0,17550.0,187,-0.23%,1771,29Dec2017,130,0
18-08-2017,17700.0,17770.0,17840.0,17680.0,228,-0.34%,1802,29Dec2017,133,0
17-08-2017,17760.0,17800.0,17810.0,17700.0,219,0.06%,1791,29Dec2017,134,0
16-08-2017,17750.0,17870.0,17870.0,17730.0,582,-0.62%,1720,29Dec2017,135,0
14-08-2017,17860.0,18030.0,18030.0,17830.0,155,-1.05%,1311,29Dec2017,137,0
11-08-2017,18050.0,18120.0,18120.0,17950.0,615,-1.31%,1309,29Dec2017,140,0
10-08-2017,18290.0,18520.0,18550.0,18200.0,302,-0.71%,1083,29Dec2017,141,0
09-08-2017,18420.0,18380.0,18510.0,18310.0,156,0.55%,977,29Dec2017,142,0
08-08-2017,18320.0,18270.0,18370.0,18260.0,69,0.05%,964,29Dec2017,143,0
07-08-2017,18310.0,18170.0,18370.0,18150.0,38,0.83%,963,29Dec2017,144,0
04-08-2017,18160.0,18050.0,18170.0,18030.0,82,0.55%,971,29Dec2017,147,0
03-08-2017,18060.0,18060.0,18140.0,18000.0,95,-0.06%,911,29Dec2017,148,0
02-08-2017,18070.0,17950.0,18100.0,17950.0,113,0.72%,898,29Dec2017,149,0
01-08-2017,17940.0,17950.0,17960.0,17930.0,70,-0.28%,874,29Dec2017,150,1
31-07-2017,17990.0,17920.0,18000.0,17850.0,95,-0.06%,517,30Nov2017,122,0
28-07-2017,18000.0,18000.0,18060.0,17950.0,78,-0.72%,508,30Nov2017,125,0
27-07-2017,18130.0,18060.0,18240.0,18040.0,150,1.00%,487,30Nov2017,126,0
26-07-2017,17950.0,17910.0,18240.0,17880.0,269,-0.22%,472,30Nov2017,127,0
25-07-2017,17990.0,17900.0,18000.0,17870.0,148,0.95%,425,30Nov2017,128,0
24-07-2017,17820.0,17710.0,17870.0,17690.0,268,1.31%,389,30Nov2017,129,0
21-07-2017,17590.0,18000.0,18000.0,17540.0,203,-2.49%,231,30Nov2017,132,0
20-07-2017,18040.0,17930.0,18050.0,17840.0,59,0.28%,150,30Nov2017,133,0
19-07-2017,17990.0,18030.0,18030.0,17920.0,28,-0.28%,115,30Nov2017,134,0
18-07-2017,18040.0,18150.0,18150.0,18000.0,31,0.17%,98,30Nov2017,135,0
17-07-2017,18010.0,18000.0,18050.0,17850.0,27,0.73%,88,30Nov2017,136,0
14-07-2017,17880.0,17900.0,17900.0,17870.0,12,-0.50%,73,30Nov2017,139,0
13-07-2017,17970.0,18030.0,18030.0,17940.0,9,-0.66%,69,30Nov2017,140,0
12-07-2017,18090.0,18130.0,18150.0,18030.0,10,0.39%,69,30Nov2017,141,0
11-07-2017,18020.0,18030.0,18100.0,17920.0,27,-1.80%,70,30Nov2017,142,0
10-07-2017,18350.0,18320.0,18400.0,18200.0,20,0.66%,49,30Nov2017,143,0
07-07-2017,18230.0,18210.0,18270.0,18200.0,5,0.72%,41,30Nov2017,146,0
06-07-2017,18100.0,18100.0,18100.0,18100.0,1,0.72%,41,30Nov2017,147,0
05-07-2017,17970.0,17980.0,17980.0,17950.0,4,0.00%,40,30Nov2017,148,0
04-07-2017,17970.0,18010.0,18010.0,17940.0,7,-0.50%,38,30Nov2017,149,0
03-07-2017,18060.0,18000.0,18110.0,18000.0,14,-1.90%,42,30Nov2017,150,1
30-06-2017,18410.0,18430.0,18450.0,18350.0,20,0.60%,346,31Oct2017,123,0
29-06-2017,18300.0,18390.0,18430.0,18260.0,24,-0.49%,353,31Oct2017,124,0
28-06-2017,18390.0,18420.0,18460.0,18340.0,36,-0.22%,346,31Oct2017,125,0
27-06-2017,18430.0,18300.0,18550.0,18210.0,48,1.10%,333,31Oct2017,126,0
26-06-2017,18230.0,18300.0,18300.0,18150.0,7,-0.92%,315,31Oct2017,127,0
23-06-2017,18400.0,18410.0,18450.0,18320.0,13,-0.05%,313,31Oct2017,130,0
22-06-2017,18410.0,18450.0,18490.0,18300.0,67,-0.54%,308,31Oct2017,131,0
21-06-2017,18510.0,18540.0,18570.0,18420.0,25,0.05%,290,31Oct2017,132,0
20-06-2017,18500.0,18700.0,18700.0,18480.0,36,-1.75%,280,31Oct2017,133,0
19-06-2017,18830.0,18960.0,18970.0,18740.0,29,-0.26%,261,31Oct2017,134,0
16-06-2017,18880.0,18850.0,19090.0,18720.0,23,0.69%,249,31Oct2017,137,0
15-06-2017,18750.0,18730.0,18820.0,18700.0,14,-0.79%,251,31Oct2017,138,0
14-06-2017,18900.0,18900.0,18980.0,18860.0,13,0.43%,244,31Oct2017,139,0
13-06-2017,18820.0,19000.0,19010.0,18800.0,59,-1.83%,243,31Oct2017,140,0
12-06-2017,19170.0,19240.0,19250.0,19100.0,86,-1.54%,197,31Oct2017,141,0
09-06-2017,19470.0,19450.0,19490.0,19450.0,4,0.52%,123,31Oct2017,144,0
08-06-2017,19370.0,19250.0,19400.0,19250.0,34,0.52%,121,31Oct2017,145,0
07-06-2017,19270.0,19270.0,19270.0,19270.0,1,-0.21%,92,31Oct2017,146,0
06-06-2017,19310.0,19190.0,19380.0,19190.0,27,0.26%,92,31Oct2017,147,0
05-06-2017,19260.0,19300.0,19310.0,19200.0,37,-0.57%,80,31Oct2017,148,0
02-06-2017,19370.0,19470.0,19480.0,19340.0,46,-1.37%,54,31Oct2017,151,0
01-06-2017,19640.0,19710.0,19710.0,19500.0,7,-7.53%,19,31Oct2017,152,1
31-05-2017,21240.0,21360.0,21400.0,21220.0,381,-0.75%,2560,31Jul2017,61,0
30-05-2017,21400.0,21430.0,21500.0,21340.0,296,-0.23%,2504,31Jul2017,62,0
29-05-2017,21450.0,21420.0,21600.0,21420.0,291,0.47%,2413,31Jul2017,63,0
26-05-2017,21350.0,21290.0,21430.0,21290.0,417,0.19%,2337,31Jul2017,66,0
25-05-2017,21310.0,21210.0,21350.0,21170.0,758,0.66%,2159,31Jul2017,67,0
24-05-2017,21170.0,21160.0,21340.0,21140.0,336,-0.09%,1715,31Jul2017,68,0
23-05-2017,21190.0,21190.0,21230.0,21110.0,208,-0.09%,1652,31Jul2017,69,0
22-05-2017,21210.0,21390.0,21460.0,21200.0,253,-0.66%,1655,31Jul2017,70,0
19-05-2017,21350.0,21530.0,21560.0,21330.0,235,-0.65%,1628,31Jul2017,73,0
18-05-2017,21490.0,21570.0,21640.0,21480.0,333,-0.65%,1576,31Jul2017,74,0
17-05-2017,21630.0,21500.0,21690.0,21500.0,454,0.46%,1458,31Jul2017,75,0
16-05-2017,21530.0,21540.0,21660.0,21480.0,573,-0.37%,1346,31Jul2017,76,0
15-05-2017,21610.0,21530.0,21870.0,21490.0,883,0.75%,1299,31Jul2017,77,0
12-05-2017,21450.0,21140.0,21590.0,21140.0,370,1.85%,1075,31Jul2017,80,0
11-05-2017,21060.0,20920.0,21100.0,20900.0,1067,0.10%,994,31Jul2017,81,0
10-05-2017,21040.0,20960.0,21060.0,20950.0,99,0.10%,603,31Jul2017,82,0
09-05-2017,21020.0,20950.0,21040.0,20880.0,30,0.62%,545,31Jul2017,83,0
08-05-2017,20890.0,20880.0,20980.0,20840.0,94,-0.62%,537,31Jul2017,84,0
05-05-2017,21020.0,20830.0,21110.0,20830.0,134,0.53%,534,31Jul2017,87,0
04-05-2017,20910.0,20710.0,20940.0,20660.0,166,1.11%,468,31Jul2017,88,0
03-05-2017,20680.0,20820.0,20940.0,20600.0,323,-0.24%,440,31Jul2017,89,0
02-05-2017,20730.0,21000.0,21010.0,20690.0,343,-1.43%,340,31Jul2017,90,0
01-05-2017,21030.0,21210.0,21210.0,21020.0,100,-0.10%,146,31Jul2017,91,1
28-04-2017,21050.0,20980.0,21100.0,20870.0,806,0.00%,1615,30Jun2017,63,0
27-04-2017,21050.0,21240.0,21290.0,21020.0,911,-1.22%,1571,30Jun2017,64,0
26-04-2017,21310.0,21340.0,21340.0,21200.0,553,0.38%,1590,30Jun2017,65,0
25-04-2017,21230.0,21190.0,21250.0,21080.0,852,-0.14%,1528,30Jun2017,66,0
24-04-2017,21260.0,21500.0,21510.0,21230.0,468,-1.02%,1510,30Jun2017,67,0
21-04-2017,21480.0,21640.0,21680.0,21410.0,595,-0.46%,1501,30Jun2017,70,0
20-04-2017,21580.0,21430.0,21610.0,21310.0,972,1.55%,1478,30Jun2017,71,0
19-04-2017,21250.0,21120.0,21300.0,21100.0,586,0.57%,1204,30Jun2017,72,0
18-04-2017,21130.0,21150.0,21210.0,21030.0,337,0.52%,1079,30Jun2017,73,0
17-04-2017,21020.0,21100.0,21100.0,20910.0,207,-0.24%,1085,30Jun2017,74,0
13-04-2017,21070.0,21040.0,21200.0,20910.0,207,0.24%,1075,30Jun2017,78,0
12-04-2017,21020.0,21080.0,21110.0,20970.0,302,-0.57%,1077,30Jun2017,79,0
11-04-2017,21140.0,21190.0,21320.0,21110.0,264,0.05%,915,30Jun2017,80,0
10-04-2017,21130.0,21040.0,21150.0,20980.0,376,0.57%,899,30Jun2017,81,0
07-04-2017,21010.0,21190.0,21230.0,21000.0,463,-1.13%,799,30Jun2017,84,0
06-04-2017,21250.0,21260.0,21420.0,21210.0,101,-0.38%,644,30Jun2017,85,0
05-04-2017,21330.0,21300.0,21390.0,21250.0,241,0.33%,634,30Jun2017,86,0
04-04-2017,21260.0,21450.0,21460.0,21250.0,176,-0.98%,521,30Jun2017,87,0
03-04-2017,21470.0,21560.0,21720.0,21450.0,127,1.37%,440,30Jun2017,88,1
31-03-2017,21180.0,21240.0,21300.0,21100.0,617,-0.19%,3805,31May2017,61,0
30-03-2017,21220.0,21250.0,21250.0,21050.0,1021,-0.47%,3742,31May2017,62,0
29-03-2017,21320.0,21500.0,21500.0,21290.0,529,-0.84%,3607,31May2017,63,0
28-03-2017,21500.0,21500.0,21550.0,21390.0,626,0.28%,3595,31May2017,64,0
27-03-2017,21440.0,21580.0,21650.0,21420.0,975,-1.06%,3483,31May2017,65,0
24-03-2017,21670.0,21590.0,21710.0,21580.0,860,0.09%,3261,31May2017,68,0
23-03-2017,21650.0,21770.0,21850.0,21620.0,970,-0.28%,3028,31May2017,69,0
22-03-2017,21710.0,21480.0,21760.0,21460.0,866,1.26%,2812,31May2017,70,0
21-03-2017,21440.0,21710.0,21720.0,21420.0,968,-2.01%,2665,31May2017,71,0
20-03-2017,21880.0,21810.0,21940.0,21740.0,632,0.74%,2498,31May2017,72,0
17-03-2017,21720.0,21600.0,21770.0,21560.0,353,0.32%,2187,31May2017,75,0
16-03-2017,21650.0,21550.0,21740.0,21520.0,621,0.46%,2028,31May2017,76,0
15-03-2017,21550.0,21310.0,21570.0,21240.0,776,1.13%,1876,31May2017,77,0
14-03-2017,21310.0,21430.0,21450.0,21200.0,496,-0.61%,1525,31May2017,78,0
13-03-2017,21440.0,21440.0,21450.0,21350.0,46,-0.28%,1342,31May2017,79,0
10-03-2017,21500.0,21590.0,21590.0,21330.0,512,-0.42%,1322,31May2017,82,0
09-03-2017,21590.0,21840.0,21860.0,21550.0,900,-1.01%,1155,31May2017,83,0
08-03-2017,21810.0,21630.0,21830.0,21630.0,505,0.28%,977,31May2017,84,0
07-03-2017,21750.0,21870.0,21990.0,21720.0,392,-0.59%,925,31May2017,85,0
06-03-2017,21880.0,21700.0,21930.0,21680.0,318,1.63%,864,31May2017,86,0
03-03-2017,21530.0,21340.0,21590.0,21320.0,264,-0.19%,780,31May2017,89,0
02-03-2017,21570.0,21410.0,21700.0,21320.0,286,1.65%,686,31May2017,90,0
01-03-2017,21220.0,21260.0,21290.0,21190.0,198,0.19%,639,31May2017,91,1
28-02-2017,21180.0,21170.0,21270.0,21100.0,892,-0.09%,3228,28Apr2017,59,0
27-02-2017,21200.0,21380.0,21430.0,21150.0,836,-0.42%,2968,28Apr2017,60,0
24-02-2017,21290.0,21180.0,21350.0,21160.0,764,1.33%,2947,28Apr2017,63,0
23-02-2017,21010.0,20940.0,21060.0,20830.0,1821,0.33%,2977,28Apr2017,64,0
22-02-2017,20940.0,20940.0,21020.0,20910.0,1137,0.34%,2408,28Apr2017,65,0
21-02-2017,20870.0,20840.0,20920.0,20820.0,787,0.48%,2110,28Apr2017,66,0
20-02-2017,20770.0,20660.0,20780.0,20550.0,1115,0.39%,1822,28Apr2017,67,0
17-02-2017,20690.0,20940.0,20960.0,20650.0,1252,-1.57%,1562,28Apr2017,70,0
16-02-2017,21020.0,21020.0,21100.0,21010.0,350,-0.19%,1109,28Apr2017,71,0
15-02-2017,21060.0,21100.0,21170.0,21050.0,185,0.00%,938,28Apr2017,72,0
14-02-2017,21060.0,21060.0,21150.0,20990.0,281,-0.19%,908,28Apr2017,73,0
13-02-2017,21100.0,20480.0,21200.0,20480.0,301,-0.05%,909,28Apr2017,74,0
10-02-2017,21110.0,21040.0,21150.0,21040.0,198,0.72%,787,28Apr2017,77,0
09-02-2017,20960.0,21000.0,21050.0,20960.0,55,-0.19%,700,28Apr2017,78,0
08-02-2017,21000.0,20920.0,21050.0,20900.0,97,0.00%,687,28Apr2017,79,0
07-02-2017,21000.0,20950.0,21020.0,20880.0,155,0.38%,655,28Apr2017,80,0
06-02-2017,20920.0,21030.0,21090.0,20910.0,56,-1.09%,686,28Apr2017,81,0
03-02-2017,21150.0,21150.0,21200.0,21020.0,217,0.00%,674,28Apr2017,84,0
02-02-2017,21150.0,21070.0,21270.0,21000.0,404,0.95%,619,28Apr2017,85,0
01-02-2017,20950.0,20860.0,20970.0,20860.0,132,1.80%,523,28Apr2017,86,1
31-01-2017,20580.0,20450.0,20610.0,20390.0,820,0.39%,4214,31Mar2017,59,0
30-01-2017,20500.0,20660.0,20810.0,20470.0,1356,-0.92%,4054,31Mar2017,60,0
27-01-2017,20690.0,20710.0,20720.0,20570.0,1021,0.05%,3960,31Mar2017,63,0
25-01-2017,20680.0,20600.0,20740.0,20410.0,1240,0.73%,4052,31Mar2017,65,0
24-01-2017,20530.0,21020.0,21090.0,20300.0,1849,-1.77%,3715,31Mar2017,66,0
23-01-2017,20900.0,20670.0,20930.0,20630.0,1648,1.51%,3287,31Mar2017,67,0
20-01-2017,20590.0,20580.0,20620.0,20440.0,967,0.29%,2656,31Mar2017,70,0
19-01-2017,20530.0,20480.0,20630.0,20450.0,1315,0.64%,2304,31Mar2017,71,0
18-01-2017,20400.0,20270.0,20500.0,20260.0,1101,0.54%,2063,31Mar2017,72,0
17-01-2017,20290.0,20170.0,20410.0,20160.0,776,1.05%,1982,31Mar2017,73,0
16-01-2017,20080.0,20300.0,20300.0,20060.0,720,-1.03%,1772,31Mar2017,74,0
13-01-2017,20290.0,20550.0,20560.0,20250.0,743,-1.93%,1579,31Mar2017,77,0
12-01-2017,20690.0,20650.0,20820.0,20620.0,690,0.00%,1350,31Mar2017,78,0
11-01-2017,20690.0,20590.0,20760.0,20500.0,598,0.98%,1075,31Mar2017,79,0
10-01-2017,20490.0,20360.0,20570.0,20300.0,481,0.00%,936,31Mar2017,80,0
09-01-2017,20490.0,20250.0,20510.0,20250.0,628,1.19%,847,31Mar2017,81,0
06-01-2017,20250.0,20280.0,20340.0,20170.0,534,-0.30%,575,31Mar2017,84,0
05-01-2017,20310.0,20220.0,20560.0,20150.0,358,0.89%,476,31Mar2017,85,0
04-01-2017,20130.0,20040.0,20150.0,19790.0,424,0.60%,397,31Mar2017,86,0
03-01-2017,20010.0,19950.0,20100.0,19920.0,377,0.60%,356,31Mar2017,87,0
02-01-2017,19890.0,19700.0,19910.0,19700.0,136,,289,31Mar2017,88,0
