Date,Price,Open,High,Low,Vol.,Change %,Open Interest,Contract Expiry,Days To Expiry,Roll Day
11-06-2026,30600.0,0.0,0.0,0.0,0,0.00%,0,30Jun2026,19,0
10-06-2026,30600.0,0.0,0.0,0.0,0,0.00%,0,30Jun2026,20,0
09-06-2026,30600.0,0.0,0.0,0.0,0,0.00%,0,30Jun2026,21,0
08-06-2026,30600.0,0.0,0.0,0.0,0,0.00%,0,30Jun2026,22,0
05-06-2026,30600.0,0.0,0.0,0.0,0,0.00%,0,30Jun2026,25,0
04-06-2026,30600.0,0.0,0.0,0.0,0,0.00%,0,30Jun2026,26,0
03-06-2026,30600.0,0.0,0.0,0.0,0,-2.86%,0,30Jun2026,27,0
02-06-2026,31500.0,0.0,0.0,0.0,0,0.00%,0,30Jun2026,28,0
01-06-2026,31500.0,0.0,0.0,0.0,0,0.00%,0,30Jun2026,29,1
29-05-2026,31500.0,0.0,0.0,0.0,0,0.00%,0,29May2026,0,0
28-05-2026,31500.0,0.0,0.0,0.0,0,0.00%,0,29May2026,1,0
27-05-2026,31500.0,0.0,0.0,0.0,0,0.00%,0,29May2026,2,0
26-05-2026,31500.0,0.0,0.0,0.0,0,0.00%,0,29May2026,3,0
25-05-2026,31500.0,0.0,0.0,0.0,0,0.00%,0,29May2026,4,0
22-05-2026,31500.0,0.0,0.0,0.0,0,0.00%,0,29May2026,7,0
21-05-2026,31500.0,0.0,0.0,0.0,0,0.00%,0,29May2026,8,0
20-05-2026,31500.0,0.0,0.0,0.0,0,0.00%,0,29May2026,9,0
19-05-2026,31500.0,0.0,0.0,0.0,0,0.00%,0,29May2026,10,0
18-05-2026,31500.0,0.0,0.0,0.0,0,0.00%,0,29May2026,11,0
15-05-2026,31500.0,0.0,0.0,0.0,0,0.00%,0,29May2026,14,0
14-05-2026,31500.0,0.0,0.0,0.0,0,2.27%,0,29May2026,15,0
13-05-2026,30800.0,0.0,0.0,0.0,0,0.00%,0,29May2026,16,0
12-05-2026,30800.0,0.0,0.0,0.0,0,0.00%,0,29May2026,17,0
11-05-2026,30800.0,0.0,0.0,0.0,0,0.00%,0,29May2026,18,0
08-05-2026,30800.0,0.0,0.0,0.0,0,3.70%,0,29May2026,21,0
07-05-2026,29700.0,0.0,0.0,0.0,0,3.85%,0,29May2026,22,0
06-05-2026,28600.0,0.0,0.0,0.0,0,0.00%,0,29May2026,23,0
05-05-2026,28600.0,0.0,0.0,0.0,0,2.51%,0,29May2026,24,0
04-05-2026,27900.0,0.0,0.0,0.0,0,0.00%,0,29May2026,25,0
01-05-2026,27900.0,0.0,0.0,0.0,0,-2.28%,0,29May2026,28,1
30-04-2026,28550.0,0.0,0.0,0.0,0,0.00%,0,30Apr2026,0,0
29-04-2026,28550.0,0.0,0.0,0.0,0,0.00%,0,30Apr2026,1,0
28-04-2026,28550.0,28500.0,28600.0,28500.0,4,0.53%,4,30Apr2026,2,0
27-04-2026,28400.0,28400.0,28400.0,28400.0,1,0.00%,4,30Apr2026,3,0
24-04-2026,28400.0,28400.0,28400.0,28400.0,1,-1.39%,4,30Apr2026,6,0
23-04-2026,28800.0,28800.0,28800.0,28800.0,1,-2.54%,4,30Apr2026,7,0
22-04-2026,29550.0,29550.0,29550.0,29550.0,1,3.65%,5,30Apr2026,8,0
21-04-2026,28510.0,0.0,0.0,0.0,0,0.00%,6,30Apr2026,9,0
20-04-2026,28510.0,28700.0,28700.0,28310.0,2,-2.83%,6,30Apr2026,10,0
17-04-2026,29340.0,29340.0,29340.0,29340.0,1,3.97%,6,30Apr2026,13,0
16-04-2026,28220.0,28200.0,28250.0,28200.0,15,0.43%,6,30Apr2026,14,0
15-04-2026,28100.0,28100.0,28100.0,28100.0,15,-0.53%,6,30Apr2026,15,0
14-04-2026,28250.0,0.0,0.0,0.0,0,0.00%,6,30Apr2026,16,0
13-04-2026,28250.0,28250.0,28250.0,28250.0,15,-0.07%,6,30Apr2026,17,0
10-04-2026,28270.0,28400.0,28990.0,27270.0,12,-0.46%,6,30Apr2026,20,0
09-04-2026,28400.0,28400.0,28400.0,28400.0,16,0.25%,3,30Apr2026,21,0
08-04-2026,28330.0,28500.0,28500.0,28300.0,28,-0.98%,3,30Apr2026,22,0
07-04-2026,28610.0,28500.0,28990.0,28500.0,14,1.56%,4,30Apr2026,23,0
06-04-2026,28170.0,28100.0,28440.0,28100.0,11,3.00%,0,30Apr2026,24,0
02-04-2026,27350.0,27200.0,27500.0,27200.0,2,1.18%,1,30Apr2026,28,0
01-04-2026,27030.0,27030.0,27030.0,27030.0,1,2.78%,1,30Apr2026,29,1
30-03-2026,26300.0,0.0,0.0,0.0,0,0.00%,8,31Mar2026,1,0
27-03-2026,26300.0,0.0,0.0,0.0,0,0.00%,8,31Mar2026,4,0
26-03-2026,26300.0,0.0,0.0,0.0,0,0.00%,16,31Mar2026,5,0
25-03-2026,26300.0,26010.0,26400.0,26010.0,14,0.50%,16,31Mar2026,6,0
24-03-2026,26170.0,26300.0,26400.0,25890.0,31,-0.53%,16,31Mar2026,7,0
23-03-2026,26310.0,26400.0,26740.0,26200.0,27,0.04%,17,31Mar2026,8,0
20-03-2026,26300.0,26300.0,26750.0,26220.0,31,-0.83%,18,31Mar2026,11,0
19-03-2026,26520.0,26500.0,26550.0,26500.0,31,-0.04%,18,31Mar2026,12,0
18-03-2026,26530.0,26150.0,26740.0,26150.0,51,1.41%,18,31Mar2026,13,0
17-03-2026,26160.0,25940.0,26200.0,25940.0,12,0.85%,14,31Mar2026,14,0
16-03-2026,25940.0,25900.0,26300.0,25900.0,27,0.31%,14,31Mar2026,15,0
13-03-2026,25860.0,25800.0,26000.0,25800.0,35,0.39%,12,31Mar2026,18,0
12-03-2026,25760.0,25250.0,25760.0,25250.0,35,1.02%,8,31Mar2026,19,0
11-03-2026,25500.0,25500.0,25500.0,25500.0,4,-1.92%,4,31Mar2026,20,0
10-03-2026,26000.0,0.0,0.0,0.0,0,0.00%,0,31Mar2026,21,0
09-03-2026,26000.0,0.0,0.0,0.0,0,0.00%,0,31Mar2026,22,0
06-03-2026,26000.0,0.0,0.0,0.0,0,0.00%,0,31Mar2026,25,0
05-03-2026,26000.0,0.0,0.0,0.0,0,0.00%,0,31Mar2026,26,0
04-03-2026,26000.0,0.0,0.0,0.0,0,0.00%,0,31Mar2026,27,0
03-03-2026,26000.0,0.0,0.0,0.0,0,0.00%,0,31Mar2026,28,0
02-03-2026,26000.0,0.0,0.0,0.0,0,3.17%,0,31Mar2026,29,1
27-02-2026,25200.0,25200.0,25200.0,25200.0,4,0.80%,12,27Feb2026,0,0
26-02-2026,25000.0,25000.0,25000.0,25000.0,2,-2.53%,8,27Feb2026,1,0
25-02-2026,25650.0,0.0,0.0,0.0,0,0.00%,6,27Feb2026,2,0
24-02-2026,25650.0,25650.0,25650.0,25600.0,20,0.59%,6,27Feb2026,3,0
23-02-2026,25500.0,25600.0,25600.0,25500.0,24,3.53%,6,27Feb2026,4,0
20-02-2026,24630.0,25500.0,25500.0,24510.0,11,-3.07%,5,27Feb2026,7,0
19-02-2026,25410.0,25410.0,25410.0,25400.0,5,-0.39%,4,27Feb2026,8,0
18-02-2026,25510.0,25510.0,25510.0,25500.0,7,-0.58%,3,27Feb2026,9,0
17-02-2026,25660.0,25660.0,25660.0,25650.0,5,0.00%,2,27Feb2026,10,0
16-02-2026,25660.0,0.0,0.0,0.0,0,0.00%,1,27Feb2026,11,0
13-02-2026,25660.0,0.0,0.0,0.0,0,0.00%,1,27Feb2026,14,0
12-02-2026,25660.0,25660.0,25660.0,25660.0,2,-0.96%,1,27Feb2026,15,0
11-02-2026,25910.0,25910.0,25910.0,25910.0,4,-0.54%,1,27Feb2026,16,0
10-02-2026,26050.0,0.0,0.0,0.0,0,0.00%,1,27Feb2026,17,0
09-02-2026,26050.0,26050.0,26050.0,26050.0,1,-0.23%,1,27Feb2026,18,0
06-02-2026,26110.0,0.0,0.0,0.0,0,0.00%,0,27Feb2026,21,0
05-02-2026,26110.0,26110.0,26110.0,26110.0,2,0.81%,0,27Feb2026,22,0
04-02-2026,25900.0,0.0,0.0,0.0,0,0.00%,0,27Feb2026,23,0
03-02-2026,25900.0,0.0,0.0,0.0,0,0.00%,0,27Feb2026,24,0
02-02-2026,25900.0,0.0,0.0,0.0,0,0.00%,0,27Feb2026,25,0
01-02-2026,25900.0,0.0,0.0,0.0,0,-2.26%,0,27Feb2026,26,1
30-01-2026,26500.0,0.0,0.0,0.0,0,0.00%,0,30Jan2026,0,0
29-01-2026,26500.0,0.0,0.0,0.0,0,0.00%,0,30Jan2026,1,0
28-01-2026,26500.0,0.0,0.0,0.0,0,0.00%,0,30Jan2026,2,0
27-01-2026,26500.0,0.0,0.0,0.0,0,0.00%,0,30Jan2026,3,0
23-01-2026,26500.0,0.0,0.0,0.0,0,0.00%,0,30Jan2026,7,0
22-01-2026,26500.0,26500.0,26500.0,26500.0,2,0.95%,0,30Jan2026,8,0
21-01-2026,26250.0,26300.0,26300.0,26200.0,2,-1.32%,2,30Jan2026,9,0
20-01-2026,26600.0,26500.0,26700.0,26500.0,3,2.54%,2,30Jan2026,10,0
19-01-2026,25940.0,25610.0,26590.0,25610.0,3,-1.41%,1,30Jan2026,11,0
16-01-2026,26310.0,26310.0,26310.0,26310.0,10,0.00%,1,30Jan2026,14,0
15-01-2026,26310.0,0.0,0.0,0.0,0,0.00%,1,30Jan2026,15,0
14-01-2026,26310.0,0.0,0.0,0.0,0,0.00%,1,30Jan2026,16,0
13-01-2026,26310.0,26310.0,26310.0,26310.0,4,0.15%,1,30Jan2026,17,0
12-01-2026,26270.0,26260.0,26270.0,26260.0,17,0.23%,1,30Jan2026,18,0
09-01-2026,26210.0,26210.0,26210.0,26210.0,8,0.73%,1,30Jan2026,21,0
08-01-2026,26020.0,26020.0,26020.0,26020.0,7,0.04%,1,30Jan2026,22,0
07-01-2026,26010.0,26010.0,26010.0,26010.0,10,0.39%,2,30Jan2026,23,0
06-01-2026,25910.0,25910.0,25910.0,25910.0,12,0.39%,2,30Jan2026,24,0
05-01-2026,25810.0,25810.0,25810.0,25800.0,5,1.06%,2,30Jan2026,25,0
02-01-2026,25540.0,25800.0,25800.0,25510.0,9,0.16%,1,30Jan2026,28,0
01-01-2026,25500.0,0.0,0.0,0.0,0,2.00%,0,30Jan2026,29,1
31-12-2025,25000.0,0.0,0.0,0.0,0,0.00%,0,31Dec2025,0,0
30-12-2025,25000.0,0.0,0.0,0.0,0,0.00%,0,31Dec2025,1,0
29-12-2025,25000.0,25000.0,25000.0,25000.0,2,0.68%,0,31Dec2025,2,0
26-12-2025,24830.0,0.0,0.0,0.0,0,0.00%,2,31Dec2025,5,0
24-12-2025,24830.0,23850.0,25810.0,23850.0,4,0.00%,2,31Dec2025,7,0
23-12-2025,24830.0,0.0,0.0,0.0,0,0.00%,2,31Dec2025,8,0
22-12-2025,24830.0,24260.0,25990.0,24260.0,11,-1.70%,2,31Dec2025,9,0
19-12-2025,25260.0,25260.0,25260.0,25260.0,12,0.00%,2,31Dec2025,12,0
18-12-2025,25260.0,25260.0,25260.0,25260.0,2,-0.08%,2,31Dec2025,13,0
17-12-2025,25280.0,25260.0,25450.0,25250.0,10,0.56%,2,31Dec2025,14,0
16-12-2025,25140.0,25140.0,25140.0,25140.0,2,-0.55%,2,31Dec2025,15,0
15-12-2025,25280.0,25110.0,25410.0,25110.0,6,1.20%,2,31Dec2025,16,0
12-12-2025,24980.0,24180.0,25200.0,24180.0,10,-0.72%,2,31Dec2025,19,0
11-12-2025,25160.0,25110.0,25200.0,25110.0,10,0.20%,2,31Dec2025,20,0
10-12-2025,25110.0,25110.0,25110.0,25110.0,4,-0.08%,2,31Dec2025,21,0
09-12-2025,25130.0,25100.0,25150.0,25100.0,11,-0.28%,2,31Dec2025,22,0
08-12-2025,25200.0,25100.0,25250.0,25100.0,9,3.58%,1,31Dec2025,23,0
05-12-2025,24330.0,25150.0,25150.0,24170.0,7,-3.18%,2,31Dec2025,26,0
04-12-2025,25130.0,25100.0,25150.0,25100.0,9,0.44%,1,31Dec2025,27,0
03-12-2025,25020.0,25020.0,25020.0,25020.0,1,0.08%,0,31Dec2025,28,0
02-12-2025,25000.0,25000.0,25000.0,25000.0,2,-0.44%,1,31Dec2025,29,0
01-12-2025,25110.0,25110.0,25110.0,25110.0,2,-0.63%,1,31Dec2025,30,1
28-11-2025,25270.0,0.0,0.0,0.0,0,0.00%,8,28Nov2025,0,0
27-11-2025,25270.0,0.0,0.0,0.0,0,0.00%,8,28Nov2025,1,0
26-11-2025,25270.0,25480.0,25480.0,25160.0,13,1.00%,12,28Nov2025,2,0
25-11-2025,25020.0,25020.0,25020.0,25020.0,10,0.00%,17,28Nov2025,3,0
24-11-2025,25020.0,25020.0,25020.0,25010.0,11,0.44%,17,28Nov2025,4,0
21-11-2025,24910.0,24910.0,24910.0,24900.0,5,-0.28%,18,28Nov2025,7,0
20-11-2025,24980.0,25000.0,25580.0,24910.0,14,0.20%,19,28Nov2025,8,0
19-11-2025,24930.0,24910.0,24960.0,24900.0,5,0.65%,17,28Nov2025,9,0
18-11-2025,24770.0,24520.0,24830.0,24520.0,10,-1.31%,17,28Nov2025,10,0
17-11-2025,25100.0,25100.0,25150.0,25010.0,13,1.13%,17,28Nov2025,11,0
14-11-2025,24820.0,24820.0,24820.0,24820.0,2,-1.19%,17,28Nov2025,14,0
13-11-2025,25120.0,25120.0,25130.0,25120.0,6,0.56%,17,28Nov2025,15,0
12-11-2025,24980.0,24940.0,25010.0,24940.0,4,-0.48%,21,28Nov2025,16,0
11-11-2025,25100.0,25040.0,25210.0,25040.0,6,-1.65%,21,28Nov2025,17,0
10-11-2025,25520.0,25550.0,25550.0,25500.0,3,-1.62%,21,28Nov2025,18,0
07-11-2025,25940.0,25610.0,26610.0,25500.0,9,0.00%,21,28Nov2025,21,0
06-11-2025,25940.0,25960.0,25970.0,25890.0,9,-0.04%,22,28Nov2025,22,0
05-11-2025,25950.0,0.0,0.0,0.0,0,0.00%,17,28Nov2025,23,0
04-11-2025,25950.0,26000.0,26000.0,25900.0,7,0.19%,17,28Nov2025,24,0
03-11-2025,25900.0,25900.0,25900.0,25890.0,4,0.58%,13,28Nov2025,25,0
31-10-2025,25750.0,25550.0,25950.0,25550.0,12,1.34%,11,28Nov2025,28,0
30-10-2025,25410.0,25360.0,25550.0,25350.0,4,0.20%,10,28Nov2025,29,0
29-10-2025,25360.0,25360.0,25360.0,25360.0,2,-0.20%,10,28Nov2025,30,0
28-10-2025,25410.0,0.0,0.0,0.0,0,0.00%,10,28Nov2025,31,0
27-10-2025,25410.0,25410.0,25410.0,25410.0,2,-0.51%,10,28Nov2025,32,0
24-10-2025,25540.0,0.0,0.0,0.0,0,0.00%,10,28Nov2025,35,0
23-10-2025,25540.0,0.0,0.0,0.0,0,0.00%,10,28Nov2025,36,0
22-10-2025,25540.0,0.0,0.0,0.0,0,0.00%,10,28Nov2025,37,0
21-10-2025,25540.0,0.0,0.0,0.0,0,0.00%,10,28Nov2025,38,0
20-10-2025,25540.0,25530.0,25540.0,25530.0,4,0.16%,10,28Nov2025,39,0
17-10-2025,25500.0,25500.0,25500.0,25500.0,4,-0.39%,10,28Nov2025,42,0
16-10-2025,25600.0,25600.0,25600.0,25600.0,14,0.00%,12,28Nov2025,43,0
15-10-2025,25600.0,25600.0,25600.0,25600.0,3,-0.54%,12,28Nov2025,44,0
14-10-2025,25740.0,25750.0,25750.0,25700.0,9,-0.27%,11,28Nov2025,45,0
13-10-2025,25810.0,25810.0,25880.0,25730.0,14,-0.54%,10,28Nov2025,46,0
10-10-2025,25950.0,25850.0,25990.0,25850.0,9,0.12%,10,28Nov2025,49,0
09-10-2025,25920.0,25850.0,25990.0,25850.0,16,-0.12%,9,28Nov2025,50,0
08-10-2025,25950.0,25850.0,26000.0,25820.0,18,0.04%,12,28Nov2025,51,0
07-10-2025,25940.0,26200.0,26200.0,25810.0,16,0.66%,10,28Nov2025,52,0
06-10-2025,25770.0,25800.0,25810.0,25720.0,10,-2.75%,8,28Nov2025,53,0
03-10-2025,26500.0,0.0,0.0,0.0,0,0.00%,0,28Nov2025,56,0
01-10-2025,26500.0,0.0,0.0,0.0,0,0.00%,0,28Nov2025,58,0
30-09-2025,26500.0,0.0,0.0,0.0,0,0.00%,0,28Nov2025,59,0
29-09-2025,26500.0,0.0,0.0,0.0,0,0.00%,0,28Nov2025,60,0
26-09-2025,26500.0,0.0,0.0,0.0,0,0.00%,0,28Nov2025,63,0
25-09-2025,26500.0,0.0,0.0,0.0,0,0.00%,0,28Nov2025,64,0
24-09-2025,26500.0,0.0,0.0,0.0,0,0.00%,0,28Nov2025,65,0
23-09-2025,26500.0,0.0,0.0,0.0,0,-1.85%,0,28Nov2025,66,0
22-09-2025,27000.0,0.0,0.0,0.0,0,0.00%,0,28Nov2025,67,0
19-09-2025,27000.0,0.0,0.0,0.0,0,0.00%,0,28Nov2025,70,0
18-09-2025,27000.0,0.0,0.0,0.0,0,0.00%,0,28Nov2025,71,0
17-09-2025,27000.0,0.0,0.0,0.0,0,0.00%,0,28Nov2025,72,0
16-09-2025,27000.0,0.0,0.0,0.0,0,0.00%,0,28Nov2025,73,0
15-09-2025,27000.0,0.0,0.0,0.0,0,0.00%,0,28Nov2025,74,0
12-09-2025,27000.0,0.0,0.0,0.0,0,0.00%,0,28Nov2025,77,0
11-09-2025,27000.0,0.0,0.0,0.0,0,0.00%,0,28Nov2025,78,0
10-09-2025,27000.0,0.0,0.0,0.0,0,0.00%,0,28Nov2025,79,0
09-09-2025,27000.0,0.0,0.0,0.0,0,0.00%,0,28Nov2025,80,0
08-09-2025,27000.0,0.0,0.0,0.0,0,0.00%,0,28Nov2025,81,0
05-09-2025,27000.0,0.0,0.0,0.0,0,0.00%,0,28Nov2025,84,0
04-09-2025,27000.0,0.0,0.0,0.0,0,0.00%,0,28Nov2025,85,0
03-09-2025,27000.0,0.0,0.0,0.0,0,0.00%,0,28Nov2025,86,0
02-09-2025,27000.0,0.0,0.0,0.0,0,0.00%,0,28Nov2025,87,0
01-09-2025,27000.0,0.0,0.0,0.0,0,0.00%,0,28Nov2025,88,0
29-08-2025,27000.0,0.0,0.0,0.0,0,0.00%,0,28Nov2025,91,0
28-08-2025,27000.0,0.0,0.0,0.0,0,0.00%,0,28Nov2025,92,0
27-08-2025,27000.0,0.0,0.0,0.0,0,0.00%,0,28Nov2025,93,0
26-08-2025,27000.0,0.0,0.0,0.0,0,0.00%,0,28Nov2025,94,0
25-08-2025,27000.0,0.0,0.0,0.0,0,0.00%,0,28Nov2025,95,0
22-08-2025,27000.0,0.0,0.0,0.0,0,0.00%,0,28Nov2025,98,0
21-08-2025,27000.0,0.0,0.0,0.0,0,0.00%,0,28Nov2025,99,0
20-08-2025,27000.0,0.0,0.0,0.0,0,0.00%,0,28Nov2025,100,0
19-08-2025,27000.0,0.0,0.0,0.0,0,0.00%,0,28Nov2025,101,0
18-08-2025,27000.0,0.0,0.0,0.0,0,0.00%,0,28Nov2025,102,0
14-08-2025,27000.0,0.0,0.0,0.0,0,0.00%,0,28Nov2025,106,0
13-08-2025,27000.0,0.0,0.0,0.0,0,0.00%,0,28Nov2025,107,0
12-08-2025,27000.0,0.0,0.0,0.0,0,0.00%,0,28Nov2025,108,0
11-08-2025,27000.0,0.0,0.0,0.0,0,0.00%,0,28Nov2025,109,0
08-08-2025,27000.0,0.0,0.0,0.0,0,0.00%,0,28Nov2025,112,0
07-08-2025,27000.0,0.0,0.0,0.0,0,0.00%,0,28Nov2025,113,0
06-08-2025,27000.0,0.0,0.0,0.0,0,0.00%,0,28Nov2025,114,0
05-08-2025,27000.0,0.0,0.0,0.0,0,0.00%,0,28Nov2025,115,0
04-08-2025,27000.0,0.0,0.0,0.0,0,0.00%,0,28Nov2025,116,0
01-08-2025,27000.0,0.0,0.0,0.0,0,0.00%,0,28Nov2025,119,0
31-07-2025,27000.0,0.0,0.0,0.0,0,0.00%,0,28Nov2025,120,0
30-07-2025,27000.0,0.0,0.0,0.0,0,0.00%,0,28Nov2025,121,0
29-07-2025,27000.0,0.0,0.0,0.0,0,0.00%,0,28Nov2025,122,0
28-07-2025,27000.0,0.0,0.0,0.0,0,0.00%,0,28Nov2025,123,0
25-07-2025,27000.0,0.0,0.0,0.0,0,0.00%,0,28Nov2025,126,0
24-07-2025,27000.0,0.0,0.0,0.0,0,0.00%,0,28Nov2025,127,0
23-07-2025,27000.0,0.0,0.0,0.0,0,0.00%,0,28Nov2025,128,0
22-07-2025,27000.0,0.0,0.0,0.0,0,0.00%,0,28Nov2025,129,0
21-07-2025,27000.0,0.0,0.0,0.0,0,0.00%,0,28Nov2025,130,0
18-07-2025,27000.0,0.0,0.0,0.0,0,0.00%,0,28Nov2025,133,0
17-07-2025,27000.0,0.0,0.0,0.0,0,0.00%,0,28Nov2025,134,0
16-07-2025,27000.0,0.0,0.0,0.0,0,0.00%,0,28Nov2025,135,0
15-07-2025,27000.0,0.0,0.0,0.0,0,0.00%,0,28Nov2025,136,0
14-07-2025,27000.0,0.0,0.0,0.0,0,0.00%,0,28Nov2025,137,0
11-07-2025,27000.0,0.0,0.0,0.0,0,0.00%,0,28Nov2025,140,0
10-07-2025,27000.0,0.0,0.0,0.0,0,0.00%,0,28Nov2025,141,0
09-07-2025,27000.0,0.0,0.0,0.0,0,0.00%,0,28Nov2025,142,0
08-07-2025,27000.0,0.0,0.0,0.0,0,0.00%,0,28Nov2025,143,0
07-07-2025,27000.0,0.0,0.0,0.0,0,0.00%,0,28Nov2025,144,0
04-07-2025,27000.0,0.0,0.0,0.0,0,0.00%,0,28Nov2025,147,0
03-07-2025,27000.0,0.0,0.0,0.0,0,0.00%,0,28Nov2025,148,0
02-07-2025,27000.0,0.0,0.0,0.0,0,0.00%,0,28Nov2025,149,0
01-07-2025,27000.0,0.0,0.0,0.0,0,0.00%,0,28Nov2025,150,0
30-06-2025,27000.0,0.0,0.0,0.0,0,-9.52%,0,28Nov2025,151,1
31-01-2023,29840.0,0.0,0.0,0.0,0,-10.93%,0,31Jan2023,0,0
30-01-2023,33500.0,0.0,0.0,0.0,0,0.00%,0,31Jan2023,1,0
27-01-2023,33500.0,0.0,0.0,0.0,0,0.00%,0,31Jan2023,4,0
25-01-2023,33500.0,0.0,0.0,0.0,0,0.00%,0,31Jan2023,6,0
24-01-2023,33500.0,0.0,0.0,0.0,0,0.00%,0,31Jan2023,7,0
23-01-2023,33500.0,0.0,0.0,0.0,0,0.00%,0,31Jan2023,8,0
20-01-2023,33500.0,0.0,0.0,0.0,0,0.00%,0,31Jan2023,11,0
19-01-2023,33500.0,0.0,0.0,0.0,0,0.00%,0,31Jan2023,12,0
18-01-2023,33500.0,0.0,0.0,0.0,0,0.00%,0,31Jan2023,13,0
17-01-2023,33500.0,0.0,0.0,0.0,0,0.00%,0,31Jan2023,14,0
16-01-2023,33500.0,0.0,0.0,0.0,0,0.00%,0,31Jan2023,15,0
13-01-2023,33500.0,0.0,0.0,0.0,0,0.00%,0,31Jan2023,18,0
12-01-2023,33500.0,0.0,0.0,0.0,0,0.00%,0,31Jan2023,19,0
11-01-2023,33500.0,0.0,0.0,0.0,0,0.00%,0,31Jan2023,20,0
10-01-2023,33500.0,0.0,0.0,0.0,0,0.00%,0,31Jan2023,21,0
09-01-2023,33500.0,0.0,0.0,0.0,0,0.00%,0,31Jan2023,22,0
06-01-2023,33500.0,0.0,0.0,0.0,0,0.00%,0,31Jan2023,25,0
05-01-2023,33500.0,0.0,0.0,0.0,0,0.00%,0,31Jan2023,26,0
04-01-2023,33500.0,0.0,0.0,0.0,0,0.00%,0,31Jan2023,27,0
03-01-2023,33500.0,0.0,0.0,0.0,0,0.00%,0,31Jan2023,28,0
02-01-2023,33500.0,0.0,0.0,0.0,0,17.05%,0,31Jan2023,29,1
30-12-2022,28620.0,28300.0,28800.0,28300.0,83,1.27%,641,30Dec2022,0,0
29-12-2022,28260.0,28000.0,28350.0,28000.0,23,-0.21%,610,30Dec2022,1,0
28-12-2022,28320.0,28070.0,28400.0,28070.0,31,0.89%,674,30Dec2022,2,0
27-12-2022,28070.0,26210.0,28870.0,26210.0,136,2.82%,682,30Dec2022,3,0
26-12-2022,27300.0,29300.0,29330.0,27300.0,434,-5.99%,722,30Dec2022,4,0
23-12-2022,29040.0,29400.0,29590.0,29010.0,407,-1.59%,976,30Dec2022,7,0
22-12-2022,29510.0,30190.0,30300.0,29410.0,728,-2.58%,1163,30Dec2022,8,0
21-12-2022,30290.0,30300.0,30700.0,29860.0,846,0.40%,1265,30Dec2022,9,0
20-12-2022,30170.0,29950.0,30270.0,29860.0,755,1.11%,1361,30Dec2022,10,0
19-12-2022,29840.0,30840.0,30840.0,29530.0,893,-2.29%,1533,30Dec2022,11,0
16-12-2022,30540.0,31200.0,31400.0,30350.0,643,-1.96%,1677,30Dec2022,14,0
15-12-2022,31150.0,31260.0,31450.0,31100.0,467,-0.57%,1846,30Dec2022,15,0
14-12-2022,31330.0,31650.0,31700.0,31200.0,435,-1.07%,1999,30Dec2022,16,0
13-12-2022,31670.0,31170.0,31800.0,31080.0,624,1.12%,2065,30Dec2022,17,0
12-12-2022,31320.0,31200.0,31820.0,31200.0,587,-0.57%,2203,30Dec2022,18,0
09-12-2022,31500.0,31280.0,31600.0,31220.0,389,0.93%,2344,30Dec2022,21,0
08-12-2022,31210.0,31510.0,31650.0,31160.0,549,-1.36%,2414,30Dec2022,22,0
07-12-2022,31640.0,31560.0,31790.0,31460.0,340,-0.16%,2466,30Dec2022,23,0
06-12-2022,31690.0,31710.0,31800.0,31620.0,318,-0.25%,2531,30Dec2022,24,0
05-12-2022,31770.0,31920.0,32100.0,31530.0,742,-0.41%,2557,30Dec2022,25,0
02-12-2022,31900.0,31900.0,32570.0,31720.0,767,-1.48%,2719,30Dec2022,28,0
01-12-2022,32380.0,31860.0,32570.0,31670.0,1199,-0.46%,2837,30Dec2022,29,1
30-11-2022,32530.0,33100.0,33550.0,33000.0,97,-1.69%,196,30Nov2022,0,0
29-11-2022,33090.0,33000.0,33400.0,32800.0,163,0.91%,318,30Nov2022,1,0
28-11-2022,32790.0,32100.0,33000.0,32000.0,93,0.40%,420,30Nov2022,2,0
25-11-2022,32660.0,33300.0,33850.0,32500.0,180,-1.54%,585,30Nov2022,5,0
24-11-2022,33170.0,31950.0,33180.0,31950.0,371,3.95%,1208,30Nov2022,6,0
23-11-2022,31910.0,31850.0,32080.0,31240.0,544,0.28%,1402,30Nov2022,7,0
22-11-2022,31820.0,31500.0,31850.0,31400.0,320,1.63%,1663,30Nov2022,8,0
21-11-2022,31310.0,31670.0,31740.0,31200.0,352,-2.88%,1803,30Nov2022,9,0
18-11-2022,32240.0,32790.0,32800.0,32200.0,313,-1.62%,1911,30Nov2022,12,0
17-11-2022,32770.0,32950.0,33300.0,32400.0,467,-1.62%,1980,30Nov2022,13,0
16-11-2022,33310.0,32950.0,33670.0,32800.0,651,1.49%,2017,30Nov2022,14,0
15-11-2022,32820.0,32760.0,32880.0,32340.0,316,0.61%,2059,30Nov2022,15,0
14-11-2022,32620.0,33330.0,33490.0,32560.0,845,-1.81%,2120,30Nov2022,16,0
11-11-2022,33220.0,32750.0,33250.0,32630.0,729,1.50%,2241,30Nov2022,19,0
10-11-2022,32730.0,32650.0,33000.0,32200.0,853,-0.37%,2163,30Nov2022,20,0
09-11-2022,32850.0,32000.0,32980.0,31940.0,721,1.86%,2122,30Nov2022,21,0
08-11-2022,32250.0,31960.0,32380.0,31900.0,339,1.16%,2046,30Nov2022,22,0
07-11-2022,31880.0,31600.0,32400.0,31600.0,592,-0.53%,1967,30Nov2022,23,0
04-11-2022,32050.0,30760.0,32160.0,30760.0,917,3.42%,1882,30Nov2022,26,0
03-11-2022,30990.0,30700.0,31280.0,30110.0,780,0.23%,1724,30Nov2022,27,0
02-11-2022,30920.0,30640.0,30920.0,30280.0,1066,3.97%,1825,30Nov2022,28,0
01-11-2022,29740.0,28500.0,29740.0,28500.0,640,-5.04%,1959,30Nov2022,29,1
31-10-2022,31320.0,32000.0,32200.0,30770.0,41,-2.28%,93,31Oct2022,0,0
28-10-2022,32050.0,32500.0,32500.0,31900.0,88,-1.96%,124,31Oct2022,3,0
27-10-2022,32690.0,33800.0,33820.0,32420.0,136,-2.27%,166,31Oct2022,4,0
26-10-2022,33450.0,33450.0,33600.0,33400.0,15,0.06%,219,31Oct2022,5,0
25-10-2022,33430.0,32700.0,33500.0,32700.0,157,1.80%,233,31Oct2022,6,0
24-10-2022,32840.0,32420.0,32990.0,32420.0,34,-1.41%,334,31Oct2022,7,0
21-10-2022,33310.0,32910.0,33400.0,32570.0,280,0.82%,340,31Oct2022,10,0
20-10-2022,33040.0,32840.0,33400.0,32630.0,99,-0.27%,467,31Oct2022,11,0
19-10-2022,33130.0,34000.0,34000.0,33100.0,97,-0.75%,487,31Oct2022,12,0
18-10-2022,33380.0,33010.0,33750.0,33000.0,110,0.21%,487,31Oct2022,13,0
17-10-2022,33310.0,32700.0,33760.0,32010.0,194,2.33%,505,31Oct2022,14,0
14-10-2022,32550.0,32480.0,32600.0,32000.0,240,1.94%,573,31Oct2022,17,0
13-10-2022,31930.0,32490.0,32670.0,31750.0,493,-2.95%,559,31Oct2022,18,0
12-10-2022,32900.0,34980.0,34980.0,32870.0,285,-3.89%,608,31Oct2022,19,0
11-10-2022,34230.0,35300.0,35300.0,33970.0,372,-1.24%,565,31Oct2022,20,0
10-10-2022,34660.0,34380.0,34670.0,33560.0,315,3.96%,605,31Oct2022,21,0
07-10-2022,33340.0,32950.0,33700.0,32950.0,316,1.89%,690,31Oct2022,24,0
06-10-2022,32720.0,32310.0,33330.0,32310.0,364,2.09%,767,31Oct2022,25,0
05-10-2022,32050.0,32110.0,32800.0,31930.0,133,-2.17%,751,31Oct2022,26,0
04-10-2022,32760.0,32300.0,32760.0,31510.0,402,4.00%,761,31Oct2022,27,0
03-10-2022,31500.0,30850.0,31750.0,30850.0,369,1.45%,895,31Oct2022,28,0
30-09-2022,31050.0,30600.0,31450.0,30590.0,263,0.84%,945,31Oct2022,31,0
29-09-2022,30790.0,31240.0,31240.0,30530.0,392,-1.44%,958,31Oct2022,32,0
28-09-2022,31240.0,31400.0,31590.0,30620.0,572,-1.67%,991,31Oct2022,33,0
27-09-2022,31770.0,32360.0,32360.0,31630.0,410,-1.94%,1008,31Oct2022,34,0
26-09-2022,32400.0,32310.0,32730.0,32180.0,263,0.03%,931,31Oct2022,35,0
23-09-2022,32390.0,32780.0,33010.0,32280.0,341,-1.28%,875,31Oct2022,38,0
22-09-2022,32810.0,33150.0,33440.0,32800.0,321,-1.32%,903,31Oct2022,39,0
21-09-2022,33250.0,32520.0,33480.0,32300.0,292,1.62%,859,31Oct2022,40,0
20-09-2022,32720.0,32460.0,33390.0,32440.0,276,0.83%,925,31Oct2022,41,0
19-09-2022,32450.0,33100.0,33200.0,32390.0,558,-2.90%,882,31Oct2022,42,0
16-09-2022,33420.0,34350.0,34530.0,33420.0,375,-3.99%,766,31Oct2022,45,0
15-09-2022,34810.0,34600.0,35040.0,34500.0,155,0.26%,776,31Oct2022,46,0
14-09-2022,34720.0,35370.0,35370.0,34620.0,279,-1.92%,779,31Oct2022,47,0
13-09-2022,35400.0,36320.0,36490.0,35360.0,242,-3.15%,733,31Oct2022,48,0
12-09-2022,36550.0,36650.0,36990.0,36310.0,209,-0.79%,674,31Oct2022,49,0
09-09-2022,36840.0,37100.0,37300.0,36790.0,157,-0.41%,618,31Oct2022,52,0
08-09-2022,36990.0,36280.0,37100.0,36280.0,153,1.48%,601,31Oct2022,53,0
07-09-2022,36450.0,36480.0,36900.0,36260.0,195,-0.05%,632,31Oct2022,54,0
06-09-2022,36470.0,36500.0,36620.0,36250.0,91,0.00%,661,31Oct2022,55,0
05-09-2022,36470.0,37500.0,37500.0,36180.0,304,-3.21%,667,31Oct2022,56,0
02-09-2022,37680.0,37700.0,37950.0,37610.0,143,-0.89%,700,31Oct2022,59,0
01-09-2022,38020.0,38160.0,38290.0,37930.0,127,-0.96%,702,31Oct2022,60,0
31-08-2022,38390.0,37750.0,38590.0,37750.0,76,-17.64%,711,31Oct2022,61,1
30-08-2022,46610.0,49500.0,49500.0,48600.0,162,-4.82%,75,30Aug2022,0,0
29-08-2022,48970.0,48800.0,49890.0,48400.0,72,0.10%,261,30Aug2022,1,0
26-08-2022,48920.0,49050.0,49100.0,48830.0,97,-0.20%,311,30Aug2022,4,0
25-08-2022,49020.0,49900.0,49900.0,49000.0,82,-0.69%,432,30Aug2022,5,0
24-08-2022,49360.0,50230.0,50600.0,49350.0,165,-0.50%,552,30Aug2022,6,0
23-08-2022,49610.0,50000.0,50000.0,48900.0,163,0.02%,669,30Aug2022,7,0
22-08-2022,49600.0,51000.0,51090.0,49330.0,309,-1.27%,756,30Aug2022,8,0
19-08-2022,50240.0,50500.0,50600.0,49850.0,79,-0.59%,925,30Aug2022,11,0
18-08-2022,50540.0,50250.0,50890.0,50250.0,123,1.28%,976,30Aug2022,12,0
17-08-2022,49900.0,50550.0,50550.0,49620.0,164,0.69%,1011,30Aug2022,13,0
16-08-2022,49560.0,49560.0,49560.0,49560.0,30,2.00%,1073,30Aug2022,14,0
12-08-2022,48590.0,48850.0,49250.0,48200.0,174,-0.96%,1091,30Aug2022,18,0
11-08-2022,49060.0,49000.0,49210.0,48510.0,135,0.33%,1126,30Aug2022,19,0
10-08-2022,48900.0,48270.0,49000.0,48270.0,170,1.18%,1165,30Aug2022,20,0
09-08-2022,48330.0,48100.0,48770.0,47740.0,84,1.07%,1174,30Aug2022,21,0
08-08-2022,47820.0,47860.0,47930.0,47240.0,110,1.08%,1162,30Aug2022,22,0
05-08-2022,47310.0,47330.0,47550.0,46750.0,308,1.05%,1185,30Aug2022,25,0
04-08-2022,46820.0,47800.0,49250.0,46160.0,567,-2.17%,1204,30Aug2022,26,0
03-08-2022,47860.0,46750.0,48050.0,46460.0,457,3.30%,1352,30Aug2022,27,0
02-08-2022,46330.0,44850.0,46580.0,44710.0,475,3.44%,1314,30Aug2022,28,0
01-08-2022,44790.0,44670.0,44950.0,44000.0,228,4.63%,1299,30Aug2022,29,1
29-07-2022,42810.0,44990.0,45150.0,43700.0,106,-4.38%,46,29Jul2022,0,0
28-07-2022,44770.0,45000.0,45500.0,44480.0,145,1.24%,82,29Jul2022,1,0
27-07-2022,44220.0,44590.0,45200.0,43900.0,151,2.77%,131,29Jul2022,2,0
26-07-2022,43030.0,44210.0,44400.0,43000.0,79,-1.08%,221,29Jul2022,3,0
25-07-2022,43500.0,44560.0,45100.0,43000.0,508,-2.64%,286,29Jul2022,4,0
22-07-2022,44680.0,43740.0,45180.0,43740.0,454,1.64%,627,29Jul2022,7,0
21-07-2022,43960.0,43500.0,44100.0,43100.0,343,1.52%,929,29Jul2022,8,0
20-07-2022,43300.0,43350.0,43400.0,42800.0,307,0.35%,1070,29Jul2022,9,0
19-07-2022,43150.0,42550.0,43240.0,42370.0,244,0.26%,1160,29Jul2022,10,0
18-07-2022,43040.0,42900.0,43340.0,42700.0,400,1.41%,1157,29Jul2022,11,0
15-07-2022,42440.0,41650.0,42900.0,41400.0,389,2.64%,1210,29Jul2022,14,0
14-07-2022,41350.0,41940.0,42250.0,41210.0,394,-1.87%,1216,29Jul2022,15,0
13-07-2022,42140.0,42330.0,42450.0,41400.0,647,-0.61%,1274,29Jul2022,16,0
12-07-2022,42400.0,44000.0,44250.0,42300.0,673,-2.69%,1312,29Jul2022,17,0
11-07-2022,43570.0,42500.0,44310.0,42310.0,791,2.25%,1483,29Jul2022,18,0
08-07-2022,42610.0,41570.0,42750.0,41340.0,622,2.11%,1571,29Jul2022,21,0
07-07-2022,41730.0,40850.0,42060.0,40850.0,718,2.18%,1667,29Jul2022,22,0
06-07-2022,40840.0,40520.0,41340.0,40510.0,379,0.15%,1715,29Jul2022,23,0
05-07-2022,40780.0,40310.0,41590.0,40310.0,631,-0.24%,1714,29Jul2022,24,0
04-07-2022,40880.0,41500.0,41500.0,40640.0,559,-1.38%,1642,29Jul2022,25,0
01-07-2022,41450.0,42330.0,42770.0,41120.0,708,-8.64%,1534,29Jul2022,28,1
30-06-2022,45370.0,51000.0,52000.0,49520.0,105,-11.94%,197,30Jun2022,0,0
29-06-2022,51520.0,51390.0,52410.0,50550.0,122,4.19%,236,30Jun2022,1,0
28-06-2022,49450.0,48450.0,49450.0,48000.0,190,5.98%,236,30Jun2022,2,0
27-06-2022,46660.0,44000.0,46950.0,44000.0,41,5.33%,379,30Jun2022,3,0
24-06-2022,44300.0,42960.0,45480.0,42960.0,574,0.25%,397,30Jun2022,6,0
23-06-2022,44190.0,44950.0,45400.0,43800.0,837,-2.73%,689,30Jun2022,7,0
22-06-2022,45430.0,46500.0,46570.0,45340.0,1055,-2.80%,1089,30Jun2022,8,0
21-06-2022,46740.0,46600.0,47000.0,46600.0,708,-0.40%,1703,30Jun2022,9,0
20-06-2022,46930.0,46510.0,47100.0,46150.0,632,-0.70%,2128,30Jun2022,10,0
17-06-2022,47260.0,47100.0,47480.0,46840.0,426,0.08%,2225,30Jun2022,13,0
16-06-2022,47220.0,47000.0,47570.0,46890.0,531,0.85%,2300,30Jun2022,14,0
15-06-2022,46820.0,46800.0,47020.0,46600.0,401,-0.19%,2358,30Jun2022,15,0
14-06-2022,46910.0,46580.0,47120.0,46580.0,355,0.67%,2384,30Jun2022,16,0
13-06-2022,46600.0,46510.0,46760.0,46300.0,407,-0.79%,2410,30Jun2022,17,0
10-06-2022,46970.0,46780.0,47380.0,46320.0,1158,1.32%,2478,30Jun2022,20,0
09-06-2022,46360.0,46040.0,46430.0,45750.0,637,1.27%,2539,30Jun2022,21,0
08-06-2022,45780.0,45660.0,45860.0,45250.0,574,1.08%,2563,30Jun2022,22,0
07-06-2022,45290.0,46050.0,46150.0,45000.0,624,-2.14%,2586,30Jun2022,23,0
06-06-2022,46280.0,46150.0,46600.0,46050.0,628,0.13%,2615,30Jun2022,24,0
03-06-2022,46220.0,45910.0,46700.0,45300.0,1262,0.74%,2720,30Jun2022,27,0
02-06-2022,45880.0,44960.0,46000.0,43890.0,1693,1.35%,2790,30Jun2022,28,0
01-06-2022,45270.0,45780.0,46090.0,45070.0,1076,-5.92%,2898,30Jun2022,29,1
31-05-2022,48120.0,48800.0,49500.0,48600.0,99,-0.99%,254,31May2022,0,0
30-05-2022,48600.0,48500.0,48800.0,48490.0,78,0.06%,355,31May2022,1,0
27-05-2022,48570.0,48630.0,48790.0,48000.0,72,1.36%,489,31May2022,4,0
26-05-2022,47920.0,49070.0,49070.0,47780.0,134,-0.58%,619,31May2022,5,0
25-05-2022,48200.0,47850.0,48430.0,47290.0,614,0.27%,853,31May2022,6,0
24-05-2022,48070.0,48200.0,48400.0,47920.0,568,-0.70%,1242,31May2022,7,0
23-05-2022,48410.0,47810.0,48470.0,47750.0,378,0.23%,1462,31May2022,8,0
20-05-2022,48300.0,49440.0,49650.0,47480.0,1073,-2.19%,1578,31May2022,11,0
19-05-2022,49380.0,49080.0,49500.0,48310.0,1235,0.63%,1895,31May2022,12,0
18-05-2022,49070.0,48720.0,49830.0,48720.0,622,-0.57%,2161,31May2022,13,0
17-05-2022,49350.0,50240.0,50330.0,48900.0,1580,-1.24%,2271,31May2022,14,0
16-05-2022,49970.0,49190.0,50050.0,49000.0,1352,2.73%,2698,31May2022,15,0
13-05-2022,48640.0,48580.0,49270.0,48500.0,1021,0.00%,2991,31May2022,18,0
12-05-2022,48640.0,47850.0,48800.0,47740.0,1282,1.86%,2970,31May2022,19,0
11-05-2022,47750.0,47320.0,47810.0,47290.0,704,0.65%,3226,31May2022,20,0
10-05-2022,47440.0,47330.0,47990.0,47180.0,1055,-0.08%,3346,31May2022,21,0
09-05-2022,47480.0,46750.0,47870.0,46510.0,1114,1.74%,3486,31May2022,22,0
06-05-2022,46670.0,46380.0,46950.0,45860.0,877,0.28%,3605,31May2022,25,0
05-05-2022,46540.0,46470.0,47060.0,46440.0,1180,0.65%,3699,31May2022,26,0
04-05-2022,46240.0,45700.0,46650.0,45530.0,1059,1.29%,3745,31May2022,27,0
03-05-2022,45650.0,46120.0,46290.0,45600.0,489,-0.09%,3759,31May2022,28,0
02-05-2022,45690.0,45500.0,45830.0,45390.0,926,0.64%,3734,31May2022,29,1
29-04-2022,45400.0,46000.0,46000.0,45350.0,101,0.82%,353,29Apr2022,0,0
28-04-2022,45030.0,45000.0,45350.0,44800.0,57,0.90%,353,29Apr2022,1,0
27-04-2022,44630.0,44250.0,44800.0,44210.0,343,1.00%,522,29Apr2022,2,0
26-04-2022,44190.0,43710.0,44230.0,43710.0,151,0.98%,578,29Apr2022,3,0
25-04-2022,43760.0,44120.0,44190.0,43690.0,980,-1.42%,1188,29Apr2022,4,0
22-04-2022,44390.0,44040.0,44630.0,44040.0,1871,-0.34%,1778,29Apr2022,7,0
21-04-2022,44540.0,44180.0,44770.0,44160.0,763,-0.29%,2697,29Apr2022,8,0
20-04-2022,44670.0,44070.0,44710.0,43930.0,932,1.62%,3088,29Apr2022,9,0
19-04-2022,43960.0,44970.0,44970.0,43820.0,1527,-1.17%,3528,29Apr2022,10,0
18-04-2022,44480.0,44590.0,44700.0,44390.0,928,0.98%,3780,29Apr2022,11,0
14-04-2022,44050.0,44380.0,45000.0,43890.0,1042,1.01%,4167,29Apr2022,15,0
13-04-2022,43610.0,44100.0,44720.0,43380.0,2141,-1.31%,4434,29Apr2022,16,0
12-04-2022,44190.0,43500.0,44300.0,43490.0,1561,2.08%,4834,29Apr2022,17,0
11-04-2022,43290.0,43250.0,43340.0,42630.0,1573,0.09%,4943,29Apr2022,18,0
08-04-2022,43250.0,43350.0,43570.0,43010.0,1514,-0.76%,5029,29Apr2022,21,0
07-04-2022,43580.0,43480.0,44100.0,43200.0,2032,-0.25%,4991,29Apr2022,22,0
06-04-2022,43690.0,43240.0,43950.0,42880.0,2549,1.58%,5201,29Apr2022,23,0
05-04-2022,43010.0,42700.0,43350.0,42630.0,1657,0.75%,5463,29Apr2022,24,0
04-04-2022,42690.0,42250.0,42750.0,42100.0,1585,1.28%,5460,29Apr2022,25,0
01-04-2022,42150.0,42100.0,42970.0,41830.0,1664,-2.81%,5524,29Apr2022,28,1
31-03-2022,43370.0,42500.0,43100.0,42500.0,41,2.36%,607,31Mar2022,0,0
30-03-2022,42370.0,41370.0,42500.0,41270.0,467,1.53%,683,31Mar2022,1,0
29-03-2022,41730.0,41610.0,42140.0,41570.0,444,0.58%,965,31Mar2022,2,0
28-03-2022,41490.0,42220.0,42700.0,41300.0,752,0.07%,1014,31Mar2022,3,0
25-03-2022,41460.0,40630.0,41500.0,40530.0,928,2.47%,1659,31Mar2022,6,0
24-03-2022,40460.0,40290.0,40640.0,39980.0,1239,0.02%,2085,31Mar2022,7,0
23-03-2022,40450.0,40190.0,40790.0,39820.0,2203,1.74%,2604,31Mar2022,8,0
22-03-2022,39760.0,40270.0,40270.0,39520.0,1709,-1.39%,3443,31Mar2022,9,0
21-03-2022,40320.0,39480.0,40400.0,39480.0,2446,2.83%,3994,31Mar2022,10,0
18-03-2022,39210.0,38800.0,39280.0,38740.0,712,1.11%,4884,31Mar2022,13,0
17-03-2022,38780.0,38340.0,38800.0,38250.0,1673,1.17%,4929,31Mar2022,14,0
16-03-2022,38330.0,38090.0,38460.0,37820.0,1547,0.97%,5352,31Mar2022,15,0
15-03-2022,37960.0,38000.0,38040.0,37580.0,1368,-0.24%,5672,31Mar2022,16,0
14-03-2022,38050.0,38200.0,38480.0,37850.0,1634,-0.81%,6035,31Mar2022,17,0
11-03-2022,38360.0,38380.0,38400.0,37550.0,1723,1.78%,6513,31Mar2022,20,0
10-03-2022,37690.0,37400.0,37700.0,37350.0,926,0.78%,6581,31Mar2022,21,0
09-03-2022,37400.0,37210.0,37670.0,37170.0,1221,0.65%,6742,31Mar2022,22,0
08-03-2022,37160.0,36900.0,37180.0,36810.0,723,0.46%,6875,31Mar2022,23,0
07-03-2022,36990.0,37000.0,37280.0,36650.0,1876,-0.54%,7018,31Mar2022,24,0
04-03-2022,37190.0,37050.0,37200.0,36820.0,734,0.40%,7185,31Mar2022,27,0
03-03-2022,37040.0,37540.0,37540.0,36830.0,1151,-0.48%,7228,31Mar2022,28,0
02-03-2022,37220.0,36930.0,37330.0,36920.0,1439,0.73%,7254,31Mar2022,29,0
01-03-2022,36950.0,36650.0,37000.0,36450.0,579,0.11%,7527,31Mar2022,30,1
28-02-2022,36910.0,36100.0,36320.0,35710.0,224,1.57%,526,28Feb2022,0,0
25-02-2022,36340.0,36900.0,36900.0,36090.0,500,-1.97%,773,28Feb2022,3,0
24-02-2022,37070.0,36410.0,37200.0,36340.0,354,0.73%,842,28Feb2022,4,0
23-02-2022,36800.0,36710.0,36880.0,36660.0,484,0.71%,1023,28Feb2022,5,0
22-02-2022,36540.0,36560.0,37000.0,36450.0,2678,-1.22%,2074,28Feb2022,6,0
21-02-2022,36990.0,37650.0,37820.0,36560.0,3521,-1.94%,3366,28Feb2022,7,0
18-02-2022,37720.0,37600.0,37790.0,37480.0,1410,0.45%,4636,28Feb2022,10,0
17-02-2022,37550.0,37680.0,37890.0,37500.0,1737,-0.32%,4923,28Feb2022,11,0
16-02-2022,37670.0,38180.0,38180.0,37430.0,2022,-1.02%,5568,28Feb2022,12,0
15-02-2022,38060.0,37920.0,38310.0,37840.0,1338,0.42%,5918,28Feb2022,13,0
14-02-2022,37900.0,38330.0,38630.0,37770.0,1811,-1.51%,6082,28Feb2022,14,0
11-02-2022,38480.0,38000.0,38550.0,37950.0,2010,0.84%,6134,28Feb2022,17,0
10-02-2022,38160.0,37750.0,38230.0,37610.0,2253,0.77%,5887,28Feb2022,18,0
09-02-2022,37870.0,37670.0,37910.0,37610.0,1041,0.64%,6118,28Feb2022,19,0
08-02-2022,37630.0,37260.0,37680.0,37260.0,885,0.56%,6095,28Feb2022,20,0
07-02-2022,37420.0,37320.0,37550.0,37270.0,1170,-0.37%,6189,28Feb2022,21,0
04-02-2022,37560.0,37660.0,37820.0,37360.0,1533,0.45%,6376,28Feb2022,24,0
03-02-2022,37390.0,37110.0,37490.0,36950.0,1336,0.59%,6346,28Feb2022,25,0
02-02-2022,37170.0,37800.0,37880.0,37030.0,2341,-1.38%,6516,28Feb2022,26,0
01-02-2022,37690.0,37740.0,37990.0,37610.0,2400,2.70%,6561,28Feb2022,27,1
31-01-2022,36700.0,37000.0,37170.0,36850.0,187,0.63%,321,31Jan2022,0,0
28-01-2022,36470.0,36500.0,36500.0,36210.0,204,-0.63%,454,31Jan2022,3,0
27-01-2022,36700.0,36500.0,36730.0,36340.0,253,0.80%,560,31Jan2022,4,0
25-01-2022,36410.0,36110.0,36500.0,36090.0,231,0.86%,751,31Jan2022,6,0
24-01-2022,36100.0,36140.0,36400.0,36040.0,1780,0.11%,1499,31Jan2022,7,0
21-01-2022,36060.0,36150.0,36380.0,35720.0,1721,-0.83%,2468,31Jan2022,10,0
20-01-2022,36360.0,37320.0,37460.0,36080.0,2634,-2.10%,2874,31Jan2022,11,0
19-01-2022,37140.0,36490.0,37200.0,36290.0,3424,2.80%,3377,31Jan2022,12,0
18-01-2022,36130.0,35950.0,36330.0,35860.0,2649,0.72%,3846,31Jan2022,13,0
17-01-2022,35870.0,35680.0,35930.0,35370.0,2008,1.21%,4324,31Jan2022,14,0
14-01-2022,35440.0,35010.0,35560.0,34670.0,1725,0.00%,4832,31Jan2022,17,0
13-01-2022,35440.0,35530.0,35740.0,35310.0,2034,-0.11%,5256,31Jan2022,18,0
12-01-2022,35480.0,34960.0,35530.0,34840.0,2348,1.98%,5629,31Jan2022,19,0
11-01-2022,34790.0,34720.0,35180.0,34460.0,2425,0.14%,5889,31Jan2022,20,0
10-01-2022,34740.0,35680.0,35800.0,34600.0,3041,-1.86%,6035,31Jan2022,21,0
07-01-2022,35400.0,35670.0,36300.0,35100.0,3643,-0.53%,6157,31Jan2022,24,0
06-01-2022,35590.0,34230.0,35940.0,34020.0,3799,2.04%,6212,31Jan2022,25,0
05-01-2022,34880.0,35860.0,36390.0,34630.0,5918,-3.27%,6319,31Jan2022,26,0
04-01-2022,36060.0,34810.0,36190.0,34770.0,4039,3.62%,7080,31Jan2022,27,0
03-01-2022,34800.0,34300.0,34950.0,34230.0,3212,3.97%,6831,31Jan2022,28,1
31-12-2021,33470.0,33650.0,33950.0,33600.0,95,-0.15%,210,31Dec2021,0,0
30-12-2021,33520.0,33770.0,33780.0,33490.0,125,0.57%,210,31Dec2021,1,0
29-12-2021,33330.0,33200.0,33410.0,33050.0,183,-0.30%,323,31Dec2021,2,0
28-12-2021,33430.0,33090.0,33590.0,33090.0,129,1.40%,493,31Dec2021,3,0
27-12-2021,32970.0,32710.0,33050.0,32520.0,1178,0.98%,1144,31Dec2021,4,0
24-12-2021,32650.0,32350.0,32680.0,32150.0,1782,0.86%,1417,31Dec2021,7,0
23-12-2021,32370.0,32290.0,32400.0,32130.0,1423,0.37%,1931,31Dec2021,8,0
22-12-2021,32250.0,31940.0,32290.0,31820.0,1333,1.51%,2260,31Dec2021,9,0
21-12-2021,31770.0,31790.0,31930.0,31600.0,1063,0.83%,2546,31Dec2021,10,0
20-12-2021,31510.0,31870.0,31890.0,31450.0,1620,-1.41%,2842,31Dec2021,11,0
17-12-2021,31960.0,32220.0,32410.0,31860.0,1960,-0.22%,3309,31Dec2021,14,0
16-12-2021,32030.0,31660.0,32090.0,31660.0,1620,1.42%,3642,31Dec2021,15,0
15-12-2021,31580.0,31360.0,31610.0,31270.0,930,0.35%,3674,31Dec2021,16,0
14-12-2021,31470.0,31270.0,31510.0,31220.0,1068,0.16%,3799,31Dec2021,17,0
13-12-2021,31420.0,31410.0,31510.0,31360.0,731,0.67%,4075,31Dec2021,18,0
10-12-2021,31210.0,31300.0,31330.0,31160.0,906,-0.38%,4166,31Dec2021,21,0
09-12-2021,31330.0,31460.0,31580.0,31110.0,1030,-0.29%,4394,31Dec2021,22,0
08-12-2021,31420.0,31490.0,31500.0,31200.0,1423,-0.29%,4558,31Dec2021,23,0
07-12-2021,31510.0,31550.0,31690.0,31370.0,1306,0.16%,4607,31Dec2021,24,0
06-12-2021,31460.0,30930.0,31530.0,30930.0,1669,1.58%,4734,31Dec2021,25,0
03-12-2021,30970.0,30450.0,31040.0,30380.0,1876,2.31%,4624,31Dec2021,28,0
02-12-2021,30270.0,30750.0,30840.0,30070.0,2615,-2.04%,4774,31Dec2021,29,0
01-12-2021,30900.0,30850.0,31370.0,30650.0,2206,-2.28%,4850,31Dec2021,30,1
30-11-2021,31620.0,30750.0,31180.0,30670.0,144,0.73%,227,30Nov2021,0,0
29-11-2021,31390.0,31510.0,31520.0,30980.0,278,-0.06%,328,30Nov2021,1,0
26-11-2021,31410.0,32490.0,32600.0,31300.0,240,-3.18%,359,30Nov2021,4,0
25-11-2021,32440.0,32000.0,32500.0,31970.0,325,1.31%,535,30Nov2021,5,0
24-11-2021,32020.0,31840.0,32130.0,31810.0,1335,0.66%,771,30Nov2021,6,0
23-11-2021,31810.0,32070.0,32070.0,31420.0,1257,-0.62%,1238,30Nov2021,7,0
22-11-2021,32010.0,31660.0,32370.0,31650.0,992,0.66%,1777,30Nov2021,8,0
19-11-2021,31800.0,31360.0,31860.0,31260.0,529,0.92%,1963,30Nov2021,11,0
18-11-2021,31510.0,31300.0,31900.0,31050.0,1873,1.29%,2001,30Nov2021,12,0
17-11-2021,31110.0,31400.0,32170.0,30780.0,2048,-1.58%,2163,30Nov2021,13,0
16-11-2021,31610.0,31910.0,32140.0,31590.0,1146,-0.47%,2279,30Nov2021,14,0
15-11-2021,31760.0,32300.0,32310.0,31560.0,1434,-1.85%,2485,30Nov2021,15,0
12-11-2021,32360.0,31850.0,32770.0,31850.0,1202,-0.37%,2824,30Nov2021,18,0
11-11-2021,32480.0,32840.0,32890.0,32190.0,1499,-1.31%,2940,30Nov2021,19,0
10-11-2021,32910.0,32460.0,33020.0,32400.0,1704,2.05%,3253,30Nov2021,20,0
09-11-2021,32250.0,32540.0,32610.0,31710.0,1587,-1.23%,3227,30Nov2021,21,0
08-11-2021,32650.0,32500.0,32870.0,32320.0,1372,-0.12%,3433,30Nov2021,22,0
05-11-2021,32690.0,33000.0,33120.0,32510.0,523,-1.18%,3331,30Nov2021,25,0
04-11-2021,33080.0,33060.0,33180.0,32900.0,322,-0.12%,3316,30Nov2021,26,0
03-11-2021,33120.0,33200.0,33610.0,32800.0,1634,-0.78%,3263,30Nov2021,27,0
02-11-2021,33380.0,33750.0,33850.0,33280.0,2052,-1.21%,3364,30Nov2021,28,0
01-11-2021,33790.0,32930.0,33830.0,32910.0,2176,9.04%,3372,30Nov2021,29,1
29-10-2021,30990.0,32890.0,33400.0,32890.0,192,-5.23%,529,29Oct2021,0,0
28-10-2021,32700.0,32400.0,32820.0,32280.0,75,1.87%,755,29Oct2021,1,0
27-10-2021,32100.0,32440.0,32440.0,31900.0,195,0.28%,822,29Oct2021,2,0
26-10-2021,32010.0,31900.0,32210.0,31900.0,95,0.53%,963,29Oct2021,3,0
25-10-2021,31840.0,32620.0,32620.0,31650.0,651,1.08%,1044,29Oct2021,4,0
22-10-2021,31500.0,31350.0,31620.0,31000.0,831,0.61%,1393,29Oct2021,7,0
21-10-2021,31310.0,31490.0,31960.0,31050.0,697,0.22%,1658,29Oct2021,8,0
20-10-2021,31240.0,30560.0,31500.0,30330.0,839,2.06%,1802,29Oct2021,9,0
19-10-2021,30610.0,30550.0,30760.0,30140.0,1021,0.16%,1854,29Oct2021,10,0
18-10-2021,30560.0,30890.0,31250.0,30510.0,976,0.10%,1891,29Oct2021,11,0
15-10-2021,30530.0,31340.0,31340.0,30480.0,718,1.29%,2005,29Oct2021,14,0
14-10-2021,30140.0,30100.0,30400.0,29900.0,872,1.24%,1978,29Oct2021,15,0
13-10-2021,29770.0,30010.0,30180.0,29450.0,1336,-2.55%,2061,29Oct2021,16,0
12-10-2021,30550.0,30210.0,30990.0,30210.0,880,0.26%,2092,29Oct2021,17,0
11-10-2021,30470.0,30900.0,30900.0,30260.0,1290,-1.80%,2160,29Oct2021,18,0
08-10-2021,31030.0,30500.0,31500.0,30500.0,2121,3.71%,2161,29Oct2021,21,0
07-10-2021,29920.0,30280.0,30790.0,29380.0,2051,0.17%,2091,29Oct2021,22,0
06-10-2021,29870.0,29940.0,30940.0,29720.0,2387,1.74%,2016,29Oct2021,23,0
05-10-2021,29360.0,28330.0,29410.0,28320.0,1513,3.82%,2353,29Oct2021,24,0
04-10-2021,28280.0,28820.0,28830.0,27870.0,1426,-1.84%,2194,29Oct2021,25,0
01-10-2021,28810.0,28300.0,29090.0,28180.0,974,2.38%,2148,29Oct2021,28,0
30-09-2021,28140.0,28580.0,28650.0,28100.0,929,-0.04%,2009,29Oct2021,29,0
29-09-2021,28150.0,27410.0,28760.0,27320.0,1872,2.55%,1920,29Oct2021,30,0
28-09-2021,27450.0,27250.0,27570.0,26970.0,999,1.25%,1986,29Oct2021,31,0
27-09-2021,27110.0,26990.0,27330.0,26870.0,1431,2.19%,2049,29Oct2021,32,0
24-09-2021,26530.0,25900.0,26630.0,25660.0,820,2.79%,1876,29Oct2021,35,0
23-09-2021,25810.0,25410.0,25900.0,25370.0,447,1.53%,1858,29Oct2021,36,0
22-09-2021,25420.0,25410.0,25470.0,25360.0,152,0.28%,1862,29Oct2021,37,0
21-09-2021,25350.0,25130.0,25550.0,25080.0,528,0.76%,1856,29Oct2021,38,0
20-09-2021,25160.0,25550.0,25650.0,25060.0,705,-1.72%,1945,29Oct2021,39,0
17-09-2021,25600.0,25600.0,25640.0,25500.0,112,-0.04%,1805,29Oct2021,42,0
16-09-2021,25610.0,25560.0,25790.0,25560.0,218,0.04%,1813,29Oct2021,43,0
15-09-2021,25600.0,25590.0,25620.0,25550.0,170,-0.08%,1791,29Oct2021,44,0
14-09-2021,25620.0,25590.0,25630.0,25530.0,152,0.00%,1752,29Oct2021,45,0
13-09-2021,25620.0,25650.0,25650.0,25460.0,306,-0.47%,1732,29Oct2021,46,0
10-09-2021,25740.0,25800.0,25870.0,25210.0,186,-0.50%,1710,29Oct2021,49,0
09-09-2021,25870.0,25970.0,25970.0,25820.0,239,0.00%,1700,29Oct2021,50,0
08-09-2021,25870.0,25680.0,25920.0,25680.0,375,0.70%,1706,29Oct2021,51,0
07-09-2021,25690.0,25630.0,25770.0,25540.0,314,-0.04%,1718,29Oct2021,52,0
06-09-2021,25700.0,25720.0,25940.0,25560.0,264,-0.50%,1720,29Oct2021,53,0
03-09-2021,25830.0,25430.0,25860.0,25340.0,361,1.49%,1743,29Oct2021,56,0
02-09-2021,25450.0,25510.0,25560.0,25170.0,502,-0.20%,1756,29Oct2021,57,0
01-09-2021,25500.0,25270.0,25610.0,25200.0,522,-5.20%,1721,29Oct2021,58,1
31-08-2021,26900.0,26410.0,26500.0,25810.0,221,1.51%,485,31Aug2021,0,0
30-08-2021,26500.0,26100.0,26670.0,26100.0,74,-0.38%,613,31Aug2021,1,0
27-08-2021,26600.0,26400.0,27430.0,26400.0,84,0.30%,663,31Aug2021,4,0
26-08-2021,26520.0,26220.0,26600.0,26220.0,82,2.20%,741,31Aug2021,5,0
25-08-2021,25950.0,25720.0,26090.0,25540.0,833,1.21%,865,31Aug2021,6,0
24-08-2021,25640.0,25650.0,25700.0,25340.0,1082,-0.58%,1410,31Aug2021,7,0
23-08-2021,25790.0,25820.0,25900.0,25710.0,757,0.08%,1835,31Aug2021,8,0
20-08-2021,25770.0,25910.0,26140.0,25680.0,760,-1.23%,2061,31Aug2021,11,0
19-08-2021,26090.0,26250.0,26250.0,25990.0,515,-0.99%,2331,31Aug2021,12,0
18-08-2021,26350.0,26480.0,26910.0,26300.0,1030,-1.01%,2574,31Aug2021,13,0
17-08-2021,26620.0,26550.0,26670.0,26330.0,966,1.02%,2896,31Aug2021,14,0
16-08-2021,26350.0,26680.0,26960.0,26160.0,949,-0.75%,3172,31Aug2021,15,0
13-08-2021,26550.0,26150.0,26630.0,26020.0,1222,2.08%,3414,31Aug2021,18,0
12-08-2021,26010.0,26120.0,26200.0,25990.0,711,-0.38%,3624,31Aug2021,19,0
11-08-2021,26110.0,26210.0,26450.0,26030.0,952,-0.42%,3869,31Aug2021,20,0
10-08-2021,26220.0,26460.0,26690.0,25900.0,1597,-0.76%,4177,31Aug2021,21,0
09-08-2021,26420.0,27210.0,27210.0,25950.0,1317,-2.26%,4707,31Aug2021,22,0
06-08-2021,27030.0,26820.0,27150.0,26770.0,826,0.82%,5065,31Aug2021,25,0
05-08-2021,26810.0,27040.0,27040.0,26710.0,892,-0.85%,5275,31Aug2021,26,0
04-08-2021,27040.0,27000.0,27150.0,26940.0,532,0.48%,5444,31Aug2021,27,0
03-08-2021,26910.0,27440.0,27440.0,26840.0,730,-1.36%,5486,31Aug2021,28,0
02-08-2021,27280.0,27470.0,27830.0,27220.0,958,0.40%,5592,31Aug2021,29,1
30-07-2021,27170.0,27200.0,27200.0,27180.0,4,-0.29%,150,30Jul2021,0,0
29-07-2021,27250.0,27430.0,27430.0,26810.0,17,0.63%,473,30Jul2021,1,0
28-07-2021,27080.0,27000.0,27190.0,27000.0,27,0.89%,657,30Jul2021,2,0
27-07-2021,26840.0,26810.0,26880.0,26810.0,88,0.90%,678,30Jul2021,3,0
26-07-2021,26600.0,26620.0,26860.0,26300.0,679,-0.08%,779,30Jul2021,4,0
23-07-2021,26620.0,26800.0,26820.0,26460.0,1214,0.04%,1177,30Jul2021,7,0
22-07-2021,26610.0,26250.0,26890.0,26250.0,1004,1.33%,1840,30Jul2021,8,0
21-07-2021,26260.0,26090.0,26300.0,26090.0,407,1.12%,2169,30Jul2021,9,0
20-07-2021,25970.0,25760.0,26020.0,25660.0,1236,1.37%,2319,30Jul2021,10,0
19-07-2021,25620.0,25840.0,26020.0,25520.0,1477,-1.08%,2865,30Jul2021,11,0
16-07-2021,25900.0,25620.0,25940.0,25570.0,1532,1.25%,3301,30Jul2021,14,0
15-07-2021,25580.0,25570.0,25670.0,25460.0,1014,0.31%,3770,30Jul2021,15,0
14-07-2021,25500.0,25240.0,25540.0,25210.0,1558,1.23%,4173,30Jul2021,16,0
13-07-2021,25190.0,25180.0,25240.0,25130.0,612,0.00%,4556,30Jul2021,17,0
12-07-2021,25190.0,25290.0,25370.0,25040.0,503,-0.08%,4795,30Jul2021,18,0
09-07-2021,25210.0,25860.0,25860.0,25120.0,579,0.16%,4812,30Jul2021,21,0
08-07-2021,25170.0,25190.0,25280.0,25090.0,1037,0.04%,5013,30Jul2021,22,0
07-07-2021,25160.0,25190.0,25380.0,25080.0,1765,0.16%,5468,30Jul2021,23,0
06-07-2021,25120.0,25120.0,25340.0,24850.0,2095,0.76%,6450,30Jul2021,24,0
05-07-2021,24930.0,24850.0,24950.0,24800.0,507,0.56%,6784,30Jul2021,25,0
02-07-2021,24790.0,24840.0,24870.0,24670.0,364,-0.12%,6813,30Jul2021,28,0
01-07-2021,24820.0,24610.0,24840.0,24510.0,653,0.45%,6833,30Jul2021,29,1
30-06-2021,24710.0,24700.0,25100.0,24700.0,10,0.61%,14,30Jun2021,0,0
29-06-2021,24560.0,24500.0,24700.0,24500.0,4,0.45%,16,30Jun2021,1,0
28-06-2021,24450.0,24580.0,24590.0,24300.0,19,0.12%,40,30Jun2021,2,0
25-06-2021,24420.0,24450.0,24570.0,24340.0,10,0.58%,269,30Jun2021,5,0
24-06-2021,24280.0,24210.0,24480.0,24170.0,730,0.29%,608,30Jun2021,6,0
23-06-2021,24210.0,23870.0,24260.0,23870.0,1430,1.34%,1058,30Jun2021,7,0
22-06-2021,23890.0,23830.0,23920.0,23770.0,1457,0.34%,1907,30Jun2021,8,0
21-06-2021,23810.0,23730.0,23850.0,23660.0,557,0.38%,3076,30Jun2021,9,0
18-06-2021,23720.0,23920.0,23920.0,23590.0,497,-0.25%,3394,30Jun2021,12,0
17-06-2021,23780.0,23840.0,23920.0,23650.0,698,-0.79%,3514,30Jun2021,13,0
16-06-2021,23970.0,24100.0,24150.0,23800.0,390,-0.33%,3674,30Jun2021,14,0
15-06-2021,24050.0,23640.0,24200.0,23520.0,1312,1.43%,3775,30Jun2021,15,0
14-06-2021,23710.0,24150.0,24250.0,23570.0,946,-0.96%,4164,30Jun2021,16,0
11-06-2021,23940.0,24270.0,24270.0,23620.0,1613,-1.16%,4477,30Jun2021,19,0
10-06-2021,24220.0,24490.0,24560.0,23960.0,2160,-1.14%,4729,30Jun2021,20,0
09-06-2021,24500.0,24480.0,24570.0,24430.0,1211,0.25%,5129,30Jun2021,21,0
08-06-2021,24440.0,24400.0,24490.0,24220.0,1203,0.25%,5391,30Jun2021,22,0
07-06-2021,24380.0,24030.0,24490.0,24030.0,3223,1.88%,5784,30Jun2021,23,0
04-06-2021,23930.0,23630.0,24000.0,23510.0,1280,1.01%,7314,30Jun2021,26,0
03-06-2021,23690.0,23800.0,23940.0,23600.0,955,-0.17%,7270,30Jun2021,27,0
02-06-2021,23730.0,23650.0,23830.0,23610.0,808,0.08%,7288,30Jun2021,28,0
01-06-2021,23710.0,23600.0,23770.0,23400.0,1132,2.60%,7268,30Jun2021,29,1
31-05-2021,23110.0,23150.0,23350.0,23150.0,104,0.43%,214,31May2021,0,0
28-05-2021,23010.0,22970.0,23090.0,22900.0,228,0.52%,545,31May2021,3,0
27-05-2021,22890.0,22580.0,22900.0,22560.0,206,1.64%,657,31May2021,4,0
26-05-2021,22520.0,22650.0,22650.0,22450.0,310,-0.09%,1175,31May2021,5,0
25-05-2021,22540.0,22270.0,22840.0,22270.0,1847,1.49%,1803,31May2021,6,0
24-05-2021,22210.0,22200.0,22300.0,22120.0,1660,0.50%,2872,31May2021,7,0
21-05-2021,22100.0,22090.0,22180.0,22080.0,958,0.36%,3902,31May2021,10,0
20-05-2021,22020.0,21960.0,22210.0,21920.0,1309,0.00%,4453,31May2021,11,0
19-05-2021,22020.0,22160.0,22230.0,21930.0,1921,-0.77%,4953,31May2021,12,0
18-05-2021,22190.0,22140.0,22300.0,22080.0,1044,0.63%,5666,31May2021,13,0
17-05-2021,22050.0,21950.0,22220.0,21950.0,770,0.00%,5979,31May2021,14,0
14-05-2021,22050.0,22100.0,22150.0,21840.0,997,-0.94%,6100,31May2021,17,0
13-05-2021,22260.0,22090.0,22330.0,22040.0,383,0.32%,6352,31May2021,18,0
12-05-2021,22190.0,22050.0,22420.0,22050.0,1719,0.82%,6389,31May2021,19,0
11-05-2021,22010.0,21870.0,22040.0,21870.0,364,0.64%,6229,31May2021,20,0
10-05-2021,21870.0,21820.0,22090.0,21820.0,2160,0.23%,6284,31May2021,21,0
07-05-2021,21820.0,21930.0,22020.0,21810.0,1553,-0.14%,7253,31May2021,24,0
06-05-2021,21850.0,21740.0,21920.0,21740.0,1242,0.46%,8004,31May2021,25,0
05-05-2021,21750.0,21720.0,21780.0,21640.0,1106,0.18%,8133,31May2021,26,0
04-05-2021,21710.0,21670.0,21760.0,21660.0,599,-0.46%,8642,31May2021,27,0
03-05-2021,21810.0,21520.0,21900.0,21520.0,820,-1.09%,8725,31May2021,28,1
30-04-2021,22050.0,21560.0,22360.0,21410.0,110,2.13%,156,30Apr2021,0,0
29-04-2021,21590.0,21500.0,21880.0,21500.0,92,-0.37%,217,30Apr2021,1,0
28-04-2021,21670.0,21860.0,21870.0,21590.0,66,-0.32%,322,30Apr2021,2,0
27-04-2021,21740.0,21620.0,21880.0,21620.0,266,1.12%,363,30Apr2021,3,0
26-04-2021,21500.0,21550.0,21660.0,21430.0,1596,-0.23%,912,30Apr2021,4,0
23-04-2021,21550.0,21250.0,21570.0,21250.0,1605,1.60%,2055,30Apr2021,7,0
22-04-2021,21210.0,21250.0,21280.0,21160.0,1626,0.57%,3041,30Apr2021,8,0
21-04-2021,21090.0,21150.0,21160.0,20610.0,1141,-0.66%,4105,30Apr2021,9,0
20-04-2021,21230.0,21300.0,21370.0,21210.0,1512,-0.42%,4727,30Apr2021,10,0
19-04-2021,21320.0,21660.0,21660.0,21240.0,1467,-0.56%,5380,30Apr2021,11,0
16-04-2021,21440.0,21770.0,21900.0,21380.0,1318,-1.56%,5761,30Apr2021,14,0
15-04-2021,21780.0,21600.0,21930.0,21600.0,1686,0.46%,6074,30Apr2021,15,0
14-04-2021,21680.0,21510.0,21720.0,21510.0,726,1.07%,6407,30Apr2021,16,0
13-04-2021,21450.0,21340.0,21490.0,21200.0,929,0.42%,6502,30Apr2021,17,0
12-04-2021,21360.0,21680.0,21810.0,21320.0,1594,-2.24%,6649,30Apr2021,18,0
09-04-2021,21850.0,21920.0,22040.0,21820.0,1529,-0.41%,6861,30Apr2021,21,0
08-04-2021,21940.0,21600.0,21980.0,21600.0,1795,1.53%,7059,30Apr2021,22,0
07-04-2021,21610.0,21550.0,21740.0,21240.0,1570,0.19%,7185,30Apr2021,23,0
06-04-2021,21570.0,21530.0,21620.0,21360.0,1354,0.42%,7395,30Apr2021,24,0
05-04-2021,21480.0,21460.0,21530.0,21290.0,1087,1.03%,7780,30Apr2021,25,0
01-04-2021,21260.0,21600.0,21660.0,21200.0,1550,-1.39%,7660,30Apr2021,29,1
31-03-2021,21560.0,21260.0,21370.0,21130.0,33,1.41%,434,31Mar2021,0,0
30-03-2021,21260.0,20850.0,21290.0,20850.0,133,2.21%,505,31Mar2021,1,0
29-03-2021,20800.0,20800.0,20800.0,20800.0,3,2.72%,515,31Mar2021,2,0
26-03-2021,20250.0,20150.0,20770.0,20150.0,60,-0.64%,1230,31Mar2021,5,0
25-03-2021,20380.0,20750.0,20830.0,20310.0,1493,-2.02%,1832,31Mar2021,6,0
24-03-2021,20800.0,20960.0,21000.0,20770.0,1210,-1.75%,2760,31Mar2021,7,0
23-03-2021,21170.0,21240.0,21340.0,21140.0,1479,-0.47%,3372,31Mar2021,8,0
22-03-2021,21270.0,21550.0,21550.0,21160.0,1779,-1.57%,4022,31Mar2021,9,0
19-03-2021,21610.0,21980.0,21980.0,21560.0,1400,-1.37%,4968,31Mar2021,12,0
18-03-2021,21910.0,22010.0,22080.0,21820.0,1392,-0.50%,5385,31Mar2021,13,0
17-03-2021,22020.0,22180.0,22280.0,21960.0,1218,-0.68%,5745,31Mar2021,14,0
16-03-2021,22170.0,22050.0,22340.0,22040.0,1348,0.32%,6203,31Mar2021,15,0
15-03-2021,22100.0,22000.0,22170.0,21900.0,1319,0.36%,6230,31Mar2021,16,0
12-03-2021,22020.0,22100.0,22160.0,21950.0,1388,-0.41%,6542,31Mar2021,19,0
11-03-2021,22110.0,22080.0,22170.0,22040.0,542,0.87%,7137,31Mar2021,20,0
10-03-2021,21920.0,22000.0,22000.0,21720.0,1573,-0.72%,7232,31Mar2021,21,0
09-03-2021,22080.0,22240.0,22260.0,22050.0,885,-0.72%,7697,31Mar2021,22,0
08-03-2021,22240.0,22190.0,22290.0,22190.0,964,0.41%,7848,31Mar2021,23,0
05-03-2021,22150.0,22070.0,22160.0,21880.0,1463,-0.14%,8043,31Mar2021,26,0
04-03-2021,22180.0,22100.0,22200.0,22000.0,1617,-0.05%,8513,31Mar2021,27,0
03-03-2021,22190.0,22330.0,22400.0,22160.0,1116,-0.54%,8750,31Mar2021,28,0
02-03-2021,22310.0,22200.0,22540.0,22160.0,1139,0.13%,8889,31Mar2021,29,0
01-03-2021,22280.0,22030.0,22360.0,22010.0,2047,1.46%,8976,31Mar2021,30,1
26-02-2021,21960.0,21890.0,21900.0,21500.0,60,-0.59%,199,26Feb2021,0,0
25-02-2021,22090.0,21850.0,22120.0,21840.0,181,1.80%,336,26Feb2021,1,0
24-02-2021,21700.0,21720.0,21720.0,21620.0,281,-0.05%,525,26Feb2021,2,0
23-02-2021,21710.0,21720.0,21770.0,21700.0,352,0.28%,766,26Feb2021,3,0
22-02-2021,21650.0,21700.0,21720.0,21630.0,2966,0.42%,2017,26Feb2021,4,0
19-02-2021,21560.0,21560.0,21650.0,21500.0,1880,-0.14%,2734,26Feb2021,7,0
18-02-2021,21590.0,21480.0,21650.0,21450.0,1687,0.65%,3132,26Feb2021,8,0
17-02-2021,21450.0,21470.0,21500.0,21400.0,1002,-0.09%,3850,26Feb2021,9,0
16-02-2021,21470.0,21540.0,21590.0,21450.0,1258,0.14%,4251,26Feb2021,10,0
15-02-2021,21440.0,21500.0,21510.0,21420.0,1464,0.19%,4605,26Feb2021,11,0
12-02-2021,21400.0,21540.0,21550.0,21400.0,1301,-0.23%,5308,26Feb2021,14,0
11-02-2021,21450.0,21380.0,21500.0,21350.0,909,0.23%,5744,26Feb2021,15,0
10-02-2021,21400.0,21470.0,21490.0,21370.0,1079,-0.70%,5820,26Feb2021,16,0
09-02-2021,21550.0,21460.0,21590.0,21410.0,2123,0.89%,6274,26Feb2021,17,0
08-02-2021,21360.0,21500.0,21500.0,21310.0,1189,-0.14%,6336,26Feb2021,18,0
05-02-2021,21390.0,21360.0,21490.0,21350.0,1166,0.71%,6688,26Feb2021,21,0
04-02-2021,21240.0,21100.0,21260.0,21100.0,1118,0.52%,6590,26Feb2021,22,0
03-02-2021,21130.0,21030.0,21150.0,21030.0,524,0.24%,6590,26Feb2021,23,0
02-02-2021,21080.0,21070.0,21130.0,21010.0,550,-0.05%,6561,26Feb2021,24,0
01-02-2021,21090.0,21100.0,21240.0,20980.0,1015,1.10%,6632,26Feb2021,25,1
29-01-2021,20860.0,20710.0,20940.0,20700.0,652,0.77%,758,29Jan2021,0,0
28-01-2021,20700.0,20720.0,20760.0,20610.0,225,-1.29%,618,29Jan2021,1,0
27-01-2021,20970.0,21110.0,21110.0,20950.0,237,-0.76%,784,29Jan2021,2,0
25-01-2021,21130.0,21150.0,21160.0,21090.0,295,0.19%,860,29Jan2021,4,0
22-01-2021,21090.0,21170.0,21310.0,21070.0,2275,-0.85%,1219,29Jan2021,7,0
21-01-2021,21270.0,21240.0,21320.0,21210.0,1740,0.52%,1952,29Jan2021,8,0
20-01-2021,21160.0,21060.0,21200.0,21020.0,1018,0.19%,2737,29Jan2021,9,0
19-01-2021,21120.0,21080.0,21240.0,21080.0,890,0.48%,2995,29Jan2021,10,0
18-01-2021,21020.0,21150.0,21160.0,21010.0,470,-0.38%,3330,29Jan2021,11,0
15-01-2021,21100.0,21170.0,21250.0,21000.0,1073,-0.75%,3451,29Jan2021,14,0
14-01-2021,21260.0,21250.0,21320.0,21170.0,855,-0.47%,3699,29Jan2021,15,0
13-01-2021,21360.0,21340.0,21450.0,21220.0,1265,1.38%,3747,29Jan2021,16,0
12-01-2021,21070.0,21100.0,21120.0,21040.0,676,0.62%,3883,29Jan2021,17,0
11-01-2021,20940.0,21050.0,21130.0,20830.0,1638,-0.57%,4071,29Jan2021,18,0
08-01-2021,21060.0,21110.0,21230.0,21040.0,901,-0.14%,4582,29Jan2021,21,0
07-01-2021,21090.0,21120.0,21260.0,21050.0,968,-0.28%,4741,29Jan2021,22,0
06-01-2021,21150.0,21220.0,21340.0,21110.0,1411,0.00%,4721,29Jan2021,23,0
05-01-2021,21150.0,21130.0,21200.0,20900.0,976,-0.05%,4721,29Jan2021,24,0
04-01-2021,21160.0,20780.0,21210.0,20760.0,1614,1.98%,4584,29Jan2021,25,0
01-01-2021,20750.0,20750.0,20780.0,20550.0,302,2.52%,4184,29Jan2021,28,1
31-12-2020,20240.0,20470.0,20580.0,20470.0,17,-0.74%,95,31Dec2020,0,0
30-12-2020,20390.0,20350.0,20400.0,20270.0,133,0.69%,134,31Dec2020,1,0
29-12-2020,20250.0,20280.0,20280.0,20210.0,140,0.15%,132,31Dec2020,2,0
28-12-2020,20220.0,20210.0,20250.0,20130.0,37,-0.39%,182,31Dec2020,3,0
24-12-2020,20300.0,20340.0,20430.0,20270.0,804,-0.20%,1092,31Dec2020,7,0
23-12-2020,20340.0,20010.0,20380.0,19960.0,690,1.55%,1334,31Dec2020,8,0
22-12-2020,20030.0,20040.0,20120.0,19810.0,715,0.05%,1480,31Dec2020,9,0
21-12-2020,20020.0,20500.0,20500.0,19910.0,1849,-2.63%,1766,31Dec2020,10,0
18-12-2020,20560.0,20670.0,20680.0,20500.0,598,0.44%,2069,31Dec2020,13,0
17-12-2020,20470.0,20340.0,20530.0,20230.0,1258,0.99%,2029,31Dec2020,14,0
16-12-2020,20270.0,20340.0,20420.0,20240.0,663,0.15%,2159,31Dec2020,15,0
15-12-2020,20240.0,20220.0,20340.0,20190.0,945,-0.10%,2138,31Dec2020,16,0
14-12-2020,20260.0,20200.0,20300.0,20130.0,887,1.05%,2332,31Dec2020,17,0
11-12-2020,20050.0,20280.0,20320.0,20000.0,850,-0.64%,2421,31Dec2020,20,0
10-12-2020,20180.0,19950.0,20260.0,19920.0,1058,1.51%,2469,31Dec2020,21,0
09-12-2020,19880.0,19820.0,19900.0,19770.0,371,0.20%,2446,31Dec2020,22,0
08-12-2020,19840.0,19920.0,19920.0,19720.0,480,0.35%,2450,31Dec2020,23,0
07-12-2020,19770.0,19850.0,19890.0,19630.0,597,-0.55%,2461,31Dec2020,24,0
04-12-2020,19880.0,19790.0,19990.0,19790.0,688,0.20%,2469,31Dec2020,27,0
03-12-2020,19840.0,19900.0,19950.0,19750.0,527,-0.30%,2470,31Dec2020,28,0
02-12-2020,19900.0,19980.0,19990.0,19820.0,558,-0.80%,2520,31Dec2020,29,0
01-12-2020,20060.0,20020.0,20080.0,19850.0,548,0.00%,2456,31Dec2020,30,0
30-11-2020,20060.0,20120.0,20160.0,20030.0,214,0.00%,2410,31Dec2020,31,1
27-11-2020,20060.0,19740.0,19740.0,19740.0,12,1.06%,244,27Nov2020,0,0
26-11-2020,19850.0,19960.0,20000.0,19700.0,48,-1.00%,334,27Nov2020,1,0
25-11-2020,20050.0,19920.0,20100.0,19920.0,82,1.06%,459,27Nov2020,2,0
24-11-2020,19840.0,19960.0,20030.0,19750.0,173,-1.10%,573,27Nov2020,3,0
23-11-2020,20060.0,20340.0,20380.0,19860.0,1216,-0.40%,893,27Nov2020,4,0
20-11-2020,20140.0,20040.0,20280.0,19990.0,880,0.60%,1138,27Nov2020,7,0
19-11-2020,20020.0,19950.0,20090.0,19880.0,963,0.45%,1240,27Nov2020,8,0
18-11-2020,19930.0,19850.0,19940.0,19850.0,313,0.00%,1416,27Nov2020,9,0
17-11-2020,19930.0,19950.0,19960.0,19860.0,396,-0.25%,1505,27Nov2020,10,0
16-11-2020,19980.0,19850.0,20050.0,19850.0,355,1.16%,1585,27Nov2020,11,0
14-11-2020,19750.0,19750.0,19780.0,19720.0,80,0.25%,1561,27Nov2020,13,0
13-11-2020,19700.0,19720.0,19750.0,19620.0,171,-0.35%,1521,27Nov2020,14,0
12-11-2020,19770.0,19810.0,19820.0,19710.0,241,-0.50%,1500,27Nov2020,15,0
11-11-2020,19870.0,19840.0,19950.0,19810.0,327,0.15%,1484,27Nov2020,16,0
10-11-2020,19840.0,19820.0,19890.0,19760.0,187,-0.05%,1482,27Nov2020,17,0
09-11-2020,19850.0,19740.0,19900.0,19700.0,433,0.92%,1461,27Nov2020,18,0
06-11-2020,19670.0,19770.0,19820.0,19550.0,349,-0.51%,1318,27Nov2020,21,0
05-11-2020,19770.0,19680.0,19820.0,19660.0,365,0.56%,1311,27Nov2020,22,0
04-11-2020,19660.0,19710.0,19790.0,19600.0,606,0.05%,1218,27Nov2020,23,0
03-11-2020,19650.0,19390.0,19720.0,19340.0,521,1.24%,1051,27Nov2020,24,0
02-11-2020,19410.0,19310.0,19470.0,19110.0,824,0.62%,952,27Nov2020,25,1
30-10-2020,19290.0,19230.0,19370.0,19160.0,44,-0.98%,58,30Oct2020,0,0
29-10-2020,19480.0,19470.0,19500.0,19470.0,6,-0.76%,110,30Oct2020,1,0
28-10-2020,19630.0,19800.0,19800.0,19500.0,41,1.13%,112,30Oct2020,2,0
27-10-2020,19410.0,19350.0,19600.0,19350.0,91,0.83%,118,30Oct2020,3,0
26-10-2020,19250.0,19760.0,19860.0,19240.0,117,-2.92%,134,30Oct2020,4,0
23-10-2020,19830.0,19760.0,19900.0,19570.0,260,-0.05%,184,30Oct2020,7,0
22-10-2020,19840.0,19840.0,19880.0,19700.0,133,0.20%,304,30Oct2020,8,0
21-10-2020,19800.0,19520.0,19850.0,19520.0,346,0.97%,269,30Oct2020,9,0
20-10-2020,19610.0,19850.0,19930.0,19570.0,316,-1.21%,374,30Oct2020,10,0
19-10-2020,19850.0,19790.0,19930.0,19620.0,278,2.58%,447,30Oct2020,11,0
16-10-2020,19350.0,19100.0,19390.0,19070.0,224,1.36%,519,30Oct2020,14,0
15-10-2020,19090.0,19120.0,19120.0,19010.0,162,-0.16%,511,30Oct2020,15,0
14-10-2020,19120.0,18960.0,19220.0,18940.0,221,0.90%,541,30Oct2020,16,0
13-10-2020,18950.0,18990.0,19090.0,18850.0,237,0.05%,585,30Oct2020,17,0
12-10-2020,18940.0,18660.0,18980.0,18660.0,299,1.77%,607,30Oct2020,18,0
09-10-2020,18610.0,18500.0,18650.0,18450.0,199,0.70%,642,30Oct2020,21,0
08-10-2020,18480.0,18370.0,18520.0,18370.0,208,0.71%,667,30Oct2020,22,0
07-10-2020,18350.0,18310.0,18390.0,18260.0,249,0.33%,642,30Oct2020,23,0
06-10-2020,18290.0,18300.0,18300.0,18190.0,127,-0.33%,704,30Oct2020,24,0
05-10-2020,18350.0,18250.0,18380.0,18060.0,213,0.60%,710,30Oct2020,25,0
01-10-2020,18240.0,18200.0,18250.0,18170.0,217,0.16%,731,30Oct2020,29,0
30-09-2020,18210.0,18080.0,18240.0,18080.0,142,0.61%,791,30Oct2020,30,0
29-09-2020,18100.0,18130.0,18150.0,18030.0,147,-0.33%,791,30Oct2020,31,0
28-09-2020,18160.0,17880.0,18180.0,17880.0,309,0.72%,777,30Oct2020,32,0
25-09-2020,18030.0,18070.0,18100.0,17950.0,148,-0.17%,760,30Oct2020,35,0
24-09-2020,18060.0,17980.0,18080.0,17930.0,151,0.28%,776,30Oct2020,36,0
23-09-2020,18010.0,18080.0,18080.0,17920.0,139,-0.33%,767,30Oct2020,37,0
22-09-2020,18070.0,17900.0,18100.0,17850.0,179,1.01%,747,30Oct2020,38,0
21-09-2020,17890.0,17990.0,18000.0,17820.0,238,0.06%,743,30Oct2020,39,0
18-09-2020,17880.0,17950.0,17970.0,17850.0,71,-0.56%,794,30Oct2020,42,0
17-09-2020,17980.0,18040.0,18040.0,17900.0,165,-0.28%,774,30Oct2020,43,0
16-09-2020,18030.0,18030.0,18070.0,17940.0,233,0.28%,760,30Oct2020,44,0
15-09-2020,17980.0,17950.0,18050.0,17900.0,272,0.33%,720,30Oct2020,45,0
14-09-2020,17920.0,17810.0,17980.0,17610.0,269,0.45%,722,30Oct2020,46,0
11-09-2020,17840.0,17640.0,17860.0,17530.0,158,1.02%,705,30Oct2020,49,0
10-09-2020,17660.0,17490.0,17720.0,17450.0,217,1.26%,710,30Oct2020,50,0
09-09-2020,17440.0,17460.0,17520.0,17420.0,94,-0.17%,706,30Oct2020,51,0
08-09-2020,17470.0,17600.0,17640.0,17400.0,225,-0.57%,690,30Oct2020,52,0
07-09-2020,17570.0,17550.0,17620.0,17520.0,101,0.29%,671,30Oct2020,53,0
04-09-2020,17520.0,17610.0,17650.0,17500.0,179,-0.74%,655,30Oct2020,56,0
03-09-2020,17650.0,17740.0,17750.0,17550.0,245,-0.51%,583,30Oct2020,57,0
02-09-2020,17740.0,17820.0,17840.0,17710.0,140,-0.28%,534,30Oct2020,58,0
01-09-2020,17790.0,17800.0,17890.0,17660.0,165,3.19%,546,30Oct2020,59,1
31-08-2020,17240.0,17000.0,17450.0,17000.0,45,1.65%,351,31Aug2020,0,0
28-08-2020,16960.0,17050.0,17050.0,16850.0,40,-1.97%,593,31Aug2020,3,0
27-08-2020,17300.0,16910.0,17350.0,16870.0,71,0.41%,623,31Aug2020,4,0
26-08-2020,17230.0,16920.0,17530.0,16880.0,51,1.23%,691,31Aug2020,5,0
25-08-2020,17020.0,17180.0,17180.0,16940.0,621,-0.53%,1085,31Aug2020,6,0
24-08-2020,17110.0,17000.0,17160.0,16800.0,702,1.24%,1449,31Aug2020,7,0
21-08-2020,16900.0,16660.0,16950.0,16650.0,682,1.68%,1653,31Aug2020,10,0
20-08-2020,16620.0,16520.0,16700.0,16470.0,641,0.48%,1581,31Aug2020,11,0
19-08-2020,16540.0,16480.0,16550.0,16400.0,391,0.36%,1623,31Aug2020,12,0
18-08-2020,16480.0,16430.0,16490.0,16360.0,493,0.80%,1701,31Aug2020,13,0
17-08-2020,16350.0,16450.0,16530.0,16110.0,488,-0.49%,1841,31Aug2020,14,0
14-08-2020,16430.0,16350.0,16450.0,16320.0,331,0.37%,1939,31Aug2020,17,0
13-08-2020,16370.0,16350.0,16380.0,16310.0,145,0.00%,2011,31Aug2020,18,0
12-08-2020,16370.0,16250.0,16490.0,16210.0,527,0.55%,2064,31Aug2020,19,0
11-08-2020,16280.0,16330.0,16390.0,16260.0,343,-0.25%,2207,31Aug2020,20,0
10-08-2020,16320.0,16420.0,16430.0,16310.0,450,-0.18%,2220,31Aug2020,21,0
07-08-2020,16350.0,16420.0,16490.0,16310.0,418,-0.49%,2129,31Aug2020,24,0
06-08-2020,16430.0,16470.0,16550.0,16310.0,626,0.06%,2255,31Aug2020,25,0
05-08-2020,16420.0,16300.0,16450.0,16280.0,328,0.74%,2310,31Aug2020,26,0
04-08-2020,16300.0,16280.0,16330.0,16250.0,296,0.25%,2382,31Aug2020,27,0
03-08-2020,16260.0,16260.0,16290.0,16200.0,193,2.52%,2511,31Aug2020,28,1
31-07-2020,15860.0,16020.0,16300.0,16020.0,189,-0.94%,218,31Jul2020,0,0
30-07-2020,16010.0,16000.0,16030.0,15980.0,58,-0.12%,328,31Jul2020,1,0
29-07-2020,16030.0,16000.0,16050.0,16000.0,105,0.00%,508,31Jul2020,2,0
28-07-2020,16030.0,15910.0,16060.0,15800.0,311,0.63%,672,31Jul2020,3,0
27-07-2020,15930.0,16000.0,16000.0,15620.0,1363,0.76%,961,31Jul2020,4,0
24-07-2020,15810.0,16020.0,16080.0,15700.0,1275,-2.04%,1581,31Jul2020,7,0
23-07-2020,16140.0,16070.0,16150.0,16060.0,532,0.37%,2258,31Jul2020,8,0
22-07-2020,16080.0,16200.0,16210.0,15970.0,606,-0.56%,2512,31Jul2020,9,0
21-07-2020,16170.0,16210.0,16570.0,16010.0,1118,-0.31%,2664,31Jul2020,10,0
20-07-2020,16220.0,16100.0,16280.0,16100.0,657,0.50%,2896,31Jul2020,11,0
17-07-2020,16140.0,16120.0,16160.0,16060.0,452,0.12%,3221,31Jul2020,14,0
16-07-2020,16120.0,16070.0,16190.0,16000.0,632,0.19%,3405,31Jul2020,15,0
15-07-2020,16090.0,16030.0,16140.0,15940.0,451,0.37%,3480,31Jul2020,16,0
14-07-2020,16030.0,15870.0,16060.0,15800.0,600,0.69%,3529,31Jul2020,17,0
13-07-2020,15920.0,16080.0,16130.0,15880.0,731,-1.06%,3677,31Jul2020,18,0
10-07-2020,16090.0,16130.0,16160.0,16060.0,510,-0.56%,3863,31Jul2020,21,0
09-07-2020,16180.0,16220.0,16240.0,16150.0,589,0.12%,3975,31Jul2020,22,0
08-07-2020,16160.0,16110.0,16190.0,16080.0,251,0.19%,3978,31Jul2020,23,0
07-07-2020,16130.0,16080.0,16280.0,16000.0,681,0.00%,4000,31Jul2020,24,0
06-07-2020,16130.0,15960.0,16150.0,15870.0,669,1.00%,4054,31Jul2020,25,0
03-07-2020,15970.0,15950.0,16030.0,15850.0,408,0.57%,4237,31Jul2020,28,0
02-07-2020,15880.0,16020.0,16110.0,15850.0,581,-0.75%,4289,31Jul2020,29,0
01-07-2020,16000.0,15910.0,16140.0,15890.0,928,1.46%,4272,31Jul2020,30,1
30-06-2020,15770.0,15590.0,15590.0,15590.0,14,2.07%,182,30Jun2020,0,0
29-06-2020,15450.0,15700.0,15700.0,15440.0,243,-1.78%,393,30Jun2020,1,0
26-06-2020,15730.0,15740.0,15850.0,15710.0,219,-0.06%,622,30Jun2020,4,0
25-06-2020,15740.0,15800.0,15820.0,15680.0,234,-0.19%,665,30Jun2020,5,0
24-06-2020,15770.0,15840.0,15880.0,15750.0,1191,-0.25%,1477,30Jun2020,6,0
23-06-2020,15810.0,15940.0,15970.0,15780.0,1315,-0.69%,2215,30Jun2020,7,0
22-06-2020,15920.0,16020.0,16050.0,15800.0,829,-1.12%,2991,30Jun2020,8,0
19-06-2020,16100.0,16130.0,16180.0,16060.0,509,-0.19%,3323,30Jun2020,11,0
18-06-2020,16130.0,16050.0,16150.0,16010.0,385,0.75%,3462,30Jun2020,12,0
17-06-2020,16010.0,15870.0,16080.0,15790.0,612,1.33%,3573,30Jun2020,13,0
16-06-2020,15800.0,16070.0,16160.0,15570.0,1076,-1.56%,3702,30Jun2020,14,0
15-06-2020,16050.0,16350.0,16350.0,16000.0,1383,-2.31%,3665,30Jun2020,15,0
12-06-2020,16430.0,16510.0,16580.0,16260.0,670,-0.79%,3480,30Jun2020,18,0
11-06-2020,16560.0,16590.0,16630.0,16470.0,316,-0.06%,3601,30Jun2020,19,0
10-06-2020,16570.0,16660.0,16660.0,16480.0,502,0.18%,3602,30Jun2020,20,0
09-06-2020,16540.0,16710.0,16760.0,16520.0,879,-0.78%,3659,30Jun2020,21,0
08-06-2020,16670.0,16610.0,16780.0,16520.0,842,-0.18%,3717,30Jun2020,22,0
05-06-2020,16700.0,16190.0,16750.0,16190.0,980,3.02%,3778,30Jun2020,25,0
04-06-2020,16210.0,16120.0,16250.0,16100.0,414,0.31%,3736,30Jun2020,26,0
03-06-2020,16160.0,16120.0,16250.0,16030.0,620,-0.43%,3771,30Jun2020,27,0
02-06-2020,16230.0,16160.0,16340.0,16150.0,550,1.56%,3804,30Jun2020,28,0
01-06-2020,15980.0,15960.0,16070.0,15860.0,579,2.24%,3850,30Jun2020,29,1
29-05-2020,15630.0,15590.0,15650.0,15580.0,97,-0.38%,80,29May2020,0,0
28-05-2020,15690.0,15560.0,15740.0,15560.0,22,-0.13%,193,29May2020,1,0
27-05-2020,15710.0,15750.0,15750.0,15650.0,149,0.00%,247,29May2020,2,0
26-05-2020,15710.0,15510.0,15750.0,15490.0,209,1.42%,300,29May2020,3,0
25-05-2020,15490.0,0.0,0.0,0.0,0,0.00%,315,29May2020,4,0
22-05-2020,15490.0,15720.0,15720.0,15450.0,2258,-2.02%,1073,29May2020,7,0
21-05-2020,15810.0,15900.0,15910.0,15730.0,959,-1.43%,2687,29May2020,8,0
20-05-2020,16040.0,16040.0,16230.0,15920.0,834,1.78%,3329,29May2020,9,0
19-05-2020,15760.0,15970.0,15980.0,15700.0,545,-0.13%,3621,29May2020,10,0
18-05-2020,15780.0,15780.0,15860.0,15570.0,707,-0.32%,3864,29May2020,11,0
15-05-2020,15830.0,15680.0,15870.0,15620.0,549,1.02%,4021,29May2020,14,0
14-05-2020,15670.0,15760.0,15780.0,15560.0,691,-0.82%,4135,29May2020,15,0
13-05-2020,15800.0,15850.0,15940.0,15650.0,993,0.64%,4246,29May2020,16,0
12-05-2020,15700.0,15590.0,15880.0,15400.0,707,0.45%,4400,29May2020,17,0
11-05-2020,15630.0,15750.0,15820.0,15520.0,670,-0.38%,4431,29May2020,18,0
08-05-2020,15690.0,15660.0,15790.0,15420.0,1114,1.03%,4454,29May2020,21,0
07-05-2020,15530.0,15150.0,15610.0,15130.0,957,3.40%,4502,29May2020,22,0
06-05-2020,15020.0,15280.0,15280.0,14800.0,906,-2.09%,4640,29May2020,23,0
05-05-2020,15340.0,15600.0,15600.0,15170.0,1307,-2.29%,4693,29May2020,24,0
04-05-2020,15700.0,16220.0,16220.0,15700.0,921,-3.98%,4934,29May2020,25,0
01-05-2020,16350.0,0.0,0.0,0.0,0,-0.85%,4927,29May2020,28,1
30-04-2020,16490.0,16100.0,16280.0,16100.0,289,2.68%,208,30Apr2020,0,0
29-04-2020,16060.0,16080.0,16080.0,16040.0,4,0.19%,486,30Apr2020,1,0
28-04-2020,16030.0,16120.0,16120.0,15930.0,170,-1.29%,539,30Apr2020,2,0
27-04-2020,16240.0,16220.0,16320.0,16140.0,187,-0.31%,692,30Apr2020,3,0
24-04-2020,16290.0,16360.0,16390.0,16270.0,1296,-0.73%,1271,30Apr2020,6,0
23-04-2020,16410.0,16400.0,16490.0,16300.0,2631,2.43%,2144,30Apr2020,7,0
22-04-2020,16020.0,15950.0,16100.0,15840.0,1652,-0.06%,3688,30Apr2020,8,0
21-04-2020,16030.0,16300.0,16420.0,15980.0,1395,-1.66%,4807,30Apr2020,9,0
20-04-2020,16300.0,16370.0,16380.0,16170.0,465,-1.15%,5522,30Apr2020,10,0
17-04-2020,16490.0,16590.0,16630.0,16460.0,468,-0.06%,5621,30Apr2020,13,0
16-04-2020,16500.0,16490.0,16700.0,16450.0,362,0.98%,5682,30Apr2020,14,0
15-04-2020,16340.0,16500.0,16500.0,16320.0,398,-2.04%,5735,30Apr2020,15,0
13-04-2020,16680.0,16680.0,16720.0,16660.0,373,0.12%,5651,30Apr2020,17,0
09-04-2020,16660.0,16710.0,16750.0,16640.0,523,-0.06%,5644,30Apr2020,21,0
08-04-2020,16670.0,16500.0,16720.0,16450.0,575,1.09%,5777,30Apr2020,22,0
07-04-2020,16490.0,16400.0,16600.0,16350.0,322,1.85%,5861,30Apr2020,23,0
03-04-2020,16190.0,16250.0,16410.0,16070.0,346,0.50%,5914,30Apr2020,27,0
01-04-2020,16110.0,16140.0,16170.0,16070.0,177,-9.14%,5929,30Apr2020,29,1
31-03-2020,17730.0,0.0,0.0,0.0,0,11.86%,60,31Mar2020,0,0
30-03-2020,15850.0,15850.0,15850.0,15850.0,32,-3.00%,60,31Mar2020,1,0
27-03-2020,16340.0,0.0,0.0,0.0,39,0.00%,88,31Mar2020,4,0
26-03-2020,16340.0,16340.0,16340.0,16340.0,61,0.49%,137,31Mar2020,5,0
25-03-2020,16260.0,16200.0,16730.0,16090.0,645,0.00%,1038,31Mar2020,6,0
24-03-2020,16260.0,16500.0,16610.0,15660.0,4526,-0.31%,1363,31Mar2020,7,0
23-03-2020,16310.0,16480.0,16570.0,16310.0,1057,-3.95%,3563,31Mar2020,8,0
20-03-2020,16980.0,17380.0,17400.0,16860.0,1891,-1.28%,4227,31Mar2020,11,0
19-03-2020,17200.0,17460.0,17600.0,17050.0,2106,-2.55%,5034,31Mar2020,12,0
18-03-2020,17650.0,17960.0,18080.0,17530.0,1299,-1.94%,5592,31Mar2020,13,0
17-03-2020,18000.0,17920.0,18100.0,17920.0,1140,0.61%,5818,31Mar2020,14,0
16-03-2020,17890.0,18060.0,18100.0,17830.0,1280,-1.76%,6051,31Mar2020,15,0
13-03-2020,18210.0,17820.0,18450.0,17760.0,1973,0.55%,6238,31Mar2020,18,0
12-03-2020,18110.0,18350.0,18350.0,18020.0,1820,-1.58%,6503,31Mar2020,19,0
11-03-2020,18400.0,18530.0,18590.0,18370.0,994,-0.54%,6897,31Mar2020,20,0
10-03-2020,18500.0,18420.0,18630.0,18370.0,347,0.71%,6891,31Mar2020,21,0
09-03-2020,18370.0,18490.0,18490.0,18100.0,1176,-1.40%,6860,31Mar2020,22,0
06-03-2020,18630.0,18880.0,18880.0,18490.0,1144,-0.69%,6995,31Mar2020,25,0
05-03-2020,18760.0,18650.0,18860.0,18600.0,2064,0.86%,7098,31Mar2020,26,0
04-03-2020,18600.0,18600.0,18650.0,18520.0,1063,0.00%,7188,31Mar2020,27,0
03-03-2020,18600.0,18440.0,18700.0,18440.0,1648,1.53%,7408,31Mar2020,28,0
02-03-2020,18320.0,18400.0,18700.0,18110.0,2316,-1.98%,7723,31Mar2020,29,1
28-02-2020,18690.0,17920.0,18200.0,17680.0,412,2.64%,291,28Feb2020,0,0
27-02-2020,18210.0,18480.0,18600.0,18160.0,209,-2.62%,292,28Feb2020,1,0
26-02-2020,18700.0,18740.0,18800.0,18640.0,240,-1.01%,490,28Feb2020,2,0
25-02-2020,18890.0,18870.0,19030.0,18850.0,207,0.43%,719,28Feb2020,3,0
24-02-2020,18810.0,19060.0,19060.0,18780.0,2956,-1.57%,930,28Feb2020,4,0
21-02-2020,19110.0,19170.0,19170.0,19100.0,283,-0.16%,2980,28Feb2020,7,0
20-02-2020,19140.0,19080.0,19190.0,19060.0,3344,0.37%,3047,28Feb2020,8,0
19-02-2020,19070.0,19200.0,19200.0,19060.0,1112,-0.52%,4563,28Feb2020,9,0
18-02-2020,19170.0,19200.0,19270.0,19100.0,1923,0.10%,5250,28Feb2020,10,0
17-02-2020,19150.0,19110.0,19250.0,19070.0,893,0.31%,6048,28Feb2020,11,0
14-02-2020,19090.0,19060.0,19150.0,18970.0,885,-0.05%,6061,28Feb2020,14,0
13-02-2020,19100.0,19190.0,19210.0,19010.0,851,-0.37%,6226,28Feb2020,15,0
12-02-2020,19170.0,19120.0,19220.0,19000.0,1000,0.05%,6269,28Feb2020,16,0
11-02-2020,19160.0,19000.0,19180.0,19000.0,558,0.74%,6393,28Feb2020,17,0
10-02-2020,19020.0,19050.0,19080.0,18960.0,1043,-0.05%,6460,28Feb2020,18,0
07-02-2020,19030.0,19290.0,19340.0,19010.0,1454,-1.65%,6638,28Feb2020,21,0
06-02-2020,19350.0,19330.0,19410.0,19280.0,550,0.26%,6589,28Feb2020,22,0
05-02-2020,19300.0,19290.0,19440.0,19270.0,1026,0.16%,6499,28Feb2020,23,0
04-02-2020,19270.0,19170.0,19300.0,19110.0,1129,0.47%,6441,28Feb2020,24,0
03-02-2020,19180.0,19280.0,19290.0,18840.0,2330,-0.67%,6370,28Feb2020,25,0
01-02-2020,19310.0,19540.0,19540.0,19300.0,228,0.99%,6531,28Feb2020,27,1
31-01-2020,19120.0,19160.0,19400.0,19100.0,306,-0.52%,428,31Jan2020,0,0
30-01-2020,19220.0,19220.0,19280.0,19180.0,62,-0.72%,606,31Jan2020,1,0
29-01-2020,19360.0,19250.0,19450.0,19250.0,133,0.78%,956,31Jan2020,2,0
28-01-2020,19210.0,19210.0,19250.0,19190.0,161,0.42%,992,31Jan2020,3,0
27-01-2020,19130.0,19300.0,19310.0,18950.0,1791,-1.29%,1384,31Jan2020,4,0
24-01-2020,19380.0,19510.0,19570.0,19340.0,1872,-0.67%,2288,31Jan2020,7,0
23-01-2020,19510.0,19700.0,19730.0,19490.0,1626,-1.22%,3035,31Jan2020,8,0
22-01-2020,19750.0,19650.0,19800.0,19450.0,1909,0.77%,3604,31Jan2020,9,0
21-01-2020,19600.0,19710.0,19710.0,19570.0,866,-0.56%,3907,31Jan2020,10,0
20-01-2020,19710.0,19960.0,19960.0,19690.0,1138,-0.90%,4187,31Jan2020,11,0
17-01-2020,19890.0,19670.0,19900.0,19650.0,1622,1.07%,4383,31Jan2020,14,0
16-01-2020,19680.0,19770.0,19800.0,19610.0,1406,-0.35%,4545,31Jan2020,15,0
15-01-2020,19750.0,19890.0,19950.0,19710.0,1428,-0.90%,4703,31Jan2020,16,0
14-01-2020,19930.0,19880.0,20030.0,19690.0,1116,-0.20%,4941,31Jan2020,17,0
13-01-2020,19970.0,20120.0,20180.0,19930.0,1640,-0.15%,5071,31Jan2020,18,0
10-01-2020,20000.0,19840.0,20150.0,19840.0,2842,1.01%,4891,31Jan2020,21,0
09-01-2020,19800.0,19790.0,19840.0,19760.0,944,0.10%,4634,31Jan2020,22,0
08-01-2020,19780.0,19730.0,19820.0,19640.0,1259,0.10%,4507,31Jan2020,23,0
07-01-2020,19760.0,19770.0,19860.0,19710.0,1449,0.10%,4558,31Jan2020,24,0
06-01-2020,19740.0,19640.0,19780.0,19640.0,1230,0.66%,4280,31Jan2020,25,0
03-01-2020,19610.0,19670.0,19740.0,19550.0,1934,-0.41%,3724,31Jan2020,28,0
02-01-2020,19690.0,19630.0,19730.0,19590.0,1345,0.61%,3622,31Jan2020,29,0
01-01-2020,19570.0,19570.0,19680.0,19510.0,705,3.76%,3347,31Jan2020,30,1
31-12-2019,18860.0,19290.0,19840.0,19220.0,16,-2.13%,203,31Dec2019,0,0
30-12-2019,19270.0,19250.0,19290.0,19250.0,51,0.31%,272,31Dec2019,1,0
27-12-2019,19210.0,19200.0,19230.0,19190.0,76,0.26%,321,31Dec2019,4,0
26-12-2019,19160.0,18990.0,19190.0,18990.0,238,1.11%,343,31Dec2019,5,0
24-12-2019,18950.0,19120.0,19190.0,18900.0,1309,-1.04%,502,31Dec2019,7,0
23-12-2019,19150.0,19190.0,19250.0,19090.0,985,-0.10%,920,31Dec2019,8,0
20-12-2019,19170.0,19090.0,19190.0,19090.0,735,0.21%,1264,31Dec2019,11,0
19-12-2019,19130.0,19060.0,19190.0,19040.0,981,0.37%,1349,31Dec2019,12,0
18-12-2019,19060.0,19140.0,19150.0,19000.0,606,-0.57%,1597,31Dec2019,13,0
17-12-2019,19170.0,19180.0,19210.0,19100.0,668,-0.21%,1577,31Dec2019,14,0
16-12-2019,19210.0,19260.0,19260.0,19150.0,532,0.16%,1670,31Dec2019,15,0
13-12-2019,19180.0,19280.0,19300.0,19110.0,1075,-0.26%,1746,31Dec2019,18,0
12-12-2019,19230.0,19020.0,19300.0,18950.0,572,1.10%,2010,31Dec2019,19,0
11-12-2019,19020.0,19030.0,19090.0,19000.0,488,-0.26%,2075,31Dec2019,20,0
10-12-2019,19070.0,19140.0,19200.0,19020.0,272,-0.31%,2054,31Dec2019,21,0
09-12-2019,19130.0,19190.0,19420.0,19110.0,607,-0.05%,2036,31Dec2019,22,0
06-12-2019,19140.0,19070.0,19150.0,19020.0,715,0.47%,2113,31Dec2019,25,0
05-12-2019,19050.0,19100.0,19150.0,19020.0,622,-0.37%,2120,31Dec2019,26,0
04-12-2019,19120.0,19050.0,19140.0,18950.0,851,0.31%,2053,31Dec2019,27,0
03-12-2019,19060.0,19070.0,19110.0,19020.0,523,-0.31%,2115,31Dec2019,28,0
02-12-2019,19120.0,19150.0,19210.0,19060.0,700,2.36%,2096,31Dec2019,29,1
29-11-2019,18680.0,19050.0,19080.0,18460.0,109,-1.79%,96,29Nov2019,0,0
28-11-2019,19020.0,19090.0,19100.0,18990.0,114,0.21%,156,29Nov2019,1,0
27-11-2019,18980.0,19050.0,19050.0,18960.0,42,-0.11%,277,29Nov2019,2,0
26-11-2019,19000.0,19140.0,19190.0,19000.0,326,-0.58%,283,29Nov2019,3,0
25-11-2019,19110.0,18970.0,19160.0,18970.0,581,0.16%,454,29Nov2019,4,0
22-11-2019,19080.0,19040.0,19100.0,18970.0,619,0.32%,733,29Nov2019,7,0
21-11-2019,19020.0,19080.0,19120.0,19010.0,507,-0.68%,1100,29Nov2019,8,0
20-11-2019,19150.0,19100.0,19200.0,19060.0,381,0.47%,1172,29Nov2019,9,0
19-11-2019,19060.0,19180.0,19210.0,19050.0,508,-0.57%,1257,29Nov2019,10,0
18-11-2019,19170.0,19300.0,19350.0,19150.0,391,-0.62%,1356,29Nov2019,11,0
15-11-2019,19290.0,19190.0,19380.0,19140.0,677,0.31%,1421,29Nov2019,14,0
14-11-2019,19230.0,19170.0,19290.0,19070.0,633,0.16%,1533,29Nov2019,15,0
13-11-2019,19200.0,19120.0,19240.0,19050.0,720,0.73%,1655,29Nov2019,16,0
12-11-2019,19060.0,19020.0,19080.0,18930.0,145,0.00%,1894,29Nov2019,17,0
11-11-2019,19060.0,19150.0,19210.0,19000.0,1009,-0.83%,1924,29Nov2019,18,0
08-11-2019,19220.0,19360.0,19400.0,19140.0,675,-0.98%,2040,29Nov2019,21,0
07-11-2019,19410.0,19340.0,19490.0,19260.0,818,0.21%,1931,29Nov2019,22,0
06-11-2019,19370.0,19400.0,19420.0,19250.0,701,-0.21%,2110,29Nov2019,23,0
05-11-2019,19410.0,19480.0,19480.0,19360.0,613,-0.41%,2104,29Nov2019,24,0
04-11-2019,19490.0,19440.0,19580.0,19430.0,926,0.52%,2055,29Nov2019,25,0
01-11-2019,19390.0,19350.0,19470.0,19310.0,745,2.54%,2166,29Nov2019,28,1
31-10-2019,18910.0,19570.0,20100.0,19100.0,144,-3.32%,4,31Oct2019,0,0
30-10-2019,19560.0,19490.0,19570.0,19490.0,58,0.36%,107,31Oct2019,1,0
29-10-2019,19490.0,19400.0,19500.0,19350.0,63,0.88%,141,31Oct2019,2,0
28-10-2019,19320.0,19740.0,19740.0,19270.0,54,-0.41%,185,31Oct2019,3,0
27-10-2019,19400.0,19030.0,19450.0,18910.0,26,-0.31%,219,31Oct2019,4,0
25-10-2019,19460.0,19450.0,19510.0,19430.0,376,-0.05%,234,31Oct2019,6,0
24-10-2019,19470.0,19470.0,19540.0,19440.0,399,-0.10%,469,31Oct2019,7,0
23-10-2019,19490.0,19430.0,19520.0,19420.0,260,0.15%,696,31Oct2019,8,0
22-10-2019,19460.0,19470.0,19520.0,19350.0,467,-0.05%,800,31Oct2019,9,0
21-10-2019,19470.0,19580.0,19580.0,19460.0,130,-0.56%,862,31Oct2019,10,0
18-10-2019,19580.0,19560.0,19650.0,19560.0,215,0.20%,851,31Oct2019,13,0
17-10-2019,19540.0,19600.0,19600.0,19500.0,382,0.15%,866,31Oct2019,14,0
16-10-2019,19510.0,19500.0,19580.0,19450.0,609,-0.05%,884,31Oct2019,15,0
15-10-2019,19520.0,19480.0,19720.0,19450.0,941,0.05%,1058,31Oct2019,16,0
14-10-2019,19510.0,19760.0,19860.0,19460.0,756,-0.76%,1136,31Oct2019,17,0
11-10-2019,19660.0,19470.0,19720.0,19420.0,766,0.72%,1222,31Oct2019,20,0
10-10-2019,19520.0,19580.0,19640.0,19450.0,387,-0.15%,1266,31Oct2019,21,0
09-10-2019,19550.0,19450.0,19620.0,19370.0,911,0.31%,1248,31Oct2019,22,0
08-10-2019,19490.0,19550.0,19550.0,19440.0,279,-0.51%,1265,31Oct2019,23,0
07-10-2019,19590.0,19690.0,19760.0,19520.0,529,-0.51%,1246,31Oct2019,24,0
04-10-2019,19690.0,19830.0,19910.0,19660.0,664,-0.71%,1172,31Oct2019,27,0
03-10-2019,19830.0,19640.0,19850.0,19510.0,942,1.33%,1259,31Oct2019,28,0
01-10-2019,19570.0,19830.0,19870.0,19550.0,830,-1.51%,1303,31Oct2019,30,0
30-09-2019,19870.0,20180.0,20350.0,19660.0,1984,-0.70%,1322,31Oct2019,31,0
27-09-2019,20010.0,19570.0,20210.0,19560.0,1177,1.94%,1651,31Oct2019,34,0
26-09-2019,19630.0,19570.0,19690.0,19530.0,643,0.20%,1688,31Oct2019,35,0
25-09-2019,19590.0,19410.0,19650.0,19410.0,1060,0.46%,1674,31Oct2019,36,0
24-09-2019,19500.0,19740.0,19740.0,19460.0,1139,-1.07%,1800,31Oct2019,37,0
23-09-2019,19710.0,19740.0,19790.0,19580.0,928,-0.55%,1793,31Oct2019,38,0
20-09-2019,19820.0,19780.0,19870.0,19740.0,562,0.05%,1781,31Oct2019,41,0
19-09-2019,19810.0,19770.0,19830.0,19730.0,508,0.41%,1739,31Oct2019,42,0
18-09-2019,19730.0,19530.0,19780.0,19530.0,776,0.71%,1699,31Oct2019,43,0
17-09-2019,19590.0,19900.0,19910.0,19530.0,1249,-1.66%,1731,31Oct2019,44,0
16-09-2019,19920.0,19820.0,19980.0,19520.0,717,0.30%,1932,31Oct2019,45,0
13-09-2019,19860.0,19800.0,19940.0,19790.0,1026,0.51%,1996,31Oct2019,48,0
12-09-2019,19760.0,19560.0,19780.0,19540.0,1365,1.23%,2010,31Oct2019,49,0
11-09-2019,19520.0,19490.0,19550.0,19420.0,625,0.21%,2071,31Oct2019,50,0
10-09-2019,19480.0,19430.0,19600.0,19410.0,476,0.36%,2067,31Oct2019,51,0
09-09-2019,19410.0,19500.0,19500.0,19320.0,508,-0.10%,2074,31Oct2019,52,0
06-09-2019,19430.0,19530.0,19570.0,19410.0,499,-0.26%,2023,31Oct2019,55,0
05-09-2019,19480.0,19490.0,19550.0,19370.0,565,0.31%,2029,31Oct2019,56,0
04-09-2019,19420.0,19440.0,19490.0,19320.0,706,-0.21%,2027,31Oct2019,57,0
03-09-2019,19460.0,19570.0,19610.0,19360.0,943,-0.82%,1981,31Oct2019,58,0
02-09-2019,19620.0,19580.0,19650.0,19570.0,78,-4.01%,1899,31Oct2019,59,1
30-08-2019,20440.0,20870.0,21120.0,20410.0,2384,-2.43%,1598,30Aug2019,0,0
29-08-2019,20950.0,21020.0,21030.0,20900.0,1439,-0.43%,3430,30Aug2019,1,0
28-08-2019,21040.0,20960.0,21130.0,20950.0,1128,-0.43%,4382,30Aug2019,2,0
27-08-2019,21130.0,21020.0,21200.0,20940.0,795,0.86%,5122,30Aug2019,3,0
26-08-2019,20950.0,20720.0,21040.0,20650.0,1374,0.00%,5447,30Aug2019,4,0
23-08-2019,20950.0,21280.0,21300.0,20880.0,1339,-1.55%,5686,30Aug2019,7,0
22-08-2019,21280.0,21180.0,21380.0,21150.0,999,0.66%,6034,30Aug2019,8,0
21-08-2019,21140.0,21100.0,21160.0,20980.0,545,0.43%,6308,30Aug2019,9,0
20-08-2019,21050.0,20870.0,21090.0,20860.0,691,0.67%,6418,30Aug2019,10,0
19-08-2019,20910.0,20770.0,21040.0,20720.0,968,0.63%,6527,30Aug2019,11,0
16-08-2019,20780.0,20720.0,20820.0,20660.0,624,0.73%,6546,30Aug2019,14,0
14-08-2019,20630.0,20560.0,20680.0,20500.0,842,0.34%,6577,30Aug2019,16,0
13-08-2019,20560.0,20230.0,20590.0,20230.0,1354,1.53%,6636,30Aug2019,17,0
12-08-2019,20250.0,20260.0,20380.0,20220.0,393,-0.15%,6729,30Aug2019,18,0
09-08-2019,20280.0,20210.0,20380.0,20120.0,807,0.00%,6743,30Aug2019,21,0
08-08-2019,20280.0,19980.0,20380.0,19980.0,1891,1.76%,6812,30Aug2019,22,0
07-08-2019,19930.0,19920.0,20230.0,19760.0,2152,0.05%,6784,30Aug2019,23,0
06-08-2019,19920.0,19720.0,20040.0,19710.0,1722,0.96%,6914,30Aug2019,24,0
05-08-2019,19730.0,19880.0,19900.0,19520.0,3025,-1.89%,7157,30Aug2019,25,0
02-08-2019,20110.0,20490.0,20490.0,20050.0,2016,-2.24%,7684,30Aug2019,28,0
01-08-2019,20570.0,20710.0,20710.0,20550.0,1099,-2.19%,8146,30Aug2019,29,1
31-07-2019,21030.0,20580.0,20620.0,20470.0,831,2.19%,460,31Jul2019,0,0
30-07-2019,20580.0,20900.0,20900.0,20550.0,819,-1.63%,574,31Jul2019,1,0
29-07-2019,20920.0,20850.0,21160.0,20800.0,390,-0.62%,1056,31Jul2019,2,0
26-07-2019,21050.0,21520.0,21520.0,21030.0,1058,-1.96%,1312,31Jul2019,5,0
25-07-2019,21470.0,21470.0,21560.0,21070.0,2047,0.75%,1801,31Jul2019,6,0
24-07-2019,21310.0,21440.0,21510.0,21300.0,1921,-0.61%,2507,31Jul2019,7,0
23-07-2019,21440.0,21300.0,21520.0,21300.0,1190,0.23%,3215,31Jul2019,8,0
22-07-2019,21390.0,21590.0,21590.0,21360.0,1521,-0.47%,3785,31Jul2019,9,0
19-07-2019,21490.0,21650.0,21650.0,21420.0,1336,-0.28%,4490,31Jul2019,12,0
18-07-2019,21550.0,21880.0,21940.0,21500.0,3742,-0.87%,4999,31Jul2019,13,0
17-07-2019,21740.0,21520.0,21830.0,21520.0,1876,0.69%,6015,31Jul2019,14,0
16-07-2019,21590.0,21360.0,21640.0,21340.0,1774,1.22%,6772,31Jul2019,15,0
15-07-2019,21330.0,21280.0,21410.0,21280.0,843,0.47%,7066,31Jul2019,16,0
12-07-2019,21230.0,21220.0,21250.0,21100.0,568,0.33%,7269,31Jul2019,19,0
11-07-2019,21160.0,21250.0,21340.0,21110.0,1029,-0.75%,7358,31Jul2019,20,0
10-07-2019,21320.0,21120.0,21350.0,21100.0,1117,1.23%,7357,31Jul2019,21,0
09-07-2019,21060.0,21160.0,21180.0,20970.0,1805,-0.89%,7586,31Jul2019,22,0
08-07-2019,21250.0,21230.0,21430.0,21130.0,1435,-0.23%,7634,31Jul2019,23,0
05-07-2019,21300.0,21500.0,21540.0,21200.0,1355,-0.79%,7803,31Jul2019,26,0
04-07-2019,21470.0,21500.0,21590.0,21430.0,891,-0.23%,7727,31Jul2019,27,0
03-07-2019,21520.0,21360.0,21550.0,21360.0,928,0.56%,7969,31Jul2019,28,0
02-07-2019,21400.0,21610.0,21700.0,21350.0,1598,-1.20%,8079,31Jul2019,29,0
01-07-2019,21660.0,21760.0,21870.0,21620.0,2654,-0.78%,7892,31Jul2019,30,1
28-06-2019,21830.0,22270.0,22440.0,22100.0,1890,-1.44%,5344,28Jun2019,0,0
27-06-2019,22150.0,22340.0,22390.0,22010.0,1755,-0.76%,6918,28Jun2019,1,0
26-06-2019,22320.0,21940.0,22460.0,21920.0,1358,1.55%,7161,28Jun2019,2,0
25-06-2019,21980.0,21940.0,22150.0,21880.0,1378,-0.18%,7583,28Jun2019,3,0
24-06-2019,22020.0,22050.0,22190.0,22000.0,1161,-0.36%,7792,28Jun2019,4,0
21-06-2019,22100.0,22020.0,22230.0,22000.0,1100,0.00%,8254,28Jun2019,7,0
20-06-2019,22100.0,21950.0,22300.0,21910.0,3650,1.01%,8552,28Jun2019,8,0
19-06-2019,21880.0,21820.0,22040.0,21770.0,1922,-0.05%,9380,28Jun2019,9,0
18-06-2019,21890.0,21630.0,22020.0,21600.0,3670,0.92%,9697,28Jun2019,10,0
17-06-2019,21690.0,21490.0,21710.0,21490.0,2124,0.70%,10431,28Jun2019,11,0
14-06-2019,21540.0,21340.0,21590.0,21340.0,1987,0.19%,10844,28Jun2019,14,0
13-06-2019,21500.0,21450.0,21540.0,21330.0,2297,0.23%,11047,28Jun2019,15,0
12-06-2019,21450.0,21140.0,21490.0,21140.0,2229,1.18%,11110,28Jun2019,16,0
11-06-2019,21200.0,21250.0,21340.0,21180.0,2998,0.09%,11611,28Jun2019,17,0
10-06-2019,21180.0,21260.0,21910.0,21000.0,2349,-0.47%,12104,28Jun2019,18,0
07-06-2019,21280.0,21550.0,21700.0,21230.0,2422,-1.48%,12263,28Jun2019,21,0
06-06-2019,21600.0,21720.0,21860.0,21570.0,2674,-1.32%,12404,28Jun2019,22,0
05-06-2019,21890.0,22000.0,22050.0,21820.0,883,-0.36%,12806,28Jun2019,23,0
04-06-2019,21970.0,21910.0,22050.0,21850.0,1963,0.05%,13047,28Jun2019,24,0
03-06-2019,21960.0,21810.0,22000.0,21640.0,3007,-2.01%,13183,28Jun2019,25,1
31-05-2019,22410.0,21850.0,21890.0,21710.0,636,2.56%,1336,31May2019,0,0
30-05-2019,21850.0,21740.0,21930.0,21600.0,637,0.55%,1714,31May2019,1,0
29-05-2019,21730.0,21870.0,21970.0,21700.0,1330,-0.46%,1919,31May2019,2,0
28-05-2019,21830.0,21920.0,22000.0,21810.0,2129,-0.50%,2226,31May2019,3,0
27-05-2019,21940.0,21590.0,22180.0,21420.0,4500,1.86%,3171,31May2019,4,0
24-05-2019,21540.0,21300.0,21580.0,21240.0,2331,0.94%,4648,31May2019,7,0
23-05-2019,21340.0,21110.0,21350.0,21090.0,1692,1.04%,5618,31May2019,8,0
22-05-2019,21120.0,21200.0,21290.0,21060.0,2417,-0.61%,6216,31May2019,9,0
21-05-2019,21250.0,21400.0,21540.0,21200.0,3468,-0.28%,6929,31May2019,10,0
20-05-2019,21310.0,21270.0,21350.0,21130.0,2451,0.19%,8359,31May2019,11,0
17-05-2019,21270.0,21060.0,21300.0,21000.0,2851,0.71%,9353,31May2019,14,0
16-05-2019,21120.0,20990.0,21190.0,20980.0,3264,0.67%,10158,31May2019,15,0
15-05-2019,20980.0,21050.0,21050.0,20740.0,3750,0.48%,11098,31May2019,16,0
14-05-2019,20880.0,20520.0,20950.0,19950.0,7559,0.48%,11846,31May2019,17,0
13-05-2019,20780.0,21320.0,21420.0,20780.0,4241,-3.97%,13134,31May2019,18,0
10-05-2019,21640.0,21610.0,21900.0,21500.0,3328,0.37%,12939,31May2019,21,0
09-05-2019,21560.0,21760.0,21840.0,21520.0,4319,-1.06%,13260,31May2019,22,0
08-05-2019,21790.0,21980.0,21980.0,21760.0,4202,-0.68%,13358,31May2019,23,0
07-05-2019,21940.0,22010.0,22110.0,21900.0,3370,0.27%,14319,31May2019,24,0
06-05-2019,21880.0,22190.0,22190.0,21840.0,4624,-1.88%,14814,31May2019,25,0
03-05-2019,22300.0,22300.0,22330.0,22200.0,2858,-0.04%,15655,31May2019,28,0
02-05-2019,22310.0,22400.0,22470.0,22270.0,3175,-0.13%,15995,31May2019,29,0
01-05-2019,22340.0,22400.0,22440.0,22320.0,1734,-0.13%,16005,31May2019,30,1
30-04-2019,22370.0,22140.0,22400.0,22080.0,1258,0.81%,1248,30Apr2019,0,0
26-04-2019,22190.0,22160.0,22220.0,22120.0,1480,0.41%,1718,30Apr2019,4,0
25-04-2019,22100.0,22020.0,22150.0,22000.0,2350,0.36%,2425,30Apr2019,5,0
24-04-2019,22020.0,21970.0,22110.0,21900.0,3339,0.05%,3354,30Apr2019,6,0
23-04-2019,22010.0,22170.0,22190.0,21910.0,5214,-0.63%,5239,30Apr2019,7,0
22-04-2019,22150.0,22180.0,22260.0,22110.0,5006,0.00%,6954,30Apr2019,8,0
18-04-2019,22150.0,22270.0,22320.0,22140.0,2956,-0.67%,9041,30Apr2019,12,0
17-04-2019,22300.0,22290.0,22330.0,22160.0,1097,0.36%,9898,30Apr2019,13,0
16-04-2019,22220.0,22130.0,22260.0,22060.0,2773,0.63%,10171,30Apr2019,14,0
15-04-2019,22080.0,22320.0,22430.0,22030.0,4413,-0.81%,11267,30Apr2019,15,0
12-04-2019,22260.0,21960.0,22310.0,21920.0,4376,1.27%,12523,30Apr2019,18,0
11-04-2019,21980.0,21980.0,22080.0,21890.0,3954,0.14%,13338,30Apr2019,19,0
10-04-2019,21950.0,22160.0,22210.0,21920.0,4346,-0.77%,13502,30Apr2019,20,0
09-04-2019,22120.0,22280.0,22350.0,22100.0,4366,-0.54%,14127,30Apr2019,21,0
08-04-2019,22240.0,22420.0,22540.0,22120.0,5567,-0.45%,14990,30Apr2019,22,0
05-04-2019,22340.0,22200.0,22370.0,22120.0,5654,0.95%,15393,30Apr2019,25,0
04-04-2019,22130.0,21910.0,22150.0,21910.0,4002,1.05%,15823,30Apr2019,26,0
03-04-2019,21900.0,21820.0,21980.0,21810.0,4142,0.74%,15755,30Apr2019,27,0
02-04-2019,21740.0,21750.0,21840.0,21660.0,4283,-0.23%,15754,30Apr2019,28,0
01-04-2019,21790.0,21520.0,21840.0,21520.0,3817,0.88%,15685,30Apr2019,29,1
29-03-2019,21600.0,21010.0,21100.0,20890.0,893,2.76%,1444,29Mar2019,0,0
28-03-2019,21020.0,21200.0,21250.0,20940.0,1047,-1.22%,1514,29Mar2019,1,0
27-03-2019,21280.0,21350.0,21390.0,21250.0,1284,-0.28%,1793,29Mar2019,2,0
26-03-2019,21340.0,21340.0,21480.0,21300.0,2400,0.23%,2322,29Mar2019,3,0
25-03-2019,21290.0,21420.0,21460.0,21230.0,4664,-0.33%,3235,29Mar2019,4,0
22-03-2019,21360.0,21420.0,21500.0,21340.0,2923,0.33%,5482,29Mar2019,7,0
21-03-2019,21290.0,21270.0,21330.0,21240.0,378,0.42%,6788,29Mar2019,8,0
20-03-2019,21200.0,21150.0,21260.0,21140.0,1817,0.14%,6782,29Mar2019,9,0
19-03-2019,21170.0,21300.0,21340.0,21130.0,3721,-0.56%,7314,29Mar2019,10,0
18-03-2019,21290.0,21210.0,21470.0,21210.0,5685,0.57%,8011,29Mar2019,11,0
15-03-2019,21170.0,21030.0,21180.0,20990.0,1694,0.71%,9044,29Mar2019,14,0
14-03-2019,21020.0,21230.0,21250.0,20950.0,4709,-0.94%,9390,29Mar2019,15,0
13-03-2019,21220.0,21030.0,21250.0,21030.0,4269,1.00%,9876,29Mar2019,16,0
12-03-2019,21010.0,20890.0,21050.0,20790.0,4167,0.33%,10522,29Mar2019,17,0
11-03-2019,20940.0,20710.0,20990.0,20710.0,5540,1.11%,11049,29Mar2019,18,0
08-03-2019,20710.0,20810.0,20850.0,20680.0,2629,-0.48%,12648,29Mar2019,21,0
07-03-2019,20810.0,20930.0,21300.0,20790.0,3226,-0.76%,12804,29Mar2019,22,0
06-03-2019,20970.0,20890.0,20990.0,20850.0,2747,0.77%,12961,29Mar2019,23,0
05-03-2019,20810.0,20780.0,20850.0,20720.0,2175,-0.10%,12962,29Mar2019,24,0
04-03-2019,20830.0,20720.0,20870.0,20710.0,1772,1.02%,13014,29Mar2019,25,0
01-03-2019,20620.0,20450.0,20650.0,20450.0,2454,2.13%,13082,29Mar2019,28,1
28-02-2019,20190.0,20220.0,20230.0,20050.0,906,0.10%,1652,28Feb2019,0,0
27-02-2019,20170.0,20200.0,20220.0,20100.0,982,0.00%,1622,28Feb2019,1,0
26-02-2019,20170.0,20230.0,20300.0,20140.0,914,-0.69%,1764,28Feb2019,2,0
25-02-2019,20310.0,20230.0,20350.0,20170.0,2193,0.64%,2097,28Feb2019,3,0
22-02-2019,20180.0,20290.0,20600.0,20160.0,5500,-0.25%,3136,28Feb2019,6,0
21-02-2019,20230.0,20030.0,20260.0,19970.0,2922,0.75%,4998,28Feb2019,7,0
20-02-2019,20080.0,20120.0,20170.0,20050.0,2396,-0.15%,6355,28Feb2019,8,0
19-02-2019,20110.0,20210.0,20300.0,20060.0,2748,0.30%,7330,28Feb2019,9,0
18-02-2019,20050.0,20260.0,20260.0,19980.0,1978,-0.40%,7807,28Feb2019,10,0
15-02-2019,20130.0,20200.0,20280.0,20090.0,1650,-0.15%,8484,28Feb2019,13,0
14-02-2019,20160.0,20200.0,20300.0,20130.0,2393,0.05%,8829,28Feb2019,14,0
13-02-2019,20150.0,20200.0,20220.0,20070.0,2663,-0.54%,9517,28Feb2019,15,0
12-02-2019,20260.0,20400.0,20430.0,20210.0,2876,-1.22%,9685,28Feb2019,16,0
11-02-2019,20510.0,20540.0,20740.0,20480.0,2136,-0.34%,9760,28Feb2019,17,0
08-02-2019,20580.0,20640.0,20640.0,20500.0,1486,-0.48%,10100,28Feb2019,20,0
07-02-2019,20680.0,20640.0,20750.0,20640.0,1063,-0.19%,10123,28Feb2019,21,0
06-02-2019,20720.0,20570.0,20750.0,20570.0,2496,0.83%,10104,28Feb2019,22,0
05-02-2019,20550.0,20590.0,20650.0,20540.0,1383,-0.15%,10631,28Feb2019,23,0
04-02-2019,20580.0,20860.0,20860.0,20540.0,2616,-1.53%,10667,28Feb2019,24,0
01-02-2019,20900.0,20960.0,20960.0,20830.0,1006,0.53%,10395,28Feb2019,27,1
31-01-2019,20790.0,20700.0,20730.0,20520.0,808,0.53%,1540,31Jan2019,0,0
30-01-2019,20680.0,20690.0,20740.0,20580.0,820,0.19%,1511,31Jan2019,1,0
29-01-2019,20640.0,20510.0,20660.0,20510.0,1013,0.49%,1609,31Jan2019,2,0
28-01-2019,20540.0,20600.0,20680.0,20480.0,1067,-0.29%,1859,31Jan2019,3,0
25-01-2019,20600.0,20620.0,20700.0,20530.0,1876,-0.10%,2164,31Jan2019,6,0
24-01-2019,20620.0,20710.0,20770.0,20600.0,2988,-0.29%,2735,31Jan2019,7,0
23-01-2019,20680.0,20760.0,20820.0,20660.0,2522,-0.48%,3704,31Jan2019,8,0
22-01-2019,20780.0,21000.0,21000.0,20760.0,2179,-0.81%,4905,31Jan2019,9,0
21-01-2019,20950.0,20940.0,20990.0,20880.0,2172,0.14%,5790,31Jan2019,10,0
18-01-2019,20920.0,20940.0,21010.0,20880.0,2290,0.14%,6343,31Jan2019,13,0
17-01-2019,20890.0,20990.0,21030.0,20860.0,2020,-0.24%,7021,31Jan2019,14,0
16-01-2019,20940.0,20710.0,20960.0,20700.0,1454,0.96%,7194,31Jan2019,15,0
15-01-2019,20740.0,20720.0,20860.0,20700.0,1466,0.00%,7431,31Jan2019,16,0
14-01-2019,20740.0,20680.0,20800.0,20510.0,2251,0.29%,7354,31Jan2019,17,0
11-01-2019,20680.0,20770.0,20840.0,20650.0,1391,-0.34%,7776,31Jan2019,20,0
10-01-2019,20750.0,20940.0,21090.0,20720.0,1697,-0.81%,7982,31Jan2019,21,0
09-01-2019,20920.0,20950.0,20950.0,20730.0,2511,0.14%,8090,31Jan2019,22,0
08-01-2019,20890.0,20940.0,21000.0,20810.0,1583,-0.24%,8204,31Jan2019,23,0
07-01-2019,20940.0,21200.0,21280.0,20880.0,2087,-0.62%,8281,31Jan2019,24,0
04-01-2019,21070.0,21000.0,21120.0,21000.0,1119,0.19%,8274,31Jan2019,27,0
03-01-2019,21030.0,20890.0,21130.0,20870.0,1855,0.29%,8277,31Jan2019,28,0
02-01-2019,20970.0,21080.0,21150.0,20950.0,2020,-0.62%,8147,31Jan2019,29,0
01-01-2019,21100.0,21040.0,21150.0,21030.0,827,1.01%,8066,31Jan2019,30,1
31-12-2018,20890.0,20750.0,20870.0,20740.0,510,0.97%,976,31Dec2018,0,0
28-12-2018,20690.0,20640.0,20710.0,20560.0,757,0.39%,937,31Dec2018,3,0
27-12-2018,20610.0,20730.0,20910.0,20590.0,814,-0.15%,1049,31Dec2018,4,0
26-12-2018,20640.0,20570.0,20700.0,20420.0,1731,0.05%,1060,31Dec2018,5,0
24-12-2018,20630.0,20880.0,20880.0,20300.0,3239,-0.67%,1670,31Dec2018,7,0
21-12-2018,20770.0,21020.0,21230.0,20740.0,3560,-2.35%,2935,31Dec2018,10,0
20-12-2018,21270.0,21450.0,21510.0,21220.0,1954,-1.25%,4006,31Dec2018,11,0
19-12-2018,21540.0,21410.0,21630.0,21410.0,1101,-0.09%,4253,31Dec2018,12,0
18-12-2018,21560.0,21650.0,21710.0,21520.0,2167,-0.83%,4260,31Dec2018,13,0
17-12-2018,21740.0,21880.0,21990.0,21700.0,2853,-0.69%,4361,31Dec2018,14,0
14-12-2018,21890.0,21800.0,21980.0,21750.0,1884,0.32%,4926,31Dec2018,17,0
13-12-2018,21820.0,22030.0,22110.0,21800.0,2328,-1.13%,4974,31Dec2018,18,0
12-12-2018,22070.0,22180.0,22200.0,22050.0,1563,-0.68%,5143,31Dec2018,19,0
11-12-2018,22220.0,22210.0,22300.0,22070.0,1802,0.18%,5244,31Dec2018,20,0
10-12-2018,22180.0,21950.0,22240.0,21950.0,2873,1.23%,5537,31Dec2018,21,0
07-12-2018,21910.0,21730.0,21990.0,21650.0,1231,0.55%,5651,31Dec2018,24,0
06-12-2018,21790.0,21940.0,22030.0,21760.0,2080,-0.82%,5587,31Dec2018,25,0
05-12-2018,21970.0,21910.0,22000.0,21840.0,1307,0.32%,5798,31Dec2018,26,0
04-12-2018,21900.0,21950.0,21990.0,21800.0,1964,-0.68%,5899,31Dec2018,27,0
03-12-2018,22050.0,21560.0,22080.0,21560.0,3842,3.09%,5928,31Dec2018,28,1
30-11-2018,21390.0,21220.0,21340.0,21200.0,166,0.23%,324,30Nov2018,0,0
29-11-2018,21340.0,21410.0,21470.0,21260.0,114,-0.47%,302,30Nov2018,1,0
28-11-2018,21440.0,21540.0,21540.0,21300.0,454,-0.42%,311,30Nov2018,2,0
27-11-2018,21530.0,21530.0,21720.0,21460.0,940,-0.14%,334,30Nov2018,3,0
26-11-2018,21560.0,21600.0,21660.0,21410.0,1579,-0.87%,841,30Nov2018,4,0
23-11-2018,21750.0,21900.0,21900.0,21740.0,404,-0.68%,1519,30Nov2018,7,0
22-11-2018,21900.0,22130.0,22200.0,21840.0,527,-0.45%,1708,30Nov2018,8,0
21-11-2018,22000.0,21760.0,22070.0,21730.0,814,0.73%,1779,30Nov2018,9,0
20-11-2018,21840.0,22000.0,22200.0,21820.0,1845,-0.91%,1869,30Nov2018,10,0
19-11-2018,22040.0,22380.0,22420.0,22000.0,2015,-1.56%,2451,30Nov2018,11,0
16-11-2018,22390.0,22410.0,22520.0,22300.0,1240,-0.13%,3007,30Nov2018,14,0
15-11-2018,22420.0,22420.0,22460.0,22380.0,1021,0.04%,3220,30Nov2018,15,0
14-11-2018,22410.0,22330.0,22430.0,22260.0,1387,0.31%,3208,30Nov2018,16,0
13-11-2018,22340.0,22370.0,22440.0,22280.0,1149,-0.22%,3323,30Nov2018,17,0
12-11-2018,22390.0,22420.0,22610.0,22310.0,1987,0.36%,3546,30Nov2018,18,0
09-11-2018,22310.0,22400.0,22540.0,22280.0,1672,-0.45%,3808,30Nov2018,21,0
08-11-2018,22410.0,22350.0,22430.0,22320.0,307,0.49%,3658,30Nov2018,22,0
07-11-2018,22300.0,22220.0,22360.0,22220.0,471,0.36%,3669,30Nov2018,23,0
06-11-2018,22220.0,22360.0,22480.0,22190.0,1497,-0.54%,3656,30Nov2018,24,0
05-11-2018,22340.0,22370.0,22440.0,22250.0,1195,-0.13%,3840,30Nov2018,25,0
02-11-2018,22370.0,22540.0,22620.0,22340.0,1896,-0.80%,3839,30Nov2018,28,0
01-11-2018,22550.0,22200.0,22640.0,22140.0,2259,0.04%,4023,30Nov2018,29,1
31-10-2018,22540.0,22740.0,22740.0,21920.0,122,-0.13%,52,31Oct2018,0,0
30-10-2018,22570.0,22800.0,22850.0,22460.0,213,-0.79%,69,31Oct2018,1,0
29-10-2018,22750.0,23160.0,23190.0,22710.0,579,-1.69%,212,31Oct2018,2,0
26-10-2018,23140.0,23170.0,23260.0,23100.0,536,0.43%,572,31Oct2018,5,0
25-10-2018,23040.0,23020.0,23080.0,22950.0,671,-0.43%,810,31Oct2018,6,0
24-10-2018,23140.0,22930.0,23280.0,22930.0,595,0.70%,1214,31Oct2018,7,0
23-10-2018,22980.0,23200.0,23250.0,22960.0,993,-0.73%,1426,31Oct2018,8,0
22-10-2018,23150.0,22840.0,23240.0,22840.0,815,1.62%,1905,31Oct2018,9,0
19-10-2018,22780.0,22720.0,22920.0,22720.0,429,0.09%,2203,31Oct2018,12,0
18-10-2018,22760.0,22030.0,22790.0,22030.0,291,0.84%,2217,31Oct2018,13,0
17-10-2018,22570.0,22800.0,22820.0,22530.0,700,-1.18%,2230,31Oct2018,14,0
16-10-2018,22840.0,22950.0,22980.0,22800.0,667,-0.65%,2380,31Oct2018,15,0
15-10-2018,22990.0,23300.0,23300.0,22870.0,1319,0.48%,2455,31Oct2018,16,0
12-10-2018,22880.0,22400.0,22960.0,22390.0,1662,2.28%,2599,31Oct2018,19,0
11-10-2018,22370.0,22300.0,22410.0,22280.0,467,0.09%,2737,31Oct2018,20,0
10-10-2018,22350.0,22260.0,22390.0,22240.0,565,0.22%,2773,31Oct2018,21,0
09-10-2018,22300.0,22360.0,22460.0,22280.0,939,0.18%,2759,31Oct2018,22,0
08-10-2018,22260.0,22300.0,22360.0,22220.0,902,0.36%,2932,31Oct2018,23,0
05-10-2018,22180.0,21920.0,22260.0,21910.0,682,1.05%,2861,31Oct2018,26,0
04-10-2018,21950.0,22160.0,22180.0,21810.0,688,-0.45%,2843,31Oct2018,27,0
03-10-2018,22050.0,21980.0,22100.0,21940.0,1043,0.55%,2946,31Oct2018,28,0
01-10-2018,21930.0,21800.0,21950.0,21690.0,1045,0.41%,3113,31Oct2018,30,0
28-09-2018,21840.0,21960.0,22020.0,21770.0,834,-0.68%,3224,31Oct2018,33,0
27-09-2018,21990.0,22240.0,22240.0,21960.0,703,-1.04%,3377,31Oct2018,34,0
26-09-2018,22220.0,22330.0,22380.0,22180.0,791,-0.31%,3345,31Oct2018,35,0
25-09-2018,22290.0,22330.0,22380.0,22120.0,780,-0.22%,3294,31Oct2018,36,0
24-09-2018,22340.0,22420.0,22550.0,22320.0,792,0.13%,3243,31Oct2018,37,0
21-09-2018,22310.0,22310.0,22340.0,22200.0,807,0.18%,3285,31Oct2018,40,0
20-09-2018,22270.0,22450.0,22450.0,22240.0,418,-0.40%,3422,31Oct2018,41,0
19-09-2018,22360.0,22400.0,22520.0,22320.0,1130,-0.36%,3395,31Oct2018,42,0
18-09-2018,22440.0,22580.0,22580.0,22420.0,1226,-0.62%,3453,31Oct2018,43,0
17-09-2018,22580.0,22700.0,22750.0,22550.0,1398,-0.79%,3548,31Oct2018,44,0
14-09-2018,22760.0,22750.0,22820.0,22700.0,827,-0.18%,3703,31Oct2018,47,0
13-09-2018,22800.0,22860.0,22930.0,22770.0,690,-0.91%,3708,31Oct2018,48,0
12-09-2018,23010.0,23040.0,23100.0,22990.0,515,-0.09%,3802,31Oct2018,49,0
11-09-2018,23030.0,23150.0,23240.0,22970.0,1576,-0.60%,3779,31Oct2018,50,0
10-09-2018,23170.0,23040.0,23190.0,22950.0,1072,1.00%,3828,31Oct2018,51,0
07-09-2018,22940.0,22750.0,22990.0,22660.0,1220,0.66%,3760,31Oct2018,54,0
06-09-2018,22790.0,22850.0,22910.0,22770.0,501,-0.26%,3882,31Oct2018,55,0
05-09-2018,22850.0,22740.0,22950.0,22740.0,1102,0.66%,3889,31Oct2018,56,0
04-09-2018,22700.0,22800.0,22900.0,22650.0,1166,-0.31%,3760,31Oct2018,57,0
03-09-2018,22770.0,22870.0,22870.0,22680.0,682,-0.39%,3643,31Oct2018,58,0
31-08-2018,22860.0,22970.0,22970.0,22800.0,653,-0.26%,3627,31Oct2018,61,0
30-08-2018,22920.0,22990.0,23030.0,22840.0,1432,-0.30%,3651,31Oct2018,62,0
29-08-2018,22990.0,23170.0,23250.0,22930.0,1343,-0.86%,3793,31Oct2018,63,0
28-08-2018,23190.0,23010.0,23260.0,22990.0,1233,0.69%,3853,31Oct2018,64,0
27-08-2018,23030.0,23280.0,23290.0,22910.0,1671,-1.03%,4040,31Oct2018,65,0
24-08-2018,23270.0,23300.0,23350.0,23190.0,1222,0.13%,4137,31Oct2018,68,0
23-08-2018,23240.0,23300.0,23350.0,23220.0,785,-0.43%,3970,31Oct2018,69,0
22-08-2018,23340.0,23450.0,23460.0,23280.0,464,-0.60%,3923,31Oct2018,70,0
21-08-2018,23480.0,23460.0,23590.0,23430.0,1047,0.17%,3861,31Oct2018,71,0
20-08-2018,23440.0,23400.0,23500.0,23310.0,1254,0.60%,3879,31Oct2018,72,0
17-08-2018,23300.0,23460.0,23460.0,23180.0,1389,-0.98%,3862,31Oct2018,75,0
16-08-2018,23530.0,23650.0,23650.0,23340.0,1978,-0.88%,4013,31Oct2018,76,0
14-08-2018,23740.0,23730.0,23830.0,23580.0,1547,-0.13%,3865,31Oct2018,78,0
13-08-2018,23770.0,24040.0,24100.0,23730.0,1887,-1.70%,3884,31Oct2018,79,0
10-08-2018,24180.0,23970.0,24280.0,23940.0,1384,0.88%,4072,31Oct2018,82,0
09-08-2018,23970.0,23900.0,24030.0,23850.0,642,0.04%,3994,31Oct2018,83,0
08-08-2018,23960.0,23970.0,24030.0,23930.0,607,-0.13%,4034,31Oct2018,84,0
07-08-2018,23990.0,24000.0,24150.0,23920.0,1188,0.25%,4032,31Oct2018,85,0
06-08-2018,23930.0,23850.0,23950.0,23700.0,1265,0.67%,3978,31Oct2018,86,0
03-08-2018,23770.0,24000.0,24110.0,23750.0,1566,-0.92%,4128,31Oct2018,89,0
02-08-2018,23990.0,23960.0,24050.0,23930.0,909,-0.42%,4014,31Oct2018,90,0
01-08-2018,24090.0,24060.0,24200.0,23900.0,1051,3.88%,3943,31Oct2018,91,1
31-07-2018,23190.0,22550.0,22550.0,22050.0,529,2.70%,1156,31Jul2018,0,0
30-07-2018,22580.0,22240.0,22600.0,22210.0,997,1.21%,1280,31Jul2018,1,0
27-07-2018,22310.0,22390.0,22430.0,22210.0,616,-0.31%,1956,31Jul2018,4,0
26-07-2018,22380.0,22280.0,22400.0,22230.0,744,0.49%,2343,31Jul2018,5,0
25-07-2018,22270.0,22310.0,22340.0,22150.0,1334,0.63%,2791,31Jul2018,6,0
24-07-2018,22130.0,22000.0,22300.0,21970.0,1318,0.32%,3040,31Jul2018,7,0
23-07-2018,22060.0,22200.0,22220.0,22000.0,1206,-0.99%,3460,31Jul2018,8,0
20-07-2018,22280.0,22440.0,22440.0,22130.0,1625,-0.67%,3891,31Jul2018,11,0
19-07-2018,22430.0,22650.0,22680.0,22360.0,1359,-0.97%,4373,31Jul2018,12,0
18-07-2018,22650.0,22550.0,22760.0,22490.0,1157,0.31%,4923,31Jul2018,13,0
17-07-2018,22580.0,22470.0,22610.0,22340.0,1751,0.18%,5338,31Jul2018,14,0
16-07-2018,22540.0,22960.0,22970.0,22510.0,1134,-1.57%,5777,31Jul2018,15,0
13-07-2018,22900.0,22900.0,23040.0,22820.0,1385,0.62%,5979,31Jul2018,18,0
12-07-2018,22760.0,22620.0,22900.0,22610.0,1690,0.22%,6149,31Jul2018,19,0
11-07-2018,22710.0,22670.0,22730.0,22510.0,1344,-0.09%,6460,31Jul2018,20,0
10-07-2018,22730.0,22720.0,22770.0,22610.0,1420,0.00%,6799,31Jul2018,21,0
09-07-2018,22730.0,22340.0,22790.0,22340.0,2056,0.84%,7246,31Jul2018,22,0
06-07-2018,22540.0,22350.0,22560.0,22310.0,1076,0.54%,7881,31Jul2018,25,0
05-07-2018,22420.0,22400.0,22600.0,22360.0,1712,-0.18%,7867,31Jul2018,26,0
04-07-2018,22460.0,22250.0,22530.0,22250.0,1311,0.81%,7536,31Jul2018,27,0
03-07-2018,22280.0,22340.0,22380.0,22180.0,881,-0.36%,7654,31Jul2018,28,0
02-07-2018,22360.0,22280.0,22500.0,22280.0,1271,-1.19%,7635,31Jul2018,29,1
29-06-2018,22630.0,21920.0,21980.0,21810.0,541,3.29%,588,29Jun2018,0,0
28-06-2018,21910.0,21950.0,22060.0,21880.0,550,-0.18%,811,29Jun2018,1,0
27-06-2018,21950.0,21920.0,22000.0,21810.0,583,0.27%,1072,29Jun2018,2,0
26-06-2018,21890.0,21840.0,22020.0,21720.0,895,-0.64%,1334,29Jun2018,3,0
25-06-2018,22030.0,22160.0,22400.0,21980.0,1783,-0.14%,1784,29Jun2018,4,0
22-06-2018,22060.0,21890.0,22080.0,21850.0,1338,0.50%,2663,29Jun2018,7,0
21-06-2018,21950.0,22050.0,22200.0,21770.0,1956,-0.68%,3333,29Jun2018,8,0
20-06-2018,22100.0,21880.0,22250.0,21880.0,2042,1.24%,4010,29Jun2018,9,0
19-06-2018,21830.0,22470.0,22470.0,21790.0,2761,-2.50%,4636,29Jun2018,10,0
18-06-2018,22390.0,22730.0,22770.0,22290.0,2589,-2.31%,5340,29Jun2018,11,0
15-06-2018,22920.0,22960.0,23130.0,22900.0,1650,-0.87%,5900,29Jun2018,14,0
14-06-2018,23120.0,23140.0,23270.0,22930.0,3261,0.52%,6026,29Jun2018,15,0
13-06-2018,23000.0,23240.0,23250.0,22870.0,2357,-0.17%,6388,29Jun2018,16,0
12-06-2018,23040.0,22930.0,23080.0,22830.0,1708,0.39%,6599,29Jun2018,17,0
11-06-2018,22950.0,23150.0,23320.0,22810.0,2867,-0.78%,6823,29Jun2018,18,0
08-06-2018,23130.0,22900.0,23150.0,22740.0,2855,1.85%,6937,29Jun2018,21,0
07-06-2018,22710.0,22390.0,22900.0,22370.0,1733,1.16%,6886,29Jun2018,22,0
06-06-2018,22450.0,22130.0,22500.0,21930.0,2388,1.04%,6839,29Jun2018,23,0
05-06-2018,22220.0,22250.0,22340.0,22100.0,2352,-1.02%,6962,29Jun2018,24,0
04-06-2018,22450.0,22460.0,22620.0,22380.0,2187,0.40%,7228,29Jun2018,25,0
01-06-2018,22360.0,22010.0,22560.0,21960.0,3148,4.68%,7343,29Jun2018,28,1
31-05-2018,21360.0,21710.0,21800.0,21550.0,322,-2.29%,596,31May2018,0,0
30-05-2018,21860.0,22250.0,22250.0,21500.0,391,-0.77%,481,31May2018,1,0
29-05-2018,22030.0,21300.0,22060.0,21300.0,1099,3.82%,589,31May2018,2,0
28-05-2018,21220.0,21190.0,21290.0,21060.0,1253,0.47%,894,31May2018,3,0
25-05-2018,21120.0,21050.0,21180.0,21020.0,2034,0.48%,1488,31May2018,6,0
24-05-2018,21020.0,20860.0,21050.0,20840.0,1270,0.48%,2381,31May2018,7,0
23-05-2018,20920.0,20710.0,20940.0,20710.0,1073,0.72%,2890,31May2018,8,0
22-05-2018,20770.0,21090.0,21110.0,20680.0,1955,-1.24%,3480,31May2018,9,0
21-05-2018,21030.0,21020.0,21200.0,20960.0,2848,0.62%,4086,31May2018,10,0
18-05-2018,20900.0,20750.0,20940.0,20740.0,3369,0.92%,5376,31May2018,13,0
17-05-2018,20710.0,20770.0,20770.0,20620.0,1292,-0.05%,6609,31May2018,14,0
16-05-2018,20720.0,20700.0,20840.0,20660.0,1945,0.48%,6820,31May2018,15,0
15-05-2018,20620.0,20470.0,20640.0,20350.0,1590,0.59%,7297,31May2018,16,0
14-05-2018,20500.0,20630.0,20650.0,20350.0,1756,-0.58%,7956,31May2018,17,0
11-05-2018,20620.0,20660.0,20720.0,20600.0,1123,-0.39%,8299,31May2018,20,0
10-05-2018,20700.0,20790.0,20820.0,20680.0,1434,-0.43%,8431,31May2018,21,0
09-05-2018,20790.0,20750.0,20840.0,20740.0,597,0.00%,8645,31May2018,22,0
08-05-2018,20790.0,20900.0,20900.0,20760.0,968,-0.62%,8695,31May2018,23,0
07-05-2018,20920.0,20900.0,21040.0,20860.0,1442,0.82%,8708,31May2018,24,0
04-05-2018,20750.0,20780.0,20800.0,20720.0,537,0.00%,8711,31May2018,27,0
03-05-2018,20750.0,20870.0,20890.0,20720.0,1108,-0.48%,8721,31May2018,28,0
02-05-2018,20850.0,20810.0,20920.0,20710.0,1291,0.29%,8731,31May2018,29,0
01-05-2018,20790.0,20510.0,20860.0,20510.0,384,3.48%,8856,31May2018,30,1
30-04-2018,20090.0,20580.0,20580.0,20350.0,576,-2.33%,648,30Apr2018,0,0
27-04-2018,20570.0,20540.0,20590.0,20510.0,413,-0.10%,752,30Apr2018,3,0
26-04-2018,20590.0,20600.0,20670.0,20500.0,1040,-0.05%,866,30Apr2018,4,0
25-04-2018,20600.0,20460.0,20630.0,20360.0,2209,0.39%,1346,30Apr2018,5,0
24-04-2018,20520.0,20770.0,20780.0,20500.0,1873,-1.58%,2321,30Apr2018,6,0
23-04-2018,20850.0,20850.0,20950.0,20820.0,1776,0.19%,3265,30Apr2018,7,0
20-04-2018,20810.0,20650.0,20890.0,20610.0,1792,0.87%,4026,30Apr2018,10,0
19-04-2018,20630.0,20630.0,20640.0,20550.0,1091,-0.10%,4461,30Apr2018,11,0
18-04-2018,20650.0,20770.0,20830.0,20500.0,2188,-0.39%,4894,30Apr2018,12,0
17-04-2018,20730.0,20910.0,20940.0,20720.0,1686,-0.86%,5698,30Apr2018,13,0
16-04-2018,20910.0,20840.0,20980.0,20820.0,1979,0.19%,6306,30Apr2018,14,0
13-04-2018,20870.0,20840.0,20940.0,20780.0,1235,0.43%,7145,30Apr2018,17,0
12-04-2018,20780.0,20770.0,20890.0,20750.0,2051,0.05%,7304,30Apr2018,18,0
11-04-2018,20770.0,20730.0,20800.0,20670.0,1485,0.19%,7361,30Apr2018,19,0
10-04-2018,20730.0,20670.0,20790.0,20590.0,1444,0.34%,7574,30Apr2018,20,0
09-04-2018,20660.0,20660.0,20680.0,20530.0,899,0.19%,7494,30Apr2018,21,0
06-04-2018,20620.0,20580.0,20680.0,20500.0,1756,0.63%,7517,30Apr2018,24,0
05-04-2018,20490.0,20330.0,20520.0,20310.0,1668,0.79%,7631,30Apr2018,25,0
04-04-2018,20330.0,20640.0,20680.0,20150.0,4198,-1.36%,7678,30Apr2018,26,0
03-04-2018,20610.0,20710.0,20710.0,20530.0,1152,-0.05%,7820,30Apr2018,27,0
02-04-2018,20620.0,20500.0,20700.0,20500.0,1979,5.53%,7784,30Apr2018,28,1
28-03-2018,19540.0,20200.0,20340.0,20100.0,745,-3.32%,519,30Mar2018,2,0
27-03-2018,20210.0,20140.0,20290.0,20090.0,1804,0.55%,926,30Mar2018,3,0
26-03-2018,20100.0,19980.0,20120.0,19930.0,2210,0.50%,1427,30Mar2018,4,0
23-03-2018,20000.0,20130.0,20190.0,19990.0,1834,-0.79%,2306,30Mar2018,7,0
22-03-2018,20160.0,20260.0,20300.0,20130.0,1591,-0.88%,3085,30Mar2018,8,0
21-03-2018,20340.0,20250.0,20380.0,20190.0,2081,0.99%,3797,30Mar2018,9,0
20-03-2018,20140.0,19950.0,20270.0,19850.0,3345,0.60%,4427,30Mar2018,10,0
19-03-2018,20020.0,20290.0,20360.0,19970.0,3710,-1.57%,5339,30Mar2018,11,0
16-03-2018,20340.0,20420.0,20520.0,20310.0,2264,-0.44%,6200,30Mar2018,14,0
15-03-2018,20430.0,20550.0,20610.0,20400.0,2329,-0.39%,6629,30Mar2018,15,0
14-03-2018,20510.0,20680.0,20740.0,20480.0,3283,-0.73%,7091,30Mar2018,16,0
13-03-2018,20660.0,20610.0,20740.0,20520.0,2262,0.10%,7701,30Mar2018,17,0
12-03-2018,20640.0,20920.0,20990.0,20600.0,2370,-1.43%,7631,30Mar2018,18,0
09-03-2018,20940.0,20910.0,21030.0,20880.0,2228,-0.10%,7480,30Mar2018,21,0
08-03-2018,20960.0,20750.0,20990.0,20750.0,2655,1.21%,7476,30Mar2018,22,0
07-03-2018,20710.0,20700.0,20820.0,20620.0,3347,-0.67%,7451,30Mar2018,23,0
06-03-2018,20850.0,21240.0,21280.0,20740.0,4958,-0.05%,7420,30Mar2018,24,0
05-03-2018,20860.0,20690.0,20950.0,20660.0,2556,1.16%,7535,30Mar2018,25,0
02-03-2018,20620.0,20620.0,20750.0,20600.0,592,0.19%,7374,30Mar2018,28,0
01-03-2018,20580.0,20630.0,20840.0,20530.0,3523,4.20%,7255,30Mar2018,29,1
28-02-2018,19750.0,20220.0,20600.0,20180.0,732,-2.08%,1177,28Feb2018,0,0
27-02-2018,20170.0,20240.0,20290.0,20110.0,837,-0.30%,1283,28Feb2018,1,0
26-02-2018,20230.0,20100.0,20350.0,20090.0,1843,1.15%,1286,28Feb2018,2,0
23-02-2018,20000.0,20050.0,20060.0,19860.0,2078,-0.15%,1678,28Feb2018,5,0
22-02-2018,20030.0,20070.0,20140.0,20010.0,2435,0.10%,2127,28Feb2018,6,0
21-02-2018,20010.0,19990.0,20210.0,19930.0,3726,0.55%,2926,28Feb2018,7,0
20-02-2018,19900.0,19500.0,20000.0,19460.0,3917,2.37%,4011,28Feb2018,8,0
19-02-2018,19440.0,19550.0,19590.0,19400.0,2941,-0.36%,5572,28Feb2018,9,0
16-02-2018,19510.0,19540.0,19640.0,19410.0,2192,-0.26%,6861,28Feb2018,12,0
15-02-2018,19560.0,19790.0,19830.0,19500.0,2555,-0.86%,7373,28Feb2018,13,0
14-02-2018,19730.0,19860.0,19900.0,19670.0,2494,-0.90%,7768,28Feb2018,14,0
13-02-2018,19910.0,19950.0,19970.0,19880.0,505,-0.25%,8143,28Feb2018,15,0
12-02-2018,19960.0,20160.0,20160.0,19910.0,2079,-0.30%,8251,28Feb2018,16,0
09-02-2018,20020.0,20160.0,20300.0,20000.0,3344,-0.79%,8405,28Feb2018,19,0
08-02-2018,20180.0,19940.0,20260.0,19880.0,3210,1.00%,8489,28Feb2018,20,0
07-02-2018,19980.0,19820.0,20000.0,19810.0,1940,1.01%,8787,28Feb2018,21,0
06-02-2018,19780.0,19920.0,19950.0,19750.0,2714,-1.30%,8888,28Feb2018,22,0
05-02-2018,20040.0,20150.0,20160.0,19930.0,2062,-0.60%,9218,28Feb2018,23,0
02-02-2018,20160.0,20340.0,20450.0,20120.0,3869,-0.69%,9271,28Feb2018,26,0
01-02-2018,20300.0,20110.0,20370.0,20020.0,3520,4.86%,9366,28Feb2018,27,1
31-01-2018,19360.0,19820.0,19870.0,19490.0,515,-2.32%,1108,31Jan2018,0,0
30-01-2018,19820.0,19850.0,20080.0,19780.0,1071,-0.40%,1144,31Jan2018,1,0
29-01-2018,19900.0,20240.0,20240.0,19860.0,1761,-2.36%,1243,31Jan2018,2,0
25-01-2018,20380.0,20320.0,20480.0,20320.0,2815,0.34%,1592,31Jan2018,6,0
24-01-2018,20310.0,20600.0,20620.0,20260.0,3495,-1.46%,2550,31Jan2018,7,0
23-01-2018,20610.0,20870.0,20880.0,20570.0,1694,-0.96%,3994,31Jan2018,8,0
22-01-2018,20810.0,20980.0,21020.0,20790.0,2176,-0.67%,4203,31Jan2018,9,0
19-01-2018,20950.0,20750.0,20990.0,20730.0,2745,0.67%,4606,31Jan2018,12,0
18-01-2018,20810.0,20830.0,21040.0,20770.0,3721,0.63%,5018,31Jan2018,13,0
17-01-2018,20680.0,20640.0,20770.0,20600.0,1698,-0.05%,5542,31Jan2018,14,0
16-01-2018,20690.0,20580.0,20800.0,20480.0,3379,0.39%,5957,31Jan2018,15,0
15-01-2018,20610.0,20680.0,20700.0,20570.0,1693,-0.53%,6513,31Jan2018,16,0
12-01-2018,20720.0,20850.0,21170.0,20550.0,7236,-0.10%,7077,31Jan2018,19,0
11-01-2018,20740.0,20360.0,20820.0,20310.0,5745,2.12%,7470,31Jan2018,20,0
10-01-2018,20310.0,20160.0,20330.0,20140.0,2453,0.94%,8120,31Jan2018,21,0
09-01-2018,20120.0,20180.0,20250.0,20030.0,2341,-0.20%,8158,31Jan2018,22,0
08-01-2018,20160.0,20210.0,20330.0,20120.0,2644,-0.40%,8397,31Jan2018,23,0
05-01-2018,20240.0,20320.0,20480.0,20200.0,3339,-0.20%,8476,31Jan2018,26,0
04-01-2018,20280.0,20240.0,20500.0,20150.0,2543,0.75%,8548,31Jan2018,27,0
03-01-2018,20130.0,20020.0,20150.0,19950.0,2828,0.20%,8806,31Jan2018,28,0
02-01-2018,20090.0,20140.0,20290.0,20020.0,3286,-0.40%,8852,31Jan2018,29,0
01-01-2018,20170.0,20240.0,20240.0,20080.0,1537,2.33%,8841,31Jan2018,30,1
29-12-2017,19710.0,20100.0,20430.0,20040.0,293,-2.14%,1240,29Dec2017,0,0
28-12-2017,20140.0,20310.0,20350.0,20130.0,842,-0.30%,1326,29Dec2017,1,0
27-12-2017,20200.0,20130.0,20300.0,19870.0,1192,0.70%,1564,29Dec2017,2,0
26-12-2017,20060.0,20030.0,20190.0,19990.0,1542,0.85%,1821,29Dec2017,3,0
22-12-2017,19890.0,20010.0,20100.0,19850.0,2304,-0.10%,2346,29Dec2017,7,0
21-12-2017,19910.0,19600.0,19950.0,19570.0,2814,1.58%,2937,29Dec2017,8,0
20-12-2017,19600.0,19480.0,19610.0,19440.0,1534,0.10%,3167,29Dec2017,9,0
19-12-2017,19580.0,19500.0,19610.0,19360.0,2133,0.26%,3348,29Dec2017,10,0
18-12-2017,19530.0,19700.0,19780.0,19490.0,2758,-1.06%,3478,29Dec2017,11,0
15-12-2017,19740.0,19490.0,19780.0,19460.0,2535,1.54%,3874,29Dec2017,14,0
14-12-2017,19440.0,19360.0,19500.0,19360.0,1637,0.47%,4104,29Dec2017,15,0
13-12-2017,19350.0,19270.0,19470.0,19200.0,1809,0.16%,4264,29Dec2017,16,0
12-12-2017,19320.0,19160.0,19350.0,19070.0,1683,0.73%,4335,29Dec2017,17,0
11-12-2017,19180.0,19160.0,19340.0,19130.0,1608,-0.16%,4573,29Dec2017,18,0
08-12-2017,19210.0,18900.0,19270.0,18900.0,2386,2.02%,4691,29Dec2017,21,0
07-12-2017,18830.0,18920.0,18930.0,18800.0,1361,-0.37%,4703,29Dec2017,22,0
06-12-2017,18900.0,18930.0,18940.0,18770.0,1537,-0.11%,4957,29Dec2017,23,0
05-12-2017,18920.0,18920.0,19000.0,18850.0,1609,-0.26%,5213,29Dec2017,24,0
04-12-2017,18970.0,18910.0,19190.0,18910.0,3710,0.64%,5420,29Dec2017,25,0
01-12-2017,18850.0,18740.0,18860.0,18680.0,1231,3.51%,5612,29Dec2017,28,1
30-11-2017,18210.0,18410.0,18510.0,18410.0,629,-0.71%,456,30Nov2017,0,0
29-11-2017,18340.0,18210.0,18350.0,18210.0,416,0.44%,520,30Nov2017,1,0
28-11-2017,18260.0,18340.0,18340.0,18190.0,635,-0.76%,706,30Nov2017,2,0
27-11-2017,18400.0,18450.0,18460.0,18300.0,789,-0.43%,988,30Nov2017,3,0
24-11-2017,18480.0,18560.0,18590.0,18390.0,1223,-0.22%,1448,30Nov2017,6,0
23-11-2017,18520.0,18540.0,18660.0,18480.0,783,0.05%,1970,30Nov2017,7,0
22-11-2017,18510.0,18540.0,18570.0,18460.0,638,-0.38%,2169,30Nov2017,8,0
21-11-2017,18580.0,18390.0,18620.0,18390.0,1186,1.31%,2370,30Nov2017,9,0
20-11-2017,18340.0,18430.0,18470.0,18300.0,862,-0.49%,2543,30Nov2017,10,0
17-11-2017,18430.0,18360.0,18440.0,18330.0,608,0.33%,2698,30Nov2017,13,0
16-11-2017,18370.0,18340.0,18420.0,18310.0,713,0.38%,2860,30Nov2017,14,0
15-11-2017,18300.0,18300.0,18380.0,18260.0,347,-0.11%,2905,30Nov2017,15,0
14-11-2017,18320.0,18350.0,18450.0,18300.0,918,-0.33%,2939,30Nov2017,16,0
13-11-2017,18380.0,18270.0,18400.0,18220.0,990,0.82%,2959,30Nov2017,17,0
10-11-2017,18230.0,18260.0,18350.0,18210.0,713,-0.38%,2942,30Nov2017,20,0
09-11-2017,18300.0,18250.0,18310.0,18180.0,987,0.22%,2986,30Nov2017,21,0
08-11-2017,18260.0,18230.0,18310.0,18180.0,906,-0.05%,3140,30Nov2017,22,0
07-11-2017,18270.0,18300.0,18370.0,18240.0,766,0.11%,3239,30Nov2017,23,0
06-11-2017,18250.0,18280.0,18420.0,18200.0,887,-0.33%,3378,30Nov2017,24,0
03-11-2017,18310.0,18260.0,18440.0,18240.0,1056,0.33%,3538,30Nov2017,27,0
02-11-2017,18250.0,18250.0,18280.0,18210.0,451,-0.11%,3551,30Nov2017,28,0
01-11-2017,18270.0,18180.0,18300.0,18180.0,485,-0.92%,3601,30Nov2017,29,1
31-10-2017,18440.0,18990.0,19090.0,18860.0,202,-3.15%,135,31Oct2017,0,0
30-10-2017,19040.0,19150.0,19150.0,18850.0,302,-0.26%,238,31Oct2017,1,0
27-10-2017,19090.0,18920.0,19100.0,18920.0,434,0.85%,341,31Oct2017,4,0
26-10-2017,18930.0,18960.0,19080.0,18910.0,262,-0.26%,560,31Oct2017,5,0
25-10-2017,18980.0,18960.0,19020.0,18900.0,472,0.11%,734,31Oct2017,6,0
24-10-2017,18960.0,19200.0,19220.0,18940.0,568,-1.15%,945,31Oct2017,7,0
23-10-2017,19180.0,18720.0,19230.0,18720.0,850,2.73%,1199,31Oct2017,8,0
20-10-2017,18670.0,18670.0,18790.0,18660.0,49,0.11%,1405,31Oct2017,11,0
19-10-2017,18650.0,18710.0,18710.0,18640.0,217,-0.37%,1424,31Oct2017,12,0
18-10-2017,18720.0,18710.0,18800.0,18690.0,163,-0.11%,1497,31Oct2017,13,0
17-10-2017,18740.0,18700.0,18780.0,18600.0,588,0.32%,1500,31Oct2017,14,0
16-10-2017,18680.0,19000.0,19000.0,18660.0,883,-1.53%,1607,31Oct2017,15,0
13-10-2017,18970.0,19000.0,19020.0,18860.0,631,-0.32%,1872,31Oct2017,18,0
12-10-2017,19030.0,19480.0,19600.0,19000.0,1051,-1.25%,2058,31Oct2017,19,0
11-10-2017,19270.0,19190.0,19350.0,19100.0,941,0.10%,2224,31Oct2017,20,0
10-10-2017,19250.0,18880.0,19300.0,18820.0,1505,2.18%,2331,31Oct2017,21,0
09-10-2017,18840.0,18680.0,18900.0,18680.0,936,0.91%,2629,31Oct2017,22,0
06-10-2017,18670.0,18630.0,18690.0,18580.0,592,0.32%,2741,31Oct2017,25,0
05-10-2017,18610.0,18600.0,18760.0,18560.0,1125,0.54%,2790,31Oct2017,26,0
04-10-2017,18510.0,18520.0,18610.0,18470.0,676,-0.11%,2924,31Oct2017,27,0
03-10-2017,18530.0,18450.0,18560.0,18380.0,692,0.00%,2956,31Oct2017,28,0
29-09-2017,18530.0,18520.0,18600.0,18470.0,569,-0.05%,3081,31Oct2017,32,0
28-09-2017,18540.0,18580.0,18640.0,18520.0,581,-0.22%,3147,31Oct2017,33,0
27-09-2017,18580.0,18500.0,18600.0,18460.0,781,0.27%,3142,31Oct2017,34,0
26-09-2017,18530.0,18490.0,18630.0,18370.0,1006,0.32%,3030,31Oct2017,35,0
25-09-2017,18470.0,18400.0,18550.0,18240.0,1218,0.00%,2922,31Oct2017,36,0
22-09-2017,18470.0,18340.0,18490.0,18320.0,601,0.71%,2904,31Oct2017,39,0
21-09-2017,18340.0,18240.0,18430.0,18240.0,982,-0.49%,2965,31Oct2017,40,0
20-09-2017,18430.0,18530.0,18530.0,18410.0,466,-0.27%,2864,31Oct2017,41,0
19-09-2017,18480.0,18540.0,18650.0,18410.0,556,-0.32%,2844,31Oct2017,42,0
18-09-2017,18540.0,18650.0,18690.0,18400.0,777,-0.38%,2798,31Oct2017,43,0
15-09-2017,18610.0,18350.0,18630.0,18350.0,1342,0.98%,2862,31Oct2017,46,0
14-09-2017,18430.0,18380.0,18500.0,18380.0,769,0.44%,2871,31Oct2017,47,0
13-09-2017,18350.0,18400.0,18430.0,18310.0,1219,-1.50%,2947,31Oct2017,48,0
12-09-2017,18630.0,18770.0,18790.0,18550.0,918,-1.06%,2794,31Oct2017,49,0
11-09-2017,18830.0,19150.0,19150.0,18760.0,1561,-2.18%,2580,31Oct2017,50,0
08-09-2017,19250.0,19110.0,19320.0,19070.0,938,1.05%,2601,31Oct2017,53,0
07-09-2017,19050.0,19320.0,19330.0,19010.0,1089,-1.85%,2563,31Oct2017,54,0
06-09-2017,19410.0,19310.0,19460.0,19220.0,1874,0.78%,2653,31Oct2017,55,0
05-09-2017,19260.0,18910.0,19380.0,18880.0,1599,2.23%,2730,31Oct2017,56,0
04-09-2017,18840.0,18750.0,18920.0,18750.0,627,0.43%,2516,31Oct2017,57,0
01-09-2017,18760.0,18650.0,18790.0,18580.0,813,0.59%,2302,31Oct2017,60,0
31-08-2017,18650.0,18700.0,18700.0,18510.0,931,-0.37%,2249,31Oct2017,61,0
30-08-2017,18720.0,18720.0,18740.0,18590.0,800,0.05%,2265,31Oct2017,62,0
29-08-2017,18710.0,18690.0,18780.0,18570.0,738,0.43%,2267,31Oct2017,63,0
28-08-2017,18630.0,18600.0,18660.0,18310.0,1056,0.27%,2251,31Oct2017,64,0
25-08-2017,18580.0,18560.0,18690.0,18540.0,359,0.05%,2262,31Oct2017,67,0
24-08-2017,18570.0,18540.0,18590.0,18450.0,724,0.49%,2234,31Oct2017,68,0
23-08-2017,18480.0,18400.0,18570.0,18400.0,1149,0.71%,2259,31Oct2017,69,0
22-08-2017,18350.0,18180.0,18400.0,18180.0,834,0.94%,2211,31Oct2017,70,0
21-08-2017,18180.0,18300.0,18350.0,18040.0,824,-0.44%,2190,31Oct2017,71,0
18-08-2017,18260.0,18380.0,18470.0,18220.0,697,-0.49%,2182,31Oct2017,74,0
17-08-2017,18350.0,18390.0,18420.0,18280.0,603,0.05%,2189,31Oct2017,75,0
16-08-2017,18340.0,18360.0,18480.0,18200.0,856,-0.22%,2182,31Oct2017,76,0
14-08-2017,18380.0,18650.0,18670.0,18350.0,765,-1.13%,2160,31Oct2017,78,0
11-08-2017,18590.0,18580.0,18650.0,18500.0,808,-0.80%,2064,31Oct2017,81,0
10-08-2017,18740.0,19000.0,19140.0,18610.0,1654,-1.32%,2063,31Oct2017,82,0
09-08-2017,18990.0,18850.0,19050.0,18830.0,1308,0.64%,2214,31Oct2017,83,0
08-08-2017,18870.0,18740.0,18890.0,18710.0,646,0.48%,2293,31Oct2017,84,0
07-08-2017,18780.0,18570.0,18840.0,18560.0,625,1.13%,2236,31Oct2017,85,0
04-08-2017,18570.0,18510.0,18600.0,18480.0,534,0.43%,2241,31Oct2017,88,0
03-08-2017,18490.0,18540.0,18640.0,18460.0,586,-0.22%,2246,31Oct2017,89,0
02-08-2017,18530.0,18410.0,18570.0,18390.0,860,0.87%,2207,31Oct2017,90,0
01-08-2017,18370.0,18500.0,18500.0,18350.0,732,-9.91%,2188,31Oct2017,91,1
31-07-2017,20390.0,20880.0,20920.0,20810.0,1013,-2.07%,942,31Jul2017,0,0
28-07-2017,20820.0,20760.0,20900.0,20650.0,725,-0.10%,1800,31Jul2017,3,0
27-07-2017,20840.0,20670.0,20850.0,20660.0,707,0.97%,2057,31Jul2017,4,0
26-07-2017,20640.0,20590.0,20810.0,20580.0,1678,0.19%,2278,31Jul2017,5,0
25-07-2017,20600.0,20500.0,20640.0,20480.0,1520,0.68%,2957,31Jul2017,6,0
24-07-2017,20460.0,20210.0,20520.0,20210.0,1052,0.89%,3580,31Jul2017,7,0
21-07-2017,20280.0,20340.0,20450.0,20210.0,1826,-0.15%,3897,31Jul2017,10,0
20-07-2017,20310.0,20180.0,20340.0,20180.0,923,0.69%,4365,31Jul2017,11,0
19-07-2017,20170.0,20130.0,20240.0,20100.0,934,0.30%,4407,31Jul2017,12,0
18-07-2017,20110.0,20190.0,20360.0,20090.0,1383,-0.30%,4413,31Jul2017,13,0
17-07-2017,20170.0,19960.0,20210.0,19900.0,976,0.90%,4507,31Jul2017,14,0
14-07-2017,19990.0,20040.0,20230.0,19860.0,1492,-0.10%,4552,31Jul2017,17,0
13-07-2017,20010.0,20390.0,20450.0,19940.0,1690,-1.72%,4617,31Jul2017,18,0
12-07-2017,20360.0,20410.0,20520.0,20330.0,1046,-0.20%,4808,31Jul2017,19,0
11-07-2017,20400.0,20500.0,20550.0,20270.0,1434,-0.78%,5006,31Jul2017,20,0
10-07-2017,20560.0,20630.0,20750.0,20510.0,1051,-0.05%,5293,31Jul2017,21,0
07-07-2017,20570.0,20530.0,20850.0,20400.0,2054,0.64%,5398,31Jul2017,24,0
06-07-2017,20440.0,19940.0,20490.0,19940.0,2095,2.66%,5774,31Jul2017,25,0
05-07-2017,19910.0,19900.0,19990.0,19860.0,827,-0.20%,5754,31Jul2017,26,0
04-07-2017,19950.0,20050.0,20050.0,19850.0,1523,-0.50%,5836,31Jul2017,27,0
03-07-2017,20050.0,20070.0,20130.0,19980.0,1226,-0.89%,6066,31Jul2017,28,1
30-06-2017,20230.0,19900.0,20000.0,19720.0,73,1.66%,564,30Jun2017,0,0
29-06-2017,19900.0,20070.0,20070.0,19710.0,341,-0.40%,603,30Jun2017,1,0
28-06-2017,19980.0,19660.0,20010.0,19640.0,543,1.52%,659,30Jun2017,2,0
27-06-2017,19680.0,19530.0,19700.0,19500.0,888,0.82%,888,30Jun2017,3,0
26-06-2017,19520.0,19480.0,19640.0,19470.0,139,-0.61%,1371,30Jun2017,4,0
23-06-2017,19640.0,19690.0,19690.0,19570.0,1112,-0.41%,1415,30Jun2017,7,0
22-06-2017,19720.0,19940.0,19970.0,19700.0,1277,-1.25%,1936,30Jun2017,8,0
21-06-2017,19970.0,19950.0,20050.0,19930.0,642,0.15%,2292,30Jun2017,9,0
20-06-2017,19940.0,20040.0,20070.0,19900.0,1409,-0.70%,2575,30Jun2017,10,0
19-06-2017,20080.0,20370.0,20400.0,20030.0,1251,-0.50%,3172,30Jun2017,11,0
16-06-2017,20180.0,19870.0,20340.0,19820.0,2845,1.56%,3544,30Jun2017,14,0
15-06-2017,19870.0,20190.0,20190.0,19820.0,2086,-1.68%,3716,30Jun2017,15,0
14-06-2017,20210.0,20280.0,20380.0,20170.0,1871,-0.35%,4058,30Jun2017,16,0
13-06-2017,20280.0,20520.0,20550.0,20230.0,2291,-1.27%,4229,30Jun2017,17,0
12-06-2017,20540.0,20720.0,20800.0,20530.0,1975,-0.96%,4528,30Jun2017,18,0
09-06-2017,20740.0,20700.0,20880.0,20700.0,1445,0.44%,4749,30Jun2017,21,0
08-06-2017,20650.0,20680.0,20800.0,20630.0,1030,0.10%,4814,30Jun2017,22,0
07-06-2017,20630.0,20680.0,20770.0,20610.0,1193,-0.15%,4839,30Jun2017,23,0
06-06-2017,20660.0,20710.0,20900.0,20580.0,2056,-0.39%,4955,30Jun2017,24,0
05-06-2017,20740.0,20910.0,20910.0,20690.0,1666,-0.91%,5173,30Jun2017,25,0
02-06-2017,20930.0,21120.0,21160.0,20910.0,2285,-0.48%,5309,30Jun2017,28,0
01-06-2017,21030.0,20990.0,21190.0,20980.0,1473,2.59%,5449,30Jun2017,29,1
31-05-2017,20500.0,20890.0,21100.0,20750.0,171,-2.15%,196,31May2017,0,0
30-05-2017,20950.0,20940.0,20980.0,20860.0,391,0.29%,299,31May2017,1,0
29-05-2017,20890.0,20800.0,21040.0,20800.0,431,0.63%,553,31May2017,2,0
26-05-2017,20760.0,20730.0,20870.0,20730.0,1220,0.00%,722,31May2017,5,0
25-05-2017,20760.0,20690.0,20820.0,20670.0,1856,0.29%,1106,31May2017,6,0
24-05-2017,20700.0,20670.0,20840.0,20640.0,1338,0.00%,2083,31May2017,7,0
23-05-2017,20700.0,20740.0,20770.0,20640.0,1456,-0.29%,2498,31May2017,8,0
22-05-2017,20760.0,20910.0,21030.0,20740.0,1682,-0.86%,3040,31May2017,9,0
19-05-2017,20940.0,21100.0,21160.0,20900.0,1870,-0.76%,3401,31May2017,12,0
18-05-2017,21100.0,21200.0,21240.0,21060.0,1756,-0.71%,3709,31May2017,13,0
17-05-2017,21250.0,21080.0,21310.0,21050.0,1968,0.57%,3954,31May2017,14,0
16-05-2017,21130.0,21150.0,21260.0,21100.0,2500,-0.38%,4186,31May2017,15,0
15-05-2017,21210.0,21100.0,21500.0,21080.0,4955,0.81%,4276,31May2017,16,0
12-05-2017,21040.0,20770.0,21170.0,20770.0,5197,1.69%,4741,31May2017,19,0
11-05-2017,20690.0,20600.0,20750.0,20550.0,2854,-0.05%,5513,31May2017,20,0
10-05-2017,20700.0,20700.0,20740.0,20600.0,1435,0.15%,5871,31May2017,21,0
09-05-2017,20670.0,20550.0,20720.0,20550.0,1783,0.54%,6052,31May2017,22,0
08-05-2017,20560.0,20560.0,20650.0,20480.0,1928,-0.72%,6383,31May2017,23,0
05-05-2017,20710.0,20690.0,20800.0,20580.0,2017,0.00%,6678,31May2017,26,0
04-05-2017,20710.0,20610.0,20730.0,20490.0,2039,0.39%,6963,31May2017,27,0
03-05-2017,20630.0,20620.0,20740.0,20490.0,2427,0.49%,7150,31May2017,28,0
02-05-2017,20530.0,20780.0,20780.0,20490.0,2485,-0.92%,7370,31May2017,29,0
01-05-2017,20720.0,20900.0,20900.0,20670.0,1149,0.58%,7681,31May2017,30,1
28-04-2017,20600.0,20560.0,21190.0,20430.0,178,-0.10%,228,28Apr2017,0,0
27-04-2017,20620.0,20790.0,20810.0,20550.0,463,-1.15%,273,28Apr2017,1,0
26-04-2017,20860.0,20900.0,20910.0,20760.0,742,0.14%,389,28Apr2017,2,0
25-04-2017,20830.0,20830.0,20860.0,20680.0,1718,-0.24%,725,28Apr2017,3,0
24-04-2017,20880.0,21140.0,21170.0,20830.0,1645,-1.09%,1488,28Apr2017,4,0
21-04-2017,21110.0,21380.0,21390.0,21030.0,1943,-0.75%,2248,28Apr2017,7,0
20-04-2017,21270.0,20980.0,21300.0,20980.0,2625,1.53%,2757,28Apr2017,8,0
19-04-2017,20950.0,20720.0,20980.0,20710.0,2803,1.01%,3565,28Apr2017,9,0
18-04-2017,20740.0,20800.0,20850.0,20630.0,2032,0.39%,4635,28Apr2017,10,0
17-04-2017,20660.0,20740.0,20740.0,20540.0,2315,-0.34%,5386,28Apr2017,11,0
13-04-2017,20730.0,20670.0,20870.0,20570.0,2518,0.05%,5821,28Apr2017,15,0
12-04-2017,20720.0,20810.0,20820.0,20660.0,1682,-0.48%,6077,28Apr2017,16,0
11-04-2017,20820.0,20830.0,21000.0,20780.0,2385,0.24%,6390,28Apr2017,17,0
10-04-2017,20770.0,20700.0,20830.0,20650.0,1647,0.58%,6946,28Apr2017,18,0
07-04-2017,20650.0,20900.0,20900.0,20630.0,3618,-1.20%,7262,28Apr2017,21,0
06-04-2017,20900.0,21020.0,21100.0,20880.0,3254,-0.67%,7382,28Apr2017,22,0
05-04-2017,21040.0,21000.0,21130.0,20940.0,1964,0.38%,7525,28Apr2017,23,0
04-04-2017,20960.0,21110.0,21180.0,20930.0,2050,-1.13%,7457,28Apr2017,24,0
03-04-2017,21200.0,21240.0,21480.0,21160.0,3957,1.44%,7619,28Apr2017,25,1
31-03-2017,20900.0,20800.0,20920.0,20290.0,178,0.38%,908,31Mar2017,0,0
30-03-2017,20820.0,20800.0,20850.0,20630.0,505,-0.34%,941,31Mar2017,1,0
29-03-2017,20890.0,21050.0,21060.0,20850.0,554,-0.81%,1043,31Mar2017,2,0
28-03-2017,21060.0,21040.0,21120.0,20940.0,1270,0.14%,1167,31Mar2017,3,0
27-03-2017,21030.0,20840.0,21310.0,20840.0,1464,-1.36%,1216,31Mar2017,4,0
24-03-2017,21320.0,21320.0,21380.0,21240.0,1720,-0.14%,1523,31Mar2017,7,0
23-03-2017,21350.0,21420.0,21580.0,21310.0,1880,-0.47%,2260,31Mar2017,8,0
22-03-2017,21450.0,21170.0,21480.0,21160.0,2259,1.37%,2690,31Mar2017,9,0
21-03-2017,21160.0,21340.0,21420.0,21140.0,2103,-1.81%,3348,31Mar2017,10,0
20-03-2017,21550.0,21520.0,21610.0,21450.0,2259,0.61%,3974,31Mar2017,11,0
17-03-2017,21420.0,21330.0,21480.0,21280.0,1735,0.28%,4726,31Mar2017,14,0
16-03-2017,21360.0,21290.0,21470.0,21270.0,2334,0.23%,4972,31Mar2017,15,0
15-03-2017,21310.0,21110.0,21340.0,20980.0,3016,1.19%,5176,31Mar2017,16,0
14-03-2017,21060.0,21150.0,21230.0,20950.0,2812,-0.61%,5568,31Mar2017,17,0
13-03-2017,21190.0,21140.0,21230.0,21100.0,606,-0.33%,6188,31Mar2017,18,0
10-03-2017,21260.0,21240.0,21320.0,21060.0,3907,-0.33%,6193,31Mar2017,21,0
09-03-2017,21330.0,21540.0,21620.0,21290.0,3974,-1.02%,6771,31Mar2017,22,0
08-03-2017,21550.0,21370.0,21580.0,21360.0,3623,0.42%,7644,31Mar2017,23,0
07-03-2017,21460.0,21490.0,21650.0,21440.0,4366,-0.28%,7767,31Mar2017,24,0
06-03-2017,21520.0,21340.0,21580.0,21310.0,4476,1.65%,8159,31Mar2017,25,0
03-03-2017,21170.0,21100.0,21270.0,21020.0,3205,-0.47%,8861,31Mar2017,28,0
02-03-2017,21270.0,21000.0,21400.0,20980.0,5247,1.82%,8875,31Mar2017,29,0
01-03-2017,20890.0,21010.0,21030.0,20860.0,2063,0.97%,9070,31Mar2017,30,1
28-02-2017,20690.0,21050.0,21150.0,20970.0,795,-1.90%,703,28Feb2017,0,0
27-02-2017,21090.0,21300.0,21320.0,21040.0,1085,-0.99%,1315,28Feb2017,1,0
24-02-2017,21300.0,21200.0,21380.0,21150.0,304,1.43%,1942,28Feb2017,4,0
23-02-2017,21000.0,20730.0,21030.0,20680.0,2183,1.30%,2120,28Feb2017,5,0
22-02-2017,20730.0,20670.0,20770.0,20660.0,1637,0.58%,2920,28Feb2017,6,0
21-02-2017,20610.0,20600.0,20680.0,20580.0,1367,0.44%,3454,28Feb2017,7,0
20-02-2017,20520.0,20430.0,20540.0,20370.0,2165,0.29%,3966,28Feb2017,8,0
17-02-2017,20460.0,20700.0,20700.0,20420.0,3831,-1.35%,4730,28Feb2017,11,0
16-02-2017,20740.0,20750.0,20810.0,20710.0,1379,-0.10%,5662,28Feb2017,12,0
15-02-2017,20760.0,20750.0,20860.0,20730.0,1469,0.00%,5818,28Feb2017,13,0
14-02-2017,20760.0,20720.0,20870.0,20690.0,3579,-0.10%,5933,28Feb2017,14,0
13-02-2017,20780.0,20890.0,20890.0,20660.0,3595,0.05%,6788,28Feb2017,15,0
10-02-2017,20770.0,20690.0,20820.0,20660.0,2159,0.78%,7336,28Feb2017,18,0
09-02-2017,20610.0,20640.0,20680.0,20600.0,1307,0.05%,7462,28Feb2017,19,0
08-02-2017,20600.0,20570.0,20700.0,20520.0,1777,-0.15%,7439,28Feb2017,20,0
07-02-2017,20630.0,20560.0,20650.0,20520.0,1644,0.15%,7333,28Feb2017,21,0
06-02-2017,20600.0,20700.0,20740.0,20550.0,2387,-0.91%,7520,28Feb2017,22,0
03-02-2017,20790.0,20780.0,20880.0,20660.0,2177,0.05%,7668,28Feb2017,25,0
02-02-2017,20780.0,20640.0,20900.0,20630.0,4480,1.02%,7840,28Feb2017,26,0
01-02-2017,20570.0,20440.0,20590.0,20430.0,2581,1.38%,8277,28Feb2017,27,1
31-01-2017,20290.0,20090.0,20160.0,20020.0,570,0.69%,164,31Jan2017,0,0
30-01-2017,20150.0,20520.0,20530.0,20130.0,648,-1.80%,346,31Jan2017,1,0
27-01-2017,20520.0,20440.0,20540.0,20340.0,609,0.34%,755,31Jan2017,4,0
25-01-2017,20450.0,20340.0,20530.0,20110.0,1398,0.89%,1041,31Jan2017,6,0
24-01-2017,20270.0,20650.0,20740.0,20090.0,2380,-1.46%,1724,31Jan2017,7,0
23-01-2017,20570.0,20310.0,20590.0,20240.0,2629,1.83%,2453,31Jan2017,8,0
20-01-2017,20200.0,20180.0,20230.0,20070.0,2120,0.20%,3078,31Jan2017,11,0
19-01-2017,20160.0,20110.0,20250.0,20070.0,1882,0.70%,3655,31Jan2017,12,0
18-01-2017,20020.0,19930.0,20130.0,19920.0,2191,0.35%,3932,31Jan2017,13,0
17-01-2017,19950.0,19820.0,20060.0,19820.0,1992,0.86%,4074,31Jan2017,14,0
16-01-2017,19780.0,19960.0,20030.0,19760.0,2247,-1.05%,4306,31Jan2017,15,0
13-01-2017,19990.0,20250.0,20270.0,19940.0,3651,-1.96%,4539,31Jan2017,18,0
12-01-2017,20390.0,20380.0,20500.0,20310.0,2458,-0.10%,4914,31Jan2017,19,0
11-01-2017,20410.0,20180.0,20470.0,20180.0,3416,1.04%,4994,31Jan2017,20,0
10-01-2017,20200.0,20120.0,20290.0,20040.0,3187,-0.05%,5295,31Jan2017,21,0
09-01-2017,20210.0,19930.0,20240.0,19930.0,2668,1.30%,5561,31Jan2017,22,0
06-01-2017,19950.0,20000.0,20050.0,19880.0,2467,-0.40%,5869,31Jan2017,25,0
05-01-2017,20030.0,19910.0,20240.0,19840.0,4940,1.06%,5851,31Jan2017,26,0
04-01-2017,19820.0,19680.0,19860.0,19460.0,3417,0.56%,6375,31Jan2017,27,0
03-01-2017,19710.0,19540.0,19790.0,19540.0,2688,0.82%,6571,31Jan2017,28,0
02-01-2017,19550.0,19350.0,19570.0,19350.0,1667,,6795,31Jan2017,29,0
